land,name_en,east,elec_no,year,date,prelim,party,family,far_right,label_raw,pct,seats,turnout,total_seats
bb,Brandenburg,1,1,1990,1990-10-14,FALSE,spd,SPD,FALSE,SPD,38.2,36,67.1,88
bb,Brandenburg,1,1,1990,1990-10-14,FALSE,cdu,CDU/CSU,FALSE,CDU,29.4,27,67.1,88
bb,Brandenburg,1,1,1990,1990-10-14,FALSE,lin,Left,FALSE,DIE LINKE¹,13.4,13,67.1,88
bb,Brandenburg,1,1,1990,1990-10-14,FALSE,gru,Greens,FALSE,B’90/GRÜNE,9.3,6,67.1,88
bb,Brandenburg,1,1,1990,1990-10-14,FALSE,fdp,FDP,FALSE,FDP,6.6,6,67.1,88
bb,Brandenburg,1,1,1990,1990-10-14,FALSE,oth,Other,FALSE,Sonstige,1.9,NA,67.1,88
bb,Brandenburg,1,1,1990,1990-10-14,FALSE,rep,Far right (pre-AfD),TRUE,REP,1.1,NA,67.1,88
bb,Brandenburg,1,1,1990,1990-10-14,FALSE,dvu,Far right (pre-AfD),TRUE,DVU,NA,NA,67.1,88
bb,Brandenburg,1,1,1990,1990-10-14,FALSE,fw,Other (named),FALSE,BVB / FREIE WÄHLER³,NA,NA,67.1,88
bb,Brandenburg,1,1,1990,1990-10-14,FALSE,afd,AfD,TRUE,AfD,NA,NA,67.1,88
bb,Brandenburg,1,1,1990,1990-10-14,FALSE,bsw,BSW,FALSE,BSW,NA,NA,67.1,88
bb,Brandenburg,1,1,1990,1990-10-14,FALSE,npd,Far right (pre-AfD),TRUE,NPD,NA,NA,67.1,88
bb,Brandenburg,1,1,1990,1990-10-14,FALSE,familie,Other (named),FALSE,Familie,NA,NA,67.1,88
bb,Brandenburg,1,1,1990,1990-10-14,FALSE,pir,Other (named),FALSE,PIRATEN,NA,NA,67.1,88
bb,Brandenburg,1,1,1990,1990-10-14,FALSE,tierschutzpartei,Other (named),FALSE,Tierschutzpartei,NA,NA,67.1,88
bb,Brandenburg,1,2,1994,1994-09-11,FALSE,spd,SPD,FALSE,SPD,54.1,52,56.3,88
bb,Brandenburg,1,2,1994,1994-09-11,FALSE,cdu,CDU/CSU,FALSE,CDU,18.7,18,56.3,88
bb,Brandenburg,1,2,1994,1994-09-11,FALSE,lin,Left,FALSE,DIE LINKE¹,18.7,18,56.3,88
bb,Brandenburg,1,2,1994,1994-09-11,FALSE,gru,Greens,FALSE,B’90/GRÜNE,2.9,NA,56.3,88
bb,Brandenburg,1,2,1994,1994-09-11,FALSE,fdp,FDP,FALSE,FDP,2.2,NA,56.3,88
bb,Brandenburg,1,2,1994,1994-09-11,FALSE,oth,Other,FALSE,Sonstige,2.2,NA,56.3,88
bb,Brandenburg,1,2,1994,1994-09-11,FALSE,rep,Far right (pre-AfD),TRUE,REP,1.1,NA,56.3,88
bb,Brandenburg,1,2,1994,1994-09-11,FALSE,dvu,Far right (pre-AfD),TRUE,DVU,NA,NA,56.3,88
bb,Brandenburg,1,2,1994,1994-09-11,FALSE,fw,Other (named),FALSE,BVB / FREIE WÄHLER³,NA,NA,56.3,88
bb,Brandenburg,1,2,1994,1994-09-11,FALSE,afd,AfD,TRUE,AfD,NA,NA,56.3,88
bb,Brandenburg,1,2,1994,1994-09-11,FALSE,bsw,BSW,FALSE,BSW,NA,NA,56.3,88
bb,Brandenburg,1,2,1994,1994-09-11,FALSE,npd,Far right (pre-AfD),TRUE,NPD,NA,NA,56.3,88
bb,Brandenburg,1,2,1994,1994-09-11,FALSE,familie,Other (named),FALSE,Familie,NA,NA,56.3,88
bb,Brandenburg,1,2,1994,1994-09-11,FALSE,pir,Other (named),FALSE,PIRATEN,NA,NA,56.3,88
bb,Brandenburg,1,2,1994,1994-09-11,FALSE,tierschutzpartei,Other (named),FALSE,Tierschutzpartei,NA,NA,56.3,88
bb,Brandenburg,1,3,1999,1999-09-05,FALSE,spd,SPD,FALSE,SPD,39.3,37,54.3,89
bb,Brandenburg,1,3,1999,1999-09-05,FALSE,cdu,CDU/CSU,FALSE,CDU,26.6,25,54.3,89
bb,Brandenburg,1,3,1999,1999-09-05,FALSE,lin,Left,FALSE,DIE LINKE¹,23.3,22,54.3,89
bb,Brandenburg,1,3,1999,1999-09-05,FALSE,dvu,Far right (pre-AfD),TRUE,DVU,5.3,5,54.3,89
bb,Brandenburg,1,3,1999,1999-09-05,FALSE,gru,Greens,FALSE,B’90/GRÜNE,1.9,NA,54.3,89
bb,Brandenburg,1,3,1999,1999-09-05,FALSE,fdp,FDP,FALSE,FDP,1.9,NA,54.3,89
bb,Brandenburg,1,3,1999,1999-09-05,FALSE,oth,Other,FALSE,Sonstige,1.7,NA,54.3,89
bb,Brandenburg,1,3,1999,1999-09-05,FALSE,fw,Other (named),FALSE,BVB / FREIE WÄHLER³,NA,NA,54.3,89
bb,Brandenburg,1,3,1999,1999-09-05,FALSE,afd,AfD,TRUE,AfD,NA,NA,54.3,89
bb,Brandenburg,1,3,1999,1999-09-05,FALSE,bsw,BSW,FALSE,BSW,NA,NA,54.3,89
bb,Brandenburg,1,3,1999,1999-09-05,FALSE,npd,Far right (pre-AfD),TRUE,NPD,NA,NA,54.3,89
bb,Brandenburg,1,3,1999,1999-09-05,FALSE,rep,Far right (pre-AfD),TRUE,REP,NA,NA,54.3,89
bb,Brandenburg,1,3,1999,1999-09-05,FALSE,familie,Other (named),FALSE,Familie,NA,NA,54.3,89
bb,Brandenburg,1,3,1999,1999-09-05,FALSE,pir,Other (named),FALSE,PIRATEN,NA,NA,54.3,89
bb,Brandenburg,1,3,1999,1999-09-05,FALSE,tierschutzpartei,Other (named),FALSE,Tierschutzpartei,NA,NA,54.3,89
bb,Brandenburg,1,4,2004,2004-09-19,FALSE,spd,SPD,FALSE,SPD,31.9,33,56.4,88
bb,Brandenburg,1,4,2004,2004-09-19,FALSE,lin,Left,FALSE,DIE LINKE¹,28,29,56.4,88
bb,Brandenburg,1,4,2004,2004-09-19,FALSE,cdu,CDU/CSU,FALSE,CDU,19.4,20,56.4,88
bb,Brandenburg,1,4,2004,2004-09-19,FALSE,dvu,Far right (pre-AfD),TRUE,DVU,6.1,6,56.4,88
bb,Brandenburg,1,4,2004,2004-09-19,FALSE,oth,Other,FALSE,Sonstige,5.1,NA,56.4,88
bb,Brandenburg,1,4,2004,2004-09-19,FALSE,gru,Greens,FALSE,B’90/GRÜNE,3.6,NA,56.4,88
bb,Brandenburg,1,4,2004,2004-09-19,FALSE,fdp,FDP,FALSE,FDP,3.3,NA,56.4,88
bb,Brandenburg,1,4,2004,2004-09-19,FALSE,familie,Other (named),FALSE,Familie,2.6,NA,56.4,88
bb,Brandenburg,1,4,2004,2004-09-19,FALSE,fw,Other (named),FALSE,BVB / FREIE WÄHLER³,NA,NA,56.4,88
bb,Brandenburg,1,4,2004,2004-09-19,FALSE,afd,AfD,TRUE,AfD,NA,NA,56.4,88
bb,Brandenburg,1,4,2004,2004-09-19,FALSE,bsw,BSW,FALSE,BSW,NA,NA,56.4,88
bb,Brandenburg,1,4,2004,2004-09-19,FALSE,npd,Far right (pre-AfD),TRUE,NPD,NA,NA,56.4,88
bb,Brandenburg,1,4,2004,2004-09-19,FALSE,rep,Far right (pre-AfD),TRUE,REP,NA,NA,56.4,88
bb,Brandenburg,1,4,2004,2004-09-19,FALSE,pir,Other (named),FALSE,PIRATEN,NA,NA,56.4,88
bb,Brandenburg,1,4,2004,2004-09-19,FALSE,tierschutzpartei,Other (named),FALSE,Tierschutzpartei,NA,NA,56.4,88
bb,Brandenburg,1,5,2009,2009-09-27,FALSE,spd,SPD,FALSE,SPD,33,31,67,88
bb,Brandenburg,1,5,2009,2009-09-27,FALSE,lin,Left,FALSE,DIE LINKE¹,27.2,26,67,88
bb,Brandenburg,1,5,2009,2009-09-27,FALSE,cdu,CDU/CSU,FALSE,CDU,19.8,19,67,88
bb,Brandenburg,1,5,2009,2009-09-27,FALSE,fdp,FDP,FALSE,FDP,7.2,7,67,88
bb,Brandenburg,1,5,2009,2009-09-27,FALSE,gru,Greens,FALSE,B’90/GRÜNE,5.7,5,67,88
bb,Brandenburg,1,5,2009,2009-09-27,FALSE,npd,Far right (pre-AfD),TRUE,NPD,2.6,NA,67,88
bb,Brandenburg,1,5,2009,2009-09-27,FALSE,fw,Other (named),FALSE,BVB / FREIE WÄHLER³,1.7,NA,67,88
bb,Brandenburg,1,5,2009,2009-09-27,FALSE,oth,Other,FALSE,Sonstige,1.5,NA,67,88
bb,Brandenburg,1,5,2009,2009-09-27,FALSE,dvu,Far right (pre-AfD),TRUE,DVU,1.1,NA,67,88
bb,Brandenburg,1,5,2009,2009-09-27,FALSE,rep,Far right (pre-AfD),TRUE,REP,0.4,NA,67,88
bb,Brandenburg,1,5,2009,2009-09-27,FALSE,afd,AfD,TRUE,AfD,NA,NA,67,88
bb,Brandenburg,1,5,2009,2009-09-27,FALSE,bsw,BSW,FALSE,BSW,NA,NA,67,88
bb,Brandenburg,1,5,2009,2009-09-27,FALSE,familie,Other (named),FALSE,Familie,NA,NA,67,88
bb,Brandenburg,1,5,2009,2009-09-27,FALSE,pir,Other (named),FALSE,PIRATEN,NA,NA,67,88
bb,Brandenburg,1,5,2009,2009-09-27,FALSE,tierschutzpartei,Other (named),FALSE,Tierschutzpartei,NA,NA,67,88
bb,Brandenburg,1,6,2014,2014-09-14,FALSE,spd,SPD,FALSE,SPD,31.9,30,47.9,88
bb,Brandenburg,1,6,2014,2014-09-14,FALSE,cdu,CDU/CSU,FALSE,CDU,23,21,47.9,88
bb,Brandenburg,1,6,2014,2014-09-14,FALSE,lin,Left,FALSE,DIE LINKE¹,18.6,17,47.9,88
bb,Brandenburg,1,6,2014,2014-09-14,FALSE,afd,AfD,TRUE,AfD,12.2,11,47.9,88
bb,Brandenburg,1,6,2014,2014-09-14,FALSE,gru,Greens,FALSE,B’90/GRÜNE,6.2,6,47.9,88
bb,Brandenburg,1,6,2014,2014-09-14,FALSE,fw,Other (named),FALSE,BVB / FREIE WÄHLER³,2.7,3,47.9,88
bb,Brandenburg,1,6,2014,2014-09-14,FALSE,npd,Far right (pre-AfD),TRUE,NPD,2.2,NA,47.9,88
bb,Brandenburg,1,6,2014,2014-09-14,FALSE,fdp,FDP,FALSE,FDP,1.5,NA,47.9,88
bb,Brandenburg,1,6,2014,2014-09-14,FALSE,pir,Other (named),FALSE,PIRATEN,1.5,NA,47.9,88
bb,Brandenburg,1,6,2014,2014-09-14,FALSE,rep,Far right (pre-AfD),TRUE,REP,0.2,NA,47.9,88
bb,Brandenburg,1,6,2014,2014-09-14,FALSE,oth,Other,FALSE,Sonstige,0.2,NA,47.9,88
bb,Brandenburg,1,6,2014,2014-09-14,FALSE,dvu,Far right (pre-AfD),TRUE,DVU,NA,NA,47.9,88
bb,Brandenburg,1,6,2014,2014-09-14,FALSE,bsw,BSW,FALSE,BSW,NA,NA,47.9,88
bb,Brandenburg,1,6,2014,2014-09-14,FALSE,familie,Other (named),FALSE,Familie,NA,NA,47.9,88
bb,Brandenburg,1,6,2014,2014-09-14,FALSE,tierschutzpartei,Other (named),FALSE,Tierschutzpartei,NA,NA,47.9,88
bb,Brandenburg,1,7,2019,2019-09-01,FALSE,spd,SPD,FALSE,SPD,26.2,25,61.3,88
bb,Brandenburg,1,7,2019,2019-09-01,FALSE,afd,AfD,TRUE,AfD,23.5,23,61.3,88
bb,Brandenburg,1,7,2019,2019-09-01,FALSE,cdu,CDU/CSU,FALSE,CDU,15.6,15,61.3,88
bb,Brandenburg,1,7,2019,2019-09-01,FALSE,gru,Greens,FALSE,B’90/GRÜNE,10.8,10,61.3,88
bb,Brandenburg,1,7,2019,2019-09-01,FALSE,lin,Left,FALSE,DIE LINKE¹,10.7,10,61.3,88
bb,Brandenburg,1,7,2019,2019-09-01,FALSE,fw,Other (named),FALSE,BVB / FREIE WÄHLER³,5,5,61.3,88
bb,Brandenburg,1,7,2019,2019-09-01,FALSE,fdp,FDP,FALSE,FDP,4.1,NA,61.3,88
bb,Brandenburg,1,7,2019,2019-09-01,FALSE,tierschutzpartei,Other (named),FALSE,Tierschutzpartei,2.6,NA,61.3,88
bb,Brandenburg,1,7,2019,2019-09-01,FALSE,oth,Other,FALSE,Sonstige,0.8,NA,61.3,88
bb,Brandenburg,1,7,2019,2019-09-01,FALSE,pir,Other (named),FALSE,PIRATEN,0.7,NA,61.3,88
bb,Brandenburg,1,7,2019,2019-09-01,FALSE,dvu,Far right (pre-AfD),TRUE,DVU,NA,NA,61.3,88
bb,Brandenburg,1,7,2019,2019-09-01,FALSE,bsw,BSW,FALSE,BSW,NA,NA,61.3,88
bb,Brandenburg,1,7,2019,2019-09-01,FALSE,npd,Far right (pre-AfD),TRUE,NPD,NA,NA,61.3,88
bb,Brandenburg,1,7,2019,2019-09-01,FALSE,rep,Far right (pre-AfD),TRUE,REP,NA,NA,61.3,88
bb,Brandenburg,1,7,2019,2019-09-01,FALSE,familie,Other (named),FALSE,Familie,NA,NA,61.3,88
bb,Brandenburg,1,8,2024,2024-09-22,TRUE,spd,SPD,FALSE,SPD,30.9,32,72.9,88
bb,Brandenburg,1,8,2024,2024-09-22,TRUE,afd,AfD,TRUE,AfD,29.2,30,72.9,88
bb,Brandenburg,1,8,2024,2024-09-22,TRUE,bsw,BSW,FALSE,BSW,13.5,14,72.9,88
bb,Brandenburg,1,8,2024,2024-09-22,TRUE,cdu,CDU/CSU,FALSE,CDU,12.1,12,72.9,88
bb,Brandenburg,1,8,2024,2024-09-22,TRUE,gru,Greens,FALSE,B’90/GRÜNE,4.1,NA,72.9,88
bb,Brandenburg,1,8,2024,2024-09-22,TRUE,lin,Left,FALSE,DIE LINKE¹,3,NA,72.9,88
bb,Brandenburg,1,8,2024,2024-09-22,TRUE,fw,Other (named),FALSE,BVB / FREIE WÄHLER³,2.6,NA,72.9,88
bb,Brandenburg,1,8,2024,2024-09-22,TRUE,tierschutzpartei,Other (named),FALSE,Tierschutzpartei,2,NA,72.9,88
bb,Brandenburg,1,8,2024,2024-09-22,TRUE,oth,Other,FALSE,Sonstige,1.8,NA,72.9,88
bb,Brandenburg,1,8,2024,2024-09-22,TRUE,fdp,FDP,FALSE,FDP,0.8,NA,72.9,88
bb,Brandenburg,1,8,2024,2024-09-22,TRUE,dvu,Far right (pre-AfD),TRUE,DVU,NA,NA,72.9,88
bb,Brandenburg,1,8,2024,2024-09-22,TRUE,npd,Far right (pre-AfD),TRUE,NPD,NA,NA,72.9,88
bb,Brandenburg,1,8,2024,2024-09-22,TRUE,rep,Far right (pre-AfD),TRUE,REP,NA,NA,72.9,88
bb,Brandenburg,1,8,2024,2024-09-22,TRUE,familie,Other (named),FALSE,Familie,NA,NA,72.9,88
bb,Brandenburg,1,8,2024,2024-09-22,TRUE,pir,Other (named),FALSE,PIRATEN,NA,NA,72.9,88
be,Berlin,0,1,1950,1950-12-03,FALSE,spd,SPD,FALSE,SPD,44.7,61,90.4,127
be,Berlin,0,1,1950,1950-12-03,FALSE,cdu,CDU/CSU,FALSE,CDU,24.7,34,90.4,127
be,Berlin,0,1,1950,1950-12-03,FALSE,fdp,FDP,FALSE,FDP,23.1,32,90.4,127
be,Berlin,0,1,1950,1950-12-03,FALSE,dp,Other (named),FALSE,DP,3.7,NA,90.4,127
be,Berlin,0,1,1950,1950-12-03,FALSE,bhe,Other (named),FALSE,BHE,2.2,NA,90.4,127
be,Berlin,0,1,1950,1950-12-03,FALSE,oth,Other,FALSE,Sonstige,1.8,NA,90.4,127
be,Berlin,0,1,1950,1950-12-03,FALSE,gru,Greens,FALSE,GRÜNE¹,NA,NA,90.4,127
be,Berlin,0,1,1950,1950-12-03,FALSE,lin,Left,FALSE,PDS/Die Linke.,NA,NA,90.4,127
be,Berlin,0,1,1950,1950-12-03,FALSE,rep,Far right (pre-AfD),TRUE,REP,NA,NA,90.4,127
be,Berlin,0,1,1950,1950-12-03,FALSE,bndnis,Other (named),FALSE,Bündnis 90,NA,NA,90.4,127
be,Berlin,0,1,1950,1950-12-03,FALSE,pir,Other (named),FALSE,PIRATEN,NA,NA,90.4,127
be,Berlin,0,1,1950,1950-12-03,FALSE,afd,AfD,TRUE,AfD,NA,NA,90.4,127
be,Berlin,0,1,1950,1950-12-03,FALSE,sew,Left,FALSE,SED/SEW²,NA,NA,90.4,127
be,Berlin,0,1,1950,1950-12-03,FALSE,fw,Other (named),FALSE,FREIE WÄHLER,NA,NA,90.4,127
be,Berlin,0,1,1950,1950-12-03,FALSE,bsw,BSW,FALSE,BSW,NA,NA,90.4,127
be,Berlin,0,2,1954,1954-12-05,FALSE,spd,SPD,FALSE,SPD,44.6,64,91.8,127
be,Berlin,0,2,1954,1954-12-05,FALSE,cdu,CDU/CSU,FALSE,CDU,30.4,44,91.8,127
be,Berlin,0,2,1954,1954-12-05,FALSE,fdp,FDP,FALSE,FDP,12.8,19,91.8,127
be,Berlin,0,2,1954,1954-12-05,FALSE,dp,Other (named),FALSE,DP,4.9,NA,91.8,127
be,Berlin,0,2,1954,1954-12-05,FALSE,sew,Left,FALSE,SED/SEW²,2.7,NA,91.8,127
be,Berlin,0,2,1954,1954-12-05,FALSE,bhe,Other (named),FALSE,BHE,2.5,NA,91.8,127
be,Berlin,0,2,1954,1954-12-05,FALSE,oth,Other,FALSE,Sonstige,2.1,NA,91.8,127
be,Berlin,0,2,1954,1954-12-05,FALSE,gru,Greens,FALSE,GRÜNE¹,NA,NA,91.8,127
be,Berlin,0,2,1954,1954-12-05,FALSE,lin,Left,FALSE,PDS/Die Linke.,NA,NA,91.8,127
be,Berlin,0,2,1954,1954-12-05,FALSE,rep,Far right (pre-AfD),TRUE,REP,NA,NA,91.8,127
be,Berlin,0,2,1954,1954-12-05,FALSE,bndnis,Other (named),FALSE,Bündnis 90,NA,NA,91.8,127
be,Berlin,0,2,1954,1954-12-05,FALSE,pir,Other (named),FALSE,PIRATEN,NA,NA,91.8,127
be,Berlin,0,2,1954,1954-12-05,FALSE,afd,AfD,TRUE,AfD,NA,NA,91.8,127
be,Berlin,0,2,1954,1954-12-05,FALSE,fw,Other (named),FALSE,FREIE WÄHLER,NA,NA,91.8,127
be,Berlin,0,2,1954,1954-12-05,FALSE,bsw,BSW,FALSE,BSW,NA,NA,91.8,127
be,Berlin,0,3,1958,1958-12-07,FALSE,spd,SPD,FALSE,SPD,52.6,78,92.9,133
be,Berlin,0,3,1958,1958-12-07,FALSE,cdu,CDU/CSU,FALSE,CDU,37.7,55,92.9,133
be,Berlin,0,3,1958,1958-12-07,FALSE,fdp,FDP,FALSE,FDP,3.8,NA,92.9,133
be,Berlin,0,3,1958,1958-12-07,FALSE,dp,Other (named),FALSE,DP,3.3,NA,92.9,133
be,Berlin,0,3,1958,1958-12-07,FALSE,sew,Left,FALSE,SED/SEW²,1.9,NA,92.9,133
be,Berlin,0,3,1958,1958-12-07,FALSE,oth,Other,FALSE,Sonstige,0.7,NA,92.9,133
be,Berlin,0,3,1958,1958-12-07,FALSE,gru,Greens,FALSE,GRÜNE¹,NA,NA,92.9,133
be,Berlin,0,3,1958,1958-12-07,FALSE,lin,Left,FALSE,PDS/Die Linke.,NA,NA,92.9,133
be,Berlin,0,3,1958,1958-12-07,FALSE,rep,Far right (pre-AfD),TRUE,REP,NA,NA,92.9,133
be,Berlin,0,3,1958,1958-12-07,FALSE,bndnis,Other (named),FALSE,Bündnis 90,NA,NA,92.9,133
be,Berlin,0,3,1958,1958-12-07,FALSE,pir,Other (named),FALSE,PIRATEN,NA,NA,92.9,133
be,Berlin,0,3,1958,1958-12-07,FALSE,afd,AfD,TRUE,AfD,NA,NA,92.9,133
be,Berlin,0,3,1958,1958-12-07,FALSE,bhe,Other (named),FALSE,BHE,NA,NA,92.9,133
be,Berlin,0,3,1958,1958-12-07,FALSE,fw,Other (named),FALSE,FREIE WÄHLER,NA,NA,92.9,133
be,Berlin,0,3,1958,1958-12-07,FALSE,bsw,BSW,FALSE,BSW,NA,NA,92.9,133
be,Berlin,0,4,1963,1963-02-17,FALSE,spd,SPD,FALSE,SPD,61.9,89,89.9,140
be,Berlin,0,4,1963,1963-02-17,FALSE,cdu,CDU/CSU,FALSE,CDU,28.8,41,89.9,140
be,Berlin,0,4,1963,1963-02-17,FALSE,fdp,FDP,FALSE,FDP,7.9,10,89.9,140
be,Berlin,0,4,1963,1963-02-17,FALSE,sew,Left,FALSE,SED/SEW²,1.4,NA,89.9,140
be,Berlin,0,4,1963,1963-02-17,FALSE,gru,Greens,FALSE,GRÜNE¹,NA,NA,89.9,140
be,Berlin,0,4,1963,1963-02-17,FALSE,lin,Left,FALSE,PDS/Die Linke.,NA,NA,89.9,140
be,Berlin,0,4,1963,1963-02-17,FALSE,rep,Far right (pre-AfD),TRUE,REP,NA,NA,89.9,140
be,Berlin,0,4,1963,1963-02-17,FALSE,bndnis,Other (named),FALSE,Bündnis 90,NA,NA,89.9,140
be,Berlin,0,4,1963,1963-02-17,FALSE,pir,Other (named),FALSE,PIRATEN,NA,NA,89.9,140
be,Berlin,0,4,1963,1963-02-17,FALSE,afd,AfD,TRUE,AfD,NA,NA,89.9,140
be,Berlin,0,4,1963,1963-02-17,FALSE,dp,Other (named),FALSE,DP,NA,NA,89.9,140
be,Berlin,0,4,1963,1963-02-17,FALSE,bhe,Other (named),FALSE,BHE,NA,NA,89.9,140
be,Berlin,0,4,1963,1963-02-17,FALSE,fw,Other (named),FALSE,FREIE WÄHLER,NA,NA,89.9,140
be,Berlin,0,4,1963,1963-02-17,FALSE,bsw,BSW,FALSE,BSW,NA,NA,89.9,140
be,Berlin,0,4,1963,1963-02-17,FALSE,oth,Other,FALSE,Sonstige,-0,NA,89.9,140
be,Berlin,0,5,1967,1967-03-12,FALSE,spd,SPD,FALSE,SPD,56.9,81,86.2,137
be,Berlin,0,5,1967,1967-03-12,FALSE,cdu,CDU/CSU,FALSE,CDU,32.9,47,86.2,137
be,Berlin,0,5,1967,1967-03-12,FALSE,fdp,FDP,FALSE,FDP,7.1,9,86.2,137
be,Berlin,0,5,1967,1967-03-12,FALSE,sew,Left,FALSE,SED/SEW²,2.9,NA,86.2,137
be,Berlin,0,5,1967,1967-03-12,FALSE,oth,Other,FALSE,Sonstige,1.1,NA,86.2,137
be,Berlin,0,5,1967,1967-03-12,FALSE,gru,Greens,FALSE,GRÜNE¹,NA,NA,86.2,137
be,Berlin,0,5,1967,1967-03-12,FALSE,lin,Left,FALSE,PDS/Die Linke.,NA,NA,86.2,137
be,Berlin,0,5,1967,1967-03-12,FALSE,rep,Far right (pre-AfD),TRUE,REP,NA,NA,86.2,137
be,Berlin,0,5,1967,1967-03-12,FALSE,bndnis,Other (named),FALSE,Bündnis 90,NA,NA,86.2,137
be,Berlin,0,5,1967,1967-03-12,FALSE,pir,Other (named),FALSE,PIRATEN,NA,NA,86.2,137
be,Berlin,0,5,1967,1967-03-12,FALSE,afd,AfD,TRUE,AfD,NA,NA,86.2,137
be,Berlin,0,5,1967,1967-03-12,FALSE,dp,Other (named),FALSE,DP,NA,NA,86.2,137
be,Berlin,0,5,1967,1967-03-12,FALSE,bhe,Other (named),FALSE,BHE,NA,NA,86.2,137
be,Berlin,0,5,1967,1967-03-12,FALSE,fw,Other (named),FALSE,FREIE WÄHLER,NA,NA,86.2,137
be,Berlin,0,5,1967,1967-03-12,FALSE,bsw,BSW,FALSE,BSW,NA,NA,86.2,137
be,Berlin,0,6,1971,1971-03-14,FALSE,spd,SPD,FALSE,SPD,50.4,73,88.9,138
be,Berlin,0,6,1971,1971-03-14,FALSE,cdu,CDU/CSU,FALSE,CDU,38.2,54,88.9,138
be,Berlin,0,6,1971,1971-03-14,FALSE,fdp,FDP,FALSE,FDP,8.4,11,88.9,138
be,Berlin,0,6,1971,1971-03-14,FALSE,sew,Left,FALSE,SED/SEW²,2.3,NA,88.9,138
be,Berlin,0,6,1971,1971-03-14,FALSE,oth,Other,FALSE,Sonstige,0.6,NA,88.9,138
be,Berlin,0,6,1971,1971-03-14,FALSE,gru,Greens,FALSE,GRÜNE¹,NA,NA,88.9,138
be,Berlin,0,6,1971,1971-03-14,FALSE,lin,Left,FALSE,PDS/Die Linke.,NA,NA,88.9,138
be,Berlin,0,6,1971,1971-03-14,FALSE,rep,Far right (pre-AfD),TRUE,REP,NA,NA,88.9,138
be,Berlin,0,6,1971,1971-03-14,FALSE,bndnis,Other (named),FALSE,Bündnis 90,NA,NA,88.9,138
be,Berlin,0,6,1971,1971-03-14,FALSE,pir,Other (named),FALSE,PIRATEN,NA,NA,88.9,138
be,Berlin,0,6,1971,1971-03-14,FALSE,afd,AfD,TRUE,AfD,NA,NA,88.9,138
be,Berlin,0,6,1971,1971-03-14,FALSE,dp,Other (named),FALSE,DP,NA,NA,88.9,138
be,Berlin,0,6,1971,1971-03-14,FALSE,bhe,Other (named),FALSE,BHE,NA,NA,88.9,138
be,Berlin,0,6,1971,1971-03-14,FALSE,fw,Other (named),FALSE,FREIE WÄHLER,NA,NA,88.9,138
be,Berlin,0,6,1971,1971-03-14,FALSE,bsw,BSW,FALSE,BSW,NA,NA,88.9,138
be,Berlin,0,7,1975,1975-03-02,FALSE,cdu,CDU/CSU,FALSE,CDU,43.9,69,87.8,147
be,Berlin,0,7,1975,1975-03-02,FALSE,spd,SPD,FALSE,SPD,42.6,67,87.8,147
be,Berlin,0,7,1975,1975-03-02,FALSE,fdp,FDP,FALSE,FDP,7.1,11,87.8,147
be,Berlin,0,7,1975,1975-03-02,FALSE,oth,Other,FALSE,Sonstige,4.6,NA,87.8,147
be,Berlin,0,7,1975,1975-03-02,FALSE,sew,Left,FALSE,SED/SEW²,1.8,NA,87.8,147
be,Berlin,0,7,1975,1975-03-02,FALSE,gru,Greens,FALSE,GRÜNE¹,NA,NA,87.8,147
be,Berlin,0,7,1975,1975-03-02,FALSE,lin,Left,FALSE,PDS/Die Linke.,NA,NA,87.8,147
be,Berlin,0,7,1975,1975-03-02,FALSE,rep,Far right (pre-AfD),TRUE,REP,NA,NA,87.8,147
be,Berlin,0,7,1975,1975-03-02,FALSE,bndnis,Other (named),FALSE,Bündnis 90,NA,NA,87.8,147
be,Berlin,0,7,1975,1975-03-02,FALSE,pir,Other (named),FALSE,PIRATEN,NA,NA,87.8,147
be,Berlin,0,7,1975,1975-03-02,FALSE,afd,AfD,TRUE,AfD,NA,NA,87.8,147
be,Berlin,0,7,1975,1975-03-02,FALSE,dp,Other (named),FALSE,DP,NA,NA,87.8,147
be,Berlin,0,7,1975,1975-03-02,FALSE,bhe,Other (named),FALSE,BHE,NA,NA,87.8,147
be,Berlin,0,7,1975,1975-03-02,FALSE,fw,Other (named),FALSE,FREIE WÄHLER,NA,NA,87.8,147
be,Berlin,0,7,1975,1975-03-02,FALSE,bsw,BSW,FALSE,BSW,NA,NA,87.8,147
be,Berlin,0,8,1979,1979-03-18,FALSE,cdu,CDU/CSU,FALSE,CDU,44.4,63,85.4,135
be,Berlin,0,8,1979,1979-03-18,FALSE,spd,SPD,FALSE,SPD,42.7,61,85.4,135
be,Berlin,0,8,1979,1979-03-18,FALSE,fdp,FDP,FALSE,FDP,8.1,11,85.4,135
be,Berlin,0,8,1979,1979-03-18,FALSE,gru,Greens,FALSE,GRÜNE¹,3.7,NA,85.4,135
be,Berlin,0,8,1979,1979-03-18,FALSE,sew,Left,FALSE,SED/SEW²,1.1,NA,85.4,135
be,Berlin,0,8,1979,1979-03-18,FALSE,oth,Other,FALSE,Sonstige,0.1,NA,85.4,135
be,Berlin,0,8,1979,1979-03-18,FALSE,lin,Left,FALSE,PDS/Die Linke.,NA,NA,85.4,135
be,Berlin,0,8,1979,1979-03-18,FALSE,rep,Far right (pre-AfD),TRUE,REP,NA,NA,85.4,135
be,Berlin,0,8,1979,1979-03-18,FALSE,bndnis,Other (named),FALSE,Bündnis 90,NA,NA,85.4,135
be,Berlin,0,8,1979,1979-03-18,FALSE,pir,Other (named),FALSE,PIRATEN,NA,NA,85.4,135
be,Berlin,0,8,1979,1979-03-18,FALSE,afd,AfD,TRUE,AfD,NA,NA,85.4,135
be,Berlin,0,8,1979,1979-03-18,FALSE,dp,Other (named),FALSE,DP,NA,NA,85.4,135
be,Berlin,0,8,1979,1979-03-18,FALSE,bhe,Other (named),FALSE,BHE,NA,NA,85.4,135
be,Berlin,0,8,1979,1979-03-18,FALSE,fw,Other (named),FALSE,FREIE WÄHLER,NA,NA,85.4,135
be,Berlin,0,8,1979,1979-03-18,FALSE,bsw,BSW,FALSE,BSW,NA,NA,85.4,135
be,Berlin,0,9,1981,1981-05-10,FALSE,cdu,CDU/CSU,FALSE,CDU,48,65,85.3,133
be,Berlin,0,9,1981,1981-05-10,FALSE,spd,SPD,FALSE,SPD,38.4,52,85.3,133
be,Berlin,0,9,1981,1981-05-10,FALSE,gru,Greens,FALSE,GRÜNE¹,7.2,9,85.3,133
be,Berlin,0,9,1981,1981-05-10,FALSE,fdp,FDP,FALSE,FDP,5.6,7,85.3,133
be,Berlin,0,9,1981,1981-05-10,FALSE,sew,Left,FALSE,SED/SEW²,0.7,NA,85.3,133
be,Berlin,0,9,1981,1981-05-10,FALSE,oth,Other,FALSE,Sonstige,0.3,NA,85.3,133
be,Berlin,0,9,1981,1981-05-10,FALSE,lin,Left,FALSE,PDS/Die Linke.,NA,NA,85.3,133
be,Berlin,0,9,1981,1981-05-10,FALSE,rep,Far right (pre-AfD),TRUE,REP,NA,NA,85.3,133
be,Berlin,0,9,1981,1981-05-10,FALSE,bndnis,Other (named),FALSE,Bündnis 90,NA,NA,85.3,133
be,Berlin,0,9,1981,1981-05-10,FALSE,pir,Other (named),FALSE,PIRATEN,NA,NA,85.3,133
be,Berlin,0,9,1981,1981-05-10,FALSE,afd,AfD,TRUE,AfD,NA,NA,85.3,133
be,Berlin,0,9,1981,1981-05-10,FALSE,dp,Other (named),FALSE,DP,NA,NA,85.3,133
be,Berlin,0,9,1981,1981-05-10,FALSE,bhe,Other (named),FALSE,BHE,NA,NA,85.3,133
be,Berlin,0,9,1981,1981-05-10,FALSE,fw,Other (named),FALSE,FREIE WÄHLER,NA,NA,85.3,133
be,Berlin,0,9,1981,1981-05-10,FALSE,bsw,BSW,FALSE,BSW,NA,NA,85.3,133
be,Berlin,0,10,1985,1985-03-10,FALSE,cdu,CDU/CSU,FALSE,CDU,46.4,69,83.6,144
be,Berlin,0,10,1985,1985-03-10,FALSE,spd,SPD,FALSE,SPD,32.4,48,83.6,144
be,Berlin,0,10,1985,1985-03-10,FALSE,gru,Greens,FALSE,GRÜNE¹,10.6,15,83.6,144
be,Berlin,0,10,1985,1985-03-10,FALSE,fdp,FDP,FALSE,FDP,8.5,12,83.6,144
be,Berlin,0,10,1985,1985-03-10,FALSE,oth,Other,FALSE,Sonstige,1.5,NA,83.6,144
be,Berlin,0,10,1985,1985-03-10,FALSE,sew,Left,FALSE,SED/SEW²,0.6,NA,83.6,144
be,Berlin,0,10,1985,1985-03-10,FALSE,lin,Left,FALSE,PDS/Die Linke.,NA,NA,83.6,144
be,Berlin,0,10,1985,1985-03-10,FALSE,rep,Far right (pre-AfD),TRUE,REP,NA,NA,83.6,144
be,Berlin,0,10,1985,1985-03-10,FALSE,bndnis,Other (named),FALSE,Bündnis 90,NA,NA,83.6,144
be,Berlin,0,10,1985,1985-03-10,FALSE,pir,Other (named),FALSE,PIRATEN,NA,NA,83.6,144
be,Berlin,0,10,1985,1985-03-10,FALSE,afd,AfD,TRUE,AfD,NA,NA,83.6,144
be,Berlin,0,10,1985,1985-03-10,FALSE,dp,Other (named),FALSE,DP,NA,NA,83.6,144
be,Berlin,0,10,1985,1985-03-10,FALSE,bhe,Other (named),FALSE,BHE,NA,NA,83.6,144
be,Berlin,0,10,1985,1985-03-10,FALSE,fw,Other (named),FALSE,FREIE WÄHLER,NA,NA,83.6,144
be,Berlin,0,10,1985,1985-03-10,FALSE,bsw,BSW,FALSE,BSW,NA,NA,83.6,144
be,Berlin,0,11,1989,1989-01-29,FALSE,cdu,CDU/CSU,FALSE,CDU,37.7,55,79.6,138
be,Berlin,0,11,1989,1989-01-29,FALSE,spd,SPD,FALSE,SPD,37.3,55,79.6,138
be,Berlin,0,11,1989,1989-01-29,FALSE,gru,Greens,FALSE,GRÜNE¹,11.8,17,79.6,138
be,Berlin,0,11,1989,1989-01-29,FALSE,rep,Far right (pre-AfD),TRUE,REP,7.5,11,79.6,138
be,Berlin,0,11,1989,1989-01-29,FALSE,fdp,FDP,FALSE,FDP,3.9,NA,79.6,138
be,Berlin,0,11,1989,1989-01-29,FALSE,oth,Other,FALSE,Sonstige,1.2,NA,79.6,138
be,Berlin,0,11,1989,1989-01-29,FALSE,sew,Left,FALSE,SED/SEW²,0.6,NA,79.6,138
be,Berlin,0,11,1989,1989-01-29,FALSE,lin,Left,FALSE,PDS/Die Linke.,NA,NA,79.6,138
be,Berlin,0,11,1989,1989-01-29,FALSE,bndnis,Other (named),FALSE,Bündnis 90,NA,NA,79.6,138
be,Berlin,0,11,1989,1989-01-29,FALSE,pir,Other (named),FALSE,PIRATEN,NA,NA,79.6,138
be,Berlin,0,11,1989,1989-01-29,FALSE,afd,AfD,TRUE,AfD,NA,NA,79.6,138
be,Berlin,0,11,1989,1989-01-29,FALSE,dp,Other (named),FALSE,DP,NA,NA,79.6,138
be,Berlin,0,11,1989,1989-01-29,FALSE,bhe,Other (named),FALSE,BHE,NA,NA,79.6,138
be,Berlin,0,11,1989,1989-01-29,FALSE,fw,Other (named),FALSE,FREIE WÄHLER,NA,NA,79.6,138
be,Berlin,0,11,1989,1989-01-29,FALSE,bsw,BSW,FALSE,BSW,NA,NA,79.6,138
be,Berlin,0,12,1990,1990-12-02,FALSE,cdu,CDU/CSU,FALSE,CDU,40.4,101,80.8,241
be,Berlin,0,12,1990,1990-12-02,FALSE,spd,SPD,FALSE,SPD,30.4,76,80.8,241
be,Berlin,0,12,1990,1990-12-02,FALSE,lin,Left,FALSE,PDS/Die Linke.,9.2,23,80.8,241
be,Berlin,0,12,1990,1990-12-02,FALSE,fdp,FDP,FALSE,FDP,7.1,18,80.8,241
be,Berlin,0,12,1990,1990-12-02,FALSE,gru,Greens,FALSE,GRÜNE¹,5,12,80.8,241
be,Berlin,0,12,1990,1990-12-02,FALSE,bndnis,Other (named),FALSE,Bündnis 90,4.4,11,80.8,241
be,Berlin,0,12,1990,1990-12-02,FALSE,rep,Far right (pre-AfD),TRUE,REP,3.1,NA,80.8,241
be,Berlin,0,12,1990,1990-12-02,FALSE,oth,Other,FALSE,Sonstige,0.4,NA,80.8,241
be,Berlin,0,12,1990,1990-12-02,FALSE,pir,Other (named),FALSE,PIRATEN,NA,NA,80.8,241
be,Berlin,0,12,1990,1990-12-02,FALSE,afd,AfD,TRUE,AfD,NA,NA,80.8,241
be,Berlin,0,12,1990,1990-12-02,FALSE,dp,Other (named),FALSE,DP,NA,NA,80.8,241
be,Berlin,0,12,1990,1990-12-02,FALSE,bhe,Other (named),FALSE,BHE,NA,NA,80.8,241
be,Berlin,0,12,1990,1990-12-02,FALSE,sew,Left,FALSE,SED/SEW²,NA,NA,80.8,241
be,Berlin,0,12,1990,1990-12-02,FALSE,fw,Other (named),FALSE,FREIE WÄHLER,NA,NA,80.8,241
be,Berlin,0,12,1990,1990-12-02,FALSE,bsw,BSW,FALSE,BSW,NA,NA,80.8,241
be,Berlin,0,13,1995,1995-10-22,FALSE,cdu,CDU/CSU,FALSE,CDU,37.4,87,68.6,206
be,Berlin,0,13,1995,1995-10-22,FALSE,spd,SPD,FALSE,SPD,23.6,55,68.6,206
be,Berlin,0,13,1995,1995-10-22,FALSE,lin,Left,FALSE,PDS/Die Linke.,14.6,34,68.6,206
be,Berlin,0,13,1995,1995-10-22,FALSE,gru,Greens,FALSE,GRÜNE¹,13.2,30,68.6,206
be,Berlin,0,13,1995,1995-10-22,FALSE,oth,Other,FALSE,Sonstige,5.8,NA,68.6,206
be,Berlin,0,13,1995,1995-10-22,FALSE,rep,Far right (pre-AfD),TRUE,REP,2.6,NA,68.6,206
be,Berlin,0,13,1995,1995-10-22,FALSE,fdp,FDP,FALSE,FDP,2.5,NA,68.6,206
be,Berlin,0,13,1995,1995-10-22,FALSE,bndnis,Other (named),FALSE,Bündnis 90,NA,NA,68.6,206
be,Berlin,0,13,1995,1995-10-22,FALSE,pir,Other (named),FALSE,PIRATEN,NA,NA,68.6,206
be,Berlin,0,13,1995,1995-10-22,FALSE,afd,AfD,TRUE,AfD,NA,NA,68.6,206
be,Berlin,0,13,1995,1995-10-22,FALSE,dp,Other (named),FALSE,DP,NA,NA,68.6,206
be,Berlin,0,13,1995,1995-10-22,FALSE,bhe,Other (named),FALSE,BHE,NA,NA,68.6,206
be,Berlin,0,13,1995,1995-10-22,FALSE,sew,Left,FALSE,SED/SEW²,NA,NA,68.6,206
be,Berlin,0,13,1995,1995-10-22,FALSE,fw,Other (named),FALSE,FREIE WÄHLER,NA,NA,68.6,206
be,Berlin,0,13,1995,1995-10-22,FALSE,bsw,BSW,FALSE,BSW,NA,NA,68.6,206
be,Berlin,0,14,1999,1999-10-10,FALSE,cdu,CDU/CSU,FALSE,CDU,40.8,76,65.5,169
be,Berlin,0,14,1999,1999-10-10,FALSE,spd,SPD,FALSE,SPD,22.4,42,65.5,169
be,Berlin,0,14,1999,1999-10-10,FALSE,lin,Left,FALSE,PDS/Die Linke.,17.7,33,65.5,169
be,Berlin,0,14,1999,1999-10-10,FALSE,gru,Greens,FALSE,GRÜNE¹,9.9,18,65.5,169
be,Berlin,0,14,1999,1999-10-10,FALSE,oth,Other,FALSE,Sonstige,4.3,NA,65.5,169
be,Berlin,0,14,1999,1999-10-10,FALSE,rep,Far right (pre-AfD),TRUE,REP,2.7,NA,65.5,169
be,Berlin,0,14,1999,1999-10-10,FALSE,fdp,FDP,FALSE,FDP,2.2,NA,65.5,169
be,Berlin,0,14,1999,1999-10-10,FALSE,bndnis,Other (named),FALSE,Bündnis 90,NA,NA,65.5,169
be,Berlin,0,14,1999,1999-10-10,FALSE,pir,Other (named),FALSE,PIRATEN,NA,NA,65.5,169
be,Berlin,0,14,1999,1999-10-10,FALSE,afd,AfD,TRUE,AfD,NA,NA,65.5,169
be,Berlin,0,14,1999,1999-10-10,FALSE,dp,Other (named),FALSE,DP,NA,NA,65.5,169
be,Berlin,0,14,1999,1999-10-10,FALSE,bhe,Other (named),FALSE,BHE,NA,NA,65.5,169
be,Berlin,0,14,1999,1999-10-10,FALSE,sew,Left,FALSE,SED/SEW²,NA,NA,65.5,169
be,Berlin,0,14,1999,1999-10-10,FALSE,fw,Other (named),FALSE,FREIE WÄHLER,NA,NA,65.5,169
be,Berlin,0,14,1999,1999-10-10,FALSE,bsw,BSW,FALSE,BSW,NA,NA,65.5,169
be,Berlin,0,15,2001,2001-10-21,FALSE,spd,SPD,FALSE,SPD,29.7,44,68.1,141
be,Berlin,0,15,2001,2001-10-21,FALSE,cdu,CDU/CSU,FALSE,CDU,23.8,35,68.1,141
be,Berlin,0,15,2001,2001-10-21,FALSE,lin,Left,FALSE,PDS/Die Linke.,22.6,33,68.1,141
be,Berlin,0,15,2001,2001-10-21,FALSE,fdp,FDP,FALSE,FDP,9.9,15,68.1,141
be,Berlin,0,15,2001,2001-10-21,FALSE,gru,Greens,FALSE,GRÜNE¹,9.1,14,68.1,141
be,Berlin,0,15,2001,2001-10-21,FALSE,oth,Other,FALSE,Sonstige,3.6,NA,68.1,141
be,Berlin,0,15,2001,2001-10-21,FALSE,rep,Far right (pre-AfD),TRUE,REP,1.3,NA,68.1,141
be,Berlin,0,15,2001,2001-10-21,FALSE,bndnis,Other (named),FALSE,Bündnis 90,NA,NA,68.1,141
be,Berlin,0,15,2001,2001-10-21,FALSE,pir,Other (named),FALSE,PIRATEN,NA,NA,68.1,141
be,Berlin,0,15,2001,2001-10-21,FALSE,afd,AfD,TRUE,AfD,NA,NA,68.1,141
be,Berlin,0,15,2001,2001-10-21,FALSE,dp,Other (named),FALSE,DP,NA,NA,68.1,141
be,Berlin,0,15,2001,2001-10-21,FALSE,bhe,Other (named),FALSE,BHE,NA,NA,68.1,141
be,Berlin,0,15,2001,2001-10-21,FALSE,sew,Left,FALSE,SED/SEW²,NA,NA,68.1,141
be,Berlin,0,15,2001,2001-10-21,FALSE,fw,Other (named),FALSE,FREIE WÄHLER,NA,NA,68.1,141
be,Berlin,0,15,2001,2001-10-21,FALSE,bsw,BSW,FALSE,BSW,NA,NA,68.1,141
be,Berlin,0,16,2006,2006-09-17,FALSE,spd,SPD,FALSE,SPD,30.8,53,58,149
be,Berlin,0,16,2006,2006-09-17,FALSE,cdu,CDU/CSU,FALSE,CDU,21.3,37,58,149
be,Berlin,0,16,2006,2006-09-17,FALSE,lin,Left,FALSE,PDS/Die Linke.,13.4,23,58,149
be,Berlin,0,16,2006,2006-09-17,FALSE,gru,Greens,FALSE,GRÜNE¹,13.1,23,58,149
be,Berlin,0,16,2006,2006-09-17,FALSE,oth,Other,FALSE,Sonstige,12.8,NA,58,149
be,Berlin,0,16,2006,2006-09-17,FALSE,fdp,FDP,FALSE,FDP,7.6,13,58,149
be,Berlin,0,16,2006,2006-09-17,FALSE,rep,Far right (pre-AfD),TRUE,REP,0.9,NA,58,149
be,Berlin,0,16,2006,2006-09-17,FALSE,bndnis,Other (named),FALSE,Bündnis 90,NA,NA,58,149
be,Berlin,0,16,2006,2006-09-17,FALSE,pir,Other (named),FALSE,PIRATEN,NA,NA,58,149
be,Berlin,0,16,2006,2006-09-17,FALSE,afd,AfD,TRUE,AfD,NA,NA,58,149
be,Berlin,0,16,2006,2006-09-17,FALSE,dp,Other (named),FALSE,DP,NA,NA,58,149
be,Berlin,0,16,2006,2006-09-17,FALSE,bhe,Other (named),FALSE,BHE,NA,NA,58,149
be,Berlin,0,16,2006,2006-09-17,FALSE,sew,Left,FALSE,SED/SEW²,NA,NA,58,149
be,Berlin,0,16,2006,2006-09-17,FALSE,fw,Other (named),FALSE,FREIE WÄHLER,NA,NA,58,149
be,Berlin,0,16,2006,2006-09-17,FALSE,bsw,BSW,FALSE,BSW,NA,NA,58,149
be,Berlin,0,17,2011,2011-09-18,FALSE,spd,SPD,FALSE,SPD,28.3,47,60.2,149
be,Berlin,0,17,2011,2011-09-18,FALSE,cdu,CDU/CSU,FALSE,CDU,23.4,39,60.2,149
be,Berlin,0,17,2011,2011-09-18,FALSE,gru,Greens,FALSE,GRÜNE¹,17.6,29,60.2,149
be,Berlin,0,17,2011,2011-09-18,FALSE,lin,Left,FALSE,PDS/Die Linke.,11.7,19,60.2,149
be,Berlin,0,17,2011,2011-09-18,FALSE,pir,Other (named),FALSE,PIRATEN,8.9,15,60.2,149
be,Berlin,0,17,2011,2011-09-18,FALSE,oth,Other,FALSE,Sonstige,8.3,NA,60.2,149
be,Berlin,0,17,2011,2011-09-18,FALSE,fdp,FDP,FALSE,FDP,1.8,NA,60.2,149
be,Berlin,0,17,2011,2011-09-18,FALSE,rep,Far right (pre-AfD),TRUE,REP,NA,NA,60.2,149
be,Berlin,0,17,2011,2011-09-18,FALSE,bndnis,Other (named),FALSE,Bündnis 90,NA,NA,60.2,149
be,Berlin,0,17,2011,2011-09-18,FALSE,afd,AfD,TRUE,AfD,NA,NA,60.2,149
be,Berlin,0,17,2011,2011-09-18,FALSE,dp,Other (named),FALSE,DP,NA,NA,60.2,149
be,Berlin,0,17,2011,2011-09-18,FALSE,bhe,Other (named),FALSE,BHE,NA,NA,60.2,149
be,Berlin,0,17,2011,2011-09-18,FALSE,sew,Left,FALSE,SED/SEW²,NA,NA,60.2,149
be,Berlin,0,17,2011,2011-09-18,FALSE,fw,Other (named),FALSE,FREIE WÄHLER,NA,NA,60.2,149
be,Berlin,0,17,2011,2011-09-18,FALSE,bsw,BSW,FALSE,BSW,NA,NA,60.2,149
be,Berlin,0,18,2016,2016-09-18,FALSE,spd,SPD,FALSE,SPD,21.6,38,66.9,160
be,Berlin,0,18,2016,2016-09-18,FALSE,cdu,CDU/CSU,FALSE,CDU,17.6,31,66.9,160
be,Berlin,0,18,2016,2016-09-18,FALSE,lin,Left,FALSE,PDS/Die Linke.,15.6,27,66.9,160
be,Berlin,0,18,2016,2016-09-18,FALSE,gru,Greens,FALSE,GRÜNE¹,15.2,27,66.9,160
be,Berlin,0,18,2016,2016-09-18,FALSE,afd,AfD,TRUE,AfD,14.2,25,66.9,160
be,Berlin,0,18,2016,2016-09-18,FALSE,oth,Other,FALSE,Sonstige,7.4,NA,66.9,160
be,Berlin,0,18,2016,2016-09-18,FALSE,fdp,FDP,FALSE,FDP,6.7,12,66.9,160
be,Berlin,0,18,2016,2016-09-18,FALSE,pir,Other (named),FALSE,PIRATEN,1.7,NA,66.9,160
be,Berlin,0,18,2016,2016-09-18,FALSE,rep,Far right (pre-AfD),TRUE,REP,NA,NA,66.9,160
be,Berlin,0,18,2016,2016-09-18,FALSE,bndnis,Other (named),FALSE,Bündnis 90,NA,NA,66.9,160
be,Berlin,0,18,2016,2016-09-18,FALSE,dp,Other (named),FALSE,DP,NA,NA,66.9,160
be,Berlin,0,18,2016,2016-09-18,FALSE,bhe,Other (named),FALSE,BHE,NA,NA,66.9,160
be,Berlin,0,18,2016,2016-09-18,FALSE,sew,Left,FALSE,SED/SEW²,NA,NA,66.9,160
be,Berlin,0,18,2016,2016-09-18,FALSE,fw,Other (named),FALSE,FREIE WÄHLER,NA,NA,66.9,160
be,Berlin,0,18,2016,2016-09-18,FALSE,bsw,BSW,FALSE,BSW,NA,NA,66.9,160
be,Berlin,0,19,2021,2021-09-26,FALSE,spd,SPD,FALSE,SPD,21.4,36,75.4,147
be,Berlin,0,19,2021,2021-09-26,FALSE,gru,Greens,FALSE,GRÜNE¹,18.9,32,75.4,147
be,Berlin,0,19,2021,2021-09-26,FALSE,cdu,CDU/CSU,FALSE,CDU,18,30,75.4,147
be,Berlin,0,19,2021,2021-09-26,FALSE,lin,Left,FALSE,PDS/Die Linke.,14.1,24,75.4,147
be,Berlin,0,19,2021,2021-09-26,FALSE,afd,AfD,TRUE,AfD,8,13,75.4,147
be,Berlin,0,19,2021,2021-09-26,FALSE,fdp,FDP,FALSE,FDP,7.1,12,75.4,147
be,Berlin,0,19,2021,2021-09-26,FALSE,fw,Other (named),FALSE,FREIE WÄHLER,0.8,NA,75.4,147
be,Berlin,0,19,2021,2021-09-26,FALSE,pir,Other (named),FALSE,PIRATEN,0.4,NA,75.4,147
be,Berlin,0,19,2021,2021-09-26,FALSE,rep,Far right (pre-AfD),TRUE,REP,0,NA,75.4,147
be,Berlin,0,19,2021,2021-09-26,FALSE,bndnis,Other (named),FALSE,Bündnis 90,NA,NA,75.4,147
be,Berlin,0,19,2021,2021-09-26,FALSE,dp,Other (named),FALSE,DP,NA,NA,75.4,147
be,Berlin,0,19,2021,2021-09-26,FALSE,bhe,Other (named),FALSE,BHE,NA,NA,75.4,147
be,Berlin,0,19,2021,2021-09-26,FALSE,sew,Left,FALSE,SED/SEW²,NA,NA,75.4,147
be,Berlin,0,19,2021,2021-09-26,FALSE,bsw,BSW,FALSE,BSW,NA,NA,75.4,147
be,Berlin,0,19,2021,2021-09-26,FALSE,oth,Other,FALSE,Sonstige,11.3,NA,75.4,147
be,Berlin,0,20,2023,2023-02-12,TRUE,cdu,CDU/CSU,FALSE,CDU,28.2,52,63,159
be,Berlin,0,20,2023,2023-02-12,TRUE,spd,SPD,FALSE,SPD,18.4,34,63,159
be,Berlin,0,20,2023,2023-02-12,TRUE,gru,Greens,FALSE,GRÜNE¹,18.4,34,63,159
be,Berlin,0,20,2023,2023-02-12,TRUE,lin,Left,FALSE,PDS/Die Linke.,12.2,22,63,159
be,Berlin,0,20,2023,2023-02-12,TRUE,afd,AfD,TRUE,AfD,9.1,17,63,159
be,Berlin,0,20,2023,2023-02-12,TRUE,fdp,FDP,FALSE,FDP,4.6,NA,63,159
be,Berlin,0,20,2023,2023-02-12,TRUE,pir,Other (named),FALSE,PIRATEN,0.3,NA,63,159
be,Berlin,0,20,2023,2023-02-12,TRUE,fw,Other (named),FALSE,FREIE WÄHLER,0.3,NA,63,159
be,Berlin,0,20,2023,2023-02-12,TRUE,rep,Far right (pre-AfD),TRUE,REP,0,NA,63,159
be,Berlin,0,20,2023,2023-02-12,TRUE,bndnis,Other (named),FALSE,Bündnis 90,NA,NA,63,159
be,Berlin,0,20,2023,2023-02-12,TRUE,dp,Other (named),FALSE,DP,NA,NA,63,159
be,Berlin,0,20,2023,2023-02-12,TRUE,bhe,Other (named),FALSE,BHE,NA,NA,63,159
be,Berlin,0,20,2023,2023-02-12,TRUE,sew,Left,FALSE,SED/SEW²,NA,NA,63,159
be,Berlin,0,20,2023,2023-02-12,TRUE,bsw,BSW,FALSE,BSW,NA,NA,63,159
be,Berlin,0,20,2023,2023-02-12,TRUE,oth,Other,FALSE,Sonstige,8.5,NA,63,159
be,Berlin,0,21,2026,2026-09-20,FALSE,lin,Left,FALSE,PDS/Die Linke.,25.7,47,74.2,158
be,Berlin,0,21,2026,2026-09-20,FALSE,cdu,CDU/CSU,FALSE,CDU,18.8,34,74.2,158
be,Berlin,0,21,2026,2026-09-20,FALSE,afd,AfD,TRUE,AfD,16,29,74.2,158
be,Berlin,0,21,2026,2026-09-20,FALSE,gru,Greens,FALSE,GRÜNE¹,14.3,26,74.2,158
be,Berlin,0,21,2026,2026-09-20,FALSE,spd,SPD,FALSE,SPD,12.1,22,74.2,158
be,Berlin,0,21,2026,2026-09-20,FALSE,bsw,BSW,FALSE,BSW,4.7,NA,74.2,158
be,Berlin,0,21,2026,2026-09-20,FALSE,fdp,FDP,FALSE,FDP,2.5,NA,74.2,158
be,Berlin,0,21,2026,2026-09-20,FALSE,rep,Far right (pre-AfD),TRUE,REP,NA,NA,74.2,158
be,Berlin,0,21,2026,2026-09-20,FALSE,bndnis,Other (named),FALSE,Bündnis 90,NA,NA,74.2,158
be,Berlin,0,21,2026,2026-09-20,FALSE,pir,Other (named),FALSE,PIRATEN,NA,NA,74.2,158
be,Berlin,0,21,2026,2026-09-20,FALSE,dp,Other (named),FALSE,DP,NA,NA,74.2,158
be,Berlin,0,21,2026,2026-09-20,FALSE,bhe,Other (named),FALSE,BHE,NA,NA,74.2,158
be,Berlin,0,21,2026,2026-09-20,FALSE,sew,Left,FALSE,SED/SEW²,NA,NA,74.2,158
be,Berlin,0,21,2026,2026-09-20,FALSE,fw,Other (named),FALSE,FREIE WÄHLER,NA,NA,74.2,158
be,Berlin,0,21,2026,2026-09-20,FALSE,oth,Other,FALSE,Sonstige,5.9,NA,74.2,158
bw,Baden-Württemberg,0,1,1952,1952-03-09,FALSE,cdu,CDU/CSU,FALSE,CDU,36,50,63.7,121
bw,Baden-Württemberg,0,1,1952,1952-03-09,FALSE,spd,SPD,FALSE,SPD,28,38,63.7,121
bw,Baden-Württemberg,0,1,1952,1952-03-09,FALSE,fdp,FDP,FALSE,FDP/DVP,18,23,63.7,121
bw,Baden-Württemberg,0,1,1952,1952-03-09,FALSE,oth,Other,FALSE,Sonstige,7.3,NA,63.7,121
bw,Baden-Württemberg,0,1,1952,1952-03-09,FALSE,bhe,Other (named),FALSE,BHE³,6.3,6,63.7,121
bw,Baden-Württemberg,0,1,1952,1952-03-09,FALSE,kpd,KPD/DKP,FALSE,KPD/DKP4,4.4,4,63.7,121
bw,Baden-Württemberg,0,1,1952,1952-03-09,FALSE,gru,Greens,FALSE,GRÜNE,NA,NA,63.7,121
bw,Baden-Württemberg,0,1,1952,1952-03-09,FALSE,afd,AfD,TRUE,AfD,NA,NA,63.7,121
bw,Baden-Württemberg,0,1,1952,1952-03-09,FALSE,lin,Left,FALSE,Die Linke²,NA,NA,63.7,121
bw,Baden-Württemberg,0,1,1952,1952-03-09,FALSE,npd,Far right (pre-AfD),TRUE,NPD,NA,NA,63.7,121
bw,Baden-Württemberg,0,1,1952,1952-03-09,FALSE,rep,Far right (pre-AfD),TRUE,REP,NA,NA,63.7,121
bw,Baden-Württemberg,0,1,1952,1952-03-09,FALSE,pir,Other (named),FALSE,PIRATEN,NA,NA,63.7,121
bw,Baden-Württemberg,0,1,1952,1952-03-09,FALSE,fw,Other (named),FALSE,FREIE WÄHLER,NA,NA,63.7,121
bw,Baden-Württemberg,0,2,1956,1956-03-04,FALSE,cdu,CDU/CSU,FALSE,CDU,42.6,56,70.3,120
bw,Baden-Württemberg,0,2,1956,1956-03-04,FALSE,spd,SPD,FALSE,SPD,28.9,36,70.3,120
bw,Baden-Württemberg,0,2,1956,1956-03-04,FALSE,fdp,FDP,FALSE,FDP/DVP,16.6,21,70.3,120
bw,Baden-Württemberg,0,2,1956,1956-03-04,FALSE,bhe,Other (named),FALSE,BHE³,6.3,7,70.3,120
bw,Baden-Württemberg,0,2,1956,1956-03-04,FALSE,kpd,KPD/DKP,FALSE,KPD/DKP4,3.2,NA,70.3,120
bw,Baden-Württemberg,0,2,1956,1956-03-04,FALSE,oth,Other,FALSE,Sonstige,2.4,NA,70.3,120
bw,Baden-Württemberg,0,2,1956,1956-03-04,FALSE,gru,Greens,FALSE,GRÜNE,NA,NA,70.3,120
bw,Baden-Württemberg,0,2,1956,1956-03-04,FALSE,afd,AfD,TRUE,AfD,NA,NA,70.3,120
bw,Baden-Württemberg,0,2,1956,1956-03-04,FALSE,lin,Left,FALSE,Die Linke²,NA,NA,70.3,120
bw,Baden-Württemberg,0,2,1956,1956-03-04,FALSE,npd,Far right (pre-AfD),TRUE,NPD,NA,NA,70.3,120
bw,Baden-Württemberg,0,2,1956,1956-03-04,FALSE,rep,Far right (pre-AfD),TRUE,REP,NA,NA,70.3,120
bw,Baden-Württemberg,0,2,1956,1956-03-04,FALSE,pir,Other (named),FALSE,PIRATEN,NA,NA,70.3,120
bw,Baden-Württemberg,0,2,1956,1956-03-04,FALSE,fw,Other (named),FALSE,FREIE WÄHLER,NA,NA,70.3,120
bw,Baden-Württemberg,0,3,1960,1960-05-15,FALSE,cdu,CDU/CSU,FALSE,CDU,39.5,52,59,121
bw,Baden-Württemberg,0,3,1960,1960-05-15,FALSE,spd,SPD,FALSE,SPD,35.3,44,59,121
bw,Baden-Württemberg,0,3,1960,1960-05-15,FALSE,fdp,FDP,FALSE,FDP/DVP,15.8,18,59,121
bw,Baden-Württemberg,0,3,1960,1960-05-15,FALSE,bhe,Other (named),FALSE,BHE³,6.6,7,59,121
bw,Baden-Württemberg,0,3,1960,1960-05-15,FALSE,oth,Other,FALSE,Sonstige,2.8,NA,59,121
bw,Baden-Württemberg,0,3,1960,1960-05-15,FALSE,gru,Greens,FALSE,GRÜNE,NA,NA,59,121
bw,Baden-Württemberg,0,3,1960,1960-05-15,FALSE,afd,AfD,TRUE,AfD,NA,NA,59,121
bw,Baden-Württemberg,0,3,1960,1960-05-15,FALSE,lin,Left,FALSE,Die Linke²,NA,NA,59,121
bw,Baden-Württemberg,0,3,1960,1960-05-15,FALSE,kpd,KPD/DKP,FALSE,KPD/DKP4,NA,NA,59,121
bw,Baden-Württemberg,0,3,1960,1960-05-15,FALSE,npd,Far right (pre-AfD),TRUE,NPD,NA,NA,59,121
bw,Baden-Württemberg,0,3,1960,1960-05-15,FALSE,rep,Far right (pre-AfD),TRUE,REP,NA,NA,59,121
bw,Baden-Württemberg,0,3,1960,1960-05-15,FALSE,pir,Other (named),FALSE,PIRATEN,NA,NA,59,121
bw,Baden-Württemberg,0,3,1960,1960-05-15,FALSE,fw,Other (named),FALSE,FREIE WÄHLER,NA,NA,59,121
bw,Baden-Württemberg,0,4,1964,1964-04-26,FALSE,cdu,CDU/CSU,FALSE,CDU,46.2,59,67.7,120
bw,Baden-Württemberg,0,4,1964,1964-04-26,FALSE,spd,SPD,FALSE,SPD,37.3,47,67.7,120
bw,Baden-Württemberg,0,4,1964,1964-04-26,FALSE,fdp,FDP,FALSE,FDP/DVP,13.1,14,67.7,120
bw,Baden-Württemberg,0,4,1964,1964-04-26,FALSE,oth,Other,FALSE,Sonstige,3.5,NA,67.7,120
bw,Baden-Württemberg,0,4,1964,1964-04-26,FALSE,gru,Greens,FALSE,GRÜNE,NA,NA,67.7,120
bw,Baden-Württemberg,0,4,1964,1964-04-26,FALSE,afd,AfD,TRUE,AfD,NA,NA,67.7,120
bw,Baden-Württemberg,0,4,1964,1964-04-26,FALSE,lin,Left,FALSE,Die Linke²,NA,NA,67.7,120
bw,Baden-Württemberg,0,4,1964,1964-04-26,FALSE,bhe,Other (named),FALSE,BHE³,NA,NA,67.7,120
bw,Baden-Württemberg,0,4,1964,1964-04-26,FALSE,kpd,KPD/DKP,FALSE,KPD/DKP4,NA,NA,67.7,120
bw,Baden-Württemberg,0,4,1964,1964-04-26,FALSE,npd,Far right (pre-AfD),TRUE,NPD,NA,NA,67.7,120
bw,Baden-Württemberg,0,4,1964,1964-04-26,FALSE,rep,Far right (pre-AfD),TRUE,REP,NA,NA,67.7,120
bw,Baden-Württemberg,0,4,1964,1964-04-26,FALSE,pir,Other (named),FALSE,PIRATEN,NA,NA,67.7,120
bw,Baden-Württemberg,0,4,1964,1964-04-26,FALSE,fw,Other (named),FALSE,FREIE WÄHLER,NA,NA,67.7,120
bw,Baden-Württemberg,0,5,1968,1968-04-28,FALSE,cdu,CDU/CSU,FALSE,CDU,44.2,60,70,127
bw,Baden-Württemberg,0,5,1968,1968-04-28,FALSE,spd,SPD,FALSE,SPD,29,37,70,127
bw,Baden-Württemberg,0,5,1968,1968-04-28,FALSE,fdp,FDP,FALSE,FDP/DVP,14.4,18,70,127
bw,Baden-Württemberg,0,5,1968,1968-04-28,FALSE,npd,Far right (pre-AfD),TRUE,NPD,9.8,12,70,127
bw,Baden-Württemberg,0,5,1968,1968-04-28,FALSE,oth,Other,FALSE,Sonstige,2.6,NA,70,127
bw,Baden-Württemberg,0,5,1968,1968-04-28,FALSE,gru,Greens,FALSE,GRÜNE,NA,NA,70,127
bw,Baden-Württemberg,0,5,1968,1968-04-28,FALSE,afd,AfD,TRUE,AfD,NA,NA,70,127
bw,Baden-Württemberg,0,5,1968,1968-04-28,FALSE,lin,Left,FALSE,Die Linke²,NA,NA,70,127
bw,Baden-Württemberg,0,5,1968,1968-04-28,FALSE,bhe,Other (named),FALSE,BHE³,NA,NA,70,127
bw,Baden-Württemberg,0,5,1968,1968-04-28,FALSE,kpd,KPD/DKP,FALSE,KPD/DKP4,NA,NA,70,127
bw,Baden-Württemberg,0,5,1968,1968-04-28,FALSE,rep,Far right (pre-AfD),TRUE,REP,NA,NA,70,127
bw,Baden-Württemberg,0,5,1968,1968-04-28,FALSE,pir,Other (named),FALSE,PIRATEN,NA,NA,70,127
bw,Baden-Württemberg,0,5,1968,1968-04-28,FALSE,fw,Other (named),FALSE,FREIE WÄHLER,NA,NA,70,127
bw,Baden-Württemberg,0,6,1972,1972-04-23,FALSE,cdu,CDU/CSU,FALSE,CDU,52.9,65,80,120
bw,Baden-Württemberg,0,6,1972,1972-04-23,FALSE,spd,SPD,FALSE,SPD,37.6,45,80,120
bw,Baden-Württemberg,0,6,1972,1972-04-23,FALSE,fdp,FDP,FALSE,FDP/DVP,8.9,10,80,120
bw,Baden-Württemberg,0,6,1972,1972-04-23,FALSE,kpd,KPD/DKP,FALSE,KPD/DKP4,0.5,NA,80,120
bw,Baden-Württemberg,0,6,1972,1972-04-23,FALSE,oth,Other,FALSE,Sonstige,0.1,NA,80,120
bw,Baden-Württemberg,0,6,1972,1972-04-23,FALSE,gru,Greens,FALSE,GRÜNE,NA,NA,80,120
bw,Baden-Württemberg,0,6,1972,1972-04-23,FALSE,afd,AfD,TRUE,AfD,NA,NA,80,120
bw,Baden-Württemberg,0,6,1972,1972-04-23,FALSE,lin,Left,FALSE,Die Linke²,NA,NA,80,120
bw,Baden-Württemberg,0,6,1972,1972-04-23,FALSE,bhe,Other (named),FALSE,BHE³,NA,NA,80,120
bw,Baden-Württemberg,0,6,1972,1972-04-23,FALSE,npd,Far right (pre-AfD),TRUE,NPD,NA,NA,80,120
bw,Baden-Württemberg,0,6,1972,1972-04-23,FALSE,rep,Far right (pre-AfD),TRUE,REP,NA,NA,80,120
bw,Baden-Württemberg,0,6,1972,1972-04-23,FALSE,pir,Other (named),FALSE,PIRATEN,NA,NA,80,120
bw,Baden-Württemberg,0,6,1972,1972-04-23,FALSE,fw,Other (named),FALSE,FREIE WÄHLER,NA,NA,80,120
bw,Baden-Württemberg,0,7,1976,1976-04-04,FALSE,cdu,CDU/CSU,FALSE,CDU,56.7,71,75.5,121
bw,Baden-Württemberg,0,7,1976,1976-04-04,FALSE,spd,SPD,FALSE,SPD,33.3,41,75.5,121
bw,Baden-Württemberg,0,7,1976,1976-04-04,FALSE,fdp,FDP,FALSE,FDP/DVP,7.8,9,75.5,121
bw,Baden-Württemberg,0,7,1976,1976-04-04,FALSE,npd,Far right (pre-AfD),TRUE,NPD,0.9,NA,75.5,121
bw,Baden-Württemberg,0,7,1976,1976-04-04,FALSE,oth,Other,FALSE,Sonstige,0.9,NA,75.5,121
bw,Baden-Württemberg,0,7,1976,1976-04-04,FALSE,kpd,KPD/DKP,FALSE,KPD/DKP4,0.4,NA,75.5,121
bw,Baden-Württemberg,0,7,1976,1976-04-04,FALSE,gru,Greens,FALSE,GRÜNE,NA,NA,75.5,121
bw,Baden-Württemberg,0,7,1976,1976-04-04,FALSE,afd,AfD,TRUE,AfD,NA,NA,75.5,121
bw,Baden-Württemberg,0,7,1976,1976-04-04,FALSE,lin,Left,FALSE,Die Linke²,NA,NA,75.5,121
bw,Baden-Württemberg,0,7,1976,1976-04-04,FALSE,bhe,Other (named),FALSE,BHE³,NA,NA,75.5,121
bw,Baden-Württemberg,0,7,1976,1976-04-04,FALSE,rep,Far right (pre-AfD),TRUE,REP,NA,NA,75.5,121
bw,Baden-Württemberg,0,7,1976,1976-04-04,FALSE,pir,Other (named),FALSE,PIRATEN,NA,NA,75.5,121
bw,Baden-Württemberg,0,7,1976,1976-04-04,FALSE,fw,Other (named),FALSE,FREIE WÄHLER,NA,NA,75.5,121
bw,Baden-Württemberg,0,8,1980,1980-03-16,FALSE,cdu,CDU/CSU,FALSE,CDU,53.4,68,72.1,124
bw,Baden-Württemberg,0,8,1980,1980-03-16,FALSE,spd,SPD,FALSE,SPD,32.5,40,72.1,124
bw,Baden-Württemberg,0,8,1980,1980-03-16,FALSE,fdp,FDP,FALSE,FDP/DVP,8.3,10,72.1,124
bw,Baden-Württemberg,0,8,1980,1980-03-16,FALSE,gru,Greens,FALSE,GRÜNE,5.3,6,72.1,124
bw,Baden-Württemberg,0,8,1980,1980-03-16,FALSE,kpd,KPD/DKP,FALSE,KPD/DKP4,0.3,NA,72.1,124
bw,Baden-Württemberg,0,8,1980,1980-03-16,FALSE,oth,Other,FALSE,Sonstige,0.2,NA,72.1,124
bw,Baden-Württemberg,0,8,1980,1980-03-16,FALSE,afd,AfD,TRUE,AfD,NA,NA,72.1,124
bw,Baden-Württemberg,0,8,1980,1980-03-16,FALSE,lin,Left,FALSE,Die Linke²,NA,NA,72.1,124
bw,Baden-Württemberg,0,8,1980,1980-03-16,FALSE,bhe,Other (named),FALSE,BHE³,NA,NA,72.1,124
bw,Baden-Württemberg,0,8,1980,1980-03-16,FALSE,npd,Far right (pre-AfD),TRUE,NPD,NA,NA,72.1,124
bw,Baden-Württemberg,0,8,1980,1980-03-16,FALSE,rep,Far right (pre-AfD),TRUE,REP,NA,NA,72.1,124
bw,Baden-Württemberg,0,8,1980,1980-03-16,FALSE,pir,Other (named),FALSE,PIRATEN,NA,NA,72.1,124
bw,Baden-Württemberg,0,8,1980,1980-03-16,FALSE,fw,Other (named),FALSE,FREIE WÄHLER,NA,NA,72.1,124
bw,Baden-Württemberg,0,9,1984,1984-03-25,FALSE,cdu,CDU/CSU,FALSE,CDU,51.9,68,71.2,126
bw,Baden-Württemberg,0,9,1984,1984-03-25,FALSE,spd,SPD,FALSE,SPD,32.4,41,71.2,126
bw,Baden-Württemberg,0,9,1984,1984-03-25,FALSE,gru,Greens,FALSE,GRÜNE,8,9,71.2,126
bw,Baden-Württemberg,0,9,1984,1984-03-25,FALSE,fdp,FDP,FALSE,FDP/DVP,7.2,8,71.2,126
bw,Baden-Württemberg,0,9,1984,1984-03-25,FALSE,kpd,KPD/DKP,FALSE,KPD/DKP4,0.3,NA,71.2,126
bw,Baden-Württemberg,0,9,1984,1984-03-25,FALSE,oth,Other,FALSE,Sonstige,0.2,NA,71.2,126
bw,Baden-Württemberg,0,9,1984,1984-03-25,FALSE,afd,AfD,TRUE,AfD,NA,NA,71.2,126
bw,Baden-Württemberg,0,9,1984,1984-03-25,FALSE,lin,Left,FALSE,Die Linke²,NA,NA,71.2,126
bw,Baden-Württemberg,0,9,1984,1984-03-25,FALSE,bhe,Other (named),FALSE,BHE³,NA,NA,71.2,126
bw,Baden-Württemberg,0,9,1984,1984-03-25,FALSE,npd,Far right (pre-AfD),TRUE,NPD,NA,NA,71.2,126
bw,Baden-Württemberg,0,9,1984,1984-03-25,FALSE,rep,Far right (pre-AfD),TRUE,REP,NA,NA,71.2,126
bw,Baden-Württemberg,0,9,1984,1984-03-25,FALSE,pir,Other (named),FALSE,PIRATEN,NA,NA,71.2,126
bw,Baden-Württemberg,0,9,1984,1984-03-25,FALSE,fw,Other (named),FALSE,FREIE WÄHLER,NA,NA,71.2,126
bw,Baden-Württemberg,0,10,1988,1988-03-20,FALSE,cdu,CDU/CSU,FALSE,CDU,49,66,71.8,125
bw,Baden-Württemberg,0,10,1988,1988-03-20,FALSE,spd,SPD,FALSE,SPD,32,42,71.8,125
bw,Baden-Württemberg,0,10,1988,1988-03-20,FALSE,gru,Greens,FALSE,GRÜNE,7.9,10,71.8,125
bw,Baden-Württemberg,0,10,1988,1988-03-20,FALSE,fdp,FDP,FALSE,FDP/DVP,5.9,7,71.8,125
bw,Baden-Württemberg,0,10,1988,1988-03-20,FALSE,oth,Other,FALSE,Sonstige,3.1,NA,71.8,125
bw,Baden-Württemberg,0,10,1988,1988-03-20,FALSE,npd,Far right (pre-AfD),TRUE,NPD,2.1,NA,71.8,125
bw,Baden-Württemberg,0,10,1988,1988-03-20,FALSE,afd,AfD,TRUE,AfD,NA,NA,71.8,125
bw,Baden-Württemberg,0,10,1988,1988-03-20,FALSE,lin,Left,FALSE,Die Linke²,NA,NA,71.8,125
bw,Baden-Württemberg,0,10,1988,1988-03-20,FALSE,bhe,Other (named),FALSE,BHE³,NA,NA,71.8,125
bw,Baden-Württemberg,0,10,1988,1988-03-20,FALSE,kpd,KPD/DKP,FALSE,KPD/DKP4,NA,NA,71.8,125
bw,Baden-Württemberg,0,10,1988,1988-03-20,FALSE,rep,Far right (pre-AfD),TRUE,REP,NA,NA,71.8,125
bw,Baden-Württemberg,0,10,1988,1988-03-20,FALSE,pir,Other (named),FALSE,PIRATEN,NA,NA,71.8,125
bw,Baden-Württemberg,0,10,1988,1988-03-20,FALSE,fw,Other (named),FALSE,FREIE WÄHLER,NA,NA,71.8,125
bw,Baden-Württemberg,0,11,1992,1992-04-05,FALSE,cdu,CDU/CSU,FALSE,CDU,39.6,64,70.1,146
bw,Baden-Württemberg,0,11,1992,1992-04-05,FALSE,spd,SPD,FALSE,SPD,29.4,46,70.1,146
bw,Baden-Württemberg,0,11,1992,1992-04-05,FALSE,rep,Far right (pre-AfD),TRUE,REP,10.9,15,70.1,146
bw,Baden-Württemberg,0,11,1992,1992-04-05,FALSE,gru,Greens,FALSE,GRÜNE,9.5,13,70.1,146
bw,Baden-Württemberg,0,11,1992,1992-04-05,FALSE,fdp,FDP,FALSE,FDP/DVP,5.9,8,70.1,146
bw,Baden-Württemberg,0,11,1992,1992-04-05,FALSE,oth,Other,FALSE,Sonstige,3.9,NA,70.1,146
bw,Baden-Württemberg,0,11,1992,1992-04-05,FALSE,npd,Far right (pre-AfD),TRUE,NPD,0.9,NA,70.1,146
bw,Baden-Württemberg,0,11,1992,1992-04-05,FALSE,kpd,KPD/DKP,FALSE,KPD/DKP4,0,NA,70.1,146
bw,Baden-Württemberg,0,11,1992,1992-04-05,FALSE,afd,AfD,TRUE,AfD,NA,NA,70.1,146
bw,Baden-Württemberg,0,11,1992,1992-04-05,FALSE,lin,Left,FALSE,Die Linke²,NA,NA,70.1,146
bw,Baden-Württemberg,0,11,1992,1992-04-05,FALSE,bhe,Other (named),FALSE,BHE³,NA,NA,70.1,146
bw,Baden-Württemberg,0,11,1992,1992-04-05,FALSE,pir,Other (named),FALSE,PIRATEN,NA,NA,70.1,146
bw,Baden-Württemberg,0,11,1992,1992-04-05,FALSE,fw,Other (named),FALSE,FREIE WÄHLER,NA,NA,70.1,146
bw,Baden-Württemberg,0,12,1996,1996-03-24,FALSE,cdu,CDU/CSU,FALSE,CDU,41.3,69,67.5,155
bw,Baden-Württemberg,0,12,1996,1996-03-24,FALSE,spd,SPD,FALSE,SPD,25.1,39,67.5,155
bw,Baden-Württemberg,0,12,1996,1996-03-24,FALSE,gru,Greens,FALSE,GRÜNE,12.1,19,67.5,155
bw,Baden-Württemberg,0,12,1996,1996-03-24,FALSE,fdp,FDP,FALSE,FDP/DVP,9.6,14,67.5,155
bw,Baden-Württemberg,0,12,1996,1996-03-24,FALSE,rep,Far right (pre-AfD),TRUE,REP,9.1,14,67.5,155
bw,Baden-Württemberg,0,12,1996,1996-03-24,FALSE,oth,Other,FALSE,Sonstige,2.8,NA,67.5,155
bw,Baden-Württemberg,0,12,1996,1996-03-24,FALSE,kpd,KPD/DKP,FALSE,KPD/DKP4,0,NA,67.5,155
bw,Baden-Württemberg,0,12,1996,1996-03-24,FALSE,afd,AfD,TRUE,AfD,NA,NA,67.5,155
bw,Baden-Württemberg,0,12,1996,1996-03-24,FALSE,lin,Left,FALSE,Die Linke²,NA,NA,67.5,155
bw,Baden-Württemberg,0,12,1996,1996-03-24,FALSE,bhe,Other (named),FALSE,BHE³,NA,NA,67.5,155
bw,Baden-Württemberg,0,12,1996,1996-03-24,FALSE,npd,Far right (pre-AfD),TRUE,NPD,NA,NA,67.5,155
bw,Baden-Württemberg,0,12,1996,1996-03-24,FALSE,pir,Other (named),FALSE,PIRATEN,NA,NA,67.5,155
bw,Baden-Württemberg,0,12,1996,1996-03-24,FALSE,fw,Other (named),FALSE,FREIE WÄHLER,NA,NA,67.5,155
bw,Baden-Württemberg,0,13,2001,2001-03-25,FALSE,cdu,CDU/CSU,FALSE,CDU,44.8,63,62.6,128
bw,Baden-Württemberg,0,13,2001,2001-03-25,FALSE,spd,SPD,FALSE,SPD,33.3,45,62.6,128
bw,Baden-Württemberg,0,13,2001,2001-03-25,FALSE,fdp,FDP,FALSE,FDP/DVP,8.1,10,62.6,128
bw,Baden-Württemberg,0,13,2001,2001-03-25,FALSE,gru,Greens,FALSE,GRÜNE,7.7,10,62.6,128
bw,Baden-Württemberg,0,13,2001,2001-03-25,FALSE,rep,Far right (pre-AfD),TRUE,REP,4.4,NA,62.6,128
bw,Baden-Württemberg,0,13,2001,2001-03-25,FALSE,oth,Other,FALSE,Sonstige,1.5,NA,62.6,128
bw,Baden-Württemberg,0,13,2001,2001-03-25,FALSE,npd,Far right (pre-AfD),TRUE,NPD,0.2,NA,62.6,128
bw,Baden-Württemberg,0,13,2001,2001-03-25,FALSE,afd,AfD,TRUE,AfD,NA,NA,62.6,128
bw,Baden-Württemberg,0,13,2001,2001-03-25,FALSE,lin,Left,FALSE,Die Linke²,NA,NA,62.6,128
bw,Baden-Württemberg,0,13,2001,2001-03-25,FALSE,bhe,Other (named),FALSE,BHE³,NA,NA,62.6,128
bw,Baden-Württemberg,0,13,2001,2001-03-25,FALSE,kpd,KPD/DKP,FALSE,KPD/DKP4,NA,NA,62.6,128
bw,Baden-Württemberg,0,13,2001,2001-03-25,FALSE,pir,Other (named),FALSE,PIRATEN,NA,NA,62.6,128
bw,Baden-Württemberg,0,13,2001,2001-03-25,FALSE,fw,Other (named),FALSE,FREIE WÄHLER,NA,NA,62.6,128
bw,Baden-Württemberg,0,14,2006,2006-03-26,FALSE,cdu,CDU/CSU,FALSE,CDU,44.2,69,53.4,139
bw,Baden-Württemberg,0,14,2006,2006-03-26,FALSE,spd,SPD,FALSE,SPD,25.2,38,53.4,139
bw,Baden-Württemberg,0,14,2006,2006-03-26,FALSE,gru,Greens,FALSE,GRÜNE,11.7,17,53.4,139
bw,Baden-Württemberg,0,14,2006,2006-03-26,FALSE,fdp,FDP,FALSE,FDP/DVP,10.7,15,53.4,139
bw,Baden-Württemberg,0,14,2006,2006-03-26,FALSE,lin,Left,FALSE,Die Linke²,3.1,NA,53.4,139
bw,Baden-Württemberg,0,14,2006,2006-03-26,FALSE,rep,Far right (pre-AfD),TRUE,REP,2.5,NA,53.4,139
bw,Baden-Württemberg,0,14,2006,2006-03-26,FALSE,oth,Other,FALSE,Sonstige,2,NA,53.4,139
bw,Baden-Württemberg,0,14,2006,2006-03-26,FALSE,npd,Far right (pre-AfD),TRUE,NPD,0.7,NA,53.4,139
bw,Baden-Württemberg,0,14,2006,2006-03-26,FALSE,afd,AfD,TRUE,AfD,NA,NA,53.4,139
bw,Baden-Württemberg,0,14,2006,2006-03-26,FALSE,bhe,Other (named),FALSE,BHE³,NA,NA,53.4,139
bw,Baden-Württemberg,0,14,2006,2006-03-26,FALSE,kpd,KPD/DKP,FALSE,KPD/DKP4,NA,NA,53.4,139
bw,Baden-Württemberg,0,14,2006,2006-03-26,FALSE,pir,Other (named),FALSE,PIRATEN,NA,NA,53.4,139
bw,Baden-Württemberg,0,14,2006,2006-03-26,FALSE,fw,Other (named),FALSE,FREIE WÄHLER,NA,NA,53.4,139
bw,Baden-Württemberg,0,15,2011,2011-03-27,FALSE,cdu,CDU/CSU,FALSE,CDU,39,60,66.2,138
bw,Baden-Württemberg,0,15,2011,2011-03-27,FALSE,gru,Greens,FALSE,GRÜNE,24.2,36,66.2,138
bw,Baden-Württemberg,0,15,2011,2011-03-27,FALSE,spd,SPD,FALSE,SPD,23.1,35,66.2,138
bw,Baden-Württemberg,0,15,2011,2011-03-27,FALSE,fdp,FDP,FALSE,FDP/DVP,5.3,7,66.2,138
bw,Baden-Württemberg,0,15,2011,2011-03-27,FALSE,lin,Left,FALSE,Die Linke²,2.8,NA,66.2,138
bw,Baden-Württemberg,0,15,2011,2011-03-27,FALSE,pir,Other (named),FALSE,PIRATEN,2.1,NA,66.2,138
bw,Baden-Württemberg,0,15,2011,2011-03-27,FALSE,oth,Other,FALSE,Sonstige,1.4,NA,66.2,138
bw,Baden-Württemberg,0,15,2011,2011-03-27,FALSE,rep,Far right (pre-AfD),TRUE,REP,1.1,NA,66.2,138
bw,Baden-Württemberg,0,15,2011,2011-03-27,FALSE,npd,Far right (pre-AfD),TRUE,NPD,1,NA,66.2,138
bw,Baden-Württemberg,0,15,2011,2011-03-27,FALSE,afd,AfD,TRUE,AfD,NA,NA,66.2,138
bw,Baden-Württemberg,0,15,2011,2011-03-27,FALSE,bhe,Other (named),FALSE,BHE³,NA,NA,66.2,138
bw,Baden-Württemberg,0,15,2011,2011-03-27,FALSE,kpd,KPD/DKP,FALSE,KPD/DKP4,NA,NA,66.2,138
bw,Baden-Württemberg,0,15,2011,2011-03-27,FALSE,fw,Other (named),FALSE,FREIE WÄHLER,NA,NA,66.2,138
bw,Baden-Württemberg,0,16,2016,2016-03-13,FALSE,gru,Greens,FALSE,GRÜNE,30.3,47,70.4,143
bw,Baden-Württemberg,0,16,2016,2016-03-13,FALSE,cdu,CDU/CSU,FALSE,CDU,27,42,70.4,143
bw,Baden-Württemberg,0,16,2016,2016-03-13,FALSE,afd,AfD,TRUE,AfD,15.1,23,70.4,143
bw,Baden-Württemberg,0,16,2016,2016-03-13,FALSE,spd,SPD,FALSE,SPD,12.7,19,70.4,143
bw,Baden-Württemberg,0,16,2016,2016-03-13,FALSE,fdp,FDP,FALSE,FDP/DVP,8.3,12,70.4,143
bw,Baden-Württemberg,0,16,2016,2016-03-13,FALSE,lin,Left,FALSE,Die Linke²,2.9,NA,70.4,143
bw,Baden-Württemberg,0,16,2016,2016-03-13,FALSE,oth,Other,FALSE,Sonstige,2.5,NA,70.4,143
bw,Baden-Württemberg,0,16,2016,2016-03-13,FALSE,npd,Far right (pre-AfD),TRUE,NPD,0.4,NA,70.4,143
bw,Baden-Württemberg,0,16,2016,2016-03-13,FALSE,pir,Other (named),FALSE,PIRATEN,0.4,NA,70.4,143
bw,Baden-Württemberg,0,16,2016,2016-03-13,FALSE,rep,Far right (pre-AfD),TRUE,REP,0.3,NA,70.4,143
bw,Baden-Württemberg,0,16,2016,2016-03-13,FALSE,fw,Other (named),FALSE,FREIE WÄHLER,0.1,NA,70.4,143
bw,Baden-Württemberg,0,16,2016,2016-03-13,FALSE,kpd,KPD/DKP,FALSE,KPD/DKP4,0,NA,70.4,143
bw,Baden-Württemberg,0,16,2016,2016-03-13,FALSE,bhe,Other (named),FALSE,BHE³,NA,NA,70.4,143
bw,Baden-Württemberg,0,17,2021,2021-03-14,FALSE,gru,Greens,FALSE,GRÜNE,32.6,58,63.8,154
bw,Baden-Württemberg,0,17,2021,2021-03-14,FALSE,cdu,CDU/CSU,FALSE,CDU,24.1,42,63.8,154
bw,Baden-Württemberg,0,17,2021,2021-03-14,FALSE,spd,SPD,FALSE,SPD,11,19,63.8,154
bw,Baden-Württemberg,0,17,2021,2021-03-14,FALSE,fdp,FDP,FALSE,FDP/DVP,10.5,18,63.8,154
bw,Baden-Württemberg,0,17,2021,2021-03-14,FALSE,afd,AfD,TRUE,AfD,9.7,17,63.8,154
bw,Baden-Württemberg,0,17,2021,2021-03-14,FALSE,oth,Other,FALSE,Sonstige,5.4,NA,63.8,154
bw,Baden-Württemberg,0,17,2021,2021-03-14,FALSE,lin,Left,FALSE,Die Linke²,3.6,NA,63.8,154
bw,Baden-Württemberg,0,17,2021,2021-03-14,FALSE,fw,Other (named),FALSE,FREIE WÄHLER,3,NA,63.8,154
bw,Baden-Württemberg,0,17,2021,2021-03-14,FALSE,pir,Other (named),FALSE,PIRATEN,0.1,NA,63.8,154
bw,Baden-Württemberg,0,17,2021,2021-03-14,FALSE,kpd,KPD/DKP,FALSE,KPD/DKP4,0,NA,63.8,154
bw,Baden-Württemberg,0,17,2021,2021-03-14,FALSE,bhe,Other (named),FALSE,BHE³,NA,NA,63.8,154
bw,Baden-Württemberg,0,17,2021,2021-03-14,FALSE,npd,Far right (pre-AfD),TRUE,NPD,NA,NA,63.8,154
bw,Baden-Württemberg,0,17,2021,2021-03-14,FALSE,rep,Far right (pre-AfD),TRUE,REP,NA,NA,63.8,154
bw,Baden-Württemberg,0,18,2026,2026-03-08,TRUE,gru,Greens,FALSE,GRÜNE,30.2,56,69.6,157
bw,Baden-Württemberg,0,18,2026,2026-03-08,TRUE,cdu,CDU/CSU,FALSE,CDU,29.7,56,69.6,157
bw,Baden-Württemberg,0,18,2026,2026-03-08,TRUE,afd,AfD,TRUE,AfD,18.8,35,69.6,157
bw,Baden-Württemberg,0,18,2026,2026-03-08,TRUE,spd,SPD,FALSE,SPD,5.5,10,69.6,157
bw,Baden-Württemberg,0,18,2026,2026-03-08,TRUE,oth,Other,FALSE,Sonstige,5.1,NA,69.6,157
bw,Baden-Württemberg,0,18,2026,2026-03-08,TRUE,fdp,FDP,FALSE,FDP/DVP,4.4,NA,69.6,157
bw,Baden-Württemberg,0,18,2026,2026-03-08,TRUE,lin,Left,FALSE,Die Linke²,4.4,NA,69.6,157
bw,Baden-Württemberg,0,18,2026,2026-03-08,TRUE,fw,Other (named),FALSE,FREIE WÄHLER,1.9,NA,69.6,157
bw,Baden-Württemberg,0,18,2026,2026-03-08,TRUE,bhe,Other (named),FALSE,BHE³,NA,NA,69.6,157
bw,Baden-Württemberg,0,18,2026,2026-03-08,TRUE,kpd,KPD/DKP,FALSE,KPD/DKP4,NA,NA,69.6,157
bw,Baden-Württemberg,0,18,2026,2026-03-08,TRUE,npd,Far right (pre-AfD),TRUE,NPD,NA,NA,69.6,157
bw,Baden-Württemberg,0,18,2026,2026-03-08,TRUE,rep,Far right (pre-AfD),TRUE,REP,NA,NA,69.6,157
bw,Baden-Württemberg,0,18,2026,2026-03-08,TRUE,pir,Other (named),FALSE,PIRATEN,NA,NA,69.6,157
by,Bavaria,0,1,1946,1946-12-01,FALSE,cdu,CDU/CSU,FALSE,CSU,52.3,104,75.7,180
by,Bavaria,0,1,1946,1946-12-01,FALSE,spd,SPD,FALSE,SPD,28.6,54,75.7,180
by,Bavaria,0,1,1946,1946-12-01,FALSE,wav,Other (named),FALSE,WAV,7.4,13,75.7,180
by,Bavaria,0,1,1946,1946-12-01,FALSE,kpd,KPD/DKP,FALSE,KPD/DKP¹,6.1,NA,75.7,180
by,Bavaria,0,1,1946,1946-12-01,FALSE,fdp,FDP,FALSE,FDP,5.6,9,75.7,180
by,Bavaria,0,1,1946,1946-12-01,FALSE,gru,Greens,FALSE,GRÜNE,NA,NA,75.7,180
by,Bavaria,0,1,1946,1946-12-01,FALSE,rep,Far right (pre-AfD),TRUE,REP,NA,NA,75.7,180
by,Bavaria,0,1,1946,1946-12-01,FALSE,dpdp,Other (named),FALSE,ödp/ÖDP,NA,NA,75.7,180
by,Bavaria,0,1,1946,1946-12-01,FALSE,fw,Other (named),FALSE,FW,NA,NA,75.7,180
by,Bavaria,0,1,1946,1946-12-01,FALSE,afd,AfD,TRUE,AfD,NA,NA,75.7,180
by,Bavaria,0,1,1946,1946-12-01,FALSE,lin,Left,FALSE,DIE LINKE,NA,NA,75.7,180
by,Bavaria,0,1,1946,1946-12-01,FALSE,drp,Far right (pre-AfD),TRUE,DRP/NPD²,NA,NA,75.7,180
by,Bavaria,0,1,1946,1946-12-01,FALSE,bhe,Other (named),FALSE,GB/BHE,NA,NA,75.7,180
by,Bavaria,0,1,1946,1946-12-01,FALSE,bp,Other (named),FALSE,BP,NA,NA,75.7,180
by,Bavaria,0,1,1946,1946-12-01,FALSE,pir,Other (named),FALSE,PIRATEN,NA,NA,75.7,180
by,Bavaria,0,1,1946,1946-12-01,FALSE,oth,Other,FALSE,Sonstige,0,NA,75.7,180
by,Bavaria,0,2,1950,1950-11-26,FALSE,spd,SPD,FALSE,SPD,28,63,79.9,204
by,Bavaria,0,2,1950,1950-11-26,FALSE,cdu,CDU/CSU,FALSE,CSU,27.4,64,79.9,204
by,Bavaria,0,2,1950,1950-11-26,FALSE,bp,Other (named),FALSE,BP,17.9,39,79.9,204
by,Bavaria,0,2,1950,1950-11-26,FALSE,bhe,Other (named),FALSE,GB/BHE,12.3,26,79.9,204
by,Bavaria,0,2,1950,1950-11-26,FALSE,fdp,FDP,FALSE,FDP,7.1,12,79.9,204
by,Bavaria,0,2,1950,1950-11-26,FALSE,wav,Other (named),FALSE,WAV,2.8,NA,79.9,204
by,Bavaria,0,2,1950,1950-11-26,FALSE,oth,Other,FALSE,Sonstige,2.6,NA,79.9,204
by,Bavaria,0,2,1950,1950-11-26,FALSE,kpd,KPD/DKP,FALSE,KPD/DKP¹,1.9,NA,79.9,204
by,Bavaria,0,2,1950,1950-11-26,FALSE,gru,Greens,FALSE,GRÜNE,NA,NA,79.9,204
by,Bavaria,0,2,1950,1950-11-26,FALSE,rep,Far right (pre-AfD),TRUE,REP,NA,NA,79.9,204
by,Bavaria,0,2,1950,1950-11-26,FALSE,dpdp,Other (named),FALSE,ödp/ÖDP,NA,NA,79.9,204
by,Bavaria,0,2,1950,1950-11-26,FALSE,fw,Other (named),FALSE,FW,NA,NA,79.9,204
by,Bavaria,0,2,1950,1950-11-26,FALSE,afd,AfD,TRUE,AfD,NA,NA,79.9,204
by,Bavaria,0,2,1950,1950-11-26,FALSE,lin,Left,FALSE,DIE LINKE,NA,NA,79.9,204
by,Bavaria,0,2,1950,1950-11-26,FALSE,drp,Far right (pre-AfD),TRUE,DRP/NPD²,NA,NA,79.9,204
by,Bavaria,0,2,1950,1950-11-26,FALSE,pir,Other (named),FALSE,PIRATEN,NA,NA,79.9,204
by,Bavaria,0,3,1954,1954-11-28,FALSE,cdu,CDU/CSU,FALSE,CSU,38,83,82.4,204
by,Bavaria,0,3,1954,1954-11-28,FALSE,spd,SPD,FALSE,SPD,28.1,61,82.4,204
by,Bavaria,0,3,1954,1954-11-28,FALSE,bp,Other (named),FALSE,BP,13.2,28,82.4,204
by,Bavaria,0,3,1954,1954-11-28,FALSE,bhe,Other (named),FALSE,GB/BHE,10.2,19,82.4,204
by,Bavaria,0,3,1954,1954-11-28,FALSE,fdp,FDP,FALSE,FDP,7.2,13,82.4,204
by,Bavaria,0,3,1954,1954-11-28,FALSE,kpd,KPD/DKP,FALSE,KPD/DKP¹,2.1,NA,82.4,204
by,Bavaria,0,3,1954,1954-11-28,FALSE,oth,Other,FALSE,Sonstige,1.2,NA,82.4,204
by,Bavaria,0,3,1954,1954-11-28,FALSE,gru,Greens,FALSE,GRÜNE,NA,NA,82.4,204
by,Bavaria,0,3,1954,1954-11-28,FALSE,rep,Far right (pre-AfD),TRUE,REP,NA,NA,82.4,204
by,Bavaria,0,3,1954,1954-11-28,FALSE,dpdp,Other (named),FALSE,ödp/ÖDP,NA,NA,82.4,204
by,Bavaria,0,3,1954,1954-11-28,FALSE,fw,Other (named),FALSE,FW,NA,NA,82.4,204
by,Bavaria,0,3,1954,1954-11-28,FALSE,afd,AfD,TRUE,AfD,NA,NA,82.4,204
by,Bavaria,0,3,1954,1954-11-28,FALSE,lin,Left,FALSE,DIE LINKE,NA,NA,82.4,204
by,Bavaria,0,3,1954,1954-11-28,FALSE,drp,Far right (pre-AfD),TRUE,DRP/NPD²,NA,NA,82.4,204
by,Bavaria,0,3,1954,1954-11-28,FALSE,wav,Other (named),FALSE,WAV,NA,NA,82.4,204
by,Bavaria,0,3,1954,1954-11-28,FALSE,pir,Other (named),FALSE,PIRATEN,NA,NA,82.4,204
by,Bavaria,0,4,1958,1958-11-23,FALSE,cdu,CDU/CSU,FALSE,CSU,45.6,101,76.6,204
by,Bavaria,0,4,1958,1958-11-23,FALSE,spd,SPD,FALSE,SPD,30.8,64,76.6,204
by,Bavaria,0,4,1958,1958-11-23,FALSE,bhe,Other (named),FALSE,GB/BHE,8.6,17,76.6,204
by,Bavaria,0,4,1958,1958-11-23,FALSE,bp,Other (named),FALSE,BP,8.1,14,76.6,204
by,Bavaria,0,4,1958,1958-11-23,FALSE,fdp,FDP,FALSE,FDP,5.6,8,76.6,204
by,Bavaria,0,4,1958,1958-11-23,FALSE,oth,Other,FALSE,Sonstige,0.9,NA,76.6,204
by,Bavaria,0,4,1958,1958-11-23,FALSE,drp,Far right (pre-AfD),TRUE,DRP/NPD²,0.4,NA,76.6,204
by,Bavaria,0,4,1958,1958-11-23,FALSE,gru,Greens,FALSE,GRÜNE,NA,NA,76.6,204
by,Bavaria,0,4,1958,1958-11-23,FALSE,rep,Far right (pre-AfD),TRUE,REP,NA,NA,76.6,204
by,Bavaria,0,4,1958,1958-11-23,FALSE,dpdp,Other (named),FALSE,ödp/ÖDP,NA,NA,76.6,204
by,Bavaria,0,4,1958,1958-11-23,FALSE,fw,Other (named),FALSE,FW,NA,NA,76.6,204
by,Bavaria,0,4,1958,1958-11-23,FALSE,afd,AfD,TRUE,AfD,NA,NA,76.6,204
by,Bavaria,0,4,1958,1958-11-23,FALSE,lin,Left,FALSE,DIE LINKE,NA,NA,76.6,204
by,Bavaria,0,4,1958,1958-11-23,FALSE,kpd,KPD/DKP,FALSE,KPD/DKP¹,NA,NA,76.6,204
by,Bavaria,0,4,1958,1958-11-23,FALSE,wav,Other (named),FALSE,WAV,NA,NA,76.6,204
by,Bavaria,0,4,1958,1958-11-23,FALSE,pir,Other (named),FALSE,PIRATEN,NA,NA,76.6,204
by,Bavaria,0,5,1962,1962-11-25,FALSE,cdu,CDU/CSU,FALSE,CSU,47.5,108,76.5,204
by,Bavaria,0,5,1962,1962-11-25,FALSE,spd,SPD,FALSE,SPD,35.3,79,76.5,204
by,Bavaria,0,5,1962,1962-11-25,FALSE,fdp,FDP,FALSE,FDP,5.9,9,76.5,204
by,Bavaria,0,5,1962,1962-11-25,FALSE,bhe,Other (named),FALSE,GB/BHE,5.1,NA,76.5,204
by,Bavaria,0,5,1962,1962-11-25,FALSE,bp,Other (named),FALSE,BP,4.8,8,76.5,204
by,Bavaria,0,5,1962,1962-11-25,FALSE,oth,Other,FALSE,Sonstige,1.4,NA,76.5,204
by,Bavaria,0,5,1962,1962-11-25,FALSE,gru,Greens,FALSE,GRÜNE,NA,NA,76.5,204
by,Bavaria,0,5,1962,1962-11-25,FALSE,rep,Far right (pre-AfD),TRUE,REP,NA,NA,76.5,204
by,Bavaria,0,5,1962,1962-11-25,FALSE,dpdp,Other (named),FALSE,ödp/ÖDP,NA,NA,76.5,204
by,Bavaria,0,5,1962,1962-11-25,FALSE,fw,Other (named),FALSE,FW,NA,NA,76.5,204
by,Bavaria,0,5,1962,1962-11-25,FALSE,afd,AfD,TRUE,AfD,NA,NA,76.5,204
by,Bavaria,0,5,1962,1962-11-25,FALSE,lin,Left,FALSE,DIE LINKE,NA,NA,76.5,204
by,Bavaria,0,5,1962,1962-11-25,FALSE,kpd,KPD/DKP,FALSE,KPD/DKP¹,NA,NA,76.5,204
by,Bavaria,0,5,1962,1962-11-25,FALSE,drp,Far right (pre-AfD),TRUE,DRP/NPD²,NA,NA,76.5,204
by,Bavaria,0,5,1962,1962-11-25,FALSE,wav,Other (named),FALSE,WAV,NA,NA,76.5,204
by,Bavaria,0,5,1962,1962-11-25,FALSE,pir,Other (named),FALSE,PIRATEN,NA,NA,76.5,204
by,Bavaria,0,6,1966,1966-11-20,FALSE,cdu,CDU/CSU,FALSE,CSU,48.1,110,80.6,204
by,Bavaria,0,6,1966,1966-11-20,FALSE,spd,SPD,FALSE,SPD,35.8,79,80.6,204
by,Bavaria,0,6,1966,1966-11-20,FALSE,npd,Far right (pre-AfD),TRUE,DRP/NPD²,7.4,15,80.6,204
by,Bavaria,0,6,1966,1966-11-20,FALSE,fdp,FDP,FALSE,FDP,5.1,NA,80.6,204
by,Bavaria,0,6,1966,1966-11-20,FALSE,bp,Other (named),FALSE,BP,3.4,NA,80.6,204
by,Bavaria,0,6,1966,1966-11-20,FALSE,oth,Other,FALSE,Sonstige,0.1,NA,80.6,204
by,Bavaria,0,6,1966,1966-11-20,FALSE,gru,Greens,FALSE,GRÜNE,NA,NA,80.6,204
by,Bavaria,0,6,1966,1966-11-20,FALSE,rep,Far right (pre-AfD),TRUE,REP,NA,NA,80.6,204
by,Bavaria,0,6,1966,1966-11-20,FALSE,dpdp,Other (named),FALSE,ödp/ÖDP,NA,NA,80.6,204
by,Bavaria,0,6,1966,1966-11-20,FALSE,fw,Other (named),FALSE,FW,NA,NA,80.6,204
by,Bavaria,0,6,1966,1966-11-20,FALSE,afd,AfD,TRUE,AfD,NA,NA,80.6,204
by,Bavaria,0,6,1966,1966-11-20,FALSE,lin,Left,FALSE,DIE LINKE,NA,NA,80.6,204
by,Bavaria,0,6,1966,1966-11-20,FALSE,kpd,KPD/DKP,FALSE,KPD/DKP¹,NA,NA,80.6,204
by,Bavaria,0,6,1966,1966-11-20,FALSE,bhe,Other (named),FALSE,GB/BHE,NA,NA,80.6,204
by,Bavaria,0,6,1966,1966-11-20,FALSE,wav,Other (named),FALSE,WAV,NA,NA,80.6,204
by,Bavaria,0,6,1966,1966-11-20,FALSE,pir,Other (named),FALSE,PIRATEN,NA,NA,80.6,204
by,Bavaria,0,7,1970,1970-11-20,FALSE,cdu,CDU/CSU,FALSE,CSU,56.4,124,79.5,204
by,Bavaria,0,7,1970,1970-11-20,FALSE,spd,SPD,FALSE,SPD,33.3,70,79.5,204
by,Bavaria,0,7,1970,1970-11-20,FALSE,fdp,FDP,FALSE,FDP,5.5,10,79.5,204
by,Bavaria,0,7,1970,1970-11-20,FALSE,npd,Far right (pre-AfD),TRUE,DRP/NPD²,2.9,NA,79.5,204
by,Bavaria,0,7,1970,1970-11-20,FALSE,bp,Other (named),FALSE,BP,1.5,NA,79.5,204
by,Bavaria,0,7,1970,1970-11-20,FALSE,kpd,KPD/DKP,FALSE,KPD/DKP¹,0.4,NA,79.5,204
by,Bavaria,0,7,1970,1970-11-20,FALSE,gru,Greens,FALSE,GRÜNE,NA,NA,79.5,204
by,Bavaria,0,7,1970,1970-11-20,FALSE,rep,Far right (pre-AfD),TRUE,REP,NA,NA,79.5,204
by,Bavaria,0,7,1970,1970-11-20,FALSE,dpdp,Other (named),FALSE,ödp/ÖDP,NA,NA,79.5,204
by,Bavaria,0,7,1970,1970-11-20,FALSE,fw,Other (named),FALSE,FW,NA,NA,79.5,204
by,Bavaria,0,7,1970,1970-11-20,FALSE,afd,AfD,TRUE,AfD,NA,NA,79.5,204
by,Bavaria,0,7,1970,1970-11-20,FALSE,lin,Left,FALSE,DIE LINKE,NA,NA,79.5,204
by,Bavaria,0,7,1970,1970-11-20,FALSE,bhe,Other (named),FALSE,GB/BHE,NA,NA,79.5,204
by,Bavaria,0,7,1970,1970-11-20,FALSE,wav,Other (named),FALSE,WAV,NA,NA,79.5,204
by,Bavaria,0,7,1970,1970-11-20,FALSE,pir,Other (named),FALSE,PIRATEN,NA,NA,79.5,204
by,Bavaria,0,7,1970,1970-11-20,FALSE,oth,Other,FALSE,Sonstige,0,NA,79.5,204
by,Bavaria,0,8,1974,1974-10-27,FALSE,cdu,CDU/CSU,FALSE,CSU,62.1,132,77.7,204
by,Bavaria,0,8,1974,1974-10-27,FALSE,spd,SPD,FALSE,SPD,30.2,64,77.7,204
by,Bavaria,0,8,1974,1974-10-27,FALSE,fdp,FDP,FALSE,FDP,5.2,8,77.7,204
by,Bavaria,0,8,1974,1974-10-27,FALSE,npd,Far right (pre-AfD),TRUE,DRP/NPD²,1.1,NA,77.7,204
by,Bavaria,0,8,1974,1974-10-27,FALSE,bp,Other (named),FALSE,BP,0.8,NA,77.7,204
by,Bavaria,0,8,1974,1974-10-27,FALSE,kpd,KPD/DKP,FALSE,KPD/DKP¹,0.4,NA,77.7,204
by,Bavaria,0,8,1974,1974-10-27,FALSE,oth,Other,FALSE,Sonstige,0.3,NA,77.7,204
by,Bavaria,0,8,1974,1974-10-27,FALSE,gru,Greens,FALSE,GRÜNE,NA,NA,77.7,204
by,Bavaria,0,8,1974,1974-10-27,FALSE,rep,Far right (pre-AfD),TRUE,REP,NA,NA,77.7,204
by,Bavaria,0,8,1974,1974-10-27,FALSE,dpdp,Other (named),FALSE,ödp/ÖDP,NA,NA,77.7,204
by,Bavaria,0,8,1974,1974-10-27,FALSE,fw,Other (named),FALSE,FW,NA,NA,77.7,204
by,Bavaria,0,8,1974,1974-10-27,FALSE,afd,AfD,TRUE,AfD,NA,NA,77.7,204
by,Bavaria,0,8,1974,1974-10-27,FALSE,lin,Left,FALSE,DIE LINKE,NA,NA,77.7,204
by,Bavaria,0,8,1974,1974-10-27,FALSE,bhe,Other (named),FALSE,GB/BHE,NA,NA,77.7,204
by,Bavaria,0,8,1974,1974-10-27,FALSE,wav,Other (named),FALSE,WAV,NA,NA,77.7,204
by,Bavaria,0,8,1974,1974-10-27,FALSE,pir,Other (named),FALSE,PIRATEN,NA,NA,77.7,204
by,Bavaria,0,9,1978,1978-10-15,FALSE,cdu,CDU/CSU,FALSE,CSU,59.1,129,76.7,204
by,Bavaria,0,9,1978,1978-10-15,FALSE,spd,SPD,FALSE,SPD,31.4,65,76.7,204
by,Bavaria,0,9,1978,1978-10-15,FALSE,fdp,FDP,FALSE,FDP,6.2,10,76.7,204
by,Bavaria,0,9,1978,1978-10-15,FALSE,gru,Greens,FALSE,GRÜNE,1.8,NA,76.7,204
by,Bavaria,0,9,1978,1978-10-15,FALSE,npd,Far right (pre-AfD),TRUE,DRP/NPD²,0.6,NA,76.7,204
by,Bavaria,0,9,1978,1978-10-15,FALSE,bp,Other (named),FALSE,BP,0.4,NA,76.7,204
by,Bavaria,0,9,1978,1978-10-15,FALSE,kpd,KPD/DKP,FALSE,KPD/DKP¹,0.3,NA,76.7,204
by,Bavaria,0,9,1978,1978-10-15,FALSE,oth,Other,FALSE,Sonstige,0.1,NA,76.7,204
by,Bavaria,0,9,1978,1978-10-15,FALSE,rep,Far right (pre-AfD),TRUE,REP,NA,NA,76.7,204
by,Bavaria,0,9,1978,1978-10-15,FALSE,dpdp,Other (named),FALSE,ödp/ÖDP,NA,NA,76.7,204
by,Bavaria,0,9,1978,1978-10-15,FALSE,fw,Other (named),FALSE,FW,NA,NA,76.7,204
by,Bavaria,0,9,1978,1978-10-15,FALSE,afd,AfD,TRUE,AfD,NA,NA,76.7,204
by,Bavaria,0,9,1978,1978-10-15,FALSE,lin,Left,FALSE,DIE LINKE,NA,NA,76.7,204
by,Bavaria,0,9,1978,1978-10-15,FALSE,bhe,Other (named),FALSE,GB/BHE,NA,NA,76.7,204
by,Bavaria,0,9,1978,1978-10-15,FALSE,wav,Other (named),FALSE,WAV,NA,NA,76.7,204
by,Bavaria,0,9,1978,1978-10-15,FALSE,pir,Other (named),FALSE,PIRATEN,NA,NA,76.7,204
by,Bavaria,0,10,1982,1982-10-10,FALSE,cdu,CDU/CSU,FALSE,CSU,58.3,133,78,204
by,Bavaria,0,10,1982,1982-10-10,FALSE,spd,SPD,FALSE,SPD,31.9,71,78,204
by,Bavaria,0,10,1982,1982-10-10,FALSE,gru,Greens,FALSE,GRÜNE,4.6,NA,78,204
by,Bavaria,0,10,1982,1982-10-10,FALSE,fdp,FDP,FALSE,FDP,3.5,NA,78,204
by,Bavaria,0,10,1982,1982-10-10,FALSE,npd,Far right (pre-AfD),TRUE,DRP/NPD²,0.6,NA,78,204
by,Bavaria,0,10,1982,1982-10-10,FALSE,bp,Other (named),FALSE,BP,0.5,NA,78,204
by,Bavaria,0,10,1982,1982-10-10,FALSE,dpdp,Other (named),FALSE,ödp/ÖDP,0.4,NA,78,204
by,Bavaria,0,10,1982,1982-10-10,FALSE,oth,Other,FALSE,Sonstige,0.4,NA,78,204
by,Bavaria,0,10,1982,1982-10-10,FALSE,kpd,KPD/DKP,FALSE,KPD/DKP¹,0.2,NA,78,204
by,Bavaria,0,10,1982,1982-10-10,FALSE,rep,Far right (pre-AfD),TRUE,REP,NA,NA,78,204
by,Bavaria,0,10,1982,1982-10-10,FALSE,fw,Other (named),FALSE,FW,NA,NA,78,204
by,Bavaria,0,10,1982,1982-10-10,FALSE,afd,AfD,TRUE,AfD,NA,NA,78,204
by,Bavaria,0,10,1982,1982-10-10,FALSE,lin,Left,FALSE,DIE LINKE,NA,NA,78,204
by,Bavaria,0,10,1982,1982-10-10,FALSE,bhe,Other (named),FALSE,GB/BHE,NA,NA,78,204
by,Bavaria,0,10,1982,1982-10-10,FALSE,wav,Other (named),FALSE,WAV,NA,NA,78,204
by,Bavaria,0,10,1982,1982-10-10,FALSE,pir,Other (named),FALSE,PIRATEN,NA,NA,78,204
by,Bavaria,0,11,1986,1986-10-12,FALSE,cdu,CDU/CSU,FALSE,CSU,55.8,128,70.3,204
by,Bavaria,0,11,1986,1986-10-12,FALSE,spd,SPD,FALSE,SPD,27.5,61,70.3,204
by,Bavaria,0,11,1986,1986-10-12,FALSE,gru,Greens,FALSE,GRÜNE,7.5,15,70.3,204
by,Bavaria,0,11,1986,1986-10-12,FALSE,fdp,FDP,FALSE,FDP,3.8,NA,70.3,204
by,Bavaria,0,11,1986,1986-10-12,FALSE,rep,Far right (pre-AfD),TRUE,REP,3,NA,70.3,204
by,Bavaria,0,11,1986,1986-10-12,FALSE,oth,Other,FALSE,Sonstige,1.3,NA,70.3,204
by,Bavaria,0,11,1986,1986-10-12,FALSE,dpdp,Other (named),FALSE,ödp/ÖDP,0.7,NA,70.3,204
by,Bavaria,0,11,1986,1986-10-12,FALSE,bp,Other (named),FALSE,BP,0.6,NA,70.3,204
by,Bavaria,0,11,1986,1986-10-12,FALSE,npd,Far right (pre-AfD),TRUE,DRP/NPD²,0.5,NA,70.3,204
by,Bavaria,0,11,1986,1986-10-12,FALSE,fw,Other (named),FALSE,FW,NA,NA,70.3,204
by,Bavaria,0,11,1986,1986-10-12,FALSE,afd,AfD,TRUE,AfD,NA,NA,70.3,204
by,Bavaria,0,11,1986,1986-10-12,FALSE,lin,Left,FALSE,DIE LINKE,NA,NA,70.3,204
by,Bavaria,0,11,1986,1986-10-12,FALSE,kpd,KPD/DKP,FALSE,KPD/DKP¹,NA,NA,70.3,204
by,Bavaria,0,11,1986,1986-10-12,FALSE,bhe,Other (named),FALSE,GB/BHE,NA,NA,70.3,204
by,Bavaria,0,11,1986,1986-10-12,FALSE,wav,Other (named),FALSE,WAV,NA,NA,70.3,204
by,Bavaria,0,11,1986,1986-10-12,FALSE,pir,Other (named),FALSE,PIRATEN,NA,NA,70.3,204
by,Bavaria,0,12,1990,1990-10-14,FALSE,cdu,CDU/CSU,FALSE,CSU,54.9,127,65.9,204
by,Bavaria,0,12,1990,1990-10-14,FALSE,spd,SPD,FALSE,SPD,26,58,65.9,204
by,Bavaria,0,12,1990,1990-10-14,FALSE,gru,Greens,FALSE,GRÜNE,6.4,12,65.9,204
by,Bavaria,0,12,1990,1990-10-14,FALSE,fdp,FDP,FALSE,FDP,5.2,7,65.9,204
by,Bavaria,0,12,1990,1990-10-14,FALSE,rep,Far right (pre-AfD),TRUE,REP,4.9,NA,65.9,204
by,Bavaria,0,12,1990,1990-10-14,FALSE,dpdp,Other (named),FALSE,ödp/ÖDP,1.7,NA,65.9,204
by,Bavaria,0,12,1990,1990-10-14,FALSE,bp,Other (named),FALSE,BP,0.8,NA,65.9,204
by,Bavaria,0,12,1990,1990-10-14,FALSE,oth,Other,FALSE,Sonstige,0.1,NA,65.9,204
by,Bavaria,0,12,1990,1990-10-14,FALSE,fw,Other (named),FALSE,FW,NA,NA,65.9,204
by,Bavaria,0,12,1990,1990-10-14,FALSE,afd,AfD,TRUE,AfD,NA,NA,65.9,204
by,Bavaria,0,12,1990,1990-10-14,FALSE,lin,Left,FALSE,DIE LINKE,NA,NA,65.9,204
by,Bavaria,0,12,1990,1990-10-14,FALSE,kpd,KPD/DKP,FALSE,KPD/DKP¹,NA,NA,65.9,204
by,Bavaria,0,12,1990,1990-10-14,FALSE,npd,Far right (pre-AfD),TRUE,DRP/NPD²,NA,NA,65.9,204
by,Bavaria,0,12,1990,1990-10-14,FALSE,bhe,Other (named),FALSE,GB/BHE,NA,NA,65.9,204
by,Bavaria,0,12,1990,1990-10-14,FALSE,wav,Other (named),FALSE,WAV,NA,NA,65.9,204
by,Bavaria,0,12,1990,1990-10-14,FALSE,pir,Other (named),FALSE,PIRATEN,NA,NA,65.9,204
by,Bavaria,0,13,1994,1994-09-25,FALSE,cdu,CDU/CSU,FALSE,CSU,52.8,120,67.9,204
by,Bavaria,0,13,1994,1994-09-25,FALSE,spd,SPD,FALSE,SPD,30,70,67.9,204
by,Bavaria,0,13,1994,1994-09-25,FALSE,gru,Greens,FALSE,GRÜNE,6.1,14,67.9,204
by,Bavaria,0,13,1994,1994-09-25,FALSE,rep,Far right (pre-AfD),TRUE,REP,3.9,NA,67.9,204
by,Bavaria,0,13,1994,1994-09-25,FALSE,fdp,FDP,FALSE,FDP,2.8,NA,67.9,204
by,Bavaria,0,13,1994,1994-09-25,FALSE,dpdp,Other (named),FALSE,ödp/ÖDP,2.1,NA,67.9,204
by,Bavaria,0,13,1994,1994-09-25,FALSE,oth,Other,FALSE,Sonstige,1.2,NA,67.9,204
by,Bavaria,0,13,1994,1994-09-25,FALSE,bp,Other (named),FALSE,BP,1,NA,67.9,204
by,Bavaria,0,13,1994,1994-09-25,FALSE,npd,Far right (pre-AfD),TRUE,DRP/NPD²,0.1,NA,67.9,204
by,Bavaria,0,13,1994,1994-09-25,FALSE,fw,Other (named),FALSE,FW,NA,NA,67.9,204
by,Bavaria,0,13,1994,1994-09-25,FALSE,afd,AfD,TRUE,AfD,NA,NA,67.9,204
by,Bavaria,0,13,1994,1994-09-25,FALSE,lin,Left,FALSE,DIE LINKE,NA,NA,67.9,204
by,Bavaria,0,13,1994,1994-09-25,FALSE,kpd,KPD/DKP,FALSE,KPD/DKP¹,NA,NA,67.9,204
by,Bavaria,0,13,1994,1994-09-25,FALSE,bhe,Other (named),FALSE,GB/BHE,NA,NA,67.9,204
by,Bavaria,0,13,1994,1994-09-25,FALSE,wav,Other (named),FALSE,WAV,NA,NA,67.9,204
by,Bavaria,0,13,1994,1994-09-25,FALSE,pir,Other (named),FALSE,PIRATEN,NA,NA,67.9,204
by,Bavaria,0,14,1998,1998-09-13,FALSE,cdu,CDU/CSU,FALSE,CSU,52.9,123,70,204
by,Bavaria,0,14,1998,1998-09-13,FALSE,spd,SPD,FALSE,SPD,28.7,67,70,204
by,Bavaria,0,14,1998,1998-09-13,FALSE,gru,Greens,FALSE,GRÜNE,5.7,14,70,204
by,Bavaria,0,14,1998,1998-09-13,FALSE,fw,Other (named),FALSE,FW,3.7,NA,70,204
by,Bavaria,0,14,1998,1998-09-13,FALSE,rep,Far right (pre-AfD),TRUE,REP,3.6,NA,70,204
by,Bavaria,0,14,1998,1998-09-13,FALSE,dpdp,Other (named),FALSE,ödp/ÖDP,1.8,NA,70,204
by,Bavaria,0,14,1998,1998-09-13,FALSE,fdp,FDP,FALSE,FDP,1.7,NA,70,204
by,Bavaria,0,14,1998,1998-09-13,FALSE,oth,Other,FALSE,Sonstige,1,NA,70,204
by,Bavaria,0,14,1998,1998-09-13,FALSE,bp,Other (named),FALSE,BP,0.7,NA,70,204
by,Bavaria,0,14,1998,1998-09-13,FALSE,npd,Far right (pre-AfD),TRUE,DRP/NPD²,0.2,NA,70,204
by,Bavaria,0,14,1998,1998-09-13,FALSE,kpd,KPD/DKP,FALSE,KPD/DKP¹,0,NA,70,204
by,Bavaria,0,14,1998,1998-09-13,FALSE,afd,AfD,TRUE,AfD,NA,NA,70,204
by,Bavaria,0,14,1998,1998-09-13,FALSE,lin,Left,FALSE,DIE LINKE,NA,NA,70,204
by,Bavaria,0,14,1998,1998-09-13,FALSE,bhe,Other (named),FALSE,GB/BHE,NA,NA,70,204
by,Bavaria,0,14,1998,1998-09-13,FALSE,wav,Other (named),FALSE,WAV,NA,NA,70,204
by,Bavaria,0,14,1998,1998-09-13,FALSE,pir,Other (named),FALSE,PIRATEN,NA,NA,70,204
by,Bavaria,0,15,2003,2003-09-21,FALSE,cdu,CDU/CSU,FALSE,CSU,60.7,124,57.1,180
by,Bavaria,0,15,2003,2003-09-21,FALSE,spd,SPD,FALSE,SPD,19.6,41,57.1,180
by,Bavaria,0,15,2003,2003-09-21,FALSE,gru,Greens,FALSE,GRÜNE,7.7,15,57.1,180
by,Bavaria,0,15,2003,2003-09-21,FALSE,fw,Other (named),FALSE,FW,4,NA,57.1,180
by,Bavaria,0,15,2003,2003-09-21,FALSE,fdp,FDP,FALSE,FDP,2.6,NA,57.1,180
by,Bavaria,0,15,2003,2003-09-21,FALSE,rep,Far right (pre-AfD),TRUE,REP,2.2,NA,57.1,180
by,Bavaria,0,15,2003,2003-09-21,FALSE,dpdp,Other (named),FALSE,ödp/ÖDP,2,NA,57.1,180
by,Bavaria,0,15,2003,2003-09-21,FALSE,bp,Other (named),FALSE,BP,0.8,NA,57.1,180
by,Bavaria,0,15,2003,2003-09-21,FALSE,oth,Other,FALSE,Sonstige,0.4,NA,57.1,180
by,Bavaria,0,15,2003,2003-09-21,FALSE,afd,AfD,TRUE,AfD,NA,NA,57.1,180
by,Bavaria,0,15,2003,2003-09-21,FALSE,lin,Left,FALSE,DIE LINKE,NA,NA,57.1,180
by,Bavaria,0,15,2003,2003-09-21,FALSE,kpd,KPD/DKP,FALSE,KPD/DKP¹,NA,NA,57.1,180
by,Bavaria,0,15,2003,2003-09-21,FALSE,npd,Far right (pre-AfD),TRUE,DRP/NPD²,NA,NA,57.1,180
by,Bavaria,0,15,2003,2003-09-21,FALSE,bhe,Other (named),FALSE,GB/BHE,NA,NA,57.1,180
by,Bavaria,0,15,2003,2003-09-21,FALSE,wav,Other (named),FALSE,WAV,NA,NA,57.1,180
by,Bavaria,0,15,2003,2003-09-21,FALSE,pir,Other (named),FALSE,PIRATEN,NA,NA,57.1,180
by,Bavaria,0,16,2008,2008-09-28,FALSE,cdu,CDU/CSU,FALSE,CSU,43.4,92,57.9,187
by,Bavaria,0,16,2008,2008-09-28,FALSE,spd,SPD,FALSE,SPD,18.6,39,57.9,187
by,Bavaria,0,16,2008,2008-09-28,FALSE,fw,Other (named),FALSE,FW,10.2,21,57.9,187
by,Bavaria,0,16,2008,2008-09-28,FALSE,gru,Greens,FALSE,GRÜNE,9.4,19,57.9,187
by,Bavaria,0,16,2008,2008-09-28,FALSE,fdp,FDP,FALSE,FDP,8,16,57.9,187
by,Bavaria,0,16,2008,2008-09-28,FALSE,lin,Left,FALSE,DIE LINKE,4.4,NA,57.9,187
by,Bavaria,0,16,2008,2008-09-28,FALSE,dpdp,Other (named),FALSE,ödp/ÖDP,2,NA,57.9,187
by,Bavaria,0,16,2008,2008-09-28,FALSE,rep,Far right (pre-AfD),TRUE,REP,1.4,NA,57.9,187
by,Bavaria,0,16,2008,2008-09-28,FALSE,npd,Far right (pre-AfD),TRUE,DRP/NPD²,1.2,NA,57.9,187
by,Bavaria,0,16,2008,2008-09-28,FALSE,bp,Other (named),FALSE,BP,1.1,NA,57.9,187
by,Bavaria,0,16,2008,2008-09-28,FALSE,oth,Other,FALSE,Sonstige,0.4,NA,57.9,187
by,Bavaria,0,16,2008,2008-09-28,FALSE,afd,AfD,TRUE,AfD,NA,NA,57.9,187
by,Bavaria,0,16,2008,2008-09-28,FALSE,kpd,KPD/DKP,FALSE,KPD/DKP¹,NA,NA,57.9,187
by,Bavaria,0,16,2008,2008-09-28,FALSE,bhe,Other (named),FALSE,GB/BHE,NA,NA,57.9,187
by,Bavaria,0,16,2008,2008-09-28,FALSE,wav,Other (named),FALSE,WAV,NA,NA,57.9,187
by,Bavaria,0,16,2008,2008-09-28,FALSE,pir,Other (named),FALSE,PIRATEN,NA,NA,57.9,187
by,Bavaria,0,17,2013,2013-09-15,FALSE,cdu,CDU/CSU,FALSE,CSU,47.7,101,63.6,180
by,Bavaria,0,17,2013,2013-09-15,FALSE,spd,SPD,FALSE,SPD,20.6,42,63.6,180
by,Bavaria,0,17,2013,2013-09-15,FALSE,fw,Other (named),FALSE,FW,9,19,63.6,180
by,Bavaria,0,17,2013,2013-09-15,FALSE,gru,Greens,FALSE,GRÜNE,8.6,18,63.6,180
by,Bavaria,0,17,2013,2013-09-15,FALSE,fdp,FDP,FALSE,FDP,3.3,NA,63.6,180
by,Bavaria,0,17,2013,2013-09-15,FALSE,lin,Left,FALSE,DIE LINKE,2.1,NA,63.6,180
by,Bavaria,0,17,2013,2013-09-15,FALSE,bp,Other (named),FALSE,BP,2.1,NA,63.6,180
by,Bavaria,0,17,2013,2013-09-15,FALSE,dpdp,Other (named),FALSE,ödp/ÖDP,2,NA,63.6,180
by,Bavaria,0,17,2013,2013-09-15,FALSE,pir,Other (named),FALSE,PIRATEN,2,NA,63.6,180
by,Bavaria,0,17,2013,2013-09-15,FALSE,rep,Far right (pre-AfD),TRUE,REP,1,NA,63.6,180
by,Bavaria,0,17,2013,2013-09-15,FALSE,oth,Other,FALSE,Sonstige,0.9,NA,63.6,180
by,Bavaria,0,17,2013,2013-09-15,FALSE,npd,Far right (pre-AfD),TRUE,DRP/NPD²,0.6,NA,63.6,180
by,Bavaria,0,17,2013,2013-09-15,FALSE,afd,AfD,TRUE,AfD,NA,NA,63.6,180
by,Bavaria,0,17,2013,2013-09-15,FALSE,kpd,KPD/DKP,FALSE,KPD/DKP¹,NA,NA,63.6,180
by,Bavaria,0,17,2013,2013-09-15,FALSE,bhe,Other (named),FALSE,GB/BHE,NA,NA,63.6,180
by,Bavaria,0,17,2013,2013-09-15,FALSE,wav,Other (named),FALSE,WAV,NA,NA,63.6,180
by,Bavaria,0,18,2018,2018-10-14,FALSE,cdu,CDU/CSU,FALSE,CSU,37.2,85,72.4,205
by,Bavaria,0,18,2018,2018-10-14,FALSE,gru,Greens,FALSE,GRÜNE,17.5,38,72.4,205
by,Bavaria,0,18,2018,2018-10-14,FALSE,fw,Other (named),FALSE,FW,11.6,27,72.4,205
by,Bavaria,0,18,2018,2018-10-14,FALSE,afd,AfD,TRUE,AfD,10.2,22,72.4,205
by,Bavaria,0,18,2018,2018-10-14,FALSE,spd,SPD,FALSE,SPD,9.7,22,72.4,205
by,Bavaria,0,18,2018,2018-10-14,FALSE,fdp,FDP,FALSE,FDP,5.1,11,72.4,205
by,Bavaria,0,18,2018,2018-10-14,FALSE,lin,Left,FALSE,DIE LINKE,3.2,NA,72.4,205
by,Bavaria,0,18,2018,2018-10-14,FALSE,bp,Other (named),FALSE,BP,1.7,NA,72.4,205
by,Bavaria,0,18,2018,2018-10-14,FALSE,oth,Other,FALSE,Sonstige,1.7,NA,72.4,205
by,Bavaria,0,18,2018,2018-10-14,FALSE,dpdp,Other (named),FALSE,ödp/ÖDP,1.6,NA,72.4,205
by,Bavaria,0,18,2018,2018-10-14,FALSE,pir,Other (named),FALSE,PIRATEN,0.4,NA,72.4,205
by,Bavaria,0,18,2018,2018-10-14,FALSE,rep,Far right (pre-AfD),TRUE,REP,NA,NA,72.4,205
by,Bavaria,0,18,2018,2018-10-14,FALSE,kpd,KPD/DKP,FALSE,KPD/DKP¹,NA,NA,72.4,205
by,Bavaria,0,18,2018,2018-10-14,FALSE,npd,Far right (pre-AfD),TRUE,DRP/NPD²,NA,NA,72.4,205
by,Bavaria,0,18,2018,2018-10-14,FALSE,bhe,Other (named),FALSE,GB/BHE,NA,NA,72.4,205
by,Bavaria,0,18,2018,2018-10-14,FALSE,wav,Other (named),FALSE,WAV,NA,NA,72.4,205
by,Bavaria,0,19,2023,2023-10-08,TRUE,cdu,CDU/CSU,FALSE,CSU,37,85,73.3,203
by,Bavaria,0,19,2023,2023-10-08,TRUE,fw,Other (named),FALSE,FW,15.8,37,73.3,203
by,Bavaria,0,19,2023,2023-10-08,TRUE,afd,AfD,TRUE,AfD,14.6,32,73.3,203
by,Bavaria,0,19,2023,2023-10-08,TRUE,gru,Greens,FALSE,GRÜNE,14.4,32,73.3,203
by,Bavaria,0,19,2023,2023-10-08,TRUE,spd,SPD,FALSE,SPD,8.4,17,73.3,203
by,Bavaria,0,19,2023,2023-10-08,TRUE,fdp,FDP,FALSE,FDP,3,NA,73.3,203
by,Bavaria,0,19,2023,2023-10-08,TRUE,oth,Other,FALSE,Sonstige,2.4,NA,73.3,203
by,Bavaria,0,19,2023,2023-10-08,TRUE,dpdp,Other (named),FALSE,ödp/ÖDP,1.8,NA,73.3,203
by,Bavaria,0,19,2023,2023-10-08,TRUE,lin,Left,FALSE,DIE LINKE,1.5,NA,73.3,203
by,Bavaria,0,19,2023,2023-10-08,TRUE,bp,Other (named),FALSE,BP,0.9,NA,73.3,203
by,Bavaria,0,19,2023,2023-10-08,TRUE,rep,Far right (pre-AfD),TRUE,REP,NA,NA,73.3,203
by,Bavaria,0,19,2023,2023-10-08,TRUE,kpd,KPD/DKP,FALSE,KPD/DKP¹,NA,NA,73.3,203
by,Bavaria,0,19,2023,2023-10-08,TRUE,npd,Far right (pre-AfD),TRUE,DRP/NPD²,NA,NA,73.3,203
by,Bavaria,0,19,2023,2023-10-08,TRUE,bhe,Other (named),FALSE,GB/BHE,NA,NA,73.3,203
by,Bavaria,0,19,2023,2023-10-08,TRUE,wav,Other (named),FALSE,WAV,NA,NA,73.3,203
by,Bavaria,0,19,2023,2023-10-08,TRUE,pir,Other (named),FALSE,PIRATEN,NA,NA,73.3,203
hb,Bremen,0,1,1946,1946-10-13,FALSE,spd,SPD,FALSE,SPD,47.6,51,85.2,80
hb,Bremen,0,1,1946,1946-10-13,FALSE,cdu,CDU/CSU,FALSE,CDU,18.9,12,85.2,80
hb,Bremen,0,1,1946,1946-10-13,FALSE,fdp,FDP,FALSE,FDP2,18.3,12,85.2,80
hb,Bremen,0,1,1946,1946-10-13,FALSE,kpd,KPD/DKP,FALSE,KPD/DKP5,11.5,3,85.2,80
hb,Bremen,0,1,1946,1946-10-13,FALSE,oth,Other,FALSE,Sonstige,3.7,2,85.2,80
hb,Bremen,0,1,1946,1946-10-13,FALSE,gru,Greens,FALSE,GRÜNE3,NA,NA,85.2,80
hb,Bremen,0,1,1946,1946-10-13,FALSE,lin,Left,FALSE,PDS/DIE LINKE4,NA,NA,85.2,80
hb,Bremen,0,1,1946,1946-10-13,FALSE,afd,AfD,TRUE,AfD,NA,NA,85.2,80
hb,Bremen,0,1,1946,1946-10-13,FALSE,srp,Far right (pre-AfD),TRUE,SRP/NPD/DVU6,NA,NA,85.2,80
hb,Bremen,0,1,1946,1946-10-13,FALSE,dp,Other (named),FALSE,DP,NA,NA,85.2,80
hb,Bremen,0,1,1946,1946-10-13,FALSE,bhe,Other (named),FALSE,GB/BHE,NA,NA,85.2,80
hb,Bremen,0,1,1946,1946-10-13,FALSE,wdf,Other (named),FALSE,WdF,NA,NA,85.2,80
hb,Bremen,0,1,1946,1946-10-13,FALSE,afb,Other (named),FALSE,AFB,NA,NA,85.2,80
hb,Bremen,0,1,1946,1946-10-13,FALSE,schill,Far right (pre-AfD),TRUE,Schill,NA,NA,85.2,80
hb,Bremen,0,1,1946,1946-10-13,FALSE,biw,Far right (pre-AfD),TRUE,BIW,NA,NA,85.2,80
hb,Bremen,0,1,1946,1946-10-13,FALSE,pir,Other (named),FALSE,PIRATEN,NA,NA,85.2,80
hb,Bremen,0,2,1947,1947-10-12,FALSE,spd,SPD,FALSE,SPD,41.7,46,67.8,100
hb,Bremen,0,2,1947,1947-10-12,FALSE,cdu,CDU/CSU,FALSE,CDU,22,24,67.8,100
hb,Bremen,0,2,1947,1947-10-12,FALSE,fdp,FDP,FALSE,FDP2,19.4,17,67.8,100
hb,Bremen,0,2,1947,1947-10-12,FALSE,kpd,KPD/DKP,FALSE,KPD/DKP5,8.8,10,67.8,100
hb,Bremen,0,2,1947,1947-10-12,FALSE,oth,Other,FALSE,Sonstige,4.2,NA,67.8,100
hb,Bremen,0,2,1947,1947-10-12,FALSE,dp,Other (named),FALSE,DP,3.9,3,67.8,100
hb,Bremen,0,2,1947,1947-10-12,FALSE,gru,Greens,FALSE,GRÜNE3,NA,NA,67.8,100
hb,Bremen,0,2,1947,1947-10-12,FALSE,lin,Left,FALSE,PDS/DIE LINKE4,NA,NA,67.8,100
hb,Bremen,0,2,1947,1947-10-12,FALSE,afd,AfD,TRUE,AfD,NA,NA,67.8,100
hb,Bremen,0,2,1947,1947-10-12,FALSE,srp,Far right (pre-AfD),TRUE,SRP/NPD/DVU6,NA,NA,67.8,100
hb,Bremen,0,2,1947,1947-10-12,FALSE,bhe,Other (named),FALSE,GB/BHE,NA,NA,67.8,100
hb,Bremen,0,2,1947,1947-10-12,FALSE,wdf,Other (named),FALSE,WdF,NA,NA,67.8,100
hb,Bremen,0,2,1947,1947-10-12,FALSE,afb,Other (named),FALSE,AFB,NA,NA,67.8,100
hb,Bremen,0,2,1947,1947-10-12,FALSE,schill,Far right (pre-AfD),TRUE,Schill,NA,NA,67.8,100
hb,Bremen,0,2,1947,1947-10-12,FALSE,biw,Far right (pre-AfD),TRUE,BIW,NA,NA,67.8,100
hb,Bremen,0,2,1947,1947-10-12,FALSE,pir,Other (named),FALSE,PIRATEN,NA,NA,67.8,100
hb,Bremen,0,3,1951,1951-10-07,FALSE,spd,SPD,FALSE,SPD,39.1,43,83.3,100
hb,Bremen,0,3,1951,1951-10-07,FALSE,dp,Other (named),FALSE,DP,14.7,16,83.3,100
hb,Bremen,0,3,1951,1951-10-07,FALSE,fdp,FDP,FALSE,FDP2,11.8,12,83.3,100
hb,Bremen,0,3,1951,1951-10-07,FALSE,cdu,CDU/CSU,FALSE,CDU,9.1,9,83.3,100
hb,Bremen,0,3,1951,1951-10-07,FALSE,srp,Far right (pre-AfD),TRUE,SRP/NPD/DVU6,7.7,8,83.3,100
hb,Bremen,0,3,1951,1951-10-07,FALSE,kpd,KPD/DKP,FALSE,KPD/DKP5,6.4,6,83.3,100
hb,Bremen,0,3,1951,1951-10-07,FALSE,bhe,Other (named),FALSE,GB/BHE,5.6,2,83.3,100
hb,Bremen,0,3,1951,1951-10-07,FALSE,wdf,Other (named),FALSE,WdF,4.3,4,83.3,100
hb,Bremen,0,3,1951,1951-10-07,FALSE,oth,Other,FALSE,Sonstige,1.3,NA,83.3,100
hb,Bremen,0,3,1951,1951-10-07,FALSE,gru,Greens,FALSE,GRÜNE3,NA,NA,83.3,100
hb,Bremen,0,3,1951,1951-10-07,FALSE,lin,Left,FALSE,PDS/DIE LINKE4,NA,NA,83.3,100
hb,Bremen,0,3,1951,1951-10-07,FALSE,afd,AfD,TRUE,AfD,NA,NA,83.3,100
hb,Bremen,0,3,1951,1951-10-07,FALSE,afb,Other (named),FALSE,AFB,NA,NA,83.3,100
hb,Bremen,0,3,1951,1951-10-07,FALSE,schill,Far right (pre-AfD),TRUE,Schill,NA,NA,83.3,100
hb,Bremen,0,3,1951,1951-10-07,FALSE,biw,Far right (pre-AfD),TRUE,BIW,NA,NA,83.3,100
hb,Bremen,0,3,1951,1951-10-07,FALSE,pir,Other (named),FALSE,PIRATEN,NA,NA,83.3,100
hb,Bremen,0,4,1955,1955-10-09,FALSE,spd,SPD,FALSE,SPD,47.8,52,84,100
hb,Bremen,0,4,1955,1955-10-09,FALSE,cdu,CDU/CSU,FALSE,CDU,18,18,84,100
hb,Bremen,0,4,1955,1955-10-09,FALSE,dp,Other (named),FALSE,DP,16.6,18,84,100
hb,Bremen,0,4,1955,1955-10-09,FALSE,fdp,FDP,FALSE,FDP2,8.6,8,84,100
hb,Bremen,0,4,1955,1955-10-09,FALSE,kpd,KPD/DKP,FALSE,KPD/DKP5,5,4,84,100
hb,Bremen,0,4,1955,1955-10-09,FALSE,bhe,Other (named),FALSE,GB/BHE,2.9,NA,84,100
hb,Bremen,0,4,1955,1955-10-09,FALSE,oth,Other,FALSE,Sonstige,1.1,NA,84,100
hb,Bremen,0,4,1955,1955-10-09,FALSE,gru,Greens,FALSE,GRÜNE3,NA,NA,84,100
hb,Bremen,0,4,1955,1955-10-09,FALSE,lin,Left,FALSE,PDS/DIE LINKE4,NA,NA,84,100
hb,Bremen,0,4,1955,1955-10-09,FALSE,afd,AfD,TRUE,AfD,NA,NA,84,100
hb,Bremen,0,4,1955,1955-10-09,FALSE,srp,Far right (pre-AfD),TRUE,SRP/NPD/DVU6,NA,NA,84,100
hb,Bremen,0,4,1955,1955-10-09,FALSE,wdf,Other (named),FALSE,WdF,NA,NA,84,100
hb,Bremen,0,4,1955,1955-10-09,FALSE,afb,Other (named),FALSE,AFB,NA,NA,84,100
hb,Bremen,0,4,1955,1955-10-09,FALSE,schill,Far right (pre-AfD),TRUE,Schill,NA,NA,84,100
hb,Bremen,0,4,1955,1955-10-09,FALSE,biw,Far right (pre-AfD),TRUE,BIW,NA,NA,84,100
hb,Bremen,0,4,1955,1955-10-09,FALSE,pir,Other (named),FALSE,PIRATEN,NA,NA,84,100
hb,Bremen,0,5,1959,1959-10-11,FALSE,spd,SPD,FALSE,SPD,54.9,61,79.2,100
hb,Bremen,0,5,1959,1959-10-11,FALSE,cdu,CDU/CSU,FALSE,CDU,14.8,16,79.2,100
hb,Bremen,0,5,1959,1959-10-11,FALSE,dp,Other (named),FALSE,DP,14.5,16,79.2,100
hb,Bremen,0,5,1959,1959-10-11,FALSE,fdp,FDP,FALSE,FDP2,7.2,7,79.2,100
hb,Bremen,0,5,1959,1959-10-11,FALSE,oth,Other,FALSE,Sonstige,6.7,NA,79.2,100
hb,Bremen,0,5,1959,1959-10-11,FALSE,bhe,Other (named),FALSE,GB/BHE,1.9,NA,79.2,100
hb,Bremen,0,5,1959,1959-10-11,FALSE,gru,Greens,FALSE,GRÜNE3,NA,NA,79.2,100
hb,Bremen,0,5,1959,1959-10-11,FALSE,lin,Left,FALSE,PDS/DIE LINKE4,NA,NA,79.2,100
hb,Bremen,0,5,1959,1959-10-11,FALSE,afd,AfD,TRUE,AfD,NA,NA,79.2,100
hb,Bremen,0,5,1959,1959-10-11,FALSE,kpd,KPD/DKP,FALSE,KPD/DKP5,NA,NA,79.2,100
hb,Bremen,0,5,1959,1959-10-11,FALSE,npd,Far right (pre-AfD),TRUE,SRP/NPD/DVU6,NA,NA,79.2,100
hb,Bremen,0,5,1959,1959-10-11,FALSE,wdf,Other (named),FALSE,WdF,NA,NA,79.2,100
hb,Bremen,0,5,1959,1959-10-11,FALSE,afb,Other (named),FALSE,AFB,NA,NA,79.2,100
hb,Bremen,0,5,1959,1959-10-11,FALSE,schill,Far right (pre-AfD),TRUE,Schill,NA,NA,79.2,100
hb,Bremen,0,5,1959,1959-10-11,FALSE,biw,Far right (pre-AfD),TRUE,BIW,NA,NA,79.2,100
hb,Bremen,0,5,1959,1959-10-11,FALSE,pir,Other (named),FALSE,PIRATEN,NA,NA,79.2,100
hb,Bremen,0,6,1963,1963-09-29,FALSE,spd,SPD,FALSE,SPD,54.7,57,76.1,100
hb,Bremen,0,6,1963,1963-09-29,FALSE,cdu,CDU/CSU,FALSE,CDU,28.9,31,76.1,100
hb,Bremen,0,6,1963,1963-09-29,FALSE,fdp,FDP,FALSE,FDP2,8.4,8,76.1,100
hb,Bremen,0,6,1963,1963-09-29,FALSE,dp,Other (named),FALSE,DP,5.2,4,76.1,100
hb,Bremen,0,6,1963,1963-09-29,FALSE,oth,Other,FALSE,Sonstige,2.6,NA,76.1,100
hb,Bremen,0,6,1963,1963-09-29,FALSE,bhe,Other (named),FALSE,GB/BHE,0.2,NA,76.1,100
hb,Bremen,0,6,1963,1963-09-29,FALSE,gru,Greens,FALSE,GRÜNE3,NA,NA,76.1,100
hb,Bremen,0,6,1963,1963-09-29,FALSE,lin,Left,FALSE,PDS/DIE LINKE4,NA,NA,76.1,100
hb,Bremen,0,6,1963,1963-09-29,FALSE,afd,AfD,TRUE,AfD,NA,NA,76.1,100
hb,Bremen,0,6,1963,1963-09-29,FALSE,kpd,KPD/DKP,FALSE,KPD/DKP5,NA,NA,76.1,100
hb,Bremen,0,6,1963,1963-09-29,FALSE,npd,Far right (pre-AfD),TRUE,SRP/NPD/DVU6,NA,NA,76.1,100
hb,Bremen,0,6,1963,1963-09-29,FALSE,wdf,Other (named),FALSE,WdF,NA,NA,76.1,100
hb,Bremen,0,6,1963,1963-09-29,FALSE,afb,Other (named),FALSE,AFB,NA,NA,76.1,100
hb,Bremen,0,6,1963,1963-09-29,FALSE,schill,Far right (pre-AfD),TRUE,Schill,NA,NA,76.1,100
hb,Bremen,0,6,1963,1963-09-29,FALSE,biw,Far right (pre-AfD),TRUE,BIW,NA,NA,76.1,100
hb,Bremen,0,6,1963,1963-09-29,FALSE,pir,Other (named),FALSE,PIRATEN,NA,NA,76.1,100
hb,Bremen,0,7,1967,1967-10-01,FALSE,spd,SPD,FALSE,SPD,46,50,77,100
hb,Bremen,0,7,1967,1967-10-01,FALSE,cdu,CDU/CSU,FALSE,CDU,29.5,32,77,100
hb,Bremen,0,7,1967,1967-10-01,FALSE,fdp,FDP,FALSE,FDP2,10.5,10,77,100
hb,Bremen,0,7,1967,1967-10-01,FALSE,npd,Far right (pre-AfD),TRUE,SRP/NPD/DVU6,8.8,8,77,100
hb,Bremen,0,7,1967,1967-10-01,FALSE,oth,Other,FALSE,Sonstige,4.8,NA,77,100
hb,Bremen,0,7,1967,1967-10-01,FALSE,dp,Other (named),FALSE,DP,0.9,NA,77,100
hb,Bremen,0,7,1967,1967-10-01,FALSE,gru,Greens,FALSE,GRÜNE3,NA,NA,77,100
hb,Bremen,0,7,1967,1967-10-01,FALSE,lin,Left,FALSE,PDS/DIE LINKE4,NA,NA,77,100
hb,Bremen,0,7,1967,1967-10-01,FALSE,afd,AfD,TRUE,AfD,NA,NA,77,100
hb,Bremen,0,7,1967,1967-10-01,FALSE,kpd,KPD/DKP,FALSE,KPD/DKP5,NA,NA,77,100
hb,Bremen,0,7,1967,1967-10-01,FALSE,bhe,Other (named),FALSE,GB/BHE,NA,NA,77,100
hb,Bremen,0,7,1967,1967-10-01,FALSE,wdf,Other (named),FALSE,WdF,NA,NA,77,100
hb,Bremen,0,7,1967,1967-10-01,FALSE,afb,Other (named),FALSE,AFB,NA,NA,77,100
hb,Bremen,0,7,1967,1967-10-01,FALSE,schill,Far right (pre-AfD),TRUE,Schill,NA,NA,77,100
hb,Bremen,0,7,1967,1967-10-01,FALSE,biw,Far right (pre-AfD),TRUE,BIW,NA,NA,77,100
hb,Bremen,0,7,1967,1967-10-01,FALSE,pir,Other (named),FALSE,PIRATEN,NA,NA,77,100
hb,Bremen,0,8,1971,1971-10-10,FALSE,spd,SPD,FALSE,SPD,55.3,59,80,100
hb,Bremen,0,8,1971,1971-10-10,FALSE,cdu,CDU/CSU,FALSE,CDU,31.6,34,80,100
hb,Bremen,0,8,1971,1971-10-10,FALSE,fdp,FDP,FALSE,FDP2,7.1,7,80,100
hb,Bremen,0,8,1971,1971-10-10,FALSE,kpd,KPD/DKP,FALSE,KPD/DKP5,3.1,NA,80,100
hb,Bremen,0,8,1971,1971-10-10,FALSE,npd,Far right (pre-AfD),TRUE,SRP/NPD/DVU6,2.8,NA,80,100
hb,Bremen,0,8,1971,1971-10-10,FALSE,oth,Other,FALSE,Sonstige,0.1,NA,80,100
hb,Bremen,0,8,1971,1971-10-10,FALSE,gru,Greens,FALSE,GRÜNE3,NA,NA,80,100
hb,Bremen,0,8,1971,1971-10-10,FALSE,lin,Left,FALSE,PDS/DIE LINKE4,NA,NA,80,100
hb,Bremen,0,8,1971,1971-10-10,FALSE,afd,AfD,TRUE,AfD,NA,NA,80,100
hb,Bremen,0,8,1971,1971-10-10,FALSE,dp,Other (named),FALSE,DP,NA,NA,80,100
hb,Bremen,0,8,1971,1971-10-10,FALSE,bhe,Other (named),FALSE,GB/BHE,NA,NA,80,100
hb,Bremen,0,8,1971,1971-10-10,FALSE,wdf,Other (named),FALSE,WdF,NA,NA,80,100
hb,Bremen,0,8,1971,1971-10-10,FALSE,afb,Other (named),FALSE,AFB,NA,NA,80,100
hb,Bremen,0,8,1971,1971-10-10,FALSE,schill,Far right (pre-AfD),TRUE,Schill,NA,NA,80,100
hb,Bremen,0,8,1971,1971-10-10,FALSE,biw,Far right (pre-AfD),TRUE,BIW,NA,NA,80,100
hb,Bremen,0,8,1971,1971-10-10,FALSE,pir,Other (named),FALSE,PIRATEN,NA,NA,80,100
hb,Bremen,0,9,1975,1975-09-28,FALSE,spd,SPD,FALSE,SPD,48.8,52,82.2,100
hb,Bremen,0,9,1975,1975-09-28,FALSE,cdu,CDU/CSU,FALSE,CDU,33.8,35,82.2,100
hb,Bremen,0,9,1975,1975-09-28,FALSE,fdp,FDP,FALSE,FDP2,13,13,82.2,100
hb,Bremen,0,9,1975,1975-09-28,FALSE,kpd,KPD/DKP,FALSE,KPD/DKP5,2.1,NA,82.2,100
hb,Bremen,0,9,1975,1975-09-28,FALSE,oth,Other,FALSE,Sonstige,1.2,NA,82.2,100
hb,Bremen,0,9,1975,1975-09-28,FALSE,npd,Far right (pre-AfD),TRUE,SRP/NPD/DVU6,1.1,NA,82.2,100
hb,Bremen,0,9,1975,1975-09-28,FALSE,gru,Greens,FALSE,GRÜNE3,NA,NA,82.2,100
hb,Bremen,0,9,1975,1975-09-28,FALSE,lin,Left,FALSE,PDS/DIE LINKE4,NA,NA,82.2,100
hb,Bremen,0,9,1975,1975-09-28,FALSE,afd,AfD,TRUE,AfD,NA,NA,82.2,100
hb,Bremen,0,9,1975,1975-09-28,FALSE,dp,Other (named),FALSE,DP,NA,NA,82.2,100
hb,Bremen,0,9,1975,1975-09-28,FALSE,bhe,Other (named),FALSE,GB/BHE,NA,NA,82.2,100
hb,Bremen,0,9,1975,1975-09-28,FALSE,wdf,Other (named),FALSE,WdF,NA,NA,82.2,100
hb,Bremen,0,9,1975,1975-09-28,FALSE,afb,Other (named),FALSE,AFB,NA,NA,82.2,100
hb,Bremen,0,9,1975,1975-09-28,FALSE,schill,Far right (pre-AfD),TRUE,Schill,NA,NA,82.2,100
hb,Bremen,0,9,1975,1975-09-28,FALSE,biw,Far right (pre-AfD),TRUE,BIW,NA,NA,82.2,100
hb,Bremen,0,9,1975,1975-09-28,FALSE,pir,Other (named),FALSE,PIRATEN,NA,NA,82.2,100
hb,Bremen,0,10,1979,1979-10-07,FALSE,spd,SPD,FALSE,SPD,49.4,52,78.5,100
hb,Bremen,0,10,1979,1979-10-07,FALSE,cdu,CDU/CSU,FALSE,CDU,31.9,33,78.5,100
hb,Bremen,0,10,1979,1979-10-07,FALSE,fdp,FDP,FALSE,FDP2,10.8,11,78.5,100
hb,Bremen,0,10,1979,1979-10-07,FALSE,gru,Greens,FALSE,GRÜNE3,5.1,4,78.5,100
hb,Bremen,0,10,1979,1979-10-07,FALSE,oth,Other,FALSE,Sonstige,1.6,NA,78.5,100
hb,Bremen,0,10,1979,1979-10-07,FALSE,kpd,KPD/DKP,FALSE,KPD/DKP5,0.8,NA,78.5,100
hb,Bremen,0,10,1979,1979-10-07,FALSE,npd,Far right (pre-AfD),TRUE,SRP/NPD/DVU6,0.4,NA,78.5,100
hb,Bremen,0,10,1979,1979-10-07,FALSE,lin,Left,FALSE,PDS/DIE LINKE4,NA,NA,78.5,100
hb,Bremen,0,10,1979,1979-10-07,FALSE,afd,AfD,TRUE,AfD,NA,NA,78.5,100
hb,Bremen,0,10,1979,1979-10-07,FALSE,dp,Other (named),FALSE,DP,NA,NA,78.5,100
hb,Bremen,0,10,1979,1979-10-07,FALSE,bhe,Other (named),FALSE,GB/BHE,NA,NA,78.5,100
hb,Bremen,0,10,1979,1979-10-07,FALSE,wdf,Other (named),FALSE,WdF,NA,NA,78.5,100
hb,Bremen,0,10,1979,1979-10-07,FALSE,afb,Other (named),FALSE,AFB,NA,NA,78.5,100
hb,Bremen,0,10,1979,1979-10-07,FALSE,schill,Far right (pre-AfD),TRUE,Schill,NA,NA,78.5,100
hb,Bremen,0,10,1979,1979-10-07,FALSE,biw,Far right (pre-AfD),TRUE,BIW,NA,NA,78.5,100
hb,Bremen,0,10,1979,1979-10-07,FALSE,pir,Other (named),FALSE,PIRATEN,NA,NA,78.5,100
hb,Bremen,0,11,1983,1983-09-25,FALSE,spd,SPD,FALSE,SPD,51.3,58,79.7,100
hb,Bremen,0,11,1983,1983-09-25,FALSE,cdu,CDU/CSU,FALSE,CDU,33.3,37,79.7,100
hb,Bremen,0,11,1983,1983-09-25,FALSE,gru,Greens,FALSE,GRÜNE3,5.4,5,79.7,100
hb,Bremen,0,11,1983,1983-09-25,FALSE,oth,Other,FALSE,Sonstige,5.3,NA,79.7,100
hb,Bremen,0,11,1983,1983-09-25,FALSE,fdp,FDP,FALSE,FDP2,4.6,NA,79.7,100
hb,Bremen,0,11,1983,1983-09-25,FALSE,lin,Left,FALSE,PDS/DIE LINKE4,NA,NA,79.7,100
hb,Bremen,0,11,1983,1983-09-25,FALSE,afd,AfD,TRUE,AfD,NA,NA,79.7,100
hb,Bremen,0,11,1983,1983-09-25,FALSE,kpd,KPD/DKP,FALSE,KPD/DKP5,NA,NA,79.7,100
hb,Bremen,0,11,1983,1983-09-25,FALSE,dvu,Far right (pre-AfD),TRUE,SRP/NPD/DVU6,NA,NA,79.7,100
hb,Bremen,0,11,1983,1983-09-25,FALSE,dp,Other (named),FALSE,DP,NA,NA,79.7,100
hb,Bremen,0,11,1983,1983-09-25,FALSE,bhe,Other (named),FALSE,GB/BHE,NA,NA,79.7,100
hb,Bremen,0,11,1983,1983-09-25,FALSE,wdf,Other (named),FALSE,WdF,NA,NA,79.7,100
hb,Bremen,0,11,1983,1983-09-25,FALSE,afb,Other (named),FALSE,AFB,NA,NA,79.7,100
hb,Bremen,0,11,1983,1983-09-25,FALSE,schill,Far right (pre-AfD),TRUE,Schill,NA,NA,79.7,100
hb,Bremen,0,11,1983,1983-09-25,FALSE,biw,Far right (pre-AfD),TRUE,BIW,NA,NA,79.7,100
hb,Bremen,0,11,1983,1983-09-25,FALSE,pir,Other (named),FALSE,PIRATEN,NA,NA,79.7,100
hb,Bremen,0,12,1987,1987-09-13,FALSE,spd,SPD,FALSE,SPD,50.5,54,75.5,100
hb,Bremen,0,12,1987,1987-09-13,FALSE,cdu,CDU/CSU,FALSE,CDU,23.4,25,75.5,100
hb,Bremen,0,12,1987,1987-09-13,FALSE,gru,Greens,FALSE,GRÜNE3,10.2,10,75.5,100
hb,Bremen,0,12,1987,1987-09-13,FALSE,fdp,FDP,FALSE,FDP2,10,10,75.5,100
hb,Bremen,0,12,1987,1987-09-13,FALSE,dvu,Far right (pre-AfD),TRUE,SRP/NPD/DVU6,3.4,1,75.5,100
hb,Bremen,0,12,1987,1987-09-13,FALSE,oth,Other,FALSE,Sonstige,1.8,NA,75.5,100
hb,Bremen,0,12,1987,1987-09-13,FALSE,kpd,KPD/DKP,FALSE,KPD/DKP5,0.6,NA,75.5,100
hb,Bremen,0,12,1987,1987-09-13,FALSE,lin,Left,FALSE,PDS/DIE LINKE4,NA,NA,75.5,100
hb,Bremen,0,12,1987,1987-09-13,FALSE,afd,AfD,TRUE,AfD,NA,NA,75.5,100
hb,Bremen,0,12,1987,1987-09-13,FALSE,dp,Other (named),FALSE,DP,NA,NA,75.5,100
hb,Bremen,0,12,1987,1987-09-13,FALSE,bhe,Other (named),FALSE,GB/BHE,NA,NA,75.5,100
hb,Bremen,0,12,1987,1987-09-13,FALSE,wdf,Other (named),FALSE,WdF,NA,NA,75.5,100
hb,Bremen,0,12,1987,1987-09-13,FALSE,afb,Other (named),FALSE,AFB,NA,NA,75.5,100
hb,Bremen,0,12,1987,1987-09-13,FALSE,schill,Far right (pre-AfD),TRUE,Schill,NA,NA,75.5,100
hb,Bremen,0,12,1987,1987-09-13,FALSE,biw,Far right (pre-AfD),TRUE,BIW,NA,NA,75.5,100
hb,Bremen,0,12,1987,1987-09-13,FALSE,pir,Other (named),FALSE,PIRATEN,NA,NA,75.5,100
hb,Bremen,0,13,1991,1991-09-29,FALSE,spd,SPD,FALSE,SPD,38.8,41,72.2,100
hb,Bremen,0,13,1991,1991-09-29,FALSE,cdu,CDU/CSU,FALSE,CDU,30.7,32,72.2,100
hb,Bremen,0,13,1991,1991-09-29,FALSE,gru,Greens,FALSE,GRÜNE3,11.4,11,72.2,100
hb,Bremen,0,13,1991,1991-09-29,FALSE,fdp,FDP,FALSE,FDP2,9.5,10,72.2,100
hb,Bremen,0,13,1991,1991-09-29,FALSE,dvu,Far right (pre-AfD),TRUE,SRP/NPD/DVU6,6.2,6,72.2,100
hb,Bremen,0,13,1991,1991-09-29,FALSE,oth,Other,FALSE,Sonstige,3.5,NA,72.2,100
hb,Bremen,0,13,1991,1991-09-29,FALSE,lin,Left,FALSE,PDS/DIE LINKE4,NA,NA,72.2,100
hb,Bremen,0,13,1991,1991-09-29,FALSE,afd,AfD,TRUE,AfD,NA,NA,72.2,100
hb,Bremen,0,13,1991,1991-09-29,FALSE,kpd,KPD/DKP,FALSE,KPD/DKP5,NA,NA,72.2,100
hb,Bremen,0,13,1991,1991-09-29,FALSE,dp,Other (named),FALSE,DP,NA,NA,72.2,100
hb,Bremen,0,13,1991,1991-09-29,FALSE,bhe,Other (named),FALSE,GB/BHE,NA,NA,72.2,100
hb,Bremen,0,13,1991,1991-09-29,FALSE,wdf,Other (named),FALSE,WdF,NA,NA,72.2,100
hb,Bremen,0,13,1991,1991-09-29,FALSE,afb,Other (named),FALSE,AFB,NA,NA,72.2,100
hb,Bremen,0,13,1991,1991-09-29,FALSE,schill,Far right (pre-AfD),TRUE,Schill,NA,NA,72.2,100
hb,Bremen,0,13,1991,1991-09-29,FALSE,biw,Far right (pre-AfD),TRUE,BIW,NA,NA,72.2,100
hb,Bremen,0,13,1991,1991-09-29,FALSE,pir,Other (named),FALSE,PIRATEN,NA,NA,72.2,100
hb,Bremen,0,14,1995,1995-05-14,FALSE,spd,SPD,FALSE,SPD,33.4,37,68.6,100
hb,Bremen,0,14,1995,1995-05-14,FALSE,cdu,CDU/CSU,FALSE,CDU,32.6,37,68.6,100
hb,Bremen,0,14,1995,1995-05-14,FALSE,gru,Greens,FALSE,GRÜNE3,13.1,14,68.6,100
hb,Bremen,0,14,1995,1995-05-14,FALSE,afb,Other (named),FALSE,AFB,10.7,12,68.6,100
hb,Bremen,0,14,1995,1995-05-14,FALSE,fdp,FDP,FALSE,FDP2,3.4,NA,68.6,100
hb,Bremen,0,14,1995,1995-05-14,FALSE,dvu,Far right (pre-AfD),TRUE,SRP/NPD/DVU6,2.5,NA,68.6,100
hb,Bremen,0,14,1995,1995-05-14,FALSE,lin,Left,FALSE,PDS/DIE LINKE4,2.4,NA,68.6,100
hb,Bremen,0,14,1995,1995-05-14,FALSE,oth,Other,FALSE,Sonstige,2.1,NA,68.6,100
hb,Bremen,0,14,1995,1995-05-14,FALSE,afd,AfD,TRUE,AfD,NA,NA,68.6,100
hb,Bremen,0,14,1995,1995-05-14,FALSE,kpd,KPD/DKP,FALSE,KPD/DKP5,NA,NA,68.6,100
hb,Bremen,0,14,1995,1995-05-14,FALSE,dp,Other (named),FALSE,DP,NA,NA,68.6,100
hb,Bremen,0,14,1995,1995-05-14,FALSE,bhe,Other (named),FALSE,GB/BHE,NA,NA,68.6,100
hb,Bremen,0,14,1995,1995-05-14,FALSE,wdf,Other (named),FALSE,WdF,NA,NA,68.6,100
hb,Bremen,0,14,1995,1995-05-14,FALSE,schill,Far right (pre-AfD),TRUE,Schill,NA,NA,68.6,100
hb,Bremen,0,14,1995,1995-05-14,FALSE,biw,Far right (pre-AfD),TRUE,BIW,NA,NA,68.6,100
hb,Bremen,0,14,1995,1995-05-14,FALSE,pir,Other (named),FALSE,PIRATEN,NA,NA,68.6,100
hb,Bremen,0,15,1999,1999-06-06,FALSE,spd,SPD,FALSE,SPD,42.6,47,60.1,100
hb,Bremen,0,15,1999,1999-06-06,FALSE,cdu,CDU/CSU,FALSE,CDU,37.1,42,60.1,100
hb,Bremen,0,15,1999,1999-06-06,FALSE,gru,Greens,FALSE,GRÜNE3,9,10,60.1,100
hb,Bremen,0,15,1999,1999-06-06,FALSE,dvu,Far right (pre-AfD),TRUE,SRP/NPD/DVU6,3,1,60.1,100
hb,Bremen,0,15,1999,1999-06-06,FALSE,lin,Left,FALSE,PDS/DIE LINKE4,2.9,NA,60.1,100
hb,Bremen,0,15,1999,1999-06-06,FALSE,fdp,FDP,FALSE,FDP2,2.5,NA,60.1,100
hb,Bremen,0,15,1999,1999-06-06,FALSE,afb,Other (named),FALSE,AFB,2.4,NA,60.1,100
hb,Bremen,0,15,1999,1999-06-06,FALSE,oth,Other,FALSE,Sonstige,0.5,NA,60.1,100
hb,Bremen,0,15,1999,1999-06-06,FALSE,afd,AfD,TRUE,AfD,NA,NA,60.1,100
hb,Bremen,0,15,1999,1999-06-06,FALSE,kpd,KPD/DKP,FALSE,KPD/DKP5,NA,NA,60.1,100
hb,Bremen,0,15,1999,1999-06-06,FALSE,dp,Other (named),FALSE,DP,NA,NA,60.1,100
hb,Bremen,0,15,1999,1999-06-06,FALSE,bhe,Other (named),FALSE,GB/BHE,NA,NA,60.1,100
hb,Bremen,0,15,1999,1999-06-06,FALSE,wdf,Other (named),FALSE,WdF,NA,NA,60.1,100
hb,Bremen,0,15,1999,1999-06-06,FALSE,schill,Far right (pre-AfD),TRUE,Schill,NA,NA,60.1,100
hb,Bremen,0,15,1999,1999-06-06,FALSE,biw,Far right (pre-AfD),TRUE,BIW,NA,NA,60.1,100
hb,Bremen,0,15,1999,1999-06-06,FALSE,pir,Other (named),FALSE,PIRATEN,NA,NA,60.1,100
hb,Bremen,0,16,2003,2003-05-25,FALSE,spd,SPD,FALSE,SPD,42.3,40,61.3,83
hb,Bremen,0,16,2003,2003-05-25,FALSE,cdu,CDU/CSU,FALSE,CDU,29.8,29,61.3,83
hb,Bremen,0,16,2003,2003-05-25,FALSE,gru,Greens,FALSE,GRÜNE3,12.8,12,61.3,83
hb,Bremen,0,16,2003,2003-05-25,FALSE,schill,Far right (pre-AfD),TRUE,Schill,4.4,NA,61.3,83
hb,Bremen,0,16,2003,2003-05-25,FALSE,fdp,FDP,FALSE,FDP2,4.2,1,61.3,83
hb,Bremen,0,16,2003,2003-05-25,FALSE,dvu,Far right (pre-AfD),TRUE,SRP/NPD/DVU6,2.3,1,61.3,83
hb,Bremen,0,16,2003,2003-05-25,FALSE,oth,Other,FALSE,Sonstige,2.1,NA,61.3,83
hb,Bremen,0,16,2003,2003-05-25,FALSE,lin,Left,FALSE,PDS/DIE LINKE4,1.7,NA,61.3,83
hb,Bremen,0,16,2003,2003-05-25,FALSE,dp,Other (named),FALSE,DP,0.5,NA,61.3,83
hb,Bremen,0,16,2003,2003-05-25,FALSE,afd,AfD,TRUE,AfD,NA,NA,61.3,83
hb,Bremen,0,16,2003,2003-05-25,FALSE,kpd,KPD/DKP,FALSE,KPD/DKP5,NA,NA,61.3,83
hb,Bremen,0,16,2003,2003-05-25,FALSE,bhe,Other (named),FALSE,GB/BHE,NA,NA,61.3,83
hb,Bremen,0,16,2003,2003-05-25,FALSE,wdf,Other (named),FALSE,WdF,NA,NA,61.3,83
hb,Bremen,0,16,2003,2003-05-25,FALSE,afb,Other (named),FALSE,AFB,NA,NA,61.3,83
hb,Bremen,0,16,2003,2003-05-25,FALSE,biw,Far right (pre-AfD),TRUE,BIW,NA,NA,61.3,83
hb,Bremen,0,16,2003,2003-05-25,FALSE,pir,Other (named),FALSE,PIRATEN,NA,NA,61.3,83
hb,Bremen,0,17,2007,2007-05-13,FALSE,spd,SPD,FALSE,SPD,36.7,32,57.6,83
hb,Bremen,0,17,2007,2007-05-13,FALSE,cdu,CDU/CSU,FALSE,CDU,25.6,23,57.6,83
hb,Bremen,0,17,2007,2007-05-13,FALSE,gru,Greens,FALSE,GRÜNE3,16.5,14,57.6,83
hb,Bremen,0,17,2007,2007-05-13,FALSE,lin,Left,FALSE,PDS/DIE LINKE4,8.4,7,57.6,83
hb,Bremen,0,17,2007,2007-05-13,FALSE,fdp,FDP,FALSE,FDP2,6,5,57.6,83
hb,Bremen,0,17,2007,2007-05-13,FALSE,oth,Other,FALSE,Sonstige,3.1,NA,57.6,83
hb,Bremen,0,17,2007,2007-05-13,FALSE,dvu,Far right (pre-AfD),TRUE,SRP/NPD/DVU6,2.7,1,57.6,83
hb,Bremen,0,17,2007,2007-05-13,FALSE,biw,Far right (pre-AfD),TRUE,BIW,0.8,1,57.6,83
hb,Bremen,0,17,2007,2007-05-13,FALSE,afd,AfD,TRUE,AfD,NA,NA,57.6,83
hb,Bremen,0,17,2007,2007-05-13,FALSE,kpd,KPD/DKP,FALSE,KPD/DKP5,NA,NA,57.6,83
hb,Bremen,0,17,2007,2007-05-13,FALSE,dp,Other (named),FALSE,DP,NA,NA,57.6,83
hb,Bremen,0,17,2007,2007-05-13,FALSE,bhe,Other (named),FALSE,GB/BHE,NA,NA,57.6,83
hb,Bremen,0,17,2007,2007-05-13,FALSE,wdf,Other (named),FALSE,WdF,NA,NA,57.6,83
hb,Bremen,0,17,2007,2007-05-13,FALSE,afb,Other (named),FALSE,AFB,NA,NA,57.6,83
hb,Bremen,0,17,2007,2007-05-13,FALSE,schill,Far right (pre-AfD),TRUE,Schill,NA,NA,57.6,83
hb,Bremen,0,17,2007,2007-05-13,FALSE,pir,Other (named),FALSE,PIRATEN,NA,NA,57.6,83
hb,Bremen,0,18,2011,2011-05-22,FALSE,spd,SPD,FALSE,SPD,38.6,36,55.5,83
hb,Bremen,0,18,2011,2011-05-22,FALSE,gru,Greens,FALSE,GRÜNE3,22.5,21,55.5,83
hb,Bremen,0,18,2011,2011-05-22,FALSE,cdu,CDU/CSU,FALSE,CDU,20.4,20,55.5,83
hb,Bremen,0,18,2011,2011-05-22,FALSE,lin,Left,FALSE,PDS/DIE LINKE4,5.6,5,55.5,83
hb,Bremen,0,18,2011,2011-05-22,FALSE,biw,Far right (pre-AfD),TRUE,BIW,3.7,1,55.5,83
hb,Bremen,0,18,2011,2011-05-22,FALSE,oth,Other,FALSE,Sonstige,3.4,NA,55.5,83
hb,Bremen,0,18,2011,2011-05-22,FALSE,fdp,FDP,FALSE,FDP2,2.4,NA,55.5,83
hb,Bremen,0,18,2011,2011-05-22,FALSE,pir,Other (named),FALSE,PIRATEN,1.9,NA,55.5,83
hb,Bremen,0,18,2011,2011-05-22,FALSE,dvu,Far right (pre-AfD),TRUE,SRP/NPD/DVU6,1.6,NA,55.5,83
hb,Bremen,0,18,2011,2011-05-22,FALSE,afd,AfD,TRUE,AfD,NA,NA,55.5,83
hb,Bremen,0,18,2011,2011-05-22,FALSE,kpd,KPD/DKP,FALSE,KPD/DKP5,NA,NA,55.5,83
hb,Bremen,0,18,2011,2011-05-22,FALSE,dp,Other (named),FALSE,DP,NA,NA,55.5,83
hb,Bremen,0,18,2011,2011-05-22,FALSE,bhe,Other (named),FALSE,GB/BHE,NA,NA,55.5,83
hb,Bremen,0,18,2011,2011-05-22,FALSE,wdf,Other (named),FALSE,WdF,NA,NA,55.5,83
hb,Bremen,0,18,2011,2011-05-22,FALSE,afb,Other (named),FALSE,AFB,NA,NA,55.5,83
hb,Bremen,0,18,2011,2011-05-22,FALSE,schill,Far right (pre-AfD),TRUE,Schill,NA,NA,55.5,83
hb,Bremen,0,19,2015,2015-05-10,FALSE,spd,SPD,FALSE,SPD,32.8,30,50.2,83
hb,Bremen,0,19,2015,2015-05-10,FALSE,cdu,CDU/CSU,FALSE,CDU,22.4,20,50.2,83
hb,Bremen,0,19,2015,2015-05-10,FALSE,gru,Greens,FALSE,GRÜNE3,15.1,14,50.2,83
hb,Bremen,0,19,2015,2015-05-10,FALSE,lin,Left,FALSE,PDS/DIE LINKE4,9.5,8,50.2,83
hb,Bremen,0,19,2015,2015-05-10,FALSE,fdp,FDP,FALSE,FDP2,6.6,6,50.2,83
hb,Bremen,0,19,2015,2015-05-10,FALSE,afd,AfD,TRUE,AfD,5.5,4,50.2,83
hb,Bremen,0,19,2015,2015-05-10,FALSE,biw,Far right (pre-AfD),TRUE,BIW,3.2,1,50.2,83
hb,Bremen,0,19,2015,2015-05-10,FALSE,oth,Other,FALSE,Sonstige,3.1,NA,50.2,83
hb,Bremen,0,19,2015,2015-05-10,FALSE,pir,Other (named),FALSE,PIRATEN,1.5,NA,50.2,83
hb,Bremen,0,19,2015,2015-05-10,FALSE,dvu,Far right (pre-AfD),TRUE,SRP/NPD/DVU6,0.2,NA,50.2,83
hb,Bremen,0,19,2015,2015-05-10,FALSE,kpd,KPD/DKP,FALSE,KPD/DKP5,NA,NA,50.2,83
hb,Bremen,0,19,2015,2015-05-10,FALSE,dp,Other (named),FALSE,DP,NA,NA,50.2,83
hb,Bremen,0,19,2015,2015-05-10,FALSE,bhe,Other (named),FALSE,GB/BHE,NA,NA,50.2,83
hb,Bremen,0,19,2015,2015-05-10,FALSE,wdf,Other (named),FALSE,WdF,NA,NA,50.2,83
hb,Bremen,0,19,2015,2015-05-10,FALSE,afb,Other (named),FALSE,AFB,NA,NA,50.2,83
hb,Bremen,0,19,2015,2015-05-10,FALSE,schill,Far right (pre-AfD),TRUE,Schill,NA,NA,50.2,83
hb,Bremen,0,20,2019,2019-05-26,FALSE,cdu,CDU/CSU,FALSE,CDU,26.7,24,64.1,84
hb,Bremen,0,20,2019,2019-05-26,FALSE,spd,SPD,FALSE,SPD,24.9,23,64.1,84
hb,Bremen,0,20,2019,2019-05-26,FALSE,gru,Greens,FALSE,GRÜNE3,17.4,16,64.1,84
hb,Bremen,0,20,2019,2019-05-26,FALSE,lin,Left,FALSE,PDS/DIE LINKE4,11.3,10,64.1,84
hb,Bremen,0,20,2019,2019-05-26,FALSE,afd,AfD,TRUE,AfD,6.1,5,64.1,84
hb,Bremen,0,20,2019,2019-05-26,FALSE,fdp,FDP,FALSE,FDP2,5.9,5,64.1,84
hb,Bremen,0,20,2019,2019-05-26,FALSE,oth,Other,FALSE,Sonstige,4.2,NA,64.1,84
hb,Bremen,0,20,2019,2019-05-26,FALSE,biw,Far right (pre-AfD),TRUE,BIW,2.4,1,64.1,84
hb,Bremen,0,20,2019,2019-05-26,FALSE,pir,Other (named),FALSE,PIRATEN,1,NA,64.1,84
hb,Bremen,0,20,2019,2019-05-26,FALSE,kpd,KPD/DKP,FALSE,KPD/DKP5,NA,NA,64.1,84
hb,Bremen,0,20,2019,2019-05-26,FALSE,dvu,Far right (pre-AfD),TRUE,SRP/NPD/DVU6,NA,NA,64.1,84
hb,Bremen,0,20,2019,2019-05-26,FALSE,dp,Other (named),FALSE,DP,NA,NA,64.1,84
hb,Bremen,0,20,2019,2019-05-26,FALSE,bhe,Other (named),FALSE,GB/BHE,NA,NA,64.1,84
hb,Bremen,0,20,2019,2019-05-26,FALSE,wdf,Other (named),FALSE,WdF,NA,NA,64.1,84
hb,Bremen,0,20,2019,2019-05-26,FALSE,afb,Other (named),FALSE,AFB,NA,NA,64.1,84
hb,Bremen,0,20,2019,2019-05-26,FALSE,schill,Far right (pre-AfD),TRUE,Schill,NA,NA,64.1,84
hb,Bremen,0,21,2023,2023-05-14,FALSE,spd,SPD,FALSE,SPD,29.8,27,56.9,87
hb,Bremen,0,21,2023,2023-05-14,FALSE,cdu,CDU/CSU,FALSE,CDU,26.2,24,56.9,87
hb,Bremen,0,21,2023,2023-05-14,FALSE,gru,Greens,FALSE,GRÜNE3,11.9,11,56.9,87
hb,Bremen,0,21,2023,2023-05-14,FALSE,lin,Left,FALSE,PDS/DIE LINKE4,10.9,10,56.9,87
hb,Bremen,0,21,2023,2023-05-14,FALSE,biw,Far right (pre-AfD),TRUE,BIW,9.4,10,56.9,87
hb,Bremen,0,21,2023,2023-05-14,FALSE,oth,Other,FALSE,Sonstige,6.6,NA,56.9,87
hb,Bremen,0,21,2023,2023-05-14,FALSE,fdp,FDP,FALSE,FDP2,5.1,5,56.9,87
hb,Bremen,0,21,2023,2023-05-14,FALSE,pir,Other (named),FALSE,PIRATEN,0.2,NA,56.9,87
hb,Bremen,0,21,2023,2023-05-14,FALSE,afd,AfD,TRUE,AfD,NA,NA,56.9,87
hb,Bremen,0,21,2023,2023-05-14,FALSE,kpd,KPD/DKP,FALSE,KPD/DKP5,NA,NA,56.9,87
hb,Bremen,0,21,2023,2023-05-14,FALSE,dvu,Far right (pre-AfD),TRUE,SRP/NPD/DVU6,NA,NA,56.9,87
hb,Bremen,0,21,2023,2023-05-14,FALSE,dp,Other (named),FALSE,DP,NA,NA,56.9,87
hb,Bremen,0,21,2023,2023-05-14,FALSE,bhe,Other (named),FALSE,GB/BHE,NA,NA,56.9,87
hb,Bremen,0,21,2023,2023-05-14,FALSE,wdf,Other (named),FALSE,WdF,NA,NA,56.9,87
hb,Bremen,0,21,2023,2023-05-14,FALSE,afb,Other (named),FALSE,AFB,NA,NA,56.9,87
hb,Bremen,0,21,2023,2023-05-14,FALSE,schill,Far right (pre-AfD),TRUE,Schill,NA,NA,56.9,87
he,Hesse,0,1,1946,1946-12-01,FALSE,spd,SPD,FALSE,SPD,42.7,38,73.2,90
he,Hesse,0,1,1946,1946-12-01,FALSE,cdu,CDU/CSU,FALSE,CDU,30.9,28,73.2,90
he,Hesse,0,1,1946,1946-12-01,FALSE,fdp,FDP,FALSE,FDP,15.7,14,73.2,90
he,Hesse,0,1,1946,1946-12-01,FALSE,kpd,KPD/DKP,FALSE,KPD/DKP¹,10.7,10,73.2,90
he,Hesse,0,1,1946,1946-12-01,FALSE,gru,Greens,FALSE,GRÜNE,NA,NA,73.2,90
he,Hesse,0,1,1946,1946-12-01,FALSE,lin,Left,FALSE,DIE LINKE,NA,NA,73.2,90
he,Hesse,0,1,1946,1946-12-01,FALSE,pir,Other (named),FALSE,PIRATEN,NA,NA,73.2,90
he,Hesse,0,1,1946,1946-12-01,FALSE,afd,AfD,TRUE,AfD,NA,NA,73.2,90
he,Hesse,0,1,1946,1946-12-01,FALSE,rep,Far right (pre-AfD),TRUE,REP,NA,NA,73.2,90
he,Hesse,0,1,1946,1946-12-01,FALSE,npd,Far right (pre-AfD),TRUE,NPD,NA,NA,73.2,90
he,Hesse,0,1,1946,1946-12-01,FALSE,bhe,Other (named),FALSE,GB/BHE,NA,NA,73.2,90
he,Hesse,0,1,1946,1946-12-01,FALSE,oth,Other,FALSE,Sonstige,0,NA,73.2,90
he,Hesse,0,2,1950,1950-11-19,FALSE,spd,SPD,FALSE,SPD,44.4,47,64.9,80
he,Hesse,0,2,1950,1950-11-19,FALSE,fdp,FDP,FALSE,FDP,31.8,21,64.9,80
he,Hesse,0,2,1950,1950-11-19,FALSE,cdu,CDU/CSU,FALSE,CDU,18.8,12,64.9,80
he,Hesse,0,2,1950,1950-11-19,FALSE,kpd,KPD/DKP,FALSE,KPD/DKP¹,4.7,NA,64.9,80
he,Hesse,0,2,1950,1950-11-19,FALSE,oth,Other,FALSE,Sonstige,0.3,NA,64.9,80
he,Hesse,0,2,1950,1950-11-19,FALSE,gru,Greens,FALSE,GRÜNE,NA,NA,64.9,80
he,Hesse,0,2,1950,1950-11-19,FALSE,lin,Left,FALSE,DIE LINKE,NA,NA,64.9,80
he,Hesse,0,2,1950,1950-11-19,FALSE,pir,Other (named),FALSE,PIRATEN,NA,NA,64.9,80
he,Hesse,0,2,1950,1950-11-19,FALSE,afd,AfD,TRUE,AfD,NA,NA,64.9,80
he,Hesse,0,2,1950,1950-11-19,FALSE,rep,Far right (pre-AfD),TRUE,REP,NA,NA,64.9,80
he,Hesse,0,2,1950,1950-11-19,FALSE,npd,Far right (pre-AfD),TRUE,NPD,NA,NA,64.9,80
he,Hesse,0,2,1950,1950-11-19,FALSE,bhe,Other (named),FALSE,GB/BHE,NA,NA,64.9,80
he,Hesse,0,3,1954,1954-11-28,FALSE,spd,SPD,FALSE,SPD,42.6,44,82.4,96
he,Hesse,0,3,1954,1954-11-28,FALSE,cdu,CDU/CSU,FALSE,CDU,24.1,24,82.4,96
he,Hesse,0,3,1954,1954-11-28,FALSE,fdp,FDP,FALSE,FDP,20.5,21,82.4,96
he,Hesse,0,3,1954,1954-11-28,FALSE,bhe,Other (named),FALSE,GB/BHE,7.7,7,82.4,96
he,Hesse,0,3,1954,1954-11-28,FALSE,kpd,KPD/DKP,FALSE,KPD/DKP¹,3.4,NA,82.4,96
he,Hesse,0,3,1954,1954-11-28,FALSE,oth,Other,FALSE,Sonstige,1.7,NA,82.4,96
he,Hesse,0,3,1954,1954-11-28,FALSE,gru,Greens,FALSE,GRÜNE,NA,NA,82.4,96
he,Hesse,0,3,1954,1954-11-28,FALSE,lin,Left,FALSE,DIE LINKE,NA,NA,82.4,96
he,Hesse,0,3,1954,1954-11-28,FALSE,pir,Other (named),FALSE,PIRATEN,NA,NA,82.4,96
he,Hesse,0,3,1954,1954-11-28,FALSE,afd,AfD,TRUE,AfD,NA,NA,82.4,96
he,Hesse,0,3,1954,1954-11-28,FALSE,rep,Far right (pre-AfD),TRUE,REP,NA,NA,82.4,96
he,Hesse,0,3,1954,1954-11-28,FALSE,npd,Far right (pre-AfD),TRUE,NPD,NA,NA,82.4,96
he,Hesse,0,4,1958,1958-11-23,FALSE,spd,SPD,FALSE,SPD,46.9,48,82.3,96
he,Hesse,0,4,1958,1958-11-23,FALSE,cdu,CDU/CSU,FALSE,CDU,32,32,82.3,96
he,Hesse,0,4,1958,1958-11-23,FALSE,fdp,FDP,FALSE,FDP,9.5,9,82.3,96
he,Hesse,0,4,1958,1958-11-23,FALSE,bhe,Other (named),FALSE,GB/BHE,7.4,7,82.3,96
he,Hesse,0,4,1958,1958-11-23,FALSE,oth,Other,FALSE,Sonstige,4.2,NA,82.3,96
he,Hesse,0,4,1958,1958-11-23,FALSE,gru,Greens,FALSE,GRÜNE,NA,NA,82.3,96
he,Hesse,0,4,1958,1958-11-23,FALSE,lin,Left,FALSE,DIE LINKE,NA,NA,82.3,96
he,Hesse,0,4,1958,1958-11-23,FALSE,pir,Other (named),FALSE,PIRATEN,NA,NA,82.3,96
he,Hesse,0,4,1958,1958-11-23,FALSE,afd,AfD,TRUE,AfD,NA,NA,82.3,96
he,Hesse,0,4,1958,1958-11-23,FALSE,rep,Far right (pre-AfD),TRUE,REP,NA,NA,82.3,96
he,Hesse,0,4,1958,1958-11-23,FALSE,kpd,KPD/DKP,FALSE,KPD/DKP¹,NA,NA,82.3,96
he,Hesse,0,4,1958,1958-11-23,FALSE,npd,Far right (pre-AfD),TRUE,NPD,NA,NA,82.3,96
he,Hesse,0,5,1962,1962-11-11,FALSE,spd,SPD,FALSE,SPD,50.8,51,77.7,96
he,Hesse,0,5,1962,1962-11-11,FALSE,cdu,CDU/CSU,FALSE,CDU,28.8,28,77.7,96
he,Hesse,0,5,1962,1962-11-11,FALSE,fdp,FDP,FALSE,FDP,11.4,11,77.7,96
he,Hesse,0,5,1962,1962-11-11,FALSE,bhe,Other (named),FALSE,GB/BHE,6.3,6,77.7,96
he,Hesse,0,5,1962,1962-11-11,FALSE,oth,Other,FALSE,Sonstige,2.7,NA,77.7,96
he,Hesse,0,5,1962,1962-11-11,FALSE,gru,Greens,FALSE,GRÜNE,NA,NA,77.7,96
he,Hesse,0,5,1962,1962-11-11,FALSE,lin,Left,FALSE,DIE LINKE,NA,NA,77.7,96
he,Hesse,0,5,1962,1962-11-11,FALSE,pir,Other (named),FALSE,PIRATEN,NA,NA,77.7,96
he,Hesse,0,5,1962,1962-11-11,FALSE,afd,AfD,TRUE,AfD,NA,NA,77.7,96
he,Hesse,0,5,1962,1962-11-11,FALSE,rep,Far right (pre-AfD),TRUE,REP,NA,NA,77.7,96
he,Hesse,0,5,1962,1962-11-11,FALSE,kpd,KPD/DKP,FALSE,KPD/DKP¹,NA,NA,77.7,96
he,Hesse,0,5,1962,1962-11-11,FALSE,npd,Far right (pre-AfD),TRUE,NPD,NA,NA,77.7,96
he,Hesse,0,6,1966,1966-11-06,FALSE,spd,SPD,FALSE,SPD,51,52,81,96
he,Hesse,0,6,1966,1966-11-06,FALSE,cdu,CDU/CSU,FALSE,CDU,26.4,26,81,96
he,Hesse,0,6,1966,1966-11-06,FALSE,fdp,FDP,FALSE,FDP,10.4,10,81,96
he,Hesse,0,6,1966,1966-11-06,FALSE,npd,Far right (pre-AfD),TRUE,NPD,7.9,8,81,96
he,Hesse,0,6,1966,1966-11-06,FALSE,bhe,Other (named),FALSE,GB/BHE,4.3,NA,81,96
he,Hesse,0,6,1966,1966-11-06,FALSE,gru,Greens,FALSE,GRÜNE,NA,NA,81,96
he,Hesse,0,6,1966,1966-11-06,FALSE,lin,Left,FALSE,DIE LINKE,NA,NA,81,96
he,Hesse,0,6,1966,1966-11-06,FALSE,pir,Other (named),FALSE,PIRATEN,NA,NA,81,96
he,Hesse,0,6,1966,1966-11-06,FALSE,afd,AfD,TRUE,AfD,NA,NA,81,96
he,Hesse,0,6,1966,1966-11-06,FALSE,rep,Far right (pre-AfD),TRUE,REP,NA,NA,81,96
he,Hesse,0,6,1966,1966-11-06,FALSE,kpd,KPD/DKP,FALSE,KPD/DKP¹,NA,NA,81,96
he,Hesse,0,6,1966,1966-11-06,FALSE,oth,Other,FALSE,Sonstige,-0,NA,81,96
he,Hesse,0,7,1970,1970-11-08,FALSE,spd,SPD,FALSE,SPD,45.9,53,82.8,110
he,Hesse,0,7,1970,1970-11-08,FALSE,cdu,CDU/CSU,FALSE,CDU,39.7,46,82.8,110
he,Hesse,0,7,1970,1970-11-08,FALSE,fdp,FDP,FALSE,FDP,10.1,11,82.8,110
he,Hesse,0,7,1970,1970-11-08,FALSE,npd,Far right (pre-AfD),TRUE,NPD,3,NA,82.8,110
he,Hesse,0,7,1970,1970-11-08,FALSE,kpd,KPD/DKP,FALSE,KPD/DKP¹,1.2,NA,82.8,110
he,Hesse,0,7,1970,1970-11-08,FALSE,oth,Other,FALSE,Sonstige,0.1,NA,82.8,110
he,Hesse,0,7,1970,1970-11-08,FALSE,gru,Greens,FALSE,GRÜNE,NA,NA,82.8,110
he,Hesse,0,7,1970,1970-11-08,FALSE,lin,Left,FALSE,DIE LINKE,NA,NA,82.8,110
he,Hesse,0,7,1970,1970-11-08,FALSE,pir,Other (named),FALSE,PIRATEN,NA,NA,82.8,110
he,Hesse,0,7,1970,1970-11-08,FALSE,afd,AfD,TRUE,AfD,NA,NA,82.8,110
he,Hesse,0,7,1970,1970-11-08,FALSE,rep,Far right (pre-AfD),TRUE,REP,NA,NA,82.8,110
he,Hesse,0,7,1970,1970-11-08,FALSE,bhe,Other (named),FALSE,GB/BHE,NA,NA,82.8,110
he,Hesse,0,8,1974,1974-10-27,FALSE,cdu,CDU/CSU,FALSE,CDU,47.3,53,84.8,110
he,Hesse,0,8,1974,1974-10-27,FALSE,spd,SPD,FALSE,SPD,43.2,49,84.8,110
he,Hesse,0,8,1974,1974-10-27,FALSE,fdp,FDP,FALSE,FDP,7.4,8,84.8,110
he,Hesse,0,8,1974,1974-10-27,FALSE,npd,Far right (pre-AfD),TRUE,NPD,1,NA,84.8,110
he,Hesse,0,8,1974,1974-10-27,FALSE,kpd,KPD/DKP,FALSE,KPD/DKP¹,0.9,NA,84.8,110
he,Hesse,0,8,1974,1974-10-27,FALSE,oth,Other,FALSE,Sonstige,0.2,NA,84.8,110
he,Hesse,0,8,1974,1974-10-27,FALSE,gru,Greens,FALSE,GRÜNE,NA,NA,84.8,110
he,Hesse,0,8,1974,1974-10-27,FALSE,lin,Left,FALSE,DIE LINKE,NA,NA,84.8,110
he,Hesse,0,8,1974,1974-10-27,FALSE,pir,Other (named),FALSE,PIRATEN,NA,NA,84.8,110
he,Hesse,0,8,1974,1974-10-27,FALSE,afd,AfD,TRUE,AfD,NA,NA,84.8,110
he,Hesse,0,8,1974,1974-10-27,FALSE,rep,Far right (pre-AfD),TRUE,REP,NA,NA,84.8,110
he,Hesse,0,8,1974,1974-10-27,FALSE,bhe,Other (named),FALSE,GB/BHE,NA,NA,84.8,110
he,Hesse,0,9,1978,1978-10-08,FALSE,cdu,CDU/CSU,FALSE,CDU,46,53,87.7,110
he,Hesse,0,9,1978,1978-10-08,FALSE,spd,SPD,FALSE,SPD,44.3,50,87.7,110
he,Hesse,0,9,1978,1978-10-08,FALSE,fdp,FDP,FALSE,FDP,6.6,7,87.7,110
he,Hesse,0,9,1978,1978-10-08,FALSE,gru,Greens,FALSE,GRÜNE,2,NA,87.7,110
he,Hesse,0,9,1978,1978-10-08,FALSE,kpd,KPD/DKP,FALSE,KPD/DKP¹,0.4,NA,87.7,110
he,Hesse,0,9,1978,1978-10-08,FALSE,npd,Far right (pre-AfD),TRUE,NPD,0.4,NA,87.7,110
he,Hesse,0,9,1978,1978-10-08,FALSE,oth,Other,FALSE,Sonstige,0.3,NA,87.7,110
he,Hesse,0,9,1978,1978-10-08,FALSE,lin,Left,FALSE,DIE LINKE,NA,NA,87.7,110
he,Hesse,0,9,1978,1978-10-08,FALSE,pir,Other (named),FALSE,PIRATEN,NA,NA,87.7,110
he,Hesse,0,9,1978,1978-10-08,FALSE,afd,AfD,TRUE,AfD,NA,NA,87.7,110
he,Hesse,0,9,1978,1978-10-08,FALSE,rep,Far right (pre-AfD),TRUE,REP,NA,NA,87.7,110
he,Hesse,0,9,1978,1978-10-08,FALSE,bhe,Other (named),FALSE,GB/BHE,NA,NA,87.7,110
he,Hesse,0,10,1982,1982-09-26,FALSE,cdu,CDU/CSU,FALSE,CDU,45.6,52,86.4,110
he,Hesse,0,10,1982,1982-09-26,FALSE,spd,SPD,FALSE,SPD,42.8,49,86.4,110
he,Hesse,0,10,1982,1982-09-26,FALSE,gru,Greens,FALSE,GRÜNE,8,9,86.4,110
he,Hesse,0,10,1982,1982-09-26,FALSE,fdp,FDP,FALSE,FDP,3.1,NA,86.4,110
he,Hesse,0,10,1982,1982-09-26,FALSE,kpd,KPD/DKP,FALSE,KPD/DKP¹,0.4,NA,86.4,110
he,Hesse,0,10,1982,1982-09-26,FALSE,oth,Other,FALSE,Sonstige,0.1,NA,86.4,110
he,Hesse,0,10,1982,1982-09-26,FALSE,lin,Left,FALSE,DIE LINKE,NA,NA,86.4,110
he,Hesse,0,10,1982,1982-09-26,FALSE,pir,Other (named),FALSE,PIRATEN,NA,NA,86.4,110
he,Hesse,0,10,1982,1982-09-26,FALSE,afd,AfD,TRUE,AfD,NA,NA,86.4,110
he,Hesse,0,10,1982,1982-09-26,FALSE,rep,Far right (pre-AfD),TRUE,REP,NA,NA,86.4,110
he,Hesse,0,10,1982,1982-09-26,FALSE,npd,Far right (pre-AfD),TRUE,NPD,NA,NA,86.4,110
he,Hesse,0,10,1982,1982-09-26,FALSE,bhe,Other (named),FALSE,GB/BHE,NA,NA,86.4,110
he,Hesse,0,11,1983,1983-09-25,FALSE,spd,SPD,FALSE,SPD,46.2,51,83.5,110
he,Hesse,0,11,1983,1983-09-25,FALSE,cdu,CDU/CSU,FALSE,CDU,39.4,44,83.5,110
he,Hesse,0,11,1983,1983-09-25,FALSE,fdp,FDP,FALSE,FDP,7.6,8,83.5,110
he,Hesse,0,11,1983,1983-09-25,FALSE,gru,Greens,FALSE,GRÜNE,5.9,7,83.5,110
he,Hesse,0,11,1983,1983-09-25,FALSE,oth,Other,FALSE,Sonstige,0.5,NA,83.5,110
he,Hesse,0,11,1983,1983-09-25,FALSE,kpd,KPD/DKP,FALSE,KPD/DKP¹,0.3,NA,83.5,110
he,Hesse,0,11,1983,1983-09-25,FALSE,lin,Left,FALSE,DIE LINKE,NA,NA,83.5,110
he,Hesse,0,11,1983,1983-09-25,FALSE,pir,Other (named),FALSE,PIRATEN,NA,NA,83.5,110
he,Hesse,0,11,1983,1983-09-25,FALSE,afd,AfD,TRUE,AfD,NA,NA,83.5,110
he,Hesse,0,11,1983,1983-09-25,FALSE,rep,Far right (pre-AfD),TRUE,REP,NA,NA,83.5,110
he,Hesse,0,11,1983,1983-09-25,FALSE,npd,Far right (pre-AfD),TRUE,NPD,NA,NA,83.5,110
he,Hesse,0,11,1983,1983-09-25,FALSE,bhe,Other (named),FALSE,GB/BHE,NA,NA,83.5,110
he,Hesse,0,12,1987,1987-04-05,FALSE,cdu,CDU/CSU,FALSE,CDU,42.1,47,80.3,110
he,Hesse,0,12,1987,1987-04-05,FALSE,spd,SPD,FALSE,SPD,40.2,44,80.3,110
he,Hesse,0,12,1987,1987-04-05,FALSE,gru,Greens,FALSE,GRÜNE,9.4,10,80.3,110
he,Hesse,0,12,1987,1987-04-05,FALSE,fdp,FDP,FALSE,FDP,7.8,9,80.3,110
he,Hesse,0,12,1987,1987-04-05,FALSE,kpd,KPD/DKP,FALSE,KPD/DKP¹,0.3,NA,80.3,110
he,Hesse,0,12,1987,1987-04-05,FALSE,oth,Other,FALSE,Sonstige,0.2,NA,80.3,110
he,Hesse,0,12,1987,1987-04-05,FALSE,lin,Left,FALSE,DIE LINKE,NA,NA,80.3,110
he,Hesse,0,12,1987,1987-04-05,FALSE,pir,Other (named),FALSE,PIRATEN,NA,NA,80.3,110
he,Hesse,0,12,1987,1987-04-05,FALSE,afd,AfD,TRUE,AfD,NA,NA,80.3,110
he,Hesse,0,12,1987,1987-04-05,FALSE,rep,Far right (pre-AfD),TRUE,REP,NA,NA,80.3,110
he,Hesse,0,12,1987,1987-04-05,FALSE,npd,Far right (pre-AfD),TRUE,NPD,NA,NA,80.3,110
he,Hesse,0,12,1987,1987-04-05,FALSE,bhe,Other (named),FALSE,GB/BHE,NA,NA,80.3,110
he,Hesse,0,13,1991,1991-01-20,FALSE,spd,SPD,FALSE,SPD,40.8,46,70.8,110
he,Hesse,0,13,1991,1991-01-20,FALSE,cdu,CDU/CSU,FALSE,CDU,40.2,46,70.8,110
he,Hesse,0,13,1991,1991-01-20,FALSE,gru,Greens,FALSE,GRÜNE,8.8,10,70.8,110
he,Hesse,0,13,1991,1991-01-20,FALSE,fdp,FDP,FALSE,FDP,7.4,8,70.8,110
he,Hesse,0,13,1991,1991-01-20,FALSE,oth,Other,FALSE,Sonstige,2.8,NA,70.8,110
he,Hesse,0,13,1991,1991-01-20,FALSE,rep,Far right (pre-AfD),TRUE,REP,1.7,NA,70.8,110
he,Hesse,0,13,1991,1991-01-20,FALSE,lin,Left,FALSE,DIE LINKE,NA,NA,70.8,110
he,Hesse,0,13,1991,1991-01-20,FALSE,pir,Other (named),FALSE,PIRATEN,NA,NA,70.8,110
he,Hesse,0,13,1991,1991-01-20,FALSE,afd,AfD,TRUE,AfD,NA,NA,70.8,110
he,Hesse,0,13,1991,1991-01-20,FALSE,kpd,KPD/DKP,FALSE,KPD/DKP¹,NA,NA,70.8,110
he,Hesse,0,13,1991,1991-01-20,FALSE,npd,Far right (pre-AfD),TRUE,NPD,NA,NA,70.8,110
he,Hesse,0,13,1991,1991-01-20,FALSE,bhe,Other (named),FALSE,GB/BHE,NA,NA,70.8,110
he,Hesse,0,14,1995,1995-02-19,FALSE,cdu,CDU/CSU,FALSE,CDU,39.2,45,66.3,110
he,Hesse,0,14,1995,1995-02-19,FALSE,spd,SPD,FALSE,SPD,38,44,66.3,110
he,Hesse,0,14,1995,1995-02-19,FALSE,gru,Greens,FALSE,GRÜNE,11.2,13,66.3,110
he,Hesse,0,14,1995,1995-02-19,FALSE,fdp,FDP,FALSE,FDP,7.4,8,66.3,110
he,Hesse,0,14,1995,1995-02-19,FALSE,rep,Far right (pre-AfD),TRUE,REP,2,NA,66.3,110
he,Hesse,0,14,1995,1995-02-19,FALSE,oth,Other,FALSE,Sonstige,1.9,NA,66.3,110
he,Hesse,0,14,1995,1995-02-19,FALSE,lin,Left,FALSE,DIE LINKE,NA,NA,66.3,110
he,Hesse,0,14,1995,1995-02-19,FALSE,pir,Other (named),FALSE,PIRATEN,NA,NA,66.3,110
he,Hesse,0,14,1995,1995-02-19,FALSE,afd,AfD,TRUE,AfD,NA,NA,66.3,110
he,Hesse,0,14,1995,1995-02-19,FALSE,kpd,KPD/DKP,FALSE,KPD/DKP¹,NA,NA,66.3,110
he,Hesse,0,14,1995,1995-02-19,FALSE,npd,Far right (pre-AfD),TRUE,NPD,NA,NA,66.3,110
he,Hesse,0,14,1995,1995-02-19,FALSE,bhe,Other (named),FALSE,GB/BHE,NA,NA,66.3,110
he,Hesse,0,15,1999,1999-02-07,FALSE,cdu,CDU/CSU,FALSE,CDU,43.4,50,66.4,110
he,Hesse,0,15,1999,1999-02-07,FALSE,spd,SPD,FALSE,SPD,39.4,46,66.4,110
he,Hesse,0,15,1999,1999-02-07,FALSE,gru,Greens,FALSE,GRÜNE,7.2,8,66.4,110
he,Hesse,0,15,1999,1999-02-07,FALSE,fdp,FDP,FALSE,FDP,5.1,6,66.4,110
he,Hesse,0,15,1999,1999-02-07,FALSE,rep,Far right (pre-AfD),TRUE,REP,2.7,NA,66.4,110
he,Hesse,0,15,1999,1999-02-07,FALSE,oth,Other,FALSE,Sonstige,2.2,NA,66.4,110
he,Hesse,0,15,1999,1999-02-07,FALSE,lin,Left,FALSE,DIE LINKE,NA,NA,66.4,110
he,Hesse,0,15,1999,1999-02-07,FALSE,pir,Other (named),FALSE,PIRATEN,NA,NA,66.4,110
he,Hesse,0,15,1999,1999-02-07,FALSE,afd,AfD,TRUE,AfD,NA,NA,66.4,110
he,Hesse,0,15,1999,1999-02-07,FALSE,kpd,KPD/DKP,FALSE,KPD/DKP¹,NA,NA,66.4,110
he,Hesse,0,15,1999,1999-02-07,FALSE,npd,Far right (pre-AfD),TRUE,NPD,NA,NA,66.4,110
he,Hesse,0,15,1999,1999-02-07,FALSE,bhe,Other (named),FALSE,GB/BHE,NA,NA,66.4,110
he,Hesse,0,16,2003,2003-02-02,FALSE,cdu,CDU/CSU,FALSE,CDU,48.8,56,64.6,110
he,Hesse,0,16,2003,2003-02-02,FALSE,spd,SPD,FALSE,SPD,29.1,33,64.6,110
he,Hesse,0,16,2003,2003-02-02,FALSE,gru,Greens,FALSE,GRÜNE,10.1,12,64.6,110
he,Hesse,0,16,2003,2003-02-02,FALSE,fdp,FDP,FALSE,FDP,7.9,9,64.6,110
he,Hesse,0,16,2003,2003-02-02,FALSE,oth,Other,FALSE,Sonstige,2.9,NA,64.6,110
he,Hesse,0,16,2003,2003-02-02,FALSE,rep,Far right (pre-AfD),TRUE,REP,1.3,NA,64.6,110
he,Hesse,0,16,2003,2003-02-02,FALSE,lin,Left,FALSE,DIE LINKE,NA,NA,64.6,110
he,Hesse,0,16,2003,2003-02-02,FALSE,pir,Other (named),FALSE,PIRATEN,NA,NA,64.6,110
he,Hesse,0,16,2003,2003-02-02,FALSE,afd,AfD,TRUE,AfD,NA,NA,64.6,110
he,Hesse,0,16,2003,2003-02-02,FALSE,kpd,KPD/DKP,FALSE,KPD/DKP¹,NA,NA,64.6,110
he,Hesse,0,16,2003,2003-02-02,FALSE,npd,Far right (pre-AfD),TRUE,NPD,NA,NA,64.6,110
he,Hesse,0,16,2003,2003-02-02,FALSE,bhe,Other (named),FALSE,GB/BHE,NA,NA,64.6,110
he,Hesse,0,17,2008,2008-01-27,FALSE,cdu,CDU/CSU,FALSE,CDU,36.8,42,64.3,110
he,Hesse,0,17,2008,2008-01-27,FALSE,spd,SPD,FALSE,SPD,36.7,42,64.3,110
he,Hesse,0,17,2008,2008-01-27,FALSE,fdp,FDP,FALSE,FDP,9.4,11,64.3,110
he,Hesse,0,17,2008,2008-01-27,FALSE,gru,Greens,FALSE,GRÜNE,7.5,9,64.3,110
he,Hesse,0,17,2008,2008-01-27,FALSE,lin,Left,FALSE,DIE LINKE,5.1,6,64.3,110
he,Hesse,0,17,2008,2008-01-27,FALSE,oth,Other,FALSE,Sonstige,2.5,NA,64.3,110
he,Hesse,0,17,2008,2008-01-27,FALSE,rep,Far right (pre-AfD),TRUE,REP,1,NA,64.3,110
he,Hesse,0,17,2008,2008-01-27,FALSE,npd,Far right (pre-AfD),TRUE,NPD,0.9,NA,64.3,110
he,Hesse,0,17,2008,2008-01-27,FALSE,pir,Other (named),FALSE,PIRATEN,NA,NA,64.3,110
he,Hesse,0,17,2008,2008-01-27,FALSE,afd,AfD,TRUE,AfD,NA,NA,64.3,110
he,Hesse,0,17,2008,2008-01-27,FALSE,kpd,KPD/DKP,FALSE,KPD/DKP¹,NA,NA,64.3,110
he,Hesse,0,17,2008,2008-01-27,FALSE,bhe,Other (named),FALSE,GB/BHE,NA,NA,64.3,110
he,Hesse,0,18,2009,2009-01-18,FALSE,cdu,CDU/CSU,FALSE,CDU,37.2,46,61,118
he,Hesse,0,18,2009,2009-01-18,FALSE,spd,SPD,FALSE,SPD,23.7,29,61,118
he,Hesse,0,18,2009,2009-01-18,FALSE,fdp,FDP,FALSE,FDP,16.2,20,61,118
he,Hesse,0,18,2009,2009-01-18,FALSE,gru,Greens,FALSE,GRÜNE,13.7,17,61,118
he,Hesse,0,18,2009,2009-01-18,FALSE,lin,Left,FALSE,DIE LINKE,5.4,6,61,118
he,Hesse,0,18,2009,2009-01-18,FALSE,oth,Other,FALSE,Sonstige,1.8,NA,61,118
he,Hesse,0,18,2009,2009-01-18,FALSE,npd,Far right (pre-AfD),TRUE,NPD,0.9,NA,61,118
he,Hesse,0,18,2009,2009-01-18,FALSE,rep,Far right (pre-AfD),TRUE,REP,0.6,NA,61,118
he,Hesse,0,18,2009,2009-01-18,FALSE,pir,Other (named),FALSE,PIRATEN,0.5,NA,61,118
he,Hesse,0,18,2009,2009-01-18,FALSE,afd,AfD,TRUE,AfD,NA,NA,61,118
he,Hesse,0,18,2009,2009-01-18,FALSE,kpd,KPD/DKP,FALSE,KPD/DKP¹,NA,NA,61,118
he,Hesse,0,18,2009,2009-01-18,FALSE,bhe,Other (named),FALSE,GB/BHE,NA,NA,61,118
he,Hesse,0,19,2013,2013-09-22,FALSE,cdu,CDU/CSU,FALSE,CDU,38.3,47,73.2,110
he,Hesse,0,19,2013,2013-09-22,FALSE,spd,SPD,FALSE,SPD,30.7,37,73.2,110
he,Hesse,0,19,2013,2013-09-22,FALSE,gru,Greens,FALSE,GRÜNE,11.1,14,73.2,110
he,Hesse,0,19,2013,2013-09-22,FALSE,lin,Left,FALSE,DIE LINKE,5.2,6,73.2,110
he,Hesse,0,19,2013,2013-09-22,FALSE,fdp,FDP,FALSE,FDP,5,6,73.2,110
he,Hesse,0,19,2013,2013-09-22,FALSE,afd,AfD,TRUE,AfD,4.1,NA,73.2,110
he,Hesse,0,19,2013,2013-09-22,FALSE,oth,Other,FALSE,Sonstige,2.3,NA,73.2,110
he,Hesse,0,19,2013,2013-09-22,FALSE,pir,Other (named),FALSE,PIRATEN,1.9,NA,73.2,110
he,Hesse,0,19,2013,2013-09-22,FALSE,npd,Far right (pre-AfD),TRUE,NPD,1.1,NA,73.2,110
he,Hesse,0,19,2013,2013-09-22,FALSE,rep,Far right (pre-AfD),TRUE,REP,0.3,NA,73.2,110
he,Hesse,0,19,2013,2013-09-22,FALSE,kpd,KPD/DKP,FALSE,KPD/DKP¹,NA,NA,73.2,110
he,Hesse,0,19,2013,2013-09-22,FALSE,bhe,Other (named),FALSE,GB/BHE,NA,NA,73.2,110
he,Hesse,0,20,2018,2018-10-28,FALSE,cdu,CDU/CSU,FALSE,CDU,27,40,67.3,137
he,Hesse,0,20,2018,2018-10-28,FALSE,spd,SPD,FALSE,SPD,19.8,29,67.3,137
he,Hesse,0,20,2018,2018-10-28,FALSE,gru,Greens,FALSE,GRÜNE,19.8,29,67.3,137
he,Hesse,0,20,2018,2018-10-28,FALSE,afd,AfD,TRUE,AfD,13.1,19,67.3,137
he,Hesse,0,20,2018,2018-10-28,FALSE,fdp,FDP,FALSE,FDP,7.5,11,67.3,137
he,Hesse,0,20,2018,2018-10-28,FALSE,lin,Left,FALSE,DIE LINKE,6.3,9,67.3,137
he,Hesse,0,20,2018,2018-10-28,FALSE,oth,Other,FALSE,Sonstige,5.9,NA,67.3,137
he,Hesse,0,20,2018,2018-10-28,FALSE,pir,Other (named),FALSE,PIRATEN,0.4,NA,67.3,137
he,Hesse,0,20,2018,2018-10-28,FALSE,npd,Far right (pre-AfD),TRUE,NPD,0.2,NA,67.3,137
he,Hesse,0,20,2018,2018-10-28,FALSE,rep,Far right (pre-AfD),TRUE,REP,NA,NA,67.3,137
he,Hesse,0,20,2018,2018-10-28,FALSE,kpd,KPD/DKP,FALSE,KPD/DKP¹,NA,NA,67.3,137
he,Hesse,0,20,2018,2018-10-28,FALSE,bhe,Other (named),FALSE,GB/BHE,NA,NA,67.3,137
he,Hesse,0,21,2023,2023-10-08,TRUE,cdu,CDU/CSU,FALSE,CDU,34.6,52,66,133
he,Hesse,0,21,2023,2023-10-08,TRUE,afd,AfD,TRUE,AfD,18.4,28,66,133
he,Hesse,0,21,2023,2023-10-08,TRUE,spd,SPD,FALSE,SPD,15.1,23,66,133
he,Hesse,0,21,2023,2023-10-08,TRUE,gru,Greens,FALSE,GRÜNE,14.8,22,66,133
he,Hesse,0,21,2023,2023-10-08,TRUE,oth,Other,FALSE,Sonstige,8.6,NA,66,133
he,Hesse,0,21,2023,2023-10-08,TRUE,fdp,FDP,FALSE,FDP,5,8,66,133
he,Hesse,0,21,2023,2023-10-08,TRUE,lin,Left,FALSE,DIE LINKE,3.1,NA,66,133
he,Hesse,0,21,2023,2023-10-08,TRUE,pir,Other (named),FALSE,PIRATEN,0.3,NA,66,133
he,Hesse,0,21,2023,2023-10-08,TRUE,kpd,KPD/DKP,FALSE,KPD/DKP¹,0.1,NA,66,133
he,Hesse,0,21,2023,2023-10-08,TRUE,rep,Far right (pre-AfD),TRUE,REP,NA,NA,66,133
he,Hesse,0,21,2023,2023-10-08,TRUE,npd,Far right (pre-AfD),TRUE,NPD,NA,NA,66,133
he,Hesse,0,21,2023,2023-10-08,TRUE,bhe,Other (named),FALSE,GB/BHE,NA,NA,66,133
hh,Hamburg,0,1,1946,1946-10-13,FALSE,spd,SPD,FALSE,SPD,43.1,83,79,110
hh,Hamburg,0,1,1946,1946-10-13,FALSE,cdu,CDU/CSU,FALSE,CDU1,26.7,16,79,110
hh,Hamburg,0,1,1946,1946-10-13,FALSE,fdp,FDP,FALSE,FDP,18.2,7,79,110
hh,Hamburg,0,1,1946,1946-10-13,FALSE,kpd,KPD/DKP,FALSE,KPD/DKP 5,10.4,4,79,110
hh,Hamburg,0,1,1946,1946-10-13,FALSE,oth,Other,FALSE,Sonstige,1.6,NA,79,110
hh,Hamburg,0,1,1946,1946-10-13,FALSE,gru,Greens,FALSE,GRÜNE/GAL2,NA,NA,79,110
hh,Hamburg,0,1,1946,1946-10-13,FALSE,schill,Far right (pre-AfD),TRUE,Schill/Offensive3,NA,NA,79,110
hh,Hamburg,0,1,1946,1946-10-13,FALSE,lin,Left,FALSE,DIE LINKE4,NA,NA,79,110
hh,Hamburg,0,1,1946,1946-10-13,FALSE,statt,Other (named),FALSE,STATT-Partei,NA,NA,79,110
hh,Hamburg,0,1,1946,1946-10-13,FALSE,afd,AfD,TRUE,AfD,NA,NA,79,110
hh,Hamburg,0,1,1946,1946-10-13,FALSE,drp,Far right (pre-AfD),TRUE,DRP/NPD 6,NA,NA,79,110
hh,Hamburg,0,1,1946,1946-10-13,FALSE,pir,Other (named),FALSE,PIRATEN,NA,NA,79,110
hh,Hamburg,0,1,1946,1946-10-13,FALSE,dp,Other (named),FALSE,DP,NA,NA,79,110
hh,Hamburg,0,1,1946,1946-10-13,FALSE,rep,Far right (pre-AfD),TRUE,REP,NA,NA,79,110
hh,Hamburg,0,1,1946,1946-10-13,FALSE,dvu,Far right (pre-AfD),TRUE,DVU,NA,NA,79,110
hh,Hamburg,0,2,1949,1949-10-16,FALSE,spd,SPD,FALSE,SPD,42.8,65,70.5,120
hh,Hamburg,0,2,1949,1949-10-16,FALSE,cdu,CDU/CSU,FALSE,CDU1,34.5,40,70.5,120
hh,Hamburg,0,2,1949,1949-10-16,FALSE,dp,Other (named),FALSE,DP,13.3,9,70.5,120
hh,Hamburg,0,2,1949,1949-10-16,FALSE,kpd,KPD/DKP,FALSE,KPD/DKP 5,7.4,5,70.5,120
hh,Hamburg,0,2,1949,1949-10-16,FALSE,oth,Other,FALSE,Sonstige,2,1,70.5,120
hh,Hamburg,0,2,1949,1949-10-16,FALSE,fdp,FDP,FALSE,FDP,NA,NA,70.5,120
hh,Hamburg,0,2,1949,1949-10-16,FALSE,gru,Greens,FALSE,GRÜNE/GAL2,NA,NA,70.5,120
hh,Hamburg,0,2,1949,1949-10-16,FALSE,schill,Far right (pre-AfD),TRUE,Schill/Offensive3,NA,NA,70.5,120
hh,Hamburg,0,2,1949,1949-10-16,FALSE,lin,Left,FALSE,DIE LINKE4,NA,NA,70.5,120
hh,Hamburg,0,2,1949,1949-10-16,FALSE,statt,Other (named),FALSE,STATT-Partei,NA,NA,70.5,120
hh,Hamburg,0,2,1949,1949-10-16,FALSE,afd,AfD,TRUE,AfD,NA,NA,70.5,120
hh,Hamburg,0,2,1949,1949-10-16,FALSE,drp,Far right (pre-AfD),TRUE,DRP/NPD 6,NA,NA,70.5,120
hh,Hamburg,0,2,1949,1949-10-16,FALSE,pir,Other (named),FALSE,PIRATEN,NA,NA,70.5,120
hh,Hamburg,0,2,1949,1949-10-16,FALSE,rep,Far right (pre-AfD),TRUE,REP,NA,NA,70.5,120
hh,Hamburg,0,2,1949,1949-10-16,FALSE,dvu,Far right (pre-AfD),TRUE,DVU,NA,NA,70.5,120
hh,Hamburg,0,3,1953,1953-11-01,FALSE,cdu,CDU/CSU,FALSE,CDU1,50,62,80.9,120
hh,Hamburg,0,3,1953,1953-11-01,FALSE,spd,SPD,FALSE,SPD,45.2,58,80.9,120
hh,Hamburg,0,3,1953,1953-11-01,FALSE,kpd,KPD/DKP,FALSE,KPD/DKP 5,3.2,NA,80.9,120
hh,Hamburg,0,3,1953,1953-11-01,FALSE,oth,Other,FALSE,Sonstige,0.9,NA,80.9,120
hh,Hamburg,0,3,1953,1953-11-01,FALSE,drp,Far right (pre-AfD),TRUE,DRP/NPD 6,0.7,NA,80.9,120
hh,Hamburg,0,3,1953,1953-11-01,FALSE,fdp,FDP,FALSE,FDP,NA,NA,80.9,120
hh,Hamburg,0,3,1953,1953-11-01,FALSE,gru,Greens,FALSE,GRÜNE/GAL2,NA,NA,80.9,120
hh,Hamburg,0,3,1953,1953-11-01,FALSE,schill,Far right (pre-AfD),TRUE,Schill/Offensive3,NA,NA,80.9,120
hh,Hamburg,0,3,1953,1953-11-01,FALSE,lin,Left,FALSE,DIE LINKE4,NA,NA,80.9,120
hh,Hamburg,0,3,1953,1953-11-01,FALSE,statt,Other (named),FALSE,STATT-Partei,NA,NA,80.9,120
hh,Hamburg,0,3,1953,1953-11-01,FALSE,afd,AfD,TRUE,AfD,NA,NA,80.9,120
hh,Hamburg,0,3,1953,1953-11-01,FALSE,pir,Other (named),FALSE,PIRATEN,NA,NA,80.9,120
hh,Hamburg,0,3,1953,1953-11-01,FALSE,dp,Other (named),FALSE,DP,NA,NA,80.9,120
hh,Hamburg,0,3,1953,1953-11-01,FALSE,rep,Far right (pre-AfD),TRUE,REP,NA,NA,80.9,120
hh,Hamburg,0,3,1953,1953-11-01,FALSE,dvu,Far right (pre-AfD),TRUE,DVU,NA,NA,80.9,120
hh,Hamburg,0,4,1957,1957-11-10,FALSE,spd,SPD,FALSE,SPD,53.9,69,77.3,120
hh,Hamburg,0,4,1957,1957-11-10,FALSE,cdu,CDU/CSU,FALSE,CDU1,32.2,41,77.3,120
hh,Hamburg,0,4,1957,1957-11-10,FALSE,fdp,FDP,FALSE,FDP,8.6,10,77.3,120
hh,Hamburg,0,4,1957,1957-11-10,FALSE,dp,Other (named),FALSE,DP,4.1,NA,77.3,120
hh,Hamburg,0,4,1957,1957-11-10,FALSE,oth,Other,FALSE,Sonstige,0.8,NA,77.3,120
hh,Hamburg,0,4,1957,1957-11-10,FALSE,drp,Far right (pre-AfD),TRUE,DRP/NPD 6,0.4,NA,77.3,120
hh,Hamburg,0,4,1957,1957-11-10,FALSE,gru,Greens,FALSE,GRÜNE/GAL2,NA,NA,77.3,120
hh,Hamburg,0,4,1957,1957-11-10,FALSE,schill,Far right (pre-AfD),TRUE,Schill/Offensive3,NA,NA,77.3,120
hh,Hamburg,0,4,1957,1957-11-10,FALSE,lin,Left,FALSE,DIE LINKE4,NA,NA,77.3,120
hh,Hamburg,0,4,1957,1957-11-10,FALSE,statt,Other (named),FALSE,STATT-Partei,NA,NA,77.3,120
hh,Hamburg,0,4,1957,1957-11-10,FALSE,afd,AfD,TRUE,AfD,NA,NA,77.3,120
hh,Hamburg,0,4,1957,1957-11-10,FALSE,pir,Other (named),FALSE,PIRATEN,NA,NA,77.3,120
hh,Hamburg,0,4,1957,1957-11-10,FALSE,kpd,KPD/DKP,FALSE,KPD/DKP 5,NA,NA,77.3,120
hh,Hamburg,0,4,1957,1957-11-10,FALSE,rep,Far right (pre-AfD),TRUE,REP,NA,NA,77.3,120
hh,Hamburg,0,4,1957,1957-11-10,FALSE,dvu,Far right (pre-AfD),TRUE,DVU,NA,NA,77.3,120
hh,Hamburg,0,5,1961,1961-11-12,FALSE,spd,SPD,FALSE,SPD,57.4,72,72.3,120
hh,Hamburg,0,5,1961,1961-11-12,FALSE,cdu,CDU/CSU,FALSE,CDU1,29.1,36,72.3,120
hh,Hamburg,0,5,1961,1961-11-12,FALSE,fdp,FDP,FALSE,FDP,9.6,12,72.3,120
hh,Hamburg,0,5,1961,1961-11-12,FALSE,oth,Other,FALSE,Sonstige,3,NA,72.3,120
hh,Hamburg,0,5,1961,1961-11-12,FALSE,drp,Far right (pre-AfD),TRUE,DRP/NPD 6,0.9,NA,72.3,120
hh,Hamburg,0,5,1961,1961-11-12,FALSE,gru,Greens,FALSE,GRÜNE/GAL2,NA,NA,72.3,120
hh,Hamburg,0,5,1961,1961-11-12,FALSE,schill,Far right (pre-AfD),TRUE,Schill/Offensive3,NA,NA,72.3,120
hh,Hamburg,0,5,1961,1961-11-12,FALSE,lin,Left,FALSE,DIE LINKE4,NA,NA,72.3,120
hh,Hamburg,0,5,1961,1961-11-12,FALSE,statt,Other (named),FALSE,STATT-Partei,NA,NA,72.3,120
hh,Hamburg,0,5,1961,1961-11-12,FALSE,afd,AfD,TRUE,AfD,NA,NA,72.3,120
hh,Hamburg,0,5,1961,1961-11-12,FALSE,pir,Other (named),FALSE,PIRATEN,NA,NA,72.3,120
hh,Hamburg,0,5,1961,1961-11-12,FALSE,kpd,KPD/DKP,FALSE,KPD/DKP 5,NA,NA,72.3,120
hh,Hamburg,0,5,1961,1961-11-12,FALSE,dp,Other (named),FALSE,DP,NA,NA,72.3,120
hh,Hamburg,0,5,1961,1961-11-12,FALSE,rep,Far right (pre-AfD),TRUE,REP,NA,NA,72.3,120
hh,Hamburg,0,5,1961,1961-11-12,FALSE,dvu,Far right (pre-AfD),TRUE,DVU,NA,NA,72.3,120
hh,Hamburg,0,6,1966,1966-03-27,FALSE,spd,SPD,FALSE,SPD,59,74,69.8,120
hh,Hamburg,0,6,1966,1966-03-27,FALSE,cdu,CDU/CSU,FALSE,CDU1,30,38,69.8,120
hh,Hamburg,0,6,1966,1966-03-27,FALSE,fdp,FDP,FALSE,FDP,6.8,8,69.8,120
hh,Hamburg,0,6,1966,1966-03-27,FALSE,npd,Far right (pre-AfD),TRUE,DRP/NPD 6,3.9,NA,69.8,120
hh,Hamburg,0,6,1966,1966-03-27,FALSE,oth,Other,FALSE,Sonstige,0.3,NA,69.8,120
hh,Hamburg,0,6,1966,1966-03-27,FALSE,gru,Greens,FALSE,GRÜNE/GAL2,NA,NA,69.8,120
hh,Hamburg,0,6,1966,1966-03-27,FALSE,schill,Far right (pre-AfD),TRUE,Schill/Offensive3,NA,NA,69.8,120
hh,Hamburg,0,6,1966,1966-03-27,FALSE,lin,Left,FALSE,DIE LINKE4,NA,NA,69.8,120
hh,Hamburg,0,6,1966,1966-03-27,FALSE,statt,Other (named),FALSE,STATT-Partei,NA,NA,69.8,120
hh,Hamburg,0,6,1966,1966-03-27,FALSE,afd,AfD,TRUE,AfD,NA,NA,69.8,120
hh,Hamburg,0,6,1966,1966-03-27,FALSE,pir,Other (named),FALSE,PIRATEN,NA,NA,69.8,120
hh,Hamburg,0,6,1966,1966-03-27,FALSE,kpd,KPD/DKP,FALSE,KPD/DKP 5,NA,NA,69.8,120
hh,Hamburg,0,6,1966,1966-03-27,FALSE,dp,Other (named),FALSE,DP,NA,NA,69.8,120
hh,Hamburg,0,6,1966,1966-03-27,FALSE,rep,Far right (pre-AfD),TRUE,REP,NA,NA,69.8,120
hh,Hamburg,0,6,1966,1966-03-27,FALSE,dvu,Far right (pre-AfD),TRUE,DVU,NA,NA,69.8,120
hh,Hamburg,0,7,1970,1970-03-22,FALSE,spd,SPD,FALSE,SPD,55.3,70,73.4,120
hh,Hamburg,0,7,1970,1970-03-22,FALSE,cdu,CDU/CSU,FALSE,CDU1,32.8,41,73.4,120
hh,Hamburg,0,7,1970,1970-03-22,FALSE,fdp,FDP,FALSE,FDP,7.1,9,73.4,120
hh,Hamburg,0,7,1970,1970-03-22,FALSE,npd,Far right (pre-AfD),TRUE,DRP/NPD 6,2.7,NA,73.4,120
hh,Hamburg,0,7,1970,1970-03-22,FALSE,kpd,KPD/DKP,FALSE,KPD/DKP 5,1.7,NA,73.4,120
hh,Hamburg,0,7,1970,1970-03-22,FALSE,oth,Other,FALSE,Sonstige,0.4,NA,73.4,120
hh,Hamburg,0,7,1970,1970-03-22,FALSE,gru,Greens,FALSE,GRÜNE/GAL2,NA,NA,73.4,120
hh,Hamburg,0,7,1970,1970-03-22,FALSE,schill,Far right (pre-AfD),TRUE,Schill/Offensive3,NA,NA,73.4,120
hh,Hamburg,0,7,1970,1970-03-22,FALSE,lin,Left,FALSE,DIE LINKE4,NA,NA,73.4,120
hh,Hamburg,0,7,1970,1970-03-22,FALSE,statt,Other (named),FALSE,STATT-Partei,NA,NA,73.4,120
hh,Hamburg,0,7,1970,1970-03-22,FALSE,afd,AfD,TRUE,AfD,NA,NA,73.4,120
hh,Hamburg,0,7,1970,1970-03-22,FALSE,pir,Other (named),FALSE,PIRATEN,NA,NA,73.4,120
hh,Hamburg,0,7,1970,1970-03-22,FALSE,dp,Other (named),FALSE,DP,NA,NA,73.4,120
hh,Hamburg,0,7,1970,1970-03-22,FALSE,rep,Far right (pre-AfD),TRUE,REP,NA,NA,73.4,120
hh,Hamburg,0,7,1970,1970-03-22,FALSE,dvu,Far right (pre-AfD),TRUE,DVU,NA,NA,73.4,120
hh,Hamburg,0,8,1974,1974-03-03,FALSE,spd,SPD,FALSE,SPD,45,56,80.4,120
hh,Hamburg,0,8,1974,1974-03-03,FALSE,cdu,CDU/CSU,FALSE,CDU1,40.6,51,80.4,120
hh,Hamburg,0,8,1974,1974-03-03,FALSE,fdp,FDP,FALSE,FDP,10.9,13,80.4,120
hh,Hamburg,0,8,1974,1974-03-03,FALSE,kpd,KPD/DKP,FALSE,KPD/DKP 5,2.2,NA,80.4,120
hh,Hamburg,0,8,1974,1974-03-03,FALSE,npd,Far right (pre-AfD),TRUE,DRP/NPD 6,0.8,NA,80.4,120
hh,Hamburg,0,8,1974,1974-03-03,FALSE,oth,Other,FALSE,Sonstige,0.6,NA,80.4,120
hh,Hamburg,0,8,1974,1974-03-03,FALSE,gru,Greens,FALSE,GRÜNE/GAL2,NA,NA,80.4,120
hh,Hamburg,0,8,1974,1974-03-03,FALSE,schill,Far right (pre-AfD),TRUE,Schill/Offensive3,NA,NA,80.4,120
hh,Hamburg,0,8,1974,1974-03-03,FALSE,lin,Left,FALSE,DIE LINKE4,NA,NA,80.4,120
hh,Hamburg,0,8,1974,1974-03-03,FALSE,statt,Other (named),FALSE,STATT-Partei,NA,NA,80.4,120
hh,Hamburg,0,8,1974,1974-03-03,FALSE,afd,AfD,TRUE,AfD,NA,NA,80.4,120
hh,Hamburg,0,8,1974,1974-03-03,FALSE,pir,Other (named),FALSE,PIRATEN,NA,NA,80.4,120
hh,Hamburg,0,8,1974,1974-03-03,FALSE,dp,Other (named),FALSE,DP,NA,NA,80.4,120
hh,Hamburg,0,8,1974,1974-03-03,FALSE,rep,Far right (pre-AfD),TRUE,REP,NA,NA,80.4,120
hh,Hamburg,0,8,1974,1974-03-03,FALSE,dvu,Far right (pre-AfD),TRUE,DVU,NA,NA,80.4,120
hh,Hamburg,0,9,1978,1978-06-04,FALSE,spd,SPD,FALSE,SPD,51.5,69,76.7,120
hh,Hamburg,0,9,1978,1978-06-04,FALSE,cdu,CDU/CSU,FALSE,CDU1,37.6,51,76.7,120
hh,Hamburg,0,9,1978,1978-06-04,FALSE,fdp,FDP,FALSE,FDP,4.8,NA,76.7,120
hh,Hamburg,0,9,1978,1978-06-04,FALSE,gru,Greens,FALSE,GRÜNE/GAL2,4.5,NA,76.7,120
hh,Hamburg,0,9,1978,1978-06-04,FALSE,kpd,KPD/DKP,FALSE,KPD/DKP 5,1,NA,76.7,120
hh,Hamburg,0,9,1978,1978-06-04,FALSE,npd,Far right (pre-AfD),TRUE,DRP/NPD 6,0.3,NA,76.7,120
hh,Hamburg,0,9,1978,1978-06-04,FALSE,schill,Far right (pre-AfD),TRUE,Schill/Offensive3,NA,NA,76.7,120
hh,Hamburg,0,9,1978,1978-06-04,FALSE,lin,Left,FALSE,DIE LINKE4,NA,NA,76.7,120
hh,Hamburg,0,9,1978,1978-06-04,FALSE,statt,Other (named),FALSE,STATT-Partei,NA,NA,76.7,120
hh,Hamburg,0,9,1978,1978-06-04,FALSE,afd,AfD,TRUE,AfD,NA,NA,76.7,120
hh,Hamburg,0,9,1978,1978-06-04,FALSE,pir,Other (named),FALSE,PIRATEN,NA,NA,76.7,120
hh,Hamburg,0,9,1978,1978-06-04,FALSE,dp,Other (named),FALSE,DP,NA,NA,76.7,120
hh,Hamburg,0,9,1978,1978-06-04,FALSE,rep,Far right (pre-AfD),TRUE,REP,NA,NA,76.7,120
hh,Hamburg,0,9,1978,1978-06-04,FALSE,dvu,Far right (pre-AfD),TRUE,DVU,NA,NA,76.7,120
hh,Hamburg,0,9,1978,1978-06-04,FALSE,oth,Other,FALSE,Sonstige,0.3,NA,76.7,120
hh,Hamburg,0,11,1982,1982-12-19,FALSE,spd,SPD,FALSE,SPD,51.3,64,84,120
hh,Hamburg,0,10,1982,1982-06-06,FALSE,cdu,CDU/CSU,FALSE,CDU1,43.2,56,77.9,120
hh,Hamburg,0,10,1982,1982-06-06,FALSE,spd,SPD,FALSE,SPD,42.7,55,77.9,120
hh,Hamburg,0,11,1982,1982-12-19,FALSE,cdu,CDU/CSU,FALSE,CDU1,38.6,48,84,120
hh,Hamburg,0,10,1982,1982-06-06,FALSE,gru,Greens,FALSE,GRÜNE/GAL2,7.7,9,77.9,120
hh,Hamburg,0,11,1982,1982-12-19,FALSE,gru,Greens,FALSE,GRÜNE/GAL2,6.8,8,84,120
hh,Hamburg,0,10,1982,1982-06-06,FALSE,fdp,FDP,FALSE,FDP,4.9,NA,77.9,120
hh,Hamburg,0,11,1982,1982-12-19,FALSE,fdp,FDP,FALSE,FDP,2.6,NA,84,120
hh,Hamburg,0,10,1982,1982-06-06,FALSE,oth,Other,FALSE,Sonstige,0.9,NA,77.9,120
hh,Hamburg,0,10,1982,1982-06-06,FALSE,kpd,KPD/DKP,FALSE,KPD/DKP 5,0.6,NA,77.9,120
hh,Hamburg,0,11,1982,1982-12-19,FALSE,kpd,KPD/DKP,FALSE,KPD/DKP 5,0.4,NA,84,120
hh,Hamburg,0,11,1982,1982-12-19,FALSE,oth,Other,FALSE,Sonstige,0.3,NA,84,120
hh,Hamburg,0,10,1982,1982-06-06,FALSE,schill,Far right (pre-AfD),TRUE,Schill/Offensive3,NA,NA,77.9,120
hh,Hamburg,0,11,1982,1982-12-19,FALSE,schill,Far right (pre-AfD),TRUE,Schill/Offensive3,NA,NA,84,120
hh,Hamburg,0,10,1982,1982-06-06,FALSE,lin,Left,FALSE,DIE LINKE4,NA,NA,77.9,120
hh,Hamburg,0,11,1982,1982-12-19,FALSE,lin,Left,FALSE,DIE LINKE4,NA,NA,84,120
hh,Hamburg,0,10,1982,1982-06-06,FALSE,statt,Other (named),FALSE,STATT-Partei,NA,NA,77.9,120
hh,Hamburg,0,11,1982,1982-12-19,FALSE,statt,Other (named),FALSE,STATT-Partei,NA,NA,84,120
hh,Hamburg,0,10,1982,1982-06-06,FALSE,afd,AfD,TRUE,AfD,NA,NA,77.9,120
hh,Hamburg,0,11,1982,1982-12-19,FALSE,afd,AfD,TRUE,AfD,NA,NA,84,120
hh,Hamburg,0,10,1982,1982-06-06,FALSE,npd,Far right (pre-AfD),TRUE,DRP/NPD 6,NA,NA,77.9,120
hh,Hamburg,0,11,1982,1982-12-19,FALSE,npd,Far right (pre-AfD),TRUE,DRP/NPD 6,NA,NA,84,120
hh,Hamburg,0,10,1982,1982-06-06,FALSE,pir,Other (named),FALSE,PIRATEN,NA,NA,77.9,120
hh,Hamburg,0,11,1982,1982-12-19,FALSE,pir,Other (named),FALSE,PIRATEN,NA,NA,84,120
hh,Hamburg,0,10,1982,1982-06-06,FALSE,dp,Other (named),FALSE,DP,NA,NA,77.9,120
hh,Hamburg,0,11,1982,1982-12-19,FALSE,dp,Other (named),FALSE,DP,NA,NA,84,120
hh,Hamburg,0,10,1982,1982-06-06,FALSE,rep,Far right (pre-AfD),TRUE,REP,NA,NA,77.9,120
hh,Hamburg,0,11,1982,1982-12-19,FALSE,rep,Far right (pre-AfD),TRUE,REP,NA,NA,84,120
hh,Hamburg,0,10,1982,1982-06-06,FALSE,dvu,Far right (pre-AfD),TRUE,DVU,NA,NA,77.9,120
hh,Hamburg,0,11,1982,1982-12-19,FALSE,dvu,Far right (pre-AfD),TRUE,DVU,NA,NA,84,120
hh,Hamburg,0,12,1986,1986-11-09,FALSE,cdu,CDU/CSU,FALSE,CDU1,41.9,54,78.1,120
hh,Hamburg,0,12,1986,1986-11-09,FALSE,spd,SPD,FALSE,SPD,41.7,53,78.1,120
hh,Hamburg,0,12,1986,1986-11-09,FALSE,gru,Greens,FALSE,GRÜNE/GAL2,10.4,13,78.1,120
hh,Hamburg,0,12,1986,1986-11-09,FALSE,fdp,FDP,FALSE,FDP,4.8,NA,78.1,120
hh,Hamburg,0,12,1986,1986-11-09,FALSE,oth,Other,FALSE,Sonstige,0.9,NA,78.1,120
hh,Hamburg,0,12,1986,1986-11-09,FALSE,kpd,KPD/DKP,FALSE,KPD/DKP 5,0.2,NA,78.1,120
hh,Hamburg,0,12,1986,1986-11-09,FALSE,schill,Far right (pre-AfD),TRUE,Schill/Offensive3,NA,NA,78.1,120
hh,Hamburg,0,12,1986,1986-11-09,FALSE,lin,Left,FALSE,DIE LINKE4,NA,NA,78.1,120
hh,Hamburg,0,12,1986,1986-11-09,FALSE,statt,Other (named),FALSE,STATT-Partei,NA,NA,78.1,120
hh,Hamburg,0,12,1986,1986-11-09,FALSE,afd,AfD,TRUE,AfD,NA,NA,78.1,120
hh,Hamburg,0,12,1986,1986-11-09,FALSE,npd,Far right (pre-AfD),TRUE,DRP/NPD 6,NA,NA,78.1,120
hh,Hamburg,0,12,1986,1986-11-09,FALSE,pir,Other (named),FALSE,PIRATEN,NA,NA,78.1,120
hh,Hamburg,0,12,1986,1986-11-09,FALSE,dp,Other (named),FALSE,DP,NA,NA,78.1,120
hh,Hamburg,0,12,1986,1986-11-09,FALSE,rep,Far right (pre-AfD),TRUE,REP,NA,NA,78.1,120
hh,Hamburg,0,12,1986,1986-11-09,FALSE,dvu,Far right (pre-AfD),TRUE,DVU,NA,NA,78.1,120
hh,Hamburg,0,13,1987,1987-05-17,FALSE,spd,SPD,FALSE,SPD,45,55,79.6,120
hh,Hamburg,0,13,1987,1987-05-17,FALSE,cdu,CDU/CSU,FALSE,CDU1,40.5,49,79.6,120
hh,Hamburg,0,13,1987,1987-05-17,FALSE,gru,Greens,FALSE,GRÜNE/GAL2,7,8,79.6,120
hh,Hamburg,0,13,1987,1987-05-17,FALSE,fdp,FDP,FALSE,FDP,6.5,8,79.6,120
hh,Hamburg,0,13,1987,1987-05-17,FALSE,oth,Other,FALSE,Sonstige,1,NA,79.6,120
hh,Hamburg,0,13,1987,1987-05-17,FALSE,schill,Far right (pre-AfD),TRUE,Schill/Offensive3,NA,NA,79.6,120
hh,Hamburg,0,13,1987,1987-05-17,FALSE,lin,Left,FALSE,DIE LINKE4,NA,NA,79.6,120
hh,Hamburg,0,13,1987,1987-05-17,FALSE,statt,Other (named),FALSE,STATT-Partei,NA,NA,79.6,120
hh,Hamburg,0,13,1987,1987-05-17,FALSE,afd,AfD,TRUE,AfD,NA,NA,79.6,120
hh,Hamburg,0,13,1987,1987-05-17,FALSE,npd,Far right (pre-AfD),TRUE,DRP/NPD 6,NA,NA,79.6,120
hh,Hamburg,0,13,1987,1987-05-17,FALSE,pir,Other (named),FALSE,PIRATEN,NA,NA,79.6,120
hh,Hamburg,0,13,1987,1987-05-17,FALSE,kpd,KPD/DKP,FALSE,KPD/DKP 5,NA,NA,79.6,120
hh,Hamburg,0,13,1987,1987-05-17,FALSE,dp,Other (named),FALSE,DP,NA,NA,79.6,120
hh,Hamburg,0,13,1987,1987-05-17,FALSE,rep,Far right (pre-AfD),TRUE,REP,NA,NA,79.6,120
hh,Hamburg,0,13,1987,1987-05-17,FALSE,dvu,Far right (pre-AfD),TRUE,DVU,NA,NA,79.6,120
hh,Hamburg,0,14,1991,1991-06-02,FALSE,spd,SPD,FALSE,SPD,48,61,66.1,121
hh,Hamburg,0,14,1991,1991-06-02,FALSE,cdu,CDU/CSU,FALSE,CDU1,35.1,44,66.1,121
hh,Hamburg,0,14,1991,1991-06-02,FALSE,gru,Greens,FALSE,GRÜNE/GAL2,7.2,9,66.1,121
hh,Hamburg,0,14,1991,1991-06-02,FALSE,fdp,FDP,FALSE,FDP,5.4,7,66.1,121
hh,Hamburg,0,14,1991,1991-06-02,FALSE,oth,Other,FALSE,Sonstige,2.5,NA,66.1,121
hh,Hamburg,0,14,1991,1991-06-02,FALSE,rep,Far right (pre-AfD),TRUE,REP,1.2,NA,66.1,121
hh,Hamburg,0,14,1991,1991-06-02,FALSE,lin,Left,FALSE,DIE LINKE4,0.5,NA,66.1,121
hh,Hamburg,0,14,1991,1991-06-02,FALSE,kpd,KPD/DKP,FALSE,KPD/DKP 5,0.1,NA,66.1,121
hh,Hamburg,0,14,1991,1991-06-02,FALSE,schill,Far right (pre-AfD),TRUE,Schill/Offensive3,NA,NA,66.1,121
hh,Hamburg,0,14,1991,1991-06-02,FALSE,statt,Other (named),FALSE,STATT-Partei,NA,NA,66.1,121
hh,Hamburg,0,14,1991,1991-06-02,FALSE,afd,AfD,TRUE,AfD,NA,NA,66.1,121
hh,Hamburg,0,14,1991,1991-06-02,FALSE,npd,Far right (pre-AfD),TRUE,DRP/NPD 6,NA,NA,66.1,121
hh,Hamburg,0,14,1991,1991-06-02,FALSE,pir,Other (named),FALSE,PIRATEN,NA,NA,66.1,121
hh,Hamburg,0,14,1991,1991-06-02,FALSE,dp,Other (named),FALSE,DP,NA,NA,66.1,121
hh,Hamburg,0,14,1991,1991-06-02,FALSE,dvu,Far right (pre-AfD),TRUE,DVU,NA,NA,66.1,121
hh,Hamburg,0,15,1993,1993-09-19,FALSE,spd,SPD,FALSE,SPD,40.4,58,69.6,121
hh,Hamburg,0,15,1993,1993-09-19,FALSE,cdu,CDU/CSU,FALSE,CDU1,25.1,36,69.6,121
hh,Hamburg,0,15,1993,1993-09-19,FALSE,gru,Greens,FALSE,GRÜNE/GAL2,13.5,19,69.6,121
hh,Hamburg,0,15,1993,1993-09-19,FALSE,statt,Other (named),FALSE,STATT-Partei,5.6,8,69.6,121
hh,Hamburg,0,15,1993,1993-09-19,FALSE,rep,Far right (pre-AfD),TRUE,REP,4.8,NA,69.6,121
hh,Hamburg,0,15,1993,1993-09-19,FALSE,fdp,FDP,FALSE,FDP,4.2,NA,69.6,121
hh,Hamburg,0,15,1993,1993-09-19,FALSE,oth,Other,FALSE,Sonstige,3.1,NA,69.6,121
hh,Hamburg,0,15,1993,1993-09-19,FALSE,dvu,Far right (pre-AfD),TRUE,DVU,2.8,NA,69.6,121
hh,Hamburg,0,15,1993,1993-09-19,FALSE,lin,Left,FALSE,DIE LINKE4,0.5,NA,69.6,121
hh,Hamburg,0,15,1993,1993-09-19,FALSE,schill,Far right (pre-AfD),TRUE,Schill/Offensive3,NA,NA,69.6,121
hh,Hamburg,0,15,1993,1993-09-19,FALSE,afd,AfD,TRUE,AfD,NA,NA,69.6,121
hh,Hamburg,0,15,1993,1993-09-19,FALSE,npd,Far right (pre-AfD),TRUE,DRP/NPD 6,NA,NA,69.6,121
hh,Hamburg,0,15,1993,1993-09-19,FALSE,pir,Other (named),FALSE,PIRATEN,NA,NA,69.6,121
hh,Hamburg,0,15,1993,1993-09-19,FALSE,kpd,KPD/DKP,FALSE,KPD/DKP 5,NA,NA,69.6,121
hh,Hamburg,0,15,1993,1993-09-19,FALSE,dp,Other (named),FALSE,DP,NA,NA,69.6,121
hh,Hamburg,0,16,1997,1997-09-21,FALSE,spd,SPD,FALSE,SPD,36.2,54,69.5,121
hh,Hamburg,0,16,1997,1997-09-21,FALSE,cdu,CDU/CSU,FALSE,CDU1,30.7,46,69.5,121
hh,Hamburg,0,16,1997,1997-09-21,FALSE,gru,Greens,FALSE,GRÜNE/GAL2,13.9,21,69.5,121
hh,Hamburg,0,16,1997,1997-09-21,FALSE,dvu,Far right (pre-AfD),TRUE,DVU,4.98,NA,69.5,121
hh,Hamburg,0,16,1997,1997-09-21,FALSE,oth,Other,FALSE,Sonstige,4.2,NA,69.5,121
hh,Hamburg,0,16,1997,1997-09-21,FALSE,statt,Other (named),FALSE,STATT-Partei,3.8,NA,69.5,121
hh,Hamburg,0,16,1997,1997-09-21,FALSE,fdp,FDP,FALSE,FDP,3.5,NA,69.5,121
hh,Hamburg,0,16,1997,1997-09-21,FALSE,rep,Far right (pre-AfD),TRUE,REP,1.8,NA,69.5,121
hh,Hamburg,0,16,1997,1997-09-21,FALSE,lin,Left,FALSE,DIE LINKE4,0.7,NA,69.5,121
hh,Hamburg,0,16,1997,1997-09-21,FALSE,npd,Far right (pre-AfD),TRUE,DRP/NPD 6,0.1,NA,69.5,121
hh,Hamburg,0,16,1997,1997-09-21,FALSE,dp,Other (named),FALSE,DP,0,NA,69.5,121
hh,Hamburg,0,16,1997,1997-09-21,FALSE,schill,Far right (pre-AfD),TRUE,Schill/Offensive3,NA,NA,69.5,121
hh,Hamburg,0,16,1997,1997-09-21,FALSE,afd,AfD,TRUE,AfD,NA,NA,69.5,121
hh,Hamburg,0,16,1997,1997-09-21,FALSE,pir,Other (named),FALSE,PIRATEN,NA,NA,69.5,121
hh,Hamburg,0,16,1997,1997-09-21,FALSE,kpd,KPD/DKP,FALSE,KPD/DKP 5,NA,NA,69.5,121
hh,Hamburg,0,17,2001,2001-09-23,FALSE,spd,SPD,FALSE,SPD,36.5,46,71,121
hh,Hamburg,0,17,2001,2001-09-23,FALSE,cdu,CDU/CSU,FALSE,CDU1,26.2,33,71,121
hh,Hamburg,0,17,2001,2001-09-23,FALSE,schill,Far right (pre-AfD),TRUE,Schill/Offensive3,19.4,25,71,121
hh,Hamburg,0,17,2001,2001-09-23,FALSE,gru,Greens,FALSE,GRÜNE/GAL2,8.6,11,71,121
hh,Hamburg,0,17,2001,2001-09-23,FALSE,fdp,FDP,FALSE,FDP,5.1,6,71,121
hh,Hamburg,0,17,2001,2001-09-23,FALSE,oth,Other,FALSE,Sonstige,2.6,NA,71,121
hh,Hamburg,0,17,2001,2001-09-23,FALSE,dvu,Far right (pre-AfD),TRUE,DVU,0.7,NA,71,121
hh,Hamburg,0,17,2001,2001-09-23,FALSE,lin,Left,FALSE,DIE LINKE4,0.4,NA,71,121
hh,Hamburg,0,17,2001,2001-09-23,FALSE,statt,Other (named),FALSE,STATT-Partei,0.4,NA,71,121
hh,Hamburg,0,17,2001,2001-09-23,FALSE,rep,Far right (pre-AfD),TRUE,REP,0.1,NA,71,121
hh,Hamburg,0,17,2001,2001-09-23,FALSE,afd,AfD,TRUE,AfD,NA,NA,71,121
hh,Hamburg,0,17,2001,2001-09-23,FALSE,npd,Far right (pre-AfD),TRUE,DRP/NPD 6,NA,NA,71,121
hh,Hamburg,0,17,2001,2001-09-23,FALSE,pir,Other (named),FALSE,PIRATEN,NA,NA,71,121
hh,Hamburg,0,17,2001,2001-09-23,FALSE,kpd,KPD/DKP,FALSE,KPD/DKP 5,NA,NA,71,121
hh,Hamburg,0,17,2001,2001-09-23,FALSE,dp,Other (named),FALSE,DP,NA,NA,71,121
hh,Hamburg,0,18,2004,2004-02-29,FALSE,cdu,CDU/CSU,FALSE,CDU1,47.2,63,68.7,121
hh,Hamburg,0,18,2004,2004-02-29,FALSE,spd,SPD,FALSE,SPD,30.5,41,68.7,121
hh,Hamburg,0,18,2004,2004-02-29,FALSE,gru,Greens,FALSE,GRÜNE/GAL2,12.3,17,68.7,121
hh,Hamburg,0,18,2004,2004-02-29,FALSE,oth,Other,FALSE,Sonstige,6.5,NA,68.7,121
hh,Hamburg,0,18,2004,2004-02-29,FALSE,fdp,FDP,FALSE,FDP,2.8,NA,68.7,121
hh,Hamburg,0,18,2004,2004-02-29,FALSE,schill,Far right (pre-AfD),TRUE,Schill/Offensive3,0.4,NA,68.7,121
hh,Hamburg,0,18,2004,2004-02-29,FALSE,npd,Far right (pre-AfD),TRUE,DRP/NPD 6,0.3,NA,68.7,121
hh,Hamburg,0,18,2004,2004-02-29,FALSE,lin,Left,FALSE,DIE LINKE4,NA,NA,68.7,121
hh,Hamburg,0,18,2004,2004-02-29,FALSE,statt,Other (named),FALSE,STATT-Partei,NA,NA,68.7,121
hh,Hamburg,0,18,2004,2004-02-29,FALSE,afd,AfD,TRUE,AfD,NA,NA,68.7,121
hh,Hamburg,0,18,2004,2004-02-29,FALSE,pir,Other (named),FALSE,PIRATEN,NA,NA,68.7,121
hh,Hamburg,0,18,2004,2004-02-29,FALSE,kpd,KPD/DKP,FALSE,KPD/DKP 5,NA,NA,68.7,121
hh,Hamburg,0,18,2004,2004-02-29,FALSE,dp,Other (named),FALSE,DP,NA,NA,68.7,121
hh,Hamburg,0,18,2004,2004-02-29,FALSE,rep,Far right (pre-AfD),TRUE,REP,NA,NA,68.7,121
hh,Hamburg,0,18,2004,2004-02-29,FALSE,dvu,Far right (pre-AfD),TRUE,DVU,NA,NA,68.7,121
hh,Hamburg,0,19,2008,2008-02-24,FALSE,cdu,CDU/CSU,FALSE,CDU1,42.6,56,63.5,121
hh,Hamburg,0,19,2008,2008-02-24,FALSE,spd,SPD,FALSE,SPD,34.1,45,63.5,121
hh,Hamburg,0,19,2008,2008-02-24,FALSE,gru,Greens,FALSE,GRÜNE/GAL2,9.6,12,63.5,121
hh,Hamburg,0,19,2008,2008-02-24,FALSE,lin,Left,FALSE,DIE LINKE4,6.4,8,63.5,121
hh,Hamburg,0,19,2008,2008-02-24,FALSE,fdp,FDP,FALSE,FDP,4.8,NA,63.5,121
hh,Hamburg,0,19,2008,2008-02-24,FALSE,oth,Other,FALSE,Sonstige,1.7,NA,63.5,121
hh,Hamburg,0,19,2008,2008-02-24,FALSE,dvu,Far right (pre-AfD),TRUE,DVU,0.8,NA,63.5,121
hh,Hamburg,0,19,2008,2008-02-24,FALSE,schill,Far right (pre-AfD),TRUE,Schill/Offensive3,NA,NA,63.5,121
hh,Hamburg,0,19,2008,2008-02-24,FALSE,statt,Other (named),FALSE,STATT-Partei,NA,NA,63.5,121
hh,Hamburg,0,19,2008,2008-02-24,FALSE,afd,AfD,TRUE,AfD,NA,NA,63.5,121
hh,Hamburg,0,19,2008,2008-02-24,FALSE,npd,Far right (pre-AfD),TRUE,DRP/NPD 6,NA,NA,63.5,121
hh,Hamburg,0,19,2008,2008-02-24,FALSE,pir,Other (named),FALSE,PIRATEN,NA,NA,63.5,121
hh,Hamburg,0,19,2008,2008-02-24,FALSE,kpd,KPD/DKP,FALSE,KPD/DKP 5,NA,NA,63.5,121
hh,Hamburg,0,19,2008,2008-02-24,FALSE,dp,Other (named),FALSE,DP,NA,NA,63.5,121
hh,Hamburg,0,19,2008,2008-02-24,FALSE,rep,Far right (pre-AfD),TRUE,REP,NA,NA,63.5,121
hh,Hamburg,0,20,2011,2011-02-20,FALSE,spd,SPD,FALSE,SPD,48.4,62,57.3,121
hh,Hamburg,0,20,2011,2011-02-20,FALSE,cdu,CDU/CSU,FALSE,CDU1,21.9,28,57.3,121
hh,Hamburg,0,20,2011,2011-02-20,FALSE,gru,Greens,FALSE,GRÜNE/GAL2,11.2,14,57.3,121
hh,Hamburg,0,20,2011,2011-02-20,FALSE,fdp,FDP,FALSE,FDP,6.7,9,57.3,121
hh,Hamburg,0,20,2011,2011-02-20,FALSE,lin,Left,FALSE,DIE LINKE4,6.4,8,57.3,121
hh,Hamburg,0,20,2011,2011-02-20,FALSE,oth,Other,FALSE,Sonstige,2.5,NA,57.3,121
hh,Hamburg,0,20,2011,2011-02-20,FALSE,pir,Other (named),FALSE,PIRATEN,2.1,NA,57.3,121
hh,Hamburg,0,20,2011,2011-02-20,FALSE,npd,Far right (pre-AfD),TRUE,DRP/NPD 6,0.9,NA,57.3,121
hh,Hamburg,0,20,2011,2011-02-20,FALSE,schill,Far right (pre-AfD),TRUE,Schill/Offensive3,NA,NA,57.3,121
hh,Hamburg,0,20,2011,2011-02-20,FALSE,statt,Other (named),FALSE,STATT-Partei,NA,NA,57.3,121
hh,Hamburg,0,20,2011,2011-02-20,FALSE,afd,AfD,TRUE,AfD,NA,NA,57.3,121
hh,Hamburg,0,20,2011,2011-02-20,FALSE,kpd,KPD/DKP,FALSE,KPD/DKP 5,NA,NA,57.3,121
hh,Hamburg,0,20,2011,2011-02-20,FALSE,dp,Other (named),FALSE,DP,NA,NA,57.3,121
hh,Hamburg,0,20,2011,2011-02-20,FALSE,rep,Far right (pre-AfD),TRUE,REP,NA,NA,57.3,121
hh,Hamburg,0,20,2011,2011-02-20,FALSE,dvu,Far right (pre-AfD),TRUE,DVU,NA,NA,57.3,121
hh,Hamburg,0,21,2015,2015-02-15,FALSE,spd,SPD,FALSE,SPD,45.6,58,56.5,121
hh,Hamburg,0,21,2015,2015-02-15,FALSE,cdu,CDU/CSU,FALSE,CDU1,15.9,20,56.5,121
hh,Hamburg,0,21,2015,2015-02-15,FALSE,gru,Greens,FALSE,GRÜNE/GAL2,12.3,15,56.5,121
hh,Hamburg,0,21,2015,2015-02-15,FALSE,lin,Left,FALSE,DIE LINKE4,8.5,11,56.5,121
hh,Hamburg,0,21,2015,2015-02-15,FALSE,fdp,FDP,FALSE,FDP,7.4,9,56.5,121
hh,Hamburg,0,21,2015,2015-02-15,FALSE,afd,AfD,TRUE,AfD,6.1,8,56.5,121
hh,Hamburg,0,21,2015,2015-02-15,FALSE,oth,Other,FALSE,Sonstige,2.3,NA,56.5,121
hh,Hamburg,0,21,2015,2015-02-15,FALSE,pir,Other (named),FALSE,PIRATEN,1.6,NA,56.5,121
hh,Hamburg,0,21,2015,2015-02-15,FALSE,npd,Far right (pre-AfD),TRUE,DRP/NPD 6,0.3,NA,56.5,121
hh,Hamburg,0,21,2015,2015-02-15,FALSE,schill,Far right (pre-AfD),TRUE,Schill/Offensive3,NA,NA,56.5,121
hh,Hamburg,0,21,2015,2015-02-15,FALSE,statt,Other (named),FALSE,STATT-Partei,NA,NA,56.5,121
hh,Hamburg,0,21,2015,2015-02-15,FALSE,kpd,KPD/DKP,FALSE,KPD/DKP 5,NA,NA,56.5,121
hh,Hamburg,0,21,2015,2015-02-15,FALSE,dp,Other (named),FALSE,DP,NA,NA,56.5,121
hh,Hamburg,0,21,2015,2015-02-15,FALSE,rep,Far right (pre-AfD),TRUE,REP,NA,NA,56.5,121
hh,Hamburg,0,21,2015,2015-02-15,FALSE,dvu,Far right (pre-AfD),TRUE,DVU,NA,NA,56.5,121
hh,Hamburg,0,22,2020,2020-02-23,FALSE,spd,SPD,FALSE,SPD,39.2,54,63.2,123
hh,Hamburg,0,22,2020,2020-02-23,FALSE,gru,Greens,FALSE,GRÜNE/GAL2,24.2,33,63.2,123
hh,Hamburg,0,22,2020,2020-02-23,FALSE,cdu,CDU/CSU,FALSE,CDU1,11.2,15,63.2,123
hh,Hamburg,0,22,2020,2020-02-23,FALSE,lin,Left,FALSE,DIE LINKE4,9.1,13,63.2,123
hh,Hamburg,0,22,2020,2020-02-23,FALSE,oth,Other,FALSE,Sonstige,5.6,NA,63.2,123
hh,Hamburg,0,22,2020,2020-02-23,FALSE,afd,AfD,TRUE,AfD,5.3,7,63.2,123
hh,Hamburg,0,22,2020,2020-02-23,FALSE,fdp,FDP,FALSE,FDP,4.97,1,63.2,123
hh,Hamburg,0,22,2020,2020-02-23,FALSE,pir,Other (named),FALSE,PIRATEN,0.5,NA,63.2,123
hh,Hamburg,0,22,2020,2020-02-23,FALSE,schill,Far right (pre-AfD),TRUE,Schill/Offensive3,NA,NA,63.2,123
hh,Hamburg,0,22,2020,2020-02-23,FALSE,statt,Other (named),FALSE,STATT-Partei,NA,NA,63.2,123
hh,Hamburg,0,22,2020,2020-02-23,FALSE,npd,Far right (pre-AfD),TRUE,DRP/NPD 6,NA,NA,63.2,123
hh,Hamburg,0,22,2020,2020-02-23,FALSE,kpd,KPD/DKP,FALSE,KPD/DKP 5,NA,NA,63.2,123
hh,Hamburg,0,22,2020,2020-02-23,FALSE,dp,Other (named),FALSE,DP,NA,NA,63.2,123
hh,Hamburg,0,22,2020,2020-02-23,FALSE,rep,Far right (pre-AfD),TRUE,REP,NA,NA,63.2,123
hh,Hamburg,0,22,2020,2020-02-23,FALSE,dvu,Far right (pre-AfD),TRUE,DVU,NA,NA,63.2,123
hh,Hamburg,0,23,2025,2025-03-02,FALSE,spd,SPD,FALSE,SPD,33.5,45,67.7,121
hh,Hamburg,0,23,2025,2025-03-02,FALSE,cdu,CDU/CSU,FALSE,CDU,19.8,26,67.7,121
hh,Hamburg,0,23,2025,2025-03-02,FALSE,gru,Greens,FALSE,GRÜNE/GAL,18.5,25,67.7,121
hh,Hamburg,0,23,2025,2025-03-02,FALSE,lin,Left,FALSE,DIE LINKE,11.2,15,67.7,121
hh,Hamburg,0,23,2025,2025-03-02,FALSE,afd,AfD,TRUE,AfD,7.5,10,67.7,121
hh,Hamburg,0,23,2025,2025-03-02,FALSE,volt,Other (named),FALSE,Volt,3.3,NA,67.7,121
hh,Hamburg,0,23,2025,2025-03-02,FALSE,fdp,FDP,FALSE,FDP,2.3,NA,67.7,121
hh,Hamburg,0,23,2025,2025-03-02,FALSE,oth,Other,FALSE,Sonstige,2.1,NA,67.7,121
hh,Hamburg,0,23,2025,2025-03-02,FALSE,bsw,BSW,FALSE,BSW,1.8,NA,67.7,121
mv,Mecklenburg-Vorpommern,1,1,1990,1990-10-14,FALSE,cdu,CDU/CSU,FALSE,CDU,38.3,29,64.7,66
mv,Mecklenburg-Vorpommern,1,1,1990,1990-10-14,FALSE,spd,SPD,FALSE,SPD,27,21,64.7,66
mv,Mecklenburg-Vorpommern,1,1,1990,1990-10-14,FALSE,lin,Left,FALSE,Die Linke.¹,15.7,12,64.7,66
mv,Mecklenburg-Vorpommern,1,1,1990,1990-10-14,FALSE,gru,Greens,FALSE,GRÜNE,6.4,NA,64.7,66
mv,Mecklenburg-Vorpommern,1,1,1990,1990-10-14,FALSE,oth,Other,FALSE,Sonstige,6.1,NA,64.7,66
mv,Mecklenburg-Vorpommern,1,1,1990,1990-10-14,FALSE,fdp,FDP,FALSE,FDP²,5.5,4,64.7,66
mv,Mecklenburg-Vorpommern,1,1,1990,1990-10-14,FALSE,rep,Far right (pre-AfD),TRUE,REP,0.9,NA,64.7,66
mv,Mecklenburg-Vorpommern,1,1,1990,1990-10-14,FALSE,npd,Far right (pre-AfD),TRUE,NPD,0.2,NA,64.7,66
mv,Mecklenburg-Vorpommern,1,1,1990,1990-10-14,FALSE,afd,AfD,TRUE,AfD,NA,NA,64.7,66
mv,Mecklenburg-Vorpommern,1,1,1990,1990-10-14,FALSE,dvu,Far right (pre-AfD),TRUE,DVU,NA,NA,64.7,66
mv,Mecklenburg-Vorpommern,1,1,1990,1990-10-14,FALSE,pir,Other (named),FALSE,PIRATEN,NA,NA,64.7,66
mv,Mecklenburg-Vorpommern,1,1,1990,1990-10-14,FALSE,bsw,BSW,FALSE,BSW,NA,NA,64.7,66
mv,Mecklenburg-Vorpommern,1,2,1994,1994-10-16,FALSE,cdu,CDU/CSU,FALSE,CDU,37.7,30,72.9,71
mv,Mecklenburg-Vorpommern,1,2,1994,1994-10-16,FALSE,spd,SPD,FALSE,SPD,29.5,23,72.9,71
mv,Mecklenburg-Vorpommern,1,2,1994,1994-10-16,FALSE,lin,Left,FALSE,Die Linke.¹,22.7,18,72.9,71
mv,Mecklenburg-Vorpommern,1,2,1994,1994-10-16,FALSE,fdp,FDP,FALSE,FDP²,3.8,NA,72.9,71
mv,Mecklenburg-Vorpommern,1,2,1994,1994-10-16,FALSE,gru,Greens,FALSE,GRÜNE,3.7,NA,72.9,71
mv,Mecklenburg-Vorpommern,1,2,1994,1994-10-16,FALSE,oth,Other,FALSE,Sonstige,1.6,NA,72.9,71
mv,Mecklenburg-Vorpommern,1,2,1994,1994-10-16,FALSE,rep,Far right (pre-AfD),TRUE,REP,1,NA,72.9,71
mv,Mecklenburg-Vorpommern,1,2,1994,1994-10-16,FALSE,npd,Far right (pre-AfD),TRUE,NPD,0.1,NA,72.9,71
mv,Mecklenburg-Vorpommern,1,2,1994,1994-10-16,FALSE,afd,AfD,TRUE,AfD,NA,NA,72.9,71
mv,Mecklenburg-Vorpommern,1,2,1994,1994-10-16,FALSE,dvu,Far right (pre-AfD),TRUE,DVU,NA,NA,72.9,71
mv,Mecklenburg-Vorpommern,1,2,1994,1994-10-16,FALSE,pir,Other (named),FALSE,PIRATEN,NA,NA,72.9,71
mv,Mecklenburg-Vorpommern,1,2,1994,1994-10-16,FALSE,bsw,BSW,FALSE,BSW,NA,NA,72.9,71
mv,Mecklenburg-Vorpommern,1,3,1998,1998-09-27,FALSE,spd,SPD,FALSE,SPD,34.3,27,79.4,71
mv,Mecklenburg-Vorpommern,1,3,1998,1998-09-27,FALSE,cdu,CDU/CSU,FALSE,CDU,30.2,24,79.4,71
mv,Mecklenburg-Vorpommern,1,3,1998,1998-09-27,FALSE,lin,Left,FALSE,Die Linke.¹,24.4,20,79.4,71
mv,Mecklenburg-Vorpommern,1,3,1998,1998-09-27,FALSE,dvu,Far right (pre-AfD),TRUE,DVU,2.9,NA,79.4,71
mv,Mecklenburg-Vorpommern,1,3,1998,1998-09-27,FALSE,gru,Greens,FALSE,GRÜNE,2.7,NA,79.4,71
mv,Mecklenburg-Vorpommern,1,3,1998,1998-09-27,FALSE,oth,Other,FALSE,Sonstige,2.4,NA,79.4,71
mv,Mecklenburg-Vorpommern,1,3,1998,1998-09-27,FALSE,fdp,FDP,FALSE,FDP²,1.6,NA,79.4,71
mv,Mecklenburg-Vorpommern,1,3,1998,1998-09-27,FALSE,npd,Far right (pre-AfD),TRUE,NPD,1.1,NA,79.4,71
mv,Mecklenburg-Vorpommern,1,3,1998,1998-09-27,FALSE,rep,Far right (pre-AfD),TRUE,REP,0.5,NA,79.4,71
mv,Mecklenburg-Vorpommern,1,3,1998,1998-09-27,FALSE,afd,AfD,TRUE,AfD,NA,NA,79.4,71
mv,Mecklenburg-Vorpommern,1,3,1998,1998-09-27,FALSE,pir,Other (named),FALSE,PIRATEN,NA,NA,79.4,71
mv,Mecklenburg-Vorpommern,1,3,1998,1998-09-27,FALSE,bsw,BSW,FALSE,BSW,NA,NA,79.4,71
mv,Mecklenburg-Vorpommern,1,4,2002,2002-09-22,FALSE,spd,SPD,FALSE,SPD,40.6,33,70.6,71
mv,Mecklenburg-Vorpommern,1,4,2002,2002-09-22,FALSE,cdu,CDU/CSU,FALSE,CDU,31.4,25,70.6,71
mv,Mecklenburg-Vorpommern,1,4,2002,2002-09-22,FALSE,lin,Left,FALSE,Die Linke.¹,16.4,13,70.6,71
mv,Mecklenburg-Vorpommern,1,4,2002,2002-09-22,FALSE,fdp,FDP,FALSE,FDP²,4.7,NA,70.6,71
mv,Mecklenburg-Vorpommern,1,4,2002,2002-09-22,FALSE,oth,Other,FALSE,Sonstige,3.2,NA,70.6,71
mv,Mecklenburg-Vorpommern,1,4,2002,2002-09-22,FALSE,gru,Greens,FALSE,GRÜNE,2.6,NA,70.6,71
mv,Mecklenburg-Vorpommern,1,4,2002,2002-09-22,FALSE,npd,Far right (pre-AfD),TRUE,NPD,0.8,NA,70.6,71
mv,Mecklenburg-Vorpommern,1,4,2002,2002-09-22,FALSE,rep,Far right (pre-AfD),TRUE,REP,0.3,NA,70.6,71
mv,Mecklenburg-Vorpommern,1,4,2002,2002-09-22,FALSE,afd,AfD,TRUE,AfD,NA,NA,70.6,71
mv,Mecklenburg-Vorpommern,1,4,2002,2002-09-22,FALSE,dvu,Far right (pre-AfD),TRUE,DVU,NA,NA,70.6,71
mv,Mecklenburg-Vorpommern,1,4,2002,2002-09-22,FALSE,pir,Other (named),FALSE,PIRATEN,NA,NA,70.6,71
mv,Mecklenburg-Vorpommern,1,4,2002,2002-09-22,FALSE,bsw,BSW,FALSE,BSW,NA,NA,70.6,71
mv,Mecklenburg-Vorpommern,1,5,2006,2006-09-17,FALSE,spd,SPD,FALSE,SPD,30.2,23,59.1,71
mv,Mecklenburg-Vorpommern,1,5,2006,2006-09-17,FALSE,cdu,CDU/CSU,FALSE,CDU,28.8,22,59.1,71
mv,Mecklenburg-Vorpommern,1,5,2006,2006-09-17,FALSE,lin,Left,FALSE,Die Linke.¹,16.8,13,59.1,71
mv,Mecklenburg-Vorpommern,1,5,2006,2006-09-17,FALSE,fdp,FDP,FALSE,FDP²,9.6,7,59.1,71
mv,Mecklenburg-Vorpommern,1,5,2006,2006-09-17,FALSE,npd,Far right (pre-AfD),TRUE,NPD,7.3,6,59.1,71
mv,Mecklenburg-Vorpommern,1,5,2006,2006-09-17,FALSE,oth,Other,FALSE,Sonstige,4,NA,59.1,71
mv,Mecklenburg-Vorpommern,1,5,2006,2006-09-17,FALSE,gru,Greens,FALSE,GRÜNE,3.4,NA,59.1,71
mv,Mecklenburg-Vorpommern,1,5,2006,2006-09-17,FALSE,afd,AfD,TRUE,AfD,NA,NA,59.1,71
mv,Mecklenburg-Vorpommern,1,5,2006,2006-09-17,FALSE,rep,Far right (pre-AfD),TRUE,REP,NA,NA,59.1,71
mv,Mecklenburg-Vorpommern,1,5,2006,2006-09-17,FALSE,dvu,Far right (pre-AfD),TRUE,DVU,NA,NA,59.1,71
mv,Mecklenburg-Vorpommern,1,5,2006,2006-09-17,FALSE,pir,Other (named),FALSE,PIRATEN,NA,NA,59.1,71
mv,Mecklenburg-Vorpommern,1,5,2006,2006-09-17,FALSE,bsw,BSW,FALSE,BSW,NA,NA,59.1,71
mv,Mecklenburg-Vorpommern,1,6,2011,2011-09-04,FALSE,spd,SPD,FALSE,SPD,35.6,27,51.5,71
mv,Mecklenburg-Vorpommern,1,6,2011,2011-09-04,FALSE,cdu,CDU/CSU,FALSE,CDU,23,18,51.5,71
mv,Mecklenburg-Vorpommern,1,6,2011,2011-09-04,FALSE,lin,Left,FALSE,Die Linke.¹,18.4,14,51.5,71
mv,Mecklenburg-Vorpommern,1,6,2011,2011-09-04,FALSE,gru,Greens,FALSE,GRÜNE,8.7,7,51.5,71
mv,Mecklenburg-Vorpommern,1,6,2011,2011-09-04,FALSE,npd,Far right (pre-AfD),TRUE,NPD,6,5,51.5,71
mv,Mecklenburg-Vorpommern,1,6,2011,2011-09-04,FALSE,oth,Other,FALSE,Sonstige,3.6,NA,51.5,71
mv,Mecklenburg-Vorpommern,1,6,2011,2011-09-04,FALSE,fdp,FDP,FALSE,FDP²,2.8,NA,51.5,71
mv,Mecklenburg-Vorpommern,1,6,2011,2011-09-04,FALSE,pir,Other (named),FALSE,PIRATEN,1.9,NA,51.5,71
mv,Mecklenburg-Vorpommern,1,6,2011,2011-09-04,FALSE,rep,Far right (pre-AfD),TRUE,REP,0.1,NA,51.5,71
mv,Mecklenburg-Vorpommern,1,6,2011,2011-09-04,FALSE,afd,AfD,TRUE,AfD,NA,NA,51.5,71
mv,Mecklenburg-Vorpommern,1,6,2011,2011-09-04,FALSE,dvu,Far right (pre-AfD),TRUE,DVU,NA,NA,51.5,71
mv,Mecklenburg-Vorpommern,1,6,2011,2011-09-04,FALSE,bsw,BSW,FALSE,BSW,NA,NA,51.5,71
mv,Mecklenburg-Vorpommern,1,7,2016,2016-09-04,FALSE,spd,SPD,FALSE,SPD,30.6,26,61.9,71
mv,Mecklenburg-Vorpommern,1,7,2016,2016-09-04,FALSE,afd,AfD,TRUE,AfD,20.8,18,61.9,71
mv,Mecklenburg-Vorpommern,1,7,2016,2016-09-04,FALSE,cdu,CDU/CSU,FALSE,CDU,19,16,61.9,71
mv,Mecklenburg-Vorpommern,1,7,2016,2016-09-04,FALSE,lin,Left,FALSE,Die Linke.¹,13.2,11,61.9,71
mv,Mecklenburg-Vorpommern,1,7,2016,2016-09-04,FALSE,oth,Other,FALSE,Sonstige,5.2,NA,61.9,71
mv,Mecklenburg-Vorpommern,1,7,2016,2016-09-04,FALSE,gru,Greens,FALSE,GRÜNE,4.8,NA,61.9,71
mv,Mecklenburg-Vorpommern,1,7,2016,2016-09-04,FALSE,fdp,FDP,FALSE,FDP²,3,NA,61.9,71
mv,Mecklenburg-Vorpommern,1,7,2016,2016-09-04,FALSE,npd,Far right (pre-AfD),TRUE,NPD,3,NA,61.9,71
mv,Mecklenburg-Vorpommern,1,7,2016,2016-09-04,FALSE,pir,Other (named),FALSE,PIRATEN,0.5,NA,61.9,71
mv,Mecklenburg-Vorpommern,1,7,2016,2016-09-04,FALSE,rep,Far right (pre-AfD),TRUE,REP,NA,NA,61.9,71
mv,Mecklenburg-Vorpommern,1,7,2016,2016-09-04,FALSE,dvu,Far right (pre-AfD),TRUE,DVU,NA,NA,61.9,71
mv,Mecklenburg-Vorpommern,1,7,2016,2016-09-04,FALSE,bsw,BSW,FALSE,BSW,NA,NA,61.9,71
mv,Mecklenburg-Vorpommern,1,8,2021,2021-09-26,FALSE,spd,SPD,FALSE,SPD,39.6,34,70.8,79
mv,Mecklenburg-Vorpommern,1,8,2021,2021-09-26,FALSE,afd,AfD,TRUE,AfD,16.7,14,70.8,79
mv,Mecklenburg-Vorpommern,1,8,2021,2021-09-26,FALSE,cdu,CDU/CSU,FALSE,CDU,13.3,12,70.8,79
mv,Mecklenburg-Vorpommern,1,8,2021,2021-09-26,FALSE,lin,Left,FALSE,Die Linke.¹,9.9,9,70.8,79
mv,Mecklenburg-Vorpommern,1,8,2021,2021-09-26,FALSE,oth,Other,FALSE,Sonstige,7.2,NA,70.8,79
mv,Mecklenburg-Vorpommern,1,8,2021,2021-09-26,FALSE,gru,Greens,FALSE,GRÜNE,6.3,5,70.8,79
mv,Mecklenburg-Vorpommern,1,8,2021,2021-09-26,FALSE,fdp,FDP,FALSE,FDP²,5.8,5,70.8,79
mv,Mecklenburg-Vorpommern,1,8,2021,2021-09-26,FALSE,npd,Far right (pre-AfD),TRUE,NPD,0.8,NA,70.8,79
mv,Mecklenburg-Vorpommern,1,8,2021,2021-09-26,FALSE,pir,Other (named),FALSE,PIRATEN,0.4,NA,70.8,79
mv,Mecklenburg-Vorpommern,1,8,2021,2021-09-26,FALSE,rep,Far right (pre-AfD),TRUE,REP,NA,NA,70.8,79
mv,Mecklenburg-Vorpommern,1,8,2021,2021-09-26,FALSE,dvu,Far right (pre-AfD),TRUE,DVU,NA,NA,70.8,79
mv,Mecklenburg-Vorpommern,1,8,2021,2021-09-26,FALSE,bsw,BSW,FALSE,BSW,NA,NA,70.8,79
mv,Mecklenburg-Vorpommern,1,9,2026,2026-09-20,TRUE,afd,AfD,TRUE,AfD,38.2,32,78.1,71
mv,Mecklenburg-Vorpommern,1,9,2026,2026-09-20,TRUE,spd,SPD,FALSE,SPD,35.5,29,78.1,71
mv,Mecklenburg-Vorpommern,1,9,2026,2026-09-20,TRUE,lin,Left,FALSE,Die Linke.¹,6.5,5,78.1,71
mv,Mecklenburg-Vorpommern,1,9,2026,2026-09-20,TRUE,gru,Greens,FALSE,GRÜNE,5.7,5,78.1,71
mv,Mecklenburg-Vorpommern,1,9,2026,2026-09-20,TRUE,cdu,CDU/CSU,FALSE,CDU,4.9,NA,78.1,71
mv,Mecklenburg-Vorpommern,1,9,2026,2026-09-20,TRUE,bsw,BSW,FALSE,BSW,4.8,NA,78.1,71
mv,Mecklenburg-Vorpommern,1,9,2026,2026-09-20,TRUE,oth,Other,FALSE,Sonstige,3.1,NA,78.1,71
mv,Mecklenburg-Vorpommern,1,9,2026,2026-09-20,TRUE,fdp,FDP,FALSE,FDP²,1,NA,78.1,71
mv,Mecklenburg-Vorpommern,1,9,2026,2026-09-20,TRUE,pir,Other (named),FALSE,PIRATEN,0.2,NA,78.1,71
mv,Mecklenburg-Vorpommern,1,9,2026,2026-09-20,TRUE,npd,Far right (pre-AfD),TRUE,NPD,NA,NA,78.1,71
mv,Mecklenburg-Vorpommern,1,9,2026,2026-09-20,TRUE,rep,Far right (pre-AfD),TRUE,REP,NA,NA,78.1,71
mv,Mecklenburg-Vorpommern,1,9,2026,2026-09-20,TRUE,dvu,Far right (pre-AfD),TRUE,DVU,NA,NA,78.1,71
ni,Lower Saxony,0,1,1947,1947-02-20,FALSE,spd,SPD,FALSE,SPD,43.4,65,65.1,149
ni,Lower Saxony,0,1,1947,1947-02-20,FALSE,cdu,CDU/CSU,FALSE,CDU¹,19.9,30,65.1,149
ni,Lower Saxony,0,1,1947,1947-02-20,FALSE,dp,Other (named),FALSE,"NLP/DP1, 4",17.9,27,65.1,149
ni,Lower Saxony,0,1,1947,1947-02-20,FALSE,fdp,FDP,FALSE,FDP,8.8,13,65.1,149
ni,Lower Saxony,0,1,1947,1947-02-20,FALSE,kpd,KPD/DKP,FALSE,KPD/DKP²,5.7,8,65.1,149
ni,Lower Saxony,0,1,1947,1947-02-20,FALSE,zentrum,Other (named),FALSE,Zentrum,4.1,6,65.1,149
ni,Lower Saxony,0,1,1947,1947-02-20,FALSE,drp,Far right (pre-AfD),TRUE,DRP/NPD³,0.3,NA,65.1,149
ni,Lower Saxony,0,1,1947,1947-02-20,FALSE,gru,Greens,FALSE,GRÜNE,NA,NA,65.1,149
ni,Lower Saxony,0,1,1947,1947-02-20,FALSE,lin,Left,FALSE,DIE LINKE,NA,NA,65.1,149
ni,Lower Saxony,0,1,1947,1947-02-20,FALSE,afd,AfD,TRUE,AfD,NA,NA,65.1,149
ni,Lower Saxony,0,1,1947,1947-02-20,FALSE,pir,Other (named),FALSE,PIRATEN,NA,NA,65.1,149
ni,Lower Saxony,0,1,1947,1947-02-20,FALSE,srp,Far right (pre-AfD),TRUE,SRP,NA,NA,65.1,149
ni,Lower Saxony,0,1,1947,1947-02-20,FALSE,bhe,Other (named),FALSE,BHE/GDP,NA,NA,65.1,149
ni,Lower Saxony,0,1,1947,1947-02-20,FALSE,dsp,Other (named),FALSE,DSP,NA,NA,65.1,149
ni,Lower Saxony,0,1,1947,1947-02-20,FALSE,rep,Far right (pre-AfD),TRUE,REP,NA,NA,65.1,149
ni,Lower Saxony,0,1,1947,1947-02-20,FALSE,oth,Other,FALSE,Sonstige,-0.1,NA,65.1,149
ni,Lower Saxony,0,2,1951,1951-05-06,FALSE,spd,SPD,FALSE,SPD,33.7,64,75.8,158
ni,Lower Saxony,0,2,1951,1951-05-06,FALSE,cdu,CDU/CSU,FALSE,CDU¹,23.7,35,75.8,158
ni,Lower Saxony,0,2,1951,1951-05-06,FALSE,bhe,Other (named),FALSE,BHE/GDP,14.9,21,75.8,158
ni,Lower Saxony,0,2,1951,1951-05-06,FALSE,srp,Far right (pre-AfD),TRUE,SRP,11,16,75.8,158
ni,Lower Saxony,0,2,1951,1951-05-06,FALSE,fdp,FDP,FALSE,FDP,8.3,12,75.8,158
ni,Lower Saxony,0,2,1951,1951-05-06,FALSE,zentrum,Other (named),FALSE,Zentrum,3.3,4,75.8,158
ni,Lower Saxony,0,2,1951,1951-05-06,FALSE,drp,Far right (pre-AfD),TRUE,DRP/NPD³,2.2,3,75.8,158
ni,Lower Saxony,0,2,1951,1951-05-06,FALSE,kpd,KPD/DKP,FALSE,KPD/DKP²,1.8,2,75.8,158
ni,Lower Saxony,0,2,1951,1951-05-06,FALSE,dsp,Other (named),FALSE,DSP,0.8,1,75.8,158
ni,Lower Saxony,0,2,1951,1951-05-06,FALSE,gru,Greens,FALSE,GRÜNE,NA,NA,75.8,158
ni,Lower Saxony,0,2,1951,1951-05-06,FALSE,lin,Left,FALSE,DIE LINKE,NA,NA,75.8,158
ni,Lower Saxony,0,2,1951,1951-05-06,FALSE,afd,AfD,TRUE,AfD,NA,NA,75.8,158
ni,Lower Saxony,0,2,1951,1951-05-06,FALSE,pir,Other (named),FALSE,PIRATEN,NA,NA,75.8,158
ni,Lower Saxony,0,2,1951,1951-05-06,FALSE,dp,Other (named),FALSE,"NLP/DP1, 4",NA,NA,75.8,158
ni,Lower Saxony,0,2,1951,1951-05-06,FALSE,rep,Far right (pre-AfD),TRUE,REP,NA,NA,75.8,158
ni,Lower Saxony,0,2,1951,1951-05-06,FALSE,oth,Other,FALSE,Sonstige,0.3,NA,75.8,158
ni,Lower Saxony,0,3,1955,1955-04-24,FALSE,spd,SPD,FALSE,SPD,35.2,59,77.5,159
ni,Lower Saxony,0,3,1955,1955-04-24,FALSE,cdu,CDU/CSU,FALSE,CDU¹,26.6,43,77.5,159
ni,Lower Saxony,0,3,1955,1955-04-24,FALSE,dp,Other (named),FALSE,"NLP/DP1, 4",12.4,19,77.5,159
ni,Lower Saxony,0,3,1955,1955-04-24,FALSE,bhe,Other (named),FALSE,BHE/GDP,11,17,77.5,159
ni,Lower Saxony,0,3,1955,1955-04-24,FALSE,fdp,FDP,FALSE,FDP,7.9,12,77.5,159
ni,Lower Saxony,0,3,1955,1955-04-24,FALSE,drp,Far right (pre-AfD),TRUE,DRP/NPD³,3.8,6,77.5,159
ni,Lower Saxony,0,3,1955,1955-04-24,FALSE,kpd,KPD/DKP,FALSE,KPD/DKP²,1.3,2,77.5,159
ni,Lower Saxony,0,3,1955,1955-04-24,FALSE,zentrum,Other (named),FALSE,Zentrum,1.1,1,77.5,159
ni,Lower Saxony,0,3,1955,1955-04-24,FALSE,oth,Other,FALSE,Sonstige,0.7,NA,77.5,159
ni,Lower Saxony,0,3,1955,1955-04-24,FALSE,gru,Greens,FALSE,GRÜNE,NA,NA,77.5,159
ni,Lower Saxony,0,3,1955,1955-04-24,FALSE,lin,Left,FALSE,DIE LINKE,NA,NA,77.5,159
ni,Lower Saxony,0,3,1955,1955-04-24,FALSE,afd,AfD,TRUE,AfD,NA,NA,77.5,159
ni,Lower Saxony,0,3,1955,1955-04-24,FALSE,pir,Other (named),FALSE,PIRATEN,NA,NA,77.5,159
ni,Lower Saxony,0,3,1955,1955-04-24,FALSE,srp,Far right (pre-AfD),TRUE,SRP,NA,NA,77.5,159
ni,Lower Saxony,0,3,1955,1955-04-24,FALSE,dsp,Other (named),FALSE,DSP,NA,NA,77.5,159
ni,Lower Saxony,0,3,1955,1955-04-24,FALSE,rep,Far right (pre-AfD),TRUE,REP,NA,NA,77.5,159
ni,Lower Saxony,0,4,1959,1959-04-19,FALSE,spd,SPD,FALSE,SPD,39.5,65,78,157
ni,Lower Saxony,0,4,1959,1959-04-19,FALSE,cdu,CDU/CSU,FALSE,CDU¹,30.8,51,78,157
ni,Lower Saxony,0,4,1959,1959-04-19,FALSE,dp,Other (named),FALSE,"NLP/DP1, 4",12.4,20,78,157
ni,Lower Saxony,0,4,1959,1959-04-19,FALSE,bhe,Other (named),FALSE,BHE/GDP,8.3,13,78,157
ni,Lower Saxony,0,4,1959,1959-04-19,FALSE,fdp,FDP,FALSE,FDP,5.2,8,78,157
ni,Lower Saxony,0,4,1959,1959-04-19,FALSE,drp,Far right (pre-AfD),TRUE,DRP/NPD³,3.6,NA,78,157
ni,Lower Saxony,0,4,1959,1959-04-19,FALSE,oth,Other,FALSE,Sonstige,0.2,NA,78,157
ni,Lower Saxony,0,4,1959,1959-04-19,FALSE,zentrum,Other (named),FALSE,Zentrum,0,NA,78,157
ni,Lower Saxony,0,4,1959,1959-04-19,FALSE,gru,Greens,FALSE,GRÜNE,NA,NA,78,157
ni,Lower Saxony,0,4,1959,1959-04-19,FALSE,lin,Left,FALSE,DIE LINKE,NA,NA,78,157
ni,Lower Saxony,0,4,1959,1959-04-19,FALSE,afd,AfD,TRUE,AfD,NA,NA,78,157
ni,Lower Saxony,0,4,1959,1959-04-19,FALSE,pir,Other (named),FALSE,PIRATEN,NA,NA,78,157
ni,Lower Saxony,0,4,1959,1959-04-19,FALSE,srp,Far right (pre-AfD),TRUE,SRP,NA,NA,78,157
ni,Lower Saxony,0,4,1959,1959-04-19,FALSE,kpd,KPD/DKP,FALSE,KPD/DKP²,NA,NA,78,157
ni,Lower Saxony,0,4,1959,1959-04-19,FALSE,dsp,Other (named),FALSE,DSP,NA,NA,78,157
ni,Lower Saxony,0,4,1959,1959-04-19,FALSE,rep,Far right (pre-AfD),TRUE,REP,NA,NA,78,157
ni,Lower Saxony,0,5,1963,1963-05-19,FALSE,spd,SPD,FALSE,SPD,44.9,73,76.9,149
ni,Lower Saxony,0,5,1963,1963-05-19,FALSE,cdu,CDU/CSU,FALSE,CDU¹,37.7,62,76.9,149
ni,Lower Saxony,0,5,1963,1963-05-19,FALSE,fdp,FDP,FALSE,FDP,8.8,14,76.9,149
ni,Lower Saxony,0,5,1963,1963-05-19,FALSE,oth,Other,FALSE,Sonstige,4.4,NA,76.9,149
ni,Lower Saxony,0,5,1963,1963-05-19,FALSE,dp,Other (named),FALSE,"NLP/DP1, 4",2.7,NA,76.9,149
ni,Lower Saxony,0,5,1963,1963-05-19,FALSE,drp,Far right (pre-AfD),TRUE,DRP/NPD³,1.5,NA,76.9,149
ni,Lower Saxony,0,5,1963,1963-05-19,FALSE,gru,Greens,FALSE,GRÜNE,NA,NA,76.9,149
ni,Lower Saxony,0,5,1963,1963-05-19,FALSE,lin,Left,FALSE,DIE LINKE,NA,NA,76.9,149
ni,Lower Saxony,0,5,1963,1963-05-19,FALSE,afd,AfD,TRUE,AfD,NA,NA,76.9,149
ni,Lower Saxony,0,5,1963,1963-05-19,FALSE,pir,Other (named),FALSE,PIRATEN,NA,NA,76.9,149
ni,Lower Saxony,0,5,1963,1963-05-19,FALSE,srp,Far right (pre-AfD),TRUE,SRP,NA,NA,76.9,149
ni,Lower Saxony,0,5,1963,1963-05-19,FALSE,bhe,Other (named),FALSE,BHE/GDP,NA,NA,76.9,149
ni,Lower Saxony,0,5,1963,1963-05-19,FALSE,kpd,KPD/DKP,FALSE,KPD/DKP²,NA,NA,76.9,149
ni,Lower Saxony,0,5,1963,1963-05-19,FALSE,zentrum,Other (named),FALSE,Zentrum,NA,NA,76.9,149
ni,Lower Saxony,0,5,1963,1963-05-19,FALSE,dsp,Other (named),FALSE,DSP,NA,NA,76.9,149
ni,Lower Saxony,0,5,1963,1963-05-19,FALSE,rep,Far right (pre-AfD),TRUE,REP,NA,NA,76.9,149
ni,Lower Saxony,0,6,1967,1967-06-04,FALSE,spd,SPD,FALSE,SPD,43.1,66,75.8,149
ni,Lower Saxony,0,6,1967,1967-06-04,FALSE,cdu,CDU/CSU,FALSE,CDU¹,41.7,63,75.8,149
ni,Lower Saxony,0,6,1967,1967-06-04,FALSE,npd,Far right (pre-AfD),TRUE,DRP/NPD³,7,10,75.8,149
ni,Lower Saxony,0,6,1967,1967-06-04,FALSE,fdp,FDP,FALSE,FDP,6.9,10,75.8,149
ni,Lower Saxony,0,6,1967,1967-06-04,FALSE,oth,Other,FALSE,Sonstige,1.3,NA,75.8,149
ni,Lower Saxony,0,6,1967,1967-06-04,FALSE,gru,Greens,FALSE,GRÜNE,NA,NA,75.8,149
ni,Lower Saxony,0,6,1967,1967-06-04,FALSE,lin,Left,FALSE,DIE LINKE,NA,NA,75.8,149
ni,Lower Saxony,0,6,1967,1967-06-04,FALSE,afd,AfD,TRUE,AfD,NA,NA,75.8,149
ni,Lower Saxony,0,6,1967,1967-06-04,FALSE,pir,Other (named),FALSE,PIRATEN,NA,NA,75.8,149
ni,Lower Saxony,0,6,1967,1967-06-04,FALSE,srp,Far right (pre-AfD),TRUE,SRP,NA,NA,75.8,149
ni,Lower Saxony,0,6,1967,1967-06-04,FALSE,dp,Other (named),FALSE,"NLP/DP1, 4",NA,NA,75.8,149
ni,Lower Saxony,0,6,1967,1967-06-04,FALSE,bhe,Other (named),FALSE,BHE/GDP,NA,NA,75.8,149
ni,Lower Saxony,0,6,1967,1967-06-04,FALSE,kpd,KPD/DKP,FALSE,KPD/DKP²,NA,NA,75.8,149
ni,Lower Saxony,0,6,1967,1967-06-04,FALSE,zentrum,Other (named),FALSE,Zentrum,NA,NA,75.8,149
ni,Lower Saxony,0,6,1967,1967-06-04,FALSE,dsp,Other (named),FALSE,DSP,NA,NA,75.8,149
ni,Lower Saxony,0,6,1967,1967-06-04,FALSE,rep,Far right (pre-AfD),TRUE,REP,NA,NA,75.8,149
ni,Lower Saxony,0,7,1970,1970-06-14,FALSE,spd,SPD,FALSE,SPD,46.3,75,76.7,149
ni,Lower Saxony,0,7,1970,1970-06-14,FALSE,cdu,CDU/CSU,FALSE,CDU¹,45.7,74,76.7,149
ni,Lower Saxony,0,7,1970,1970-06-14,FALSE,fdp,FDP,FALSE,FDP,4.4,NA,76.7,149
ni,Lower Saxony,0,7,1970,1970-06-14,FALSE,npd,Far right (pre-AfD),TRUE,DRP/NPD³,3.2,NA,76.7,149
ni,Lower Saxony,0,7,1970,1970-06-14,FALSE,zentrum,Other (named),FALSE,Zentrum,3.1,NA,76.7,149
ni,Lower Saxony,0,7,1970,1970-06-14,FALSE,kpd,KPD/DKP,FALSE,KPD/DKP²,0.4,NA,76.7,149
ni,Lower Saxony,0,7,1970,1970-06-14,FALSE,gru,Greens,FALSE,GRÜNE,NA,NA,76.7,149
ni,Lower Saxony,0,7,1970,1970-06-14,FALSE,lin,Left,FALSE,DIE LINKE,NA,NA,76.7,149
ni,Lower Saxony,0,7,1970,1970-06-14,FALSE,afd,AfD,TRUE,AfD,NA,NA,76.7,149
ni,Lower Saxony,0,7,1970,1970-06-14,FALSE,pir,Other (named),FALSE,PIRATEN,NA,NA,76.7,149
ni,Lower Saxony,0,7,1970,1970-06-14,FALSE,srp,Far right (pre-AfD),TRUE,SRP,NA,NA,76.7,149
ni,Lower Saxony,0,7,1970,1970-06-14,FALSE,dp,Other (named),FALSE,"NLP/DP1, 4",NA,NA,76.7,149
ni,Lower Saxony,0,7,1970,1970-06-14,FALSE,bhe,Other (named),FALSE,BHE/GDP,NA,NA,76.7,149
ni,Lower Saxony,0,7,1970,1970-06-14,FALSE,dsp,Other (named),FALSE,DSP,NA,NA,76.7,149
ni,Lower Saxony,0,7,1970,1970-06-14,FALSE,rep,Far right (pre-AfD),TRUE,REP,NA,NA,76.7,149
ni,Lower Saxony,0,7,1970,1970-06-14,FALSE,oth,Other,FALSE,Sonstige,-3.1,NA,76.7,149
ni,Lower Saxony,0,8,1974,1974-06-09,FALSE,cdu,CDU/CSU,FALSE,CDU¹,48.8,77,84.4,155
ni,Lower Saxony,0,8,1974,1974-06-09,FALSE,spd,SPD,FALSE,SPD,43.1,67,84.4,155
ni,Lower Saxony,0,8,1974,1974-06-09,FALSE,fdp,FDP,FALSE,FDP,7,11,84.4,155
ni,Lower Saxony,0,8,1974,1974-06-09,FALSE,npd,Far right (pre-AfD),TRUE,DRP/NPD³,0.6,NA,84.4,155
ni,Lower Saxony,0,8,1974,1974-06-09,FALSE,kpd,KPD/DKP,FALSE,KPD/DKP²,0.4,NA,84.4,155
ni,Lower Saxony,0,8,1974,1974-06-09,FALSE,gru,Greens,FALSE,GRÜNE,NA,NA,84.4,155
ni,Lower Saxony,0,8,1974,1974-06-09,FALSE,lin,Left,FALSE,DIE LINKE,NA,NA,84.4,155
ni,Lower Saxony,0,8,1974,1974-06-09,FALSE,afd,AfD,TRUE,AfD,NA,NA,84.4,155
ni,Lower Saxony,0,8,1974,1974-06-09,FALSE,pir,Other (named),FALSE,PIRATEN,NA,NA,84.4,155
ni,Lower Saxony,0,8,1974,1974-06-09,FALSE,srp,Far right (pre-AfD),TRUE,SRP,NA,NA,84.4,155
ni,Lower Saxony,0,8,1974,1974-06-09,FALSE,dp,Other (named),FALSE,"NLP/DP1, 4",NA,NA,84.4,155
ni,Lower Saxony,0,8,1974,1974-06-09,FALSE,bhe,Other (named),FALSE,BHE/GDP,NA,NA,84.4,155
ni,Lower Saxony,0,8,1974,1974-06-09,FALSE,zentrum,Other (named),FALSE,Zentrum,NA,NA,84.4,155
ni,Lower Saxony,0,8,1974,1974-06-09,FALSE,dsp,Other (named),FALSE,DSP,NA,NA,84.4,155
ni,Lower Saxony,0,8,1974,1974-06-09,FALSE,rep,Far right (pre-AfD),TRUE,REP,NA,NA,84.4,155
ni,Lower Saxony,0,8,1974,1974-06-09,FALSE,oth,Other,FALSE,Sonstige,0.1,NA,84.4,155
ni,Lower Saxony,0,9,1978,1978-06-04,FALSE,cdu,CDU/CSU,FALSE,CDU¹,48.7,83,78.5,155
ni,Lower Saxony,0,9,1978,1978-06-04,FALSE,spd,SPD,FALSE,SPD,42.2,72,78.5,155
ni,Lower Saxony,0,9,1978,1978-06-04,FALSE,fdp,FDP,FALSE,FDP,4.2,NA,78.5,155
ni,Lower Saxony,0,9,1978,1978-06-04,FALSE,gru,Greens,FALSE,GRÜNE,3.9,NA,78.5,155
ni,Lower Saxony,0,9,1978,1978-06-04,FALSE,npd,Far right (pre-AfD),TRUE,DRP/NPD³,0.4,NA,78.5,155
ni,Lower Saxony,0,9,1978,1978-06-04,FALSE,kpd,KPD/DKP,FALSE,KPD/DKP²,0.3,NA,78.5,155
ni,Lower Saxony,0,9,1978,1978-06-04,FALSE,oth,Other,FALSE,Sonstige,0.3,NA,78.5,155
ni,Lower Saxony,0,9,1978,1978-06-04,FALSE,lin,Left,FALSE,DIE LINKE,NA,NA,78.5,155
ni,Lower Saxony,0,9,1978,1978-06-04,FALSE,afd,AfD,TRUE,AfD,NA,NA,78.5,155
ni,Lower Saxony,0,9,1978,1978-06-04,FALSE,pir,Other (named),FALSE,PIRATEN,NA,NA,78.5,155
ni,Lower Saxony,0,9,1978,1978-06-04,FALSE,srp,Far right (pre-AfD),TRUE,SRP,NA,NA,78.5,155
ni,Lower Saxony,0,9,1978,1978-06-04,FALSE,dp,Other (named),FALSE,"NLP/DP1, 4",NA,NA,78.5,155
ni,Lower Saxony,0,9,1978,1978-06-04,FALSE,bhe,Other (named),FALSE,BHE/GDP,NA,NA,78.5,155
ni,Lower Saxony,0,9,1978,1978-06-04,FALSE,zentrum,Other (named),FALSE,Zentrum,NA,NA,78.5,155
ni,Lower Saxony,0,9,1978,1978-06-04,FALSE,dsp,Other (named),FALSE,DSP,NA,NA,78.5,155
ni,Lower Saxony,0,9,1978,1978-06-04,FALSE,rep,Far right (pre-AfD),TRUE,REP,NA,NA,78.5,155
ni,Lower Saxony,0,10,1982,1982-03-21,FALSE,cdu,CDU/CSU,FALSE,CDU¹,50.7,87,77.7,171
ni,Lower Saxony,0,10,1982,1982-03-21,FALSE,spd,SPD,FALSE,SPD,36.5,63,77.7,171
ni,Lower Saxony,0,10,1982,1982-03-21,FALSE,gru,Greens,FALSE,GRÜNE,6.5,11,77.7,171
ni,Lower Saxony,0,10,1982,1982-03-21,FALSE,fdp,FDP,FALSE,FDP,5.9,10,77.7,171
ni,Lower Saxony,0,10,1982,1982-03-21,FALSE,kpd,KPD/DKP,FALSE,KPD/DKP²,0.3,NA,77.7,171
ni,Lower Saxony,0,10,1982,1982-03-21,FALSE,lin,Left,FALSE,DIE LINKE,NA,NA,77.7,171
ni,Lower Saxony,0,10,1982,1982-03-21,FALSE,afd,AfD,TRUE,AfD,NA,NA,77.7,171
ni,Lower Saxony,0,10,1982,1982-03-21,FALSE,npd,Far right (pre-AfD),TRUE,DRP/NPD³,NA,NA,77.7,171
ni,Lower Saxony,0,10,1982,1982-03-21,FALSE,pir,Other (named),FALSE,PIRATEN,NA,NA,77.7,171
ni,Lower Saxony,0,10,1982,1982-03-21,FALSE,srp,Far right (pre-AfD),TRUE,SRP,NA,NA,77.7,171
ni,Lower Saxony,0,10,1982,1982-03-21,FALSE,dp,Other (named),FALSE,"NLP/DP1, 4",NA,NA,77.7,171
ni,Lower Saxony,0,10,1982,1982-03-21,FALSE,bhe,Other (named),FALSE,BHE/GDP,NA,NA,77.7,171
ni,Lower Saxony,0,10,1982,1982-03-21,FALSE,zentrum,Other (named),FALSE,Zentrum,NA,NA,77.7,171
ni,Lower Saxony,0,10,1982,1982-03-21,FALSE,dsp,Other (named),FALSE,DSP,NA,NA,77.7,171
ni,Lower Saxony,0,10,1982,1982-03-21,FALSE,rep,Far right (pre-AfD),TRUE,REP,NA,NA,77.7,171
ni,Lower Saxony,0,10,1982,1982-03-21,FALSE,oth,Other,FALSE,Sonstige,0.1,NA,77.7,171
ni,Lower Saxony,0,11,1986,1986-06-15,FALSE,cdu,CDU/CSU,FALSE,CDU¹,44.3,69,77.3,155
ni,Lower Saxony,0,11,1986,1986-06-15,FALSE,spd,SPD,FALSE,SPD,42.1,66,77.3,155
ni,Lower Saxony,0,11,1986,1986-06-15,FALSE,gru,Greens,FALSE,GRÜNE,7.1,11,77.3,155
ni,Lower Saxony,0,11,1986,1986-06-15,FALSE,fdp,FDP,FALSE,FDP,6,9,77.3,155
ni,Lower Saxony,0,11,1986,1986-06-15,FALSE,oth,Other,FALSE,Sonstige,0.4,NA,77.3,155
ni,Lower Saxony,0,11,1986,1986-06-15,FALSE,kpd,KPD/DKP,FALSE,KPD/DKP²,0.1,NA,77.3,155
ni,Lower Saxony,0,11,1986,1986-06-15,FALSE,lin,Left,FALSE,DIE LINKE,NA,NA,77.3,155
ni,Lower Saxony,0,11,1986,1986-06-15,FALSE,afd,AfD,TRUE,AfD,NA,NA,77.3,155
ni,Lower Saxony,0,11,1986,1986-06-15,FALSE,npd,Far right (pre-AfD),TRUE,DRP/NPD³,NA,NA,77.3,155
ni,Lower Saxony,0,11,1986,1986-06-15,FALSE,pir,Other (named),FALSE,PIRATEN,NA,NA,77.3,155
ni,Lower Saxony,0,11,1986,1986-06-15,FALSE,srp,Far right (pre-AfD),TRUE,SRP,NA,NA,77.3,155
ni,Lower Saxony,0,11,1986,1986-06-15,FALSE,dp,Other (named),FALSE,"NLP/DP1, 4",NA,NA,77.3,155
ni,Lower Saxony,0,11,1986,1986-06-15,FALSE,bhe,Other (named),FALSE,BHE/GDP,NA,NA,77.3,155
ni,Lower Saxony,0,11,1986,1986-06-15,FALSE,zentrum,Other (named),FALSE,Zentrum,NA,NA,77.3,155
ni,Lower Saxony,0,11,1986,1986-06-15,FALSE,dsp,Other (named),FALSE,DSP,NA,NA,77.3,155
ni,Lower Saxony,0,11,1986,1986-06-15,FALSE,rep,Far right (pre-AfD),TRUE,REP,NA,NA,77.3,155
ni,Lower Saxony,0,12,1990,1990-05-13,FALSE,spd,SPD,FALSE,SPD,44.2,71,74.6,155
ni,Lower Saxony,0,12,1990,1990-05-13,FALSE,cdu,CDU/CSU,FALSE,CDU¹,42,67,74.6,155
ni,Lower Saxony,0,12,1990,1990-05-13,FALSE,fdp,FDP,FALSE,FDP,6,9,74.6,155
ni,Lower Saxony,0,12,1990,1990-05-13,FALSE,gru,Greens,FALSE,GRÜNE,5.5,8,74.6,155
ni,Lower Saxony,0,12,1990,1990-05-13,FALSE,rep,Far right (pre-AfD),TRUE,REP,1.5,NA,74.6,155
ni,Lower Saxony,0,12,1990,1990-05-13,FALSE,oth,Other,FALSE,Sonstige,0.6,NA,74.6,155
ni,Lower Saxony,0,12,1990,1990-05-13,FALSE,npd,Far right (pre-AfD),TRUE,DRP/NPD³,0.2,NA,74.6,155
ni,Lower Saxony,0,12,1990,1990-05-13,FALSE,lin,Left,FALSE,DIE LINKE,NA,NA,74.6,155
ni,Lower Saxony,0,12,1990,1990-05-13,FALSE,afd,AfD,TRUE,AfD,NA,NA,74.6,155
ni,Lower Saxony,0,12,1990,1990-05-13,FALSE,pir,Other (named),FALSE,PIRATEN,NA,NA,74.6,155
ni,Lower Saxony,0,12,1990,1990-05-13,FALSE,srp,Far right (pre-AfD),TRUE,SRP,NA,NA,74.6,155
ni,Lower Saxony,0,12,1990,1990-05-13,FALSE,dp,Other (named),FALSE,"NLP/DP1, 4",NA,NA,74.6,155
ni,Lower Saxony,0,12,1990,1990-05-13,FALSE,bhe,Other (named),FALSE,BHE/GDP,NA,NA,74.6,155
ni,Lower Saxony,0,12,1990,1990-05-13,FALSE,kpd,KPD/DKP,FALSE,KPD/DKP²,NA,NA,74.6,155
ni,Lower Saxony,0,12,1990,1990-05-13,FALSE,zentrum,Other (named),FALSE,Zentrum,NA,NA,74.6,155
ni,Lower Saxony,0,12,1990,1990-05-13,FALSE,dsp,Other (named),FALSE,DSP,NA,NA,74.6,155
ni,Lower Saxony,0,13,1994,1994-03-13,FALSE,spd,SPD,FALSE,SPD,44.3,81,73.8,161
ni,Lower Saxony,0,13,1994,1994-03-13,FALSE,cdu,CDU/CSU,FALSE,CDU¹,36.4,67,73.8,161
ni,Lower Saxony,0,13,1994,1994-03-13,FALSE,gru,Greens,FALSE,GRÜNE,7.4,13,73.8,161
ni,Lower Saxony,0,13,1994,1994-03-13,FALSE,fdp,FDP,FALSE,FDP,4.4,NA,73.8,161
ni,Lower Saxony,0,13,1994,1994-03-13,FALSE,oth,Other,FALSE,Sonstige,3.8,NA,73.8,161
ni,Lower Saxony,0,13,1994,1994-03-13,FALSE,rep,Far right (pre-AfD),TRUE,REP,3.7,NA,73.8,161
ni,Lower Saxony,0,13,1994,1994-03-13,FALSE,lin,Left,FALSE,DIE LINKE,NA,NA,73.8,161
ni,Lower Saxony,0,13,1994,1994-03-13,FALSE,afd,AfD,TRUE,AfD,NA,NA,73.8,161
ni,Lower Saxony,0,13,1994,1994-03-13,FALSE,npd,Far right (pre-AfD),TRUE,DRP/NPD³,NA,NA,73.8,161
ni,Lower Saxony,0,13,1994,1994-03-13,FALSE,pir,Other (named),FALSE,PIRATEN,NA,NA,73.8,161
ni,Lower Saxony,0,13,1994,1994-03-13,FALSE,srp,Far right (pre-AfD),TRUE,SRP,NA,NA,73.8,161
ni,Lower Saxony,0,13,1994,1994-03-13,FALSE,dp,Other (named),FALSE,"NLP/DP1, 4",NA,NA,73.8,161
ni,Lower Saxony,0,13,1994,1994-03-13,FALSE,bhe,Other (named),FALSE,BHE/GDP,NA,NA,73.8,161
ni,Lower Saxony,0,13,1994,1994-03-13,FALSE,kpd,KPD/DKP,FALSE,KPD/DKP²,NA,NA,73.8,161
ni,Lower Saxony,0,13,1994,1994-03-13,FALSE,zentrum,Other (named),FALSE,Zentrum,NA,NA,73.8,161
ni,Lower Saxony,0,13,1994,1994-03-13,FALSE,dsp,Other (named),FALSE,DSP,NA,NA,73.8,161
ni,Lower Saxony,0,14,1998,1998-03-01,FALSE,spd,SPD,FALSE,SPD,47.9,83,73.8,157
ni,Lower Saxony,0,14,1998,1998-03-01,FALSE,cdu,CDU/CSU,FALSE,CDU¹,35.9,62,73.8,157
ni,Lower Saxony,0,14,1998,1998-03-01,FALSE,gru,Greens,FALSE,GRÜNE,7,12,73.8,157
ni,Lower Saxony,0,14,1998,1998-03-01,FALSE,fdp,FDP,FALSE,FDP,4.9,NA,73.8,157
ni,Lower Saxony,0,14,1998,1998-03-01,FALSE,rep,Far right (pre-AfD),TRUE,REP,2.8,NA,73.8,157
ni,Lower Saxony,0,14,1998,1998-03-01,FALSE,oth,Other,FALSE,Sonstige,1.5,NA,73.8,157
ni,Lower Saxony,0,14,1998,1998-03-01,FALSE,lin,Left,FALSE,DIE LINKE,NA,NA,73.8,157
ni,Lower Saxony,0,14,1998,1998-03-01,FALSE,afd,AfD,TRUE,AfD,NA,NA,73.8,157
ni,Lower Saxony,0,14,1998,1998-03-01,FALSE,npd,Far right (pre-AfD),TRUE,DRP/NPD³,NA,NA,73.8,157
ni,Lower Saxony,0,14,1998,1998-03-01,FALSE,pir,Other (named),FALSE,PIRATEN,NA,NA,73.8,157
ni,Lower Saxony,0,14,1998,1998-03-01,FALSE,srp,Far right (pre-AfD),TRUE,SRP,NA,NA,73.8,157
ni,Lower Saxony,0,14,1998,1998-03-01,FALSE,dp,Other (named),FALSE,"NLP/DP1, 4",NA,NA,73.8,157
ni,Lower Saxony,0,14,1998,1998-03-01,FALSE,bhe,Other (named),FALSE,BHE/GDP,NA,NA,73.8,157
ni,Lower Saxony,0,14,1998,1998-03-01,FALSE,kpd,KPD/DKP,FALSE,KPD/DKP²,NA,NA,73.8,157
ni,Lower Saxony,0,14,1998,1998-03-01,FALSE,zentrum,Other (named),FALSE,Zentrum,NA,NA,73.8,157
ni,Lower Saxony,0,14,1998,1998-03-01,FALSE,dsp,Other (named),FALSE,DSP,NA,NA,73.8,157
ni,Lower Saxony,0,15,2003,2003-02-02,FALSE,cdu,CDU/CSU,FALSE,CDU¹,48.3,91,67,183
ni,Lower Saxony,0,15,2003,2003-02-02,FALSE,spd,SPD,FALSE,SPD,33.4,63,67,183
ni,Lower Saxony,0,15,2003,2003-02-02,FALSE,fdp,FDP,FALSE,FDP,8.1,15,67,183
ni,Lower Saxony,0,15,2003,2003-02-02,FALSE,gru,Greens,FALSE,GRÜNE,7.6,14,67,183
ni,Lower Saxony,0,15,2003,2003-02-02,FALSE,oth,Other,FALSE,Sonstige,1.6,NA,67,183
ni,Lower Saxony,0,15,2003,2003-02-02,FALSE,lin,Left,FALSE,DIE LINKE,0.5,NA,67,183
ni,Lower Saxony,0,15,2003,2003-02-02,FALSE,rep,Far right (pre-AfD),TRUE,REP,0.4,NA,67,183
ni,Lower Saxony,0,15,2003,2003-02-02,FALSE,afd,AfD,TRUE,AfD,NA,NA,67,183
ni,Lower Saxony,0,15,2003,2003-02-02,FALSE,npd,Far right (pre-AfD),TRUE,DRP/NPD³,NA,NA,67,183
ni,Lower Saxony,0,15,2003,2003-02-02,FALSE,pir,Other (named),FALSE,PIRATEN,NA,NA,67,183
ni,Lower Saxony,0,15,2003,2003-02-02,FALSE,srp,Far right (pre-AfD),TRUE,SRP,NA,NA,67,183
ni,Lower Saxony,0,15,2003,2003-02-02,FALSE,dp,Other (named),FALSE,"NLP/DP1, 4",NA,NA,67,183
ni,Lower Saxony,0,15,2003,2003-02-02,FALSE,bhe,Other (named),FALSE,BHE/GDP,NA,NA,67,183
ni,Lower Saxony,0,15,2003,2003-02-02,FALSE,kpd,KPD/DKP,FALSE,KPD/DKP²,NA,NA,67,183
ni,Lower Saxony,0,15,2003,2003-02-02,FALSE,zentrum,Other (named),FALSE,Zentrum,NA,NA,67,183
ni,Lower Saxony,0,15,2003,2003-02-02,FALSE,dsp,Other (named),FALSE,DSP,NA,NA,67,183
ni,Lower Saxony,0,16,2008,2008-01-27,FALSE,cdu,CDU/CSU,FALSE,CDU¹,42.5,68,57.1,152
ni,Lower Saxony,0,16,2008,2008-01-27,FALSE,spd,SPD,FALSE,SPD,30.3,48,57.1,152
ni,Lower Saxony,0,16,2008,2008-01-27,FALSE,fdp,FDP,FALSE,FDP,8.2,13,57.1,152
ni,Lower Saxony,0,16,2008,2008-01-27,FALSE,gru,Greens,FALSE,GRÜNE,8,12,57.1,152
ni,Lower Saxony,0,16,2008,2008-01-27,FALSE,lin,Left,FALSE,DIE LINKE,7.1,11,57.1,152
ni,Lower Saxony,0,16,2008,2008-01-27,FALSE,oth,Other,FALSE,Sonstige,2.4,NA,57.1,152
ni,Lower Saxony,0,16,2008,2008-01-27,FALSE,npd,Far right (pre-AfD),TRUE,DRP/NPD³,1.5,NA,57.1,152
ni,Lower Saxony,0,16,2008,2008-01-27,FALSE,afd,AfD,TRUE,AfD,NA,NA,57.1,152
ni,Lower Saxony,0,16,2008,2008-01-27,FALSE,pir,Other (named),FALSE,PIRATEN,NA,NA,57.1,152
ni,Lower Saxony,0,16,2008,2008-01-27,FALSE,srp,Far right (pre-AfD),TRUE,SRP,NA,NA,57.1,152
ni,Lower Saxony,0,16,2008,2008-01-27,FALSE,dp,Other (named),FALSE,"NLP/DP1, 4",NA,NA,57.1,152
ni,Lower Saxony,0,16,2008,2008-01-27,FALSE,bhe,Other (named),FALSE,BHE/GDP,NA,NA,57.1,152
ni,Lower Saxony,0,16,2008,2008-01-27,FALSE,kpd,KPD/DKP,FALSE,KPD/DKP²,NA,NA,57.1,152
ni,Lower Saxony,0,16,2008,2008-01-27,FALSE,zentrum,Other (named),FALSE,Zentrum,NA,NA,57.1,152
ni,Lower Saxony,0,16,2008,2008-01-27,FALSE,dsp,Other (named),FALSE,DSP,NA,NA,57.1,152
ni,Lower Saxony,0,16,2008,2008-01-27,FALSE,rep,Far right (pre-AfD),TRUE,REP,NA,NA,57.1,152
ni,Lower Saxony,0,17,2013,2013-01-20,FALSE,cdu,CDU/CSU,FALSE,CDU¹,36,54,59.4,137
ni,Lower Saxony,0,17,2013,2013-01-20,FALSE,spd,SPD,FALSE,SPD,32.6,49,59.4,137
ni,Lower Saxony,0,17,2013,2013-01-20,FALSE,gru,Greens,FALSE,GRÜNE,13.7,20,59.4,137
ni,Lower Saxony,0,17,2013,2013-01-20,FALSE,fdp,FDP,FALSE,FDP,9.9,14,59.4,137
ni,Lower Saxony,0,17,2013,2013-01-20,FALSE,lin,Left,FALSE,DIE LINKE,3.1,NA,59.4,137
ni,Lower Saxony,0,17,2013,2013-01-20,FALSE,oth,Other,FALSE,Sonstige,2.5,NA,59.4,137
ni,Lower Saxony,0,17,2013,2013-01-20,FALSE,pir,Other (named),FALSE,PIRATEN,2.1,NA,59.4,137
ni,Lower Saxony,0,17,2013,2013-01-20,FALSE,npd,Far right (pre-AfD),TRUE,DRP/NPD³,0.8,NA,59.4,137
ni,Lower Saxony,0,17,2013,2013-01-20,FALSE,afd,AfD,TRUE,AfD,NA,NA,59.4,137
ni,Lower Saxony,0,17,2013,2013-01-20,FALSE,srp,Far right (pre-AfD),TRUE,SRP,NA,NA,59.4,137
ni,Lower Saxony,0,17,2013,2013-01-20,FALSE,dp,Other (named),FALSE,"NLP/DP1, 4",NA,NA,59.4,137
ni,Lower Saxony,0,17,2013,2013-01-20,FALSE,bhe,Other (named),FALSE,BHE/GDP,NA,NA,59.4,137
ni,Lower Saxony,0,17,2013,2013-01-20,FALSE,kpd,KPD/DKP,FALSE,KPD/DKP²,NA,NA,59.4,137
ni,Lower Saxony,0,17,2013,2013-01-20,FALSE,zentrum,Other (named),FALSE,Zentrum,NA,NA,59.4,137
ni,Lower Saxony,0,17,2013,2013-01-20,FALSE,dsp,Other (named),FALSE,DSP,NA,NA,59.4,137
ni,Lower Saxony,0,17,2013,2013-01-20,FALSE,rep,Far right (pre-AfD),TRUE,REP,NA,NA,59.4,137
ni,Lower Saxony,0,18,2017,2017-10-15,FALSE,spd,SPD,FALSE,SPD,36.9,55,63.1,137
ni,Lower Saxony,0,18,2017,2017-10-15,FALSE,cdu,CDU/CSU,FALSE,CDU¹,33.6,50,63.1,137
ni,Lower Saxony,0,18,2017,2017-10-15,FALSE,gru,Greens,FALSE,GRÜNE,8.7,12,63.1,137
ni,Lower Saxony,0,18,2017,2017-10-15,FALSE,fdp,FDP,FALSE,FDP,7.5,11,63.1,137
ni,Lower Saxony,0,18,2017,2017-10-15,FALSE,afd,AfD,TRUE,AfD,6.2,9,63.1,137
ni,Lower Saxony,0,18,2017,2017-10-15,FALSE,lin,Left,FALSE,DIE LINKE,4.6,NA,63.1,137
ni,Lower Saxony,0,18,2017,2017-10-15,FALSE,oth,Other,FALSE,Sonstige,2.2,NA,63.1,137
ni,Lower Saxony,0,18,2017,2017-10-15,FALSE,pir,Other (named),FALSE,PIRATEN,0.2,NA,63.1,137
ni,Lower Saxony,0,18,2017,2017-10-15,FALSE,npd,Far right (pre-AfD),TRUE,DRP/NPD³,NA,NA,63.1,137
ni,Lower Saxony,0,18,2017,2017-10-15,FALSE,srp,Far right (pre-AfD),TRUE,SRP,NA,NA,63.1,137
ni,Lower Saxony,0,18,2017,2017-10-15,FALSE,dp,Other (named),FALSE,"NLP/DP1, 4",NA,NA,63.1,137
ni,Lower Saxony,0,18,2017,2017-10-15,FALSE,bhe,Other (named),FALSE,BHE/GDP,NA,NA,63.1,137
ni,Lower Saxony,0,18,2017,2017-10-15,FALSE,kpd,KPD/DKP,FALSE,KPD/DKP²,NA,NA,63.1,137
ni,Lower Saxony,0,18,2017,2017-10-15,FALSE,zentrum,Other (named),FALSE,Zentrum,NA,NA,63.1,137
ni,Lower Saxony,0,18,2017,2017-10-15,FALSE,dsp,Other (named),FALSE,DSP,NA,NA,63.1,137
ni,Lower Saxony,0,18,2017,2017-10-15,FALSE,rep,Far right (pre-AfD),TRUE,REP,NA,NA,63.1,137
ni,Lower Saxony,0,19,2022,2022-10-09,TRUE,spd,SPD,FALSE,SPD,33.4,57,60.3,146
ni,Lower Saxony,0,19,2022,2022-10-09,TRUE,cdu,CDU/CSU,FALSE,CDU¹,28.1,47,60.3,146
ni,Lower Saxony,0,19,2022,2022-10-09,TRUE,gru,Greens,FALSE,GRÜNE,14.5,24,60.3,146
ni,Lower Saxony,0,19,2022,2022-10-09,TRUE,afd,AfD,TRUE,AfD,10.9,18,60.3,146
ni,Lower Saxony,0,19,2022,2022-10-09,TRUE,oth,Other,FALSE,Sonstige,5.2,NA,60.3,146
ni,Lower Saxony,0,19,2022,2022-10-09,TRUE,fdp,FDP,FALSE,FDP,4.7,NA,60.3,146
ni,Lower Saxony,0,19,2022,2022-10-09,TRUE,lin,Left,FALSE,DIE LINKE,2.7,NA,60.3,146
ni,Lower Saxony,0,19,2022,2022-10-09,TRUE,pir,Other (named),FALSE,PIRATEN,0.4,NA,60.3,146
ni,Lower Saxony,0,19,2022,2022-10-09,TRUE,npd,Far right (pre-AfD),TRUE,DRP/NPD³,NA,NA,60.3,146
ni,Lower Saxony,0,19,2022,2022-10-09,TRUE,srp,Far right (pre-AfD),TRUE,SRP,NA,NA,60.3,146
ni,Lower Saxony,0,19,2022,2022-10-09,TRUE,dp,Other (named),FALSE,"NLP/DP1, 4",NA,NA,60.3,146
ni,Lower Saxony,0,19,2022,2022-10-09,TRUE,bhe,Other (named),FALSE,BHE/GDP,NA,NA,60.3,146
ni,Lower Saxony,0,19,2022,2022-10-09,TRUE,kpd,KPD/DKP,FALSE,KPD/DKP²,NA,NA,60.3,146
ni,Lower Saxony,0,19,2022,2022-10-09,TRUE,zentrum,Other (named),FALSE,Zentrum,NA,NA,60.3,146
ni,Lower Saxony,0,19,2022,2022-10-09,TRUE,dsp,Other (named),FALSE,DSP,NA,NA,60.3,146
ni,Lower Saxony,0,19,2022,2022-10-09,TRUE,rep,Far right (pre-AfD),TRUE,REP,NA,NA,60.3,146
nw,North Rhine-Westphalia,0,1,1947,1947-04-20,FALSE,cdu,CDU/CSU,FALSE,CDU,37.6,92,67.3,216
nw,North Rhine-Westphalia,0,1,1947,1947-04-20,FALSE,spd,SPD,FALSE,SPD,32,64,67.3,216
nw,North Rhine-Westphalia,0,1,1947,1947-04-20,FALSE,kpd,KPD/DKP,FALSE,KPD/DKP²,14,28,67.3,216
nw,North Rhine-Westphalia,0,1,1947,1947-04-20,FALSE,zentrum,Other (named),FALSE,Zentrum,9.8,20,67.3,216
nw,North Rhine-Westphalia,0,1,1947,1947-04-20,FALSE,fdp,FDP,FALSE,FDP,5.9,12,67.3,216
nw,North Rhine-Westphalia,0,1,1947,1947-04-20,FALSE,oth,Other,FALSE,Sonstige,0.7,NA,67.3,216
nw,North Rhine-Westphalia,0,1,1947,1947-04-20,FALSE,gru,Greens,FALSE,GRÜNE,NA,NA,67.3,216
nw,North Rhine-Westphalia,0,1,1947,1947-04-20,FALSE,lin,Left,FALSE,DIE LINKE¹,NA,NA,67.3,216
nw,North Rhine-Westphalia,0,1,1947,1947-04-20,FALSE,pir,Other (named),FALSE,PIRATEN,NA,NA,67.3,216
nw,North Rhine-Westphalia,0,1,1947,1947-04-20,FALSE,afd,AfD,TRUE,AfD,NA,NA,67.3,216
nw,North Rhine-Westphalia,0,1,1947,1947-04-20,FALSE,npd,Far right (pre-AfD),TRUE,NPD,NA,NA,67.3,216
nw,North Rhine-Westphalia,0,1,1947,1947-04-20,FALSE,rep,Far right (pre-AfD),TRUE,REP,NA,NA,67.3,216
nw,North Rhine-Westphalia,0,2,1950,1950-06-18,FALSE,cdu,CDU/CSU,FALSE,CDU,36.9,93,72.3,215
nw,North Rhine-Westphalia,0,2,1950,1950-06-18,FALSE,spd,SPD,FALSE,SPD,32.3,68,72.3,215
nw,North Rhine-Westphalia,0,2,1950,1950-06-18,FALSE,fdp,FDP,FALSE,FDP,12.1,26,72.3,215
nw,North Rhine-Westphalia,0,2,1950,1950-06-18,FALSE,zentrum,Other (named),FALSE,Zentrum,7.5,16,72.3,215
nw,North Rhine-Westphalia,0,2,1950,1950-06-18,FALSE,oth,Other,FALSE,Sonstige,5.7,NA,72.3,215
nw,North Rhine-Westphalia,0,2,1950,1950-06-18,FALSE,kpd,KPD/DKP,FALSE,KPD/DKP²,5.5,12,72.3,215
nw,North Rhine-Westphalia,0,2,1950,1950-06-18,FALSE,gru,Greens,FALSE,GRÜNE,NA,NA,72.3,215
nw,North Rhine-Westphalia,0,2,1950,1950-06-18,FALSE,lin,Left,FALSE,DIE LINKE¹,NA,NA,72.3,215
nw,North Rhine-Westphalia,0,2,1950,1950-06-18,FALSE,pir,Other (named),FALSE,PIRATEN,NA,NA,72.3,215
nw,North Rhine-Westphalia,0,2,1950,1950-06-18,FALSE,afd,AfD,TRUE,AfD,NA,NA,72.3,215
nw,North Rhine-Westphalia,0,2,1950,1950-06-18,FALSE,npd,Far right (pre-AfD),TRUE,NPD,NA,NA,72.3,215
nw,North Rhine-Westphalia,0,2,1950,1950-06-18,FALSE,rep,Far right (pre-AfD),TRUE,REP,NA,NA,72.3,215
nw,North Rhine-Westphalia,0,3,1954,1954-06-27,FALSE,cdu,CDU/CSU,FALSE,CDU,41.3,90,72.6,200
nw,North Rhine-Westphalia,0,3,1954,1954-06-27,FALSE,spd,SPD,FALSE,SPD,34.5,76,72.6,200
nw,North Rhine-Westphalia,0,3,1954,1954-06-27,FALSE,fdp,FDP,FALSE,FDP,11.5,25,72.6,200
nw,North Rhine-Westphalia,0,3,1954,1954-06-27,FALSE,oth,Other,FALSE,Sonstige,4.9,NA,72.6,200
nw,North Rhine-Westphalia,0,3,1954,1954-06-27,FALSE,zentrum,Other (named),FALSE,Zentrum,4,9,72.6,200
nw,North Rhine-Westphalia,0,3,1954,1954-06-27,FALSE,kpd,KPD/DKP,FALSE,KPD/DKP²,3.8,NA,72.6,200
nw,North Rhine-Westphalia,0,3,1954,1954-06-27,FALSE,gru,Greens,FALSE,GRÜNE,NA,NA,72.6,200
nw,North Rhine-Westphalia,0,3,1954,1954-06-27,FALSE,lin,Left,FALSE,DIE LINKE¹,NA,NA,72.6,200
nw,North Rhine-Westphalia,0,3,1954,1954-06-27,FALSE,pir,Other (named),FALSE,PIRATEN,NA,NA,72.6,200
nw,North Rhine-Westphalia,0,3,1954,1954-06-27,FALSE,afd,AfD,TRUE,AfD,NA,NA,72.6,200
nw,North Rhine-Westphalia,0,3,1954,1954-06-27,FALSE,npd,Far right (pre-AfD),TRUE,NPD,NA,NA,72.6,200
nw,North Rhine-Westphalia,0,3,1954,1954-06-27,FALSE,rep,Far right (pre-AfD),TRUE,REP,NA,NA,72.6,200
nw,North Rhine-Westphalia,0,4,1958,1958-07-06,FALSE,cdu,CDU/CSU,FALSE,CDU,50.5,104,76.6,200
nw,North Rhine-Westphalia,0,4,1958,1958-07-06,FALSE,spd,SPD,FALSE,SPD,39.2,81,76.6,200
nw,North Rhine-Westphalia,0,4,1958,1958-07-06,FALSE,fdp,FDP,FALSE,FDP,7.1,15,76.6,200
nw,North Rhine-Westphalia,0,4,1958,1958-07-06,FALSE,oth,Other,FALSE,Sonstige,2.2,NA,76.6,200
nw,North Rhine-Westphalia,0,4,1958,1958-07-06,FALSE,zentrum,Other (named),FALSE,Zentrum,1,NA,76.6,200
nw,North Rhine-Westphalia,0,4,1958,1958-07-06,FALSE,gru,Greens,FALSE,GRÜNE,NA,NA,76.6,200
nw,North Rhine-Westphalia,0,4,1958,1958-07-06,FALSE,lin,Left,FALSE,DIE LINKE¹,NA,NA,76.6,200
nw,North Rhine-Westphalia,0,4,1958,1958-07-06,FALSE,pir,Other (named),FALSE,PIRATEN,NA,NA,76.6,200
nw,North Rhine-Westphalia,0,4,1958,1958-07-06,FALSE,afd,AfD,TRUE,AfD,NA,NA,76.6,200
nw,North Rhine-Westphalia,0,4,1958,1958-07-06,FALSE,npd,Far right (pre-AfD),TRUE,NPD,NA,NA,76.6,200
nw,North Rhine-Westphalia,0,4,1958,1958-07-06,FALSE,kpd,KPD/DKP,FALSE,KPD/DKP²,NA,NA,76.6,200
nw,North Rhine-Westphalia,0,4,1958,1958-07-06,FALSE,rep,Far right (pre-AfD),TRUE,REP,NA,NA,76.6,200
nw,North Rhine-Westphalia,0,5,1962,1962-07-08,FALSE,cdu,CDU/CSU,FALSE,CDU,46.4,96,73.4,200
nw,North Rhine-Westphalia,0,5,1962,1962-07-08,FALSE,spd,SPD,FALSE,SPD,43.3,90,73.4,200
nw,North Rhine-Westphalia,0,5,1962,1962-07-08,FALSE,fdp,FDP,FALSE,FDP,6.8,14,73.4,200
nw,North Rhine-Westphalia,0,5,1962,1962-07-08,FALSE,oth,Other,FALSE,Sonstige,2.6,NA,73.4,200
nw,North Rhine-Westphalia,0,5,1962,1962-07-08,FALSE,zentrum,Other (named),FALSE,Zentrum,0.9,NA,73.4,200
nw,North Rhine-Westphalia,0,5,1962,1962-07-08,FALSE,gru,Greens,FALSE,GRÜNE,NA,NA,73.4,200
nw,North Rhine-Westphalia,0,5,1962,1962-07-08,FALSE,lin,Left,FALSE,DIE LINKE¹,NA,NA,73.4,200
nw,North Rhine-Westphalia,0,5,1962,1962-07-08,FALSE,pir,Other (named),FALSE,PIRATEN,NA,NA,73.4,200
nw,North Rhine-Westphalia,0,5,1962,1962-07-08,FALSE,afd,AfD,TRUE,AfD,NA,NA,73.4,200
nw,North Rhine-Westphalia,0,5,1962,1962-07-08,FALSE,npd,Far right (pre-AfD),TRUE,NPD,NA,NA,73.4,200
nw,North Rhine-Westphalia,0,5,1962,1962-07-08,FALSE,kpd,KPD/DKP,FALSE,KPD/DKP²,NA,NA,73.4,200
nw,North Rhine-Westphalia,0,5,1962,1962-07-08,FALSE,rep,Far right (pre-AfD),TRUE,REP,NA,NA,73.4,200
nw,North Rhine-Westphalia,0,6,1966,1966-07-10,FALSE,spd,SPD,FALSE,SPD,49.5,99,76.5,200
nw,North Rhine-Westphalia,0,6,1966,1966-07-10,FALSE,cdu,CDU/CSU,FALSE,CDU,42.8,86,76.5,200
nw,North Rhine-Westphalia,0,6,1966,1966-07-10,FALSE,fdp,FDP,FALSE,FDP,7.4,15,76.5,200
nw,North Rhine-Westphalia,0,6,1966,1966-07-10,FALSE,zentrum,Other (named),FALSE,Zentrum,0.2,NA,76.5,200
nw,North Rhine-Westphalia,0,6,1966,1966-07-10,FALSE,oth,Other,FALSE,Sonstige,0.1,NA,76.5,200
nw,North Rhine-Westphalia,0,6,1966,1966-07-10,FALSE,gru,Greens,FALSE,GRÜNE,NA,NA,76.5,200
nw,North Rhine-Westphalia,0,6,1966,1966-07-10,FALSE,lin,Left,FALSE,DIE LINKE¹,NA,NA,76.5,200
nw,North Rhine-Westphalia,0,6,1966,1966-07-10,FALSE,pir,Other (named),FALSE,PIRATEN,NA,NA,76.5,200
nw,North Rhine-Westphalia,0,6,1966,1966-07-10,FALSE,afd,AfD,TRUE,AfD,NA,NA,76.5,200
nw,North Rhine-Westphalia,0,6,1966,1966-07-10,FALSE,npd,Far right (pre-AfD),TRUE,NPD,NA,NA,76.5,200
nw,North Rhine-Westphalia,0,6,1966,1966-07-10,FALSE,kpd,KPD/DKP,FALSE,KPD/DKP²,NA,NA,76.5,200
nw,North Rhine-Westphalia,0,6,1966,1966-07-10,FALSE,rep,Far right (pre-AfD),TRUE,REP,NA,NA,76.5,200
nw,North Rhine-Westphalia,0,7,1970,1970-06-14,FALSE,cdu,CDU/CSU,FALSE,CDU,46.3,95,73.5,200
nw,North Rhine-Westphalia,0,7,1970,1970-06-14,FALSE,spd,SPD,FALSE,SPD,46.1,94,73.5,200
nw,North Rhine-Westphalia,0,7,1970,1970-06-14,FALSE,fdp,FDP,FALSE,FDP,5.5,11,73.5,200
nw,North Rhine-Westphalia,0,7,1970,1970-06-14,FALSE,npd,Far right (pre-AfD),TRUE,NPD,1.1,NA,73.5,200
nw,North Rhine-Westphalia,0,7,1970,1970-06-14,FALSE,kpd,KPD/DKP,FALSE,KPD/DKP²,0.9,NA,73.5,200
nw,North Rhine-Westphalia,0,7,1970,1970-06-14,FALSE,zentrum,Other (named),FALSE,Zentrum,0.1,NA,73.5,200
nw,North Rhine-Westphalia,0,7,1970,1970-06-14,FALSE,gru,Greens,FALSE,GRÜNE,NA,NA,73.5,200
nw,North Rhine-Westphalia,0,7,1970,1970-06-14,FALSE,lin,Left,FALSE,DIE LINKE¹,NA,NA,73.5,200
nw,North Rhine-Westphalia,0,7,1970,1970-06-14,FALSE,pir,Other (named),FALSE,PIRATEN,NA,NA,73.5,200
nw,North Rhine-Westphalia,0,7,1970,1970-06-14,FALSE,afd,AfD,TRUE,AfD,NA,NA,73.5,200
nw,North Rhine-Westphalia,0,7,1970,1970-06-14,FALSE,rep,Far right (pre-AfD),TRUE,REP,NA,NA,73.5,200
nw,North Rhine-Westphalia,0,7,1970,1970-06-14,FALSE,oth,Other,FALSE,Sonstige,0,NA,73.5,200
nw,North Rhine-Westphalia,0,8,1975,1975-05-04,FALSE,cdu,CDU/CSU,FALSE,CDU,47.1,95,86.1,200
nw,North Rhine-Westphalia,0,8,1975,1975-05-04,FALSE,spd,SPD,FALSE,SPD,45.1,91,86.1,200
nw,North Rhine-Westphalia,0,8,1975,1975-05-04,FALSE,fdp,FDP,FALSE,FDP,6.7,14,86.1,200
nw,North Rhine-Westphalia,0,8,1975,1975-05-04,FALSE,kpd,KPD/DKP,FALSE,KPD/DKP²,0.5,NA,86.1,200
nw,North Rhine-Westphalia,0,8,1975,1975-05-04,FALSE,npd,Far right (pre-AfD),TRUE,NPD,0.4,NA,86.1,200
nw,North Rhine-Westphalia,0,8,1975,1975-05-04,FALSE,oth,Other,FALSE,Sonstige,0.2,NA,86.1,200
nw,North Rhine-Westphalia,0,8,1975,1975-05-04,FALSE,gru,Greens,FALSE,GRÜNE,NA,NA,86.1,200
nw,North Rhine-Westphalia,0,8,1975,1975-05-04,FALSE,lin,Left,FALSE,DIE LINKE¹,NA,NA,86.1,200
nw,North Rhine-Westphalia,0,8,1975,1975-05-04,FALSE,pir,Other (named),FALSE,PIRATEN,NA,NA,86.1,200
nw,North Rhine-Westphalia,0,8,1975,1975-05-04,FALSE,afd,AfD,TRUE,AfD,NA,NA,86.1,200
nw,North Rhine-Westphalia,0,8,1975,1975-05-04,FALSE,zentrum,Other (named),FALSE,Zentrum,NA,NA,86.1,200
nw,North Rhine-Westphalia,0,8,1975,1975-05-04,FALSE,rep,Far right (pre-AfD),TRUE,REP,NA,NA,86.1,200
nw,North Rhine-Westphalia,0,9,1980,1980-05-11,FALSE,spd,SPD,FALSE,SPD,48.4,106,80,201
nw,North Rhine-Westphalia,0,9,1980,1980-05-11,FALSE,cdu,CDU/CSU,FALSE,CDU,43.2,95,80,201
nw,North Rhine-Westphalia,0,9,1980,1980-05-11,FALSE,fdp,FDP,FALSE,FDP,4.98,NA,80,201
nw,North Rhine-Westphalia,0,9,1980,1980-05-11,FALSE,gru,Greens,FALSE,GRÜNE,3,NA,80,201
nw,North Rhine-Westphalia,0,9,1980,1980-05-11,FALSE,kpd,KPD/DKP,FALSE,KPD/DKP²,0.3,NA,80,201
nw,North Rhine-Westphalia,0,9,1980,1980-05-11,FALSE,oth,Other,FALSE,Sonstige,0.1,NA,80,201
nw,North Rhine-Westphalia,0,9,1980,1980-05-11,FALSE,lin,Left,FALSE,DIE LINKE¹,NA,NA,80,201
nw,North Rhine-Westphalia,0,9,1980,1980-05-11,FALSE,pir,Other (named),FALSE,PIRATEN,NA,NA,80,201
nw,North Rhine-Westphalia,0,9,1980,1980-05-11,FALSE,afd,AfD,TRUE,AfD,NA,NA,80,201
nw,North Rhine-Westphalia,0,9,1980,1980-05-11,FALSE,npd,Far right (pre-AfD),TRUE,NPD,NA,NA,80,201
nw,North Rhine-Westphalia,0,9,1980,1980-05-11,FALSE,zentrum,Other (named),FALSE,Zentrum,NA,NA,80,201
nw,North Rhine-Westphalia,0,9,1980,1980-05-11,FALSE,rep,Far right (pre-AfD),TRUE,REP,NA,NA,80,201
nw,North Rhine-Westphalia,0,10,1985,1985-05-12,FALSE,spd,SPD,FALSE,SPD,52.1,125,75.2,227
nw,North Rhine-Westphalia,0,10,1985,1985-05-12,FALSE,cdu,CDU/CSU,FALSE,CDU,36.5,88,75.2,227
nw,North Rhine-Westphalia,0,10,1985,1985-05-12,FALSE,fdp,FDP,FALSE,FDP,6,14,75.2,227
nw,North Rhine-Westphalia,0,10,1985,1985-05-12,FALSE,gru,Greens,FALSE,GRÜNE,4.6,NA,75.2,227
nw,North Rhine-Westphalia,0,10,1985,1985-05-12,FALSE,oth,Other,FALSE,Sonstige,0.8,NA,75.2,227
nw,North Rhine-Westphalia,0,10,1985,1985-05-12,FALSE,lin,Left,FALSE,DIE LINKE¹,NA,NA,75.2,227
nw,North Rhine-Westphalia,0,10,1985,1985-05-12,FALSE,pir,Other (named),FALSE,PIRATEN,NA,NA,75.2,227
nw,North Rhine-Westphalia,0,10,1985,1985-05-12,FALSE,afd,AfD,TRUE,AfD,NA,NA,75.2,227
nw,North Rhine-Westphalia,0,10,1985,1985-05-12,FALSE,npd,Far right (pre-AfD),TRUE,NPD,NA,NA,75.2,227
nw,North Rhine-Westphalia,0,10,1985,1985-05-12,FALSE,kpd,KPD/DKP,FALSE,KPD/DKP²,NA,NA,75.2,227
nw,North Rhine-Westphalia,0,10,1985,1985-05-12,FALSE,zentrum,Other (named),FALSE,Zentrum,NA,NA,75.2,227
nw,North Rhine-Westphalia,0,10,1985,1985-05-12,FALSE,rep,Far right (pre-AfD),TRUE,REP,NA,NA,75.2,227
nw,North Rhine-Westphalia,0,11,1990,1990-05-13,FALSE,spd,SPD,FALSE,SPD,50,123,71.8,239
nw,North Rhine-Westphalia,0,11,1990,1990-05-13,FALSE,cdu,CDU/CSU,FALSE,CDU,36.7,90,71.8,239
nw,North Rhine-Westphalia,0,11,1990,1990-05-13,FALSE,fdp,FDP,FALSE,FDP,5.8,14,71.8,239
nw,North Rhine-Westphalia,0,11,1990,1990-05-13,FALSE,gru,Greens,FALSE,GRÜNE,5,12,71.8,239
nw,North Rhine-Westphalia,0,11,1990,1990-05-13,FALSE,rep,Far right (pre-AfD),TRUE,REP,1.8,NA,71.8,239
nw,North Rhine-Westphalia,0,11,1990,1990-05-13,FALSE,oth,Other,FALSE,Sonstige,0.7,NA,71.8,239
nw,North Rhine-Westphalia,0,11,1990,1990-05-13,FALSE,lin,Left,FALSE,DIE LINKE¹,NA,NA,71.8,239
nw,North Rhine-Westphalia,0,11,1990,1990-05-13,FALSE,pir,Other (named),FALSE,PIRATEN,NA,NA,71.8,239
nw,North Rhine-Westphalia,0,11,1990,1990-05-13,FALSE,afd,AfD,TRUE,AfD,NA,NA,71.8,239
nw,North Rhine-Westphalia,0,11,1990,1990-05-13,FALSE,npd,Far right (pre-AfD),TRUE,NPD,NA,NA,71.8,239
nw,North Rhine-Westphalia,0,11,1990,1990-05-13,FALSE,kpd,KPD/DKP,FALSE,KPD/DKP²,NA,NA,71.8,239
nw,North Rhine-Westphalia,0,11,1990,1990-05-13,FALSE,zentrum,Other (named),FALSE,Zentrum,NA,NA,71.8,239
nw,North Rhine-Westphalia,0,12,1995,1995-05-14,FALSE,spd,SPD,FALSE,SPD,46,108,64,221
nw,North Rhine-Westphalia,0,12,1995,1995-05-14,FALSE,cdu,CDU/CSU,FALSE,CDU,37.7,89,64,221
nw,North Rhine-Westphalia,0,12,1995,1995-05-14,FALSE,gru,Greens,FALSE,GRÜNE,10,24,64,221
nw,North Rhine-Westphalia,0,12,1995,1995-05-14,FALSE,fdp,FDP,FALSE,FDP,4,NA,64,221
nw,North Rhine-Westphalia,0,12,1995,1995-05-14,FALSE,oth,Other,FALSE,Sonstige,1.4,NA,64,221
nw,North Rhine-Westphalia,0,12,1995,1995-05-14,FALSE,rep,Far right (pre-AfD),TRUE,REP,0.8,NA,64,221
nw,North Rhine-Westphalia,0,12,1995,1995-05-14,FALSE,zentrum,Other (named),FALSE,Zentrum,0.1,NA,64,221
nw,North Rhine-Westphalia,0,12,1995,1995-05-14,FALSE,lin,Left,FALSE,DIE LINKE¹,NA,NA,64,221
nw,North Rhine-Westphalia,0,12,1995,1995-05-14,FALSE,pir,Other (named),FALSE,PIRATEN,NA,NA,64,221
nw,North Rhine-Westphalia,0,12,1995,1995-05-14,FALSE,afd,AfD,TRUE,AfD,NA,NA,64,221
nw,North Rhine-Westphalia,0,12,1995,1995-05-14,FALSE,npd,Far right (pre-AfD),TRUE,NPD,NA,NA,64,221
nw,North Rhine-Westphalia,0,12,1995,1995-05-14,FALSE,kpd,KPD/DKP,FALSE,KPD/DKP²,NA,NA,64,221
nw,North Rhine-Westphalia,0,13,2000,2000-05-14,FALSE,spd,SPD,FALSE,SPD,42.8,102,56.7,231
nw,North Rhine-Westphalia,0,13,2000,2000-05-14,FALSE,cdu,CDU/CSU,FALSE,CDU,37,88,56.7,231
nw,North Rhine-Westphalia,0,13,2000,2000-05-14,FALSE,fdp,FDP,FALSE,FDP,9.8,24,56.7,231
nw,North Rhine-Westphalia,0,13,2000,2000-05-14,FALSE,gru,Greens,FALSE,GRÜNE,7.1,17,56.7,231
nw,North Rhine-Westphalia,0,13,2000,2000-05-14,FALSE,lin,Left,FALSE,DIE LINKE¹,1.1,NA,56.7,231
nw,North Rhine-Westphalia,0,13,2000,2000-05-14,FALSE,rep,Far right (pre-AfD),TRUE,REP,1.1,NA,56.7,231
nw,North Rhine-Westphalia,0,13,2000,2000-05-14,FALSE,oth,Other,FALSE,Sonstige,1,NA,56.7,231
nw,North Rhine-Westphalia,0,13,2000,2000-05-14,FALSE,npd,Far right (pre-AfD),TRUE,NPD,0,NA,56.7,231
nw,North Rhine-Westphalia,0,13,2000,2000-05-14,FALSE,pir,Other (named),FALSE,PIRATEN,NA,NA,56.7,231
nw,North Rhine-Westphalia,0,13,2000,2000-05-14,FALSE,afd,AfD,TRUE,AfD,NA,NA,56.7,231
nw,North Rhine-Westphalia,0,13,2000,2000-05-14,FALSE,kpd,KPD/DKP,FALSE,KPD/DKP²,NA,NA,56.7,231
nw,North Rhine-Westphalia,0,13,2000,2000-05-14,FALSE,zentrum,Other (named),FALSE,Zentrum,NA,NA,56.7,231
nw,North Rhine-Westphalia,0,14,2005,2005-05-22,FALSE,cdu,CDU/CSU,FALSE,CDU,44.8,89,63,187
nw,North Rhine-Westphalia,0,14,2005,2005-05-22,FALSE,spd,SPD,FALSE,SPD,37.1,74,63,187
nw,North Rhine-Westphalia,0,14,2005,2005-05-22,FALSE,fdp,FDP,FALSE,FDP,6.2,12,63,187
nw,North Rhine-Westphalia,0,14,2005,2005-05-22,FALSE,gru,Greens,FALSE,GRÜNE,6.2,12,63,187
nw,North Rhine-Westphalia,0,14,2005,2005-05-22,FALSE,oth,Other,FALSE,Sonstige,3.1,NA,63,187
nw,North Rhine-Westphalia,0,14,2005,2005-05-22,FALSE,lin,Left,FALSE,DIE LINKE¹,0.9,NA,63,187
nw,North Rhine-Westphalia,0,14,2005,2005-05-22,FALSE,npd,Far right (pre-AfD),TRUE,NPD,0.9,NA,63,187
nw,North Rhine-Westphalia,0,14,2005,2005-05-22,FALSE,rep,Far right (pre-AfD),TRUE,REP,0.8,NA,63,187
nw,North Rhine-Westphalia,0,14,2005,2005-05-22,FALSE,zentrum,Other (named),FALSE,Zentrum,0,NA,63,187
nw,North Rhine-Westphalia,0,14,2005,2005-05-22,FALSE,pir,Other (named),FALSE,PIRATEN,NA,NA,63,187
nw,North Rhine-Westphalia,0,14,2005,2005-05-22,FALSE,afd,AfD,TRUE,AfD,NA,NA,63,187
nw,North Rhine-Westphalia,0,14,2005,2005-05-22,FALSE,kpd,KPD/DKP,FALSE,KPD/DKP²,NA,NA,63,187
nw,North Rhine-Westphalia,0,15,2010,2010-05-09,FALSE,cdu,CDU/CSU,FALSE,CDU,34.6,67,59.3,181
nw,North Rhine-Westphalia,0,15,2010,2010-05-09,FALSE,spd,SPD,FALSE,SPD,34.5,67,59.3,181
nw,North Rhine-Westphalia,0,15,2010,2010-05-09,FALSE,gru,Greens,FALSE,GRÜNE,12.1,23,59.3,181
nw,North Rhine-Westphalia,0,15,2010,2010-05-09,FALSE,fdp,FDP,FALSE,FDP,6.7,13,59.3,181
nw,North Rhine-Westphalia,0,15,2010,2010-05-09,FALSE,lin,Left,FALSE,DIE LINKE¹,5.6,11,59.3,181
nw,North Rhine-Westphalia,0,15,2010,2010-05-09,FALSE,oth,Other,FALSE,Sonstige,3.8,NA,59.3,181
nw,North Rhine-Westphalia,0,15,2010,2010-05-09,FALSE,pir,Other (named),FALSE,PIRATEN,1.6,NA,59.3,181
nw,North Rhine-Westphalia,0,15,2010,2010-05-09,FALSE,npd,Far right (pre-AfD),TRUE,NPD,0.7,NA,59.3,181
nw,North Rhine-Westphalia,0,15,2010,2010-05-09,FALSE,rep,Far right (pre-AfD),TRUE,REP,0.3,NA,59.3,181
nw,North Rhine-Westphalia,0,15,2010,2010-05-09,FALSE,zentrum,Other (named),FALSE,Zentrum,0.1,NA,59.3,181
nw,North Rhine-Westphalia,0,15,2010,2010-05-09,FALSE,afd,AfD,TRUE,AfD,NA,NA,59.3,181
nw,North Rhine-Westphalia,0,15,2010,2010-05-09,FALSE,kpd,KPD/DKP,FALSE,KPD/DKP²,NA,NA,59.3,181
nw,North Rhine-Westphalia,0,16,2012,2012-05-13,FALSE,spd,SPD,FALSE,SPD,39.1,99,59.6,237
nw,North Rhine-Westphalia,0,16,2012,2012-05-13,FALSE,cdu,CDU/CSU,FALSE,CDU,26.3,67,59.6,237
nw,North Rhine-Westphalia,0,16,2012,2012-05-13,FALSE,gru,Greens,FALSE,GRÜNE,11.3,29,59.6,237
nw,North Rhine-Westphalia,0,16,2012,2012-05-13,FALSE,fdp,FDP,FALSE,FDP,8.6,22,59.6,237
nw,North Rhine-Westphalia,0,16,2012,2012-05-13,FALSE,pir,Other (named),FALSE,PIRATEN,7.8,20,59.6,237
nw,North Rhine-Westphalia,0,16,2012,2012-05-13,FALSE,oth,Other,FALSE,Sonstige,3.8,NA,59.6,237
nw,North Rhine-Westphalia,0,16,2012,2012-05-13,FALSE,lin,Left,FALSE,DIE LINKE¹,2.5,NA,59.6,237
nw,North Rhine-Westphalia,0,16,2012,2012-05-13,FALSE,npd,Far right (pre-AfD),TRUE,NPD,0.5,NA,59.6,237
nw,North Rhine-Westphalia,0,16,2012,2012-05-13,FALSE,afd,AfD,TRUE,AfD,NA,NA,59.6,237
nw,North Rhine-Westphalia,0,16,2012,2012-05-13,FALSE,kpd,KPD/DKP,FALSE,KPD/DKP²,NA,NA,59.6,237
nw,North Rhine-Westphalia,0,16,2012,2012-05-13,FALSE,zentrum,Other (named),FALSE,Zentrum,NA,NA,59.6,237
nw,North Rhine-Westphalia,0,16,2012,2012-05-13,FALSE,rep,Far right (pre-AfD),TRUE,REP,NA,NA,59.6,237
nw,North Rhine-Westphalia,0,17,2017,2017-05-14,FALSE,cdu,CDU/CSU,FALSE,CDU,33,72,65.2,199
nw,North Rhine-Westphalia,0,17,2017,2017-05-14,FALSE,spd,SPD,FALSE,SPD,31.2,69,65.2,199
nw,North Rhine-Westphalia,0,17,2017,2017-05-14,FALSE,fdp,FDP,FALSE,FDP,12.6,28,65.2,199
nw,North Rhine-Westphalia,0,17,2017,2017-05-14,FALSE,afd,AfD,TRUE,AfD,7.4,16,65.2,199
nw,North Rhine-Westphalia,0,17,2017,2017-05-14,FALSE,gru,Greens,FALSE,GRÜNE,6.4,14,65.2,199
nw,North Rhine-Westphalia,0,17,2017,2017-05-14,FALSE,lin,Left,FALSE,DIE LINKE¹,4.9,NA,65.2,199
nw,North Rhine-Westphalia,0,17,2017,2017-05-14,FALSE,oth,Other,FALSE,Sonstige,3.2,NA,65.2,199
nw,North Rhine-Westphalia,0,17,2017,2017-05-14,FALSE,pir,Other (named),FALSE,PIRATEN,1,NA,65.2,199
nw,North Rhine-Westphalia,0,17,2017,2017-05-14,FALSE,npd,Far right (pre-AfD),TRUE,NPD,0.3,NA,65.2,199
nw,North Rhine-Westphalia,0,17,2017,2017-05-14,FALSE,rep,Far right (pre-AfD),TRUE,REP,0.1,NA,65.2,199
nw,North Rhine-Westphalia,0,17,2017,2017-05-14,FALSE,kpd,KPD/DKP,FALSE,KPD/DKP²,0,NA,65.2,199
nw,North Rhine-Westphalia,0,17,2017,2017-05-14,FALSE,zentrum,Other (named),FALSE,Zentrum,0,NA,65.2,199
nw,North Rhine-Westphalia,0,18,2022,2022-05-15,TRUE,cdu,CDU/CSU,FALSE,CDU,35.7,76,55.5,195
nw,North Rhine-Westphalia,0,18,2022,2022-05-15,TRUE,spd,SPD,FALSE,SPD,26.7,56,55.5,195
nw,North Rhine-Westphalia,0,18,2022,2022-05-15,TRUE,gru,Greens,FALSE,GRÜNE,18.2,39,55.5,195
nw,North Rhine-Westphalia,0,18,2022,2022-05-15,TRUE,fdp,FDP,FALSE,FDP,5.9,12,55.5,195
nw,North Rhine-Westphalia,0,18,2022,2022-05-15,TRUE,oth,Other,FALSE,Sonstige,5.7,NA,55.5,195
nw,North Rhine-Westphalia,0,18,2022,2022-05-15,TRUE,afd,AfD,TRUE,AfD,5.4,12,55.5,195
nw,North Rhine-Westphalia,0,18,2022,2022-05-15,TRUE,lin,Left,FALSE,DIE LINKE¹,2.1,NA,55.5,195
nw,North Rhine-Westphalia,0,18,2022,2022-05-15,TRUE,pir,Other (named),FALSE,PIRATEN,0.3,NA,55.5,195
nw,North Rhine-Westphalia,0,18,2022,2022-05-15,TRUE,zentrum,Other (named),FALSE,Zentrum,0.1,NA,55.5,195
nw,North Rhine-Westphalia,0,18,2022,2022-05-15,TRUE,kpd,KPD/DKP,FALSE,KPD/DKP²,0,NA,55.5,195
nw,North Rhine-Westphalia,0,18,2022,2022-05-15,TRUE,npd,Far right (pre-AfD),TRUE,NPD,NA,NA,55.5,195
nw,North Rhine-Westphalia,0,18,2022,2022-05-15,TRUE,rep,Far right (pre-AfD),TRUE,REP,NA,NA,55.5,195
rp,Rhineland-Palatinate,0,1,1947,1947-05-18,FALSE,cdu,CDU/CSU,FALSE,CDU,47.2,48,77.9,101
rp,Rhineland-Palatinate,0,1,1947,1947-05-18,FALSE,spd,SPD,FALSE,SPD,34.3,34,77.9,101
rp,Rhineland-Palatinate,0,1,1947,1947-05-18,FALSE,fdp,FDP,FALSE,FDP¹,9.8,11,77.9,101
rp,Rhineland-Palatinate,0,1,1947,1947-05-18,FALSE,kpd,KPD/DKP,FALSE,KPD/DKP4,8.7,8,77.9,101
rp,Rhineland-Palatinate,0,1,1947,1947-05-18,FALSE,gru,Greens,FALSE,GRÜNE,NA,NA,77.9,101
rp,Rhineland-Palatinate,0,1,1947,1947-05-18,FALSE,afd,AfD,TRUE,AfD,NA,NA,77.9,101
rp,Rhineland-Palatinate,0,1,1947,1947-05-18,FALSE,fw,Other (named),FALSE,FREIE WÄHLER,NA,NA,77.9,101
rp,Rhineland-Palatinate,0,1,1947,1947-05-18,FALSE,rep,Far right (pre-AfD),TRUE,REP,NA,NA,77.9,101
rp,Rhineland-Palatinate,0,1,1947,1947-05-18,FALSE,lin,Left,FALSE,DIE LINKE²,NA,NA,77.9,101
rp,Rhineland-Palatinate,0,1,1947,1947-05-18,FALSE,drp,Far right (pre-AfD),TRUE,DRP/NPD³,NA,NA,77.9,101
rp,Rhineland-Palatinate,0,1,1947,1947-05-18,FALSE,pir,Other (named),FALSE,PIRATEN,NA,NA,77.9,101
rp,Rhineland-Palatinate,0,1,1947,1947-05-18,FALSE,tierschutzpartei,Other (named),FALSE,Tierschutzpartei,NA,NA,77.9,101
rp,Rhineland-Palatinate,0,1,1947,1947-05-18,FALSE,diepartei,Other (named),FALSE,DIE PARTEI,NA,NA,77.9,101
rp,Rhineland-Palatinate,0,1,1947,1947-05-18,FALSE,volt,Other (named),FALSE,Volt,NA,NA,77.9,101
rp,Rhineland-Palatinate,0,1,1947,1947-05-18,FALSE,bsw,BSW,FALSE,BSW,NA,NA,77.9,101
rp,Rhineland-Palatinate,0,1,1947,1947-05-18,FALSE,oth,Other,FALSE,Sonstige,0,NA,77.9,101
rp,Rhineland-Palatinate,0,2,1951,1951-04-29,FALSE,cdu,CDU/CSU,FALSE,CDU,39.2,43,74.8,100
rp,Rhineland-Palatinate,0,2,1951,1951-04-29,FALSE,spd,SPD,FALSE,SPD,34,38,74.8,100
rp,Rhineland-Palatinate,0,2,1951,1951-04-29,FALSE,fdp,FDP,FALSE,FDP¹,16.7,19,74.8,100
rp,Rhineland-Palatinate,0,2,1951,1951-04-29,FALSE,oth,Other,FALSE,Sonstige,5.3,NA,74.8,100
rp,Rhineland-Palatinate,0,2,1951,1951-04-29,FALSE,kpd,KPD/DKP,FALSE,KPD/DKP4,4.3,NA,74.8,100
rp,Rhineland-Palatinate,0,2,1951,1951-04-29,FALSE,drp,Far right (pre-AfD),TRUE,DRP/NPD³,0.5,NA,74.8,100
rp,Rhineland-Palatinate,0,2,1951,1951-04-29,FALSE,gru,Greens,FALSE,GRÜNE,NA,NA,74.8,100
rp,Rhineland-Palatinate,0,2,1951,1951-04-29,FALSE,afd,AfD,TRUE,AfD,NA,NA,74.8,100
rp,Rhineland-Palatinate,0,2,1951,1951-04-29,FALSE,fw,Other (named),FALSE,FREIE WÄHLER,NA,NA,74.8,100
rp,Rhineland-Palatinate,0,2,1951,1951-04-29,FALSE,rep,Far right (pre-AfD),TRUE,REP,NA,NA,74.8,100
rp,Rhineland-Palatinate,0,2,1951,1951-04-29,FALSE,lin,Left,FALSE,DIE LINKE²,NA,NA,74.8,100
rp,Rhineland-Palatinate,0,2,1951,1951-04-29,FALSE,pir,Other (named),FALSE,PIRATEN,NA,NA,74.8,100
rp,Rhineland-Palatinate,0,2,1951,1951-04-29,FALSE,tierschutzpartei,Other (named),FALSE,Tierschutzpartei,NA,NA,74.8,100
rp,Rhineland-Palatinate,0,2,1951,1951-04-29,FALSE,diepartei,Other (named),FALSE,DIE PARTEI,NA,NA,74.8,100
rp,Rhineland-Palatinate,0,2,1951,1951-04-29,FALSE,volt,Other (named),FALSE,Volt,NA,NA,74.8,100
rp,Rhineland-Palatinate,0,2,1951,1951-04-29,FALSE,bsw,BSW,FALSE,BSW,NA,NA,74.8,100
rp,Rhineland-Palatinate,0,3,1955,1955-05-15,FALSE,cdu,CDU/CSU,FALSE,CDU,46.8,51,76,100
rp,Rhineland-Palatinate,0,3,1955,1955-05-15,FALSE,spd,SPD,FALSE,SPD,31.7,37,76,100
rp,Rhineland-Palatinate,0,3,1955,1955-05-15,FALSE,fdp,FDP,FALSE,FDP¹,12.7,12,76,100
rp,Rhineland-Palatinate,0,3,1955,1955-05-15,FALSE,oth,Other,FALSE,Sonstige,5.6,NA,76,100
rp,Rhineland-Palatinate,0,3,1955,1955-05-15,FALSE,kpd,KPD/DKP,FALSE,KPD/DKP4,3.2,NA,76,100
rp,Rhineland-Palatinate,0,3,1955,1955-05-15,FALSE,gru,Greens,FALSE,GRÜNE,NA,NA,76,100
rp,Rhineland-Palatinate,0,3,1955,1955-05-15,FALSE,afd,AfD,TRUE,AfD,NA,NA,76,100
rp,Rhineland-Palatinate,0,3,1955,1955-05-15,FALSE,fw,Other (named),FALSE,FREIE WÄHLER,NA,NA,76,100
rp,Rhineland-Palatinate,0,3,1955,1955-05-15,FALSE,rep,Far right (pre-AfD),TRUE,REP,NA,NA,76,100
rp,Rhineland-Palatinate,0,3,1955,1955-05-15,FALSE,lin,Left,FALSE,DIE LINKE²,NA,NA,76,100
rp,Rhineland-Palatinate,0,3,1955,1955-05-15,FALSE,drp,Far right (pre-AfD),TRUE,DRP/NPD³,NA,NA,76,100
rp,Rhineland-Palatinate,0,3,1955,1955-05-15,FALSE,pir,Other (named),FALSE,PIRATEN,NA,NA,76,100
rp,Rhineland-Palatinate,0,3,1955,1955-05-15,FALSE,tierschutzpartei,Other (named),FALSE,Tierschutzpartei,NA,NA,76,100
rp,Rhineland-Palatinate,0,3,1955,1955-05-15,FALSE,diepartei,Other (named),FALSE,DIE PARTEI,NA,NA,76,100
rp,Rhineland-Palatinate,0,3,1955,1955-05-15,FALSE,volt,Other (named),FALSE,Volt,NA,NA,76,100
rp,Rhineland-Palatinate,0,3,1955,1955-05-15,FALSE,bsw,BSW,FALSE,BSW,NA,NA,76,100
rp,Rhineland-Palatinate,0,4,1959,1959-04-19,FALSE,cdu,CDU/CSU,FALSE,CDU,48.4,52,77.2,100
rp,Rhineland-Palatinate,0,4,1959,1959-04-19,FALSE,spd,SPD,FALSE,SPD,34.9,37,77.2,100
rp,Rhineland-Palatinate,0,4,1959,1959-04-19,FALSE,fdp,FDP,FALSE,FDP¹,9.7,10,77.2,100
rp,Rhineland-Palatinate,0,4,1959,1959-04-19,FALSE,drp,Far right (pre-AfD),TRUE,DRP/NPD³,5.1,1,77.2,100
rp,Rhineland-Palatinate,0,4,1959,1959-04-19,FALSE,oth,Other,FALSE,Sonstige,1.9,NA,77.2,100
rp,Rhineland-Palatinate,0,4,1959,1959-04-19,FALSE,gru,Greens,FALSE,GRÜNE,NA,NA,77.2,100
rp,Rhineland-Palatinate,0,4,1959,1959-04-19,FALSE,afd,AfD,TRUE,AfD,NA,NA,77.2,100
rp,Rhineland-Palatinate,0,4,1959,1959-04-19,FALSE,fw,Other (named),FALSE,FREIE WÄHLER,NA,NA,77.2,100
rp,Rhineland-Palatinate,0,4,1959,1959-04-19,FALSE,rep,Far right (pre-AfD),TRUE,REP,NA,NA,77.2,100
rp,Rhineland-Palatinate,0,4,1959,1959-04-19,FALSE,lin,Left,FALSE,DIE LINKE²,NA,NA,77.2,100
rp,Rhineland-Palatinate,0,4,1959,1959-04-19,FALSE,kpd,KPD/DKP,FALSE,KPD/DKP4,NA,NA,77.2,100
rp,Rhineland-Palatinate,0,4,1959,1959-04-19,FALSE,pir,Other (named),FALSE,PIRATEN,NA,NA,77.2,100
rp,Rhineland-Palatinate,0,4,1959,1959-04-19,FALSE,tierschutzpartei,Other (named),FALSE,Tierschutzpartei,NA,NA,77.2,100
rp,Rhineland-Palatinate,0,4,1959,1959-04-19,FALSE,diepartei,Other (named),FALSE,DIE PARTEI,NA,NA,77.2,100
rp,Rhineland-Palatinate,0,4,1959,1959-04-19,FALSE,volt,Other (named),FALSE,Volt,NA,NA,77.2,100
rp,Rhineland-Palatinate,0,4,1959,1959-04-19,FALSE,bsw,BSW,FALSE,BSW,NA,NA,77.2,100
rp,Rhineland-Palatinate,0,5,1963,1963-03-31,FALSE,cdu,CDU/CSU,FALSE,CDU,44.4,46,75.5,100
rp,Rhineland-Palatinate,0,5,1963,1963-03-31,FALSE,spd,SPD,FALSE,SPD,40.7,43,75.5,100
rp,Rhineland-Palatinate,0,5,1963,1963-03-31,FALSE,fdp,FDP,FALSE,FDP¹,10.1,11,75.5,100
rp,Rhineland-Palatinate,0,5,1963,1963-03-31,FALSE,drp,Far right (pre-AfD),TRUE,DRP/NPD³,3.2,NA,75.5,100
rp,Rhineland-Palatinate,0,5,1963,1963-03-31,FALSE,oth,Other,FALSE,Sonstige,1.5,NA,75.5,100
rp,Rhineland-Palatinate,0,5,1963,1963-03-31,FALSE,gru,Greens,FALSE,GRÜNE,NA,NA,75.5,100
rp,Rhineland-Palatinate,0,5,1963,1963-03-31,FALSE,afd,AfD,TRUE,AfD,NA,NA,75.5,100
rp,Rhineland-Palatinate,0,5,1963,1963-03-31,FALSE,fw,Other (named),FALSE,FREIE WÄHLER,NA,NA,75.5,100
rp,Rhineland-Palatinate,0,5,1963,1963-03-31,FALSE,rep,Far right (pre-AfD),TRUE,REP,NA,NA,75.5,100
rp,Rhineland-Palatinate,0,5,1963,1963-03-31,FALSE,lin,Left,FALSE,DIE LINKE²,NA,NA,75.5,100
rp,Rhineland-Palatinate,0,5,1963,1963-03-31,FALSE,kpd,KPD/DKP,FALSE,KPD/DKP4,NA,NA,75.5,100
rp,Rhineland-Palatinate,0,5,1963,1963-03-31,FALSE,pir,Other (named),FALSE,PIRATEN,NA,NA,75.5,100
rp,Rhineland-Palatinate,0,5,1963,1963-03-31,FALSE,tierschutzpartei,Other (named),FALSE,Tierschutzpartei,NA,NA,75.5,100
rp,Rhineland-Palatinate,0,5,1963,1963-03-31,FALSE,diepartei,Other (named),FALSE,DIE PARTEI,NA,NA,75.5,100
rp,Rhineland-Palatinate,0,5,1963,1963-03-31,FALSE,volt,Other (named),FALSE,Volt,NA,NA,75.5,100
rp,Rhineland-Palatinate,0,5,1963,1963-03-31,FALSE,bsw,BSW,FALSE,BSW,NA,NA,75.5,100
rp,Rhineland-Palatinate,0,6,1967,1967-04-23,FALSE,cdu,CDU/CSU,FALSE,CDU,46.7,49,78.5,100
rp,Rhineland-Palatinate,0,6,1967,1967-04-23,FALSE,spd,SPD,FALSE,SPD,36.8,39,78.5,100
rp,Rhineland-Palatinate,0,6,1967,1967-04-23,FALSE,fdp,FDP,FALSE,FDP¹,8.3,8,78.5,100
rp,Rhineland-Palatinate,0,6,1967,1967-04-23,FALSE,npd,Far right (pre-AfD),TRUE,DRP/NPD³,6.9,4,78.5,100
rp,Rhineland-Palatinate,0,6,1967,1967-04-23,FALSE,oth,Other,FALSE,Sonstige,1.2,NA,78.5,100
rp,Rhineland-Palatinate,0,6,1967,1967-04-23,FALSE,gru,Greens,FALSE,GRÜNE,NA,NA,78.5,100
rp,Rhineland-Palatinate,0,6,1967,1967-04-23,FALSE,afd,AfD,TRUE,AfD,NA,NA,78.5,100
rp,Rhineland-Palatinate,0,6,1967,1967-04-23,FALSE,fw,Other (named),FALSE,FREIE WÄHLER,NA,NA,78.5,100
rp,Rhineland-Palatinate,0,6,1967,1967-04-23,FALSE,rep,Far right (pre-AfD),TRUE,REP,NA,NA,78.5,100
rp,Rhineland-Palatinate,0,6,1967,1967-04-23,FALSE,lin,Left,FALSE,DIE LINKE²,NA,NA,78.5,100
rp,Rhineland-Palatinate,0,6,1967,1967-04-23,FALSE,kpd,KPD/DKP,FALSE,KPD/DKP4,NA,NA,78.5,100
rp,Rhineland-Palatinate,0,6,1967,1967-04-23,FALSE,pir,Other (named),FALSE,PIRATEN,NA,NA,78.5,100
rp,Rhineland-Palatinate,0,6,1967,1967-04-23,FALSE,tierschutzpartei,Other (named),FALSE,Tierschutzpartei,NA,NA,78.5,100
rp,Rhineland-Palatinate,0,6,1967,1967-04-23,FALSE,diepartei,Other (named),FALSE,DIE PARTEI,NA,NA,78.5,100
rp,Rhineland-Palatinate,0,6,1967,1967-04-23,FALSE,volt,Other (named),FALSE,Volt,NA,NA,78.5,100
rp,Rhineland-Palatinate,0,6,1967,1967-04-23,FALSE,bsw,BSW,FALSE,BSW,NA,NA,78.5,100
rp,Rhineland-Palatinate,0,7,1971,1971-03-21,FALSE,cdu,CDU/CSU,FALSE,CDU,50,53,79.4,100
rp,Rhineland-Palatinate,0,7,1971,1971-03-21,FALSE,spd,SPD,FALSE,SPD,40.5,44,79.4,100
rp,Rhineland-Palatinate,0,7,1971,1971-03-21,FALSE,fdp,FDP,FALSE,FDP¹,5.9,3,79.4,100
rp,Rhineland-Palatinate,0,7,1971,1971-03-21,FALSE,npd,Far right (pre-AfD),TRUE,DRP/NPD³,2.7,NA,79.4,100
rp,Rhineland-Palatinate,0,7,1971,1971-03-21,FALSE,kpd,KPD/DKP,FALSE,KPD/DKP4,0.9,NA,79.4,100
rp,Rhineland-Palatinate,0,7,1971,1971-03-21,FALSE,gru,Greens,FALSE,GRÜNE,NA,NA,79.4,100
rp,Rhineland-Palatinate,0,7,1971,1971-03-21,FALSE,afd,AfD,TRUE,AfD,NA,NA,79.4,100
rp,Rhineland-Palatinate,0,7,1971,1971-03-21,FALSE,fw,Other (named),FALSE,FREIE WÄHLER,NA,NA,79.4,100
rp,Rhineland-Palatinate,0,7,1971,1971-03-21,FALSE,rep,Far right (pre-AfD),TRUE,REP,NA,NA,79.4,100
rp,Rhineland-Palatinate,0,7,1971,1971-03-21,FALSE,lin,Left,FALSE,DIE LINKE²,NA,NA,79.4,100
rp,Rhineland-Palatinate,0,7,1971,1971-03-21,FALSE,pir,Other (named),FALSE,PIRATEN,NA,NA,79.4,100
rp,Rhineland-Palatinate,0,7,1971,1971-03-21,FALSE,tierschutzpartei,Other (named),FALSE,Tierschutzpartei,NA,NA,79.4,100
rp,Rhineland-Palatinate,0,7,1971,1971-03-21,FALSE,diepartei,Other (named),FALSE,DIE PARTEI,NA,NA,79.4,100
rp,Rhineland-Palatinate,0,7,1971,1971-03-21,FALSE,volt,Other (named),FALSE,Volt,NA,NA,79.4,100
rp,Rhineland-Palatinate,0,7,1971,1971-03-21,FALSE,bsw,BSW,FALSE,BSW,NA,NA,79.4,100
rp,Rhineland-Palatinate,0,7,1971,1971-03-21,FALSE,oth,Other,FALSE,Sonstige,-0,NA,79.4,100
rp,Rhineland-Palatinate,0,8,1975,1975-03-09,FALSE,cdu,CDU/CSU,FALSE,CDU,53.9,55,80.8,100
rp,Rhineland-Palatinate,0,8,1975,1975-03-09,FALSE,spd,SPD,FALSE,SPD,38.5,40,80.8,100
rp,Rhineland-Palatinate,0,8,1975,1975-03-09,FALSE,fdp,FDP,FALSE,FDP¹,5.6,5,80.8,100
rp,Rhineland-Palatinate,0,8,1975,1975-03-09,FALSE,npd,Far right (pre-AfD),TRUE,DRP/NPD³,1.1,NA,80.8,100
rp,Rhineland-Palatinate,0,8,1975,1975-03-09,FALSE,kpd,KPD/DKP,FALSE,KPD/DKP4,0.5,NA,80.8,100
rp,Rhineland-Palatinate,0,8,1975,1975-03-09,FALSE,oth,Other,FALSE,Sonstige,0.3,NA,80.8,100
rp,Rhineland-Palatinate,0,8,1975,1975-03-09,FALSE,gru,Greens,FALSE,GRÜNE,NA,NA,80.8,100
rp,Rhineland-Palatinate,0,8,1975,1975-03-09,FALSE,afd,AfD,TRUE,AfD,NA,NA,80.8,100
rp,Rhineland-Palatinate,0,8,1975,1975-03-09,FALSE,fw,Other (named),FALSE,FREIE WÄHLER,NA,NA,80.8,100
rp,Rhineland-Palatinate,0,8,1975,1975-03-09,FALSE,rep,Far right (pre-AfD),TRUE,REP,NA,NA,80.8,100
rp,Rhineland-Palatinate,0,8,1975,1975-03-09,FALSE,lin,Left,FALSE,DIE LINKE²,NA,NA,80.8,100
rp,Rhineland-Palatinate,0,8,1975,1975-03-09,FALSE,pir,Other (named),FALSE,PIRATEN,NA,NA,80.8,100
rp,Rhineland-Palatinate,0,8,1975,1975-03-09,FALSE,tierschutzpartei,Other (named),FALSE,Tierschutzpartei,NA,NA,80.8,100
rp,Rhineland-Palatinate,0,8,1975,1975-03-09,FALSE,diepartei,Other (named),FALSE,DIE PARTEI,NA,NA,80.8,100
rp,Rhineland-Palatinate,0,8,1975,1975-03-09,FALSE,volt,Other (named),FALSE,Volt,NA,NA,80.8,100
rp,Rhineland-Palatinate,0,8,1975,1975-03-09,FALSE,bsw,BSW,FALSE,BSW,NA,NA,80.8,100
rp,Rhineland-Palatinate,0,9,1979,1979-03-18,FALSE,cdu,CDU/CSU,FALSE,CDU,50.1,51,81.4,100
rp,Rhineland-Palatinate,0,9,1979,1979-03-18,FALSE,spd,SPD,FALSE,SPD,42.3,43,81.4,100
rp,Rhineland-Palatinate,0,9,1979,1979-03-18,FALSE,fdp,FDP,FALSE,FDP¹,6.4,6,81.4,100
rp,Rhineland-Palatinate,0,9,1979,1979-03-18,FALSE,npd,Far right (pre-AfD),TRUE,DRP/NPD³,0.7,NA,81.4,100
rp,Rhineland-Palatinate,0,9,1979,1979-03-18,FALSE,oth,Other,FALSE,Sonstige,0.5,NA,81.4,100
rp,Rhineland-Palatinate,0,9,1979,1979-03-18,FALSE,kpd,KPD/DKP,FALSE,KPD/DKP4,0.4,NA,81.4,100
rp,Rhineland-Palatinate,0,9,1979,1979-03-18,FALSE,gru,Greens,FALSE,GRÜNE,NA,NA,81.4,100
rp,Rhineland-Palatinate,0,9,1979,1979-03-18,FALSE,afd,AfD,TRUE,AfD,NA,NA,81.4,100
rp,Rhineland-Palatinate,0,9,1979,1979-03-18,FALSE,fw,Other (named),FALSE,FREIE WÄHLER,NA,NA,81.4,100
rp,Rhineland-Palatinate,0,9,1979,1979-03-18,FALSE,rep,Far right (pre-AfD),TRUE,REP,NA,NA,81.4,100
rp,Rhineland-Palatinate,0,9,1979,1979-03-18,FALSE,lin,Left,FALSE,DIE LINKE²,NA,NA,81.4,100
rp,Rhineland-Palatinate,0,9,1979,1979-03-18,FALSE,pir,Other (named),FALSE,PIRATEN,NA,NA,81.4,100
rp,Rhineland-Palatinate,0,9,1979,1979-03-18,FALSE,tierschutzpartei,Other (named),FALSE,Tierschutzpartei,NA,NA,81.4,100
rp,Rhineland-Palatinate,0,9,1979,1979-03-18,FALSE,diepartei,Other (named),FALSE,DIE PARTEI,NA,NA,81.4,100
rp,Rhineland-Palatinate,0,9,1979,1979-03-18,FALSE,volt,Other (named),FALSE,Volt,NA,NA,81.4,100
rp,Rhineland-Palatinate,0,9,1979,1979-03-18,FALSE,bsw,BSW,FALSE,BSW,NA,NA,81.4,100
rp,Rhineland-Palatinate,0,10,1983,1983-03-06,FALSE,cdu,CDU/CSU,FALSE,CDU,51.9,57,90.4,100
rp,Rhineland-Palatinate,0,10,1983,1983-03-06,FALSE,spd,SPD,FALSE,SPD,39.6,43,90.4,100
rp,Rhineland-Palatinate,0,10,1983,1983-03-06,FALSE,gru,Greens,FALSE,GRÜNE,4.5,NA,90.4,100
rp,Rhineland-Palatinate,0,10,1983,1983-03-06,FALSE,fdp,FDP,FALSE,FDP¹,3.5,NA,90.4,100
rp,Rhineland-Palatinate,0,10,1983,1983-03-06,FALSE,kpd,KPD/DKP,FALSE,KPD/DKP4,0.2,NA,90.4,100
rp,Rhineland-Palatinate,0,10,1983,1983-03-06,FALSE,npd,Far right (pre-AfD),TRUE,DRP/NPD³,0.1,NA,90.4,100
rp,Rhineland-Palatinate,0,10,1983,1983-03-06,FALSE,oth,Other,FALSE,Sonstige,0.1,NA,90.4,100
rp,Rhineland-Palatinate,0,10,1983,1983-03-06,FALSE,afd,AfD,TRUE,AfD,NA,NA,90.4,100
rp,Rhineland-Palatinate,0,10,1983,1983-03-06,FALSE,fw,Other (named),FALSE,FREIE WÄHLER,NA,NA,90.4,100
rp,Rhineland-Palatinate,0,10,1983,1983-03-06,FALSE,rep,Far right (pre-AfD),TRUE,REP,NA,NA,90.4,100
rp,Rhineland-Palatinate,0,10,1983,1983-03-06,FALSE,lin,Left,FALSE,DIE LINKE²,NA,NA,90.4,100
rp,Rhineland-Palatinate,0,10,1983,1983-03-06,FALSE,pir,Other (named),FALSE,PIRATEN,NA,NA,90.4,100
rp,Rhineland-Palatinate,0,10,1983,1983-03-06,FALSE,tierschutzpartei,Other (named),FALSE,Tierschutzpartei,NA,NA,90.4,100
rp,Rhineland-Palatinate,0,10,1983,1983-03-06,FALSE,diepartei,Other (named),FALSE,DIE PARTEI,NA,NA,90.4,100
rp,Rhineland-Palatinate,0,10,1983,1983-03-06,FALSE,volt,Other (named),FALSE,Volt,NA,NA,90.4,100
rp,Rhineland-Palatinate,0,10,1983,1983-03-06,FALSE,bsw,BSW,FALSE,BSW,NA,NA,90.4,100
rp,Rhineland-Palatinate,0,11,1987,1987-05-17,FALSE,cdu,CDU/CSU,FALSE,CDU,45.1,48,77,100
rp,Rhineland-Palatinate,0,11,1987,1987-05-17,FALSE,spd,SPD,FALSE,SPD,38.8,40,77,100
rp,Rhineland-Palatinate,0,11,1987,1987-05-17,FALSE,fdp,FDP,FALSE,FDP¹,7.3,7,77,100
rp,Rhineland-Palatinate,0,11,1987,1987-05-17,FALSE,gru,Greens,FALSE,GRÜNE,5.9,5,77,100
rp,Rhineland-Palatinate,0,11,1987,1987-05-17,FALSE,oth,Other,FALSE,Sonstige,2,NA,77,100
rp,Rhineland-Palatinate,0,11,1987,1987-05-17,FALSE,npd,Far right (pre-AfD),TRUE,DRP/NPD³,0.8,NA,77,100
rp,Rhineland-Palatinate,0,11,1987,1987-05-17,FALSE,kpd,KPD/DKP,FALSE,KPD/DKP4,0.1,NA,77,100
rp,Rhineland-Palatinate,0,11,1987,1987-05-17,FALSE,afd,AfD,TRUE,AfD,NA,NA,77,100
rp,Rhineland-Palatinate,0,11,1987,1987-05-17,FALSE,fw,Other (named),FALSE,FREIE WÄHLER,NA,NA,77,100
rp,Rhineland-Palatinate,0,11,1987,1987-05-17,FALSE,rep,Far right (pre-AfD),TRUE,REP,NA,NA,77,100
rp,Rhineland-Palatinate,0,11,1987,1987-05-17,FALSE,lin,Left,FALSE,DIE LINKE²,NA,NA,77,100
rp,Rhineland-Palatinate,0,11,1987,1987-05-17,FALSE,pir,Other (named),FALSE,PIRATEN,NA,NA,77,100
rp,Rhineland-Palatinate,0,11,1987,1987-05-17,FALSE,tierschutzpartei,Other (named),FALSE,Tierschutzpartei,NA,NA,77,100
rp,Rhineland-Palatinate,0,11,1987,1987-05-17,FALSE,diepartei,Other (named),FALSE,DIE PARTEI,NA,NA,77,100
rp,Rhineland-Palatinate,0,11,1987,1987-05-17,FALSE,volt,Other (named),FALSE,Volt,NA,NA,77,100
rp,Rhineland-Palatinate,0,11,1987,1987-05-17,FALSE,bsw,BSW,FALSE,BSW,NA,NA,77,100
rp,Rhineland-Palatinate,0,12,1991,1991-04-21,FALSE,spd,SPD,FALSE,SPD,44.8,47,73.9,101
rp,Rhineland-Palatinate,0,12,1991,1991-04-21,FALSE,cdu,CDU/CSU,FALSE,CDU,38.7,40,73.9,101
rp,Rhineland-Palatinate,0,12,1991,1991-04-21,FALSE,fdp,FDP,FALSE,FDP¹,6.9,7,73.9,101
rp,Rhineland-Palatinate,0,12,1991,1991-04-21,FALSE,gru,Greens,FALSE,GRÜNE,6.5,7,73.9,101
rp,Rhineland-Palatinate,0,12,1991,1991-04-21,FALSE,rep,Far right (pre-AfD),TRUE,REP,2,NA,73.9,101
rp,Rhineland-Palatinate,0,12,1991,1991-04-21,FALSE,oth,Other,FALSE,Sonstige,1.1,NA,73.9,101
rp,Rhineland-Palatinate,0,12,1991,1991-04-21,FALSE,afd,AfD,TRUE,AfD,NA,NA,73.9,101
rp,Rhineland-Palatinate,0,12,1991,1991-04-21,FALSE,fw,Other (named),FALSE,FREIE WÄHLER,NA,NA,73.9,101
rp,Rhineland-Palatinate,0,12,1991,1991-04-21,FALSE,lin,Left,FALSE,DIE LINKE²,NA,NA,73.9,101
rp,Rhineland-Palatinate,0,12,1991,1991-04-21,FALSE,npd,Far right (pre-AfD),TRUE,DRP/NPD³,NA,NA,73.9,101
rp,Rhineland-Palatinate,0,12,1991,1991-04-21,FALSE,kpd,KPD/DKP,FALSE,KPD/DKP4,NA,NA,73.9,101
rp,Rhineland-Palatinate,0,12,1991,1991-04-21,FALSE,pir,Other (named),FALSE,PIRATEN,NA,NA,73.9,101
rp,Rhineland-Palatinate,0,12,1991,1991-04-21,FALSE,tierschutzpartei,Other (named),FALSE,Tierschutzpartei,NA,NA,73.9,101
rp,Rhineland-Palatinate,0,12,1991,1991-04-21,FALSE,diepartei,Other (named),FALSE,DIE PARTEI,NA,NA,73.9,101
rp,Rhineland-Palatinate,0,12,1991,1991-04-21,FALSE,volt,Other (named),FALSE,Volt,NA,NA,73.9,101
rp,Rhineland-Palatinate,0,12,1991,1991-04-21,FALSE,bsw,BSW,FALSE,BSW,NA,NA,73.9,101
rp,Rhineland-Palatinate,0,13,1996,1996-03-24,FALSE,spd,SPD,FALSE,SPD,39.8,43,70.8,101
rp,Rhineland-Palatinate,0,13,1996,1996-03-24,FALSE,cdu,CDU/CSU,FALSE,CDU,38.7,41,70.8,101
rp,Rhineland-Palatinate,0,13,1996,1996-03-24,FALSE,fdp,FDP,FALSE,FDP¹,8.9,10,70.8,101
rp,Rhineland-Palatinate,0,13,1996,1996-03-24,FALSE,gru,Greens,FALSE,GRÜNE,6.9,7,70.8,101
rp,Rhineland-Palatinate,0,13,1996,1996-03-24,FALSE,rep,Far right (pre-AfD),TRUE,REP,3.5,NA,70.8,101
rp,Rhineland-Palatinate,0,13,1996,1996-03-24,FALSE,oth,Other,FALSE,Sonstige,1.8,NA,70.8,101
rp,Rhineland-Palatinate,0,13,1996,1996-03-24,FALSE,npd,Far right (pre-AfD),TRUE,DRP/NPD³,0.4,NA,70.8,101
rp,Rhineland-Palatinate,0,13,1996,1996-03-24,FALSE,afd,AfD,TRUE,AfD,NA,NA,70.8,101
rp,Rhineland-Palatinate,0,13,1996,1996-03-24,FALSE,fw,Other (named),FALSE,FREIE WÄHLER,NA,NA,70.8,101
rp,Rhineland-Palatinate,0,13,1996,1996-03-24,FALSE,lin,Left,FALSE,DIE LINKE²,NA,NA,70.8,101
rp,Rhineland-Palatinate,0,13,1996,1996-03-24,FALSE,kpd,KPD/DKP,FALSE,KPD/DKP4,NA,NA,70.8,101
rp,Rhineland-Palatinate,0,13,1996,1996-03-24,FALSE,pir,Other (named),FALSE,PIRATEN,NA,NA,70.8,101
rp,Rhineland-Palatinate,0,13,1996,1996-03-24,FALSE,tierschutzpartei,Other (named),FALSE,Tierschutzpartei,NA,NA,70.8,101
rp,Rhineland-Palatinate,0,13,1996,1996-03-24,FALSE,diepartei,Other (named),FALSE,DIE PARTEI,NA,NA,70.8,101
rp,Rhineland-Palatinate,0,13,1996,1996-03-24,FALSE,volt,Other (named),FALSE,Volt,NA,NA,70.8,101
rp,Rhineland-Palatinate,0,13,1996,1996-03-24,FALSE,bsw,BSW,FALSE,BSW,NA,NA,70.8,101
rp,Rhineland-Palatinate,0,14,2001,2001-03-25,FALSE,spd,SPD,FALSE,SPD,44.7,49,62.1,101
rp,Rhineland-Palatinate,0,14,2001,2001-03-25,FALSE,cdu,CDU/CSU,FALSE,CDU,35.3,38,62.1,101
rp,Rhineland-Palatinate,0,14,2001,2001-03-25,FALSE,fdp,FDP,FALSE,FDP¹,7.8,8,62.1,101
rp,Rhineland-Palatinate,0,14,2001,2001-03-25,FALSE,gru,Greens,FALSE,GRÜNE,5.2,6,62.1,101
rp,Rhineland-Palatinate,0,14,2001,2001-03-25,FALSE,fw,Other (named),FALSE,FREIE WÄHLER,2.5,NA,62.1,101
rp,Rhineland-Palatinate,0,14,2001,2001-03-25,FALSE,rep,Far right (pre-AfD),TRUE,REP,2.4,NA,62.1,101
rp,Rhineland-Palatinate,0,14,2001,2001-03-25,FALSE,oth,Other,FALSE,Sonstige,1.5,NA,62.1,101
rp,Rhineland-Palatinate,0,14,2001,2001-03-25,FALSE,npd,Far right (pre-AfD),TRUE,DRP/NPD³,0.5,NA,62.1,101
rp,Rhineland-Palatinate,0,14,2001,2001-03-25,FALSE,afd,AfD,TRUE,AfD,NA,NA,62.1,101
rp,Rhineland-Palatinate,0,14,2001,2001-03-25,FALSE,lin,Left,FALSE,DIE LINKE²,NA,NA,62.1,101
rp,Rhineland-Palatinate,0,14,2001,2001-03-25,FALSE,kpd,KPD/DKP,FALSE,KPD/DKP4,NA,NA,62.1,101
rp,Rhineland-Palatinate,0,14,2001,2001-03-25,FALSE,pir,Other (named),FALSE,PIRATEN,NA,NA,62.1,101
rp,Rhineland-Palatinate,0,14,2001,2001-03-25,FALSE,tierschutzpartei,Other (named),FALSE,Tierschutzpartei,NA,NA,62.1,101
rp,Rhineland-Palatinate,0,14,2001,2001-03-25,FALSE,diepartei,Other (named),FALSE,DIE PARTEI,NA,NA,62.1,101
rp,Rhineland-Palatinate,0,14,2001,2001-03-25,FALSE,volt,Other (named),FALSE,Volt,NA,NA,62.1,101
rp,Rhineland-Palatinate,0,14,2001,2001-03-25,FALSE,bsw,BSW,FALSE,BSW,NA,NA,62.1,101
rp,Rhineland-Palatinate,0,15,2006,2006-03-26,FALSE,spd,SPD,FALSE,SPD,45.6,53,58.2,101
rp,Rhineland-Palatinate,0,15,2006,2006-03-26,FALSE,cdu,CDU/CSU,FALSE,CDU,32.8,38,58.2,101
rp,Rhineland-Palatinate,0,15,2006,2006-03-26,FALSE,fdp,FDP,FALSE,FDP¹,8,10,58.2,101
rp,Rhineland-Palatinate,0,15,2006,2006-03-26,FALSE,gru,Greens,FALSE,GRÜNE,4.6,NA,58.2,101
rp,Rhineland-Palatinate,0,15,2006,2006-03-26,FALSE,lin,Left,FALSE,DIE LINKE²,2.5,NA,58.2,101
rp,Rhineland-Palatinate,0,15,2006,2006-03-26,FALSE,oth,Other,FALSE,Sonstige,1.9,NA,58.2,101
rp,Rhineland-Palatinate,0,15,2006,2006-03-26,FALSE,rep,Far right (pre-AfD),TRUE,REP,1.7,NA,58.2,101
rp,Rhineland-Palatinate,0,15,2006,2006-03-26,FALSE,fw,Other (named),FALSE,FREIE WÄHLER,1.6,NA,58.2,101
rp,Rhineland-Palatinate,0,15,2006,2006-03-26,FALSE,npd,Far right (pre-AfD),TRUE,DRP/NPD³,1.2,NA,58.2,101
rp,Rhineland-Palatinate,0,15,2006,2006-03-26,FALSE,afd,AfD,TRUE,AfD,NA,NA,58.2,101
rp,Rhineland-Palatinate,0,15,2006,2006-03-26,FALSE,kpd,KPD/DKP,FALSE,KPD/DKP4,NA,NA,58.2,101
rp,Rhineland-Palatinate,0,15,2006,2006-03-26,FALSE,pir,Other (named),FALSE,PIRATEN,NA,NA,58.2,101
rp,Rhineland-Palatinate,0,15,2006,2006-03-26,FALSE,tierschutzpartei,Other (named),FALSE,Tierschutzpartei,NA,NA,58.2,101
rp,Rhineland-Palatinate,0,15,2006,2006-03-26,FALSE,diepartei,Other (named),FALSE,DIE PARTEI,NA,NA,58.2,101
rp,Rhineland-Palatinate,0,15,2006,2006-03-26,FALSE,volt,Other (named),FALSE,Volt,NA,NA,58.2,101
rp,Rhineland-Palatinate,0,15,2006,2006-03-26,FALSE,bsw,BSW,FALSE,BSW,NA,NA,58.2,101
rp,Rhineland-Palatinate,0,16,2011,2011-03-27,FALSE,spd,SPD,FALSE,SPD,35.7,42,61.8,101
rp,Rhineland-Palatinate,0,16,2011,2011-03-27,FALSE,cdu,CDU/CSU,FALSE,CDU,35.2,41,61.8,101
rp,Rhineland-Palatinate,0,16,2011,2011-03-27,FALSE,gru,Greens,FALSE,GRÜNE,15.4,18,61.8,101
rp,Rhineland-Palatinate,0,16,2011,2011-03-27,FALSE,fdp,FDP,FALSE,FDP¹,4.2,NA,61.8,101
rp,Rhineland-Palatinate,0,16,2011,2011-03-27,FALSE,lin,Left,FALSE,DIE LINKE²,3,NA,61.8,101
rp,Rhineland-Palatinate,0,16,2011,2011-03-27,FALSE,fw,Other (named),FALSE,FREIE WÄHLER,2.3,NA,61.8,101
rp,Rhineland-Palatinate,0,16,2011,2011-03-27,FALSE,pir,Other (named),FALSE,PIRATEN,1.6,NA,61.8,101
rp,Rhineland-Palatinate,0,16,2011,2011-03-27,FALSE,npd,Far right (pre-AfD),TRUE,DRP/NPD³,1.1,NA,61.8,101
rp,Rhineland-Palatinate,0,16,2011,2011-03-27,FALSE,rep,Far right (pre-AfD),TRUE,REP,0.8,NA,61.8,101
rp,Rhineland-Palatinate,0,16,2011,2011-03-27,FALSE,oth,Other,FALSE,Sonstige,0.5,NA,61.8,101
rp,Rhineland-Palatinate,0,16,2011,2011-03-27,FALSE,afd,AfD,TRUE,AfD,NA,NA,61.8,101
rp,Rhineland-Palatinate,0,16,2011,2011-03-27,FALSE,kpd,KPD/DKP,FALSE,KPD/DKP4,NA,NA,61.8,101
rp,Rhineland-Palatinate,0,16,2011,2011-03-27,FALSE,tierschutzpartei,Other (named),FALSE,Tierschutzpartei,NA,NA,61.8,101
rp,Rhineland-Palatinate,0,16,2011,2011-03-27,FALSE,diepartei,Other (named),FALSE,DIE PARTEI,NA,NA,61.8,101
rp,Rhineland-Palatinate,0,16,2011,2011-03-27,FALSE,volt,Other (named),FALSE,Volt,NA,NA,61.8,101
rp,Rhineland-Palatinate,0,16,2011,2011-03-27,FALSE,bsw,BSW,FALSE,BSW,NA,NA,61.8,101
rp,Rhineland-Palatinate,0,17,2016,2016-03-13,FALSE,spd,SPD,FALSE,SPD,36.2,39,70.4,101
rp,Rhineland-Palatinate,0,17,2016,2016-03-13,FALSE,cdu,CDU/CSU,FALSE,CDU,31.8,35,70.4,101
rp,Rhineland-Palatinate,0,17,2016,2016-03-13,FALSE,afd,AfD,TRUE,AfD,12.6,14,70.4,101
rp,Rhineland-Palatinate,0,17,2016,2016-03-13,FALSE,fdp,FDP,FALSE,FDP¹,6.2,7,70.4,101
rp,Rhineland-Palatinate,0,17,2016,2016-03-13,FALSE,gru,Greens,FALSE,GRÜNE,5.3,6,70.4,101
rp,Rhineland-Palatinate,0,17,2016,2016-03-13,FALSE,lin,Left,FALSE,DIE LINKE²,2.8,NA,70.4,101
rp,Rhineland-Palatinate,0,17,2016,2016-03-13,FALSE,fw,Other (named),FALSE,FREIE WÄHLER,2.2,NA,70.4,101
rp,Rhineland-Palatinate,0,17,2016,2016-03-13,FALSE,oth,Other,FALSE,Sonstige,1.3,NA,70.4,101
rp,Rhineland-Palatinate,0,17,2016,2016-03-13,FALSE,pir,Other (named),FALSE,PIRATEN,0.8,NA,70.4,101
rp,Rhineland-Palatinate,0,17,2016,2016-03-13,FALSE,npd,Far right (pre-AfD),TRUE,DRP/NPD³,0.5,NA,70.4,101
rp,Rhineland-Palatinate,0,17,2016,2016-03-13,FALSE,rep,Far right (pre-AfD),TRUE,REP,0.2,NA,70.4,101
rp,Rhineland-Palatinate,0,17,2016,2016-03-13,FALSE,kpd,KPD/DKP,FALSE,KPD/DKP4,NA,NA,70.4,101
rp,Rhineland-Palatinate,0,17,2016,2016-03-13,FALSE,tierschutzpartei,Other (named),FALSE,Tierschutzpartei,NA,NA,70.4,101
rp,Rhineland-Palatinate,0,17,2016,2016-03-13,FALSE,diepartei,Other (named),FALSE,DIE PARTEI,NA,NA,70.4,101
rp,Rhineland-Palatinate,0,17,2016,2016-03-13,FALSE,volt,Other (named),FALSE,Volt,NA,NA,70.4,101
rp,Rhineland-Palatinate,0,17,2016,2016-03-13,FALSE,bsw,BSW,FALSE,BSW,NA,NA,70.4,101
rp,Rhineland-Palatinate,0,18,2021,2021-03-14,FALSE,spd,SPD,FALSE,SPD,35.7,39,64.3,101
rp,Rhineland-Palatinate,0,18,2021,2021-03-14,FALSE,cdu,CDU/CSU,FALSE,CDU,27.7,31,64.3,101
rp,Rhineland-Palatinate,0,18,2021,2021-03-14,FALSE,gru,Greens,FALSE,GRÜNE,9.3,10,64.3,101
rp,Rhineland-Palatinate,0,18,2021,2021-03-14,FALSE,afd,AfD,TRUE,AfD,8.3,9,64.3,101
rp,Rhineland-Palatinate,0,18,2021,2021-03-14,FALSE,fdp,FDP,FALSE,FDP¹,5.5,6,64.3,101
rp,Rhineland-Palatinate,0,18,2021,2021-03-14,FALSE,fw,Other (named),FALSE,FREIE WÄHLER,5.4,6,64.3,101
rp,Rhineland-Palatinate,0,18,2021,2021-03-14,FALSE,lin,Left,FALSE,DIE LINKE²,2.5,NA,64.3,101
rp,Rhineland-Palatinate,0,18,2021,2021-03-14,FALSE,tierschutzpartei,Other (named),FALSE,Tierschutzpartei,1.7,NA,64.3,101
rp,Rhineland-Palatinate,0,18,2021,2021-03-14,FALSE,oth,Other,FALSE,Sonstige,1.4,NA,64.3,101
rp,Rhineland-Palatinate,0,18,2021,2021-03-14,FALSE,diepartei,Other (named),FALSE,DIE PARTEI,1.1,NA,64.3,101
rp,Rhineland-Palatinate,0,18,2021,2021-03-14,FALSE,volt,Other (named),FALSE,Volt,1,NA,64.3,101
rp,Rhineland-Palatinate,0,18,2021,2021-03-14,FALSE,pir,Other (named),FALSE,PIRATEN,0.5,NA,64.3,101
rp,Rhineland-Palatinate,0,18,2021,2021-03-14,FALSE,rep,Far right (pre-AfD),TRUE,REP,NA,NA,64.3,101
rp,Rhineland-Palatinate,0,18,2021,2021-03-14,FALSE,npd,Far right (pre-AfD),TRUE,DRP/NPD³,NA,NA,64.3,101
rp,Rhineland-Palatinate,0,18,2021,2021-03-14,FALSE,kpd,KPD/DKP,FALSE,KPD/DKP4,NA,NA,64.3,101
rp,Rhineland-Palatinate,0,18,2021,2021-03-14,FALSE,bsw,BSW,FALSE,BSW,NA,NA,64.3,101
rp,Rhineland-Palatinate,0,19,2026,2026-03-22,TRUE,cdu,CDU/CSU,FALSE,CDU,31,39,63.5,105
rp,Rhineland-Palatinate,0,19,2026,2026-03-22,TRUE,spd,SPD,FALSE,SPD,25.9,32,63.5,105
rp,Rhineland-Palatinate,0,19,2026,2026-03-22,TRUE,afd,AfD,TRUE,AfD,19.5,24,63.5,105
rp,Rhineland-Palatinate,0,19,2026,2026-03-22,TRUE,gru,Greens,FALSE,GRÜNE,7.9,10,63.5,105
rp,Rhineland-Palatinate,0,19,2026,2026-03-22,TRUE,lin,Left,FALSE,DIE LINKE²,4.4,NA,63.5,105
rp,Rhineland-Palatinate,0,19,2026,2026-03-22,TRUE,fw,Other (named),FALSE,FREIE WÄHLER,4.2,NA,63.5,105
rp,Rhineland-Palatinate,0,19,2026,2026-03-22,TRUE,fdp,FDP,FALSE,FDP¹,2.1,NA,63.5,105
rp,Rhineland-Palatinate,0,19,2026,2026-03-22,TRUE,bsw,BSW,FALSE,BSW,1.9,NA,63.5,105
rp,Rhineland-Palatinate,0,19,2026,2026-03-22,TRUE,tierschutzpartei,Other (named),FALSE,Tierschutzpartei,1.6,NA,63.5,105
rp,Rhineland-Palatinate,0,19,2026,2026-03-22,TRUE,volt,Other (named),FALSE,Volt,1.1,NA,63.5,105
rp,Rhineland-Palatinate,0,19,2026,2026-03-22,TRUE,oth,Other,FALSE,Sonstige,0.5,NA,63.5,105
rp,Rhineland-Palatinate,0,19,2026,2026-03-22,TRUE,rep,Far right (pre-AfD),TRUE,REP,NA,NA,63.5,105
rp,Rhineland-Palatinate,0,19,2026,2026-03-22,TRUE,npd,Far right (pre-AfD),TRUE,DRP/NPD³,NA,NA,63.5,105
rp,Rhineland-Palatinate,0,19,2026,2026-03-22,TRUE,kpd,KPD/DKP,FALSE,KPD/DKP4,NA,NA,63.5,105
rp,Rhineland-Palatinate,0,19,2026,2026-03-22,TRUE,pir,Other (named),FALSE,PIRATEN,NA,NA,63.5,105
rp,Rhineland-Palatinate,0,19,2026,2026-03-22,TRUE,diepartei,Other (named),FALSE,DIE PARTEI,NA,NA,63.5,105
sh,Schleswig-Holstein,0,1,1947,1947-02-20,FALSE,spd,SPD,FALSE,SPD,43.8,43,69.8,70
sh,Schleswig-Holstein,0,1,1947,1947-02-20,FALSE,cdu,CDU/CSU,FALSE,CDU,34.1,21,69.8,70
sh,Schleswig-Holstein,0,1,1947,1947-02-20,FALSE,ssw,Other (named),FALSE,SSV/SSW4,9.3,6,69.8,70
sh,Schleswig-Holstein,0,1,1947,1947-02-20,FALSE,fdp,FDP,FALSE,FDP,5,NA,69.8,70
sh,Schleswig-Holstein,0,1,1947,1947-02-20,FALSE,kpd,KPD/DKP,FALSE,KPD/DKP¹,4.7,NA,69.8,70
sh,Schleswig-Holstein,0,1,1947,1947-02-20,FALSE,drp,Far right (pre-AfD),TRUE,DRP/NPD²,3,NA,69.8,70
sh,Schleswig-Holstein,0,1,1947,1947-02-20,FALSE,oth,Other,FALSE,Sonstige,0.2,NA,69.8,70
sh,Schleswig-Holstein,0,1,1947,1947-02-20,FALSE,gru,Greens,FALSE,GRÜNE,NA,NA,69.8,70
sh,Schleswig-Holstein,0,1,1947,1947-02-20,FALSE,lin,Left,FALSE,DIE LINKE5,NA,NA,69.8,70
sh,Schleswig-Holstein,0,1,1947,1947-02-20,FALSE,pir,Other (named),FALSE,PIRATEN,NA,NA,69.8,70
sh,Schleswig-Holstein,0,1,1947,1947-02-20,FALSE,afd,AfD,TRUE,AfD,NA,NA,69.8,70
sh,Schleswig-Holstein,0,1,1947,1947-02-20,FALSE,bhe,Other (named),FALSE,GB/BHE,NA,NA,69.8,70
sh,Schleswig-Holstein,0,1,1947,1947-02-20,FALSE,dp,Other (named),FALSE,DP³,NA,NA,69.8,70
sh,Schleswig-Holstein,0,1,1947,1947-02-20,FALSE,rep,Far right (pre-AfD),TRUE,REP,NA,NA,69.8,70
sh,Schleswig-Holstein,0,1,1947,1947-02-20,FALSE,dvu,Far right (pre-AfD),TRUE,DVU,NA,NA,69.8,70
sh,Schleswig-Holstein,0,2,1950,1950-07-09,FALSE,spd,SPD,FALSE,SPD,27.5,19,78.2,69
sh,Schleswig-Holstein,0,2,1950,1950-07-09,FALSE,bhe,Other (named),FALSE,GB/BHE,23.4,15,78.2,69
sh,Schleswig-Holstein,0,2,1950,1950-07-09,FALSE,cdu,CDU/CSU,FALSE,CDU,19.8,16,78.2,69
sh,Schleswig-Holstein,0,2,1950,1950-07-09,FALSE,dp,Other (named),FALSE,DP³,9.6,7,78.2,69
sh,Schleswig-Holstein,0,2,1950,1950-07-09,FALSE,fdp,FDP,FALSE,FDP,7.1,8,78.2,69
sh,Schleswig-Holstein,0,2,1950,1950-07-09,FALSE,ssw,Other (named),FALSE,SSV/SSW4,5.5,4,78.2,69
sh,Schleswig-Holstein,0,2,1950,1950-07-09,FALSE,drp,Far right (pre-AfD),TRUE,DRP/NPD²,2.8,NA,78.2,69
sh,Schleswig-Holstein,0,2,1950,1950-07-09,FALSE,kpd,KPD/DKP,FALSE,KPD/DKP¹,2.2,NA,78.2,69
sh,Schleswig-Holstein,0,2,1950,1950-07-09,FALSE,oth,Other,FALSE,Sonstige,2.1,NA,78.2,69
sh,Schleswig-Holstein,0,2,1950,1950-07-09,FALSE,gru,Greens,FALSE,GRÜNE,NA,NA,78.2,69
sh,Schleswig-Holstein,0,2,1950,1950-07-09,FALSE,lin,Left,FALSE,DIE LINKE5,NA,NA,78.2,69
sh,Schleswig-Holstein,0,2,1950,1950-07-09,FALSE,pir,Other (named),FALSE,PIRATEN,NA,NA,78.2,69
sh,Schleswig-Holstein,0,2,1950,1950-07-09,FALSE,afd,AfD,TRUE,AfD,NA,NA,78.2,69
sh,Schleswig-Holstein,0,2,1950,1950-07-09,FALSE,rep,Far right (pre-AfD),TRUE,REP,NA,NA,78.2,69
sh,Schleswig-Holstein,0,2,1950,1950-07-09,FALSE,dvu,Far right (pre-AfD),TRUE,DVU,NA,NA,78.2,69
sh,Schleswig-Holstein,0,3,1954,1954-09-12,FALSE,spd,SPD,FALSE,SPD,33.2,25,78.6,69
sh,Schleswig-Holstein,0,3,1954,1954-09-12,FALSE,cdu,CDU/CSU,FALSE,CDU,32.2,25,78.6,69
sh,Schleswig-Holstein,0,3,1954,1954-09-12,FALSE,bhe,Other (named),FALSE,GB/BHE,14,10,78.6,69
sh,Schleswig-Holstein,0,3,1954,1954-09-12,FALSE,fdp,FDP,FALSE,FDP,7.5,5,78.6,69
sh,Schleswig-Holstein,0,3,1954,1954-09-12,FALSE,dp,Other (named),FALSE,DP³,5.1,4,78.6,69
sh,Schleswig-Holstein,0,3,1954,1954-09-12,FALSE,ssw,Other (named),FALSE,SSV/SSW4,3.5,NA,78.6,69
sh,Schleswig-Holstein,0,3,1954,1954-09-12,FALSE,kpd,KPD/DKP,FALSE,KPD/DKP¹,2.1,NA,78.6,69
sh,Schleswig-Holstein,0,3,1954,1954-09-12,FALSE,drp,Far right (pre-AfD),TRUE,DRP/NPD²,1.5,NA,78.6,69
sh,Schleswig-Holstein,0,3,1954,1954-09-12,FALSE,oth,Other,FALSE,Sonstige,0.9,NA,78.6,69
sh,Schleswig-Holstein,0,3,1954,1954-09-12,FALSE,gru,Greens,FALSE,GRÜNE,NA,NA,78.6,69
sh,Schleswig-Holstein,0,3,1954,1954-09-12,FALSE,lin,Left,FALSE,DIE LINKE5,NA,NA,78.6,69
sh,Schleswig-Holstein,0,3,1954,1954-09-12,FALSE,pir,Other (named),FALSE,PIRATEN,NA,NA,78.6,69
sh,Schleswig-Holstein,0,3,1954,1954-09-12,FALSE,afd,AfD,TRUE,AfD,NA,NA,78.6,69
sh,Schleswig-Holstein,0,3,1954,1954-09-12,FALSE,rep,Far right (pre-AfD),TRUE,REP,NA,NA,78.6,69
sh,Schleswig-Holstein,0,3,1954,1954-09-12,FALSE,dvu,Far right (pre-AfD),TRUE,DVU,NA,NA,78.6,69
sh,Schleswig-Holstein,0,4,1958,1958-11-28,FALSE,cdu,CDU/CSU,FALSE,CDU,44.4,33,78.7,69
sh,Schleswig-Holstein,0,4,1958,1958-11-28,FALSE,spd,SPD,FALSE,SPD,35.9,26,78.7,69
sh,Schleswig-Holstein,0,4,1958,1958-11-28,FALSE,bhe,Other (named),FALSE,GB/BHE,6.9,5,78.7,69
sh,Schleswig-Holstein,0,4,1958,1958-11-28,FALSE,fdp,FDP,FALSE,FDP,5.4,3,78.7,69
sh,Schleswig-Holstein,0,4,1958,1958-11-28,FALSE,ssw,Other (named),FALSE,SSV/SSW4,2.8,2,78.7,69
sh,Schleswig-Holstein,0,4,1958,1958-11-28,FALSE,dp,Other (named),FALSE,DP³,2.8,NA,78.7,69
sh,Schleswig-Holstein,0,4,1958,1958-11-28,FALSE,drp,Far right (pre-AfD),TRUE,DRP/NPD²,1.1,NA,78.7,69
sh,Schleswig-Holstein,0,4,1958,1958-11-28,FALSE,oth,Other,FALSE,Sonstige,0.7,NA,78.7,69
sh,Schleswig-Holstein,0,4,1958,1958-11-28,FALSE,gru,Greens,FALSE,GRÜNE,NA,NA,78.7,69
sh,Schleswig-Holstein,0,4,1958,1958-11-28,FALSE,lin,Left,FALSE,DIE LINKE5,NA,NA,78.7,69
sh,Schleswig-Holstein,0,4,1958,1958-11-28,FALSE,pir,Other (named),FALSE,PIRATEN,NA,NA,78.7,69
sh,Schleswig-Holstein,0,4,1958,1958-11-28,FALSE,afd,AfD,TRUE,AfD,NA,NA,78.7,69
sh,Schleswig-Holstein,0,4,1958,1958-11-28,FALSE,kpd,KPD/DKP,FALSE,KPD/DKP¹,NA,NA,78.7,69
sh,Schleswig-Holstein,0,4,1958,1958-11-28,FALSE,rep,Far right (pre-AfD),TRUE,REP,NA,NA,78.7,69
sh,Schleswig-Holstein,0,4,1958,1958-11-28,FALSE,dvu,Far right (pre-AfD),TRUE,DVU,NA,NA,78.7,69
sh,Schleswig-Holstein,0,5,1962,1962-11-23,FALSE,cdu,CDU/CSU,FALSE,CDU,45,34,70.1,69
sh,Schleswig-Holstein,0,5,1962,1962-11-23,FALSE,spd,SPD,FALSE,SPD,39.2,29,70.1,69
sh,Schleswig-Holstein,0,5,1962,1962-11-23,FALSE,fdp,FDP,FALSE,FDP,7.9,5,70.1,69
sh,Schleswig-Holstein,0,5,1962,1962-11-23,FALSE,bhe,Other (named),FALSE,GB/BHE,4.2,NA,70.1,69
sh,Schleswig-Holstein,0,5,1962,1962-11-23,FALSE,ssw,Other (named),FALSE,SSV/SSW4,2.3,1,70.1,69
sh,Schleswig-Holstein,0,5,1962,1962-11-23,FALSE,oth,Other,FALSE,Sonstige,1.4,NA,70.1,69
sh,Schleswig-Holstein,0,5,1962,1962-11-23,FALSE,gru,Greens,FALSE,GRÜNE,NA,NA,70.1,69
sh,Schleswig-Holstein,0,5,1962,1962-11-23,FALSE,lin,Left,FALSE,DIE LINKE5,NA,NA,70.1,69
sh,Schleswig-Holstein,0,5,1962,1962-11-23,FALSE,drp,Far right (pre-AfD),TRUE,DRP/NPD²,NA,NA,70.1,69
sh,Schleswig-Holstein,0,5,1962,1962-11-23,FALSE,pir,Other (named),FALSE,PIRATEN,NA,NA,70.1,69
sh,Schleswig-Holstein,0,5,1962,1962-11-23,FALSE,afd,AfD,TRUE,AfD,NA,NA,70.1,69
sh,Schleswig-Holstein,0,5,1962,1962-11-23,FALSE,dp,Other (named),FALSE,DP³,NA,NA,70.1,69
sh,Schleswig-Holstein,0,5,1962,1962-11-23,FALSE,kpd,KPD/DKP,FALSE,KPD/DKP¹,NA,NA,70.1,69
sh,Schleswig-Holstein,0,5,1962,1962-11-23,FALSE,rep,Far right (pre-AfD),TRUE,REP,NA,NA,70.1,69
sh,Schleswig-Holstein,0,5,1962,1962-11-23,FALSE,dvu,Far right (pre-AfD),TRUE,DVU,NA,NA,70.1,69
sh,Schleswig-Holstein,0,6,1967,1967-04-23,FALSE,cdu,CDU/CSU,FALSE,CDU,46,34,74.1,73
sh,Schleswig-Holstein,0,6,1967,1967-04-23,FALSE,spd,SPD,FALSE,SPD,39.4,30,74.1,73
sh,Schleswig-Holstein,0,6,1967,1967-04-23,FALSE,fdp,FDP,FALSE,FDP,5.9,4,74.1,73
sh,Schleswig-Holstein,0,6,1967,1967-04-23,FALSE,npd,Far right (pre-AfD),TRUE,DRP/NPD²,5.8,4,74.1,73
sh,Schleswig-Holstein,0,6,1967,1967-04-23,FALSE,ssw,Other (named),FALSE,SSV/SSW4,1.9,1,74.1,73
sh,Schleswig-Holstein,0,6,1967,1967-04-23,FALSE,oth,Other,FALSE,Sonstige,1,NA,74.1,73
sh,Schleswig-Holstein,0,6,1967,1967-04-23,FALSE,gru,Greens,FALSE,GRÜNE,NA,NA,74.1,73
sh,Schleswig-Holstein,0,6,1967,1967-04-23,FALSE,lin,Left,FALSE,DIE LINKE5,NA,NA,74.1,73
sh,Schleswig-Holstein,0,6,1967,1967-04-23,FALSE,pir,Other (named),FALSE,PIRATEN,NA,NA,74.1,73
sh,Schleswig-Holstein,0,6,1967,1967-04-23,FALSE,afd,AfD,TRUE,AfD,NA,NA,74.1,73
sh,Schleswig-Holstein,0,6,1967,1967-04-23,FALSE,bhe,Other (named),FALSE,GB/BHE,NA,NA,74.1,73
sh,Schleswig-Holstein,0,6,1967,1967-04-23,FALSE,dp,Other (named),FALSE,DP³,NA,NA,74.1,73
sh,Schleswig-Holstein,0,6,1967,1967-04-23,FALSE,kpd,KPD/DKP,FALSE,KPD/DKP¹,NA,NA,74.1,73
sh,Schleswig-Holstein,0,6,1967,1967-04-23,FALSE,rep,Far right (pre-AfD),TRUE,REP,NA,NA,74.1,73
sh,Schleswig-Holstein,0,6,1967,1967-04-23,FALSE,dvu,Far right (pre-AfD),TRUE,DVU,NA,NA,74.1,73
sh,Schleswig-Holstein,0,7,1971,1971-04-25,FALSE,cdu,CDU/CSU,FALSE,CDU,51.9,40,79.2,73
sh,Schleswig-Holstein,0,7,1971,1971-04-25,FALSE,spd,SPD,FALSE,SPD,41,32,79.2,73
sh,Schleswig-Holstein,0,7,1971,1971-04-25,FALSE,fdp,FDP,FALSE,FDP,3.8,NA,79.2,73
sh,Schleswig-Holstein,0,7,1971,1971-04-25,FALSE,ssw,Other (named),FALSE,SSV/SSW4,1.4,1,79.2,73
sh,Schleswig-Holstein,0,7,1971,1971-04-25,FALSE,npd,Far right (pre-AfD),TRUE,DRP/NPD²,1.3,NA,79.2,73
sh,Schleswig-Holstein,0,7,1971,1971-04-25,FALSE,kpd,KPD/DKP,FALSE,KPD/DKP¹,0.4,NA,79.2,73
sh,Schleswig-Holstein,0,7,1971,1971-04-25,FALSE,oth,Other,FALSE,Sonstige,0.2,NA,79.2,73
sh,Schleswig-Holstein,0,7,1971,1971-04-25,FALSE,gru,Greens,FALSE,GRÜNE,NA,NA,79.2,73
sh,Schleswig-Holstein,0,7,1971,1971-04-25,FALSE,lin,Left,FALSE,DIE LINKE5,NA,NA,79.2,73
sh,Schleswig-Holstein,0,7,1971,1971-04-25,FALSE,pir,Other (named),FALSE,PIRATEN,NA,NA,79.2,73
sh,Schleswig-Holstein,0,7,1971,1971-04-25,FALSE,afd,AfD,TRUE,AfD,NA,NA,79.2,73
sh,Schleswig-Holstein,0,7,1971,1971-04-25,FALSE,bhe,Other (named),FALSE,GB/BHE,NA,NA,79.2,73
sh,Schleswig-Holstein,0,7,1971,1971-04-25,FALSE,dp,Other (named),FALSE,DP³,NA,NA,79.2,73
sh,Schleswig-Holstein,0,7,1971,1971-04-25,FALSE,rep,Far right (pre-AfD),TRUE,REP,NA,NA,79.2,73
sh,Schleswig-Holstein,0,7,1971,1971-04-25,FALSE,dvu,Far right (pre-AfD),TRUE,DVU,NA,NA,79.2,73
sh,Schleswig-Holstein,0,8,1975,1975-04-13,FALSE,cdu,CDU/CSU,FALSE,CDU,50.4,37,82.3,73
sh,Schleswig-Holstein,0,8,1975,1975-04-13,FALSE,spd,SPD,FALSE,SPD,40.1,30,82.3,73
sh,Schleswig-Holstein,0,8,1975,1975-04-13,FALSE,fdp,FDP,FALSE,FDP,7.1,5,82.3,73
sh,Schleswig-Holstein,0,8,1975,1975-04-13,FALSE,ssw,Other (named),FALSE,SSV/SSW4,1.4,1,82.3,73
sh,Schleswig-Holstein,0,8,1975,1975-04-13,FALSE,npd,Far right (pre-AfD),TRUE,DRP/NPD²,0.5,NA,82.3,73
sh,Schleswig-Holstein,0,8,1975,1975-04-13,FALSE,kpd,KPD/DKP,FALSE,KPD/DKP¹,0.4,NA,82.3,73
sh,Schleswig-Holstein,0,8,1975,1975-04-13,FALSE,gru,Greens,FALSE,GRÜNE,NA,NA,82.3,73
sh,Schleswig-Holstein,0,8,1975,1975-04-13,FALSE,lin,Left,FALSE,DIE LINKE5,NA,NA,82.3,73
sh,Schleswig-Holstein,0,8,1975,1975-04-13,FALSE,pir,Other (named),FALSE,PIRATEN,NA,NA,82.3,73
sh,Schleswig-Holstein,0,8,1975,1975-04-13,FALSE,afd,AfD,TRUE,AfD,NA,NA,82.3,73
sh,Schleswig-Holstein,0,8,1975,1975-04-13,FALSE,bhe,Other (named),FALSE,GB/BHE,NA,NA,82.3,73
sh,Schleswig-Holstein,0,8,1975,1975-04-13,FALSE,dp,Other (named),FALSE,DP³,NA,NA,82.3,73
sh,Schleswig-Holstein,0,8,1975,1975-04-13,FALSE,rep,Far right (pre-AfD),TRUE,REP,NA,NA,82.3,73
sh,Schleswig-Holstein,0,8,1975,1975-04-13,FALSE,dvu,Far right (pre-AfD),TRUE,DVU,NA,NA,82.3,73
sh,Schleswig-Holstein,0,8,1975,1975-04-13,FALSE,oth,Other,FALSE,Sonstige,0.1,NA,82.3,73
sh,Schleswig-Holstein,0,9,1979,1979-04-29,FALSE,cdu,CDU/CSU,FALSE,CDU,48.3,37,83.3,73
sh,Schleswig-Holstein,0,9,1979,1979-04-29,FALSE,spd,SPD,FALSE,SPD,41.7,31,83.3,73
sh,Schleswig-Holstein,0,9,1979,1979-04-29,FALSE,fdp,FDP,FALSE,FDP,5.7,4,83.3,73
sh,Schleswig-Holstein,0,9,1979,1979-04-29,FALSE,gru,Greens,FALSE,GRÜNE,2.4,NA,83.3,73
sh,Schleswig-Holstein,0,9,1979,1979-04-29,FALSE,ssw,Other (named),FALSE,SSV/SSW4,1.4,1,83.3,73
sh,Schleswig-Holstein,0,9,1979,1979-04-29,FALSE,npd,Far right (pre-AfD),TRUE,DRP/NPD²,0.2,NA,83.3,73
sh,Schleswig-Holstein,0,9,1979,1979-04-29,FALSE,kpd,KPD/DKP,FALSE,KPD/DKP¹,0.2,NA,83.3,73
sh,Schleswig-Holstein,0,9,1979,1979-04-29,FALSE,lin,Left,FALSE,DIE LINKE5,NA,NA,83.3,73
sh,Schleswig-Holstein,0,9,1979,1979-04-29,FALSE,pir,Other (named),FALSE,PIRATEN,NA,NA,83.3,73
sh,Schleswig-Holstein,0,9,1979,1979-04-29,FALSE,afd,AfD,TRUE,AfD,NA,NA,83.3,73
sh,Schleswig-Holstein,0,9,1979,1979-04-29,FALSE,bhe,Other (named),FALSE,GB/BHE,NA,NA,83.3,73
sh,Schleswig-Holstein,0,9,1979,1979-04-29,FALSE,dp,Other (named),FALSE,DP³,NA,NA,83.3,73
sh,Schleswig-Holstein,0,9,1979,1979-04-29,FALSE,rep,Far right (pre-AfD),TRUE,REP,NA,NA,83.3,73
sh,Schleswig-Holstein,0,9,1979,1979-04-29,FALSE,dvu,Far right (pre-AfD),TRUE,DVU,NA,NA,83.3,73
sh,Schleswig-Holstein,0,9,1979,1979-04-29,FALSE,oth,Other,FALSE,Sonstige,0.1,NA,83.3,73
sh,Schleswig-Holstein,0,10,1983,1983-03-13,FALSE,cdu,CDU/CSU,FALSE,CDU,49,39,84.8,74
sh,Schleswig-Holstein,0,10,1983,1983-03-13,FALSE,spd,SPD,FALSE,SPD,43.7,34,84.8,74
sh,Schleswig-Holstein,0,10,1983,1983-03-13,FALSE,gru,Greens,FALSE,GRÜNE,3.6,NA,84.8,74
sh,Schleswig-Holstein,0,10,1983,1983-03-13,FALSE,fdp,FDP,FALSE,FDP,2.2,NA,84.8,74
sh,Schleswig-Holstein,0,10,1983,1983-03-13,FALSE,ssw,Other (named),FALSE,SSV/SSW4,1.3,1,84.8,74
sh,Schleswig-Holstein,0,10,1983,1983-03-13,FALSE,kpd,KPD/DKP,FALSE,KPD/DKP¹,0.1,NA,84.8,74
sh,Schleswig-Holstein,0,10,1983,1983-03-13,FALSE,oth,Other,FALSE,Sonstige,0.1,NA,84.8,74
sh,Schleswig-Holstein,0,10,1983,1983-03-13,FALSE,lin,Left,FALSE,DIE LINKE5,NA,NA,84.8,74
sh,Schleswig-Holstein,0,10,1983,1983-03-13,FALSE,npd,Far right (pre-AfD),TRUE,DRP/NPD²,NA,NA,84.8,74
sh,Schleswig-Holstein,0,10,1983,1983-03-13,FALSE,pir,Other (named),FALSE,PIRATEN,NA,NA,84.8,74
sh,Schleswig-Holstein,0,10,1983,1983-03-13,FALSE,afd,AfD,TRUE,AfD,NA,NA,84.8,74
sh,Schleswig-Holstein,0,10,1983,1983-03-13,FALSE,bhe,Other (named),FALSE,GB/BHE,NA,NA,84.8,74
sh,Schleswig-Holstein,0,10,1983,1983-03-13,FALSE,dp,Other (named),FALSE,DP³,NA,NA,84.8,74
sh,Schleswig-Holstein,0,10,1983,1983-03-13,FALSE,rep,Far right (pre-AfD),TRUE,REP,NA,NA,84.8,74
sh,Schleswig-Holstein,0,10,1983,1983-03-13,FALSE,dvu,Far right (pre-AfD),TRUE,DVU,NA,NA,84.8,74
sh,Schleswig-Holstein,0,11,1987,1987-09-13,FALSE,spd,SPD,FALSE,SPD,45.2,36,76.6,74
sh,Schleswig-Holstein,0,11,1987,1987-09-13,FALSE,cdu,CDU/CSU,FALSE,CDU,42.6,33,76.6,74
sh,Schleswig-Holstein,0,11,1987,1987-09-13,FALSE,fdp,FDP,FALSE,FDP,5.2,4,76.6,74
sh,Schleswig-Holstein,0,11,1987,1987-09-13,FALSE,gru,Greens,FALSE,GRÜNE,3.9,NA,76.6,74
sh,Schleswig-Holstein,0,11,1987,1987-09-13,FALSE,oth,Other,FALSE,Sonstige,1.6,NA,76.6,74
sh,Schleswig-Holstein,0,11,1987,1987-09-13,FALSE,ssw,Other (named),FALSE,SSV/SSW4,1.5,1,76.6,74
sh,Schleswig-Holstein,0,11,1987,1987-09-13,FALSE,lin,Left,FALSE,DIE LINKE5,NA,NA,76.6,74
sh,Schleswig-Holstein,0,11,1987,1987-09-13,FALSE,npd,Far right (pre-AfD),TRUE,DRP/NPD²,NA,NA,76.6,74
sh,Schleswig-Holstein,0,11,1987,1987-09-13,FALSE,pir,Other (named),FALSE,PIRATEN,NA,NA,76.6,74
sh,Schleswig-Holstein,0,11,1987,1987-09-13,FALSE,afd,AfD,TRUE,AfD,NA,NA,76.6,74
sh,Schleswig-Holstein,0,11,1987,1987-09-13,FALSE,bhe,Other (named),FALSE,GB/BHE,NA,NA,76.6,74
sh,Schleswig-Holstein,0,11,1987,1987-09-13,FALSE,dp,Other (named),FALSE,DP³,NA,NA,76.6,74
sh,Schleswig-Holstein,0,11,1987,1987-09-13,FALSE,kpd,KPD/DKP,FALSE,KPD/DKP¹,NA,NA,76.6,74
sh,Schleswig-Holstein,0,11,1987,1987-09-13,FALSE,rep,Far right (pre-AfD),TRUE,REP,NA,NA,76.6,74
sh,Schleswig-Holstein,0,11,1987,1987-09-13,FALSE,dvu,Far right (pre-AfD),TRUE,DVU,NA,NA,76.6,74
sh,Schleswig-Holstein,0,12,1988,1988-05-08,FALSE,spd,SPD,FALSE,SPD,54.8,46,77.4,74
sh,Schleswig-Holstein,0,12,1988,1988-05-08,FALSE,cdu,CDU/CSU,FALSE,CDU,33.3,27,77.4,74
sh,Schleswig-Holstein,0,12,1988,1988-05-08,FALSE,fdp,FDP,FALSE,FDP,4.4,NA,77.4,74
sh,Schleswig-Holstein,0,12,1988,1988-05-08,FALSE,gru,Greens,FALSE,GRÜNE,2.9,NA,77.4,74
sh,Schleswig-Holstein,0,12,1988,1988-05-08,FALSE,ssw,Other (named),FALSE,SSV/SSW4,1.7,1,77.4,74
sh,Schleswig-Holstein,0,12,1988,1988-05-08,FALSE,npd,Far right (pre-AfD),TRUE,DRP/NPD²,1.2,NA,77.4,74
sh,Schleswig-Holstein,0,12,1988,1988-05-08,FALSE,oth,Other,FALSE,Sonstige,1,NA,77.4,74
sh,Schleswig-Holstein,0,12,1988,1988-05-08,FALSE,rep,Far right (pre-AfD),TRUE,REP,0.6,NA,77.4,74
sh,Schleswig-Holstein,0,12,1988,1988-05-08,FALSE,kpd,KPD/DKP,FALSE,KPD/DKP¹,0.1,NA,77.4,74
sh,Schleswig-Holstein,0,12,1988,1988-05-08,FALSE,lin,Left,FALSE,DIE LINKE5,NA,NA,77.4,74
sh,Schleswig-Holstein,0,12,1988,1988-05-08,FALSE,pir,Other (named),FALSE,PIRATEN,NA,NA,77.4,74
sh,Schleswig-Holstein,0,12,1988,1988-05-08,FALSE,afd,AfD,TRUE,AfD,NA,NA,77.4,74
sh,Schleswig-Holstein,0,12,1988,1988-05-08,FALSE,bhe,Other (named),FALSE,GB/BHE,NA,NA,77.4,74
sh,Schleswig-Holstein,0,12,1988,1988-05-08,FALSE,dp,Other (named),FALSE,DP³,NA,NA,77.4,74
sh,Schleswig-Holstein,0,12,1988,1988-05-08,FALSE,dvu,Far right (pre-AfD),TRUE,DVU,NA,NA,77.4,74
sh,Schleswig-Holstein,0,13,1992,1992-04-05,FALSE,spd,SPD,FALSE,SPD,46.2,45,71.7,89
sh,Schleswig-Holstein,0,13,1992,1992-04-05,FALSE,cdu,CDU/CSU,FALSE,CDU,33.8,32,71.7,89
sh,Schleswig-Holstein,0,13,1992,1992-04-05,FALSE,dvu,Far right (pre-AfD),TRUE,DVU,6.3,6,71.7,89
sh,Schleswig-Holstein,0,13,1992,1992-04-05,FALSE,fdp,FDP,FALSE,FDP,5.6,5,71.7,89
sh,Schleswig-Holstein,0,13,1992,1992-04-05,FALSE,gru,Greens,FALSE,GRÜNE,4.97,NA,71.7,89
sh,Schleswig-Holstein,0,13,1992,1992-04-05,FALSE,ssw,Other (named),FALSE,SSV/SSW4,1.9,1,71.7,89
sh,Schleswig-Holstein,0,13,1992,1992-04-05,FALSE,rep,Far right (pre-AfD),TRUE,REP,1.2,NA,71.7,89
sh,Schleswig-Holstein,0,13,1992,1992-04-05,FALSE,oth,Other,FALSE,Sonstige,0.1,NA,71.7,89
sh,Schleswig-Holstein,0,13,1992,1992-04-05,FALSE,lin,Left,FALSE,DIE LINKE5,NA,NA,71.7,89
sh,Schleswig-Holstein,0,13,1992,1992-04-05,FALSE,npd,Far right (pre-AfD),TRUE,DRP/NPD²,NA,NA,71.7,89
sh,Schleswig-Holstein,0,13,1992,1992-04-05,FALSE,pir,Other (named),FALSE,PIRATEN,NA,NA,71.7,89
sh,Schleswig-Holstein,0,13,1992,1992-04-05,FALSE,afd,AfD,TRUE,AfD,NA,NA,71.7,89
sh,Schleswig-Holstein,0,13,1992,1992-04-05,FALSE,bhe,Other (named),FALSE,GB/BHE,NA,NA,71.7,89
sh,Schleswig-Holstein,0,13,1992,1992-04-05,FALSE,dp,Other (named),FALSE,DP³,NA,NA,71.7,89
sh,Schleswig-Holstein,0,13,1992,1992-04-05,FALSE,kpd,KPD/DKP,FALSE,KPD/DKP¹,NA,NA,71.7,89
sh,Schleswig-Holstein,0,14,1996,1996-03-24,FALSE,spd,SPD,FALSE,SPD,39.8,33,71.8,75
sh,Schleswig-Holstein,0,14,1996,1996-03-24,FALSE,cdu,CDU/CSU,FALSE,CDU,37.2,30,71.8,75
sh,Schleswig-Holstein,0,14,1996,1996-03-24,FALSE,gru,Greens,FALSE,GRÜNE,8.1,6,71.8,75
sh,Schleswig-Holstein,0,14,1996,1996-03-24,FALSE,fdp,FDP,FALSE,FDP,5.7,4,71.8,75
sh,Schleswig-Holstein,0,14,1996,1996-03-24,FALSE,dvu,Far right (pre-AfD),TRUE,DVU,4.3,NA,71.8,75
sh,Schleswig-Holstein,0,14,1996,1996-03-24,FALSE,ssw,Other (named),FALSE,SSV/SSW4,2.5,2,71.8,75
sh,Schleswig-Holstein,0,14,1996,1996-03-24,FALSE,oth,Other,FALSE,Sonstige,2.4,NA,71.8,75
sh,Schleswig-Holstein,0,14,1996,1996-03-24,FALSE,lin,Left,FALSE,DIE LINKE5,NA,NA,71.8,75
sh,Schleswig-Holstein,0,14,1996,1996-03-24,FALSE,npd,Far right (pre-AfD),TRUE,DRP/NPD²,NA,NA,71.8,75
sh,Schleswig-Holstein,0,14,1996,1996-03-24,FALSE,pir,Other (named),FALSE,PIRATEN,NA,NA,71.8,75
sh,Schleswig-Holstein,0,14,1996,1996-03-24,FALSE,afd,AfD,TRUE,AfD,NA,NA,71.8,75
sh,Schleswig-Holstein,0,14,1996,1996-03-24,FALSE,bhe,Other (named),FALSE,GB/BHE,NA,NA,71.8,75
sh,Schleswig-Holstein,0,14,1996,1996-03-24,FALSE,dp,Other (named),FALSE,DP³,NA,NA,71.8,75
sh,Schleswig-Holstein,0,14,1996,1996-03-24,FALSE,kpd,KPD/DKP,FALSE,KPD/DKP¹,NA,NA,71.8,75
sh,Schleswig-Holstein,0,14,1996,1996-03-24,FALSE,rep,Far right (pre-AfD),TRUE,REP,NA,NA,71.8,75
sh,Schleswig-Holstein,0,15,2000,2000-02-27,FALSE,spd,SPD,FALSE,SPD,43.1,41,69.5,89
sh,Schleswig-Holstein,0,15,2000,2000-02-27,FALSE,cdu,CDU/CSU,FALSE,CDU,35.2,33,69.5,89
sh,Schleswig-Holstein,0,15,2000,2000-02-27,FALSE,fdp,FDP,FALSE,FDP,7.6,7,69.5,89
sh,Schleswig-Holstein,0,15,2000,2000-02-27,FALSE,gru,Greens,FALSE,GRÜNE,6.2,5,69.5,89
sh,Schleswig-Holstein,0,15,2000,2000-02-27,FALSE,ssw,Other (named),FALSE,SSV/SSW4,4.1,3,69.5,89
sh,Schleswig-Holstein,0,15,2000,2000-02-27,FALSE,lin,Left,FALSE,DIE LINKE5,1.4,NA,69.5,89
sh,Schleswig-Holstein,0,15,2000,2000-02-27,FALSE,oth,Other,FALSE,Sonstige,1.3,NA,69.5,89
sh,Schleswig-Holstein,0,15,2000,2000-02-27,FALSE,npd,Far right (pre-AfD),TRUE,DRP/NPD²,1,NA,69.5,89
sh,Schleswig-Holstein,0,15,2000,2000-02-27,FALSE,pir,Other (named),FALSE,PIRATEN,NA,NA,69.5,89
sh,Schleswig-Holstein,0,15,2000,2000-02-27,FALSE,afd,AfD,TRUE,AfD,NA,NA,69.5,89
sh,Schleswig-Holstein,0,15,2000,2000-02-27,FALSE,bhe,Other (named),FALSE,GB/BHE,NA,NA,69.5,89
sh,Schleswig-Holstein,0,15,2000,2000-02-27,FALSE,dp,Other (named),FALSE,DP³,NA,NA,69.5,89
sh,Schleswig-Holstein,0,15,2000,2000-02-27,FALSE,kpd,KPD/DKP,FALSE,KPD/DKP¹,NA,NA,69.5,89
sh,Schleswig-Holstein,0,15,2000,2000-02-27,FALSE,rep,Far right (pre-AfD),TRUE,REP,NA,NA,69.5,89
sh,Schleswig-Holstein,0,15,2000,2000-02-27,FALSE,dvu,Far right (pre-AfD),TRUE,DVU,NA,NA,69.5,89
sh,Schleswig-Holstein,0,16,2005,2005-02-20,FALSE,cdu,CDU/CSU,FALSE,CDU,40.2,30,66.5,69
sh,Schleswig-Holstein,0,16,2005,2005-02-20,FALSE,spd,SPD,FALSE,SPD,38.7,29,66.5,69
sh,Schleswig-Holstein,0,16,2005,2005-02-20,FALSE,fdp,FDP,FALSE,FDP,6.6,4,66.5,69
sh,Schleswig-Holstein,0,16,2005,2005-02-20,FALSE,gru,Greens,FALSE,GRÜNE,6.2,4,66.5,69
sh,Schleswig-Holstein,0,16,2005,2005-02-20,FALSE,ssw,Other (named),FALSE,SSV/SSW4,3.6,2,66.5,69
sh,Schleswig-Holstein,0,16,2005,2005-02-20,FALSE,npd,Far right (pre-AfD),TRUE,DRP/NPD²,1.9,NA,66.5,69
sh,Schleswig-Holstein,0,16,2005,2005-02-20,FALSE,oth,Other,FALSE,Sonstige,1.9,NA,66.5,69
sh,Schleswig-Holstein,0,16,2005,2005-02-20,FALSE,lin,Left,FALSE,DIE LINKE5,0.8,NA,66.5,69
sh,Schleswig-Holstein,0,16,2005,2005-02-20,FALSE,kpd,KPD/DKP,FALSE,KPD/DKP¹,0.1,NA,66.5,69
sh,Schleswig-Holstein,0,16,2005,2005-02-20,FALSE,pir,Other (named),FALSE,PIRATEN,NA,NA,66.5,69
sh,Schleswig-Holstein,0,16,2005,2005-02-20,FALSE,afd,AfD,TRUE,AfD,NA,NA,66.5,69
sh,Schleswig-Holstein,0,16,2005,2005-02-20,FALSE,bhe,Other (named),FALSE,GB/BHE,NA,NA,66.5,69
sh,Schleswig-Holstein,0,16,2005,2005-02-20,FALSE,dp,Other (named),FALSE,DP³,NA,NA,66.5,69
sh,Schleswig-Holstein,0,16,2005,2005-02-20,FALSE,rep,Far right (pre-AfD),TRUE,REP,NA,NA,66.5,69
sh,Schleswig-Holstein,0,16,2005,2005-02-20,FALSE,dvu,Far right (pre-AfD),TRUE,DVU,NA,NA,66.5,69
sh,Schleswig-Holstein,0,17,2009,2009-09-27,FALSE,cdu,CDU/CSU,FALSE,CDU,31.5,34,73.6,95
sh,Schleswig-Holstein,0,17,2009,2009-09-27,FALSE,spd,SPD,FALSE,SPD,25.4,25,73.6,95
sh,Schleswig-Holstein,0,17,2009,2009-09-27,FALSE,fdp,FDP,FALSE,FDP,14.9,14,73.6,95
sh,Schleswig-Holstein,0,17,2009,2009-09-27,FALSE,gru,Greens,FALSE,GRÜNE,12.4,12,73.6,95
sh,Schleswig-Holstein,0,17,2009,2009-09-27,FALSE,lin,Left,FALSE,DIE LINKE5,6,6,73.6,95
sh,Schleswig-Holstein,0,17,2009,2009-09-27,FALSE,ssw,Other (named),FALSE,SSV/SSW4,4.3,4,73.6,95
sh,Schleswig-Holstein,0,17,2009,2009-09-27,FALSE,oth,Other,FALSE,Sonstige,2.6,NA,73.6,95
sh,Schleswig-Holstein,0,17,2009,2009-09-27,FALSE,pir,Other (named),FALSE,PIRATEN,1.8,NA,73.6,95
sh,Schleswig-Holstein,0,17,2009,2009-09-27,FALSE,npd,Far right (pre-AfD),TRUE,DRP/NPD²,0.9,NA,73.6,95
sh,Schleswig-Holstein,0,17,2009,2009-09-27,FALSE,afd,AfD,TRUE,AfD,NA,NA,73.6,95
sh,Schleswig-Holstein,0,17,2009,2009-09-27,FALSE,bhe,Other (named),FALSE,GB/BHE,NA,NA,73.6,95
sh,Schleswig-Holstein,0,17,2009,2009-09-27,FALSE,dp,Other (named),FALSE,DP³,NA,NA,73.6,95
sh,Schleswig-Holstein,0,17,2009,2009-09-27,FALSE,kpd,KPD/DKP,FALSE,KPD/DKP¹,NA,NA,73.6,95
sh,Schleswig-Holstein,0,17,2009,2009-09-27,FALSE,rep,Far right (pre-AfD),TRUE,REP,NA,NA,73.6,95
sh,Schleswig-Holstein,0,17,2009,2009-09-27,FALSE,dvu,Far right (pre-AfD),TRUE,DVU,NA,NA,73.6,95
sh,Schleswig-Holstein,0,18,2012,2012-05-06,FALSE,cdu,CDU/CSU,FALSE,CDU,30.8,22,60.2,69
sh,Schleswig-Holstein,0,18,2012,2012-05-06,FALSE,spd,SPD,FALSE,SPD,30.4,22,60.2,69
sh,Schleswig-Holstein,0,18,2012,2012-05-06,FALSE,gru,Greens,FALSE,GRÜNE,13.2,10,60.2,69
sh,Schleswig-Holstein,0,18,2012,2012-05-06,FALSE,fdp,FDP,FALSE,FDP,8.2,6,60.2,69
sh,Schleswig-Holstein,0,18,2012,2012-05-06,FALSE,pir,Other (named),FALSE,PIRATEN,8.2,6,60.2,69
sh,Schleswig-Holstein,0,18,2012,2012-05-06,FALSE,ssw,Other (named),FALSE,SSV/SSW4,4.6,3,60.2,69
sh,Schleswig-Holstein,0,18,2012,2012-05-06,FALSE,lin,Left,FALSE,DIE LINKE5,2.3,NA,60.2,69
sh,Schleswig-Holstein,0,18,2012,2012-05-06,FALSE,oth,Other,FALSE,Sonstige,1.7,NA,60.2,69
sh,Schleswig-Holstein,0,18,2012,2012-05-06,FALSE,npd,Far right (pre-AfD),TRUE,DRP/NPD²,0.7,NA,60.2,69
sh,Schleswig-Holstein,0,18,2012,2012-05-06,FALSE,afd,AfD,TRUE,AfD,NA,NA,60.2,69
sh,Schleswig-Holstein,0,18,2012,2012-05-06,FALSE,bhe,Other (named),FALSE,GB/BHE,NA,NA,60.2,69
sh,Schleswig-Holstein,0,18,2012,2012-05-06,FALSE,dp,Other (named),FALSE,DP³,NA,NA,60.2,69
sh,Schleswig-Holstein,0,18,2012,2012-05-06,FALSE,kpd,KPD/DKP,FALSE,KPD/DKP¹,NA,NA,60.2,69
sh,Schleswig-Holstein,0,18,2012,2012-05-06,FALSE,rep,Far right (pre-AfD),TRUE,REP,NA,NA,60.2,69
sh,Schleswig-Holstein,0,18,2012,2012-05-06,FALSE,dvu,Far right (pre-AfD),TRUE,DVU,NA,NA,60.2,69
sh,Schleswig-Holstein,0,19,2017,2017-05-07,FALSE,cdu,CDU/CSU,FALSE,CDU,32,25,64.2,73
sh,Schleswig-Holstein,0,19,2017,2017-05-07,FALSE,spd,SPD,FALSE,SPD,27.2,21,64.2,73
sh,Schleswig-Holstein,0,19,2017,2017-05-07,FALSE,gru,Greens,FALSE,GRÜNE,12.9,10,64.2,73
sh,Schleswig-Holstein,0,19,2017,2017-05-07,FALSE,fdp,FDP,FALSE,FDP,11.5,9,64.2,73
sh,Schleswig-Holstein,0,19,2017,2017-05-07,FALSE,afd,AfD,TRUE,AfD,5.9,5,64.2,73
sh,Schleswig-Holstein,0,19,2017,2017-05-07,FALSE,lin,Left,FALSE,DIE LINKE5,3.8,NA,64.2,73
sh,Schleswig-Holstein,0,19,2017,2017-05-07,FALSE,ssw,Other (named),FALSE,SSV/SSW4,3.3,3,64.2,73
sh,Schleswig-Holstein,0,19,2017,2017-05-07,FALSE,oth,Other,FALSE,Sonstige,2.3,NA,64.2,73
sh,Schleswig-Holstein,0,19,2017,2017-05-07,FALSE,pir,Other (named),FALSE,PIRATEN,1.2,NA,64.2,73
sh,Schleswig-Holstein,0,19,2017,2017-05-07,FALSE,npd,Far right (pre-AfD),TRUE,DRP/NPD²,NA,NA,64.2,73
sh,Schleswig-Holstein,0,19,2017,2017-05-07,FALSE,bhe,Other (named),FALSE,GB/BHE,NA,NA,64.2,73
sh,Schleswig-Holstein,0,19,2017,2017-05-07,FALSE,dp,Other (named),FALSE,DP³,NA,NA,64.2,73
sh,Schleswig-Holstein,0,19,2017,2017-05-07,FALSE,kpd,KPD/DKP,FALSE,KPD/DKP¹,NA,NA,64.2,73
sh,Schleswig-Holstein,0,19,2017,2017-05-07,FALSE,rep,Far right (pre-AfD),TRUE,REP,NA,NA,64.2,73
sh,Schleswig-Holstein,0,19,2017,2017-05-07,FALSE,dvu,Far right (pre-AfD),TRUE,DVU,NA,NA,64.2,73
sh,Schleswig-Holstein,0,20,2022,2022-05-08,TRUE,cdu,CDU/CSU,FALSE,CDU,43.4,34,60.4,69
sh,Schleswig-Holstein,0,20,2022,2022-05-08,TRUE,gru,Greens,FALSE,GRÜNE,18.3,14,60.4,69
sh,Schleswig-Holstein,0,20,2022,2022-05-08,TRUE,spd,SPD,FALSE,SPD,16,12,60.4,69
sh,Schleswig-Holstein,0,20,2022,2022-05-08,TRUE,fdp,FDP,FALSE,FDP,6.4,5,60.4,69
sh,Schleswig-Holstein,0,20,2022,2022-05-08,TRUE,ssw,Other (named),FALSE,SSV/SSW4,5.7,4,60.4,69
sh,Schleswig-Holstein,0,20,2022,2022-05-08,TRUE,afd,AfD,TRUE,AfD,4.4,NA,60.4,69
sh,Schleswig-Holstein,0,20,2022,2022-05-08,TRUE,oth,Other,FALSE,Sonstige,3.8,NA,60.4,69
sh,Schleswig-Holstein,0,20,2022,2022-05-08,TRUE,lin,Left,FALSE,DIE LINKE5,1.7,NA,60.4,69
sh,Schleswig-Holstein,0,20,2022,2022-05-08,TRUE,pir,Other (named),FALSE,PIRATEN,0.3,NA,60.4,69
sh,Schleswig-Holstein,0,20,2022,2022-05-08,TRUE,npd,Far right (pre-AfD),TRUE,DRP/NPD²,NA,NA,60.4,69
sh,Schleswig-Holstein,0,20,2022,2022-05-08,TRUE,bhe,Other (named),FALSE,GB/BHE,NA,NA,60.4,69
sh,Schleswig-Holstein,0,20,2022,2022-05-08,TRUE,dp,Other (named),FALSE,DP³,NA,NA,60.4,69
sh,Schleswig-Holstein,0,20,2022,2022-05-08,TRUE,kpd,KPD/DKP,FALSE,KPD/DKP¹,NA,NA,60.4,69
sh,Schleswig-Holstein,0,20,2022,2022-05-08,TRUE,rep,Far right (pre-AfD),TRUE,REP,NA,NA,60.4,69
sh,Schleswig-Holstein,0,20,2022,2022-05-08,TRUE,dvu,Far right (pre-AfD),TRUE,DVU,NA,NA,60.4,69
sl,Saarland,0,1,1947,1947-10-05,FALSE,cvp,Other (named),FALSE,CVP,51.2,28,95.7,50
sl,Saarland,0,1,1947,1947-10-05,FALSE,sps,Other (named),FALSE,SPS,32.8,17,95.7,50
sl,Saarland,0,1,1947,1947-10-05,FALSE,kpd,KPD/DKP,FALSE,KP/DKP²,8.4,2,95.7,50
sl,Saarland,0,1,1947,1947-10-05,FALSE,fdp,FDP,FALSE,DPS/FDP,7.6,3,95.7,50
sl,Saarland,0,1,1947,1947-10-05,FALSE,cdu,CDU/CSU,FALSE,CDU,NA,NA,95.7,50
sl,Saarland,0,1,1947,1947-10-05,FALSE,spd,SPD,FALSE,SPD,NA,NA,95.7,50
sl,Saarland,0,1,1947,1947-10-05,FALSE,gru,Greens,FALSE,GRÜNE,NA,NA,95.7,50
sl,Saarland,0,1,1947,1947-10-05,FALSE,lin,Left,FALSE,DIE LINKE¹,NA,NA,95.7,50
sl,Saarland,0,1,1947,1947-10-05,FALSE,pir,Other (named),FALSE,PIRATEN,NA,NA,95.7,50
sl,Saarland,0,1,1947,1947-10-05,FALSE,afd,AfD,TRUE,AfD,NA,NA,95.7,50
sl,Saarland,0,1,1947,1947-10-05,FALSE,npd,Far right (pre-AfD),TRUE,NPD,NA,NA,95.7,50
sl,Saarland,0,1,1947,1947-10-05,FALSE,rep,Far right (pre-AfD),TRUE,REP,NA,NA,95.7,50
sl,Saarland,0,1,1947,1947-10-05,FALSE,familie,Other (named),FALSE,FAMILIE,NA,NA,95.7,50
sl,Saarland,0,1,1947,1947-10-05,FALSE,svp,Other (named),FALSE,SVP³,NA,NA,95.7,50
sl,Saarland,0,1,1947,1947-10-05,FALSE,ddu,Other (named),FALSE,DDU,NA,NA,95.7,50
sl,Saarland,0,1,1947,1947-10-05,FALSE,oth,Other,FALSE,Sonstige,0,NA,95.7,50
sl,Saarland,0,2,1952,1952-11-30,FALSE,cvp,Other (named),FALSE,CVP,54.7,29,93.1,50
sl,Saarland,0,2,1952,1952-11-30,FALSE,sps,Other (named),FALSE,SPS,32.4,17,93.1,50
sl,Saarland,0,2,1952,1952-11-30,FALSE,kpd,KPD/DKP,FALSE,KP/DKP²,9.5,4,93.1,50
sl,Saarland,0,2,1952,1952-11-30,FALSE,oth,Other,FALSE,Sonstige,3.4,NA,93.1,50
sl,Saarland,0,2,1952,1952-11-30,FALSE,cdu,CDU/CSU,FALSE,CDU,NA,NA,93.1,50
sl,Saarland,0,2,1952,1952-11-30,FALSE,spd,SPD,FALSE,SPD,NA,NA,93.1,50
sl,Saarland,0,2,1952,1952-11-30,FALSE,fdp,FDP,FALSE,DPS/FDP,NA,NA,93.1,50
sl,Saarland,0,2,1952,1952-11-30,FALSE,gru,Greens,FALSE,GRÜNE,NA,NA,93.1,50
sl,Saarland,0,2,1952,1952-11-30,FALSE,lin,Left,FALSE,DIE LINKE¹,NA,NA,93.1,50
sl,Saarland,0,2,1952,1952-11-30,FALSE,pir,Other (named),FALSE,PIRATEN,NA,NA,93.1,50
sl,Saarland,0,2,1952,1952-11-30,FALSE,afd,AfD,TRUE,AfD,NA,NA,93.1,50
sl,Saarland,0,2,1952,1952-11-30,FALSE,npd,Far right (pre-AfD),TRUE,NPD,NA,NA,93.1,50
sl,Saarland,0,2,1952,1952-11-30,FALSE,rep,Far right (pre-AfD),TRUE,REP,NA,NA,93.1,50
sl,Saarland,0,2,1952,1952-11-30,FALSE,familie,Other (named),FALSE,FAMILIE,NA,NA,93.1,50
sl,Saarland,0,2,1952,1952-11-30,FALSE,svp,Other (named),FALSE,SVP³,NA,NA,93.1,50
sl,Saarland,0,2,1952,1952-11-30,FALSE,ddu,Other (named),FALSE,DDU,NA,NA,93.1,50
sl,Saarland,0,3,1955,1955-12-18,FALSE,cdu,CDU/CSU,FALSE,CDU,25.4,14,90.3,50
sl,Saarland,0,3,1955,1955-12-18,FALSE,fdp,FDP,FALSE,DPS/FDP,24.2,13,90.3,50
sl,Saarland,0,3,1955,1955-12-18,FALSE,cvp,Other (named),FALSE,CVP,21.8,12,90.3,50
sl,Saarland,0,3,1955,1955-12-18,FALSE,spd,SPD,FALSE,SPD,14.3,7,90.3,50
sl,Saarland,0,3,1955,1955-12-18,FALSE,kpd,KPD/DKP,FALSE,KP/DKP²,6.6,2,90.3,50
sl,Saarland,0,3,1955,1955-12-18,FALSE,sps,Other (named),FALSE,SPS,5.8,2,90.3,50
sl,Saarland,0,3,1955,1955-12-18,FALSE,oth,Other,FALSE,Sonstige,1,NA,90.3,50
sl,Saarland,0,3,1955,1955-12-18,FALSE,ddu,Other (named),FALSE,DDU,0.9,NA,90.3,50
sl,Saarland,0,3,1955,1955-12-18,FALSE,gru,Greens,FALSE,GRÜNE,NA,NA,90.3,50
sl,Saarland,0,3,1955,1955-12-18,FALSE,lin,Left,FALSE,DIE LINKE¹,NA,NA,90.3,50
sl,Saarland,0,3,1955,1955-12-18,FALSE,pir,Other (named),FALSE,PIRATEN,NA,NA,90.3,50
sl,Saarland,0,3,1955,1955-12-18,FALSE,afd,AfD,TRUE,AfD,NA,NA,90.3,50
sl,Saarland,0,3,1955,1955-12-18,FALSE,npd,Far right (pre-AfD),TRUE,NPD,NA,NA,90.3,50
sl,Saarland,0,3,1955,1955-12-18,FALSE,rep,Far right (pre-AfD),TRUE,REP,NA,NA,90.3,50
sl,Saarland,0,3,1955,1955-12-18,FALSE,familie,Other (named),FALSE,FAMILIE,NA,NA,90.3,50
sl,Saarland,0,3,1955,1955-12-18,FALSE,svp,Other (named),FALSE,SVP³,NA,NA,90.3,50
sl,Saarland,0,4,1960,1960-12-04,FALSE,cdu,CDU/CSU,FALSE,CDU,36.6,19,79.1,50
sl,Saarland,0,4,1960,1960-12-04,FALSE,spd,SPD,FALSE,SPD,30,16,79.1,50
sl,Saarland,0,4,1960,1960-12-04,FALSE,fdp,FDP,FALSE,DPS/FDP,13.8,7,79.1,50
sl,Saarland,0,4,1960,1960-12-04,FALSE,svp,Other (named),FALSE,SVP³,11.4,6,79.1,50
sl,Saarland,0,4,1960,1960-12-04,FALSE,ddu,Other (named),FALSE,DDU,5,2,79.1,50
sl,Saarland,0,4,1960,1960-12-04,FALSE,oth,Other,FALSE,Sonstige,3.2,NA,79.1,50
sl,Saarland,0,4,1960,1960-12-04,FALSE,gru,Greens,FALSE,GRÜNE,NA,NA,79.1,50
sl,Saarland,0,4,1960,1960-12-04,FALSE,lin,Left,FALSE,DIE LINKE¹,NA,NA,79.1,50
sl,Saarland,0,4,1960,1960-12-04,FALSE,pir,Other (named),FALSE,PIRATEN,NA,NA,79.1,50
sl,Saarland,0,4,1960,1960-12-04,FALSE,afd,AfD,TRUE,AfD,NA,NA,79.1,50
sl,Saarland,0,4,1960,1960-12-04,FALSE,npd,Far right (pre-AfD),TRUE,NPD,NA,NA,79.1,50
sl,Saarland,0,4,1960,1960-12-04,FALSE,rep,Far right (pre-AfD),TRUE,REP,NA,NA,79.1,50
sl,Saarland,0,4,1960,1960-12-04,FALSE,familie,Other (named),FALSE,FAMILIE,NA,NA,79.1,50
sl,Saarland,0,4,1960,1960-12-04,FALSE,cvp,Other (named),FALSE,CVP,NA,NA,79.1,50
sl,Saarland,0,4,1960,1960-12-04,FALSE,sps,Other (named),FALSE,SPS,NA,NA,79.1,50
sl,Saarland,0,4,1960,1960-12-04,FALSE,kpd,KPD/DKP,FALSE,KP/DKP²,NA,NA,79.1,50
sl,Saarland,0,5,1965,1965-06-27,FALSE,cdu,CDU/CSU,FALSE,CDU,42.7,23,81.8,50
sl,Saarland,0,5,1965,1965-06-27,FALSE,spd,SPD,FALSE,SPD,40.7,21,81.8,50
sl,Saarland,0,5,1965,1965-06-27,FALSE,fdp,FDP,FALSE,DPS/FDP,8.3,4,81.8,50
sl,Saarland,0,5,1965,1965-06-27,FALSE,svp,Other (named),FALSE,SVP³,5.2,2,81.8,50
sl,Saarland,0,5,1965,1965-06-27,FALSE,ddu,Other (named),FALSE,DDU,3.1,NA,81.8,50
sl,Saarland,0,5,1965,1965-06-27,FALSE,gru,Greens,FALSE,GRÜNE,NA,NA,81.8,50
sl,Saarland,0,5,1965,1965-06-27,FALSE,lin,Left,FALSE,DIE LINKE¹,NA,NA,81.8,50
sl,Saarland,0,5,1965,1965-06-27,FALSE,pir,Other (named),FALSE,PIRATEN,NA,NA,81.8,50
sl,Saarland,0,5,1965,1965-06-27,FALSE,afd,AfD,TRUE,AfD,NA,NA,81.8,50
sl,Saarland,0,5,1965,1965-06-27,FALSE,npd,Far right (pre-AfD),TRUE,NPD,NA,NA,81.8,50
sl,Saarland,0,5,1965,1965-06-27,FALSE,rep,Far right (pre-AfD),TRUE,REP,NA,NA,81.8,50
sl,Saarland,0,5,1965,1965-06-27,FALSE,familie,Other (named),FALSE,FAMILIE,NA,NA,81.8,50
sl,Saarland,0,5,1965,1965-06-27,FALSE,cvp,Other (named),FALSE,CVP,NA,NA,81.8,50
sl,Saarland,0,5,1965,1965-06-27,FALSE,sps,Other (named),FALSE,SPS,NA,NA,81.8,50
sl,Saarland,0,5,1965,1965-06-27,FALSE,kpd,KPD/DKP,FALSE,KP/DKP²,NA,NA,81.8,50
sl,Saarland,0,5,1965,1965-06-27,FALSE,oth,Other,FALSE,Sonstige,0,NA,81.8,50
sl,Saarland,0,6,1970,1970-06-14,FALSE,cdu,CDU/CSU,FALSE,CDU,47.8,27,83.1,50
sl,Saarland,0,6,1970,1970-06-14,FALSE,spd,SPD,FALSE,SPD,40.8,23,83.1,50
sl,Saarland,0,6,1970,1970-06-14,FALSE,fdp,FDP,FALSE,DPS/FDP,4.4,NA,83.1,50
sl,Saarland,0,6,1970,1970-06-14,FALSE,npd,Far right (pre-AfD),TRUE,NPD,3.4,NA,83.1,50
sl,Saarland,0,6,1970,1970-06-14,FALSE,kpd,KPD/DKP,FALSE,KP/DKP²,2.7,NA,83.1,50
sl,Saarland,0,6,1970,1970-06-14,FALSE,svp,Other (named),FALSE,SVP³,0.9,NA,83.1,50
sl,Saarland,0,6,1970,1970-06-14,FALSE,gru,Greens,FALSE,GRÜNE,NA,NA,83.1,50
sl,Saarland,0,6,1970,1970-06-14,FALSE,lin,Left,FALSE,DIE LINKE¹,NA,NA,83.1,50
sl,Saarland,0,6,1970,1970-06-14,FALSE,pir,Other (named),FALSE,PIRATEN,NA,NA,83.1,50
sl,Saarland,0,6,1970,1970-06-14,FALSE,afd,AfD,TRUE,AfD,NA,NA,83.1,50
sl,Saarland,0,6,1970,1970-06-14,FALSE,rep,Far right (pre-AfD),TRUE,REP,NA,NA,83.1,50
sl,Saarland,0,6,1970,1970-06-14,FALSE,familie,Other (named),FALSE,FAMILIE,NA,NA,83.1,50
sl,Saarland,0,6,1970,1970-06-14,FALSE,cvp,Other (named),FALSE,CVP,NA,NA,83.1,50
sl,Saarland,0,6,1970,1970-06-14,FALSE,sps,Other (named),FALSE,SPS,NA,NA,83.1,50
sl,Saarland,0,6,1970,1970-06-14,FALSE,ddu,Other (named),FALSE,DDU,NA,NA,83.1,50
sl,Saarland,0,6,1970,1970-06-14,FALSE,oth,Other,FALSE,Sonstige,-0,NA,83.1,50
sl,Saarland,0,7,1975,1975-05-04,FALSE,cdu,CDU/CSU,FALSE,CDU,49.1,25,88.8,50
sl,Saarland,0,7,1975,1975-05-04,FALSE,spd,SPD,FALSE,SPD,41.8,22,88.8,50
sl,Saarland,0,7,1975,1975-05-04,FALSE,fdp,FDP,FALSE,DPS/FDP,7.4,3,88.8,50
sl,Saarland,0,7,1975,1975-05-04,FALSE,kpd,KPD/DKP,FALSE,KP/DKP²,1,NA,88.8,50
sl,Saarland,0,7,1975,1975-05-04,FALSE,npd,Far right (pre-AfD),TRUE,NPD,0.7,NA,88.8,50
sl,Saarland,0,7,1975,1975-05-04,FALSE,gru,Greens,FALSE,GRÜNE,NA,NA,88.8,50
sl,Saarland,0,7,1975,1975-05-04,FALSE,lin,Left,FALSE,DIE LINKE¹,NA,NA,88.8,50
sl,Saarland,0,7,1975,1975-05-04,FALSE,pir,Other (named),FALSE,PIRATEN,NA,NA,88.8,50
sl,Saarland,0,7,1975,1975-05-04,FALSE,afd,AfD,TRUE,AfD,NA,NA,88.8,50
sl,Saarland,0,7,1975,1975-05-04,FALSE,rep,Far right (pre-AfD),TRUE,REP,NA,NA,88.8,50
sl,Saarland,0,7,1975,1975-05-04,FALSE,familie,Other (named),FALSE,FAMILIE,NA,NA,88.8,50
sl,Saarland,0,7,1975,1975-05-04,FALSE,cvp,Other (named),FALSE,CVP,NA,NA,88.8,50
sl,Saarland,0,7,1975,1975-05-04,FALSE,sps,Other (named),FALSE,SPS,NA,NA,88.8,50
sl,Saarland,0,7,1975,1975-05-04,FALSE,svp,Other (named),FALSE,SVP³,NA,NA,88.8,50
sl,Saarland,0,7,1975,1975-05-04,FALSE,ddu,Other (named),FALSE,DDU,NA,NA,88.8,50
sl,Saarland,0,7,1975,1975-05-04,FALSE,oth,Other,FALSE,Sonstige,-0,NA,88.8,50
sl,Saarland,0,8,1980,1980-04-27,FALSE,spd,SPD,FALSE,SPD,45.4,24,85,51
sl,Saarland,0,8,1980,1980-04-27,FALSE,cdu,CDU/CSU,FALSE,CDU,44,23,85,51
sl,Saarland,0,8,1980,1980-04-27,FALSE,fdp,FDP,FALSE,DPS/FDP,6.9,4,85,51
sl,Saarland,0,8,1980,1980-04-27,FALSE,gru,Greens,FALSE,GRÜNE,2.9,NA,85,51
sl,Saarland,0,8,1980,1980-04-27,FALSE,kpd,KPD/DKP,FALSE,KP/DKP²,0.5,NA,85,51
sl,Saarland,0,8,1980,1980-04-27,FALSE,oth,Other,FALSE,Sonstige,0.3,NA,85,51
sl,Saarland,0,8,1980,1980-04-27,FALSE,lin,Left,FALSE,DIE LINKE¹,NA,NA,85,51
sl,Saarland,0,8,1980,1980-04-27,FALSE,pir,Other (named),FALSE,PIRATEN,NA,NA,85,51
sl,Saarland,0,8,1980,1980-04-27,FALSE,afd,AfD,TRUE,AfD,NA,NA,85,51
sl,Saarland,0,8,1980,1980-04-27,FALSE,npd,Far right (pre-AfD),TRUE,NPD,NA,NA,85,51
sl,Saarland,0,8,1980,1980-04-27,FALSE,rep,Far right (pre-AfD),TRUE,REP,NA,NA,85,51
sl,Saarland,0,8,1980,1980-04-27,FALSE,familie,Other (named),FALSE,FAMILIE,NA,NA,85,51
sl,Saarland,0,8,1980,1980-04-27,FALSE,cvp,Other (named),FALSE,CVP,NA,NA,85,51
sl,Saarland,0,8,1980,1980-04-27,FALSE,sps,Other (named),FALSE,SPS,NA,NA,85,51
sl,Saarland,0,8,1980,1980-04-27,FALSE,svp,Other (named),FALSE,SVP³,NA,NA,85,51
sl,Saarland,0,8,1980,1980-04-27,FALSE,ddu,Other (named),FALSE,DDU,NA,NA,85,51
sl,Saarland,0,9,1985,1985-03-10,FALSE,spd,SPD,FALSE,SPD,49.2,26,85,51
sl,Saarland,0,9,1985,1985-03-10,FALSE,cdu,CDU/CSU,FALSE,CDU,37.3,20,85,51
sl,Saarland,0,9,1985,1985-03-10,FALSE,fdp,FDP,FALSE,DPS/FDP,10,5,85,51
sl,Saarland,0,9,1985,1985-03-10,FALSE,gru,Greens,FALSE,GRÜNE,2.5,NA,85,51
sl,Saarland,0,9,1985,1985-03-10,FALSE,npd,Far right (pre-AfD),TRUE,NPD,0.7,NA,85,51
sl,Saarland,0,9,1985,1985-03-10,FALSE,kpd,KPD/DKP,FALSE,KP/DKP²,0.3,NA,85,51
sl,Saarland,0,9,1985,1985-03-10,FALSE,lin,Left,FALSE,DIE LINKE¹,NA,NA,85,51
sl,Saarland,0,9,1985,1985-03-10,FALSE,pir,Other (named),FALSE,PIRATEN,NA,NA,85,51
sl,Saarland,0,9,1985,1985-03-10,FALSE,afd,AfD,TRUE,AfD,NA,NA,85,51
sl,Saarland,0,9,1985,1985-03-10,FALSE,rep,Far right (pre-AfD),TRUE,REP,NA,NA,85,51
sl,Saarland,0,9,1985,1985-03-10,FALSE,familie,Other (named),FALSE,FAMILIE,NA,NA,85,51
sl,Saarland,0,9,1985,1985-03-10,FALSE,cvp,Other (named),FALSE,CVP,NA,NA,85,51
sl,Saarland,0,9,1985,1985-03-10,FALSE,sps,Other (named),FALSE,SPS,NA,NA,85,51
sl,Saarland,0,9,1985,1985-03-10,FALSE,svp,Other (named),FALSE,SVP³,NA,NA,85,51
sl,Saarland,0,9,1985,1985-03-10,FALSE,ddu,Other (named),FALSE,DDU,NA,NA,85,51
sl,Saarland,0,9,1985,1985-03-10,FALSE,oth,Other,FALSE,Sonstige,0,NA,85,51
sl,Saarland,0,10,1990,1990-01-28,FALSE,spd,SPD,FALSE,SPD,54.4,30,83.2,51
sl,Saarland,0,10,1990,1990-01-28,FALSE,cdu,CDU/CSU,FALSE,CDU,33.4,18,83.2,51
sl,Saarland,0,10,1990,1990-01-28,FALSE,fdp,FDP,FALSE,DPS/FDP,5.6,3,83.2,51
sl,Saarland,0,10,1990,1990-01-28,FALSE,rep,Far right (pre-AfD),TRUE,REP,3.4,NA,83.2,51
sl,Saarland,0,10,1990,1990-01-28,FALSE,gru,Greens,FALSE,GRÜNE,2.6,NA,83.2,51
sl,Saarland,0,10,1990,1990-01-28,FALSE,npd,Far right (pre-AfD),TRUE,NPD,0.2,NA,83.2,51
sl,Saarland,0,10,1990,1990-01-28,FALSE,oth,Other,FALSE,Sonstige,0.2,NA,83.2,51
sl,Saarland,0,10,1990,1990-01-28,FALSE,kpd,KPD/DKP,FALSE,KP/DKP²,0.1,NA,83.2,51
sl,Saarland,0,10,1990,1990-01-28,FALSE,lin,Left,FALSE,DIE LINKE¹,NA,NA,83.2,51
sl,Saarland,0,10,1990,1990-01-28,FALSE,pir,Other (named),FALSE,PIRATEN,NA,NA,83.2,51
sl,Saarland,0,10,1990,1990-01-28,FALSE,afd,AfD,TRUE,AfD,NA,NA,83.2,51
sl,Saarland,0,10,1990,1990-01-28,FALSE,familie,Other (named),FALSE,FAMILIE,NA,NA,83.2,51
sl,Saarland,0,10,1990,1990-01-28,FALSE,cvp,Other (named),FALSE,CVP,NA,NA,83.2,51
sl,Saarland,0,10,1990,1990-01-28,FALSE,sps,Other (named),FALSE,SPS,NA,NA,83.2,51
sl,Saarland,0,10,1990,1990-01-28,FALSE,svp,Other (named),FALSE,SVP³,NA,NA,83.2,51
sl,Saarland,0,10,1990,1990-01-28,FALSE,ddu,Other (named),FALSE,DDU,NA,NA,83.2,51
sl,Saarland,0,11,1994,1994-10-16,FALSE,spd,SPD,FALSE,SPD,49.4,27,83.5,51
sl,Saarland,0,11,1994,1994-10-16,FALSE,cdu,CDU/CSU,FALSE,CDU,38.6,21,83.5,51
sl,Saarland,0,11,1994,1994-10-16,FALSE,gru,Greens,FALSE,GRÜNE,5.5,3,83.5,51
sl,Saarland,0,11,1994,1994-10-16,FALSE,oth,Other,FALSE,Sonstige,3,NA,83.5,51
sl,Saarland,0,11,1994,1994-10-16,FALSE,fdp,FDP,FALSE,DPS/FDP,2.1,NA,83.5,51
sl,Saarland,0,11,1994,1994-10-16,FALSE,rep,Far right (pre-AfD),TRUE,REP,1.4,NA,83.5,51
sl,Saarland,0,11,1994,1994-10-16,FALSE,lin,Left,FALSE,DIE LINKE¹,NA,NA,83.5,51
sl,Saarland,0,11,1994,1994-10-16,FALSE,pir,Other (named),FALSE,PIRATEN,NA,NA,83.5,51
sl,Saarland,0,11,1994,1994-10-16,FALSE,afd,AfD,TRUE,AfD,NA,NA,83.5,51
sl,Saarland,0,11,1994,1994-10-16,FALSE,npd,Far right (pre-AfD),TRUE,NPD,NA,NA,83.5,51
sl,Saarland,0,11,1994,1994-10-16,FALSE,familie,Other (named),FALSE,FAMILIE,NA,NA,83.5,51
sl,Saarland,0,11,1994,1994-10-16,FALSE,cvp,Other (named),FALSE,CVP,NA,NA,83.5,51
sl,Saarland,0,11,1994,1994-10-16,FALSE,sps,Other (named),FALSE,SPS,NA,NA,83.5,51
sl,Saarland,0,11,1994,1994-10-16,FALSE,kpd,KPD/DKP,FALSE,KP/DKP²,NA,NA,83.5,51
sl,Saarland,0,11,1994,1994-10-16,FALSE,svp,Other (named),FALSE,SVP³,NA,NA,83.5,51
sl,Saarland,0,11,1994,1994-10-16,FALSE,ddu,Other (named),FALSE,DDU,NA,NA,83.5,51
sl,Saarland,0,12,1999,1999-09-05,FALSE,cdu,CDU/CSU,FALSE,CDU,45.5,26,68.7,51
sl,Saarland,0,12,1999,1999-09-05,FALSE,spd,SPD,FALSE,SPD,44.4,25,68.7,51
sl,Saarland,0,12,1999,1999-09-05,FALSE,gru,Greens,FALSE,GRÜNE,3.2,NA,68.7,51
sl,Saarland,0,12,1999,1999-09-05,FALSE,fdp,FDP,FALSE,DPS/FDP,2.6,NA,68.7,51
sl,Saarland,0,12,1999,1999-09-05,FALSE,oth,Other,FALSE,Sonstige,2.2,NA,68.7,51
sl,Saarland,0,12,1999,1999-09-05,FALSE,rep,Far right (pre-AfD),TRUE,REP,1.3,NA,68.7,51
sl,Saarland,0,12,1999,1999-09-05,FALSE,lin,Left,FALSE,DIE LINKE¹,0.8,NA,68.7,51
sl,Saarland,0,12,1999,1999-09-05,FALSE,pir,Other (named),FALSE,PIRATEN,NA,NA,68.7,51
sl,Saarland,0,12,1999,1999-09-05,FALSE,afd,AfD,TRUE,AfD,NA,NA,68.7,51
sl,Saarland,0,12,1999,1999-09-05,FALSE,npd,Far right (pre-AfD),TRUE,NPD,NA,NA,68.7,51
sl,Saarland,0,12,1999,1999-09-05,FALSE,familie,Other (named),FALSE,FAMILIE,NA,NA,68.7,51
sl,Saarland,0,12,1999,1999-09-05,FALSE,cvp,Other (named),FALSE,CVP,NA,NA,68.7,51
sl,Saarland,0,12,1999,1999-09-05,FALSE,sps,Other (named),FALSE,SPS,NA,NA,68.7,51
sl,Saarland,0,12,1999,1999-09-05,FALSE,kpd,KPD/DKP,FALSE,KP/DKP²,NA,NA,68.7,51
sl,Saarland,0,12,1999,1999-09-05,FALSE,svp,Other (named),FALSE,SVP³,NA,NA,68.7,51
sl,Saarland,0,12,1999,1999-09-05,FALSE,ddu,Other (named),FALSE,DDU,NA,NA,68.7,51
sl,Saarland,0,13,2004,2004-09-05,FALSE,cdu,CDU/CSU,FALSE,CDU,47.5,27,55.5,51
sl,Saarland,0,13,2004,2004-09-05,FALSE,spd,SPD,FALSE,SPD,30.8,18,55.5,51
sl,Saarland,0,13,2004,2004-09-05,FALSE,gru,Greens,FALSE,GRÜNE,5.6,3,55.5,51
sl,Saarland,0,13,2004,2004-09-05,FALSE,fdp,FDP,FALSE,DPS/FDP,5.2,3,55.5,51
sl,Saarland,0,13,2004,2004-09-05,FALSE,npd,Far right (pre-AfD),TRUE,NPD,4,NA,55.5,51
sl,Saarland,0,13,2004,2004-09-05,FALSE,familie,Other (named),FALSE,FAMILIE,3,NA,55.5,51
sl,Saarland,0,13,2004,2004-09-05,FALSE,lin,Left,FALSE,DIE LINKE¹,2.3,NA,55.5,51
sl,Saarland,0,13,2004,2004-09-05,FALSE,oth,Other,FALSE,Sonstige,1.6,NA,55.5,51
sl,Saarland,0,13,2004,2004-09-05,FALSE,pir,Other (named),FALSE,PIRATEN,NA,NA,55.5,51
sl,Saarland,0,13,2004,2004-09-05,FALSE,afd,AfD,TRUE,AfD,NA,NA,55.5,51
sl,Saarland,0,13,2004,2004-09-05,FALSE,rep,Far right (pre-AfD),TRUE,REP,NA,NA,55.5,51
sl,Saarland,0,13,2004,2004-09-05,FALSE,cvp,Other (named),FALSE,CVP,NA,NA,55.5,51
sl,Saarland,0,13,2004,2004-09-05,FALSE,sps,Other (named),FALSE,SPS,NA,NA,55.5,51
sl,Saarland,0,13,2004,2004-09-05,FALSE,kpd,KPD/DKP,FALSE,KP/DKP²,NA,NA,55.5,51
sl,Saarland,0,13,2004,2004-09-05,FALSE,svp,Other (named),FALSE,SVP³,NA,NA,55.5,51
sl,Saarland,0,13,2004,2004-09-05,FALSE,ddu,Other (named),FALSE,DDU,NA,NA,55.5,51
sl,Saarland,0,14,2009,2009-08-30,FALSE,cdu,CDU/CSU,FALSE,CDU,34.5,19,67.7,51
sl,Saarland,0,14,2009,2009-08-30,FALSE,spd,SPD,FALSE,SPD,24.5,13,67.7,51
sl,Saarland,0,14,2009,2009-08-30,FALSE,lin,Left,FALSE,DIE LINKE¹,21.3,11,67.7,51
sl,Saarland,0,14,2009,2009-08-30,FALSE,fdp,FDP,FALSE,DPS/FDP,9.2,5,67.7,51
sl,Saarland,0,14,2009,2009-08-30,FALSE,gru,Greens,FALSE,GRÜNE,5.9,3,67.7,51
sl,Saarland,0,14,2009,2009-08-30,FALSE,familie,Other (named),FALSE,FAMILIE,2,NA,67.7,51
sl,Saarland,0,14,2009,2009-08-30,FALSE,npd,Far right (pre-AfD),TRUE,NPD,1.5,NA,67.7,51
sl,Saarland,0,14,2009,2009-08-30,FALSE,oth,Other,FALSE,Sonstige,1.1,NA,67.7,51
sl,Saarland,0,14,2009,2009-08-30,FALSE,pir,Other (named),FALSE,PIRATEN,NA,NA,67.7,51
sl,Saarland,0,14,2009,2009-08-30,FALSE,afd,AfD,TRUE,AfD,NA,NA,67.7,51
sl,Saarland,0,14,2009,2009-08-30,FALSE,rep,Far right (pre-AfD),TRUE,REP,NA,NA,67.7,51
sl,Saarland,0,14,2009,2009-08-30,FALSE,cvp,Other (named),FALSE,CVP,NA,NA,67.7,51
sl,Saarland,0,14,2009,2009-08-30,FALSE,sps,Other (named),FALSE,SPS,NA,NA,67.7,51
sl,Saarland,0,14,2009,2009-08-30,FALSE,kpd,KPD/DKP,FALSE,KP/DKP²,NA,NA,67.7,51
sl,Saarland,0,14,2009,2009-08-30,FALSE,svp,Other (named),FALSE,SVP³,NA,NA,67.7,51
sl,Saarland,0,14,2009,2009-08-30,FALSE,ddu,Other (named),FALSE,DDU,NA,NA,67.7,51
sl,Saarland,0,15,2012,2012-03-25,FALSE,cdu,CDU/CSU,FALSE,CDU,35.2,19,61.6,51
sl,Saarland,0,15,2012,2012-03-25,FALSE,spd,SPD,FALSE,SPD,30.6,17,61.6,51
sl,Saarland,0,15,2012,2012-03-25,FALSE,lin,Left,FALSE,DIE LINKE¹,16.1,9,61.6,51
sl,Saarland,0,15,2012,2012-03-25,FALSE,pir,Other (named),FALSE,PIRATEN,7.4,4,61.6,51
sl,Saarland,0,15,2012,2012-03-25,FALSE,gru,Greens,FALSE,GRÜNE,5,2,61.6,51
sl,Saarland,0,15,2012,2012-03-25,FALSE,familie,Other (named),FALSE,FAMILIE,1.7,NA,61.6,51
sl,Saarland,0,15,2012,2012-03-25,FALSE,oth,Other,FALSE,Sonstige,1.5,NA,61.6,51
sl,Saarland,0,15,2012,2012-03-25,FALSE,fdp,FDP,FALSE,DPS/FDP,1.2,NA,61.6,51
sl,Saarland,0,15,2012,2012-03-25,FALSE,npd,Far right (pre-AfD),TRUE,NPD,1.2,NA,61.6,51
sl,Saarland,0,15,2012,2012-03-25,FALSE,afd,AfD,TRUE,AfD,NA,NA,61.6,51
sl,Saarland,0,15,2012,2012-03-25,FALSE,rep,Far right (pre-AfD),TRUE,REP,NA,NA,61.6,51
sl,Saarland,0,15,2012,2012-03-25,FALSE,cvp,Other (named),FALSE,CVP,NA,NA,61.6,51
sl,Saarland,0,15,2012,2012-03-25,FALSE,sps,Other (named),FALSE,SPS,NA,NA,61.6,51
sl,Saarland,0,15,2012,2012-03-25,FALSE,kpd,KPD/DKP,FALSE,KP/DKP²,NA,NA,61.6,51
sl,Saarland,0,15,2012,2012-03-25,FALSE,svp,Other (named),FALSE,SVP³,NA,NA,61.6,51
sl,Saarland,0,15,2012,2012-03-25,FALSE,ddu,Other (named),FALSE,DDU,NA,NA,61.6,51
sl,Saarland,0,16,2017,2017-03-26,FALSE,cdu,CDU/CSU,FALSE,CDU,40.7,24,69.7,51
sl,Saarland,0,16,2017,2017-03-26,FALSE,spd,SPD,FALSE,SPD,29.6,17,69.7,51
sl,Saarland,0,16,2017,2017-03-26,FALSE,lin,Left,FALSE,DIE LINKE¹,12.8,7,69.7,51
sl,Saarland,0,16,2017,2017-03-26,FALSE,afd,AfD,TRUE,AfD,6.2,3,69.7,51
sl,Saarland,0,16,2017,2017-03-26,FALSE,gru,Greens,FALSE,GRÜNE,4,NA,69.7,51
sl,Saarland,0,16,2017,2017-03-26,FALSE,fdp,FDP,FALSE,DPS/FDP,3.3,NA,69.7,51
sl,Saarland,0,16,2017,2017-03-26,FALSE,oth,Other,FALSE,Sonstige,1.1,NA,69.7,51
sl,Saarland,0,16,2017,2017-03-26,FALSE,familie,Other (named),FALSE,FAMILIE,0.8,NA,69.7,51
sl,Saarland,0,16,2017,2017-03-26,FALSE,pir,Other (named),FALSE,PIRATEN,0.7,NA,69.7,51
sl,Saarland,0,16,2017,2017-03-26,FALSE,npd,Far right (pre-AfD),TRUE,NPD,0.7,NA,69.7,51
sl,Saarland,0,16,2017,2017-03-26,FALSE,rep,Far right (pre-AfD),TRUE,REP,NA,NA,69.7,51
sl,Saarland,0,16,2017,2017-03-26,FALSE,cvp,Other (named),FALSE,CVP,NA,NA,69.7,51
sl,Saarland,0,16,2017,2017-03-26,FALSE,sps,Other (named),FALSE,SPS,NA,NA,69.7,51
sl,Saarland,0,16,2017,2017-03-26,FALSE,kpd,KPD/DKP,FALSE,KP/DKP²,NA,NA,69.7,51
sl,Saarland,0,16,2017,2017-03-26,FALSE,svp,Other (named),FALSE,SVP³,NA,NA,69.7,51
sl,Saarland,0,16,2017,2017-03-26,FALSE,ddu,Other (named),FALSE,DDU,NA,NA,69.7,51
sl,Saarland,0,17,2022,2022-03-27,FALSE,spd,SPD,FALSE,SPD,43.5,29,61.4,51
sl,Saarland,0,17,2022,2022-03-27,FALSE,cdu,CDU/CSU,FALSE,CDU,28.5,19,61.4,51
sl,Saarland,0,17,2022,2022-03-27,FALSE,oth,Other,FALSE,Sonstige,8.8,NA,61.4,51
sl,Saarland,0,17,2022,2022-03-27,FALSE,afd,AfD,TRUE,AfD,5.7,3,61.4,51
sl,Saarland,0,17,2022,2022-03-27,FALSE,gru,Greens,FALSE,GRÜNE,4.995,NA,61.4,51
sl,Saarland,0,17,2022,2022-03-27,FALSE,fdp,FDP,FALSE,DPS/FDP,4.8,NA,61.4,51
sl,Saarland,0,17,2022,2022-03-27,FALSE,lin,Left,FALSE,DIE LINKE¹,2.6,NA,61.4,51
sl,Saarland,0,17,2022,2022-03-27,FALSE,familie,Other (named),FALSE,FAMILIE,0.8,NA,61.4,51
sl,Saarland,0,17,2022,2022-03-27,FALSE,pir,Other (named),FALSE,PIRATEN,0.3,NA,61.4,51
sl,Saarland,0,17,2022,2022-03-27,FALSE,npd,Far right (pre-AfD),TRUE,NPD,NA,NA,61.4,51
sl,Saarland,0,17,2022,2022-03-27,FALSE,rep,Far right (pre-AfD),TRUE,REP,NA,NA,61.4,51
sl,Saarland,0,17,2022,2022-03-27,FALSE,cvp,Other (named),FALSE,CVP,NA,NA,61.4,51
sl,Saarland,0,17,2022,2022-03-27,FALSE,sps,Other (named),FALSE,SPS,NA,NA,61.4,51
sl,Saarland,0,17,2022,2022-03-27,FALSE,kpd,KPD/DKP,FALSE,KP/DKP²,NA,NA,61.4,51
sl,Saarland,0,17,2022,2022-03-27,FALSE,svp,Other (named),FALSE,SVP³,NA,NA,61.4,51
sl,Saarland,0,17,2022,2022-03-27,FALSE,ddu,Other (named),FALSE,DDU,NA,NA,61.4,51
sn,Saxony,1,1,1990,1990-10-14,FALSE,cdu,CDU/CSU,FALSE,CDU,53.8,92,72.8,160
sn,Saxony,1,1,1990,1990-10-14,FALSE,spd,SPD,FALSE,SPD,19.1,32,72.8,160
sn,Saxony,1,1,1990,1990-10-14,FALSE,lin,Left,FALSE,PDS¹ / DIE LINKE,10.2,17,72.8,160
sn,Saxony,1,1,1990,1990-10-14,FALSE,gru,Greens,FALSE,B’90/GRÜNE²,5.6,10,72.8,160
sn,Saxony,1,1,1990,1990-10-14,FALSE,fdp,FDP,FALSE,FDP,5.3,9,72.8,160
sn,Saxony,1,1,1990,1990-10-14,FALSE,dsu,Far right (pre-AfD),TRUE,DSU,3.6,NA,72.8,160
sn,Saxony,1,1,1990,1990-10-14,FALSE,oth,Other,FALSE,Sonstige&sup3;,1.7,NA,72.8,160
sn,Saxony,1,1,1990,1990-10-14,FALSE,npd,Far right (pre-AfD),TRUE,NPD,0.7,NA,72.8,160
sn,Saxony,1,1,1990,1990-10-14,FALSE,afd,AfD,TRUE,AfD,NA,NA,72.8,160
sn,Saxony,1,1,1990,1990-10-14,FALSE,fw,Other (named),FALSE,FREIE WÄHLER,NA,NA,72.8,160
sn,Saxony,1,1,1990,1990-10-14,FALSE,bsw,BSW,FALSE,BSW,NA,NA,72.8,160
sn,Saxony,1,1,1990,1990-10-14,FALSE,rep,Far right (pre-AfD),TRUE,REP,NA,NA,72.8,160
sn,Saxony,1,1,1990,1990-10-14,FALSE,prodm,Other (named),FALSE,Pro DM,NA,NA,72.8,160
sn,Saxony,1,1,1990,1990-10-14,FALSE,dietierschutzpartei,Other (named),FALSE,Die Tierschutzpartei,NA,NA,72.8,160
sn,Saxony,1,1,1990,1990-10-14,FALSE,pir,Other (named),FALSE,PIRATEN,NA,NA,72.8,160
sn,Saxony,1,2,1994,1994-09-11,FALSE,cdu,CDU/CSU,FALSE,CDU,58.1,77,58.4,120
sn,Saxony,1,2,1994,1994-09-11,FALSE,spd,SPD,FALSE,SPD,16.6,22,58.4,120
sn,Saxony,1,2,1994,1994-09-11,FALSE,lin,Left,FALSE,PDS¹ / DIE LINKE,16.5,21,58.4,120
sn,Saxony,1,2,1994,1994-09-11,FALSE,gru,Greens,FALSE,B’90/GRÜNE²,4.1,NA,58.4,120
sn,Saxony,1,2,1994,1994-09-11,FALSE,fdp,FDP,FALSE,FDP,1.7,NA,58.4,120
sn,Saxony,1,2,1994,1994-09-11,FALSE,rep,Far right (pre-AfD),TRUE,REP,1.3,NA,58.4,120
sn,Saxony,1,2,1994,1994-09-11,FALSE,oth,Other,FALSE,Sonstige&sup3;,1.1,NA,58.4,120
sn,Saxony,1,2,1994,1994-09-11,FALSE,dsu,Far right (pre-AfD),TRUE,DSU,0.6,NA,58.4,120
sn,Saxony,1,2,1994,1994-09-11,FALSE,npd,Far right (pre-AfD),TRUE,NPD,NA,NA,58.4,120
sn,Saxony,1,2,1994,1994-09-11,FALSE,afd,AfD,TRUE,AfD,NA,NA,58.4,120
sn,Saxony,1,2,1994,1994-09-11,FALSE,fw,Other (named),FALSE,FREIE WÄHLER,NA,NA,58.4,120
sn,Saxony,1,2,1994,1994-09-11,FALSE,bsw,BSW,FALSE,BSW,NA,NA,58.4,120
sn,Saxony,1,2,1994,1994-09-11,FALSE,prodm,Other (named),FALSE,Pro DM,NA,NA,58.4,120
sn,Saxony,1,2,1994,1994-09-11,FALSE,dietierschutzpartei,Other (named),FALSE,Die Tierschutzpartei,NA,NA,58.4,120
sn,Saxony,1,2,1994,1994-09-11,FALSE,pir,Other (named),FALSE,PIRATEN,NA,NA,58.4,120
sn,Saxony,1,3,1999,1999-09-19,FALSE,cdu,CDU/CSU,FALSE,CDU,56.9,76,61.1,120
sn,Saxony,1,3,1999,1999-09-19,FALSE,lin,Left,FALSE,PDS¹ / DIE LINKE,22.2,30,61.1,120
sn,Saxony,1,3,1999,1999-09-19,FALSE,spd,SPD,FALSE,SPD,10.7,14,61.1,120
sn,Saxony,1,3,1999,1999-09-19,FALSE,gru,Greens,FALSE,B’90/GRÜNE²,2.6,NA,61.1,120
sn,Saxony,1,3,1999,1999-09-19,FALSE,prodm,Other (named),FALSE,Pro DM,2.1,NA,61.1,120
sn,Saxony,1,3,1999,1999-09-19,FALSE,rep,Far right (pre-AfD),TRUE,REP,1.5,NA,61.1,120
sn,Saxony,1,3,1999,1999-09-19,FALSE,npd,Far right (pre-AfD),TRUE,NPD,1.4,NA,61.1,120
sn,Saxony,1,3,1999,1999-09-19,FALSE,fdp,FDP,FALSE,FDP,1.1,NA,61.1,120
sn,Saxony,1,3,1999,1999-09-19,FALSE,oth,Other,FALSE,Sonstige&sup3;,1.1,NA,61.1,120
sn,Saxony,1,3,1999,1999-09-19,FALSE,dsu,Far right (pre-AfD),TRUE,DSU,0.4,NA,61.1,120
sn,Saxony,1,3,1999,1999-09-19,FALSE,afd,AfD,TRUE,AfD,NA,NA,61.1,120
sn,Saxony,1,3,1999,1999-09-19,FALSE,fw,Other (named),FALSE,FREIE WÄHLER,NA,NA,61.1,120
sn,Saxony,1,3,1999,1999-09-19,FALSE,bsw,BSW,FALSE,BSW,NA,NA,61.1,120
sn,Saxony,1,3,1999,1999-09-19,FALSE,dietierschutzpartei,Other (named),FALSE,Die Tierschutzpartei,NA,NA,61.1,120
sn,Saxony,1,3,1999,1999-09-19,FALSE,pir,Other (named),FALSE,PIRATEN,NA,NA,61.1,120
sn,Saxony,1,4,2004,2004-09-19,FALSE,cdu,CDU/CSU,FALSE,CDU,41.1,55,59.6,124
sn,Saxony,1,4,2004,2004-09-19,FALSE,lin,Left,FALSE,PDS¹ / DIE LINKE,23.6,31,59.6,124
sn,Saxony,1,4,2004,2004-09-19,FALSE,spd,SPD,FALSE,SPD,9.8,13,59.6,124
sn,Saxony,1,4,2004,2004-09-19,FALSE,npd,Far right (pre-AfD),TRUE,NPD,9.2,12,59.6,124
sn,Saxony,1,4,2004,2004-09-19,FALSE,fdp,FDP,FALSE,FDP,5.9,7,59.6,124
sn,Saxony,1,4,2004,2004-09-19,FALSE,gru,Greens,FALSE,B’90/GRÜNE²,5.1,6,59.6,124
sn,Saxony,1,4,2004,2004-09-19,FALSE,oth,Other,FALSE,Sonstige&sup3;,3.1,NA,59.6,124
sn,Saxony,1,4,2004,2004-09-19,FALSE,dietierschutzpartei,Other (named),FALSE,Die Tierschutzpartei,1.6,NA,59.6,124
sn,Saxony,1,4,2004,2004-09-19,FALSE,dsu,Far right (pre-AfD),TRUE,DSU,0.5,NA,59.6,124
sn,Saxony,1,4,2004,2004-09-19,FALSE,afd,AfD,TRUE,AfD,NA,NA,59.6,124
sn,Saxony,1,4,2004,2004-09-19,FALSE,fw,Other (named),FALSE,FREIE WÄHLER,NA,NA,59.6,124
sn,Saxony,1,4,2004,2004-09-19,FALSE,bsw,BSW,FALSE,BSW,NA,NA,59.6,124
sn,Saxony,1,4,2004,2004-09-19,FALSE,rep,Far right (pre-AfD),TRUE,REP,NA,NA,59.6,124
sn,Saxony,1,4,2004,2004-09-19,FALSE,prodm,Other (named),FALSE,Pro DM,NA,NA,59.6,124
sn,Saxony,1,4,2004,2004-09-19,FALSE,pir,Other (named),FALSE,PIRATEN,NA,NA,59.6,124
sn,Saxony,1,5,2009,2009-08-30,FALSE,cdu,CDU/CSU,FALSE,CDU,40.2,58,52.2,132
sn,Saxony,1,5,2009,2009-08-30,FALSE,lin,Left,FALSE,PDS¹ / DIE LINKE,20.6,29,52.2,132
sn,Saxony,1,5,2009,2009-08-30,FALSE,spd,SPD,FALSE,SPD,10.4,14,52.2,132
sn,Saxony,1,5,2009,2009-08-30,FALSE,fdp,FDP,FALSE,FDP,10,14,52.2,132
sn,Saxony,1,5,2009,2009-08-30,FALSE,gru,Greens,FALSE,B’90/GRÜNE²,6.4,9,52.2,132
sn,Saxony,1,5,2009,2009-08-30,FALSE,npd,Far right (pre-AfD),TRUE,NPD,5.6,8,52.2,132
sn,Saxony,1,5,2009,2009-08-30,FALSE,oth,Other,FALSE,Sonstige&sup3;,2.5,NA,52.2,132
sn,Saxony,1,5,2009,2009-08-30,FALSE,dietierschutzpartei,Other (named),FALSE,Die Tierschutzpartei,2.1,NA,52.2,132
sn,Saxony,1,5,2009,2009-08-30,FALSE,pir,Other (named),FALSE,PIRATEN,1.9,NA,52.2,132
sn,Saxony,1,5,2009,2009-08-30,FALSE,rep,Far right (pre-AfD),TRUE,REP,0.2,NA,52.2,132
sn,Saxony,1,5,2009,2009-08-30,FALSE,dsu,Far right (pre-AfD),TRUE,DSU,0.2,NA,52.2,132
sn,Saxony,1,5,2009,2009-08-30,FALSE,afd,AfD,TRUE,AfD,NA,NA,52.2,132
sn,Saxony,1,5,2009,2009-08-30,FALSE,fw,Other (named),FALSE,FREIE WÄHLER,NA,NA,52.2,132
sn,Saxony,1,5,2009,2009-08-30,FALSE,bsw,BSW,FALSE,BSW,NA,NA,52.2,132
sn,Saxony,1,5,2009,2009-08-30,FALSE,prodm,Other (named),FALSE,Pro DM,NA,NA,52.2,132
sn,Saxony,1,6,2014,2014-08-31,FALSE,cdu,CDU/CSU,FALSE,CDU,39,59,49.2,126
sn,Saxony,1,6,2014,2014-08-31,FALSE,lin,Left,FALSE,PDS¹ / DIE LINKE,18.9,27,49.2,126
sn,Saxony,1,6,2014,2014-08-31,FALSE,spd,SPD,FALSE,SPD,12.4,18,49.2,126
sn,Saxony,1,6,2014,2014-08-31,FALSE,afd,AfD,TRUE,AfD,9.7,14,49.2,126
sn,Saxony,1,6,2014,2014-08-31,FALSE,gru,Greens,FALSE,B’90/GRÜNE²,5.7,8,49.2,126
sn,Saxony,1,6,2014,2014-08-31,FALSE,npd,Far right (pre-AfD),TRUE,NPD,4.95,NA,49.2,126
sn,Saxony,1,6,2014,2014-08-31,FALSE,fdp,FDP,FALSE,FDP,3.8,NA,49.2,126
sn,Saxony,1,6,2014,2014-08-31,FALSE,fw,Other (named),FALSE,FREIE WÄHLER,1.6,NA,49.2,126
sn,Saxony,1,6,2014,2014-08-31,FALSE,dietierschutzpartei,Other (named),FALSE,Die Tierschutzpartei,1.1,NA,49.2,126
sn,Saxony,1,6,2014,2014-08-31,FALSE,pir,Other (named),FALSE,PIRATEN,1.1,NA,49.2,126
sn,Saxony,1,6,2014,2014-08-31,FALSE,dsu,Far right (pre-AfD),TRUE,DSU,0.2,NA,49.2,126
sn,Saxony,1,6,2014,2014-08-31,FALSE,bsw,BSW,FALSE,BSW,NA,NA,49.2,126
sn,Saxony,1,6,2014,2014-08-31,FALSE,rep,Far right (pre-AfD),TRUE,REP,NA,NA,49.2,126
sn,Saxony,1,6,2014,2014-08-31,FALSE,prodm,Other (named),FALSE,Pro DM,NA,NA,49.2,126
sn,Saxony,1,6,2014,2014-08-31,FALSE,oth,Other,FALSE,Sonstige&sup3;,1.6,NA,49.2,126
sn,Saxony,1,7,2019,2019-09-01,FALSE,cdu,CDU/CSU,FALSE,CDU,32.1,45,66.5,119
sn,Saxony,1,7,2019,2019-09-01,FALSE,afd,AfD,TRUE,AfD,27.5,38,66.5,119
sn,Saxony,1,7,2019,2019-09-01,FALSE,lin,Left,FALSE,PDS¹ / DIE LINKE,10.4,14,66.5,119
sn,Saxony,1,7,2019,2019-09-01,FALSE,gru,Greens,FALSE,B’90/GRÜNE²,8.6,12,66.5,119
sn,Saxony,1,7,2019,2019-09-01,FALSE,spd,SPD,FALSE,SPD,7.7,10,66.5,119
sn,Saxony,1,7,2019,2019-09-01,FALSE,fdp,FDP,FALSE,FDP,4.5,NA,66.5,119
sn,Saxony,1,7,2019,2019-09-01,FALSE,fw,Other (named),FALSE,FREIE WÄHLER,3.4,NA,66.5,119
sn,Saxony,1,7,2019,2019-09-01,FALSE,dietierschutzpartei,Other (named),FALSE,Die Tierschutzpartei,1.5,NA,66.5,119
sn,Saxony,1,7,2019,2019-09-01,FALSE,npd,Far right (pre-AfD),TRUE,NPD,0.6,NA,66.5,119
sn,Saxony,1,7,2019,2019-09-01,FALSE,pir,Other (named),FALSE,PIRATEN,0.3,NA,66.5,119
sn,Saxony,1,7,2019,2019-09-01,FALSE,bsw,BSW,FALSE,BSW,NA,NA,66.5,119
sn,Saxony,1,7,2019,2019-09-01,FALSE,rep,Far right (pre-AfD),TRUE,REP,NA,NA,66.5,119
sn,Saxony,1,7,2019,2019-09-01,FALSE,dsu,Far right (pre-AfD),TRUE,DSU,NA,NA,66.5,119
sn,Saxony,1,7,2019,2019-09-01,FALSE,prodm,Other (named),FALSE,Pro DM,NA,NA,66.5,119
sn,Saxony,1,7,2019,2019-09-01,FALSE,oth,Other,FALSE,Sonstige&sup3;,3.4,NA,66.5,119
sn,Saxony,1,8,2024,2024-09-01,TRUE,cdu,CDU/CSU,FALSE,CDU,31.9,41,74.4,120
sn,Saxony,1,8,2024,2024-09-01,TRUE,afd,AfD,TRUE,AfD,30.6,40,74.4,120
sn,Saxony,1,8,2024,2024-09-01,TRUE,bsw,BSW,FALSE,BSW,11.8,15,74.4,120
sn,Saxony,1,8,2024,2024-09-01,TRUE,spd,SPD,FALSE,SPD,7.3,10,74.4,120
sn,Saxony,1,8,2024,2024-09-01,TRUE,oth,Other,FALSE,Sonstige&sup3;,5.3,NA,74.4,120
sn,Saxony,1,8,2024,2024-09-01,TRUE,gru,Greens,FALSE,B’90/GRÜNE²,5.1,7,74.4,120
sn,Saxony,1,8,2024,2024-09-01,TRUE,lin,Left,FALSE,PDS¹ / DIE LINKE,4.5,6,74.4,120
sn,Saxony,1,8,2024,2024-09-01,TRUE,fw,Other (named),FALSE,FREIE WÄHLER,2.3,1,74.4,120
sn,Saxony,1,8,2024,2024-09-01,TRUE,fdp,FDP,FALSE,FDP,0.9,NA,74.4,120
sn,Saxony,1,8,2024,2024-09-01,TRUE,pir,Other (named),FALSE,PIRATEN,0.3,NA,74.4,120
sn,Saxony,1,8,2024,2024-09-01,TRUE,npd,Far right (pre-AfD),TRUE,NPD,NA,NA,74.4,120
sn,Saxony,1,8,2024,2024-09-01,TRUE,rep,Far right (pre-AfD),TRUE,REP,NA,NA,74.4,120
sn,Saxony,1,8,2024,2024-09-01,TRUE,dsu,Far right (pre-AfD),TRUE,DSU,NA,NA,74.4,120
sn,Saxony,1,8,2024,2024-09-01,TRUE,prodm,Other (named),FALSE,Pro DM,NA,NA,74.4,120
sn,Saxony,1,8,2024,2024-09-01,TRUE,dietierschutzpartei,Other (named),FALSE,Die Tierschutzpartei,NA,NA,74.4,120
st,Saxony-Anhalt,1,1,1990,1990-10-14,FALSE,cdu,CDU/CSU,FALSE,CDU,39,48,65.1,106
st,Saxony-Anhalt,1,1,1990,1990-10-14,FALSE,spd,SPD,FALSE,SPD,26,27,65.1,106
st,Saxony-Anhalt,1,1,1990,1990-10-14,FALSE,fdp,FDP,FALSE,FDP,13.5,14,65.1,106
st,Saxony-Anhalt,1,1,1990,1990-10-14,FALSE,lin,Left,FALSE,DIE LINKE¹,12,12,65.1,106
st,Saxony-Anhalt,1,1,1990,1990-10-14,FALSE,gru,Greens,FALSE,B’90/GRÜNE²,5.3,5,65.1,106
st,Saxony-Anhalt,1,1,1990,1990-10-14,FALSE,dsu,Far right (pre-AfD),TRUE,DSU,1.7,NA,65.1,106
st,Saxony-Anhalt,1,1,1990,1990-10-14,FALSE,oth,Other,FALSE,Sonstige,1.7,NA,65.1,106
st,Saxony-Anhalt,1,1,1990,1990-10-14,FALSE,rep,Far right (pre-AfD),TRUE,REP,0.6,NA,65.1,106
st,Saxony-Anhalt,1,1,1990,1990-10-14,FALSE,npd,Far right (pre-AfD),TRUE,NPD,0.1,NA,65.1,106
st,Saxony-Anhalt,1,1,1990,1990-10-14,FALSE,dvu,Far right (pre-AfD),TRUE,DVU,NA,NA,65.1,106
st,Saxony-Anhalt,1,1,1990,1990-10-14,FALSE,afd,AfD,TRUE,AfD,NA,NA,65.1,106
st,Saxony-Anhalt,1,1,1990,1990-10-14,FALSE,bsw,BSW,FALSE,BSW,NA,NA,65.1,106
st,Saxony-Anhalt,1,1,1990,1990-10-14,FALSE,schill,Far right (pre-AfD),TRUE,SCHILL,NA,NA,65.1,106
st,Saxony-Anhalt,1,1,1990,1990-10-14,FALSE,fw,Other (named),FALSE,FREIE WÄHLER,NA,NA,65.1,106
st,Saxony-Anhalt,1,2,1994,1994-06-26,FALSE,cdu,CDU/CSU,FALSE,CDU,34.4,37,54.8,99
st,Saxony-Anhalt,1,2,1994,1994-06-26,FALSE,spd,SPD,FALSE,SPD,34,36,54.8,99
st,Saxony-Anhalt,1,2,1994,1994-06-26,FALSE,lin,Left,FALSE,DIE LINKE¹,19.9,21,54.8,99
st,Saxony-Anhalt,1,2,1994,1994-06-26,FALSE,gru,Greens,FALSE,B’90/GRÜNE²,5.1,5,54.8,99
st,Saxony-Anhalt,1,2,1994,1994-06-26,FALSE,fdp,FDP,FALSE,FDP,3.6,NA,54.8,99
st,Saxony-Anhalt,1,2,1994,1994-06-26,FALSE,oth,Other,FALSE,Sonstige,1.5,NA,54.8,99
st,Saxony-Anhalt,1,2,1994,1994-06-26,FALSE,rep,Far right (pre-AfD),TRUE,REP,1.4,NA,54.8,99
st,Saxony-Anhalt,1,2,1994,1994-06-26,FALSE,dsu,Far right (pre-AfD),TRUE,DSU,0.2,NA,54.8,99
st,Saxony-Anhalt,1,2,1994,1994-06-26,FALSE,dvu,Far right (pre-AfD),TRUE,DVU,NA,NA,54.8,99
st,Saxony-Anhalt,1,2,1994,1994-06-26,FALSE,afd,AfD,TRUE,AfD,NA,NA,54.8,99
st,Saxony-Anhalt,1,2,1994,1994-06-26,FALSE,bsw,BSW,FALSE,BSW,NA,NA,54.8,99
st,Saxony-Anhalt,1,2,1994,1994-06-26,FALSE,npd,Far right (pre-AfD),TRUE,NPD,NA,NA,54.8,99
st,Saxony-Anhalt,1,2,1994,1994-06-26,FALSE,schill,Far right (pre-AfD),TRUE,SCHILL,NA,NA,54.8,99
st,Saxony-Anhalt,1,2,1994,1994-06-26,FALSE,fw,Other (named),FALSE,FREIE WÄHLER,NA,NA,54.8,99
st,Saxony-Anhalt,1,3,1998,1998-04-26,FALSE,spd,SPD,FALSE,SPD,35.9,47,71.7,116
st,Saxony-Anhalt,1,3,1998,1998-04-26,FALSE,cdu,CDU/CSU,FALSE,CDU,22,28,71.7,116
st,Saxony-Anhalt,1,3,1998,1998-04-26,FALSE,lin,Left,FALSE,DIE LINKE¹,19.6,25,71.7,116
st,Saxony-Anhalt,1,3,1998,1998-04-26,FALSE,dvu,Far right (pre-AfD),TRUE,DVU,12.9,16,71.7,116
st,Saxony-Anhalt,1,3,1998,1998-04-26,FALSE,fdp,FDP,FALSE,FDP,4.2,NA,71.7,116
st,Saxony-Anhalt,1,3,1998,1998-04-26,FALSE,gru,Greens,FALSE,B’90/GRÜNE²,3.2,NA,71.7,116
st,Saxony-Anhalt,1,3,1998,1998-04-26,FALSE,oth,Other,FALSE,Sonstige,1.5,NA,71.7,116
st,Saxony-Anhalt,1,3,1998,1998-04-26,FALSE,rep,Far right (pre-AfD),TRUE,REP,0.7,NA,71.7,116
st,Saxony-Anhalt,1,3,1998,1998-04-26,FALSE,afd,AfD,TRUE,AfD,NA,NA,71.7,116
st,Saxony-Anhalt,1,3,1998,1998-04-26,FALSE,bsw,BSW,FALSE,BSW,NA,NA,71.7,116
st,Saxony-Anhalt,1,3,1998,1998-04-26,FALSE,npd,Far right (pre-AfD),TRUE,NPD,NA,NA,71.7,116
st,Saxony-Anhalt,1,3,1998,1998-04-26,FALSE,dsu,Far right (pre-AfD),TRUE,DSU,NA,NA,71.7,116
st,Saxony-Anhalt,1,3,1998,1998-04-26,FALSE,schill,Far right (pre-AfD),TRUE,SCHILL,NA,NA,71.7,116
st,Saxony-Anhalt,1,3,1998,1998-04-26,FALSE,fw,Other (named),FALSE,FREIE WÄHLER,NA,NA,71.7,116
st,Saxony-Anhalt,1,4,2002,2002-04-21,FALSE,cdu,CDU/CSU,FALSE,CDU,37.3,48,56.5,115
st,Saxony-Anhalt,1,4,2002,2002-04-21,FALSE,lin,Left,FALSE,DIE LINKE¹,20.4,25,56.5,115
st,Saxony-Anhalt,1,4,2002,2002-04-21,FALSE,spd,SPD,FALSE,SPD,20,25,56.5,115
st,Saxony-Anhalt,1,4,2002,2002-04-21,FALSE,fdp,FDP,FALSE,FDP,13.3,17,56.5,115
st,Saxony-Anhalt,1,4,2002,2002-04-21,FALSE,schill,Far right (pre-AfD),TRUE,SCHILL,4.5,NA,56.5,115
st,Saxony-Anhalt,1,4,2002,2002-04-21,FALSE,oth,Other,FALSE,Sonstige,2.5,NA,56.5,115
st,Saxony-Anhalt,1,4,2002,2002-04-21,FALSE,gru,Greens,FALSE,B’90/GRÜNE²,2,NA,56.5,115
st,Saxony-Anhalt,1,4,2002,2002-04-21,FALSE,dvu,Far right (pre-AfD),TRUE,DVU,NA,NA,56.5,115
st,Saxony-Anhalt,1,4,2002,2002-04-21,FALSE,afd,AfD,TRUE,AfD,NA,NA,56.5,115
st,Saxony-Anhalt,1,4,2002,2002-04-21,FALSE,bsw,BSW,FALSE,BSW,NA,NA,56.5,115
st,Saxony-Anhalt,1,4,2002,2002-04-21,FALSE,npd,Far right (pre-AfD),TRUE,NPD,NA,NA,56.5,115
st,Saxony-Anhalt,1,4,2002,2002-04-21,FALSE,rep,Far right (pre-AfD),TRUE,REP,NA,NA,56.5,115
st,Saxony-Anhalt,1,4,2002,2002-04-21,FALSE,dsu,Far right (pre-AfD),TRUE,DSU,NA,NA,56.5,115
st,Saxony-Anhalt,1,4,2002,2002-04-21,FALSE,fw,Other (named),FALSE,FREIE WÄHLER,NA,NA,56.5,115
st,Saxony-Anhalt,1,5,2006,2006-03-26,FALSE,cdu,CDU/CSU,FALSE,CDU,36.2,40,44.4,97
st,Saxony-Anhalt,1,5,2006,2006-03-26,FALSE,lin,Left,FALSE,DIE LINKE¹,24.1,26,44.4,97
st,Saxony-Anhalt,1,5,2006,2006-03-26,FALSE,spd,SPD,FALSE,SPD,21.4,24,44.4,97
st,Saxony-Anhalt,1,5,2006,2006-03-26,FALSE,fdp,FDP,FALSE,FDP,6.7,7,44.4,97
st,Saxony-Anhalt,1,5,2006,2006-03-26,FALSE,oth,Other,FALSE,Sonstige,4.2,NA,44.4,97
st,Saxony-Anhalt,1,5,2006,2006-03-26,FALSE,gru,Greens,FALSE,B’90/GRÜNE²,3.6,NA,44.4,97
st,Saxony-Anhalt,1,5,2006,2006-03-26,FALSE,dvu,Far right (pre-AfD),TRUE,DVU,3,NA,44.4,97
st,Saxony-Anhalt,1,5,2006,2006-03-26,FALSE,rep,Far right (pre-AfD),TRUE,REP,0.5,NA,44.4,97
st,Saxony-Anhalt,1,5,2006,2006-03-26,FALSE,dsu,Far right (pre-AfD),TRUE,DSU,0.3,NA,44.4,97
st,Saxony-Anhalt,1,5,2006,2006-03-26,FALSE,afd,AfD,TRUE,AfD,NA,NA,44.4,97
st,Saxony-Anhalt,1,5,2006,2006-03-26,FALSE,bsw,BSW,FALSE,BSW,NA,NA,44.4,97
st,Saxony-Anhalt,1,5,2006,2006-03-26,FALSE,npd,Far right (pre-AfD),TRUE,NPD,NA,NA,44.4,97
st,Saxony-Anhalt,1,5,2006,2006-03-26,FALSE,schill,Far right (pre-AfD),TRUE,SCHILL,NA,NA,44.4,97
st,Saxony-Anhalt,1,5,2006,2006-03-26,FALSE,fw,Other (named),FALSE,FREIE WÄHLER,NA,NA,44.4,97
st,Saxony-Anhalt,1,6,2011,2011-03-20,FALSE,cdu,CDU/CSU,FALSE,CDU,32.5,41,51.2,105
st,Saxony-Anhalt,1,6,2011,2011-03-20,FALSE,lin,Left,FALSE,DIE LINKE¹,23.7,29,51.2,105
st,Saxony-Anhalt,1,6,2011,2011-03-20,FALSE,spd,SPD,FALSE,SPD,21.5,26,51.2,105
st,Saxony-Anhalt,1,6,2011,2011-03-20,FALSE,gru,Greens,FALSE,B’90/GRÜNE²,7.1,9,51.2,105
st,Saxony-Anhalt,1,6,2011,2011-03-20,FALSE,npd,Far right (pre-AfD),TRUE,NPD,4.6,NA,51.2,105
st,Saxony-Anhalt,1,6,2011,2011-03-20,FALSE,oth,Other,FALSE,Sonstige,3.9,NA,51.2,105
st,Saxony-Anhalt,1,6,2011,2011-03-20,FALSE,fdp,FDP,FALSE,FDP,3.8,NA,51.2,105
st,Saxony-Anhalt,1,6,2011,2011-03-20,FALSE,fw,Other (named),FALSE,FREIE WÄHLER,2.8,NA,51.2,105
st,Saxony-Anhalt,1,6,2011,2011-03-20,FALSE,dvu,Far right (pre-AfD),TRUE,DVU,NA,NA,51.2,105
st,Saxony-Anhalt,1,6,2011,2011-03-20,FALSE,afd,AfD,TRUE,AfD,NA,NA,51.2,105
st,Saxony-Anhalt,1,6,2011,2011-03-20,FALSE,bsw,BSW,FALSE,BSW,NA,NA,51.2,105
st,Saxony-Anhalt,1,6,2011,2011-03-20,FALSE,rep,Far right (pre-AfD),TRUE,REP,NA,NA,51.2,105
st,Saxony-Anhalt,1,6,2011,2011-03-20,FALSE,dsu,Far right (pre-AfD),TRUE,DSU,NA,NA,51.2,105
st,Saxony-Anhalt,1,6,2011,2011-03-20,FALSE,schill,Far right (pre-AfD),TRUE,SCHILL,NA,NA,51.2,105
st,Saxony-Anhalt,1,7,2016,2016-03-13,FALSE,cdu,CDU/CSU,FALSE,CDU,29.8,30,61.1,87
st,Saxony-Anhalt,1,7,2016,2016-03-13,FALSE,afd,AfD,TRUE,AfD,24.3,25,61.1,87
st,Saxony-Anhalt,1,7,2016,2016-03-13,FALSE,lin,Left,FALSE,DIE LINKE¹,16.3,16,61.1,87
st,Saxony-Anhalt,1,7,2016,2016-03-13,FALSE,spd,SPD,FALSE,SPD,10.6,11,61.1,87
st,Saxony-Anhalt,1,7,2016,2016-03-13,FALSE,gru,Greens,FALSE,B’90/GRÜNE²,5.2,5,61.1,87
st,Saxony-Anhalt,1,7,2016,2016-03-13,FALSE,fdp,FDP,FALSE,FDP,4.9,NA,61.1,87
st,Saxony-Anhalt,1,7,2016,2016-03-13,FALSE,oth,Other,FALSE,Sonstige,4.9,NA,61.1,87
st,Saxony-Anhalt,1,7,2016,2016-03-13,FALSE,fw,Other (named),FALSE,FREIE WÄHLER,2.2,NA,61.1,87
st,Saxony-Anhalt,1,7,2016,2016-03-13,FALSE,npd,Far right (pre-AfD),TRUE,NPD,1.9,NA,61.1,87
st,Saxony-Anhalt,1,7,2016,2016-03-13,FALSE,dvu,Far right (pre-AfD),TRUE,DVU,NA,NA,61.1,87
st,Saxony-Anhalt,1,7,2016,2016-03-13,FALSE,bsw,BSW,FALSE,BSW,NA,NA,61.1,87
st,Saxony-Anhalt,1,7,2016,2016-03-13,FALSE,rep,Far right (pre-AfD),TRUE,REP,NA,NA,61.1,87
st,Saxony-Anhalt,1,7,2016,2016-03-13,FALSE,dsu,Far right (pre-AfD),TRUE,DSU,NA,NA,61.1,87
st,Saxony-Anhalt,1,7,2016,2016-03-13,FALSE,schill,Far right (pre-AfD),TRUE,SCHILL,NA,NA,61.1,87
st,Saxony-Anhalt,1,8,2021,2021-06-06,FALSE,cdu,CDU/CSU,FALSE,CDU,37.1,40,60.3,97
st,Saxony-Anhalt,1,8,2021,2021-06-06,FALSE,afd,AfD,TRUE,AfD,20.8,23,60.3,97
st,Saxony-Anhalt,1,8,2021,2021-06-06,FALSE,lin,Left,FALSE,DIE LINKE¹,11,12,60.3,97
st,Saxony-Anhalt,1,8,2021,2021-06-06,FALSE,spd,SPD,FALSE,SPD,8.4,9,60.3,97
st,Saxony-Anhalt,1,8,2021,2021-06-06,FALSE,oth,Other,FALSE,Sonstige,6.9,NA,60.3,97
st,Saxony-Anhalt,1,8,2021,2021-06-06,FALSE,fdp,FDP,FALSE,FDP,6.4,7,60.3,97
st,Saxony-Anhalt,1,8,2021,2021-06-06,FALSE,gru,Greens,FALSE,B’90/GRÜNE²,5.9,6,60.3,97
st,Saxony-Anhalt,1,8,2021,2021-06-06,FALSE,fw,Other (named),FALSE,FREIE WÄHLER,3.1,NA,60.3,97
st,Saxony-Anhalt,1,8,2021,2021-06-06,FALSE,npd,Far right (pre-AfD),TRUE,NPD,0.3,NA,60.3,97
st,Saxony-Anhalt,1,8,2021,2021-06-06,FALSE,dvu,Far right (pre-AfD),TRUE,DVU,NA,NA,60.3,97
st,Saxony-Anhalt,1,8,2021,2021-06-06,FALSE,bsw,BSW,FALSE,BSW,NA,NA,60.3,97
st,Saxony-Anhalt,1,8,2021,2021-06-06,FALSE,rep,Far right (pre-AfD),TRUE,REP,NA,NA,60.3,97
st,Saxony-Anhalt,1,8,2021,2021-06-06,FALSE,dsu,Far right (pre-AfD),TRUE,DSU,NA,NA,60.3,97
st,Saxony-Anhalt,1,8,2021,2021-06-06,FALSE,schill,Far right (pre-AfD),TRUE,SCHILL,NA,NA,60.3,97
st,Saxony-Anhalt,1,9,2026,2026-09-06,TRUE,afd,AfD,TRUE,AfD,43.8,39,77.7,83
st,Saxony-Anhalt,1,9,2026,2026-09-06,TRUE,cdu,CDU/CSU,FALSE,CDU,17.2,15,77.7,83
st,Saxony-Anhalt,1,9,2026,2026-09-06,TRUE,spd,SPD,FALSE,SPD,9.3,8,77.7,83
st,Saxony-Anhalt,1,9,2026,2026-09-06,TRUE,gru,Greens,FALSE,B’90/GRÜNE²,8.9,8,77.7,83
st,Saxony-Anhalt,1,9,2026,2026-09-06,TRUE,lin,Left,FALSE,DIE LINKE¹,8.6,8,77.7,83
st,Saxony-Anhalt,1,9,2026,2026-09-06,TRUE,bsw,BSW,FALSE,BSW,5.3,5,77.7,83
st,Saxony-Anhalt,1,9,2026,2026-09-06,TRUE,oth,Other,FALSE,Sonstige,3.2,NA,77.7,83
st,Saxony-Anhalt,1,9,2026,2026-09-06,TRUE,fdp,FDP,FALSE,FDP,2.6,NA,77.7,83
st,Saxony-Anhalt,1,9,2026,2026-09-06,TRUE,fw,Other (named),FALSE,FREIE WÄHLER,1.2,NA,77.7,83
st,Saxony-Anhalt,1,9,2026,2026-09-06,TRUE,dvu,Far right (pre-AfD),TRUE,DVU,NA,NA,77.7,83
st,Saxony-Anhalt,1,9,2026,2026-09-06,TRUE,npd,Far right (pre-AfD),TRUE,NPD,NA,NA,77.7,83
st,Saxony-Anhalt,1,9,2026,2026-09-06,TRUE,rep,Far right (pre-AfD),TRUE,REP,NA,NA,77.7,83
st,Saxony-Anhalt,1,9,2026,2026-09-06,TRUE,dsu,Far right (pre-AfD),TRUE,DSU,NA,NA,77.7,83
st,Saxony-Anhalt,1,9,2026,2026-09-06,TRUE,schill,Far right (pre-AfD),TRUE,SCHILL,NA,NA,77.7,83
th,Thuringia,1,1,1990,1990-10-14,FALSE,cdu,CDU/CSU,FALSE,CDU,45.4,44,71.7,89
th,Thuringia,1,1,1990,1990-10-14,FALSE,spd,SPD,FALSE,SPD,22.8,21,71.7,89
th,Thuringia,1,1,1990,1990-10-14,FALSE,lin,Left,FALSE,DIE LINKE,9.7,9,71.7,89
th,Thuringia,1,1,1990,1990-10-14,FALSE,fdp,FDP,FALSE,FDP,9.3,9,71.7,89
th,Thuringia,1,1,1990,1990-10-14,FALSE,gru,Greens,FALSE,B‘90/GRÜNE,6.5,6,71.7,89
th,Thuringia,1,1,1990,1990-10-14,FALSE,dsu,Far right (pre-AfD),TRUE,DSU,3.3,NA,71.7,89
th,Thuringia,1,1,1990,1990-10-14,FALSE,oth,Other,FALSE,Sonstige,2.3,NA,71.7,89
th,Thuringia,1,1,1990,1990-10-14,FALSE,rep,Far right (pre-AfD),TRUE,REP,0.8,NA,71.7,89
th,Thuringia,1,1,1990,1990-10-14,FALSE,afd,AfD,TRUE,AfD,NA,NA,71.7,89
th,Thuringia,1,1,1990,1990-10-14,FALSE,bsw,BSW,FALSE,BSW,NA,NA,71.7,89
th,Thuringia,1,1,1990,1990-10-14,FALSE,fw,Other (named),FALSE,Freie Wähler Thüringen,NA,NA,71.7,89
th,Thuringia,1,1,1990,1990-10-14,FALSE,npd,Far right (pre-AfD),TRUE,NPD,NA,NA,71.7,89
th,Thuringia,1,1,1990,1990-10-14,FALSE,dvu,Far right (pre-AfD),TRUE,DVU,NA,NA,71.7,89
th,Thuringia,1,1,1990,1990-10-14,FALSE,neuesforum,Other (named),FALSE,Neues Forum,NA,NA,71.7,89
th,Thuringia,1,1,1990,1990-10-14,FALSE,pir,Other (named),FALSE,PIRATEN,NA,NA,71.7,89
th,Thuringia,1,2,1994,1994-10-16,FALSE,cdu,CDU/CSU,FALSE,CDU,42.6,42,74.8,88
th,Thuringia,1,2,1994,1994-10-16,FALSE,spd,SPD,FALSE,SPD,29.6,29,74.8,88
th,Thuringia,1,2,1994,1994-10-16,FALSE,lin,Left,FALSE,DIE LINKE,16.6,17,74.8,88
th,Thuringia,1,2,1994,1994-10-16,FALSE,gru,Greens,FALSE,B‘90/GRÜNE,4.5,NA,74.8,88
th,Thuringia,1,2,1994,1994-10-16,FALSE,fdp,FDP,FALSE,FDP,3.2,NA,74.8,88
th,Thuringia,1,2,1994,1994-10-16,FALSE,rep,Far right (pre-AfD),TRUE,REP,1.3,NA,74.8,88
th,Thuringia,1,2,1994,1994-10-16,FALSE,neuesforum,Other (named),FALSE,Neues Forum,1.1,NA,74.8,88
th,Thuringia,1,2,1994,1994-10-16,FALSE,oth,Other,FALSE,Sonstige,1,NA,74.8,88
th,Thuringia,1,2,1994,1994-10-16,FALSE,dsu,Far right (pre-AfD),TRUE,DSU,0.2,NA,74.8,88
th,Thuringia,1,2,1994,1994-10-16,FALSE,afd,AfD,TRUE,AfD,NA,NA,74.8,88
th,Thuringia,1,2,1994,1994-10-16,FALSE,bsw,BSW,FALSE,BSW,NA,NA,74.8,88
th,Thuringia,1,2,1994,1994-10-16,FALSE,fw,Other (named),FALSE,Freie Wähler Thüringen,NA,NA,74.8,88
th,Thuringia,1,2,1994,1994-10-16,FALSE,npd,Far right (pre-AfD),TRUE,NPD,NA,NA,74.8,88
th,Thuringia,1,2,1994,1994-10-16,FALSE,dvu,Far right (pre-AfD),TRUE,DVU,NA,NA,74.8,88
th,Thuringia,1,2,1994,1994-10-16,FALSE,pir,Other (named),FALSE,PIRATEN,NA,NA,74.8,88
th,Thuringia,1,3,1999,1999-09-12,FALSE,cdu,CDU/CSU,FALSE,CDU,51,49,59.9,88
th,Thuringia,1,3,1999,1999-09-12,FALSE,lin,Left,FALSE,DIE LINKE,21.4,21,59.9,88
th,Thuringia,1,3,1999,1999-09-12,FALSE,spd,SPD,FALSE,SPD,18.5,18,59.9,88
th,Thuringia,1,3,1999,1999-09-12,FALSE,dvu,Far right (pre-AfD),TRUE,DVU,3.1,NA,59.9,88
th,Thuringia,1,3,1999,1999-09-12,FALSE,gru,Greens,FALSE,B‘90/GRÜNE,1.9,NA,59.9,88
th,Thuringia,1,3,1999,1999-09-12,FALSE,oth,Other,FALSE,Sonstige,1.8,NA,59.9,88
th,Thuringia,1,3,1999,1999-09-12,FALSE,fdp,FDP,FALSE,FDP,1.1,NA,59.9,88
th,Thuringia,1,3,1999,1999-09-12,FALSE,rep,Far right (pre-AfD),TRUE,REP,0.8,NA,59.9,88
th,Thuringia,1,3,1999,1999-09-12,FALSE,neuesforum,Other (named),FALSE,Neues Forum,0.3,NA,59.9,88
th,Thuringia,1,3,1999,1999-09-12,FALSE,dsu,Far right (pre-AfD),TRUE,DSU,0.2,NA,59.9,88
th,Thuringia,1,3,1999,1999-09-12,FALSE,afd,AfD,TRUE,AfD,NA,NA,59.9,88
th,Thuringia,1,3,1999,1999-09-12,FALSE,bsw,BSW,FALSE,BSW,NA,NA,59.9,88
th,Thuringia,1,3,1999,1999-09-12,FALSE,fw,Other (named),FALSE,Freie Wähler Thüringen,NA,NA,59.9,88
th,Thuringia,1,3,1999,1999-09-12,FALSE,npd,Far right (pre-AfD),TRUE,NPD,NA,NA,59.9,88
th,Thuringia,1,3,1999,1999-09-12,FALSE,pir,Other (named),FALSE,PIRATEN,NA,NA,59.9,88
th,Thuringia,1,4,2004,2004-06-13,FALSE,cdu,CDU/CSU,FALSE,CDU,43,45,53.8,88
th,Thuringia,1,4,2004,2004-06-13,FALSE,lin,Left,FALSE,DIE LINKE,26.1,28,53.8,88
th,Thuringia,1,4,2004,2004-06-13,FALSE,spd,SPD,FALSE,SPD,14.5,15,53.8,88
th,Thuringia,1,4,2004,2004-06-13,FALSE,gru,Greens,FALSE,B‘90/GRÜNE,4.5,NA,53.8,88
th,Thuringia,1,4,2004,2004-06-13,FALSE,fdp,FDP,FALSE,FDP,3.6,NA,53.8,88
th,Thuringia,1,4,2004,2004-06-13,FALSE,fw,Other (named),FALSE,Freie Wähler Thüringen,2.6,NA,53.8,88
th,Thuringia,1,4,2004,2004-06-13,FALSE,oth,Other,FALSE,Sonstige,2.2,NA,53.8,88
th,Thuringia,1,4,2004,2004-06-13,FALSE,rep,Far right (pre-AfD),TRUE,REP,2,NA,53.8,88
th,Thuringia,1,4,2004,2004-06-13,FALSE,npd,Far right (pre-AfD),TRUE,NPD,1.6,NA,53.8,88
th,Thuringia,1,4,2004,2004-06-13,FALSE,afd,AfD,TRUE,AfD,NA,NA,53.8,88
th,Thuringia,1,4,2004,2004-06-13,FALSE,bsw,BSW,FALSE,BSW,NA,NA,53.8,88
th,Thuringia,1,4,2004,2004-06-13,FALSE,dvu,Far right (pre-AfD),TRUE,DVU,NA,NA,53.8,88
th,Thuringia,1,4,2004,2004-06-13,FALSE,neuesforum,Other (named),FALSE,Neues Forum,NA,NA,53.8,88
th,Thuringia,1,4,2004,2004-06-13,FALSE,dsu,Far right (pre-AfD),TRUE,DSU,NA,NA,53.8,88
th,Thuringia,1,4,2004,2004-06-13,FALSE,pir,Other (named),FALSE,PIRATEN,NA,NA,53.8,88
th,Thuringia,1,5,2009,2009-08-30,FALSE,cdu,CDU/CSU,FALSE,CDU,31.2,30,56.2,88
th,Thuringia,1,5,2009,2009-08-30,FALSE,lin,Left,FALSE,DIE LINKE,27.4,27,56.2,88
th,Thuringia,1,5,2009,2009-08-30,FALSE,spd,SPD,FALSE,SPD,18.5,18,56.2,88
th,Thuringia,1,5,2009,2009-08-30,FALSE,fdp,FDP,FALSE,FDP,7.6,7,56.2,88
th,Thuringia,1,5,2009,2009-08-30,FALSE,gru,Greens,FALSE,B‘90/GRÜNE,6.2,6,56.2,88
th,Thuringia,1,5,2009,2009-08-30,FALSE,npd,Far right (pre-AfD),TRUE,NPD,4.3,NA,56.2,88
th,Thuringia,1,5,2009,2009-08-30,FALSE,fw,Other (named),FALSE,Freie Wähler Thüringen,3.9,NA,56.2,88
th,Thuringia,1,5,2009,2009-08-30,FALSE,rep,Far right (pre-AfD),TRUE,REP,0.4,NA,56.2,88
th,Thuringia,1,5,2009,2009-08-30,FALSE,oth,Other,FALSE,Sonstige,0.4,NA,56.2,88
th,Thuringia,1,5,2009,2009-08-30,FALSE,afd,AfD,TRUE,AfD,NA,NA,56.2,88
th,Thuringia,1,5,2009,2009-08-30,FALSE,bsw,BSW,FALSE,BSW,NA,NA,56.2,88
th,Thuringia,1,5,2009,2009-08-30,FALSE,dvu,Far right (pre-AfD),TRUE,DVU,NA,NA,56.2,88
th,Thuringia,1,5,2009,2009-08-30,FALSE,neuesforum,Other (named),FALSE,Neues Forum,NA,NA,56.2,88
th,Thuringia,1,5,2009,2009-08-30,FALSE,dsu,Far right (pre-AfD),TRUE,DSU,NA,NA,56.2,88
th,Thuringia,1,5,2009,2009-08-30,FALSE,pir,Other (named),FALSE,PIRATEN,NA,NA,56.2,88
th,Thuringia,1,6,2014,2014-09-14,FALSE,cdu,CDU/CSU,FALSE,CDU,33.5,34,52.7,91
th,Thuringia,1,6,2014,2014-09-14,FALSE,lin,Left,FALSE,DIE LINKE,28.2,28,52.7,91
th,Thuringia,1,6,2014,2014-09-14,FALSE,spd,SPD,FALSE,SPD,12.4,12,52.7,91
th,Thuringia,1,6,2014,2014-09-14,FALSE,afd,AfD,TRUE,AfD,10.6,11,52.7,91
th,Thuringia,1,6,2014,2014-09-14,FALSE,gru,Greens,FALSE,B‘90/GRÜNE,5.7,6,52.7,91
th,Thuringia,1,6,2014,2014-09-14,FALSE,npd,Far right (pre-AfD),TRUE,NPD,3.6,NA,52.7,91
th,Thuringia,1,6,2014,2014-09-14,FALSE,fdp,FDP,FALSE,FDP,2.5,NA,52.7,91
th,Thuringia,1,6,2014,2014-09-14,FALSE,fw,Other (named),FALSE,Freie Wähler Thüringen,1.7,NA,52.7,91
th,Thuringia,1,6,2014,2014-09-14,FALSE,pir,Other (named),FALSE,PIRATEN,1,NA,52.7,91
th,Thuringia,1,6,2014,2014-09-14,FALSE,oth,Other,FALSE,Sonstige,0.7,NA,52.7,91
th,Thuringia,1,6,2014,2014-09-14,FALSE,rep,Far right (pre-AfD),TRUE,REP,0.2,NA,52.7,91
th,Thuringia,1,6,2014,2014-09-14,FALSE,bsw,BSW,FALSE,BSW,NA,NA,52.7,91
th,Thuringia,1,6,2014,2014-09-14,FALSE,dvu,Far right (pre-AfD),TRUE,DVU,NA,NA,52.7,91
th,Thuringia,1,6,2014,2014-09-14,FALSE,neuesforum,Other (named),FALSE,Neues Forum,NA,NA,52.7,91
th,Thuringia,1,6,2014,2014-09-14,FALSE,dsu,Far right (pre-AfD),TRUE,DSU,NA,NA,52.7,91
th,Thuringia,1,7,2019,2019-10-27,FALSE,lin,Left,FALSE,DIE LINKE,31,29,64.9,90
th,Thuringia,1,7,2019,2019-10-27,FALSE,afd,AfD,TRUE,AfD,23.4,22,64.9,90
th,Thuringia,1,7,2019,2019-10-27,FALSE,cdu,CDU/CSU,FALSE,CDU,21.8,21,64.9,90
th,Thuringia,1,7,2019,2019-10-27,FALSE,spd,SPD,FALSE,SPD,8.2,8,64.9,90
th,Thuringia,1,7,2019,2019-10-27,FALSE,gru,Greens,FALSE,B‘90/GRÜNE,5.2,5,64.9,90
th,Thuringia,1,7,2019,2019-10-27,FALSE,fdp,FDP,FALSE,FDP,5,5,64.9,90
th,Thuringia,1,7,2019,2019-10-27,FALSE,oth,Other,FALSE,Sonstige,4.5,NA,64.9,90
th,Thuringia,1,7,2019,2019-10-27,FALSE,npd,Far right (pre-AfD),TRUE,NPD,0.5,NA,64.9,90
th,Thuringia,1,7,2019,2019-10-27,FALSE,pir,Other (named),FALSE,PIRATEN,0.4,NA,64.9,90
th,Thuringia,1,7,2019,2019-10-27,FALSE,bsw,BSW,FALSE,BSW,NA,NA,64.9,90
th,Thuringia,1,7,2019,2019-10-27,FALSE,fw,Other (named),FALSE,Freie Wähler Thüringen,NA,NA,64.9,90
th,Thuringia,1,7,2019,2019-10-27,FALSE,dvu,Far right (pre-AfD),TRUE,DVU,NA,NA,64.9,90
th,Thuringia,1,7,2019,2019-10-27,FALSE,rep,Far right (pre-AfD),TRUE,REP,NA,NA,64.9,90
th,Thuringia,1,7,2019,2019-10-27,FALSE,neuesforum,Other (named),FALSE,Neues Forum,NA,NA,64.9,90
th,Thuringia,1,7,2019,2019-10-27,FALSE,dsu,Far right (pre-AfD),TRUE,DSU,NA,NA,64.9,90
th,Thuringia,1,8,2024,2024-09-01,FALSE,afd,AfD,TRUE,AfD,32.8,32,73.6,88
th,Thuringia,1,8,2024,2024-09-01,FALSE,cdu,CDU/CSU,FALSE,CDU,23.6,23,73.6,88
th,Thuringia,1,8,2024,2024-09-01,FALSE,bsw,BSW,FALSE,BSW,15.8,15,73.6,88
th,Thuringia,1,8,2024,2024-09-01,FALSE,lin,Left,FALSE,DIE LINKE,13.1,12,73.6,88
th,Thuringia,1,8,2024,2024-09-01,FALSE,spd,SPD,FALSE,SPD,6.1,6,73.6,88
th,Thuringia,1,8,2024,2024-09-01,FALSE,gru,Greens,FALSE,B‘90/GRÜNE,3.2,NA,73.6,88
th,Thuringia,1,8,2024,2024-09-01,FALSE,oth,Other,FALSE,Sonstige,2.6,NA,73.6,88
th,Thuringia,1,8,2024,2024-09-01,FALSE,fw,Other (named),FALSE,Freie Wähler Thüringen,1.3,NA,73.6,88
th,Thuringia,1,8,2024,2024-09-01,FALSE,fdp,FDP,FALSE,FDP,1.1,NA,73.6,88
th,Thuringia,1,8,2024,2024-09-01,FALSE,pir,Other (named),FALSE,PIRATEN,0.3,NA,73.6,88
th,Thuringia,1,8,2024,2024-09-01,FALSE,npd,Far right (pre-AfD),TRUE,NPD,NA,NA,73.6,88
th,Thuringia,1,8,2024,2024-09-01,FALSE,dvu,Far right (pre-AfD),TRUE,DVU,NA,NA,73.6,88
th,Thuringia,1,8,2024,2024-09-01,FALSE,rep,Far right (pre-AfD),TRUE,REP,NA,NA,73.6,88
th,Thuringia,1,8,2024,2024-09-01,FALSE,neuesforum,Other (named),FALSE,Neues Forum,NA,NA,73.6,88
th,Thuringia,1,8,2024,2024-09-01,FALSE,dsu,Far right (pre-AfD),TRUE,DSU,NA,NA,73.6,88
