Stimmart,Adresse,Bezirksnummer,Bezirksname,Wahlbezirk,Wahlbezirksart,Briefwahlbezirk,"Abgeordneten-
hauswahlkreis","Bundestags-
wahlkreis",OstWest,Wahlberechtigte insgesamt,Wahlberechtigte A1,Wahlberechtigte A2,Wahlberechtigte A3,Wählende,Wählende B1,Gültige Stimmen,Ungültige Stimmen,SPD,CDU,GRÜNE,DIE LINKE,AfD,FDP,Die PARTEI,Tierschutzpartei,PIRATEN,Graue Panther,NPD,Gesundheitsforschung,LKR,DKP,SGP,BüSo,MENSCHLICHE WELT,B*,ÖDP,dieBasis,Bildet Berlin!,DL,Deutsche Konservative,Die Grauen,Neue Demokraten,REP,du.,BÜNDNIS21,DIE FRAUEN,FREIE WÄHLER,Klimaliste Berlin,LD,MIETERPARTEI,Die Humanisten,Team Todenhöfer,Volt,EB,EB2,EB3,EB4,EB5,EB6,EB7,EB8,EB9,EB10,EB11,EB12
Erststimme,"01W100","01",Mitte,"100",W,1A,1,75,W,1650,1071,579,0,431,13,426,5,68,115,124,43,22,35,0,16,0,0,0,0,0,0,0,0,0,0,0,3,0,0,0,0,0,0,0,0,0,0,0,0,0,0,0,0,0,0,0,0,0,0,0,0,0,0,0,0
Erststimme,"01W101","01",Mitte,"101",W,1B,1,75,O,960,556,404,0,332,8,331,1,66,73,116,33,9,30,0,2,0,0,0,0,0,0,0,0,0,0,0,2,0,0,0,0,0,0,0,0,0,0,0,0,0,0,0,0,0,0,0,0,0,0,0,0,0,0,0,0
Erststimme,"01W102","01",Mitte,"102",W,1B,1,75,O,1240,755,485,0,385,13,382,3,68,88,100,51,28,32,0,13,0,0,0,0,0,0,0,0,0,0,0,2,0,0,0,0,0,0,0,0,0,0,0,0,0,0,0,0,0,0,0,0,0,0,0,0,0,0,0,0
Erststimme,"01W103","01",Mitte,"103",W,1C,1,75,O,1011,593,418,0,276,12,275,1,42,60,83,27,13,42,0,4,0,0,0,0,0,0,0,0,0,0,0,4,0,0,0,0,0,0,0,0,0,0,0,0,0,0,0,0,0,0,0,0,0,0,0,0,0,0,0,0
Erststimme,"01W104","01",Mitte,"104",W,1D,1,75,O,1257,787,470,0,513,17,507,6,98,104,165,57,17,47,0,13,0,0,0,0,0,0,0,0,0,0,0,6,0,0,0,0,0,0,0,0,0,0,0,0,0,0,0,0,0,0,0,0,0,0,0,0,0,0,0,0
Erststimme,"01W105","01",Mitte,"105",W,1D,1,75,O,997,668,329,0,385,6,383,2,82,75,116,47,24,26,0,10,0,0,0,0,0,0,0,0,0,0,0,3,0,0,0,0,0,0,0,0,0,0,0,0,0,0,0,0,0,0,0,0,0,0,0,0,0,0,0,0
Erststimme,"01W106","01",Mitte,"106",W,1E,1,75,O,1437,883,554,0,576,18,576,0,100,140,173,70,19,59,0,8,0,0,0,0,0,0,0,0,0,0,0,7,0,0,0,0,0,0,0,0,0,0,0,0,0,0,0,0,0,0,0,0,0,0,0,0,0,0,0,0
Erststimme,"01W107","01",Mitte,"107",W,1F,1,75,O,1084,754,330,0,434,19,431,3,64,97,138,51,27,38,0,8,0,0,0,0,0,0,0,0,0,0,0,8,0,0,0,0,0,0,0,0,0,0,0,0,0,0,0,0,0,0,0,0,0,0,0,0,0,0,0,0
Erststimme,"01W108","01",Mitte,"108",W,1E,1,75,O,1052,667,385,0,363,8,358,4,68,109,77,47,13,32,0,6,0,0,0,0,0,0,0,0,0,0,0,6,0,0,0,0,0,0,0,0,0,0,0,0,0,0,0,0,0,0,0,0,0,0,0,0,0,0,0,0
Erststimme,"01W109","01",Mitte,"109",W,1G,1,75,W,1080,779,301,0,308,2,305,3,75,91,45,35,39,9,0,8,0,0,0,0,0,0,0,0,0,0,0,3,0,0,0,0,0,0,0,0,0,0,0,0,0,0,0,0,0,0,0,0,0,0,0,0,0,0,0,0
Erststimme,"01W110","01",Mitte,"110",W,1G,1,75,W,1245,776,469,0,544,21,540,4,78,107,207,73,18,29,0,22,0,0,0,0,0,0,0,0,0,0,0,6,0,0,0,0,0,0,0,0,0,0,0,0,0,0,0,0,0,0,0,0,0,0,0,0,0,0,0,0
Erststimme,"01W111","01",Mitte,"111",W,1H,1,75,O,1032,677,355,0,418,8,416,2,77,64,170,57,12,23,0,7,0,0,0,0,0,0,0,0,0,0,0,6,0,0,0,0,0,0,0,0,0,0,0,0,0,0,0,0,0,0,0,0,0,0,0,0,0,0,0,0
Erststimme,"01W112","01",Mitte,"112",W,1F,1,75,O,1151,779,372,0,499,13,496,3,77,77,173,96,28,28,0,12,0,0,0,0,0,0,0,0,0,0,0,5,0,0,0,0,0,0,0,0,0,0,0,0,0,0,0,0,0,0,0,0,0,0,0,0,0,0,0,0
Erststimme,"01W113","01",Mitte,"113",W,1I,1,75,O,1456,977,479,0,642,6,642,0,114,101,234,107,28,31,0,16,0,0,0,0,0,0,0,0,0,0,0,11,0,0,0,0,0,0,0,0,0,0,0,0,0,0,0,0,0,0,0,0,0,0,0,0,0,0,0,0
Erststimme,"01W114","01",Mitte,"114",W,1H,1,75,O,1427,957,470,0,547,17,541,6,87,78,191,111,19,31,0,18,0,0,0,0,0,0,0,0,0,0,0,6,0,0,0,0,0,0,0,0,0,0,0,0,0,0,0,0,0,0,0,0,0,0,0,0,0,0,0,0
Erststimme,"01W115","01",Mitte,"115",W,1J,1,75,O,860,634,226,0,360,6,359,1,54,74,84,56,41,25,0,18,0,0,0,0,0,0,0,0,0,0,0,7,0,0,0,0,0,0,0,0,0,0,0,0,0,0,0,0,0,0,0,0,0,0,0,0,0,0,0,0
Erststimme,"01W116","01",Mitte,"116",W,1J,1,75,O,704,478,226,0,286,7,286,0,44,65,80,41,27,20,0,5,0,0,0,0,0,0,0,0,0,0,0,4,0,0,0,0,0,0,0,0,0,0,0,0,0,0,0,0,0,0,0,0,0,0,0,0,0,0,0,0
Erststimme,"01W117","01",Mitte,"117",W,1I,1,75,O,1319,867,452,0,554,26,552,2,75,86,228,93,23,30,0,12,0,0,0,0,0,0,0,0,0,0,0,5,0,0,0,0,0,0,0,0,0,0,0,0,0,0,0,0,0,0,0,0,0,0,0,0,0,0,0,0
Erststimme,"01W118","01",Mitte,"118",W,1K,1,75,O,1323,844,479,0,534,14,532,2,71,95,210,97,12,31,0,9,0,0,0,0,0,0,0,0,0,0,0,7,0,0,0,0,0,0,0,0,0,0,0,0,0,0,0,0,0,0,0,0,0,0,0,0,0,0,0,0
Erststimme,"01W119","01",Mitte,"119",W,1L,1,75,O,909,579,330,0,352,15,346,6,49,63,127,65,12,22,0,5,0,0,0,0,0,0,0,0,0,0,0,3,0,0,0,0,0,0,0,0,0,0,0,0,0,0,0,0,0,0,0,0,0,0,0,0,0,0,0,0
Erststimme,"01W120","01",Mitte,"120",W,1K,1,75,O,1011,677,334,0,407,19,403,4,49,59,153,71,37,23,0,6,0,0,0,0,0,0,0,0,0,0,0,5,0,0,0,0,0,0,0,0,0,0,0,0,0,0,0,0,0,0,0,0,0,0,0,0,0,0,0,0
Erststimme,"01W121","01",Mitte,"121",W,1L,1,75,O,1011,662,349,0,404,16,401,3,72,61,161,59,14,26,0,6,0,0,0,0,0,0,0,0,0,0,0,2,0,0,0,0,0,0,0,0,0,0,0,0,0,0,0,0,0,0,0,0,0,0,0,0,0,0,0,0
Erststimme,"01W122","01",Mitte,"122",W,1M,1,75,O,1108,718,390,0,440,17,437,1,72,78,150,88,11,30,0,6,0,0,0,0,0,0,0,0,0,0,0,2,0,0,0,0,0,0,0,0,0,0,0,0,0,0,0,0,0,0,0,0,0,0,0,0,0,0,0,0
Erststimme,"01W123","01",Mitte,"123",W,1M,1,75,O,920,623,297,0,385,11,383,1,59,64,146,62,7,33,0,10,0,0,0,0,0,0,0,0,0,0,0,2,0,0,0,0,0,0,0,0,0,0,0,0,0,0,0,0,0,0,0,0,0,0,0,0,0,0,0,0
Erststimme,"01W124","01",Mitte,"124",W,1A,1,75,W,1265,944,321,0,371,8,370,1,59,86,113,50,28,23,0,8,0,0,0,0,0,0,0,0,0,0,0,3,0,0,0,0,0,0,0,0,0,0,0,0,0,0,0,0,0,0,0,0,0,0,0,0,0,0,0,0
Erststimme,"01W125","01",Mitte,"125",W,1C,1,75,O,1466,920,546,0,478,12,476,2,84,99,141,80,32,21,0,12,0,0,0,0,0,0,0,0,0,0,0,7,0,0,0,0,0,0,0,0,0,0,0,0,0,0,0,0,0,0,0,0,0,0,0,0,0,0,0,0
Erststimme,"01B1A","01",Mitte,1A,B,1A,1,75,W,0,0,0,0,790,790,786,4,122,233,229,54,25,91,0,28,0,0,0,0,0,0,0,0,0,0,0,4,0,0,0,0,0,0,0,0,0,0,0,0,0,0,0,0,0,0,0,0,0,0,0,0,0,0,0,0
Erststimme,"01B1B","01",Mitte,1B,B,1B,1,75,O,0,0,0,0,808,808,807,1,153,252,231,57,29,71,0,12,0,0,0,0,0,0,0,0,0,0,0,2,0,0,0,0,0,0,0,0,0,0,0,0,0,0,0,0,0,0,0,0,0,0,0,0,0,0,0,0
Erststimme,"01B1C","01",Mitte,1C,B,1C,1,75,O,0,0,0,0,839,839,834,3,127,209,275,79,21,92,0,23,0,0,0,0,0,0,0,0,0,0,0,8,0,0,0,0,0,0,0,0,0,0,0,0,0,0,0,0,0,0,0,0,0,0,0,0,0,0,0,0
Erststimme,"01B1D","01",Mitte,1D,B,1D,1,75,O,0,0,0,0,709,709,706,3,118,181,228,98,13,61,0,4,0,0,0,0,0,0,0,0,0,0,0,3,0,0,0,0,0,0,0,0,0,0,0,0,0,0,0,0,0,0,0,0,0,0,0,0,0,0,0,0
Erststimme,"01B1E","01",Mitte,1E,B,1E,1,75,O,0,0,0,0,822,822,816,2,153,252,203,78,36,78,0,12,0,0,0,0,0,0,0,0,0,0,0,4,0,0,0,0,0,0,0,0,0,0,0,0,0,0,0,0,0,0,0,0,0,0,0,0,0,0,0,0
Erststimme,"01B1F","01",Mitte,1F,B,1F,1,75,O,0,0,0,0,616,616,614,1,79,143,210,94,13,46,0,23,0,0,0,0,0,0,0,0,0,0,0,6,0,0,0,0,0,0,0,0,0,0,0,0,0,0,0,0,0,0,0,0,0,0,0,0,0,0,0,0
Erststimme,"01B1G","01",Mitte,1G,B,1G,1,75,W,0,0,0,0,662,662,656,4,157,167,175,68,37,37,0,12,0,0,0,0,0,0,0,0,0,0,0,3,0,0,0,0,0,0,0,0,0,0,0,0,0,0,0,0,0,0,0,0,0,0,0,0,0,0,0,0
Erststimme,"01B1H","01",Mitte,1H,B,1H,1,75,O,0,0,0,0,722,722,716,2,99,144,283,101,11,60,0,12,0,0,0,0,0,0,0,0,0,0,0,6,0,0,0,0,0,0,0,0,0,0,0,0,0,0,0,0,0,0,0,0,0,0,0,0,0,0,0,0
Erststimme,"01B1I","01",Mitte,1I,B,1I,1,75,O,0,0,0,0,829,829,823,6,120,159,339,114,16,55,0,12,0,0,0,0,0,0,0,0,0,0,0,8,0,0,0,0,0,0,0,0,0,0,0,0,0,0,0,0,0,0,0,0,0,0,0,0,0,0,0,0
Erststimme,"01B1J","01",Mitte,1J,B,1J,1,75,O,0,0,0,0,403,403,402,1,61,97,111,67,20,32,0,11,0,0,0,0,0,0,0,0,0,0,0,3,0,0,0,0,0,0,0,0,0,0,0,0,0,0,0,0,0,0,0,0,0,0,0,0,0,0,0,0
Erststimme,"01B1K","01",Mitte,1K,B,1K,1,75,O,0,0,0,0,715,715,714,1,109,128,318,82,20,41,0,10,0,0,0,0,0,0,0,0,0,0,0,6,0,0,0,0,0,0,0,0,0,0,0,0,0,0,0,0,0,0,0,0,0,0,0,0,0,0,0,0
Erststimme,"01B1L","01",Mitte,1L,B,1L,1,75,O,0,0,0,0,589,589,588,1,98,102,230,82,15,36,0,13,0,0,0,0,0,0,0,0,0,0,0,12,0,0,0,0,0,0,0,0,0,0,0,0,0,0,0,0,0,0,0,0,0,0,0,0,0,0,0,0
Erststimme,"01B1M","01",Mitte,1M,B,1M,1,75,O,0,0,0,0,588,588,579,9,84,142,221,47,8,65,0,8,0,0,0,0,0,0,0,0,0,0,0,4,0,0,0,0,0,0,0,0,0,0,0,0,0,0,0,0,0,0,0,0,0,0,0,0,0,0,0,0
Erststimme,"01W200","01",Mitte,"200",W,2A,2,75,O,851,616,235,0,320,1,320,0,64,108,25,45,46,19,3,7,0,0,0,0,0,0,0,0,0,0,0,3,0,0,0,0,0,0,0,0,0,0,0,0,0,0,0,0,0,0,0,0,0,0,0,0,0,0,0,0
Erststimme,"01W201","01",Mitte,"201",W,2A,2,75,O,1207,772,435,0,417,7,415,2,66,144,61,68,37,30,4,4,0,0,0,0,0,0,0,0,0,0,0,1,0,0,0,0,0,0,0,0,0,0,0,0,0,0,0,0,0,0,0,0,0,0,0,0,0,0,0,0
Erststimme,"01W202","01",Mitte,"202",W,2B,2,75,O,1136,720,416,0,380,7,378,2,77,127,46,48,31,29,7,10,0,0,0,0,0,0,0,0,0,0,0,0,0,0,0,0,0,0,0,0,0,0,0,0,0,0,0,0,0,0,0,0,0,0,0,0,0,0,3,0
Erststimme,"01W203","01",Mitte,"203",W,2B,2,75,O,1541,973,568,0,461,8,455,6,116,144,60,49,47,23,7,3,0,0,0,0,0,0,0,0,0,0,0,4,0,0,0,0,0,0,0,0,0,0,0,0,0,0,0,0,0,0,0,0,0,0,0,0,0,0,2,0
Erststimme,"01W204","01",Mitte,"204",W,2C,2,75,O,1550,932,618,0,449,7,448,1,91,145,80,57,32,31,7,3,0,0,0,0,0,0,0,0,0,0,0,1,0,0,0,0,0,0,0,0,0,0,0,0,0,0,0,0,0,0,0,0,0,0,0,0,0,0,1,0
Erststimme,"01W205","01",Mitte,"205",W,2C,2,75,O,1189,866,323,0,450,3,449,1,109,105,55,101,40,13,10,9,0,0,0,0,0,0,0,0,0,0,0,4,0,0,0,0,0,0,0,0,0,0,0,0,0,0,0,0,0,0,0,0,0,0,0,0,0,0,3,0
Erststimme,"01W206","01",Mitte,"206",W,2D,2,75,O,1291,884,407,0,415,10,412,3,90,99,66,76,31,30,4,9,0,0,0,0,0,0,0,0,0,0,0,7,0,0,0,0,0,0,0,0,0,0,0,0,0,0,0,0,0,0,0,0,0,0,0,0,0,0,0,0
Erststimme,"01W207","01",Mitte,"207",W,2D,2,75,O,1050,693,357,0,358,0,353,5,90,73,47,85,42,6,7,3,0,0,0,0,0,0,0,0,0,0,0,0,0,0,0,0,0,0,0,0,0,0,0,0,0,0,0,0,0,0,0,0,0,0,0,0,0,0,0,0
Erststimme,"01W208","01",Mitte,"208",W,2E,2,75,O,910,591,319,0,372,20,370,2,69,76,124,41,12,24,9,7,0,0,0,0,0,0,0,0,0,0,0,6,0,0,0,0,0,0,0,0,0,0,0,0,0,0,0,0,0,0,0,0,0,0,0,0,0,0,2,0
Erststimme,"01W209","01",Mitte,"209",W,2E,2,75,O,1157,780,377,0,483,19,480,3,67,66,183,88,23,27,11,12,0,0,0,0,0,0,0,0,0,0,0,1,0,0,0,0,0,0,0,0,0,0,0,0,0,0,0,0,0,0,0,0,0,0,0,0,0,0,2,0
Erststimme,"01W210","01",Mitte,"210",W,2F,2,75,O,1152,800,352,0,448,14,443,4,65,77,146,80,22,31,9,6,0,0,0,0,0,0,0,0,0,0,0,5,0,0,0,0,0,0,0,0,0,0,0,0,0,0,0,0,0,0,0,0,0,0,0,0,0,0,2,0
Erststimme,"01W211","01",Mitte,"211",W,2F,2,75,O,847,624,223,0,319,4,317,2,43,46,89,67,36,14,13,5,0,0,0,0,0,0,0,0,0,0,0,4,0,0,0,0,0,0,0,0,0,0,0,0,0,0,0,0,0,0,0,0,0,0,0,0,0,0,0,0
Erststimme,"01W212","01",Mitte,"212",W,2G,2,75,O,859,566,293,0,340,7,339,0,51,54,121,55,24,18,7,5,0,0,0,0,0,0,0,0,0,0,0,4,0,0,0,0,0,0,0,0,0,0,0,0,0,0,0,0,0,0,0,0,0,0,0,0,0,0,0,0
Erststimme,"01W213","01",Mitte,"213",W,2G,2,75,O,595,418,177,0,174,5,171,3,25,34,38,37,12,9,4,7,0,0,0,0,0,0,0,0,0,0,0,4,0,0,0,0,0,0,0,0,0,0,0,0,0,0,0,0,0,0,0,0,0,0,0,0,0,0,1,0
Erststimme,"01W214","01",Mitte,"214",W,2G,2,75,O,818,586,232,0,214,2,211,3,41,47,33,38,19,19,4,5,0,0,0,0,0,0,0,0,0,0,0,3,0,0,0,0,0,0,0,0,0,0,0,0,0,0,0,0,0,0,0,0,0,0,0,0,0,0,2,0
Erststimme,"01W215","01",Mitte,"215",W,2H,2,75,O,939,660,279,0,376,7,375,1,95,99,36,82,32,14,5,6,0,0,0,0,0,0,0,0,0,0,0,5,0,0,0,0,0,0,0,0,0,0,0,0,0,0,0,0,0,0,0,0,0,0,0,0,0,0,1,0
Erststimme,"01W216","01",Mitte,"216",W,2H,2,75,O,909,609,300,0,375,8,368,6,85,88,40,74,48,8,13,10,0,0,0,0,0,0,0,0,0,0,0,2,0,0,0,0,0,0,0,0,0,0,0,0,0,0,0,0,0,0,0,0,0,0,0,0,0,0,0,0
Erststimme,"01W217","01",Mitte,"217",W,2I,2,75,O,997,719,278,0,286,5,278,7,73,66,28,67,24,9,1,9,0,0,0,0,0,0,0,0,0,0,0,1,0,0,0,0,0,0,0,0,0,0,0,0,0,0,0,0,0,0,0,0,0,0,0,0,0,0,0,0
Erststimme,"01W218","01",Mitte,"218",W,2I,2,75,O,939,693,246,0,336,2,335,1,87,98,25,66,40,6,3,6,0,0,0,0,0,0,0,0,0,0,0,3,0,0,0,0,0,0,0,0,0,0,0,0,0,0,0,0,0,0,0,0,0,0,0,0,0,0,1,0
Erststimme,"01W219","01",Mitte,"219",W,2I,2,75,O,751,563,188,0,245,3,243,0,54,49,33,45,31,8,7,16,0,0,0,0,0,0,0,0,0,0,0,0,0,0,0,0,0,0,0,0,0,0,0,0,0,0,0,0,0,0,0,0,0,0,0,0,0,0,0,0
Erststimme,"01W220","01",Mitte,"220",W,2J,2,75,O,1119,734,385,0,355,11,348,5,89,87,69,59,16,12,4,3,0,0,0,0,0,0,0,0,0,0,0,7,0,0,0,0,0,0,0,0,0,0,0,0,0,0,0,0,0,0,0,0,0,0,0,0,0,0,2,0
Erststimme,"01W221","01",Mitte,"221",W,2K,2,75,O,1448,955,493,0,534,17,533,1,112,134,110,59,37,56,7,8,0,0,0,0,0,0,0,0,0,0,0,7,0,0,0,0,0,0,0,0,0,0,0,0,0,0,0,0,0,0,0,0,0,0,0,0,0,0,3,0
Erststimme,"01W222","01",Mitte,"222",W,2K,2,75,O,820,581,239,0,303,6,299,3,73,67,33,73,25,5,8,9,0,0,0,0,0,0,0,0,0,0,0,6,0,0,0,0,0,0,0,0,0,0,0,0,0,0,0,0,0,0,0,0,0,0,0,0,0,0,0,0
Erststimme,"01W223","01",Mitte,"223",W,2L,2,75,O,1535,925,610,0,528,8,521,7,120,120,126,83,37,15,8,6,0,0,0,0,0,0,0,0,0,0,0,5,0,0,0,0,0,0,0,0,0,0,0,0,0,0,0,0,0,0,0,0,0,0,0,0,0,0,1,0
Erststimme,"01W224","01",Mitte,"224",W,2M,2,75,O,1283,848,435,0,442,12,437,4,108,105,58,87,44,5,8,17,0,0,0,0,0,0,0,0,0,0,0,4,0,0,0,0,0,0,0,0,0,0,0,0,0,0,0,0,0,0,0,0,0,0,0,0,0,0,1,0
Erststimme,"01W225","01",Mitte,"225",W,2M,2,75,O,1324,812,512,0,437,12,430,7,101,123,54,75,42,10,5,15,0,0,0,0,0,0,0,0,0,0,0,3,0,0,0,0,0,0,0,0,0,0,0,0,0,0,0,0,0,0,0,0,0,0,0,0,0,0,2,0
Erststimme,"01W226","01",Mitte,"226",W,2J,2,75,O,687,482,205,0,193,4,191,2,41,42,20,45,25,5,4,6,0,0,0,0,0,0,0,0,0,0,0,3,0,0,0,0,0,0,0,0,0,0,0,0,0,0,0,0,0,0,0,0,0,0,0,0,0,0,0,0
Erststimme,"01W227","01",Mitte,"227",W,2N,2,75,O,1496,953,543,0,561,15,555,6,102,92,169,109,28,20,18,12,0,0,0,0,0,0,0,0,0,0,0,4,0,0,0,0,0,0,0,0,0,0,0,0,0,0,0,0,0,0,0,0,0,0,0,0,0,0,1,0
Erststimme,"01W228","01",Mitte,"228",W,2L,2,75,O,1190,711,479,0,416,8,413,1,116,104,102,39,23,20,0,3,0,0,0,0,0,0,0,0,0,0,0,6,0,0,0,0,0,0,0,0,0,0,0,0,0,0,0,0,0,0,0,0,0,0,0,0,0,0,0,0
Erststimme,"01W229","01",Mitte,"229",W,2N,2,75,O,1050,654,396,0,375,11,371,4,86,69,110,52,16,18,13,5,0,0,0,0,0,0,0,0,0,0,0,1,0,0,0,0,0,0,0,0,0,0,0,0,0,0,0,0,0,0,0,0,0,0,0,0,0,0,1,0
Erststimme,"01B2A","01",Mitte,2A,B,2A,2,75,O,0,0,0,0,594,594,591,3,142,219,85,62,22,42,9,4,0,0,0,0,0,0,0,0,0,0,0,4,0,0,0,0,0,0,0,0,0,0,0,0,0,0,0,0,0,0,0,0,0,0,0,0,0,0,2,0
Erststimme,"01B2B","01",Mitte,2B,B,2B,2,75,O,0,0,0,0,878,878,870,4,206,268,122,117,53,67,10,17,0,0,0,0,0,0,0,0,0,0,0,6,0,0,0,0,0,0,0,0,0,0,0,0,0,0,0,0,0,0,0,0,0,0,0,0,0,0,4,0
Erststimme,"01B2C","01",Mitte,2C,B,2C,2,75,O,0,0,0,0,840,840,830,1,194,238,140,118,39,64,11,17,0,0,0,0,0,0,0,0,0,0,0,5,0,0,0,0,0,0,0,0,0,0,0,0,0,0,0,0,0,0,0,0,0,0,0,0,0,0,4,0
Erststimme,"01B2D","01",Mitte,2D,B,2D,2,75,O,0,0,0,0,690,690,682,6,176,174,87,149,51,18,16,7,0,0,0,0,0,0,0,0,0,0,0,2,0,0,0,0,0,0,0,0,0,0,0,0,0,0,0,0,0,0,0,0,0,0,0,0,0,0,2,0
Erststimme,"01B2E","01",Mitte,2E,B,2E,2,75,O,0,0,0,0,596,596,589,7,89,112,230,83,16,38,10,9,0,0,0,0,0,0,0,0,0,0,0,2,0,0,0,0,0,0,0,0,0,0,0,0,0,0,0,0,0,0,0,0,0,0,0,0,0,0,0,0
Erststimme,"01B2F","01",Mitte,2F,B,2F,2,75,O,0,0,0,0,500,500,499,1,65,95,177,85,14,39,16,6,0,0,0,0,0,0,0,0,0,0,0,0,0,0,0,0,0,0,0,0,0,0,0,0,0,0,0,0,0,0,0,0,0,0,0,0,0,0,2,0
Erststimme,"01B2G","01",Mitte,2G,B,2G,2,75,O,0,0,0,0,604,604,601,3,100,145,162,95,34,42,11,9,0,0,0,0,0,0,0,0,0,0,0,2,0,0,0,0,0,0,0,0,0,0,0,0,0,0,0,0,0,0,0,0,0,0,0,0,0,0,1,0
Erststimme,"01B2H","01",Mitte,2H,B,2H,2,75,O,0,0,0,0,519,519,513,5,144,134,51,121,22,15,10,10,0,0,0,0,0,0,0,0,0,0,0,0,0,0,0,0,0,0,0,0,0,0,0,0,0,0,0,0,0,0,0,0,0,0,0,0,0,0,6,0
Erststimme,"01B2I","01",Mitte,2I,B,2I,2,75,O,0,0,0,0,633,633,629,1,166,183,67,108,50,17,16,16,0,0,0,0,0,0,0,0,0,0,0,4,0,0,0,0,0,0,0,0,0,0,0,0,0,0,0,0,0,0,0,0,0,0,0,0,0,0,2,0
Erststimme,"01B2J","01",Mitte,2J,B,2J,2,75,O,0,0,0,0,526,526,519,7,98,121,97,115,36,25,9,12,0,0,0,0,0,0,0,0,0,0,0,3,0,0,0,0,0,0,0,0,0,0,0,0,0,0,0,0,0,0,0,0,0,0,0,0,0,0,3,0
Erststimme,"01B2K","01",Mitte,2K,B,2K,2,75,O,0,0,0,0,643,643,643,0,133,178,137,81,28,63,9,10,0,0,0,0,0,0,0,0,0,0,0,2,0,0,0,0,0,0,0,0,0,0,0,0,0,0,0,0,0,0,0,0,0,0,0,0,0,0,2,0
Erststimme,"01B2L","01",Mitte,2L,B,2L,2,75,O,0,0,0,0,969,969,963,6,196,244,257,121,49,46,12,27,0,0,0,0,0,0,0,0,0,0,0,9,0,0,0,0,0,0,0,0,0,0,0,0,0,0,0,0,0,0,0,0,0,0,0,0,0,0,2,0
Erststimme,"01B2M","01",Mitte,2M,B,2M,2,75,O,0,0,0,0,849,849,842,4,230,215,99,157,56,31,21,28,0,0,0,0,0,0,0,0,0,0,0,3,0,0,0,0,0,0,0,0,0,0,0,0,0,0,0,0,0,0,0,0,0,0,0,0,0,0,2,0
Erststimme,"01B2N","01",Mitte,2N,B,2N,2,75,O,0,0,0,0,828,828,824,1,140,181,282,116,23,35,22,20,0,0,0,0,0,0,0,0,0,0,0,5,0,0,0,0,0,0,0,0,0,0,0,0,0,0,0,0,0,0,0,0,0,0,0,0,0,0,0,0
Erststimme,"01W300","01",Mitte,"300",W,3A,3,75,W,1194,911,283,0,356,8,354,2,48,39,119,77,15,19,15,12,0,0,0,0,0,0,0,0,0,0,0,9,0,0,0,0,0,0,0,0,0,0,0,0,0,0,0,0,0,0,1,0,0,0,0,0,0,0,0,0
Erststimme,"01W301","01",Mitte,"301",W,3A,3,75,W,960,670,290,0,332,8,332,0,56,38,117,58,21,13,14,9,0,0,0,0,0,0,0,0,0,0,0,5,0,0,0,0,0,0,0,0,0,0,0,0,0,0,0,0,0,0,1,0,0,0,0,0,0,0,0,0
Erststimme,"01W302","01",Mitte,"302",W,3B,3,75,W,1127,894,233,0,395,9,390,5,66,68,127,50,31,19,8,13,0,0,0,0,0,0,0,0,0,0,0,6,0,0,0,0,0,0,0,0,0,0,0,0,0,0,0,0,0,0,2,0,0,0,0,0,0,0,0,0
Erststimme,"01W303","01",Mitte,"303",W,3B,3,75,W,897,698,199,0,296,7,289,7,67,48,81,49,23,8,6,6,0,0,0,0,0,0,0,0,0,0,0,1,0,0,0,0,0,0,0,0,0,0,0,0,0,0,0,0,0,0,0,0,0,0,0,0,0,0,0,0
Erststimme,"01W304","01",Mitte,"304",W,3B,3,75,W,874,672,202,0,393,7,390,3,74,69,138,50,22,23,6,5,0,0,0,0,0,0,0,0,0,0,0,3,0,0,0,0,0,0,0,0,0,0,0,0,0,0,0,0,0,0,0,0,0,0,0,0,0,0,0,0
Erststimme,"01W305","01",Mitte,"305",W,3C,3,75,W,1027,648,379,0,388,6,385,3,82,83,137,40,20,7,5,9,0,0,0,0,0,0,0,0,0,0,0,2,0,0,0,0,0,0,0,0,0,0,0,0,0,0,0,0,0,0,0,0,0,0,0,0,0,0,0,0
Erststimme,"01W306","01",Mitte,"306",W,3D,3,75,W,1322,804,518,0,479,15,477,2,75,60,220,66,19,15,8,10,0,0,0,0,0,0,0,0,0,0,0,3,0,0,0,0,0,0,0,0,0,0,0,0,0,0,0,0,0,0,1,0,0,0,0,0,0,0,0,0
Erststimme,"01W307","01",Mitte,"307",W,3C,3,75,W,1146,712,434,0,412,11,406,5,78,99,127,38,17,24,5,13,0,0,0,0,0,0,0,0,0,0,0,5,0,0,0,0,0,0,0,0,0,0,0,0,0,0,0,0,0,0,0,0,0,0,0,0,0,0,0,0
Erststimme,"01W308","01",Mitte,"308",W,3D,3,75,W,1124,726,398,0,497,21,492,5,93,72,211,55,24,16,4,12,0,0,0,0,0,0,0,0,0,0,0,5,0,0,0,0,0,0,0,0,0,0,0,0,0,0,0,0,0,0,0,0,0,0,0,0,0,0,0,0
Erststimme,"01W309","01",Mitte,"309",W,3E,3,75,W,1260,760,500,0,488,11,487,1,72,84,208,49,21,20,18,10,0,0,0,0,0,0,0,0,0,0,0,5,0,0,0,0,0,0,0,0,0,0,0,0,0,0,0,0,0,0,0,0,0,0,0,0,0,0,0,0
Erststimme,"01W310","01",Mitte,"310",W,3E,3,75,W,921,607,314,0,329,6,326,3,58,74,110,48,11,11,3,7,0,0,0,0,0,0,0,0,0,0,0,4,0,0,0,0,0,0,0,0,0,0,0,0,0,0,0,0,0,0,0,0,0,0,0,0,0,0,0,0
Erststimme,"01W311","01",Mitte,"311",W,3F,3,75,W,1006,609,397,0,383,11,382,1,72,57,167,44,19,10,4,8,0,0,0,0,0,0,0,0,0,0,0,1,0,0,0,0,0,0,0,0,0,0,0,0,0,0,0,0,0,0,0,0,0,0,0,0,0,0,0,0
Erststimme,"01W312","01",Mitte,"312",W,3F,3,75,W,777,516,261,0,291,4,289,2,55,49,115,43,12,3,4,8,0,0,0,0,0,0,0,0,0,0,0,0,0,0,0,0,0,0,0,0,0,0,0,0,0,0,0,0,0,0,0,0,0,0,0,0,0,0,0,0
Erststimme,"01W313","01",Mitte,"313",W,3F,3,75,W,829,555,274,0,302,4,302,0,52,57,128,35,12,11,2,4,0,0,0,0,0,0,0,0,0,0,0,1,0,0,0,0,0,0,0,0,0,0,0,0,0,0,0,0,0,0,0,0,0,0,0,0,0,0,0,0
Erststimme,"01W314","01",Mitte,"314",W,3G,3,75,W,1060,789,271,0,380,11,371,8,79,120,90,45,14,13,7,2,0,0,0,0,0,0,0,0,0,0,0,1,0,0,0,0,0,0,0,0,0,0,0,0,0,0,0,0,0,0,0,0,0,0,0,0,0,0,0,0
Erststimme,"01W315","01",Mitte,"315",W,3G,3,75,W,792,585,207,0,282,6,279,3,51,49,106,29,24,7,6,5,0,0,0,0,0,0,0,0,0,0,0,1,0,0,0,0,0,0,0,0,0,0,0,0,0,0,0,0,0,0,1,0,0,0,0,0,0,0,0,0
Erststimme,"01W316","01",Mitte,"316",W,3H,3,75,W,1311,1023,288,0,382,4,380,2,84,127,45,37,46,21,6,9,0,0,0,0,0,0,0,0,0,0,0,4,0,0,0,0,0,0,0,0,0,0,0,0,0,0,0,0,0,0,1,0,0,0,0,0,0,0,0,0
Erststimme,"01W317","01",Mitte,"317",W,3I,3,75,W,908,639,269,0,332,8,325,7,59,55,108,55,16,21,5,4,0,0,0,0,0,0,0,0,0,0,0,2,0,0,0,0,0,0,0,0,0,0,0,0,0,0,0,0,0,0,0,0,0,0,0,0,0,0,0,0
Erststimme,"01W318","01",Mitte,"318",W,3I,3,75,W,1056,683,373,0,405,6,404,1,83,96,108,56,18,23,8,7,0,0,0,0,0,0,0,0,0,0,0,3,0,0,0,0,0,0,0,0,0,0,0,0,0,0,0,0,0,0,2,0,0,0,0,0,0,0,0,0
Erststimme,"01W319","01",Mitte,"319",W,3I,3,75,W,973,607,366,0,354,4,349,3,67,80,116,29,25,12,7,8,0,0,0,0,0,0,0,0,0,0,0,3,0,0,0,0,0,0,0,0,0,0,0,0,0,0,0,0,0,0,2,0,0,0,0,0,0,0,0,0
Erststimme,"01W320","01",Mitte,"320",W,3J,3,75,W,557,372,185,0,285,4,283,2,56,79,96,21,10,11,5,5,0,0,0,0,0,0,0,0,0,0,0,0,0,0,0,0,0,0,0,0,0,0,0,0,0,0,0,0,0,0,0,0,0,0,0,0,0,0,0,0
Erststimme,"01W321","01",Mitte,"321",W,3J,3,75,W,1075,756,319,0,437,9,431,6,91,142,83,39,32,27,7,10,0,0,0,0,0,0,0,0,0,0,0,0,0,0,0,0,0,0,0,0,0,0,0,0,0,0,0,0,0,0,0,0,0,0,0,0,0,0,0,0
Erststimme,"01W322","01",Mitte,"322",W,3J,3,75,W,1074,795,279,0,357,9,353,2,86,113,72,27,22,20,3,8,0,0,0,0,0,0,0,0,0,0,0,1,0,0,0,0,0,0,0,0,0,0,0,0,0,0,0,0,0,0,1,0,0,0,0,0,0,0,0,0
Erststimme,"01W323","01",Mitte,"323",W,3H,3,75,W,1138,773,365,0,451,10,446,5,82,154,112,32,29,18,5,9,0,0,0,0,0,0,0,0,0,0,0,3,0,0,0,0,0,0,0,0,0,0,0,0,0,0,0,0,0,0,2,0,0,0,0,0,0,0,0,0
Erststimme,"01W324","01",Mitte,"324",W,3K,3,75,W,1497,1025,472,0,393,13,386,7,75,125,71,39,29,33,5,7,0,0,0,0,0,0,0,0,0,0,0,1,0,0,0,0,0,0,0,0,0,0,0,0,0,0,0,0,0,0,1,0,0,0,0,0,0,0,0,0
Erststimme,"01W325","01",Mitte,"325",W,3L,3,75,W,1016,810,206,0,354,4,354,0,78,101,90,42,11,19,4,7,0,0,0,0,0,0,0,0,0,0,0,2,0,0,0,0,0,0,0,0,0,0,0,0,0,0,0,0,0,0,0,0,0,0,0,0,0,0,0,0
Erststimme,"01W326","01",Mitte,"326",W,3L,3,75,W,1503,1086,417,0,569,9,563,6,116,109,163,84,33,33,16,6,0,0,0,0,0,0,0,0,0,0,0,3,0,0,0,0,0,0,0,0,0,0,0,0,0,0,0,0,0,0,0,0,0,0,0,0,0,0,0,0
Erststimme,"01W327","01",Mitte,"327",W,3K,3,75,W,1513,1082,431,0,568,21,565,3,84,94,221,91,20,29,9,14,0,0,0,0,0,0,0,0,0,0,0,3,0,0,0,0,0,0,0,0,0,0,0,0,0,0,0,0,0,0,0,0,0,0,0,0,0,0,0,0
Erststimme,"01B3A","01",Mitte,3A,B,3A,3,75,W,0,0,0,0,495,495,488,3,73,78,189,87,12,19,13,13,0,0,0,0,0,0,0,0,0,0,0,4,0,0,0,0,0,0,0,0,0,0,0,0,0,0,0,0,0,0,0,0,0,0,0,0,0,0,0,0
Erststimme,"01B3B","01",Mitte,3B,B,3B,3,75,W,0,0,0,0,562,562,556,4,102,89,206,81,14,35,12,15,0,0,0,0,0,0,0,0,0,0,0,1,0,0,0,0,0,0,0,0,0,0,0,0,0,0,0,0,0,0,1,0,0,0,0,0,0,0,0,0
Erststimme,"01B3C","01",Mitte,3C,B,3C,3,75,W,0,0,0,0,750,750,744,3,158,197,256,43,28,31,13,13,0,0,0,0,0,0,0,0,0,0,0,4,0,0,0,0,0,0,0,0,0,0,0,0,0,0,0,0,0,0,1,0,0,0,0,0,0,0,0,0
Erststimme,"01B3D","01",Mitte,3D,B,3D,3,75,W,0,0,0,0,811,811,808,1,153,120,344,92,16,38,19,13,0,0,0,0,0,0,0,0,0,0,0,8,0,0,0,0,0,0,0,0,0,0,0,0,0,0,0,0,0,0,5,0,0,0,0,0,0,0,0,0
Erststimme,"01B3E","01",Mitte,3E,B,3E,3,75,W,0,0,0,0,726,726,722,4,133,120,315,70,16,34,14,16,0,0,0,0,0,0,0,0,0,0,0,2,0,0,0,0,0,0,0,0,0,0,0,0,0,0,0,0,0,0,2,0,0,0,0,0,0,0,0,0
Erststimme,"01B3F","01",Mitte,3F,B,3F,3,75,W,0,0,0,0,819,819,812,3,167,181,280,80,25,45,13,15,0,0,0,0,0,0,0,0,0,0,0,6,0,0,0,0,0,0,0,0,0,0,0,0,0,0,0,0,0,0,0,0,0,0,0,0,0,0,0,0
Erststimme,"01B3G","01",Mitte,3G,B,3G,3,75,W,0,0,0,0,418,418,418,0,71,78,146,49,21,27,11,11,0,0,0,0,0,0,0,0,0,0,0,1,0,0,0,0,0,0,0,0,0,0,0,0,0,0,0,0,0,0,3,0,0,0,0,0,0,0,0,0
Erststimme,"01B3H","01",Mitte,3H,B,3H,3,75,W,0,0,0,0,556,556,554,1,126,174,113,49,26,43,12,7,0,0,0,0,0,0,0,0,0,0,0,0,0,0,0,0,0,0,0,0,0,0,0,0,0,0,0,0,0,0,4,0,0,0,0,0,0,0,0,0
Erststimme,"01B3I","01",Mitte,3I,B,3I,3,75,W,0,0,0,0,909,909,902,5,167,247,279,75,32,58,17,21,0,0,0,0,0,0,0,0,0,0,0,1,0,0,0,0,0,0,0,0,0,0,0,0,0,0,0,0,0,0,5,0,0,0,0,0,0,0,0,0
Erststimme,"01B3J","01",Mitte,3J,B,3J,3,75,W,0,0,0,0,682,682,675,7,114,236,161,40,44,56,8,15,0,0,0,0,0,0,0,0,0,0,0,0,0,0,0,0,0,0,0,0,0,0,0,0,0,0,0,0,0,0,1,0,0,0,0,0,0,0,0,0
Erststimme,"01B3K","01",Mitte,3K,B,3K,3,75,W,0,0,0,0,789,789,782,0,99,212,249,76,32,86,8,15,0,0,0,0,0,0,0,0,0,0,0,3,0,0,0,0,0,0,0,0,0,0,0,0,0,0,0,0,0,0,2,0,0,0,0,0,0,0,0,0
Erststimme,"01B3L","01",Mitte,3L,B,3L,3,75,W,0,0,0,0,545,545,543,2,103,123,183,49,17,42,13,10,0,0,0,0,0,0,0,0,0,0,0,1,0,0,0,0,0,0,0,0,0,0,0,0,0,0,0,0,0,0,2,0,0,0,0,0,0,0,0,0
Erststimme,"01W400","01",Mitte,"400",W,4A,4,75,W,1208,930,278,0,380,8,373,7,45,72,127,63,28,14,10,0,0,0,0,0,0,0,0,0,0,0,2,5,0,0,0,0,0,1,0,0,6,0,0,0,0,0,0,0,0,0,0,0,0,0,0,0,0,0,0,0
Erststimme,"01W401","01",Mitte,"401",W,4A,4,75,W,911,699,212,0,353,3,346,4,40,40,138,76,24,8,11,0,0,0,0,0,0,0,0,0,0,0,0,3,0,0,0,0,0,1,0,0,5,0,0,0,0,0,0,0,0,0,0,0,0,0,0,0,0,0,0,0
Erststimme,"01W402","01",Mitte,"402",W,4B,4,75,W,1307,1050,257,0,445,15,439,6,65,54,158,95,30,19,11,0,0,0,0,0,0,0,0,0,0,0,1,2,0,0,0,0,0,2,0,0,2,0,0,0,0,0,0,0,0,0,0,0,0,0,0,0,0,0,0,0
Erststimme,"01W403","01",Mitte,"403",W,4C,4,75,W,930,680,250,0,357,4,355,2,49,47,171,61,12,6,4,0,0,0,0,0,0,0,0,0,0,0,0,3,0,0,0,0,0,0,0,0,2,0,0,0,0,0,0,0,0,0,0,0,0,0,0,0,0,0,0,0
Erststimme,"01W404","01",Mitte,"404",W,4C,4,75,W,713,525,188,0,245,5,242,3,34,42,67,73,10,10,5,0,0,0,0,0,0,0,0,0,0,0,0,0,0,0,0,0,0,0,0,0,1,0,0,0,0,0,0,0,0,0,0,0,0,0,0,0,0,0,0,0
Erststimme,"01W405","01",Mitte,"405",W,4B,4,75,W,866,660,206,0,302,4,300,1,59,41,101,52,17,16,10,0,0,0,0,0,0,0,0,0,0,0,1,1,0,0,0,0,0,0,0,0,2,0,0,0,0,0,0,0,0,0,0,0,0,0,0,0,0,0,0,0
Erststimme,"01W406","01",Mitte,"406",W,4D,4,75,W,814,592,222,0,284,10,283,1,42,35,124,60,11,5,4,0,0,0,0,0,0,0,0,0,0,0,0,0,0,0,0,0,0,1,0,0,1,0,0,0,0,0,0,0,0,0,0,0,0,0,0,0,0,0,0,0
Erststimme,"01W407","01",Mitte,"407",W,4D,4,75,W,1140,855,285,0,429,7,423,5,49,80,167,70,23,14,13,0,0,0,0,0,0,0,0,0,0,0,2,3,0,0,0,0,0,0,0,0,2,0,0,0,0,0,0,0,0,0,0,0,0,0,0,0,0,0,0,0
Erststimme,"01W408","01",Mitte,"408",W,4E,4,75,W,963,685,278,0,389,9,387,2,55,51,165,76,11,12,10,0,0,0,0,0,0,0,0,0,0,0,3,2,0,0,0,0,0,1,0,0,1,0,0,0,0,0,0,0,0,0,0,0,0,0,0,0,0,0,0,0
Erststimme,"01W409","01",Mitte,"409",W,4C,4,75,W,952,704,248,0,387,7,383,4,61,56,140,71,22,10,12,0,0,0,0,0,0,0,0,0,0,0,3,3,0,0,0,0,0,1,0,0,4,0,0,0,0,0,0,0,0,0,0,0,0,0,0,0,0,0,0,0
Erststimme,"01W410","01",Mitte,"410",W,4E,4,75,W,1276,902,374,0,513,19,506,7,52,89,228,84,17,15,12,0,0,0,0,0,0,0,0,0,0,0,1,7,0,0,0,0,0,0,0,0,1,0,0,0,0,0,0,0,0,0,0,0,0,0,0,0,0,0,0,0
Erststimme,"01W411","01",Mitte,"411",W,4F,4,75,W,1093,826,267,0,403,6,399,4,56,66,165,59,15,23,6,0,0,0,0,0,0,0,0,0,0,0,4,4,0,0,0,0,0,0,0,0,1,0,0,0,0,0,0,0,0,0,0,0,0,0,0,0,0,0,0,0
Erststimme,"01W412","01",Mitte,"412",W,4F,4,75,W,868,609,259,0,345,6,340,5,63,46,134,59,20,6,6,0,0,0,0,0,0,0,0,0,0,0,2,2,0,0,0,0,0,0,0,0,2,0,0,0,0,0,0,0,0,0,0,0,0,0,0,0,0,0,0,0
Erststimme,"01W413","01",Mitte,"413",W,4F,4,75,W,802,613,189,0,267,2,264,3,44,50,94,55,9,3,4,0,0,0,0,0,0,0,0,0,0,0,2,3,0,0,0,0,0,0,0,0,0,0,0,0,0,0,0,0,0,0,0,0,0,0,0,0,0,0,0,0
Erststimme,"01W414","01",Mitte,"414",W,4G,4,75,W,821,605,216,0,322,5,321,1,43,43,131,59,11,13,12,0,0,0,0,0,0,0,0,0,0,0,1,7,0,0,0,0,0,0,0,0,1,0,0,0,0,0,0,0,0,0,0,0,0,0,0,0,0,0,0,0
Erststimme,"01W415","01",Mitte,"415",W,4H,4,75,W,835,650,185,0,357,7,355,2,44,40,149,78,18,13,10,0,0,0,0,0,0,0,0,0,0,0,0,1,0,0,0,0,0,0,0,0,2,0,0,0,0,0,0,0,0,0,0,0,0,0,0,0,0,0,0,0
Erststimme,"01W416","01",Mitte,"416",W,4I,4,75,W,990,738,252,0,369,4,366,2,68,69,125,52,18,15,9,0,0,0,0,0,0,0,0,0,0,0,2,6,0,0,0,0,0,0,0,0,2,0,0,0,0,0,0,0,0,0,0,0,0,0,0,0,0,0,0,0
Erststimme,"01W417","01",Mitte,"417",W,4I,4,75,W,1117,817,300,0,366,14,361,5,52,80,128,59,8,12,16,0,0,0,0,0,0,0,0,0,0,0,1,3,0,0,0,0,0,0,0,0,2,0,0,0,0,0,0,0,0,0,0,0,0,0,0,0,0,0,0,0
Erststimme,"01W418","01",Mitte,"418",W,4J,4,75,W,1129,825,304,0,356,5,353,3,65,71,115,55,20,10,9,0,0,0,0,0,0,0,0,0,0,0,1,4,0,0,0,0,0,1,0,0,2,0,0,0,0,0,0,0,0,0,0,0,0,0,0,0,0,0,0,0
Erststimme,"01W419","01",Mitte,"419",W,4H,4,75,W,1242,898,344,0,499,11,495,4,62,61,205,105,22,21,12,0,0,0,0,0,0,0,0,0,0,0,0,2,0,0,0,0,0,0,0,0,5,0,0,0,0,0,0,0,0,0,0,0,0,0,0,0,0,0,0,0
Erststimme,"01W420","01",Mitte,"420",W,4K,4,75,W,886,650,236,0,353,16,352,1,51,61,137,62,13,15,10,0,0,0,0,0,0,0,0,0,0,0,0,3,0,0,0,0,0,0,0,0,0,0,0,0,0,0,0,0,0,0,0,0,0,0,0,0,0,0,0,0
Erststimme,"01W421","01",Mitte,"421",W,4K,4,75,W,790,611,179,0,298,9,296,2,45,86,78,38,21,13,8,0,0,0,0,0,0,0,0,0,0,0,1,2,0,0,0,0,0,0,0,0,4,0,0,0,0,0,0,0,0,0,0,0,0,0,0,0,0,0,0,0
Erststimme,"01W422","01",Mitte,"422",W,4G,4,75,W,971,700,271,0,341,10,337,4,33,68,139,62,14,12,5,0,0,0,0,0,0,0,0,0,0,0,2,0,0,0,0,0,0,0,0,0,2,0,0,0,0,0,0,0,0,0,0,0,0,0,0,0,0,0,0,0
Erststimme,"01W423","01",Mitte,"423",W,4J,4,75,W,932,738,194,0,313,8,309,4,70,85,68,29,29,11,6,0,0,0,0,0,0,0,0,0,0,0,3,5,0,0,0,0,0,0,0,0,3,0,0,0,0,0,0,0,0,0,0,0,0,0,0,0,0,0,0,0
Erststimme,"01W424","01",Mitte,"424",W,4L,4,75,W,1201,845,356,0,391,12,388,3,64,66,124,80,25,11,12,0,0,0,0,0,0,0,0,0,0,0,0,4,0,0,0,0,0,1,0,0,1,0,0,0,0,0,0,0,0,0,0,0,0,0,0,0,0,0,0,0
Erststimme,"01W425","01",Mitte,"425",W,4M,4,75,W,1267,910,357,0,479,8,471,8,62,56,169,114,29,14,15,0,0,0,0,0,0,0,0,0,0,0,2,4,0,0,0,0,0,0,0,0,6,0,0,0,0,0,0,0,0,0,0,0,0,0,0,0,0,0,0,0
Erststimme,"01W426","01",Mitte,"426",W,4M,4,75,W,1213,837,376,0,392,6,388,4,49,38,162,91,20,7,15,0,0,0,0,0,0,0,0,0,0,0,0,3,0,0,0,0,0,0,0,0,3,0,0,0,0,0,0,0,0,0,0,0,0,0,0,0,0,0,0,0
Erststimme,"01W427","01",Mitte,"427",W,4L,4,75,W,896,655,241,0,319,3,318,1,49,48,101,66,24,13,10,0,0,0,0,0,0,0,0,0,0,0,0,5,0,0,0,0,0,1,0,0,1,0,0,0,0,0,0,0,0,0,0,0,0,0,0,0,0,0,0,0
Erststimme,"01W428","01",Mitte,"428",W,4L,4,75,W,791,604,187,0,311,0,308,3,47,40,115,65,18,6,10,0,0,0,0,0,0,0,0,0,0,0,2,2,0,0,0,0,0,0,0,0,3,0,0,0,0,0,0,0,0,0,0,0,0,0,0,0,0,0,0,0
Erststimme,"01B4A","01",Mitte,4A,B,4A,4,75,W,0,0,0,0,421,421,417,4,53,53,192,59,18,18,14,0,0,0,0,0,0,0,0,0,0,0,3,4,0,0,0,0,0,0,0,0,3,0,0,0,0,0,0,0,0,0,0,0,0,0,0,0,0,0,0,0
Erststimme,"01B4B","01",Mitte,4B,B,4B,4,75,W,0,0,0,0,394,394,389,4,47,42,183,66,11,20,13,0,0,0,0,0,0,0,0,0,0,0,1,0,0,0,0,0,0,0,0,0,6,0,0,0,0,0,0,0,0,0,0,0,0,0,0,0,0,0,0,0
Erststimme,"01B4C","01",Mitte,4C,B,4C,4,75,W,0,0,0,0,594,594,590,3,78,99,230,108,16,27,20,0,0,0,0,0,0,0,0,0,0,0,4,3,0,0,0,0,0,0,0,0,5,0,0,0,0,0,0,0,0,0,0,0,0,0,0,0,0,0,0,0
Erststimme,"01B4D","01",Mitte,4D,B,4D,4,75,W,0,0,0,0,457,457,456,1,40,74,227,72,13,15,7,0,0,0,0,0,0,0,0,0,0,0,0,4,0,0,0,0,0,0,0,0,4,0,0,0,0,0,0,0,0,0,0,0,0,0,0,0,0,0,0,0
Erststimme,"01B4E","01",Mitte,4E,B,4E,4,75,W,0,0,0,0,569,569,569,0,69,86,287,82,8,15,18,0,0,0,0,0,0,0,0,0,0,0,1,3,0,0,0,0,0,0,0,0,0,0,0,0,0,0,0,0,0,0,0,0,0,0,0,0,0,0,0,0
Erststimme,"01B4F","01",Mitte,4F,B,4F,4,75,W,0,0,0,0,652,652,648,4,98,102,287,89,23,25,13,0,0,0,0,0,0,0,0,0,0,0,3,4,0,0,0,0,0,1,0,0,3,0,0,0,0,0,0,0,0,0,0,0,0,0,0,0,0,0,0,0
Erststimme,"01B4G","01",Mitte,4G,B,4G,4,75,W,0,0,0,0,430,430,428,2,54,60,199,69,8,13,19,0,0,0,0,0,0,0,0,0,0,0,2,2,0,0,0,0,0,0,0,0,2,0,0,0,0,0,0,0,0,0,0,0,0,0,0,0,0,0,0,0
Erststimme,"01B4H","01",Mitte,4H,B,4H,4,75,W,0,0,0,0,461,461,461,0,68,69,205,69,16,16,12,0,0,0,0,0,0,0,0,0,0,0,1,0,0,0,0,0,0,0,0,0,5,0,0,0,0,0,0,0,0,0,0,0,0,0,0,0,0,0,0,0
Erststimme,"01B4I","01",Mitte,4I,B,4I,4,75,W,0,0,0,0,466,466,459,6,59,79,207,66,8,23,13,0,0,0,0,0,0,0,0,0,0,0,1,2,0,0,0,0,0,1,0,0,0,0,0,0,0,0,0,0,0,0,0,0,0,0,0,0,0,0,0,0
Erststimme,"01B4J","01",Mitte,4J,B,4J,4,75,W,0,0,0,0,434,434,431,3,85,84,151,49,27,18,12,0,0,0,0,0,0,0,0,0,0,0,0,2,0,0,0,0,0,0,0,0,3,0,0,0,0,0,0,0,0,0,0,0,0,0,0,0,0,0,0,0
Erststimme,"01B4K","01",Mitte,4K,B,4K,4,75,W,0,0,0,0,354,354,353,1,52,51,153,47,15,13,12,0,0,0,0,0,0,0,0,0,0,0,1,5,0,0,0,0,0,2,0,0,2,0,0,0,0,0,0,0,0,0,0,0,0,0,0,0,0,0,0,0
Erststimme,"01B4L","01",Mitte,4L,B,4L,4,75,W,0,0,0,0,720,720,714,0,111,124,274,126,28,18,23,0,0,0,0,0,0,0,0,0,0,0,1,4,0,0,0,0,0,0,0,0,5,0,0,0,0,0,0,0,0,0,0,0,0,0,0,0,0,0,0,0
Erststimme,"01B4M","01",Mitte,4M,B,4M,4,75,W,0,0,0,0,677,677,667,7,82,92,317,116,20,16,12,0,0,0,0,0,0,0,0,0,0,0,2,3,0,0,0,0,0,1,0,0,6,0,0,0,0,0,0,0,0,0,0,0,0,0,0,0,0,0,0,0
Erststimme,"01W500","01",Mitte,"500",W,5A,5,75,W,955,661,294,0,273,2,269,4,66,71,31,26,31,17,5,8,7,0,0,0,0,0,0,0,0,0,0,7,0,0,0,0,0,0,0,0,0,0,0,0,0,0,0,0,0,0,0,0,0,0,0,0,0,0,0,0
Erststimme,"01W501","01",Mitte,"501",W,5A,5,75,W,772,561,211,0,270,3,267,3,71,86,30,20,29,11,3,9,8,0,0,0,0,0,0,0,0,0,0,0,0,0,0,0,0,0,0,0,0,0,0,0,0,0,0,0,0,0,0,0,0,0,0,0,0,0,0,0
Erststimme,"01W502","01",Mitte,"502",W,5A,5,75,W,476,371,105,0,142,0,136,5,40,43,13,15,17,4,3,0,1,0,0,0,0,0,0,0,0,0,0,0,0,0,0,0,0,0,0,0,0,0,0,0,0,0,0,0,0,0,0,0,0,0,0,0,0,0,0,0
Erststimme,"01W503","01",Mitte,"503",W,5B,5,75,W,972,748,224,0,380,0,375,5,110,150,19,30,39,8,4,10,2,0,0,0,0,0,0,0,0,0,0,3,0,0,0,0,0,0,0,0,0,0,0,0,0,0,0,0,0,0,0,0,0,0,0,0,0,0,0,0
Erststimme,"01W504","01",Mitte,"504",W,5B,5,75,W,649,494,155,0,179,0,175,4,31,51,24,21,20,9,5,10,2,0,0,0,0,0,0,0,0,0,0,2,0,0,0,0,0,0,0,0,0,0,0,0,0,0,0,0,0,0,0,0,0,0,0,0,0,0,0,0
Erststimme,"01W505","01",Mitte,"505",W,5B,5,75,W,873,687,186,0,286,5,282,4,52,62,64,33,37,14,2,7,7,0,0,0,0,0,0,0,0,0,0,4,0,0,0,0,0,0,0,0,0,0,0,0,0,0,0,0,0,0,0,0,0,0,0,0,0,0,0,0
Erststimme,"01W506","01",Mitte,"506",W,5C,5,75,W,946,700,246,0,354,3,352,2,80,140,33,24,45,11,6,9,3,0,0,0,0,0,0,0,0,0,0,1,0,0,0,0,0,0,0,0,0,0,0,0,0,0,0,0,0,0,0,0,0,0,0,0,0,0,0,0
Erststimme,"01W507","01",Mitte,"507",W,5C,5,75,W,1342,913,429,0,373,2,366,5,75,102,67,45,43,10,5,9,5,0,0,0,0,0,0,0,0,0,0,5,0,0,0,0,0,0,0,0,0,0,0,0,0,0,0,0,0,0,0,0,0,0,0,0,0,0,0,0
Erststimme,"01W508","01",Mitte,"508",W,5D,5,75,W,1121,730,391,0,419,9,413,6,106,115,56,47,44,8,8,17,6,0,0,0,0,0,0,0,0,0,0,6,0,0,0,0,0,0,0,0,0,0,0,0,0,0,0,0,0,0,0,0,0,0,0,0,0,0,0,0
Erststimme,"01W509","01",Mitte,"509",W,5D,5,75,W,1104,877,227,0,347,0,343,4,73,115,42,34,48,13,3,13,0,0,0,0,0,0,0,0,0,0,0,2,0,0,0,0,0,0,0,0,0,0,0,0,0,0,0,0,0,0,0,0,0,0,0,0,0,0,0,0
Erststimme,"01W510","01",Mitte,"510",W,5E,5,75,W,992,785,207,0,317,2,310,7,55,90,27,35,67,9,7,17,0,0,0,0,0,0,0,0,0,0,0,3,0,0,0,0,0,0,0,0,0,0,0,0,0,0,0,0,0,0,0,0,0,0,0,0,0,0,0,0
Erststimme,"01W511","01",Mitte,"511",W,5F,5,75,W,1054,817,237,0,300,0,295,5,70,87,18,12,72,11,6,16,2,0,0,0,0,0,0,0,0,0,0,1,0,0,0,0,0,0,0,0,0,0,0,0,0,0,0,0,0,0,0,0,0,0,0,0,0,0,0,0
Erststimme,"01W512","01",Mitte,"512",W,5G,5,75,W,1057,847,210,0,237,2,232,5,47,44,45,40,32,5,3,10,3,0,0,0,0,0,0,0,0,0,0,3,0,0,0,0,0,0,0,0,0,0,0,0,0,0,0,0,0,0,0,0,0,0,0,0,0,0,0,0
Erststimme,"01W513","01",Mitte,"513",W,5H,5,75,W,1284,971,313,0,420,6,418,2,72,65,121,94,25,11,7,14,5,0,0,0,0,0,0,0,0,0,0,4,0,0,0,0,0,0,0,0,0,0,0,0,0,0,0,0,0,0,0,0,0,0,0,0,0,0,0,0
Erststimme,"01W514","01",Mitte,"514",W,5H,5,75,W,963,735,228,0,321,1,319,2,48,73,75,57,31,5,7,16,2,0,0,0,0,0,0,0,0,0,0,5,0,0,0,0,0,0,0,0,0,0,0,0,0,0,0,0,0,0,0,0,0,0,0,0,0,0,0,0
Erststimme,"01W515","01",Mitte,"515",W,5I,5,75,W,1247,934,313,0,386,5,382,4,63,85,89,65,44,8,13,11,3,0,0,0,0,0,0,0,0,0,0,1,0,0,0,0,0,0,0,0,0,0,0,0,0,0,0,0,0,0,0,0,0,0,0,0,0,0,0,0
Erststimme,"01W516","01",Mitte,"516",W,5I,5,75,W,919,709,210,0,271,2,269,2,51,58,62,43,16,13,9,10,3,0,0,0,0,0,0,0,0,0,0,4,0,0,0,0,0,0,0,0,0,0,0,0,0,0,0,0,0,0,0,0,0,0,0,0,0,0,0,0
Erststimme,"01W517","01",Mitte,"517",W,5E,5,75,W,1286,955,331,0,389,2,387,1,89,71,98,51,38,9,5,21,0,0,0,0,0,0,0,0,0,0,0,5,0,0,0,0,0,0,0,0,0,0,0,0,0,0,0,0,0,0,0,0,0,0,0,0,0,0,0,0
Erststimme,"01W518","01",Mitte,"518",W,5J,5,75,W,1259,986,273,0,350,4,345,5,57,57,118,68,12,9,10,6,3,0,0,0,0,0,0,0,0,0,0,5,0,0,0,0,0,0,0,0,0,0,0,0,0,0,0,0,0,0,0,0,0,0,0,0,0,0,0,0
Erststimme,"01W519","01",Mitte,"519",W,5J,5,75,W,1362,1025,337,0,509,9,504,4,85,70,148,119,32,11,13,11,10,0,0,0,0,0,0,0,0,0,0,5,0,0,0,0,0,0,0,0,0,0,0,0,0,0,0,0,0,0,0,0,0,0,0,0,0,0,0,0
Erststimme,"01W520","01",Mitte,"520",W,5F,5,75,W,1330,889,441,0,387,6,386,1,63,51,129,87,18,7,14,13,3,0,0,0,0,0,0,0,0,0,0,1,0,0,0,0,0,0,0,0,0,0,0,0,0,0,0,0,0,0,0,0,0,0,0,0,0,0,0,0
Erststimme,"01W521","01",Mitte,"521",W,5G,5,75,W,1018,764,254,0,161,0,157,4,38,45,15,18,30,4,4,1,0,0,0,0,0,0,0,0,0,0,0,2,0,0,0,0,0,0,0,0,0,0,0,0,0,0,0,0,0,0,0,0,0,0,0,0,0,0,0,0
Erststimme,"01W522","01",Mitte,"522",W,5K,5,75,W,848,588,260,0,312,7,310,2,63,71,77,43,22,16,7,6,2,0,0,0,0,0,0,0,0,0,0,3,0,0,0,0,0,0,0,0,0,0,0,0,0,0,0,0,0,0,0,0,0,0,0,0,0,0,0,0
Erststimme,"01W523","01",Mitte,"523",W,5K,5,75,W,654,410,244,0,174,0,172,2,37,73,19,11,15,5,1,9,1,0,0,0,0,0,0,0,0,0,0,1,0,0,0,0,0,0,0,0,0,0,0,0,0,0,0,0,0,0,0,0,0,0,0,0,0,0,0,0
Erststimme,"01W524","01",Mitte,"524",W,5K,5,75,W,833,566,267,0,246,3,244,2,38,47,78,46,20,7,2,2,2,0,0,0,0,0,0,0,0,0,0,2,0,0,0,0,0,0,0,0,0,0,0,0,0,0,0,0,0,0,0,0,0,0,0,0,0,0,0,0
Erststimme,"01W525","01",Mitte,"525",W,5L,5,75,W,786,575,211,0,268,4,266,2,40,22,87,72,15,10,6,8,3,0,0,0,0,0,0,0,0,0,0,3,0,0,0,0,0,0,0,0,0,0,0,0,0,0,0,0,0,0,0,0,0,0,0,0,0,0,0,0
Erststimme,"01W526","01",Mitte,"526",W,5L,5,75,W,1414,890,524,0,438,8,432,6,59,57,149,94,30,9,9,12,5,0,0,0,0,0,0,0,0,0,0,8,0,0,0,0,0,0,0,0,0,0,0,0,0,0,0,0,0,0,0,0,0,0,0,0,0,0,0,0
Erststimme,"01B5A","01",Mitte,5A,B,5A,5,75,W,0,0,0,0,538,538,533,5,117,187,87,36,55,19,7,16,4,0,0,0,0,0,0,0,0,0,0,5,0,0,0,0,0,0,0,0,0,0,0,0,0,0,0,0,0,0,0,0,0,0,0,0,0,0,0,0
Erststimme,"01B5B","01",Mitte,5B,B,5B,5,75,W,0,0,0,0,503,503,499,4,115,156,92,46,38,24,8,18,2,0,0,0,0,0,0,0,0,0,0,0,0,0,0,0,0,0,0,0,0,0,0,0,0,0,0,0,0,0,0,0,0,0,0,0,0,0,0,0
Erststimme,"01B5C","01",Mitte,5C,B,5C,5,75,W,0,0,0,0,617,617,611,5,134,242,107,39,31,16,11,24,3,0,0,0,0,0,0,0,0,0,0,4,0,0,0,0,0,0,0,0,0,0,0,0,0,0,0,0,0,0,0,0,0,0,0,0,0,0,0,0
Erststimme,"01B5D","01",Mitte,5D,B,5D,5,75,W,0,0,0,0,552,552,547,5,150,179,75,46,41,9,11,26,5,0,0,0,0,0,0,0,0,0,0,5,0,0,0,0,0,0,0,0,0,0,0,0,0,0,0,0,0,0,0,0,0,0,0,0,0,0,0,0
Erststimme,"01B5E","01",Mitte,5E,B,5E,5,75,W,0,0,0,0,468,468,467,1,89,152,91,58,32,6,13,19,3,0,0,0,0,0,0,0,0,0,0,4,0,0,0,0,0,0,0,0,0,0,0,0,0,0,0,0,0,0,0,0,0,0,0,0,0,0,0,0
Erststimme,"01B5F","01",Mitte,5F,B,5F,5,75,W,0,0,0,0,601,601,596,3,116,112,181,98,24,18,11,34,1,0,0,0,0,0,0,0,0,0,0,1,0,0,0,0,0,0,0,0,0,0,0,0,0,0,0,0,0,0,0,0,0,0,0,0,0,0,0,0
Erststimme,"01B5G","01",Mitte,5G,B,5G,5,75,W,0,0,0,0,399,399,395,4,95,99,69,49,42,7,10,20,2,0,0,0,0,0,0,0,0,0,0,2,0,0,0,0,0,0,0,0,0,0,0,0,0,0,0,0,0,0,0,0,0,0,0,0,0,0,0,0
Erststimme,"01B5H","01",Mitte,5H,B,5H,5,75,W,0,0,0,0,478,478,475,3,90,83,151,77,31,10,11,16,3,0,0,0,0,0,0,0,0,0,0,3,0,0,0,0,0,0,0,0,0,0,0,0,0,0,0,0,0,0,0,0,0,0,0,0,0,0,0,0
Erststimme,"01B5I","01",Mitte,5I,B,5I,5,75,W,0,0,0,0,473,473,465,7,121,106,109,64,30,13,11,8,1,0,0,0,0,0,0,0,0,0,0,2,0,0,0,0,0,0,0,0,0,0,0,0,0,0,0,0,0,0,0,0,0,0,0,0,0,0,0,0
Erststimme,"01B5J","01",Mitte,5J,B,5J,5,75,W,0,0,0,0,542,542,539,3,71,51,234,114,24,15,7,17,3,0,0,0,0,0,0,0,0,0,0,3,0,0,0,0,0,0,0,0,0,0,0,0,0,0,0,0,0,0,0,0,0,0,0,0,0,0,0,0
Erststimme,"01B5K","01",Mitte,5K,B,5K,5,75,W,0,0,0,0,695,695,687,8,150,208,162,79,36,17,7,23,2,0,0,0,0,0,0,0,0,0,0,3,0,0,0,0,0,0,0,0,0,0,0,0,0,0,0,0,0,0,0,0,0,0,0,0,0,0,0,0
Erststimme,"01B5L","01",Mitte,5L,B,5L,5,75,W,0,0,0,0,677,677,674,2,142,64,261,120,24,16,24,17,3,0,0,0,0,0,0,0,0,0,0,3,0,0,0,0,0,0,0,0,0,0,0,0,0,0,0,0,0,0,0,0,0,0,0,0,0,0,0,0
Erststimme,"01W600","01",Mitte,"600",W,6A,6,75,W,1326,1025,301,0,346,8,343,3,49,41,105,86,22,11,15,11,0,0,0,0,0,0,0,0,0,0,0,3,0,0,0,0,0,0,0,0,0,0,0,0,0,0,0,0,0,0,0,0,0,0,0,0,0,0,0,0
Erststimme,"01W601","01",Mitte,"601",W,6B,6,75,W,798,629,169,0,300,5,296,2,63,80,62,39,23,7,8,5,3,0,0,0,0,0,0,0,0,0,0,6,0,0,0,0,0,0,0,0,0,0,0,0,0,0,0,0,0,0,0,0,0,0,0,0,0,0,0,0
Erststimme,"01W602","01",Mitte,"602",W,6B,6,75,W,1110,812,298,0,479,13,475,4,96,52,150,84,43,17,11,17,2,0,0,0,0,0,0,0,0,0,0,3,0,0,0,0,0,0,0,0,0,0,0,0,0,0,0,0,0,0,0,0,0,0,0,0,0,0,0,0
Erststimme,"01W603","01",Mitte,"603",W,6A,6,75,W,838,660,178,0,290,4,284,6,38,32,105,64,11,8,14,7,2,0,0,0,0,0,0,0,0,0,0,3,0,0,0,0,0,0,0,0,0,0,0,0,0,0,0,0,0,0,0,0,0,0,0,0,0,0,0,0
Erststimme,"01W604","01",Mitte,"604",W,6C,6,75,W,836,700,136,0,217,3,216,1,47,44,47,38,23,1,2,9,1,0,0,0,0,0,0,0,0,0,0,4,0,0,0,0,0,0,0,0,0,0,0,0,0,0,0,0,0,0,0,0,0,0,0,0,0,0,0,0
Erststimme,"01W605","01",Mitte,"605",W,6D,6,75,W,998,780,218,0,298,5,294,4,48,59,76,53,27,10,7,9,3,0,0,0,0,0,0,0,0,0,0,2,0,0,0,0,0,0,0,0,0,0,0,0,0,0,0,0,0,0,0,0,0,0,0,0,0,0,0,0
Erststimme,"01W606","01",Mitte,"606",W,6D,6,75,W,764,568,196,0,254,3,252,2,35,37,59,50,45,5,2,16,3,0,0,0,0,0,0,0,0,0,0,0,0,0,0,0,0,0,0,0,0,0,0,0,0,0,0,0,0,0,0,0,0,0,0,0,0,0,0,0
Erststimme,"01W607","01",Mitte,"607",W,6E,6,75,W,790,651,139,0,191,5,188,3,22,20,66,53,14,1,6,4,2,0,0,0,0,0,0,0,0,0,0,0,0,0,0,0,0,0,0,0,0,0,0,0,0,0,0,0,0,0,0,0,0,0,0,0,0,0,0,0
Erststimme,"01W608","01",Mitte,"608",W,6C,6,75,W,990,792,198,0,292,3,286,6,38,38,90,79,15,9,8,6,1,0,0,0,0,0,0,0,0,0,0,2,0,0,0,0,0,0,0,0,0,0,0,0,0,0,0,0,0,0,0,0,0,0,0,0,0,0,0,0
Erststimme,"01W609","01",Mitte,"609",W,6F,6,75,W,1117,871,246,0,337,5,333,4,55,48,99,82,22,5,9,7,3,0,0,0,0,0,0,0,0,0,0,3,0,0,0,0,0,0,0,0,0,0,0,0,0,0,0,0,0,0,0,0,0,0,0,0,0,0,0,0
Erststimme,"01W610","01",Mitte,"610",W,6F,6,75,W,1142,897,245,0,309,5,307,2,38,48,93,75,17,12,8,10,3,0,0,0,0,0,0,0,0,0,0,3,0,0,0,0,0,0,0,0,0,0,0,0,0,0,0,0,0,0,0,0,0,0,0,0,0,0,0,0
Erststimme,"01W611","01",Mitte,"611",W,6G,6,75,W,1292,984,308,0,356,7,349,7,56,46,108,91,16,11,4,9,2,0,0,0,0,0,0,0,0,0,0,6,0,0,0,0,0,0,0,0,0,0,0,0,0,0,0,0,0,0,0,0,0,0,0,0,0,0,0,0
Erststimme,"01W612","01",Mitte,"612",W,6E,6,75,W,1000,784,216,0,248,2,244,4,44,23,86,62,4,8,8,5,3,0,0,0,0,0,0,0,0,0,0,1,0,0,0,0,0,0,0,0,0,0,0,0,0,0,0,0,0,0,0,0,0,0,0,0,0,0,0,0
Erststimme,"01W613","01",Mitte,"613",W,6H,6,75,W,1346,1000,346,0,392,2,389,3,49,61,152,83,15,8,6,12,3,0,0,0,0,0,0,0,0,0,0,0,0,0,0,0,0,0,0,0,0,0,0,0,0,0,0,0,0,0,0,0,0,0,0,0,0,0,0,0
Erststimme,"01W614","01",Mitte,"614",W,6H,6,75,W,1154,847,307,0,464,11,453,11,62,99,105,81,48,14,12,21,3,0,0,0,0,0,0,0,0,0,0,8,0,0,0,0,0,0,0,0,0,0,0,0,0,0,0,0,0,0,0,0,0,0,0,0,0,0,0,0
Erststimme,"01W615","01",Mitte,"615",W,6G,6,75,W,881,694,187,0,217,2,214,3,33,29,60,60,12,6,2,10,0,0,0,0,0,0,0,0,0,0,0,2,0,0,0,0,0,0,0,0,0,0,0,0,0,0,0,0,0,0,0,0,0,0,0,0,0,0,0,0
Erststimme,"01W616","01",Mitte,"616",W,6I,6,75,W,1027,782,245,0,349,6,346,3,43,22,114,106,15,6,17,15,3,0,0,0,0,0,0,0,0,0,0,5,0,0,0,0,0,0,0,0,0,0,0,0,0,0,0,0,0,0,0,0,0,0,0,0,0,0,0,0
Erststimme,"01W617","01",Mitte,"617",W,6I,6,75,W,929,707,222,0,313,2,310,3,55,32,111,61,20,6,9,10,4,0,0,0,0,0,0,0,0,0,0,2,0,0,0,0,0,0,0,0,0,0,0,0,0,0,0,0,0,0,0,0,0,0,0,0,0,0,0,0
Erststimme,"01W618","01",Mitte,"618",W,6J,6,75,W,1437,1161,276,0,496,9,490,6,114,73,153,88,20,11,15,8,2,0,0,0,0,0,0,0,0,0,0,6,0,0,0,0,0,0,0,0,0,0,0,0,0,0,0,0,0,0,0,0,0,0,0,0,0,0,0,0
Erststimme,"01W619","01",Mitte,"619",W,6J,6,75,W,1117,825,292,0,391,8,385,6,67,79,117,60,25,8,12,12,1,0,0,0,0,0,0,0,0,0,0,4,0,0,0,0,0,0,0,0,0,0,0,0,0,0,0,0,0,0,0,0,0,0,0,0,0,0,0,0
Erststimme,"01W620","01",Mitte,"620",W,6K,6,75,W,1025,774,251,0,262,2,261,1,27,50,79,74,10,6,6,7,1,0,0,0,0,0,0,0,0,0,0,1,0,0,0,0,0,0,0,0,0,0,0,0,0,0,0,0,0,0,0,0,0,0,0,0,0,0,0,0
Erststimme,"01W621","01",Mitte,"621",W,6K,6,75,W,969,777,192,0,198,2,196,2,43,26,50,60,4,6,1,6,0,0,0,0,0,0,0,0,0,0,0,0,0,0,0,0,0,0,0,0,0,0,0,0,0,0,0,0,0,0,0,0,0,0,0,0,0,0,0,0
Erststimme,"01W622","01",Mitte,"622",W,6L,6,75,W,640,502,138,0,159,3,158,1,24,26,40,36,17,7,1,6,0,0,0,0,0,0,0,0,0,0,0,1,0,0,0,0,0,0,0,0,0,0,0,0,0,0,0,0,0,0,0,0,0,0,0,0,0,0,0,0
Erststimme,"01W623","01",Mitte,"623",W,6L,6,75,W,898,667,231,0,267,7,263,4,41,47,86,49,9,14,8,3,2,0,0,0,0,0,0,0,0,0,0,4,0,0,0,0,0,0,0,0,0,0,0,0,0,0,0,0,0,0,0,0,0,0,0,0,0,0,0,0
Erststimme,"01W624","01",Mitte,"624",W,6M,6,75,W,1230,993,237,0,309,6,303,6,65,51,84,45,28,5,9,12,4,0,0,0,0,0,0,0,0,0,0,0,0,0,0,0,0,0,0,0,0,0,0,0,0,0,0,0,0,0,0,0,0,0,0,0,0,0,0,0
Erststimme,"01W625","01",Mitte,"625",W,6M,6,75,W,969,792,177,0,315,0,309,6,69,58,70,53,23,13,9,8,3,0,0,0,0,0,0,0,0,0,0,3,0,0,0,0,0,0,0,0,0,0,0,0,0,0,0,0,0,0,0,0,0,0,0,0,0,0,0,0
Erststimme,"01B6A","01",Mitte,6A,B,6A,6,75,W,0,0,0,0,417,417,414,2,52,64,153,92,20,8,11,10,3,0,0,0,0,0,0,0,0,0,0,1,0,0,0,0,0,0,0,0,0,0,0,0,0,0,0,0,0,0,0,0,0,0,0,0,0,0,0,0
Erststimme,"01B6B","01",Mitte,6B,B,6B,6,75,W,0,0,0,0,394,394,393,1,74,70,121,65,14,10,15,16,5,0,0,0,0,0,0,0,0,0,0,3,0,0,0,0,0,0,0,0,0,0,0,0,0,0,0,0,0,0,0,0,0,0,0,0,0,0,0,0
Erststimme,"01B6C","01",Mitte,6C,B,6C,6,75,W,0,0,0,0,294,294,290,4,38,29,110,56,19,10,8,16,4,0,0,0,0,0,0,0,0,0,0,0,0,0,0,0,0,0,0,0,0,0,0,0,0,0,0,0,0,0,0,0,0,0,0,0,0,0,0,0
Erststimme,"01B6D","01",Mitte,6D,B,6D,6,75,W,0,0,0,0,361,361,359,2,71,76,87,75,20,6,4,17,2,0,0,0,0,0,0,0,0,0,0,1,0,0,0,0,0,0,0,0,0,0,0,0,0,0,0,0,0,0,0,0,0,0,0,0,0,0,0,0
Erststimme,"01B6E","01",Mitte,6E,B,6E,6,75,W,0,0,0,0,312,312,312,0,50,31,127,67,9,5,7,11,1,0,0,0,0,0,0,0,0,0,0,4,0,0,0,0,0,0,0,0,0,0,0,0,0,0,0,0,0,0,0,0,0,0,0,0,0,0,0,0
Erststimme,"01B6F","01",Mitte,6F,B,6F,6,75,W,0,0,0,0,448,448,445,2,61,61,178,85,24,13,9,9,3,0,0,0,0,0,0,0,0,0,0,2,0,0,0,0,0,0,0,0,0,0,0,0,0,0,0,0,0,0,0,0,0,0,0,0,0,0,0,0
Erststimme,"01B6G","01",Mitte,6G,B,6G,6,75,W,0,0,0,0,436,436,432,4,84,67,128,94,20,11,13,12,3,0,0,0,0,0,0,0,0,0,0,0,0,0,0,0,0,0,0,0,0,0,0,0,0,0,0,0,0,0,0,0,0,0,0,0,0,0,0,0
Erststimme,"01B6H","01",Mitte,6H,B,6H,6,75,W,0,0,0,0,580,580,578,2,80,82,218,117,23,17,15,18,4,0,0,0,0,0,0,0,0,0,0,4,0,0,0,0,0,0,0,0,0,0,0,0,0,0,0,0,0,0,0,0,0,0,0,0,0,0,0,0
Erststimme,"01B6I","01",Mitte,6I,B,6I,6,75,W,0,0,0,0,416,416,410,6,38,37,180,80,15,19,14,19,4,0,0,0,0,0,0,0,0,0,0,4,0,0,0,0,0,0,0,0,0,0,0,0,0,0,0,0,0,0,0,0,0,0,0,0,0,0,0,0
Erststimme,"01B6J","01",Mitte,6J,B,6J,6,75,W,0,0,0,0,506,506,503,3,84,89,183,79,18,16,17,8,5,0,0,0,0,0,0,0,0,0,0,4,0,0,0,0,0,0,0,0,0,0,0,0,0,0,0,0,0,0,0,0,0,0,0,0,0,0,0,0
Erststimme,"01B6K","01",Mitte,6K,B,6K,6,75,W,0,0,0,0,405,405,402,3,47,48,138,121,9,11,13,7,6,0,0,0,0,0,0,0,0,0,0,2,0,0,0,0,0,0,0,0,0,0,0,0,0,0,0,0,0,0,0,0,0,0,0,0,0,0,0,0
Erststimme,"01B6L","01",Mitte,6L,B,6L,6,75,W,0,0,0,0,328,328,328,0,58,48,116,67,17,8,6,4,2,0,0,0,0,0,0,0,0,0,0,2,0,0,0,0,0,0,0,0,0,0,0,0,0,0,0,0,0,0,0,0,0,0,0,0,0,0,0,0
Erststimme,"01B6M","01",Mitte,6M,B,6M,6,75,W,0,0,0,0,354,354,353,0,69,55,107,63,16,16,9,12,2,0,0,0,0,0,0,0,0,0,0,4,0,0,0,0,0,0,0,0,0,0,0,0,0,0,0,0,0,0,0,0,0,0,0,0,0,0,0,0
Erststimme,"01W700","01",Mitte,"700",W,7A,7,75,W,854,672,182,0,224,5,220,4,36,38,70,39,17,9,1,9,0,0,0,0,0,0,0,0,0,0,0,1,0,0,0,0,0,0,0,0,0,0,0,0,0,0,0,0,0,0,0,0,0,0,0,0,0,0,0,0
Erststimme,"01W701","01",Mitte,"701",W,7A,7,75,W,1221,808,413,0,392,4,388,4,48,56,134,93,19,5,18,11,0,0,0,0,0,0,0,0,0,0,1,3,0,0,0,0,0,0,0,0,0,0,0,0,0,0,0,0,0,0,0,0,0,0,0,0,0,0,0,0
Erststimme,"01W702","01",Mitte,"702",W,7B,7,75,W,1029,809,220,0,307,2,303,4,48,61,98,52,18,7,6,10,0,0,0,0,0,0,0,0,0,0,0,3,0,0,0,0,0,0,0,0,0,0,0,0,0,0,0,0,0,0,0,0,0,0,0,0,0,0,0,0
Erststimme,"01W703","01",Mitte,"703",W,7B,7,75,W,1055,777,278,0,354,3,347,7,83,74,89,62,20,8,4,6,0,0,0,0,0,0,0,0,0,0,0,1,0,0,0,0,0,0,0,0,0,0,0,0,0,0,0,0,0,0,0,0,0,0,0,0,0,0,0,0
Erststimme,"01W704","01",Mitte,"704",W,7C,7,75,W,810,582,228,0,247,3,243,4,40,30,87,56,6,5,5,11,0,0,0,0,0,0,0,0,0,0,0,3,0,0,0,0,0,0,0,0,0,0,0,0,0,0,0,0,0,0,0,0,0,0,0,0,0,0,0,0
Erststimme,"01W705","01",Mitte,"705",W,7C,7,75,W,921,631,290,0,313,5,310,1,44,26,119,78,14,6,10,8,0,0,0,0,0,0,0,0,0,0,0,5,0,0,0,0,0,0,0,0,0,0,0,0,0,0,0,0,0,0,0,0,0,0,0,0,0,0,0,0
Erststimme,"01W706","01",Mitte,"706",W,7D,7,75,W,1176,814,362,0,418,6,414,4,61,47,166,89,22,10,5,12,0,0,0,0,0,0,0,0,0,0,0,2,0,0,0,0,0,0,0,0,0,0,0,0,0,0,0,0,0,0,0,0,0,0,0,0,0,0,0,0
Erststimme,"01W707","01",Mitte,"707",W,7D,7,75,W,1158,844,314,0,397,5,395,2,68,34,138,94,20,10,12,13,0,0,0,0,0,0,0,0,0,0,0,6,0,0,0,0,0,0,0,0,0,0,0,0,0,0,0,0,0,0,0,0,0,0,0,0,0,0,0,0
Erststimme,"01W708","01",Mitte,"708",W,7E,7,75,W,1061,808,253,0,339,0,337,2,53,56,101,71,21,17,7,7,0,0,0,0,0,0,0,0,0,0,2,2,0,0,0,0,0,0,0,0,0,0,0,0,0,0,0,0,0,0,0,0,0,0,0,0,0,0,0,0
Erststimme,"01W709","01",Mitte,"709",W,7E,7,75,W,1147,870,277,0,385,3,381,4,63,54,123,80,20,14,12,8,0,0,0,0,0,0,0,0,0,0,1,6,0,0,0,0,0,0,0,0,0,0,0,0,0,0,0,0,0,0,0,0,0,0,0,0,0,0,0,0
Erststimme,"01W710","01",Mitte,"710",W,7F,7,75,W,1287,1003,284,0,388,3,385,3,58,71,136,64,15,20,9,9,0,0,0,0,0,0,0,0,0,0,0,3,0,0,0,0,0,0,0,0,0,0,0,0,0,0,0,0,0,0,0,0,0,0,0,0,0,0,0,0
Erststimme,"01W711","01",Mitte,"711",W,7F,7,75,W,1165,834,331,0,353,7,352,1,47,50,126,86,21,5,7,5,0,0,0,0,0,0,0,0,0,0,2,3,0,0,0,0,0,0,0,0,0,0,0,0,0,0,0,0,0,0,0,0,0,0,0,0,0,0,0,0
Erststimme,"01W712","01",Mitte,"712",W,7G,7,75,W,1383,1094,289,0,417,7,417,0,62,66,132,87,19,13,14,12,0,0,0,0,0,0,0,0,0,0,4,8,0,0,0,0,0,0,0,0,0,0,0,0,0,0,0,0,0,0,0,0,0,0,0,0,0,0,0,0
Erststimme,"01W713","01",Mitte,"713",W,7G,7,75,W,875,636,239,0,253,3,249,4,51,53,55,39,23,9,5,13,0,0,0,0,0,0,0,0,0,0,0,1,0,0,0,0,0,0,0,0,0,0,0,0,0,0,0,0,0,0,0,0,0,0,0,0,0,0,0,0
Erststimme,"01W714","01",Mitte,"714",W,7H,7,75,W,1071,868,203,0,314,5,310,3,58,66,79,64,21,10,5,3,0,0,0,0,0,0,0,0,0,0,0,4,0,0,0,0,0,0,0,0,0,0,0,0,0,0,0,0,0,0,0,0,0,0,0,0,0,0,0,0
Erststimme,"01W715","01",Mitte,"715",W,7H,7,75,W,1149,906,243,0,303,3,298,5,54,76,65,54,27,8,4,7,0,0,0,0,0,0,0,0,0,0,1,2,0,0,0,0,0,0,0,0,0,0,0,0,0,0,0,0,0,0,0,0,0,0,0,0,0,0,0,0
Erststimme,"01W716","01",Mitte,"716",W,7I,7,75,W,948,762,186,0,303,8,296,7,60,90,60,36,17,14,7,6,0,0,0,0,0,0,0,0,0,0,1,5,0,0,0,0,0,0,0,0,0,0,0,0,0,0,0,0,0,0,0,0,0,0,0,0,0,0,0,0
Erststimme,"01W717","01",Mitte,"717",W,7I,7,75,W,1123,917,206,0,341,6,337,4,79,89,50,61,25,11,4,12,0,0,0,0,0,0,0,0,0,0,1,5,0,0,0,0,0,0,0,0,0,0,0,0,0,0,0,0,0,0,0,0,0,0,0,0,0,0,0,0
Erststimme,"01W718","01",Mitte,"718",W,7J,7,75,W,848,767,81,0,250,2,247,3,71,56,40,45,16,8,2,8,0,0,0,0,0,0,0,0,0,0,0,1,0,0,0,0,0,0,0,0,0,0,0,0,0,0,0,0,0,0,0,0,0,0,0,0,0,0,0,0
Erststimme,"01W719","01",Mitte,"719",W,7K,7,75,W,940,836,104,0,237,5,232,5,63,80,15,31,25,10,1,6,0,0,0,0,0,0,0,0,0,0,0,1,0,0,0,0,0,0,0,0,0,0,0,0,0,0,0,0,0,0,0,0,0,0,0,0,0,0,0,0
Erststimme,"01W720","01",Mitte,"720",W,7L,7,75,W,1326,1051,275,0,482,3,473,9,85,140,106,55,36,23,11,7,0,0,0,0,0,0,0,0,0,0,0,10,0,0,0,0,0,0,0,0,0,0,0,0,0,0,0,0,0,0,0,0,0,0,0,0,0,0,0,0
Erststimme,"01W721","01",Mitte,"721",W,7J,7,75,W,1496,1173,323,0,391,4,387,4,93,79,109,49,16,19,8,9,0,0,0,0,0,0,0,0,0,0,0,5,0,0,0,0,0,0,0,0,0,0,0,0,0,0,0,0,0,0,0,0,0,0,0,0,0,0,0,0
Erststimme,"01W722","01",Mitte,"722",W,7K,7,75,W,990,827,163,0,354,9,350,4,86,65,71,57,32,14,9,11,0,0,0,0,0,0,0,0,0,0,0,5,0,0,0,0,0,0,0,0,0,0,0,0,0,0,0,0,0,0,0,0,0,0,0,0,0,0,0,0
Erststimme,"01W723","01",Mitte,"723",W,7M,7,75,W,1307,1031,276,0,444,11,440,4,87,190,78,44,16,6,15,0,0,0,0,0,0,0,0,0,0,0,0,4,0,0,0,0,0,0,0,0,0,0,0,0,0,0,0,0,0,0,0,0,0,0,0,0,0,0,0,0
Erststimme,"01W724","01",Mitte,"724",W,7M,7,75,W,865,678,187,0,243,2,241,0,55,65,39,32,26,7,2,7,0,0,0,0,0,0,0,0,0,0,0,8,0,0,0,0,0,0,0,0,0,0,0,0,0,0,0,0,0,0,0,0,0,0,0,0,0,0,0,0
Erststimme,"01W725","01",Mitte,"725",W,7L,7,75,W,1066,881,185,0,283,3,278,5,69,69,50,39,26,8,9,6,0,0,0,0,0,0,0,0,0,0,0,2,0,0,0,0,0,0,0,0,0,0,0,0,0,0,0,0,0,0,0,0,0,0,0,0,0,0,0,0
Erststimme,"01B7A","01",Mitte,7A,B,7A,7,75,W,0,0,0,0,528,528,525,3,84,61,195,128,19,11,11,10,0,0,0,0,0,0,0,0,0,0,0,6,0,0,0,0,0,0,0,0,0,0,0,0,0,0,0,0,0,0,0,0,0,0,0,0,0,0,0,0
Erststimme,"01B7B","01",Mitte,7B,B,7B,7,75,W,0,0,0,0,460,460,453,7,84,89,154,71,20,13,9,10,0,0,0,0,0,0,0,0,0,0,1,2,0,0,0,0,0,0,0,0,0,0,0,0,0,0,0,0,0,0,0,0,0,0,0,0,0,0,0,0
Erststimme,"01B7C","01",Mitte,7C,B,7C,7,75,W,0,0,0,0,452,452,451,1,88,36,190,84,14,11,13,12,0,0,0,0,0,0,0,0,0,0,1,2,0,0,0,0,0,0,0,0,0,0,0,0,0,0,0,0,0,0,0,0,0,0,0,0,0,0,0,0
Erststimme,"01B7D","01",Mitte,7D,B,7D,7,75,W,0,0,0,0,610,610,604,6,91,84,277,98,13,9,14,12,0,0,0,0,0,0,0,0,0,0,3,3,0,0,0,0,0,0,0,0,0,0,0,0,0,0,0,0,0,0,0,0,0,0,0,0,0,0,0,0
Erststimme,"01B7E","01",Mitte,7E,B,7E,7,75,W,0,0,0,0,486,486,484,2,58,60,211,95,15,15,15,14,0,0,0,0,0,0,0,0,0,0,0,1,0,0,0,0,0,0,0,0,0,0,0,0,0,0,0,0,0,0,0,0,0,0,0,0,0,0,0,0
Erststimme,"01B7F","01",Mitte,7F,B,7F,7,75,W,0,0,0,0,537,537,532,5,77,92,187,116,12,20,15,9,0,0,0,0,0,0,0,0,0,0,0,4,0,0,0,0,0,0,0,0,0,0,0,0,0,0,0,0,0,0,0,0,0,0,0,0,0,0,0,0
Erststimme,"01B7G","01",Mitte,7G,B,7G,7,75,W,0,0,0,0,452,452,450,1,87,92,134,88,16,12,7,11,0,0,0,0,0,0,0,0,0,0,1,2,0,0,0,0,0,0,0,0,0,0,0,0,0,0,0,0,0,0,0,0,0,0,0,0,0,0,0,0
Erststimme,"01B7H","01",Mitte,7H,B,7H,7,75,W,0,0,0,0,376,376,375,1,62,87,108,58,24,11,5,17,0,0,0,0,0,0,0,0,0,0,0,3,0,0,0,0,0,0,0,0,0,0,0,0,0,0,0,0,0,0,0,0,0,0,0,0,0,0,0,0
Erststimme,"01B7I","01",Mitte,7I,B,7I,7,75,W,0,0,0,0,345,345,343,2,67,82,97,41,15,20,7,10,0,0,0,0,0,0,0,0,0,0,0,4,0,0,0,0,0,0,0,0,0,0,0,0,0,0,0,0,0,0,0,0,0,0,0,0,0,0,0,0
Erststimme,"01B7J","01",Mitte,7J,B,7J,7,75,W,0,0,0,0,357,357,356,1,66,81,118,37,12,16,13,13,0,0,0,0,0,0,0,0,0,0,0,0,0,0,0,0,0,0,0,0,0,0,0,0,0,0,0,0,0,0,0,0,0,0,0,0,0,0,0,0
Erststimme,"01B7K","01",Mitte,7K,B,7K,7,75,W,0,0,0,0,224,224,221,3,44,47,68,23,14,8,7,8,0,0,0,0,0,0,0,0,0,0,1,1,0,0,0,0,0,0,0,0,0,0,0,0,0,0,0,0,0,0,0,0,0,0,0,0,0,0,0,0
Erststimme,"01B7L","01",Mitte,7L,B,7L,7,75,W,0,0,0,0,417,417,414,3,97,80,109,51,24,18,15,18,0,0,0,0,0,0,0,0,0,0,0,2,0,0,0,0,0,0,0,0,0,0,0,0,0,0,0,0,0,0,0,0,0,0,0,0,0,0,0,0
Erststimme,"01B7M","01",Mitte,7M,B,7M,7,75,W,0,0,0,0,397,397,393,3,96,81,105,45,32,8,7,16,0,0,0,0,0,0,0,0,0,0,0,3,0,0,0,0,0,0,0,0,0,0,0,0,0,0,0,0,0,0,0,0,0,0,0,0,0,0,0,0
Erststimme,"02W101","02",Friedrichshain-Kreuzberg,"101",W,1A,1,83,W,1058,878,180,0,375,5,369,6,95,86,83,53,23,13,6,4,0,0,0,0,0,0,0,0,0,0,0,6,0,0,0,0,0,0,0,0,0,0,0,0,0,0,0,0,0,0,0,0,0,0,0,0,0,0,0,0
Erststimme,"02W102","02",Friedrichshain-Kreuzberg,"102",W,1B,1,83,W,1208,993,215,0,354,6,348,6,77,81,79,43,26,19,9,10,0,0,0,0,0,0,0,0,0,0,0,4,0,0,0,0,0,0,0,0,0,0,0,0,0,0,0,0,0,0,0,0,0,0,0,0,0,0,0,0
Erststimme,"02W103","02",Friedrichshain-Kreuzberg,"103",W,1C,1,83,W,1034,885,149,0,305,6,300,5,76,102,46,38,14,9,4,11,0,0,0,0,0,0,0,0,0,0,0,0,0,0,0,0,0,0,0,0,0,0,0,0,0,0,0,0,0,0,0,0,0,0,0,0,0,0,0,0
Erststimme,"02W104","02",Friedrichshain-Kreuzberg,"104",W,1D,1,83,W,713,571,142,0,208,0,207,1,52,52,57,19,7,12,1,7,0,0,0,0,0,0,0,0,0,0,0,0,0,0,0,0,0,0,0,0,0,0,0,0,0,0,0,0,0,0,0,0,0,0,0,0,0,0,0,0
Erststimme,"02W105","02",Friedrichshain-Kreuzberg,"105",W,1E,1,83,W,1020,820,200,0,300,1,297,3,66,77,42,71,15,9,10,5,0,0,0,0,0,0,0,0,0,0,0,2,0,0,0,0,0,0,0,0,0,0,0,0,0,0,0,0,0,0,0,0,0,0,0,0,0,0,0,0
Erststimme,"02W106","02",Friedrichshain-Kreuzberg,"106",W,1F,1,83,W,1460,1143,317,0,377,7,372,5,69,96,108,60,13,7,7,8,0,0,0,0,0,0,0,0,0,0,0,4,0,0,0,0,0,0,0,0,0,0,0,0,0,0,0,0,0,0,0,0,0,0,0,0,0,0,0,0
Erststimme,"02W107","02",Friedrichshain-Kreuzberg,"107",W,1G,1,83,W,610,476,134,0,229,3,229,0,40,43,85,30,6,15,6,2,0,0,0,0,0,0,0,0,0,0,0,2,0,0,0,0,0,0,0,0,0,0,0,0,0,0,0,0,0,0,0,0,0,0,0,0,0,0,0,0
Erststimme,"02W108","02",Friedrichshain-Kreuzberg,"108",W,1G,1,83,W,752,406,346,0,237,16,236,1,41,58,75,15,7,25,4,11,0,0,0,0,0,0,0,0,0,0,0,0,0,0,0,0,0,0,0,0,0,0,0,0,0,0,0,0,0,0,0,0,0,0,0,0,0,0,0,0
Erststimme,"02W109","02",Friedrichshain-Kreuzberg,"109",W,1H,1,83,W,1182,821,361,0,496,20,487,9,74,72,199,95,8,4,15,10,0,0,0,0,0,0,0,0,0,0,0,10,0,0,0,0,0,0,0,0,0,0,0,0,0,0,0,0,0,0,0,0,0,0,0,0,0,0,0,0
Erststimme,"02W110","02",Friedrichshain-Kreuzberg,"110",W,1J,1,83,W,1084,651,433,0,358,15,355,2,54,54,144,59,8,16,10,4,0,0,0,0,0,0,0,0,0,0,0,6,0,0,0,0,0,0,0,0,0,0,0,0,0,0,0,0,0,0,0,0,0,0,0,0,0,0,0,0
Erststimme,"02W111","02",Friedrichshain-Kreuzberg,"111",W,1K,1,83,W,1113,793,320,0,439,16,435,4,73,46,189,80,18,8,5,12,0,0,0,0,0,0,0,0,0,0,0,4,0,0,0,0,0,0,0,0,0,0,0,0,0,0,0,0,0,0,0,0,0,0,0,0,0,0,0,0
Erststimme,"02W112","02",Friedrichshain-Kreuzberg,"112",W,1L,1,83,W,1297,871,426,0,458,14,454,3,72,48,179,94,15,8,16,12,0,0,0,0,0,0,0,0,0,0,0,10,0,0,0,0,0,0,0,0,0,0,0,0,0,0,0,0,0,0,0,0,0,0,0,0,0,0,0,0
Erststimme,"02W113","02",Friedrichshain-Kreuzberg,"113",W,1M,1,83,W,945,602,343,0,405,13,400,5,74,51,176,63,5,14,10,4,0,0,0,0,0,0,0,0,0,0,0,3,0,0,0,0,0,0,0,0,0,0,0,0,0,0,0,0,0,0,0,0,0,0,0,0,0,0,0,0
Erststimme,"02W114","02",Friedrichshain-Kreuzberg,"114",W,1N,1,83,W,805,527,278,0,337,6,333,4,42,39,144,59,7,15,11,11,0,0,0,0,0,0,0,0,0,0,0,5,0,0,0,0,0,0,0,0,0,0,0,0,0,0,0,0,0,0,0,0,0,0,0,0,0,0,0,0
Erststimme,"02W115","02",Friedrichshain-Kreuzberg,"115",W,1N,1,83,W,814,544,270,0,356,10,352,4,55,27,168,75,2,1,13,7,0,0,0,0,0,0,0,0,0,0,0,4,0,0,0,0,0,0,0,0,0,0,0,0,0,0,0,0,0,0,0,0,0,0,0,0,0,0,0,0
Erststimme,"02W116","02",Friedrichshain-Kreuzberg,"116",W,1P,1,83,W,1015,679,336,0,429,12,422,7,70,50,156,88,19,9,22,3,0,0,0,0,0,0,0,0,0,0,0,5,0,0,0,0,0,0,0,0,0,0,0,0,0,0,0,0,0,0,0,0,0,0,0,0,0,0,0,0
Erststimme,"02W117","02",Friedrichshain-Kreuzberg,"117",W,1Q,1,83,W,1044,715,329,0,424,14,420,4,57,40,176,90,14,12,17,8,0,0,0,0,0,0,0,0,0,0,0,6,0,0,0,0,0,0,0,0,0,0,0,0,0,0,0,0,0,0,0,0,0,0,0,0,0,0,0,0
Erststimme,"02W118","02",Friedrichshain-Kreuzberg,"118",W,1R,1,83,W,670,476,194,0,265,10,263,2,46,38,90,55,8,7,9,6,0,0,0,0,0,0,0,0,0,0,0,4,0,0,0,0,0,0,0,0,0,0,0,0,0,0,0,0,0,0,0,0,0,0,0,0,0,0,0,0
Erststimme,"02W119","02",Friedrichshain-Kreuzberg,"119",W,1S,1,83,W,823,549,274,0,353,23,350,3,57,42,140,69,8,11,15,3,0,0,0,0,0,0,0,0,0,0,0,5,0,0,0,0,0,0,0,0,0,0,0,0,0,0,0,0,0,0,0,0,0,0,0,0,0,0,0,0
Erststimme,"02W120","02",Friedrichshain-Kreuzberg,"120",W,1T,1,83,W,802,572,230,0,339,11,335,4,55,55,129,64,4,7,13,2,0,0,0,0,0,0,0,0,0,0,0,6,0,0,0,0,0,0,0,0,0,0,0,0,0,0,0,0,0,0,0,0,0,0,0,0,0,0,0,0
Erststimme,"02W121","02",Friedrichshain-Kreuzberg,"121",W,1U,1,83,W,855,600,255,0,375,14,375,0,73,42,128,84,6,7,19,6,0,0,0,0,0,0,0,0,0,0,0,10,0,0,0,0,0,0,0,0,0,0,0,0,0,0,0,0,0,0,0,0,0,0,0,0,0,0,0,0
Erststimme,"02W122","02",Friedrichshain-Kreuzberg,"122",W,1V,1,83,W,1025,715,310,0,410,14,403,7,58,40,177,89,8,6,11,6,0,0,0,0,0,0,0,0,0,0,0,8,0,0,0,0,0,0,0,0,0,0,0,0,0,0,0,0,0,0,0,0,0,0,0,0,0,0,0,0
Erststimme,"02W123","02",Friedrichshain-Kreuzberg,"123",W,1R,1,83,W,714,481,233,0,289,16,289,0,52,31,125,45,6,7,11,9,0,0,0,0,0,0,0,0,0,0,0,3,0,0,0,0,0,0,0,0,0,0,0,0,0,0,0,0,0,0,0,0,0,0,0,0,0,0,0,0
Erststimme,"02W124","02",Friedrichshain-Kreuzberg,"124",W,1W,1,83,W,1284,840,444,0,560,27,556,2,103,68,244,82,20,11,16,9,0,0,0,0,0,0,0,0,0,0,0,3,0,0,0,0,0,0,0,0,0,0,0,0,0,0,0,0,0,0,0,0,0,0,0,0,0,0,0,0
Erststimme,"02W125","02",Friedrichshain-Kreuzberg,"125",W,1X,1,83,W,1321,817,504,0,618,13,610,8,84,54,320,101,13,7,15,7,0,0,0,0,0,0,0,0,0,0,0,9,0,0,0,0,0,0,0,0,0,0,0,0,0,0,0,0,0,0,0,0,0,0,0,0,0,0,0,0
Erststimme,"02W126","02",Friedrichshain-Kreuzberg,"126",W,1Y,1,83,W,903,604,299,0,425,20,424,1,76,49,190,69,4,10,18,6,0,0,0,0,0,0,0,0,0,0,0,2,0,0,0,0,0,0,0,0,0,0,0,0,0,0,0,0,0,0,0,0,0,0,0,0,0,0,0,0
Erststimme,"02W127","02",Friedrichshain-Kreuzberg,"127",W,1Z,1,83,W,850,564,286,0,331,5,330,1,50,33,147,59,8,10,8,12,0,0,0,0,0,0,0,0,0,0,0,3,0,0,0,0,0,0,0,0,0,0,0,0,0,0,0,0,0,0,0,0,0,0,0,0,0,0,0,0
Erststimme,"02W128","02",Friedrichshain-Kreuzberg,"128",W,1AA,1,83,W,1213,751,462,0,430,22,430,0,77,37,202,77,6,9,14,7,0,0,0,0,0,0,0,0,0,0,0,1,0,0,0,0,0,0,0,0,0,0,0,0,0,0,0,0,0,0,0,0,0,0,0,0,0,0,0,0
Erststimme,"02W129","02",Friedrichshain-Kreuzberg,"129",W,1AB,1,83,W,1223,700,523,0,498,22,497,1,86,91,216,47,9,23,13,9,0,0,0,0,0,0,0,0,0,0,0,3,0,0,0,0,0,0,0,0,0,0,0,0,0,0,0,0,0,0,0,0,0,0,0,0,0,0,0,0
Erststimme,"02B1A","02",Friedrichshain-Kreuzberg,1A,B,1A,1,83,W,0,0,0,0,163,163,163,0,30,28,65,19,4,8,4,5,0,0,0,0,0,0,0,0,0,0,0,0,0,0,0,0,0,0,0,0,0,0,0,0,0,0,0,0,0,0,0,0,0,0,0,0,0,0,0,0
Erststimme,"02B1AA","02",Friedrichshain-Kreuzberg,1AA,B,1AA,1,83,W,0,0,0,0,387,387,383,4,56,45,179,56,8,12,15,9,0,0,0,0,0,0,0,0,0,0,0,3,0,0,0,0,0,0,0,0,0,0,0,0,0,0,0,0,0,0,0,0,0,0,0,0,0,0,0,0
Erststimme,"02B1AB","02",Friedrichshain-Kreuzberg,1AB,B,1AB,1,83,W,0,0,0,0,462,462,459,2,71,101,196,42,11,21,8,8,0,0,0,0,0,0,0,0,0,0,0,1,0,0,0,0,0,0,0,0,0,0,0,0,0,0,0,0,0,0,0,0,0,0,0,0,0,0,0,0
Erststimme,"02B1B","02",Friedrichshain-Kreuzberg,1B,B,1B,1,83,W,0,0,0,0,183,183,183,0,25,59,53,26,3,12,1,3,0,0,0,0,0,0,0,0,0,0,0,1,0,0,0,0,0,0,0,0,0,0,0,0,0,0,0,0,0,0,0,0,0,0,0,0,0,0,0,0
Erststimme,"02B1C","02",Friedrichshain-Kreuzberg,1C,B,1C,1,83,W,0,0,0,0,122,122,122,0,32,31,30,8,9,3,3,4,0,0,0,0,0,0,0,0,0,0,0,2,0,0,0,0,0,0,0,0,0,0,0,0,0,0,0,0,0,0,0,0,0,0,0,0,0,0,0,0
Erststimme,"02B1D","02",Friedrichshain-Kreuzberg,1D,B,1D,1,83,W,0,0,0,0,119,119,118,0,17,33,37,16,6,7,2,0,0,0,0,0,0,0,0,0,0,0,0,0,0,0,0,0,0,0,0,0,0,0,0,0,0,0,0,0,0,0,0,0,0,0,0,0,0,0,0,0
Erststimme,"02B1E","02",Friedrichshain-Kreuzberg,1E,B,1E,1,83,W,0,0,0,0,171,171,167,2,39,49,37,29,2,4,4,2,0,0,0,0,0,0,0,0,0,0,0,1,0,0,0,0,0,0,0,0,0,0,0,0,0,0,0,0,0,0,0,0,0,0,0,0,0,0,0,0
Erststimme,"02B1F","02",Friedrichshain-Kreuzberg,1F,B,1F,1,83,W,0,0,0,0,272,272,271,1,54,74,76,36,7,14,4,5,0,0,0,0,0,0,0,0,0,0,0,1,0,0,0,0,0,0,0,0,0,0,0,0,0,0,0,0,0,0,0,0,0,0,0,0,0,0,0,0
Erststimme,"02B1G","02",Friedrichshain-Kreuzberg,1G,B,1G,1,83,W,0,0,0,0,423,423,420,1,54,116,158,23,15,43,3,6,0,0,0,0,0,0,0,0,0,0,0,2,0,0,0,0,0,0,0,0,0,0,0,0,0,0,0,0,0,0,0,0,0,0,0,0,0,0,0,0
Erststimme,"02B1H","02",Friedrichshain-Kreuzberg,1H,B,1H,1,83,W,0,0,0,0,313,313,313,0,45,44,152,39,8,13,7,5,0,0,0,0,0,0,0,0,0,0,0,0,0,0,0,0,0,0,0,0,0,0,0,0,0,0,0,0,0,0,0,0,0,0,0,0,0,0,0,0
Erststimme,"02B1J","02",Friedrichshain-Kreuzberg,1J,B,1J,1,83,W,0,0,0,0,374,374,374,0,69,63,152,45,6,15,14,9,0,0,0,0,0,0,0,0,0,0,0,1,0,0,0,0,0,0,0,0,0,0,0,0,0,0,0,0,0,0,0,0,0,0,0,0,0,0,0,0
Erststimme,"02B1K","02",Friedrichshain-Kreuzberg,1K,B,1K,1,83,W,0,0,0,0,271,271,269,0,36,31,125,51,4,8,5,6,0,0,0,0,0,0,0,0,0,0,0,3,0,0,0,0,0,0,0,0,0,0,0,0,0,0,0,0,0,0,0,0,0,0,0,0,0,0,0,0
Erststimme,"02B1L","02",Friedrichshain-Kreuzberg,1L,B,1L,1,83,W,0,0,0,0,368,368,367,0,65,59,141,61,6,12,11,10,0,0,0,0,0,0,0,0,0,0,0,2,0,0,0,0,0,0,0,0,0,0,0,0,0,0,0,0,0,0,0,0,0,0,0,0,0,0,0,0
Erststimme,"02B1M","02",Friedrichshain-Kreuzberg,1M,B,1M,1,83,W,0,0,0,0,287,287,284,3,35,41,143,32,2,15,9,7,0,0,0,0,0,0,0,0,0,0,0,0,0,0,0,0,0,0,0,0,0,0,0,0,0,0,0,0,0,0,0,0,0,0,0,0,0,0,0,0
Erststimme,"02B1N","02",Friedrichshain-Kreuzberg,1N,B,1N,1,83,W,0,0,0,0,488,488,487,1,86,57,233,51,6,19,18,13,0,0,0,0,0,0,0,0,0,0,0,4,0,0,0,0,0,0,0,0,0,0,0,0,0,0,0,0,0,0,0,0,0,0,0,0,0,0,0,0
Erststimme,"02B1P","02",Friedrichshain-Kreuzberg,1P,B,1P,1,83,W,0,0,0,0,301,301,300,0,52,29,130,51,2,11,12,10,0,0,0,0,0,0,0,0,0,0,0,3,0,0,0,0,0,0,0,0,0,0,0,0,0,0,0,0,0,0,0,0,0,0,0,0,0,0,0,0
Erststimme,"02B1Q","02",Friedrichshain-Kreuzberg,1Q,B,1Q,1,83,W,0,0,0,0,274,274,273,0,49,27,129,36,3,12,14,2,0,0,0,0,0,0,0,0,0,0,0,1,0,0,0,0,0,0,0,0,0,0,0,0,0,0,0,0,0,0,0,0,0,0,0,0,0,0,0,0
Erststimme,"02B1R","02",Friedrichshain-Kreuzberg,1R,B,1R,1,83,W,0,0,0,0,346,346,346,0,57,51,151,45,7,12,10,8,0,0,0,0,0,0,0,0,0,0,0,5,0,0,0,0,0,0,0,0,0,0,0,0,0,0,0,0,0,0,0,0,0,0,0,0,0,0,0,0
Erststimme,"02B1S","02",Friedrichshain-Kreuzberg,1S,B,1S,1,83,W,0,0,0,0,229,229,228,0,48,31,95,28,4,4,10,6,0,0,0,0,0,0,0,0,0,0,0,2,0,0,0,0,0,0,0,0,0,0,0,0,0,0,0,0,0,0,0,0,0,0,0,0,0,0,0,0
Erststimme,"02B1T","02",Friedrichshain-Kreuzberg,1T,B,1T,1,83,W,0,0,0,0,189,189,187,2,36,20,79,33,3,3,8,1,0,0,0,0,0,0,0,0,0,0,0,4,0,0,0,0,0,0,0,0,0,0,0,0,0,0,0,0,0,0,0,0,0,0,0,0,0,0,0,0
Erststimme,"02B1U","02",Friedrichshain-Kreuzberg,1U,B,1U,1,83,W,0,0,0,0,215,215,214,1,31,24,99,33,6,7,7,4,0,0,0,0,0,0,0,0,0,0,0,3,0,0,0,0,0,0,0,0,0,0,0,0,0,0,0,0,0,0,0,0,0,0,0,0,0,0,0,0
Erststimme,"02B1V","02",Friedrichshain-Kreuzberg,1V,B,1V,1,83,W,0,0,0,0,273,273,273,0,52,22,123,35,6,11,12,9,0,0,0,0,0,0,0,0,0,0,0,3,0,0,0,0,0,0,0,0,0,0,0,0,0,0,0,0,0,0,0,0,0,0,0,0,0,0,0,0
Erststimme,"02B1W","02",Friedrichshain-Kreuzberg,1W,B,1W,1,83,W,0,0,0,0,371,371,367,1,62,54,170,40,10,9,7,8,0,0,0,0,0,0,0,0,0,0,0,7,0,0,0,0,0,0,0,0,0,0,0,0,0,0,0,0,0,0,0,0,0,0,0,0,0,0,0,0
Erststimme,"02B1X","02",Friedrichshain-Kreuzberg,1X,B,1X,1,83,W,0,0,0,0,454,454,451,1,68,49,236,61,3,7,9,9,0,0,0,0,0,0,0,0,0,0,0,9,0,0,0,0,0,0,0,0,0,0,0,0,0,0,0,0,0,0,0,0,0,0,0,0,0,0,0,0
Erststimme,"02B1Y","02",Friedrichshain-Kreuzberg,1Y,B,1Y,1,83,W,0,0,0,0,262,262,261,1,52,36,103,43,3,15,3,3,0,0,0,0,0,0,0,0,0,0,0,3,0,0,0,0,0,0,0,0,0,0,0,0,0,0,0,0,0,0,0,0,0,0,0,0,0,0,0,0
Erststimme,"02B1Z","02",Friedrichshain-Kreuzberg,1Z,B,1Z,1,83,W,0,0,0,0,250,250,250,0,36,38,116,37,2,9,5,7,0,0,0,0,0,0,0,0,0,0,0,0,0,0,0,0,0,0,0,0,0,0,0,0,0,0,0,0,0,0,0,0,0,0,0,0,0,0,0,0
Erststimme,"02W201","02",Friedrichshain-Kreuzberg,"201",W,2A,2,83,W,854,630,224,0,381,12,378,3,36,49,154,98,8,6,8,14,4,0,0,0,0,0,0,0,0,0,0,0,0,0,0,0,0,0,0,0,0,0,0,0,0,0,0,0,0,0,0,0,0,0,0,1,0,0,0,0
Erststimme,"02W202","02",Friedrichshain-Kreuzberg,"202",W,2B,2,83,W,1057,766,291,0,474,14,464,10,48,28,166,156,13,11,22,9,2,0,0,0,0,0,0,0,0,0,0,8,0,0,0,0,0,0,0,0,0,0,0,0,0,0,0,0,0,0,0,0,0,0,0,1,0,0,0,0
Erststimme,"02W203","02",Friedrichshain-Kreuzberg,"203",W,2C,2,83,W,892,631,261,0,378,7,376,2,35,30,128,145,6,6,15,4,1,0,0,0,0,0,0,0,0,0,0,4,0,0,0,0,0,0,0,0,0,0,0,0,0,0,0,0,0,0,0,0,0,0,0,2,0,0,0,0
Erststimme,"02W204","02",Friedrichshain-Kreuzberg,"204",W,2D,2,83,W,1024,761,263,0,403,13,395,8,42,29,145,139,9,5,15,4,4,0,0,0,0,0,0,0,0,0,0,3,0,0,0,0,0,0,0,0,0,0,0,0,0,0,0,0,0,0,0,0,0,0,0,0,0,0,0,0
Erststimme,"02W205","02",Friedrichshain-Kreuzberg,"205",W,2E,2,83,W,997,745,252,0,403,0,397,6,49,26,133,138,11,7,19,10,0,0,0,0,0,0,0,0,0,0,0,4,0,0,0,0,0,0,0,0,0,0,0,0,0,0,0,0,0,0,0,0,0,0,0,0,0,0,0,0
Erststimme,"02W206","02",Friedrichshain-Kreuzberg,"206",W,2F,2,83,W,945,700,245,0,399,9,392,6,46,49,134,123,5,7,11,12,1,0,0,0,0,0,0,0,0,0,0,3,0,0,0,0,0,0,0,0,0,0,0,0,0,0,0,0,0,0,0,0,0,0,0,1,0,0,0,0
Erststimme,"02W207","02",Friedrichshain-Kreuzberg,"207",W,2G,2,83,W,1338,1023,315,0,565,13,557,8,57,49,232,147,15,8,19,19,4,0,0,0,0,0,0,0,0,0,0,7,0,0,0,0,0,0,0,0,0,0,0,0,0,0,0,0,0,0,0,0,0,0,0,0,0,0,0,0
Erststimme,"02W208","02",Friedrichshain-Kreuzberg,"208",W,2H,2,83,W,1115,800,315,0,505,17,498,4,70,67,200,117,11,8,15,9,0,0,0,0,0,0,0,0,0,0,0,1,0,0,0,0,0,0,0,0,0,0,0,0,0,0,0,0,0,0,0,0,0,0,0,0,0,0,0,0
Erststimme,"02W209","02",Friedrichshain-Kreuzberg,"209",W,2J,2,83,W,1121,792,329,0,434,11,427,7,47,54,153,112,7,16,18,13,4,0,0,0,0,0,0,0,0,0,0,2,0,0,0,0,0,0,0,0,0,0,0,0,0,0,0,0,0,0,0,0,0,0,0,1,0,0,0,0
Erststimme,"02W210","02",Friedrichshain-Kreuzberg,"210",W,2K,2,83,W,1107,759,348,0,384,13,380,4,45,40,135,120,10,3,14,8,3,0,0,0,0,0,0,0,0,0,0,2,0,0,0,0,0,0,0,0,0,0,0,0,0,0,0,0,0,0,0,0,0,0,0,0,0,0,0,0
Erststimme,"02W211","02",Friedrichshain-Kreuzberg,"211",W,2L,2,83,W,1102,771,331,0,426,23,424,2,69,43,149,115,9,6,13,12,3,0,0,0,0,0,0,0,0,0,0,5,0,0,0,0,0,0,0,0,0,0,0,0,0,0,0,0,0,0,0,0,0,0,0,0,0,0,0,0
Erststimme,"02W212","02",Friedrichshain-Kreuzberg,"212",W,2M,2,83,W,905,648,257,0,415,10,411,4,48,30,175,122,7,9,12,4,0,0,0,0,0,0,0,0,0,0,0,3,0,0,0,0,0,0,0,0,0,0,0,0,0,0,0,0,0,0,0,0,0,0,0,1,0,0,0,0
Erststimme,"02W213","02",Friedrichshain-Kreuzberg,"213",W,2N,2,83,W,1097,807,290,0,411,7,406,5,50,61,147,101,11,11,11,7,3,0,0,0,0,0,0,0,0,0,0,3,0,0,0,0,0,0,0,0,0,0,0,0,0,0,0,0,0,0,0,0,0,0,0,1,0,0,0,0
Erststimme,"02W214","02",Friedrichshain-Kreuzberg,"214",W,2P,2,83,W,922,724,198,0,290,6,288,1,47,50,85,80,6,8,8,4,0,0,0,0,0,0,0,0,0,0,0,0,0,0,0,0,0,0,0,0,0,0,0,0,0,0,0,0,0,0,0,0,0,0,0,0,0,0,0,0
Erststimme,"02W215","02",Friedrichshain-Kreuzberg,"215",W,2Q,2,83,W,890,768,122,0,327,8,323,4,52,109,38,98,9,3,9,3,1,0,0,0,0,0,0,0,0,0,0,0,0,0,0,0,0,0,0,0,0,0,0,0,0,0,0,0,0,0,0,0,0,0,0,1,0,0,0,0
Erststimme,"02W216","02",Friedrichshain-Kreuzberg,"216",W,2Q,2,83,W,840,564,276,0,435,20,430,5,58,21,157,138,13,10,21,4,3,0,0,0,0,0,0,0,0,0,0,5,0,0,0,0,0,0,0,0,0,0,0,0,0,0,0,0,0,0,0,0,0,0,0,0,0,0,0,0
Erststimme,"02W217","02",Friedrichshain-Kreuzberg,"217",W,2R,2,83,W,1041,712,329,0,408,17,405,3,55,47,159,101,6,13,18,3,1,0,0,0,0,0,0,0,0,0,0,2,0,0,0,0,0,0,0,0,0,0,0,0,0,0,0,0,0,0,0,0,0,0,0,0,0,0,0,0
Erststimme,"02W218","02",Friedrichshain-Kreuzberg,"218",W,2S,2,83,W,1153,800,353,0,570,21,565,4,58,67,227,156,14,16,13,8,2,0,0,0,0,0,0,0,0,0,0,4,0,0,0,0,0,0,0,0,0,0,0,0,0,0,0,0,0,0,0,0,0,0,0,0,0,0,0,0
Erststimme,"02W219","02",Friedrichshain-Kreuzberg,"219",W,2T,2,83,W,930,665,265,0,365,12,362,2,51,47,146,85,3,7,15,4,1,0,0,0,0,0,0,0,0,0,0,3,0,0,0,0,0,0,0,0,0,0,0,0,0,0,0,0,0,0,0,0,0,0,0,0,0,0,0,0
Erststimme,"02W220","02",Friedrichshain-Kreuzberg,"220",W,2U,2,83,W,1116,769,347,0,463,16,455,8,57,42,174,124,13,8,18,6,5,0,0,0,0,0,0,0,0,0,0,7,0,0,0,0,0,0,0,0,0,0,0,0,0,0,0,0,0,0,0,0,0,0,0,1,0,0,0,0
Erststimme,"02W221","02",Friedrichshain-Kreuzberg,"221",W,2V,2,83,W,899,656,243,0,324,16,322,2,39,28,114,111,7,4,10,6,2,0,0,0,0,0,0,0,0,0,0,1,0,0,0,0,0,0,0,0,0,0,0,0,0,0,0,0,0,0,0,0,0,0,0,0,0,0,0,0
Erststimme,"02W222","02",Friedrichshain-Kreuzberg,"222",W,2W,2,83,W,1092,834,258,0,475,16,467,8,65,66,169,119,7,7,13,10,3,0,0,0,0,0,0,0,0,0,0,7,0,0,0,0,0,0,0,0,0,0,0,0,0,0,0,0,0,0,0,0,0,0,0,1,0,0,0,0
Erststimme,"02W223","02",Friedrichshain-Kreuzberg,"223",W,2X,2,83,W,833,701,132,0,231,3,230,1,20,58,53,83,7,1,1,5,1,0,0,0,0,0,0,0,0,0,0,1,0,0,0,0,0,0,0,0,0,0,0,0,0,0,0,0,0,0,0,0,0,0,0,0,0,0,0,0
Erststimme,"02W224","02",Friedrichshain-Kreuzberg,"224",W,2Y,2,83,W,919,644,275,0,371,12,368,3,67,30,159,70,11,9,12,4,3,0,0,0,0,0,0,0,0,0,0,3,0,0,0,0,0,0,0,0,0,0,0,0,0,0,0,0,0,0,0,0,0,0,0,0,0,0,0,0
Erststimme,"02W225","02",Friedrichshain-Kreuzberg,"225",W,2Y,2,83,W,699,439,260,0,293,15,293,0,51,34,103,71,13,8,5,4,2,0,0,0,0,0,0,0,0,0,0,2,0,0,0,0,0,0,0,0,0,0,0,0,0,0,0,0,0,0,0,0,0,0,0,0,0,0,0,0
Erststimme,"02W226","02",Friedrichshain-Kreuzberg,"226",W,2Z,2,83,W,1292,798,494,0,551,15,549,2,87,63,203,126,9,22,19,12,1,0,0,0,0,0,0,0,0,0,0,7,0,0,0,0,0,0,0,0,0,0,0,0,0,0,0,0,0,0,0,0,0,0,0,0,0,0,0,0
Erststimme,"02B2A","02",Friedrichshain-Kreuzberg,2A,B,2A,2,83,W,0,0,0,0,206,206,206,0,25,21,83,57,3,8,5,2,2,0,0,0,0,0,0,0,0,0,0,0,0,0,0,0,0,0,0,0,0,0,0,0,0,0,0,0,0,0,0,0,0,0,0,0,0,0,0,0
Erststimme,"02B2B","02",Friedrichshain-Kreuzberg,2B,B,2B,2,83,W,0,0,0,0,245,245,242,3,19,21,98,74,3,6,14,3,1,0,0,0,0,0,0,0,0,0,0,3,0,0,0,0,0,0,0,0,0,0,0,0,0,0,0,0,0,0,0,0,0,0,0,0,0,0,0,0
Erststimme,"02B2C","02",Friedrichshain-Kreuzberg,2C,B,2C,2,83,W,0,0,0,0,235,235,232,3,30,24,92,68,3,8,4,3,0,0,0,0,0,0,0,0,0,0,0,0,0,0,0,0,0,0,0,0,0,0,0,0,0,0,0,0,0,0,0,0,0,0,0,0,0,0,0,0
Erststimme,"02B2D","02",Friedrichshain-Kreuzberg,2D,B,2D,2,83,W,0,0,0,0,214,214,213,1,22,16,82,74,1,3,11,3,0,0,0,0,0,0,0,0,0,0,0,1,0,0,0,0,0,0,0,0,0,0,0,0,0,0,0,0,0,0,0,0,0,0,0,0,0,0,0,0
Erststimme,"02B2E","02",Friedrichshain-Kreuzberg,2E,B,2E,2,83,W,0,0,0,0,225,225,224,1,26,17,82,75,2,6,9,4,3,0,0,0,0,0,0,0,0,0,0,0,0,0,0,0,0,0,0,0,0,0,0,0,0,0,0,0,0,0,0,0,0,0,0,0,0,0,0,0
Erststimme,"02B2F","02",Friedrichshain-Kreuzberg,2F,B,2F,2,83,W,0,0,0,0,213,213,213,0,24,22,80,67,3,6,5,4,1,0,0,0,0,0,0,0,0,0,0,0,0,0,0,0,0,0,0,0,0,0,0,0,0,0,0,0,0,0,0,0,0,0,0,1,0,0,0,0
Erststimme,"02B2G","02",Friedrichshain-Kreuzberg,2G,B,2G,2,83,W,0,0,0,0,261,261,258,3,24,37,96,68,2,11,12,3,3,0,0,0,0,0,0,0,0,0,0,1,0,0,0,0,0,0,0,0,0,0,0,0,0,0,0,0,0,0,0,0,0,0,0,1,0,0,0,0
Erststimme,"02B2H","02",Friedrichshain-Kreuzberg,2H,B,2H,2,83,W,0,0,0,0,268,268,267,1,32,32,113,60,5,7,7,6,2,0,0,0,0,0,0,0,0,0,0,3,0,0,0,0,0,0,0,0,0,0,0,0,0,0,0,0,0,0,0,0,0,0,0,0,0,0,0,0
Erststimme,"02B2J","02",Friedrichshain-Kreuzberg,2J,B,2J,2,83,W,0,0,0,0,274,274,274,0,32,26,105,80,6,6,4,11,1,0,0,0,0,0,0,0,0,0,0,1,0,0,0,0,0,0,0,0,0,0,0,0,0,0,0,0,0,0,0,0,0,0,0,2,0,0,0,0
Erststimme,"02B2K","02",Friedrichshain-Kreuzberg,2K,B,2K,2,83,W,0,0,0,0,303,303,299,4,28,18,142,86,3,5,7,6,3,0,0,0,0,0,0,0,0,0,0,1,0,0,0,0,0,0,0,0,0,0,0,0,0,0,0,0,0,0,0,0,0,0,0,0,0,0,0,0
Erststimme,"02B2L","02",Friedrichshain-Kreuzberg,2L,B,2L,2,83,W,0,0,0,0,263,263,261,2,38,18,110,65,3,8,11,5,1,0,0,0,0,0,0,0,0,0,0,1,0,0,0,0,0,0,0,0,0,0,0,0,0,0,0,0,0,0,0,0,0,0,0,1,0,0,0,0
Erststimme,"02B2M","02",Friedrichshain-Kreuzberg,2M,B,2M,2,83,W,0,0,0,0,225,225,224,1,40,16,92,47,4,5,14,5,1,0,0,0,0,0,0,0,0,0,0,0,0,0,0,0,0,0,0,0,0,0,0,0,0,0,0,0,0,0,0,0,0,0,0,0,0,0,0,0
Erststimme,"02B2N","02",Friedrichshain-Kreuzberg,2N,B,2N,2,83,W,0,0,0,0,247,247,246,1,22,17,110,64,4,5,15,8,1,0,0,0,0,0,0,0,0,0,0,0,0,0,0,0,0,0,0,0,0,0,0,0,0,0,0,0,0,0,0,0,0,0,0,0,0,0,0,0
Erststimme,"02B2P","02",Friedrichshain-Kreuzberg,2P,B,2P,2,83,W,0,0,0,0,164,164,164,0,23,16,60,45,5,5,4,3,3,0,0,0,0,0,0,0,0,0,0,0,0,0,0,0,0,0,0,0,0,0,0,0,0,0,0,0,0,0,0,0,0,0,0,0,0,0,0,0
Erststimme,"02B2Q","02",Friedrichshain-Kreuzberg,2Q,B,2Q,2,83,W,0,0,0,0,328,328,325,3,61,35,104,85,5,11,9,2,4,0,0,0,0,0,0,0,0,0,0,8,0,0,0,0,0,0,0,0,0,0,0,0,0,0,0,0,0,0,0,0,0,0,0,1,0,0,0,0
Erststimme,"02B2R","02",Friedrichshain-Kreuzberg,2R,B,2R,2,83,W,0,0,0,0,278,278,275,1,41,32,128,45,3,7,12,5,0,0,0,0,0,0,0,0,0,0,0,1,0,0,0,0,0,0,0,0,0,0,0,0,0,0,0,0,0,0,0,0,0,0,0,1,0,0,0,0
Erststimme,"02B2S","02",Friedrichshain-Kreuzberg,2S,B,2S,2,83,W,0,0,0,0,305,305,302,2,40,33,135,72,2,4,7,6,0,0,0,0,0,0,0,0,0,0,0,1,0,0,0,0,0,0,0,0,0,0,0,0,0,0,0,0,0,0,0,0,0,0,0,2,0,0,0,0
Erststimme,"02B2T","02",Friedrichshain-Kreuzberg,2T,B,2T,2,83,W,0,0,0,0,225,225,224,1,37,21,91,47,8,5,7,1,3,0,0,0,0,0,0,0,0,0,0,3,0,0,0,0,0,0,0,0,0,0,0,0,0,0,0,0,0,0,0,0,0,0,0,1,0,0,0,0
Erststimme,"02B2U","02",Friedrichshain-Kreuzberg,2U,B,2U,2,83,W,0,0,0,0,301,301,299,0,26,37,141,61,2,7,14,6,3,0,0,0,0,0,0,0,0,0,0,2,0,0,0,0,0,0,0,0,0,0,0,0,0,0,0,0,0,0,0,0,0,0,0,0,0,0,0,0
Erststimme,"02B2V","02",Friedrichshain-Kreuzberg,2V,B,2V,2,83,W,0,0,0,0,192,192,191,1,19,14,85,54,1,4,10,1,3,0,0,0,0,0,0,0,0,0,0,0,0,0,0,0,0,0,0,0,0,0,0,0,0,0,0,0,0,0,0,0,0,0,0,0,0,0,0,0
Erststimme,"02B2W","02",Friedrichshain-Kreuzberg,2W,B,2W,2,83,W,0,0,0,0,208,208,208,0,26,17,99,47,3,6,6,2,1,0,0,0,0,0,0,0,0,0,0,0,0,0,0,0,0,0,0,0,0,0,0,0,0,0,0,0,0,0,0,0,0,0,0,1,0,0,0,0
Erststimme,"02B2X","02",Friedrichshain-Kreuzberg,2X,B,2X,2,83,W,0,0,0,0,119,119,119,0,19,23,32,24,0,8,5,4,0,0,0,0,0,0,0,0,0,0,0,1,0,0,0,0,0,0,0,0,0,0,0,0,0,0,0,0,0,0,0,0,0,0,0,3,0,0,0,0
Erststimme,"02B2Y","02",Friedrichshain-Kreuzberg,2Y,B,2Y,2,83,W,0,0,0,0,468,468,466,2,96,46,187,92,7,15,9,9,2,0,0,0,0,0,0,0,0,0,0,2,0,0,0,0,0,0,0,0,0,0,0,0,0,0,0,0,0,0,0,0,0,0,0,1,0,0,0,0
Erststimme,"02B2Z","02",Friedrichshain-Kreuzberg,2Z,B,2Z,2,83,W,0,0,0,0,440,440,437,3,84,57,164,79,9,13,17,6,3,0,0,0,0,0,0,0,0,0,0,3,0,0,0,0,0,0,0,0,0,0,0,0,0,0,0,0,0,0,0,0,0,0,0,2,0,0,0,0
Erststimme,"02W301","02",Friedrichshain-Kreuzberg,"301",W,3A,3,83,W,1089,749,340,0,510,13,507,3,66,40,246,101,7,9,13,14,0,0,0,0,0,0,0,0,0,0,0,6,0,0,0,0,0,0,5,0,0,0,0,0,0,0,0,0,0,0,0,0,0,0,0,0,0,0,0,0
Erststimme,"02W302","02",Friedrichshain-Kreuzberg,"302",W,3B,3,83,W,1201,755,446,0,551,0,546,5,85,80,265,68,11,16,6,9,0,0,0,0,0,0,0,0,0,0,0,4,0,0,0,0,0,0,2,0,0,0,0,0,0,0,0,0,0,0,0,0,0,0,0,0,0,0,0,0
Erststimme,"02W303","02",Friedrichshain-Kreuzberg,"303",W,3C,3,83,W,1175,824,351,0,452,17,445,7,68,46,177,93,15,11,18,8,0,0,0,0,0,0,0,0,0,0,0,6,0,0,0,0,0,0,3,0,0,0,0,0,0,0,0,0,0,0,0,0,0,0,0,0,0,0,0,0
Erststimme,"02W304","02",Friedrichshain-Kreuzberg,"304",W,3D,3,83,W,1091,762,329,0,468,16,461,7,60,44,211,99,3,12,13,8,0,0,0,0,0,0,0,0,0,0,0,6,0,0,0,0,0,0,5,0,0,0,0,0,0,0,0,0,0,0,0,0,0,0,0,0,0,0,0,0
Erststimme,"02W305","02",Friedrichshain-Kreuzberg,"305",W,3E,3,83,W,1096,754,342,0,471,13,465,5,77,31,208,99,10,10,18,7,0,0,0,0,0,0,0,0,0,0,0,4,0,0,0,0,0,0,1,0,0,0,0,0,0,0,0,0,0,0,0,0,0,0,0,0,0,0,0,0
Erststimme,"02W306","02",Friedrichshain-Kreuzberg,"306",W,3F,3,83,W,1029,743,286,0,424,4,419,5,71,51,165,79,16,9,14,7,0,0,0,0,0,0,0,0,0,0,0,5,0,0,0,0,0,0,2,0,0,0,0,0,0,0,0,0,0,0,0,0,0,0,0,0,0,0,0,0
Erststimme,"02W307","02",Friedrichshain-Kreuzberg,"307",W,3G,3,83,W,808,682,126,0,249,6,245,4,50,57,67,44,9,1,4,7,0,0,0,0,0,0,0,0,0,0,0,5,0,0,0,0,0,0,1,0,0,0,0,0,0,0,0,0,0,0,0,0,0,0,0,0,0,0,0,0
Erststimme,"02W308","02",Friedrichshain-Kreuzberg,"308",W,3H,3,83,W,1195,939,256,0,405,7,403,2,87,103,100,55,25,11,7,8,0,0,0,0,0,0,0,0,0,0,0,3,0,0,0,0,0,0,4,0,0,0,0,0,0,0,0,0,0,0,0,0,0,0,0,0,0,0,0,0
Erststimme,"02W309","02",Friedrichshain-Kreuzberg,"309",W,3J,3,83,W,801,646,155,0,256,3,252,4,56,48,77,40,8,7,2,10,0,0,0,0,0,0,0,0,0,0,0,3,0,0,0,0,0,0,1,0,0,0,0,0,0,0,0,0,0,0,0,0,0,0,0,0,0,0,0,0
Erststimme,"02W310","02",Friedrichshain-Kreuzberg,"310",W,3K,3,83,W,1231,975,256,0,423,0,419,4,115,89,104,63,26,8,3,4,0,0,0,0,0,0,0,0,0,0,0,5,0,0,0,0,0,0,2,0,0,0,0,0,0,0,0,0,0,0,0,0,0,0,0,0,0,0,0,0
Erststimme,"02W311","02",Friedrichshain-Kreuzberg,"311",W,3L,3,83,W,1168,941,227,0,425,7,419,5,101,103,96,64,23,11,4,12,0,0,0,0,0,0,0,0,0,0,0,2,0,0,0,0,0,0,3,0,0,0,0,0,0,0,0,0,0,0,0,0,0,0,0,0,0,0,0,0
Erststimme,"02W312","02",Friedrichshain-Kreuzberg,"312",W,3M,3,83,W,763,620,143,0,272,7,269,3,55,72,63,41,9,6,5,10,0,0,0,0,0,0,0,0,0,0,0,5,0,0,0,0,0,0,3,0,0,0,0,0,0,0,0,0,0,0,0,0,0,0,0,0,0,0,0,0
Erststimme,"02W313","02",Friedrichshain-Kreuzberg,"313",W,3M,3,83,W,826,656,170,0,262,9,260,2,76,69,32,34,25,6,3,12,0,0,0,0,0,0,0,0,0,0,0,1,0,0,0,0,0,0,2,0,0,0,0,0,0,0,0,0,0,0,0,0,0,0,0,0,0,0,0,0
Erststimme,"02W314","02",Friedrichshain-Kreuzberg,"314",W,3N,3,83,W,1182,988,194,0,331,2,327,4,86,117,39,46,8,6,11,10,0,0,0,0,0,0,0,0,0,0,0,1,0,0,0,0,0,0,3,0,0,0,0,0,0,0,0,0,0,0,0,0,0,0,0,0,0,0,0,0
Erststimme,"02W315","02",Friedrichshain-Kreuzberg,"315",W,3P,3,83,W,948,778,170,0,264,10,263,1,65,58,60,43,12,9,8,5,0,0,0,0,0,0,0,0,0,0,0,3,0,0,0,0,0,0,0,0,0,0,0,0,0,0,0,0,0,0,0,0,0,0,0,0,0,0,0,0
Erststimme,"02W316","02",Friedrichshain-Kreuzberg,"316",W,3Q,3,83,W,1205,1025,180,0,321,6,319,2,82,92,36,59,19,6,7,13,0,0,0,0,0,0,0,0,0,0,0,4,0,0,0,0,0,0,1,0,0,0,0,0,0,0,0,0,0,0,0,0,0,0,0,0,0,0,0,0
Erststimme,"02W317","02",Friedrichshain-Kreuzberg,"317",W,3R,3,83,W,1258,997,261,0,437,13,435,2,58,55,140,126,8,6,23,8,0,0,0,0,0,0,0,0,0,0,0,4,0,0,0,0,0,0,7,0,0,0,0,0,0,0,0,0,0,0,0,0,0,0,0,0,0,0,0,0
Erststimme,"02W318","02",Friedrichshain-Kreuzberg,"318",W,3S,3,83,W,919,700,219,0,281,6,280,1,46,30,102,70,1,6,6,9,0,0,0,0,0,0,0,0,0,0,0,3,0,0,0,0,0,0,7,0,0,0,0,0,0,0,0,0,0,0,0,0,0,0,0,0,0,0,0,0
Erststimme,"02W319","02",Friedrichshain-Kreuzberg,"319",W,3T,3,83,W,948,695,253,0,439,22,431,6,55,43,163,109,7,8,29,8,0,0,0,0,0,0,0,0,0,0,0,3,0,0,0,0,0,0,6,0,0,0,0,0,0,0,0,0,0,0,0,0,0,0,0,0,0,0,0,0
Erststimme,"02W320","02",Friedrichshain-Kreuzberg,"320",W,3U,3,83,W,1033,799,234,0,369,6,367,2,57,47,109,107,8,5,15,10,0,0,0,0,0,0,0,0,0,0,0,3,0,0,0,0,0,0,6,0,0,0,0,0,0,0,0,0,0,0,0,0,0,0,0,0,0,0,0,0
Erststimme,"02W321","02",Friedrichshain-Kreuzberg,"321",W,3V,3,83,W,908,724,184,0,381,10,377,4,46,56,98,123,13,3,25,4,0,0,0,0,0,0,0,0,0,0,0,4,0,0,0,0,0,0,5,0,0,0,0,0,0,0,0,0,0,0,0,0,0,0,0,0,0,0,0,0
Erststimme,"02W322","02",Friedrichshain-Kreuzberg,"322",W,3W,3,83,W,981,808,173,0,306,1,301,5,65,50,69,76,12,3,22,1,0,0,0,0,0,0,0,0,0,0,0,2,0,0,0,0,0,0,1,0,0,0,0,0,0,0,0,0,0,0,0,0,0,0,0,0,0,0,0,0
Erststimme,"02W323","02",Friedrichshain-Kreuzberg,"323",W,3X,3,83,W,1113,842,271,0,476,12,466,10,77,58,155,124,12,10,14,7,0,0,0,0,0,0,0,0,0,0,0,5,0,0,0,0,0,0,4,0,0,0,0,0,0,0,0,0,0,0,0,0,0,0,0,0,0,0,0,0
Erststimme,"02W324","02",Friedrichshain-Kreuzberg,"324",W,3Y,3,83,W,1134,841,293,0,518,9,509,9,90,44,196,127,10,7,21,6,0,0,0,0,0,0,0,0,0,0,0,2,0,0,0,0,0,0,6,0,0,0,0,0,0,0,0,0,0,0,0,0,0,0,0,0,0,0,0,0
Erststimme,"02W325","02",Friedrichshain-Kreuzberg,"325",W,3Z,3,83,W,1111,870,241,0,391,5,386,5,64,85,100,87,8,7,11,15,0,0,0,0,0,0,0,0,0,0,0,5,0,0,0,0,0,0,4,0,0,0,0,0,0,0,0,0,0,0,0,0,0,0,0,0,0,0,0,0
Erststimme,"02W326","02",Friedrichshain-Kreuzberg,"326",W,3AA,3,83,W,1078,776,302,0,501,17,497,4,81,49,193,120,7,5,18,3,0,0,0,0,0,0,0,0,0,0,0,11,0,0,0,0,0,0,10,0,0,0,0,0,0,0,0,0,0,0,0,0,0,0,0,0,0,0,0,0
Erststimme,"02W327","02",Friedrichshain-Kreuzberg,"327",W,3AB,3,83,W,879,612,267,0,343,11,342,1,49,29,133,81,3,9,20,9,0,0,0,0,0,0,0,0,0,0,0,4,0,0,0,0,0,0,5,0,0,0,0,0,0,0,0,0,0,0,0,0,0,0,0,0,0,0,0,0
Erststimme,"02B3A","02",Friedrichshain-Kreuzberg,3A,B,3A,3,83,W,0,0,0,0,304,304,303,0,44,22,153,50,7,12,6,5,0,0,0,0,0,0,0,0,0,0,0,2,0,0,0,0,0,0,2,0,0,0,0,0,0,0,0,0,0,0,0,0,0,0,0,0,0,0,0,0
Erststimme,"02B3AA","02",Friedrichshain-Kreuzberg,3AA,B,3AA,3,83,W,0,0,0,0,260,260,259,1,45,15,123,48,1,7,8,2,0,0,0,0,0,0,0,0,0,0,0,5,0,0,0,0,0,0,5,0,0,0,0,0,0,0,0,0,0,0,0,0,0,0,0,0,0,0,0,0
Erststimme,"02B3AB","02",Friedrichshain-Kreuzberg,3AB,B,3AB,3,83,W,0,0,0,0,236,236,236,0,43,27,100,40,4,5,12,2,0,0,0,0,0,0,0,0,0,0,0,1,0,0,0,0,0,0,2,0,0,0,0,0,0,0,0,0,0,0,0,0,0,0,0,0,0,0,0,0
Erststimme,"02B3B","02",Friedrichshain-Kreuzberg,3B,B,3B,3,83,W,0,0,0,0,381,381,378,2,63,72,167,39,4,16,10,3,0,0,0,0,0,0,0,0,0,0,0,3,0,0,0,0,0,0,1,0,0,0,0,0,0,0,0,0,0,0,0,0,0,0,0,0,0,0,0,0
Erststimme,"02B3C","02",Friedrichshain-Kreuzberg,3C,B,3C,3,83,W,0,0,0,0,301,301,300,0,58,32,125,54,10,5,5,8,0,0,0,0,0,0,0,0,0,0,0,1,0,0,0,0,0,0,2,0,0,0,0,0,0,0,0,0,0,0,0,0,0,0,0,0,0,0,0,0
Erststimme,"02B3D","02",Friedrichshain-Kreuzberg,3D,B,3D,3,83,W,0,0,0,0,271,271,269,2,33,33,128,42,0,15,8,5,0,0,0,0,0,0,0,0,0,0,0,2,0,0,0,0,0,0,3,0,0,0,0,0,0,0,0,0,0,0,0,0,0,0,0,0,0,0,0,0
Erststimme,"02B3E","02",Friedrichshain-Kreuzberg,3E,B,3E,3,83,W,0,0,0,0,302,302,297,1,55,29,148,39,3,12,6,3,0,0,0,0,0,0,0,0,0,0,0,2,0,0,0,0,0,0,0,0,0,0,0,0,0,0,0,0,0,0,0,0,0,0,0,0,0,0,0,0
Erststimme,"02B3F","02",Friedrichshain-Kreuzberg,3F,B,3F,3,83,W,0,0,0,0,253,253,251,2,42,28,107,47,3,4,10,6,0,0,0,0,0,0,0,0,0,0,0,1,0,0,0,0,0,0,3,0,0,0,0,0,0,0,0,0,0,0,0,0,0,0,0,0,0,0,0,0
Erststimme,"02B3G","02",Friedrichshain-Kreuzberg,3G,B,3G,3,83,W,0,0,0,0,103,103,103,0,22,9,32,21,9,3,3,3,0,0,0,0,0,0,0,0,0,0,0,0,0,0,0,0,0,0,1,0,0,0,0,0,0,0,0,0,0,0,0,0,0,0,0,0,0,0,0,0
Erststimme,"02B3H","02",Friedrichshain-Kreuzberg,3H,B,3H,3,83,W,0,0,0,0,220,220,218,2,45,35,71,25,10,16,4,7,0,0,0,0,0,0,0,0,0,0,0,1,0,0,0,0,0,0,4,0,0,0,0,0,0,0,0,0,0,0,0,0,0,0,0,0,0,0,0,0
Erststimme,"02B3J","02",Friedrichshain-Kreuzberg,3J,B,3J,3,83,W,0,0,0,0,130,130,130,0,23,26,53,14,2,3,1,5,0,0,0,0,0,0,0,0,0,0,0,2,0,0,0,0,0,0,1,0,0,0,0,0,0,0,0,0,0,0,0,0,0,0,0,0,0,0,0,0
Erststimme,"02B3K","02",Friedrichshain-Kreuzberg,3K,B,3K,3,83,W,0,0,0,0,227,227,225,2,67,54,60,15,6,9,5,8,0,0,0,0,0,0,0,0,0,0,0,0,0,0,0,0,0,0,1,0,0,0,0,0,0,0,0,0,0,0,0,0,0,0,0,0,0,0,0,0
Erststimme,"02B3L","02",Friedrichshain-Kreuzberg,3L,B,3L,3,83,W,0,0,0,0,180,180,180,0,36,30,60,24,12,7,4,4,0,0,0,0,0,0,0,0,0,0,0,3,0,0,0,0,0,0,0,0,0,0,0,0,0,0,0,0,0,0,0,0,0,0,0,0,0,0,0,0
Erststimme,"02B3M","02",Friedrichshain-Kreuzberg,3M,B,3M,3,83,W,0,0,0,0,259,259,257,2,51,40,71,44,13,9,11,12,0,0,0,0,0,0,0,0,0,0,0,3,0,0,0,0,0,0,3,0,0,0,0,0,0,0,0,0,0,0,0,0,0,0,0,0,0,0,0,0
Erststimme,"02B3N","02",Friedrichshain-Kreuzberg,3N,B,3N,3,83,W,0,0,0,0,173,173,172,1,53,44,26,17,13,5,6,7,0,0,0,0,0,0,0,0,0,0,0,1,0,0,0,0,0,0,0,0,0,0,0,0,0,0,0,0,0,0,0,0,0,0,0,0,0,0,0,0
Erststimme,"02B3P","02",Friedrichshain-Kreuzberg,3P,B,3P,3,83,W,0,0,0,0,142,142,142,0,21,34,43,33,7,0,0,4,0,0,0,0,0,0,0,0,0,0,0,0,0,0,0,0,0,0,0,0,0,0,0,0,0,0,0,0,0,0,0,0,0,0,0,0,0,0,0,0
Erststimme,"02B3Q","02",Friedrichshain-Kreuzberg,3Q,B,3Q,3,83,W,0,0,0,0,147,147,146,1,31,35,38,23,5,3,5,5,0,0,0,0,0,0,0,0,0,0,0,0,0,0,0,0,0,0,1,0,0,0,0,0,0,0,0,0,0,0,0,0,0,0,0,0,0,0,0,0
Erststimme,"02B3R","02",Friedrichshain-Kreuzberg,3R,B,3R,3,83,W,0,0,0,0,209,209,207,1,25,21,84,57,0,1,8,8,0,0,0,0,0,0,0,0,0,0,0,1,0,0,0,0,0,0,2,0,0,0,0,0,0,0,0,0,0,0,0,0,0,0,0,0,0,0,0,0
Erststimme,"02B3S","02",Friedrichshain-Kreuzberg,3S,B,3S,3,83,W,0,0,0,0,191,191,188,3,24,19,90,43,4,1,6,0,0,0,0,0,0,0,0,0,0,0,0,0,0,0,0,0,0,0,1,0,0,0,0,0,0,0,0,0,0,0,0,0,0,0,0,0,0,0,0,0
Erststimme,"02B3T","02",Friedrichshain-Kreuzberg,3T,B,3T,3,83,W,0,0,0,0,211,211,208,3,29,21,87,41,2,2,16,2,0,0,0,0,0,0,0,0,0,0,0,2,0,0,0,0,0,0,6,0,0,0,0,0,0,0,0,0,0,0,0,0,0,0,0,0,0,0,0,0
Erststimme,"02B3U","02",Friedrichshain-Kreuzberg,3U,B,3U,3,83,W,0,0,0,0,194,194,192,2,22,10,83,54,1,3,11,8,0,0,0,0,0,0,0,0,0,0,0,0,0,0,0,0,0,0,0,0,0,0,0,0,0,0,0,0,0,0,0,0,0,0,0,0,0,0,0,0
Erststimme,"02B3V","02",Friedrichshain-Kreuzberg,3V,B,3V,3,83,W,0,0,0,0,163,163,162,0,25,11,63,42,2,2,13,3,0,0,0,0,0,0,0,0,0,0,0,0,0,0,0,0,0,0,1,0,0,0,0,0,0,0,0,0,0,0,0,0,0,0,0,0,0,0,0,0
Erststimme,"02B3W","02",Friedrichshain-Kreuzberg,3W,B,3W,3,83,W,0,0,0,0,158,158,158,0,19,17,56,45,1,2,8,7,0,0,0,0,0,0,0,0,0,0,0,2,0,0,0,0,0,0,1,0,0,0,0,0,0,0,0,0,0,0,0,0,0,0,0,0,0,0,0,0
Erststimme,"02B3X","02",Friedrichshain-Kreuzberg,3X,B,3X,3,83,W,0,0,0,0,233,233,232,1,28,20,93,63,5,2,12,5,0,0,0,0,0,0,0,0,0,0,0,2,0,0,0,0,0,0,2,0,0,0,0,0,0,0,0,0,0,0,0,0,0,0,0,0,0,0,0,0
Erststimme,"02B3Y","02",Friedrichshain-Kreuzberg,3Y,B,3Y,3,83,W,0,0,0,0,255,255,253,2,36,25,104,56,5,3,16,5,0,0,0,0,0,0,0,0,0,0,0,1,0,0,0,0,0,0,2,0,0,0,0,0,0,0,0,0,0,0,0,0,0,0,0,0,0,0,0,0
Erststimme,"02B3Z","02",Friedrichshain-Kreuzberg,3Z,B,3Z,3,83,W,0,0,0,0,197,197,196,1,51,26,65,31,3,2,10,6,0,0,0,0,0,0,0,0,0,0,0,2,0,0,0,0,0,0,0,0,0,0,0,0,0,0,0,0,0,0,0,0,0,0,0,0,0,0,0,0
Erststimme,"02W401","02",Friedrichshain-Kreuzberg,"401",W,4A,4,83,O,1117,831,286,0,341,1,340,1,63,59,28,113,41,11,2,16,0,0,0,0,0,0,0,0,0,0,0,7,0,0,0,0,0,0,0,0,0,0,0,0,0,0,0,0,0,0,0,0,0,0,0,0,0,0,0,0
Erststimme,"02W402","02",Friedrichshain-Kreuzberg,"402",W,4B,4,83,O,1107,832,275,0,446,5,440,6,82,109,48,117,57,12,4,10,0,0,0,0,0,0,0,0,0,0,0,1,0,0,0,0,0,0,0,0,0,0,0,0,0,0,0,0,0,0,0,0,0,0,0,0,0,0,0,0
Erststimme,"02W403","02",Friedrichshain-Kreuzberg,"403",W,4C,4,83,O,1244,904,340,0,337,0,329,8,74,55,40,92,39,11,6,9,0,0,0,0,0,0,0,0,0,0,0,3,0,0,0,0,0,0,0,0,0,0,0,0,0,0,0,0,0,0,0,0,0,0,0,0,0,0,0,0
Erststimme,"02W404","02",Friedrichshain-Kreuzberg,"404",W,4D,4,83,O,1071,766,305,0,378,5,373,5,74,83,44,90,48,12,7,11,0,0,0,0,0,0,0,0,0,0,0,4,0,0,0,0,0,0,0,0,0,0,0,0,0,0,0,0,0,0,0,0,0,0,0,0,0,0,0,0
Erststimme,"02W405","02",Friedrichshain-Kreuzberg,"405",W,4E,4,83,O,869,535,334,0,327,9,324,3,59,60,63,83,17,21,8,7,0,0,0,0,0,0,0,0,0,0,0,6,0,0,0,0,0,0,0,0,0,0,0,0,0,0,0,0,0,0,0,0,0,0,0,0,0,0,0,0
Erststimme,"02W406","02",Friedrichshain-Kreuzberg,"406",W,4F,4,83,O,979,693,286,0,386,6,385,1,65,73,77,99,41,8,11,5,0,0,0,0,0,0,0,0,0,0,0,6,0,0,0,0,0,0,0,0,0,0,0,0,0,0,0,0,0,0,0,0,0,0,0,0,0,0,0,0
Erststimme,"02W407","02",Friedrichshain-Kreuzberg,"407",W,4G,4,83,O,783,567,216,0,295,7,295,0,54,44,82,64,15,9,10,15,0,0,0,0,0,0,0,0,0,0,0,2,0,0,0,0,0,0,0,0,0,0,0,0,0,0,0,0,0,0,0,0,0,0,0,0,0,0,0,0
Erststimme,"02W408","02",Friedrichshain-Kreuzberg,"408",W,4H,4,83,O,856,539,317,0,304,4,300,3,47,43,100,60,15,13,9,6,0,0,0,0,0,0,0,0,0,0,0,7,0,0,0,0,0,0,0,0,0,0,0,0,0,0,0,0,0,0,0,0,0,0,0,0,0,0,0,0
Erststimme,"02W409","02",Friedrichshain-Kreuzberg,"409",W,4J,4,83,O,1051,686,365,0,334,4,329,5,70,71,76,57,25,8,8,11,0,0,0,0,0,0,0,0,0,0,0,3,0,0,0,0,0,0,0,0,0,0,0,0,0,0,0,0,0,0,0,0,0,0,0,0,0,0,0,0
Erststimme,"02W410","02",Friedrichshain-Kreuzberg,"410",W,4K,4,83,O,1024,586,438,0,438,10,435,3,60,79,159,81,19,19,8,10,0,0,0,0,0,0,0,0,0,0,0,0,0,0,0,0,0,0,0,0,0,0,0,0,0,0,0,0,0,0,0,0,0,0,0,0,0,0,0,0
Erststimme,"02W411","02",Friedrichshain-Kreuzberg,"411",W,4L,4,83,O,1129,773,356,0,441,4,434,6,95,89,71,115,28,13,8,13,0,0,0,0,0,0,0,0,0,0,0,2,0,0,0,0,0,0,0,0,0,0,0,0,0,0,0,0,0,0,0,0,0,0,0,0,0,0,0,0
Erststimme,"02W412","02",Friedrichshain-Kreuzberg,"412",W,4M,4,83,O,1059,665,394,0,396,7,391,5,58,56,97,121,27,6,8,16,0,0,0,0,0,0,0,0,0,0,0,2,0,0,0,0,0,0,0,0,0,0,0,0,0,0,0,0,0,0,0,0,0,0,0,0,0,0,0,0
Erststimme,"02W413","02",Friedrichshain-Kreuzberg,"413",W,4N,4,83,O,915,592,323,0,352,15,349,3,52,41,109,98,14,6,15,8,0,0,0,0,0,0,0,0,0,0,0,6,0,0,0,0,0,0,0,0,0,0,0,0,0,0,0,0,0,0,0,0,0,0,0,0,0,0,0,0
Erststimme,"02W414","02",Friedrichshain-Kreuzberg,"414",W,4P,4,83,O,941,574,367,0,315,15,315,0,62,37,104,65,13,13,9,11,0,0,0,0,0,0,0,0,0,0,0,1,0,0,0,0,0,0,0,0,0,0,0,0,0,0,0,0,0,0,0,0,0,0,0,0,0,0,0,0
Erststimme,"02W415","02",Friedrichshain-Kreuzberg,"415",W,4Q,4,83,O,1145,784,361,0,466,16,465,1,68,70,117,130,41,15,14,8,0,0,0,0,0,0,0,0,0,0,0,2,0,0,0,0,0,0,0,0,0,0,0,0,0,0,0,0,0,0,0,0,0,0,0,0,0,0,0,0
Erststimme,"02W416","02",Friedrichshain-Kreuzberg,"416",W,4R,4,83,O,1297,858,439,0,479,10,475,4,84,93,84,133,30,11,15,18,0,0,0,0,0,0,0,0,0,0,0,7,0,0,0,0,0,0,0,0,0,0,0,0,0,0,0,0,0,0,0,0,0,0,0,0,0,0,0,0
Erststimme,"02W417","02",Friedrichshain-Kreuzberg,"417",W,4S,4,83,O,1046,737,309,0,394,8,392,2,52,66,87,129,26,12,6,13,0,0,0,0,0,0,0,0,0,0,0,1,0,0,0,0,0,0,0,0,0,0,0,0,0,0,0,0,0,0,0,0,0,0,0,0,0,0,0,0
Erststimme,"02W418","02",Friedrichshain-Kreuzberg,"418",W,4T,4,83,O,1153,826,327,0,346,0,342,4,65,89,28,79,50,3,6,18,0,0,0,0,0,0,0,0,0,0,0,4,0,0,0,0,0,0,0,0,0,0,0,0,0,0,0,0,0,0,0,0,0,0,0,0,0,0,0,0
Erststimme,"02W419","02",Friedrichshain-Kreuzberg,"419",W,4U,4,83,O,1283,907,376,0,430,7,425,5,81,89,66,107,45,11,9,10,0,0,0,0,0,0,0,0,0,0,0,7,0,0,0,0,0,0,0,0,0,0,0,0,0,0,0,0,0,0,0,0,0,0,0,0,0,0,0,0
Erststimme,"02W420","02",Friedrichshain-Kreuzberg,"420",W,4V,4,83,O,776,583,193,0,258,2,258,0,44,70,35,44,31,10,11,10,0,0,0,0,0,0,0,0,0,0,0,3,0,0,0,0,0,0,0,0,0,0,0,0,0,0,0,0,0,0,0,0,0,0,0,0,0,0,0,0
Erststimme,"02W421","02",Friedrichshain-Kreuzberg,"421",W,4W,4,83,O,924,686,238,0,289,4,284,4,48,68,37,67,35,7,6,13,0,0,0,0,0,0,0,0,0,0,0,3,0,0,0,0,0,0,0,0,0,0,0,0,0,0,0,0,0,0,0,0,0,0,0,0,0,0,0,0
Erststimme,"02W422","02",Friedrichshain-Kreuzberg,"422",W,4X,4,83,O,816,579,237,0,298,4,294,4,42,70,67,50,16,24,8,13,0,0,0,0,0,0,0,0,0,0,0,4,0,0,0,0,0,0,0,0,0,0,0,0,0,0,0,0,0,0,0,0,0,0,0,0,0,0,0,0
Erststimme,"02W423","02",Friedrichshain-Kreuzberg,"423",W,4Y,4,83,O,1097,821,276,0,366,1,366,0,66,62,59,91,49,11,8,19,0,0,0,0,0,0,0,0,0,0,0,1,0,0,0,0,0,0,0,0,0,0,0,0,0,0,0,0,0,0,0,0,0,0,0,0,0,0,0,0
Erststimme,"02W424","02",Friedrichshain-Kreuzberg,"424",W,4Z,4,83,O,855,573,282,0,316,6,311,5,59,69,49,76,30,7,10,9,0,0,0,0,0,0,0,0,0,0,0,2,0,0,0,0,0,0,0,0,0,0,0,0,0,0,0,0,0,0,0,0,0,0,0,0,0,0,0,0
Erststimme,"02W425","02",Friedrichshain-Kreuzberg,"425",W,4AA,4,83,O,1160,729,431,0,464,8,461,3,71,48,144,122,19,13,24,17,0,0,0,0,0,0,0,0,0,0,0,3,0,0,0,0,0,0,0,0,0,0,0,0,0,0,0,0,0,0,0,0,0,0,0,0,0,0,0,0
Erststimme,"02W426","02",Friedrichshain-Kreuzberg,"426",W,4AB,4,83,O,1130,698,432,0,443,7,442,1,64,41,143,136,19,13,16,6,0,0,0,0,0,0,0,0,0,0,0,4,0,0,0,0,0,0,0,0,0,0,0,0,0,0,0,0,0,0,0,0,0,0,0,0,0,0,0,0
Erststimme,"02W427","02",Friedrichshain-Kreuzberg,"427",W,4AC,4,83,O,1047,740,307,0,344,2,340,2,54,59,80,91,28,5,11,9,0,0,0,0,0,0,0,0,0,0,0,3,0,0,0,0,0,0,0,0,0,0,0,0,0,0,0,0,0,0,0,0,0,0,0,0,0,0,0,0
Erststimme,"02B4A","02",Friedrichshain-Kreuzberg,4A,B,4A,4,83,O,0,0,0,0,252,252,250,2,41,51,35,79,18,12,4,8,0,0,0,0,0,0,0,0,0,0,0,2,0,0,0,0,0,0,0,0,0,0,0,0,0,0,0,0,0,0,0,0,0,0,0,0,0,0,0,0
Erststimme,"02B4AA","02",Friedrichshain-Kreuzberg,4AA,B,4AA,4,83,O,0,0,0,0,387,387,387,0,45,45,151,94,13,8,15,10,0,0,0,0,0,0,0,0,0,0,0,6,0,0,0,0,0,0,0,0,0,0,0,0,0,0,0,0,0,0,0,0,0,0,0,0,0,0,0,0
Erststimme,"02B4AB","02",Friedrichshain-Kreuzberg,4AB,B,4AB,4,83,O,0,0,0,0,397,397,393,4,52,62,132,99,7,15,18,6,0,0,0,0,0,0,0,0,0,0,0,2,0,0,0,0,0,0,0,0,0,0,0,0,0,0,0,0,0,0,0,0,0,0,0,0,0,0,0,0
Erststimme,"02B4AC","02",Friedrichshain-Kreuzberg,4AC,B,4AC,4,83,O,0,0,0,0,267,267,267,0,49,60,81,42,6,14,5,8,0,0,0,0,0,0,0,0,0,0,0,2,0,0,0,0,0,0,0,0,0,0,0,0,0,0,0,0,0,0,0,0,0,0,0,0,0,0,0,0
Erststimme,"02B4B","02",Friedrichshain-Kreuzberg,4B,B,4B,4,83,O,0,0,0,0,251,251,249,1,53,62,18,85,19,3,6,3,0,0,0,0,0,0,0,0,0,0,0,0,0,0,0,0,0,0,0,0,0,0,0,0,0,0,0,0,0,0,0,0,0,0,0,0,0,0,0,0
Erststimme,"02B4C","02",Friedrichshain-Kreuzberg,4C,B,4C,4,83,O,0,0,0,0,308,308,305,3,73,68,36,82,16,13,3,10,0,0,0,0,0,0,0,0,0,0,0,4,0,0,0,0,0,0,0,0,0,0,0,0,0,0,0,0,0,0,0,0,0,0,0,0,0,0,0,0
Erststimme,"02B4D","02",Friedrichshain-Kreuzberg,4D,B,4D,4,83,O,0,0,0,0,282,282,279,2,50,67,30,64,33,7,6,15,0,0,0,0,0,0,0,0,0,0,0,7,0,0,0,0,0,0,0,0,0,0,0,0,0,0,0,0,0,0,0,0,0,0,0,0,0,0,0,0
Erststimme,"02B4E","02",Friedrichshain-Kreuzberg,4E,B,4E,4,83,O,0,0,0,0,303,303,299,2,55,49,90,68,19,7,6,5,0,0,0,0,0,0,0,0,0,0,0,0,0,0,0,0,0,0,0,0,0,0,0,0,0,0,0,0,0,0,0,0,0,0,0,0,0,0,0,0
Erststimme,"02B4F","02",Friedrichshain-Kreuzberg,4F,B,4F,4,83,O,0,0,0,0,250,250,249,1,44,33,66,57,14,11,8,14,0,0,0,0,0,0,0,0,0,0,0,2,0,0,0,0,0,0,0,0,0,0,0,0,0,0,0,0,0,0,0,0,0,0,0,0,0,0,0,0
Erststimme,"02B4G","02",Friedrichshain-Kreuzberg,4G,B,4G,4,83,O,0,0,0,0,203,203,201,2,35,26,57,50,12,4,8,8,0,0,0,0,0,0,0,0,0,0,0,1,0,0,0,0,0,0,0,0,0,0,0,0,0,0,0,0,0,0,0,0,0,0,0,0,0,0,0,0
Erststimme,"02B4H","02",Friedrichshain-Kreuzberg,4H,B,4H,4,83,O,0,0,0,0,285,285,285,0,63,51,82,46,6,19,10,8,0,0,0,0,0,0,0,0,0,0,0,0,0,0,0,0,0,0,0,0,0,0,0,0,0,0,0,0,0,0,0,0,0,0,0,0,0,0,0,0
Erststimme,"02B4J","02",Friedrichshain-Kreuzberg,4J,B,4J,4,83,O,0,0,0,0,331,331,327,4,81,62,67,66,13,13,8,11,0,0,0,0,0,0,0,0,0,0,0,6,0,0,0,0,0,0,0,0,0,0,0,0,0,0,0,0,0,0,0,0,0,0,0,0,0,0,0,0
Erststimme,"02B4K","02",Friedrichshain-Kreuzberg,4K,B,4K,4,83,O,0,0,0,0,407,407,406,1,70,81,158,45,7,24,12,9,0,0,0,0,0,0,0,0,0,0,0,0,0,0,0,0,0,0,0,0,0,0,0,0,0,0,0,0,0,0,0,0,0,0,0,0,0,0,0,0
Erststimme,"02B4L","02",Friedrichshain-Kreuzberg,4L,B,4L,4,83,O,0,0,0,0,322,322,319,2,65,64,50,91,21,14,2,11,0,0,0,0,0,0,0,0,0,0,0,1,0,0,0,0,0,0,0,0,0,0,0,0,0,0,0,0,0,0,0,0,0,0,0,0,0,0,0,0
Erststimme,"02B4M","02",Friedrichshain-Kreuzberg,4M,B,4M,4,83,O,0,0,0,0,362,362,360,1,64,43,91,110,20,12,12,7,0,0,0,0,0,0,0,0,0,0,0,1,0,0,0,0,0,0,0,0,0,0,0,0,0,0,0,0,0,0,0,0,0,0,0,0,0,0,0,0
Erststimme,"02B4N","02",Friedrichshain-Kreuzberg,4N,B,4N,4,83,O,0,0,0,0,280,280,278,0,45,41,82,78,5,8,11,7,0,0,0,0,0,0,0,0,0,0,0,1,0,0,0,0,0,0,0,0,0,0,0,0,0,0,0,0,0,0,0,0,0,0,0,0,0,0,0,0
Erststimme,"02B4P","02",Friedrichshain-Kreuzberg,4P,B,4P,4,83,O,0,0,0,0,319,319,316,3,52,37,120,56,12,19,10,9,0,0,0,0,0,0,0,0,0,0,0,1,0,0,0,0,0,0,0,0,0,0,0,0,0,0,0,0,0,0,0,0,0,0,0,0,0,0,0,0
Erststimme,"02B4Q","02",Friedrichshain-Kreuzberg,4Q,B,4Q,4,83,O,0,0,0,0,322,322,320,2,65,45,84,73,18,11,10,14,0,0,0,0,0,0,0,0,0,0,0,0,0,0,0,0,0,0,0,0,0,0,0,0,0,0,0,0,0,0,0,0,0,0,0,0,0,0,0,0
Erststimme,"02B4R","02",Friedrichshain-Kreuzberg,4R,B,4R,4,83,O,0,0,0,0,396,396,394,2,84,70,71,99,22,11,18,14,0,0,0,0,0,0,0,0,0,0,0,5,0,0,0,0,0,0,0,0,0,0,0,0,0,0,0,0,0,0,0,0,0,0,0,0,0,0,0,0
Erststimme,"02B4S","02",Friedrichshain-Kreuzberg,4S,B,4S,4,83,O,0,0,0,0,273,273,268,5,35,51,80,62,17,9,5,8,0,0,0,0,0,0,0,0,0,0,0,1,0,0,0,0,0,0,0,0,0,0,0,0,0,0,0,0,0,0,0,0,0,0,0,0,0,0,0,0
Erststimme,"02B4T","02",Friedrichshain-Kreuzberg,4T,B,4T,4,83,O,0,0,0,0,290,290,289,1,77,57,24,91,22,7,2,7,0,0,0,0,0,0,0,0,0,0,0,2,0,0,0,0,0,0,0,0,0,0,0,0,0,0,0,0,0,0,0,0,0,0,0,0,0,0,0,0
Erststimme,"02B4U","02",Friedrichshain-Kreuzberg,4U,B,4U,4,83,O,0,0,0,0,334,334,334,0,56,82,65,80,18,12,6,14,0,0,0,0,0,0,0,0,0,0,0,1,0,0,0,0,0,0,0,0,0,0,0,0,0,0,0,0,0,0,0,0,0,0,0,0,0,0,0,0
Erststimme,"02B4V","02",Friedrichshain-Kreuzberg,4V,B,4V,4,83,O,0,0,0,0,171,171,167,3,37,33,27,37,15,9,3,5,0,0,0,0,0,0,0,0,0,0,0,1,0,0,0,0,0,0,0,0,0,0,0,0,0,0,0,0,0,0,0,0,0,0,0,0,0,0,0,0
Erststimme,"02B4W","02",Friedrichshain-Kreuzberg,4W,B,4W,4,83,O,0,0,0,0,213,213,211,1,56,44,32,46,11,9,5,7,0,0,0,0,0,0,0,0,0,0,0,1,0,0,0,0,0,0,0,0,0,0,0,0,0,0,0,0,0,0,0,0,0,0,0,0,0,0,0,0
Erststimme,"02B4X","02",Friedrichshain-Kreuzberg,4X,B,4X,4,83,O,0,0,0,0,214,214,213,1,34,39,63,34,8,22,6,7,0,0,0,0,0,0,0,0,0,0,0,0,0,0,0,0,0,0,0,0,0,0,0,0,0,0,0,0,0,0,0,0,0,0,0,0,0,0,0,0
Erststimme,"02B4Y","02",Friedrichshain-Kreuzberg,4Y,B,4Y,4,83,O,0,0,0,0,249,249,248,1,47,57,23,67,20,9,10,13,0,0,0,0,0,0,0,0,0,0,0,2,0,0,0,0,0,0,0,0,0,0,0,0,0,0,0,0,0,0,0,0,0,0,0,0,0,0,0,0
Erststimme,"02B4Z","02",Friedrichshain-Kreuzberg,4Z,B,4Z,4,83,O,0,0,0,0,251,251,251,0,58,35,46,77,12,10,5,6,0,0,0,0,0,0,0,0,0,0,0,2,0,0,0,0,0,0,0,0,0,0,0,0,0,0,0,0,0,0,0,0,0,0,0,0,0,0,0,0
Erststimme,"02W501","02",Friedrichshain-Kreuzberg,"501",W,5A,5,83,O,922,629,293,0,357,10,351,4,43,41,123,72,24,6,19,10,0,0,0,0,0,0,0,0,0,0,1,5,0,0,0,0,0,0,0,0,0,0,0,0,7,0,0,0,0,0,0,0,0,0,0,0,0,0,0,0
Erststimme,"02W502","02",Friedrichshain-Kreuzberg,"502",W,5B,5,83,O,1270,837,433,0,435,11,433,2,71,62,130,102,27,5,9,16,0,0,0,0,0,0,0,0,0,0,1,5,0,0,0,0,0,0,0,0,0,0,0,0,3,0,0,0,2,0,0,0,0,0,0,0,0,0,0,0
Erststimme,"02W503","02",Friedrichshain-Kreuzberg,"503",W,5C,5,83,O,1218,854,364,0,418,12,415,3,59,39,122,99,38,14,18,16,0,0,0,0,0,0,0,0,0,0,0,6,0,0,0,0,0,0,0,0,0,0,0,0,4,0,0,0,0,0,0,0,0,0,0,0,0,0,0,0
Erststimme,"02W504","02",Friedrichshain-Kreuzberg,"504",W,5D,5,83,O,1059,701,358,0,413,4,409,1,68,54,116,94,20,14,17,18,0,0,0,0,0,0,0,0,0,0,0,1,0,0,0,0,0,0,0,0,0,0,0,0,6,0,0,0,1,0,0,0,0,0,0,0,0,0,0,0
Erststimme,"02W505","02",Friedrichshain-Kreuzberg,"505",W,5E,5,83,O,1236,783,453,0,514,8,509,5,101,48,190,100,19,16,14,12,0,0,0,0,0,0,0,0,0,0,2,1,0,0,0,0,0,0,0,0,0,0,0,0,6,0,0,0,0,0,0,0,0,0,0,0,0,0,0,0
Erststimme,"02W506","02",Friedrichshain-Kreuzberg,"506",W,5F,5,83,O,1123,775,348,0,438,2,432,6,65,38,144,104,24,13,20,14,0,0,0,0,0,0,0,0,0,0,0,6,0,0,0,0,0,0,0,0,0,0,0,0,4,0,0,0,0,0,0,0,0,0,0,0,0,0,0,0
Erststimme,"02W507","02",Friedrichshain-Kreuzberg,"507",W,5G,5,83,O,1206,733,473,0,383,14,380,3,46,31,132,99,25,8,23,10,0,0,0,0,0,0,0,0,0,0,0,2,0,0,0,0,0,0,0,0,0,0,0,0,4,0,0,0,0,0,0,0,0,0,0,0,0,0,0,0
Erststimme,"02W508","02",Friedrichshain-Kreuzberg,"508",W,5H,5,83,O,1261,876,385,0,407,6,400,7,75,49,117,87,32,8,13,11,0,0,0,0,0,0,0,0,0,0,2,4,0,0,0,0,0,0,0,0,0,0,0,0,2,0,0,0,0,0,0,0,0,0,0,0,0,0,0,0
Erststimme,"02W509","02",Friedrichshain-Kreuzberg,"509",W,5J,5,83,O,1009,695,314,0,427,4,425,2,60,50,128,110,22,9,23,15,0,0,0,0,0,0,0,0,0,0,0,5,0,0,0,0,0,0,0,0,0,0,0,0,0,0,0,0,3,0,0,0,0,0,0,0,0,0,0,0
Erststimme,"02W510","02",Friedrichshain-Kreuzberg,"510",W,5K,5,83,O,930,641,289,0,284,2,284,0,46,25,98,65,9,11,13,8,0,0,0,0,0,0,0,0,0,0,0,2,0,0,0,0,0,0,0,0,0,0,0,0,5,0,0,0,2,0,0,0,0,0,0,0,0,0,0,0
Erststimme,"02W511","02",Friedrichshain-Kreuzberg,"511",W,5L,5,83,O,792,508,284,0,284,7,282,2,53,26,112,52,5,11,11,5,0,0,0,0,0,0,0,0,0,0,1,1,0,0,0,0,0,0,0,0,0,0,0,0,4,0,0,0,1,0,0,0,0,0,0,0,0,0,0,0
Erststimme,"02W512","02",Friedrichshain-Kreuzberg,"512",W,5L,5,83,O,934,644,290,0,415,2,413,2,45,38,131,116,26,17,17,16,0,0,0,0,0,0,0,0,0,0,1,2,0,0,0,0,0,0,0,0,0,0,0,0,3,0,0,0,1,0,0,0,0,0,0,0,0,0,0,0
Erststimme,"02W513","02",Friedrichshain-Kreuzberg,"513",W,5M,5,83,O,1200,755,445,0,488,8,483,4,76,24,191,118,15,17,21,14,0,0,0,0,0,0,0,0,0,0,0,4,0,0,0,0,0,0,0,0,0,0,0,0,3,0,0,0,0,0,0,0,0,0,0,0,0,0,0,0
Erststimme,"02W514","02",Friedrichshain-Kreuzberg,"514",W,5N,5,83,O,968,655,313,0,383,2,381,2,55,40,141,90,13,7,16,10,0,0,0,0,0,0,0,0,0,0,2,4,0,0,0,0,0,0,0,0,0,0,0,0,3,0,0,0,0,0,0,0,0,0,0,0,0,0,0,0
Erststimme,"02W515","02",Friedrichshain-Kreuzberg,"515",W,5P,5,83,O,1025,656,369,0,359,6,356,3,43,34,133,91,11,16,13,11,0,0,0,0,0,0,0,0,0,0,0,1,0,0,0,0,0,0,0,0,0,0,0,0,3,0,0,0,0,0,0,0,0,0,0,0,0,0,0,0
Erststimme,"02W516","02",Friedrichshain-Kreuzberg,"516",W,5Q,5,83,O,987,632,355,0,343,9,339,4,55,46,103,83,19,11,9,5,0,0,0,0,0,0,0,0,0,0,1,4,0,0,0,0,0,0,0,0,0,0,0,0,3,0,0,0,0,0,0,0,0,0,0,0,0,0,0,0
Erststimme,"02W517","02",Friedrichshain-Kreuzberg,"517",W,5R,5,83,O,1233,775,458,0,466,12,463,2,49,42,179,112,16,15,28,10,0,0,0,0,0,0,0,0,0,0,1,3,0,0,0,0,0,0,0,0,0,0,0,0,6,0,0,0,2,0,0,0,0,0,0,0,0,0,0,0
Erststimme,"02W518","02",Friedrichshain-Kreuzberg,"518",W,5S,5,83,O,1194,726,468,0,367,6,364,3,41,35,141,84,18,14,11,9,0,0,0,0,0,0,0,0,0,0,0,5,0,0,0,0,0,0,0,0,0,0,0,0,5,0,0,0,1,0,0,0,0,0,0,0,0,0,0,0
Erststimme,"02W519","02",Friedrichshain-Kreuzberg,"519",W,5T,5,83,O,1017,631,386,0,396,2,395,1,56,47,144,83,16,13,19,10,0,0,0,0,0,0,0,0,0,0,1,2,0,0,0,0,0,0,0,0,0,0,0,0,3,0,0,0,1,0,0,0,0,0,0,0,0,0,0,0
Erststimme,"02W520","02",Friedrichshain-Kreuzberg,"520",W,5U,5,83,O,1211,818,393,0,497,10,493,4,64,61,159,122,28,11,26,15,0,0,0,0,0,0,0,0,0,0,0,4,0,0,0,0,0,0,0,0,0,0,0,0,3,0,0,0,0,0,0,0,0,0,0,0,0,0,0,0
Erststimme,"02W521","02",Friedrichshain-Kreuzberg,"521",W,5V,5,83,O,1027,665,362,0,388,7,387,1,47,44,154,79,27,16,6,7,0,0,0,0,0,0,0,0,0,0,0,2,0,0,0,0,0,0,0,0,0,0,0,0,2,0,0,0,3,0,0,0,0,0,0,0,0,0,0,0
Erststimme,"02W522","02",Friedrichshain-Kreuzberg,"522",W,5W,5,83,O,1180,827,353,0,401,2,399,0,45,36,131,106,23,7,28,14,0,0,0,0,0,0,0,0,0,0,1,2,0,0,0,0,0,0,0,0,0,0,0,0,5,0,0,0,1,0,0,0,0,0,0,0,0,0,0,0
Erststimme,"02W523","02",Friedrichshain-Kreuzberg,"523",W,5X,5,83,O,1044,755,289,0,408,4,405,2,63,36,125,104,26,8,15,17,0,0,0,0,0,0,0,0,0,0,1,4,0,0,0,0,0,0,0,0,0,0,0,0,6,0,0,0,0,0,0,0,0,0,0,0,0,0,0,0
Erststimme,"02W524","02",Friedrichshain-Kreuzberg,"524",W,5Y,5,83,O,1029,698,331,0,360,4,359,1,59,42,109,76,31,9,15,8,0,0,0,0,0,0,0,0,0,0,0,5,0,0,0,0,0,0,0,0,0,0,0,0,5,0,0,0,0,0,0,0,0,0,0,0,0,0,0,0
Erststimme,"02W525","02",Friedrichshain-Kreuzberg,"525",W,5Z,5,83,O,990,689,301,0,405,4,402,3,44,54,152,86,18,9,21,11,0,0,0,0,0,0,0,0,0,0,0,4,0,0,0,0,0,0,0,0,0,0,0,0,3,0,0,0,0,0,0,0,0,0,0,0,0,0,0,0
Erststimme,"02W526","02",Friedrichshain-Kreuzberg,"526",W,5AA,5,83,O,1160,800,360,0,494,5,488,5,67,54,184,108,11,20,19,17,0,0,0,0,0,0,0,0,0,0,0,4,0,0,0,0,0,0,0,0,0,0,0,0,4,0,0,0,0,0,0,0,0,0,0,0,0,0,0,0
Erststimme,"02B5A","02",Friedrichshain-Kreuzberg,5A,B,5A,5,83,O,0,0,0,0,283,283,282,1,38,23,136,44,9,9,9,9,0,0,0,0,0,0,0,0,0,0,0,0,0,0,0,0,0,0,0,0,0,0,0,0,4,0,0,0,1,0,0,0,0,0,0,0,0,0,0,0
Erststimme,"02B5AA","02",Friedrichshain-Kreuzberg,5AA,B,5AA,5,83,O,0,0,0,0,323,323,320,3,43,40,137,68,4,18,6,1,0,0,0,0,0,0,0,0,0,0,1,1,0,0,0,0,0,0,0,0,0,0,0,0,1,0,0,0,0,0,0,0,0,0,0,0,0,0,0,0
Erststimme,"02B5B","02",Friedrichshain-Kreuzberg,5B,B,5B,5,83,O,0,0,0,0,386,386,385,0,67,44,145,66,18,12,11,12,0,0,0,0,0,0,0,0,0,0,0,7,0,0,0,0,0,0,0,0,0,0,0,0,3,0,0,0,0,0,0,0,0,0,0,0,0,0,0,0
Erststimme,"02B5C","02",Friedrichshain-Kreuzberg,5C,B,5C,5,83,O,0,0,0,0,320,320,317,3,39,36,127,70,11,8,11,7,0,0,0,0,0,0,0,0,0,0,0,2,0,0,0,0,0,0,0,0,0,0,0,0,6,0,0,0,0,0,0,0,0,0,0,0,0,0,0,0
Erststimme,"02B5D","02",Friedrichshain-Kreuzberg,5D,B,5D,5,83,O,0,0,0,0,318,318,316,2,60,40,107,57,8,14,15,6,0,0,0,0,0,0,0,0,0,0,3,2,0,0,0,0,0,0,0,0,0,0,0,0,2,0,0,0,2,0,0,0,0,0,0,0,0,0,0,0
Erststimme,"02B5E","02",Friedrichshain-Kreuzberg,5E,B,5E,5,83,O,0,0,0,0,411,411,409,1,71,54,162,79,6,18,8,6,0,0,0,0,0,0,0,0,0,0,2,0,0,0,0,0,0,0,0,0,0,0,0,0,2,0,0,0,1,0,0,0,0,0,0,0,0,0,0,0
Erststimme,"02B5F","02",Friedrichshain-Kreuzberg,5F,B,5F,5,83,O,0,0,0,0,309,309,309,0,58,40,107,74,9,3,8,7,0,0,0,0,0,0,0,0,0,0,1,2,0,0,0,0,0,0,0,0,0,0,0,0,0,0,0,0,0,0,0,0,0,0,0,0,0,0,0,0
Erststimme,"02B5G","02",Friedrichshain-Kreuzberg,5G,B,5G,5,83,O,0,0,0,0,416,416,414,2,55,46,155,82,11,24,11,17,0,0,0,0,0,0,0,0,0,0,0,5,0,0,0,0,0,0,0,0,0,0,0,0,6,0,0,0,2,0,0,0,0,0,0,0,0,0,0,0
Erststimme,"02B5H","02",Friedrichshain-Kreuzberg,5H,B,5H,5,83,O,0,0,0,0,339,339,339,0,69,41,96,81,11,9,11,12,0,0,0,0,0,0,0,0,0,0,1,3,0,0,0,0,0,0,0,0,0,0,0,0,4,0,0,0,1,0,0,0,0,0,0,0,0,0,0,0
Erststimme,"02B5J","02",Friedrichshain-Kreuzberg,5J,B,5J,5,83,O,0,0,0,0,281,281,280,1,49,24,101,46,9,8,20,13,0,0,0,0,0,0,0,0,0,0,0,2,0,0,0,0,0,0,0,0,0,0,0,0,6,0,0,0,2,0,0,0,0,0,0,0,0,0,0,0
Erststimme,"02B5K","02",Friedrichshain-Kreuzberg,5K,B,5K,5,83,O,0,0,0,0,259,259,255,3,49,28,96,44,10,10,6,6,0,0,0,0,0,0,0,0,0,0,0,1,0,0,0,0,0,0,0,0,0,0,0,0,5,0,0,0,0,0,0,0,0,0,0,0,0,0,0,0
Erststimme,"02B5L","02",Friedrichshain-Kreuzberg,5L,B,5L,5,83,O,0,0,0,0,530,530,526,3,74,70,206,99,12,28,16,8,0,0,0,0,0,0,0,0,0,0,0,3,0,0,0,0,0,0,0,0,0,0,0,0,7,0,0,0,3,0,0,0,0,0,0,0,0,0,0,0
Erststimme,"02B5M","02",Friedrichshain-Kreuzberg,5M,B,5M,5,83,O,0,0,0,0,390,390,387,3,66,36,156,78,5,13,14,9,0,0,0,0,0,0,0,0,0,0,0,3,0,0,0,0,0,0,0,0,0,0,0,0,6,0,0,0,1,0,0,0,0,0,0,0,0,0,0,0
Erststimme,"02B5N","02",Friedrichshain-Kreuzberg,5N,B,5N,5,83,O,0,0,0,0,279,279,277,2,29,26,117,64,7,13,8,8,0,0,0,0,0,0,0,0,0,0,0,1,0,0,0,0,0,0,0,0,0,0,0,0,4,0,0,0,0,0,0,0,0,0,0,0,0,0,0,0
Erststimme,"02B5P","02",Friedrichshain-Kreuzberg,5P,B,5P,5,83,O,0,0,0,0,341,341,339,2,37,29,143,73,2,14,18,12,0,0,0,0,0,0,0,0,0,0,2,5,0,0,0,0,0,0,0,0,0,0,0,0,3,0,0,0,1,0,0,0,0,0,0,0,0,0,0,0
Erststimme,"02B5Q","02",Friedrichshain-Kreuzberg,5Q,B,5Q,5,83,O,0,0,0,0,317,317,317,0,36,54,122,61,17,13,6,2,0,0,0,0,0,0,0,0,0,0,1,2,0,0,0,0,0,0,0,0,0,0,0,0,3,0,0,0,0,0,0,0,0,0,0,0,0,0,0,0
Erststimme,"02B5R","02",Friedrichshain-Kreuzberg,5R,B,5R,5,83,O,0,0,0,0,406,406,403,1,62,35,155,88,9,15,13,14,0,0,0,0,0,0,0,0,0,0,1,4,0,0,0,0,0,0,0,0,0,0,0,0,7,0,0,0,0,0,0,0,0,0,0,0,0,0,0,0
Erststimme,"02B5S","02",Friedrichshain-Kreuzberg,5S,B,5S,5,83,O,0,0,0,0,420,420,419,1,52,50,176,75,16,14,14,13,0,0,0,0,0,0,0,0,0,0,3,2,0,0,0,0,0,0,0,0,0,0,0,0,3,0,0,0,1,0,0,0,0,0,0,0,0,0,0,0
Erststimme,"02B5T","02",Friedrichshain-Kreuzberg,5T,B,5T,5,83,O,0,0,0,0,353,353,351,1,45,50,130,66,6,23,9,13,0,0,0,0,0,0,0,0,0,0,1,4,0,0,0,0,0,0,0,0,0,0,0,0,3,0,0,0,1,0,0,0,0,0,0,0,0,0,0,0
Erststimme,"02B5U","02",Friedrichshain-Kreuzberg,5U,B,5U,5,83,O,0,0,0,0,350,350,348,2,38,44,132,80,9,12,15,10,0,0,0,0,0,0,0,0,0,0,2,1,0,0,0,0,0,0,0,0,0,0,0,0,3,0,0,0,2,0,0,0,0,0,0,0,0,0,0,0
Erststimme,"02B5V","02",Friedrichshain-Kreuzberg,5V,B,5V,5,83,O,0,0,0,0,313,313,311,2,55,34,114,57,10,17,12,6,0,0,0,0,0,0,0,0,0,0,3,0,0,0,0,0,0,0,0,0,0,0,0,0,3,0,0,0,0,0,0,0,0,0,0,0,0,0,0,0
Erststimme,"02B5W","02",Friedrichshain-Kreuzberg,5W,B,5W,5,83,O,0,0,0,0,323,323,322,0,33,30,133,64,15,7,18,14,0,0,0,0,0,0,0,0,0,0,0,3,0,0,0,0,0,0,0,0,0,0,0,0,5,0,0,0,0,0,0,0,0,0,0,0,0,0,0,0
Erststimme,"02B5X","02",Friedrichshain-Kreuzberg,5X,B,5X,5,83,O,0,0,0,0,270,270,270,0,38,42,84,57,11,8,10,8,0,0,0,0,0,0,0,0,0,0,4,3,0,0,0,0,0,0,0,0,0,0,0,0,5,0,0,0,0,0,0,0,0,0,0,0,0,0,0,0
Erststimme,"02B5Y","02",Friedrichshain-Kreuzberg,5Y,B,5Y,5,83,O,0,0,0,0,298,298,298,0,39,41,102,76,9,10,9,8,0,0,0,0,0,0,0,0,0,0,0,1,0,0,0,0,0,0,0,0,0,0,0,0,1,0,0,0,2,0,0,0,0,0,0,0,0,0,0,0
Erststimme,"02B5Z","02",Friedrichshain-Kreuzberg,5Z,B,5Z,5,83,O,0,0,0,0,273,273,272,1,33,33,105,52,5,13,18,8,0,0,0,0,0,0,0,0,0,0,1,1,0,0,0,0,0,0,0,0,0,0,0,0,3,0,0,0,0,0,0,0,0,0,0,0,0,0,0,0
Erststimme,"02W601","02",Friedrichshain-Kreuzberg,"601",W,6A,6,83,O,1306,842,464,0,560,14,560,0,99,138,184,38,19,53,10,16,0,0,0,0,0,0,0,0,0,0,1,2,0,0,0,0,0,0,0,0,0,0,0,0,0,0,0,0,0,0,0,0,0,0,0,0,0,0,0,0
Erststimme,"02W602","02",Friedrichshain-Kreuzberg,"602",W,6B,6,83,O,884,566,318,0,411,0,408,3,83,101,117,50,18,20,9,7,0,0,0,0,0,0,0,0,0,0,0,2,0,0,0,0,0,0,0,0,0,0,0,0,0,0,0,0,0,0,0,0,1,0,0,0,0,0,0,0
Erststimme,"02W603","02",Friedrichshain-Kreuzberg,"603",W,6C,6,83,O,1097,711,386,0,437,13,436,1,68,76,179,45,13,16,14,10,0,0,0,0,0,0,0,0,0,0,5,10,0,0,0,0,0,0,0,0,0,0,0,0,0,0,0,0,0,0,0,0,0,0,0,0,0,0,0,0
Erststimme,"02W604","02",Friedrichshain-Kreuzberg,"604",W,6D,6,83,O,1003,729,274,0,318,14,314,2,47,71,64,63,39,3,13,10,0,0,0,0,0,0,0,0,0,0,0,3,0,0,0,0,0,0,0,0,0,0,0,0,0,0,0,0,0,0,0,0,1,0,0,0,0,0,0,0
Erststimme,"02W605","02",Friedrichshain-Kreuzberg,"605",W,6E,6,83,O,1217,850,367,0,435,11,433,2,55,52,142,99,31,16,22,14,0,0,0,0,0,0,0,0,0,0,0,2,0,0,0,0,0,0,0,0,0,0,0,0,0,0,0,0,0,0,0,0,0,0,0,0,0,0,0,0
Erststimme,"02W606","02",Friedrichshain-Kreuzberg,"606",W,6F,6,83,O,778,520,258,0,274,10,274,0,27,17,126,63,6,11,15,8,0,0,0,0,0,0,0,0,0,0,0,1,0,0,0,0,0,0,0,0,0,0,0,0,0,0,0,0,0,0,0,0,0,0,0,0,0,0,0,0
Erststimme,"02W607","02",Friedrichshain-Kreuzberg,"607",W,6G,6,83,O,849,539,310,0,408,8,408,0,63,62,185,40,5,21,21,9,0,0,0,0,0,0,0,0,0,0,1,1,0,0,0,0,0,0,0,0,0,0,0,0,0,0,0,0,0,0,0,0,0,0,0,0,0,0,0,0
Erststimme,"02W608","02",Friedrichshain-Kreuzberg,"608",W,6H,6,83,O,1178,755,423,0,430,10,423,6,54,26,167,98,20,13,21,18,0,0,0,0,0,0,0,0,0,0,0,5,0,0,0,0,0,0,0,0,0,0,0,0,0,0,0,0,0,0,0,0,1,0,0,0,0,0,0,0
Erststimme,"02W609","02",Friedrichshain-Kreuzberg,"609",W,6J,6,83,O,1097,693,404,0,410,10,410,0,58,48,157,88,16,11,13,11,0,0,0,0,0,0,0,0,0,0,2,5,0,0,0,0,0,0,0,0,0,0,0,0,0,0,0,0,0,0,0,0,1,0,0,0,0,0,0,0
Erststimme,"02W610","02",Friedrichshain-Kreuzberg,"610",W,6K,6,83,O,1247,852,395,0,567,7,564,3,77,84,170,144,20,14,29,17,0,0,0,0,0,0,0,0,0,0,3,4,0,0,0,0,0,0,0,0,0,0,0,0,0,0,0,0,0,0,0,0,2,0,0,0,0,0,0,0
Erststimme,"02W611","02",Friedrichshain-Kreuzberg,"611",W,6L,6,83,O,952,612,340,0,380,0,380,0,61,33,135,95,15,15,16,7,0,0,0,0,0,0,0,0,0,0,1,0,0,0,0,0,0,0,0,0,0,0,0,0,0,0,0,0,0,0,0,0,2,0,0,0,0,0,0,0
Erststimme,"02W612","02",Friedrichshain-Kreuzberg,"612",W,6M,6,83,O,1037,655,382,0,394,7,386,8,47,47,146,101,6,5,18,8,0,0,0,0,0,0,0,0,0,0,2,4,0,0,0,0,0,0,0,0,0,0,0,0,0,0,0,0,0,0,0,0,2,0,0,0,0,0,0,0
Erststimme,"02W613","02",Friedrichshain-Kreuzberg,"613",W,6N,6,83,O,1177,696,481,0,420,11,419,1,59,46,178,78,5,26,13,11,0,0,0,0,0,0,0,0,0,0,1,2,0,0,0,0,0,0,0,0,0,0,0,0,0,0,0,0,0,0,0,0,0,0,0,0,0,0,0,0
Erststimme,"02W614","02",Friedrichshain-Kreuzberg,"614",W,6P,6,83,O,1193,831,362,0,509,2,505,4,73,63,151,133,20,18,23,19,0,0,0,0,0,0,0,0,0,0,0,5,0,0,0,0,0,0,0,0,0,0,0,0,0,0,0,0,0,0,0,0,0,0,0,0,0,0,0,0
Erststimme,"02W615","02",Friedrichshain-Kreuzberg,"615",W,6Q,6,83,O,733,515,218,0,261,2,260,1,19,40,83,59,21,7,21,9,0,0,0,0,0,0,0,0,0,0,0,1,0,0,0,0,0,0,0,0,0,0,0,0,0,0,0,0,0,0,0,0,0,0,0,0,0,0,0,0
Erststimme,"02W616","02",Friedrichshain-Kreuzberg,"616",W,6R,6,83,O,1177,843,334,0,495,3,494,1,49,55,181,124,26,15,18,22,0,0,0,0,0,0,0,0,0,0,0,3,0,0,0,0,0,0,0,0,0,0,0,0,0,0,0,0,0,0,0,0,1,0,0,0,0,0,0,0
Erststimme,"02W617","02",Friedrichshain-Kreuzberg,"617",W,6S,6,83,O,1130,739,391,0,426,6,424,2,55,31,173,101,21,9,14,15,0,0,0,0,0,0,0,0,0,0,0,4,0,0,0,0,0,0,0,0,0,0,0,0,0,0,0,0,0,0,0,0,1,0,0,0,0,0,0,0
Erststimme,"02W618","02",Friedrichshain-Kreuzberg,"618",W,6T,6,83,O,968,669,299,0,378,8,377,1,57,36,138,101,10,10,14,8,0,0,0,0,0,0,0,0,0,0,0,2,0,0,0,0,0,0,0,0,0,0,0,0,0,0,0,0,0,0,0,0,1,0,0,0,0,0,0,0
Erststimme,"02W619","02",Friedrichshain-Kreuzberg,"619",W,6U,6,83,O,818,528,290,0,312,14,309,2,28,32,127,71,12,9,17,6,0,0,0,0,0,0,0,0,0,0,1,3,0,0,0,0,0,0,0,0,0,0,0,0,0,0,0,0,0,0,0,0,3,0,0,0,0,0,0,0
Erststimme,"02W620","02",Friedrichshain-Kreuzberg,"620",W,6V,6,83,O,1027,650,377,0,355,9,352,3,38,36,133,91,10,12,21,6,0,0,0,0,0,0,0,0,0,0,1,3,0,0,0,0,0,0,0,0,0,0,0,0,0,0,0,0,0,0,0,0,1,0,0,0,0,0,0,0
Erststimme,"02W621","02",Friedrichshain-Kreuzberg,"621",W,6W,6,83,O,785,531,254,0,282,4,281,1,24,28,93,91,10,10,11,10,0,0,0,0,0,0,0,0,0,0,0,3,0,0,0,0,0,0,0,0,0,0,0,0,0,0,0,0,0,0,0,0,1,0,0,0,0,0,0,0
Erststimme,"02W622","02",Friedrichshain-Kreuzberg,"622",W,6X,6,83,O,993,657,336,0,332,9,329,3,47,35,121,70,11,8,20,13,0,0,0,0,0,0,0,0,0,0,1,1,0,0,0,0,0,0,0,0,0,0,0,0,0,0,0,0,0,0,0,0,2,0,0,0,0,0,0,0
Erststimme,"02W623","02",Friedrichshain-Kreuzberg,"623",W,6Y,6,83,O,885,543,342,0,315,6,313,1,46,19,125,73,9,9,17,9,0,0,0,0,0,0,0,0,0,0,5,0,0,0,0,0,0,0,0,0,0,0,0,0,0,0,0,0,0,0,0,0,1,0,0,0,0,0,0,0
Erststimme,"02W624","02",Friedrichshain-Kreuzberg,"624",W,6Z,6,83,O,887,563,324,0,315,6,315,0,31,26,139,78,8,6,15,10,0,0,0,0,0,0,0,0,0,0,0,1,0,0,0,0,0,0,0,0,0,0,0,0,0,0,0,0,0,0,0,0,1,0,0,0,0,0,0,0
Erststimme,"02W625","02",Friedrichshain-Kreuzberg,"625",W,6AA,6,83,O,686,437,249,0,272,14,272,0,34,16,117,66,13,2,16,6,0,0,0,0,0,0,0,0,0,0,0,1,0,0,0,0,0,0,0,0,0,0,0,0,0,0,0,0,0,0,0,0,1,0,0,0,0,0,0,0
Erststimme,"02W626","02",Friedrichshain-Kreuzberg,"626",W,6AA,6,83,O,967,618,349,0,367,14,365,2,34,41,146,80,20,16,21,3,0,0,0,0,0,0,0,0,0,0,0,3,0,0,0,0,0,0,0,0,0,0,0,0,0,0,0,0,0,0,0,0,1,0,0,0,0,0,0,0
Erststimme,"02W627","02",Friedrichshain-Kreuzberg,"627",W,6G,6,83,O,757,534,223,0,320,3,319,1,56,38,112,70,18,4,8,11,0,0,0,0,0,0,0,0,0,0,0,2,0,0,0,0,0,0,0,0,0,0,0,0,0,0,0,0,0,0,0,0,0,0,0,0,0,0,0,0
Erststimme,"02W628","02",Friedrichshain-Kreuzberg,"628",W,6AB,6,83,O,901,572,329,0,350,10,348,2,52,51,155,44,15,17,7,5,0,0,0,0,0,0,0,0,0,0,0,1,0,0,0,0,0,0,0,0,0,0,0,0,0,0,0,0,0,0,0,0,1,0,0,0,0,0,0,0
Erststimme,"02B6A","02",Friedrichshain-Kreuzberg,6A,B,6A,6,83,O,0,0,0,0,457,457,456,1,64,129,158,41,20,26,12,4,0,0,0,0,0,0,0,0,0,0,1,1,0,0,0,0,0,0,0,0,0,0,0,0,0,0,0,0,0,0,0,0,0,0,0,0,0,0,0,0
Erststimme,"02B6AA","02",Friedrichshain-Kreuzberg,6AA,B,6AA,6,83,O,0,0,0,0,488,488,486,2,63,51,212,92,10,25,21,10,0,0,0,0,0,0,0,0,0,0,0,2,0,0,0,0,0,0,0,0,0,0,0,0,0,0,0,0,0,0,0,0,0,0,0,0,0,0,0,0
Erststimme,"02B6AB","02",Friedrichshain-Kreuzberg,6AB,B,6AB,6,83,O,0,0,0,0,278,278,278,0,37,53,111,34,7,19,7,9,0,0,0,0,0,0,0,0,0,0,0,0,0,0,0,0,0,0,0,0,0,0,0,0,0,0,0,0,0,0,0,0,1,0,0,0,0,0,0,0
Erststimme,"02B6B","02",Friedrichshain-Kreuzberg,6B,B,6B,6,83,O,0,0,0,0,289,289,288,1,63,69,83,26,17,17,9,2,0,0,0,0,0,0,0,0,0,0,0,0,0,0,0,0,0,0,0,0,0,0,0,0,0,0,0,0,0,0,0,0,2,0,0,0,0,0,0,0
Erststimme,"02B6C","02",Friedrichshain-Kreuzberg,6C,B,6C,6,83,O,0,0,0,0,347,347,345,1,39,68,156,43,8,15,9,5,0,0,0,0,0,0,0,0,0,0,1,0,0,0,0,0,0,0,0,0,0,0,0,0,0,0,0,0,0,0,0,0,1,0,0,0,0,0,0,0
Erststimme,"02B6D","02",Friedrichshain-Kreuzberg,6D,B,6D,6,83,O,0,0,0,0,236,236,236,0,39,35,61,57,9,15,8,10,0,0,0,0,0,0,0,0,0,0,1,0,0,0,0,0,0,0,0,0,0,0,0,0,0,0,0,0,0,0,0,0,1,0,0,0,0,0,0,0
Erststimme,"02B6E","02",Friedrichshain-Kreuzberg,6E,B,6E,6,83,O,0,0,0,0,319,319,319,0,32,37,141,61,4,11,12,15,0,0,0,0,0,0,0,0,0,0,2,2,0,0,0,0,0,0,0,0,0,0,0,0,0,0,0,0,0,0,0,0,2,0,0,0,0,0,0,0
Erststimme,"02B6F","02",Friedrichshain-Kreuzberg,6F,B,6F,6,83,O,0,0,0,0,234,234,234,0,30,24,114,41,9,2,11,2,0,0,0,0,0,0,0,0,0,0,1,0,0,0,0,0,0,0,0,0,0,0,0,0,0,0,0,0,0,0,0,0,0,0,0,0,0,0,0,0
Erststimme,"02B6G","02",Friedrichshain-Kreuzberg,6G,B,6G,6,83,O,0,0,0,0,477,477,476,1,65,78,200,74,6,25,18,5,0,0,0,0,0,0,0,0,0,0,1,2,0,0,0,0,0,0,0,0,0,0,0,0,0,0,0,0,0,0,0,0,2,0,0,0,0,0,0,0
Erststimme,"02B6H","02",Friedrichshain-Kreuzberg,6H,B,6H,6,83,O,0,0,0,0,377,377,375,2,33,26,194,79,5,11,19,8,0,0,0,0,0,0,0,0,0,0,0,0,0,0,0,0,0,0,0,0,0,0,0,0,0,0,0,0,0,0,0,0,0,0,0,0,0,0,0,0
Erststimme,"02B6J","02",Friedrichshain-Kreuzberg,6J,B,6J,6,83,O,0,0,0,0,355,355,352,2,37,47,154,69,9,10,11,11,0,0,0,0,0,0,0,0,0,0,1,1,0,0,0,0,0,0,0,0,0,0,0,0,0,0,0,0,0,0,0,0,2,0,0,0,0,0,0,0
Erststimme,"02B6K","02",Friedrichshain-Kreuzberg,6K,B,6K,6,83,O,0,0,0,0,353,353,351,2,46,59,106,90,12,7,16,8,0,0,0,0,0,0,0,0,0,0,1,4,0,0,0,0,0,0,0,0,0,0,0,0,0,0,0,0,0,0,0,0,2,0,0,0,0,0,0,0
Erststimme,"02B6L","02",Friedrichshain-Kreuzberg,6L,B,6L,6,83,O,0,0,0,0,298,298,298,0,44,31,123,61,4,19,7,6,0,0,0,0,0,0,0,0,0,0,0,3,0,0,0,0,0,0,0,0,0,0,0,0,0,0,0,0,0,0,0,0,0,0,0,0,0,0,0,0
Erststimme,"02B6M","02",Friedrichshain-Kreuzberg,6M,B,6M,6,83,O,0,0,0,0,345,345,344,1,39,21,169,62,8,12,17,13,0,0,0,0,0,0,0,0,0,0,1,2,0,0,0,0,0,0,0,0,0,0,0,0,0,0,0,0,0,0,0,0,0,0,0,0,0,0,0,0
Erststimme,"02B6N","02",Friedrichshain-Kreuzberg,6N,B,6N,6,83,O,0,0,0,0,444,444,444,0,77,42,223,48,4,25,11,10,0,0,0,0,0,0,0,0,0,0,1,2,0,0,0,0,0,0,0,0,0,0,0,0,0,0,0,0,0,0,0,0,1,0,0,0,0,0,0,0
Erststimme,"02B6P","02",Friedrichshain-Kreuzberg,6P,B,6P,6,83,O,0,0,0,0,337,337,333,4,49,46,131,57,8,9,18,12,0,0,0,0,0,0,0,0,0,0,1,0,0,0,0,0,0,0,0,0,0,0,0,0,0,0,0,0,0,0,0,0,2,0,0,0,0,0,0,0
Erststimme,"02B6Q","02",Friedrichshain-Kreuzberg,6Q,B,6Q,6,83,O,0,0,0,0,201,201,199,1,30,17,84,28,16,7,10,1,0,0,0,0,0,0,0,0,0,0,2,3,0,0,0,0,0,0,0,0,0,0,0,0,0,0,0,0,0,0,0,0,1,0,0,0,0,0,0,0
Erststimme,"02B6R","02",Friedrichshain-Kreuzberg,6R,B,6R,6,83,O,0,0,0,0,307,307,306,0,40,30,145,55,4,8,16,4,0,0,0,0,0,0,0,0,0,0,1,1,0,0,0,0,0,0,0,0,0,0,0,0,0,0,0,0,0,0,0,0,2,0,0,0,0,0,0,0
Erststimme,"02B6S","02",Friedrichshain-Kreuzberg,6S,B,6S,6,83,O,0,0,0,0,347,347,347,0,49,34,153,64,6,9,19,10,0,0,0,0,0,0,0,0,0,0,2,1,0,0,0,0,0,0,0,0,0,0,0,0,0,0,0,0,0,0,0,0,0,0,0,0,0,0,0,0
Erststimme,"02B6T","02",Friedrichshain-Kreuzberg,6T,B,6T,6,83,O,0,0,0,0,267,267,267,0,33,15,114,59,7,11,19,5,0,0,0,0,0,0,0,0,0,0,1,1,0,0,0,0,0,0,0,0,0,0,0,0,0,0,0,0,0,0,0,0,2,0,0,0,0,0,0,0
Erststimme,"02B6U","02",Friedrichshain-Kreuzberg,6U,B,6U,6,83,O,0,0,0,0,248,248,243,2,26,21,112,52,2,6,12,9,0,0,0,0,0,0,0,0,0,0,1,2,0,0,0,0,0,0,0,0,0,0,0,0,0,0,0,0,0,0,0,0,0,0,0,0,0,0,0,0
Erststimme,"02B6V","02",Friedrichshain-Kreuzberg,6V,B,6V,6,83,O,0,0,0,0,334,334,331,3,38,19,144,82,5,10,21,11,0,0,0,0,0,0,0,0,0,0,0,0,0,0,0,0,0,0,0,0,0,0,0,0,0,0,0,0,0,0,0,0,1,0,0,0,0,0,0,0
Erststimme,"02B6W","02",Friedrichshain-Kreuzberg,6W,B,6W,6,83,O,0,0,0,0,223,223,223,0,18,25,102,47,2,6,16,4,0,0,0,0,0,0,0,0,0,0,0,2,0,0,0,0,0,0,0,0,0,0,0,0,0,0,0,0,0,0,0,0,1,0,0,0,0,0,0,0
Erststimme,"02B6X","02",Friedrichshain-Kreuzberg,6X,B,6X,6,83,O,0,0,0,0,294,294,292,2,29,32,139,48,12,12,8,8,0,0,0,0,0,0,0,0,0,0,0,1,0,0,0,0,0,0,0,0,0,0,0,0,0,0,0,0,0,0,0,0,3,0,0,0,0,0,0,0
Erststimme,"02B6Y","02",Friedrichshain-Kreuzberg,6Y,B,6Y,6,83,O,0,0,0,0,309,309,307,2,35,27,144,58,9,9,15,6,0,0,0,0,0,0,0,0,0,0,3,0,0,0,0,0,0,0,0,0,0,0,0,0,0,0,0,0,0,0,0,0,1,0,0,0,0,0,0,0
Erststimme,"02B6Z","02",Friedrichshain-Kreuzberg,6Z,B,6Z,6,83,O,0,0,0,0,251,251,251,0,23,24,108,64,7,6,13,5,0,0,0,0,0,0,0,0,0,0,0,0,0,0,0,0,0,0,0,0,0,0,0,0,0,0,0,0,0,0,0,0,1,0,0,0,0,0,0,0
Erststimme,"03W100","03",Pankow,"100",W,1A,1,76,O,1365,934,431,0,496,6,490,5,67,138,111,60,62,9,10,20,0,0,0,0,0,0,0,0,0,0,0,7,0,0,0,0,0,0,0,0,0,1,0,0,5,0,0,0,0,0,0,0,0,0,0,0,0,0,0,0
Erststimme,"03W101","03",Pankow,"101",W,1A,1,76,O,878,574,304,0,285,4,284,1,40,93,33,34,40,11,5,16,0,0,0,0,0,0,0,0,0,0,0,5,0,0,0,0,0,0,0,0,0,3,0,0,4,0,0,0,0,0,0,0,0,0,0,0,0,0,0,0
Erststimme,"03W102","03",Pankow,"102",W,1B,1,76,O,1661,1054,607,0,528,6,519,9,76,179,69,79,79,5,8,11,0,0,0,0,0,0,0,0,0,0,0,7,0,0,0,0,0,0,0,0,0,3,0,0,3,0,0,0,0,0,0,0,0,0,0,0,0,0,0,0
Erststimme,"03W103","03",Pankow,"103",W,1C,1,76,O,1520,1221,299,0,395,3,390,5,56,122,21,49,101,12,5,13,0,0,0,0,0,0,0,0,0,0,0,3,0,0,0,0,0,0,0,0,0,5,0,0,3,0,0,0,0,0,0,0,0,0,0,0,0,0,0,0
Erststimme,"03W104","03",Pankow,"104",W,1D,1,76,O,1434,1045,389,0,366,1,363,3,56,131,8,42,89,7,4,15,0,0,0,0,0,0,0,0,0,0,0,4,0,0,0,0,0,0,0,0,0,2,0,0,5,0,0,0,0,0,0,0,0,0,0,0,0,0,0,0
Erststimme,"03W105","03",Pankow,"105",W,1D,1,76,O,1038,769,269,0,419,3,413,6,71,148,22,69,79,1,3,9,0,0,0,0,0,0,0,0,0,0,0,4,0,0,0,0,0,0,0,0,0,4,0,0,3,0,0,0,0,0,0,0,0,0,0,0,0,0,0,0
Erststimme,"03W106","03",Pankow,"106",W,1E,1,76,O,1304,1121,183,0,359,0,359,0,58,90,17,41,118,5,4,21,0,0,0,0,0,0,0,0,0,0,0,1,0,0,0,0,0,0,0,0,0,0,0,0,4,0,0,0,0,0,0,0,0,0,0,0,0,0,0,0
Erststimme,"03W107","03",Pankow,"107",W,1E,1,76,O,881,721,160,0,297,0,291,6,46,79,11,35,88,9,2,12,0,0,0,0,0,0,0,0,0,0,0,4,0,0,0,0,0,0,0,0,0,1,0,0,4,0,0,0,0,0,0,0,0,0,0,0,0,0,0,0
Erststimme,"03W108","03",Pankow,"108",W,1C,1,76,O,1321,1069,252,0,478,3,469,8,89,133,17,66,118,16,10,12,0,0,0,0,0,0,0,0,0,0,0,1,0,0,0,0,0,0,0,0,0,2,0,0,5,0,0,0,0,0,0,0,0,0,0,0,0,0,0,0
Erststimme,"03W109","03",Pankow,"109",W,1G,1,76,O,1471,1015,456,0,568,3,565,3,59,239,30,52,148,7,5,20,0,0,0,0,0,0,0,0,0,0,0,0,0,0,0,0,0,0,0,0,0,2,0,0,3,0,0,0,0,0,0,0,0,0,0,0,0,0,0,0
Erststimme,"03W110","03",Pankow,"110",W,1G,1,76,O,1400,1071,329,0,495,5,491,4,73,169,39,43,115,16,10,14,0,0,0,0,0,0,0,0,0,0,0,1,0,0,0,0,0,0,0,0,0,3,0,0,8,0,0,0,0,0,0,0,0,0,0,0,0,0,0,0
Erststimme,"03W111","03",Pankow,"111",W,1I,1,76,O,1360,905,455,0,515,9,513,2,65,244,35,40,88,14,6,16,0,0,0,0,0,0,0,0,0,0,0,3,0,0,0,0,0,0,0,0,0,0,0,0,2,0,0,0,0,0,0,0,0,0,0,0,0,0,0,0
Erststimme,"03W112","03",Pankow,"112",W,1I,1,76,O,1175,832,343,0,415,0,413,2,58,177,35,36,78,14,1,8,0,0,0,0,0,0,0,0,0,0,0,2,0,0,0,0,0,0,0,0,0,3,0,0,1,0,0,0,0,0,0,0,0,0,0,0,0,0,0,0
Erststimme,"03W113","03",Pankow,"113",W,1K,1,76,O,1488,906,582,0,541,5,536,5,58,272,38,50,83,8,8,14,0,0,0,0,0,0,0,0,0,0,0,3,0,0,0,0,0,0,0,0,0,1,0,0,1,0,0,0,0,0,0,0,0,0,0,0,0,0,0,0
Erststimme,"03W114","03",Pankow,"114",W,1K,1,76,O,999,596,403,0,411,5,408,3,43,195,32,42,70,10,9,6,0,0,0,0,0,0,0,0,0,0,0,1,0,0,0,0,0,0,0,0,0,0,0,0,0,0,0,0,0,0,0,0,0,0,0,0,0,0,0,0
Erststimme,"03W115","03",Pankow,"115",W,1H,1,76,O,988,631,357,0,406,3,402,4,49,193,54,36,52,5,4,6,0,0,0,0,0,0,0,0,0,0,0,2,0,0,0,0,0,0,0,0,0,1,0,0,0,0,0,0,0,0,0,0,0,0,0,0,0,0,0,0
Erststimme,"03W116","03",Pankow,"116",W,1F,1,76,O,1547,1010,537,0,507,5,501,6,62,187,34,44,112,17,4,23,0,0,0,0,0,0,0,0,0,0,0,8,0,0,0,0,0,0,0,0,0,2,0,0,8,0,0,0,0,0,0,0,0,0,0,0,0,0,0,0
Erststimme,"03W117","03",Pankow,"117",W,1F,1,76,O,1383,1049,334,0,445,1,437,8,64,141,29,41,113,7,8,16,0,0,0,0,0,0,0,0,0,0,0,7,0,0,0,0,0,0,0,0,0,4,0,0,7,0,0,0,0,0,0,0,0,0,0,0,0,0,0,0
Erststimme,"03W118","03",Pankow,"118",W,1H,1,76,O,1369,741,628,0,441,4,436,5,52,182,59,36,70,15,0,15,0,0,0,0,0,0,0,0,0,0,0,4,0,0,0,0,0,0,0,0,0,2,0,0,1,0,0,0,0,0,0,0,0,0,0,0,0,0,0,0
Erststimme,"03W119","03",Pankow,"119",W,1L,1,76,O,1404,967,437,0,518,5,515,3,59,197,41,45,113,23,11,13,0,0,0,0,0,0,0,0,0,0,0,10,0,0,0,0,0,0,0,0,0,3,0,0,0,0,0,0,0,0,0,0,0,0,0,0,0,0,0,0
Erststimme,"03W120","03",Pankow,"120",W,1N,1,76,O,1159,803,356,0,515,11,512,3,60,217,59,45,83,14,11,15,0,0,0,0,0,0,0,0,0,0,0,5,0,0,0,0,0,0,0,0,0,1,0,0,2,0,0,0,0,0,0,0,0,0,0,0,0,0,0,0
Erststimme,"03W121","03",Pankow,"121",W,1N,1,76,O,1254,836,418,0,508,8,499,9,75,176,66,48,84,17,9,13,0,0,0,0,0,0,0,0,0,0,0,5,0,0,0,0,0,0,0,0,0,1,0,0,5,0,0,0,0,0,0,0,0,0,0,0,0,0,0,0
Erststimme,"03W122","03",Pankow,"122",W,1M,1,76,O,1261,735,526,0,494,0,491,3,63,210,52,53,65,19,8,16,0,0,0,0,0,0,0,0,0,0,0,0,0,0,0,0,0,0,0,0,0,1,0,0,4,0,0,0,0,0,0,0,0,0,0,0,0,0,0,0
Erststimme,"03W123","03",Pankow,"123",W,1L,1,76,O,1285,912,373,0,559,7,555,4,84,228,57,51,85,23,2,15,0,0,0,0,0,0,0,0,0,0,0,5,0,0,0,0,0,0,0,0,0,3,0,0,2,0,0,0,0,0,0,0,0,0,0,0,0,0,0,0
Erststimme,"03W124","03",Pankow,"124",W,1H,1,76,O,1109,711,398,0,495,3,491,4,64,244,46,38,60,15,5,6,0,0,0,0,0,0,0,0,0,0,0,8,0,0,0,0,0,0,0,0,0,2,0,0,3,0,0,0,0,0,0,0,0,0,0,0,0,0,0,0
Erststimme,"03W125","03",Pankow,"125",W,1M,1,76,O,1277,831,446,0,545,6,541,4,63,235,38,46,120,6,5,15,0,0,0,0,0,0,0,0,0,0,0,8,0,0,0,0,0,0,0,0,0,3,0,0,2,0,0,0,0,0,0,0,0,0,0,0,0,0,0,0
Erststimme,"03W126","03",Pankow,"126",W,1N,1,76,O,1096,735,361,0,433,2,429,4,55,191,33,34,77,18,4,8,0,0,0,0,0,0,0,0,0,0,0,5,0,0,0,0,0,0,0,0,0,2,0,0,2,0,0,0,0,0,0,0,0,0,0,0,0,0,0,0
Erststimme,"03B1A","03",Pankow,1A,B,1A,1,76,O,0,0,0,0,641,641,639,2,106,219,117,75,49,13,7,29,0,0,0,0,0,0,0,0,0,0,0,10,0,0,0,0,0,0,0,0,0,5,0,0,9,0,0,0,0,0,0,0,0,0,0,0,0,0,0,0
Erststimme,"03B1B","03",Pankow,1B,B,1B,1,76,O,0,0,0,0,539,539,534,3,82,221,73,66,43,8,7,17,0,0,0,0,0,0,0,0,0,0,0,6,0,0,0,0,0,0,0,0,0,7,0,0,4,0,0,0,0,0,0,0,0,0,0,0,0,0,0,0
Erststimme,"03B1C","03",Pankow,1C,B,1C,1,76,O,0,0,0,0,470,470,466,4,85,153,31,67,88,7,7,17,0,0,0,0,0,0,0,0,0,0,0,2,0,0,0,0,0,0,0,0,0,2,0,0,7,0,0,0,0,0,0,0,0,0,0,0,0,0,0,0
Erststimme,"03B1D","03",Pankow,1D,B,1D,1,76,O,0,0,0,0,577,577,576,1,109,227,29,80,85,10,4,12,0,0,0,0,0,0,0,0,0,0,0,2,0,0,0,0,0,0,0,0,0,5,0,0,13,0,0,0,0,0,0,0,0,0,0,0,0,0,0,0
Erststimme,"03B1E","03",Pankow,1E,B,1E,1,76,O,0,0,0,0,344,344,340,4,67,114,19,37,61,11,6,13,0,0,0,0,0,0,0,0,0,0,0,7,0,0,0,0,0,0,0,0,0,2,0,0,3,0,0,0,0,0,0,0,0,0,0,0,0,0,0,0
Erststimme,"03B1F","03",Pankow,1F,B,1F,1,76,O,0,0,0,0,770,770,765,3,115,287,57,71,140,19,13,39,0,0,0,0,0,0,0,0,0,0,0,6,0,0,0,0,0,0,0,0,0,3,0,0,15,0,0,0,0,0,0,0,0,0,0,0,0,0,0,0
Erststimme,"03B1G","03",Pankow,1G,B,1G,1,76,O,0,0,0,0,698,698,696,2,116,296,32,80,108,8,12,24,0,0,0,0,0,0,0,0,0,0,0,5,0,0,0,0,0,0,0,0,0,4,0,0,11,0,0,0,0,0,0,0,0,0,0,0,0,0,0,0
Erststimme,"03B1H","03",Pankow,1H,B,1H,1,76,O,0,0,0,0,1266,1266,1260,6,164,654,142,116,95,27,24,20,0,0,0,0,0,0,0,0,0,0,0,10,0,0,0,0,0,0,0,0,0,6,0,0,2,0,0,0,0,0,0,0,0,0,0,0,0,0,0,0
Erststimme,"03B1I","03",Pankow,1I,B,1I,1,76,O,0,0,0,0,731,731,728,2,103,358,67,61,75,16,10,18,0,0,0,0,0,0,0,0,0,0,0,4,0,0,0,0,0,0,0,0,0,4,0,0,12,0,0,0,0,0,0,0,0,0,0,0,0,0,0,0
Erststimme,"03B1K","03",Pankow,1K,B,1K,1,76,O,0,0,0,0,923,923,921,0,111,552,64,66,73,13,6,22,0,0,0,0,0,0,0,0,0,0,0,4,0,0,0,0,0,0,0,0,0,3,0,0,7,0,0,0,0,0,0,0,0,0,0,0,0,0,0,0
Erststimme,"03B1L","03",Pankow,1L,B,1L,1,76,O,0,0,0,0,713,713,710,3,108,327,64,69,75,26,10,17,0,0,0,0,0,0,0,0,0,0,0,6,0,0,0,0,0,0,0,0,0,6,0,0,2,0,0,0,0,0,0,0,0,0,0,0,0,0,0,0
Erststimme,"03B1M","03",Pankow,1M,B,1M,1,76,O,0,0,0,0,872,872,868,4,126,418,77,83,79,34,8,22,0,0,0,0,0,0,0,0,0,0,0,5,0,0,0,0,0,0,0,0,0,3,0,0,13,0,0,0,0,0,0,0,0,0,0,0,0,0,0,0
Erststimme,"03B1N","03",Pankow,1N,B,1N,1,76,O,0,0,0,0,1016,1016,1014,2,160,449,140,79,88,38,14,22,0,0,0,0,0,0,0,0,0,0,0,9,0,0,0,0,0,0,0,0,0,8,0,0,7,0,0,0,0,0,0,0,0,0,0,0,0,0,0,0
Erststimme,"03W200","03",Pankow,"200",W,2D,2,76,O,1400,841,559,0,529,4,528,1,76,211,81,37,70,20,5,12,0,0,0,0,0,0,0,0,0,0,0,13,0,0,0,0,0,0,0,0,0,3,0,0,0,0,0,0,0,0,0,0,0,0,0,0,0,0,0,0
Erststimme,"03W201","03",Pankow,"201",W,2A,2,76,O,633,530,103,0,380,2,374,6,49,130,6,30,118,14,2,16,0,0,0,0,0,0,0,0,0,0,0,2,0,0,0,0,0,0,0,0,0,7,0,0,0,0,0,0,0,0,0,0,0,0,0,0,0,0,0,0
Erststimme,"03W202","03",Pankow,"202",W,2A,2,76,O,855,637,218,0,408,7,402,6,52,153,62,25,84,11,5,7,0,0,0,0,0,0,0,0,0,0,0,2,0,0,0,0,0,0,0,0,0,1,0,0,0,0,0,0,0,0,0,0,0,0,0,0,0,0,0,0
Erststimme,"03W203","03",Pankow,"203",W,2B,2,76,O,1366,938,428,0,491,7,483,8,84,172,23,58,95,13,6,25,0,0,0,0,0,0,0,0,0,0,0,4,0,0,0,0,0,0,0,0,0,3,0,0,0,0,0,0,0,0,0,0,0,0,0,0,0,0,0,0
Erststimme,"03W204","03",Pankow,"204",W,2C,2,76,O,1163,771,392,0,397,7,387,10,65,159,32,36,68,13,3,8,0,0,0,0,0,0,0,0,0,0,0,2,0,0,0,0,0,0,0,0,0,1,0,0,0,0,0,0,0,0,0,0,0,0,0,0,0,0,0,0
Erststimme,"03W205","03",Pankow,"205",W,2C,2,76,O,1420,899,521,0,441,6,435,4,67,154,39,46,88,13,15,8,0,0,0,0,0,0,0,0,0,0,0,2,0,0,0,0,0,0,0,0,0,3,0,0,0,0,0,0,0,0,0,0,0,0,0,0,0,0,0,0
Erststimme,"03W206","03",Pankow,"206",W,2D,2,76,O,1423,880,543,0,519,10,515,4,94,183,48,40,110,17,8,9,0,0,0,0,0,0,0,0,0,0,0,4,0,0,0,0,0,0,0,0,0,2,0,0,0,0,0,0,0,0,0,0,0,0,0,0,0,0,0,0
Erststimme,"03W207","03",Pankow,"207",W,2F,2,76,O,1199,861,338,0,461,3,457,4,100,124,48,57,78,20,6,16,0,0,0,0,0,0,0,0,0,0,0,6,0,0,0,0,0,0,0,0,0,2,0,0,0,0,0,0,0,0,0,0,0,0,0,0,0,0,0,0
Erststimme,"03W208","03",Pankow,"208",W,2L,2,76,O,1462,988,474,0,536,0,531,3,113,157,60,67,88,15,5,15,0,0,0,0,0,0,0,0,0,0,0,5,0,0,0,0,0,0,0,0,0,6,0,0,0,0,0,0,0,0,0,0,0,0,0,0,0,0,0,0
Erststimme,"03W209","03",Pankow,"209",W,2K,2,76,O,1503,1016,487,0,552,10,548,3,100,129,90,63,92,21,14,26,0,0,0,0,0,0,0,0,0,0,0,8,0,0,0,0,0,0,0,0,0,5,0,0,0,0,0,0,0,0,0,0,0,0,0,0,0,0,0,0
Erststimme,"03W210","03",Pankow,"210",W,2M,2,76,O,1208,762,446,0,469,7,469,0,111,149,65,45,59,14,8,8,0,0,0,0,0,0,0,0,0,0,0,8,0,0,0,0,0,0,0,0,0,2,0,0,0,0,0,0,0,0,0,0,0,0,0,0,0,0,0,0
Erststimme,"03W211","03",Pankow,"211",W,2F,2,76,O,1405,827,578,0,527,3,519,8,108,185,71,47,59,24,5,13,0,0,0,0,0,0,0,0,0,0,0,4,0,0,0,0,0,0,0,0,0,3,0,0,0,0,0,0,0,0,0,0,0,0,0,0,0,0,0,0
Erststimme,"03W212","03",Pankow,"212",W,2G,2,76,O,1431,904,527,0,509,10,501,8,78,126,132,62,47,14,15,17,0,0,0,0,0,0,0,0,0,0,0,4,0,0,0,0,0,0,0,0,0,6,0,0,0,0,0,0,0,0,0,0,0,0,0,0,0,0,0,0
Erststimme,"03W213","03",Pankow,"213",W,2H,2,76,O,1466,928,538,0,592,8,585,7,90,131,157,88,62,20,10,7,0,0,0,0,0,0,0,0,0,0,0,11,0,0,0,0,0,0,0,0,0,9,0,0,0,0,0,0,0,0,0,0,0,0,0,0,0,0,0,0
Erststimme,"03W214","03",Pankow,"214",W,2H,2,76,O,1387,787,600,0,486,13,482,4,75,99,110,83,55,20,10,14,0,0,0,0,0,0,0,0,0,0,0,12,0,0,0,0,0,0,0,0,0,4,0,0,0,0,0,0,0,0,0,0,0,0,0,0,0,0,0,0
Erststimme,"03W215","03",Pankow,"215",W,2E,2,76,O,1334,860,474,0,449,4,446,3,88,147,40,35,97,10,8,12,0,0,0,0,0,0,0,0,0,0,0,7,0,0,0,0,0,0,0,0,0,2,0,0,0,0,0,0,0,0,0,0,0,0,0,0,0,0,0,0
Erststimme,"03W216","03",Pankow,"216",W,2I,2,76,O,1529,985,544,0,541,3,534,7,114,139,71,66,97,19,7,11,0,0,0,0,0,0,0,0,0,0,0,7,0,0,0,0,0,0,0,0,0,3,0,0,0,0,0,0,0,0,0,0,0,0,0,0,0,0,0,0
Erststimme,"03W217","03",Pankow,"217",W,2I,2,76,O,1360,900,460,0,523,1,518,5,93,117,109,66,81,16,9,13,0,0,0,0,0,0,0,0,0,0,0,11,0,0,0,0,0,0,0,0,0,3,0,0,0,0,0,0,0,0,0,0,0,0,0,0,0,0,0,0
Erststimme,"03W218","03",Pankow,"218",W,2E,2,76,O,1223,769,454,0,479,7,479,0,88,150,66,61,72,18,9,9,0,0,0,0,0,0,0,0,0,0,0,2,0,0,0,0,0,0,0,0,0,4,0,0,0,0,0,0,0,0,0,0,0,0,0,0,0,0,0,0
Erststimme,"03W219","03",Pankow,"219",W,2K,2,76,O,1457,938,519,0,569,7,563,6,109,165,68,71,101,19,6,20,0,0,0,0,0,0,0,0,0,0,0,2,0,0,0,0,0,0,0,0,0,2,0,0,0,0,0,0,0,0,0,0,0,0,0,0,0,0,0,0
Erststimme,"03W220","03",Pankow,"220",W,2N,2,76,O,1434,863,571,0,569,11,561,7,79,127,144,76,78,21,8,16,0,0,0,0,0,0,0,0,0,0,0,9,0,0,0,0,0,0,0,0,0,3,0,0,0,0,0,0,0,0,0,0,0,0,0,0,0,0,0,0
Erststimme,"03W221","03",Pankow,"221",W,2M,2,76,O,1224,703,521,0,425,5,423,2,90,120,77,43,51,13,12,7,0,0,0,0,0,0,0,0,0,0,0,6,0,0,0,0,0,0,0,0,0,4,0,0,0,0,0,0,0,0,0,0,0,0,0,0,0,0,0,0
Erststimme,"03W222","03",Pankow,"222",W,2B,2,76,O,1304,990,314,0,517,2,511,5,83,155,30,54,119,20,8,27,0,0,0,0,0,0,0,0,0,0,0,7,0,0,0,0,0,0,0,0,0,8,0,0,0,0,0,0,0,0,0,0,0,0,0,0,0,0,0,0
Erststimme,"03W223","03",Pankow,"223",W,2G,2,76,O,1352,854,498,0,478,0,473,5,95,143,52,63,85,17,5,5,0,0,0,0,0,0,0,0,0,0,0,5,0,0,0,0,0,0,0,0,0,3,0,0,0,0,0,0,0,0,0,0,0,0,0,0,0,0,0,0
Erststimme,"03W224","03",Pankow,"224",W,2L,2,76,O,1215,779,436,0,444,4,443,1,97,111,91,50,48,14,17,11,0,0,0,0,0,0,0,0,0,0,0,2,0,0,0,0,0,0,0,0,0,2,0,0,0,0,0,0,0,0,0,0,0,0,0,0,0,0,0,0
Erststimme,"03B2A","03",Pankow,2A,B,2A,2,76,O,0,0,0,0,397,397,395,2,70,129,69,29,48,14,6,17,0,0,0,0,0,0,0,0,0,0,0,8,0,0,0,0,0,0,0,0,0,5,0,0,0,0,0,0,0,0,0,0,0,0,0,0,0,0,0,0
Erststimme,"03B2B","03",Pankow,2B,B,2B,2,76,O,0,0,0,0,655,655,651,4,124,247,65,60,78,18,9,28,0,0,0,0,0,0,0,0,0,0,0,7,0,0,0,0,0,0,0,0,0,15,0,0,0,0,0,0,0,0,0,0,0,0,0,0,0,0,0,0
Erststimme,"03B2C","03",Pankow,2C,B,2C,2,76,O,0,0,0,0,785,785,781,3,128,306,71,80,103,24,13,39,0,0,0,0,0,0,0,0,0,0,0,5,0,0,0,0,0,0,0,0,0,12,0,0,0,0,0,0,0,0,0,0,0,0,0,0,0,0,0,0
Erststimme,"03B2D","03",Pankow,2D,B,2D,2,76,O,0,0,0,0,982,982,976,6,196,432,123,59,80,42,13,18,0,0,0,0,0,0,0,0,0,0,0,7,0,0,0,0,0,0,0,0,0,6,0,0,0,0,0,0,0,0,0,0,0,0,0,0,0,0,0,0
Erststimme,"03B2E","03",Pankow,2E,B,2E,2,76,O,0,0,0,0,819,819,811,8,163,283,99,104,77,36,13,24,0,0,0,0,0,0,0,0,0,0,0,5,0,0,0,0,0,0,0,0,0,7,0,0,0,0,0,0,0,0,0,0,0,0,0,0,0,0,0,0
Erststimme,"03B2F","03",Pankow,2F,B,2F,2,76,O,0,0,0,0,831,831,826,3,192,295,103,72,75,44,15,18,0,0,0,0,0,0,0,0,0,0,0,5,0,0,0,0,0,0,0,0,0,7,0,0,0,0,0,0,0,0,0,0,0,0,0,0,0,0,0,0
Erststimme,"03B2G","03",Pankow,2G,B,2G,2,76,O,0,0,0,0,925,925,913,8,163,297,201,103,82,28,11,16,0,0,0,0,0,0,0,0,0,0,0,7,0,0,0,0,0,0,0,0,0,5,0,0,0,0,0,0,0,0,0,0,0,0,0,0,0,0,0,0
Erststimme,"03B2H","03",Pankow,2H,B,2H,2,76,O,0,0,0,0,1019,1019,1011,5,200,257,228,149,52,52,19,26,0,0,0,0,0,0,0,0,0,0,0,16,0,0,0,0,0,0,0,0,0,12,0,0,0,0,0,0,0,0,0,0,0,0,0,0,0,0,0,0
Erststimme,"03B2I","03",Pankow,2I,B,2I,2,76,O,0,0,0,0,884,884,877,7,214,233,143,91,78,42,15,36,0,0,0,0,0,0,0,0,0,0,0,9,0,0,0,0,0,0,0,0,0,16,0,0,0,0,0,0,0,0,0,0,0,0,0,0,0,0,0,0
Erststimme,"03B2K","03",Pankow,2K,B,2K,2,76,O,0,0,0,0,887,887,881,6,192,260,135,90,88,45,19,26,0,0,0,0,0,0,0,0,0,0,0,14,0,0,0,0,0,0,0,0,0,12,0,0,0,0,0,0,0,0,0,0,0,0,0,0,0,0,0,0
Erststimme,"03B2L","03",Pankow,2L,B,2L,2,76,O,0,0,0,0,812,812,809,3,188,260,142,81,60,32,20,20,0,0,0,0,0,0,0,0,0,0,0,1,0,0,0,0,0,0,0,0,0,5,0,0,0,0,0,0,0,0,0,0,0,0,0,0,0,0,0,0
Erststimme,"03B2M","03",Pankow,2M,B,2M,2,76,O,0,0,0,0,873,873,866,6,193,273,175,82,55,29,8,33,0,0,0,0,0,0,0,0,0,0,0,9,0,0,0,0,0,0,0,0,0,9,0,0,0,0,0,0,0,0,0,0,0,0,0,0,0,0,0,0
Erststimme,"03B2N","03",Pankow,2N,B,2N,2,76,O,0,0,0,0,508,508,504,0,76,149,113,73,31,29,10,15,0,0,0,0,0,0,0,0,0,0,0,4,0,0,0,0,0,0,0,0,0,4,0,0,0,0,0,0,0,0,0,0,0,0,0,0,0,0,0,0
Erststimme,"03W300","03",Pankow,"300",W,3A,3,76,O,1291,765,526,0,427,4,423,4,58,137,54,69,82,13,2,7,0,0,0,0,0,0,0,0,0,0,0,0,0,0,0,0,0,0,0,0,0,1,0,0,0,0,0,0,0,0,0,0,0,0,0,0,0,0,0,0
Erststimme,"03W301","03",Pankow,"301",W,3A,3,76,O,1318,792,526,0,493,5,492,1,87,148,74,75,74,13,9,7,0,0,0,0,0,0,0,0,0,0,0,0,0,0,0,0,0,0,0,0,0,3,0,0,2,0,0,0,0,0,0,0,0,0,0,0,0,0,0,0
Erststimme,"03W302","03",Pankow,"302",W,3E,3,76,O,1540,1106,434,0,484,2,478,6,74,117,36,78,123,8,12,24,0,0,0,0,0,0,0,0,0,0,0,0,0,0,0,0,0,0,0,0,0,1,0,0,5,0,0,0,0,0,0,0,0,0,0,0,0,0,0,0
Erststimme,"03W303","03",Pankow,"303",W,3C,3,76,O,1339,990,349,0,364,1,357,7,55,91,28,62,75,13,3,22,0,0,0,0,0,0,0,0,0,0,0,0,0,0,0,0,0,0,0,0,0,1,0,0,7,0,0,0,0,0,0,0,0,0,0,0,0,0,0,0
Erststimme,"03W304","03",Pankow,"304",W,3B,3,76,O,1349,913,436,0,530,3,517,13,109,149,54,83,81,9,7,15,0,0,0,0,0,0,0,0,0,0,0,0,0,0,0,0,0,0,0,0,0,5,0,0,5,0,0,0,0,0,0,0,0,0,0,0,0,0,0,0
Erststimme,"03W305","03",Pankow,"305",W,3B,3,76,O,1461,953,508,0,559,6,552,7,76,126,113,108,81,10,12,15,0,0,0,0,0,0,0,0,0,0,0,0,0,0,0,0,0,0,0,0,0,7,0,0,4,0,0,0,0,0,0,0,0,0,0,0,0,0,0,0
Erststimme,"03W306","03",Pankow,"306",W,3D,3,76,O,1788,1066,722,0,637,12,632,5,104,154,133,113,74,22,10,14,0,0,0,0,0,0,0,0,0,0,0,0,0,0,0,0,0,0,0,0,0,4,0,0,4,0,0,0,0,0,0,0,0,0,0,0,0,0,0,0
Erststimme,"03W307","03",Pankow,"307",W,3E,3,76,O,1371,927,444,0,578,6,573,5,93,115,111,119,75,10,10,23,0,0,0,0,0,0,0,0,0,0,0,0,0,0,0,0,0,0,0,0,0,6,0,0,11,0,0,0,0,0,0,0,0,0,0,0,0,0,0,0
Erststimme,"03W308","03",Pankow,"308",W,3F,3,76,O,1443,934,509,0,558,3,553,5,82,106,128,105,72,18,14,16,0,0,0,0,0,0,0,0,0,0,0,0,0,0,0,0,0,0,0,0,0,2,0,0,10,0,0,0,0,0,0,0,0,0,0,0,0,0,0,0
Erststimme,"03W309","03",Pankow,"309",W,3I,3,76,O,1330,914,416,0,523,3,521,2,77,82,131,117,60,14,21,12,0,0,0,0,0,0,0,0,0,0,0,0,0,0,0,0,0,0,0,0,0,1,0,0,6,0,0,0,0,0,0,0,0,0,0,0,0,0,0,0
Erststimme,"03W310","03",Pankow,"310",W,3I,3,76,O,1399,954,445,0,587,5,584,3,78,87,180,131,51,13,21,11,0,0,0,0,0,0,0,0,0,0,0,0,0,0,0,0,0,0,0,0,0,3,0,0,9,0,0,0,0,0,0,0,0,0,0,0,0,0,0,0
Erststimme,"03W311","03",Pankow,"311",W,3D,3,76,O,1536,908,628,0,520,12,515,5,62,87,147,135,41,8,11,15,0,0,0,0,0,0,0,0,0,0,0,0,0,0,0,0,0,0,0,0,0,4,0,0,5,0,0,0,0,0,0,0,0,0,0,0,0,0,0,0
Erststimme,"03W312","03",Pankow,"312",W,3H,3,76,O,1391,932,459,0,645,5,640,5,80,93,189,182,44,17,5,20,0,0,0,0,0,0,0,0,0,0,0,0,0,0,0,0,0,0,0,0,0,2,0,0,8,0,0,0,0,0,0,0,0,0,0,0,0,0,0,0
Erststimme,"03W313","03",Pankow,"313",W,3G,3,76,O,1417,879,538,0,558,10,556,2,76,123,150,110,37,25,9,19,0,0,0,0,0,0,0,0,0,0,0,0,0,0,0,0,0,0,0,0,0,3,0,0,4,0,0,0,0,0,0,0,0,0,0,0,0,0,0,0
Erststimme,"03W314","03",Pankow,"314",W,3K,3,76,O,1435,899,536,0,403,4,398,5,62,58,134,88,23,12,11,6,0,0,0,0,0,0,0,0,0,0,0,0,0,0,0,0,0,0,0,0,0,1,0,0,3,0,0,0,0,0,0,0,0,0,0,0,0,0,0,0
Erststimme,"03W315","03",Pankow,"315",W,3K,3,76,O,1193,757,436,0,516,9,511,5,57,55,156,146,45,11,14,15,0,0,0,0,0,0,0,0,0,0,0,0,0,0,0,0,0,0,0,0,0,4,0,0,8,0,0,0,0,0,0,0,0,0,0,0,0,0,0,0
Erststimme,"03W316","03",Pankow,"316",W,3M,3,76,O,1252,784,468,0,489,5,486,3,76,62,137,134,45,9,11,7,0,0,0,0,0,0,0,0,0,0,0,0,0,0,0,0,0,0,0,0,0,1,0,0,4,0,0,0,0,0,0,0,0,0,0,0,0,0,0,0
Erststimme,"03W317","03",Pankow,"317",W,3L,3,76,O,1654,1012,642,0,610,11,606,4,74,78,232,122,48,14,13,16,0,0,0,0,0,0,0,0,0,0,0,0,0,0,0,0,0,0,0,0,0,5,0,0,4,0,0,0,0,0,0,0,0,0,0,0,0,0,0,0
Erststimme,"03W318","03",Pankow,"318",W,3M,3,76,O,1198,796,402,0,490,2,483,6,74,81,137,115,26,15,9,12,0,0,0,0,0,0,0,0,0,0,0,0,0,0,0,0,0,0,0,0,0,4,0,0,10,0,0,0,0,0,0,0,0,0,0,0,0,0,0,0
Erststimme,"03W319","03",Pankow,"319",W,3C,3,76,O,1413,983,430,0,521,4,516,5,63,116,49,110,117,14,14,17,0,0,0,0,0,0,0,0,0,0,0,0,0,0,0,0,0,0,0,0,0,3,0,0,13,0,0,0,0,0,0,0,0,0,0,0,0,0,0,0
Erststimme,"03W320","03",Pankow,"320",W,3G,3,76,O,1301,857,444,0,497,7,494,3,84,97,137,97,44,14,5,7,0,0,0,0,0,0,0,0,0,0,0,0,0,0,0,0,0,0,0,0,0,5,0,0,4,0,0,0,0,0,0,0,0,0,0,0,0,0,0,0
Erststimme,"03W321","03",Pankow,"321",W,3F,3,76,O,1282,876,406,0,501,4,493,8,78,95,84,123,66,12,11,17,0,0,0,0,0,0,0,0,0,0,0,0,0,0,0,0,0,0,0,0,0,2,0,0,5,0,0,0,0,0,0,0,0,0,0,0,0,0,0,0
Erststimme,"03W322","03",Pankow,"322",W,3H,3,76,O,1214,767,447,0,497,4,491,6,56,65,168,116,37,12,15,12,0,0,0,0,0,0,0,0,0,0,0,0,0,0,0,0,0,0,0,0,0,4,0,0,6,0,0,0,0,0,0,0,0,0,0,0,0,0,0,0
Erststimme,"03W323","03",Pankow,"323",W,3L,3,76,O,1118,653,465,0,424,5,421,3,67,72,157,67,14,14,11,15,0,0,0,0,0,0,0,0,0,0,0,0,0,0,0,0,0,0,0,0,0,2,0,0,2,0,0,0,0,0,0,0,0,0,0,0,0,0,0,0
Erststimme,"03B3A","03",Pankow,3A,B,3A,3,76,O,0,0,0,0,969,969,965,4,148,292,138,181,119,34,17,22,0,0,0,0,0,0,0,0,0,0,0,0,0,0,0,0,0,0,0,0,0,8,0,0,6,0,0,0,0,0,0,0,0,0,0,0,0,0,0,0
Erststimme,"03B3B","03",Pankow,3B,B,3B,3,76,O,0,0,0,0,835,835,826,9,155,201,146,165,82,27,16,19,0,0,0,0,0,0,0,0,0,0,0,0,0,0,0,0,0,0,0,0,0,5,0,0,10,0,0,0,0,0,0,0,0,0,0,0,0,0,0,0
Erststimme,"03B3C","03",Pankow,3C,B,3C,3,76,O,0,0,0,0,684,684,676,7,138,169,88,135,72,12,10,21,0,0,0,0,0,0,0,0,0,0,0,0,0,0,0,0,0,0,0,0,0,14,0,0,17,0,0,0,0,0,0,0,0,0,0,0,0,0,0,0
Erststimme,"03B3D","03",Pankow,3D,B,3D,3,76,O,0,0,0,0,1208,1208,1195,10,192,251,320,249,80,26,18,34,0,0,0,0,0,0,0,0,0,0,0,0,0,0,0,0,0,0,0,0,0,13,0,0,12,0,0,0,0,0,0,0,0,0,0,0,0,0,0,0
Erststimme,"03B3E","03",Pankow,3E,B,3E,3,76,O,0,0,0,0,779,779,774,5,128,160,135,173,80,27,15,35,0,0,0,0,0,0,0,0,0,0,0,0,0,0,0,0,0,0,0,0,0,5,0,0,16,0,0,0,0,0,0,0,0,0,0,0,0,0,0,0
Erststimme,"03B3F","03",Pankow,3F,B,3F,3,76,O,0,0,0,0,828,828,817,9,123,157,213,174,62,28,24,16,0,0,0,0,0,0,0,0,0,0,0,0,0,0,0,0,0,0,0,0,0,7,0,0,13,0,0,0,0,0,0,0,0,0,0,0,0,0,0,0
Erststimme,"03B3G","03",Pankow,3G,B,3G,3,76,O,0,0,0,0,895,895,889,6,130,208,232,196,38,37,15,20,0,0,0,0,0,0,0,0,0,0,0,0,0,0,0,0,0,0,0,0,0,3,0,0,10,0,0,0,0,0,0,0,0,0,0,0,0,0,0,0
Erststimme,"03B3H","03",Pankow,3H,B,3H,3,76,O,0,0,0,0,825,825,820,3,127,132,246,208,34,34,8,17,0,0,0,0,0,0,0,0,0,0,0,0,0,0,0,0,0,0,0,0,0,6,0,0,8,0,0,0,0,0,0,0,0,0,0,0,0,0,0,0
Erststimme,"03B3I","03",Pankow,3I,B,3I,3,76,O,0,0,0,0,786,786,780,5,107,145,232,173,41,22,22,20,0,0,0,0,0,0,0,0,0,0,0,0,0,0,0,0,0,0,0,0,0,3,0,0,15,0,0,0,0,0,0,0,0,0,0,0,0,0,0,0
Erststimme,"03B3K","03",Pankow,3K,B,3K,3,76,O,0,0,0,0,895,895,892,3,147,114,304,232,33,23,17,13,0,0,0,0,0,0,0,0,0,0,0,0,0,0,0,0,0,0,0,0,0,2,0,0,7,0,0,0,0,0,0,0,0,0,0,0,0,0,0,0
Erststimme,"03B3L","03",Pankow,3L,B,3L,3,76,O,0,0,0,0,1017,1017,1014,3,115,149,382,228,38,33,23,35,0,0,0,0,0,0,0,0,0,0,0,0,0,0,0,0,0,0,0,0,0,1,0,0,10,0,0,0,0,0,0,0,0,0,0,0,0,0,0,0
Erststimme,"03B3M","03",Pankow,3M,B,3M,3,76,O,0,0,0,0,795,795,786,7,122,107,273,161,28,30,20,25,0,0,0,0,0,0,0,0,0,0,0,0,0,0,0,0,0,0,0,0,0,7,0,0,13,0,0,0,0,0,0,0,0,0,0,0,0,0,0,0
Erststimme,"03W400","03",Pankow,"400",W,4C,4,76,O,1547,1096,451,0,534,7,527,7,111,126,70,77,86,18,10,18,0,0,0,0,0,0,0,0,0,0,0,10,0,0,0,0,0,0,0,0,0,1,0,0,0,0,0,0,0,0,0,0,0,0,0,0,0,0,0,0
Erststimme,"03W401","03",Pankow,"401",W,4E,4,76,O,1418,1086,332,0,514,0,509,5,102,122,47,78,95,11,16,29,0,0,0,0,0,0,0,0,0,0,0,5,0,0,0,0,0,0,0,0,0,4,0,0,0,0,0,0,0,0,0,0,0,0,0,0,0,0,0,0
Erststimme,"03W402","03",Pankow,"402",W,4E,4,76,O,1448,957,491,0,526,8,518,8,97,129,61,92,88,9,15,14,0,0,0,0,0,0,0,0,0,0,0,7,0,0,0,0,0,0,0,0,0,6,0,0,0,0,0,0,0,0,0,0,0,0,0,0,0,0,0,0
Erststimme,"03W403","03",Pankow,"403",W,4F,4,76,O,1513,1007,506,0,535,10,530,5,85,97,120,112,57,20,13,12,0,0,0,0,0,0,0,0,0,0,0,10,0,0,0,0,0,0,0,0,0,4,0,0,0,0,0,0,0,0,0,0,0,0,0,0,0,0,0,0
Erststimme,"03W404","03",Pankow,"404",W,4H,4,76,O,1510,1021,489,0,592,11,587,5,102,130,153,102,51,18,12,8,0,0,0,0,0,0,0,0,0,0,0,9,0,0,0,0,0,0,0,0,0,2,0,0,0,0,0,0,0,0,0,0,0,0,0,0,0,0,0,0
Erststimme,"03W405","03",Pankow,"405",W,4G,4,76,O,1539,1147,392,0,508,6,503,5,95,114,76,75,78,8,21,25,0,0,0,0,0,0,0,0,0,0,0,4,0,0,0,0,0,0,0,0,0,7,0,0,0,0,0,0,0,0,0,0,0,0,0,0,0,0,0,0
Erststimme,"03W406","03",Pankow,"406",W,4I,4,76,O,1713,1254,459,0,654,7,646,8,136,193,62,91,91,16,14,27,0,0,0,0,0,0,0,0,0,0,0,11,0,0,0,0,0,0,0,0,0,5,0,0,0,0,0,0,0,0,0,0,0,0,0,0,0,0,0,0
Erststimme,"03W407","03",Pankow,"407",W,4L,4,76,O,1489,1087,402,0,520,10,514,6,93,134,29,70,112,14,15,34,0,0,0,0,0,0,0,0,0,0,0,6,0,0,0,0,0,0,0,0,0,7,0,0,0,0,0,0,0,0,0,0,0,0,0,0,0,0,0,0
Erststimme,"03W408","03",Pankow,"408",W,4K,4,76,O,1681,1307,374,0,590,4,583,7,164,148,30,84,103,12,12,18,0,0,0,0,0,0,0,0,0,0,0,8,0,0,0,0,0,0,0,0,0,4,0,0,0,0,0,0,0,0,0,0,0,0,0,0,0,0,0,0
Erststimme,"03W409","03",Pankow,"409",W,4D,4,76,O,1602,1070,532,0,553,3,546,7,95,189,65,66,91,8,7,15,0,0,0,0,0,0,0,0,0,0,0,7,0,0,0,0,0,0,0,0,0,3,0,0,0,0,0,0,0,0,0,0,0,0,0,0,0,0,0,0
Erststimme,"03W410","03",Pankow,"410",W,4G,4,76,O,1281,894,387,0,439,4,430,9,61,67,78,92,68,13,18,24,0,0,0,0,0,0,0,0,0,0,0,6,0,0,0,0,0,0,0,0,0,3,0,0,0,0,0,0,0,0,0,0,0,0,0,0,0,0,0,0
Erststimme,"03W411","03",Pankow,"411",W,4D,4,76,O,1629,1046,583,0,623,6,622,1,90,230,47,58,130,17,19,22,0,0,0,0,0,0,0,0,0,0,0,4,0,0,0,0,0,0,0,0,0,5,0,0,0,0,0,0,0,0,0,0,0,0,0,0,0,0,0,0
Erststimme,"03W412","03",Pankow,"412",W,4C,4,76,O,1508,903,605,0,519,8,515,4,57,204,48,50,107,17,6,18,0,0,0,0,0,0,0,0,0,0,0,5,0,0,0,0,0,0,0,0,0,3,0,0,0,0,0,0,0,0,0,0,0,0,0,0,0,0,0,0
Erststimme,"03W413","03",Pankow,"413",W,4B,4,76,O,1454,896,558,0,534,5,531,3,95,186,31,50,118,17,8,20,0,0,0,0,0,0,0,0,0,0,0,3,0,0,0,0,0,0,0,0,0,3,0,0,0,0,0,0,0,0,0,0,0,0,0,0,0,0,0,0
Erststimme,"03W414","03",Pankow,"414",W,4B,4,76,O,1492,821,671,0,587,4,575,12,91,243,45,44,98,23,3,13,0,0,0,0,0,0,0,0,0,0,0,8,0,0,0,0,0,0,0,0,0,7,0,0,0,0,0,0,0,0,0,0,0,0,0,0,0,0,0,0
Erststimme,"03W415","03",Pankow,"415",W,4A,4,76,O,1370,885,485,0,566,9,563,3,99,234,61,53,80,10,5,16,0,0,0,0,0,0,0,0,0,0,0,3,0,0,0,0,0,0,0,0,0,2,0,0,0,0,0,0,0,0,0,0,0,0,0,0,0,0,0,0
Erststimme,"03W416","03",Pankow,"416",W,4F,4,76,O,1330,877,453,0,519,9,516,3,111,163,78,68,60,11,4,13,0,0,0,0,0,0,0,0,0,0,0,5,0,0,0,0,0,0,0,0,0,3,0,0,0,0,0,0,0,0,0,0,0,0,0,0,0,0,0,0
Erststimme,"03W417","03",Pankow,"417",W,4K,4,76,O,1554,1060,494,0,469,7,465,4,111,131,42,57,86,8,9,16,0,0,0,0,0,0,0,0,0,0,0,3,0,0,0,0,0,0,0,0,0,2,0,0,0,0,0,0,0,0,0,0,0,0,0,0,0,0,0,0
Erststimme,"03W418","03",Pankow,"418",W,4A,4,76,O,1422,995,427,0,511,7,507,4,99,208,28,34,99,12,6,14,0,0,0,0,0,0,0,0,0,0,0,4,0,0,0,0,0,0,0,0,0,3,0,0,0,0,0,0,0,0,0,0,0,0,0,0,0,0,0,0
Erststimme,"03B4A","03",Pankow,4A,B,4A,4,76,O,0,0,0,0,803,803,798,4,154,349,88,87,72,21,5,15,0,0,0,0,0,0,0,0,0,0,0,3,0,0,0,0,0,0,0,0,0,4,0,0,0,0,0,0,0,0,0,0,0,0,0,0,0,0,0,0
Erststimme,"03B4B","03",Pankow,4B,B,4B,4,76,O,0,0,0,0,1127,1127,1121,5,243,440,79,106,141,52,12,36,0,0,0,0,0,0,0,0,0,0,0,4,0,0,0,0,0,0,0,0,0,8,0,0,0,0,0,0,0,0,0,0,0,0,0,0,0,0,0,0
Erststimme,"03B4C","03",Pankow,4C,B,4C,4,76,O,0,0,0,0,912,912,904,7,199,271,136,117,74,35,18,36,0,0,0,0,0,0,0,0,0,0,0,6,0,0,0,0,0,0,0,0,0,12,0,0,0,0,0,0,0,0,0,0,0,0,0,0,0,0,0,0
Erststimme,"03B4D","03",Pankow,4D,B,4D,4,76,O,0,0,0,0,1004,1004,999,5,184,362,132,129,102,30,20,25,0,0,0,0,0,0,0,0,0,0,0,5,0,0,0,0,0,0,0,0,0,10,0,0,0,0,0,0,0,0,0,0,0,0,0,0,0,0,0,0
Erststimme,"03B4E","03",Pankow,4E,B,4E,4,76,O,0,0,0,0,739,739,731,8,141,175,106,151,64,11,20,48,0,0,0,0,0,0,0,0,0,0,0,5,0,0,0,0,0,0,0,0,0,10,0,0,0,0,0,0,0,0,0,0,0,0,0,0,0,0,0,0
Erststimme,"03B4F","03",Pankow,4F,B,4F,4,76,O,0,0,0,0,849,849,845,2,187,209,167,147,47,25,30,24,0,0,0,0,0,0,0,0,0,0,0,5,0,0,0,0,0,0,0,0,0,4,0,0,0,0,0,0,0,0,0,0,0,0,0,0,0,0,0,0
Erststimme,"03B4G","03",Pankow,4G,B,4G,4,76,O,0,0,0,0,693,693,691,2,118,158,137,113,70,31,22,31,0,0,0,0,0,0,0,0,0,0,0,4,0,0,0,0,0,0,0,0,0,7,0,0,0,0,0,0,0,0,0,0,0,0,0,0,0,0,0,0
Erststimme,"03B4H","03",Pankow,4H,B,4H,4,76,O,0,0,0,0,421,421,417,3,101,68,124,74,20,11,5,11,0,0,0,0,0,0,0,0,0,0,0,3,0,0,0,0,0,0,0,0,0,0,0,0,0,0,0,0,0,0,0,0,0,0,0,0,0,0,0,0
Erststimme,"03B4I","03",Pankow,4I,B,4I,4,76,O,0,0,0,0,490,490,474,5,95,143,59,84,34,11,11,22,0,0,0,0,0,0,0,0,0,0,0,8,0,0,0,0,0,0,0,0,0,7,0,0,0,0,0,0,0,0,0,0,0,0,0,0,0,0,0,0
Erststimme,"03B4K","03",Pankow,4K,B,4K,4,76,O,0,0,0,0,745,745,733,9,212,196,82,101,77,17,9,29,0,0,0,0,0,0,0,0,0,0,0,5,0,0,0,0,0,0,0,0,0,5,0,0,0,0,0,0,0,0,0,0,0,0,0,0,0,0,0,0
Erststimme,"03B4L","03",Pankow,4L,B,4L,4,76,O,0,0,0,0,347,347,343,2,79,86,30,68,39,9,10,19,0,0,0,0,0,0,0,0,0,0,0,2,0,0,0,0,0,0,0,0,0,1,0,0,0,0,0,0,0,0,0,0,0,0,0,0,0,0,0,0
Erststimme,"03W500","03",Pankow,"500",W,5E,5,76,O,1316,788,528,0,426,6,418,8,80,72,112,84,45,5,9,6,0,0,0,0,0,0,0,0,0,0,0,3,0,0,0,0,0,0,0,0,0,2,0,0,0,0,0,0,0,0,0,0,0,0,0,0,0,0,0,0
Erststimme,"03W501","03",Pankow,"501",W,5G,5,76,O,1656,1029,627,0,586,5,581,5,109,123,73,127,87,10,21,20,0,0,0,0,0,0,0,0,0,0,0,10,0,0,0,0,0,0,0,0,0,1,0,0,0,0,0,0,0,0,0,0,0,0,0,0,0,0,0,0
Erststimme,"03W502","03",Pankow,"502",W,5E,5,76,O,1285,846,439,0,541,7,539,2,98,84,149,97,56,4,24,23,0,0,0,0,0,0,0,0,0,0,0,1,0,0,0,0,0,0,0,0,0,3,0,0,0,0,0,0,0,0,0,0,0,0,0,0,0,0,0,0
Erststimme,"03W503","03",Pankow,"503",W,5H,5,76,O,1362,887,475,0,536,14,528,8,119,114,115,92,47,5,10,12,0,0,0,0,0,0,0,0,0,0,0,8,0,0,0,0,0,0,0,0,0,6,0,0,0,0,0,0,0,0,0,0,0,0,0,0,0,0,0,0
Erststimme,"03W504","03",Pankow,"504",W,5I,5,76,O,1374,885,489,0,547,11,541,3,79,75,241,76,28,10,13,13,0,0,0,0,0,0,0,0,0,0,0,3,0,0,0,0,0,0,0,0,0,3,0,0,0,0,0,0,0,0,0,0,0,0,0,0,0,0,0,0
Erststimme,"03W505","03",Pankow,"505",W,5K,5,76,O,1395,936,459,0,432,3,428,4,72,93,114,70,39,8,15,9,0,0,0,0,0,0,0,0,0,0,0,5,0,0,0,0,0,0,0,0,0,3,0,0,0,0,0,0,0,0,0,0,0,0,0,0,0,0,0,0
Erststimme,"03W506","03",Pankow,"506",W,5M,5,76,O,1724,969,755,0,509,7,501,8,71,79,119,100,72,25,6,18,0,0,0,0,0,0,0,0,0,0,0,7,0,0,0,0,0,0,0,0,0,4,0,0,0,0,0,0,0,0,0,0,0,0,0,0,0,0,0,0
Erststimme,"03W507","03",Pankow,"507",W,5L,5,76,O,1568,1041,527,0,545,7,530,13,100,121,81,93,74,16,13,22,0,0,0,0,0,0,0,0,0,0,0,5,0,0,0,0,0,0,0,0,0,5,0,0,0,0,0,0,0,0,0,0,0,0,0,0,0,0,0,0
Erststimme,"03W508","03",Pankow,"508",W,5I,5,76,O,1425,926,499,0,473,2,468,4,87,93,84,95,61,10,12,16,0,0,0,0,0,0,0,0,0,0,0,8,0,0,0,0,0,0,0,0,0,2,0,0,0,0,0,0,0,0,0,0,0,0,0,0,0,0,0,0
Erststimme,"03W509","03",Pankow,"509",W,5F,5,76,O,1451,903,548,0,429,5,421,8,78,83,68,78,69,8,12,13,0,0,0,0,0,0,0,0,0,0,0,9,0,0,0,0,0,0,0,0,0,3,0,0,0,0,0,0,0,0,0,0,0,0,0,0,0,0,0,0
Erststimme,"03W510","03",Pankow,"510",W,5F,5,76,O,1449,969,480,0,477,7,474,3,89,99,68,71,88,13,12,20,0,0,0,0,0,0,0,0,0,0,0,8,0,0,0,0,0,0,0,0,0,6,0,0,0,0,0,0,0,0,0,0,0,0,0,0,0,0,0,0
Erststimme,"03W511","03",Pankow,"511",W,5D,5,76,O,1334,840,494,0,530,5,526,4,106,72,147,115,45,5,14,12,0,0,0,0,0,0,0,0,0,0,0,7,0,0,0,0,0,0,0,0,0,3,0,0,0,0,0,0,0,0,0,0,0,0,0,0,0,0,0,0
Erststimme,"03W512","03",Pankow,"512",W,5D,5,76,O,1433,1046,387,0,555,2,546,9,88,97,101,100,95,9,10,30,0,0,0,0,0,0,0,0,0,0,0,11,0,0,0,0,0,0,0,0,0,5,0,0,0,0,0,0,0,0,0,0,0,0,0,0,0,0,0,0
Erststimme,"03W513","03",Pankow,"513",W,5C,5,76,O,1421,996,425,0,626,2,620,6,109,129,106,111,100,15,18,19,0,0,0,0,0,0,0,0,0,0,0,6,0,0,0,0,0,0,0,0,0,7,0,0,0,0,0,0,0,0,0,0,0,0,0,0,0,0,0,0
Erststimme,"03W514","03",Pankow,"514",W,5A,5,76,O,1476,1100,376,0,499,7,490,9,81,117,81,79,80,12,12,18,0,0,0,0,0,0,0,0,0,0,0,6,0,0,0,0,0,0,0,0,0,4,0,0,0,0,0,0,0,0,0,0,0,0,0,0,0,0,0,0
Erststimme,"03W515","03",Pankow,"515",W,5B,5,76,O,1483,980,503,0,562,2,554,8,83,166,97,69,90,17,12,17,0,0,0,0,0,0,0,0,0,0,0,1,0,0,0,0,0,0,0,0,0,2,0,0,0,0,0,0,0,0,0,0,0,0,0,0,0,0,0,0
Erststimme,"03W516","03",Pankow,"516",W,5B,5,76,O,1621,1010,611,0,632,5,625,7,129,198,72,70,95,19,10,21,0,0,0,0,0,0,0,0,0,0,0,5,0,0,0,0,0,0,0,0,0,6,0,0,0,0,0,0,0,0,0,0,0,0,0,0,0,0,0,0
Erststimme,"03W517","03",Pankow,"517",W,5A,5,76,O,1417,901,516,0,565,8,563,2,93,174,43,66,130,18,6,20,0,0,0,0,0,0,0,0,0,0,0,8,0,0,0,0,0,0,0,0,0,5,0,0,0,0,0,0,0,0,0,0,0,0,0,0,0,0,0,0
Erststimme,"03W518","03",Pankow,"518",W,5C,5,76,O,1253,842,411,0,459,5,455,4,66,81,104,111,40,8,17,16,0,0,0,0,0,0,0,0,0,0,0,9,0,0,0,0,0,0,0,0,0,3,0,0,0,0,0,0,0,0,0,0,0,0,0,0,0,0,0,0
Erststimme,"03W519","03",Pankow,"519",W,5H,5,76,O,1361,841,520,0,472,13,469,3,100,64,114,94,45,11,17,9,0,0,0,0,0,0,0,0,0,0,0,11,0,0,0,0,0,0,0,0,0,4,0,0,0,0,0,0,0,0,0,0,0,0,0,0,0,0,0,0
Erststimme,"03W520","03",Pankow,"520",W,5K,5,76,O,1370,837,533,0,470,13,470,0,59,65,134,104,46,17,16,14,0,0,0,0,0,0,0,0,0,0,0,12,0,0,0,0,0,0,0,0,0,3,0,0,0,0,0,0,0,0,0,0,0,0,0,0,0,0,0,0
Erststimme,"03B5A","03",Pankow,5A,B,5A,5,76,O,0,0,0,0,762,762,759,3,140,218,103,103,95,31,21,25,0,0,0,0,0,0,0,0,0,0,0,4,0,0,0,0,0,0,0,0,0,19,0,0,0,0,0,0,0,0,0,0,0,0,0,0,0,0,0,0
Erststimme,"03B5B","03",Pankow,5B,B,5B,5,76,O,0,0,0,0,997,997,990,5,181,346,137,133,97,40,17,34,0,0,0,0,0,0,0,0,0,0,0,0,0,0,0,0,0,0,0,0,0,5,0,0,0,0,0,0,0,0,0,0,0,0,0,0,0,0,0,0
Erststimme,"03B5C","03",Pankow,5C,B,5C,5,76,O,0,0,0,0,715,715,709,6,124,135,168,143,62,20,21,24,0,0,0,0,0,0,0,0,0,0,0,5,0,0,0,0,0,0,0,0,0,7,0,0,0,0,0,0,0,0,0,0,0,0,0,0,0,0,0,0
Erststimme,"03B5D","03",Pankow,5D,B,5D,5,76,O,0,0,0,0,758,758,741,10,141,143,197,136,47,14,25,21,0,0,0,0,0,0,0,0,0,0,0,9,0,0,0,0,0,0,0,0,0,8,0,0,0,0,0,0,0,0,0,0,0,0,0,0,0,0,0,0
Erststimme,"03B5E","03",Pankow,5E,B,5E,5,76,O,0,0,0,0,846,846,843,3,178,142,225,177,43,16,16,34,0,0,0,0,0,0,0,0,0,0,0,5,0,0,0,0,0,0,0,0,0,7,0,0,0,0,0,0,0,0,0,0,0,0,0,0,0,0,0,0
Erststimme,"03B5F","03",Pankow,5F,B,5F,5,76,O,0,0,0,0,899,899,889,10,181,183,170,171,75,34,24,34,0,0,0,0,0,0,0,0,0,0,0,5,0,0,0,0,0,0,0,0,0,12,0,0,0,0,0,0,0,0,0,0,0,0,0,0,0,0,0,0
Erststimme,"03B5G","03",Pankow,5G,B,5G,5,76,O,0,0,0,0,556,556,546,10,111,114,90,125,52,15,7,24,0,0,0,0,0,0,0,0,0,0,0,2,0,0,0,0,0,0,0,0,0,6,0,0,0,0,0,0,0,0,0,0,0,0,0,0,0,0,0,0
Erststimme,"03B5H","03",Pankow,5H,B,5H,5,76,O,0,0,0,0,849,849,846,2,157,149,234,155,55,21,26,26,0,0,0,0,0,0,0,0,0,0,0,9,0,0,0,0,0,0,0,0,0,14,0,0,0,0,0,0,0,0,0,0,0,0,0,0,0,0,0,0
Erststimme,"03B5I","03",Pankow,5I,B,5I,5,76,O,0,0,0,0,864,864,857,7,155,123,285,170,43,29,21,16,0,0,0,0,0,0,0,0,0,0,0,9,0,0,0,0,0,0,0,0,0,6,0,0,0,0,0,0,0,0,0,0,0,0,0,0,0,0,0,0
Erststimme,"03B5K","03",Pankow,5K,B,5K,5,76,O,0,0,0,0,873,873,872,1,172,166,256,144,44,28,28,23,0,0,0,0,0,0,0,0,0,0,0,4,0,0,0,0,0,0,0,0,0,7,0,0,0,0,0,0,0,0,0,0,0,0,0,0,0,0,0,0
Erststimme,"03B5L","03",Pankow,5L,B,5L,5,76,O,0,0,0,0,584,584,577,4,99,117,129,93,61,22,17,29,0,0,0,0,0,0,0,0,0,0,0,2,0,0,0,0,0,0,0,0,0,8,0,0,0,0,0,0,0,0,0,0,0,0,0,0,0,0,0,0
Erststimme,"03B5M","03",Pankow,5M,B,5M,5,76,O,0,0,0,0,653,653,650,3,109,131,214,101,18,23,18,28,0,0,0,0,0,0,0,0,0,0,0,4,0,0,0,0,0,0,0,0,0,4,0,0,0,0,0,0,0,0,0,0,0,0,0,0,0,0,0,0
Erststimme,"03W600","03",Pankow,"600",W,6A,6,76,O,1203,748,455,0,446,12,438,8,67,51,174,71,27,14,14,14,0,0,0,0,0,0,0,0,0,0,0,5,0,0,0,0,0,0,1,0,0,0,0,0,0,0,0,0,0,0,0,0,0,0,0,0,0,0,0,0
Erststimme,"03W601","03",Pankow,"601",W,6A,6,76,O,1316,854,462,0,385,8,378,7,65,51,119,83,20,14,8,9,0,0,0,0,0,0,0,0,0,0,1,4,0,0,0,0,0,0,4,0,0,0,0,0,0,0,0,0,0,0,0,0,0,0,0,0,0,0,0,0
Erststimme,"03W602","03",Pankow,"602",W,6D,6,76,O,1503,904,599,0,500,14,498,2,78,47,199,93,27,17,11,14,0,0,0,0,0,0,0,0,0,0,0,7,0,0,0,0,0,0,5,0,0,0,0,0,0,0,0,0,0,0,0,0,0,0,0,0,0,0,0,0
Erststimme,"03W603","03",Pankow,"603",W,6C,6,76,O,1127,748,379,0,492,9,484,8,87,67,163,108,21,15,7,9,0,0,0,0,0,0,0,0,0,0,1,4,0,0,0,0,0,0,2,0,0,0,0,0,0,0,0,0,0,0,0,0,0,0,0,0,0,0,0,0
Erststimme,"03W604","03",Pankow,"604",W,6C,6,76,O,1380,875,505,0,587,12,582,5,97,65,207,117,26,22,19,13,0,0,0,0,0,0,0,0,0,0,0,8,0,0,0,0,0,0,8,0,0,0,0,0,0,0,0,0,0,0,0,0,0,0,0,0,0,0,0,0
Erststimme,"03W605","03",Pankow,"605",W,6B,6,76,O,1125,737,388,0,458,11,454,4,56,44,195,88,25,16,15,7,0,0,0,0,0,0,0,0,0,0,2,5,0,0,0,0,0,0,1,0,0,0,0,0,0,0,0,0,0,0,0,0,0,0,0,0,0,0,0,0
Erststimme,"03W606","03",Pankow,"606",W,6E,6,76,O,1223,781,442,0,497,6,492,4,83,84,190,68,25,13,7,13,0,0,0,0,0,0,0,0,0,0,1,7,0,0,0,0,0,0,1,0,0,0,0,0,0,0,0,0,0,0,0,0,0,0,0,0,0,0,0,0
Erststimme,"03W607","03",Pankow,"607",W,6F,6,76,O,1374,939,435,0,579,18,577,2,66,62,259,107,25,13,18,14,0,0,0,0,0,0,0,0,0,0,2,9,0,0,0,0,0,0,2,0,0,0,0,0,0,0,0,0,0,0,0,0,0,0,0,0,0,0,0,0
Erststimme,"03W608","03",Pankow,"608",W,6G,6,76,O,1582,997,585,0,611,14,610,1,66,76,303,102,11,20,16,12,0,0,0,0,0,0,0,0,0,0,0,2,0,0,0,0,0,0,2,0,0,0,0,0,0,0,0,0,0,0,0,0,0,0,0,0,0,0,0,0
Erststimme,"03W609","03",Pankow,"609",W,6H,6,76,O,932,650,282,0,395,10,391,4,56,42,157,84,21,17,4,3,0,0,0,0,0,0,0,0,0,0,0,6,0,0,0,0,0,0,1,0,0,0,0,0,0,0,0,0,0,0,0,0,0,0,0,0,0,0,0,0
Erststimme,"03W610","03",Pankow,"610",W,6I,6,76,O,1092,750,342,0,456,8,447,9,64,67,136,113,21,16,15,8,0,0,0,0,0,0,0,0,0,0,0,6,0,0,0,0,0,0,1,0,0,0,0,0,0,0,0,0,0,0,0,0,0,0,0,0,0,0,0,0
Erststimme,"03W611","03",Pankow,"611",W,6H,6,76,O,1239,794,445,0,439,9,438,1,46,61,160,102,20,18,14,9,0,0,0,0,0,0,0,0,0,0,0,7,0,0,0,0,0,0,1,0,0,0,0,0,0,0,0,0,0,0,0,0,0,0,0,0,0,0,0,0
Erststimme,"03W612","03",Pankow,"612",W,6I,6,76,O,1327,805,522,0,505,14,497,6,75,71,209,75,21,20,6,12,0,0,0,0,0,0,0,0,0,0,1,7,0,0,0,0,0,0,0,0,0,0,0,0,0,0,0,0,0,0,0,0,0,0,0,0,0,0,0,0
Erststimme,"03W613","03",Pankow,"613",W,6N,6,76,O,1488,884,604,0,501,20,495,4,64,50,197,109,22,19,17,6,0,0,0,0,0,0,0,0,0,0,2,6,0,0,0,0,0,0,3,0,0,0,0,0,0,0,0,0,0,0,0,0,0,0,0,0,0,0,0,0
Erststimme,"03W614","03",Pankow,"614",W,6K,6,76,O,1192,744,448,0,469,11,467,2,65,50,197,92,15,13,19,5,0,0,0,0,0,0,0,0,0,0,1,7,0,0,0,0,0,0,3,0,0,0,0,0,0,0,0,0,0,0,0,0,0,0,0,0,0,0,0,0
Erststimme,"03W615","03",Pankow,"615",W,6N,6,76,O,889,571,318,0,378,12,376,2,42,44,170,71,19,12,8,4,0,0,0,0,0,0,0,0,0,0,2,3,0,0,0,0,0,0,1,0,0,0,0,0,0,0,0,0,0,0,0,0,0,0,0,0,0,0,0,0
Erststimme,"03W616","03",Pankow,"616",W,6M,6,76,O,776,524,252,0,328,7,314,7,41,32,122,71,10,17,7,8,0,0,0,0,0,0,0,0,0,0,0,5,0,0,0,0,0,0,1,0,0,0,0,0,0,0,0,0,0,0,0,0,0,0,0,0,0,0,0,0
Erststimme,"03W617","03",Pankow,"617",W,6M,6,76,O,1575,1001,574,0,609,17,606,3,80,55,234,135,26,33,18,17,0,0,0,0,0,0,0,0,0,0,0,4,0,0,0,0,0,0,4,0,0,0,0,0,0,0,0,0,0,0,0,0,0,0,0,0,0,0,0,0
Erststimme,"03W618","03",Pankow,"618",W,6P,6,76,O,822,528,294,0,346,16,343,3,43,32,160,58,9,15,10,8,0,0,0,0,0,0,0,0,0,0,1,6,0,0,0,0,0,0,1,0,0,0,0,0,0,0,0,0,0,0,0,0,0,0,0,0,0,0,0,0
Erststimme,"03W619","03",Pankow,"619",W,6L,6,76,O,946,598,348,0,354,9,354,0,42,32,129,97,8,13,8,6,0,0,0,0,0,0,0,0,0,0,0,16,0,0,0,0,0,0,3,0,0,0,0,0,0,0,0,0,0,0,0,0,0,0,0,0,0,0,0,0
Erststimme,"03W620","03",Pankow,"620",W,6L,6,76,O,1408,829,579,0,536,16,532,3,71,70,221,101,15,18,16,7,0,0,0,0,0,0,0,0,0,0,3,8,0,0,0,0,0,0,2,0,0,0,0,0,0,0,0,0,0,0,0,0,0,0,0,0,0,0,0,0
Erststimme,"03W621","03",Pankow,"621",W,6B,6,76,O,1296,772,524,0,403,8,397,4,50,49,148,84,16,12,15,8,0,0,0,0,0,0,0,0,0,0,1,12,0,0,0,0,0,0,2,0,0,0,0,0,0,0,0,0,0,0,0,0,0,0,0,0,0,0,0,0
Erststimme,"03W622","03",Pankow,"622",W,6P,6,76,O,1188,752,436,0,436,13,434,2,56,38,186,76,15,21,16,13,0,0,0,0,0,0,0,0,0,0,2,8,0,0,0,0,0,0,3,0,0,0,0,0,0,0,0,0,0,0,0,0,0,0,0,0,0,0,0,0
Erststimme,"03W623","03",Pankow,"623",W,6K,6,76,O,1191,755,436,0,484,15,478,6,81,44,183,95,15,15,20,7,0,0,0,0,0,0,0,0,0,0,3,13,0,0,0,0,0,0,2,0,0,0,0,0,0,0,0,0,0,0,0,0,0,0,0,0,0,0,0,0
Erststimme,"03W624","03",Pankow,"624",W,6E,6,76,O,1355,813,542,0,502,19,499,3,60,40,236,104,8,19,12,11,0,0,0,0,0,0,0,0,0,0,0,5,0,0,0,0,0,0,4,0,0,0,0,0,0,0,0,0,0,0,0,0,0,0,0,0,0,0,0,0
Erststimme,"03B6A","03",Pankow,6A,B,6A,6,76,O,0,0,0,0,796,796,783,10,111,98,313,147,30,35,22,21,0,0,0,0,0,0,0,0,0,0,0,4,0,0,0,0,0,0,2,0,0,0,0,0,0,0,0,0,0,0,0,0,0,0,0,0,0,0,0,0
Erststimme,"03B6B","03",Pankow,6B,B,6B,6,76,O,0,0,0,0,809,809,803,6,106,100,349,144,18,24,25,24,0,0,0,0,0,0,0,0,0,0,1,7,0,0,0,0,0,0,5,0,0,0,0,0,0,0,0,0,0,0,0,0,0,0,0,0,0,0,0,0
Erststimme,"03B6C","03",Pankow,6C,B,6C,6,76,O,0,0,0,0,801,801,790,11,123,103,312,141,25,27,22,25,0,0,0,0,0,0,0,0,0,0,2,4,0,0,0,0,0,0,6,0,0,0,0,0,0,0,0,0,0,0,0,0,0,0,0,0,0,0,0,0
Erststimme,"03B6D","03",Pankow,6D,B,6D,6,76,O,0,0,0,0,527,527,522,5,86,69,213,82,12,22,12,17,0,0,0,0,0,0,0,0,0,0,2,2,0,0,0,0,0,0,5,0,0,0,0,0,0,0,0,0,0,0,0,0,0,0,0,0,0,0,0,0
Erststimme,"03B6E","03",Pankow,6E,B,6E,6,76,O,0,0,0,0,849,849,841,6,135,112,372,124,19,32,13,18,0,0,0,0,0,0,0,0,0,0,3,12,0,0,0,0,0,0,1,0,0,0,0,0,0,0,0,0,0,0,0,0,0,0,0,0,0,0,0,0
Erststimme,"03B6F","03",Pankow,6F,B,6F,6,76,O,0,0,0,0,377,377,375,2,42,49,177,59,7,18,13,4,0,0,0,0,0,0,0,0,0,0,0,6,0,0,0,0,0,0,0,0,0,0,0,0,0,0,0,0,0,0,0,0,0,0,0,0,0,0,0,0
Erststimme,"03B6G","03",Pankow,6G,B,6G,6,76,O,0,0,0,0,683,683,675,6,83,91,331,87,17,30,15,16,0,0,0,0,0,0,0,0,0,0,1,2,0,0,0,0,0,0,2,0,0,0,0,0,0,0,0,0,0,0,0,0,0,0,0,0,0,0,0,0
Erststimme,"03B6H","03",Pankow,6H,B,6H,6,76,O,0,0,0,0,642,642,641,0,93,102,256,106,18,33,15,10,0,0,0,0,0,0,0,0,0,0,3,4,0,0,0,0,0,0,1,0,0,0,0,0,0,0,0,0,0,0,0,0,0,0,0,0,0,0,0,0
Erststimme,"03B6I","03",Pankow,6I,B,6I,6,76,O,0,0,0,0,747,747,745,2,107,112,308,114,17,46,15,14,0,0,0,0,0,0,0,0,0,0,3,6,0,0,0,0,0,0,3,0,0,0,0,0,0,0,0,0,0,0,0,0,0,0,0,0,0,0,0,0
Erststimme,"03B6K","03",Pankow,6K,B,6K,6,76,O,0,0,0,0,793,793,789,4,107,104,329,157,16,21,21,20,0,0,0,0,0,0,0,0,0,0,0,10,0,0,0,0,0,0,4,0,0,0,0,0,0,0,0,0,0,0,0,0,0,0,0,0,0,0,0,0
Erststimme,"03B6L","03",Pankow,6L,B,6L,6,76,O,0,0,0,0,804,804,801,3,113,81,378,129,24,34,19,13,0,0,0,0,0,0,0,0,0,0,1,7,0,0,0,0,0,0,2,0,0,0,0,0,0,0,0,0,0,0,0,0,0,0,0,0,0,0,0,0
Erststimme,"03B6M","03",Pankow,6M,B,6M,6,76,O,0,0,0,0,724,724,721,3,94,102,308,127,21,30,11,13,0,0,0,0,0,0,0,0,0,0,3,4,0,0,0,0,0,0,8,0,0,0,0,0,0,0,0,0,0,0,0,0,0,0,0,0,0,0,0,0
Erststimme,"03B6N","03",Pankow,6N,B,6N,6,76,O,0,0,0,0,785,785,778,5,98,111,361,126,20,27,13,14,0,0,0,0,0,0,0,0,0,0,1,3,0,0,0,0,0,0,4,0,0,0,0,0,0,0,0,0,0,0,0,0,0,0,0,0,0,0,0,0
Erststimme,"03B6P","03",Pankow,6P,B,6P,6,76,O,0,0,0,0,642,642,632,7,91,75,282,80,18,50,19,10,0,0,0,0,0,0,0,0,0,0,1,4,0,0,0,0,0,0,2,0,0,0,0,0,0,0,0,0,0,0,0,0,0,0,0,0,0,0,0,0
Erststimme,"03W700","03",Pankow,"700",W,7C,7,76,O,1240,861,379,0,531,10,526,4,90,73,187,89,39,16,14,5,0,0,0,0,0,0,0,0,0,0,0,11,0,0,0,0,0,0,0,0,0,2,0,0,0,0,0,0,0,0,0,0,0,0,0,0,0,0,0,0
Erststimme,"03W701","03",Pankow,"701",W,7A,7,76,O,1359,883,476,0,460,4,456,2,78,81,110,76,50,19,17,20,0,0,0,0,0,0,0,0,0,0,0,3,0,0,0,0,0,0,0,0,0,2,0,0,0,0,0,0,0,0,0,0,0,0,0,0,0,0,0,0
Erststimme,"03W702","03",Pankow,"702",W,7A,7,76,O,1109,752,357,0,446,11,445,1,73,66,156,63,51,6,8,12,0,0,0,0,0,0,0,0,0,0,0,7,0,0,0,0,0,0,0,0,0,3,0,0,0,0,0,0,0,0,0,0,0,0,0,0,0,0,0,0
Erststimme,"03W703","03",Pankow,"703",W,7B,7,76,O,1348,922,426,0,493,13,487,6,79,91,126,81,62,16,9,12,0,0,0,0,0,0,0,0,0,0,0,9,0,0,0,0,0,0,0,0,0,2,0,0,0,0,0,0,0,0,0,0,0,0,0,0,0,0,0,0
Erststimme,"03W704","03",Pankow,"704",W,7C,7,76,O,1338,1035,303,0,485,9,474,10,73,92,85,83,70,16,27,15,0,0,0,0,0,0,0,0,0,0,0,8,0,0,0,0,0,0,0,0,0,5,0,0,0,0,0,0,0,0,0,0,0,0,0,0,0,0,0,0
Erststimme,"03W705","03",Pankow,"705",W,7D,7,76,O,1092,751,341,0,465,8,464,1,80,87,115,71,55,15,12,17,0,0,0,0,0,0,0,0,0,0,0,10,0,0,0,0,0,0,0,0,0,2,0,0,0,0,0,0,0,0,0,0,0,0,0,0,0,0,0,0
Erststimme,"03W706","03",Pankow,"706",W,7I,7,83,O,1340,906,434,0,416,6,408,8,71,76,67,89,56,5,16,17,0,0,0,0,0,0,0,0,0,0,0,5,0,0,0,0,0,0,0,0,0,6,0,0,0,0,0,0,0,0,0,0,0,0,0,0,0,0,0,0
Erststimme,"03W707","03",Pankow,"707",W,7K,7,83,O,1453,931,522,0,436,12,434,2,68,72,119,99,29,15,8,17,0,0,0,0,0,0,0,0,0,0,0,7,0,0,0,0,0,0,0,0,0,0,0,0,0,0,0,0,0,0,0,0,0,0,0,0,0,0,0,0
Erststimme,"03W708","03",Pankow,"708",W,7M,7,83,O,1335,869,466,0,484,12,480,4,79,70,145,88,36,15,21,16,0,0,0,0,0,0,0,0,0,0,0,8,0,0,0,0,0,0,0,0,0,2,0,0,0,0,0,0,0,0,0,0,0,0,0,0,0,0,0,0
Erststimme,"03W709","03",Pankow,"709",W,7M,7,83,O,1445,980,465,0,514,12,511,3,75,78,150,108,39,16,21,17,0,0,0,0,0,0,0,0,0,0,0,3,0,0,0,0,0,0,0,0,0,4,0,0,0,0,0,0,0,0,0,0,0,0,0,0,0,0,0,0
Erststimme,"03W710","03",Pankow,"710",W,7L,7,83,O,1559,1080,479,0,538,1,530,8,90,98,95,110,75,3,21,26,0,0,0,0,0,0,0,0,0,0,0,7,0,0,0,0,0,0,0,0,0,5,0,0,0,0,0,0,0,0,0,0,0,0,0,0,0,0,0,0
Erststimme,"03W711","03",Pankow,"711",W,7I,7,83,O,1459,981,478,0,456,6,455,1,73,82,99,78,57,12,26,19,0,0,0,0,0,0,0,0,0,0,0,7,0,0,0,0,0,0,0,0,0,2,0,0,0,0,0,0,0,0,0,0,0,0,0,0,0,0,0,0
Erststimme,"03W712","03",Pankow,"712",W,7F,7,76,O,1496,942,554,0,487,5,481,6,77,74,113,109,36,10,18,21,0,0,0,0,0,0,0,0,0,0,0,21,0,0,0,0,0,0,0,0,0,2,0,0,0,0,0,0,0,0,0,0,0,0,0,0,0,0,0,0
Erststimme,"03W713","03",Pankow,"713",W,7H,7,76,O,1155,697,458,0,430,7,427,3,62,61,178,77,17,15,7,4,0,0,0,0,0,0,0,0,0,0,0,6,0,0,0,0,0,0,0,0,0,0,0,0,0,0,0,0,0,0,0,0,0,0,0,0,0,0,0,0
Erststimme,"03W714","03",Pankow,"714",W,7G,7,76,O,1142,682,460,0,424,17,420,4,61,69,135,82,31,7,10,15,0,0,0,0,0,0,0,0,0,0,0,8,0,0,0,0,0,0,0,0,0,2,0,0,0,0,0,0,0,0,0,0,0,0,0,0,0,0,0,0
Erststimme,"03W715","03",Pankow,"715",W,7F,7,76,O,1040,718,322,0,414,4,412,2,69,58,123,80,28,7,19,18,0,0,0,0,0,0,0,0,0,0,0,8,0,0,0,0,0,0,0,0,0,2,0,0,0,0,0,0,0,0,0,0,0,0,0,0,0,0,0,0
Erststimme,"03W716","03",Pankow,"716",W,7E,7,76,O,1325,825,500,0,490,3,489,1,59,67,223,91,19,10,12,4,0,0,0,0,0,0,0,0,0,0,0,4,0,0,0,0,0,0,0,0,0,0,0,0,0,0,0,0,0,0,0,0,0,0,0,0,0,0,0,0
Erststimme,"03W717","03",Pankow,"717",W,7G,7,76,O,1278,787,491,0,436,14,432,4,91,48,141,95,21,11,9,7,0,0,0,0,0,0,0,0,0,0,0,5,0,0,0,0,0,0,0,0,0,4,0,0,0,0,0,0,0,0,0,0,0,0,0,0,0,0,0,0
Erststimme,"03W718","03",Pankow,"718",W,7B,7,76,O,1364,927,437,0,533,8,528,5,77,83,152,91,68,18,15,15,0,0,0,0,0,0,0,0,0,0,0,5,0,0,0,0,0,0,0,0,0,4,0,0,0,0,0,0,0,0,0,0,0,0,0,0,0,0,0,0
Erststimme,"03W719","03",Pankow,"719",W,7D,7,76,O,1287,948,339,0,502,7,499,3,51,83,143,105,58,11,23,14,0,0,0,0,0,0,0,0,0,0,0,9,0,0,0,0,0,0,0,0,0,2,0,0,0,0,0,0,0,0,0,0,0,0,0,0,0,0,0,0
Erststimme,"03W720","03",Pankow,"720",W,7H,7,76,O,1312,848,464,0,497,21,496,1,74,51,211,92,18,13,13,7,0,0,0,0,0,0,0,0,0,0,0,14,0,0,0,0,0,0,0,0,0,3,0,0,0,0,0,0,0,0,0,0,0,0,0,0,0,0,0,0
Erststimme,"03W721","03",Pankow,"721",W,7E,7,76,O,1113,727,386,0,403,13,401,2,49,66,126,84,33,9,12,13,0,0,0,0,0,0,0,0,0,0,0,8,0,0,0,0,0,0,0,0,0,1,0,0,0,0,0,0,0,0,0,0,0,0,0,0,0,0,0,0
Erststimme,"03W722","03",Pankow,"722",W,7K,7,83,O,992,612,380,0,310,7,310,0,54,51,83,68,32,6,4,9,0,0,0,0,0,0,0,0,0,0,0,2,0,0,0,0,0,0,0,0,0,1,0,0,0,0,0,0,0,0,0,0,0,0,0,0,0,0,0,0
Erststimme,"03B7A","03",Pankow,7A,B,7A,7,76,O,0,0,0,0,722,722,715,1,118,131,254,81,43,27,18,24,0,0,0,0,0,0,0,0,0,0,0,7,0,0,0,0,0,0,0,0,0,12,0,0,0,0,0,0,0,0,0,0,0,0,0,0,0,0,0,0
Erststimme,"03B7B","03",Pankow,7B,B,7B,7,76,O,0,0,0,0,757,757,750,4,115,142,223,125,38,27,27,32,0,0,0,0,0,0,0,0,0,0,0,8,0,0,0,0,0,0,0,0,0,13,0,0,0,0,0,0,0,0,0,0,0,0,0,0,0,0,0,0
Erststimme,"03B7C","03",Pankow,7C,B,7C,7,76,O,0,0,0,0,581,581,575,5,96,122,169,87,31,22,19,20,0,0,0,0,0,0,0,0,0,0,0,5,0,0,0,0,0,0,0,0,0,4,0,0,0,0,0,0,0,0,0,0,0,0,0,0,0,0,0,0
Erststimme,"03B7D","03",Pankow,7D,B,7D,7,76,O,0,0,0,0,579,579,572,4,101,92,169,97,45,20,19,18,0,0,0,0,0,0,0,0,0,0,0,5,0,0,0,0,0,0,0,0,0,6,0,0,0,0,0,0,0,0,0,0,0,0,0,0,0,0,0,0
Erststimme,"03B7E","03",Pankow,7E,B,7E,7,76,O,0,0,0,0,786,786,783,3,100,123,310,129,30,30,25,25,0,0,0,0,0,0,0,0,0,0,0,6,0,0,0,0,0,0,0,0,0,5,0,0,0,0,0,0,0,0,0,0,0,0,0,0,0,0,0,0
Erststimme,"03B7F","03",Pankow,7F,B,7F,7,76,O,0,0,0,0,771,771,766,4,130,120,250,165,38,18,16,19,0,0,0,0,0,0,0,0,0,0,0,5,0,0,0,0,0,0,0,0,0,5,0,0,0,0,0,0,0,0,0,0,0,0,0,0,0,0,0,0
Erststimme,"03B7G","03",Pankow,7G,B,7G,7,76,O,0,0,0,0,814,814,804,5,125,121,316,130,28,33,20,17,0,0,0,0,0,0,0,0,0,0,0,6,0,0,0,0,0,0,0,0,0,8,0,0,0,0,0,0,0,0,0,0,0,0,0,0,0,0,0,0
Erststimme,"03B7H","03",Pankow,7H,B,7H,7,76,O,0,0,0,0,818,818,814,4,110,111,343,137,21,35,20,21,0,0,0,0,0,0,0,0,0,0,0,12,0,0,0,0,0,0,0,0,0,4,0,0,0,0,0,0,0,0,0,0,0,0,0,0,0,0,0,0
Erststimme,"03B7I","03",Pankow,7I,B,7I,7,83,O,0,0,0,0,815,815,814,1,130,183,192,151,42,28,29,49,0,0,0,0,0,0,0,0,0,0,0,3,0,0,0,0,0,0,0,0,0,7,0,0,0,0,0,0,0,0,0,0,0,0,0,0,0,0,0,0
Erststimme,"03B7K","03",Pankow,7K,B,7K,7,83,O,0,0,0,0,789,789,786,3,123,128,260,142,35,41,21,24,0,0,0,0,0,0,0,0,0,0,0,7,0,0,0,0,0,0,0,0,0,5,0,0,0,0,0,0,0,0,0,0,0,0,0,0,0,0,0,0
Erststimme,"03B7L","03",Pankow,7L,B,7L,7,83,O,0,0,0,0,548,548,545,1,81,129,130,103,31,18,16,24,0,0,0,0,0,0,0,0,0,0,0,10,0,0,0,0,0,0,0,0,0,3,0,0,0,0,0,0,0,0,0,0,0,0,0,0,0,0,0,0
Erststimme,"03B7M","03",Pankow,7M,B,7M,7,83,O,0,0,0,0,847,847,842,3,121,113,276,196,28,24,44,24,0,0,0,0,0,0,0,0,0,0,0,6,0,0,0,0,0,0,0,0,0,10,0,0,0,0,0,0,0,0,0,0,0,0,0,0,0,0,0,0
Erststimme,"03W800","03",Pankow,"800",W,8I,8,83,O,1670,1223,447,0,584,6,578,6,91,114,55,138,106,14,15,22,11,0,0,0,0,0,0,0,0,0,0,8,0,0,0,0,0,0,0,0,0,4,0,0,0,0,0,0,0,0,0,0,0,0,0,0,0,0,0,0
Erststimme,"03W801","03",Pankow,"801",W,8K,8,83,O,1016,669,347,0,375,11,373,2,55,47,132,65,22,18,13,8,6,0,0,0,0,0,0,0,0,0,0,6,0,0,0,0,0,0,0,0,0,1,0,0,0,0,0,0,0,0,0,0,0,0,0,0,0,0,0,0
Erststimme,"03W802","03",Pankow,"802",W,8I,8,83,O,1118,737,381,0,467,16,464,3,53,57,177,104,19,17,11,11,4,0,0,0,0,0,0,0,0,0,0,8,0,0,0,0,0,0,0,0,0,3,0,0,0,0,0,0,0,0,0,0,0,0,0,0,0,0,0,0
Erststimme,"03W803","03",Pankow,"803",W,8K,8,83,O,1278,818,460,0,535,19,529,6,85,76,194,100,25,20,11,12,1,0,0,0,0,0,0,0,0,0,0,4,0,0,0,0,0,0,0,0,0,1,0,0,0,0,0,0,0,0,0,0,0,0,0,0,0,0,0,0
Erststimme,"03W804","03",Pankow,"804",W,8M,8,83,O,764,512,252,0,327,7,327,0,38,45,134,63,14,12,7,6,1,0,0,0,0,0,0,0,0,0,0,6,0,0,0,0,0,0,0,0,0,1,0,0,0,0,0,0,0,0,0,0,0,0,0,0,0,0,0,0
Erststimme,"03W805","03",Pankow,"805",W,8L,8,83,O,790,505,285,0,327,13,327,0,48,30,138,70,15,9,6,4,0,0,0,0,0,0,0,0,0,0,0,6,0,0,0,0,0,0,0,0,0,1,0,0,0,0,0,0,0,0,0,0,0,0,0,0,0,0,0,0
Erststimme,"03W806","03",Pankow,"806",W,8M,8,83,O,1330,787,543,0,470,20,470,0,70,64,192,76,14,25,6,12,3,0,0,0,0,0,0,0,0,0,0,7,0,0,0,0,0,0,0,0,0,1,0,0,0,0,0,0,0,0,0,0,0,0,0,0,0,0,0,0
Erststimme,"03W807","03",Pankow,"807",W,8N,8,83,O,1044,649,395,0,427,13,426,1,62,53,184,67,14,21,5,11,1,0,0,0,0,0,0,0,0,0,0,8,0,0,0,0,0,0,0,0,0,0,0,0,0,0,0,0,0,0,0,0,0,0,0,0,0,0,0,0
Erststimme,"03W808","03",Pankow,"808",W,8P,8,83,O,1169,697,472,0,468,16,467,1,51,66,188,93,20,22,11,11,1,0,0,0,0,0,0,0,0,0,0,3,0,0,0,0,0,0,0,0,0,1,0,0,0,0,0,0,0,0,0,0,0,0,0,0,0,0,0,0
Erststimme,"03W809","03",Pankow,"809",W,8P,8,83,O,1189,855,334,0,455,9,448,7,112,85,64,81,48,20,12,21,3,0,0,0,0,0,0,0,0,0,0,1,0,0,0,0,0,0,0,0,0,1,0,0,0,0,0,0,0,0,0,0,0,0,0,0,0,0,0,0
Erststimme,"03W810","03",Pankow,"810",W,8L,8,83,O,1335,807,528,0,496,20,494,2,54,70,212,90,13,25,11,10,0,0,0,0,0,0,0,0,0,0,0,7,0,0,0,0,0,0,0,0,0,2,0,0,0,0,0,0,0,0,0,0,0,0,0,0,0,0,0,0
Erststimme,"03W811","03",Pankow,"811",W,8F,8,76,O,1388,816,572,0,496,13,494,2,77,60,166,108,18,17,21,14,2,0,0,0,0,0,0,0,0,0,0,7,0,0,0,0,0,0,0,0,0,4,0,0,0,0,0,0,0,0,0,0,0,0,0,0,0,0,0,0
Erststimme,"03W812","03",Pankow,"812",W,8E,8,76,O,1146,683,463,0,438,16,435,3,65,90,147,68,15,18,14,8,4,0,0,0,0,0,0,0,0,0,0,6,0,0,0,0,0,0,0,0,0,0,0,0,0,0,0,0,0,0,0,0,0,0,0,0,0,0,0,0
Erststimme,"03W813","03",Pankow,"813",W,8E,8,76,O,1115,674,441,0,425,18,424,1,67,52,164,90,17,14,9,6,2,0,0,0,0,0,0,0,0,0,0,2,0,0,0,0,0,0,0,0,0,1,0,0,0,0,0,0,0,0,0,0,0,0,0,0,0,0,0,0
Erststimme,"03W814","03",Pankow,"814",W,8G,8,76,O,1520,970,550,0,615,29,613,2,71,82,243,122,25,31,16,8,2,0,0,0,0,0,0,0,0,0,0,11,0,0,0,0,0,0,0,0,0,2,0,0,0,0,0,0,0,0,0,0,0,0,0,0,0,0,0,0
Erststimme,"03W815","03",Pankow,"815",W,8D,8,76,O,1566,929,637,0,586,19,585,1,74,66,237,143,18,14,15,9,0,0,0,0,0,0,0,0,0,0,0,8,0,0,0,0,0,0,0,0,0,1,0,0,0,0,0,0,0,0,0,0,0,0,0,0,0,0,0,0
Erststimme,"03W816","03",Pankow,"816",W,8A,8,76,O,1006,714,292,0,454,9,452,2,84,51,155,96,16,13,17,10,3,0,0,0,0,0,0,0,0,0,0,5,0,0,0,0,0,0,0,0,0,2,0,0,0,0,0,0,0,0,0,0,0,0,0,0,0,0,0,0
Erststimme,"03W817","03",Pankow,"817",W,8A,8,76,O,1279,793,486,0,422,14,421,1,70,44,163,87,15,20,12,5,0,0,0,0,0,0,0,0,0,0,0,5,0,0,0,0,0,0,0,0,0,0,0,0,0,0,0,0,0,0,0,0,0,0,0,0,0,0,0,0
Erststimme,"03W818","03",Pankow,"818",W,8C,8,76,O,1293,768,525,0,461,16,461,0,72,61,166,102,20,16,11,10,1,0,0,0,0,0,0,0,0,0,0,2,0,0,0,0,0,0,0,0,0,0,0,0,0,0,0,0,0,0,0,0,0,0,0,0,0,0,0,0
Erststimme,"03W819","03",Pankow,"819",W,8C,8,76,O,960,621,339,0,391,10,390,1,54,27,160,94,12,17,14,4,4,0,0,0,0,0,0,0,0,0,0,3,0,0,0,0,0,0,0,0,0,1,0,0,0,0,0,0,0,0,0,0,0,0,0,0,0,0,0,0
Erststimme,"03W820","03",Pankow,"820",W,8B,8,76,O,1139,689,450,0,417,12,411,6,77,49,151,71,14,17,12,7,3,0,0,0,0,0,0,0,0,0,0,8,0,0,0,0,0,0,0,0,0,2,0,0,0,0,0,0,0,0,0,0,0,0,0,0,0,0,0,0
Erststimme,"03W821","03",Pankow,"821",W,8F,8,76,O,1063,650,413,0,373,12,369,4,46,41,143,77,13,17,13,3,4,0,0,0,0,0,0,0,0,0,0,12,0,0,0,0,0,0,0,0,0,0,0,0,0,0,0,0,0,0,0,0,0,0,0,0,0,0,0,0
Erststimme,"03W822","03",Pankow,"822",W,8H,8,76,O,1257,738,519,0,439,22,434,5,59,84,143,68,16,31,11,13,3,0,0,0,0,0,0,0,0,0,0,6,0,0,0,0,0,0,0,0,0,0,0,0,0,0,0,0,0,0,0,0,0,0,0,0,0,0,0,0
Erststimme,"03W823","03",Pankow,"823",W,8B,8,76,O,1298,798,500,0,535,15,532,3,102,89,167,103,19,16,11,14,2,0,0,0,0,0,0,0,0,0,0,9,0,0,0,0,0,0,0,0,0,0,0,0,0,0,0,0,0,0,0,0,0,0,0,0,0,0,0,0
Erststimme,"03B8A","03",Pankow,8A,B,8A,8,76,O,0,0,0,0,678,678,675,1,97,84,310,103,11,32,14,12,3,0,0,0,0,0,0,0,0,0,0,8,0,0,0,0,0,0,0,0,0,1,0,0,0,0,0,0,0,0,0,0,0,0,0,0,0,0,0,0
Erststimme,"03B8B","03",Pankow,8B,B,8B,8,76,O,0,0,0,0,819,819,814,4,125,118,341,118,14,44,16,14,6,0,0,0,0,0,0,0,0,0,0,15,0,0,0,0,0,0,0,0,0,3,0,0,0,0,0,0,0,0,0,0,0,0,0,0,0,0,0,0
Erststimme,"03B8C","03",Pankow,8C,B,8C,8,76,O,0,0,0,0,758,758,757,1,90,126,290,126,20,57,15,18,2,0,0,0,0,0,0,0,0,0,0,9,0,0,0,0,0,0,0,0,0,4,0,0,0,0,0,0,0,0,0,0,0,0,0,0,0,0,0,0
Erststimme,"03B8D","03",Pankow,8D,B,8D,8,76,O,0,0,0,0,567,567,565,1,83,72,230,104,5,35,13,13,0,0,0,0,0,0,0,0,0,0,0,7,0,0,0,0,0,0,0,0,0,3,0,0,0,0,0,0,0,0,0,0,0,0,0,0,0,0,0,0
Erststimme,"03B8E","03",Pankow,8E,B,8E,8,76,O,0,0,0,0,798,798,790,8,112,150,299,132,18,44,8,13,3,0,0,0,0,0,0,0,0,0,0,9,0,0,0,0,0,0,0,0,0,2,0,0,0,0,0,0,0,0,0,0,0,0,0,0,0,0,0,0
Erststimme,"03B8F","03",Pankow,8F,B,8F,8,76,O,0,0,0,0,867,867,862,5,113,133,338,152,23,55,22,8,5,0,0,0,0,0,0,0,0,0,0,12,0,0,0,0,0,0,0,0,0,1,0,0,0,0,0,0,0,0,0,0,0,0,0,0,0,0,0,0
Erststimme,"03B8G","03",Pankow,8G,B,8G,8,76,O,0,0,0,0,450,450,447,3,63,67,189,59,10,28,11,3,5,0,0,0,0,0,0,0,0,0,0,4,0,0,0,0,0,0,0,0,0,8,0,0,0,0,0,0,0,0,0,0,0,0,0,0,0,0,0,0
Erststimme,"03B8H","03",Pankow,8H,B,8H,8,76,O,0,0,0,0,459,459,456,3,62,96,171,61,12,34,9,6,1,0,0,0,0,0,0,0,0,0,0,3,0,0,0,0,0,0,0,0,0,1,0,0,0,0,0,0,0,0,0,0,0,0,0,0,0,0,0,0
Erststimme,"03B8I","03",Pankow,8I,B,8I,8,83,O,0,0,0,0,727,727,718,8,128,131,180,150,60,14,15,25,6,0,0,0,0,0,0,0,0,0,0,5,0,0,0,0,0,0,0,0,0,4,0,0,0,0,0,0,0,0,0,0,0,0,0,0,0,0,0,0
Erststimme,"03B8K","03",Pankow,8K,B,8K,8,83,O,0,0,0,0,696,696,695,1,97,108,285,107,18,43,19,9,1,0,0,0,0,0,0,0,0,0,0,5,0,0,0,0,0,0,0,0,0,3,0,0,0,0,0,0,0,0,0,0,0,0,0,0,0,0,0,0
Erststimme,"03B8L","03",Pankow,8L,B,8L,8,83,O,0,0,0,0,697,697,697,0,98,98,308,102,15,37,16,13,4,0,0,0,0,0,0,0,0,0,0,6,0,0,0,0,0,0,0,0,0,0,0,0,0,0,0,0,0,0,0,0,0,0,0,0,0,0,0,0
Erststimme,"03B8M","03",Pankow,8M,B,8M,8,83,O,0,0,0,0,699,699,696,2,87,90,320,95,13,46,22,17,2,0,0,0,0,0,0,0,0,0,0,2,0,0,0,0,0,0,0,0,0,2,0,0,0,0,0,0,0,0,0,0,0,0,0,0,0,0,0,0
Erststimme,"03B8N","03",Pankow,8N,B,8N,8,83,O,0,0,0,0,447,447,446,0,68,53,195,70,8,34,4,8,2,0,0,0,0,0,0,0,0,0,0,3,0,0,0,0,0,0,0,0,0,1,0,0,0,0,0,0,0,0,0,0,0,0,0,0,0,0,0,0
Erststimme,"03B8P","03",Pankow,8P,B,8P,8,83,O,0,0,0,0,707,707,704,3,133,128,202,121,35,44,14,12,5,0,0,0,0,0,0,0,0,0,0,6,0,0,0,0,0,0,0,0,0,4,0,0,0,0,0,0,0,0,0,0,0,0,0,0,0,0,0,0
Erststimme,"03W900","03",Pankow,"900",W,9C,9,76,O,1258,796,462,0,499,16,493,6,115,84,127,57,45,28,18,11,0,0,0,0,0,0,0,0,0,0,0,6,0,0,0,0,0,0,0,0,0,2,0,0,0,0,0,0,0,0,0,0,0,0,0,0,0,0,0,0
Erststimme,"03W901","03",Pankow,"901",W,9A,9,76,O,1321,946,375,0,597,8,593,4,145,97,136,110,38,10,30,18,0,0,0,0,0,0,0,0,0,0,0,3,0,2,0,0,0,0,0,0,0,4,0,0,0,0,0,0,0,0,0,0,0,0,0,0,0,0,0,0
Erststimme,"03W902","03",Pankow,"902",W,9C,9,76,O,1380,1046,334,0,607,8,600,7,150,135,35,95,114,18,12,24,0,0,0,0,0,0,0,0,0,0,0,11,0,1,0,0,0,0,0,0,0,5,0,0,0,0,0,0,0,0,0,0,0,0,0,0,0,0,0,0
Erststimme,"03W903","03",Pankow,"903",W,9B,9,76,O,1277,825,452,0,517,10,516,1,129,67,163,56,46,19,8,10,0,0,0,0,0,0,0,0,0,0,0,16,0,0,0,0,0,0,0,0,0,2,0,0,0,0,0,0,0,0,0,0,0,0,0,0,0,0,0,0
Erststimme,"03W904","03",Pankow,"904",W,9B,9,76,O,1343,854,489,0,497,0,491,6,108,83,132,71,32,21,21,15,0,0,0,0,0,0,0,0,0,0,0,6,0,0,0,0,0,0,0,0,0,2,0,0,0,0,0,0,0,0,0,0,0,0,0,0,0,0,0,0
Erststimme,"03W905","03",Pankow,"905",W,9D,9,83,O,1244,876,368,0,442,0,434,7,128,104,36,69,57,4,10,15,0,0,0,0,0,0,0,0,0,0,0,7,0,0,0,0,0,0,0,0,0,4,0,0,0,0,0,0,0,0,0,0,0,0,0,0,0,0,0,0
Erststimme,"03W906","03",Pankow,"906",W,9G,9,83,O,1045,718,327,0,351,5,346,5,83,89,15,50,71,7,7,16,0,0,0,0,0,0,0,0,0,0,0,5,0,0,0,0,0,0,0,0,0,3,0,0,0,0,0,0,0,0,0,0,0,0,0,0,0,0,0,0
Erststimme,"03W907","03",Pankow,"907",W,9F,9,83,O,1063,742,321,0,371,4,361,10,89,98,19,47,69,9,8,17,0,0,0,0,0,0,0,0,0,0,0,4,0,0,0,0,0,0,0,0,0,1,0,0,0,0,0,0,0,0,0,0,0,0,0,0,0,0,0,0
Erststimme,"03W908","03",Pankow,"908",W,9E,9,83,O,1473,1119,354,0,479,2,468,11,128,119,40,67,62,5,13,24,0,0,0,0,0,0,0,0,0,0,0,8,0,0,0,0,0,0,0,0,0,2,0,0,0,0,0,0,0,0,0,0,0,0,0,0,0,0,0,0
Erststimme,"03W909","03",Pankow,"909",W,9E,9,83,O,982,657,325,0,419,5,417,2,101,116,42,52,76,5,7,11,0,0,0,0,0,0,0,0,0,0,0,5,0,2,0,0,0,0,0,0,0,0,0,0,0,0,0,0,0,0,0,0,0,0,0,0,0,0,0,0
Erststimme,"03W910","03",Pankow,"910",W,9H,9,83,O,1075,855,220,0,302,0,295,6,68,64,29,61,48,6,6,10,0,0,0,0,0,0,0,0,0,0,0,2,0,1,0,0,0,0,0,0,0,0,0,0,0,0,0,0,0,0,0,0,0,0,0,0,0,0,0,0
Erststimme,"03W911","03",Pankow,"911",W,9P,9,83,O,1337,944,393,0,476,18,472,4,86,59,124,96,54,16,20,12,0,0,0,0,0,0,0,0,0,0,0,3,0,0,0,0,0,0,0,0,0,2,0,0,0,0,0,0,0,0,0,0,0,0,0,0,0,0,0,0
Erststimme,"03W912","03",Pankow,"912",W,9H,9,83,O,1416,943,473,0,479,15,475,4,99,70,120,87,52,11,13,18,0,0,0,0,0,0,0,0,0,0,0,3,0,1,0,0,0,0,0,0,0,1,0,0,0,0,0,0,0,0,0,0,0,0,0,0,0,0,0,0
Erststimme,"03W913","03",Pankow,"913",W,9I,9,83,O,864,589,275,0,300,3,297,3,59,58,63,52,35,9,9,9,0,0,0,0,0,0,0,0,0,0,0,1,0,1,0,0,0,0,0,0,0,1,0,0,0,0,0,0,0,0,0,0,0,0,0,0,0,0,0,0
Erststimme,"03W914","03",Pankow,"914",W,9L,9,83,O,1162,681,481,0,373,14,372,1,80,40,120,66,17,14,13,10,0,0,0,0,0,0,0,0,0,0,0,11,0,0,0,0,0,0,0,0,0,1,0,0,0,0,0,0,0,0,0,0,0,0,0,0,0,0,0,0
Erststimme,"03W915","03",Pankow,"915",W,9K,9,83,O,835,559,276,0,302,3,299,3,88,46,68,48,26,2,7,9,0,0,0,0,0,0,0,0,0,0,0,2,0,1,0,0,0,0,0,0,0,2,0,0,0,0,0,0,0,0,0,0,0,0,0,0,0,0,0,0
Erststimme,"03W916","03",Pankow,"916",W,9L,9,83,O,1290,761,529,0,502,18,502,0,85,66,201,82,12,21,10,17,0,0,0,0,0,0,0,0,0,0,0,8,0,0,0,0,0,0,0,0,0,0,0,0,0,0,0,0,0,0,0,0,0,0,0,0,0,0,0,0
Erststimme,"03W917","03",Pankow,"917",W,9N,9,83,O,1518,887,631,0,544,9,543,1,114,51,215,82,28,15,16,12,0,0,0,0,0,0,0,0,0,0,0,6,0,2,0,0,0,0,0,0,0,2,0,0,0,0,0,0,0,0,0,0,0,0,0,0,0,0,0,0
Erststimme,"03W918","03",Pankow,"918",W,9M,9,83,O,1420,823,597,0,529,18,523,3,140,57,181,90,17,15,9,12,0,0,0,0,0,0,0,0,0,0,0,0,0,0,0,0,0,0,0,0,0,2,0,0,0,0,0,0,0,0,0,0,0,0,0,0,0,0,0,0
Erststimme,"03W919","03",Pankow,"919",W,9M,9,83,O,1156,667,489,0,460,17,457,3,133,42,147,72,15,9,14,11,0,0,0,0,0,0,0,0,0,0,0,12,0,0,0,0,0,0,0,0,0,2,0,0,0,0,0,0,0,0,0,0,0,0,0,0,0,0,0,0
Erststimme,"03W920","03",Pankow,"920",W,9F,9,83,O,1085,771,314,0,339,1,334,5,117,77,13,48,55,8,6,3,0,0,0,0,0,0,0,0,0,0,0,2,0,0,0,0,0,0,0,0,0,5,0,0,0,0,0,0,0,0,0,0,0,0,0,0,0,0,0,0
Erststimme,"03W921","03",Pankow,"921",W,9G,9,83,O,1089,771,318,0,370,3,362,8,81,47,59,85,53,9,7,12,0,0,0,0,0,0,0,0,0,0,0,7,0,0,0,0,0,0,0,0,0,2,0,0,0,0,0,0,0,0,0,0,0,0,0,0,0,0,0,0
Erststimme,"03W922","03",Pankow,"922",W,9Q,9,83,O,1660,889,771,0,663,30,657,5,231,130,177,59,21,18,7,7,0,0,0,0,0,0,0,0,0,0,0,5,0,0,0,0,0,0,0,0,0,2,0,0,0,0,0,0,0,0,0,0,0,0,0,0,0,0,0,0
Erststimme,"03W923","03",Pankow,"923",W,9D,9,83,O,597,474,123,0,146,2,143,3,69,25,7,25,8,4,0,5,0,0,0,0,0,0,0,0,0,0,0,0,0,0,0,0,0,0,0,0,0,0,0,0,0,0,0,0,0,0,0,0,0,0,0,0,0,0,0,0
Erststimme,"03W924","03",Pankow,"924",W,9I,9,83,O,1339,743,596,0,406,20,404,2,100,41,122,81,27,5,11,8,0,0,0,0,0,0,0,0,0,0,0,8,0,0,0,0,0,0,0,0,0,1,0,0,0,0,0,0,0,0,0,0,0,0,0,0,0,0,0,0
Erststimme,"03W925","03",Pankow,"925",W,9N,9,83,O,1256,743,513,0,436,14,433,3,83,67,165,55,13,22,13,6,0,0,0,0,0,0,0,0,0,0,0,7,0,0,0,0,0,0,0,0,0,2,0,0,0,0,0,0,0,0,0,0,0,0,0,0,0,0,0,0
Erststimme,"03W926","03",Pankow,"926",W,9K,9,83,O,1368,920,448,0,503,17,497,6,100,60,125,97,47,18,19,19,0,0,0,0,0,0,0,0,0,0,0,8,0,1,0,0,0,0,0,0,0,3,0,0,0,0,0,0,0,0,0,0,0,0,0,0,0,0,0,0
Erststimme,"03B9A","03",Pankow,9A,B,9A,9,76,O,0,0,0,0,383,383,381,2,82,60,117,65,24,3,12,9,0,0,0,0,0,0,0,0,0,0,0,6,0,0,0,0,0,0,0,0,0,3,0,0,0,0,0,0,0,0,0,0,0,0,0,0,0,0,0,0
Erststimme,"03B9B","03",Pankow,9B,B,9B,9,76,O,0,0,0,0,841,841,829,3,193,144,236,128,45,26,22,27,0,0,0,0,0,0,0,0,0,0,0,6,0,0,0,0,0,0,0,0,0,2,0,0,0,0,0,0,0,0,0,0,0,0,0,0,0,0,0,0
Erststimme,"03B9C","03",Pankow,9C,B,9C,9,76,O,0,0,0,0,703,703,699,4,204,156,113,108,61,11,16,23,0,0,0,0,0,0,0,0,0,0,0,6,0,0,0,0,0,0,0,0,0,1,0,0,0,0,0,0,0,0,0,0,0,0,0,0,0,0,0,0
Erststimme,"03B9D","03",Pankow,9D,B,9D,9,83,O,0,0,0,0,431,431,430,1,169,76,26,68,35,14,12,20,0,0,0,0,0,0,0,0,0,0,0,4,0,0,0,0,0,0,0,0,0,6,0,0,0,0,0,0,0,0,0,0,0,0,0,0,0,0,0,0
Erststimme,"03B9E","03",Pankow,9E,B,9E,9,83,O,0,0,0,0,596,596,591,4,179,132,61,97,60,22,11,19,0,0,0,0,0,0,0,0,0,0,0,3,0,0,0,0,0,0,0,0,0,7,0,0,0,0,0,0,0,0,0,0,0,0,0,0,0,0,0,0
Erststimme,"03B9F","03",Pankow,9F,B,9F,9,83,O,0,0,0,0,573,573,572,0,247,112,34,77,62,12,6,12,0,0,0,0,0,0,0,0,0,0,0,4,0,1,0,0,0,0,0,0,0,5,0,0,0,0,0,0,0,0,0,0,0,0,0,0,0,0,0,0
Erststimme,"03B9G","03",Pankow,9G,B,9G,9,83,O,0,0,0,0,587,587,585,2,197,106,56,107,53,22,17,19,0,0,0,0,0,0,0,0,0,0,0,1,0,1,0,0,0,0,0,0,0,6,0,0,0,0,0,0,0,0,0,0,0,0,0,0,0,0,0,0
Erststimme,"03B9H","03",Pankow,9H,B,9H,9,83,O,0,0,0,0,591,591,590,1,139,127,108,95,32,30,20,31,0,0,0,0,0,0,0,0,0,0,0,0,0,3,0,0,0,0,0,0,0,5,0,0,0,0,0,0,0,0,0,0,0,0,0,0,0,0,0,0
Erststimme,"03B9I","03",Pankow,9I,B,9I,9,83,O,0,0,0,0,769,769,767,1,215,78,250,106,38,22,25,24,0,0,0,0,0,0,0,0,0,0,0,8,0,0,0,0,0,0,0,0,0,1,0,0,0,0,0,0,0,0,0,0,0,0,0,0,0,0,0,0
Erststimme,"03B9K","03",Pankow,9K,B,9K,9,83,O,0,0,0,0,633,633,631,2,131,95,194,104,34,23,22,21,0,0,0,0,0,0,0,0,0,0,0,3,0,2,0,0,0,0,0,0,0,2,0,0,0,0,0,0,0,0,0,0,0,0,0,0,0,0,0,0
Erststimme,"03B9L","03",Pankow,9L,B,9L,9,83,O,0,0,0,0,882,882,880,2,170,128,340,119,26,38,24,25,0,0,0,0,0,0,0,0,0,0,0,8,0,1,0,0,0,0,0,0,0,1,0,0,0,0,0,0,0,0,0,0,0,0,0,0,0,0,0,0
Erststimme,"03B9M","03",Pankow,9M,B,9M,9,83,O,0,0,0,0,961,961,955,2,211,136,348,149,29,34,18,20,0,0,0,0,0,0,0,0,0,0,0,6,0,1,0,0,0,0,0,0,0,3,0,0,0,0,0,0,0,0,0,0,0,0,0,0,0,0,0,0
Erststimme,"03B9N","03",Pankow,9N,B,9N,9,83,O,0,0,0,0,994,994,992,2,212,157,401,125,22,41,13,13,0,0,0,0,0,0,0,0,0,0,0,5,0,1,0,0,0,0,0,0,0,2,0,0,0,0,0,0,0,0,0,0,0,0,0,0,0,0,0,0
Erststimme,"03B9P","03",Pankow,9P,B,9P,9,83,O,0,0,0,0,334,334,333,1,69,46,110,57,17,10,7,14,0,0,0,0,0,0,0,0,0,0,0,0,0,0,0,0,0,0,0,0,0,3,0,0,0,0,0,0,0,0,0,0,0,0,0,0,0,0,0,0
Erststimme,"03B9Q","03",Pankow,9Q,B,9Q,9,83,O,0,0,0,0,677,677,673,2,224,118,192,59,21,39,11,8,0,0,0,0,0,0,0,0,0,0,0,0,0,0,0,0,0,0,0,0,0,1,0,0,0,0,0,0,0,0,0,0,0,0,0,0,0,0,0,0
Erststimme,"04W101","04",Charlottenburg-Wilmersdorf,"101",W,1A,1,78,W,1114,832,282,0,324,1,322,2,65,99,38,23,48,15,7,17,0,0,0,0,0,0,0,0,0,0,0,2,0,0,0,0,0,0,0,0,0,6,0,0,0,0,0,0,0,0,0,0,0,0,2,0,0,0,0,0
Erststimme,"04W102","04",Charlottenburg-Wilmersdorf,"102",W,1B,1,78,W,660,507,153,0,155,1,153,2,46,27,26,8,18,11,2,12,0,0,0,0,0,0,0,0,0,0,0,1,0,0,0,0,0,0,0,0,0,1,0,0,0,0,0,0,0,0,0,0,0,0,1,0,0,0,0,0
Erststimme,"04W103","04",Charlottenburg-Wilmersdorf,"103",W,1C,1,78,W,1238,899,339,0,406,5,398,8,78,144,43,29,57,18,8,16,0,0,0,0,0,0,0,0,0,0,0,3,0,0,0,0,0,0,0,0,0,1,0,0,0,0,0,0,0,0,0,0,0,0,1,0,0,0,0,0
Erststimme,"04W104","04",Charlottenburg-Wilmersdorf,"104",W,1D,1,78,W,1032,851,181,0,279,0,273,6,68,97,13,24,41,14,3,7,0,0,0,0,0,0,0,0,0,0,0,2,0,0,0,0,0,0,0,0,0,0,0,0,0,0,0,0,0,0,0,0,0,0,4,0,0,0,0,0
Erststimme,"04W105","04",Charlottenburg-Wilmersdorf,"105",W,1E,1,78,W,1118,927,191,0,316,2,300,16,68,81,36,40,41,9,5,16,0,0,0,0,0,0,0,0,0,0,0,3,0,0,0,0,0,0,0,0,0,1,0,0,0,0,0,0,0,0,0,0,0,0,0,0,0,0,0,0
Erststimme,"04W106","04",Charlottenburg-Wilmersdorf,"106",W,1F,1,78,W,990,743,247,0,253,2,248,5,70,59,33,21,36,14,3,6,0,0,0,0,0,0,0,0,0,0,0,4,0,0,0,0,0,0,0,0,0,1,0,0,0,0,0,0,0,0,0,0,0,0,1,0,0,0,0,0
Erststimme,"04W107","04",Charlottenburg-Wilmersdorf,"107",W,1G,1,78,W,1155,904,251,0,336,2,330,6,73,137,15,16,56,16,2,10,0,0,0,0,0,0,0,0,0,0,0,2,0,0,0,0,0,0,0,0,0,1,0,0,0,0,0,0,0,0,0,0,0,0,2,0,0,0,0,0
Erststimme,"04W108","04",Charlottenburg-Wilmersdorf,"108",W,1H,1,78,W,459,351,108,0,160,0,159,1,34,59,14,11,24,4,3,7,0,0,0,0,0,0,0,0,0,0,0,2,0,0,0,0,0,0,0,0,0,1,0,0,0,0,0,0,0,0,0,0,0,0,0,0,0,0,0,0
Erststimme,"04W109","04",Charlottenburg-Wilmersdorf,"109",W,1I,1,78,W,1061,849,212,0,263,1,259,4,46,102,17,19,46,13,2,10,0,0,0,0,0,0,0,0,0,0,0,3,0,0,0,0,0,0,0,0,0,0,0,0,0,0,0,0,0,0,0,0,0,0,1,0,0,0,0,0
Erststimme,"04W110","04",Charlottenburg-Wilmersdorf,"110",W,1J,1,78,W,1151,860,291,0,344,4,336,8,97,121,22,19,51,12,1,9,0,0,0,0,0,0,0,0,0,0,0,3,0,0,0,0,0,0,0,0,0,0,0,0,0,0,0,0,0,0,0,0,0,0,1,0,0,0,0,0
Erststimme,"04W111","04",Charlottenburg-Wilmersdorf,"111",W,1H,1,78,W,981,777,204,0,285,1,279,6,57,111,20,11,43,19,5,9,0,0,0,0,0,0,0,0,0,0,0,1,0,0,0,0,0,0,0,0,0,1,0,0,0,0,0,0,0,0,0,0,0,0,2,0,0,0,0,0
Erststimme,"04W112","04",Charlottenburg-Wilmersdorf,"112",W,1K,1,78,W,1137,868,269,0,415,5,408,5,106,83,82,44,39,19,10,14,0,0,0,0,0,0,0,0,0,0,0,7,0,0,0,0,0,0,0,0,0,3,0,0,0,0,0,0,0,0,0,0,0,0,1,0,0,0,0,0
Erststimme,"04W113","04",Charlottenburg-Wilmersdorf,"113",W,1L,1,78,W,1297,923,374,0,492,0,488,4,115,114,113,50,37,24,9,19,0,0,0,0,0,0,0,0,0,0,0,6,0,0,0,0,0,0,0,0,0,0,0,0,0,0,0,0,0,0,0,0,0,0,1,0,0,0,0,0
Erststimme,"04W114","04",Charlottenburg-Wilmersdorf,"114",W,1M,1,78,W,1151,783,368,0,402,7,396,6,86,91,100,36,35,14,12,14,0,0,0,0,0,0,0,0,0,0,0,5,0,0,0,0,0,0,0,0,0,2,0,0,0,0,0,0,0,0,0,0,0,0,1,0,0,0,0,0
Erststimme,"04W115","04",Charlottenburg-Wilmersdorf,"115",W,1N,1,78,W,1126,775,351,0,427,3,424,2,92,77,125,58,31,17,4,13,0,0,0,0,0,0,0,0,0,0,0,7,0,0,0,0,0,0,0,0,0,0,0,0,0,0,0,0,0,0,0,0,0,0,0,0,0,0,0,0
Erststimme,"04W116","04",Charlottenburg-Wilmersdorf,"116",W,1P,1,78,W,1244,869,375,0,487,11,486,1,100,103,165,31,28,30,14,11,0,0,0,0,0,0,0,0,0,0,0,3,0,0,0,0,0,0,0,0,0,1,0,0,0,0,0,0,0,0,0,0,0,0,0,0,0,0,0,0
Erststimme,"04W117","04",Charlottenburg-Wilmersdorf,"117",W,1Q,1,78,W,1047,677,370,0,327,3,325,1,81,85,60,31,21,25,5,11,0,0,0,0,0,0,0,0,0,0,0,4,0,0,0,0,0,0,0,0,0,2,0,0,0,0,0,0,0,0,0,0,0,0,0,0,0,0,0,0
Erststimme,"04W118","04",Charlottenburg-Wilmersdorf,"118",W,1R,1,78,W,1155,772,383,0,328,0,327,1,80,63,103,33,20,16,4,3,0,0,0,0,0,0,0,0,0,0,0,3,0,0,0,0,0,0,0,0,0,2,0,0,0,0,0,0,0,0,0,0,0,0,0,0,0,0,0,0
Erststimme,"04W119","04",Charlottenburg-Wilmersdorf,"119",W,1S,1,78,W,1199,846,353,0,403,4,402,1,101,79,104,56,23,17,9,7,0,0,0,0,0,0,0,0,0,0,0,4,0,0,0,0,0,0,0,0,0,0,0,0,0,0,0,0,0,0,0,0,0,0,2,0,0,0,0,0
Erststimme,"04W801","04",Charlottenburg-Wilmersdorf,"801",W,8A,1,80,W,982,624,358,0,323,0,317,5,76,92,78,30,17,18,1,2,0,0,0,0,0,0,0,0,0,0,0,3,0,0,0,0,0,0,0,0,0,0,0,0,0,0,0,0,0,0,0,0,0,0,0,0,0,0,0,0
Erststimme,"04W802","04",Charlottenburg-Wilmersdorf,"802",W,8B,1,80,W,1315,754,561,0,357,3,353,4,80,83,106,23,23,13,8,15,0,0,0,0,0,0,0,0,0,0,0,2,0,0,0,0,0,0,0,0,0,0,0,0,0,0,0,0,0,0,0,0,0,0,0,0,0,0,0,0
Erststimme,"04W803","04",Charlottenburg-Wilmersdorf,"803",W,8C,1,80,W,1151,756,395,0,339,2,337,2,77,84,81,35,29,15,7,5,0,0,0,0,0,0,0,0,0,0,0,4,0,0,0,0,0,0,0,0,0,0,0,0,0,0,0,0,0,0,0,0,0,0,0,0,0,0,0,0
Erststimme,"04W804","04",Charlottenburg-Wilmersdorf,"804",W,8D,1,80,W,1071,761,310,0,366,7,363,1,61,104,88,30,43,19,7,8,0,0,0,0,0,0,0,0,0,0,0,2,0,0,0,0,0,0,0,0,0,1,0,0,0,0,0,0,0,0,0,0,0,0,0,0,0,0,0,0
Erststimme,"04W805","04",Charlottenburg-Wilmersdorf,"805",W,8E,1,80,W,936,659,277,0,307,2,297,10,76,65,77,31,17,12,6,8,0,0,0,0,0,0,0,0,0,0,0,4,0,0,0,0,0,0,0,0,0,1,0,0,0,0,0,0,0,0,0,0,0,0,0,0,0,0,0,0
Erststimme,"04W806","04",Charlottenburg-Wilmersdorf,"806",W,8F,1,80,W,1227,770,457,0,363,0,361,2,78,71,115,40,11,19,8,11,0,0,0,0,0,0,0,0,0,0,0,6,0,0,0,0,0,0,0,0,0,2,0,0,0,0,0,0,0,0,0,0,0,0,0,0,0,0,0,0
Erststimme,"04W807","04",Charlottenburg-Wilmersdorf,"807",W,8G,1,80,W,1130,736,394,0,331,7,325,6,54,77,96,41,22,10,4,13,0,0,0,0,0,0,0,0,0,0,0,5,0,0,0,0,0,0,0,0,0,2,0,0,0,0,0,0,0,0,0,0,0,0,1,0,0,0,0,0
Erststimme,"04B1A","04",Charlottenburg-Wilmersdorf,1A,B,1A,1,78,W,0,0,0,0,253,253,250,2,55,98,26,12,20,18,3,16,0,0,0,0,0,0,0,0,0,0,0,0,0,0,0,0,0,0,0,0,0,1,0,0,0,0,0,0,0,0,0,0,0,0,1,0,0,0,0,0
Erststimme,"04B1B","04",Charlottenburg-Wilmersdorf,1B,B,1B,1,78,W,0,0,0,0,132,132,130,1,30,38,25,10,3,11,3,6,0,0,0,0,0,0,0,0,0,0,0,1,0,0,0,0,0,0,0,0,0,2,0,0,0,0,0,0,0,0,0,0,0,0,1,0,0,0,0,0
Erststimme,"04B1C","04",Charlottenburg-Wilmersdorf,1C,B,1C,1,78,W,0,0,0,0,305,305,304,0,82,138,21,6,25,12,7,8,0,0,0,0,0,0,0,0,0,0,0,3,0,0,0,0,0,0,0,0,0,2,0,0,0,0,0,0,0,0,0,0,0,0,0,0,0,0,0,0
Erststimme,"04B1D","04",Charlottenburg-Wilmersdorf,1D,B,1D,1,78,W,0,0,0,0,163,163,163,0,31,67,13,5,19,6,2,10,0,0,0,0,0,0,0,0,0,0,0,5,0,0,0,0,0,0,0,0,0,2,0,0,0,0,0,0,0,0,0,0,0,0,3,0,0,0,0,0
Erststimme,"04B1E","04",Charlottenburg-Wilmersdorf,1E,B,1E,1,78,W,0,0,0,0,167,167,166,1,44,53,16,13,14,7,5,9,0,0,0,0,0,0,0,0,0,0,0,3,0,0,0,0,0,0,0,0,0,2,0,0,0,0,0,0,0,0,0,0,0,0,0,0,0,0,0,0
Erststimme,"04B1F","04",Charlottenburg-Wilmersdorf,1F,B,1F,1,78,W,0,0,0,0,218,218,217,1,55,84,22,12,14,8,5,13,0,0,0,0,0,0,0,0,0,0,0,1,0,0,0,0,0,0,0,0,0,3,0,0,0,0,0,0,0,0,0,0,0,0,0,0,0,0,0,0
Erststimme,"04B1G","04",Charlottenburg-Wilmersdorf,1G,B,1G,1,78,W,0,0,0,0,216,216,211,2,52,98,16,11,17,8,2,5,0,0,0,0,0,0,0,0,0,0,0,1,0,0,0,0,0,0,0,0,0,1,0,0,0,0,0,0,0,0,0,0,0,0,0,0,0,0,0,0
Erststimme,"04B1H","04",Charlottenburg-Wilmersdorf,1H,B,1H,1,78,W,0,0,0,0,269,269,269,0,71,109,14,15,26,17,5,9,0,0,0,0,0,0,0,0,0,0,0,3,0,0,0,0,0,0,0,0,0,0,0,0,0,0,0,0,0,0,0,0,0,0,0,0,0,0,0,0
Erststimme,"04B1I","04",Charlottenburg-Wilmersdorf,1I,B,1I,1,78,W,0,0,0,0,180,180,178,2,43,65,20,10,22,5,4,7,0,0,0,0,0,0,0,0,0,0,0,2,0,0,0,0,0,0,0,0,0,0,0,0,0,0,0,0,0,0,0,0,0,0,0,0,0,0,0,0
Erststimme,"04B1J","04",Charlottenburg-Wilmersdorf,1J,B,1J,1,78,W,0,0,0,0,259,259,256,2,68,108,18,8,16,15,7,11,0,0,0,0,0,0,0,0,0,0,0,4,0,0,0,0,0,0,0,0,0,0,0,0,0,0,0,0,0,0,0,0,0,0,1,0,0,0,0,0
Erststimme,"04B1K","04",Charlottenburg-Wilmersdorf,1K,B,1K,1,78,W,0,0,0,0,235,235,233,1,65,58,56,18,15,8,4,6,0,0,0,0,0,0,0,0,0,0,0,1,0,0,0,0,0,0,0,0,0,2,0,0,0,0,0,0,0,0,0,0,0,0,0,0,0,0,0,0
Erststimme,"04B1L","04",Charlottenburg-Wilmersdorf,1L,B,1L,1,78,W,0,0,0,0,336,336,336,0,76,87,100,25,10,16,5,11,0,0,0,0,0,0,0,0,0,0,0,3,0,0,0,0,0,0,0,0,0,1,0,0,0,0,0,0,0,0,0,0,0,0,2,0,0,0,0,0
Erststimme,"04B1M","04",Charlottenburg-Wilmersdorf,1M,B,1M,1,78,W,0,0,0,0,333,333,330,2,83,59,99,34,15,20,7,11,0,0,0,0,0,0,0,0,0,0,0,2,0,0,0,0,0,0,0,0,0,0,0,0,0,0,0,0,0,0,0,0,0,0,0,0,0,0,0,0
Erststimme,"04B1N","04",Charlottenburg-Wilmersdorf,1N,B,1N,1,78,W,0,0,0,0,319,319,317,1,93,49,114,21,10,13,4,11,0,0,0,0,0,0,0,0,0,0,0,0,0,0,0,0,0,0,0,0,0,1,0,0,0,0,0,0,0,0,0,0,0,0,1,0,0,0,0,0
Erststimme,"04B1P","04",Charlottenburg-Wilmersdorf,1P,B,1P,1,78,W,0,0,0,0,337,337,334,3,87,75,102,31,4,22,2,7,0,0,0,0,0,0,0,0,0,0,0,2,0,0,0,0,0,0,0,0,0,2,0,0,0,0,0,0,0,0,0,0,0,0,0,0,0,0,0,0
Erststimme,"04B1Q","04",Charlottenburg-Wilmersdorf,1Q,B,1Q,1,78,W,0,0,0,0,337,337,336,1,74,107,80,26,9,24,7,6,0,0,0,0,0,0,0,0,0,0,0,1,0,0,0,0,0,0,0,0,0,0,0,0,0,0,0,0,0,0,0,0,0,0,2,0,0,0,0,0
Erststimme,"04B1R","04",Charlottenburg-Wilmersdorf,1R,B,1R,1,78,W,0,0,0,0,344,344,342,1,75,108,72,28,14,17,6,15,0,0,0,0,0,0,0,0,0,0,0,2,0,0,0,0,0,0,0,0,0,4,0,0,0,0,0,0,0,0,0,0,0,0,1,0,0,0,0,0
Erststimme,"04B1S","04",Charlottenburg-Wilmersdorf,1S,B,1S,1,78,W,0,0,0,0,328,328,326,2,73,65,98,36,17,21,8,5,0,0,0,0,0,0,0,0,0,0,0,3,0,0,0,0,0,0,0,0,0,0,0,0,0,0,0,0,0,0,0,0,0,0,0,0,0,0,0,0
Erststimme,"04B8A","04",Charlottenburg-Wilmersdorf,8A,B,8A,1,80,W,0,0,0,0,340,340,335,2,84,99,84,25,9,20,3,5,0,0,0,0,0,0,0,0,0,0,0,2,0,0,0,0,0,0,0,0,0,3,0,0,0,0,0,0,0,0,0,0,0,0,1,0,0,0,0,0
Erststimme,"04B8B","04",Charlottenburg-Wilmersdorf,8B,B,8B,1,80,W,0,0,0,0,514,514,512,2,124,151,141,30,25,18,3,11,0,0,0,0,0,0,0,0,0,0,0,4,0,0,0,0,0,0,0,0,0,3,0,0,0,0,0,0,0,0,0,0,0,0,2,0,0,0,0,0
Erststimme,"04B8C","04",Charlottenburg-Wilmersdorf,8C,B,8C,1,80,W,0,0,0,0,353,353,347,6,96,118,79,23,6,5,5,8,0,0,0,0,0,0,0,0,0,0,0,0,0,0,0,0,0,0,0,0,0,5,0,0,0,0,0,0,0,0,0,0,0,0,2,0,0,0,0,0
Erststimme,"04B8D","04",Charlottenburg-Wilmersdorf,8D,B,8D,1,80,W,0,0,0,0,275,275,273,2,51,79,80,13,13,18,6,10,0,0,0,0,0,0,0,0,0,0,0,0,0,0,0,0,0,0,0,0,0,3,0,0,0,0,0,0,0,0,0,0,0,0,0,0,0,0,0,0
Erststimme,"04B8E","04",Charlottenburg-Wilmersdorf,8E,B,8E,1,80,W,0,0,0,0,263,263,263,0,56,81,61,19,18,12,4,7,0,0,0,0,0,0,0,0,0,0,0,3,0,0,0,0,0,0,0,0,0,1,0,0,0,0,0,0,0,0,0,0,0,0,1,0,0,0,0,0
Erststimme,"04B8F","04",Charlottenburg-Wilmersdorf,8F,B,8F,1,80,W,0,0,0,0,415,415,411,4,92,104,118,30,21,20,9,12,0,0,0,0,0,0,0,0,0,0,0,4,0,0,0,0,0,0,0,0,0,1,0,0,0,0,0,0,0,0,0,0,0,0,0,0,0,0,0,0
Erststimme,"04B8G","04",Charlottenburg-Wilmersdorf,8G,B,8G,1,80,W,0,0,0,0,358,358,358,0,69,83,121,30,19,16,9,8,0,0,0,0,0,0,0,0,0,0,0,2,0,0,0,0,0,0,0,0,0,1,0,0,0,0,0,0,0,0,0,0,0,0,0,0,0,0,0,0
Erststimme,"04W201","04",Charlottenburg-Wilmersdorf,"201",W,2A,2,80,W,921,520,401,0,323,5,319,4,59,121,81,7,21,20,4,4,0,0,0,0,0,0,0,0,0,0,0,1,0,0,0,0,0,0,0,0,0,1,0,0,0,0,0,0,0,0,0,0,0,0,0,0,0,0,0,0
Erststimme,"04W202","04",Charlottenburg-Wilmersdorf,"202",W,2B,2,80,W,1078,620,458,0,362,5,358,3,82,136,65,19,19,16,16,5,0,0,0,0,0,0,0,0,0,0,0,0,0,0,0,0,0,0,0,0,0,0,0,0,0,0,0,0,0,0,0,0,0,0,0,0,0,0,0,0
Erststimme,"04W203","04",Charlottenburg-Wilmersdorf,"203",W,2A,2,80,W,987,599,388,0,310,6,308,2,40,123,61,16,30,27,10,1,0,0,0,0,0,0,0,0,0,0,0,0,0,0,0,0,0,0,0,0,0,0,0,0,0,0,0,0,0,0,0,0,0,0,0,0,0,0,0,0
Erststimme,"04W204","04",Charlottenburg-Wilmersdorf,"204",W,2C,2,80,W,1323,810,513,0,387,1,386,1,91,173,38,24,29,16,4,7,0,0,0,0,0,0,0,0,0,0,0,4,0,0,0,0,0,0,0,0,0,0,0,0,0,0,0,0,0,0,0,0,0,0,0,0,0,0,0,0
Erststimme,"04W205","04",Charlottenburg-Wilmersdorf,"205",W,2B,2,80,W,924,528,396,0,322,6,320,2,62,121,46,16,24,34,3,9,0,0,0,0,0,0,0,0,0,0,0,5,0,0,0,0,0,0,0,0,0,0,0,0,0,0,0,0,0,0,0,0,0,0,0,0,0,0,0,0
Erststimme,"04W206","04",Charlottenburg-Wilmersdorf,"206",W,2D,2,80,W,1155,724,431,0,373,4,370,3,82,145,46,21,41,19,6,8,0,0,0,0,0,0,0,0,0,0,0,2,0,0,0,0,0,0,0,0,0,0,0,0,0,0,0,0,0,0,0,0,0,0,0,0,0,0,0,0
Erststimme,"04W207","04",Charlottenburg-Wilmersdorf,"207",W,2E,2,80,W,1169,742,427,0,399,5,395,4,77,126,75,31,34,25,16,8,0,0,0,0,0,0,0,0,0,0,0,1,0,0,0,0,0,0,0,0,0,2,0,0,0,0,0,0,0,0,0,0,0,0,0,0,0,0,0,0
Erststimme,"04W208","04",Charlottenburg-Wilmersdorf,"208",W,2F,2,80,W,1224,838,386,0,246,7,241,5,54,53,58,23,23,15,6,7,0,0,0,0,0,0,0,0,0,0,0,1,0,0,0,0,0,0,0,0,0,1,0,0,0,0,0,0,0,0,0,0,0,0,0,0,0,0,0,0
Erststimme,"04W209","04",Charlottenburg-Wilmersdorf,"209",W,2G,2,80,W,979,590,389,0,350,6,347,3,69,122,87,15,21,11,8,3,0,0,0,0,0,0,0,0,0,0,0,6,0,0,0,0,0,0,0,0,0,5,0,0,0,0,0,0,0,0,0,0,0,0,0,0,0,0,0,0
Erststimme,"04W210","04",Charlottenburg-Wilmersdorf,"210",W,2H,2,80,W,1158,710,448,0,440,6,437,3,88,200,76,14,29,12,5,6,0,0,0,0,0,0,0,0,0,0,0,7,0,0,0,0,0,0,0,0,0,0,0,0,0,0,0,0,0,0,0,0,0,0,0,0,0,0,0,0
Erststimme,"04W211","04",Charlottenburg-Wilmersdorf,"211",W,2I,2,80,W,1081,685,396,0,435,9,429,6,100,171,73,16,27,25,6,9,0,0,0,0,0,0,0,0,0,0,0,1,0,0,0,0,0,0,0,0,0,1,0,0,0,0,0,0,0,0,0,0,0,0,0,0,0,0,0,0
Erststimme,"04W212","04",Charlottenburg-Wilmersdorf,"212",W,2J,2,80,W,1210,704,506,0,459,13,457,2,109,179,85,15,30,21,10,6,0,0,0,0,0,0,0,0,0,0,0,1,0,0,0,0,0,0,0,0,0,1,0,0,0,0,0,0,0,0,0,0,0,0,0,0,0,0,0,0
Erststimme,"04W213","04",Charlottenburg-Wilmersdorf,"213",W,2K,2,80,W,828,475,353,0,288,7,288,0,62,123,51,5,17,20,4,4,0,0,0,0,0,0,0,0,0,0,0,1,0,0,0,0,0,0,0,0,0,1,0,0,0,0,0,0,0,0,0,0,0,0,0,0,0,0,0,0
Erststimme,"04W214","04",Charlottenburg-Wilmersdorf,"214",W,2L,2,80,W,1266,878,388,0,416,0,412,4,92,96,95,43,39,12,13,15,0,0,0,0,1,0,0,0,0,0,0,4,0,0,0,0,0,0,0,0,0,2,0,0,0,0,0,0,0,0,0,0,0,0,0,0,0,0,0,0
Erststimme,"04W215","04",Charlottenburg-Wilmersdorf,"215",W,2M,2,80,W,1041,746,295,0,339,6,338,1,88,58,93,47,23,10,8,8,0,0,0,0,0,0,0,0,0,0,0,3,0,0,0,0,0,0,0,0,0,0,0,0,0,0,0,0,0,0,0,0,0,0,0,0,0,0,0,0
Erststimme,"04W216","04",Charlottenburg-Wilmersdorf,"216",W,2N,2,80,W,1286,784,502,0,453,13,450,3,84,198,85,15,24,23,10,9,0,0,0,0,1,0,0,0,0,0,0,1,0,0,0,0,0,0,0,0,0,0,0,0,0,0,0,0,0,0,0,0,0,0,0,0,0,0,0,0
Erststimme,"04W217","04",Charlottenburg-Wilmersdorf,"217",W,2P,2,80,W,1244,762,482,0,465,5,462,3,98,172,102,24,22,25,12,3,0,0,0,0,2,0,0,0,0,0,0,2,0,0,0,0,0,0,0,0,0,0,0,0,0,0,0,0,0,0,0,0,0,0,0,0,0,0,0,0
Erststimme,"04W218","04",Charlottenburg-Wilmersdorf,"218",W,2Q,2,80,W,1230,763,467,0,428,1,424,4,66,173,85,25,29,28,6,7,0,0,0,0,1,0,0,0,0,0,0,3,0,0,0,0,0,0,0,0,0,1,0,0,0,0,0,0,0,0,0,0,0,0,0,0,0,0,0,0
Erststimme,"04W219","04",Charlottenburg-Wilmersdorf,"219",W,2R,2,80,W,1176,737,439,0,386,3,386,0,91,126,66,24,27,32,8,4,0,0,0,0,0,0,0,0,0,0,0,6,0,0,0,0,0,0,0,0,0,2,0,0,0,0,0,0,0,0,0,0,0,0,0,0,0,0,0,0
Erststimme,"04W220","04",Charlottenburg-Wilmersdorf,"220",W,2S,2,80,W,1150,719,431,0,529,15,526,3,81,182,144,28,21,43,13,8,0,0,0,0,3,0,0,0,0,0,0,3,0,0,0,0,0,0,0,0,0,0,0,0,0,0,0,0,0,0,0,0,0,0,0,0,0,0,0,0
Erststimme,"04W221","04",Charlottenburg-Wilmersdorf,"221",W,2T,2,80,W,1218,741,477,0,419,6,417,2,86,157,89,19,18,27,8,8,0,0,0,0,2,0,0,0,0,0,0,1,0,0,0,0,0,0,0,0,0,2,0,0,0,0,0,0,0,0,0,0,0,0,0,0,0,0,0,0
Erststimme,"04W222","04",Charlottenburg-Wilmersdorf,"222",W,2U,2,80,W,1215,811,404,0,413,0,410,3,75,120,104,33,29,21,12,10,0,0,0,0,0,0,0,0,0,0,0,6,0,0,0,0,0,0,0,0,0,0,0,0,0,0,0,0,0,0,0,0,0,0,0,0,0,0,0,0
Erststimme,"04W223","04",Charlottenburg-Wilmersdorf,"223",W,2V,2,80,W,1095,716,379,0,362,10,354,5,63,105,86,20,27,26,5,15,0,0,0,0,1,0,0,0,0,0,0,3,0,0,0,0,0,0,0,0,0,3,0,0,0,0,0,0,0,0,0,0,0,0,0,0,0,0,0,0
Erststimme,"04W224","04",Charlottenburg-Wilmersdorf,"224",W,2W,2,80,W,1050,682,368,0,516,10,508,8,86,169,152,19,13,50,11,3,0,0,0,0,0,0,0,0,0,0,0,4,0,0,0,0,0,0,0,0,0,1,0,0,0,0,0,0,0,0,0,0,0,0,0,0,0,0,0,0
Erststimme,"04W225","04",Charlottenburg-Wilmersdorf,"225",W,2X,2,80,W,1575,1060,515,0,429,7,427,2,91,96,128,41,24,28,4,9,0,0,0,0,0,0,0,0,0,0,0,4,0,0,0,0,0,0,0,0,0,2,0,0,0,0,0,0,0,0,0,0,0,0,0,0,0,0,0,0
Erststimme,"04W226","04",Charlottenburg-Wilmersdorf,"226",W,2I,2,80,W,1088,635,453,0,376,7,374,2,95,129,78,20,19,22,8,3,0,0,0,0,0,0,0,0,0,0,0,0,0,0,0,0,0,0,0,0,0,0,0,0,0,0,0,0,0,0,0,0,0,0,0,0,0,0,0,0
Erststimme,"04W227","04",Charlottenburg-Wilmersdorf,"227",W,2Y,2,80,W,1063,620,443,0,407,5,405,2,61,175,82,8,21,34,6,10,0,0,0,0,0,0,0,0,0,0,0,7,0,0,0,0,0,0,0,0,0,1,0,0,0,0,0,0,0,0,0,0,0,0,0,0,0,0,0,0
Erststimme,"04B2A","04",Charlottenburg-Wilmersdorf,2A,B,2A,2,80,W,0,0,0,0,710,710,704,5,153,347,105,16,20,33,11,13,0,0,0,0,0,0,0,0,0,0,0,3,0,0,0,0,0,0,0,0,0,3,0,0,0,0,0,0,0,0,0,0,0,0,0,0,0,0,0,0
Erststimme,"04B2B","04",Charlottenburg-Wilmersdorf,2B,B,2B,2,80,W,0,0,0,0,767,767,763,4,173,334,116,30,20,50,21,12,0,0,0,0,1,0,0,0,0,0,0,3,0,0,0,0,0,0,0,0,0,3,0,0,0,0,0,0,0,0,0,0,0,0,0,0,0,0,0,0
Erststimme,"04B2C","04",Charlottenburg-Wilmersdorf,2C,B,2C,2,80,W,0,0,0,0,479,479,477,2,122,217,40,20,31,26,8,11,0,0,0,0,0,0,0,0,0,0,0,0,0,0,0,0,0,0,0,0,0,2,0,0,0,0,0,0,0,0,0,0,0,0,0,0,0,0,0,0
Erststimme,"04B2D","04",Charlottenburg-Wilmersdorf,2D,B,2D,2,80,W,0,0,0,0,388,388,383,3,74,179,50,12,24,20,5,12,0,0,0,0,1,0,0,0,0,0,0,1,0,0,0,0,0,0,0,0,0,5,0,0,0,0,0,0,0,0,0,0,0,0,0,0,0,0,0,0
Erststimme,"04B2E","04",Charlottenburg-Wilmersdorf,2E,B,2E,2,80,W,0,0,0,0,387,387,386,1,66,152,72,23,23,26,7,10,0,0,0,0,0,0,0,0,0,0,0,5,0,0,0,0,0,0,0,0,0,2,0,0,0,0,0,0,0,0,0,0,0,0,0,0,0,0,0,0
Erststimme,"04B2F","04",Charlottenburg-Wilmersdorf,2F,B,2F,2,80,W,0,0,0,0,343,343,338,4,101,84,86,26,18,11,6,5,0,0,0,0,0,0,0,0,0,0,0,0,0,0,0,0,0,0,0,0,0,1,0,0,0,0,0,0,0,0,0,0,0,0,0,0,0,0,0,0
Erststimme,"04B2G","04",Charlottenburg-Wilmersdorf,2G,B,2G,2,80,W,0,0,0,0,359,359,359,0,81,154,65,11,11,22,3,9,0,0,0,0,2,0,0,0,0,0,0,1,0,0,0,0,0,0,0,0,0,0,0,0,0,0,0,0,0,0,0,0,0,0,0,0,0,0,0,0
Erststimme,"04B2H","04",Charlottenburg-Wilmersdorf,2H,B,2H,2,80,W,0,0,0,0,411,411,409,2,91,188,69,13,17,16,4,10,0,0,0,0,0,0,0,0,0,0,0,0,0,0,0,0,0,0,0,0,0,1,0,0,0,0,0,0,0,0,0,0,0,0,0,0,0,0,0,0
Erststimme,"04B2I","04",Charlottenburg-Wilmersdorf,2I,B,2I,2,80,W,0,0,0,0,763,763,760,3,139,361,141,26,22,34,8,19,0,0,0,0,0,0,0,0,0,0,0,6,0,0,0,0,0,0,0,0,0,4,0,0,0,0,0,0,0,0,0,0,0,0,0,0,0,0,0,0
Erststimme,"04B2J","04",Charlottenburg-Wilmersdorf,2J,B,2J,2,80,W,0,0,0,0,461,461,460,1,90,233,58,16,20,23,6,9,0,0,0,0,0,0,0,0,0,0,0,4,0,0,0,0,0,0,0,0,0,1,0,0,0,0,0,0,0,0,0,0,0,0,0,0,0,0,0,0
Erststimme,"04B2K","04",Charlottenburg-Wilmersdorf,2K,B,2K,2,80,W,0,0,0,0,321,321,317,4,66,130,57,7,21,26,4,3,0,0,0,0,0,0,0,0,0,0,0,3,0,0,0,0,0,0,0,0,0,0,0,0,0,0,0,0,0,0,0,0,0,0,0,0,0,0,0,0
Erststimme,"04B2L","04",Charlottenburg-Wilmersdorf,2L,B,2L,2,80,W,0,0,0,0,356,356,349,6,81,99,86,19,21,15,9,14,0,0,0,0,0,0,0,0,0,0,0,2,0,0,0,0,0,0,0,0,0,3,0,0,0,0,0,0,0,0,0,0,0,0,0,0,0,0,0,0
Erststimme,"04B2M","04",Charlottenburg-Wilmersdorf,2M,B,2M,2,80,W,0,0,0,0,260,260,259,0,54,48,99,23,6,11,5,9,0,0,0,0,0,0,0,0,0,0,0,3,0,0,0,0,0,0,0,0,0,1,0,0,0,0,0,0,0,0,0,0,0,0,0,0,0,0,0,0
Erststimme,"04B2N","04",Charlottenburg-Wilmersdorf,2N,B,2N,2,80,W,0,0,0,0,448,448,446,2,96,221,72,16,17,12,3,6,0,0,0,0,0,0,0,0,0,0,0,2,0,0,0,0,0,0,0,0,0,1,0,0,0,0,0,0,0,0,0,0,0,0,0,0,0,0,0,0
Erststimme,"04B2P","04",Charlottenburg-Wilmersdorf,2P,B,2P,2,80,W,0,0,0,0,432,432,432,0,73,214,70,10,15,32,4,11,0,0,0,0,0,0,0,0,0,0,0,0,0,0,0,0,0,0,0,0,0,3,0,0,0,0,0,0,0,0,0,0,0,0,0,0,0,0,0,0
Erststimme,"04B2Q","04",Charlottenburg-Wilmersdorf,2Q,B,2Q,2,80,W,0,0,0,0,423,423,421,2,91,169,92,9,10,30,6,11,0,0,0,0,1,0,0,0,0,0,0,1,0,0,0,0,0,0,0,0,0,1,0,0,0,0,0,0,0,0,0,0,0,0,0,0,0,0,0,0
Erststimme,"04B2R","04",Charlottenburg-Wilmersdorf,2R,B,2R,2,80,W,0,0,0,0,405,405,403,2,100,176,69,12,12,17,8,4,0,0,0,0,1,0,0,0,0,0,0,1,0,0,0,0,0,0,0,0,0,3,0,0,0,0,0,0,0,0,0,0,0,0,0,0,0,0,0,0
Erststimme,"04B2S","04",Charlottenburg-Wilmersdorf,2S,B,2S,2,80,W,0,0,0,0,388,388,387,0,63,173,94,14,8,27,1,4,0,0,0,0,1,0,0,0,0,0,0,1,0,0,0,0,0,0,0,0,0,1,0,0,0,0,0,0,0,0,0,0,0,0,0,0,0,0,0,0
Erststimme,"04B2T","04",Charlottenburg-Wilmersdorf,2T,B,2T,2,80,W,0,0,0,0,441,441,432,5,78,194,76,10,11,41,4,11,0,0,0,0,0,0,0,0,0,0,0,0,0,0,0,0,0,0,0,0,0,7,0,0,0,0,0,0,0,0,0,0,0,0,0,0,0,0,0,0
Erststimme,"04B2U","04",Charlottenburg-Wilmersdorf,2U,B,2U,2,80,W,0,0,0,0,358,358,356,1,85,100,103,26,16,13,4,4,0,0,0,0,0,0,0,0,0,0,0,4,0,0,0,0,0,0,0,0,0,1,0,0,0,0,0,0,0,0,0,0,0,0,0,0,0,0,0,0
Erststimme,"04B2V","04",Charlottenburg-Wilmersdorf,2V,B,2V,2,80,W,0,0,0,0,332,332,328,1,68,122,68,6,11,31,7,14,0,0,0,0,0,0,0,0,0,0,0,1,0,0,0,0,0,0,0,0,0,0,0,0,0,0,0,0,0,0,0,0,0,0,0,0,0,0,0,0
Erststimme,"04B2W","04",Charlottenburg-Wilmersdorf,2W,B,2W,2,80,W,0,0,0,0,333,333,333,0,49,147,74,9,12,30,3,6,0,0,0,0,1,0,0,0,0,0,0,2,0,0,0,0,0,0,0,0,0,0,0,0,0,0,0,0,0,0,0,0,0,0,0,0,0,0,0,0
Erststimme,"04B2X","04",Charlottenburg-Wilmersdorf,2X,B,2X,2,80,W,0,0,0,0,452,452,451,1,92,116,139,26,11,42,13,8,0,0,0,0,0,0,0,0,0,0,0,2,0,0,0,0,0,0,0,0,0,2,0,0,0,0,0,0,0,0,0,0,0,0,0,0,0,0,0,0
Erststimme,"04B2Y","04",Charlottenburg-Wilmersdorf,2Y,B,2Y,2,80,W,0,0,0,0,408,408,404,4,79,181,77,9,12,26,12,6,0,0,0,0,0,0,0,0,0,0,0,1,0,0,0,0,0,0,0,0,0,1,0,0,0,0,0,0,0,0,0,0,0,0,0,0,0,0,0,0
Erststimme,"04W301","04",Charlottenburg-Wilmersdorf,"301",W,3A,3,80,W,1270,896,374,0,442,2,439,3,90,83,110,68,40,19,13,10,0,0,0,0,1,0,0,0,0,0,0,5,0,0,0,0,0,0,0,0,0,0,0,0,0,0,0,0,0,0,0,0,0,0,0,0,0,0,0,0
Erststimme,"04W302","04",Charlottenburg-Wilmersdorf,"302",W,3B,3,80,W,1049,719,330,0,411,5,401,10,87,91,109,47,29,19,8,9,0,0,0,0,0,0,0,0,0,0,0,2,0,0,0,0,0,0,0,0,0,0,0,0,0,0,0,0,0,0,0,0,0,0,0,0,0,0,0,0
Erststimme,"04W303","04",Charlottenburg-Wilmersdorf,"303",W,3C,3,80,W,1157,813,344,0,472,5,468,4,87,151,136,40,20,22,4,7,0,0,0,0,0,0,0,0,0,0,0,1,0,0,0,0,0,0,0,0,0,0,0,0,0,0,0,0,0,0,0,0,0,0,0,0,0,0,0,0
Erststimme,"04W304","04",Charlottenburg-Wilmersdorf,"304",W,3D,3,80,W,1039,707,332,0,427,3,423,4,68,116,121,45,25,19,6,10,0,0,0,0,0,0,0,0,0,0,0,10,0,0,0,0,0,0,0,0,0,0,0,0,0,0,0,0,0,0,0,0,0,0,0,0,0,3,0,0
Erststimme,"04W305","04",Charlottenburg-Wilmersdorf,"305",W,3E,3,80,W,926,633,293,0,361,8,361,0,90,58,112,52,17,10,6,13,0,0,0,0,0,0,0,0,0,0,0,3,0,0,0,0,0,0,0,0,0,0,0,0,0,0,0,0,0,0,0,0,0,0,0,0,0,0,0,0
Erststimme,"04W306","04",Charlottenburg-Wilmersdorf,"306",W,3F,3,80,W,1038,756,282,0,467,5,465,2,100,65,170,88,9,10,7,9,0,0,0,0,0,0,0,0,0,0,0,7,0,0,0,0,0,0,0,0,0,0,0,0,0,0,0,0,0,0,0,0,0,0,0,0,0,0,0,0
Erststimme,"04W307","04",Charlottenburg-Wilmersdorf,"307",W,3G,3,80,W,1186,798,388,0,473,14,469,4,84,98,144,63,28,16,13,15,0,0,0,0,1,0,0,0,0,0,0,5,0,0,0,0,0,0,0,0,0,0,0,0,0,0,0,0,0,0,0,0,0,0,0,0,0,2,0,0
Erststimme,"04W308","04",Charlottenburg-Wilmersdorf,"308",W,3H,3,80,W,757,457,300,0,282,4,279,3,69,81,46,25,17,14,7,13,0,0,0,0,0,0,0,0,0,0,0,6,0,0,0,0,0,0,0,0,0,0,0,0,0,0,0,0,0,0,0,0,0,0,0,0,0,1,0,0
Erststimme,"04W309","04",Charlottenburg-Wilmersdorf,"309",W,3I,3,80,W,1291,823,468,0,455,4,449,5,99,130,79,48,38,18,15,12,0,0,0,0,1,0,0,0,0,0,0,7,0,0,0,0,0,0,0,0,0,0,0,0,0,0,0,0,0,0,0,0,0,0,0,0,0,2,0,0
Erststimme,"04W310","04",Charlottenburg-Wilmersdorf,"310",W,3J,3,80,W,1135,722,413,0,440,11,438,2,100,114,115,51,23,19,8,7,0,0,0,0,0,0,0,0,0,0,0,1,0,0,0,0,0,0,0,0,0,0,0,0,0,0,0,0,0,0,0,0,0,0,0,0,0,0,0,0
Erststimme,"04W311","04",Charlottenburg-Wilmersdorf,"311",W,3K,3,80,W,971,624,347,0,347,7,345,2,71,86,98,35,7,26,11,6,0,0,0,0,0,0,0,0,0,0,0,4,0,0,0,0,0,0,0,0,0,0,0,0,0,0,0,0,0,0,0,0,0,0,0,0,0,1,0,0
Erststimme,"04W312","04",Charlottenburg-Wilmersdorf,"312",W,3E,3,80,W,791,547,244,0,286,5,282,3,65,54,93,26,11,11,8,8,0,0,0,0,0,0,0,0,0,0,0,6,0,0,0,0,0,0,0,0,0,0,0,0,0,0,0,0,0,0,0,0,0,0,0,0,0,0,0,0
Erststimme,"04W313","04",Charlottenburg-Wilmersdorf,"313",W,3L,3,80,W,1175,753,422,0,423,5,419,3,90,112,123,22,19,24,19,7,0,0,0,0,0,0,0,0,0,0,0,1,0,0,0,0,0,0,0,0,0,0,0,0,0,0,0,0,0,0,0,0,0,0,0,0,0,2,0,0
Erststimme,"04W314","04",Charlottenburg-Wilmersdorf,"314",W,3M,3,80,W,1136,726,410,0,413,9,410,3,89,78,145,48,13,18,10,6,0,0,0,0,0,0,0,0,0,0,0,3,0,0,0,0,0,0,0,0,0,0,0,0,0,0,0,0,0,0,0,0,0,0,0,0,0,0,0,0
Erststimme,"04W315","04",Charlottenburg-Wilmersdorf,"315",W,3N,3,80,W,1114,712,402,0,414,3,409,5,79,96,145,40,12,19,4,11,0,0,0,0,1,0,0,0,0,0,0,2,0,0,0,0,0,0,0,0,0,0,0,0,0,0,0,0,0,0,0,0,0,0,0,0,0,0,0,0
Erststimme,"04W316","04",Charlottenburg-Wilmersdorf,"316",W,3P,3,80,W,1169,792,377,0,481,5,480,1,119,152,106,31,22,38,8,3,0,0,0,0,0,0,0,0,0,0,0,1,0,0,0,0,0,0,0,0,0,0,0,0,0,0,0,0,0,0,0,0,0,0,0,0,0,0,0,0
Erststimme,"04W317","04",Charlottenburg-Wilmersdorf,"317",W,3K,3,80,W,995,653,342,0,425,9,422,3,87,138,113,32,15,20,7,5,0,0,0,0,0,0,0,0,0,0,0,4,0,0,0,0,0,0,0,0,0,0,0,0,0,0,0,0,0,0,0,0,0,0,0,0,0,1,0,0
Erststimme,"04W318","04",Charlottenburg-Wilmersdorf,"318",W,3Q,3,80,W,1115,686,429,0,477,9,474,3,96,84,171,53,18,32,6,11,0,0,0,0,0,0,0,0,0,0,0,3,0,0,0,0,0,0,0,0,0,0,0,0,0,0,0,0,0,0,0,0,0,0,0,0,0,0,0,0
Erststimme,"04W319","04",Charlottenburg-Wilmersdorf,"319",W,3R,3,80,W,905,555,350,0,367,6,365,2,82,82,136,30,9,12,7,4,0,0,0,0,0,0,0,0,0,0,0,2,0,0,0,0,0,0,0,0,0,0,0,0,0,0,0,0,0,0,0,0,0,0,0,0,0,1,0,0
Erststimme,"04W320","04",Charlottenburg-Wilmersdorf,"320",W,3S,3,80,W,1017,643,374,0,349,9,349,0,63,78,113,48,14,25,5,2,0,0,0,0,0,0,0,0,0,0,0,1,0,0,0,0,0,0,0,0,0,0,0,0,0,0,0,0,0,0,0,0,0,0,0,0,0,0,0,0
Erststimme,"04W321","04",Charlottenburg-Wilmersdorf,"321",W,3T,3,80,W,1105,739,366,0,427,0,422,5,96,99,128,23,24,40,4,8,0,0,0,0,0,0,0,0,0,0,0,0,0,0,0,0,0,0,0,0,0,0,0,0,0,0,0,0,0,0,0,0,0,0,0,0,0,0,0,0
Erststimme,"04W322","04",Charlottenburg-Wilmersdorf,"322",W,3U,3,80,W,1199,728,471,0,457,15,451,6,97,110,143,37,16,28,10,9,0,0,0,0,0,0,0,0,0,0,0,1,0,0,0,0,0,0,0,0,0,0,0,0,0,0,0,0,0,0,0,0,0,0,0,0,0,0,0,0
Erststimme,"04W323","04",Charlottenburg-Wilmersdorf,"323",W,3V,3,80,W,1108,767,341,0,398,2,396,2,75,116,115,23,21,30,1,10,0,0,0,0,0,0,0,0,0,0,0,3,0,0,0,0,0,0,0,0,0,0,0,0,0,0,0,0,0,0,0,0,0,0,0,0,0,2,0,0
Erststimme,"04W324","04",Charlottenburg-Wilmersdorf,"324",W,3V,3,80,W,1090,712,378,0,407,10,403,4,96,121,96,28,21,25,6,8,0,0,0,0,1,0,0,0,0,0,0,1,0,0,0,0,0,0,0,0,0,0,0,0,0,0,0,0,0,0,0,0,0,0,0,0,0,0,0,0
Erststimme,"04W325","04",Charlottenburg-Wilmersdorf,"325",W,3R,3,80,W,695,485,210,0,196,5,195,1,40,41,66,16,9,17,2,4,0,0,0,0,0,0,0,0,0,0,0,0,0,0,0,0,0,0,0,0,0,0,0,0,0,0,0,0,0,0,0,0,0,0,0,0,0,0,0,0
Erststimme,"04W326","04",Charlottenburg-Wilmersdorf,"326",W,3S,3,80,W,915,586,329,0,310,0,309,1,64,72,88,30,18,22,4,6,0,0,0,0,0,0,0,0,0,0,0,5,0,0,0,0,0,0,0,0,0,0,0,0,0,0,0,0,0,0,0,0,0,0,0,0,0,0,0,0
Erststimme,"04W327","04",Charlottenburg-Wilmersdorf,"327",W,3D,3,80,W,976,632,344,0,344,4,339,5,78,75,109,38,15,8,6,6,0,0,0,0,1,0,0,0,0,0,0,3,0,0,0,0,0,0,0,0,0,0,0,0,0,0,0,0,0,0,0,0,0,0,0,0,0,0,0,0
Erststimme,"04W328","04",Charlottenburg-Wilmersdorf,"328",W,3H,3,80,W,973,690,283,0,381,4,377,4,115,104,68,31,23,11,12,13,0,0,0,0,0,0,0,0,0,0,0,0,0,0,0,0,0,0,0,0,0,0,0,0,0,0,0,0,0,0,0,0,0,0,0,0,0,0,0,0
Erststimme,"04W329","04",Charlottenburg-Wilmersdorf,"329",W,3W,3,80,W,1203,809,394,0,500,11,494,4,102,112,150,72,21,5,9,13,0,0,0,0,0,0,0,0,0,0,0,7,0,0,0,0,0,0,0,0,0,0,0,0,0,0,0,0,0,0,0,0,0,0,0,0,0,3,0,0
Erststimme,"04B3A","04",Charlottenburg-Wilmersdorf,3A,B,3A,3,80,W,0,0,0,0,339,339,336,3,59,84,98,47,14,13,4,12,0,0,0,0,0,0,0,0,0,0,0,5,0,0,0,0,0,0,0,0,0,0,0,0,0,0,0,0,0,0,0,0,0,0,0,0,0,0,0,0
Erststimme,"04B3B","04",Charlottenburg-Wilmersdorf,3B,B,3B,3,80,W,0,0,0,0,303,303,299,4,80,73,80,28,13,13,3,7,0,0,0,0,0,0,0,0,0,0,0,2,0,0,0,0,0,0,0,0,0,0,0,0,0,0,0,0,0,0,0,0,0,0,0,0,0,0,0,0
Erststimme,"04B3C","04",Charlottenburg-Wilmersdorf,3C,B,3C,3,80,W,0,0,0,0,314,314,312,1,69,102,81,22,12,16,1,8,0,0,0,0,0,0,0,0,0,0,0,1,0,0,0,0,0,0,0,0,0,0,0,0,0,0,0,0,0,0,0,0,0,0,0,0,0,0,0,0
Erststimme,"04B3D","04",Charlottenburg-Wilmersdorf,3D,B,3D,3,80,W,0,0,0,0,605,605,604,1,133,155,190,42,19,42,10,9,0,0,0,0,0,0,0,0,0,0,0,2,0,0,0,0,0,0,0,0,0,0,0,0,0,0,0,0,0,0,0,0,0,0,0,0,0,2,0,0
Erststimme,"04B3E","04",Charlottenburg-Wilmersdorf,3E,B,3E,3,80,W,0,0,0,0,478,478,473,1,111,95,158,47,10,21,7,14,0,0,0,0,1,0,0,0,0,0,0,8,0,0,0,0,0,0,0,0,0,0,0,0,0,0,0,0,0,0,0,0,0,0,0,0,0,1,0,0
Erststimme,"04B3F","04",Charlottenburg-Wilmersdorf,3F,B,3F,3,80,W,0,0,0,0,262,262,262,0,44,46,102,44,6,8,5,4,0,0,0,0,1,0,0,0,0,0,0,1,0,0,0,0,0,0,0,0,0,0,0,0,0,0,0,0,0,0,0,0,0,0,0,0,0,1,0,0
Erststimme,"04B3G","04",Charlottenburg-Wilmersdorf,3G,B,3G,3,80,W,0,0,0,0,344,344,344,0,78,80,121,27,10,8,12,3,0,0,0,0,0,0,0,0,0,0,0,2,0,0,0,0,0,0,0,0,0,0,0,0,0,0,0,0,0,0,0,0,0,0,0,0,0,3,0,0
Erststimme,"04B3H","04",Charlottenburg-Wilmersdorf,3H,B,3H,3,80,W,0,0,0,0,545,545,540,5,143,157,115,47,27,19,12,15,0,0,0,0,1,0,0,0,0,0,0,3,0,0,0,0,0,0,0,0,0,0,0,0,0,0,0,0,0,0,0,0,0,0,0,0,0,1,0,0
Erststimme,"04B3I","04",Charlottenburg-Wilmersdorf,3I,B,3I,3,80,W,0,0,0,0,424,424,422,2,99,131,102,31,20,26,5,8,0,0,0,0,0,0,0,0,0,0,0,0,0,0,0,0,0,0,0,0,0,0,0,0,0,0,0,0,0,0,0,0,0,0,0,0,0,0,0,0
Erststimme,"04B3J","04",Charlottenburg-Wilmersdorf,3J,B,3J,3,80,W,0,0,0,0,363,363,361,2,62,103,105,42,18,15,4,10,0,0,0,0,0,0,0,0,0,0,0,1,0,0,0,0,0,0,0,0,0,0,0,0,0,0,0,0,0,0,0,0,0,0,0,0,0,1,0,0
Erststimme,"04B3K","04",Charlottenburg-Wilmersdorf,3K,B,3K,3,80,W,0,0,0,0,607,607,605,1,123,233,137,30,22,37,8,11,0,0,0,0,0,0,0,0,0,0,0,2,0,0,0,0,0,0,0,0,0,0,0,0,0,0,0,0,0,0,0,0,0,0,0,0,0,2,0,0
Erststimme,"04B3L","04",Charlottenburg-Wilmersdorf,3L,B,3L,3,80,W,0,0,0,0,400,400,384,16,82,141,89,21,8,30,5,4,0,0,0,0,2,0,0,0,0,0,0,1,0,0,0,0,0,0,0,0,0,0,0,0,0,0,0,0,0,0,0,0,0,0,0,0,0,1,0,0
Erststimme,"04B3M","04",Charlottenburg-Wilmersdorf,3M,B,3M,3,80,W,0,0,0,0,372,372,368,2,81,94,129,32,7,9,8,4,0,0,0,0,0,0,0,0,0,0,0,4,0,0,0,0,0,0,0,0,0,0,0,0,0,0,0,0,0,0,0,0,0,0,0,0,0,0,0,0
Erststimme,"04B3N","04",Charlottenburg-Wilmersdorf,3N,B,3N,3,80,W,0,0,0,0,374,374,369,3,86,104,109,33,11,12,6,6,0,0,0,0,0,0,0,0,0,0,0,2,0,0,0,0,0,0,0,0,0,0,0,0,0,0,0,0,0,0,0,0,0,0,0,0,0,0,0,0
Erststimme,"04B3P","04",Charlottenburg-Wilmersdorf,3P,B,3P,3,80,W,0,0,0,0,337,337,335,2,69,115,97,17,4,21,3,4,0,0,0,0,0,0,0,0,0,0,0,3,0,0,0,0,0,0,0,0,0,0,0,0,0,0,0,0,0,0,0,0,0,0,0,0,0,2,0,0
Erststimme,"04B3Q","04",Charlottenburg-Wilmersdorf,3Q,B,3Q,3,80,W,0,0,0,0,391,391,387,3,83,89,116,39,15,21,10,12,0,0,0,0,0,0,0,0,0,0,0,2,0,0,0,0,0,0,0,0,0,0,0,0,0,0,0,0,0,0,0,0,0,0,0,0,0,0,0,0
Erststimme,"04B3R","04",Charlottenburg-Wilmersdorf,3R,B,3R,3,80,W,0,0,0,0,500,500,500,0,110,120,177,42,8,30,4,5,0,0,0,0,2,0,0,0,0,0,0,2,0,0,0,0,0,0,0,0,0,0,0,0,0,0,0,0,0,0,0,0,0,0,0,0,0,0,0,0
Erststimme,"04B3S","04",Charlottenburg-Wilmersdorf,3S,B,3S,3,80,W,0,0,0,0,619,619,617,2,134,161,213,51,17,15,11,11,0,0,0,0,1,0,0,0,0,0,0,3,0,0,0,0,0,0,0,0,0,0,0,0,0,0,0,0,0,0,0,0,0,0,0,0,0,0,0,0
Erststimme,"04B3T","04",Charlottenburg-Wilmersdorf,3T,B,3T,3,80,W,0,0,0,0,334,334,333,0,63,105,106,21,4,18,7,7,0,0,0,0,0,0,0,0,0,0,0,2,0,0,0,0,0,0,0,0,0,0,0,0,0,0,0,0,0,0,0,0,0,0,0,0,0,0,0,0
Erststimme,"04B3U","04",Charlottenburg-Wilmersdorf,3U,B,3U,3,80,W,0,0,0,0,415,415,413,0,109,121,126,24,5,21,3,4,0,0,0,0,0,0,0,0,0,0,0,0,0,0,0,0,0,0,0,0,0,0,0,0,0,0,0,0,0,0,0,0,0,0,0,0,0,0,0,0
Erststimme,"04B3V","04",Charlottenburg-Wilmersdorf,3V,B,3V,3,80,W,0,0,0,0,656,656,651,4,114,257,151,36,22,42,9,16,0,0,0,0,0,0,0,0,0,0,0,4,0,0,0,0,0,0,0,0,0,0,0,0,0,0,0,0,0,0,0,0,0,0,0,0,0,0,0,0
Erststimme,"04B3W","04",Charlottenburg-Wilmersdorf,3W,B,3W,3,80,W,0,0,0,0,364,364,361,3,85,74,118,38,13,11,7,11,0,0,0,0,1,0,0,0,0,0,0,2,0,0,0,0,0,0,0,0,0,0,0,0,0,0,0,0,0,0,0,0,0,0,0,0,0,1,0,0
Erststimme,"04W401","04",Charlottenburg-Wilmersdorf,"401",W,4A,4,80,W,1310,803,507,0,387,4,384,3,83,67,105,42,24,37,13,8,1,0,0,0,0,0,0,0,0,0,1,3,0,0,0,0,0,0,0,0,0,0,0,0,0,0,0,0,0,0,0,0,0,0,0,0,0,0,0,0
Erststimme,"04W402","04",Charlottenburg-Wilmersdorf,"402",W,4B,4,80,W,1142,798,344,0,375,0,371,4,99,96,61,43,32,17,9,11,0,0,0,0,0,0,0,0,0,0,0,3,0,0,0,0,0,0,0,0,0,0,0,0,0,0,0,0,0,0,0,0,0,0,0,0,0,0,0,0
Erststimme,"04W403","04",Charlottenburg-Wilmersdorf,"403",W,4C,4,80,W,539,383,156,0,140,2,140,0,27,37,32,17,14,7,2,2,1,0,0,0,0,0,0,0,0,0,0,1,0,0,0,0,0,0,0,0,0,0,0,0,0,0,0,0,0,0,0,0,0,0,0,0,0,0,0,0
Erststimme,"04W404","04",Charlottenburg-Wilmersdorf,"404",W,4D,4,80,W,1033,750,283,0,413,5,410,2,127,94,101,33,24,19,5,4,1,0,0,0,0,0,0,0,0,0,1,1,0,0,0,0,0,0,0,0,0,0,0,0,0,0,0,0,0,0,0,0,0,0,0,0,0,0,0,0
Erststimme,"04W405","04",Charlottenburg-Wilmersdorf,"405",W,4E,4,80,W,1121,751,370,0,438,4,432,6,89,88,137,44,21,24,8,13,5,0,0,0,0,0,0,0,0,0,0,3,0,0,0,0,0,0,0,0,0,0,0,0,0,0,0,0,0,0,0,0,0,0,0,0,0,0,0,0
Erststimme,"04W406","04",Charlottenburg-Wilmersdorf,"406",W,4F,4,80,W,1136,819,317,0,354,5,350,4,81,111,64,29,24,19,6,12,2,0,0,0,0,0,0,0,0,0,1,1,0,0,0,0,0,0,0,0,0,0,0,0,0,0,0,0,0,0,0,0,0,0,0,0,0,0,0,0
Erststimme,"04W407","04",Charlottenburg-Wilmersdorf,"407",W,4D,4,80,W,960,659,301,0,359,11,356,3,80,70,113,39,17,22,4,8,0,0,0,0,0,0,0,0,0,0,1,2,0,0,0,0,0,0,0,0,0,0,0,0,0,0,0,0,0,0,0,0,0,0,0,0,0,0,0,0
Erststimme,"04W408","04",Charlottenburg-Wilmersdorf,"408",W,4G,4,80,W,1151,796,355,0,331,2,329,2,81,97,65,31,28,13,4,6,1,0,0,0,0,0,0,0,0,0,0,3,0,0,0,0,0,0,0,0,0,0,0,0,0,0,0,0,0,0,0,0,0,0,0,0,0,0,0,0
Erststimme,"04W409","04",Charlottenburg-Wilmersdorf,"409",W,4H,4,80,W,1263,793,470,0,441,4,437,4,101,121,110,42,25,24,3,6,4,0,0,0,0,0,0,0,0,0,1,0,0,0,0,0,0,0,0,0,0,0,0,0,0,0,0,0,0,0,0,0,0,0,0,0,0,0,0,0
Erststimme,"04W410","04",Charlottenburg-Wilmersdorf,"410",W,4I,4,80,W,1202,888,314,0,448,5,442,6,103,77,123,49,19,37,14,12,3,0,0,0,0,0,0,0,0,0,2,3,0,0,0,0,0,0,0,0,0,0,0,0,0,0,0,0,0,0,0,0,0,0,0,0,0,0,0,0
Erststimme,"04W411","04",Charlottenburg-Wilmersdorf,"411",W,4J,4,80,W,1178,785,393,0,404,7,404,0,86,112,113,36,14,28,4,5,3,0,0,0,0,0,0,0,0,0,0,3,0,0,0,0,0,0,0,0,0,0,0,0,0,0,0,0,0,0,0,0,0,0,0,0,0,0,0,0
Erststimme,"04W412","04",Charlottenburg-Wilmersdorf,"412",W,4K,4,80,W,1031,733,298,0,406,4,403,3,83,119,112,28,26,16,6,10,2,0,0,0,0,0,0,0,0,0,0,1,0,0,0,0,0,0,0,0,0,0,0,0,0,0,0,0,0,0,0,0,0,0,0,0,0,0,0,0
Erststimme,"04W413","04",Charlottenburg-Wilmersdorf,"413",W,4L,4,80,W,1116,810,306,0,462,7,461,1,108,99,130,47,26,39,3,1,3,0,0,0,0,0,0,0,0,0,1,4,0,0,0,0,0,0,0,0,0,0,0,0,0,0,0,0,0,0,0,0,0,0,0,0,0,0,0,0
Erststimme,"04W414","04",Charlottenburg-Wilmersdorf,"414",W,4M,4,80,W,1018,660,358,0,367,1,363,4,92,89,88,28,15,30,7,9,2,0,0,0,0,0,0,0,0,0,1,2,0,0,0,0,0,0,0,0,0,0,0,0,0,0,0,0,0,0,0,0,0,0,0,0,0,0,0,0
Erststimme,"04W415","04",Charlottenburg-Wilmersdorf,"415",W,4N,4,80,W,977,625,352,0,328,7,325,2,71,76,89,26,21,19,11,9,3,0,0,0,0,0,0,0,0,0,0,0,0,0,0,0,0,0,0,0,0,0,0,0,0,0,0,0,0,0,0,0,0,0,0,0,0,0,0,0
Erststimme,"04W416","04",Charlottenburg-Wilmersdorf,"416",W,4K,4,80,W,869,594,275,0,270,11,267,3,64,50,73,28,16,21,4,5,1,0,0,0,0,0,0,0,0,0,1,4,0,0,0,0,0,0,0,0,0,0,0,0,0,0,0,0,0,0,0,0,0,0,0,0,0,0,0,0
Erststimme,"04W417","04",Charlottenburg-Wilmersdorf,"417",W,4P,4,80,W,1098,783,315,0,469,12,466,2,98,136,116,31,21,41,7,5,4,0,0,0,0,0,0,0,0,0,2,5,0,0,0,0,0,0,0,0,0,0,0,0,0,0,0,0,0,0,0,0,0,0,0,0,0,0,0,0
Erststimme,"04W418","04",Charlottenburg-Wilmersdorf,"418",W,4Q,4,80,W,848,540,308,0,367,8,365,2,89,115,88,17,17,23,2,8,0,0,0,0,0,0,0,0,0,0,0,6,0,0,0,0,0,0,0,0,0,0,0,0,0,0,0,0,0,0,0,0,0,0,0,0,0,0,0,0
Erststimme,"04W419","04",Charlottenburg-Wilmersdorf,"419",W,4R,4,80,W,1245,835,410,0,496,11,492,4,104,132,134,51,6,52,3,7,2,0,0,0,0,0,0,0,0,0,0,1,0,0,0,0,0,0,0,0,0,0,0,0,0,0,0,0,0,0,0,0,0,0,0,0,0,0,0,0
Erststimme,"04W420","04",Charlottenburg-Wilmersdorf,"420",W,4S,4,80,W,790,578,212,0,290,8,288,2,66,93,55,22,23,22,4,1,1,0,0,0,0,0,0,0,0,0,0,1,0,0,0,0,0,0,0,0,0,0,0,0,0,0,0,0,0,0,0,0,0,0,0,0,0,0,0,0
Erststimme,"04W421","04",Charlottenburg-Wilmersdorf,"421",W,4S,4,80,W,959,666,293,0,328,0,325,3,83,95,61,21,23,29,3,5,1,0,0,0,0,0,0,0,0,0,0,4,0,0,0,0,0,0,0,0,0,0,0,0,0,0,0,0,0,0,0,0,0,0,0,0,0,0,0,0
Erststimme,"04W422","04",Charlottenburg-Wilmersdorf,"422",W,4T,4,80,W,1264,754,510,0,424,0,421,3,73,111,126,24,25,44,4,6,1,0,0,0,0,0,0,0,0,0,3,4,0,0,0,0,0,0,0,0,0,0,0,0,0,0,0,0,0,0,0,0,0,0,0,0,0,0,0,0
Erststimme,"04W423","04",Charlottenburg-Wilmersdorf,"423",W,4U,4,80,W,838,605,233,0,234,7,232,2,37,100,39,4,16,25,2,4,0,0,0,0,0,0,0,0,0,0,1,4,0,0,0,0,0,0,0,0,0,0,0,0,0,0,0,0,0,0,0,0,0,0,0,0,0,0,0,0
Erststimme,"04W424","04",Charlottenburg-Wilmersdorf,"424",W,4V,4,80,W,1182,794,388,0,448,6,445,3,109,151,83,20,26,39,1,9,3,0,0,0,0,0,0,0,0,0,1,3,0,0,0,0,0,0,0,0,0,0,0,0,0,0,0,0,0,0,0,0,0,0,0,0,0,0,0,0
Erststimme,"04W425","04",Charlottenburg-Wilmersdorf,"425",W,4W,4,80,W,1153,695,458,0,384,10,379,5,72,152,72,12,29,31,4,5,0,0,0,0,0,0,0,0,0,0,1,1,0,0,0,0,0,0,0,0,0,0,0,0,0,0,0,0,0,0,0,0,0,0,0,0,0,0,0,0
Erststimme,"04W426","04",Charlottenburg-Wilmersdorf,"426",W,4Q,4,80,W,1051,636,415,0,369,0,365,3,78,85,119,26,11,27,6,10,0,0,0,0,0,0,0,0,0,0,1,2,0,0,0,0,0,0,0,0,0,0,0,0,0,0,0,0,0,0,0,0,0,0,0,0,0,0,0,0
Erststimme,"04W427","04",Charlottenburg-Wilmersdorf,"427",W,4X,4,80,W,1295,824,471,0,331,3,331,0,71,92,76,28,31,16,0,12,2,0,0,0,0,0,0,0,0,0,0,3,0,0,0,0,0,0,0,0,0,0,0,0,0,0,0,0,0,0,0,0,0,0,0,0,0,0,0,0
Erststimme,"04W428","04",Charlottenburg-Wilmersdorf,"428",W,4Y,4,80,W,1210,785,425,0,497,7,495,2,111,131,117,50,38,24,3,12,3,0,0,0,0,0,0,0,0,0,1,5,0,0,0,0,0,0,0,0,0,0,0,0,0,0,0,0,0,0,0,0,0,0,0,0,0,0,0,0
Erststimme,"04W429","04",Charlottenburg-Wilmersdorf,"429",W,4C,4,80,W,876,586,290,0,363,2,358,5,83,84,106,25,19,22,3,11,1,0,0,0,0,0,0,0,0,0,2,2,0,0,0,0,0,0,0,0,0,0,0,0,0,0,0,0,0,0,0,0,0,0,0,0,0,0,0,0
Erststimme,"04W430","04",Charlottenburg-Wilmersdorf,"430",W,4N,4,80,W,804,528,276,0,305,6,302,3,62,86,93,13,16,26,3,1,0,0,0,0,0,0,0,0,0,0,0,2,0,0,0,0,0,0,0,0,0,0,0,0,0,0,0,0,0,0,0,0,0,0,0,0,0,0,0,0
Erststimme,"04B4A","04",Charlottenburg-Wilmersdorf,4A,B,4A,4,80,W,0,0,0,0,475,475,471,2,114,114,161,34,13,24,3,2,5,0,0,0,0,0,0,0,0,0,1,0,0,0,0,0,0,0,0,0,0,0,0,0,0,0,0,0,0,0,0,0,0,0,0,0,0,0,0,0
Erststimme,"04B4B","04",Charlottenburg-Wilmersdorf,4B,B,4B,4,80,W,0,0,0,0,324,324,310,4,87,99,67,15,16,12,6,3,2,0,0,0,0,0,0,0,0,0,1,2,0,0,0,0,0,0,0,0,0,0,0,0,0,0,0,0,0,0,0,0,0,0,0,0,0,0,0,0
Erststimme,"04B4C","04",Charlottenburg-Wilmersdorf,4C,B,4C,4,80,W,0,0,0,0,403,403,400,2,76,123,106,29,11,40,4,7,1,0,0,0,0,0,0,0,0,0,1,2,0,0,0,0,0,0,0,0,0,0,0,0,0,0,0,0,0,0,0,0,0,0,0,0,0,0,0,0
Erststimme,"04B4D","04",Charlottenburg-Wilmersdorf,4D,B,4D,4,80,W,0,0,0,0,511,511,508,2,107,138,165,35,8,31,8,12,2,0,0,0,0,0,0,0,0,0,0,2,0,0,0,0,0,0,0,0,0,0,0,0,0,0,0,0,0,0,0,0,0,0,0,0,0,0,0,0
Erststimme,"04B4E","04",Charlottenburg-Wilmersdorf,4E,B,4E,4,80,W,0,0,0,0,345,345,344,1,68,87,111,23,10,21,10,11,2,0,0,0,0,0,0,0,0,0,1,0,0,0,0,0,0,0,0,0,0,0,0,0,0,0,0,0,0,0,0,0,0,0,0,0,0,0,0,0
Erststimme,"04B4F","04",Charlottenburg-Wilmersdorf,4F,B,4F,4,80,W,0,0,0,0,286,286,283,2,59,96,72,15,9,16,1,12,2,0,0,0,0,0,0,0,0,0,0,1,0,0,0,0,0,0,0,0,0,0,0,0,0,0,0,0,0,0,0,0,0,0,0,0,0,0,0,0
Erststimme,"04B4G","04",Charlottenburg-Wilmersdorf,4G,B,4G,4,80,W,0,0,0,0,327,327,325,1,84,92,79,15,19,16,3,12,0,0,0,0,0,0,0,0,0,0,3,2,0,0,0,0,0,0,0,0,0,0,0,0,0,0,0,0,0,0,0,0,0,0,0,0,0,0,0,0
Erststimme,"04B4H","04",Charlottenburg-Wilmersdorf,4H,B,4H,4,80,W,0,0,0,0,436,436,432,4,96,120,129,27,13,30,8,6,1,0,0,0,0,0,0,0,0,0,1,1,0,0,0,0,0,0,0,0,0,0,0,0,0,0,0,0,0,0,0,0,0,0,0,0,0,0,0,0
Erststimme,"04B4I","04",Charlottenburg-Wilmersdorf,4I,B,4I,4,80,W,0,0,0,0,278,278,276,2,62,69,87,14,14,13,6,7,1,0,0,0,0,0,0,0,0,0,0,3,0,0,0,0,0,0,0,0,0,0,0,0,0,0,0,0,0,0,0,0,0,0,0,0,0,0,0,0
Erststimme,"04B4J","04",Charlottenburg-Wilmersdorf,4J,B,4J,4,80,W,0,0,0,0,365,365,352,13,62,89,136,16,6,28,3,8,0,0,0,0,0,0,0,0,0,0,1,3,0,0,0,0,0,0,0,0,0,0,0,0,0,0,0,0,0,0,0,0,0,0,0,0,0,0,0,0
Erststimme,"04B4K","04",Charlottenburg-Wilmersdorf,4K,B,4K,4,80,W,0,0,0,0,502,502,502,0,100,149,156,33,15,22,11,9,5,0,0,0,0,0,0,0,0,0,1,1,0,0,0,0,0,0,0,0,0,0,0,0,0,0,0,0,0,0,0,0,0,0,0,0,0,0,0,0
Erststimme,"04B4L","04",Charlottenburg-Wilmersdorf,4L,B,4L,4,80,W,0,0,0,0,264,264,260,2,59,67,70,17,16,20,3,5,0,0,0,0,0,0,0,0,0,0,0,3,0,0,0,0,0,0,0,0,0,0,0,0,0,0,0,0,0,0,0,0,0,0,0,0,0,0,0,0
Erststimme,"04B4M","04",Charlottenburg-Wilmersdorf,4M,B,4M,4,80,W,0,0,0,0,336,336,336,0,83,95,91,13,11,33,4,4,1,0,0,0,0,0,0,0,0,0,0,1,0,0,0,0,0,0,0,0,0,0,0,0,0,0,0,0,0,0,0,0,0,0,0,0,0,0,0,0
Erststimme,"04B4N","04",Charlottenburg-Wilmersdorf,4N,B,4N,4,80,W,0,0,0,0,561,561,558,3,138,160,137,29,13,65,5,6,2,0,0,0,0,0,0,0,0,0,0,3,0,0,0,0,0,0,0,0,0,0,0,0,0,0,0,0,0,0,0,0,0,0,0,0,0,0,0,0
Erststimme,"04B4P","04",Charlottenburg-Wilmersdorf,4P,B,4P,4,80,W,0,0,0,0,260,260,259,0,59,85,57,10,10,32,2,3,0,0,0,0,0,0,0,0,0,0,0,1,0,0,0,0,0,0,0,0,0,0,0,0,0,0,0,0,0,0,0,0,0,0,0,0,0,0,0,0
Erststimme,"04B4Q","04",Charlottenburg-Wilmersdorf,4Q,B,4Q,4,80,W,0,0,0,0,646,646,645,1,133,212,187,30,22,40,6,9,5,0,0,0,0,0,0,0,0,0,0,1,0,0,0,0,0,0,0,0,0,0,0,0,0,0,0,0,0,0,0,0,0,0,0,0,0,0,0,0
Erststimme,"04B4R","04",Charlottenburg-Wilmersdorf,4R,B,4R,4,80,W,0,0,0,0,357,357,354,2,77,97,87,27,12,41,6,5,0,0,0,0,0,0,0,0,0,0,1,1,0,0,0,0,0,0,0,0,0,0,0,0,0,0,0,0,0,0,0,0,0,0,0,0,0,0,0,0
Erststimme,"04B4S","04",Charlottenburg-Wilmersdorf,4S,B,4S,4,80,W,0,0,0,0,449,449,442,0,93,159,98,18,11,47,5,10,0,0,0,0,0,0,0,0,0,0,0,1,0,0,0,0,0,0,0,0,0,0,0,0,0,0,0,0,0,0,0,0,0,0,0,0,0,0,0,0
Erststimme,"04B4T","04",Charlottenburg-Wilmersdorf,4T,B,4T,4,80,W,0,0,0,0,457,457,453,4,101,169,98,22,17,26,7,11,0,0,0,0,0,0,0,0,0,0,1,1,0,0,0,0,0,0,0,0,0,0,0,0,0,0,0,0,0,0,0,0,0,0,0,0,0,0,0,0
Erststimme,"04B4U","04",Charlottenburg-Wilmersdorf,4U,B,4U,4,80,W,0,0,0,0,213,213,212,0,42,93,37,3,5,20,0,6,1,0,0,0,0,0,0,0,0,0,0,5,0,0,0,0,0,0,0,0,0,0,0,0,0,0,0,0,0,0,0,0,0,0,0,0,0,0,0,0
Erststimme,"04B4V","04",Charlottenburg-Wilmersdorf,4V,B,4V,4,80,W,0,0,0,0,359,359,356,1,86,143,79,15,8,19,1,4,0,0,0,0,0,0,0,0,0,0,1,0,0,0,0,0,0,0,0,0,0,0,0,0,0,0,0,0,0,0,0,0,0,0,0,0,0,0,0,0
Erststimme,"04B4W","04",Charlottenburg-Wilmersdorf,4W,B,4W,4,80,W,0,0,0,0,410,410,407,3,96,172,76,11,11,30,4,5,0,0,0,0,0,0,0,0,0,0,2,0,0,0,0,0,0,0,0,0,0,0,0,0,0,0,0,0,0,0,0,0,0,0,0,0,0,0,0,0
Erststimme,"04B4X","04",Charlottenburg-Wilmersdorf,4X,B,4X,4,80,W,0,0,0,0,428,428,424,4,73,150,110,12,18,45,3,9,2,0,0,0,0,0,0,0,0,0,1,1,0,0,0,0,0,0,0,0,0,0,0,0,0,0,0,0,0,0,0,0,0,0,0,0,0,0,0,0
Erststimme,"04B4Y","04",Charlottenburg-Wilmersdorf,4Y,B,4Y,4,80,W,0,0,0,0,395,395,395,0,104,104,124,19,4,25,5,5,3,0,0,0,0,0,0,0,0,0,0,2,0,0,0,0,0,0,0,0,0,0,0,0,0,0,0,0,0,0,0,0,0,0,0,0,0,0,0,0
Erststimme,"04W501","04",Charlottenburg-Wilmersdorf,"501",W,5A,5,80,W,1115,710,405,0,425,5,425,0,69,198,41,19,24,54,6,11,0,0,0,0,0,0,0,0,0,0,0,3,0,0,0,0,0,0,0,0,0,0,0,0,0,0,0,0,0,0,0,0,0,0,0,0,0,0,0,0
Erststimme,"04W502","04",Charlottenburg-Wilmersdorf,"502",W,5B,5,80,W,1074,660,414,0,393,6,392,1,64,210,48,7,19,39,3,1,0,0,0,0,0,0,0,0,0,0,0,1,0,0,0,0,0,0,0,0,0,0,0,0,0,0,0,0,0,0,0,0,0,0,0,0,0,0,0,0
Erststimme,"04W503","04",Charlottenburg-Wilmersdorf,"503",W,5C,5,80,W,1087,677,410,0,374,6,369,4,47,206,49,10,12,40,3,2,0,0,0,0,0,0,0,0,0,0,0,0,0,0,0,0,0,0,0,0,0,0,0,0,0,0,0,0,0,0,0,0,0,0,0,0,0,0,0,0
Erststimme,"04W504","04",Charlottenburg-Wilmersdorf,"504",W,5D,5,80,W,1233,882,351,0,422,4,415,6,92,150,79,23,22,34,9,6,0,0,0,0,0,0,0,0,0,0,0,0,0,0,0,0,0,0,0,0,0,0,0,0,0,0,0,0,0,0,0,0,0,0,0,0,0,0,0,0
Erststimme,"04W505","04",Charlottenburg-Wilmersdorf,"505",W,5E,5,80,W,1130,711,419,0,340,6,335,4,90,102,59,17,23,31,8,2,0,0,0,0,0,0,0,0,0,0,0,3,0,0,0,0,0,0,0,0,0,0,0,0,0,0,0,0,0,0,0,0,0,0,0,0,0,0,0,0
Erststimme,"04W506","04",Charlottenburg-Wilmersdorf,"506",W,5F,5,80,W,1156,748,408,0,398,9,398,0,86,142,85,17,24,28,3,9,0,0,0,0,0,0,0,0,0,0,0,4,0,0,0,0,0,0,0,0,0,0,0,0,0,0,0,0,0,0,0,0,0,0,0,0,0,0,0,0
Erststimme,"04W507","04",Charlottenburg-Wilmersdorf,"507",W,5G,5,80,W,900,602,298,0,304,3,302,2,84,105,51,19,16,19,4,2,0,0,0,0,0,0,0,0,0,0,0,2,0,0,0,0,0,0,0,0,0,0,0,0,0,0,0,0,0,0,0,0,0,0,0,0,0,0,0,0
Erststimme,"04W508","04",Charlottenburg-Wilmersdorf,"508",W,5G,5,80,W,825,558,267,0,346,4,341,5,85,101,73,23,26,21,5,4,0,0,0,0,0,0,0,0,0,0,0,3,0,0,0,0,0,0,0,0,0,0,0,0,0,0,0,0,0,0,0,0,0,0,0,0,0,0,0,0
Erststimme,"04W509","04",Charlottenburg-Wilmersdorf,"509",W,5H,5,80,W,1153,679,474,0,351,0,343,7,80,109,88,17,11,24,7,7,0,0,0,0,0,0,0,0,0,0,0,0,0,0,0,0,0,0,0,0,0,0,0,0,0,0,0,0,0,0,0,0,0,0,0,0,0,0,0,0
Erststimme,"04W510","04",Charlottenburg-Wilmersdorf,"510",W,5I,5,80,W,1107,690,417,0,398,2,392,6,72,144,67,25,32,39,4,5,0,0,0,0,0,0,0,0,0,0,0,4,0,0,0,0,0,0,0,0,0,0,0,0,0,0,0,0,0,0,0,0,0,0,0,0,0,0,0,0
Erststimme,"04W511","04",Charlottenburg-Wilmersdorf,"511",W,5J,5,80,W,1179,730,449,0,316,9,314,2,66,131,49,14,22,15,3,12,0,0,0,0,0,0,0,0,0,0,0,2,0,0,0,0,0,0,0,0,0,0,0,0,0,0,0,0,0,0,0,0,0,0,0,0,0,0,0,0
Erststimme,"04W512","04",Charlottenburg-Wilmersdorf,"512",W,5K,5,80,W,1127,800,327,0,375,6,374,1,71,154,55,24,30,24,2,7,0,0,0,0,0,0,0,0,0,0,0,7,0,0,0,0,0,0,0,0,0,0,0,0,0,0,0,0,0,0,0,0,0,0,0,0,0,0,0,0
Erststimme,"04W513","04",Charlottenburg-Wilmersdorf,"513",W,5J,5,80,W,883,598,285,0,311,9,309,2,69,115,40,29,25,16,6,7,0,0,0,0,0,0,0,0,0,0,0,2,0,0,0,0,0,0,0,0,0,0,0,0,0,0,0,0,0,0,0,0,0,0,0,0,0,0,0,0
Erststimme,"04W514","04",Charlottenburg-Wilmersdorf,"514",W,5L,5,80,W,875,534,341,0,286,3,281,5,49,104,65,10,15,23,4,8,0,0,0,0,0,0,0,0,0,0,0,3,0,0,0,0,0,0,0,0,0,0,0,0,0,0,0,0,0,0,0,0,0,0,0,0,0,0,0,0
Erststimme,"04W515","04",Charlottenburg-Wilmersdorf,"515",W,5M,5,80,W,851,557,294,0,280,0,278,2,54,99,62,13,13,18,6,9,0,0,0,0,1,0,0,0,0,0,0,3,0,0,0,0,0,0,0,0,0,0,0,0,0,0,0,0,0,0,0,0,0,0,0,0,0,0,0,0
Erststimme,"04W516","04",Charlottenburg-Wilmersdorf,"516",W,5M,5,80,W,970,588,382,0,339,5,337,2,80,102,72,26,25,21,4,5,0,0,0,0,0,0,0,0,0,0,0,2,0,0,0,0,0,0,0,0,0,0,0,0,0,0,0,0,0,0,0,0,0,0,0,0,0,0,0,0
Erststimme,"04W517","04",Charlottenburg-Wilmersdorf,"517",W,5N,5,80,W,753,477,276,0,242,0,241,1,54,80,53,16,17,12,1,6,0,0,0,0,0,0,0,0,0,0,0,2,0,0,0,0,0,0,0,0,0,0,0,0,0,0,0,0,0,0,0,0,0,0,0,0,0,0,0,0
Erststimme,"04W518","04",Charlottenburg-Wilmersdorf,"518",W,5E,5,80,W,983,631,352,0,263,3,262,1,59,94,41,16,24,13,7,8,0,0,0,0,0,0,0,0,0,0,0,0,0,0,0,0,0,0,0,0,0,0,0,0,0,0,0,0,0,0,0,0,0,0,0,0,0,0,0,0
Erststimme,"04W519","04",Charlottenburg-Wilmersdorf,"519",W,5P,5,80,W,1214,826,388,0,423,11,422,1,97,135,77,15,32,36,12,12,0,0,0,0,0,0,0,0,0,0,0,6,0,0,0,0,0,0,0,0,0,0,0,0,0,0,0,0,0,0,0,0,0,0,0,0,0,0,0,0
Erststimme,"04W520","04",Charlottenburg-Wilmersdorf,"520",W,5Q,5,80,W,1282,783,499,0,435,8,435,0,99,178,63,18,37,22,6,7,0,0,0,0,0,0,0,0,0,0,0,5,0,0,0,0,0,0,0,0,0,0,0,0,0,0,0,0,0,0,0,0,0,0,0,0,0,0,0,0
Erststimme,"04W521","04",Charlottenburg-Wilmersdorf,"521",W,5B,5,80,W,961,626,335,0,325,5,322,3,47,177,29,10,17,33,5,4,0,0,0,0,0,0,0,0,0,0,0,0,0,0,0,0,0,0,0,0,0,0,0,0,0,0,0,0,0,0,0,0,0,0,0,0,0,0,0,0
Erststimme,"04W522","04",Charlottenburg-Wilmersdorf,"522",W,5R,5,80,W,1122,713,409,0,422,7,421,1,43,245,43,9,31,40,3,4,0,0,0,0,0,0,0,0,0,0,0,3,0,0,0,0,0,0,0,0,0,0,0,0,0,0,0,0,0,0,0,0,0,0,0,0,0,0,0,0
Erststimme,"04W523","04",Charlottenburg-Wilmersdorf,"523",W,5S,5,80,W,1085,727,358,0,457,6,453,4,104,201,68,11,18,34,2,12,0,0,0,0,0,0,0,0,0,0,0,3,0,0,0,0,0,0,0,0,0,0,0,0,0,0,0,0,0,0,0,0,0,0,0,0,0,0,0,0
Erststimme,"04W524","04",Charlottenburg-Wilmersdorf,"524",W,5T,5,80,W,1173,601,572,0,354,7,348,6,29,210,40,7,19,35,4,2,0,0,0,0,0,0,0,0,0,0,0,2,0,0,0,0,0,0,0,0,0,0,0,0,0,0,0,0,0,0,0,0,0,0,0,0,0,0,0,0
Erststimme,"04W525","04",Charlottenburg-Wilmersdorf,"525",W,5U,5,80,W,1126,605,521,0,323,5,322,1,56,155,44,8,14,36,3,5,0,0,0,0,1,0,0,0,0,0,0,0,0,0,0,0,0,0,0,0,0,0,0,0,0,0,0,0,0,0,0,0,0,0,0,0,0,0,0,0
Erststimme,"04W526","04",Charlottenburg-Wilmersdorf,"526",W,5V,5,80,W,1035,662,373,0,311,7,308,3,67,113,42,16,27,33,3,4,0,0,0,0,0,0,0,0,0,0,0,3,0,0,0,0,0,0,0,0,0,0,0,0,0,0,0,0,0,0,0,0,0,0,0,0,0,0,0,0
Erststimme,"04W527","04",Charlottenburg-Wilmersdorf,"527",W,5N,5,80,W,813,610,203,0,287,1,279,8,63,95,32,22,30,16,6,15,0,0,0,0,0,0,0,0,0,0,0,0,0,0,0,0,0,0,0,0,0,0,0,0,0,0,0,0,0,0,0,0,0,0,0,0,0,0,0,0
Erststimme,"04W528","04",Charlottenburg-Wilmersdorf,"528",W,5W,5,80,W,772,489,283,0,274,2,274,0,62,95,55,18,16,19,4,5,0,0,0,0,0,0,0,0,0,0,0,0,0,0,0,0,0,0,0,0,0,0,0,0,0,0,0,0,0,0,0,0,0,0,0,0,0,0,0,0
Erststimme,"04W529","04",Charlottenburg-Wilmersdorf,"529",W,5L,5,80,W,1110,651,459,0,270,6,270,0,60,93,55,19,11,20,3,5,0,0,0,0,2,0,0,0,0,0,0,2,0,0,0,0,0,0,0,0,0,0,0,0,0,0,0,0,0,0,0,0,0,0,0,0,0,0,0,0
Erststimme,"04B5A","04",Charlottenburg-Wilmersdorf,5A,B,5A,5,80,W,0,0,0,0,353,353,350,3,51,196,39,2,17,36,3,5,0,0,0,0,0,0,0,0,0,0,0,1,0,0,0,0,0,0,0,0,0,0,0,0,0,0,0,0,0,0,0,0,0,0,0,0,0,0,0,0
Erststimme,"04B5B","04",Charlottenburg-Wilmersdorf,5B,B,5B,5,80,W,0,0,0,0,667,667,667,0,108,376,60,18,19,69,7,6,0,0,0,0,0,0,0,0,0,0,0,4,0,0,0,0,0,0,0,0,0,0,0,0,0,0,0,0,0,0,0,0,0,0,0,0,0,0,0,0
Erststimme,"04B5C","04",Charlottenburg-Wilmersdorf,5C,B,5C,5,80,W,0,0,0,0,353,353,351,1,53,200,50,5,6,29,3,2,0,0,0,0,0,0,0,0,0,0,0,3,0,0,0,0,0,0,0,0,0,0,0,0,0,0,0,0,0,0,0,0,0,0,0,0,0,0,0,0
Erststimme,"04B5D","04",Charlottenburg-Wilmersdorf,5D,B,5D,5,80,W,0,0,0,0,324,324,322,1,73,116,51,17,14,30,6,15,0,0,0,0,0,0,0,0,0,0,0,0,0,0,0,0,0,0,0,0,0,0,0,0,0,0,0,0,0,0,0,0,0,0,0,0,0,0,0,0
Erststimme,"04B5E","04",Charlottenburg-Wilmersdorf,5E,B,5E,5,80,W,0,0,0,0,693,693,690,3,153,265,145,37,18,47,7,17,0,0,0,0,0,0,0,0,0,0,0,1,0,0,0,0,0,0,0,0,0,0,0,0,0,0,0,0,0,0,0,0,0,0,0,0,0,0,0,0
Erststimme,"04B5F","04",Charlottenburg-Wilmersdorf,5F,B,5F,5,80,W,0,0,0,0,369,369,366,3,86,122,82,14,13,29,8,12,0,0,0,0,0,0,0,0,0,0,0,0,0,0,0,0,0,0,0,0,0,0,0,0,0,0,0,0,0,0,0,0,0,0,0,0,0,0,0,0
Erststimme,"04B5G","04",Charlottenburg-Wilmersdorf,5G,B,5G,5,80,W,0,0,0,0,511,511,510,0,113,180,114,27,20,39,6,9,0,0,0,0,0,0,0,0,0,0,0,2,0,0,0,0,0,0,0,0,0,0,0,0,0,0,0,0,0,0,0,0,0,0,0,0,0,0,0,0
Erststimme,"04B5H","04",Charlottenburg-Wilmersdorf,5H,B,5H,5,80,W,0,0,0,0,425,425,423,1,89,161,107,18,7,25,6,9,0,0,0,0,1,0,0,0,0,0,0,0,0,0,0,0,0,0,0,0,0,0,0,0,0,0,0,0,0,0,0,0,0,0,0,0,0,0,0,0
Erststimme,"04B5I","04",Charlottenburg-Wilmersdorf,5I,B,5I,5,80,W,0,0,0,0,386,386,386,0,94,141,76,13,17,30,4,6,0,0,0,0,0,0,0,0,0,0,0,5,0,0,0,0,0,0,0,0,0,0,0,0,0,0,0,0,0,0,0,0,0,0,0,0,0,0,0,0
Erststimme,"04B5J","04",Charlottenburg-Wilmersdorf,5J,B,5J,5,80,W,0,0,0,0,637,637,636,1,150,266,96,23,35,47,3,11,0,0,0,0,2,0,0,0,0,0,0,3,0,0,0,0,0,0,0,0,0,0,0,0,0,0,0,0,0,0,0,0,0,0,0,0,0,0,0,0
Erststimme,"04B5K","04",Charlottenburg-Wilmersdorf,5K,B,5K,5,80,W,0,0,0,0,275,275,273,1,68,86,43,15,17,24,11,7,0,0,0,0,0,0,0,0,0,0,0,2,0,0,0,0,0,0,0,0,0,0,0,0,0,0,0,0,0,0,0,0,0,0,0,0,0,0,0,0
Erststimme,"04B5L","04",Charlottenburg-Wilmersdorf,5L,B,5L,5,80,W,0,0,0,0,725,725,708,5,168,252,163,39,21,40,7,14,0,0,0,0,0,0,0,0,0,0,0,4,0,0,0,0,0,0,0,0,0,0,0,0,0,0,0,0,0,0,0,0,0,0,0,0,0,0,0,0
Erststimme,"04B5M","04",Charlottenburg-Wilmersdorf,5M,B,5M,5,80,W,0,0,0,0,631,631,624,5,154,194,163,28,31,29,11,11,0,0,0,0,1,0,0,0,0,0,0,2,0,0,0,0,0,0,0,0,0,0,0,0,0,0,0,0,0,0,0,0,0,0,0,0,0,0,0,0
Erststimme,"04B5N","04",Charlottenburg-Wilmersdorf,5N,B,5N,5,80,W,0,0,0,0,442,442,437,5,93,171,72,27,19,33,3,16,0,0,0,0,0,0,0,0,0,0,0,3,0,0,0,0,0,0,0,0,0,0,0,0,0,0,0,0,0,0,0,0,0,0,0,0,0,0,0,0
Erststimme,"04B5P","04",Charlottenburg-Wilmersdorf,5P,B,5P,5,80,W,0,0,0,0,340,340,338,2,68,136,44,19,23,23,5,17,0,0,0,0,1,0,0,0,0,0,0,2,0,0,0,0,0,0,0,0,0,0,0,0,0,0,0,0,0,0,0,0,0,0,0,0,0,0,0,0
Erststimme,"04B5Q","04",Charlottenburg-Wilmersdorf,5Q,B,5Q,5,80,W,0,0,0,0,450,450,441,8,89,214,73,16,11,26,2,9,0,0,0,0,0,0,0,0,0,0,0,1,0,0,0,0,0,0,0,0,0,0,0,0,0,0,0,0,0,0,0,0,0,0,0,0,0,0,0,0
Erststimme,"04B5R","04",Charlottenburg-Wilmersdorf,5R,B,5R,5,80,W,0,0,0,0,373,373,372,1,32,217,39,4,26,49,0,5,0,0,0,0,0,0,0,0,0,0,0,0,0,0,0,0,0,0,0,0,0,0,0,0,0,0,0,0,0,0,0,0,0,0,0,0,0,0,0,0
Erststimme,"04B5S","04",Charlottenburg-Wilmersdorf,5S,B,5S,5,80,W,0,0,0,0,325,325,323,2,61,162,38,8,17,24,1,7,0,0,0,0,1,0,0,0,0,0,0,4,0,0,0,0,0,0,0,0,0,0,0,0,0,0,0,0,0,0,0,0,0,0,0,0,0,0,0,0
Erststimme,"04B5T","04",Charlottenburg-Wilmersdorf,5T,B,5T,5,80,W,0,0,0,0,515,515,515,0,58,350,39,4,10,51,1,2,0,0,0,0,0,0,0,0,0,0,0,0,0,0,0,0,0,0,0,0,0,0,0,0,0,0,0,0,0,0,0,0,0,0,0,0,0,0,0,0
Erststimme,"04B5U","04",Charlottenburg-Wilmersdorf,5U,B,5U,5,80,W,0,0,0,0,470,470,466,4,77,265,50,6,18,40,2,6,0,0,0,0,0,0,0,0,0,0,0,2,0,0,0,0,0,0,0,0,0,0,0,0,0,0,0,0,0,0,0,0,0,0,0,0,0,0,0,0
Erststimme,"04B5V","04",Charlottenburg-Wilmersdorf,5V,B,5V,5,80,W,0,0,0,0,333,333,328,0,70,154,51,12,12,14,3,12,0,0,0,0,0,0,0,0,0,0,0,0,0,0,0,0,0,0,0,0,0,0,0,0,0,0,0,0,0,0,0,0,0,0,0,0,0,0,0,0
Erststimme,"04B5W","04",Charlottenburg-Wilmersdorf,5W,B,5W,5,80,W,0,0,0,0,263,263,263,0,55,92,69,12,9,24,0,2,0,0,0,0,0,0,0,0,0,0,0,0,0,0,0,0,0,0,0,0,0,0,0,0,0,0,0,0,0,0,0,0,0,0,0,0,0,0,0,0
Erststimme,"04W601","04",Charlottenburg-Wilmersdorf,"601",W,6A,6,80,W,1038,697,341,0,428,3,426,2,106,146,89,18,27,26,7,5,0,0,0,0,0,0,0,0,0,0,0,1,0,0,0,0,0,0,0,0,0,1,0,0,0,0,0,0,0,0,0,0,0,0,0,0,0,0,0,0
Erststimme,"04W602","04",Charlottenburg-Wilmersdorf,"602",W,6B,6,80,W,1055,718,337,0,422,7,416,6,82,138,90,40,18,33,3,5,0,0,0,0,0,0,0,0,0,0,0,2,0,0,0,0,0,0,0,0,0,5,0,0,0,0,0,0,0,0,0,0,0,0,0,0,0,0,0,0
Erststimme,"04W603","04",Charlottenburg-Wilmersdorf,"603",W,6C,6,80,W,1138,798,340,0,363,0,359,4,80,121,83,32,11,20,5,5,0,0,0,0,0,0,0,0,0,0,0,2,0,0,0,0,0,0,0,0,0,0,0,0,0,0,0,0,0,0,0,0,0,0,0,0,0,0,0,0
Erststimme,"04W604","04",Charlottenburg-Wilmersdorf,"604",W,6D,6,80,W,1004,720,284,0,348,0,347,1,76,115,58,26,26,23,9,7,0,0,0,0,0,0,0,0,0,0,0,3,0,0,0,0,0,0,0,0,0,4,0,0,0,0,0,0,0,0,0,0,0,0,0,0,0,0,0,0
Erststimme,"04W605","04",Charlottenburg-Wilmersdorf,"605",W,6D,6,80,W,1043,718,325,0,405,9,400,4,102,98,106,40,21,19,3,10,0,0,0,0,0,0,0,0,0,0,0,1,0,0,0,0,0,0,0,0,0,0,0,0,0,0,0,0,0,0,0,0,0,0,0,0,0,0,0,0
Erststimme,"04W606","04",Charlottenburg-Wilmersdorf,"606",W,6E,6,80,W,1227,831,396,0,459,5,458,1,124,135,101,24,23,24,9,13,0,0,0,0,1,0,0,0,0,0,0,3,0,0,0,0,0,0,0,0,0,1,0,0,0,0,0,0,0,0,0,0,0,0,0,0,0,0,0,0
Erststimme,"04W607","04",Charlottenburg-Wilmersdorf,"607",W,6B,6,80,W,1100,685,415,0,364,5,362,2,72,106,97,26,18,32,3,2,0,0,0,0,2,0,0,0,0,0,0,4,0,0,0,0,0,0,0,0,0,0,0,0,0,0,0,0,0,0,0,0,0,0,0,0,0,0,0,0
Erststimme,"04W608","04",Charlottenburg-Wilmersdorf,"608",W,6F,6,80,W,1187,787,400,0,380,8,377,3,79,121,82,32,26,22,5,7,0,0,0,0,0,0,0,0,0,0,0,2,0,0,0,0,0,0,0,0,0,1,0,0,0,0,0,0,0,0,0,0,0,0,0,0,0,0,0,0
Erststimme,"04W609","04",Charlottenburg-Wilmersdorf,"609",W,6A,6,80,W,1116,727,389,0,371,3,370,1,83,140,47,33,40,19,2,5,0,0,0,0,1,0,0,0,0,0,0,0,0,0,0,0,0,0,0,0,0,0,0,0,0,0,0,0,0,0,0,0,0,0,0,0,0,0,0,0
Erststimme,"04W610","04",Charlottenburg-Wilmersdorf,"610",W,6G,6,80,W,1144,703,441,0,440,5,437,3,105,106,133,31,29,21,4,5,0,0,0,0,0,0,0,0,0,0,0,3,0,0,0,0,0,0,0,0,0,0,0,0,0,0,0,0,0,0,0,0,0,0,0,0,0,0,0,0
Erststimme,"04W611","04",Charlottenburg-Wilmersdorf,"611",W,6H,6,80,W,1029,636,393,0,402,8,400,2,105,131,102,19,7,22,5,5,0,0,0,0,0,0,0,0,0,0,0,3,0,0,0,0,0,0,0,0,0,1,0,0,0,0,0,0,0,0,0,0,0,0,0,0,0,0,0,0
Erststimme,"04W612","04",Charlottenburg-Wilmersdorf,"612",W,6I,6,80,W,1333,856,477,0,487,1,484,3,122,154,83,45,32,24,6,11,0,0,0,0,0,0,0,0,0,0,0,2,0,0,0,0,0,0,0,0,0,5,0,0,0,0,0,0,0,0,0,0,0,0,0,0,0,0,0,0
Erststimme,"04W613","04",Charlottenburg-Wilmersdorf,"613",W,6J,6,80,W,1290,703,587,0,373,9,369,4,98,76,118,31,18,20,2,3,0,0,0,0,0,0,0,0,0,0,0,3,0,0,0,0,0,0,0,0,0,0,0,0,0,0,0,0,0,0,0,0,0,0,0,0,0,0,0,0
Erststimme,"04W614","04",Charlottenburg-Wilmersdorf,"614",W,6K,6,80,W,1115,657,458,0,315,4,309,3,67,88,78,21,12,31,4,4,0,0,0,0,0,0,0,0,0,0,0,3,0,0,0,0,0,0,0,0,0,1,0,0,0,0,0,0,0,0,0,0,0,0,0,0,0,0,0,0
Erststimme,"04W615","04",Charlottenburg-Wilmersdorf,"615",W,6L,6,80,W,1107,688,419,0,386,9,380,6,105,102,93,25,23,15,7,5,0,0,0,0,0,0,0,0,0,0,0,3,0,0,0,0,0,0,0,0,0,2,0,0,0,0,0,0,0,0,0,0,0,0,0,0,0,0,0,0
Erststimme,"04W616","04",Charlottenburg-Wilmersdorf,"616",W,6M,6,80,W,1037,614,423,0,379,3,374,5,94,62,123,44,10,23,4,8,0,0,0,0,1,0,0,0,0,0,0,3,0,0,0,0,0,0,0,0,0,2,0,0,0,0,0,0,0,0,0,0,0,0,0,0,0,0,0,0
Erststimme,"04W617","04",Charlottenburg-Wilmersdorf,"617",W,6N,6,80,W,1313,864,449,0,462,5,451,11,92,129,106,50,21,24,13,13,0,0,0,0,0,0,0,0,0,0,0,2,0,0,0,0,0,0,0,0,0,1,0,0,0,0,0,0,0,0,0,0,0,0,0,0,0,0,0,0
Erststimme,"04W618","04",Charlottenburg-Wilmersdorf,"618",W,6P,6,80,W,1125,686,439,0,385,8,381,4,108,87,102,29,21,22,6,4,0,0,0,0,0,0,0,0,0,0,0,2,0,0,0,0,0,0,0,0,0,0,0,0,0,0,0,0,0,0,0,0,0,0,0,0,0,0,0,0
Erststimme,"04W619","04",Charlottenburg-Wilmersdorf,"619",W,6Q,6,80,W,1077,706,371,0,401,7,395,5,114,98,88,31,21,26,5,9,0,0,0,0,0,0,0,0,0,0,0,2,0,0,0,0,0,0,0,0,0,1,0,0,0,0,0,0,0,0,0,0,0,0,0,0,0,0,0,0
Erststimme,"04W620","04",Charlottenburg-Wilmersdorf,"620",W,6R,6,80,W,1261,740,521,0,352,5,345,6,68,102,73,44,16,22,7,5,0,0,0,0,1,0,0,0,0,0,0,4,0,0,0,0,0,0,0,0,0,3,0,0,0,0,0,0,0,0,0,0,0,0,0,0,0,0,0,0
Erststimme,"04W621","04",Charlottenburg-Wilmersdorf,"621",W,6S,6,80,W,1260,842,418,0,495,10,492,3,116,126,146,35,27,21,12,6,0,0,0,0,1,0,0,0,0,0,0,2,0,0,0,0,0,0,0,0,0,0,0,0,0,0,0,0,0,0,0,0,0,0,0,0,0,0,0,0
Erststimme,"04W622","04",Charlottenburg-Wilmersdorf,"622",W,6T,6,80,W,1284,770,514,0,463,3,459,4,129,92,131,41,23,21,5,8,0,0,0,0,0,0,0,0,0,0,0,8,0,0,0,0,0,0,0,0,0,1,0,0,0,0,0,0,0,0,0,0,0,0,0,0,0,0,0,0
Erststimme,"04W623","04",Charlottenburg-Wilmersdorf,"623",W,6U,6,80,W,1231,789,442,0,467,11,463,4,136,136,87,37,20,26,5,13,0,0,0,0,0,0,0,0,0,0,0,2,0,0,0,0,0,0,0,0,0,1,0,0,0,0,0,0,0,0,0,0,0,0,0,0,0,0,0,0
Erststimme,"04W624","04",Charlottenburg-Wilmersdorf,"624",W,6V,6,80,W,1233,802,431,0,549,12,538,11,129,137,148,56,22,17,11,13,0,0,0,0,0,0,0,0,0,0,0,2,0,0,0,0,0,0,0,0,0,3,0,0,0,0,0,0,0,0,0,0,0,0,0,0,0,0,0,0
Erststimme,"04W625","04",Charlottenburg-Wilmersdorf,"625",W,6W,6,80,W,1204,813,391,0,488,13,481,7,107,124,143,45,20,17,5,16,0,0,0,0,0,0,0,0,0,0,0,3,0,0,0,0,0,0,0,0,0,1,0,0,0,0,0,0,0,0,0,0,0,0,0,0,0,0,0,0
Erststimme,"04W626","04",Charlottenburg-Wilmersdorf,"626",W,6X,6,80,W,1096,749,347,0,430,11,425,5,86,92,133,39,26,15,8,12,0,0,0,0,2,0,0,0,0,0,0,7,0,0,0,0,0,0,0,0,0,5,0,0,0,0,0,0,0,0,0,0,0,0,0,0,0,0,0,0
Erststimme,"04W627","04",Charlottenburg-Wilmersdorf,"627",W,6Y,6,80,W,930,634,296,0,267,4,264,3,58,72,46,19,32,17,5,8,0,0,0,0,0,0,0,0,0,0,0,5,0,0,0,0,0,0,0,0,0,2,0,0,0,0,0,0,0,0,0,0,0,0,0,0,0,0,0,0
Erststimme,"04B6A","04",Charlottenburg-Wilmersdorf,6A,B,6A,6,80,W,0,0,0,0,644,644,640,3,131,235,153,42,18,34,5,14,0,0,0,0,2,0,0,0,0,0,0,4,0,0,0,0,0,0,0,0,0,2,0,0,0,0,0,0,0,0,0,0,0,0,0,0,0,0,0,0
Erststimme,"04B6B","04",Charlottenburg-Wilmersdorf,6B,B,6B,6,80,W,0,0,0,0,676,676,673,2,143,231,194,24,20,47,4,8,0,0,0,0,0,0,0,0,0,0,0,1,0,0,0,0,0,0,0,0,0,1,0,0,0,0,0,0,0,0,0,0,0,0,0,0,0,0,0,0
Erststimme,"04B6C","04",Charlottenburg-Wilmersdorf,6C,B,6C,6,80,W,0,0,0,0,306,306,305,1,92,95,64,12,8,24,4,5,0,0,0,0,0,0,0,0,0,0,0,0,0,0,0,0,0,0,0,0,0,1,0,0,0,0,0,0,0,0,0,0,0,0,0,0,0,0,0,0
Erststimme,"04B6D","04",Charlottenburg-Wilmersdorf,6D,B,6D,6,80,W,0,0,0,0,537,537,536,1,126,178,128,26,21,25,8,18,0,0,0,0,0,0,0,0,0,0,0,2,0,0,0,0,0,0,0,0,0,4,0,0,0,0,0,0,0,0,0,0,0,0,0,0,0,0,0,0
Erststimme,"04B6E","04",Charlottenburg-Wilmersdorf,6E,B,6E,6,80,W,0,0,0,0,357,357,355,2,79,127,80,14,12,25,5,9,0,0,0,0,0,0,0,0,0,0,0,1,0,0,0,0,0,0,0,0,0,3,0,0,0,0,0,0,0,0,0,0,0,0,0,0,0,0,0,0
Erststimme,"04B6F","04",Charlottenburg-Wilmersdorf,6F,B,6F,6,80,W,0,0,0,0,362,362,360,2,101,115,79,23,7,26,4,3,0,0,0,0,0,0,0,0,0,0,0,1,0,0,0,0,0,0,0,0,0,1,0,0,0,0,0,0,0,0,0,0,0,0,0,0,0,0,0,0
Erststimme,"04B6G","04",Charlottenburg-Wilmersdorf,6G,B,6G,6,80,W,0,0,0,0,409,409,409,0,96,129,128,16,8,16,6,8,0,0,0,0,0,0,0,0,0,0,0,2,0,0,0,0,0,0,0,0,0,0,0,0,0,0,0,0,0,0,0,0,0,0,0,0,0,0,0,0
Erststimme,"04B6H","04",Charlottenburg-Wilmersdorf,6H,B,6H,6,80,W,0,0,0,0,359,359,354,2,71,136,101,18,5,17,2,1,0,0,0,0,0,0,0,0,0,0,0,2,0,0,0,0,0,0,0,0,0,1,0,0,0,0,0,0,0,0,0,0,0,0,0,0,0,0,0,0
Erststimme,"04B6I","04",Charlottenburg-Wilmersdorf,6I,B,6I,6,80,W,0,0,0,0,430,430,430,0,91,151,95,19,26,21,9,14,0,0,0,0,0,0,0,0,0,0,0,1,0,0,0,0,0,0,0,0,0,3,0,0,0,0,0,0,0,0,0,0,0,0,0,0,0,0,0,0
Erststimme,"04B6J","04",Charlottenburg-Wilmersdorf,6J,B,6J,6,80,W,0,0,0,0,542,542,537,2,135,145,151,35,11,36,10,6,0,0,0,0,0,0,0,0,0,0,0,6,0,0,0,0,0,0,0,0,0,2,0,0,0,0,0,0,0,0,0,0,0,0,0,0,0,0,0,0
Erststimme,"04B6K","04",Charlottenburg-Wilmersdorf,6K,B,6K,6,80,W,0,0,0,0,416,416,416,0,106,146,89,19,14,30,6,1,0,0,0,0,0,0,0,0,0,0,0,3,0,0,0,0,0,0,0,0,0,2,0,0,0,0,0,0,0,0,0,0,0,0,0,0,0,0,0,0
Erststimme,"04B6L","04",Charlottenburg-Wilmersdorf,6L,B,6L,6,80,W,0,0,0,0,383,383,380,2,98,123,80,17,19,29,6,6,0,0,0,0,0,0,0,0,0,0,0,1,0,0,0,0,0,0,0,0,0,1,0,0,0,0,0,0,0,0,0,0,0,0,0,0,0,0,0,0
Erststimme,"04B6M","04",Charlottenburg-Wilmersdorf,6M,B,6M,6,80,W,0,0,0,0,392,392,392,0,115,108,114,17,10,9,10,6,0,0,0,0,0,0,0,0,0,0,0,3,0,0,0,0,0,0,0,0,0,0,0,0,0,0,0,0,0,0,0,0,0,0,0,0,0,0,0,0
Erststimme,"04B6N","04",Charlottenburg-Wilmersdorf,6N,B,6N,6,80,W,0,0,0,0,401,401,398,2,96,122,115,24,5,16,4,12,0,0,0,0,0,0,0,0,0,0,0,1,0,0,0,0,0,0,0,0,0,3,0,0,0,0,0,0,0,0,0,0,0,0,0,0,0,0,0,0
Erststimme,"04B6P","04",Charlottenburg-Wilmersdorf,6P,B,6P,6,80,W,0,0,0,0,398,398,393,5,107,82,123,30,10,19,13,8,0,0,0,0,0,0,0,0,0,0,0,0,0,0,0,0,0,0,0,0,0,1,0,0,0,0,0,0,0,0,0,0,0,0,0,0,0,0,0,0
Erststimme,"04B6Q","04",Charlottenburg-Wilmersdorf,6Q,B,6Q,6,80,W,0,0,0,0,335,335,334,1,78,80,112,23,13,12,4,10,0,0,0,0,0,0,0,0,0,0,0,1,0,0,0,0,0,0,0,0,0,1,0,0,0,0,0,0,0,0,0,0,0,0,0,0,0,0,0,0
Erststimme,"04B6R","04",Charlottenburg-Wilmersdorf,6R,B,6R,6,80,W,0,0,0,0,483,483,478,5,120,160,110,23,11,29,5,15,0,0,0,0,0,0,0,0,0,0,0,1,0,0,0,0,0,0,0,0,0,4,0,0,0,0,0,0,0,0,0,0,0,0,0,0,0,0,0,0
Erststimme,"04B6S","04",Charlottenburg-Wilmersdorf,6S,B,6S,6,80,W,0,0,0,0,365,365,361,2,72,106,108,30,12,13,5,12,0,0,0,0,0,0,0,0,0,0,0,0,0,0,0,0,0,0,0,0,0,3,0,0,0,0,0,0,0,0,0,0,0,0,0,0,0,0,0,0
Erststimme,"04B6T","04",Charlottenburg-Wilmersdorf,6T,B,6T,6,80,W,0,0,0,0,471,471,468,1,104,141,149,23,15,24,5,2,0,0,0,0,0,0,0,0,0,0,0,3,0,0,0,0,0,0,0,0,0,2,0,0,0,0,0,0,0,0,0,0,0,0,0,0,0,0,0,0
Erststimme,"04B6U","04",Charlottenburg-Wilmersdorf,6U,B,6U,6,80,W,0,0,0,0,405,405,395,1,109,118,104,20,13,14,3,7,0,0,0,0,1,0,0,0,0,0,0,3,0,0,0,0,0,0,0,0,0,3,0,0,0,0,0,0,0,0,0,0,0,0,0,0,0,0,0,0
Erststimme,"04B6V","04",Charlottenburg-Wilmersdorf,6V,B,6V,6,80,W,0,0,0,0,394,394,391,1,97,102,129,22,7,12,4,11,0,0,0,0,0,0,0,0,0,0,0,0,0,0,0,0,0,0,0,0,0,7,0,0,0,0,0,0,0,0,0,0,0,0,0,0,0,0,0,0
Erststimme,"04B6W","04",Charlottenburg-Wilmersdorf,6W,B,6W,6,80,W,0,0,0,0,337,337,331,1,82,72,114,26,6,20,6,1,0,0,0,0,0,0,0,0,0,0,0,2,0,0,0,0,0,0,0,0,0,2,0,0,0,0,0,0,0,0,0,0,0,0,0,0,0,0,0,0
Erststimme,"04B6X","04",Charlottenburg-Wilmersdorf,6X,B,6X,6,80,W,0,0,0,0,312,312,312,0,61,83,91,35,10,19,4,6,0,0,0,0,0,0,0,0,0,0,0,2,0,0,0,0,0,0,0,0,0,1,0,0,0,0,0,0,0,0,0,0,0,0,0,0,0,0,0,0
Erststimme,"04B6Y","04",Charlottenburg-Wilmersdorf,6Y,B,6Y,6,80,W,0,0,0,0,269,269,268,1,77,82,58,14,16,7,4,10,0,0,0,0,0,0,0,0,0,0,0,0,0,0,0,0,0,0,0,0,0,0,0,0,0,0,0,0,0,0,0,0,0,0,0,0,0,0,0,0
Erststimme,"04W701","04",Charlottenburg-Wilmersdorf,"701",W,7A,7,80,W,1221,756,465,0,380,7,371,6,93,109,94,27,16,17,3,9,0,0,0,0,0,0,0,0,0,0,0,3,0,0,0,0,0,0,0,0,0,0,0,0,0,0,0,0,0,0,0,0,0,0,0,0,0,0,0,0
Erststimme,"04W702","04",Charlottenburg-Wilmersdorf,"702",W,7B,7,80,W,1115,771,344,0,363,8,361,2,63,132,54,27,36,21,6,11,0,0,0,0,0,0,0,0,0,0,0,7,0,0,0,0,0,0,0,0,0,4,0,0,0,0,0,0,0,0,0,0,0,0,0,0,0,0,0,0
Erststimme,"04W703","04",Charlottenburg-Wilmersdorf,"703",W,7C,7,80,W,1228,857,371,0,464,0,463,1,89,115,113,58,22,26,17,17,0,0,0,0,0,0,0,0,0,0,0,4,0,0,0,0,0,0,0,0,0,2,0,0,0,0,0,0,0,0,0,0,0,0,0,0,0,0,0,0
Erststimme,"04W704","04",Charlottenburg-Wilmersdorf,"704",W,7D,7,80,W,1183,769,414,0,384,1,383,1,97,115,80,19,39,8,7,15,0,0,0,0,0,0,0,0,0,0,0,3,0,0,0,0,0,0,0,0,0,0,0,0,0,0,0,0,0,0,0,0,0,0,0,0,0,0,0,0
Erststimme,"04W705","04",Charlottenburg-Wilmersdorf,"705",W,7E,7,80,W,1061,637,424,0,393,9,392,1,85,104,113,29,29,13,2,14,0,0,0,0,0,0,0,0,0,0,0,3,0,0,0,0,0,0,0,0,0,0,0,0,0,0,0,0,0,0,0,0,0,0,0,0,0,0,0,0
Erststimme,"04W706","04",Charlottenburg-Wilmersdorf,"706",W,7F,7,80,W,1168,771,397,0,562,4,557,5,148,144,171,33,23,14,4,10,0,0,0,0,0,0,0,0,0,0,0,9,0,0,0,0,0,0,0,0,0,1,0,0,0,0,0,0,0,0,0,0,0,0,0,0,0,0,0,0
Erststimme,"04W707","04",Charlottenburg-Wilmersdorf,"707",W,7G,7,80,W,981,707,274,0,364,5,362,2,104,84,79,30,18,20,13,7,0,0,0,0,0,0,0,0,0,0,0,3,0,0,0,0,0,0,0,0,0,4,0,0,0,0,0,0,0,0,0,0,0,0,0,0,0,0,0,0
Erststimme,"04W708","04",Charlottenburg-Wilmersdorf,"708",W,7H,7,80,W,1229,841,388,0,467,3,460,6,110,141,106,24,31,25,9,3,0,0,0,0,0,0,0,0,0,0,0,10,0,0,0,0,0,0,0,0,0,1,0,0,0,0,0,0,0,0,0,0,0,0,0,0,0,0,0,0
Erststimme,"04W709","04",Charlottenburg-Wilmersdorf,"709",W,7I,7,80,W,1252,764,488,0,334,7,328,6,80,126,32,23,42,16,3,4,0,0,0,0,0,0,0,0,0,0,0,2,0,0,0,0,0,0,0,0,0,0,0,0,0,0,0,0,0,0,0,0,0,0,0,0,0,0,0,0
Erststimme,"04W710","04",Charlottenburg-Wilmersdorf,"710",W,7J,7,80,W,1277,737,540,0,498,10,496,2,133,145,129,27,21,22,0,10,0,0,0,0,0,0,0,0,0,0,0,7,0,0,0,0,0,0,0,0,0,2,0,0,0,0,0,0,0,0,0,0,0,0,0,0,0,0,0,0
Erststimme,"04W711","04",Charlottenburg-Wilmersdorf,"711",W,7K,7,80,W,1292,718,574,0,397,6,395,2,86,129,67,30,39,20,6,9,0,0,0,0,0,0,0,0,0,0,0,6,0,0,0,0,0,0,0,0,0,3,0,0,0,0,0,0,0,0,0,0,0,0,0,0,0,0,0,0
Erststimme,"04W712","04",Charlottenburg-Wilmersdorf,"712",W,7L,7,80,W,1241,716,525,0,467,12,462,5,142,116,110,32,20,24,8,7,0,0,0,0,0,0,0,0,0,0,0,2,0,0,0,0,0,0,0,0,0,1,0,0,0,0,0,0,0,0,0,0,0,0,0,0,0,0,0,0
Erststimme,"04W713","04",Charlottenburg-Wilmersdorf,"713",W,7M,7,80,W,1212,749,463,0,499,10,492,7,131,166,99,26,22,26,1,17,0,0,0,0,0,0,0,0,0,0,0,3,0,0,0,0,0,0,0,0,0,1,0,0,0,0,0,0,0,0,0,0,0,0,0,0,0,0,0,0
Erststimme,"04W714","04",Charlottenburg-Wilmersdorf,"714",W,7N,7,80,W,1270,842,428,0,532,11,523,5,150,137,116,35,24,29,8,11,0,0,0,0,0,0,0,0,0,0,0,12,0,0,0,0,0,0,0,0,0,1,0,0,0,0,0,0,0,0,0,0,0,0,0,0,0,0,0,0
Erststimme,"04W715","04",Charlottenburg-Wilmersdorf,"715",W,7P,7,80,W,1196,728,468,0,339,4,338,1,72,137,48,12,30,17,4,14,0,0,0,0,0,0,0,0,0,0,0,4,0,0,0,0,0,0,0,0,0,0,0,0,0,0,0,0,0,0,0,0,0,0,0,0,0,0,0,0
Erststimme,"04W716","04",Charlottenburg-Wilmersdorf,"716",W,7Q,7,80,W,1320,864,456,0,497,1,485,10,106,114,123,53,40,13,10,12,0,0,0,0,0,0,0,0,0,0,0,11,0,0,0,0,0,0,0,0,0,3,0,0,0,0,0,0,0,0,0,0,0,0,0,0,0,0,0,0
Erststimme,"04W717","04",Charlottenburg-Wilmersdorf,"717",W,7R,7,80,W,1175,703,472,0,488,5,484,3,143,113,112,55,25,15,4,12,0,0,0,0,0,0,0,0,0,0,0,5,0,0,0,0,0,0,0,0,0,0,0,0,0,0,0,0,0,0,0,0,0,0,0,0,0,0,0,0
Erststimme,"04W718","04",Charlottenburg-Wilmersdorf,"718",W,7S,7,80,W,996,609,387,0,377,4,370,7,80,138,55,16,33,24,4,10,0,0,0,0,0,0,0,0,0,0,0,8,0,0,0,0,0,0,0,0,0,2,0,0,0,0,0,0,0,0,0,0,0,0,0,0,0,0,0,0
Erststimme,"04W719","04",Charlottenburg-Wilmersdorf,"719",W,7S,7,80,W,980,677,303,0,300,0,296,3,57,125,36,19,33,14,4,6,0,0,0,0,0,0,0,0,0,0,0,1,0,0,0,0,0,0,0,0,0,1,0,0,0,0,0,0,0,0,0,0,0,0,0,0,0,0,0,0
Erststimme,"04W720","04",Charlottenburg-Wilmersdorf,"720",W,7T,7,80,W,1250,801,449,0,463,12,458,5,99,205,71,18,20,33,4,4,0,0,0,0,0,0,0,0,0,0,0,3,0,0,0,0,0,0,0,0,0,1,0,0,0,0,0,0,0,0,0,0,0,0,0,0,0,0,0,0
Erststimme,"04W721","04",Charlottenburg-Wilmersdorf,"721",W,7U,7,80,W,1232,735,497,0,457,1,452,5,91,192,73,24,34,29,3,5,0,0,0,0,0,0,0,0,0,0,0,1,0,0,0,0,0,0,0,0,0,0,0,0,0,0,0,0,0,0,0,0,0,0,0,0,0,0,0,0
Erststimme,"04W722","04",Charlottenburg-Wilmersdorf,"722",W,7V,7,80,W,1128,699,429,0,434,7,424,10,79,169,87,25,28,24,2,7,0,0,0,0,0,0,0,0,0,0,0,3,0,0,0,0,0,0,0,0,0,0,0,0,0,0,0,0,0,0,0,0,0,0,0,0,0,0,0,0
Erststimme,"04W723","04",Charlottenburg-Wilmersdorf,"723",W,7W,7,80,W,1973,1201,772,0,702,9,701,1,151,276,134,28,45,42,9,9,0,0,0,0,0,0,0,0,0,0,0,5,0,0,0,0,0,0,0,0,0,2,0,0,0,0,0,0,0,0,0,0,0,0,0,0,0,0,0,0
Erststimme,"04W724","04",Charlottenburg-Wilmersdorf,"724",W,7X,7,80,W,783,499,284,0,295,5,294,1,79,113,48,12,21,9,4,6,0,0,0,0,0,0,0,0,0,0,0,1,0,0,0,0,0,0,0,0,0,1,0,0,0,0,0,0,0,0,0,0,0,0,0,0,0,0,0,0
Erststimme,"04W725","04",Charlottenburg-Wilmersdorf,"725",W,7Y,7,80,W,1189,845,344,0,444,5,440,4,104,123,109,40,24,22,3,11,0,0,0,0,0,0,0,0,0,0,0,1,0,0,0,0,0,0,0,0,0,3,0,0,0,0,0,0,0,0,0,0,0,0,0,0,0,0,0,0
Erststimme,"04W726","04",Charlottenburg-Wilmersdorf,"726",W,7Z,7,80,W,1230,775,455,0,548,6,541,7,142,174,107,22,42,28,4,14,0,0,0,0,0,0,0,0,0,0,0,4,0,0,0,0,0,0,0,0,0,4,0,0,0,0,0,0,0,0,0,0,0,0,0,0,0,0,0,0
Erststimme,"04W727","04",Charlottenburg-Wilmersdorf,"727",W,7X,7,80,W,876,509,367,0,362,3,356,6,76,147,66,6,20,30,3,6,0,0,0,0,0,0,0,0,0,0,0,1,0,0,0,0,0,0,0,0,0,1,0,0,0,0,0,0,0,0,0,0,0,0,0,0,0,0,0,0
Erststimme,"04B7A","04",Charlottenburg-Wilmersdorf,7A,B,7A,7,80,W,0,0,0,0,428,428,423,4,103,140,95,22,20,18,6,13,0,0,0,0,0,0,0,0,0,0,0,1,0,0,0,0,0,0,0,0,0,5,0,0,0,0,0,0,0,0,0,0,0,0,0,0,0,0,0,0
Erststimme,"04B7B","04",Charlottenburg-Wilmersdorf,7B,B,7B,7,80,W,0,0,0,0,307,307,305,1,65,121,45,13,18,12,11,14,0,0,0,0,0,0,0,0,0,0,0,4,0,0,0,0,0,0,0,0,0,2,0,0,0,0,0,0,0,0,0,0,0,0,0,0,0,0,0,0
Erststimme,"04B7C","04",Charlottenburg-Wilmersdorf,7C,B,7C,7,80,W,0,0,0,0,334,334,328,4,54,86,111,26,11,22,7,8,0,0,0,0,0,0,0,0,0,0,0,1,0,0,0,0,0,0,0,0,0,2,0,0,0,0,0,0,0,0,0,0,0,0,0,0,0,0,0,0
Erststimme,"04B7D","04",Charlottenburg-Wilmersdorf,7D,B,7D,7,80,W,0,0,0,0,387,387,383,2,93,129,87,23,15,17,7,8,0,0,0,0,0,0,0,0,0,0,0,0,0,0,0,0,0,0,0,0,0,4,0,0,0,0,0,0,0,0,0,0,0,0,0,0,0,0,0,0
Erststimme,"04B7E","04",Charlottenburg-Wilmersdorf,7E,B,7E,7,80,W,0,0,0,0,394,394,392,2,78,99,146,19,9,20,7,7,0,0,0,0,0,0,0,0,0,0,0,2,0,0,0,0,0,0,0,0,0,5,0,0,0,0,0,0,0,0,0,0,0,0,0,0,0,0,0,0
Erststimme,"04B7F","04",Charlottenburg-Wilmersdorf,7F,B,7F,7,80,W,0,0,0,0,366,366,364,1,80,102,117,22,7,17,9,8,0,0,0,0,0,0,0,0,0,0,0,1,0,0,0,0,0,0,0,0,0,1,0,0,0,0,0,0,0,0,0,0,0,0,0,0,0,0,0,0
Erststimme,"04B7G","04",Charlottenburg-Wilmersdorf,7G,B,7G,7,80,W,0,0,0,0,252,252,249,1,56,45,73,26,11,17,8,10,0,0,0,0,0,0,0,0,0,0,0,3,0,0,0,0,0,0,0,0,0,0,0,0,0,0,0,0,0,0,0,0,0,0,0,0,0,0,0,0
Erststimme,"04B7H","04",Charlottenburg-Wilmersdorf,7H,B,7H,7,80,W,0,0,0,0,348,348,345,2,70,138,84,17,12,13,3,6,0,0,0,0,0,0,0,0,0,0,0,2,0,0,0,0,0,0,0,0,0,0,0,0,0,0,0,0,0,0,0,0,0,0,0,0,0,0,0,0
Erststimme,"04B7I","04",Charlottenburg-Wilmersdorf,7I,B,7I,7,80,W,0,0,0,0,426,426,423,1,96,172,74,16,25,24,9,4,0,0,0,0,0,0,0,0,0,0,0,2,0,0,0,0,0,0,0,0,0,1,0,0,0,0,0,0,0,0,0,0,0,0,0,0,0,0,0,0
Erststimme,"04B7J","04",Charlottenburg-Wilmersdorf,7J,B,7J,7,80,W,0,0,0,0,502,502,498,4,148,173,106,27,14,16,3,8,0,0,0,0,0,0,0,0,0,0,0,1,0,0,0,0,0,0,0,0,0,2,0,0,0,0,0,0,0,0,0,0,0,0,0,0,0,0,0,0
Erststimme,"04B7K","04",Charlottenburg-Wilmersdorf,7K,B,7K,7,80,W,0,0,0,0,518,518,514,4,122,206,101,29,17,16,4,12,0,0,0,0,0,0,0,0,0,0,0,4,0,0,0,0,0,0,0,0,0,3,0,0,0,0,0,0,0,0,0,0,0,0,0,0,0,0,0,0
Erststimme,"04B7L","04",Charlottenburg-Wilmersdorf,7L,B,7L,7,80,W,0,0,0,0,465,465,462,1,128,155,123,17,13,8,5,11,0,0,0,0,0,0,0,0,0,0,0,1,0,0,0,0,0,0,0,0,0,1,0,0,0,0,0,0,0,0,0,0,0,0,0,0,0,0,0,0
Erststimme,"04B7M","04",Charlottenburg-Wilmersdorf,7M,B,7M,7,80,W,0,0,0,0,425,425,422,3,100,161,92,15,11,23,11,9,0,0,0,0,0,0,0,0,0,0,0,0,0,0,0,0,0,0,0,0,0,0,0,0,0,0,0,0,0,0,0,0,0,0,0,0,0,0,0,0
Erststimme,"04B7N","04",Charlottenburg-Wilmersdorf,7N,B,7N,7,80,W,0,0,0,0,386,386,385,1,84,130,87,34,11,18,10,10,0,0,0,0,0,0,0,0,0,0,0,1,0,0,0,0,0,0,0,0,0,0,0,0,0,0,0,0,0,0,0,0,0,0,0,0,0,0,0,0
Erststimme,"04B7P","04",Charlottenburg-Wilmersdorf,7P,B,7P,7,80,W,0,0,0,0,422,422,421,1,101,187,50,16,20,16,16,8,0,0,0,0,0,0,0,0,0,0,0,5,0,0,0,0,0,0,0,0,0,2,0,0,0,0,0,0,0,0,0,0,0,0,0,0,0,0,0,0
Erststimme,"04B7Q","04",Charlottenburg-Wilmersdorf,7Q,B,7Q,7,80,W,0,0,0,0,409,409,406,3,94,108,96,47,16,21,6,12,0,0,0,0,0,0,0,0,0,0,0,2,0,0,0,0,0,0,0,0,0,4,0,0,0,0,0,0,0,0,0,0,0,0,0,0,0,0,0,0
Erststimme,"04B7R","04",Charlottenburg-Wilmersdorf,7R,B,7R,7,80,W,0,0,0,0,429,429,427,2,104,121,123,25,9,25,7,10,0,0,0,0,0,0,0,0,0,0,0,3,0,0,0,0,0,0,0,0,0,0,0,0,0,0,0,0,0,0,0,0,0,0,0,0,0,0,0,0
Erststimme,"04B7S","04",Charlottenburg-Wilmersdorf,7S,B,7S,7,80,W,0,0,0,0,635,635,635,0,146,296,82,24,38,32,3,6,0,0,0,0,0,0,0,0,0,0,0,4,0,0,0,0,0,0,0,0,0,4,0,0,0,0,0,0,0,0,0,0,0,0,0,0,0,0,0,0
Erststimme,"04B7T","04",Charlottenburg-Wilmersdorf,7T,B,7T,7,80,W,0,0,0,0,389,389,389,0,92,184,53,15,13,26,2,3,0,0,0,0,0,0,0,0,0,0,0,0,0,0,0,0,0,0,0,0,0,1,0,0,0,0,0,0,0,0,0,0,0,0,0,0,0,0,0,0
Erststimme,"04B7U","04",Charlottenburg-Wilmersdorf,7U,B,7U,7,80,W,0,0,0,0,459,459,454,5,113,189,75,21,16,22,4,12,0,0,0,0,0,0,0,0,0,0,0,1,0,0,0,0,0,0,0,0,0,1,0,0,0,0,0,0,0,0,0,0,0,0,0,0,0,0,0,0
Erststimme,"04B7V","04",Charlottenburg-Wilmersdorf,7V,B,7V,7,80,W,0,0,0,0,385,385,383,2,92,156,72,13,14,24,3,6,0,0,0,0,0,0,0,0,0,0,0,1,0,0,0,0,0,0,0,0,0,2,0,0,0,0,0,0,0,0,0,0,0,0,0,0,0,0,0,0
Erststimme,"04B7W","04",Charlottenburg-Wilmersdorf,7W,B,7W,7,80,W,0,0,0,0,690,690,689,1,178,279,111,22,24,47,7,10,0,0,0,0,0,0,0,0,0,0,0,4,0,0,0,0,0,0,0,0,0,7,0,0,0,0,0,0,0,0,0,0,0,0,0,0,0,0,0,0
Erststimme,"04B7X","04",Charlottenburg-Wilmersdorf,7X,B,7X,7,80,W,0,0,0,0,596,596,595,1,122,287,89,19,19,37,6,8,0,0,0,0,0,0,0,0,0,0,0,5,0,0,0,0,0,0,0,0,0,3,0,0,0,0,0,0,0,0,0,0,0,0,0,0,0,0,0,0
Erststimme,"04B7Y","04",Charlottenburg-Wilmersdorf,7Y,B,7Y,7,80,W,0,0,0,0,310,310,307,1,85,73,85,23,13,11,6,9,0,0,0,0,0,0,0,0,0,0,0,0,0,0,0,0,0,0,0,0,0,2,0,0,0,0,0,0,0,0,0,0,0,0,0,0,0,0,0,0
Erststimme,"04B7Z","04",Charlottenburg-Wilmersdorf,7Z,B,7Z,7,80,W,0,0,0,0,430,430,428,2,131,112,92,29,12,26,3,16,0,0,0,0,0,0,0,0,0,0,0,3,0,0,0,0,0,0,0,0,0,4,0,0,0,0,0,0,0,0,0,0,0,0,0,0,0,0,0,0
Erststimme,"05W101","05",Spandau,"101",W,1A,1,78,W,733,581,152,0,278,6,274,4,87,70,56,20,15,6,5,15,0,0,0,0,0,0,0,0,0,0,0,0,0,0,0,0,0,0,0,0,0,0,0,0,0,0,0,0,0,0,0,0,0,0,0,0,0,0,0,0
Erststimme,"05W102","05",Spandau,"102",W,1B,1,78,W,1127,717,410,0,350,11,348,2,65,137,45,7,42,26,6,16,0,0,0,0,0,0,0,0,0,0,0,4,0,0,0,0,0,0,0,0,0,0,0,0,0,0,0,0,0,0,0,0,0,0,0,0,0,0,0,0
Erststimme,"05W103","05",Spandau,"103",W,1A,1,78,W,1028,711,317,0,458,11,456,2,114,152,74,21,46,13,5,28,0,0,0,0,0,0,0,0,0,0,0,3,0,0,0,0,0,0,0,0,0,0,0,0,0,0,0,0,0,0,0,0,0,0,0,0,0,0,0,0
Erststimme,"05W104","05",Spandau,"104",W,1B,1,78,W,931,748,183,0,315,3,309,6,83,104,22,14,38,8,14,21,0,0,0,0,0,0,0,0,0,0,1,4,0,0,0,0,0,0,0,0,0,0,0,0,0,0,0,0,0,0,0,0,0,0,0,0,0,0,0,0
Erststimme,"05W105","05",Spandau,"105",W,1M,1,78,W,1001,641,360,0,433,11,432,1,85,217,55,4,44,19,3,2,0,0,0,0,1,0,0,0,0,0,2,0,0,0,0,0,0,0,0,0,0,0,0,0,0,0,0,0,0,0,0,0,0,0,0,0,0,0,0,0
Erststimme,"05W106","05",Spandau,"106",W,1N,1,78,W,1162,727,435,0,392,4,387,5,87,174,24,12,42,27,5,11,0,0,0,0,1,0,0,0,0,0,2,2,0,0,0,0,0,0,0,0,0,0,0,0,0,0,0,0,0,0,0,0,0,0,0,0,0,0,0,0
Erststimme,"05W107","05",Spandau,"107",W,1M,1,78,W,804,551,253,0,268,0,266,2,62,102,14,8,41,10,11,14,0,0,0,0,0,0,0,0,0,0,0,4,0,0,0,0,0,0,0,0,0,0,0,0,0,0,0,0,0,0,0,0,0,0,0,0,0,0,0,0
Erststimme,"05W108","05",Spandau,"108",W,1C,1,78,W,933,690,243,0,178,0,175,3,31,47,23,10,37,13,1,12,0,0,0,0,0,0,0,0,0,0,0,1,0,0,0,0,0,0,0,0,0,0,0,0,0,0,0,0,0,0,0,0,0,0,0,0,0,0,0,0
Erststimme,"05W109","05",Spandau,"109",W,1E,1,78,W,684,426,258,0,53,1,53,0,24,15,3,3,2,4,0,1,0,0,0,0,0,0,0,0,0,0,0,1,0,0,0,0,0,0,0,0,0,0,0,0,0,0,0,0,0,0,0,0,0,0,0,0,0,0,0,0
Erststimme,"05W110","05",Spandau,"110",W,1J,1,78,W,841,595,246,0,263,0,258,5,57,76,28,20,41,9,4,16,0,0,0,0,0,0,0,0,0,0,3,4,0,0,0,0,0,0,0,0,0,0,0,0,0,0,0,0,0,0,0,0,0,0,0,0,0,0,0,0
Erststimme,"05W111","05",Spandau,"111",W,1L,1,78,W,1199,863,336,0,399,1,395,4,92,163,17,20,56,14,4,27,0,0,0,0,0,0,0,0,0,0,0,2,0,0,0,0,0,0,0,0,0,0,0,0,0,0,0,0,0,0,0,0,0,0,0,0,0,0,0,0
Erststimme,"05W112","05",Spandau,"112",W,1J,1,78,W,1041,715,326,0,363,0,359,4,85,109,40,26,41,12,8,31,0,0,0,0,0,0,0,0,0,0,2,5,0,0,0,0,0,0,0,0,0,0,0,0,0,0,0,0,0,0,0,0,0,0,0,0,0,0,0,0
Erststimme,"05W113","05",Spandau,"113",W,1L,1,78,W,983,630,353,0,374,3,373,1,70,159,43,16,50,17,1,12,0,0,0,0,0,0,0,0,0,0,0,5,0,0,0,0,0,0,0,0,0,0,0,0,0,0,0,0,0,0,0,0,0,0,0,0,0,0,0,0
Erststimme,"05W114","05",Spandau,"114",W,1G,1,78,W,879,597,282,0,290,0,287,3,80,77,19,25,44,11,9,16,0,0,0,0,0,0,0,0,0,0,1,5,0,0,0,0,0,0,0,0,0,0,0,0,0,0,0,0,0,0,0,0,0,0,0,0,0,0,0,0
Erststimme,"05W115","05",Spandau,"115",W,1G,1,78,W,985,826,159,0,348,3,342,6,65,113,32,14,59,20,12,22,0,0,0,0,0,0,0,0,0,0,0,5,0,0,0,0,0,0,0,0,0,0,0,0,0,0,0,0,0,0,0,0,0,0,0,0,0,0,0,0
Erststimme,"05W116","05",Spandau,"116",W,1N,1,78,W,749,602,147,0,243,1,239,4,60,75,15,11,44,11,7,15,0,0,0,0,0,0,0,0,0,0,0,1,0,0,0,0,0,0,0,0,0,0,0,0,0,0,0,0,0,0,0,0,0,0,0,0,0,0,0,0
Erststimme,"05W117","05",Spandau,"117",W,1Q,1,78,W,957,797,160,0,289,4,282,6,55,88,20,21,67,9,4,15,0,0,0,0,0,0,0,0,0,0,0,3,0,0,0,0,0,0,0,0,0,0,0,0,0,0,0,0,0,0,0,0,0,0,0,0,0,0,0,0
Erststimme,"05W118","05",Spandau,"118",W,1H,1,78,W,1333,959,374,0,314,2,309,5,55,110,25,14,62,11,7,21,0,0,0,0,1,0,0,0,0,0,0,3,0,0,0,0,0,0,0,0,0,0,0,0,0,0,0,0,0,0,0,0,0,0,0,0,0,0,0,0
Erststimme,"05W119","05",Spandau,"119",W,1K,1,78,W,1159,779,380,0,293,1,288,5,70,91,26,11,48,11,5,20,0,0,0,0,1,0,0,0,0,0,1,4,0,0,0,0,0,0,0,0,0,0,0,0,0,0,0,0,0,0,0,0,0,0,0,0,0,0,0,0
Erststimme,"05W120","05",Spandau,"120",W,1E,1,78,W,1215,1000,215,0,451,2,442,9,121,164,22,24,71,19,6,12,0,0,0,0,0,0,0,0,0,0,1,2,0,0,0,0,0,0,0,0,0,0,0,0,0,0,0,0,0,0,0,0,0,0,0,0,0,0,0,0
Erststimme,"05W121","05",Spandau,"121",W,1D,1,78,W,1153,942,211,0,422,2,415,7,100,171,20,18,65,18,6,15,0,0,0,0,0,0,0,0,0,0,1,1,0,0,0,0,0,0,0,0,0,0,0,0,0,0,0,0,0,0,0,0,0,0,0,0,0,0,0,0
Erststimme,"05W122","05",Spandau,"122",W,1R,1,78,W,843,665,178,0,206,0,204,2,44,92,9,6,34,8,2,5,0,0,0,0,1,0,0,0,0,0,1,2,0,0,0,0,0,0,0,0,0,0,0,0,0,0,0,0,0,0,0,0,0,0,0,0,0,0,0,0
Erststimme,"05W123","05",Spandau,"123",W,1R,1,78,W,722,530,192,0,272,2,265,7,79,109,14,10,30,10,2,5,0,0,0,0,0,0,0,0,0,0,0,6,0,0,0,0,0,0,0,0,0,0,0,0,0,0,0,0,0,0,0,0,0,0,0,0,0,0,0,0
Erststimme,"05W124","05",Spandau,"124",W,1Q,1,78,W,1292,970,322,0,475,0,470,5,133,159,22,16,95,19,3,17,0,0,0,0,0,0,0,0,0,0,0,6,0,0,0,0,0,0,0,0,0,0,0,0,0,0,0,0,0,0,0,0,0,0,0,0,0,0,0,0
Erststimme,"05W125","05",Spandau,"125",W,1P,1,78,W,963,791,172,0,272,2,270,2,74,75,11,18,62,7,4,15,0,0,0,0,1,0,0,0,0,0,0,3,0,0,0,0,0,0,0,0,0,0,0,0,0,0,0,0,0,0,0,0,0,0,0,0,0,0,0,0
Erststimme,"05W126","05",Spandau,"126",W,1P,1,78,W,1111,904,207,0,258,2,256,2,64,72,26,14,42,12,9,13,0,0,0,0,2,0,0,0,0,0,0,2,0,0,0,0,0,0,0,0,0,0,0,0,0,0,0,0,0,0,0,0,0,0,0,0,0,0,0,0
Erststimme,"05W127","05",Spandau,"127",W,1P,1,78,W,894,759,135,0,255,6,251,4,89,68,13,16,49,5,0,8,0,0,0,0,1,0,0,0,0,0,1,1,0,0,0,0,0,0,0,0,0,0,0,0,0,0,0,0,0,0,0,0,0,0,0,0,0,0,0,0
Erststimme,"05W128","05",Spandau,"128",W,1S,1,78,W,876,714,162,0,134,0,133,1,33,48,11,5,18,7,4,7,0,0,0,0,0,0,0,0,0,0,0,0,0,0,0,0,0,0,0,0,0,0,0,0,0,0,0,0,0,0,0,0,0,0,0,0,0,0,0,0
Erststimme,"05W129","05",Spandau,"129",W,1S,1,78,W,956,769,186,1,309,1,306,3,79,106,13,17,59,6,3,19,0,0,0,0,0,0,0,0,0,0,1,3,0,0,0,0,0,0,0,0,0,0,0,0,0,0,0,0,0,0,0,0,0,0,0,0,0,0,0,0
Erststimme,"05W130","05",Spandau,"130",W,1S,1,78,W,1089,946,143,0,368,2,363,5,69,128,21,21,89,15,3,15,0,0,0,0,0,0,0,0,0,0,1,1,0,0,0,0,0,0,0,0,0,0,0,0,0,0,0,0,0,0,0,0,0,0,0,0,0,0,0,0
Erststimme,"05W131","05",Spandau,"131",W,1E,1,78,W,511,370,141,0,186,3,186,0,38,60,34,11,23,10,1,3,0,0,0,0,1,0,0,0,0,0,2,3,0,0,0,0,0,0,0,0,0,0,0,0,0,0,0,0,0,0,0,0,0,0,0,0,0,0,0,0
Erststimme,"05W132","05",Spandau,"132",W,1G,1,78,W,1192,970,222,0,353,0,345,8,85,86,36,20,60,9,10,27,0,0,0,0,0,0,0,0,0,0,6,6,0,0,0,0,0,0,0,0,0,0,0,0,0,0,0,0,0,0,0,0,0,0,0,0,0,0,0,0
Erststimme,"05W133","05",Spandau,"133",W,1C,1,78,W,1193,818,375,0,254,2,251,3,65,71,17,14,39,15,9,18,0,0,0,0,1,0,0,0,0,0,1,1,0,0,0,0,0,0,0,0,0,0,0,0,0,0,0,0,0,0,0,0,0,0,0,0,0,0,0,0
Erststimme,"05W134","05",Spandau,"134",W,1F,1,78,W,1092,876,216,0,296,2,290,6,90,109,20,12,31,11,5,10,0,0,0,0,1,0,0,0,0,0,0,1,0,0,0,0,0,0,0,0,0,0,0,0,0,0,0,0,0,0,0,0,0,0,0,0,0,0,0,0
Erststimme,"05B1A","05",Spandau,1A,B,1A,1,78,W,0,0,0,0,441,441,434,7,116,181,65,12,15,17,9,19,0,0,0,0,0,0,0,0,0,0,0,0,0,0,0,0,0,0,0,0,0,0,0,0,0,0,0,0,0,0,0,0,0,0,0,0,0,0,0,0
Erststimme,"05B1B","05",Spandau,1B,B,1B,1,78,W,0,0,0,0,519,519,516,2,104,222,52,27,51,29,6,18,0,0,0,0,0,0,0,0,0,0,1,6,0,0,0,0,0,0,0,0,0,0,0,0,0,0,0,0,0,0,0,0,0,0,0,0,0,0,0,0
Erststimme,"05B1C","05",Spandau,1C,B,1C,1,78,W,0,0,0,0,540,540,538,2,126,223,58,28,41,21,12,27,0,0,0,0,0,0,0,0,0,0,1,1,0,0,0,0,0,0,0,0,0,0,0,0,0,0,0,0,0,0,0,0,0,0,0,0,0,0,0,0
Erststimme,"05B1D","05",Spandau,1D,B,1D,1,78,W,0,0,0,0,178,178,176,2,37,73,21,8,16,8,2,6,0,0,0,0,1,0,0,0,0,0,1,3,0,0,0,0,0,0,0,0,0,0,0,0,0,0,0,0,0,0,0,0,0,0,0,0,0,0,0,0
Erststimme,"05B1E","05",Spandau,1E,B,1E,1,78,W,0,0,0,0,515,515,511,4,137,209,64,18,38,28,4,11,0,0,0,0,0,0,0,0,0,0,0,2,0,0,0,0,0,0,0,0,0,0,0,0,0,0,0,0,0,0,0,0,0,0,0,0,0,0,0,0
Erststimme,"05B1F","05",Spandau,1F,B,1F,1,78,W,0,0,0,0,176,176,172,4,48,62,13,8,19,5,2,13,0,0,0,0,0,0,0,0,0,0,0,2,0,0,0,0,0,0,0,0,0,0,0,0,0,0,0,0,0,0,0,0,0,0,0,0,0,0,0,0
Erststimme,"05B1G","05",Spandau,1G,B,1G,1,78,W,0,0,0,0,583,583,574,9,157,189,72,39,40,21,12,35,0,0,0,0,1,0,0,0,0,0,3,5,0,0,0,0,0,0,0,0,0,0,0,0,0,0,0,0,0,0,0,0,0,0,0,0,0,0,0,0
Erststimme,"05B1H","05",Spandau,1H,B,1H,1,78,W,0,0,0,0,314,314,312,2,76,122,27,15,31,13,5,18,0,0,0,0,0,0,0,0,0,0,2,3,0,0,0,0,0,0,0,0,0,0,0,0,0,0,0,0,0,0,0,0,0,0,0,0,0,0,0,0
Erststimme,"05B1J","05",Spandau,1J,B,1J,1,78,W,0,0,0,0,501,501,495,6,130,192,53,21,41,18,11,24,0,0,0,0,0,0,0,0,0,0,2,3,0,0,0,0,0,0,0,0,0,0,0,0,0,0,0,0,0,0,0,0,0,0,0,0,0,0,0,0
Erststimme,"05B1K","05",Spandau,1K,B,1K,1,78,W,0,0,0,0,347,347,343,4,86,125,19,21,45,15,5,24,0,0,0,0,0,0,0,0,0,0,1,2,0,0,0,0,0,0,0,0,0,0,0,0,0,0,0,0,0,0,0,0,0,0,0,0,0,0,0,0
Erststimme,"05B1L","05",Spandau,1L,B,1L,1,78,W,0,0,0,0,636,636,633,2,141,278,70,33,48,18,8,32,0,0,0,0,1,0,0,0,0,0,0,4,0,0,0,0,0,0,0,0,0,0,0,0,0,0,0,0,0,0,0,0,0,0,0,0,0,0,0,0
Erststimme,"05B1M","05",Spandau,1M,B,1M,1,78,W,0,0,0,0,527,527,524,3,114,236,52,20,48,28,14,10,0,0,0,0,1,0,0,0,0,0,1,0,0,0,0,0,0,0,0,0,0,0,0,0,0,0,0,0,0,0,0,0,0,0,0,0,0,0,0,0
Erststimme,"05B1N","05",Spandau,1N,B,1N,1,78,W,0,0,0,0,531,531,528,3,141,198,65,14,49,25,8,23,0,0,0,0,2,0,0,0,0,0,0,3,0,0,0,0,0,0,0,0,0,0,0,0,0,0,0,0,0,0,0,0,0,0,0,0,0,0,0,0
Erststimme,"05B1P","05",Spandau,1P,B,1P,1,78,W,0,0,0,0,449,449,435,4,115,159,37,26,57,12,2,22,0,0,0,0,0,0,0,0,0,0,0,5,0,0,0,0,0,0,0,0,0,0,0,0,0,0,0,0,0,0,0,0,0,0,0,0,0,0,0,0
Erststimme,"05B1Q","05",Spandau,1Q,B,1Q,1,78,W,0,0,0,0,430,430,422,8,107,204,12,9,39,9,7,32,0,0,0,0,0,0,0,0,0,0,1,2,0,0,0,0,0,0,0,0,0,0,0,0,0,0,0,0,0,0,0,0,0,0,0,0,0,0,0,0
Erststimme,"05B1R","05",Spandau,1R,B,1R,1,78,W,0,0,0,0,346,346,342,4,90,147,30,11,30,13,2,17,0,0,0,0,0,0,0,0,0,0,0,2,0,0,0,0,0,0,0,0,0,0,0,0,0,0,0,0,0,0,0,0,0,0,0,0,0,0,0,0
Erststimme,"05B1S","05",Spandau,1S,B,1S,1,78,W,0,0,0,0,427,427,423,2,110,171,35,18,33,23,8,19,0,0,0,0,0,0,0,0,0,0,3,3,0,0,0,0,0,0,0,0,0,0,0,0,0,0,0,0,0,0,0,0,0,0,0,0,0,0,0,0
Erststimme,"05W201","05",Spandau,"201",W,2L,2,78,W,1199,875,324,0,380,2,371,8,95,136,22,17,62,18,9,11,0,0,0,0,0,0,0,0,0,0,0,0,0,0,0,0,0,0,0,1,0,0,0,0,0,0,0,0,0,0,0,0,0,0,0,0,0,0,0,0
Erststimme,"05W202","05",Spandau,"202",W,2J,2,78,W,1080,810,270,0,298,0,284,14,68,88,16,13,69,8,5,14,0,0,0,0,0,0,0,0,0,0,0,2,0,0,0,0,0,0,0,1,0,0,0,0,0,0,0,0,0,0,0,0,0,0,0,0,0,0,0,0
Erststimme,"05W203","05",Spandau,"203",W,2M,2,78,W,1166,1002,164,0,317,0,312,5,87,101,26,21,49,9,2,13,0,0,0,0,0,0,0,0,0,0,3,1,0,0,0,0,0,0,0,0,0,0,0,0,0,0,0,0,0,0,0,0,0,0,0,0,0,0,0,0
Erststimme,"05W204","05",Spandau,"204",W,2M,2,78,W,885,695,190,0,215,0,213,2,56,42,24,12,45,9,8,15,0,0,0,0,0,0,0,0,0,0,0,2,0,0,0,0,0,0,0,0,0,0,0,0,0,0,0,0,0,0,0,0,0,0,0,0,0,0,0,0
Erststimme,"05W205","05",Spandau,"205",W,2M,2,78,W,984,727,257,0,265,1,253,12,64,76,26,14,38,11,13,10,0,0,0,0,0,0,0,0,0,0,0,0,0,0,0,0,0,0,0,1,0,0,0,0,0,0,0,0,0,0,0,0,0,0,0,0,0,0,0,0
Erststimme,"05W206","05",Spandau,"206",W,2P,2,78,W,666,500,166,0,192,0,191,1,45,66,26,8,27,8,4,5,0,0,0,0,0,0,0,0,0,0,0,0,0,0,0,0,0,0,0,2,0,0,0,0,0,0,0,0,0,0,0,0,0,0,0,0,0,0,0,0
Erststimme,"05W207","05",Spandau,"207",W,2J,2,78,W,1003,864,139,0,201,0,197,4,52,57,6,7,55,5,6,5,0,0,0,0,0,0,0,0,0,0,0,4,0,0,0,0,0,0,0,0,0,0,0,0,0,0,0,0,0,0,0,0,0,0,0,0,0,0,0,0
Erststimme,"05W208","05",Spandau,"208",W,2D,2,78,W,1014,820,194,0,308,0,302,6,83,64,27,38,45,9,8,18,0,0,0,0,0,0,0,0,0,0,0,9,0,0,0,0,0,0,0,1,0,0,0,0,0,0,0,0,0,0,0,0,0,0,0,0,0,0,0,0
Erststimme,"05W209","05",Spandau,"209",W,2A,2,78,W,974,734,240,0,330,2,326,4,80,104,33,15,48,14,9,20,0,0,0,0,0,0,0,0,0,0,2,1,0,0,0,0,0,0,0,0,0,0,0,0,0,0,0,0,0,0,0,0,0,0,0,0,0,0,0,0
Erststimme,"05W210","05",Spandau,"210",W,2C,2,78,W,1041,872,168,1,288,2,287,1,77,69,39,10,44,8,14,22,0,0,0,0,0,0,0,0,0,0,0,4,0,0,0,0,0,0,0,0,0,0,0,0,0,0,0,0,0,0,0,0,0,0,0,0,0,0,0,0
Erststimme,"05W211","05",Spandau,"211",W,2B,2,78,W,764,595,169,0,280,0,274,6,91,90,17,7,38,13,4,10,0,0,0,0,0,0,0,0,0,0,0,4,0,0,0,0,0,0,0,0,0,0,0,0,0,0,0,0,0,0,0,0,0,0,0,0,0,0,0,0
Erststimme,"05W212","05",Spandau,"212",W,2Q,2,78,W,866,679,187,0,296,0,293,3,65,100,20,18,55,7,6,16,0,0,0,0,0,0,0,0,0,0,1,5,0,0,0,0,0,0,0,0,0,0,0,0,0,0,0,0,0,0,0,0,0,0,0,0,0,0,0,0
Erststimme,"05W213","05",Spandau,"213",W,2L,2,78,W,968,696,272,0,428,4,421,7,103,185,42,18,34,22,3,9,0,0,0,0,0,0,0,0,0,0,0,3,0,0,0,0,0,0,0,2,0,0,0,0,0,0,0,0,0,0,0,0,0,0,0,0,0,0,0,0
Erststimme,"05W214","05",Spandau,"214",W,2K,2,78,W,1153,958,195,0,297,1,288,9,74,94,8,11,66,7,5,22,0,0,0,0,0,0,0,0,0,0,0,1,0,0,0,0,0,0,0,0,0,0,0,0,0,0,0,0,0,0,0,0,0,0,0,0,0,0,0,0
Erststimme,"05W215","05",Spandau,"215",W,2H,2,78,W,1024,816,208,0,235,0,230,5,62,50,11,16,49,8,8,23,0,0,0,0,0,0,0,0,0,0,0,2,0,0,0,0,0,0,0,1,0,0,0,0,0,0,0,0,0,0,0,0,0,0,0,0,0,0,0,0
Erststimme,"05W216","05",Spandau,"216",W,2E,2,78,W,940,640,300,0,272,3,269,2,60,80,28,21,50,8,6,12,0,0,0,0,0,0,0,0,0,0,0,3,0,0,0,0,0,0,0,1,0,0,0,0,0,0,0,0,0,0,0,0,0,0,0,0,0,0,0,0
Erststimme,"05W217","05",Spandau,"217",W,2R,2,78,W,705,546,159,0,240,1,238,2,46,96,19,14,34,7,4,16,0,0,0,0,0,0,0,0,0,0,0,2,0,0,0,0,0,0,0,0,0,0,0,0,0,0,0,0,0,0,0,0,0,0,0,0,0,0,0,0
Erststimme,"05W218","05",Spandau,"218",W,2E,2,78,W,940,713,227,0,325,3,316,9,86,83,43,24,43,8,4,17,0,0,0,0,0,0,0,0,0,0,1,6,0,0,0,0,0,0,0,1,0,0,0,0,0,0,0,0,0,0,0,0,0,0,0,0,0,0,0,0
Erststimme,"05W219","05",Spandau,"219",W,2D,2,78,W,1196,925,271,0,427,0,421,6,120,113,54,14,69,13,12,19,0,0,0,0,0,0,0,0,0,0,0,6,0,0,0,0,0,0,0,1,0,0,0,0,0,0,0,0,0,0,0,0,0,0,0,0,0,0,0,0
Erststimme,"05W220","05",Spandau,"220",W,2R,2,78,W,994,767,227,0,328,5,323,5,78,126,22,14,54,11,2,10,0,0,0,0,0,0,0,0,0,0,0,6,0,0,0,0,0,0,0,0,0,0,0,0,0,0,0,0,0,0,0,0,0,0,0,0,0,0,0,0
Erststimme,"05W221","05",Spandau,"221",W,2F,2,78,W,790,614,176,0,285,0,279,6,72,75,39,15,38,16,10,12,0,0,0,0,0,0,0,0,0,0,1,1,0,0,0,0,0,0,0,0,0,0,0,0,0,0,0,0,0,0,0,0,0,0,0,0,0,0,0,0
Erststimme,"05W222","05",Spandau,"222",W,2D,2,78,W,850,627,223,0,323,2,319,4,73,116,33,21,36,18,7,8,0,0,0,0,0,0,0,0,0,0,1,6,0,0,0,0,0,0,0,0,0,0,0,0,0,0,0,0,0,0,0,0,0,0,0,0,0,0,0,0
Erststimme,"05W223","05",Spandau,"223",W,2F,2,78,W,1021,788,233,0,310,1,301,9,94,76,20,15,55,9,8,18,0,0,0,0,0,0,0,0,0,0,3,2,0,0,0,0,0,0,0,1,0,0,0,0,0,0,0,0,0,0,0,0,0,0,0,0,0,0,0,0
Erststimme,"05W224","05",Spandau,"224",W,2F,2,78,W,870,692,178,0,286,3,280,6,72,75,21,18,48,13,4,27,0,0,0,0,0,0,0,0,0,0,0,2,0,0,0,0,0,0,0,0,0,0,0,0,0,0,0,0,0,0,0,0,0,0,0,0,0,0,0,0
Erststimme,"05W225","05",Spandau,"225",W,2B,2,78,W,934,799,135,0,312,2,309,3,70,67,32,30,51,13,11,28,0,0,0,0,0,0,0,0,0,0,1,2,0,0,0,0,0,0,0,4,0,0,0,0,0,0,0,0,0,0,0,0,0,0,0,0,0,0,0,0
Erststimme,"05W226","05",Spandau,"226",W,2N,2,78,W,1004,713,291,0,310,0,302,8,72,98,44,19,30,17,5,9,0,0,0,0,0,0,0,0,0,0,2,5,0,0,0,0,0,0,0,1,0,0,0,0,0,0,0,0,0,0,0,0,0,0,0,0,0,0,0,0
Erststimme,"05W227","05",Spandau,"227",W,2C,2,78,W,1231,942,289,0,299,1,297,2,86,99,19,24,38,9,4,13,0,0,0,0,0,0,0,0,0,0,1,2,0,0,0,0,0,0,0,2,0,0,0,0,0,0,0,0,0,0,0,0,0,0,0,0,0,0,0,0
Erststimme,"05W228","05",Spandau,"228",W,2Q,2,78,W,705,478,227,0,246,1,238,8,56,109,15,12,24,9,4,9,0,0,0,0,0,0,0,0,0,0,0,0,0,0,0,0,0,0,0,0,0,0,0,0,0,0,0,0,0,0,0,0,0,0,0,0,0,0,0,0
Erststimme,"05W229","05",Spandau,"229",W,2G,2,78,W,951,729,222,0,213,3,213,0,45,74,12,13,52,0,2,11,0,0,0,0,0,0,0,0,0,0,0,4,0,0,0,0,0,0,0,0,0,0,0,0,0,0,0,0,0,0,0,0,0,0,0,0,0,0,0,0
Erststimme,"05W230","05",Spandau,"230",W,2A,2,78,W,623,508,115,0,191,2,188,3,39,56,18,10,33,11,3,14,0,0,0,0,0,0,0,0,0,0,2,2,0,0,0,0,0,0,0,0,0,0,0,0,0,0,0,0,0,0,0,0,0,0,0,0,0,0,0,0
Erststimme,"05B2A","05",Spandau,2A,B,2A,2,78,W,0,0,0,0,347,347,347,0,86,135,37,14,25,21,9,17,0,0,0,0,0,0,0,0,0,0,0,2,0,0,0,0,0,0,0,1,0,0,0,0,0,0,0,0,0,0,0,0,0,0,0,0,0,0,0,0
Erststimme,"05B2B","05",Spandau,2B,B,2B,2,78,W,0,0,0,0,259,259,257,2,71,63,40,18,30,7,6,20,0,0,0,0,0,0,0,0,0,0,1,1,0,0,0,0,0,0,0,0,0,0,0,0,0,0,0,0,0,0,0,0,0,0,0,0,0,0,0,0
Erststimme,"05B2C","05",Spandau,2C,B,2C,2,78,W,0,0,0,0,397,397,394,2,114,143,59,21,22,12,8,11,0,0,0,0,0,0,0,0,0,0,1,2,0,0,0,0,0,0,0,1,0,0,0,0,0,0,0,0,0,0,0,0,0,0,0,0,0,0,0,0
Erststimme,"05B2D","05",Spandau,2D,B,2D,2,78,W,0,0,0,0,617,617,611,6,157,200,109,36,34,28,12,29,0,0,0,0,0,0,0,0,0,0,1,2,0,0,0,0,0,0,0,3,0,0,0,0,0,0,0,0,0,0,0,0,0,0,0,0,0,0,0,0
Erststimme,"05B2E","05",Spandau,2E,B,2E,2,78,W,0,0,0,0,474,474,467,3,129,187,54,14,38,12,8,19,0,0,0,0,0,0,0,0,0,0,5,1,0,0,0,0,0,0,0,0,0,0,0,0,0,0,0,0,0,0,0,0,0,0,0,0,0,0,0,0
Erststimme,"05B2F","05",Spandau,2F,B,2F,2,78,W,0,0,0,0,515,515,513,2,166,174,53,14,56,14,7,24,0,0,0,0,0,0,0,0,0,0,1,2,0,0,0,0,0,0,0,2,0,0,0,0,0,0,0,0,0,0,0,0,0,0,0,0,0,0,0,0
Erststimme,"05B2G","05",Spandau,2G,B,2G,2,78,W,0,0,0,0,190,190,187,3,49,63,17,4,33,7,2,10,0,0,0,0,0,0,0,0,0,0,0,1,0,0,0,0,0,0,0,1,0,0,0,0,0,0,0,0,0,0,0,0,0,0,0,0,0,0,0,0
Erststimme,"05B2H","05",Spandau,2H,B,2H,2,78,W,0,0,0,0,172,172,169,3,47,57,12,9,23,4,6,11,0,0,0,0,0,0,0,0,0,0,0,0,0,0,0,0,0,0,0,0,0,0,0,0,0,0,0,0,0,0,0,0,0,0,0,0,0,0,0,0
Erststimme,"05B2J","05",Spandau,2J,B,2J,2,78,W,0,0,0,0,365,365,361,3,106,123,38,16,36,8,5,24,0,0,0,0,0,0,0,0,0,0,2,1,0,0,0,0,0,0,0,2,0,0,0,0,0,0,0,0,0,0,0,0,0,0,0,0,0,0,0,0
Erststimme,"05B2K","05",Spandau,2K,B,2K,2,78,W,0,0,0,0,165,165,164,1,49,58,15,9,12,3,7,6,0,0,0,0,0,0,0,0,0,0,2,1,0,0,0,0,0,0,0,2,0,0,0,0,0,0,0,0,0,0,0,0,0,0,0,0,0,0,0,0
Erststimme,"05B2L","05",Spandau,2L,B,2L,2,78,W,0,0,0,0,541,541,536,5,134,245,53,13,44,14,4,25,0,0,0,0,0,0,0,0,0,0,2,0,0,0,0,0,0,0,0,2,0,0,0,0,0,0,0,0,0,0,0,0,0,0,0,0,0,0,0,0
Erststimme,"05B2M","05",Spandau,2M,B,2M,2,78,W,0,0,0,0,519,519,516,2,139,158,64,32,51,25,13,28,0,0,0,0,0,0,0,0,0,0,0,5,0,0,0,0,0,0,0,1,0,0,0,0,0,0,0,0,0,0,0,0,0,0,0,0,0,0,0,0
Erststimme,"05B2N","05",Spandau,2N,B,2N,2,78,W,0,0,0,0,267,267,264,3,68,103,28,9,27,12,6,10,0,0,0,0,0,0,0,0,0,0,0,1,0,0,0,0,0,0,0,0,0,0,0,0,0,0,0,0,0,0,0,0,0,0,0,0,0,0,0,0
Erststimme,"05B2P","05",Spandau,2P,B,2P,2,78,W,0,0,0,0,142,142,140,2,36,39,26,5,16,5,4,7,0,0,0,0,0,0,0,0,0,0,1,1,0,0,0,0,0,0,0,0,0,0,0,0,0,0,0,0,0,0,0,0,0,0,0,0,0,0,0,0
Erststimme,"05B2Q","05",Spandau,2Q,B,2Q,2,78,W,0,0,0,0,381,381,375,4,86,164,41,13,32,13,5,15,0,0,0,0,0,0,0,0,0,0,1,5,0,0,0,0,0,0,0,0,0,0,0,0,0,0,0,0,0,0,0,0,0,0,0,0,0,0,0,0
Erststimme,"05B2R","05",Spandau,2R,B,2R,2,78,W,0,0,0,0,324,324,323,1,78,126,29,8,30,14,6,27,0,0,0,0,0,0,0,0,0,0,4,0,0,0,0,0,0,0,0,1,0,0,0,0,0,0,0,0,0,0,0,0,0,0,0,0,0,0,0,0
Erststimme,"05W301","05",Spandau,"301",W,3N,3,78,W,1158,844,314,0,371,3,367,4,98,134,22,12,56,11,9,15,0,0,0,0,0,0,0,0,0,0,0,6,0,0,0,0,0,0,0,0,0,0,0,0,0,0,0,0,0,0,0,4,0,0,0,0,0,0,0,0
Erststimme,"05W302","05",Spandau,"302",W,3F,3,78,W,891,764,127,0,291,3,285,6,84,101,21,15,33,9,4,12,0,0,0,0,0,0,0,0,0,0,0,4,0,0,0,0,0,0,0,0,0,0,0,0,0,0,0,0,0,0,0,2,0,0,0,0,0,0,0,0
Erststimme,"05W303","05",Spandau,"303",W,3F,3,78,W,908,562,346,0,329,2,325,4,71,113,43,21,36,15,4,13,0,0,0,0,0,0,0,0,0,0,0,7,0,0,0,0,0,0,0,0,0,0,0,0,0,0,0,0,0,0,0,2,0,0,0,0,0,0,0,0
Erststimme,"05W304","05",Spandau,"304",W,3S,3,78,W,973,652,321,0,372,1,366,5,99,154,28,16,39,15,3,11,0,0,0,0,0,0,0,0,0,0,0,1,0,0,0,0,0,0,0,0,0,0,0,0,0,0,0,0,0,0,0,0,0,0,0,0,0,0,0,0
Erststimme,"05W305","05",Spandau,"305",W,3V,3,78,W,1163,998,165,0,386,4,383,3,97,131,31,16,65,12,7,18,0,0,0,0,0,0,0,0,0,0,0,3,0,0,0,0,0,0,0,0,0,0,0,0,0,0,0,0,0,0,0,3,0,0,0,0,0,0,0,0
Erststimme,"05W306","05",Spandau,"306",W,3E,3,78,W,811,528,283,0,242,1,241,1,52,105,33,12,17,3,5,11,0,0,0,0,0,0,0,0,0,0,0,0,0,0,0,0,0,0,0,0,0,0,0,0,0,0,0,0,0,0,0,3,0,0,0,0,0,0,0,0
Erststimme,"05W307","05",Spandau,"307",W,3Q,3,78,W,1233,997,236,0,323,1,316,7,51,105,30,20,70,12,5,18,0,0,0,0,0,0,0,0,0,0,0,3,0,0,0,0,0,0,0,0,0,0,0,0,0,0,0,0,0,0,0,2,0,0,0,0,0,0,0,0
Erststimme,"05W308","05",Spandau,"308",W,3R,3,78,W,1149,867,282,0,385,4,378,7,85,127,35,18,65,13,4,21,0,0,0,0,0,0,0,0,0,0,0,7,0,0,0,0,0,0,0,0,0,0,0,0,0,0,0,0,0,0,0,3,0,0,0,0,0,0,0,0
Erststimme,"05W309","05",Spandau,"309",W,3R,3,78,W,1277,936,341,0,289,0,284,5,80,107,14,10,37,12,3,10,0,0,0,0,0,0,0,0,0,0,0,4,0,0,0,0,0,0,0,0,0,0,0,0,0,0,0,0,0,0,0,7,0,0,0,0,0,0,0,0
Erststimme,"05W310","05",Spandau,"310",W,3A,3,78,W,1139,858,280,1,352,6,352,0,64,98,49,28,62,18,8,16,0,0,0,0,0,0,0,0,0,0,0,7,0,0,0,0,0,0,0,0,0,0,0,0,0,0,0,0,0,0,0,2,0,0,0,0,0,0,0,0
Erststimme,"05W311","05",Spandau,"311",W,3A,3,78,W,1100,841,259,0,391,7,388,3,102,110,65,26,39,13,10,18,0,0,0,0,0,0,0,0,0,0,0,2,0,0,0,0,0,0,0,0,0,0,0,0,0,0,0,0,0,0,0,3,0,0,0,0,0,0,0,0
Erststimme,"05W312","05",Spandau,"312",W,3E,3,78,W,909,676,233,0,311,2,310,1,57,97,45,28,38,9,9,20,0,0,0,0,0,0,0,0,0,0,0,4,0,0,0,0,0,0,0,0,0,0,0,0,0,0,0,0,0,0,0,3,0,0,0,0,0,0,0,0
Erststimme,"05W313","05",Spandau,"313",W,3G,3,78,W,1284,969,315,0,411,3,398,13,92,120,41,24,69,18,12,14,0,0,0,0,0,0,0,0,0,0,0,4,0,0,0,0,0,0,0,0,0,0,0,0,0,0,0,0,0,0,0,4,0,0,0,0,0,0,0,0
Erststimme,"05W314","05",Spandau,"314",W,3D,3,78,W,1160,898,262,0,426,2,421,5,99,124,47,24,67,19,11,25,0,0,0,0,0,0,0,0,0,0,0,3,0,0,0,0,0,0,0,0,0,0,0,0,0,0,0,0,0,0,0,2,0,0,0,0,0,0,0,0
Erststimme,"05W315","05",Spandau,"315",W,3K,3,78,W,1125,732,393,0,467,1,461,6,116,134,107,31,29,14,7,17,0,0,0,0,0,0,0,0,0,0,0,4,0,0,0,0,0,0,0,0,0,0,0,0,0,0,0,0,0,0,0,2,0,0,0,0,0,0,0,0
Erststimme,"05W316","05",Spandau,"316",W,3B,3,78,W,1253,925,328,0,393,7,386,7,82,115,36,24,63,16,9,31,0,0,0,0,0,0,0,0,0,0,0,8,0,0,0,0,0,0,0,0,0,0,0,0,0,0,0,0,0,0,0,2,0,0,0,0,0,0,0,0
Erststimme,"05W317","05",Spandau,"317",W,3P,3,78,W,1055,886,169,0,313,5,306,7,58,107,33,16,56,14,5,15,0,0,0,0,0,0,0,0,0,0,0,0,0,0,0,0,0,0,0,0,0,0,0,0,0,0,0,0,0,0,0,2,0,0,0,0,0,0,0,0
Erststimme,"05W318","05",Spandau,"318",W,3B,3,78,W,1144,816,328,0,321,2,318,3,79,96,51,29,33,6,9,12,0,0,0,0,0,0,0,0,0,0,0,3,0,0,0,0,0,0,0,0,0,0,0,0,0,0,0,0,0,0,0,0,0,0,0,0,0,0,0,0
Erststimme,"05W319","05",Spandau,"319",W,3K,3,78,W,641,560,81,0,178,0,178,0,61,59,9,11,20,5,3,7,0,0,0,0,0,0,0,0,0,0,0,2,0,0,0,0,0,0,0,0,0,0,0,0,0,0,0,0,0,0,0,1,0,0,0,0,0,0,0,0
Erststimme,"05W320","05",Spandau,"320",W,3Q,3,78,W,916,778,138,0,289,1,284,5,69,87,15,10,67,9,3,18,0,0,0,0,0,0,0,0,0,0,0,3,0,0,0,0,0,0,0,0,0,0,0,0,0,0,0,0,0,0,0,3,0,0,0,0,0,0,0,0
Erststimme,"05W321","05",Spandau,"321",W,3C,3,78,W,1104,811,293,0,319,4,313,5,68,99,45,22,36,8,5,21,0,0,0,0,0,0,0,0,0,0,0,3,0,0,0,0,0,0,0,0,0,0,0,0,0,0,0,0,0,0,0,6,0,0,0,0,0,0,0,0
Erststimme,"05W322","05",Spandau,"322",W,3C,3,78,W,1064,803,261,0,328,6,319,9,55,112,47,18,38,12,12,24,0,0,0,0,0,0,0,0,0,0,0,1,0,0,0,0,0,0,0,0,0,0,0,0,0,0,0,0,0,0,0,0,0,0,0,0,0,0,0,0
Erststimme,"05W323","05",Spandau,"323",W,3M,3,78,W,836,640,196,0,214,3,212,1,44,91,26,15,13,8,3,7,0,0,0,0,0,0,0,0,0,0,0,2,0,0,0,0,0,0,0,0,0,0,0,0,0,0,0,0,0,0,0,3,0,0,0,0,0,0,0,0
Erststimme,"05W324","05",Spandau,"324",W,3L,3,78,W,1078,840,238,0,337,2,331,6,77,99,29,24,43,16,9,22,0,0,0,0,0,0,0,0,0,0,0,8,0,0,0,0,0,0,0,0,0,0,0,0,0,0,0,0,0,0,0,4,0,0,0,0,0,0,0,0
Erststimme,"05W325","05",Spandau,"325",W,3J,3,78,W,1212,899,313,0,425,7,417,7,103,128,63,36,39,9,15,10,0,0,0,0,0,0,0,0,0,0,0,11,0,0,0,0,0,0,0,0,0,0,0,0,0,0,0,0,0,0,0,3,0,0,0,0,0,0,0,0
Erststimme,"05W326","05",Spandau,"326",W,3D,3,78,W,1063,749,314,0,260,1,255,5,67,100,21,6,31,5,8,13,0,0,0,0,0,0,0,0,0,0,0,2,0,0,0,0,0,0,0,0,0,0,0,0,0,0,0,0,0,0,0,2,0,0,0,0,0,0,0,0
Erststimme,"05W327","05",Spandau,"327",W,3J,3,78,W,1039,756,283,0,363,5,356,7,81,113,49,30,33,16,9,16,0,0,0,0,0,0,0,0,0,0,0,5,0,0,0,0,0,0,0,0,0,0,0,0,0,0,0,0,0,0,0,4,0,0,0,0,0,0,0,0
Erststimme,"05W328","05",Spandau,"328",W,3H,3,78,W,1191,874,317,0,381,5,378,3,104,111,49,19,40,17,11,18,0,0,0,0,0,0,0,0,0,0,0,3,0,0,0,0,0,0,0,0,0,0,0,0,0,0,0,0,0,0,0,6,0,0,0,0,0,0,0,0
Erststimme,"05W329","05",Spandau,"329",W,3H,3,78,W,933,704,229,0,289,3,282,5,69,76,45,27,29,11,5,18,0,0,0,0,0,0,0,0,0,0,0,1,0,0,0,0,0,0,0,0,0,0,0,0,0,0,0,0,0,0,0,1,0,0,0,0,0,0,0,0
Erststimme,"05W330","05",Spandau,"330",W,3U,3,78,W,705,543,162,0,204,0,202,2,37,52,29,14,32,15,4,17,0,0,0,0,0,0,0,0,0,0,0,1,0,0,0,0,0,0,0,0,0,0,0,0,0,0,0,0,0,0,0,1,0,0,0,0,0,0,0,0
Erststimme,"05W331","05",Spandau,"331",W,3T,3,78,W,562,451,111,0,171,3,168,2,43,60,18,7,16,14,2,5,0,0,0,0,0,0,0,0,0,0,0,1,0,0,0,0,0,0,0,0,0,0,0,0,0,0,0,0,0,0,0,2,0,0,0,0,0,0,0,0
Erststimme,"05W332","05",Spandau,"332",W,3V,3,78,W,387,280,107,0,91,2,91,0,25,29,15,5,5,7,0,4,0,0,0,0,0,0,0,0,0,0,0,1,0,0,0,0,0,0,0,0,0,0,0,0,0,0,0,0,0,0,0,0,0,0,0,0,0,0,0,0
Erststimme,"05B3A","05",Spandau,3A,B,3A,3,78,W,0,0,0,0,527,527,521,6,125,151,86,31,52,26,15,24,0,0,0,0,0,0,0,0,0,0,0,5,0,0,0,0,0,0,0,0,0,0,0,0,0,0,0,0,0,0,0,6,0,0,0,0,0,0,0,0
Erststimme,"05B3B","05",Spandau,3B,B,3B,3,78,W,0,0,0,0,582,582,580,2,154,172,87,28,74,15,12,30,0,0,0,0,0,0,0,0,0,0,0,7,0,0,0,0,0,0,0,0,0,0,0,0,0,0,0,0,0,0,0,1,0,0,0,0,0,0,0,0
Erststimme,"05B3C","05",Spandau,3C,B,3C,3,78,W,0,0,0,0,486,486,482,4,157,146,77,17,41,16,3,22,0,0,0,0,0,0,0,0,0,0,0,1,0,0,0,0,0,0,0,0,0,0,0,0,0,0,0,0,0,0,0,2,0,0,0,0,0,0,0,0
Erststimme,"05B3D","05",Spandau,3D,B,3D,3,78,W,0,0,0,0,522,522,516,3,123,204,61,23,38,21,13,26,0,0,0,0,0,0,0,0,0,0,0,3,0,0,0,0,0,0,0,0,0,0,0,0,0,0,0,0,0,0,0,4,0,0,0,0,0,0,0,0
Erststimme,"05B3E","05",Spandau,3E,B,3E,3,78,W,0,0,0,0,473,473,467,3,103,210,54,21,37,17,1,19,0,0,0,0,0,0,0,0,0,0,0,3,0,0,0,0,0,0,0,0,0,0,0,0,0,0,0,0,0,0,0,2,0,0,0,0,0,0,0,0
Erststimme,"05B3F","05",Spandau,3F,B,3F,3,78,W,0,0,0,0,420,420,417,3,98,162,50,23,37,20,7,16,0,0,0,0,0,0,0,0,0,0,0,3,0,0,0,0,0,0,0,0,0,0,0,0,0,0,0,0,0,0,0,1,0,0,0,0,0,0,0,0
Erststimme,"05B3G","05",Spandau,3G,B,3G,3,78,W,0,0,0,0,281,281,276,4,67,96,34,9,32,12,9,14,0,0,0,0,0,0,0,0,0,0,0,1,0,0,0,0,0,0,0,0,0,0,0,0,0,0,0,0,0,0,0,2,0,0,0,0,0,0,0,0
Erststimme,"05B3H","05",Spandau,3H,B,3H,3,78,W,0,0,0,0,483,483,480,3,116,153,81,25,40,27,12,17,0,0,0,0,0,0,0,0,0,0,0,3,0,0,0,0,0,0,0,0,0,0,0,0,0,0,0,0,0,0,0,6,0,0,0,0,0,0,0,0
Erststimme,"05B3J","05",Spandau,3J,B,3J,3,78,W,0,0,0,0,521,521,518,2,118,152,110,31,29,31,17,26,0,0,0,0,0,0,0,0,0,0,0,2,0,0,0,0,0,0,0,0,0,0,0,0,0,0,0,0,0,0,0,2,0,0,0,0,0,0,0,0
Erststimme,"05B3K","05",Spandau,3K,B,3K,3,78,W,0,0,0,0,439,439,434,5,104,164,66,19,22,24,10,18,0,0,0,0,0,0,0,0,0,0,0,4,0,0,0,0,0,0,0,0,0,0,0,0,0,0,0,0,0,0,0,3,0,0,0,0,0,0,0,0
Erststimme,"05B3L","05",Spandau,3L,B,3L,3,78,W,0,0,0,0,205,205,204,1,51,73,22,9,22,7,2,12,0,0,0,0,0,0,0,0,0,0,0,0,0,0,0,0,0,0,0,0,0,0,0,0,0,0,0,0,0,0,0,6,0,0,0,0,0,0,0,0
Erststimme,"05B3M","05",Spandau,3M,B,3M,3,78,W,0,0,0,0,166,166,161,5,45,59,11,6,9,16,2,10,0,0,0,0,0,0,0,0,0,0,0,0,0,0,0,0,0,0,0,0,0,0,0,0,0,0,0,0,0,0,0,3,0,0,0,0,0,0,0,0
Erststimme,"05B3N","05",Spandau,3N,B,3N,3,78,W,0,0,0,0,284,284,283,0,77,134,12,10,25,7,5,6,0,0,0,0,0,0,0,0,0,0,0,6,0,0,0,0,0,0,0,0,0,0,0,0,0,0,0,0,0,0,0,1,0,0,0,0,0,0,0,0
Erststimme,"05B3P","05",Spandau,3P,B,3P,3,78,W,0,0,0,0,143,143,143,0,31,54,14,6,16,3,3,11,0,0,0,0,0,0,0,0,0,0,0,3,0,0,0,0,0,0,0,0,0,0,0,0,0,0,0,0,0,0,0,2,0,0,0,0,0,0,0,0
Erststimme,"05B3Q","05",Spandau,3Q,B,3Q,3,78,W,0,0,0,0,326,326,323,3,88,123,28,15,19,12,6,28,0,0,0,0,0,0,0,0,0,0,0,0,0,0,0,0,0,0,0,0,0,0,0,0,0,0,0,0,0,0,0,4,0,0,0,0,0,0,0,0
Erststimme,"05B3R","05",Spandau,3R,B,3R,3,78,W,0,0,0,0,538,538,536,2,116,264,47,21,37,9,3,18,0,0,0,0,0,0,0,0,0,0,0,5,0,0,0,0,0,0,0,0,0,0,0,0,0,0,0,0,0,0,0,16,0,0,0,0,0,0,0,0
Erststimme,"05B3S","05",Spandau,3S,B,3S,3,78,W,0,0,0,0,280,280,279,0,60,136,32,8,19,8,1,11,0,0,0,0,0,0,0,0,0,0,0,1,0,0,0,0,0,0,0,0,0,0,0,0,0,0,0,0,0,0,0,3,0,0,0,0,0,0,0,0
Erststimme,"05B3T","05",Spandau,3T,B,3T,3,78,W,0,0,0,0,95,95,95,0,18,39,8,6,5,6,4,7,0,0,0,0,0,0,0,0,0,0,0,1,0,0,0,0,0,0,0,0,0,0,0,0,0,0,0,0,0,0,0,1,0,0,0,0,0,0,0,0
Erststimme,"05B3U","05",Spandau,3U,B,3U,3,78,W,0,0,0,0,120,120,120,0,28,35,26,2,11,9,2,5,0,0,0,0,0,0,0,0,0,0,0,0,0,0,0,0,0,0,0,0,0,0,0,0,0,0,0,0,0,0,0,2,0,0,0,0,0,0,0,0
Erststimme,"05B3V","05",Spandau,3V,B,3V,3,78,W,0,0,0,0,224,224,224,0,47,76,44,12,17,15,1,7,0,0,0,0,0,0,0,0,0,0,0,1,0,0,0,0,0,0,0,0,0,0,0,0,0,0,0,0,0,0,0,4,0,0,0,0,0,0,0,0
Erststimme,"05W401","05",Spandau,"401",W,4C,4,78,W,1358,857,501,0,378,2,371,7,91,171,28,18,32,11,7,9,0,0,0,0,0,0,0,0,0,0,0,4,0,0,0,0,0,0,0,0,0,0,0,0,0,0,0,0,0,0,0,0,0,0,0,0,0,0,0,0
Erststimme,"05W402","05",Spandau,"402",W,4D,4,78,W,701,456,245,0,265,1,261,4,70,109,28,8,21,9,6,7,0,0,0,0,0,0,0,0,0,0,0,2,0,0,0,0,0,0,0,0,0,0,0,0,0,0,0,0,0,1,0,0,0,0,0,0,0,0,0,0
Erststimme,"05W403","05",Spandau,"403",W,4C,4,78,W,933,615,318,0,400,4,394,6,122,183,20,8,21,20,3,10,0,0,0,0,0,0,0,0,0,0,0,7,0,0,0,0,0,0,0,0,0,0,0,0,0,0,0,0,0,0,0,0,0,0,0,0,0,0,0,0
Erststimme,"05W404","05",Spandau,"404",W,4R,4,78,W,1015,709,306,0,398,0,393,5,86,160,39,15,50,19,5,14,0,0,0,0,0,0,0,0,0,0,0,3,0,0,0,0,0,0,0,0,0,0,0,0,0,0,0,0,0,2,0,0,0,0,0,0,0,0,0,0
Erststimme,"05W405","05",Spandau,"405",W,4D,4,78,W,1055,675,380,0,396,1,391,5,101,179,16,11,48,10,9,13,0,0,0,0,0,0,0,0,0,0,0,4,0,0,0,0,0,0,0,0,0,0,0,0,0,0,0,0,0,0,0,0,0,0,0,0,0,0,0,0
Erststimme,"05W406","05",Spandau,"406",W,4L,4,78,W,984,695,289,0,327,5,322,4,70,133,18,10,52,9,5,19,0,0,0,0,0,0,0,0,0,0,0,3,0,0,0,0,0,0,0,0,0,0,0,0,0,0,0,0,0,3,0,0,0,0,0,0,0,0,0,0
Erststimme,"05W407","05",Spandau,"407",W,4H,4,78,W,979,583,396,0,361,6,358,3,98,144,24,8,55,18,2,6,0,0,0,0,0,0,0,0,0,0,0,3,0,0,0,0,0,0,0,0,0,0,0,0,0,0,0,0,0,0,0,0,0,0,0,0,0,0,0,0
Erststimme,"05W408","05",Spandau,"408",W,4F,4,78,W,833,744,89,0,223,0,213,9,57,70,13,13,40,4,7,6,0,0,0,0,0,0,0,0,0,0,0,3,0,0,0,0,0,0,0,0,0,0,0,0,0,0,0,0,0,0,0,0,0,0,0,0,0,0,0,0
Erststimme,"05W409","05",Spandau,"409",W,4F,4,78,W,1081,755,326,0,466,6,461,5,117,214,28,12,53,16,4,12,0,0,0,0,0,0,0,0,0,0,0,5,0,0,0,0,0,0,0,0,0,0,0,0,0,0,0,0,0,0,0,0,0,0,0,0,0,0,0,0
Erststimme,"05W410","05",Spandau,"410",W,4B,4,78,W,1294,961,333,0,341,1,335,6,75,142,18,14,62,9,1,10,0,0,0,0,0,0,0,0,0,0,0,3,0,0,0,0,0,0,0,0,0,0,0,0,0,0,0,0,0,1,0,0,0,0,0,0,0,0,0,0
Erststimme,"05W411","05",Spandau,"411",W,4K,4,78,W,1006,804,202,0,354,2,349,5,62,147,24,11,73,4,7,18,0,0,0,0,0,0,0,0,0,0,0,1,0,0,0,0,0,0,0,0,0,0,0,0,0,0,0,0,0,2,0,0,0,0,0,0,0,0,0,0
Erststimme,"05W412","05",Spandau,"412",W,4J,4,78,W,1279,978,301,0,400,1,396,2,77,191,10,8,82,9,3,13,0,0,0,0,0,0,0,0,0,0,0,3,0,0,0,0,0,0,0,0,0,0,0,0,0,0,0,0,0,0,0,0,0,0,0,0,0,0,0,0
Erststimme,"05W413","05",Spandau,"413",W,4E,4,78,W,1339,917,422,0,352,2,345,7,81,148,26,11,51,8,6,10,0,0,0,0,0,0,0,0,0,0,0,1,0,0,0,0,0,0,0,0,0,0,0,0,0,0,0,0,0,3,0,0,0,0,0,0,0,0,0,0
Erststimme,"05W414","05",Spandau,"414",W,4J,4,78,W,765,625,140,0,266,0,263,3,60,94,11,12,55,15,2,14,0,0,0,0,0,0,0,0,0,0,0,0,0,0,0,0,0,0,0,0,0,0,0,0,0,0,0,0,0,0,0,0,0,0,0,0,0,0,0,0
Erststimme,"05W415","05",Spandau,"415",W,4L,4,78,W,1255,979,276,0,324,1,317,7,78,109,9,14,69,8,8,20,0,0,0,0,0,0,0,0,0,0,0,2,0,0,0,0,0,0,0,0,0,0,0,0,0,0,0,0,0,0,0,0,0,0,0,0,0,0,0,0
Erststimme,"05W416","05",Spandau,"416",W,4U,4,78,W,1222,702,520,0,353,2,350,2,77,144,38,20,42,9,4,10,0,0,0,0,0,0,0,0,0,0,0,5,0,0,0,0,0,0,0,0,0,0,0,0,0,0,0,0,0,1,0,0,0,0,0,0,0,0,0,0
Erststimme,"05W417","05",Spandau,"417",W,4Q,4,78,W,940,610,330,0,384,5,383,1,75,179,35,12,39,27,3,9,0,0,0,0,0,0,0,0,0,0,0,4,0,0,0,0,0,0,0,0,0,0,0,0,0,0,0,0,0,0,0,0,0,0,0,0,0,0,0,0
Erststimme,"05W418","05",Spandau,"418",W,4A,4,78,W,718,587,131,0,175,2,171,4,35,77,8,9,28,4,3,5,0,0,0,0,0,0,0,0,0,0,0,1,0,0,0,0,0,0,0,0,0,0,0,0,0,0,0,0,0,1,0,0,0,0,0,0,0,0,0,0
Erststimme,"05W419","05",Spandau,"419",W,4S,4,78,W,1078,687,391,0,420,6,415,5,71,209,33,31,41,15,3,8,0,0,0,0,0,0,0,0,0,0,0,4,0,0,0,0,0,0,0,0,0,0,0,0,0,0,0,0,0,0,0,0,0,0,0,0,0,0,0,0
Erststimme,"05W420","05",Spandau,"420",W,4T,4,78,W,1072,607,465,0,399,3,394,5,79,178,44,15,38,19,4,14,0,0,0,0,0,0,0,0,0,0,0,3,0,0,0,0,0,0,0,0,0,0,0,0,0,0,0,0,0,0,0,0,0,0,0,0,0,0,0,0
Erststimme,"05W421","05",Spandau,"421",W,4G,4,78,W,1195,1015,180,0,351,1,346,5,86,127,22,22,57,9,9,11,0,0,0,0,0,0,0,0,0,0,0,2,0,0,0,0,0,0,0,0,0,0,0,0,0,0,0,0,0,1,0,0,0,0,0,0,0,0,0,0
Erststimme,"05W422","05",Spandau,"422",W,4G,4,78,W,951,810,141,0,246,1,241,5,54,82,10,15,51,8,7,13,0,0,0,0,0,0,0,0,0,0,0,1,0,0,0,0,0,0,0,0,0,0,0,0,0,0,0,0,0,0,0,0,0,0,0,0,0,0,0,0
Erststimme,"05W423","05",Spandau,"423",W,4A,4,78,W,825,625,200,0,295,1,292,3,77,128,7,12,45,12,3,6,0,0,0,0,0,0,0,0,0,0,0,1,0,0,0,0,0,0,0,0,0,0,0,0,0,0,0,0,0,1,0,0,0,0,0,0,0,0,0,0
Erststimme,"05W424","05",Spandau,"424",W,4B,4,78,W,1184,895,289,0,375,1,371,4,106,137,25,13,57,13,3,12,0,0,0,0,0,0,0,0,0,0,0,5,0,0,0,0,0,0,0,0,0,0,0,0,0,0,0,0,0,0,0,0,0,0,0,0,0,0,0,0
Erststimme,"05W425","05",Spandau,"425",W,4P,4,78,W,1000,713,287,0,364,6,360,4,76,164,32,7,44,19,5,12,0,0,0,0,0,0,0,0,0,0,0,1,0,0,0,0,0,0,0,0,0,0,0,0,0,0,0,0,0,0,0,0,0,0,0,0,0,0,0,0
Erststimme,"05W426","05",Spandau,"426",W,4N,4,78,W,1159,798,361,0,415,5,413,2,78,192,35,16,50,16,2,18,0,0,0,0,0,0,0,0,0,0,0,6,0,0,0,0,0,0,0,0,0,0,0,0,0,0,0,0,0,0,0,0,0,0,0,0,0,0,0,0
Erststimme,"05W427","05",Spandau,"427",W,4G,4,78,W,748,617,131,0,213,0,208,5,61,58,16,10,46,9,0,5,0,0,0,0,0,0,0,0,0,0,0,2,0,0,0,0,0,0,0,0,0,0,0,0,0,0,0,0,0,1,0,0,0,0,0,0,0,0,0,0
Erststimme,"05W428","05",Spandau,"428",W,4S,4,78,W,1080,715,365,0,457,4,449,8,101,183,20,6,83,8,9,33,0,0,0,0,0,0,0,0,0,0,0,4,0,0,0,0,0,0,0,0,0,0,0,0,0,0,0,0,0,2,0,0,0,0,0,0,0,0,0,0
Erststimme,"05W429","05",Spandau,"429",W,4K,4,78,W,935,666,269,0,387,5,379,7,104,146,37,11,42,12,4,17,0,0,0,0,0,0,0,0,0,0,0,4,0,0,0,0,0,0,0,0,0,0,0,0,0,0,0,0,0,2,0,0,0,0,0,0,0,0,0,0
Erststimme,"05W430","05",Spandau,"430",W,4M,4,78,W,1002,661,341,0,365,3,357,8,77,154,27,16,42,10,8,16,0,0,0,0,0,0,0,0,0,0,0,5,0,0,0,0,0,0,0,0,0,0,0,0,0,0,0,0,0,2,0,0,0,0,0,0,0,0,0,0
Erststimme,"05B4A","05",Spandau,4A,B,4A,4,78,W,0,0,0,0,324,324,316,6,97,134,21,11,24,6,4,18,0,0,0,0,0,0,0,0,0,0,0,1,0,0,0,0,0,0,0,0,0,0,0,0,0,0,0,0,0,0,0,0,0,0,0,0,0,0,0,0
Erststimme,"05B4B","05",Spandau,4B,B,4B,4,78,W,0,0,0,0,563,563,561,1,148,267,46,21,40,13,4,19,0,0,0,0,0,0,0,0,0,0,0,1,0,0,0,0,0,0,0,0,0,0,0,0,0,0,0,0,0,2,0,0,0,0,0,0,0,0,0,0
Erststimme,"05B4C","05",Spandau,4C,B,4C,4,78,W,0,0,0,0,744,744,742,2,177,361,81,14,40,28,8,26,0,0,0,0,0,0,0,0,0,0,0,5,0,0,0,0,0,0,0,0,0,0,0,0,0,0,0,0,0,2,0,0,0,0,0,0,0,0,0,0
Erststimme,"05B4D","05",Spandau,4D,B,4D,4,78,W,0,0,0,0,567,567,563,4,114,293,59,17,33,23,9,11,0,0,0,0,0,0,0,0,0,0,0,2,0,0,0,0,0,0,0,0,0,0,0,0,0,0,0,0,0,2,0,0,0,0,0,0,0,0,0,0
Erststimme,"05B4E","05",Spandau,4E,B,4E,4,78,W,0,0,0,0,377,377,373,4,82,174,28,12,33,16,4,22,0,0,0,0,0,0,0,0,0,0,0,2,0,0,0,0,0,0,0,0,0,0,0,0,0,0,0,0,0,0,0,0,0,0,0,0,0,0,0,0
Erststimme,"05B4F","05",Spandau,4F,B,4F,4,78,W,0,0,0,0,380,380,374,6,81,189,26,6,40,20,3,8,0,0,0,0,0,0,0,0,0,0,0,0,0,0,0,0,0,0,0,0,0,0,0,0,0,0,0,0,0,1,0,0,0,0,0,0,0,0,0,0
Erststimme,"05B4G","05",Spandau,4G,B,4G,4,78,W,0,0,0,0,403,403,397,6,108,172,25,15,33,12,4,22,0,0,0,0,0,0,0,0,0,0,0,4,0,0,0,0,0,0,0,0,0,0,0,0,0,0,0,0,0,2,0,0,0,0,0,0,0,0,0,0
Erststimme,"05B4H","05",Spandau,4H,B,4H,4,78,W,0,0,0,0,365,365,364,1,88,192,23,3,30,10,8,8,0,0,0,0,0,0,0,0,0,0,0,1,0,0,0,0,0,0,0,0,0,0,0,0,0,0,0,0,0,1,0,0,0,0,0,0,0,0,0,0
Erststimme,"05B4J","05",Spandau,4J,B,4J,4,78,W,0,0,0,0,397,397,391,4,103,166,25,7,49,9,6,25,0,0,0,0,0,0,0,0,0,0,0,0,0,0,0,0,0,0,0,0,0,0,0,0,0,0,0,0,0,1,0,0,0,0,0,0,0,0,0,0
Erststimme,"05B4K","05",Spandau,4K,B,4K,4,78,W,0,0,0,0,420,420,415,5,83,198,37,12,35,20,8,19,0,0,0,0,0,0,0,0,0,0,0,0,0,0,0,0,0,0,0,0,0,0,0,0,0,0,0,0,0,3,0,0,0,0,0,0,0,0,0,0
Erststimme,"05B4L","05",Spandau,4L,B,4L,4,78,W,0,0,0,0,508,508,499,7,114,238,16,13,57,17,9,27,0,0,0,0,0,0,0,0,0,0,0,1,0,0,0,0,0,0,0,0,0,0,0,0,0,0,0,0,0,7,0,0,0,0,0,0,0,0,0,0
Erststimme,"05B4M","05",Spandau,4M,B,4M,4,78,W,0,0,0,0,309,309,308,1,80,141,26,5,24,8,4,19,0,0,0,0,0,0,0,0,0,0,0,0,0,0,0,0,0,0,0,0,0,0,0,0,0,0,0,0,0,1,0,0,0,0,0,0,0,0,0,0
Erststimme,"05B4N","05",Spandau,4N,B,4N,4,78,W,0,0,0,0,329,329,327,2,66,160,24,8,31,26,0,10,0,0,0,0,0,0,0,0,0,0,0,0,0,0,0,0,0,0,0,0,0,0,0,0,0,0,0,0,0,2,0,0,0,0,0,0,0,0,0,0
Erststimme,"05B4P","05",Spandau,4P,B,4P,4,78,W,0,0,0,0,248,248,248,0,51,120,22,4,22,11,4,13,0,0,0,0,0,0,0,0,0,0,0,1,0,0,0,0,0,0,0,0,0,0,0,0,0,0,0,0,0,0,0,0,0,0,0,0,0,0,0,0
Erststimme,"05B4Q","05",Spandau,4Q,B,4Q,4,78,W,0,0,0,0,297,297,291,6,56,150,34,6,19,20,4,2,0,0,0,0,0,0,0,0,0,0,0,0,0,0,0,0,0,0,0,0,0,0,0,0,0,0,0,0,0,0,0,0,0,0,0,0,0,0,0,0
Erststimme,"05B4R","05",Spandau,4R,B,4R,4,78,W,0,0,0,0,281,281,276,4,62,128,27,7,27,8,4,11,0,0,0,0,0,0,0,0,0,0,0,0,0,0,0,0,0,0,0,0,0,0,0,0,0,0,0,0,0,2,0,0,0,0,0,0,0,0,0,0
Erststimme,"05B4S","05",Spandau,4S,B,4S,4,78,W,0,0,0,0,686,686,678,8,146,354,41,12,47,18,12,36,0,0,0,0,0,0,0,0,0,0,0,5,0,0,0,0,0,0,0,0,0,0,0,0,0,0,0,0,0,7,0,0,0,0,0,0,0,0,0,0
Erststimme,"05B4T","05",Spandau,4T,B,4T,4,78,W,0,0,0,0,432,432,431,1,82,216,39,16,32,19,7,16,0,0,0,0,0,0,0,0,0,0,0,1,0,0,0,0,0,0,0,0,0,0,0,0,0,0,0,0,0,3,0,0,0,0,0,0,0,0,0,0
Erststimme,"05B4U","05",Spandau,4U,B,4U,4,78,W,0,0,0,0,470,470,469,1,81,300,32,10,10,15,4,14,0,0,0,0,0,0,0,0,0,0,0,2,0,0,0,0,0,0,0,0,0,0,0,0,0,0,0,0,0,1,0,0,0,0,0,0,0,0,0,0
Erststimme,"05W501","05",Spandau,"501",W,5E,5,78,W,985,727,258,0,310,0,301,9,51,124,38,17,42,10,3,14,0,0,0,0,0,0,0,0,0,0,0,2,0,0,0,0,0,0,0,0,0,0,0,0,0,0,0,0,0,0,0,0,0,0,0,0,0,0,0,0
Erststimme,"05W502","05",Spandau,"502",W,5F,5,78,W,1174,863,311,0,452,2,447,5,124,131,71,16,51,18,8,26,0,0,0,0,1,0,0,0,0,0,0,1,0,0,0,0,0,0,0,0,0,0,0,0,0,0,0,0,0,0,0,0,0,0,0,0,0,0,0,0
Erststimme,"05W503","05",Spandau,"503",W,5J,5,78,W,783,506,277,0,364,4,360,2,79,172,31,15,35,13,3,10,0,0,0,0,0,0,0,0,0,0,0,2,0,0,0,0,0,0,0,0,0,0,0,0,0,0,0,0,0,0,0,0,0,0,0,0,0,0,0,0
Erststimme,"05W504","05",Spandau,"504",W,5J,5,78,W,911,573,338,0,392,4,389,3,95,174,44,11,26,19,7,10,0,0,0,0,1,0,0,0,0,0,0,2,0,0,0,0,0,0,0,0,0,0,0,0,0,0,0,0,0,0,0,0,0,0,0,0,0,0,0,0
Erststimme,"05W505","05",Spandau,"505",W,5H,5,78,W,1098,620,478,0,366,0,358,4,91,163,42,11,24,16,0,8,0,0,0,0,0,0,0,0,0,0,0,3,0,0,0,0,0,0,0,0,0,0,0,0,0,0,0,0,0,0,0,0,0,0,0,0,0,0,0,0
Erststimme,"05W506","05",Spandau,"506",W,5A,5,78,W,1065,742,323,0,470,0,468,2,99,239,35,10,39,16,5,21,0,0,0,0,0,0,0,0,0,0,0,4,0,0,0,0,0,0,0,0,0,0,0,0,0,0,0,0,0,0,0,0,0,0,0,0,0,0,0,0
Erststimme,"05W507","05",Spandau,"507",W,5L,5,78,W,984,633,351,0,451,2,444,7,93,198,65,8,28,29,7,13,0,0,0,0,0,0,0,0,0,0,0,3,0,0,0,0,0,0,0,0,0,0,0,0,0,0,0,0,0,0,0,0,0,0,0,0,0,0,0,0
Erststimme,"05W508","05",Spandau,"508",W,5M,5,78,W,970,606,364,0,431,9,426,5,92,193,59,6,31,17,7,14,0,0,0,0,0,0,0,0,0,0,0,7,0,0,0,0,0,0,0,0,0,0,0,0,0,0,0,0,0,0,0,0,0,0,0,0,0,0,0,0
Erststimme,"05W509","05",Spandau,"509",W,5P,5,78,W,695,435,260,0,264,4,261,3,39,120,46,8,24,17,3,3,0,0,0,0,0,0,0,0,0,0,0,1,0,0,0,0,0,0,0,0,0,0,0,0,0,0,0,0,0,0,0,0,0,0,0,0,0,0,0,0
Erststimme,"05W510","05",Spandau,"510",W,5R,5,78,W,965,646,319,0,412,1,409,3,95,174,41,8,36,24,4,18,0,0,0,0,0,0,0,0,0,0,0,9,0,0,0,0,0,0,0,0,0,0,0,0,0,0,0,0,0,0,0,0,0,0,0,0,0,0,0,0
Erststimme,"05W511","05",Spandau,"511",W,5V,5,78,W,916,550,366,0,401,5,396,5,74,195,44,18,29,24,2,10,0,0,0,0,0,0,0,0,0,0,0,0,0,0,0,0,0,0,0,0,0,0,0,0,0,0,0,0,0,0,0,0,0,0,0,0,0,0,0,0
Erststimme,"05W512","05",Spandau,"512",W,5K,5,78,W,858,513,345,0,366,5,365,1,54,213,31,6,24,21,0,14,0,0,0,0,0,0,0,0,0,0,0,2,0,0,0,0,0,0,0,0,0,0,0,0,0,0,0,0,0,0,0,0,0,0,0,0,0,0,0,0
Erststimme,"05W513","05",Spandau,"513",W,5Y,5,78,W,970,665,305,0,482,4,480,2,101,237,42,14,30,31,6,15,0,0,0,0,0,0,0,0,0,0,0,4,0,0,0,0,0,0,0,0,0,0,0,0,0,0,0,0,0,0,0,0,0,0,0,0,0,0,0,0
Erststimme,"05W514","05",Spandau,"514",W,5D,5,78,W,986,810,176,0,228,0,222,6,43,88,8,10,48,9,4,12,0,0,0,0,0,0,0,0,0,0,0,0,0,0,0,0,0,0,0,0,0,0,0,0,0,0,0,0,0,0,0,0,0,0,0,0,0,0,0,0
Erststimme,"05W515","05",Spandau,"515",W,5G,5,78,W,1069,674,395,0,413,5,409,4,100,205,27,13,21,21,7,11,0,0,0,0,2,0,0,0,0,0,0,2,0,0,0,0,0,0,0,0,0,0,0,0,0,0,0,0,0,0,0,0,0,0,0,0,0,0,0,0
Erststimme,"05W516","05",Spandau,"516",W,5T,5,78,W,1203,761,442,0,477,8,472,5,121,214,41,14,36,24,4,11,0,0,0,0,2,0,0,0,0,0,0,5,0,0,0,0,0,0,0,0,0,0,0,0,0,0,0,0,0,0,0,0,0,0,0,0,0,0,0,0
Erststimme,"05W517","05",Spandau,"517",W,5F,5,78,W,995,760,235,0,351,0,347,4,88,137,28,7,58,6,6,14,0,0,0,0,0,0,0,0,0,0,0,3,0,0,0,0,0,0,0,0,0,0,0,0,0,0,0,0,0,0,0,0,0,0,0,0,0,0,0,0
Erststimme,"05W518","05",Spandau,"518",W,5Z,5,78,W,913,526,387,0,395,10,390,5,47,217,48,8,35,18,4,10,0,0,0,0,0,0,0,0,0,0,0,3,0,0,0,0,0,0,0,0,0,0,0,0,0,0,0,0,0,0,0,0,0,0,0,0,0,0,0,0
Erststimme,"05W519","05",Spandau,"519",W,5B,5,78,W,970,701,269,0,319,1,314,5,70,144,20,8,48,10,1,13,0,0,0,0,0,0,0,0,0,0,0,0,0,0,0,0,0,0,0,0,0,0,0,0,0,0,0,0,0,0,0,0,0,0,0,0,0,0,0,0
Erststimme,"05W520","05",Spandau,"520",W,5B,5,78,W,1129,874,255,0,314,3,308,6,63,134,18,9,57,7,4,14,0,0,0,0,0,0,0,0,0,0,0,2,0,0,0,0,0,0,0,0,0,0,0,0,0,0,0,0,0,0,0,0,0,0,0,0,0,0,0,0
Erststimme,"05W521","05",Spandau,"521",W,5D,5,78,W,1108,963,145,0,289,0,285,4,64,99,17,20,51,10,7,17,0,0,0,0,0,0,0,0,0,0,0,0,0,0,0,0,0,0,0,0,0,0,0,0,0,0,0,0,0,0,0,0,0,0,0,0,0,0,0,0
Erststimme,"05W522","05",Spandau,"522",W,5Q,5,78,W,954,602,352,0,410,5,408,1,106,164,54,19,40,9,3,9,0,0,0,0,0,0,0,0,0,0,0,4,0,0,0,0,0,0,0,0,0,0,0,0,0,0,0,0,0,0,0,0,0,0,0,0,0,0,0,0
Erststimme,"05W523","05",Spandau,"523",W,5W,5,78,W,952,568,384,0,381,5,379,2,71,194,44,8,35,17,4,6,0,0,0,0,0,0,0,0,0,0,0,0,0,0,0,0,0,0,0,0,0,0,0,0,0,0,0,0,0,0,0,0,0,0,0,0,0,0,0,0
Erststimme,"05W524","05",Spandau,"524",W,5S,5,78,W,967,554,413,0,411,8,406,4,108,168,60,8,27,14,4,13,0,0,0,0,0,0,0,0,0,0,0,4,0,0,0,0,0,0,0,0,0,0,0,0,0,0,0,0,0,0,0,0,0,0,0,0,0,0,0,0
Erststimme,"05W525","05",Spandau,"525",W,5L,5,78,W,799,487,312,0,353,2,350,3,67,170,44,11,30,17,2,5,0,0,0,0,1,0,0,0,0,0,0,3,0,0,0,0,0,0,0,0,0,0,0,0,0,0,0,0,0,0,0,0,0,0,0,0,0,0,0,0
Erststimme,"05W526","05",Spandau,"526",W,5C,5,78,W,1113,763,350,0,423,3,418,4,98,173,36,14,56,17,9,11,0,0,0,0,0,0,0,0,0,0,0,4,0,0,0,0,0,0,0,0,0,0,0,0,0,0,0,0,0,0,0,0,0,0,0,0,0,0,0,0
Erststimme,"05W527","05",Spandau,"527",W,5D,5,78,W,1395,1216,179,0,248,2,243,5,62,70,14,9,61,9,8,9,0,0,0,0,0,0,0,0,0,0,0,1,0,0,0,0,0,0,0,0,0,0,0,0,0,0,0,0,0,0,0,0,0,0,0,0,0,0,0,0
Erststimme,"05W528","05",Spandau,"528",W,5R,5,78,W,884,606,278,0,379,2,373,6,83,169,48,7,23,27,4,9,0,0,0,0,1,0,0,0,0,0,0,2,0,0,0,0,0,0,0,0,0,0,0,0,0,0,0,0,0,0,0,0,0,0,0,0,0,0,0,0
Erststimme,"05W529","05",Spandau,"529",W,5U,5,78,W,899,543,356,0,394,17,394,0,62,217,53,9,18,19,2,10,0,0,0,0,0,0,0,0,0,0,0,4,0,0,0,0,0,0,0,0,0,0,0,0,0,0,0,0,0,0,0,0,0,0,0,0,0,0,0,0
Erststimme,"05W530","05",Spandau,"530",W,5E,5,78,W,954,721,233,0,323,1,319,3,70,115,23,16,49,12,10,19,0,0,0,0,1,0,0,0,0,0,0,4,0,0,0,0,0,0,0,0,0,0,0,0,0,0,0,0,0,0,0,0,0,0,0,0,0,0,0,0
Erststimme,"05W531","05",Spandau,"531",W,5N,5,78,W,786,526,260,0,351,11,348,3,53,144,46,10,50,14,10,18,0,0,0,0,0,0,0,0,0,0,0,3,0,0,0,0,0,0,0,0,0,0,0,0,0,0,0,0,0,0,0,0,0,0,0,0,0,0,0,0
Erststimme,"05W532","05",Spandau,"532",W,5X,5,78,W,1022,742,280,0,539,5,536,3,87,256,72,17,47,33,6,14,0,0,0,0,0,0,0,0,0,0,0,4,0,0,0,0,0,0,0,0,0,0,0,0,0,0,0,0,0,0,0,0,0,0,0,0,0,0,0,0
Erststimme,"05B5A","05",Spandau,5A,B,5A,5,78,W,0,0,0,0,337,337,336,1,96,156,35,3,13,21,8,3,0,0,0,0,0,0,0,0,0,0,0,1,0,0,0,0,0,0,0,0,0,0,0,0,0,0,0,0,0,0,0,0,0,0,0,0,0,0,0,0
Erststimme,"05B5B","05",Spandau,5B,B,5B,5,78,W,0,0,0,0,476,476,472,4,111,256,31,4,27,24,3,15,0,0,0,0,0,0,0,0,0,0,0,1,0,0,0,0,0,0,0,0,0,0,0,0,0,0,0,0,0,0,0,0,0,0,0,0,0,0,0,0
Erststimme,"05B5C","05",Spandau,5C,B,5C,5,78,W,0,0,0,0,309,309,309,0,79,169,16,7,17,7,5,8,0,0,0,0,0,0,0,0,0,0,0,1,0,0,0,0,0,0,0,0,0,0,0,0,0,0,0,0,0,0,0,0,0,0,0,0,0,0,0,0
Erststimme,"05B5D","05",Spandau,5D,B,5D,5,78,W,0,0,0,0,442,442,440,2,132,163,26,12,67,18,4,17,0,0,0,0,0,0,0,0,0,0,0,1,0,0,0,0,0,0,0,0,0,0,0,0,0,0,0,0,0,0,0,0,0,0,0,0,0,0,0,0
Erststimme,"05B5E","05",Spandau,5E,B,5E,5,78,W,0,0,0,0,438,438,436,2,114,175,47,17,29,14,6,26,0,0,0,0,1,0,0,0,0,0,0,7,0,0,0,0,0,0,0,0,0,0,0,0,0,0,0,0,0,0,0,0,0,0,0,0,0,0,0,0
Erststimme,"05B5F","05",Spandau,5F,B,5F,5,78,W,0,0,0,0,496,496,490,4,149,202,48,17,26,15,5,24,0,0,0,0,1,0,0,0,0,0,0,3,0,0,0,0,0,0,0,0,0,0,0,0,0,0,0,0,0,0,0,0,0,0,0,0,0,0,0,0
Erststimme,"05B5G","05",Spandau,5G,B,5G,5,78,W,0,0,0,0,360,360,357,3,71,198,36,11,13,9,5,12,0,0,0,0,0,0,0,0,0,0,0,2,0,0,0,0,0,0,0,0,0,0,0,0,0,0,0,0,0,0,0,0,0,0,0,0,0,0,0,0
Erststimme,"05B5H","05",Spandau,5H,B,5H,5,78,W,0,0,0,0,437,437,435,2,110,212,43,4,24,29,1,10,0,0,0,0,0,0,0,0,0,0,0,2,0,0,0,0,0,0,0,0,0,0,0,0,0,0,0,0,0,0,0,0,0,0,0,0,0,0,0,0
Erststimme,"05B5J","05",Spandau,5J,B,5J,5,78,W,0,0,0,0,563,563,557,4,125,295,50,11,30,30,5,9,0,0,0,0,0,0,0,0,0,0,0,2,0,0,0,0,0,0,0,0,0,0,0,0,0,0,0,0,0,0,0,0,0,0,0,0,0,0,0,0
Erststimme,"05B5K","05",Spandau,5K,B,5K,5,78,W,0,0,0,0,298,298,297,1,60,169,21,8,8,20,2,8,0,0,0,0,0,0,0,0,0,0,0,1,0,0,0,0,0,0,0,0,0,0,0,0,0,0,0,0,0,0,0,0,0,0,0,0,0,0,0,0
Erststimme,"05B5L","05",Spandau,5L,B,5L,5,78,W,0,0,0,0,615,615,610,3,154,294,61,17,31,31,9,12,0,0,0,0,0,0,0,0,0,0,0,1,0,0,0,0,0,0,0,0,0,0,0,0,0,0,0,0,0,0,0,0,0,0,0,0,0,0,0,0
Erststimme,"05B5M","05",Spandau,5M,B,5M,5,78,W,0,0,0,0,327,327,326,1,71,154,48,5,21,15,2,9,0,0,0,0,0,0,0,0,0,0,0,1,0,0,0,0,0,0,0,0,0,0,0,0,0,0,0,0,0,0,0,0,0,0,0,0,0,0,0,0
Erststimme,"05B5N","05",Spandau,5N,B,5N,5,78,W,0,0,0,0,231,231,230,0,34,111,34,7,16,10,3,14,0,0,0,0,0,0,0,0,0,0,0,1,0,0,0,0,0,0,0,0,0,0,0,0,0,0,0,0,0,0,0,0,0,0,0,0,0,0,0,0
Erststimme,"05B5P","05",Spandau,5P,B,5P,5,78,W,0,0,0,0,234,234,233,0,35,107,37,5,14,20,2,10,0,0,0,0,0,0,0,0,0,0,0,3,0,0,0,0,0,0,0,0,0,0,0,0,0,0,0,0,0,0,0,0,0,0,0,0,0,0,0,0
Erststimme,"05B5Q","05",Spandau,5Q,B,5Q,5,78,W,0,0,0,0,321,321,319,2,99,129,49,7,13,8,7,6,0,0,0,0,0,0,0,0,0,0,0,1,0,0,0,0,0,0,0,0,0,0,0,0,0,0,0,0,0,0,0,0,0,0,0,0,0,0,0,0
Erststimme,"05B5R","05",Spandau,5R,B,5R,5,78,W,0,0,0,0,543,543,541,2,114,274,71,11,31,17,5,15,0,0,0,0,0,0,0,0,0,0,0,3,0,0,0,0,0,0,0,0,0,0,0,0,0,0,0,0,0,0,0,0,0,0,0,0,0,0,0,0
Erststimme,"05B5S","05",Spandau,5S,B,5S,5,78,W,0,0,0,0,379,379,375,4,91,197,38,5,17,15,2,6,0,0,0,0,3,0,0,0,0,0,0,1,0,0,0,0,0,0,0,0,0,0,0,0,0,0,0,0,0,0,0,0,0,0,0,0,0,0,0,0
Erststimme,"05B5T","05",Spandau,5T,B,5T,5,78,W,0,0,0,0,398,398,397,1,80,200,51,14,14,25,3,9,0,0,0,0,0,0,0,0,0,0,0,1,0,0,0,0,0,0,0,0,0,0,0,0,0,0,0,0,0,0,0,0,0,0,0,0,0,0,0,0
Erststimme,"05B5U","05",Spandau,5U,B,5U,5,78,W,0,0,0,0,321,321,321,0,66,166,39,8,11,13,2,13,0,0,0,0,2,0,0,0,0,0,0,1,0,0,0,0,0,0,0,0,0,0,0,0,0,0,0,0,0,0,0,0,0,0,0,0,0,0,0,0
Erststimme,"05B5V","05",Spandau,5V,B,5V,5,78,W,0,0,0,0,336,336,335,1,58,179,48,6,21,16,1,6,0,0,0,0,0,0,0,0,0,0,0,0,0,0,0,0,0,0,0,0,0,0,0,0,0,0,0,0,0,0,0,0,0,0,0,0,0,0,0,0
Erststimme,"05B5W","05",Spandau,5W,B,5W,5,78,W,0,0,0,0,342,342,342,0,67,198,36,7,8,13,4,7,0,0,0,0,0,0,0,0,0,0,0,2,0,0,0,0,0,0,0,0,0,0,0,0,0,0,0,0,0,0,0,0,0,0,0,0,0,0,0,0
Erststimme,"05B5X","05",Spandau,5X,B,5X,5,78,W,0,0,0,0,259,259,257,2,48,136,23,7,21,12,5,3,0,0,0,0,0,0,0,0,0,0,0,2,0,0,0,0,0,0,0,0,0,0,0,0,0,0,0,0,0,0,0,0,0,0,0,0,0,0,0,0
Erststimme,"05B5Y","05",Spandau,5Y,B,5Y,5,78,W,0,0,0,0,274,274,272,2,45,140,30,4,13,21,2,17,0,0,0,0,0,0,0,0,0,0,0,0,0,0,0,0,0,0,0,0,0,0,0,0,0,0,0,0,0,0,0,0,0,0,0,0,0,0,0,0
Erststimme,"05B5Z","05",Spandau,5Z,B,5Z,5,78,W,0,0,0,0,351,351,346,5,67,182,45,2,12,27,3,8,0,0,0,0,0,0,0,0,0,0,0,0,0,0,0,0,0,0,0,0,0,0,0,0,0,0,0,0,0,0,0,0,0,0,0,0,0,0,0,0
Erststimme,"06W101","06",Steglitz-Zehlendorf,"101",W,1A,1,79,W,1246,676,570,0,448,7,445,3,75,167,123,19,19,25,5,4,2,0,0,0,0,0,0,0,0,0,0,5,0,0,0,0,0,0,0,0,0,1,0,0,0,0,0,0,0,0,0,0,0,0,0,0,0,0,0,0
Erststimme,"06W102","06",Steglitz-Zehlendorf,"102",W,1B,1,79,W,1288,678,610,0,432,5,429,3,112,109,111,27,21,27,5,13,2,0,0,0,0,0,0,0,0,0,0,2,0,0,0,0,0,0,0,0,0,0,0,0,0,0,0,0,0,0,0,0,0,0,0,0,0,0,0,0
Erststimme,"06W103","06",Steglitz-Zehlendorf,"103",W,1C,1,79,W,1248,788,460,0,406,10,402,4,72,92,128,36,22,16,13,14,2,0,0,0,0,0,0,0,0,0,0,3,0,0,0,0,0,0,0,0,0,4,0,0,0,0,0,0,0,0,0,0,0,0,0,0,0,0,0,0
Erststimme,"06W104","06",Steglitz-Zehlendorf,"104",W,1D,1,79,W,1296,761,535,0,472,13,468,4,102,107,166,35,25,13,6,10,1,0,0,0,0,0,0,0,0,0,0,3,0,0,0,0,0,0,0,0,0,0,0,0,0,0,0,0,0,0,0,0,0,0,0,0,0,0,0,0
Erststimme,"06W105","06",Steglitz-Zehlendorf,"105",W,1E,1,79,W,1157,678,479,0,325,9,324,1,68,84,89,30,22,14,4,11,0,0,0,0,0,0,0,0,0,0,0,2,0,0,0,0,0,0,0,0,0,0,0,0,0,0,0,0,0,0,0,0,0,0,0,0,0,0,0,0
Erststimme,"06W106","06",Steglitz-Zehlendorf,"106",W,1F,1,79,W,1146,776,370,0,366,10,363,3,66,107,90,21,33,16,7,14,7,0,0,0,0,0,0,0,0,0,0,2,0,0,0,0,0,0,0,0,0,0,0,0,0,0,0,0,0,0,0,0,0,0,0,0,0,0,0,0
Erststimme,"06W107","06",Steglitz-Zehlendorf,"107",W,1G,1,79,W,1190,729,461,0,439,6,433,6,96,123,108,18,31,24,14,9,4,0,0,0,0,0,0,0,0,0,0,5,0,0,0,0,0,0,0,0,0,1,0,0,0,0,0,0,0,0,0,0,0,0,0,0,0,0,0,0
Erststimme,"06W108","06",Steglitz-Zehlendorf,"108",W,1H,1,79,W,1285,696,589,0,482,9,480,2,98,135,159,27,21,21,4,11,0,0,0,0,0,0,0,0,0,0,0,2,0,0,0,0,0,0,0,0,0,2,0,0,0,0,0,0,0,0,0,0,0,0,0,0,0,0,0,0
Erststimme,"06W109","06",Steglitz-Zehlendorf,"109",W,1J,1,79,W,1287,838,449,0,514,5,511,3,84,144,168,39,23,26,12,9,1,0,0,0,0,0,0,0,0,0,0,3,0,0,0,0,0,0,0,0,0,2,0,0,0,0,0,0,0,0,0,0,0,0,0,0,0,0,0,0
Erststimme,"06W110","06",Steglitz-Zehlendorf,"110",W,1K,1,79,W,1136,680,456,0,386,12,384,2,91,96,110,21,21,19,8,12,1,0,0,0,0,0,0,0,0,0,0,3,0,0,0,0,0,0,0,0,0,2,0,0,0,0,0,0,0,0,0,0,0,0,0,0,0,0,0,0
Erststimme,"06W111","06",Steglitz-Zehlendorf,"111",W,1L,1,79,W,1129,722,407,0,445,7,442,3,94,121,117,29,39,17,5,11,1,0,0,0,0,0,0,0,0,0,0,5,0,0,0,0,0,0,0,0,0,3,0,0,0,0,0,0,0,0,0,0,0,0,0,0,0,0,0,0
Erststimme,"06W112","06",Steglitz-Zehlendorf,"112",W,1M,1,79,W,1243,866,377,0,446,1,438,8,83,119,107,23,40,24,5,30,0,0,0,0,0,0,0,0,0,0,0,3,0,0,0,0,0,0,0,0,0,4,0,0,0,0,0,0,0,0,0,0,0,0,0,0,0,0,0,0
Erststimme,"06W113","06",Steglitz-Zehlendorf,"113",W,1N,1,79,W,1184,778,406,0,319,5,316,3,48,101,56,25,41,21,10,9,3,0,0,0,0,0,0,0,0,0,0,2,0,0,0,0,0,0,0,0,0,0,0,0,0,0,0,0,0,0,0,0,0,0,0,0,0,0,0,0
Erststimme,"06W114","06",Steglitz-Zehlendorf,"114",W,1P,1,79,W,1204,714,490,0,400,6,397,3,67,133,118,19,17,28,7,5,1,0,0,0,0,0,0,0,0,0,0,1,0,0,0,0,0,0,0,0,0,1,0,0,0,0,0,0,0,0,0,0,0,0,0,0,0,0,0,0
Erststimme,"06W115","06",Steglitz-Zehlendorf,"115",W,1Q,1,79,W,1238,832,406,0,417,3,412,5,82,116,106,29,29,21,12,11,3,0,0,0,0,0,0,0,0,0,0,0,0,0,0,0,0,0,0,0,0,3,0,0,0,0,0,0,0,0,0,0,0,0,0,0,0,0,0,0
Erststimme,"06W116","06",Steglitz-Zehlendorf,"116",W,1R,1,79,W,1230,744,486,0,497,13,490,7,105,120,140,33,38,25,5,8,4,0,0,0,0,0,0,0,0,0,0,11,0,0,0,0,0,0,0,0,0,1,0,0,0,0,0,0,0,0,0,0,0,0,0,0,0,0,0,0
Erststimme,"06W117","06",Steglitz-Zehlendorf,"117",W,1S,1,79,W,1177,632,545,0,356,3,349,3,67,113,88,12,27,21,6,10,0,0,0,0,0,0,0,0,0,0,0,3,0,0,0,0,0,0,0,0,0,2,0,0,0,0,0,0,0,0,0,0,0,0,0,0,0,0,0,0
Erststimme,"06W118","06",Steglitz-Zehlendorf,"118",W,1T,1,79,W,1240,706,534,0,441,5,438,3,84,143,129,15,22,29,1,7,2,0,0,0,0,0,0,0,0,0,0,4,0,0,0,0,0,0,0,0,0,2,0,0,0,0,0,0,0,0,0,0,0,0,0,0,0,0,0,0
Erststimme,"06W119","06",Steglitz-Zehlendorf,"119",W,1U,1,79,W,1213,738,475,0,428,0,426,2,98,99,130,30,28,15,9,9,2,0,0,0,0,0,0,0,0,0,0,4,0,0,0,0,0,0,0,0,0,2,0,0,0,0,0,0,0,0,0,0,0,0,0,0,0,0,0,0
Erststimme,"06W120","06",Steglitz-Zehlendorf,"120",W,1V,1,79,W,1096,697,399,0,438,8,436,1,69,127,142,31,24,19,5,6,5,0,0,0,0,0,0,0,0,0,0,8,0,0,0,0,0,0,0,0,0,0,0,0,0,0,0,0,0,0,0,0,0,0,0,0,0,0,0,0
Erststimme,"06W121","06",Steglitz-Zehlendorf,"121",W,1W,1,79,W,1193,744,449,0,453,6,450,2,87,148,110,29,25,21,14,11,1,0,0,0,0,0,0,0,0,0,0,3,0,0,0,0,0,0,0,0,0,1,0,0,0,0,0,0,0,0,0,0,0,0,0,0,0,0,0,0
Erststimme,"06W122","06",Steglitz-Zehlendorf,"122",W,1X,1,79,W,1296,786,510,0,454,6,445,9,81,120,132,22,42,22,6,15,2,0,0,0,0,0,0,0,0,0,0,1,0,0,0,0,0,0,0,0,0,2,0,0,0,0,0,0,0,0,0,0,0,0,0,0,0,0,0,0
Erststimme,"06W123","06",Steglitz-Zehlendorf,"123",W,1Y,1,79,W,1173,736,437,0,443,8,440,3,91,102,147,33,23,24,3,11,1,0,0,0,0,0,0,0,0,0,0,4,0,0,0,0,0,0,0,0,0,1,0,0,0,0,0,0,0,0,0,0,0,0,0,0,0,0,0,0
Erststimme,"06W124","06",Steglitz-Zehlendorf,"124",W,1Z,1,79,W,1274,771,503,0,434,15,432,2,94,104,139,26,25,14,7,14,2,0,0,0,0,0,0,0,0,0,0,5,0,0,0,0,0,0,0,0,0,2,0,0,0,0,0,0,0,0,0,0,0,0,0,0,0,0,0,0
Erststimme,"06W125","06",Steglitz-Zehlendorf,"125",W,1AA,1,79,W,1246,808,438,0,480,12,478,2,89,110,138,47,37,26,10,13,2,0,0,0,0,0,0,0,0,0,0,4,0,0,0,0,0,0,0,0,0,2,0,0,0,0,0,0,0,0,0,0,0,0,0,0,0,0,0,0
Erststimme,"06W126","06",Steglitz-Zehlendorf,"126",W,1AB,1,79,W,1136,706,430,0,391,8,386,5,70,115,98,43,24,17,3,12,1,0,0,0,0,0,0,0,0,0,0,2,0,0,0,0,0,0,0,0,0,1,0,0,0,0,0,0,0,0,0,0,0,0,0,0,0,0,0,0
Erststimme,"06B1A","06",Steglitz-Zehlendorf,1A,B,1A,1,79,W,0,0,0,0,568,568,566,2,110,245,117,16,23,25,2,15,3,0,0,0,0,0,0,0,0,0,0,7,0,0,0,0,0,0,0,0,0,3,0,0,0,0,0,0,0,0,0,0,0,0,0,0,0,0,0,0
Erststimme,"06B1AA","06",Steglitz-Zehlendorf,1AA,B,1AA,1,79,W,0,0,0,0,393,393,392,1,58,104,147,30,12,15,8,11,3,0,0,0,0,0,0,0,0,0,0,2,0,0,0,0,0,0,0,0,0,2,0,0,0,0,0,0,0,0,0,0,0,0,0,0,0,0,0,0
Erststimme,"06B1AB","06",Steglitz-Zehlendorf,1AB,B,1AB,1,79,W,0,0,0,0,388,388,387,0,86,78,137,23,15,21,8,16,0,0,0,0,0,0,0,0,0,0,0,3,0,0,0,0,0,0,0,0,0,0,0,0,0,0,0,0,0,0,0,0,0,0,0,0,0,0,0,0
Erststimme,"06B1B","06",Steglitz-Zehlendorf,1B,B,1B,1,79,W,0,0,0,0,568,568,565,2,115,197,156,19,26,28,6,11,2,0,0,0,0,0,0,0,0,0,0,3,0,0,0,0,0,0,0,0,0,2,0,0,0,0,0,0,0,0,0,0,0,0,0,0,0,0,0,0
Erststimme,"06B1C","06",Steglitz-Zehlendorf,1C,B,1C,1,79,W,0,0,0,0,413,413,412,1,89,90,160,27,8,21,7,5,1,0,0,0,0,0,0,0,0,0,0,2,0,0,0,0,0,0,0,0,0,2,0,0,0,0,0,0,0,0,0,0,0,0,0,0,0,0,0,0
Erststimme,"06B1D","06",Steglitz-Zehlendorf,1D,B,1D,1,79,W,0,0,0,0,488,488,488,0,85,129,190,24,15,24,8,9,1,0,0,0,0,0,0,0,0,0,0,2,0,0,0,0,0,0,0,0,0,1,0,0,0,0,0,0,0,0,0,0,0,0,0,0,0,0,0,0
Erststimme,"06B1E","06",Steglitz-Zehlendorf,1E,B,1E,1,79,W,0,0,0,0,441,441,440,1,77,142,134,25,18,26,5,7,2,0,0,0,0,0,0,0,0,0,0,1,0,0,0,0,0,0,0,0,0,3,0,0,0,0,0,0,0,0,0,0,0,0,0,0,0,0,0,0
Erststimme,"06B1F","06",Steglitz-Zehlendorf,1F,B,1F,1,79,W,0,0,0,0,334,334,327,5,66,124,71,18,11,17,3,14,1,0,0,0,0,0,0,0,0,0,0,1,0,0,0,0,0,0,0,0,0,1,0,0,0,0,0,0,0,0,0,0,0,0,0,0,0,0,0,0
Erststimme,"06B1G","06",Steglitz-Zehlendorf,1G,B,1G,1,79,W,0,0,0,0,424,424,423,1,94,160,74,20,24,18,10,16,3,0,0,0,0,0,0,0,0,0,0,2,0,0,0,0,0,0,0,0,0,2,0,0,0,0,0,0,0,0,0,0,0,0,0,0,0,0,0,0
Erststimme,"06B1H","06",Steglitz-Zehlendorf,1H,B,1H,1,79,W,0,0,0,0,541,541,539,2,109,177,141,27,21,39,6,13,1,0,0,0,0,0,0,0,0,0,0,1,0,0,0,0,0,0,0,0,0,4,0,0,0,0,0,0,0,0,0,0,0,0,0,0,0,0,0,0
Erststimme,"06B1J","06",Steglitz-Zehlendorf,1J,B,1J,1,79,W,0,0,0,0,405,405,400,3,87,131,114,24,19,15,3,5,0,0,0,0,0,0,0,0,0,0,0,0,0,0,0,0,0,0,0,0,0,2,0,0,0,0,0,0,0,0,0,0,0,0,0,0,0,0,0,0
Erststimme,"06B1K","06",Steglitz-Zehlendorf,1K,B,1K,1,79,W,0,0,0,0,419,419,417,1,82,108,146,24,19,19,7,7,0,0,0,0,0,0,0,0,0,0,0,4,0,0,0,0,0,0,0,0,0,1,0,0,0,0,0,0,0,0,0,0,0,0,0,0,0,0,0,0
Erststimme,"06B1L","06",Steglitz-Zehlendorf,1L,B,1L,1,79,W,0,0,0,0,373,373,371,2,83,128,99,9,20,11,6,11,1,0,0,0,0,0,0,0,0,0,0,0,0,0,0,0,0,0,0,0,0,3,0,0,0,0,0,0,0,0,0,0,0,0,0,0,0,0,0,0
Erststimme,"06B1M","06",Steglitz-Zehlendorf,1M,B,1M,1,79,W,0,0,0,0,347,347,344,3,61,112,81,18,25,21,6,15,0,0,0,0,0,0,0,0,0,0,0,3,0,0,0,0,0,0,0,0,0,2,0,0,0,0,0,0,0,0,0,0,0,0,0,0,0,0,0,0
Erststimme,"06B1N","06",Steglitz-Zehlendorf,1N,B,1N,1,79,W,0,0,0,0,352,352,351,1,92,123,67,16,24,10,1,10,5,0,0,0,0,0,0,0,0,0,0,2,0,0,0,0,0,0,0,0,0,1,0,0,0,0,0,0,0,0,0,0,0,0,0,0,0,0,0,0
Erststimme,"06B1P","06",Steglitz-Zehlendorf,1P,B,1P,1,79,W,0,0,0,0,463,463,459,4,80,164,141,21,13,28,3,4,1,0,0,0,0,0,0,0,0,0,0,2,0,0,0,0,0,0,0,0,0,2,0,0,0,0,0,0,0,0,0,0,0,0,0,0,0,0,0,0
Erststimme,"06B1Q","06",Steglitz-Zehlendorf,1Q,B,1Q,1,79,W,0,0,0,0,374,374,373,1,75,125,102,11,15,24,2,13,0,0,0,0,0,0,0,0,0,0,0,5,0,0,0,0,0,0,0,0,0,1,0,0,0,0,0,0,0,0,0,0,0,0,0,0,0,0,0,0
Erststimme,"06B1R","06",Steglitz-Zehlendorf,1R,B,1R,1,79,W,0,0,0,0,445,445,435,0,92,120,141,21,14,25,5,15,1,0,0,0,0,0,0,0,0,0,0,1,0,0,0,0,0,0,0,0,0,0,0,0,0,0,0,0,0,0,0,0,0,0,0,0,0,0,0,0
Erststimme,"06B1S","06",Steglitz-Zehlendorf,1S,B,1S,1,79,W,0,0,0,0,501,501,496,1,94,179,140,17,24,21,7,10,0,0,0,0,0,0,0,0,0,0,0,3,0,0,0,0,0,0,0,0,0,1,0,0,0,0,0,0,0,0,0,0,0,0,0,0,0,0,0,0
Erststimme,"06B1T","06",Steglitz-Zehlendorf,1T,B,1T,1,79,W,0,0,0,0,498,498,495,1,112,196,115,24,7,25,6,6,0,0,0,0,0,0,0,0,0,0,0,3,0,0,0,0,0,0,0,0,0,1,0,0,0,0,0,0,0,0,0,0,0,0,0,0,0,0,0,0
Erststimme,"06B1U","06",Steglitz-Zehlendorf,1U,B,1U,1,79,W,0,0,0,0,426,426,425,1,80,140,143,13,24,12,2,9,1,0,0,0,0,0,0,0,0,0,0,1,0,0,0,0,0,0,0,0,0,0,0,0,0,0,0,0,0,0,0,0,0,0,0,0,0,0,0,0
Erststimme,"06B1V","06",Steglitz-Zehlendorf,1V,B,1V,1,79,W,0,0,0,0,363,363,361,1,66,115,120,18,11,17,4,6,1,0,0,0,0,0,0,0,0,0,0,2,0,0,0,0,0,0,0,0,0,1,0,0,0,0,0,0,0,0,0,0,0,0,0,0,0,0,0,0
Erststimme,"06B1W","06",Steglitz-Zehlendorf,1W,B,1W,1,79,W,0,0,0,0,407,407,405,1,91,123,111,27,15,17,8,7,4,0,0,0,0,0,0,0,0,0,0,2,0,0,0,0,0,0,0,0,0,0,0,0,0,0,0,0,0,0,0,0,0,0,0,0,0,0,0,0
Erststimme,"06B1X","06",Steglitz-Zehlendorf,1X,B,1X,1,79,W,0,0,0,0,478,478,475,2,105,174,108,23,21,15,12,13,0,0,0,0,0,0,0,0,0,0,0,1,0,0,0,0,0,0,0,0,0,3,0,0,0,0,0,0,0,0,0,0,0,0,0,0,0,0,0,0
Erststimme,"06B1Y","06",Steglitz-Zehlendorf,1Y,B,1Y,1,79,W,0,0,0,0,407,407,405,2,72,134,114,18,20,25,6,11,2,0,0,0,0,0,0,0,0,0,0,3,0,0,0,0,0,0,0,0,0,0,0,0,0,0,0,0,0,0,0,0,0,0,0,0,0,0,0,0
Erststimme,"06B1Z","06",Steglitz-Zehlendorf,1Z,B,1Z,1,79,W,0,0,0,0,441,441,438,3,86,123,135,47,10,13,9,10,2,0,0,0,0,0,0,0,0,0,0,2,0,0,0,0,0,0,0,0,0,1,0,0,0,0,0,0,0,0,0,0,0,0,0,0,0,0,0,0
Erststimme,"06W201","06",Steglitz-Zehlendorf,"201",W,2A,2,79,W,1199,770,429,0,460,9,456,4,98,140,108,35,31,30,3,9,0,0,0,0,0,0,0,0,0,0,0,1,0,0,0,0,0,0,0,0,0,1,0,0,0,0,0,0,0,0,0,0,0,0,0,0,0,0,0,0
Erststimme,"06W202","06",Steglitz-Zehlendorf,"202",W,2B,2,79,W,1353,891,462,0,513,17,512,1,117,162,108,29,47,25,8,11,0,0,0,0,0,0,0,0,0,0,0,3,0,0,0,0,0,0,0,0,0,2,0,0,0,0,0,0,0,0,0,0,0,0,0,0,0,0,0,0
Erststimme,"06W203","06",Steglitz-Zehlendorf,"203",W,2C,2,79,W,1197,824,373,0,399,7,394,5,103,114,84,23,32,19,6,10,0,0,0,0,0,0,0,0,0,0,0,1,0,0,0,0,0,0,0,0,0,2,0,0,0,0,0,0,0,0,0,0,0,0,0,0,0,0,0,0
Erststimme,"06W204","06",Steglitz-Zehlendorf,"204",W,2D,2,79,W,1240,856,384,0,509,5,499,10,117,174,92,28,32,28,7,19,0,0,0,0,0,0,0,0,0,0,0,2,0,0,0,0,0,0,0,0,0,0,0,0,0,0,0,0,0,0,0,0,0,0,0,0,0,0,0,0
Erststimme,"06W205","06",Steglitz-Zehlendorf,"205",W,2E,2,79,W,1137,762,375,0,368,3,361,7,80,150,51,11,28,17,3,18,0,0,0,0,0,0,0,0,0,0,0,1,0,0,0,0,0,0,0,0,0,2,0,0,0,0,0,0,0,0,0,0,0,0,0,0,0,0,0,0
Erststimme,"06W206","06",Steglitz-Zehlendorf,"206",W,2F,2,79,W,1237,795,442,0,508,4,503,5,94,218,89,23,33,27,5,10,0,0,0,0,0,0,0,0,0,0,0,3,0,0,0,0,0,0,0,0,0,1,0,0,0,0,0,0,0,0,0,0,0,0,0,0,0,0,0,0
Erststimme,"06W207","06",Steglitz-Zehlendorf,"207",W,2G,2,79,W,1134,694,440,0,330,4,326,4,73,90,72,26,30,8,6,14,0,0,0,0,0,0,0,0,0,0,0,2,0,0,0,0,0,0,0,0,0,5,0,0,0,0,0,0,0,0,0,0,0,0,0,0,0,0,0,0
Erststimme,"06W208","06",Steglitz-Zehlendorf,"208",W,2H,2,79,W,1253,817,436,0,422,4,416,6,114,132,70,24,30,18,4,14,0,0,0,0,0,0,0,0,0,0,0,5,0,0,0,0,0,0,0,0,0,5,0,0,0,0,0,0,0,0,0,0,0,0,0,0,0,0,0,0
Erststimme,"06W209","06",Steglitz-Zehlendorf,"209",W,2J,2,79,W,1303,808,495,0,410,7,407,3,96,118,91,26,26,20,9,10,0,0,0,0,0,0,0,0,0,0,0,7,0,0,0,0,0,0,0,0,0,4,0,0,0,0,0,0,0,0,0,0,0,0,0,0,0,0,0,0
Erststimme,"06W210","06",Steglitz-Zehlendorf,"210",W,2K,2,79,W,1291,778,513,0,502,12,498,4,114,143,137,32,20,26,6,17,0,0,0,0,0,0,0,0,0,0,0,3,0,0,0,0,0,0,0,0,0,0,0,0,0,0,0,0,0,0,0,0,0,0,0,0,0,0,0,0
Erststimme,"06W211","06",Steglitz-Zehlendorf,"211",W,2L,2,79,W,1344,785,559,0,416,4,411,5,101,110,90,24,36,29,7,8,0,0,0,0,0,0,0,0,0,0,0,3,0,0,0,0,0,0,0,0,0,3,0,0,0,0,0,0,0,0,0,0,0,0,0,0,0,0,0,0
Erststimme,"06W212","06",Steglitz-Zehlendorf,"212",W,2M,2,79,W,1294,758,536,0,422,7,421,1,112,115,90,35,30,15,7,11,0,0,0,0,0,0,0,0,0,0,0,5,0,0,0,0,0,0,0,0,0,1,0,0,0,0,0,0,0,0,0,0,0,0,0,0,0,0,0,0
Erststimme,"06W213","06",Steglitz-Zehlendorf,"213",W,2N,2,79,W,1289,881,408,0,406,10,401,3,80,107,86,30,38,28,6,15,0,0,0,0,0,0,0,0,0,0,0,8,0,0,0,0,0,0,0,0,0,3,0,0,0,0,0,0,0,0,0,0,0,0,0,0,0,0,0,0
Erststimme,"06W214","06",Steglitz-Zehlendorf,"214",W,2P,2,79,W,1149,746,403,0,455,6,453,2,101,101,128,41,24,24,12,21,0,0,0,0,0,0,0,0,0,0,0,1,0,0,0,0,0,0,0,0,0,0,0,0,0,0,0,0,0,0,0,0,0,0,0,0,0,0,0,0
Erststimme,"06W215","06",Steglitz-Zehlendorf,"215",W,2Q,2,79,W,1292,830,462,0,436,8,431,5,95,119,107,25,29,27,8,15,0,0,0,0,0,0,0,0,0,0,0,2,0,0,0,0,0,0,0,0,0,4,0,0,0,0,0,0,0,0,0,0,0,0,0,0,0,0,0,0
Erststimme,"06W216","06",Steglitz-Zehlendorf,"216",W,2R,2,79,W,1233,720,513,0,390,10,387,3,87,100,99,27,25,23,7,15,0,0,0,0,0,0,0,0,0,0,0,2,0,0,0,0,0,0,0,0,0,2,0,0,0,0,0,0,0,0,0,0,0,0,0,0,0,0,0,0
Erststimme,"06W217","06",Steglitz-Zehlendorf,"217",W,2S,2,79,W,1278,837,441,0,477,6,473,4,118,135,112,37,29,18,9,11,0,0,0,0,0,0,0,0,0,0,0,3,0,0,0,0,0,0,0,0,0,1,0,0,0,0,0,0,0,0,0,0,0,0,0,0,0,0,0,0
Erststimme,"06W218","06",Steglitz-Zehlendorf,"218",W,2T,2,79,W,1181,782,399,0,319,7,312,6,63,92,83,24,23,16,2,7,0,0,0,0,0,0,0,0,0,0,0,2,0,0,0,0,0,0,0,0,0,0,0,0,0,0,0,0,0,0,0,0,0,0,0,0,0,0,0,0
Erststimme,"06W219","06",Steglitz-Zehlendorf,"219",W,2U,2,79,W,1167,752,415,0,437,6,431,6,86,108,121,49,25,15,8,10,0,0,0,0,0,0,0,0,0,0,0,5,0,0,0,0,0,0,0,0,0,4,0,0,0,0,0,0,0,0,0,0,0,0,0,0,0,0,0,0
Erststimme,"06W220","06",Steglitz-Zehlendorf,"220",W,2V,2,79,W,1246,809,437,0,466,5,463,2,102,124,123,42,31,19,7,12,0,0,0,0,0,0,0,0,0,0,0,1,0,0,0,0,0,0,0,0,0,2,0,0,0,0,0,0,0,0,0,0,0,0,0,0,0,0,0,0
Erststimme,"06W221","06",Steglitz-Zehlendorf,"221",W,2W,2,79,W,1337,893,444,0,488,1,482,6,106,178,90,22,40,21,5,15,0,0,0,0,0,0,0,0,0,0,0,3,0,0,0,0,0,0,0,0,0,2,0,0,0,0,0,0,0,0,0,0,0,0,0,0,0,0,0,0
Erststimme,"06W222","06",Steglitz-Zehlendorf,"222",W,2X,2,79,W,1106,761,345,0,364,4,358,3,86,116,73,19,23,23,11,7,0,0,0,0,0,0,0,0,0,0,0,0,0,0,0,0,0,0,0,0,0,0,0,0,0,0,0,0,0,0,0,0,0,0,0,0,0,0,0,0
Erststimme,"06W223","06",Steglitz-Zehlendorf,"223",W,2Y,2,79,W,1079,720,359,0,415,2,411,4,97,125,98,19,30,20,8,9,0,0,0,0,0,0,0,0,0,0,0,5,0,0,0,0,0,0,0,0,0,0,0,0,0,0,0,0,0,0,0,0,0,0,0,0,0,0,0,0
Erststimme,"06W224","06",Steglitz-Zehlendorf,"224",W,2Z,2,79,W,1228,841,387,0,437,3,436,1,119,131,89,28,32,13,7,12,0,0,0,0,0,0,0,0,0,0,0,4,0,0,0,0,0,0,0,0,0,1,0,0,0,0,0,0,0,0,0,0,0,0,0,0,0,0,0,0
Erststimme,"06W225","06",Steglitz-Zehlendorf,"225",W,2AA,2,79,W,1184,715,469,0,375,1,372,3,87,114,79,31,27,18,5,7,0,0,0,0,0,0,0,0,0,0,0,2,0,0,0,0,0,0,0,0,0,2,0,0,0,0,0,0,0,0,0,0,0,0,0,0,0,0,0,0
Erststimme,"06B2A","06",Steglitz-Zehlendorf,2A,B,2A,2,79,W,0,0,0,0,405,405,401,4,123,100,105,18,21,19,8,6,0,0,0,0,0,0,0,0,0,0,0,0,0,0,0,0,0,0,0,0,0,1,0,0,0,0,0,0,0,0,0,0,0,0,0,0,0,0,0,0
Erststimme,"06B2AA","06",Steglitz-Zehlendorf,2AA,B,2AA,2,79,W,0,0,0,0,433,433,428,3,112,139,96,22,19,24,6,5,0,0,0,0,0,0,0,0,0,0,0,3,0,0,0,0,0,0,0,0,0,2,0,0,0,0,0,0,0,0,0,0,0,0,0,0,0,0,0,0
Erststimme,"06B2B","06",Steglitz-Zehlendorf,2B,B,2B,2,79,W,0,0,0,0,413,413,408,4,124,121,88,22,19,20,1,11,0,0,0,0,0,0,0,0,0,0,0,1,0,0,0,0,0,0,0,0,0,1,0,0,0,0,0,0,0,0,0,0,0,0,0,0,0,0,0,0
Erststimme,"06B2C","06",Steglitz-Zehlendorf,2C,B,2C,2,79,W,0,0,0,0,330,330,327,3,74,127,52,18,26,13,9,6,0,0,0,0,0,0,0,0,0,0,0,1,0,0,0,0,0,0,0,0,0,1,0,0,0,0,0,0,0,0,0,0,0,0,0,0,0,0,0,0
Erststimme,"06B2D","06",Steglitz-Zehlendorf,2D,B,2D,2,79,W,0,0,0,0,344,344,344,0,102,123,56,14,19,12,2,9,0,0,0,0,0,0,0,0,0,0,0,1,0,0,0,0,0,0,0,0,0,6,0,0,0,0,0,0,0,0,0,0,0,0,0,0,0,0,0,0
Erststimme,"06B2E","06",Steglitz-Zehlendorf,2E,B,2E,2,79,W,0,0,0,0,333,333,329,4,74,140,57,18,9,12,4,11,0,0,0,0,0,0,0,0,0,0,0,1,0,0,0,0,0,0,0,0,0,3,0,0,0,0,0,0,0,0,0,0,0,0,0,0,0,0,0,0
Erststimme,"06B2F","06",Steglitz-Zehlendorf,2F,B,2F,2,79,W,0,0,0,0,407,407,403,3,72,169,83,21,19,18,8,13,0,0,0,0,0,0,0,0,0,0,0,0,0,0,0,0,0,0,0,0,0,0,0,0,0,0,0,0,0,0,0,0,0,0,0,0,0,0,0,0
Erststimme,"06B2G","06",Steglitz-Zehlendorf,2G,B,2G,2,79,W,0,0,0,0,397,397,391,4,104,124,55,36,29,19,0,20,0,0,0,0,0,0,0,0,0,0,0,1,0,0,0,0,0,0,0,0,0,3,0,0,0,0,0,0,0,0,0,0,0,0,0,0,0,0,0,0
Erststimme,"06B2H","06",Steglitz-Zehlendorf,2H,B,2H,2,79,W,0,0,0,0,395,395,391,4,75,168,68,26,18,19,2,13,0,0,0,0,0,0,0,0,0,0,0,0,0,0,0,0,0,0,0,0,0,2,0,0,0,0,0,0,0,0,0,0,0,0,0,0,0,0,0,0
Erststimme,"06B2J","06",Steglitz-Zehlendorf,2J,B,2J,2,79,W,0,0,0,0,455,455,455,0,135,127,98,34,22,20,5,7,0,0,0,0,0,0,0,0,0,0,0,5,0,0,0,0,0,0,0,0,0,2,0,0,0,0,0,0,0,0,0,0,0,0,0,0,0,0,0,0
Erststimme,"06B2K","06",Steglitz-Zehlendorf,2K,B,2K,2,79,W,0,0,0,0,464,464,459,5,108,168,95,21,25,25,7,5,0,0,0,0,0,0,0,0,0,0,0,1,0,0,0,0,0,0,0,0,0,4,0,0,0,0,0,0,0,0,0,0,0,0,0,0,0,0,0,0
Erststimme,"06B2L","06",Steglitz-Zehlendorf,2L,B,2L,2,79,W,0,0,0,0,518,518,516,2,142,164,119,18,24,24,7,10,0,0,0,0,0,0,0,0,0,0,0,6,0,0,0,0,0,0,0,0,0,2,0,0,0,0,0,0,0,0,0,0,0,0,0,0,0,0,0,0
Erststimme,"06B2M","06",Steglitz-Zehlendorf,2M,B,2M,2,79,W,0,0,0,0,484,484,477,5,139,150,105,18,21,19,8,12,0,0,0,0,0,0,0,0,0,0,0,2,0,0,0,0,0,0,0,0,0,3,0,0,0,0,0,0,0,0,0,0,0,0,0,0,0,0,0,0
Erststimme,"06B2N","06",Steglitz-Zehlendorf,2N,B,2N,2,79,W,0,0,0,0,360,360,355,5,83,124,74,27,14,10,4,15,0,0,0,0,0,0,0,0,0,0,0,3,0,0,0,0,0,0,0,0,0,1,0,0,0,0,0,0,0,0,0,0,0,0,0,0,0,0,0,0
Erststimme,"06B2P","06",Steglitz-Zehlendorf,2P,B,2P,2,79,W,0,0,0,0,373,373,370,3,86,95,115,22,10,19,10,9,0,0,0,0,0,0,0,0,0,0,0,2,0,0,0,0,0,0,0,0,0,2,0,0,0,0,0,0,0,0,0,0,0,0,0,0,0,0,0,0
Erststimme,"06B2Q","06",Steglitz-Zehlendorf,2Q,B,2Q,2,79,W,0,0,0,0,436,436,430,4,97,146,92,22,21,30,4,15,0,0,0,0,0,0,0,0,0,0,0,1,0,0,0,0,0,0,0,0,0,2,0,0,0,0,0,0,0,0,0,0,0,0,0,0,0,0,0,0
Erststimme,"06B2R","06",Steglitz-Zehlendorf,2R,B,2R,2,79,W,0,0,0,0,471,471,467,3,116,148,111,29,19,25,7,8,0,0,0,0,0,0,0,0,0,0,0,1,0,0,0,0,0,0,0,0,0,3,0,0,0,0,0,0,0,0,0,0,0,0,0,0,0,0,0,0
Erststimme,"06B2S","06",Steglitz-Zehlendorf,2S,B,2S,2,79,W,0,0,0,0,402,402,398,4,85,127,109,17,14,21,10,7,0,0,0,0,0,0,0,0,0,0,0,4,0,0,0,0,0,0,0,0,0,4,0,0,0,0,0,0,0,0,0,0,0,0,0,0,0,0,0,0
Erststimme,"06B2T","06",Steglitz-Zehlendorf,2T,B,2T,2,79,W,0,0,0,0,401,401,398,3,100,122,80,16,19,36,9,12,0,0,0,0,0,0,0,0,0,0,0,3,0,0,0,0,0,0,0,0,0,1,0,0,0,0,0,0,0,0,0,0,0,0,0,0,0,0,0,0
Erststimme,"06B2U","06",Steglitz-Zehlendorf,2U,B,2U,2,79,W,0,0,0,0,399,399,394,2,102,102,115,29,14,20,6,2,0,0,0,0,0,0,0,0,0,0,0,1,0,0,0,0,0,0,0,0,0,3,0,0,0,0,0,0,0,0,0,0,0,0,0,0,0,0,0,0
Erststimme,"06B2V","06",Steglitz-Zehlendorf,2V,B,2V,2,79,W,0,0,0,0,431,431,430,0,95,138,105,22,25,21,9,10,0,0,0,0,0,0,0,0,0,0,0,3,0,0,0,0,0,0,0,0,0,2,0,0,0,0,0,0,0,0,0,0,0,0,0,0,0,0,0,0
Erststimme,"06B2W","06",Steglitz-Zehlendorf,2W,B,2W,2,79,W,0,0,0,0,439,439,438,1,128,141,72,17,21,30,4,16,0,0,0,0,0,0,0,0,0,0,0,3,0,0,0,0,0,0,0,0,0,6,0,0,0,0,0,0,0,0,0,0,0,0,0,0,0,0,0,0
Erststimme,"06B2X","06",Steglitz-Zehlendorf,2X,B,2X,2,79,W,0,0,0,0,303,303,301,1,70,90,75,14,12,12,5,22,0,0,0,0,0,0,0,0,0,0,0,1,0,0,0,0,0,0,0,0,0,0,0,0,0,0,0,0,0,0,0,0,0,0,0,0,0,0,0,0
Erststimme,"06B2Y","06",Steglitz-Zehlendorf,2Y,B,2Y,2,79,W,0,0,0,0,318,318,318,0,94,71,90,13,18,14,4,10,0,0,0,0,0,0,0,0,0,0,0,1,0,0,0,0,0,0,0,0,0,3,0,0,0,0,0,0,0,0,0,0,0,0,0,0,0,0,0,0
Erststimme,"06B2Z","06",Steglitz-Zehlendorf,2Z,B,2Z,2,79,W,0,0,0,0,361,361,355,4,86,107,92,21,20,12,5,8,0,0,0,0,0,0,0,0,0,0,0,0,0,0,0,0,0,0,0,0,0,4,0,0,0,0,0,0,0,0,0,0,0,0,0,0,0,0,0,0
Erststimme,"06W301","06",Steglitz-Zehlendorf,"301",W,3A,3,79,W,1329,763,566,0,468,7,462,6,120,154,104,16,17,21,8,12,2,0,0,0,0,0,0,0,0,0,0,8,0,0,0,0,0,0,0,0,0,0,0,0,0,0,0,0,0,0,0,0,0,0,0,0,0,0,0,0
Erststimme,"06W302","06",Steglitz-Zehlendorf,"302",W,3B,3,79,W,1279,667,612,0,409,3,408,1,94,124,101,22,22,24,2,12,2,0,0,0,0,0,0,0,0,0,0,5,0,0,0,0,0,0,0,0,0,0,0,0,0,0,0,0,0,0,0,0,0,0,0,0,0,0,0,0
Erststimme,"06W303","06",Steglitz-Zehlendorf,"303",W,3C,3,79,W,1105,787,318,0,486,2,479,7,124,163,86,31,22,19,7,17,4,0,0,0,0,0,0,0,0,0,0,6,0,0,0,0,0,0,0,0,0,0,0,0,0,0,0,0,0,0,0,0,0,0,0,0,0,0,0,0
Erststimme,"06W304","06",Steglitz-Zehlendorf,"304",W,3D,3,79,W,1286,679,607,0,502,11,496,4,107,198,91,16,24,38,6,14,0,0,0,0,0,0,0,0,0,0,0,2,0,0,0,0,0,0,0,0,0,0,0,0,0,0,0,0,0,0,0,0,0,0,0,0,0,0,0,0
Erststimme,"06W305","06",Steglitz-Zehlendorf,"305",W,3E,3,79,W,1141,772,369,0,451,1,446,5,102,129,104,29,30,32,8,9,1,0,0,0,0,0,0,0,0,0,0,2,0,0,0,0,0,0,0,0,0,0,0,0,0,0,0,0,0,0,0,0,0,0,0,0,0,0,0,0
Erststimme,"06W306","06",Steglitz-Zehlendorf,"306",W,3F,3,79,W,1262,740,522,0,408,2,401,7,71,152,84,16,27,23,6,13,4,0,0,0,0,0,0,0,0,0,0,5,0,0,0,0,0,0,0,0,0,0,0,0,0,0,0,0,0,0,0,0,0,0,0,0,0,0,0,0
Erststimme,"06W307","06",Steglitz-Zehlendorf,"307",W,3G,3,79,W,1206,628,578,0,413,3,409,4,75,153,92,21,11,42,7,7,1,0,0,0,0,0,0,0,0,0,0,0,0,0,0,0,0,0,0,0,0,0,0,0,0,0,0,0,0,0,0,0,0,0,0,0,0,0,0,0
Erststimme,"06W308","06",Steglitz-Zehlendorf,"308",W,3H,3,79,W,1171,606,565,0,455,4,446,9,106,172,80,15,31,28,5,5,1,0,0,0,0,0,0,0,0,0,0,3,0,0,0,0,0,0,0,0,0,0,0,0,0,0,0,0,0,0,0,0,0,0,0,0,0,0,0,0
Erststimme,"06W309","06",Steglitz-Zehlendorf,"309",W,3J,3,79,W,1279,707,572,0,415,1,408,7,82,170,78,14,14,40,2,5,1,0,0,0,0,0,0,0,0,0,0,2,0,0,0,0,0,0,0,0,0,0,0,0,0,0,0,0,0,0,0,0,0,0,0,0,0,0,0,0
Erststimme,"06W310","06",Steglitz-Zehlendorf,"310",W,3K,3,79,W,1237,717,520,0,518,11,513,5,105,175,135,25,15,38,5,9,3,0,0,0,0,0,0,0,0,0,0,3,0,0,0,0,0,0,0,0,0,0,0,0,0,0,0,0,0,0,0,0,0,0,0,0,0,0,0,0
Erststimme,"06W311","06",Steglitz-Zehlendorf,"311",W,3L,3,79,W,1094,604,490,0,372,1,368,4,69,173,62,12,18,19,6,4,2,0,0,0,0,0,0,0,0,0,0,3,0,0,0,0,0,0,0,0,0,0,0,0,0,0,0,0,0,0,0,0,0,0,0,0,0,0,0,0
Erststimme,"06W312","06",Steglitz-Zehlendorf,"312",W,3M,3,79,W,1169,648,521,0,483,6,475,8,120,180,87,15,23,35,2,9,2,0,0,0,0,0,0,0,0,0,0,2,0,0,0,0,0,0,0,0,0,0,0,0,0,0,0,0,0,0,0,0,0,0,0,0,0,0,0,0
Erststimme,"06W313","06",Steglitz-Zehlendorf,"313",W,3N,3,79,W,1182,731,451,0,431,4,425,6,97,182,69,18,28,16,4,7,1,0,0,0,0,0,0,0,0,0,0,3,0,0,0,0,0,0,0,0,0,0,0,0,0,0,0,0,0,0,0,0,0,0,0,0,0,0,0,0
Erststimme,"06W314","06",Steglitz-Zehlendorf,"314",W,3P,3,79,W,1276,771,505,0,415,4,410,5,85,177,66,17,25,26,6,6,1,0,0,0,0,0,0,0,0,0,0,1,0,0,0,0,0,0,0,0,0,0,0,0,0,0,0,0,0,0,0,0,0,0,0,0,0,0,0,0
Erststimme,"06W315","06",Steglitz-Zehlendorf,"315",W,3Q,3,79,W,1227,647,580,0,409,2,405,4,85,166,75,10,19,40,3,3,0,0,0,0,0,0,0,0,0,0,0,4,0,0,0,0,0,0,0,0,0,0,0,0,0,0,0,0,0,0,0,0,0,0,0,0,0,0,0,0
Erststimme,"06W316","06",Steglitz-Zehlendorf,"316",W,3R,3,79,W,1258,788,470,0,402,0,390,12,68,153,47,27,47,16,3,16,2,0,0,0,0,0,0,0,0,0,0,11,0,0,0,0,0,0,0,0,0,0,0,0,0,0,0,0,0,0,0,0,0,0,0,0,0,0,0,0
Erststimme,"06W317","06",Steglitz-Zehlendorf,"317",W,3S,3,79,W,1347,866,481,0,422,4,413,6,89,128,84,30,40,17,10,11,0,0,0,0,0,0,0,0,0,0,0,4,0,0,0,0,0,0,0,0,0,0,0,0,0,0,0,0,0,0,0,0,0,0,0,0,0,0,0,0
Erststimme,"06W318","06",Steglitz-Zehlendorf,"318",W,3T,3,79,W,1293,843,450,0,441,3,436,5,104,153,68,11,59,17,2,13,3,0,0,0,0,0,0,0,0,0,0,6,0,0,0,0,0,0,0,0,0,0,0,0,0,0,0,0,0,0,0,0,0,0,0,0,0,0,0,0
Erststimme,"06W319","06",Steglitz-Zehlendorf,"319",W,3U,3,79,W,1141,673,468,0,417,9,412,5,82,131,100,28,23,20,8,18,1,0,0,0,0,0,0,0,0,0,0,1,0,0,0,0,0,0,0,0,0,0,0,0,0,0,0,0,0,0,0,0,0,0,0,0,0,0,0,0
Erststimme,"06W320","06",Steglitz-Zehlendorf,"320",W,3V,3,79,W,1243,739,504,0,485,4,480,5,83,207,73,17,28,56,1,13,2,0,0,0,0,0,0,0,0,0,0,0,0,0,0,0,0,0,0,0,0,0,0,0,0,0,0,0,0,0,0,0,0,0,0,0,0,0,0,0
Erststimme,"06W321","06",Steglitz-Zehlendorf,"321",W,3W,3,79,W,1273,823,450,0,408,5,392,16,84,115,79,25,47,23,5,11,1,0,0,0,0,0,0,0,0,0,0,2,0,0,0,0,0,0,0,0,0,0,0,0,0,0,0,0,0,0,0,0,0,0,0,0,0,0,0,0
Erststimme,"06W322","06",Steglitz-Zehlendorf,"322",W,3X,3,79,W,1297,777,520,0,465,3,455,9,102,164,71,15,43,38,3,7,5,0,0,0,0,0,0,0,0,0,0,7,0,0,0,0,0,0,0,0,0,0,0,0,0,0,0,0,0,0,0,0,0,0,0,0,0,0,0,0
Erststimme,"06W323","06",Steglitz-Zehlendorf,"323",W,3Y,3,79,W,1194,647,547,0,436,5,432,4,87,156,100,11,19,42,4,5,3,0,0,0,0,0,0,0,0,0,0,5,0,0,0,0,0,0,0,0,0,0,0,0,0,0,0,0,0,0,0,0,0,0,0,0,0,0,0,0
Erststimme,"06W324","06",Steglitz-Zehlendorf,"324",W,3Z,3,79,W,1177,694,483,0,466,8,463,3,90,203,77,17,30,33,5,6,2,0,0,0,0,0,0,0,0,0,0,0,0,0,0,0,0,0,0,0,0,0,0,0,0,0,0,0,0,0,0,0,0,0,0,0,0,0,0,0
Erststimme,"06W325","06",Steglitz-Zehlendorf,"325",W,3AA,3,79,W,1316,721,595,0,438,6,433,4,71,159,101,20,30,29,8,12,1,0,0,0,0,0,0,0,0,0,0,2,0,0,0,0,0,0,0,0,0,0,0,0,0,0,0,0,0,0,0,0,0,0,0,0,0,0,0,0
Erststimme,"06W326","06",Steglitz-Zehlendorf,"326",W,3AB,3,79,W,1217,673,544,0,474,11,470,4,96,168,113,20,16,34,6,9,0,0,0,0,0,0,0,0,0,0,0,8,0,0,0,0,0,0,0,0,0,0,0,0,0,0,0,0,0,0,0,0,0,0,0,0,0,0,0,0
Erststimme,"06W327","06",Steglitz-Zehlendorf,"327",W,3AC,3,79,W,1164,678,486,0,489,5,482,7,114,159,113,26,23,27,2,10,3,0,0,0,0,0,0,0,0,0,0,5,0,0,0,0,0,0,0,0,0,0,0,0,0,0,0,0,0,0,0,0,0,0,0,0,0,0,0,0
Erststimme,"06B3A","06",Steglitz-Zehlendorf,3A,B,3A,3,79,W,0,0,0,0,525,525,522,3,123,183,129,28,14,21,8,11,2,0,0,0,0,0,0,0,0,0,0,3,0,0,0,0,0,0,0,0,0,0,0,0,0,0,0,0,0,0,0,0,0,0,0,0,0,0,0,0
Erststimme,"06B3AA","06",Steglitz-Zehlendorf,3AA,B,3AA,3,79,W,0,0,0,0,550,550,538,12,142,212,96,17,16,33,7,10,4,0,0,0,0,0,0,0,0,0,0,1,0,0,0,0,0,0,0,0,0,0,0,0,0,0,0,0,0,0,0,0,0,0,0,0,0,0,0,0
Erststimme,"06B3AB","06",Steglitz-Zehlendorf,3AB,B,3AB,3,79,W,0,0,0,0,487,487,482,4,111,178,126,21,11,21,6,7,0,0,0,0,0,0,0,0,0,0,0,1,0,0,0,0,0,0,0,0,0,0,0,0,0,0,0,0,0,0,0,0,0,0,0,0,0,0,0,0
Erststimme,"06B3AC","06",Steglitz-Zehlendorf,3AC,B,3AC,3,79,W,0,0,0,0,451,451,447,4,99,193,101,13,10,21,3,6,1,0,0,0,0,0,0,0,0,0,0,0,0,0,0,0,0,0,0,0,0,0,0,0,0,0,0,0,0,0,0,0,0,0,0,0,0,0,0,0
Erststimme,"06B3B","06",Steglitz-Zehlendorf,3B,B,3B,3,79,W,0,0,0,0,569,569,565,4,138,213,133,17,10,30,2,14,1,0,0,0,0,0,0,0,0,0,0,7,0,0,0,0,0,0,0,0,0,0,0,0,0,0,0,0,0,0,0,0,0,0,0,0,0,0,0,0
Erststimme,"06B3C","06",Steglitz-Zehlendorf,3C,B,3C,3,79,W,0,0,0,0,295,295,293,2,77,92,70,20,10,11,5,6,2,0,0,0,0,0,0,0,0,0,0,0,0,0,0,0,0,0,0,0,0,0,0,0,0,0,0,0,0,0,0,0,0,0,0,0,0,0,0,0
Erststimme,"06B3D","06",Steglitz-Zehlendorf,3D,B,3D,3,79,W,0,0,0,0,551,551,545,6,100,260,105,22,16,27,3,7,2,0,0,0,0,0,0,0,0,0,0,3,0,0,0,0,0,0,0,0,0,0,0,0,0,0,0,0,0,0,0,0,0,0,0,0,0,0,0,0
Erststimme,"06B3E","06",Steglitz-Zehlendorf,3E,B,3E,3,79,W,0,0,0,0,348,348,347,1,98,108,92,16,11,11,2,3,4,0,0,0,0,0,0,0,0,0,0,2,0,0,0,0,0,0,0,0,0,0,0,0,0,0,0,0,0,0,0,0,0,0,0,0,0,0,0,0
Erststimme,"06B3F","06",Steglitz-Zehlendorf,3F,B,3F,3,79,W,0,0,0,0,481,481,478,3,124,211,73,13,10,34,3,6,2,0,0,0,0,0,0,0,0,0,0,2,0,0,0,0,0,0,0,0,0,0,0,0,0,0,0,0,0,0,0,0,0,0,0,0,0,0,0,0
Erststimme,"06B3G","06",Steglitz-Zehlendorf,3G,B,3G,3,79,W,0,0,0,0,536,536,533,1,135,217,118,23,6,26,1,6,0,0,0,0,0,0,0,0,0,0,0,1,0,0,0,0,0,0,0,0,0,0,0,0,0,0,0,0,0,0,0,0,0,0,0,0,0,0,0,0
Erststimme,"06B3H","06",Steglitz-Zehlendorf,3H,B,3H,3,79,W,0,0,0,0,516,516,514,1,78,256,103,9,18,32,1,9,1,0,0,0,0,0,0,0,0,0,0,7,0,0,0,0,0,0,0,0,0,0,0,0,0,0,0,0,0,0,0,0,0,0,0,0,0,0,0,0
Erststimme,"06B3J","06",Steglitz-Zehlendorf,3J,B,3J,3,79,W,0,0,0,0,526,526,522,4,138,239,85,11,9,26,7,5,1,0,0,0,0,0,0,0,0,0,0,1,0,0,0,0,0,0,0,0,0,0,0,0,0,0,0,0,0,0,0,0,0,0,0,0,0,0,0,0
Erststimme,"06B3K","06",Steglitz-Zehlendorf,3K,B,3K,3,79,W,0,0,0,0,481,481,479,2,79,190,132,17,3,36,3,11,5,0,0,0,0,0,0,0,0,0,0,3,0,0,0,0,0,0,0,0,0,0,0,0,0,0,0,0,0,0,0,0,0,0,0,0,0,0,0,0
Erststimme,"06B3L","06",Steglitz-Zehlendorf,3L,B,3L,3,79,W,0,0,0,0,458,458,456,2,105,221,73,10,16,19,3,6,0,0,0,0,0,0,0,0,0,0,0,3,0,0,0,0,0,0,0,0,0,0,0,0,0,0,0,0,0,0,0,0,0,0,0,0,0,0,0,0
Erststimme,"06B3M","06",Steglitz-Zehlendorf,3M,B,3M,3,79,W,0,0,0,0,491,491,489,2,99,236,97,12,11,25,3,4,2,0,0,0,0,0,0,0,0,0,0,0,0,0,0,0,0,0,0,0,0,0,0,0,0,0,0,0,0,0,0,0,0,0,0,0,0,0,0,0
Erststimme,"06B3N","06",Steglitz-Zehlendorf,3N,B,3N,3,79,W,0,0,0,0,410,410,410,0,82,217,55,7,14,18,2,9,5,0,0,0,0,0,0,0,0,0,0,1,0,0,0,0,0,0,0,0,0,0,0,0,0,0,0,0,0,0,0,0,0,0,0,0,0,0,0,0
Erststimme,"06B3P","06",Steglitz-Zehlendorf,3P,B,3P,3,79,W,0,0,0,0,470,470,463,7,68,232,63,12,37,22,5,20,3,0,0,0,0,0,0,0,0,0,0,1,0,0,0,0,0,0,0,0,0,0,0,0,0,0,0,0,0,0,0,0,0,0,0,0,0,0,0,0
Erststimme,"06B3Q","06",Steglitz-Zehlendorf,3Q,B,3Q,3,79,W,0,0,0,0,542,542,536,4,106,286,74,9,14,26,4,13,1,0,0,0,0,0,0,0,0,0,0,3,0,0,0,0,0,0,0,0,0,0,0,0,0,0,0,0,0,0,0,0,0,0,0,0,0,0,0,0
Erststimme,"06B3R","06",Steglitz-Zehlendorf,3R,B,3R,3,79,W,0,0,0,0,418,418,410,4,75,175,59,21,34,14,2,25,1,0,0,0,0,0,0,0,0,0,0,4,0,0,0,0,0,0,0,0,0,0,0,0,0,0,0,0,0,0,0,0,0,0,0,0,0,0,0,0
Erststimme,"06B3S","06",Steglitz-Zehlendorf,3S,B,3S,3,79,W,0,0,0,0,450,450,439,11,93,167,78,25,33,19,7,11,1,0,0,0,0,0,0,0,0,0,0,5,0,0,0,0,0,0,0,0,0,0,0,0,0,0,0,0,0,0,0,0,0,0,0,0,0,0,0,0
Erststimme,"06B3T","06",Steglitz-Zehlendorf,3T,B,3T,3,79,W,0,0,0,0,417,417,408,8,85,173,62,17,28,20,5,15,1,0,0,0,0,0,0,0,0,0,0,2,0,0,0,0,0,0,0,0,0,0,0,0,0,0,0,0,0,0,0,0,0,0,0,0,0,0,0,0
Erststimme,"06B3U","06",Steglitz-Zehlendorf,3U,B,3U,3,79,W,0,0,0,0,423,423,421,1,101,182,88,11,15,11,0,6,2,0,0,0,0,0,0,0,0,0,0,5,0,0,0,0,0,0,0,0,0,0,0,0,0,0,0,0,0,0,0,0,0,0,0,0,0,0,0,0
Erststimme,"06B3V","06",Steglitz-Zehlendorf,3V,B,3V,3,79,W,0,0,0,0,462,462,457,3,81,243,72,8,8,37,1,3,2,0,0,0,0,0,0,0,0,0,0,2,0,0,0,0,0,0,0,0,0,0,0,0,0,0,0,0,0,0,0,0,0,0,0,0,0,0,0,0
Erststimme,"06B3W","06",Steglitz-Zehlendorf,3W,B,3W,3,79,W,0,0,0,0,408,408,398,9,97,179,61,18,15,14,4,4,2,0,0,0,0,0,0,0,0,0,0,4,0,0,0,0,0,0,0,0,0,0,0,0,0,0,0,0,0,0,0,0,0,0,0,0,0,0,0,0
Erststimme,"06B3X","06",Steglitz-Zehlendorf,3X,B,3X,3,79,W,0,0,0,0,481,481,480,1,119,220,65,21,22,21,5,5,1,0,0,0,0,0,0,0,0,0,0,1,0,0,0,0,0,0,0,0,0,0,0,0,0,0,0,0,0,0,0,0,0,0,0,0,0,0,0,0
Erststimme,"06B3Y","06",Steglitz-Zehlendorf,3Y,B,3Y,3,79,W,0,0,0,0,510,510,506,2,113,240,85,8,12,39,3,4,0,0,0,0,0,0,0,0,0,0,0,2,0,0,0,0,0,0,0,0,0,0,0,0,0,0,0,0,0,0,0,0,0,0,0,0,0,0,0,0
Erststimme,"06B3Z","06",Steglitz-Zehlendorf,3Z,B,3Z,3,79,W,0,0,0,0,449,449,444,4,105,189,58,12,27,39,5,8,0,0,0,0,0,0,0,0,0,0,0,1,0,0,0,0,0,0,0,0,0,0,0,0,0,0,0,0,0,0,0,0,0,0,0,0,0,0,0,0
Erststimme,"06W401","06",Steglitz-Zehlendorf,"401",W,4A,4,79,W,1239,834,405,0,556,10,551,5,123,186,142,27,31,27,0,7,0,0,0,0,0,0,0,0,0,0,0,4,0,0,0,0,0,0,0,0,0,4,0,0,0,0,0,0,0,0,0,0,0,0,0,0,0,0,0,0
Erststimme,"06W402","06",Steglitz-Zehlendorf,"402",W,4B,4,79,W,1288,830,458,0,463,2,459,4,113,178,71,10,39,17,0,19,0,0,0,0,0,0,0,0,0,0,0,6,0,0,0,0,0,0,0,0,0,6,0,0,0,0,0,0,0,0,0,0,0,0,0,0,0,0,0,0
Erststimme,"06W403","06",Steglitz-Zehlendorf,"403",W,4C,4,79,W,1302,766,536,0,368,3,364,4,71,139,66,19,32,21,0,12,0,0,0,0,0,0,0,0,0,0,0,2,0,0,0,0,0,0,0,0,0,2,0,0,0,0,0,0,0,0,0,0,0,0,0,0,0,0,0,0
Erststimme,"06W404","06",Steglitz-Zehlendorf,"404",W,4D,4,79,W,1157,620,537,0,368,6,364,4,70,137,78,19,29,22,0,5,0,0,0,0,0,0,0,0,0,0,0,1,0,0,0,0,0,0,0,0,0,3,0,0,0,0,0,0,0,0,0,0,0,0,0,0,0,0,0,0
Erststimme,"06W405","06",Steglitz-Zehlendorf,"405",W,4E,4,79,W,1260,756,504,0,558,12,551,6,81,260,109,18,33,31,0,12,0,0,0,0,0,0,0,0,0,0,0,5,0,0,0,0,0,0,0,0,0,2,0,0,0,0,0,0,0,0,0,0,0,0,0,0,0,0,0,0
Erststimme,"06W406","06",Steglitz-Zehlendorf,"406",W,4F,4,79,W,1215,724,491,0,372,3,366,5,86,130,50,20,34,27,0,13,0,0,0,0,0,0,0,0,0,0,0,3,0,0,0,0,0,0,0,0,0,3,0,0,0,0,0,0,0,0,0,0,0,0,0,0,0,0,0,0
Erststimme,"06W407","06",Steglitz-Zehlendorf,"407",W,4G,4,79,W,1320,887,433,0,457,6,446,9,91,163,56,25,63,28,0,17,0,0,0,0,0,0,0,0,0,0,0,2,0,0,0,0,0,0,0,0,0,1,0,0,0,0,0,0,0,0,0,0,0,0,0,0,0,0,0,0
Erststimme,"06W408","06",Steglitz-Zehlendorf,"408",W,4H,4,79,W,1321,650,671,0,369,3,367,2,91,144,67,19,15,19,0,10,0,0,0,0,0,0,0,0,0,0,0,2,0,0,0,0,0,0,0,0,0,0,0,0,0,0,0,0,0,0,0,0,0,0,0,0,0,0,0,0
Erststimme,"06W409","06",Steglitz-Zehlendorf,"409",W,4J,4,79,W,1198,705,493,0,450,6,443,7,92,176,78,17,29,32,0,13,0,0,0,0,0,0,0,0,0,0,0,5,0,0,0,0,0,0,0,0,0,1,0,0,0,0,0,0,0,0,0,0,0,0,0,0,0,0,0,0
Erststimme,"06W410","06",Steglitz-Zehlendorf,"410",W,4K,4,79,W,1247,873,374,0,370,3,366,3,81,137,44,23,46,18,0,10,0,0,0,0,0,0,0,0,0,0,0,4,0,0,0,0,0,0,0,0,0,3,0,0,0,0,0,0,0,0,0,0,0,0,0,0,0,0,0,0
Erststimme,"06W411","06",Steglitz-Zehlendorf,"411",W,4L,4,79,W,1595,1032,563,0,581,2,572,9,138,212,64,33,71,25,0,21,0,0,0,0,0,0,0,0,0,0,0,2,0,0,0,0,0,0,0,0,0,6,0,0,0,0,0,0,0,0,0,0,0,0,0,0,0,0,0,0
Erststimme,"06W412","06",Steglitz-Zehlendorf,"412",W,4M,4,79,W,1224,858,366,0,478,6,470,8,128,192,57,18,32,22,0,17,0,0,0,0,0,0,0,0,0,0,0,3,0,0,0,0,0,0,0,0,0,1,0,0,0,0,0,0,0,0,0,0,0,0,0,0,0,0,0,0
Erststimme,"06W413","06",Steglitz-Zehlendorf,"413",W,4N,4,79,W,1231,825,406,0,391,2,387,4,89,159,50,14,42,20,0,8,0,0,0,0,0,0,0,0,0,0,0,3,0,0,0,0,0,0,0,0,0,2,0,0,0,0,0,0,0,0,0,0,0,0,0,0,0,0,0,0
Erststimme,"06W414","06",Steglitz-Zehlendorf,"414",W,4P,4,79,W,1178,1013,165,0,351,2,346,5,85,119,23,23,58,21,0,10,0,0,0,0,0,0,0,0,0,0,0,2,0,0,0,0,0,0,0,0,0,5,0,0,0,0,0,0,0,0,0,0,0,0,0,0,0,0,0,0
Erststimme,"06W415","06",Steglitz-Zehlendorf,"415",W,4Q,4,79,W,1051,767,284,0,274,1,272,2,71,97,39,12,34,9,0,6,0,0,0,0,0,0,0,0,0,0,0,3,0,0,0,0,0,0,0,0,0,1,0,0,0,0,0,0,0,0,0,0,0,0,0,0,0,0,0,0
Erststimme,"06W416","06",Steglitz-Zehlendorf,"416",W,4R,4,79,W,1284,677,607,0,429,3,426,3,72,181,88,25,25,26,0,7,0,0,0,0,0,0,0,0,0,0,0,2,0,0,0,0,0,0,0,0,0,0,0,0,0,0,0,0,0,0,0,0,0,0,0,0,0,0,0,0
Erststimme,"06W417","06",Steglitz-Zehlendorf,"417",W,4S,4,79,W,1255,648,607,0,359,8,358,1,90,126,62,20,30,22,0,7,0,0,0,0,0,0,0,0,0,0,0,1,0,0,0,0,0,0,0,0,0,0,0,0,0,0,0,0,0,0,0,0,0,0,0,0,0,0,0,0
Erststimme,"06W418","06",Steglitz-Zehlendorf,"418",W,4T,4,79,W,1205,731,474,0,511,8,509,2,101,204,104,21,32,28,0,17,0,0,0,0,0,0,0,0,0,0,0,1,0,0,0,0,0,0,0,0,0,1,0,0,0,0,0,0,0,0,0,0,0,0,0,0,0,0,0,0
Erststimme,"06W419","06",Steglitz-Zehlendorf,"419",W,4U,4,79,W,1162,764,398,0,412,6,408,4,82,138,78,29,44,14,0,16,0,0,0,0,0,0,0,0,0,0,0,3,0,0,0,0,0,0,0,0,0,4,0,0,0,0,0,0,0,0,0,0,0,0,0,0,0,0,0,0
Erststimme,"06W420","06",Steglitz-Zehlendorf,"420",W,4V,4,79,W,1159,834,325,0,362,2,359,3,84,136,34,17,53,19,0,7,0,0,0,0,0,0,0,0,0,0,0,5,0,0,0,0,0,0,0,0,0,4,0,0,0,0,0,0,0,0,0,0,0,0,0,0,0,0,0,0
Erststimme,"06W421","06",Steglitz-Zehlendorf,"421",W,4W,4,79,W,1259,739,520,0,372,6,368,4,76,147,61,22,24,17,0,13,0,0,0,0,0,0,0,0,0,0,0,5,0,0,0,0,0,0,0,0,0,3,0,0,0,0,0,0,0,0,0,0,0,0,0,0,0,0,0,0
Erststimme,"06W422","06",Steglitz-Zehlendorf,"422",W,4X,4,79,W,1227,699,528,0,455,6,451,4,95,146,108,37,22,26,0,13,0,0,0,0,0,0,0,0,0,0,0,3,0,0,0,0,0,0,0,0,0,1,0,0,0,0,0,0,0,0,0,0,0,0,0,0,0,0,0,0
Erststimme,"06W423","06",Steglitz-Zehlendorf,"423",W,4Y,4,79,W,1257,677,580,0,489,16,482,5,86,227,77,16,26,30,0,12,0,0,0,0,0,0,0,0,0,0,0,5,0,0,0,0,0,0,0,0,0,3,0,0,0,0,0,0,0,0,0,0,0,0,0,0,0,0,0,0
Erststimme,"06B4A","06",Steglitz-Zehlendorf,4A,B,4A,4,79,W,0,0,0,0,391,391,388,3,83,160,76,16,14,26,0,11,0,0,0,0,0,0,0,0,0,0,0,0,0,0,0,0,0,0,0,0,0,2,0,0,0,0,0,0,0,0,0,0,0,0,0,0,0,0,0,0
Erststimme,"06B4B","06",Steglitz-Zehlendorf,4B,B,4B,4,79,W,0,0,0,0,406,406,404,2,100,171,60,23,17,24,0,7,0,0,0,0,0,0,0,0,0,0,0,0,0,0,0,0,0,0,0,0,0,2,0,0,0,0,0,0,0,0,0,0,0,0,0,0,0,0,0,0
Erststimme,"06B4C","06",Steglitz-Zehlendorf,4C,B,4C,4,79,W,0,0,0,0,477,477,466,4,98,216,69,15,14,34,0,14,0,0,0,0,0,0,0,0,0,0,0,1,0,0,0,0,0,0,0,0,0,5,0,0,0,0,0,0,0,0,0,0,0,0,0,0,0,0,0,0
Erststimme,"06B4D","06",Steglitz-Zehlendorf,4D,B,4D,4,79,W,0,0,0,0,492,492,488,4,79,238,93,19,12,29,0,10,0,0,0,0,0,0,0,0,0,0,0,4,0,0,0,0,0,0,0,0,0,4,0,0,0,0,0,0,0,0,0,0,0,0,0,0,0,0,0,0
Erststimme,"06B4E","06",Steglitz-Zehlendorf,4E,B,4E,4,79,W,0,0,0,0,459,459,457,2,85,224,68,15,16,26,0,12,0,0,0,0,0,0,0,0,0,0,0,9,0,0,0,0,0,0,0,0,0,2,0,0,0,0,0,0,0,0,0,0,0,0,0,0,0,0,0,0
Erststimme,"06B4F","06",Steglitz-Zehlendorf,4F,B,4F,4,79,W,0,0,0,0,444,444,434,7,103,185,73,16,15,24,0,11,0,0,0,0,0,0,0,0,0,0,0,1,0,0,0,0,0,0,0,0,0,6,0,0,0,0,0,0,0,0,0,0,0,0,0,0,0,0,0,0
Erststimme,"06B4G","06",Steglitz-Zehlendorf,4G,B,4G,4,79,W,0,0,0,0,396,396,395,1,94,164,53,11,30,29,0,13,0,0,0,0,0,0,0,0,0,0,0,1,0,0,0,0,0,0,0,0,0,0,0,0,0,0,0,0,0,0,0,0,0,0,0,0,0,0,0,0
Erststimme,"06B4H","06",Steglitz-Zehlendorf,4H,B,4H,4,79,W,0,0,0,0,610,610,604,4,140,284,96,13,24,31,0,7,0,0,0,0,0,0,0,0,0,0,0,3,0,0,0,0,0,0,0,0,0,6,0,0,0,0,0,0,0,0,0,0,0,0,0,0,0,0,0,0
Erststimme,"06B4J","06",Steglitz-Zehlendorf,4J,B,4J,4,79,W,0,0,0,0,458,458,458,0,121,214,59,16,16,18,0,13,0,0,0,0,0,0,0,0,0,0,0,1,0,0,0,0,0,0,0,0,0,0,0,0,0,0,0,0,0,0,0,0,0,0,0,0,0,0,0,0
Erststimme,"06B4K","06",Steglitz-Zehlendorf,4K,B,4K,4,79,W,0,0,0,0,338,338,331,5,66,138,50,15,20,13,0,21,0,0,0,0,0,0,0,0,0,0,0,3,0,0,0,0,0,0,0,0,0,5,0,0,0,0,0,0,0,0,0,0,0,0,0,0,0,0,0,0
Erststimme,"06B4L","06",Steglitz-Zehlendorf,4L,B,4L,4,79,W,0,0,0,0,527,527,525,2,111,242,62,15,40,24,0,23,0,0,0,0,0,0,0,0,0,0,0,3,0,0,0,0,0,0,0,0,0,5,0,0,0,0,0,0,0,0,0,0,0,0,0,0,0,0,0,0
Erststimme,"06B4M","06",Steglitz-Zehlendorf,4M,B,4M,4,79,W,0,0,0,0,325,325,324,1,98,131,46,14,13,13,0,5,0,0,0,0,0,0,0,0,0,0,0,0,0,0,0,0,0,0,0,0,0,4,0,0,0,0,0,0,0,0,0,0,0,0,0,0,0,0,0,0
Erststimme,"06B4N","06",Steglitz-Zehlendorf,4N,B,4N,4,79,W,0,0,0,0,375,375,372,3,100,172,25,18,29,15,0,8,0,0,0,0,0,0,0,0,0,0,0,1,0,0,0,0,0,0,0,0,0,4,0,0,0,0,0,0,0,0,0,0,0,0,0,0,0,0,0,0
Erststimme,"06B4P","06",Steglitz-Zehlendorf,4P,B,4P,4,79,W,0,0,0,0,142,142,142,0,30,62,11,9,15,4,0,10,0,0,0,0,0,0,0,0,0,0,0,0,0,0,0,0,0,0,0,0,0,1,0,0,0,0,0,0,0,0,0,0,0,0,0,0,0,0,0,0
Erststimme,"06B4Q","06",Steglitz-Zehlendorf,4Q,B,4Q,4,79,W,0,0,0,0,250,250,247,3,63,104,30,14,14,11,0,8,0,0,0,0,0,0,0,0,0,0,0,2,0,0,0,0,0,0,0,0,0,1,0,0,0,0,0,0,0,0,0,0,0,0,0,0,0,0,0,0
Erststimme,"06B4R","06",Steglitz-Zehlendorf,4R,B,4R,4,79,W,0,0,0,0,564,564,560,2,131,241,93,11,27,36,0,12,0,0,0,0,0,0,0,0,0,0,0,4,0,0,0,0,0,0,0,0,0,5,0,0,0,0,0,0,0,0,0,0,0,0,0,0,0,0,0,0
Erststimme,"06B4S","06",Steglitz-Zehlendorf,4S,B,4S,4,79,W,0,0,0,0,550,550,546,3,139,247,65,16,23,33,0,14,0,0,0,0,0,0,0,0,0,0,0,3,0,0,0,0,0,0,0,0,0,6,0,0,0,0,0,0,0,0,0,0,0,0,0,0,0,0,0,0
Erststimme,"06B4T","06",Steglitz-Zehlendorf,4T,B,4T,4,79,W,0,0,0,0,429,429,426,2,91,191,64,23,20,27,0,9,0,0,0,0,0,0,0,0,0,0,0,1,0,0,0,0,0,0,0,0,0,0,0,0,0,0,0,0,0,0,0,0,0,0,0,0,0,0,0,0
Erststimme,"06B4U","06",Steglitz-Zehlendorf,4U,B,4U,4,79,W,0,0,0,0,353,353,350,2,75,171,54,8,13,16,0,7,0,0,0,0,0,0,0,0,0,0,0,2,0,0,0,0,0,0,0,0,0,4,0,0,0,0,0,0,0,0,0,0,0,0,0,0,0,0,0,0
Erststimme,"06B4V","06",Steglitz-Zehlendorf,4V,B,4V,4,79,W,0,0,0,0,290,290,287,3,69,136,28,10,18,11,0,11,0,0,0,0,0,0,0,0,0,0,0,4,0,0,0,0,0,0,0,0,0,0,0,0,0,0,0,0,0,0,0,0,0,0,0,0,0,0,0,0
Erststimme,"06B4W","06",Steglitz-Zehlendorf,4W,B,4W,4,79,W,0,0,0,0,473,473,471,2,101,197,83,18,34,20,0,9,0,0,0,0,0,0,0,0,0,0,0,3,0,0,0,0,0,0,0,0,0,6,0,0,0,0,0,0,0,0,0,0,0,0,0,0,0,0,0,0
Erststimme,"06B4X","06",Steglitz-Zehlendorf,4X,B,4X,4,79,W,0,0,0,0,489,489,483,3,106,187,109,29,13,23,0,9,0,0,0,0,0,0,0,0,0,0,0,2,0,0,0,0,0,0,0,0,0,5,0,0,0,0,0,0,0,0,0,0,0,0,0,0,0,0,0,0
Erststimme,"06B4Y","06",Steglitz-Zehlendorf,4Y,B,4Y,4,79,W,0,0,0,0,522,522,519,1,95,287,65,23,13,24,0,7,0,0,0,0,0,0,0,0,0,0,0,2,0,0,0,0,0,0,0,0,0,3,0,0,0,0,0,0,0,0,0,0,0,0,0,0,0,0,0,0
Erststimme,"06W501","06",Steglitz-Zehlendorf,"501",W,5A,5,79,W,1177,759,418,0,381,6,376,5,78,151,50,16,34,21,2,9,5,0,0,0,0,0,0,0,0,0,0,8,0,0,0,0,0,0,0,0,0,2,0,0,0,0,0,0,0,0,0,0,0,0,0,0,0,0,0,0
Erststimme,"06W502","06",Steglitz-Zehlendorf,"502",W,5B,5,79,W,1316,918,398,0,428,3,426,2,70,167,67,29,51,18,7,8,2,0,0,0,0,0,0,0,0,0,0,5,0,0,0,0,0,0,0,0,0,2,0,0,0,0,0,0,0,0,0,0,0,0,0,0,0,0,0,0
Erststimme,"06W503","06",Steglitz-Zehlendorf,"503",W,5C,5,79,W,1232,744,488,0,374,0,364,8,78,132,62,26,32,17,2,12,0,0,0,0,0,0,0,0,0,0,0,2,0,0,0,0,0,0,0,0,0,1,0,0,0,0,0,0,0,0,0,0,0,0,0,0,0,0,0,0
Erststimme,"06W504","06",Steglitz-Zehlendorf,"504",W,5D,5,79,W,1080,635,445,0,420,4,418,2,82,164,107,12,23,14,5,8,1,0,0,0,0,0,0,0,0,0,0,2,0,0,0,0,0,0,0,0,0,0,0,0,0,0,0,0,0,0,0,0,0,0,0,0,0,0,0,0
Erststimme,"06W505","06",Steglitz-Zehlendorf,"505",W,5E,5,79,W,1231,756,475,0,505,5,500,5,106,189,95,20,45,20,7,15,1,0,0,0,0,0,0,0,0,0,0,2,0,0,0,0,0,0,0,0,0,0,0,0,0,0,0,0,0,0,0,0,0,0,0,0,0,0,0,0
Erststimme,"06W506","06",Steglitz-Zehlendorf,"506",W,5F,5,79,W,1204,753,451,0,349,5,347,2,65,109,55,31,44,20,5,8,4,0,0,0,0,0,0,0,0,0,0,6,0,0,0,0,0,0,0,0,0,0,0,0,0,0,0,0,0,0,0,0,0,0,0,0,0,0,0,0
Erststimme,"06W507","06",Steglitz-Zehlendorf,"507",W,5G,5,79,W,1153,832,321,0,389,2,383,6,71,173,44,13,50,10,5,8,2,0,0,0,0,0,0,0,0,0,0,6,0,0,0,0,0,0,0,0,0,1,0,0,0,0,0,0,0,0,0,0,0,0,0,0,0,0,0,0
Erststimme,"06W508","06",Steglitz-Zehlendorf,"508",W,5H,5,79,W,1272,861,411,0,372,4,366,5,68,149,46,18,36,21,6,12,2,0,0,0,0,0,0,0,0,0,0,5,0,0,0,0,0,0,0,0,0,3,0,0,0,0,0,0,0,0,0,0,0,0,0,0,0,0,0,0
Erststimme,"06W509","06",Steglitz-Zehlendorf,"509",W,5J,5,79,W,1298,755,543,0,443,3,440,3,86,207,50,13,51,12,3,9,2,0,0,0,0,0,0,0,0,0,0,5,0,0,0,0,0,0,0,0,0,2,0,0,0,0,0,0,0,0,0,0,0,0,0,0,0,0,0,0
Erststimme,"06W510","06",Steglitz-Zehlendorf,"510",W,5K,5,79,W,1244,871,373,0,511,8,506,5,104,202,73,25,56,26,3,13,1,0,0,0,0,0,0,0,0,0,0,3,0,0,0,0,0,0,0,0,0,0,0,0,0,0,0,0,0,0,0,0,0,0,0,0,0,0,0,0
Erststimme,"06W511","06",Steglitz-Zehlendorf,"511",W,5L,5,79,W,1133,751,382,0,437,8,433,4,87,178,75,19,20,36,5,6,3,0,0,0,0,0,0,0,0,0,0,3,0,0,0,0,0,0,0,0,0,1,0,0,0,0,0,0,0,0,0,0,0,0,0,0,0,0,0,0
Erststimme,"06W512","06",Steglitz-Zehlendorf,"512",W,5M,5,79,W,1165,797,368,0,330,7,326,4,53,123,39,28,35,12,10,18,2,0,0,0,0,0,0,0,0,0,0,4,0,0,0,0,0,0,0,0,0,2,0,0,0,0,0,0,0,0,0,0,0,0,0,0,0,0,0,0
Erststimme,"06W513","06",Steglitz-Zehlendorf,"513",W,5N,5,79,W,1475,1118,357,0,547,7,542,5,122,193,74,30,56,21,11,26,2,0,0,0,0,0,0,0,0,0,0,5,0,0,0,0,0,0,0,0,0,2,0,0,0,0,0,0,0,0,0,0,0,0,0,0,0,0,0,0
Erststimme,"06W514","06",Steglitz-Zehlendorf,"514",W,5P,5,79,W,1238,717,521,0,487,13,484,3,95,228,90,6,25,23,1,10,3,0,0,0,0,0,0,0,0,0,0,2,0,0,0,0,0,0,0,0,0,1,0,0,0,0,0,0,0,0,0,0,0,0,0,0,0,0,0,0
Erststimme,"06W515","06",Steglitz-Zehlendorf,"515",W,5Q,5,79,W,1230,810,420,0,462,8,456,6,102,164,72,21,47,18,8,12,5,0,0,0,0,0,0,0,0,0,0,5,0,0,0,0,0,0,0,0,0,2,0,0,0,0,0,0,0,0,0,0,0,0,0,0,0,0,0,0
Erststimme,"06W516","06",Steglitz-Zehlendorf,"516",W,5R,5,79,W,1081,768,313,0,354,5,351,3,80,134,36,14,43,15,9,13,3,0,0,0,0,0,0,0,0,0,0,2,0,0,0,0,0,0,0,0,0,2,0,0,0,0,0,0,0,0,0,0,0,0,0,0,0,0,0,0
Erststimme,"06W517","06",Steglitz-Zehlendorf,"517",W,5S,5,79,W,1347,997,350,0,419,4,408,11,101,142,46,26,49,18,5,15,0,0,0,0,0,0,0,0,0,0,0,1,0,0,0,0,0,0,0,0,0,5,0,0,0,0,0,0,0,0,0,0,0,0,0,0,0,0,0,0
Erststimme,"06W518","06",Steglitz-Zehlendorf,"518",W,5T,5,79,W,1029,737,292,0,331,2,328,3,67,125,34,18,47,16,1,15,2,0,0,0,0,0,0,0,0,0,0,2,0,0,0,0,0,0,0,0,0,1,0,0,0,0,0,0,0,0,0,0,0,0,0,0,0,0,0,0
Erststimme,"06W519","06",Steglitz-Zehlendorf,"519",W,5U,5,79,W,1010,620,390,0,316,3,315,1,75,113,54,12,27,20,1,3,2,0,0,0,0,0,0,0,0,0,0,3,0,0,0,0,0,0,0,0,0,5,0,0,0,0,0,0,0,0,0,0,0,0,0,0,0,0,0,0
Erststimme,"06W520","06",Steglitz-Zehlendorf,"520",W,5V,5,79,W,1071,678,393,0,464,4,459,5,92,170,121,11,21,25,5,10,0,0,0,0,0,0,0,0,0,0,0,3,0,0,0,0,0,0,0,0,0,1,0,0,0,0,0,0,0,0,0,0,0,0,0,0,0,0,0,0
Erststimme,"06W521","06",Steglitz-Zehlendorf,"521",W,5W,5,79,W,1112,680,432,0,446,7,444,2,90,187,75,14,36,23,0,11,0,0,0,0,0,0,0,0,0,0,0,5,0,0,0,0,0,0,0,0,0,3,0,0,0,0,0,0,0,0,0,0,0,0,0,0,0,0,0,0
Erststimme,"06W522","06",Steglitz-Zehlendorf,"522",W,5X,5,79,W,1283,922,361,0,423,9,419,4,88,137,75,21,52,14,8,17,1,0,0,0,0,0,0,0,0,0,0,5,0,0,0,0,0,0,0,0,0,1,0,0,0,0,0,0,0,0,0,0,0,0,0,0,0,0,0,0
Erststimme,"06W523","06",Steglitz-Zehlendorf,"523",W,5Y,5,79,W,1284,968,316,0,429,4,423,6,109,126,62,14,59,16,10,12,9,0,0,0,0,0,0,0,0,0,0,6,0,0,0,0,0,0,0,0,0,0,0,0,0,0,0,0,0,0,0,0,0,0,0,0,0,0,0,0
Erststimme,"06W524","06",Steglitz-Zehlendorf,"524",W,5Z,5,79,W,982,693,289,0,263,2,258,4,59,115,16,9,38,10,2,5,0,0,0,0,0,0,0,0,0,0,0,2,0,0,0,0,0,0,0,0,0,2,0,0,0,0,0,0,0,0,0,0,0,0,0,0,0,0,0,0
Erststimme,"06W525","06",Steglitz-Zehlendorf,"525",W,5AA,5,79,W,950,752,198,0,256,3,251,5,50,94,20,11,42,13,7,12,0,0,0,0,0,0,0,0,0,0,0,1,0,0,0,0,0,0,0,0,0,1,0,0,0,0,0,0,0,0,0,0,0,0,0,0,0,0,0,0
Erststimme,"06B5A","06",Steglitz-Zehlendorf,5A,B,5A,5,79,W,0,0,0,0,404,404,398,5,98,154,65,12,22,22,4,11,2,0,0,0,0,0,0,0,0,0,0,2,0,0,0,0,0,0,0,0,0,6,0,0,0,0,0,0,0,0,0,0,0,0,0,0,0,0,0,0
Erststimme,"06B5AA","06",Steglitz-Zehlendorf,5AA,B,5AA,5,79,W,0,0,0,0,171,171,167,4,40,53,24,12,15,9,3,5,0,0,0,0,0,0,0,0,0,0,0,3,0,0,0,0,0,0,0,0,0,3,0,0,0,0,0,0,0,0,0,0,0,0,0,0,0,0,0,0
Erststimme,"06B5B","06",Steglitz-Zehlendorf,5B,B,5B,5,79,W,0,0,0,0,370,370,367,3,74,163,47,6,26,24,6,12,2,0,0,0,0,0,0,0,0,0,0,3,0,0,0,0,0,0,0,0,0,4,0,0,0,0,0,0,0,0,0,0,0,0,0,0,0,0,0,0
Erststimme,"06B5C","06",Steglitz-Zehlendorf,5C,B,5C,5,79,W,0,0,0,0,448,448,444,2,101,202,59,21,22,18,9,4,1,0,0,0,0,0,0,0,0,0,0,6,0,0,0,0,0,0,0,0,0,1,0,0,0,0,0,0,0,0,0,0,0,0,0,0,0,0,0,0
Erststimme,"06B5D","06",Steglitz-Zehlendorf,5D,B,5D,5,79,W,0,0,0,0,419,419,417,1,92,165,87,9,17,33,2,9,0,0,0,0,0,0,0,0,0,0,0,1,0,0,0,0,0,0,0,0,0,2,0,0,0,0,0,0,0,0,0,0,0,0,0,0,0,0,0,0
Erststimme,"06B5E","06",Steglitz-Zehlendorf,5E,B,5E,5,79,W,0,0,0,0,440,440,440,0,94,186,93,14,17,23,4,8,1,0,0,0,0,0,0,0,0,0,0,0,0,0,0,0,0,0,0,0,0,0,0,0,0,0,0,0,0,0,0,0,0,0,0,0,0,0,0,0
Erststimme,"06B5F","06",Steglitz-Zehlendorf,5F,B,5F,5,79,W,0,0,0,0,407,407,405,2,91,168,55,15,23,19,4,20,4,0,0,0,0,0,0,0,0,0,0,4,0,0,0,0,0,0,0,0,0,2,0,0,0,0,0,0,0,0,0,0,0,0,0,0,0,0,0,0
Erststimme,"06B5G","06",Steglitz-Zehlendorf,5G,B,5G,5,79,W,0,0,0,0,287,287,286,0,59,116,46,6,24,12,4,14,3,0,0,0,0,0,0,0,0,0,0,0,0,0,0,0,0,0,0,0,0,2,0,0,0,0,0,0,0,0,0,0,0,0,0,0,0,0,0,0
Erststimme,"06B5H","06",Steglitz-Zehlendorf,5H,B,5H,5,79,W,0,0,0,0,372,372,369,3,74,179,33,15,23,28,7,6,2,0,0,0,0,0,0,0,0,0,0,0,0,0,0,0,0,0,0,0,0,2,0,0,0,0,0,0,0,0,0,0,0,0,0,0,0,0,0,0
Erststimme,"06B5J","06",Steglitz-Zehlendorf,5J,B,5J,5,79,W,0,0,0,0,509,509,507,1,102,273,39,21,27,24,3,13,1,0,0,0,0,0,0,0,0,0,0,1,0,0,0,0,0,0,0,0,0,3,0,0,0,0,0,0,0,0,0,0,0,0,0,0,0,0,0,0
Erststimme,"06B5K","06",Steglitz-Zehlendorf,5K,B,5K,5,79,W,0,0,0,0,342,342,338,4,60,173,51,7,19,18,1,5,1,0,0,0,0,0,0,0,0,0,0,1,0,0,0,0,0,0,0,0,0,2,0,0,0,0,0,0,0,0,0,0,0,0,0,0,0,0,0,0
Erststimme,"06B5L","06",Steglitz-Zehlendorf,5L,B,5L,5,79,W,0,0,0,0,343,343,341,1,72,149,60,17,13,12,4,7,3,0,0,0,0,0,0,0,0,0,0,2,0,0,0,0,0,0,0,0,0,2,0,0,0,0,0,0,0,0,0,0,0,0,0,0,0,0,0,0
Erststimme,"06B5M","06",Steglitz-Zehlendorf,5M,B,5M,5,79,W,0,0,0,0,323,323,323,0,83,135,47,11,15,10,6,12,0,0,0,0,0,0,0,0,0,0,0,2,0,0,0,0,0,0,0,0,0,2,0,0,0,0,0,0,0,0,0,0,0,0,0,0,0,0,0,0
Erststimme,"06B5N","06",Steglitz-Zehlendorf,5N,B,5N,5,79,W,0,0,0,0,306,306,304,2,53,139,44,15,9,15,8,8,2,0,0,0,0,0,0,0,0,0,0,4,0,0,0,0,0,0,0,0,0,7,0,0,0,0,0,0,0,0,0,0,0,0,0,0,0,0,0,0
Erststimme,"06B5P","06",Steglitz-Zehlendorf,5P,B,5P,5,79,W,0,0,0,0,471,471,468,3,105,234,56,10,19,29,3,7,1,0,0,0,0,0,0,0,0,0,0,1,0,0,0,0,0,0,0,0,0,3,0,0,0,0,0,0,0,0,0,0,0,0,0,0,0,0,0,0
Erststimme,"06B5Q","06",Steglitz-Zehlendorf,5Q,B,5Q,5,79,W,0,0,0,0,368,368,368,0,82,167,41,15,25,16,3,7,3,0,0,0,0,0,0,0,0,0,0,7,0,0,0,0,0,0,0,0,0,2,0,0,0,0,0,0,0,0,0,0,0,0,0,0,0,0,0,0
Erststimme,"06B5R","06",Steglitz-Zehlendorf,5R,B,5R,5,79,W,0,0,0,0,274,274,270,4,74,115,22,9,19,5,5,15,3,0,0,0,0,0,0,0,0,0,0,2,0,0,0,0,0,0,0,0,0,1,0,0,0,0,0,0,0,0,0,0,0,0,0,0,0,0,0,0
Erststimme,"06B5S","06",Steglitz-Zehlendorf,5S,B,5S,5,79,W,0,0,0,0,318,318,312,5,62,117,50,15,24,12,5,14,4,0,0,0,0,0,0,0,0,0,0,4,0,0,0,0,0,0,0,0,0,5,0,0,0,0,0,0,0,0,0,0,0,0,0,0,0,0,0,0
Erststimme,"06B5T","06",Steglitz-Zehlendorf,5T,B,5T,5,79,W,0,0,0,0,270,270,269,1,63,120,32,11,15,10,1,12,1,0,0,0,0,0,0,0,0,0,0,1,0,0,0,0,0,0,0,0,0,3,0,0,0,0,0,0,0,0,0,0,0,0,0,0,0,0,0,0
Erststimme,"06B5U","06",Steglitz-Zehlendorf,5U,B,5U,5,79,W,0,0,0,0,354,354,347,6,78,151,59,7,10,16,7,9,3,0,0,0,0,0,0,0,0,0,0,4,0,0,0,0,0,0,0,0,0,3,0,0,0,0,0,0,0,0,0,0,0,0,0,0,0,0,0,0
Erststimme,"06B5V","06",Steglitz-Zehlendorf,5V,B,5V,5,79,W,0,0,0,0,361,361,361,0,58,158,70,16,19,25,2,6,2,0,0,0,0,0,0,0,0,0,0,4,0,0,0,0,0,0,0,0,0,1,0,0,0,0,0,0,0,0,0,0,0,0,0,0,0,0,0,0
Erststimme,"06B5W","06",Steglitz-Zehlendorf,5W,B,5W,5,79,W,0,0,0,0,395,395,395,0,79,178,71,13,19,17,2,10,2,0,0,0,0,0,0,0,0,0,0,0,0,0,0,0,0,0,0,0,0,4,0,0,0,0,0,0,0,0,0,0,0,0,0,0,0,0,0,0
Erststimme,"06B5X","06",Steglitz-Zehlendorf,5X,B,5X,5,79,W,0,0,0,0,325,325,323,2,84,149,27,11,17,11,6,11,1,0,0,0,0,0,0,0,0,0,0,3,0,0,0,0,0,0,0,0,0,3,0,0,0,0,0,0,0,0,0,0,0,0,0,0,0,0,0,0
Erststimme,"06B5Y","06",Steglitz-Zehlendorf,5Y,B,5Y,5,79,W,0,0,0,0,271,271,268,1,65,90,36,17,21,13,11,10,2,0,0,0,0,0,0,0,0,0,0,1,0,0,0,0,0,0,0,0,0,2,0,0,0,0,0,0,0,0,0,0,0,0,0,0,0,0,0,0
Erststimme,"06B5Z","06",Steglitz-Zehlendorf,5Z,B,5Z,5,79,W,0,0,0,0,262,262,261,1,76,126,14,2,13,11,7,10,0,0,0,0,0,0,0,0,0,0,0,1,0,0,0,0,0,0,0,0,0,1,0,0,0,0,0,0,0,0,0,0,0,0,0,0,0,0,0,0
Erststimme,"06W601","06",Steglitz-Zehlendorf,"601",W,6A,6,79,W,1203,623,580,0,385,2,382,3,92,101,106,17,22,28,9,3,3,0,0,0,0,0,0,0,0,0,0,1,0,0,0,0,0,0,0,0,0,0,0,0,0,0,0,0,0,0,0,0,0,0,0,0,0,0,0,0
Erststimme,"06W602","06",Steglitz-Zehlendorf,"602",W,6B,6,79,W,1197,739,458,0,513,3,502,11,100,152,124,31,40,26,5,12,4,0,0,0,0,0,0,0,0,0,0,8,0,0,0,0,0,0,0,0,0,0,0,0,0,0,0,0,0,0,0,0,0,0,0,0,0,0,0,0
Erststimme,"06W603","06",Steglitz-Zehlendorf,"603",W,6C,6,79,W,1225,659,566,0,443,9,441,2,93,130,111,15,30,37,2,5,3,0,0,0,0,0,0,0,0,0,0,15,0,0,0,0,0,0,0,0,0,0,0,0,0,0,0,0,0,0,0,0,0,0,0,0,0,0,0,0
Erststimme,"06W604","06",Steglitz-Zehlendorf,"604",W,6D,6,79,W,1163,727,436,0,501,6,495,5,90,183,138,21,24,24,4,4,3,0,0,0,0,0,0,0,0,0,0,4,0,0,0,0,0,0,0,0,0,0,0,0,0,0,0,0,0,0,0,0,0,0,0,0,0,0,0,0
Erststimme,"06W605","06",Steglitz-Zehlendorf,"605",W,6E,6,79,W,1321,860,461,0,567,10,563,4,106,206,115,30,42,41,6,7,5,0,0,0,0,0,0,0,0,0,0,5,0,0,0,0,0,0,0,0,0,0,0,0,0,0,0,0,0,0,0,0,0,0,0,0,0,0,0,0
Erststimme,"06W606","06",Steglitz-Zehlendorf,"606",W,6F,6,79,W,1200,725,475,0,476,17,469,7,41,264,71,10,23,50,1,6,1,0,0,0,0,0,0,0,0,0,0,2,0,0,0,0,0,0,0,0,0,0,0,0,0,0,0,0,0,0,0,0,0,0,0,0,0,0,0,0
Erststimme,"06W607","06",Steglitz-Zehlendorf,"607",W,6G,6,79,W,1214,679,535,0,459,5,456,3,66,229,82,4,7,46,5,8,3,0,0,0,0,0,0,0,0,0,0,6,0,0,0,0,0,0,0,0,0,0,0,0,0,0,0,0,0,0,0,0,0,0,0,0,0,0,0,0
Erststimme,"06W608","06",Steglitz-Zehlendorf,"608",W,6H,6,79,W,1408,852,556,0,492,6,491,1,90,226,71,13,20,46,7,11,2,0,0,0,0,0,0,0,0,0,0,5,0,0,0,0,0,0,0,0,0,0,0,0,0,0,0,0,0,0,0,0,0,0,0,0,0,0,0,0
Erststimme,"06W609","06",Steglitz-Zehlendorf,"609",W,6J,6,79,W,1170,653,517,0,450,10,449,1,93,169,103,25,23,22,5,7,0,0,0,0,0,0,0,0,0,0,0,2,0,0,0,0,0,0,0,0,0,0,0,0,0,0,0,0,0,0,0,0,0,0,0,0,0,0,0,0
Erststimme,"06W610","06",Steglitz-Zehlendorf,"610",W,6K,6,79,W,1129,601,528,0,438,9,438,0,76,179,90,14,19,44,4,6,1,0,0,0,0,0,0,0,0,0,0,5,0,0,0,0,0,0,0,0,0,0,0,0,0,0,0,0,0,0,0,0,0,0,0,0,0,0,0,0
Erststimme,"06W611","06",Steglitz-Zehlendorf,"611",W,6L,6,79,W,1228,673,555,0,429,5,425,4,98,129,93,25,32,16,9,13,3,0,0,0,0,0,0,0,0,0,0,7,0,0,0,0,0,0,0,0,0,0,0,0,0,0,0,0,0,0,0,0,0,0,0,0,0,0,0,0
Erststimme,"06W612","06",Steglitz-Zehlendorf,"612",W,6M,6,79,W,1125,688,437,0,476,7,472,3,96,179,100,17,22,32,10,6,4,0,0,0,0,0,0,0,0,0,0,6,0,0,0,0,0,0,0,0,0,0,0,0,0,0,0,0,0,0,0,0,0,0,0,0,0,0,0,0
Erststimme,"06W613","06",Steglitz-Zehlendorf,"613",W,6N,6,79,W,1136,544,592,0,392,3,387,5,78,118,126,18,14,17,4,4,4,0,0,0,0,0,0,0,0,0,0,4,0,0,0,0,0,0,0,0,0,0,0,0,0,0,0,0,0,0,0,0,0,0,0,0,0,0,0,0
Erststimme,"06W614","06",Steglitz-Zehlendorf,"614",W,6P,6,79,W,1203,662,541,0,490,11,485,4,86,176,127,16,25,44,3,5,2,0,0,0,0,0,0,0,0,0,0,1,0,0,0,0,0,0,0,0,0,0,0,0,0,0,0,0,0,0,0,0,0,0,0,0,0,0,0,0
Erststimme,"06W615","06",Steglitz-Zehlendorf,"615",W,6Q,6,79,W,1288,773,515,0,396,2,391,5,73,127,89,26,26,21,9,14,3,0,0,0,0,0,0,0,0,0,0,3,0,0,0,0,0,0,0,0,0,0,0,0,0,0,0,0,0,0,0,0,0,0,0,0,0,0,0,0
Erststimme,"06W616","06",Steglitz-Zehlendorf,"616",W,6R,6,79,W,1290,891,399,0,563,4,556,6,99,225,93,34,51,34,2,12,3,0,0,0,0,0,0,0,0,0,0,3,0,0,0,0,0,0,0,0,0,0,0,0,0,0,0,0,0,0,0,0,0,0,0,0,0,0,0,0
Erststimme,"06W617","06",Steglitz-Zehlendorf,"617",W,6S,6,79,W,1270,918,352,0,605,0,594,11,149,289,66,23,24,25,0,14,2,0,0,0,0,0,0,0,0,0,0,2,0,0,0,0,0,0,0,0,0,0,0,0,0,0,0,0,0,0,0,0,0,0,0,0,0,0,0,0
Erststimme,"06W618","06",Steglitz-Zehlendorf,"618",W,6T,6,79,W,1321,819,502,0,527,6,523,4,116,183,89,37,29,28,8,19,5,0,0,0,0,0,0,0,0,0,0,9,0,0,0,0,0,0,0,0,0,0,0,0,0,0,0,0,0,0,0,0,0,0,0,0,0,0,0,0
Erststimme,"06W619","06",Steglitz-Zehlendorf,"619",W,6U,6,79,W,1288,851,437,0,528,5,521,7,107,188,97,31,39,33,5,10,5,0,0,0,0,0,0,0,0,0,0,6,0,0,0,0,0,0,0,0,0,0,0,0,0,0,0,0,0,0,0,0,0,0,0,0,0,0,0,0
Erststimme,"06W620","06",Steglitz-Zehlendorf,"620",W,6V,6,79,W,1277,765,512,0,443,0,439,4,110,133,116,16,25,17,4,11,3,0,0,0,0,0,0,0,0,0,0,4,0,0,0,0,0,0,0,0,0,0,0,0,0,0,0,0,0,0,0,0,0,0,0,0,0,0,0,0
Erststimme,"06W621","06",Steglitz-Zehlendorf,"621",W,6W,6,79,W,1317,818,499,0,430,4,427,3,87,144,84,24,33,24,7,14,3,0,0,0,0,0,0,0,0,0,0,7,0,0,0,0,0,0,0,0,0,0,0,0,0,0,0,0,0,0,0,0,0,0,0,0,0,0,0,0
Erststimme,"06W622","06",Steglitz-Zehlendorf,"622",W,6X,6,79,W,1302,769,533,0,454,2,450,3,97,148,98,35,27,14,4,16,3,0,0,0,0,0,0,0,0,0,0,8,0,0,0,0,0,0,0,0,0,0,0,0,0,0,0,0,0,0,0,0,0,0,0,0,0,0,0,0
Erststimme,"06W623","06",Steglitz-Zehlendorf,"623",W,6Y,6,79,W,1363,782,581,0,507,9,507,0,113,106,171,35,24,33,7,11,3,0,0,0,0,0,0,0,0,0,0,4,0,0,0,0,0,0,0,0,0,0,0,0,0,0,0,0,0,0,0,0,0,0,0,0,0,0,0,0
Erststimme,"06W624","06",Steglitz-Zehlendorf,"624",W,6Z,6,79,W,1259,739,520,0,437,3,433,4,122,128,97,22,27,15,6,11,1,0,0,0,0,0,0,0,0,0,0,4,0,0,0,0,0,0,0,0,0,0,0,0,0,0,0,0,0,0,0,0,0,0,0,0,0,0,0,0
Erststimme,"06W625","06",Steglitz-Zehlendorf,"625",W,6AA,6,79,W,1299,735,564,0,492,4,489,3,75,255,74,6,27,42,3,4,2,0,0,0,0,0,0,0,0,0,0,1,0,0,0,0,0,0,0,0,0,0,0,0,0,0,0,0,0,0,0,0,0,0,0,0,0,0,0,0
Erststimme,"06B6A","06",Steglitz-Zehlendorf,6A,B,6A,6,79,W,0,0,0,0,577,577,574,3,138,232,109,21,15,41,5,10,2,0,0,0,0,0,0,0,0,0,0,1,0,0,0,0,0,0,0,0,0,0,0,0,0,0,0,0,0,0,0,0,0,0,0,0,0,0,0,0
Erststimme,"06B6AA","06",Steglitz-Zehlendorf,6AA,B,6AA,6,79,W,0,0,0,0,515,515,515,0,69,293,55,11,25,53,3,3,2,0,0,0,0,0,0,0,0,0,0,1,0,0,0,0,0,0,0,0,0,0,0,0,0,0,0,0,0,0,0,0,0,0,0,0,0,0,0,0
Erststimme,"06B6B","06",Steglitz-Zehlendorf,6B,B,6B,6,79,W,0,0,0,0,410,410,408,2,94,124,107,22,18,17,4,11,2,0,0,0,0,0,0,0,0,0,0,9,0,0,0,0,0,0,0,0,0,0,0,0,0,0,0,0,0,0,0,0,0,0,0,0,0,0,0,0
Erststimme,"06B6C","06",Steglitz-Zehlendorf,6C,B,6C,6,79,W,0,0,0,0,528,528,526,2,89,214,129,14,14,53,2,7,2,0,0,0,0,0,0,0,0,0,0,2,0,0,0,0,0,0,0,0,0,0,0,0,0,0,0,0,0,0,0,0,0,0,0,0,0,0,0,0
Erststimme,"06B6D","06",Steglitz-Zehlendorf,6D,B,6D,6,79,W,0,0,0,0,397,397,395,2,80,158,87,14,13,33,1,5,1,0,0,0,0,0,0,0,0,0,0,3,0,0,0,0,0,0,0,0,0,0,0,0,0,0,0,0,0,0,0,0,0,0,0,0,0,0,0,0
Erststimme,"06B6E","06",Steglitz-Zehlendorf,6E,B,6E,6,79,W,0,0,0,0,419,419,419,0,77,186,64,26,27,22,4,8,3,0,0,0,0,0,0,0,0,0,0,2,0,0,0,0,0,0,0,0,0,0,0,0,0,0,0,0,0,0,0,0,0,0,0,0,0,0,0,0
Erststimme,"06B6F","06",Steglitz-Zehlendorf,6F,B,6F,6,79,W,0,0,0,0,421,421,419,1,44,258,39,8,14,50,1,4,0,0,0,0,0,0,0,0,0,0,0,1,0,0,0,0,0,0,0,0,0,0,0,0,0,0,0,0,0,0,0,0,0,0,0,0,0,0,0,0
Erststimme,"06B6G","06",Steglitz-Zehlendorf,6G,B,6G,6,79,W,0,0,0,0,492,492,491,1,69,282,62,15,13,42,2,4,1,0,0,0,0,0,0,0,0,0,0,1,0,0,0,0,0,0,0,0,0,0,0,0,0,0,0,0,0,0,0,0,0,0,0,0,0,0,0,0
Erststimme,"06B6H","06",Steglitz-Zehlendorf,6H,B,6H,6,79,W,0,0,0,0,514,514,513,0,79,287,71,8,17,42,0,7,0,0,0,0,0,0,0,0,0,0,0,2,0,0,0,0,0,0,0,0,0,0,0,0,0,0,0,0,0,0,0,0,0,0,0,0,0,0,0,0
Erststimme,"06B6J","06",Steglitz-Zehlendorf,6J,B,6J,6,79,W,0,0,0,0,470,470,465,2,91,216,82,19,11,36,4,5,0,0,0,0,0,0,0,0,0,0,0,1,0,0,0,0,0,0,0,0,0,0,0,0,0,0,0,0,0,0,0,0,0,0,0,0,0,0,0,0
Erststimme,"06B6K","06",Steglitz-Zehlendorf,6K,B,6K,6,79,W,0,0,0,0,490,490,487,3,66,270,81,8,14,36,5,4,2,0,0,0,0,0,0,0,0,0,0,1,0,0,0,0,0,0,0,0,0,0,0,0,0,0,0,0,0,0,0,0,0,0,0,0,0,0,0,0
Erststimme,"06B6L","06",Steglitz-Zehlendorf,6L,B,6L,6,79,W,0,0,0,0,513,513,510,2,106,190,110,27,22,39,4,4,2,0,0,0,0,0,0,0,0,0,0,6,0,0,0,0,0,0,0,0,0,0,0,0,0,0,0,0,0,0,0,0,0,0,0,0,0,0,0,0
Erststimme,"06B6M","06",Steglitz-Zehlendorf,6M,B,6M,6,79,W,0,0,0,0,387,387,386,1,91,153,71,18,13,20,6,8,3,0,0,0,0,0,0,0,0,0,0,3,0,0,0,0,0,0,0,0,0,0,0,0,0,0,0,0,0,0,0,0,0,0,0,0,0,0,0,0
Erststimme,"06B6N","06",Steglitz-Zehlendorf,6N,B,6N,6,79,W,0,0,0,0,560,560,558,1,114,226,141,19,10,38,5,4,1,0,0,0,0,0,0,0,0,0,0,0,0,0,0,0,0,0,0,0,0,0,0,0,0,0,0,0,0,0,0,0,0,0,0,0,0,0,0,0
Erststimme,"06B6P","06",Steglitz-Zehlendorf,6P,B,6P,6,79,W,0,0,0,0,492,492,488,4,87,224,104,15,10,38,3,3,3,0,0,0,0,0,0,0,0,0,0,1,0,0,0,0,0,0,0,0,0,0,0,0,0,0,0,0,0,0,0,0,0,0,0,0,0,0,0,0
Erststimme,"06B6Q","06",Steglitz-Zehlendorf,6Q,B,6Q,6,79,W,0,0,0,0,472,472,466,5,107,177,94,22,19,23,6,11,2,0,0,0,0,0,0,0,0,0,0,5,0,0,0,0,0,0,0,0,0,0,0,0,0,0,0,0,0,0,0,0,0,0,0,0,0,0,0,0
Erststimme,"06B6R","06",Steglitz-Zehlendorf,6R,B,6R,6,79,W,0,0,0,0,372,372,372,0,61,158,67,10,23,27,4,15,3,0,0,0,0,0,0,0,0,0,0,4,0,0,0,0,0,0,0,0,0,0,0,0,0,0,0,0,0,0,0,0,0,0,0,0,0,0,0,0
Erststimme,"06B6S","06",Steglitz-Zehlendorf,6S,B,6S,6,79,W,0,0,0,0,332,332,332,0,77,152,46,13,13,17,2,10,1,0,0,0,0,0,0,0,0,0,0,1,0,0,0,0,0,0,0,0,0,0,0,0,0,0,0,0,0,0,0,0,0,0,0,0,0,0,0,0
Erststimme,"06B6T","06",Steglitz-Zehlendorf,6T,B,6T,6,79,W,0,0,0,0,466,466,462,4,116,185,81,17,12,30,7,11,0,0,0,0,0,0,0,0,0,0,0,3,0,0,0,0,0,0,0,0,0,0,0,0,0,0,0,0,0,0,0,0,0,0,0,0,0,0,0,0
Erststimme,"06B6U","06",Steglitz-Zehlendorf,6U,B,6U,6,79,W,0,0,0,0,395,395,393,2,83,184,69,16,6,20,4,6,4,0,0,0,0,0,0,0,0,0,0,1,0,0,0,0,0,0,0,0,0,0,0,0,0,0,0,0,0,0,0,0,0,0,0,0,0,0,0,0
Erststimme,"06B6V","06",Steglitz-Zehlendorf,6V,B,6V,6,79,W,0,0,0,0,480,480,477,2,93,185,111,23,20,32,3,5,0,0,0,0,0,0,0,0,0,0,0,5,0,0,0,0,0,0,0,0,0,0,0,0,0,0,0,0,0,0,0,0,0,0,0,0,0,0,0,0
Erststimme,"06B6W","06",Steglitz-Zehlendorf,6W,B,6W,6,79,W,0,0,0,0,442,442,432,6,93,175,79,19,21,27,4,11,1,0,0,0,0,0,0,0,0,0,0,2,0,0,0,0,0,0,0,0,0,0,0,0,0,0,0,0,0,0,0,0,0,0,0,0,0,0,0,0
Erststimme,"06B6X","06",Steglitz-Zehlendorf,6X,B,6X,6,79,W,0,0,0,0,490,490,485,3,126,131,118,22,14,42,6,15,5,0,0,0,0,0,0,0,0,0,0,6,0,0,0,0,0,0,0,0,0,0,0,0,0,0,0,0,0,0,0,0,0,0,0,0,0,0,0,0
Erststimme,"06B6Y","06",Steglitz-Zehlendorf,6Y,B,6Y,6,79,W,0,0,0,0,527,527,521,5,129,153,148,23,19,23,4,12,4,0,0,0,0,0,0,0,0,0,0,6,0,0,0,0,0,0,0,0,0,0,0,0,0,0,0,0,0,0,0,0,0,0,0,0,0,0,0,0
Erststimme,"06B6Z","06",Steglitz-Zehlendorf,6Z,B,6Z,6,79,W,0,0,0,0,480,480,477,3,126,158,107,26,15,33,2,8,1,0,0,0,0,0,0,0,0,0,0,1,0,0,0,0,0,0,0,0,0,0,0,0,0,0,0,0,0,0,0,0,0,0,0,0,0,0,0,0
Erststimme,"06W701","06",Steglitz-Zehlendorf,"701",W,7A,7,79,W,1151,688,463,0,470,6,466,4,72,200,93,13,23,47,4,9,0,0,0,0,0,0,0,0,0,0,0,2,0,0,0,0,0,0,0,0,0,3,0,0,0,0,0,0,0,0,0,0,0,0,0,0,0,0,0,0
Erststimme,"06W702","06",Steglitz-Zehlendorf,"702",W,7B,7,79,W,1207,675,532,0,433,15,429,4,56,182,89,13,27,43,6,8,0,0,0,0,0,0,0,0,0,0,0,4,0,0,0,0,0,0,0,0,0,1,0,0,0,0,0,0,0,0,0,0,0,0,0,0,0,0,0,0
Erststimme,"06W703","06",Steglitz-Zehlendorf,"703",W,7C,7,79,W,1099,696,403,0,434,3,432,2,58,180,96,13,24,52,1,6,0,0,0,0,0,0,0,0,0,0,0,2,0,0,0,0,0,0,0,0,0,0,0,0,0,0,0,0,0,0,0,0,0,0,0,0,0,0,0,0
Erststimme,"06W704","06",Steglitz-Zehlendorf,"704",W,7D,7,79,W,1262,731,531,0,412,11,411,1,77,175,71,10,28,41,4,3,0,0,0,0,0,0,0,0,0,0,0,1,0,0,0,0,0,0,0,0,0,1,0,0,0,0,0,0,0,0,0,0,0,0,0,0,0,0,0,0
Erststimme,"06W705","06",Steglitz-Zehlendorf,"705",W,7E,7,79,W,1110,596,514,0,365,2,364,1,65,118,85,17,32,31,1,9,0,0,0,0,0,0,0,0,0,0,0,5,0,0,0,0,0,0,0,0,0,1,0,0,0,0,0,0,0,0,0,0,0,0,0,0,0,0,0,0
Erststimme,"06W706","06",Steglitz-Zehlendorf,"706",W,7F,7,79,W,1380,810,570,0,587,11,581,6,90,242,123,15,27,64,1,12,0,0,0,0,0,0,0,0,0,0,0,5,0,0,0,0,0,0,0,0,0,2,0,0,0,0,0,0,0,0,0,0,0,0,0,0,0,0,0,0
Erststimme,"06W707","06",Steglitz-Zehlendorf,"707",W,7G,7,79,W,1381,715,666,0,447,9,447,0,68,165,95,13,20,68,3,10,0,0,0,0,0,0,0,0,0,0,0,5,0,0,0,0,0,0,0,0,0,0,0,0,0,0,0,0,0,0,0,0,0,0,0,0,0,0,0,0
Erststimme,"06W708","06",Steglitz-Zehlendorf,"708",W,7H,7,79,W,1120,742,378,0,466,11,460,6,95,139,113,22,24,51,4,5,0,0,0,0,0,0,0,0,0,0,0,3,0,0,0,0,0,0,0,0,0,4,0,0,0,0,0,0,0,0,0,0,0,0,0,0,0,0,0,0
Erststimme,"06W709","06",Steglitz-Zehlendorf,"709",W,7J,7,79,W,1037,569,468,0,377,5,376,1,72,149,63,12,21,48,2,2,0,0,0,0,0,0,0,0,0,0,0,6,0,0,0,0,0,0,0,0,0,1,0,0,0,0,0,0,0,0,0,0,0,0,0,0,0,0,0,0
Erststimme,"06W710","06",Steglitz-Zehlendorf,"710",W,7K,7,79,W,1205,748,457,0,509,7,508,1,100,207,75,20,28,57,2,14,0,0,0,0,0,0,0,0,0,0,0,4,0,0,0,0,0,0,0,0,0,1,0,0,0,0,0,0,0,0,0,0,0,0,0,0,0,0,0,0
Erststimme,"06W711","06",Steglitz-Zehlendorf,"711",W,7L,7,79,W,1150,653,497,0,412,10,411,1,78,155,91,7,21,39,6,8,0,0,0,0,0,0,0,0,0,0,0,6,0,0,0,0,0,0,0,0,0,0,0,0,0,0,0,0,0,0,0,0,0,0,0,0,0,0,0,0
Erststimme,"06W712","06",Steglitz-Zehlendorf,"712",W,7M,7,79,W,1089,674,415,0,501,7,497,4,104,136,139,27,28,35,7,12,0,0,0,0,0,0,0,0,0,0,0,7,0,0,0,0,0,0,0,0,0,2,0,0,0,0,0,0,0,0,0,0,0,0,0,0,0,0,0,0
Erststimme,"06W713","06",Steglitz-Zehlendorf,"713",W,7N,7,79,W,1204,661,543,0,487,9,484,3,85,189,93,20,20,53,5,10,0,0,0,0,0,0,0,0,0,0,0,1,0,0,0,0,0,0,0,0,0,8,0,0,0,0,0,0,0,0,0,0,0,0,0,0,0,0,0,0
Erststimme,"06W714","06",Steglitz-Zehlendorf,"714",W,7P,7,79,W,1145,735,410,0,462,6,451,9,90,133,107,18,43,34,3,13,0,0,0,0,0,0,0,0,0,0,0,8,0,0,0,0,0,0,0,0,0,2,0,0,0,0,0,0,0,0,0,0,0,0,0,0,0,0,0,0
Erststimme,"06W715","06",Steglitz-Zehlendorf,"715",W,7Q,7,79,W,1022,604,418,0,399,5,397,2,90,151,69,9,27,43,1,3,0,0,0,0,0,0,0,0,0,0,0,3,0,0,0,0,0,0,0,0,0,1,0,0,0,0,0,0,0,0,0,0,0,0,0,0,0,0,0,0
Erststimme,"06W716","06",Steglitz-Zehlendorf,"716",W,7R,7,79,W,1178,660,518,0,470,4,464,5,80,179,104,14,14,50,7,13,0,0,0,0,0,0,0,0,0,0,0,3,0,0,0,0,0,0,0,0,0,0,0,0,0,0,0,0,0,0,0,0,0,0,0,0,0,0,0,0
Erststimme,"06W717","06",Steglitz-Zehlendorf,"717",W,7S,7,79,W,1137,745,392,0,518,5,513,5,111,142,141,31,23,42,2,11,0,0,0,0,0,0,0,0,0,0,0,9,0,0,0,0,0,0,0,0,0,1,0,0,0,0,0,0,0,0,0,0,0,0,0,0,0,0,0,0
Erststimme,"06W718","06",Steglitz-Zehlendorf,"718",W,7T,7,79,W,1257,693,564,0,456,6,454,2,87,191,72,23,28,35,6,9,0,0,0,0,0,0,0,0,0,0,0,3,0,0,0,0,0,0,0,0,0,0,0,0,0,0,0,0,0,0,0,0,0,0,0,0,0,0,0,0
Erststimme,"06W719","06",Steglitz-Zehlendorf,"719",W,7U,7,79,W,1201,692,509,0,476,5,471,5,111,117,132,29,29,23,7,15,0,0,0,0,0,0,0,0,0,0,0,4,0,0,0,0,0,0,0,0,0,4,0,0,0,0,0,0,0,0,0,0,0,0,0,0,0,0,0,0
Erststimme,"06W720","06",Steglitz-Zehlendorf,"720",W,7V,7,79,W,1201,733,468,0,512,8,512,0,89,201,108,16,27,47,4,13,0,0,0,0,0,0,0,0,0,0,0,6,0,0,0,0,0,0,0,0,0,1,0,0,0,0,0,0,0,0,0,0,0,0,0,0,0,0,0,0
Erststimme,"06W721","06",Steglitz-Zehlendorf,"721",W,7W,7,79,W,1179,744,435,0,483,8,478,3,84,199,85,15,20,56,6,9,0,0,0,0,0,0,0,0,0,0,0,2,0,0,0,0,0,0,0,0,0,2,0,0,0,0,0,0,0,0,0,0,0,0,0,0,0,0,0,0
Erststimme,"06W722","06",Steglitz-Zehlendorf,"722",W,7X,7,79,W,1318,685,633,0,474,10,474,0,75,187,113,12,8,61,5,5,0,0,0,0,0,0,0,0,0,0,0,7,0,0,0,0,0,0,0,0,0,1,0,0,0,0,0,0,0,0,0,0,0,0,0,0,0,0,0,0
Erststimme,"06W723","06",Steglitz-Zehlendorf,"723",W,7Y,7,79,W,1187,655,532,0,473,3,465,8,87,190,89,14,23,48,2,10,0,0,0,0,0,0,0,0,0,0,0,2,0,0,0,0,0,0,0,0,0,0,0,0,0,0,0,0,0,0,0,0,0,0,0,0,0,0,0,0
Erststimme,"06W724","06",Steglitz-Zehlendorf,"724",W,7Z,7,79,W,1137,753,384,0,509,0,504,5,94,177,108,28,29,39,7,18,0,0,0,0,0,0,0,0,0,0,0,4,0,0,0,0,0,0,0,0,0,0,0,0,0,0,0,0,0,0,0,0,0,0,0,0,0,0,0,0
Erststimme,"06W725","06",Steglitz-Zehlendorf,"725",W,7AA,7,79,W,1059,656,403,0,387,6,386,1,92,143,52,17,38,23,6,10,0,0,0,0,0,0,0,0,0,0,0,4,0,0,0,0,0,0,0,0,0,1,0,0,0,0,0,0,0,0,0,0,0,0,0,0,0,0,0,0
Erststimme,"06B7A","06",Steglitz-Zehlendorf,7A,B,7A,7,79,W,0,0,0,0,443,443,443,0,65,222,70,7,9,55,1,7,0,0,0,0,0,0,0,0,0,0,0,4,0,0,0,0,0,0,0,0,0,3,0,0,0,0,0,0,0,0,0,0,0,0,0,0,0,0,0,0
Erststimme,"06B7AA","06",Steglitz-Zehlendorf,7AA,B,7AA,7,79,W,0,0,0,0,357,357,356,1,82,150,50,12,26,23,3,8,0,0,0,0,0,0,0,0,0,0,0,1,0,0,0,0,0,0,0,0,0,1,0,0,0,0,0,0,0,0,0,0,0,0,0,0,0,0,0,0
Erststimme,"06B7B","06",Steglitz-Zehlendorf,7B,B,7B,7,79,W,0,0,0,0,472,472,470,1,88,188,96,10,21,52,4,10,0,0,0,0,0,0,0,0,0,0,0,1,0,0,0,0,0,0,0,0,0,0,0,0,0,0,0,0,0,0,0,0,0,0,0,0,0,0,0,0
Erststimme,"06B7C","06",Steglitz-Zehlendorf,7C,B,7C,7,79,W,0,0,0,0,353,353,348,5,61,140,67,9,13,50,1,3,0,0,0,0,0,0,0,0,0,0,0,2,0,0,0,0,0,0,0,0,0,2,0,0,0,0,0,0,0,0,0,0,0,0,0,0,0,0,0,0
Erststimme,"06B7D","06",Steglitz-Zehlendorf,7D,B,7D,7,79,W,0,0,0,0,482,482,482,0,80,220,76,14,30,52,3,5,0,0,0,0,0,0,0,0,0,0,0,1,0,0,0,0,0,0,0,0,0,1,0,0,0,0,0,0,0,0,0,0,0,0,0,0,0,0,0,0
Erststimme,"06B7E","06",Steglitz-Zehlendorf,7E,B,7E,7,79,W,0,0,0,0,476,476,474,0,81,195,91,14,19,52,6,9,0,0,0,0,0,0,0,0,0,0,0,4,0,0,0,0,0,0,0,0,0,3,0,0,0,0,0,0,0,0,0,0,0,0,0,0,0,0,0,0
Erststimme,"06B7F","06",Steglitz-Zehlendorf,7F,B,7F,7,79,W,0,0,0,0,508,508,506,2,78,228,87,11,14,74,4,7,0,0,0,0,0,0,0,0,0,0,0,1,0,0,0,0,0,0,0,0,0,2,0,0,0,0,0,0,0,0,0,0,0,0,0,0,0,0,0,0
Erststimme,"06B7G","06",Steglitz-Zehlendorf,7G,B,7G,7,79,W,0,0,0,0,608,608,605,3,108,243,131,9,12,93,1,4,0,0,0,0,0,0,0,0,0,0,0,1,0,0,0,0,0,0,0,0,0,3,0,0,0,0,0,0,0,0,0,0,0,0,0,0,0,0,0,0
Erststimme,"06B7H","06",Steglitz-Zehlendorf,7H,B,7H,7,79,W,0,0,0,0,333,333,331,1,71,114,74,8,10,44,2,5,0,0,0,0,0,0,0,0,0,0,0,3,0,0,0,0,0,0,0,0,0,0,0,0,0,0,0,0,0,0,0,0,0,0,0,0,0,0,0,0
Erststimme,"06B7J","06",Steglitz-Zehlendorf,7J,B,7J,7,79,W,0,0,0,0,422,422,418,1,75,194,75,7,13,43,4,7,0,0,0,0,0,0,0,0,0,0,0,0,0,0,0,0,0,0,0,0,0,0,0,0,0,0,0,0,0,0,0,0,0,0,0,0,0,0,0,0
Erststimme,"06B7K","06",Steglitz-Zehlendorf,7K,B,7K,7,79,W,0,0,0,0,419,419,416,2,87,172,63,9,18,55,0,8,0,0,0,0,0,0,0,0,0,0,0,0,0,0,0,0,0,0,0,0,0,4,0,0,0,0,0,0,0,0,0,0,0,0,0,0,0,0,0,0
Erststimme,"06B7L","06",Steglitz-Zehlendorf,7L,B,7L,7,79,W,0,0,0,0,461,461,461,0,109,200,76,9,10,35,5,10,0,0,0,0,0,0,0,0,0,0,0,6,0,0,0,0,0,0,0,0,0,1,0,0,0,0,0,0,0,0,0,0,0,0,0,0,0,0,0,0
Erststimme,"06B7M","06",Steglitz-Zehlendorf,7M,B,7M,7,79,W,0,0,0,0,389,389,386,2,100,120,98,16,14,26,1,8,0,0,0,0,0,0,0,0,0,0,0,0,0,0,0,0,0,0,0,0,0,3,0,0,0,0,0,0,0,0,0,0,0,0,0,0,0,0,0,0
Erststimme,"06B7N","06",Steglitz-Zehlendorf,7N,B,7N,7,79,W,0,0,0,0,491,491,486,1,72,230,102,8,12,51,4,2,0,0,0,0,0,0,0,0,0,0,0,4,0,0,0,0,0,0,0,0,0,1,0,0,0,0,0,0,0,0,0,0,0,0,0,0,0,0,0,0
Erststimme,"06B7P","06",Steglitz-Zehlendorf,7P,B,7P,7,79,W,0,0,0,0,370,370,369,1,70,112,99,19,15,34,4,14,0,0,0,0,0,0,0,0,0,0,0,2,0,0,0,0,0,0,0,0,0,0,0,0,0,0,0,0,0,0,0,0,0,0,0,0,0,0,0,0
Erststimme,"06B7Q","06",Steglitz-Zehlendorf,7Q,B,7Q,7,79,W,0,0,0,0,382,382,382,0,78,181,48,7,12,33,4,13,0,0,0,0,0,0,0,0,0,0,0,5,0,0,0,0,0,0,0,0,0,1,0,0,0,0,0,0,0,0,0,0,0,0,0,0,0,0,0,0
Erststimme,"06B7R","06",Steglitz-Zehlendorf,7R,B,7R,7,79,W,0,0,0,0,472,472,471,1,90,214,90,9,12,52,0,2,0,0,0,0,0,0,0,0,0,0,0,2,0,0,0,0,0,0,0,0,0,0,0,0,0,0,0,0,0,0,0,0,0,0,0,0,0,0,0,0
Erststimme,"06B7S","06",Steglitz-Zehlendorf,7S,B,7S,7,79,W,0,0,0,0,370,370,369,0,64,151,80,13,15,31,3,10,0,0,0,0,0,0,0,0,0,0,0,0,0,0,0,0,0,0,0,0,0,2,0,0,0,0,0,0,0,0,0,0,0,0,0,0,0,0,0,0
Erststimme,"06B7T","06",Steglitz-Zehlendorf,7T,B,7T,7,79,W,0,0,0,0,532,532,530,2,92,292,71,11,13,41,4,3,0,0,0,0,0,0,0,0,0,0,0,3,0,0,0,0,0,0,0,0,0,0,0,0,0,0,0,0,0,0,0,0,0,0,0,0,0,0,0,0
Erststimme,"06B7U","06",Steglitz-Zehlendorf,7U,B,7U,7,79,W,0,0,0,0,475,475,474,1,103,172,93,18,16,46,6,11,0,0,0,0,0,0,0,0,0,0,0,5,0,0,0,0,0,0,0,0,0,4,0,0,0,0,0,0,0,0,0,0,0,0,0,0,0,0,0,0
Erststimme,"06B7V","06",Steglitz-Zehlendorf,7V,B,7V,7,79,W,0,0,0,0,427,427,425,0,88,192,85,10,6,32,1,8,0,0,0,0,0,0,0,0,0,0,0,2,0,0,0,0,0,0,0,0,0,1,0,0,0,0,0,0,0,0,0,0,0,0,0,0,0,0,0,0
Erststimme,"06B7W","06",Steglitz-Zehlendorf,7W,B,7W,7,79,W,0,0,0,0,407,407,404,2,67,194,46,6,24,58,1,7,0,0,0,0,0,0,0,0,0,0,0,0,0,0,0,0,0,0,0,0,0,1,0,0,0,0,0,0,0,0,0,0,0,0,0,0,0,0,0,0
Erststimme,"06B7X","06",Steglitz-Zehlendorf,7X,B,7X,7,79,W,0,0,0,0,569,569,565,3,90,238,130,11,8,71,1,8,0,0,0,0,0,0,0,0,0,0,0,3,0,0,0,0,0,0,0,0,0,5,0,0,0,0,0,0,0,0,0,0,0,0,0,0,0,0,0,0
Erststimme,"06B7Y","06",Steglitz-Zehlendorf,7Y,B,7Y,7,79,W,0,0,0,0,489,489,485,3,80,230,84,10,11,56,4,8,0,0,0,0,0,0,0,0,0,0,0,2,0,0,0,0,0,0,0,0,0,0,0,0,0,0,0,0,0,0,0,0,0,0,0,0,0,0,0,0
Erststimme,"06B7Z","06",Steglitz-Zehlendorf,7Z,B,7Z,7,79,W,0,0,0,0,357,357,356,1,72,164,70,13,9,8,7,6,0,0,0,0,0,0,0,0,0,0,0,5,0,0,0,0,0,0,0,0,0,2,0,0,0,0,0,0,0,0,0,0,0,0,0,0,0,0,0,0
Erststimme,"07W101","07",Tempelhof-Schöneberg,"101",W,1A,1,81,W,1125,792,333,0,311,2,309,2,77,90,51,26,30,27,2,0,1,0,0,0,0,0,0,0,0,0,0,3,0,0,0,0,0,0,0,0,0,2,0,0,0,0,0,0,0,0,0,0,0,0,0,0,0,0,0,0
Erststimme,"07W102","07",Tempelhof-Schöneberg,"102",W,1A,1,81,W,1197,821,376,0,414,10,413,1,94,139,88,40,24,20,5,0,0,0,0,0,0,0,0,0,0,0,0,0,0,0,0,0,0,0,0,0,0,3,0,0,0,0,0,0,0,0,0,0,0,0,0,0,0,0,0,0
Erststimme,"07W103","07",Tempelhof-Schöneberg,"103",W,1B,1,81,W,1098,756,342,0,383,5,379,3,77,117,101,27,19,23,2,0,6,0,0,0,0,0,0,0,0,0,0,2,0,0,0,0,0,0,0,0,0,5,0,0,0,0,0,0,0,0,0,0,0,0,0,0,0,0,0,0
Erststimme,"07W104","07",Tempelhof-Schöneberg,"104",W,1C,1,81,W,1314,885,429,0,469,7,460,5,106,103,162,45,15,16,4,0,4,0,0,0,0,0,0,0,0,0,0,1,0,0,0,0,0,0,0,0,0,4,0,0,0,0,0,0,0,0,0,0,0,0,0,0,0,0,0,0
Erststimme,"07W105","07",Tempelhof-Schöneberg,"105",W,1D,1,81,W,1192,757,435,0,437,5,432,4,79,68,181,64,12,19,3,0,1,0,0,0,0,0,0,0,0,0,0,3,0,0,0,0,0,0,0,0,0,2,0,0,0,0,0,0,0,0,0,0,0,0,0,0,0,0,0,0
Erststimme,"07W106","07",Tempelhof-Schöneberg,"106",W,1E,1,81,W,1133,870,263,0,397,6,394,3,83,65,116,62,31,10,13,0,7,0,0,0,0,0,0,0,0,0,0,3,0,0,0,0,0,0,0,0,0,4,0,0,0,0,0,0,0,0,0,0,0,0,0,0,0,0,0,0
Erststimme,"07W107","07",Tempelhof-Schöneberg,"107",W,1F,1,81,W,1270,910,360,0,399,7,392,7,76,73,133,52,17,17,12,0,3,0,0,0,0,0,0,0,0,0,0,8,0,0,0,0,0,0,0,0,0,1,0,0,0,0,0,0,0,0,0,0,0,0,0,0,0,0,0,0
Erststimme,"07W108","07",Tempelhof-Schöneberg,"108",W,1G,1,81,W,1236,941,295,0,414,13,405,9,82,79,138,65,10,14,6,0,6,0,0,0,0,0,0,0,0,0,0,3,0,0,0,0,0,0,0,0,0,2,0,0,0,0,0,0,0,0,0,0,0,0,0,0,0,0,0,0
Erststimme,"07W109","07",Tempelhof-Schöneberg,"109",W,1G,1,81,W,976,578,398,0,366,4,364,2,78,63,144,38,16,7,7,0,3,0,0,0,0,0,0,0,0,0,0,5,0,0,0,0,0,0,0,0,0,3,0,0,0,0,0,0,0,0,0,0,0,0,0,0,0,0,0,0
Erststimme,"07W110","07",Tempelhof-Schöneberg,"110",W,1H,1,81,W,1235,817,418,0,480,3,475,5,95,73,180,64,18,19,9,0,3,0,0,0,0,0,0,0,0,0,0,10,0,0,0,0,0,0,0,0,0,4,0,0,0,0,0,0,0,0,0,0,0,0,0,0,0,0,0,0
Erststimme,"07W111","07",Tempelhof-Schöneberg,"111",W,1I,1,81,W,1192,769,423,0,442,5,437,5,91,87,147,57,24,15,10,0,3,0,0,0,0,0,0,0,0,0,0,0,0,0,0,0,0,0,0,0,0,3,0,0,0,0,0,0,0,0,0,0,0,0,0,0,0,0,0,0
Erststimme,"07W112","07",Tempelhof-Schöneberg,"112",W,1K,1,81,W,1136,663,473,0,460,5,458,2,101,47,208,62,9,9,12,0,2,0,0,0,0,0,0,0,0,0,0,6,0,0,0,0,0,0,0,0,0,2,0,0,0,0,0,0,0,0,0,0,0,0,0,0,0,0,0,0
Erststimme,"07W113","07",Tempelhof-Schöneberg,"113",W,1L,1,81,W,1184,733,451,0,494,8,492,2,114,76,205,45,16,15,8,0,4,0,0,0,0,0,0,0,0,0,0,9,0,0,0,0,0,0,0,0,0,0,0,0,0,0,0,0,0,0,0,0,0,0,0,0,0,0,0,0
Erststimme,"07W114","07",Tempelhof-Schöneberg,"114",W,1M,1,81,W,1328,872,456,0,494,9,491,3,92,109,179,54,27,14,9,0,3,0,0,0,0,0,0,0,0,0,0,3,0,0,0,0,0,0,0,0,0,1,0,0,0,0,0,0,0,0,0,0,0,0,0,0,0,0,0,0
Erststimme,"07W115","07",Tempelhof-Schöneberg,"115",W,1N,1,81,W,1121,760,361,0,389,1,383,6,93,96,97,35,25,19,9,0,5,0,0,0,0,0,0,0,0,0,0,1,0,0,0,0,0,0,0,0,0,3,0,0,0,0,0,0,0,0,0,0,0,0,0,0,0,0,0,0
Erststimme,"07W116","07",Tempelhof-Schöneberg,"116",W,1P,1,81,W,1108,659,449,0,356,3,354,2,82,82,105,34,24,15,3,0,2,0,0,0,0,0,0,0,0,0,0,5,0,0,0,0,0,0,0,0,0,2,0,0,0,0,0,0,0,0,0,0,0,0,0,0,0,0,0,0
Erststimme,"07W117","07",Tempelhof-Schöneberg,"117",W,1R,1,81,W,1126,654,472,0,384,7,382,2,74,115,101,33,16,24,6,0,6,0,0,0,0,0,0,0,0,0,0,4,0,0,0,0,0,0,0,0,0,3,0,0,0,0,0,0,0,0,0,0,0,0,0,0,0,0,0,0
Erststimme,"07W118","07",Tempelhof-Schöneberg,"118",W,1P,1,81,W,646,367,279,0,234,3,234,0,43,50,92,23,6,13,4,0,1,0,0,0,0,0,0,0,0,0,0,1,0,0,0,0,0,0,0,0,0,1,0,0,0,0,0,0,0,0,0,0,0,0,0,0,0,0,0,0
Erststimme,"07W119","07",Tempelhof-Schöneberg,"119",W,1E,1,81,W,1135,829,306,0,312,4,309,2,69,98,56,41,25,12,6,0,0,0,0,0,0,0,0,0,0,0,0,1,0,0,0,0,0,0,0,0,0,1,0,0,0,0,0,0,0,0,0,0,0,0,0,0,0,0,0,0
Erststimme,"07W120","07",Tempelhof-Schöneberg,"120",W,1N,1,81,W,1148,747,401,0,394,9,392,2,81,85,120,55,24,19,5,0,1,0,0,0,0,0,0,0,0,0,0,0,0,0,0,0,0,0,0,0,0,2,0,0,0,0,0,0,0,0,0,0,0,0,0,0,0,0,0,0
Erststimme,"07W121","07",Tempelhof-Schöneberg,"121",W,1D,1,81,W,1226,826,400,0,422,2,415,7,106,108,104,38,26,13,9,0,0,0,0,0,0,0,0,0,0,0,0,5,0,0,0,0,0,0,0,0,0,6,0,0,0,0,0,0,0,0,0,0,0,0,0,0,0,0,0,0
Erststimme,"07W122","07",Tempelhof-Schöneberg,"122",W,1S,1,81,W,1302,854,448,0,428,7,423,5,90,134,115,30,19,20,10,0,1,0,0,0,0,0,0,0,0,0,0,2,0,0,0,0,0,0,0,0,0,2,0,0,0,0,0,0,0,0,0,0,0,0,0,0,0,0,0,0
Erststimme,"07W123","07",Tempelhof-Schöneberg,"123",W,1T,1,81,W,1096,693,403,0,383,14,380,3,79,56,154,57,14,16,2,0,1,0,0,0,0,0,0,0,0,0,0,0,0,0,0,0,0,0,0,0,0,1,0,0,0,0,0,0,0,0,0,0,0,0,0,0,0,0,0,0
Erststimme,"07W124","07",Tempelhof-Schöneberg,"124",W,1U,1,81,W,1153,737,416,0,459,10,457,2,89,62,178,74,29,8,4,0,4,0,0,0,0,0,0,0,0,0,0,3,0,0,0,0,0,0,0,0,0,6,0,0,0,0,0,0,0,0,0,0,0,0,0,0,0,0,0,0
Erststimme,"07W125","07",Tempelhof-Schöneberg,"125",W,1V,1,81,W,1127,830,297,0,392,5,389,3,73,73,137,63,12,15,11,0,3,0,0,0,0,0,0,0,0,0,0,2,0,0,0,0,0,0,0,0,0,0,0,0,0,0,0,0,0,0,0,0,0,0,0,0,0,0,0,0
Erststimme,"07W126","07",Tempelhof-Schöneberg,"126",W,1F,1,81,W,1173,905,268,0,305,5,302,3,61,77,76,47,17,10,9,0,3,0,0,0,0,0,0,0,0,0,0,1,0,0,0,0,0,0,0,0,0,1,0,0,0,0,0,0,0,0,0,0,0,0,0,0,0,0,0,0
Erststimme,"07W127","07",Tempelhof-Schöneberg,"127",W,1V,1,81,W,1155,847,308,0,412,7,409,3,73,57,159,82,13,10,11,0,2,0,0,0,0,0,0,0,0,0,0,1,0,0,0,0,0,0,0,0,0,1,0,0,0,0,0,0,0,0,0,0,0,0,0,0,0,0,0,0
Erststimme,"07W128","07",Tempelhof-Schöneberg,"128",W,1W,1,81,W,1212,910,302,0,453,9,444,8,69,84,144,93,19,15,9,0,2,0,0,0,0,0,0,0,0,0,0,5,0,0,0,0,0,0,0,0,0,4,0,0,0,0,0,0,0,0,0,0,0,0,0,0,0,0,0,0
Erststimme,"07W129","07",Tempelhof-Schöneberg,"129",W,1W,1,81,W,1240,751,489,0,410,12,408,2,86,50,158,71,9,14,12,0,3,0,0,0,0,0,0,0,0,0,0,4,0,0,0,0,0,0,0,0,0,1,0,0,0,0,0,0,0,0,0,0,0,0,0,0,0,0,0,0
Erststimme,"07B1A","07",Tempelhof-Schöneberg,1A,B,1A,1,81,W,0,0,0,0,650,650,649,0,151,216,156,45,20,41,13,0,1,0,0,0,0,0,0,0,0,0,0,5,0,0,0,0,0,0,0,0,0,1,0,0,0,0,0,0,0,0,0,0,0,0,0,0,0,0,0,0
Erststimme,"07B1B","07",Tempelhof-Schöneberg,1B,B,1B,1,81,W,0,0,0,0,291,291,288,3,62,99,76,12,11,20,2,0,2,0,0,0,0,0,0,0,0,0,0,3,0,0,0,0,0,0,0,0,0,1,0,0,0,0,0,0,0,0,0,0,0,0,0,0,0,0,0,0
Erststimme,"07B1C","07",Tempelhof-Schöneberg,1C,B,1C,1,81,W,0,0,0,0,386,386,381,5,72,121,112,26,13,26,5,0,1,0,0,0,0,0,0,0,0,0,0,0,0,0,0,0,0,0,0,0,0,5,0,0,0,0,0,0,0,0,0,0,0,0,0,0,0,0,0,0
Erststimme,"07B1D","07",Tempelhof-Schöneberg,1D,B,1D,1,81,W,0,0,0,0,747,747,741,5,147,171,277,60,27,33,12,0,3,0,0,0,0,0,0,0,0,0,0,1,0,0,0,0,0,0,0,0,0,10,0,0,0,0,0,0,0,0,0,0,0,0,0,0,0,0,0,0
Erststimme,"07B1E","07",Tempelhof-Schöneberg,1E,B,1E,1,81,W,0,0,0,0,488,488,486,1,117,114,141,47,31,24,2,0,4,0,0,0,0,0,0,0,0,0,0,2,0,0,0,0,0,0,0,0,0,4,0,0,0,0,0,0,0,0,0,0,0,0,0,0,0,0,0,0
Erststimme,"07B1F","07",Tempelhof-Schöneberg,1F,B,1F,1,81,W,0,0,0,0,555,555,552,3,122,95,206,65,15,21,13,0,5,0,0,0,0,0,0,0,0,0,0,6,0,0,0,0,0,0,0,0,0,4,0,0,0,0,0,0,0,0,0,0,0,0,0,0,0,0,0,0
Erststimme,"07B1G","07",Tempelhof-Schöneberg,1G,B,1G,1,81,W,0,0,0,0,613,613,609,0,132,129,234,51,16,27,10,0,4,0,0,0,0,0,0,0,0,0,0,2,0,0,0,0,0,0,0,0,0,4,0,0,0,0,0,0,0,0,0,0,0,0,0,0,0,0,0,0
Erststimme,"07B1H","07",Tempelhof-Schöneberg,1H,B,1H,1,81,W,0,0,0,0,387,387,386,1,74,88,146,42,6,17,9,0,2,0,0,0,0,0,0,0,0,0,0,0,0,0,0,0,0,0,0,0,0,2,0,0,0,0,0,0,0,0,0,0,0,0,0,0,0,0,0,0
Erststimme,"07B1I","07",Tempelhof-Schöneberg,1I,B,1I,1,81,W,0,0,0,0,381,381,377,4,92,76,140,33,13,10,8,0,0,0,0,0,0,0,0,0,0,0,0,3,0,0,0,0,0,0,0,0,0,2,0,0,0,0,0,0,0,0,0,0,0,0,0,0,0,0,0,0
Erststimme,"07B1K","07",Tempelhof-Schöneberg,1K,B,1K,1,81,W,0,0,0,0,431,431,431,0,78,67,214,42,6,9,9,0,3,0,0,0,0,0,0,0,0,0,0,3,0,0,0,0,0,0,0,0,0,0,0,0,0,0,0,0,0,0,0,0,0,0,0,0,0,0,0,0
Erststimme,"07B1L","07",Tempelhof-Schöneberg,1L,B,1L,1,81,W,0,0,0,0,422,422,419,3,73,100,178,29,10,26,3,0,0,0,0,0,0,0,0,0,0,0,0,0,0,0,0,0,0,0,0,0,0,0,0,0,0,0,0,0,0,0,0,0,0,0,0,0,0,0,0,0
Erststimme,"07B1M","07",Tempelhof-Schöneberg,1M,B,1M,1,81,W,0,0,0,0,402,402,400,2,94,88,139,25,7,25,9,0,9,0,0,0,0,0,0,0,0,0,0,4,0,0,0,0,0,0,0,0,0,0,0,0,0,0,0,0,0,0,0,0,0,0,0,0,0,0,0,0
Erststimme,"07B1N","07",Tempelhof-Schöneberg,1N,B,1N,1,81,W,0,0,0,0,683,683,679,4,164,184,187,64,25,31,15,0,1,0,0,0,0,0,0,0,0,0,0,3,0,0,0,0,0,0,0,0,0,5,0,0,0,0,0,0,0,0,0,0,0,0,0,0,0,0,0,0
Erststimme,"07B1P","07",Tempelhof-Schöneberg,1P,B,1P,1,81,W,0,0,0,0,652,652,648,2,136,179,228,42,16,30,7,0,2,0,0,0,0,0,0,0,0,0,0,1,0,0,0,0,0,0,0,0,0,7,0,0,0,0,0,0,0,0,0,0,0,0,0,0,0,0,0,0
Erststimme,"07B1R","07",Tempelhof-Schöneberg,1R,B,1R,1,81,W,0,0,0,0,435,435,433,1,107,153,107,20,15,19,4,0,3,0,0,0,0,0,0,0,0,0,0,1,0,0,0,0,0,0,0,0,0,4,0,0,0,0,0,0,0,0,0,0,0,0,0,0,0,0,0,0
Erststimme,"07B1S","07",Tempelhof-Schöneberg,1S,B,1S,1,81,W,0,0,0,0,406,406,403,3,76,127,138,20,15,25,0,0,0,0,0,0,0,0,0,0,0,0,0,1,0,0,0,0,0,0,0,0,0,1,0,0,0,0,0,0,0,0,0,0,0,0,0,0,0,0,0,0
Erststimme,"07B1T","07",Tempelhof-Schöneberg,1T,B,1T,1,81,W,0,0,0,0,344,344,342,1,66,52,149,47,7,9,6,0,3,0,0,0,0,0,0,0,0,0,0,1,0,0,0,0,0,0,0,0,0,2,0,0,0,0,0,0,0,0,0,0,0,0,0,0,0,0,0,0
Erststimme,"07B1U","07",Tempelhof-Schöneberg,1U,B,1U,1,81,W,0,0,0,0,364,364,362,2,66,71,166,40,4,6,4,0,0,0,0,0,0,0,0,0,0,0,0,2,0,0,0,0,0,0,0,0,0,3,0,0,0,0,0,0,0,0,0,0,0,0,0,0,0,0,0,0
Erststimme,"07B1V","07",Tempelhof-Schöneberg,1V,B,1V,1,81,W,0,0,0,0,545,545,539,3,99,81,250,68,11,11,7,0,5,0,0,0,0,0,0,0,0,0,0,4,0,0,0,0,0,0,0,0,0,3,0,0,0,0,0,0,0,0,0,0,0,0,0,0,0,0,0,0
Erststimme,"07B1W","07",Tempelhof-Schöneberg,1W,B,1W,1,81,W,0,0,0,0,721,721,711,7,139,92,297,116,14,22,16,0,6,0,0,0,0,0,0,0,0,0,0,5,0,0,0,0,0,0,0,0,0,4,0,0,0,0,0,0,0,0,0,0,0,0,0,0,0,0,0,0
Erststimme,"07W201","07",Tempelhof-Schöneberg,"201",W,2A,2,81,W,1229,684,545,0,442,1,440,2,114,115,116,45,14,7,8,11,0,0,0,0,0,0,0,0,0,0,0,10,0,0,0,0,0,0,0,0,0,0,0,0,0,0,0,0,0,0,0,0,0,0,0,0,0,0,0,0
Erststimme,"07W202","07",Tempelhof-Schöneberg,"202",W,2B,2,81,W,1105,670,435,0,300,1,296,3,82,63,77,30,22,7,6,3,0,0,0,0,0,0,0,0,0,0,0,4,0,0,0,0,0,0,0,0,0,2,0,0,0,0,0,0,0,0,0,0,0,0,0,0,0,0,0,0
Erststimme,"07W203","07",Tempelhof-Schöneberg,"203",W,2C,2,81,W,1102,612,490,0,381,2,375,2,76,77,135,34,27,13,5,4,0,0,0,0,0,0,0,0,0,0,0,2,0,0,0,0,0,0,0,0,0,2,0,0,0,0,0,0,0,0,0,0,0,0,0,0,0,0,0,0
Erststimme,"07W204","07",Tempelhof-Schöneberg,"204",W,2D,2,81,W,1191,801,390,0,560,1,558,2,118,94,225,66,16,20,3,12,0,0,0,0,0,0,0,0,0,0,0,3,0,0,0,0,0,0,0,0,0,1,0,0,0,0,0,0,0,0,0,0,0,0,0,0,0,0,0,0
Erststimme,"07W205","07",Tempelhof-Schöneberg,"205",W,2E,2,81,W,1342,890,452,0,555,9,551,4,124,74,234,66,10,14,11,12,0,0,0,0,0,0,0,0,0,0,0,6,0,0,0,0,0,0,0,0,0,0,0,0,0,0,0,0,0,0,0,0,0,0,0,0,0,0,0,0
Erststimme,"07W206","07",Tempelhof-Schöneberg,"206",W,2F,2,81,W,1060,659,401,0,393,3,391,2,79,65,151,49,13,17,3,8,0,0,0,0,0,0,0,0,0,0,0,6,0,0,0,0,0,0,0,0,0,0,0,0,0,0,0,0,0,0,0,0,0,0,0,0,0,0,0,0
Erststimme,"07W207","07",Tempelhof-Schöneberg,"207",W,2G,2,81,W,1246,773,473,0,377,5,373,4,88,84,99,35,22,18,9,10,0,0,0,0,0,0,0,0,0,0,0,4,0,0,0,0,0,0,0,0,0,4,0,0,0,0,0,0,0,0,0,0,0,0,0,0,0,0,0,0
Erststimme,"07W208","07",Tempelhof-Schöneberg,"208",W,2H,2,81,W,1142,806,336,0,355,5,352,3,85,50,124,47,13,11,7,7,0,0,0,0,0,0,0,0,0,0,0,5,0,0,0,0,0,0,0,0,0,3,0,0,0,0,0,0,0,0,0,0,0,0,0,0,0,0,0,0
Erststimme,"07W209","07",Tempelhof-Schöneberg,"209",W,2G,2,81,W,996,588,408,0,340,0,337,3,73,75,109,45,14,8,4,6,0,0,0,0,0,0,0,0,0,0,0,3,0,0,0,0,0,0,0,0,0,0,0,0,0,0,0,0,0,0,0,0,0,0,0,0,0,0,0,0
Erststimme,"07W210","07",Tempelhof-Schöneberg,"210",W,2I,2,81,W,1113,783,330,0,382,2,382,0,95,92,108,47,9,12,5,10,0,0,0,0,0,0,0,0,0,0,0,3,0,0,0,0,0,0,0,0,0,1,0,0,0,0,0,0,0,0,0,0,0,0,0,0,0,0,0,0
Erststimme,"07W211","07",Tempelhof-Schöneberg,"211",W,2I,2,81,W,1127,769,358,0,448,11,443,4,84,60,172,62,14,21,14,11,0,0,0,0,0,0,0,0,0,0,0,4,0,0,0,0,0,0,0,0,0,1,0,0,0,0,0,0,0,0,0,0,0,0,0,0,0,0,0,0
Erststimme,"07W212","07",Tempelhof-Schöneberg,"212",W,2K,2,81,W,1171,766,405,0,401,6,400,1,76,38,173,62,17,9,8,8,0,0,0,0,0,0,0,0,0,0,0,3,0,0,0,0,0,0,0,0,0,6,0,0,0,0,0,0,0,0,0,0,0,0,0,0,0,0,0,0
Erststimme,"07W213","07",Tempelhof-Schöneberg,"213",W,2K,2,81,W,1076,727,349,0,307,4,301,6,90,88,52,31,21,8,2,9,0,0,0,0,0,0,0,0,0,0,0,0,0,0,0,0,0,0,0,0,0,0,0,0,0,0,0,0,0,0,0,0,0,0,0,0,0,0,0,0
Erststimme,"07W214","07",Tempelhof-Schöneberg,"214",W,2L,2,81,W,1280,805,475,0,534,17,416,116,89,49,184,55,11,10,7,6,0,0,0,0,0,0,0,0,0,0,0,4,0,0,0,0,0,0,0,0,0,1,0,0,0,0,0,0,0,0,0,0,0,0,0,0,0,0,0,0
Erststimme,"07W215","07",Tempelhof-Schöneberg,"215",W,2M,2,81,W,1118,806,312,0,382,2,379,3,102,46,122,64,15,12,4,10,0,0,0,0,0,0,0,0,0,0,0,1,0,0,0,0,0,0,0,0,0,3,0,0,0,0,0,0,0,0,0,0,0,0,0,0,0,0,0,0
Erststimme,"07W216","07",Tempelhof-Schöneberg,"216",W,2N,2,81,W,1212,704,508,0,366,7,365,1,81,32,170,48,5,11,9,4,0,0,0,0,0,0,0,0,0,0,0,5,0,0,0,0,0,0,0,0,0,0,0,0,0,0,0,0,0,0,0,0,0,0,0,0,0,0,0,0
Erststimme,"07W217","07",Tempelhof-Schöneberg,"217",W,2M,2,81,W,1246,871,375,0,406,3,400,6,78,39,163,75,16,9,6,8,0,0,0,0,0,0,0,0,0,0,0,2,0,0,0,0,0,0,0,0,0,4,0,0,0,0,0,0,0,0,0,0,0,0,0,0,0,0,0,0
Erststimme,"07W218","07",Tempelhof-Schöneberg,"218",W,2N,2,81,W,1141,670,471,0,368,9,366,2,78,42,146,65,10,8,5,8,0,0,0,0,0,0,0,0,0,0,0,3,0,0,0,0,0,0,0,0,0,1,0,0,0,0,0,0,0,0,0,0,0,0,0,0,0,0,0,0
Erststimme,"07W219","07",Tempelhof-Schöneberg,"219",W,2P,2,81,W,1000,618,382,0,363,4,360,3,75,39,136,73,10,6,9,9,0,0,0,0,0,0,0,0,0,0,0,2,0,0,0,0,0,0,0,0,0,1,0,0,0,0,0,0,0,0,0,0,0,0,0,0,0,0,0,0
Erststimme,"07W220","07",Tempelhof-Schöneberg,"220",W,2P,2,81,W,1179,762,417,0,456,9,454,2,96,56,212,42,6,16,11,10,0,0,0,0,0,0,0,0,0,0,0,5,0,0,0,0,0,0,0,0,0,0,0,0,0,0,0,0,0,0,0,0,0,0,0,0,0,0,0,0
Erststimme,"07W221","07",Tempelhof-Schöneberg,"221",W,2R,2,81,W,1014,808,206,0,346,5,342,4,97,84,56,40,33,6,4,15,0,0,0,0,0,0,0,0,0,0,0,5,0,0,0,0,0,0,0,0,0,2,0,0,0,0,0,0,0,0,0,0,0,0,0,0,0,0,0,0
Erststimme,"07W222","07",Tempelhof-Schöneberg,"222",W,2R,2,81,W,1202,775,427,0,385,7,380,5,91,121,70,37,29,11,6,10,0,0,0,0,0,0,0,0,0,0,0,1,0,0,0,0,0,0,0,0,0,4,0,0,0,0,0,0,0,0,0,0,0,0,0,0,0,0,0,0
Erststimme,"07W223","07",Tempelhof-Schöneberg,"223",W,2S,2,81,W,1061,752,309,0,327,6,323,4,82,73,63,39,37,16,3,8,0,0,0,0,0,0,0,0,0,0,0,0,0,0,0,0,0,0,0,0,0,2,0,0,0,0,0,0,0,0,0,0,0,0,0,0,0,0,0,0
Erststimme,"07W224","07",Tempelhof-Schöneberg,"224",W,2S,2,81,W,1587,1055,532,0,423,7,416,7,79,79,157,51,14,14,12,5,0,0,0,0,0,0,0,0,0,0,0,3,0,0,0,0,0,0,0,0,0,2,0,0,0,0,0,0,0,0,0,0,0,0,0,0,0,0,0,0
Erststimme,"07W225","07",Tempelhof-Schöneberg,"225",W,2T,2,81,W,1270,837,433,0,541,8,537,4,104,53,249,69,18,11,11,16,0,0,0,0,0,0,0,0,0,0,0,6,0,0,0,0,0,0,0,0,0,0,0,0,0,0,0,0,0,0,0,0,0,0,0,0,0,0,0,0
Erststimme,"07W226","07",Tempelhof-Schöneberg,"226",W,2U,2,81,W,1071,658,413,0,414,13,410,4,76,54,162,58,22,9,11,17,0,0,0,0,0,0,0,0,0,0,0,1,0,0,0,0,0,0,0,0,0,0,0,0,0,0,0,0,0,0,0,0,0,0,0,0,0,0,0,0
Erststimme,"07W227","07",Tempelhof-Schöneberg,"227",W,2H,2,81,W,1122,844,278,0,316,10,313,3,79,35,108,41,25,9,8,6,0,0,0,0,0,0,0,0,0,0,0,2,0,0,0,0,0,0,0,0,0,0,0,0,0,0,0,0,0,0,0,0,0,0,0,0,0,0,0,0
Erststimme,"07W228","07",Tempelhof-Schöneberg,"228",W,2V,2,81,W,1146,721,425,0,455,12,453,2,97,45,197,63,14,8,13,8,0,0,0,0,0,0,0,0,0,0,0,5,0,0,0,0,0,0,0,0,0,3,0,0,0,0,0,0,0,0,0,0,0,0,0,0,0,0,0,0
Erststimme,"07B2A","07",Tempelhof-Schöneberg,2A,B,2A,2,81,W,0,0,0,0,506,506,501,4,117,142,141,33,22,26,5,7,0,0,0,0,0,0,0,0,0,0,0,2,0,0,0,0,0,0,0,0,0,6,0,0,0,0,0,0,0,0,0,0,0,0,0,0,0,0,0,0
Erststimme,"07B2B","07",Tempelhof-Schöneberg,2B,B,2B,2,81,W,0,0,0,0,383,383,378,5,84,121,111,24,15,7,4,10,0,0,0,0,0,0,0,0,0,0,0,2,0,0,0,0,0,0,0,0,0,0,0,0,0,0,0,0,0,0,0,0,0,0,0,0,0,0,0,0
Erststimme,"07B2C","07",Tempelhof-Schöneberg,2C,B,2C,2,81,W,0,0,0,0,440,440,432,6,105,116,147,37,8,9,2,5,0,0,0,0,0,0,0,0,0,0,0,1,0,0,0,0,0,0,0,0,0,2,0,0,0,0,0,0,0,0,0,0,0,0,0,0,0,0,0,0
Erststimme,"07B2D","07",Tempelhof-Schöneberg,2D,B,2D,2,81,W,0,0,0,0,369,369,367,2,75,66,147,40,11,8,7,6,0,0,0,0,0,0,0,0,0,0,0,3,0,0,0,0,0,0,0,0,0,4,0,0,0,0,0,0,0,0,0,0,0,0,0,0,0,0,0,0
Erststimme,"07B2E","07",Tempelhof-Schöneberg,2E,B,2E,2,81,W,0,0,0,0,411,411,407,3,97,56,184,34,6,18,5,4,0,0,0,0,0,0,0,0,0,0,0,1,0,0,0,0,0,0,0,0,0,2,0,0,0,0,0,0,0,0,0,0,0,0,0,0,0,0,0,0
Erststimme,"07B2F","07",Tempelhof-Schöneberg,2F,B,2F,2,81,W,0,0,0,0,363,363,363,0,85,68,159,34,1,5,2,6,0,0,0,0,0,0,0,0,0,0,0,2,0,0,0,0,0,0,0,0,0,1,0,0,0,0,0,0,0,0,0,0,0,0,0,0,0,0,0,0
Erststimme,"07B2G","07",Tempelhof-Schöneberg,2G,B,2G,2,81,W,0,0,0,0,813,813,810,3,197,231,243,60,28,23,10,15,0,0,0,0,0,0,0,0,0,0,0,0,0,0,0,0,0,0,0,0,0,3,0,0,0,0,0,0,0,0,0,0,0,0,0,0,0,0,0,0
Erststimme,"07B2H","07",Tempelhof-Schöneberg,2H,B,2H,2,81,W,0,0,0,0,545,545,542,2,127,103,193,57,18,15,8,16,0,0,0,0,0,0,0,0,0,0,0,2,0,0,0,0,0,0,0,0,0,3,0,0,0,0,0,0,0,0,0,0,0,0,0,0,0,0,0,0
Erststimme,"07B2I","07",Tempelhof-Schöneberg,2I,B,2I,2,81,W,0,0,0,0,622,622,615,5,140,104,232,66,11,28,14,10,0,0,0,0,0,0,0,0,0,0,0,3,0,0,0,0,0,0,0,0,0,7,0,0,0,0,0,0,0,0,0,0,0,0,0,0,0,0,0,0
Erststimme,"07B2K","07",Tempelhof-Schöneberg,2K,B,2K,2,81,W,0,0,0,0,676,676,674,2,152,135,241,74,22,23,16,9,0,0,0,0,0,0,0,0,0,0,0,1,0,0,0,0,0,0,0,0,0,1,0,0,0,0,0,0,0,0,0,0,0,0,0,0,0,0,0,0
Erststimme,"07B2L","07",Tempelhof-Schöneberg,2L,B,2L,2,81,W,0,0,0,0,431,431,426,5,87,71,186,49,6,11,7,5,0,0,0,0,0,0,0,0,0,0,0,1,0,0,0,0,0,0,0,0,0,3,0,0,0,0,0,0,0,0,0,0,0,0,0,0,0,0,0,0
Erststimme,"07B2M","07",Tempelhof-Schöneberg,2M,B,2M,2,81,W,0,0,0,0,611,611,609,1,129,103,232,75,12,25,11,13,0,0,0,0,0,0,0,0,0,0,0,4,0,0,0,0,0,0,0,0,0,5,0,0,0,0,0,0,0,0,0,0,0,0,0,0,0,0,0,0
Erststimme,"07B2N","07",Tempelhof-Schöneberg,2N,B,2N,2,81,W,0,0,0,0,881,881,880,1,171,123,396,97,24,21,22,16,0,0,0,0,0,0,0,0,0,0,0,5,0,0,0,0,0,0,0,0,0,5,0,0,0,0,0,0,0,0,0,0,0,0,0,0,0,0,0,0
Erststimme,"07B2P","07",Tempelhof-Schöneberg,2P,B,2P,2,81,W,0,0,0,0,713,713,709,4,127,71,357,78,14,15,19,15,0,0,0,0,0,0,0,0,0,0,0,9,0,0,0,0,0,0,0,0,0,4,0,0,0,0,0,0,0,0,0,0,0,0,0,0,0,0,0,0
Erststimme,"07B2R","07",Tempelhof-Schöneberg,2R,B,2R,2,81,W,0,0,0,0,559,559,557,2,132,163,114,37,28,24,15,36,0,0,0,0,0,0,0,0,0,0,0,4,0,0,0,0,0,0,0,0,0,4,0,0,0,0,0,0,0,0,0,0,0,0,0,0,0,0,0,0
Erststimme,"07B2S","07",Tempelhof-Schöneberg,2S,B,2S,2,81,W,0,0,0,0,734,734,732,2,147,139,267,59,42,30,17,24,0,0,0,0,0,0,0,0,0,0,0,5,0,0,0,0,0,0,0,0,0,2,0,0,0,0,0,0,0,0,0,0,0,0,0,0,0,0,0,0
Erststimme,"07B2T","07",Tempelhof-Schöneberg,2T,B,2T,2,81,W,0,0,0,0,377,377,376,1,70,32,180,48,13,4,12,9,0,0,0,0,0,0,0,0,0,0,0,6,0,0,0,0,0,0,0,0,0,2,0,0,0,0,0,0,0,0,0,0,0,0,0,0,0,0,0,0
Erststimme,"07B2U","07",Tempelhof-Schöneberg,2U,B,2U,2,81,W,0,0,0,0,368,368,367,1,73,45,169,43,8,8,8,5,0,0,0,0,0,0,0,0,0,0,0,6,0,0,0,0,0,0,0,0,0,2,0,0,0,0,0,0,0,0,0,0,0,0,0,0,0,0,0,0
Erststimme,"07B2V","07",Tempelhof-Schöneberg,2V,B,2V,2,81,W,0,0,0,0,374,374,371,3,74,48,161,42,8,12,11,11,0,0,0,0,0,0,0,0,0,0,0,2,0,0,0,0,0,0,0,0,0,2,0,0,0,0,0,0,0,0,0,0,0,0,0,0,0,0,0,0
Erststimme,"07W301","07",Tempelhof-Schöneberg,"301",W,3A,3,81,W,1062,677,385,0,431,3,426,5,126,88,132,30,12,13,7,8,4,0,0,0,0,0,0,0,0,0,0,5,0,0,0,0,0,0,0,0,0,1,0,0,0,0,0,0,0,0,0,0,0,0,0,0,0,0,0,0
Erststimme,"07W302","07",Tempelhof-Schöneberg,"302",W,3B,3,81,W,1171,707,464,0,477,5,475,2,150,88,153,37,15,19,5,5,0,0,0,0,0,0,0,0,0,0,0,2,0,0,0,0,0,0,0,0,0,1,0,0,0,0,0,0,0,0,0,0,0,0,0,0,0,0,0,0
Erststimme,"07W303","07",Tempelhof-Schöneberg,"303",W,3C,3,81,W,1183,779,404,0,518,13,514,4,181,97,160,28,11,14,4,8,1,0,0,0,0,0,0,0,0,0,0,8,0,0,0,0,0,0,0,0,0,2,0,0,0,0,0,0,0,0,0,0,0,0,0,0,0,0,0,0
Erststimme,"07W304","07",Tempelhof-Schöneberg,"304",W,3D,3,81,W,1196,746,450,0,516,2,514,2,155,106,159,39,21,12,7,9,2,0,0,0,0,0,0,0,0,0,0,4,0,0,0,0,0,0,0,0,0,0,0,0,0,0,0,0,0,0,0,0,0,0,0,0,0,0,0,0
Erststimme,"07W305","07",Tempelhof-Schöneberg,"305",W,3E,3,81,W,1107,654,453,0,448,18,444,4,132,95,139,23,19,10,5,12,2,0,0,0,0,0,0,0,0,0,0,5,0,0,0,0,0,0,0,0,0,2,0,0,0,0,0,0,0,0,0,0,0,0,0,0,0,0,0,0
Erststimme,"07W306","07",Tempelhof-Schöneberg,"306",W,3F,3,81,W,1092,647,445,0,444,8,443,1,124,105,137,33,15,7,4,4,5,0,0,0,0,0,0,0,0,0,3,2,0,0,0,0,0,0,0,0,0,4,0,0,0,0,0,0,0,0,0,0,0,0,0,0,0,0,0,0
Erststimme,"07W307","07",Tempelhof-Schöneberg,"307",W,3G,3,81,W,1113,658,455,0,425,7,416,9,123,92,120,29,14,19,3,7,2,0,0,0,0,0,0,0,0,0,1,6,0,0,0,0,0,0,0,0,0,0,0,0,0,0,0,0,0,0,0,0,0,0,0,0,0,0,0,0
Erststimme,"07W308","07",Tempelhof-Schöneberg,"308",W,3A,3,81,W,1032,575,457,0,417,14,415,2,138,74,127,31,12,13,5,8,4,0,0,0,0,0,0,0,0,0,0,1,0,0,0,0,0,0,0,0,0,2,0,0,0,0,0,0,0,0,0,0,0,0,0,0,0,0,0,0
Erststimme,"07W309","07",Tempelhof-Schöneberg,"309",W,3H,3,81,W,1095,661,434,0,457,8,455,2,144,84,144,17,20,17,11,10,1,0,0,0,0,0,0,0,0,0,0,7,0,0,0,0,0,0,0,0,0,0,0,0,0,0,0,0,0,0,0,0,0,0,0,0,0,0,0,0
Erststimme,"07W310","07",Tempelhof-Schöneberg,"310",W,3I,3,81,W,1108,600,508,0,433,13,430,1,139,109,117,25,12,13,3,3,2,0,0,0,0,0,0,0,0,0,0,7,0,0,0,0,0,0,0,0,0,0,0,0,0,0,0,0,0,0,0,0,0,0,0,0,0,0,0,0
Erststimme,"07W311","07",Tempelhof-Schöneberg,"311",W,3K,3,81,W,1472,944,528,0,562,6,558,4,184,123,163,44,7,15,3,7,2,0,0,0,0,0,0,0,0,0,1,6,0,0,0,0,0,0,0,0,0,3,0,0,0,0,0,0,0,0,0,0,0,0,0,0,0,0,0,0
Erststimme,"07W312","07",Tempelhof-Schöneberg,"312",W,3L,3,81,W,1127,639,488,0,443,8,440,3,165,86,117,35,18,11,6,1,1,0,0,0,0,0,0,0,0,0,0,0,0,0,0,0,0,0,0,0,0,0,0,0,0,0,0,0,0,0,0,0,0,0,0,0,0,0,0,0
Erststimme,"07W313","07",Tempelhof-Schöneberg,"313",W,3I,3,81,W,988,635,353,0,367,9,361,6,120,92,93,17,13,7,2,9,0,0,0,0,0,0,0,0,0,0,0,5,0,0,0,0,0,0,0,0,0,3,0,0,0,0,0,0,0,0,0,0,0,0,0,0,0,0,0,0
Erststimme,"07W314","07",Tempelhof-Schöneberg,"314",W,3M,3,81,W,1187,689,498,0,430,4,429,1,169,83,100,32,13,14,5,7,3,0,0,0,0,0,0,0,0,0,1,1,0,0,0,0,0,0,0,0,0,1,0,0,0,0,0,0,0,0,0,0,0,0,0,0,0,0,0,0
Erststimme,"07W315","07",Tempelhof-Schöneberg,"315",W,3N,3,81,W,1112,639,473,0,408,15,398,8,135,80,116,35,10,13,1,4,1,0,0,0,0,0,0,0,0,0,0,2,0,0,0,0,0,0,0,0,0,1,0,0,0,0,0,0,0,0,0,0,0,0,0,0,0,0,0,0
Erststimme,"07W316","07",Tempelhof-Schöneberg,"316",W,3D,3,81,W,1141,691,450,0,420,6,417,3,139,72,120,27,21,15,9,6,3,0,0,0,0,0,0,0,0,0,0,2,0,0,0,0,0,0,0,0,0,3,0,0,0,0,0,0,0,0,0,0,0,0,0,0,0,0,0,0
Erststimme,"07W317","07",Tempelhof-Schöneberg,"317",W,3P,3,81,W,1189,738,451,0,418,7,410,8,140,68,117,26,19,22,10,3,0,0,0,0,0,0,0,0,0,0,0,3,0,0,0,0,0,0,0,0,0,2,0,0,0,0,0,0,0,0,0,0,0,0,0,0,0,0,0,0
Erststimme,"07W318","07",Tempelhof-Schöneberg,"318",W,3R,3,81,W,1157,764,393,0,497,15,496,1,190,92,124,27,17,19,3,10,4,0,0,0,0,0,0,0,0,0,2,6,0,0,0,0,0,0,0,0,0,2,0,0,0,0,0,0,0,0,0,0,0,0,0,0,0,0,0,0
Erststimme,"07W319","07",Tempelhof-Schöneberg,"319",W,3S,3,81,W,1180,671,509,0,440,13,435,5,138,99,118,25,27,13,4,7,2,0,0,0,0,0,0,0,0,0,0,1,0,0,0,0,0,0,0,0,0,1,0,0,0,0,0,0,0,0,0,0,0,0,0,0,0,0,0,0
Erststimme,"07W320","07",Tempelhof-Schöneberg,"320",W,3M,3,81,W,1078,585,493,0,377,5,376,1,123,78,120,27,7,13,3,1,1,0,0,0,0,0,0,0,0,0,0,3,0,0,0,0,0,0,0,0,0,0,0,0,0,0,0,0,0,0,0,0,0,0,0,0,0,0,0,0
Erststimme,"07W321","07",Tempelhof-Schöneberg,"321",W,3T,3,81,W,1197,707,490,0,419,8,414,5,136,84,104,31,25,16,6,3,2,0,0,0,0,0,0,0,0,0,0,7,0,0,0,0,0,0,0,0,0,0,0,0,0,0,0,0,0,0,0,0,0,0,0,0,0,0,0,0
Erststimme,"07W322","07",Tempelhof-Schöneberg,"322",W,3U,3,81,W,1093,764,329,0,425,11,421,4,170,67,89,28,23,14,12,13,1,0,0,0,0,0,0,0,0,0,0,2,0,0,0,0,0,0,0,0,0,2,0,0,0,0,0,0,0,0,0,0,0,0,0,0,0,0,0,0
Erststimme,"07W323","07",Tempelhof-Schöneberg,"323",W,3U,3,81,W,1227,759,468,0,510,9,505,5,180,72,161,39,16,10,4,9,2,0,0,0,0,0,0,0,0,0,3,6,0,0,0,0,0,0,0,0,0,3,0,0,0,0,0,0,0,0,0,0,0,0,0,0,0,0,0,0
Erststimme,"07W324","07",Tempelhof-Schöneberg,"324",W,3V,3,81,W,1129,909,220,0,398,4,393,4,158,81,63,32,17,11,9,14,0,0,0,0,0,0,0,0,0,0,0,4,0,0,0,0,0,0,0,0,0,4,0,0,0,0,0,0,0,0,0,0,0,0,0,0,0,0,0,0
Erststimme,"07W325","07",Tempelhof-Schöneberg,"325",W,3V,3,81,W,1041,663,378,0,370,4,365,5,122,73,101,17,21,14,4,8,2,0,0,0,0,0,0,0,0,0,0,3,0,0,0,0,0,0,0,0,0,0,0,0,0,0,0,0,0,0,0,0,0,0,0,0,0,0,0,0
Erststimme,"07W326","07",Tempelhof-Schöneberg,"326",W,3W,3,81,W,1220,898,322,0,375,3,372,3,152,84,42,28,31,10,8,13,2,0,0,0,0,0,0,0,0,0,0,2,0,0,0,0,0,0,0,0,0,0,0,0,0,0,0,0,0,0,0,0,0,0,0,0,0,0,0,0
Erststimme,"07W327","07",Tempelhof-Schöneberg,"327",W,3W,3,81,W,1523,1076,447,0,566,13,559,7,159,141,112,34,52,18,10,22,3,0,0,0,0,0,0,0,0,0,2,3,0,0,0,0,0,0,0,0,0,3,0,0,0,0,0,0,0,0,0,0,0,0,0,0,0,0,0,0
Erststimme,"07W328","07",Tempelhof-Schöneberg,"328",W,3X,3,81,W,1215,710,505,0,325,0,317,8,68,99,42,23,58,11,4,8,1,0,0,0,0,0,0,0,0,0,0,2,0,0,0,0,0,0,0,0,0,1,0,0,0,0,0,0,0,0,0,0,0,0,0,0,0,0,0,0
Erststimme,"07W329","07",Tempelhof-Schöneberg,"329",W,3Y,3,81,W,1254,652,602,0,344,2,342,2,98,145,51,13,12,9,2,7,2,0,0,0,0,0,0,0,0,0,1,2,0,0,0,0,0,0,0,0,0,0,0,0,0,0,0,0,0,0,0,0,0,0,0,0,0,0,0,0
Erststimme,"07B3A","07",Tempelhof-Schöneberg,3A,B,3A,3,81,W,0,0,0,0,763,763,761,1,219,167,236,55,13,41,6,16,4,0,0,0,0,0,0,0,0,0,0,1,0,0,0,0,0,0,0,0,0,3,0,0,0,0,0,0,0,0,0,0,0,0,0,0,0,0,0,0
Erststimme,"07B3B","07",Tempelhof-Schöneberg,3B,B,3B,3,81,W,0,0,0,0,423,423,423,0,141,108,107,30,6,19,0,6,3,0,0,0,0,0,0,0,0,0,1,1,0,0,0,0,0,0,0,0,0,1,0,0,0,0,0,0,0,0,0,0,0,0,0,0,0,0,0,0
Erststimme,"07B3C","07",Tempelhof-Schöneberg,3C,B,3C,3,81,W,0,0,0,0,350,350,350,0,103,74,111,19,10,18,4,9,1,0,0,0,0,0,0,0,0,0,0,1,0,0,0,0,0,0,0,0,0,0,0,0,0,0,0,0,0,0,0,0,0,0,0,0,0,0,0,0
Erststimme,"07B3D","07",Tempelhof-Schöneberg,3D,B,3D,3,81,W,0,0,0,0,798,798,794,2,259,214,204,38,13,30,12,12,2,0,0,0,0,0,0,0,0,0,2,5,0,0,0,0,0,0,0,0,0,3,0,0,0,0,0,0,0,0,0,0,0,0,0,0,0,0,0,0
Erststimme,"07B3E","07",Tempelhof-Schöneberg,3E,B,3E,3,81,W,0,0,0,0,402,402,399,3,119,93,122,28,10,15,5,4,0,0,0,0,0,0,0,0,0,0,1,1,0,0,0,0,0,0,0,0,0,1,0,0,0,0,0,0,0,0,0,0,0,0,0,0,0,0,0,0
Erststimme,"07B3F","07",Tempelhof-Schöneberg,3F,B,3F,3,81,W,0,0,0,0,395,395,387,2,126,100,113,16,7,13,0,8,1,0,0,0,0,0,0,0,0,0,1,1,0,0,0,0,0,0,0,0,0,1,0,0,0,0,0,0,0,0,0,0,0,0,0,0,0,0,0,0
Erststimme,"07B3G","07",Tempelhof-Schöneberg,3G,B,3G,3,81,W,0,0,0,0,417,417,415,1,124,93,128,31,8,14,3,8,3,0,0,0,0,0,0,0,0,0,0,1,0,0,0,0,0,0,0,0,0,2,0,0,0,0,0,0,0,0,0,0,0,0,0,0,0,0,0,0
Erststimme,"07B3H","07",Tempelhof-Schöneberg,3H,B,3H,3,81,W,0,0,0,0,380,380,379,1,124,90,104,18,11,18,5,8,0,0,0,0,0,0,0,0,0,0,1,0,0,0,0,0,0,0,0,0,0,0,0,0,0,0,0,0,0,0,0,0,0,0,0,0,0,0,0,0
Erststimme,"07B3I","07",Tempelhof-Schöneberg,3I,B,3I,3,81,W,0,0,0,0,766,766,762,4,232,217,201,44,17,21,8,10,4,0,0,0,0,0,0,0,0,0,1,5,0,0,0,0,0,0,0,0,0,2,0,0,0,0,0,0,0,0,0,0,0,0,0,0,0,0,0,0
Erststimme,"07B3K","07",Tempelhof-Schöneberg,3K,B,3K,3,81,W,0,0,0,0,481,481,478,3,164,107,133,35,11,11,5,9,0,0,0,0,0,0,0,0,0,0,1,2,0,0,0,0,0,0,0,0,0,0,0,0,0,0,0,0,0,0,0,0,0,0,0,0,0,0,0,0
Erststimme,"07B3L","07",Tempelhof-Schöneberg,3L,B,3L,3,81,W,0,0,0,0,454,454,453,0,137,106,150,11,9,16,7,7,2,0,0,0,0,0,0,0,0,0,0,6,0,0,0,0,0,0,0,0,0,2,0,0,0,0,0,0,0,0,0,0,0,0,0,0,0,0,0,0
Erststimme,"07B3M","07",Tempelhof-Schöneberg,3M,B,3M,3,81,W,0,0,0,0,895,895,890,4,254,211,270,55,27,36,14,13,1,0,0,0,0,0,0,0,0,0,4,2,0,0,0,0,0,0,0,0,0,3,0,0,0,0,0,0,0,0,0,0,0,0,0,0,0,0,0,0
Erststimme,"07B3N","07",Tempelhof-Schöneberg,3N,B,3N,3,81,W,0,0,0,0,440,440,439,1,130,97,136,26,17,15,6,9,2,0,0,0,0,0,0,0,0,0,0,1,0,0,0,0,0,0,0,0,0,0,0,0,0,0,0,0,0,0,0,0,0,0,0,0,0,0,0,0
Erststimme,"07B3P","07",Tempelhof-Schöneberg,3P,B,3P,3,81,W,0,0,0,0,400,400,398,1,147,93,88,14,11,19,9,7,4,0,0,0,0,0,0,0,0,0,0,5,0,0,0,0,0,0,0,0,0,1,0,0,0,0,0,0,0,0,0,0,0,0,0,0,0,0,0,0
Erststimme,"07B3R","07",Tempelhof-Schöneberg,3R,B,3R,3,81,W,0,0,0,0,349,349,348,1,126,75,92,23,5,16,6,3,0,0,0,0,0,0,0,0,0,0,0,2,0,0,0,0,0,0,0,0,0,0,0,0,0,0,0,0,0,0,0,0,0,0,0,0,0,0,0,0
Erststimme,"07B3S","07",Tempelhof-Schöneberg,3S,B,3S,3,81,W,0,0,0,0,469,469,465,3,128,103,153,29,14,15,6,14,0,0,0,0,0,0,0,0,0,0,0,0,0,0,0,0,0,0,0,0,0,3,0,0,0,0,0,0,0,0,0,0,0,0,0,0,0,0,0,0
Erststimme,"07B3T","07",Tempelhof-Schöneberg,3T,B,3T,3,81,W,0,0,0,0,462,462,462,0,140,97,140,30,15,12,11,13,0,0,0,0,0,0,0,0,0,0,2,0,0,0,0,0,0,0,0,0,0,2,0,0,0,0,0,0,0,0,0,0,0,0,0,0,0,0,0,0
Erststimme,"07B3U","07",Tempelhof-Schöneberg,3U,B,3U,3,81,W,0,0,0,0,716,716,711,0,245,130,229,38,14,22,11,11,2,0,0,0,0,0,0,0,0,0,0,4,0,0,0,0,0,0,0,0,0,5,0,0,0,0,0,0,0,0,0,0,0,0,0,0,0,0,0,0
Erststimme,"07B3V","07",Tempelhof-Schöneberg,3V,B,3V,3,81,W,0,0,0,0,525,525,525,0,186,114,127,39,12,13,11,12,0,0,0,0,0,0,0,0,0,0,2,4,0,0,0,0,0,0,0,0,0,5,0,0,0,0,0,0,0,0,0,0,0,0,0,0,0,0,0,0
Erststimme,"07B3W","07",Tempelhof-Schöneberg,3W,B,3W,3,81,W,0,0,0,0,684,684,679,4,187,175,134,45,44,37,13,26,6,0,0,0,0,0,0,0,0,0,4,5,0,0,0,0,0,0,0,0,0,3,0,0,0,0,0,0,0,0,0,0,0,0,0,0,0,0,0,0
Erststimme,"07B3X","07",Tempelhof-Schöneberg,3X,B,3X,3,81,W,0,0,0,0,464,464,461,3,149,173,58,12,25,13,4,19,0,0,0,0,0,0,0,0,0,0,0,4,0,0,0,0,0,0,0,0,0,4,0,0,0,0,0,0,0,0,0,0,0,0,0,0,0,0,0,0
Erststimme,"07B3Y","07",Tempelhof-Schöneberg,3Y,B,3Y,3,81,W,0,0,0,0,575,575,568,4,144,257,85,15,24,23,5,8,1,0,0,0,0,0,0,0,0,0,1,4,0,0,0,0,0,0,0,0,0,1,0,0,0,0,0,0,0,0,0,0,0,0,0,0,0,0,0,0
Erststimme,"07W401","07",Tempelhof-Schöneberg,"401",W,4A,4,81,W,1210,765,445,0,520,14,516,4,108,136,177,56,12,16,2,6,0,0,0,0,0,0,0,0,0,0,1,2,0,0,0,0,0,0,0,0,0,0,0,0,0,0,0,0,0,0,0,0,0,0,0,0,0,0,0,0
Erststimme,"07W402","07",Tempelhof-Schöneberg,"402",W,4B,4,81,W,1081,685,396,0,361,13,360,1,77,109,82,27,26,13,8,8,0,0,0,0,0,0,0,0,0,0,1,6,0,0,0,0,0,0,0,0,0,3,0,0,0,0,0,0,0,0,0,0,0,0,0,0,0,0,0,0
Erststimme,"07W403","07",Tempelhof-Schöneberg,"403",W,4B,4,81,W,1185,800,385,0,375,6,368,7,64,142,64,35,27,13,9,10,0,0,0,0,0,0,0,0,0,0,0,2,0,0,0,0,0,0,0,0,0,0,0,0,2,0,0,0,0,0,0,0,0,0,0,0,0,0,0,0
Erststimme,"07W404","07",Tempelhof-Schöneberg,"404",W,4C,4,81,W,1220,831,389,0,399,10,393,5,98,113,80,44,18,16,7,9,0,0,0,0,0,0,0,0,0,0,1,5,0,0,0,0,0,0,0,0,0,0,0,0,2,0,0,0,0,0,0,0,0,0,0,0,0,0,0,0
Erststimme,"07W405","07",Tempelhof-Schöneberg,"405",W,4C,4,81,W,1145,644,501,0,458,0,455,3,66,84,204,50,11,15,9,9,0,0,0,0,0,0,0,0,0,0,0,5,0,0,0,0,0,0,0,0,0,1,0,0,1,0,0,0,0,0,0,0,0,0,0,0,0,0,0,0
Erststimme,"07W406","07",Tempelhof-Schöneberg,"406",W,4D,4,81,W,1164,712,452,0,446,8,441,5,79,88,171,43,27,12,7,5,0,0,0,0,0,0,0,0,0,0,1,3,0,0,0,0,0,0,0,0,0,3,0,0,2,0,0,0,0,0,0,0,0,0,0,0,0,0,0,0
Erststimme,"07W407","07",Tempelhof-Schöneberg,"407",W,4E,4,81,W,1138,682,456,0,411,8,410,1,71,84,156,46,14,13,10,6,0,0,0,0,0,0,0,0,0,0,0,6,0,0,0,0,0,0,0,0,0,1,0,0,3,0,0,0,0,0,0,0,0,0,0,0,0,0,0,0
Erststimme,"07W408","07",Tempelhof-Schöneberg,"408",W,4F,4,81,W,1139,791,348,0,349,4,341,7,64,95,73,39,33,16,6,10,0,0,0,0,0,0,0,0,0,0,1,2,0,0,0,0,0,0,0,0,0,0,0,0,2,0,0,0,0,0,0,0,0,0,0,0,0,0,0,0
Erststimme,"07W409","07",Tempelhof-Schöneberg,"409",W,4F,4,81,W,1267,833,434,0,354,9,352,2,71,123,42,29,39,13,10,14,0,0,0,0,0,0,0,0,0,0,0,0,0,0,0,0,0,0,0,0,0,5,0,0,6,0,0,0,0,0,0,0,0,0,0,0,0,0,0,0
Erststimme,"07W410","07",Tempelhof-Schöneberg,"410",W,4G,4,81,W,1025,670,355,0,258,2,253,5,39,73,58,30,23,9,4,9,0,0,0,0,0,0,0,0,0,0,0,4,0,0,0,0,0,0,0,0,0,1,0,0,3,0,0,0,0,0,0,0,0,0,0,0,0,0,0,0
Erststimme,"07W411","07",Tempelhof-Schöneberg,"411",W,4G,4,81,W,1108,656,452,0,273,6,269,4,60,86,31,20,38,10,3,12,0,0,0,0,0,0,0,0,0,0,3,0,0,0,0,0,0,0,0,0,0,3,0,0,3,0,0,0,0,0,0,0,0,0,0,0,0,0,0,0
Erststimme,"07W412","07",Tempelhof-Schöneberg,"412",W,4H,4,81,W,1047,717,330,0,361,5,359,2,61,118,68,32,43,10,11,11,0,0,0,0,0,0,0,0,0,0,1,1,0,0,0,0,0,0,0,0,0,2,0,0,1,0,0,0,0,0,0,0,0,0,0,0,0,0,0,0
Erststimme,"07W413","07",Tempelhof-Schöneberg,"413",W,4H,4,81,W,1218,837,381,0,364,3,360,4,79,94,55,39,55,11,5,13,0,0,0,0,0,0,0,0,0,0,0,4,0,0,0,0,0,0,0,0,0,2,0,0,3,0,0,0,0,0,0,0,0,0,0,0,0,0,0,0
Erststimme,"07W414","07",Tempelhof-Schöneberg,"414",W,4I,4,81,W,1058,653,405,0,315,0,310,3,67,101,43,24,30,6,11,21,0,0,0,0,0,0,0,0,0,0,0,3,0,0,0,0,0,0,0,0,0,1,0,0,3,0,0,0,0,0,0,0,0,0,0,0,0,0,0,0
Erststimme,"07W415","07",Tempelhof-Schöneberg,"415",W,4I,4,81,W,1110,623,487,0,272,2,266,6,55,82,41,20,31,6,12,15,0,0,0,0,0,0,0,0,0,0,0,1,0,0,0,0,0,0,0,0,0,0,0,0,3,0,0,0,0,0,0,0,0,0,0,0,0,0,0,0
Erststimme,"07W416","07",Tempelhof-Schöneberg,"416",W,4K,4,81,W,1214,863,351,0,416,3,408,8,63,102,103,51,35,20,13,11,0,0,0,0,0,0,0,0,0,0,1,3,0,0,0,0,0,0,0,0,0,2,0,0,4,0,0,0,0,0,0,0,0,0,0,0,0,0,0,0
Erststimme,"07W417","07",Tempelhof-Schöneberg,"417",W,4L,4,81,W,1100,654,446,0,343,2,343,0,68,85,100,33,32,11,4,7,0,0,0,0,0,0,0,0,0,0,0,2,0,0,0,0,0,0,0,0,0,0,0,0,1,0,0,0,0,0,0,0,0,0,0,0,0,0,0,0
Erststimme,"07W418","07",Tempelhof-Schöneberg,"418",W,4M,4,81,W,1113,633,480,0,390,6,389,1,62,88,160,30,18,6,8,9,0,0,0,0,0,0,0,0,0,0,0,4,0,0,0,0,0,0,0,0,0,2,0,0,2,0,0,0,0,0,0,0,0,0,0,0,0,0,0,0
Erststimme,"07W419","07",Tempelhof-Schöneberg,"419",W,4N,4,81,W,1099,668,431,0,397,3,393,4,74,93,141,40,14,12,5,10,0,0,0,0,0,0,0,0,0,0,1,1,0,0,0,0,0,0,0,0,0,0,0,0,2,0,0,0,0,0,0,0,0,0,0,0,0,0,0,0
Erststimme,"07W420","07",Tempelhof-Schöneberg,"420",W,4P,4,81,W,1107,738,369,0,432,8,429,3,76,93,151,36,25,18,14,10,0,0,0,0,0,0,0,0,0,0,1,2,0,0,0,0,0,0,0,0,0,0,0,0,3,0,0,0,0,0,0,0,0,0,0,0,0,0,0,0
Erststimme,"07W421","07",Tempelhof-Schöneberg,"421",W,4P,4,81,W,1094,721,373,0,378,6,373,4,67,78,107,49,24,13,10,15,0,0,0,0,0,0,0,0,0,0,1,4,0,0,0,0,0,0,0,0,0,2,0,0,3,0,0,0,0,0,0,0,0,0,0,0,0,0,0,0
Erststimme,"07W422","07",Tempelhof-Schöneberg,"422",W,4R,4,81,W,1209,900,309,0,414,5,411,3,80,95,116,47,32,12,11,10,0,0,0,0,0,0,0,0,0,0,0,7,0,0,0,0,0,0,0,0,0,1,0,0,0,0,0,0,0,0,0,0,0,0,0,0,0,0,0,0
Erststimme,"07W423","07",Tempelhof-Schöneberg,"423",W,4S,4,81,W,1278,921,357,0,428,8,423,5,78,88,127,51,26,25,9,9,0,0,0,0,0,0,0,0,0,0,1,4,0,0,0,0,0,0,0,0,0,0,0,0,5,0,0,0,0,0,0,0,0,0,0,0,0,0,0,0
Erststimme,"07W424","07",Tempelhof-Schöneberg,"424",W,4T,4,81,W,1278,933,345,0,427,7,420,7,98,86,94,58,35,19,7,13,0,0,0,0,0,0,0,0,0,0,0,3,0,0,0,0,0,0,0,0,0,2,0,0,5,0,0,0,0,0,0,0,0,0,0,0,0,0,0,0
Erststimme,"07W425","07",Tempelhof-Schöneberg,"425",W,4T,4,81,W,1147,801,346,0,362,0,357,5,75,132,55,28,37,12,5,9,0,0,0,0,0,0,0,0,0,0,2,1,0,0,0,0,0,0,0,0,0,1,0,0,0,0,0,0,0,0,0,0,0,0,0,0,0,0,0,0
Erststimme,"07W426","07",Tempelhof-Schöneberg,"426",W,4U,4,81,W,1171,791,380,0,371,2,368,3,73,112,87,41,17,12,10,7,0,0,0,0,0,0,0,0,0,0,0,2,0,0,0,0,0,0,0,0,0,2,0,0,5,0,0,0,0,0,0,0,0,0,0,0,0,0,0,0
Erststimme,"07W427","07",Tempelhof-Schöneberg,"427",W,4V,4,81,W,1182,794,388,0,377,4,372,3,90,109,75,32,37,6,12,5,0,0,0,0,0,0,0,0,0,0,0,4,0,0,0,0,0,0,0,0,0,1,0,0,1,0,0,0,0,0,0,0,0,0,0,0,0,0,0,0
Erststimme,"07W428","07",Tempelhof-Schöneberg,"428",W,4S,4,81,W,1154,695,459,0,386,7,379,6,80,91,115,41,20,10,9,7,0,0,0,0,0,0,0,0,0,0,1,1,0,0,0,0,0,0,0,0,0,1,0,0,3,0,0,0,0,0,0,0,0,0,0,0,0,0,0,0
Erststimme,"07B4A","07",Tempelhof-Schöneberg,4A,B,4A,4,81,W,0,0,0,0,401,401,399,2,62,108,142,38,8,17,9,8,0,0,0,0,0,0,0,0,0,0,1,1,0,0,0,0,0,0,0,0,0,0,0,0,5,0,0,0,0,0,0,0,0,0,0,0,0,0,0,0
Erststimme,"07B4B","07",Tempelhof-Schöneberg,4B,B,4B,4,81,W,0,0,0,0,699,699,690,7,135,239,164,50,29,17,10,34,0,0,0,0,0,0,0,0,0,0,0,4,0,0,0,0,0,0,0,0,0,2,0,0,6,0,0,0,0,0,0,0,0,0,0,0,0,0,0,0
Erststimme,"07B4C","07",Tempelhof-Schöneberg,4C,B,4C,4,81,W,0,0,0,0,825,825,818,4,143,199,315,82,18,28,14,9,0,0,0,0,0,0,0,0,0,0,2,3,0,0,0,0,0,0,0,0,0,2,0,0,3,0,0,0,0,0,0,0,0,0,0,0,0,0,0,0
Erststimme,"07B4D","07",Tempelhof-Schöneberg,4D,B,4D,4,81,W,0,0,0,0,421,421,418,3,77,116,132,30,13,16,12,13,0,0,0,0,0,0,0,0,0,0,2,4,0,0,0,0,0,0,0,0,0,1,0,0,2,0,0,0,0,0,0,0,0,0,0,0,0,0,0,0
Erststimme,"07B4E","07",Tempelhof-Schöneberg,4E,B,4E,4,81,W,0,0,0,0,417,417,405,7,80,120,145,24,14,8,6,3,0,0,0,0,0,0,0,0,0,0,1,1,0,0,0,0,0,0,0,0,0,1,0,0,2,0,0,0,0,0,0,0,0,0,0,0,0,0,0,0
Erststimme,"07B4F","07",Tempelhof-Schöneberg,4F,B,4F,4,81,W,0,0,0,0,685,685,683,2,146,246,132,54,36,27,6,26,0,0,0,0,0,0,0,0,0,0,1,3,0,0,0,0,0,0,0,0,0,0,0,0,6,0,0,0,0,0,0,0,0,0,0,0,0,0,0,0
Erststimme,"07B4G","07",Tempelhof-Schöneberg,4G,B,4G,4,81,W,0,0,0,0,736,736,729,7,174,265,112,48,44,20,6,32,0,0,0,0,0,0,0,0,0,0,3,5,0,0,0,0,0,0,0,0,0,13,0,0,7,0,0,0,0,0,0,0,0,0,0,0,0,0,0,0
Erststimme,"07B4H","07",Tempelhof-Schöneberg,4H,B,4H,4,81,W,0,0,0,0,644,644,642,1,147,209,129,41,35,19,16,24,0,0,0,0,0,0,0,0,0,0,1,3,0,0,0,0,0,0,0,0,0,7,0,0,11,0,0,0,0,0,0,0,0,0,0,0,0,0,0,0
Erststimme,"07B4I","07",Tempelhof-Schöneberg,4I,B,4I,4,81,W,0,0,0,0,810,810,805,2,185,313,124,47,36,29,15,37,0,0,0,0,0,0,0,0,0,0,0,4,0,0,0,0,0,0,0,0,0,6,0,0,9,0,0,0,0,0,0,0,0,0,0,0,0,0,0,0
Erststimme,"07B4K","07",Tempelhof-Schöneberg,4K,B,4K,4,81,W,0,0,0,0,313,313,310,3,56,69,111,31,9,13,10,5,0,0,0,0,0,0,0,0,0,0,1,3,0,0,0,0,0,0,0,0,0,1,0,0,1,0,0,0,0,0,0,0,0,0,0,0,0,0,0,0
Erststimme,"07B4L","07",Tempelhof-Schöneberg,4L,B,4L,4,81,W,0,0,0,0,405,405,404,1,88,118,104,26,17,23,7,12,0,0,0,0,0,0,0,0,0,0,0,2,0,0,0,0,0,0,0,0,0,2,0,0,5,0,0,0,0,0,0,0,0,0,0,0,0,0,0,0
Erststimme,"07B4M","07",Tempelhof-Schöneberg,4M,B,4M,4,81,W,0,0,0,0,452,452,445,6,94,144,130,26,9,20,5,6,0,0,0,0,0,0,0,0,0,0,2,2,0,0,0,0,0,0,0,0,0,2,0,0,5,0,0,0,0,0,0,0,0,0,0,0,0,0,0,0
Erststimme,"07B4N","07",Tempelhof-Schöneberg,4N,B,4N,4,81,W,0,0,0,0,396,396,394,2,74,95,135,28,18,12,11,14,0,0,0,0,0,0,0,0,0,0,0,1,0,0,0,0,0,0,0,0,0,3,0,0,3,0,0,0,0,0,0,0,0,0,0,0,0,0,0,0
Erststimme,"07B4P","07",Tempelhof-Schöneberg,4P,B,4P,4,81,W,0,0,0,0,692,692,683,9,135,173,213,52,30,23,24,20,0,0,0,0,0,0,0,0,0,0,2,5,0,0,0,0,0,0,0,0,0,6,0,0,0,0,0,0,0,0,0,0,0,0,0,0,0,0,0,0
Erststimme,"07B4R","07",Tempelhof-Schöneberg,4R,B,4R,4,81,W,0,0,0,0,275,275,273,2,57,57,94,26,9,12,5,6,0,0,0,0,0,0,0,0,0,0,0,3,0,0,0,0,0,0,0,0,0,1,0,0,3,0,0,0,0,0,0,0,0,0,0,0,0,0,0,0
Erststimme,"07B4S","07",Tempelhof-Schöneberg,4S,B,4S,4,81,W,0,0,0,0,731,731,718,5,145,194,227,55,30,23,15,12,0,0,0,0,0,0,0,0,0,0,1,0,0,0,0,0,0,0,0,0,0,4,0,0,12,0,0,0,0,0,0,0,0,0,0,0,0,0,0,0
Erststimme,"07B4T","07",Tempelhof-Schöneberg,4T,B,4T,4,81,W,0,0,0,0,629,629,627,2,152,192,129,42,43,22,10,20,0,0,0,0,0,0,0,0,0,0,1,2,0,0,0,0,0,0,0,0,0,3,0,0,11,0,0,0,0,0,0,0,0,0,0,0,0,0,0,0
Erststimme,"07B4U","07",Tempelhof-Schöneberg,4U,B,4U,4,81,W,0,0,0,0,348,348,348,0,74,114,78,34,16,14,6,10,0,0,0,0,0,0,0,0,0,0,0,0,0,0,0,0,0,0,0,0,0,0,0,0,2,0,0,0,0,0,0,0,0,0,0,0,0,0,0,0
Erststimme,"07B4V","07",Tempelhof-Schöneberg,4V,B,4V,4,81,W,0,0,0,0,356,356,353,3,79,129,70,32,13,10,4,11,0,0,0,0,0,0,0,0,0,0,1,0,0,0,0,0,0,0,0,0,0,2,0,0,2,0,0,0,0,0,0,0,0,0,0,0,0,0,0,0
Erststimme,"07W501","07",Tempelhof-Schöneberg,"501",W,5A,5,81,W,1142,765,377,0,336,1,332,4,54,110,47,40,26,19,13,14,0,0,0,0,0,0,0,0,0,0,1,8,0,0,0,0,0,0,0,0,0,0,0,0,0,0,0,0,0,0,0,0,0,0,0,0,0,0,0,0
Erststimme,"07W502","07",Tempelhof-Schöneberg,"502",W,5A,5,81,W,1247,848,399,0,373,2,371,2,75,132,59,30,32,17,7,17,0,0,0,0,0,0,0,0,0,0,0,2,0,0,0,0,0,0,0,0,0,0,0,0,0,0,0,0,0,0,0,0,0,0,0,0,0,0,0,0
Erststimme,"07W503","07",Tempelhof-Schöneberg,"503",W,5B,5,81,W,1147,786,361,0,370,2,362,8,82,131,44,22,35,14,11,17,0,0,0,0,0,0,0,0,0,0,0,6,0,0,0,0,0,0,0,0,0,0,0,0,0,0,0,0,0,0,0,0,0,0,0,0,0,0,0,0
Erststimme,"07W504","07",Tempelhof-Schöneberg,"504",W,5B,5,81,W,1176,778,398,0,379,13,375,4,76,128,51,39,30,18,11,19,0,0,0,0,0,0,0,0,0,0,1,2,0,0,0,0,0,0,0,0,0,0,0,0,0,0,0,0,0,0,0,0,0,0,0,0,0,0,0,0
Erststimme,"07W505","07",Tempelhof-Schöneberg,"505",W,5C,5,81,W,1295,948,347,0,363,5,360,3,74,136,26,27,55,12,4,17,0,0,0,0,0,0,0,0,0,0,3,6,0,0,0,0,0,0,0,0,0,0,0,0,0,0,0,0,0,0,0,0,0,0,0,0,0,0,0,0
Erststimme,"07W506","07",Tempelhof-Schöneberg,"506",W,5D,5,81,W,1118,853,265,0,340,3,332,8,80,129,37,25,29,13,4,10,0,0,0,0,0,0,0,0,0,0,1,4,0,0,0,0,0,0,0,0,0,0,0,0,0,0,0,0,0,0,0,0,0,0,0,0,0,0,0,0
Erststimme,"07W507","07",Tempelhof-Schöneberg,"507",W,5E,5,81,W,1205,795,410,0,377,13,375,2,94,100,56,32,50,7,12,18,0,0,0,0,0,0,0,0,0,0,1,5,0,0,0,0,0,0,0,0,0,0,0,0,0,0,0,0,0,0,0,0,0,0,0,0,0,0,0,0
Erststimme,"07W508","07",Tempelhof-Schöneberg,"508",W,5F,5,81,W,1230,826,404,0,409,5,404,5,88,161,53,29,34,13,9,12,0,0,0,0,0,0,0,0,0,0,2,3,0,0,0,0,0,0,0,0,0,0,0,0,0,0,0,0,0,0,0,0,0,0,0,0,0,0,0,0
Erststimme,"07W509","07",Tempelhof-Schöneberg,"509",W,5C,5,81,W,1182,773,409,0,341,7,338,3,79,107,46,35,41,10,6,10,0,0,0,0,0,0,0,0,0,0,2,2,0,0,0,0,0,0,0,0,0,0,0,0,0,0,0,0,0,0,0,0,0,0,0,0,0,0,0,0
Erststimme,"07W510","07",Tempelhof-Schöneberg,"510",W,5G,5,81,W,1141,784,357,0,329,4,324,5,72,110,45,23,40,21,1,8,0,0,0,0,0,0,0,0,0,0,1,3,0,0,0,0,0,0,0,0,0,0,0,0,0,0,0,0,0,0,0,0,0,0,0,0,0,0,0,0
Erststimme,"07W511","07",Tempelhof-Schöneberg,"511",W,5H,5,81,W,1221,886,335,0,400,2,389,11,85,159,55,15,41,11,3,15,0,0,0,0,0,0,0,0,0,0,2,3,0,0,0,0,0,0,0,0,0,0,0,0,0,0,0,0,0,0,0,0,0,0,0,0,0,0,0,0
Erststimme,"07W512","07",Tempelhof-Schöneberg,"512",W,5H,5,81,W,1028,773,255,0,338,10,335,3,84,138,26,13,42,16,1,8,0,0,0,0,0,0,0,0,0,0,2,5,0,0,0,0,0,0,0,0,0,0,0,0,0,0,0,0,0,0,0,0,0,0,0,0,0,0,0,0
Erststimme,"07W513","07",Tempelhof-Schöneberg,"513",W,5G,5,81,W,1083,836,247,0,330,2,317,13,71,106,30,23,57,10,8,12,0,0,0,0,0,0,0,0,0,0,0,0,0,0,0,0,0,0,0,0,0,0,0,0,0,0,0,0,0,0,0,0,0,0,0,0,0,0,0,0
Erststimme,"07W514","07",Tempelhof-Schöneberg,"514",W,5D,5,81,W,1187,738,449,0,247,1,245,2,54,89,40,24,25,4,3,3,0,0,0,0,0,0,0,0,0,0,1,2,0,0,0,0,0,0,0,0,0,0,0,0,0,0,0,0,0,0,0,0,0,0,0,0,0,0,0,0
Erststimme,"07W515","07",Tempelhof-Schöneberg,"515",W,5I,5,81,W,1248,787,461,0,366,5,352,4,76,130,44,26,43,12,5,13,0,0,0,0,0,0,0,0,0,0,0,3,0,0,0,0,0,0,0,0,0,0,0,0,0,0,0,0,0,0,0,0,0,0,0,0,0,0,0,0
Erststimme,"07W516","07",Tempelhof-Schöneberg,"516",W,5K,5,81,W,1146,859,287,0,397,0,392,5,81,156,44,40,31,14,4,17,0,0,0,0,0,0,0,0,0,0,1,4,0,0,0,0,0,0,0,0,0,0,0,0,0,0,0,0,0,0,0,0,0,0,0,0,0,0,0,0
Erststimme,"07W517","07",Tempelhof-Schöneberg,"517",W,5L,5,81,W,1279,849,430,0,413,12,409,4,68,161,57,23,48,18,11,14,0,0,0,0,0,0,0,0,0,0,1,8,0,0,0,0,0,0,0,0,0,0,0,0,0,0,0,0,0,0,0,0,0,0,0,0,0,0,0,0
Erststimme,"07W518","07",Tempelhof-Schöneberg,"518",W,5K,5,81,W,1084,689,395,0,350,2,344,6,78,145,36,17,39,10,9,5,0,0,0,0,0,0,0,0,0,0,1,4,0,0,0,0,0,0,0,0,0,0,0,0,0,0,0,0,0,0,0,0,0,0,0,0,0,0,0,0
Erststimme,"07W519","07",Tempelhof-Schöneberg,"519",W,5M,5,81,W,1077,824,253,0,346,8,340,6,57,84,48,64,44,12,10,16,0,0,0,0,0,0,0,0,0,0,1,4,0,0,0,0,0,0,0,0,0,0,0,0,0,0,0,0,0,0,0,0,0,0,0,0,0,0,0,0
Erststimme,"07W520","07",Tempelhof-Schöneberg,"520",W,5M,5,81,W,996,804,192,0,284,4,279,5,61,68,53,52,23,8,5,6,0,0,0,0,0,0,0,0,0,0,1,2,0,0,0,0,0,0,0,0,0,0,0,0,0,0,0,0,0,0,0,0,0,0,0,0,0,0,0,0
Erststimme,"07W521","07",Tempelhof-Schöneberg,"521",W,5N,5,81,W,1227,831,396,0,422,5,414,8,112,170,35,23,42,13,1,15,0,0,0,0,0,0,0,0,0,0,2,1,0,0,0,0,0,0,0,0,0,0,0,0,0,0,0,0,0,0,0,0,0,0,0,0,0,0,0,0
Erststimme,"07W522","07",Tempelhof-Schöneberg,"522",W,5P,5,81,W,1235,847,388,0,399,1,399,0,76,153,59,18,49,22,6,13,0,0,0,0,0,0,0,0,0,0,1,2,0,0,0,0,0,0,0,0,0,0,0,0,0,0,0,0,0,0,0,0,0,0,0,0,0,0,0,0
Erststimme,"07W523","07",Tempelhof-Schöneberg,"523",W,5R,5,81,W,1389,991,398,0,507,7,502,5,89,194,48,32,86,20,5,21,0,0,0,0,0,0,0,0,0,0,1,6,0,0,0,0,0,0,0,0,0,0,0,0,0,0,0,0,0,0,0,0,0,0,0,0,0,0,0,0
Erststimme,"07W524","07",Tempelhof-Schöneberg,"524",W,5R,5,81,W,1061,746,315,0,428,6,426,2,106,174,59,25,24,14,8,16,0,0,0,0,0,0,0,0,0,0,0,0,0,0,0,0,0,0,0,0,0,0,0,0,0,0,0,0,0,0,0,0,0,0,0,0,0,0,0,0
Erststimme,"07W525","07",Tempelhof-Schöneberg,"525",W,5S,5,81,W,1140,691,449,0,323,4,321,2,80,121,36,16,38,19,2,8,0,0,0,0,0,0,0,0,0,0,0,1,0,0,0,0,0,0,0,0,0,0,0,0,0,0,0,0,0,0,0,0,0,0,0,0,0,0,0,0
Erststimme,"07W526","07",Tempelhof-Schöneberg,"526",W,5S,5,81,W,1078,588,490,0,321,1,319,2,56,157,39,8,28,18,3,7,0,0,0,0,0,0,0,0,0,0,1,2,0,0,0,0,0,0,0,0,0,0,0,0,0,0,0,0,0,0,0,0,0,0,0,0,0,0,0,0
Erststimme,"07W527","07",Tempelhof-Schöneberg,"527",W,5T,5,81,W,1192,885,307,0,569,6,553,16,151,276,30,11,45,20,5,12,0,0,0,0,0,0,0,0,0,0,0,3,0,0,0,0,0,0,0,0,0,0,0,0,0,0,0,0,0,0,0,0,0,0,0,0,0,0,0,0
Erststimme,"07W528","07",Tempelhof-Schöneberg,"528",W,5T,5,81,W,981,560,421,0,314,5,310,3,78,140,24,10,34,9,4,8,0,0,0,0,0,0,0,0,0,0,1,2,0,0,0,0,0,0,0,0,0,0,0,0,0,0,0,0,0,0,0,0,0,0,0,0,0,0,0,0
Erststimme,"07B5A","07",Tempelhof-Schöneberg,5A,B,5A,5,81,W,0,0,0,0,707,707,701,6,161,283,83,35,41,48,12,28,0,0,0,0,0,0,0,0,0,0,5,5,0,0,0,0,0,0,0,0,0,0,0,0,0,0,0,0,0,0,0,0,0,0,0,0,0,0,0,0
Erststimme,"07B5B","07",Tempelhof-Schöneberg,5B,B,5B,5,81,W,0,0,0,0,683,683,679,4,145,280,99,35,59,25,7,26,0,0,0,0,0,0,0,0,0,0,0,3,0,0,0,0,0,0,0,0,0,0,0,0,0,0,0,0,0,0,0,0,0,0,0,0,0,0,0,0
Erststimme,"07B5C","07",Tempelhof-Schöneberg,5C,B,5C,5,81,W,0,0,0,0,667,667,656,8,166,283,78,23,35,30,8,30,0,0,0,0,0,0,0,0,0,0,2,1,0,0,0,0,0,0,0,0,0,0,0,0,0,0,0,0,0,0,0,0,0,0,0,0,0,0,0,0
Erststimme,"07B5D","07",Tempelhof-Schöneberg,5D,B,5D,5,81,W,0,0,0,0,640,640,634,5,154,239,94,42,43,32,9,19,0,0,0,0,0,0,0,0,0,0,1,1,0,0,0,0,0,0,0,0,0,0,0,0,0,0,0,0,0,0,0,0,0,0,0,0,0,0,0,0
Erststimme,"07B5E","07",Tempelhof-Schöneberg,5E,B,5E,5,81,W,0,0,0,0,366,366,361,5,82,109,74,25,24,12,14,20,0,0,0,0,0,0,0,0,0,0,1,0,0,0,0,0,0,0,0,0,0,0,0,0,0,0,0,0,0,0,0,0,0,0,0,0,0,0,0,0
Erststimme,"07B5F","07",Tempelhof-Schöneberg,5F,B,5F,5,81,W,0,0,0,0,360,360,360,0,94,147,53,26,17,10,2,7,0,0,0,0,0,0,0,0,0,0,1,3,0,0,0,0,0,0,0,0,0,0,0,0,0,0,0,0,0,0,0,0,0,0,0,0,0,0,0,0
Erststimme,"07B5G","07",Tempelhof-Schöneberg,5G,B,5G,5,81,W,0,0,0,0,534,534,527,7,122,239,73,22,30,19,5,14,0,0,0,0,0,0,0,0,0,0,2,1,0,0,0,0,0,0,0,0,0,0,0,0,0,0,0,0,0,0,0,0,0,0,0,0,0,0,0,0
Erststimme,"07B5H","07",Tempelhof-Schöneberg,5H,B,5H,5,81,W,0,0,0,0,516,516,510,5,120,222,65,14,37,23,9,17,0,0,0,0,0,0,0,0,0,0,1,2,0,0,0,0,0,0,0,0,0,0,0,0,0,0,0,0,0,0,0,0,0,0,0,0,0,0,0,0
Erststimme,"07B5I","07",Tempelhof-Schöneberg,5I,B,5I,5,81,W,0,0,0,0,394,394,392,2,110,153,54,22,16,13,8,14,0,0,0,0,0,0,0,0,0,0,1,1,0,0,0,0,0,0,0,0,0,0,0,0,0,0,0,0,0,0,0,0,0,0,0,0,0,0,0,0
Erststimme,"07B5K","07",Tempelhof-Schöneberg,5K,B,5K,5,81,W,0,0,0,0,609,609,608,1,146,270,60,26,46,24,14,20,0,0,0,0,0,0,0,0,0,0,1,1,0,0,0,0,0,0,0,0,0,0,0,0,0,0,0,0,0,0,0,0,0,0,0,0,0,0,0,0
Erststimme,"07B5L","07",Tempelhof-Schöneberg,5L,B,5L,5,81,W,0,0,0,0,400,400,398,2,86,165,57,25,36,10,5,11,0,0,0,0,0,0,0,0,0,0,1,2,0,0,0,0,0,0,0,0,0,0,0,0,0,0,0,0,0,0,0,0,0,0,0,0,0,0,0,0
Erststimme,"07B5M","07",Tempelhof-Schöneberg,5M,B,5M,5,81,W,0,0,0,0,383,383,379,3,53,96,95,69,26,9,12,14,0,0,0,0,0,0,0,0,0,0,1,4,0,0,0,0,0,0,0,0,0,0,0,0,0,0,0,0,0,0,0,0,0,0,0,0,0,0,0,0
Erststimme,"07B5N","07",Tempelhof-Schöneberg,5N,B,5N,5,81,W,0,0,0,0,348,348,346,1,84,149,39,16,24,18,3,9,0,0,0,0,0,0,0,0,0,0,0,4,0,0,0,0,0,0,0,0,0,0,0,0,0,0,0,0,0,0,0,0,0,0,0,0,0,0,0,0
Erststimme,"07B5P","07",Tempelhof-Schöneberg,5P,B,5P,5,81,W,0,0,0,0,349,349,347,2,71,150,54,12,18,21,3,15,0,0,0,0,0,0,0,0,0,0,2,1,0,0,0,0,0,0,0,0,0,0,0,0,0,0,0,0,0,0,0,0,0,0,0,0,0,0,0,0
Erststimme,"07B5R","07",Tempelhof-Schöneberg,5R,B,5R,5,81,W,0,0,0,0,636,636,633,3,117,329,49,29,40,31,11,19,0,0,0,0,0,0,0,0,0,0,2,6,0,0,0,0,0,0,0,0,0,0,0,0,0,0,0,0,0,0,0,0,0,0,0,0,0,0,0,0
Erststimme,"07B5S","07",Tempelhof-Schöneberg,5S,B,5S,5,81,W,0,0,0,0,857,857,856,1,184,446,96,24,38,41,5,22,0,0,0,0,0,0,0,0,0,0,0,0,0,0,0,0,0,0,0,0,0,0,0,0,0,0,0,0,0,0,0,0,0,0,0,0,0,0,0,0
Erststimme,"07B5T","07",Tempelhof-Schöneberg,5T,B,5T,5,81,W,0,0,0,0,668,668,660,4,156,343,54,21,38,24,6,16,0,0,0,0,0,0,0,0,0,0,0,2,0,0,0,0,0,0,0,0,0,0,0,0,0,0,0,0,0,0,0,0,0,0,0,0,0,0,0,0
Erststimme,"07W601","07",Tempelhof-Schöneberg,"601",W,6A,6,81,W,1144,709,435,0,326,2,321,5,90,132,23,13,32,19,5,6,0,0,0,0,0,0,0,0,0,0,0,1,0,0,0,0,0,0,0,0,0,0,0,0,0,0,0,0,0,0,0,0,0,0,0,0,0,0,0,0
Erststimme,"07W602","07",Tempelhof-Schöneberg,"602",W,6B,6,81,W,1085,726,359,0,406,5,397,9,80,171,56,16,25,26,6,15,0,0,0,0,0,0,0,0,0,0,0,2,0,0,0,0,0,0,0,0,0,0,0,0,0,0,0,0,0,0,0,0,0,0,0,0,0,0,0,0
Erststimme,"07W603","07",Tempelhof-Schöneberg,"603",W,6C,6,81,W,1273,935,338,0,466,8,460,6,88,190,32,18,75,22,13,17,0,0,0,0,0,0,0,0,0,0,0,5,0,0,0,0,0,0,0,0,0,0,0,0,0,0,0,0,0,0,0,0,0,0,0,0,0,0,0,0
Erststimme,"07W604","07",Tempelhof-Schöneberg,"604",W,6C,6,81,W,978,814,164,0,335,1,332,3,56,153,24,16,52,9,4,16,0,0,0,0,0,0,0,0,0,0,0,2,0,0,0,0,0,0,0,0,0,0,0,0,0,0,0,0,0,0,0,0,0,0,0,0,0,0,0,0
Erststimme,"07W605","07",Tempelhof-Schöneberg,"605",W,6D,6,81,W,1246,888,358,0,383,5,377,6,79,170,29,18,51,10,1,17,0,0,0,0,0,0,0,0,0,0,0,2,0,0,0,0,0,0,0,0,0,0,0,0,0,0,0,0,0,0,0,0,0,0,0,0,0,0,0,0
Erststimme,"07W606","07",Tempelhof-Schöneberg,"606",W,6E,6,81,W,1224,766,458,0,351,0,348,3,71,158,26,16,51,12,1,11,0,0,0,0,0,0,0,0,0,0,0,2,0,0,0,0,0,0,0,0,0,0,0,0,0,0,0,0,0,0,0,0,0,0,0,0,0,0,0,0
Erststimme,"07W607","07",Tempelhof-Schöneberg,"607",W,6F,6,81,W,1093,734,359,0,308,0,303,5,60,115,14,20,55,19,5,12,0,0,0,0,0,0,0,0,0,0,0,3,0,0,0,0,0,0,0,0,0,0,0,0,0,0,0,0,0,0,0,0,0,0,0,0,0,0,0,0
Erststimme,"07W608","07",Tempelhof-Schöneberg,"608",W,6F,6,81,W,1166,868,298,0,307,0,302,5,62,127,10,17,62,9,1,11,0,0,0,0,0,0,0,0,0,0,0,3,0,0,0,0,0,0,0,0,0,0,0,0,0,0,0,0,0,0,0,0,0,0,0,0,0,0,0,0
Erststimme,"07W609","07",Tempelhof-Schöneberg,"609",W,6G,6,81,W,1217,884,333,0,375,4,371,4,62,142,20,18,102,11,2,10,0,0,0,0,0,0,0,0,0,0,0,4,0,0,0,0,0,0,0,0,0,0,0,0,0,0,0,0,0,0,0,0,0,0,0,0,0,0,0,0
Erststimme,"07W610","07",Tempelhof-Schöneberg,"610",W,6G,6,81,W,1151,881,270,0,377,1,371,6,82,159,18,27,47,12,9,14,0,0,0,0,0,0,0,0,0,0,0,3,0,0,0,0,0,0,0,0,0,0,0,0,0,0,0,0,0,0,0,0,0,0,0,0,0,0,0,0
Erststimme,"07W611","07",Tempelhof-Schöneberg,"611",W,6H,6,81,W,1084,874,210,0,300,3,297,3,63,111,17,16,58,14,5,11,0,0,0,0,0,0,0,0,0,0,0,2,0,0,0,0,0,0,0,0,0,0,0,0,0,0,0,0,0,0,0,0,0,0,0,0,0,0,0,0
Erststimme,"07W612","07",Tempelhof-Schöneberg,"612",W,6B,6,81,W,1232,737,495,0,416,6,413,3,83,185,55,13,35,21,8,11,0,0,0,0,0,0,0,0,0,0,0,2,0,0,0,0,0,0,0,0,0,0,0,0,0,0,0,0,0,0,0,0,0,0,0,0,0,0,0,0
Erststimme,"07W613","07",Tempelhof-Schöneberg,"613",W,6I,6,81,W,1130,742,388,0,453,10,447,6,97,181,58,22,40,24,10,11,0,0,0,0,0,0,0,0,0,0,0,4,0,0,0,0,0,0,0,0,0,0,0,0,0,0,0,0,0,0,0,0,0,0,0,0,0,0,0,0
Erststimme,"07W614","07",Tempelhof-Schöneberg,"614",W,6H,6,81,W,1178,949,229,0,306,1,299,7,53,89,17,25,78,9,7,13,0,0,0,0,0,0,0,0,0,0,0,8,0,0,0,0,0,0,0,0,0,0,0,0,0,0,0,0,0,0,0,0,0,0,0,0,0,0,0,0
Erststimme,"07W615","07",Tempelhof-Schöneberg,"615",W,6K,6,81,W,1205,610,595,0,468,10,463,5,85,221,70,10,35,22,2,13,0,0,0,0,0,0,0,0,0,0,0,5,0,0,0,0,0,0,0,0,0,0,0,0,0,0,0,0,0,0,0,0,0,0,0,0,0,0,0,0
Erststimme,"07W616","07",Tempelhof-Schöneberg,"616",W,6L,6,81,W,1185,699,486,0,322,1,319,3,66,150,35,8,25,15,8,11,0,0,0,0,0,0,0,0,0,0,0,1,0,0,0,0,0,0,0,0,0,0,0,0,0,0,0,0,0,0,0,0,0,0,0,0,0,0,0,0
Erststimme,"07W617","07",Tempelhof-Schöneberg,"617",W,6M,6,81,W,1209,726,483,0,446,6,440,6,87,229,40,20,34,17,4,4,0,0,0,0,0,0,0,0,0,0,0,5,0,0,0,0,0,0,0,0,0,0,0,0,0,0,0,0,0,0,0,0,0,0,0,0,0,0,0,0
Erststimme,"07W618","07",Tempelhof-Schöneberg,"618",W,6N,6,81,W,1121,853,268,0,394,1,389,5,77,164,26,17,62,18,6,18,0,0,0,0,0,0,0,0,0,0,0,1,0,0,0,0,0,0,0,0,0,0,0,0,0,0,0,0,0,0,0,0,0,0,0,0,0,0,0,0
Erststimme,"07W619","07",Tempelhof-Schöneberg,"619",W,6N,6,81,W,1189,792,397,0,346,3,340,5,84,134,24,21,54,3,5,14,0,0,0,0,0,0,0,0,0,0,0,1,0,0,0,0,0,0,0,0,0,0,0,0,0,0,0,0,0,0,0,0,0,0,0,0,0,0,0,0
Erststimme,"07W620","07",Tempelhof-Schöneberg,"620",W,6P,6,81,W,1155,723,432,0,415,0,406,8,90,172,48,14,49,16,7,7,0,0,0,0,0,0,0,0,0,0,0,3,0,0,0,0,0,0,0,0,0,0,0,0,0,0,0,0,0,0,0,0,0,0,0,0,0,0,0,0
Erststimme,"07W621","07",Tempelhof-Schöneberg,"621",W,6R,6,81,W,1110,601,509,0,401,5,400,1,60,210,58,12,21,22,4,10,0,0,0,0,0,0,0,0,0,0,0,3,0,0,0,0,0,0,0,0,0,0,0,0,0,0,0,0,0,0,0,0,0,0,0,0,0,0,0,0
Erststimme,"07W622","07",Tempelhof-Schöneberg,"622",W,6S,6,81,W,997,689,308,0,283,3,275,6,67,122,28,10,30,9,1,6,0,0,0,0,0,0,0,0,0,0,0,2,0,0,0,0,0,0,0,0,0,0,0,0,0,0,0,0,0,0,0,0,0,0,0,0,0,0,0,0
Erststimme,"07W623","07",Tempelhof-Schöneberg,"623",W,6S,6,81,W,1194,854,340,0,431,1,427,4,91,217,20,27,37,15,5,14,0,0,0,0,0,0,0,0,0,0,0,1,0,0,0,0,0,0,0,0,0,0,0,0,0,0,0,0,0,0,0,0,0,0,0,0,0,0,0,0
Erststimme,"07W624","07",Tempelhof-Schöneberg,"624",W,6T,6,81,W,1083,638,445,0,339,0,335,4,74,150,36,13,29,23,5,2,0,0,0,0,0,0,0,0,0,0,0,3,0,0,0,0,0,0,0,0,0,0,0,0,0,0,0,0,0,0,0,0,0,0,0,0,0,0,0,0
Erststimme,"07W625","07",Tempelhof-Schöneberg,"625",W,6A,6,81,W,1053,612,441,0,408,5,398,10,72,194,31,16,51,11,3,14,0,0,0,0,0,0,0,0,0,0,0,6,0,0,0,0,0,0,0,0,0,0,0,0,0,0,0,0,0,0,0,0,0,0,0,0,0,0,0,0
Erststimme,"07W626","07",Tempelhof-Schöneberg,"626",W,6U,6,81,W,1154,702,452,0,382,1,378,4,74,173,56,12,36,9,4,10,0,0,0,0,0,0,0,0,0,0,0,4,0,0,0,0,0,0,0,0,0,0,0,0,0,0,0,0,0,0,0,0,0,0,0,0,0,0,0,0
Erststimme,"07W627","07",Tempelhof-Schöneberg,"627",W,6U,6,81,W,579,347,232,0,244,2,241,3,49,123,30,8,15,11,1,3,0,0,0,0,0,0,0,0,0,0,0,1,0,0,0,0,0,0,0,0,0,0,0,0,0,0,0,0,0,0,0,0,0,0,0,0,0,0,0,0
Erststimme,"07W628","07",Tempelhof-Schöneberg,"628",W,6R,6,81,W,1084,589,495,0,418,6,418,0,73,210,49,14,38,14,3,7,0,0,0,0,0,0,0,0,0,0,0,10,0,0,0,0,0,0,0,0,0,0,0,0,0,0,0,0,0,0,0,0,0,0,0,0,0,0,0,0
Erststimme,"07B6A","07",Tempelhof-Schöneberg,6A,B,6A,6,81,W,0,0,0,0,797,797,790,5,193,410,73,21,36,38,6,11,0,0,0,0,0,0,0,0,0,0,0,2,0,0,0,0,0,0,0,0,0,0,0,0,0,0,0,0,0,0,0,0,0,0,0,0,0,0,0,0
Erststimme,"07B6B","07",Tempelhof-Schöneberg,6B,B,6B,6,81,W,0,0,0,0,778,778,767,11,148,362,116,24,42,39,12,20,0,0,0,0,0,0,0,0,0,0,0,4,0,0,0,0,0,0,0,0,0,0,0,0,0,0,0,0,0,0,0,0,0,0,0,0,0,0,0,0
Erststimme,"07B6C","07",Tempelhof-Schöneberg,6C,B,6C,6,81,W,0,0,0,0,441,441,436,4,74,220,41,18,39,19,7,15,0,0,0,0,0,0,0,0,0,0,0,3,0,0,0,0,0,0,0,0,0,0,0,0,0,0,0,0,0,0,0,0,0,0,0,0,0,0,0,0
Erststimme,"07B6D","07",Tempelhof-Schöneberg,6D,B,6D,6,81,W,0,0,0,0,319,319,316,3,53,164,29,14,23,15,5,12,0,0,0,0,0,0,0,0,0,0,0,1,0,0,0,0,0,0,0,0,0,0,0,0,0,0,0,0,0,0,0,0,0,0,0,0,0,0,0,0
Erststimme,"07B6E","07",Tempelhof-Schöneberg,6E,B,6E,6,81,W,0,0,0,0,406,406,399,5,107,210,19,6,22,12,5,17,0,0,0,0,0,0,0,0,0,0,0,1,0,0,0,0,0,0,0,0,0,0,0,0,0,0,0,0,0,0,0,0,0,0,0,0,0,0,0,0
Erststimme,"07B6F","07",Tempelhof-Schöneberg,6F,B,6F,6,81,W,0,0,0,0,572,572,567,4,117,284,34,20,49,21,8,27,0,0,0,0,0,0,0,0,0,0,0,7,0,0,0,0,0,0,0,0,0,0,0,0,0,0,0,0,0,0,0,0,0,0,0,0,0,0,0,0
Erststimme,"07B6G","07",Tempelhof-Schöneberg,6G,B,6G,6,81,W,0,0,0,0,530,530,527,1,130,244,41,22,40,18,5,26,0,0,0,0,0,0,0,0,0,0,0,1,0,0,0,0,0,0,0,0,0,0,0,0,0,0,0,0,0,0,0,0,0,0,0,0,0,0,0,0
Erststimme,"07B6H","07",Tempelhof-Schöneberg,6H,B,6H,6,81,W,0,0,0,0,381,381,375,4,99,166,17,21,26,16,10,20,0,0,0,0,0,0,0,0,0,0,0,0,0,0,0,0,0,0,0,0,0,0,0,0,0,0,0,0,0,0,0,0,0,0,0,0,0,0,0,0
Erststimme,"07B6I","07",Tempelhof-Schöneberg,6I,B,6I,6,81,W,0,0,0,0,339,339,337,2,62,177,51,13,12,8,4,9,0,0,0,0,0,0,0,0,0,0,0,1,0,0,0,0,0,0,0,0,0,0,0,0,0,0,0,0,0,0,0,0,0,0,0,0,0,0,0,0
Erststimme,"07B6K","07",Tempelhof-Schöneberg,6K,B,6K,6,81,W,0,0,0,0,546,546,543,2,112,273,78,6,26,18,7,19,0,0,0,0,0,0,0,0,0,0,0,4,0,0,0,0,0,0,0,0,0,0,0,0,0,0,0,0,0,0,0,0,0,0,0,0,0,0,0,0
Erststimme,"07B6L","07",Tempelhof-Schöneberg,6L,B,6L,6,81,W,0,0,0,0,447,447,444,3,100,226,60,13,20,9,3,13,0,0,0,0,0,0,0,0,0,0,0,0,0,0,0,0,0,0,0,0,0,0,0,0,0,0,0,0,0,0,0,0,0,0,0,0,0,0,0,0
Erststimme,"07B6M","07",Tempelhof-Schöneberg,6M,B,6M,6,81,W,0,0,0,0,447,447,445,2,80,256,41,11,20,29,4,3,0,0,0,0,0,0,0,0,0,0,0,1,0,0,0,0,0,0,0,0,0,0,0,0,0,0,0,0,0,0,0,0,0,0,0,0,0,0,0,0
Erststimme,"07B6N","07",Tempelhof-Schöneberg,6N,B,6N,6,81,W,0,0,0,0,584,584,573,11,139,256,33,25,53,26,5,31,0,0,0,0,0,0,0,0,0,0,0,5,0,0,0,0,0,0,0,0,0,0,0,0,0,0,0,0,0,0,0,0,0,0,0,0,0,0,0,0
Erststimme,"07B6P","07",Tempelhof-Schöneberg,6P,B,6P,6,81,W,0,0,0,0,390,390,388,2,81,204,36,4,28,22,3,10,0,0,0,0,0,0,0,0,0,0,0,0,0,0,0,0,0,0,0,0,0,0,0,0,0,0,0,0,0,0,0,0,0,0,0,0,0,0,0,0
Erststimme,"07B6R","07",Tempelhof-Schöneberg,6R,B,6R,6,81,W,0,0,0,0,936,936,930,6,177,533,101,17,43,31,7,21,0,0,0,0,0,0,0,0,0,0,0,0,0,0,0,0,0,0,0,0,0,0,0,0,0,0,0,0,0,0,0,0,0,0,0,0,0,0,0,0
Erststimme,"07B6S","07",Tempelhof-Schöneberg,6S,B,6S,6,81,W,0,0,0,0,577,577,567,7,122,285,40,14,53,25,7,16,0,0,0,0,0,0,0,0,0,0,0,5,0,0,0,0,0,0,0,0,0,0,0,0,0,0,0,0,0,0,0,0,0,0,0,0,0,0,0,0
Erststimme,"07B6T","07",Tempelhof-Schöneberg,6T,B,6T,6,81,W,0,0,0,0,403,403,398,4,80,213,38,10,27,14,7,8,0,0,0,0,0,0,0,0,0,0,0,1,0,0,0,0,0,0,0,0,0,0,0,0,0,0,0,0,0,0,0,0,0,0,0,0,0,0,0,0
Erststimme,"07B6U","07",Tempelhof-Schöneberg,6U,B,6U,6,81,W,0,0,0,0,630,630,627,3,132,310,93,4,44,26,5,10,0,0,0,0,0,0,0,0,0,0,0,3,0,0,0,0,0,0,0,0,0,0,0,0,0,0,0,0,0,0,0,0,0,0,0,0,0,0,0,0
Erststimme,"07W701","07",Tempelhof-Schöneberg,"701",W,7A,7,81,W,1168,638,530,0,399,6,395,4,64,201,39,10,40,27,1,9,0,0,0,0,0,0,0,0,0,0,0,4,0,0,0,0,0,0,0,0,0,0,0,0,0,0,0,0,0,0,0,0,0,0,0,0,0,0,0,0
Erststimme,"07W702","07",Tempelhof-Schöneberg,"702",W,7B,7,81,W,1084,697,387,0,426,0,421,4,85,211,34,12,48,15,2,14,0,0,0,0,0,0,0,0,0,0,0,0,0,0,0,0,0,0,0,0,0,0,0,0,0,0,0,0,0,0,0,0,0,0,0,0,0,0,0,0
Erststimme,"07W703","07",Tempelhof-Schöneberg,"703",W,7C,7,81,W,1123,655,468,0,358,5,355,2,58,152,42,24,35,24,3,13,0,0,0,0,0,0,0,0,0,0,0,4,0,0,0,0,0,0,0,0,0,0,0,0,0,0,0,0,0,0,0,0,0,0,0,0,0,0,0,0
Erststimme,"07W704","07",Tempelhof-Schöneberg,"704",W,7D,7,81,W,1138,720,418,0,465,5,461,3,72,238,64,9,41,27,0,10,0,0,0,0,0,0,0,0,0,0,0,0,0,0,0,0,0,0,0,0,0,0,0,0,0,0,0,0,0,0,0,0,0,0,0,0,0,0,0,0
Erststimme,"07W705","07",Tempelhof-Schöneberg,"705",W,7D,7,81,W,1331,900,431,0,507,6,503,3,102,217,85,20,34,21,9,10,0,0,0,0,0,0,0,0,0,0,0,5,0,0,0,0,0,0,0,0,0,0,0,0,0,0,0,0,0,0,0,0,0,0,0,0,0,0,0,0
Erststimme,"07W706","07",Tempelhof-Schöneberg,"706",W,7E,7,81,W,1285,1012,273,0,401,3,390,11,82,155,14,24,59,16,9,26,0,0,0,0,0,0,0,0,0,0,0,5,0,0,0,0,0,0,0,0,0,0,0,0,0,0,0,0,0,0,0,0,0,0,0,0,0,0,0,0
Erststimme,"07W707","07",Tempelhof-Schöneberg,"707",W,7E,7,81,W,1220,889,331,0,363,0,352,11,82,120,22,19,72,18,6,10,0,0,0,0,0,0,0,0,0,0,0,3,0,0,0,0,0,0,0,0,0,0,0,0,0,0,0,0,0,0,0,0,0,0,0,0,0,0,0,0
Erststimme,"07W708","07",Tempelhof-Schöneberg,"708",W,7F,7,81,W,1148,731,417,0,351,1,348,0,73,170,25,16,31,13,6,11,0,0,0,0,0,0,0,0,0,0,0,3,0,0,0,0,0,0,0,0,0,0,0,0,0,0,0,0,0,0,0,0,0,0,0,0,0,0,0,0
Erststimme,"07W709","07",Tempelhof-Schöneberg,"709",W,7F,7,81,W,1221,834,387,0,429,7,427,2,77,176,40,19,70,20,8,15,0,0,0,0,0,0,0,0,0,0,0,2,0,0,0,0,0,0,0,0,0,0,0,0,0,0,0,0,0,0,0,0,0,0,0,0,0,0,0,0
Erststimme,"07W710","07",Tempelhof-Schöneberg,"710",W,7G,7,81,W,1145,713,432,0,491,10,487,4,89,233,64,19,31,23,12,13,0,0,0,0,0,0,0,0,0,0,0,3,0,0,0,0,0,0,0,0,0,0,0,0,0,0,0,0,0,0,0,0,0,0,0,0,0,0,0,0
Erststimme,"07W711","07",Tempelhof-Schöneberg,"711",W,7H,7,81,W,1141,732,409,0,370,1,364,6,58,169,57,11,36,11,5,15,0,0,0,0,0,0,0,0,0,0,0,2,0,0,0,0,0,0,0,0,0,0,0,0,0,0,0,0,0,0,0,0,0,0,0,0,0,0,0,0
Erststimme,"07W712","07",Tempelhof-Schöneberg,"712",W,7I,7,81,W,1125,706,419,0,477,7,474,3,101,214,84,12,19,30,5,9,0,0,0,0,0,0,0,0,0,0,0,0,0,0,0,0,0,0,0,0,0,0,0,0,0,0,0,0,0,0,0,0,0,0,0,0,0,0,0,0
Erststimme,"07W713","07",Tempelhof-Schöneberg,"713",W,7K,7,81,W,1288,737,551,0,492,2,492,0,74,253,66,12,47,16,8,16,0,0,0,0,0,0,0,0,0,0,0,0,0,0,0,0,0,0,0,0,0,0,0,0,0,0,0,0,0,0,0,0,0,0,0,0,0,0,0,0
Erststimme,"07W714","07",Tempelhof-Schöneberg,"714",W,7L,7,81,W,1142,862,280,0,418,2,410,8,65,192,19,9,79,10,4,26,0,0,0,0,0,0,0,0,0,0,0,6,0,0,0,0,0,0,0,0,0,0,0,0,0,0,0,0,0,0,0,0,0,0,0,0,0,0,0,0
Erststimme,"07W715","07",Tempelhof-Schöneberg,"715",W,7M,7,81,W,1161,770,391,0,476,3,468,8,68,255,48,11,42,23,7,12,0,0,0,0,0,0,0,0,0,0,0,2,0,0,0,0,0,0,0,0,0,0,0,0,0,0,0,0,0,0,0,0,0,0,0,0,0,0,0,0
Erststimme,"07W716","07",Tempelhof-Schöneberg,"716",W,7N,7,81,W,1186,688,498,0,433,5,431,2,79,250,39,13,21,12,4,13,0,0,0,0,0,0,0,0,0,0,0,0,0,0,0,0,0,0,0,0,0,0,0,0,0,0,0,0,0,0,0,0,0,0,0,0,0,0,0,0
Erststimme,"07W717","07",Tempelhof-Schöneberg,"717",W,7P,7,81,W,1141,681,460,0,359,7,352,6,63,166,27,16,52,11,4,12,0,0,0,0,0,0,0,0,0,0,0,1,0,0,0,0,0,0,0,0,0,0,0,0,0,0,0,0,0,0,0,0,0,0,0,0,0,0,0,0
Erststimme,"07W718","07",Tempelhof-Schöneberg,"718",W,7P,7,81,W,1100,817,283,0,386,2,381,5,81,176,22,15,52,10,7,15,0,0,0,0,0,0,0,0,0,0,0,3,0,0,0,0,0,0,0,0,0,0,0,0,0,0,0,0,0,0,0,0,0,0,0,0,0,0,0,0
Erststimme,"07W719","07",Tempelhof-Schöneberg,"719",W,7R,7,81,W,1191,721,470,0,411,6,410,1,69,219,21,10,50,27,1,10,0,0,0,0,0,0,0,0,0,0,0,3,0,0,0,0,0,0,0,0,0,0,0,0,0,0,0,0,0,0,0,0,0,0,0,0,0,0,0,0
Erststimme,"07W720","07",Tempelhof-Schöneberg,"720",W,7R,7,81,W,1140,790,350,0,439,2,437,2,71,220,42,16,48,20,3,14,0,0,0,0,0,0,0,0,0,0,0,3,0,0,0,0,0,0,0,0,0,0,0,0,0,0,0,0,0,0,0,0,0,0,0,0,0,0,0,0
Erststimme,"07W721","07",Tempelhof-Schöneberg,"721",W,7S,7,81,W,1121,705,416,0,413,4,409,4,65,228,26,9,42,18,1,18,0,0,0,0,0,0,0,0,0,0,0,2,0,0,0,0,0,0,0,0,0,0,0,0,0,0,0,0,0,0,0,0,0,0,0,0,0,0,0,0
Erststimme,"07W722","07",Tempelhof-Schöneberg,"722",W,7T,7,81,W,1153,793,360,0,373,1,367,6,77,156,29,27,42,16,3,14,0,0,0,0,0,0,0,0,0,0,0,3,0,0,0,0,0,0,0,0,0,0,0,0,0,0,0,0,0,0,0,0,0,0,0,0,0,0,0,0
Erststimme,"07W723","07",Tempelhof-Schöneberg,"723",W,7T,7,81,W,1185,882,303,0,405,6,389,16,78,181,28,16,50,19,3,10,0,0,0,0,0,0,0,0,0,0,0,4,0,0,0,0,0,0,0,0,0,0,0,0,0,0,0,0,0,0,0,0,0,0,0,0,0,0,0,0
Erststimme,"07W724","07",Tempelhof-Schöneberg,"724",W,7S,7,81,W,1135,878,257,0,324,2,323,1,75,133,15,22,44,12,6,14,0,0,0,0,0,0,0,0,0,0,0,2,0,0,0,0,0,0,0,0,0,0,0,0,0,0,0,0,0,0,0,0,0,0,0,0,0,0,0,0
Erststimme,"07W725","07",Tempelhof-Schöneberg,"725",W,7U,7,81,W,1064,770,294,0,289,2,285,4,55,105,13,14,72,5,2,17,0,0,0,0,0,0,0,0,0,0,0,2,0,0,0,0,0,0,0,0,0,0,0,0,0,0,0,0,0,0,0,0,0,0,0,0,0,0,0,0
Erststimme,"07W726","07",Tempelhof-Schöneberg,"726",W,7U,7,81,W,1143,675,468,0,400,6,396,4,84,159,42,13,47,28,7,13,0,0,0,0,0,0,0,0,0,0,0,3,0,0,0,0,0,0,0,0,0,0,0,0,0,0,0,0,0,0,0,0,0,0,0,0,0,0,0,0
Erststimme,"07W727","07",Tempelhof-Schöneberg,"727",W,7V,7,81,W,963,543,420,0,328,3,328,0,73,146,37,12,37,11,3,7,0,0,0,0,0,0,0,0,0,0,0,2,0,0,0,0,0,0,0,0,0,0,0,0,0,0,0,0,0,0,0,0,0,0,0,0,0,0,0,0
Erststimme,"07W728","07",Tempelhof-Schöneberg,"728",W,7V,7,81,W,927,490,437,0,321,2,315,6,66,136,32,12,35,23,1,8,0,0,0,0,0,0,0,0,0,0,0,2,0,0,0,0,0,0,0,0,0,0,0,0,0,0,0,0,0,0,0,0,0,0,0,0,0,0,0,0
Erststimme,"07B7A","07",Tempelhof-Schöneberg,7A,B,7A,7,81,W,0,0,0,0,474,474,471,1,107,246,61,7,14,23,3,9,0,0,0,0,0,0,0,0,0,0,0,1,0,0,0,0,0,0,0,0,0,0,0,0,0,0,0,0,0,0,0,0,0,0,0,0,0,0,0,0
Erststimme,"07B7B","07",Tempelhof-Schöneberg,7B,B,7B,7,81,W,0,0,0,0,347,347,344,3,70,191,26,7,20,11,5,12,0,0,0,0,0,0,0,0,0,0,0,2,0,0,0,0,0,0,0,0,0,0,0,0,0,0,0,0,0,0,0,0,0,0,0,0,0,0,0,0
Erststimme,"07B7C","07",Tempelhof-Schöneberg,7C,B,7C,7,81,W,0,0,0,0,418,418,417,0,74,225,32,10,38,14,5,16,0,0,0,0,0,0,0,0,0,0,0,3,0,0,0,0,0,0,0,0,0,0,0,0,0,0,0,0,0,0,0,0,0,0,0,0,0,0,0,0
Erststimme,"07B7D","07",Tempelhof-Schöneberg,7D,B,7D,7,81,W,0,0,0,0,778,778,775,2,156,408,87,14,45,42,8,13,0,0,0,0,0,0,0,0,0,0,0,2,0,0,0,0,0,0,0,0,0,0,0,0,0,0,0,0,0,0,0,0,0,0,0,0,0,0,0,0
Erststimme,"07B7E","07",Tempelhof-Schöneberg,7E,B,7E,7,81,W,0,0,0,0,546,546,536,10,124,242,31,25,44,28,9,30,0,0,0,0,0,0,0,0,0,0,0,3,0,0,0,0,0,0,0,0,0,0,0,0,0,0,0,0,0,0,0,0,0,0,0,0,0,0,0,0
Erststimme,"07B7F","07",Tempelhof-Schöneberg,7F,B,7F,7,81,W,0,0,0,0,723,723,718,5,151,386,57,28,39,36,7,12,0,0,0,0,0,0,0,0,0,0,0,2,0,0,0,0,0,0,0,0,0,0,0,0,0,0,0,0,0,0,0,0,0,0,0,0,0,0,0,0
Erststimme,"07B7G","07",Tempelhof-Schöneberg,7G,B,7G,7,81,W,0,0,0,0,398,398,394,4,87,199,54,10,15,18,3,7,0,0,0,0,0,0,0,0,0,0,0,1,0,0,0,0,0,0,0,0,0,0,0,0,0,0,0,0,0,0,0,0,0,0,0,0,0,0,0,0
Erststimme,"07B7H","07",Tempelhof-Schöneberg,7H,B,7H,7,81,W,0,0,0,0,383,383,382,1,80,173,57,13,30,13,4,10,0,0,0,0,0,0,0,0,0,0,0,2,0,0,0,0,0,0,0,0,0,0,0,0,0,0,0,0,0,0,0,0,0,0,0,0,0,0,0,0
Erststimme,"07B7I","07",Tempelhof-Schöneberg,7I,B,7I,7,81,W,0,0,0,0,383,383,380,1,77,171,69,10,24,14,4,10,0,0,0,0,0,0,0,0,0,0,0,1,0,0,0,0,0,0,0,0,0,0,0,0,0,0,0,0,0,0,0,0,0,0,0,0,0,0,0,0
Erststimme,"07B7K","07",Tempelhof-Schöneberg,7K,B,7K,7,81,W,0,0,0,0,505,505,498,3,101,287,46,13,18,22,3,7,0,0,0,0,0,0,0,0,0,0,0,1,0,0,0,0,0,0,0,0,0,0,0,0,0,0,0,0,0,0,0,0,0,0,0,0,0,0,0,0
Erststimme,"07B7L","07",Tempelhof-Schöneberg,7L,B,7L,7,81,W,0,0,0,0,248,248,247,1,58,106,14,10,30,7,5,14,0,0,0,0,0,0,0,0,0,0,0,3,0,0,0,0,0,0,0,0,0,0,0,0,0,0,0,0,0,0,0,0,0,0,0,0,0,0,0,0
Erststimme,"07B7M","07",Tempelhof-Schöneberg,7M,B,7M,7,81,W,0,0,0,0,357,357,355,2,65,190,40,14,21,11,3,10,0,0,0,0,0,0,0,0,0,0,0,1,0,0,0,0,0,0,0,0,0,0,0,0,0,0,0,0,0,0,0,0,0,0,0,0,0,0,0,0
Erststimme,"07B7N","07",Tempelhof-Schöneberg,7N,B,7N,7,81,W,0,0,0,0,463,463,462,0,102,256,45,5,21,25,0,7,0,0,0,0,0,0,0,0,0,0,0,1,0,0,0,0,0,0,0,0,0,0,0,0,0,0,0,0,0,0,0,0,0,0,0,0,0,0,0,0
Erststimme,"07B7P","07",Tempelhof-Schöneberg,7P,B,7P,7,81,W,0,0,0,0,685,685,678,7,148,356,51,10,50,28,4,28,0,0,0,0,0,0,0,0,0,0,0,3,0,0,0,0,0,0,0,0,0,0,0,0,0,0,0,0,0,0,0,0,0,0,0,0,0,0,0,0
Erststimme,"07B7R","07",Tempelhof-Schöneberg,7R,B,7R,7,81,W,0,0,0,0,749,749,741,7,135,420,73,16,40,26,11,17,0,0,0,0,0,0,0,0,0,0,0,3,0,0,0,0,0,0,0,0,0,0,0,0,0,0,0,0,0,0,0,0,0,0,0,0,0,0,0,0
Erststimme,"07B7S","07",Tempelhof-Schöneberg,7S,B,7S,7,81,W,0,0,0,0,614,614,604,8,143,310,56,13,32,25,4,20,0,0,0,0,0,0,0,0,0,0,0,1,0,0,0,0,0,0,0,0,0,0,0,0,0,0,0,0,0,0,0,0,0,0,0,0,0,0,0,0
Erststimme,"07B7T","07",Tempelhof-Schöneberg,7T,B,7T,7,81,W,0,0,0,0,619,619,612,7,117,324,56,17,49,21,4,23,0,0,0,0,0,0,0,0,0,0,0,1,0,0,0,0,0,0,0,0,0,0,0,0,0,0,0,0,0,0,0,0,0,0,0,0,0,0,0,0
Erststimme,"07B7U","07",Tempelhof-Schöneberg,7U,B,7U,7,81,W,0,0,0,0,622,622,618,4,140,322,42,18,44,21,7,20,0,0,0,0,0,0,0,0,0,0,0,4,0,0,0,0,0,0,0,0,0,0,0,0,0,0,0,0,0,0,0,0,0,0,0,0,0,0,0,0
Erststimme,"07B7V","07",Tempelhof-Schöneberg,7V,B,7V,7,81,W,0,0,0,0,854,854,845,8,133,503,77,22,40,35,7,22,0,0,0,0,0,0,0,0,0,0,0,6,0,0,0,0,0,0,0,0,0,0,0,0,0,0,0,0,0,0,0,0,0,0,0,0,0,0,0,0
Erststimme,"08W101","08",Neukölln,"101",W,1A,1,82,W,1004,652,352,0,312,11,312,0,38,35,116,88,7,4,11,7,0,0,0,0,0,0,0,0,0,0,0,5,0,0,0,0,0,0,1,0,0,0,0,0,0,0,0,0,0,0,0,0,0,0,0,0,0,0,0,0
Erststimme,"08W102","08",Neukölln,"102",W,1AA,1,82,W,1081,662,419,0,369,7,366,3,56,31,139,94,9,2,19,6,0,0,0,0,0,0,0,0,0,0,0,3,0,0,0,0,0,0,7,0,0,0,0,0,0,0,0,0,0,0,0,0,0,0,0,0,0,0,0,0
Erststimme,"08W103","08",Neukölln,"103",W,1AB,1,82,W,1027,675,352,0,379,3,376,3,50,32,163,89,12,6,14,2,0,0,0,0,0,0,0,0,0,0,0,2,0,0,0,0,0,0,6,0,0,0,0,0,0,0,0,0,0,0,0,0,0,0,0,0,0,0,0,0
Erststimme,"08W104","08",Neukölln,"104",W,1AC,1,82,W,995,634,361,0,330,9,328,2,54,24,128,90,3,3,9,10,0,0,0,0,0,0,0,0,0,0,0,1,0,0,0,0,0,0,6,0,0,0,0,0,0,0,0,0,0,0,0,0,0,0,0,0,0,0,0,0
Erststimme,"08W105","08",Neukölln,"105",W,1B,1,82,W,1018,705,313,0,373,8,373,0,49,33,137,112,11,3,11,7,0,0,0,0,0,0,0,0,0,0,0,2,0,0,0,0,0,0,8,0,0,0,0,0,0,0,0,0,0,0,0,0,0,0,0,0,0,0,0,0
Erststimme,"08W106","08",Neukölln,"106",W,1C,1,82,W,1033,705,328,0,416,0,410,5,51,57,138,118,7,3,17,5,0,0,0,0,0,0,0,0,0,0,0,6,0,0,0,0,0,0,8,0,0,0,0,0,0,0,0,0,0,0,0,0,0,0,0,0,0,0,0,0
Erststimme,"08W107","08",Neukölln,"107",W,1D,1,82,W,1044,694,350,0,398,5,398,0,46,16,148,134,15,2,19,10,0,0,0,0,0,0,0,0,0,0,0,4,0,0,0,0,0,0,4,0,0,0,0,0,0,0,0,0,0,0,0,0,0,0,0,0,0,0,0,0
Erststimme,"08W108","08",Neukölln,"108",W,1E,1,82,W,991,727,264,0,319,7,314,4,44,25,121,98,3,4,8,3,0,0,0,0,0,0,0,0,0,0,0,2,0,0,0,0,0,0,6,0,0,0,0,0,0,0,0,0,0,0,0,0,0,0,0,0,0,0,0,0
Erststimme,"08W109","08",Neukölln,"109",W,1F,1,82,W,1021,721,300,0,334,4,334,0,39,28,121,91,15,7,13,10,0,0,0,0,0,0,0,0,0,0,0,4,0,0,0,0,0,0,6,0,0,0,0,0,0,0,0,0,0,0,0,0,0,0,0,0,0,0,0,0
Erststimme,"08W110","08",Neukölln,"110",W,1G,1,82,W,1001,700,301,0,343,0,338,5,47,51,126,86,5,4,9,3,0,0,0,0,0,0,0,0,0,0,0,6,0,0,0,0,0,0,1,0,0,0,0,0,0,0,0,0,0,0,0,0,0,0,0,0,0,0,0,0
Erststimme,"08W111","08",Neukölln,"111",W,1H,1,82,W,959,691,268,0,310,5,306,4,32,34,121,86,8,10,7,3,0,0,0,0,0,0,0,0,0,0,0,1,0,0,0,0,0,0,4,0,0,0,0,0,0,0,0,0,0,0,0,0,0,0,0,0,0,0,0,0
Erststimme,"08W112","08",Neukölln,"112",W,1I,1,82,W,1137,821,316,0,295,3,292,3,52,32,93,73,15,3,12,6,0,0,0,0,0,0,0,0,0,0,0,3,0,0,0,0,0,0,3,0,0,0,0,0,0,0,0,0,0,0,0,0,0,0,0,0,0,0,0,0
Erststimme,"08W113","08",Neukölln,"113",W,1J,1,82,W,1046,736,310,0,356,1,356,0,40,24,125,113,17,5,14,8,0,0,0,0,0,0,0,0,0,0,0,3,0,0,0,0,0,0,7,0,0,0,0,0,0,0,0,0,0,0,0,0,0,0,0,0,0,0,0,0
Erststimme,"08W114","08",Neukölln,"114",W,1K,1,82,W,988,676,312,0,303,8,303,0,53,17,117,84,6,2,9,7,0,0,0,0,0,0,0,0,0,0,0,3,0,0,0,0,0,0,5,0,0,0,0,0,0,0,0,0,0,0,0,0,0,0,0,0,0,0,0,0
Erststimme,"08W115","08",Neukölln,"115",W,1L,1,82,W,974,718,256,0,336,5,336,0,48,38,92,113,8,7,8,10,0,0,0,0,0,0,0,0,0,0,0,4,0,0,0,0,0,0,8,0,0,0,0,0,0,0,0,0,0,0,0,0,0,0,0,0,0,0,0,0
Erststimme,"08W116","08",Neukölln,"116",W,1M,1,82,W,1127,750,377,0,312,0,309,3,38,22,108,105,8,4,10,8,0,0,0,0,0,0,0,0,0,0,0,2,0,0,0,0,0,0,4,0,0,0,0,0,0,0,0,0,0,0,0,0,0,0,0,0,0,0,0,0
Erststimme,"08W117","08",Neukölln,"117",W,1N,1,82,W,1066,723,343,0,386,5,381,5,53,38,118,130,11,5,10,5,0,0,0,0,0,0,0,0,0,0,0,2,0,0,0,0,0,0,9,0,0,0,0,0,0,0,0,0,0,0,0,0,0,0,0,0,0,0,0,0
Erststimme,"08W118","08",Neukölln,"118",W,1P,1,82,W,983,689,294,0,364,7,360,4,60,42,104,104,22,3,7,5,0,0,0,0,0,0,0,0,0,0,0,5,0,0,0,0,0,0,8,0,0,0,0,0,0,0,0,0,0,0,0,0,0,0,0,0,0,0,0,0
Erststimme,"08W119","08",Neukölln,"119",W,1Q,1,82,W,1048,647,401,0,304,0,303,1,47,22,98,96,14,5,6,5,0,0,0,0,0,0,0,0,0,0,0,2,0,0,0,0,0,0,8,0,0,0,0,0,0,0,0,0,0,0,0,0,0,0,0,0,0,0,0,0
Erststimme,"08W120","08",Neukölln,"120",W,1R,1,82,W,1040,706,334,0,364,9,363,1,42,31,124,109,7,3,15,15,0,0,0,0,0,0,0,0,0,0,0,2,0,0,0,0,0,0,15,0,0,0,0,0,0,0,0,0,0,0,0,0,0,0,0,0,0,0,0,0
Erststimme,"08W121","08",Neukölln,"121",W,1S,1,82,W,1094,768,326,0,349,6,349,0,63,38,103,91,22,5,11,9,0,0,0,0,0,0,0,0,0,0,0,2,0,0,0,0,0,0,5,0,0,0,0,0,0,0,0,0,0,0,0,0,0,0,0,0,0,0,0,0
Erststimme,"08W122","08",Neukölln,"122",W,1T,1,82,W,872,604,268,0,273,8,271,2,48,33,76,67,12,5,12,12,0,0,0,0,0,0,0,0,0,0,0,0,0,0,0,0,0,0,6,0,0,0,0,0,0,0,0,0,0,0,0,0,0,0,0,0,0,0,0,0
Erststimme,"08W123","08",Neukölln,"123",W,1U,1,82,W,1049,658,391,0,296,3,295,1,60,64,44,51,38,8,10,10,0,0,0,0,0,0,0,0,0,0,0,7,0,0,0,0,0,0,3,0,0,0,0,0,0,0,0,0,0,0,0,0,0,0,0,0,0,0,0,0
Erststimme,"08W124","08",Neukölln,"124",W,1T,1,82,W,926,612,314,0,346,2,346,0,56,20,103,124,6,5,8,14,0,0,0,0,0,0,0,0,0,0,0,2,0,0,0,0,0,0,8,0,0,0,0,0,0,0,0,0,0,0,0,0,0,0,0,0,0,0,0,0
Erststimme,"08W125","08",Neukölln,"125",W,1V,1,82,W,1060,669,391,0,352,8,351,1,49,42,79,118,29,3,12,10,0,0,0,0,0,0,0,0,0,0,0,4,0,0,0,0,0,0,5,0,0,0,0,0,0,0,0,0,0,0,0,0,0,0,0,0,0,0,0,0
Erststimme,"08W126","08",Neukölln,"126",W,1W,1,82,W,933,627,306,0,306,4,303,3,45,32,95,91,12,5,9,3,0,0,0,0,0,0,0,0,0,0,0,4,0,0,0,0,0,0,7,0,0,0,0,0,0,0,0,0,0,0,0,0,0,0,0,0,0,0,0,0
Erststimme,"08W127","08",Neukölln,"127",W,1X,1,82,W,1124,790,334,0,322,9,312,10,59,50,71,75,19,4,13,12,0,0,0,0,0,0,0,0,0,0,0,1,0,0,0,0,0,0,8,0,0,0,0,0,0,0,0,0,0,0,0,0,0,0,0,0,0,0,0,0
Erststimme,"08W128","08",Neukölln,"128",W,1Y,1,82,W,913,718,195,0,286,3,284,2,37,39,74,88,21,1,9,7,0,0,0,0,0,0,0,0,0,0,0,2,0,0,0,0,0,0,6,0,0,0,0,0,0,0,0,0,0,0,0,0,0,0,0,0,0,0,0,0
Erststimme,"08W129","08",Neukölln,"129",W,1Z,1,82,W,992,660,332,0,333,5,332,1,53,38,97,102,19,3,7,3,0,0,0,0,0,0,0,0,0,0,0,2,0,0,0,0,0,0,8,0,0,0,0,0,0,0,0,0,0,0,0,0,0,0,0,0,0,0,0,0
Erststimme,"08W130","08",Neukölln,"130",W,1Z,1,82,W,994,775,219,0,367,4,363,4,63,63,87,97,18,6,10,12,0,0,0,0,0,0,0,0,0,0,0,3,0,0,0,0,0,0,4,0,0,0,0,0,0,0,0,0,0,0,0,0,0,0,0,0,0,0,0,0
Erststimme,"08W131","08",Neukölln,"131",W,1Y,1,82,W,807,651,156,0,214,0,210,4,31,23,48,61,20,8,13,2,0,0,0,0,0,0,0,0,0,0,0,4,0,0,0,0,0,0,0,0,0,0,0,0,0,0,0,0,0,0,0,0,0,0,0,0,0,0,0,0
Erststimme,"08B1A","08",Neukölln,1A,B,1A,1,82,W,0,0,0,0,308,308,307,1,59,16,137,61,6,2,12,9,0,0,0,0,0,0,0,0,0,0,0,1,0,0,0,0,0,0,4,0,0,0,0,0,0,0,0,0,0,0,0,0,0,0,0,0,0,0,0,0
Erststimme,"08B1AA","08",Neukölln,1AA,B,1AA,1,82,W,0,0,0,0,357,357,354,2,45,27,157,72,8,12,19,9,0,0,0,0,0,0,0,0,0,0,0,3,0,0,0,0,0,0,2,0,0,0,0,0,0,0,0,0,0,0,0,0,0,0,0,0,0,0,0,0
Erststimme,"08B1AB","08",Neukölln,1AB,B,1AB,1,82,W,0,0,0,0,319,319,319,0,46,27,159,61,1,4,9,6,0,0,0,0,0,0,0,0,0,0,0,1,0,0,0,0,0,0,5,0,0,0,0,0,0,0,0,0,0,0,0,0,0,0,0,0,0,0,0,0
Erststimme,"08B1AC","08",Neukölln,1AC,B,1AC,1,82,W,0,0,0,0,315,315,313,2,51,19,147,71,1,4,9,4,0,0,0,0,0,0,0,0,0,0,0,5,0,0,0,0,0,0,2,0,0,0,0,0,0,0,0,0,0,0,0,0,0,0,0,0,0,0,0,0
Erststimme,"08B1B","08",Neukölln,1B,B,1B,1,82,W,0,0,0,0,273,273,270,3,41,16,116,60,2,5,14,3,0,0,0,0,0,0,0,0,0,0,0,3,0,0,0,0,0,0,10,0,0,0,0,0,0,0,0,0,0,0,0,0,0,0,0,0,0,0,0,0
Erststimme,"08B1C","08",Neukölln,1C,B,1C,1,82,W,0,0,0,0,293,293,290,3,34,40,124,59,11,5,6,3,0,0,0,0,0,0,0,0,0,0,0,3,0,0,0,0,0,0,5,0,0,0,0,0,0,0,0,0,0,0,0,0,0,0,0,0,0,0,0,0
Erststimme,"08B1D","08",Neukölln,1D,B,1D,1,82,W,0,0,0,0,311,311,310,1,28,30,135,90,5,5,10,2,0,0,0,0,0,0,0,0,0,0,0,1,0,0,0,0,0,0,4,0,0,0,0,0,0,0,0,0,0,0,0,0,0,0,0,0,0,0,0,0
Erststimme,"08B1E","08",Neukölln,1E,B,1E,1,82,W,0,0,0,0,226,226,222,3,28,18,103,49,4,5,8,3,0,0,0,0,0,0,0,0,0,0,0,1,0,0,0,0,0,0,3,0,0,0,0,0,0,0,0,0,0,0,0,0,0,0,0,0,0,0,0,0
Erststimme,"08B1F","08",Neukölln,1F,B,1F,1,82,W,0,0,0,0,261,261,260,1,39,23,104,59,4,10,8,3,0,0,0,0,0,0,0,0,0,0,0,3,0,0,0,0,0,0,7,0,0,0,0,0,0,0,0,0,0,0,0,0,0,0,0,0,0,0,0,0
Erststimme,"08B1G","08",Neukölln,1G,B,1G,1,82,W,0,0,0,0,255,255,254,1,42,17,110,51,4,12,5,5,0,0,0,0,0,0,0,0,0,0,0,2,0,0,0,0,0,0,6,0,0,0,0,0,0,0,0,0,0,0,0,0,0,0,0,0,0,0,0,0
Erststimme,"08B1H","08",Neukölln,1H,B,1H,1,82,W,0,0,0,0,243,243,241,1,32,21,116,48,3,2,4,4,0,0,0,0,0,0,0,0,0,0,0,1,0,0,0,0,0,0,10,0,0,0,0,0,0,0,0,0,0,0,0,0,0,0,0,0,0,0,0,0
Erststimme,"08B1I","08",Neukölln,1I,B,1I,1,82,W,0,0,0,0,284,284,283,1,63,45,72,66,14,3,11,5,0,0,0,0,0,0,0,0,0,0,0,3,0,0,0,0,0,0,1,0,0,0,0,0,0,0,0,0,0,0,0,0,0,0,0,0,0,0,0,0
Erststimme,"08B1J","08",Neukölln,1J,B,1J,1,82,W,0,0,0,0,277,277,275,2,50,20,120,63,2,3,9,3,0,0,0,0,0,0,0,0,0,0,0,1,0,0,0,0,0,0,4,0,0,0,0,0,0,0,0,0,0,0,0,0,0,0,0,0,0,0,0,0
Erststimme,"08B1K","08",Neukölln,1K,B,1K,1,82,W,0,0,0,0,281,281,280,0,44,26,108,75,5,3,8,5,0,0,0,0,0,0,0,0,0,0,0,0,0,0,0,0,0,0,6,0,0,0,0,0,0,0,0,0,0,0,0,0,0,0,0,0,0,0,0,0
Erststimme,"08B1L","08",Neukölln,1L,B,1L,1,82,W,0,0,0,0,230,230,227,2,30,13,90,61,8,1,6,8,0,0,0,0,0,0,0,0,0,0,0,0,0,0,0,0,0,0,10,0,0,0,0,0,0,0,0,0,0,0,0,0,0,0,0,0,0,0,0,0
Erststimme,"08B1M","08",Neukölln,1M,B,1M,1,82,W,0,0,0,0,338,338,338,0,40,26,140,93,10,7,8,6,0,0,0,0,0,0,0,0,0,0,0,1,0,0,0,0,0,0,7,0,0,0,0,0,0,0,0,0,0,0,0,0,0,0,0,0,0,0,0,0
Erststimme,"08B1N","08",Neukölln,1N,B,1N,1,82,W,0,0,0,0,308,308,306,1,47,26,112,80,2,5,12,9,0,0,0,0,0,0,0,0,0,0,0,3,0,0,0,0,0,0,10,0,0,0,0,0,0,0,0,0,0,0,0,0,0,0,0,0,0,0,0,0
Erststimme,"08B1P","08",Neukölln,1P,B,1P,1,82,W,0,0,0,0,260,260,258,2,45,31,91,58,6,1,2,10,0,0,0,0,0,0,0,0,0,0,0,4,0,0,0,0,0,0,10,0,0,0,0,0,0,0,0,0,0,0,0,0,0,0,0,0,0,0,0,0
Erststimme,"08B1Q","08",Neukölln,1Q,B,1Q,1,82,W,0,0,0,0,370,370,368,1,63,37,123,101,10,3,11,10,0,0,0,0,0,0,0,0,0,0,0,2,0,0,0,0,0,0,8,0,0,0,0,0,0,0,0,0,0,0,0,0,0,0,0,0,0,0,0,0
Erststimme,"08B1R","08",Neukölln,1R,B,1R,1,82,W,0,0,0,0,292,292,291,1,35,28,120,75,6,5,11,2,0,0,0,0,0,0,0,0,0,0,0,1,0,0,0,0,0,0,8,0,0,0,0,0,0,0,0,0,0,0,0,0,0,0,0,0,0,0,0,0
Erststimme,"08B1S","08",Neukölln,1S,B,1S,1,82,W,0,0,0,0,300,300,297,3,48,36,109,68,9,5,9,6,0,0,0,0,0,0,0,0,0,0,0,0,0,0,0,0,0,0,7,0,0,0,0,0,0,0,0,0,0,0,0,0,0,0,0,0,0,0,0,0
Erststimme,"08B1T","08",Neukölln,1T,B,1T,1,82,W,0,0,0,0,530,530,525,3,64,50,205,135,20,8,13,15,0,0,0,0,0,0,0,0,0,0,0,1,0,0,0,0,0,0,14,0,0,0,0,0,0,0,0,0,0,0,0,0,0,0,0,0,0,0,0,0
Erststimme,"08B1U","08",Neukölln,1U,B,1U,1,82,W,0,0,0,0,359,359,357,2,74,90,60,44,38,12,5,17,0,0,0,0,0,0,0,0,0,0,0,8,0,0,0,0,0,0,9,0,0,0,0,0,0,0,0,0,0,0,0,0,0,0,0,0,0,0,0,0
Erststimme,"08B1V","08",Neukölln,1V,B,1V,1,82,W,0,0,0,0,342,342,338,4,58,64,102,71,12,5,9,9,0,0,0,0,0,0,0,0,0,0,0,3,0,0,0,0,0,0,5,0,0,0,0,0,0,0,0,0,0,0,0,0,0,0,0,0,0,0,0,0
Erststimme,"08B1W","08",Neukölln,1W,B,1W,1,82,W,0,0,0,0,322,322,320,2,51,36,108,83,5,7,13,4,0,0,0,0,0,0,0,0,0,0,0,4,0,0,0,0,0,0,9,0,0,0,0,0,0,0,0,0,0,0,0,0,0,0,0,0,0,0,0,0
Erststimme,"08B1X","08",Neukölln,1X,B,1X,1,82,W,0,0,0,0,281,281,281,0,40,48,103,54,8,4,8,7,0,0,0,0,0,0,0,0,0,0,0,2,0,0,0,0,0,0,7,0,0,0,0,0,0,0,0,0,0,0,0,0,0,0,0,0,0,0,0,0
Erststimme,"08B1Y","08",Neukölln,1Y,B,1Y,1,82,W,0,0,0,0,318,318,315,3,51,52,112,76,1,9,3,4,0,0,0,0,0,0,0,0,0,0,0,4,0,0,0,0,0,0,3,0,0,0,0,0,0,0,0,0,0,0,0,0,0,0,0,0,0,0,0,0
Erststimme,"08B1Z","08",Neukölln,1Z,B,1Z,1,82,W,0,0,0,0,504,504,497,7,72,65,164,119,26,10,16,15,0,0,0,0,0,0,0,0,0,0,0,2,0,0,0,0,0,0,8,0,0,0,0,0,0,0,0,0,0,0,0,0,0,0,0,0,0,0,0,0
Erststimme,"08W201","08",Neukölln,"201",W,2A,2,82,W,1206,787,419,0,391,9,389,2,58,55,164,86,11,0,4,5,0,0,0,0,1,0,0,0,0,0,1,2,0,0,0,0,0,0,0,0,0,1,0,0,0,0,0,0,0,0,0,0,0,0,0,0,1,0,0,0
Erststimme,"08W202","08",Neukölln,"202",W,2AA,2,82,W,1068,806,262,0,381,5,378,3,67,30,113,128,17,0,12,7,0,0,0,0,0,0,0,0,0,0,0,1,0,0,0,0,0,0,0,0,0,0,0,0,0,0,0,0,0,0,0,0,0,0,0,0,3,0,0,0
Erststimme,"08W203","08",Neukölln,"203",W,2AB,2,82,W,901,663,238,0,298,4,295,3,46,42,109,75,8,0,5,8,0,0,0,0,0,0,0,0,0,0,1,0,0,0,0,0,0,0,0,0,0,1,0,0,0,0,0,0,0,0,0,0,0,0,0,0,0,0,0,0
Erststimme,"08W204","08",Neukölln,"204",W,2B,2,82,W,980,667,313,0,344,9,342,2,52,33,121,98,12,0,17,5,0,0,0,0,1,0,0,0,0,0,0,2,0,0,0,0,0,0,0,0,0,1,0,0,0,0,0,0,0,0,0,0,0,0,0,0,0,0,0,0
Erststimme,"08W205","08",Neukölln,"205",W,2C,2,82,W,1004,720,284,0,330,0,323,7,30,31,114,118,9,0,9,5,0,0,0,0,1,0,0,0,0,0,2,1,0,0,0,0,0,0,0,0,0,2,0,0,0,0,0,0,0,0,0,0,0,0,0,0,1,0,0,0
Erststimme,"08W206","08",Neukölln,"206",W,2D,2,82,W,1031,743,288,0,299,5,295,4,48,19,100,99,14,0,8,4,0,0,0,0,0,0,0,0,0,0,0,3,0,0,0,0,0,0,0,0,0,0,0,0,0,0,0,0,0,0,0,0,0,0,0,0,0,0,0,0
Erststimme,"08W207","08",Neukölln,"207",W,2E,2,82,W,974,700,274,0,306,3,303,3,35,19,99,124,6,0,13,3,0,0,0,0,0,0,0,0,0,0,0,4,0,0,0,0,0,0,0,0,0,0,0,0,0,0,0,0,0,0,0,0,0,0,0,0,0,0,0,0
Erststimme,"08W208","08",Neukölln,"208",W,2F,2,82,W,975,635,340,0,286,5,285,1,47,28,103,82,12,0,6,5,0,0,0,0,1,0,0,0,0,0,0,1,0,0,0,0,0,0,0,0,0,0,0,0,0,0,0,0,0,0,0,0,0,0,0,0,0,0,0,0
Erststimme,"08W209","08",Neukölln,"209",W,2G,2,82,W,949,669,280,0,314,4,310,4,52,28,69,134,5,0,9,8,0,0,0,0,0,0,0,0,0,0,0,4,0,0,0,0,0,0,0,0,0,0,0,0,0,0,0,0,0,0,0,0,0,0,0,0,1,0,0,0
Erststimme,"08W210","08",Neukölln,"210",W,2H,2,82,W,1027,732,295,0,295,4,291,4,57,50,78,76,19,0,6,2,0,0,0,0,0,0,0,0,0,0,0,3,0,0,0,0,0,0,0,0,0,0,0,0,0,0,0,0,0,0,0,0,0,0,0,0,0,0,0,0
Erststimme,"08W211","08",Neukölln,"211",W,2H,2,82,W,1046,740,306,0,320,0,315,5,59,34,102,86,21,0,4,1,0,0,0,0,0,0,0,0,0,0,1,1,0,0,0,0,0,0,0,0,0,3,0,0,0,0,0,0,0,0,0,0,0,0,0,0,3,0,0,0
Erststimme,"08W212","08",Neukölln,"212",W,2I,2,82,W,1073,730,343,0,340,8,335,5,53,34,127,100,7,0,10,3,0,0,0,0,0,0,0,0,0,0,0,1,0,0,0,0,0,0,0,0,0,0,0,0,0,0,0,0,0,0,0,0,0,0,0,0,0,0,0,0
Erststimme,"08W213","08",Neukölln,"213",W,2J,2,82,W,1066,756,310,0,329,0,325,4,39,25,99,128,12,0,4,5,0,0,0,0,0,0,0,0,0,0,1,8,0,0,0,0,0,0,0,0,0,1,0,0,0,0,0,0,0,0,0,0,0,0,0,0,3,0,0,0
Erststimme,"08W214","08",Neukölln,"214",W,2K,2,82,W,1014,693,321,0,350,10,344,6,39,19,129,129,7,0,9,7,0,0,0,0,0,0,0,0,0,0,1,3,0,0,0,0,0,0,0,0,0,1,0,0,0,0,0,0,0,0,0,0,0,0,0,0,0,0,0,0
Erststimme,"08W215","08",Neukölln,"215",W,2L,2,82,W,1009,750,259,0,419,15,414,5,48,54,137,145,10,0,7,10,0,0,0,0,0,0,0,0,0,0,0,1,0,0,0,0,0,0,0,0,0,2,0,0,0,0,0,0,0,0,0,0,0,0,0,0,0,0,0,0
Erststimme,"08W216","08",Neukölln,"216",W,2M,2,82,W,1014,715,299,0,387,14,384,3,55,31,135,125,23,0,6,8,0,0,0,0,0,0,0,0,0,0,0,1,0,0,0,0,0,0,0,0,0,0,0,0,0,0,0,0,0,0,0,0,0,0,0,0,0,0,0,0
Erststimme,"08W217","08",Neukölln,"217",W,2N,2,82,W,1092,805,287,0,409,9,406,2,47,42,135,130,18,0,13,8,0,0,0,0,1,0,0,0,0,0,0,8,0,0,0,0,0,0,0,0,0,3,0,0,0,0,0,0,0,0,0,0,0,0,0,0,1,0,0,0
Erststimme,"08W218","08",Neukölln,"218",W,2P,2,82,W,1026,746,280,0,359,0,358,1,63,28,105,124,16,0,8,11,0,0,0,0,0,0,0,0,0,0,0,2,0,0,0,0,0,0,0,0,0,1,0,0,0,0,0,0,0,0,0,0,0,0,0,0,0,0,0,0
Erststimme,"08W219","08",Neukölln,"219",W,2Q,2,82,W,1010,727,283,0,373,3,369,4,59,51,118,100,23,0,4,8,0,0,0,0,0,0,0,0,0,0,1,4,0,0,0,0,0,0,0,0,0,1,0,0,0,0,0,0,0,0,0,0,0,0,0,0,0,0,0,0
Erststimme,"08W220","08",Neukölln,"220",W,2R,2,82,W,1071,759,312,0,348,0,347,1,49,30,115,111,18,0,8,9,0,0,0,0,0,0,0,0,0,0,1,4,0,0,0,0,0,0,0,0,0,1,0,0,0,0,0,0,0,0,0,0,0,0,0,0,1,0,0,0
Erststimme,"08W221","08",Neukölln,"221",W,2S,2,82,W,1037,718,319,0,317,14,311,6,43,25,108,107,12,0,7,5,0,0,0,0,0,0,0,0,0,0,1,1,0,0,0,0,0,0,0,0,0,1,0,0,0,0,0,0,0,0,0,0,0,0,0,0,1,0,0,0
Erststimme,"08W222","08",Neukölln,"222",W,2T,2,82,W,1020,740,280,0,282,6,282,0,24,28,92,106,15,0,4,7,0,0,0,0,0,0,0,0,0,0,0,4,0,0,0,0,0,0,0,0,0,1,0,0,0,0,0,0,0,0,0,0,0,0,0,0,1,0,0,0
Erststimme,"08W223","08",Neukölln,"223",W,2U,2,82,W,1023,912,111,0,240,2,236,4,45,71,32,54,18,0,7,8,0,0,0,0,0,0,0,0,0,0,0,0,0,0,0,0,0,0,0,0,0,1,0,0,0,0,0,0,0,0,0,0,0,0,0,0,0,0,0,0
Erststimme,"08W224","08",Neukölln,"224",W,2U,2,82,W,1110,903,207,0,328,2,325,3,59,68,55,98,37,0,3,5,0,0,0,0,0,0,0,0,0,0,0,0,0,0,0,0,0,0,0,0,0,0,0,0,0,0,0,0,0,0,0,0,0,0,0,0,0,0,0,0
Erststimme,"08W225","08",Neukölln,"225",W,2V,2,82,W,993,739,254,0,327,6,320,7,58,55,100,77,13,0,8,8,0,0,0,0,0,0,0,0,0,0,1,0,0,0,0,0,0,0,0,0,0,0,0,0,0,0,0,0,0,0,0,0,0,0,0,0,0,0,0,0
Erststimme,"08W226","08",Neukölln,"226",W,2W,2,82,W,951,675,276,0,334,5,332,2,41,18,112,123,17,0,8,12,0,0,0,0,0,0,0,0,0,0,0,0,0,0,0,0,0,0,0,0,0,1,0,0,0,0,0,0,0,0,0,0,0,0,0,0,0,0,0,0
Erststimme,"08W227","08",Neukölln,"227",W,2X,2,82,W,983,700,283,0,374,7,371,3,54,36,123,118,12,0,12,15,0,0,0,0,0,0,0,0,0,0,0,1,0,0,0,0,0,0,0,0,0,0,0,0,0,0,0,0,0,0,0,0,0,0,0,0,0,0,0,0
Erststimme,"08W228","08",Neukölln,"228",W,2V,2,82,W,887,641,246,0,278,9,277,1,39,29,78,98,10,0,8,8,0,0,0,0,0,0,0,0,0,0,1,5,0,0,0,0,0,0,0,0,0,0,0,0,0,0,0,0,0,0,0,0,0,0,0,0,1,0,0,0
Erststimme,"08W229","08",Neukölln,"229",W,2Y,2,82,W,1085,807,278,0,310,7,305,5,42,32,96,102,12,0,7,9,0,0,0,0,1,0,0,0,0,0,0,2,0,0,0,0,0,0,0,0,0,0,0,0,0,0,0,0,0,0,0,0,0,0,0,0,2,0,0,0
Erststimme,"08W230","08",Neukölln,"230",W,2Z,2,82,W,931,676,255,0,314,8,311,3,39,32,85,118,17,0,13,6,0,0,0,0,0,0,0,0,0,0,0,0,0,0,0,0,0,0,0,0,0,1,0,0,0,0,0,0,0,0,0,0,0,0,0,0,0,0,0,0
Erststimme,"08W231","08",Neukölln,"231",W,2Z,2,82,W,845,657,188,0,328,9,320,5,53,41,85,111,11,0,7,8,0,0,0,0,1,0,0,0,0,0,0,2,0,0,0,0,0,0,0,0,0,0,0,0,0,0,0,0,0,0,0,0,0,0,0,0,1,0,0,0
Erststimme,"08B2A","08",Neukölln,2A,B,2A,2,82,W,0,0,0,0,363,363,363,0,61,36,156,79,6,0,11,8,0,0,0,0,1,0,0,0,0,0,0,3,0,0,0,0,0,0,0,0,0,1,0,0,0,0,0,0,0,0,0,0,0,0,0,0,1,0,0,0
Erststimme,"08B2AA","08",Neukölln,2AA,B,2AA,2,82,W,0,0,0,0,231,231,231,0,30,17,89,66,3,0,14,9,0,0,0,0,0,0,0,0,0,0,0,2,0,0,0,0,0,0,0,0,0,1,0,0,0,0,0,0,0,0,0,0,0,0,0,0,0,0,0,0
Erststimme,"08B2AB","08",Neukölln,2AB,B,2AB,2,82,W,0,0,0,0,206,206,206,0,28,23,78,48,5,0,9,10,0,0,0,0,0,0,0,0,0,0,1,0,0,0,0,0,0,0,0,0,0,2,0,0,0,0,0,0,0,0,0,0,0,0,0,0,2,0,0,0
Erststimme,"08B2B","08",Neukölln,2B,B,2B,2,82,W,0,0,0,0,282,282,279,3,48,16,132,67,8,0,5,2,0,0,0,0,0,0,0,0,0,0,1,0,0,0,0,0,0,0,0,0,0,0,0,0,0,0,0,0,0,0,0,0,0,0,0,0,0,0,0,0
Erststimme,"08B2C","08",Neukölln,2C,B,2C,2,82,W,0,0,0,0,249,249,247,2,30,22,116,63,2,0,9,2,0,0,0,0,0,0,0,0,0,0,0,2,0,0,0,0,0,0,0,0,0,0,0,0,0,0,0,0,0,0,0,0,0,0,0,0,1,0,0,0
Erststimme,"08B2D","08",Neukölln,2D,B,2D,2,82,W,0,0,0,0,249,249,242,6,44,22,85,66,9,0,8,8,0,0,0,0,0,0,0,0,0,0,0,0,0,0,0,0,0,0,0,0,0,0,0,0,0,0,0,0,0,0,0,0,0,0,0,0,0,0,0,0
Erststimme,"08B2E","08",Neukölln,2E,B,2E,2,82,W,0,0,0,0,240,240,236,3,22,18,109,74,3,0,5,1,0,0,0,0,0,0,0,0,0,0,1,0,0,0,0,0,0,0,0,0,0,1,0,0,0,0,0,0,0,0,0,0,0,0,0,0,2,0,0,0
Erststimme,"08B2F","08",Neukölln,2F,B,2F,2,82,W,0,0,0,0,301,301,298,3,51,41,109,82,5,0,6,2,0,0,0,0,0,0,0,0,0,0,0,0,0,0,0,0,0,0,0,0,0,2,0,0,0,0,0,0,0,0,0,0,0,0,0,0,0,0,0,0
Erststimme,"08B2G","08",Neukölln,2G,B,2G,2,82,W,0,0,0,0,265,265,261,4,43,44,63,88,5,0,11,5,0,0,0,0,0,0,0,0,0,0,0,1,0,0,0,0,0,0,0,0,0,1,0,0,0,0,0,0,0,0,0,0,0,0,0,0,0,0,0,0
Erststimme,"08B2H","08",Neukölln,2H,B,2H,2,82,W,0,0,0,0,538,538,533,4,96,71,195,135,7,0,12,6,0,0,0,0,0,0,0,0,0,0,0,1,0,0,0,0,0,0,0,0,0,3,0,0,0,0,0,0,0,0,0,0,0,0,0,0,7,0,0,0
Erststimme,"08B2I","08",Neukölln,2I,B,2I,2,82,W,0,0,0,0,297,297,294,2,43,42,102,86,4,0,11,5,0,0,0,0,0,0,0,0,0,0,0,0,0,0,0,0,0,0,0,0,0,1,0,0,0,0,0,0,0,0,0,0,0,0,0,0,0,0,0,0
Erststimme,"08B2J","08",Neukölln,2J,B,2J,2,82,W,0,0,0,0,269,269,265,4,25,29,108,77,9,0,10,4,0,0,0,0,0,0,0,0,0,0,1,1,0,0,0,0,0,0,0,0,0,0,0,0,0,0,0,0,0,0,0,0,0,0,0,0,1,0,0,0
Erststimme,"08B2K","08",Neukölln,2K,B,2K,2,82,W,0,0,0,0,275,275,270,5,46,17,112,74,5,0,6,9,0,0,0,0,0,0,0,0,0,0,0,1,0,0,0,0,0,0,0,0,0,0,0,0,0,0,0,0,0,0,0,0,0,0,0,0,0,0,0,0
Erststimme,"08B2L","08",Neukölln,2L,B,2L,2,82,W,0,0,0,0,227,227,226,1,25,36,95,56,3,0,6,2,0,0,0,0,0,0,0,0,0,0,1,1,0,0,0,0,0,0,0,0,0,0,0,0,0,0,0,0,0,0,0,0,0,0,0,0,1,0,0,0
Erststimme,"08B2M","08",Neukölln,2M,B,2M,2,82,W,0,0,0,0,263,263,261,1,30,20,123,76,1,0,5,5,0,0,0,0,0,0,0,0,0,0,1,0,0,0,0,0,0,0,0,0,0,0,0,0,0,0,0,0,0,0,0,0,0,0,0,0,0,0,0,0
Erststimme,"08B2N","08",Neukölln,2N,B,2N,2,82,W,0,0,0,0,244,244,241,3,32,18,95,78,10,0,3,3,0,0,0,0,0,0,0,0,0,0,0,1,0,0,0,0,0,0,0,0,0,1,0,0,0,0,0,0,0,0,0,0,0,0,0,0,0,0,0,0
Erststimme,"08B2P","08",Neukölln,2P,B,2P,2,82,W,0,0,0,0,233,233,230,3,28,24,67,77,7,0,11,12,0,0,0,0,0,0,0,0,0,0,3,1,0,0,0,0,0,0,0,0,0,0,0,0,0,0,0,0,0,0,0,0,0,0,0,0,0,0,0,0
Erststimme,"08B2Q","08",Neukölln,2Q,B,2Q,2,82,W,0,0,0,0,295,295,290,5,33,26,111,88,7,0,14,6,0,0,0,0,0,0,0,0,0,0,0,3,0,0,0,0,0,0,0,0,0,1,0,0,0,0,0,0,0,0,0,0,0,0,0,0,1,0,0,0
Erststimme,"08B2R","08",Neukölln,2R,B,2R,2,82,W,0,0,0,0,266,266,265,0,42,21,89,81,8,0,12,8,0,0,0,0,0,0,0,0,0,0,1,2,0,0,0,0,0,0,0,0,0,0,0,0,0,0,0,0,0,0,0,0,0,0,0,0,1,0,0,0
Erststimme,"08B2S","08",Neukölln,2S,B,2S,2,82,W,0,0,0,0,278,278,277,1,34,31,113,67,17,0,11,3,0,0,0,0,0,0,0,0,0,0,1,0,0,0,0,0,0,0,0,0,0,0,0,0,0,0,0,0,0,0,0,0,0,0,0,0,0,0,0,0
Erststimme,"08B2T","08",Neukölln,2T,B,2T,2,82,W,0,0,0,0,249,249,246,3,27,27,100,68,11,0,5,6,0,0,0,0,0,0,0,0,0,0,0,1,0,0,0,0,0,0,0,0,0,0,0,0,0,0,0,0,0,0,0,0,0,0,0,0,1,0,0,0
Erststimme,"08B2U","08",Neukölln,2U,B,2U,2,82,W,0,0,0,0,286,286,284,2,76,31,66,83,14,0,7,5,0,0,0,0,0,0,0,0,0,0,0,0,0,0,0,0,0,0,0,0,0,1,0,0,0,0,0,0,0,0,0,0,0,0,0,0,1,0,0,0
Erststimme,"08B2V","08",Neukölln,2V,B,2V,2,82,W,0,0,0,0,412,412,408,4,70,46,135,121,17,0,12,5,0,0,0,0,0,0,0,0,0,0,0,1,0,0,0,0,0,0,0,0,0,0,0,0,0,0,0,0,0,0,0,0,0,0,0,0,1,0,0,0
Erststimme,"08B2W","08",Neukölln,2W,B,2W,2,82,W,0,0,0,0,235,235,232,3,28,20,109,61,5,0,4,2,0,0,0,0,0,0,0,0,0,0,1,1,0,0,0,0,0,0,0,0,0,0,0,0,0,0,0,0,0,0,0,0,0,0,0,0,1,0,0,0
Erststimme,"08B2X","08",Neukölln,2X,B,2X,2,82,W,0,0,0,0,249,249,247,1,33,21,101,76,5,0,2,5,0,0,0,0,0,0,0,0,0,0,0,2,0,0,0,0,0,0,0,0,0,0,0,0,0,0,0,0,0,0,0,0,0,0,0,0,2,0,0,0
Erststimme,"08B2Y","08",Neukölln,2Y,B,2Y,2,82,W,0,0,0,0,248,248,241,6,32,31,81,68,13,0,6,10,0,0,0,0,0,0,0,0,0,0,0,0,0,0,0,0,0,0,0,0,0,0,0,0,0,0,0,0,0,0,0,0,0,0,0,0,0,0,0,0
Erststimme,"08B2Z","08",Neukölln,2Z,B,2Z,2,82,W,0,0,0,0,387,387,385,2,42,23,146,143,7,0,11,10,0,0,0,0,0,0,0,0,0,0,0,0,0,0,0,0,0,0,0,0,0,1,0,0,0,0,0,0,0,0,0,0,0,0,0,0,2,0,0,0
Erststimme,"08W301","08",Neukölln,"301",W,3A,3,82,W,889,615,274,0,335,6,332,3,53,38,118,86,15,4,7,8,0,0,0,0,0,0,0,0,0,0,0,3,0,0,0,0,0,0,0,0,0,0,0,0,0,0,0,0,0,0,0,0,0,0,0,0,0,0,0,0
Erststimme,"08W302","08",Neukölln,"302",W,3B,3,82,W,917,641,276,0,309,3,309,0,54,28,111,77,14,6,8,6,0,0,0,0,0,0,0,0,0,0,0,5,0,0,0,0,0,0,0,0,0,0,0,0,0,0,0,0,0,0,0,0,0,0,0,0,0,0,0,0
Erststimme,"08W303","08",Neukölln,"303",W,3C,3,82,W,998,728,270,0,312,10,305,7,54,23,94,98,13,4,7,8,0,0,0,0,0,0,0,0,0,0,0,4,0,0,0,0,0,0,0,0,0,0,0,0,0,0,0,0,0,0,0,0,0,0,0,0,0,0,0,0
Erststimme,"08W304","08",Neukölln,"304",W,3D,3,82,W,975,676,299,0,347,6,345,2,75,30,105,94,18,5,13,5,0,0,0,0,0,0,0,0,0,0,0,0,0,0,0,0,0,0,0,0,0,0,0,0,0,0,0,0,0,0,0,0,0,0,0,0,0,0,0,0
Erststimme,"08W305","08",Neukölln,"305",W,3E,3,82,W,991,764,227,0,318,7,314,4,59,31,93,90,10,2,11,13,0,0,0,0,0,0,0,0,0,0,0,5,0,0,0,0,0,0,0,0,0,0,0,0,0,0,0,0,0,0,0,0,0,0,0,0,0,0,0,0
Erststimme,"08W306","08",Neukölln,"306",W,3A,3,82,W,894,614,280,0,335,0,331,4,64,26,98,88,16,5,14,17,0,0,0,0,0,0,0,0,0,0,0,3,0,0,0,0,0,0,0,0,0,0,0,0,0,0,0,0,0,0,0,0,0,0,0,0,0,0,0,0
Erststimme,"08W307","08",Neukölln,"307",W,3E,3,82,W,957,696,261,0,289,7,284,4,55,19,76,97,15,3,9,9,0,0,0,0,0,0,0,0,0,0,0,1,0,0,0,0,0,0,0,0,0,0,0,0,0,0,0,0,0,0,0,0,0,0,0,0,0,0,0,0
Erststimme,"08W308","08",Neukölln,"308",W,3F,3,82,W,981,705,276,0,367,8,367,0,74,42,113,102,14,5,14,3,0,0,0,0,0,0,0,0,0,0,0,0,0,0,0,0,0,0,0,0,0,0,0,0,0,0,0,0,0,0,0,0,0,0,0,0,0,0,0,0
Erststimme,"08W309","08",Neukölln,"309",W,3G,3,82,W,1148,992,156,0,299,13,296,3,109,63,23,59,19,5,4,13,0,0,0,0,0,0,0,0,0,0,0,1,0,0,0,0,0,0,0,0,0,0,0,0,0,0,0,0,0,0,0,0,0,0,0,0,0,0,0,0
Erststimme,"08W310","08",Neukölln,"310",W,3G,3,82,W,948,865,83,0,219,0,217,2,78,55,13,32,21,8,1,9,0,0,0,0,0,0,0,0,0,0,0,0,0,0,0,0,0,0,0,0,0,0,0,0,0,0,0,0,0,0,0,0,0,0,0,0,0,0,0,0
Erststimme,"08W311","08",Neukölln,"311",W,3G,3,82,W,941,590,351,0,358,0,350,8,80,115,49,39,30,6,20,9,0,0,0,0,0,0,0,0,0,0,0,2,0,0,0,0,0,0,0,0,0,0,0,0,0,0,0,0,0,0,0,0,0,0,0,0,0,0,0,0
Erststimme,"08W312","08",Neukölln,"312",W,3H,3,82,W,1254,1083,171,0,303,0,300,3,98,84,8,49,37,4,8,7,0,0,0,0,0,0,0,0,0,0,0,5,0,0,0,0,0,0,0,0,0,0,0,0,0,0,0,0,0,0,0,0,0,0,0,0,0,0,0,0
Erststimme,"08W313","08",Neukölln,"313",W,3H,3,82,W,1211,1040,171,0,234,1,229,5,95,74,7,27,19,2,4,0,0,0,0,0,0,0,0,0,0,0,0,1,0,0,0,0,0,0,0,0,0,0,0,0,0,0,0,0,0,0,0,0,0,0,0,0,0,0,0,0
Erststimme,"08W314","08",Neukölln,"314",W,3H,3,82,W,1206,1060,146,0,207,1,203,4,74,48,11,30,27,2,4,7,0,0,0,0,0,0,0,0,0,0,0,0,0,0,0,0,0,0,0,0,0,0,0,0,0,0,0,0,0,0,0,0,0,0,0,0,0,0,0,0
Erststimme,"08W315","08",Neukölln,"315",W,3I,3,82,W,1265,936,329,0,223,4,218,5,41,33,39,72,13,6,5,6,0,0,0,0,0,0,0,0,0,0,0,3,0,0,0,0,0,0,0,0,0,0,0,0,0,0,0,0,0,0,0,0,0,0,0,0,0,0,0,0
Erststimme,"08W316","08",Neukölln,"316",W,3I,3,82,W,993,737,256,0,275,0,269,6,82,74,26,23,37,7,2,13,0,0,0,0,0,0,0,0,0,0,0,5,0,0,0,0,0,0,0,0,0,0,0,0,0,0,0,0,0,0,0,0,0,0,0,0,0,0,0,0
Erststimme,"08W317","08",Neukölln,"317",W,3J,3,82,W,901,596,305,0,289,2,286,3,67,100,26,18,46,9,3,12,0,0,0,0,0,0,0,0,0,0,0,5,0,0,0,0,0,0,0,0,0,0,0,0,0,0,0,0,0,0,0,0,0,0,0,0,0,0,0,0
Erststimme,"08W318","08",Neukölln,"318",W,3J,3,82,W,981,684,297,0,297,0,296,1,65,85,59,23,27,12,0,21,0,0,0,0,0,0,0,0,0,0,0,4,0,0,0,0,0,0,0,0,0,0,0,0,0,0,0,0,0,0,0,0,0,0,0,0,0,0,0,0
Erststimme,"08W319","08",Neukölln,"319",W,3K,3,82,W,1048,782,266,0,289,4,283,6,95,75,28,33,27,7,4,10,0,0,0,0,0,0,0,0,0,0,0,4,0,0,0,0,0,0,0,0,0,0,0,0,0,0,0,0,0,0,0,0,0,0,0,0,0,0,0,0
Erststimme,"08W320","08",Neukölln,"320",W,3K,3,82,W,1160,934,226,0,317,5,314,3,59,75,45,60,36,6,12,17,0,0,0,0,0,0,0,0,0,0,0,4,0,0,0,0,0,0,0,0,0,0,0,0,0,0,0,0,0,0,0,0,0,0,0,0,0,0,0,0
Erststimme,"08W321","08",Neukölln,"321",W,3L,3,82,W,1266,972,294,0,271,1,265,6,84,87,12,25,39,9,2,6,0,0,0,0,0,0,0,0,0,0,0,1,0,0,0,0,0,0,0,0,0,0,0,0,0,0,0,0,0,0,0,0,0,0,0,0,0,0,0,0
Erststimme,"08W322","08",Neukölln,"322",W,3M,3,82,W,1294,1015,279,0,267,0,261,6,74,82,20,25,34,6,5,14,0,0,0,0,0,0,0,0,0,0,0,1,0,0,0,0,0,0,0,0,0,0,0,0,0,0,0,0,0,0,0,0,0,0,0,0,0,0,0,0
Erststimme,"08W323","08",Neukölln,"323",W,3N,3,82,W,922,604,318,0,197,2,189,8,56,52,23,29,16,3,4,6,0,0,0,0,0,0,0,0,0,0,0,0,0,0,0,0,0,0,0,0,0,0,0,0,0,0,0,0,0,0,0,0,0,0,0,0,0,0,0,0
Erststimme,"08W324","08",Neukölln,"324",W,3P,3,82,W,1198,874,324,0,293,4,290,3,74,65,41,50,27,10,5,14,0,0,0,0,0,0,0,0,0,0,0,4,0,0,0,0,0,0,0,0,0,0,0,0,0,0,0,0,0,0,0,0,0,0,0,0,0,0,0,0
Erststimme,"08W325","08",Neukölln,"325",W,3P,3,82,W,977,809,168,0,297,2,296,1,62,50,57,72,22,15,8,9,0,0,0,0,0,0,0,0,0,0,0,1,0,0,0,0,0,0,0,0,0,0,0,0,0,0,0,0,0,0,0,0,0,0,0,0,0,0,0,0
Erststimme,"08W326","08",Neukölln,"326",W,3Q,3,82,W,1066,841,225,0,335,8,333,2,70,43,92,94,20,10,1,3,0,0,0,0,0,0,0,0,0,0,0,0,0,0,0,0,0,0,0,0,0,0,0,0,0,0,0,0,0,0,0,0,0,0,0,0,0,0,0,0
Erststimme,"08W327","08",Neukölln,"327",W,3R,3,82,W,1639,1143,496,0,502,0,495,7,124,72,150,103,13,15,10,6,0,0,0,0,0,0,0,0,0,0,0,2,0,0,0,0,0,0,0,0,0,0,0,0,0,0,0,0,0,0,0,0,0,0,0,0,0,0,0,0
Erststimme,"08W328","08",Neukölln,"328",W,3S,3,82,W,929,692,237,0,271,11,270,1,56,36,78,56,15,4,9,13,0,0,0,0,0,0,0,0,0,0,0,3,0,0,0,0,0,0,0,0,0,0,0,0,0,0,0,0,0,0,0,0,0,0,0,0,0,0,0,0
Erststimme,"08W329","08",Neukölln,"329",W,3S,3,82,W,809,636,173,0,190,0,188,1,37,27,57,44,11,3,4,4,0,0,0,0,0,0,0,0,0,0,0,1,0,0,0,0,0,0,0,0,0,0,0,0,0,0,0,0,0,0,0,0,0,0,0,0,0,0,0,0
Erststimme,"08W330","08",Neukölln,"330",W,3Q,3,82,W,1036,739,297,0,296,7,293,3,48,42,69,76,23,7,13,15,0,0,0,0,0,0,0,0,0,0,0,0,0,0,0,0,0,0,0,0,0,0,0,0,0,0,0,0,0,0,0,0,0,0,0,0,0,0,0,0
Erststimme,"08W331","08",Neukölln,"331",W,3N,3,82,W,972,717,255,0,305,1,300,5,58,63,72,67,20,7,6,4,0,0,0,0,0,0,0,0,0,0,0,3,0,0,0,0,0,0,0,0,0,0,0,0,0,0,0,0,0,0,0,0,0,0,0,0,0,0,0,0
Erststimme,"08B3A","08",Neukölln,3A,B,3A,3,82,W,0,0,0,0,499,499,496,2,101,60,190,98,13,8,13,12,0,0,0,0,0,0,0,0,0,0,0,1,0,0,0,0,0,0,0,0,0,0,0,0,0,0,0,0,0,0,0,0,0,0,0,0,0,0,0,0
Erststimme,"08B3B","08",Neukölln,3B,B,3B,3,82,W,0,0,0,0,265,265,264,1,41,38,89,65,8,4,8,10,0,0,0,0,0,0,0,0,0,0,0,1,0,0,0,0,0,0,0,0,0,0,0,0,0,0,0,0,0,0,0,0,0,0,0,0,0,0,0,0
Erststimme,"08B3C","08",Neukölln,3C,B,3C,3,82,W,0,0,0,0,243,243,241,2,40,26,86,72,3,2,5,7,0,0,0,0,0,0,0,0,0,0,0,0,0,0,0,0,0,0,0,0,0,0,0,0,0,0,0,0,0,0,0,0,0,0,0,0,0,0,0,0
Erststimme,"08B3D","08",Neukölln,3D,B,3D,3,82,W,0,0,0,0,267,267,264,1,59,23,86,65,9,6,8,7,0,0,0,0,0,0,0,0,0,0,0,1,0,0,0,0,0,0,0,0,0,0,0,0,0,0,0,0,0,0,0,0,0,0,0,0,0,0,0,0
Erststimme,"08B3E","08",Neukölln,3E,B,3E,3,82,W,0,0,0,0,424,424,420,2,72,20,156,123,13,9,14,11,0,0,0,0,0,0,0,0,0,0,0,2,0,0,0,0,0,0,0,0,0,0,0,0,0,0,0,0,0,0,0,0,0,0,0,0,0,0,0,0
Erststimme,"08B3F","08",Neukölln,3F,B,3F,3,82,W,0,0,0,0,240,240,239,1,37,15,108,57,6,4,3,4,0,0,0,0,0,0,0,0,0,0,0,5,0,0,0,0,0,0,0,0,0,0,0,0,0,0,0,0,0,0,0,0,0,0,0,0,0,0,0,0
Erststimme,"08B3G","08",Neukölln,3G,B,3G,3,82,W,0,0,0,0,501,501,495,6,134,189,47,43,36,15,10,18,0,0,0,0,0,0,0,0,0,0,0,3,0,0,0,0,0,0,0,0,0,0,0,0,0,0,0,0,0,0,0,0,0,0,0,0,0,0,0,0
Erststimme,"08B3H","08",Neukölln,3H,B,3H,3,82,W,0,0,0,0,410,410,404,4,129,136,28,39,29,12,9,19,0,0,0,0,0,0,0,0,0,0,0,3,0,0,0,0,0,0,0,0,0,0,0,0,0,0,0,0,0,0,0,0,0,0,0,0,0,0,0,0
Erststimme,"08B3I","08",Neukölln,3I,B,3I,3,82,W,0,0,0,0,514,514,509,5,109,138,93,75,44,11,7,26,0,0,0,0,0,0,0,0,0,0,0,6,0,0,0,0,0,0,0,0,0,0,0,0,0,0,0,0,0,0,0,0,0,0,0,0,0,0,0,0
Erststimme,"08B3J","08",Neukölln,3J,B,3J,3,82,W,0,0,0,0,524,524,519,5,138,176,76,35,34,15,8,32,0,0,0,0,0,0,0,0,0,0,0,5,0,0,0,0,0,0,0,0,0,0,0,0,0,0,0,0,0,0,0,0,0,0,0,0,0,0,0,0
Erststimme,"08B3K","08",Neukölln,3K,B,3K,3,82,W,0,0,0,0,431,431,426,2,122,133,58,46,21,15,7,19,0,0,0,0,0,0,0,0,0,0,0,5,0,0,0,0,0,0,0,0,0,0,0,0,0,0,0,0,0,0,0,0,0,0,0,0,0,0,0,0
Erststimme,"08B3L","08",Neukölln,3L,B,3L,3,82,W,0,0,0,0,260,260,256,4,64,104,11,9,33,13,7,13,0,0,0,0,0,0,0,0,0,0,0,2,0,0,0,0,0,0,0,0,0,0,0,0,0,0,0,0,0,0,0,0,0,0,0,0,0,0,0,0
Erststimme,"08B3M","08",Neukölln,3M,B,3M,3,82,W,0,0,0,0,236,236,231,3,52,92,18,18,22,9,3,17,0,0,0,0,0,0,0,0,0,0,0,0,0,0,0,0,0,0,0,0,0,0,0,0,0,0,0,0,0,0,0,0,0,0,0,0,0,0,0,0
Erststimme,"08B3N","08",Neukölln,3N,B,3N,3,82,W,0,0,0,0,503,503,499,3,109,160,72,71,36,17,13,20,0,0,0,0,0,0,0,0,0,0,0,1,0,0,0,0,0,0,0,0,0,0,0,0,0,0,0,0,0,0,0,0,0,0,0,0,0,0,0,0
Erststimme,"08B3P","08",Neukölln,3P,B,3P,3,82,W,0,0,0,0,428,428,426,2,87,101,85,104,21,11,10,6,0,0,0,0,0,0,0,0,0,0,0,1,0,0,0,0,0,0,0,0,0,0,0,0,0,0,0,0,0,0,0,0,0,0,0,0,0,0,0,0
Erststimme,"08B3Q","08",Neukölln,3Q,B,3Q,3,82,W,0,0,0,0,464,464,457,7,85,76,107,118,33,6,11,18,0,0,0,0,0,0,0,0,0,0,0,3,0,0,0,0,0,0,0,0,0,0,0,0,0,0,0,0,0,0,0,0,0,0,0,0,0,0,0,0
Erststimme,"08B3R","08",Neukölln,3R,B,3R,3,82,W,0,0,0,0,446,446,442,2,109,80,142,70,10,7,6,18,0,0,0,0,0,0,0,0,0,0,0,0,0,0,0,0,0,0,0,0,0,0,0,0,0,0,0,0,0,0,0,0,0,0,0,0,0,0,0,0
Erststimme,"08B3S","08",Neukölln,3S,B,3S,3,82,W,0,0,0,0,352,352,351,1,77,47,102,77,14,9,10,13,0,0,0,0,0,0,0,0,0,0,0,2,0,0,0,0,0,0,0,0,0,0,0,0,0,0,0,0,0,0,0,0,0,0,0,0,0,0,0,0
Erststimme,"08W401","08",Neukölln,"401",W,4A,4,82,W,1066,702,364,0,306,0,303,3,89,123,16,23,31,7,0,14,0,0,0,0,0,0,0,0,0,0,0,0,0,0,0,0,0,0,0,0,0,0,0,0,0,0,0,0,0,0,0,0,0,0,0,0,0,0,0,0
Erststimme,"08W402","08",Neukölln,"402",W,4B,4,82,W,1046,698,348,0,321,7,312,9,83,125,31,12,35,9,0,15,0,0,0,0,0,0,0,0,0,0,0,2,0,0,0,0,0,0,0,0,0,0,0,0,0,0,0,0,0,0,0,0,0,0,0,0,0,0,0,0
Erststimme,"08W403","08",Neukölln,"403",W,4B,4,82,W,1132,878,254,0,336,8,329,7,71,122,26,25,56,11,0,13,0,0,0,0,0,0,0,0,0,0,0,3,0,0,0,0,0,0,0,0,0,0,0,0,0,0,0,0,0,0,0,0,0,2,0,0,0,0,0,0
Erststimme,"08W404","08",Neukölln,"404",W,4C,4,82,W,1079,636,443,0,295,5,288,7,95,127,7,8,29,7,0,9,0,0,0,0,0,0,0,0,0,0,0,5,0,0,0,0,0,0,0,0,0,0,0,0,0,0,0,0,0,0,0,0,0,1,0,0,0,0,0,0
Erststimme,"08W405","08",Neukölln,"405",W,4D,4,82,W,1110,786,324,0,297,0,294,3,88,114,8,19,39,10,0,10,0,0,0,0,1,0,0,0,0,0,0,4,0,0,0,0,0,0,0,0,0,0,0,0,0,0,0,0,0,0,0,0,0,1,0,0,0,0,0,0
Erststimme,"08W406","08",Neukölln,"406",W,4E,4,82,W,1189,788,401,0,355,0,349,6,95,133,21,16,52,8,0,16,0,0,0,0,1,0,0,0,0,0,0,6,0,0,0,0,0,0,0,0,0,0,0,0,0,0,0,0,0,0,0,0,0,1,0,0,0,0,0,0
Erststimme,"08W407","08",Neukölln,"407",W,4F,4,82,W,1165,717,448,0,285,1,280,5,97,95,15,14,38,12,0,7,0,0,0,0,0,0,0,0,0,0,0,2,0,0,0,0,0,0,0,0,0,0,0,0,0,0,0,0,0,0,0,0,0,0,0,0,0,0,0,0
Erststimme,"08W408","08",Neukölln,"408",W,4G,4,82,W,878,583,295,0,297,0,292,5,75,109,36,25,38,4,0,4,0,0,0,0,0,0,0,0,0,0,0,0,0,0,0,0,0,0,0,0,0,0,0,0,0,0,0,0,0,0,0,0,0,1,0,0,0,0,0,0
Erststimme,"08W409","08",Neukölln,"409",W,4G,4,82,W,952,637,315,0,358,4,358,0,95,177,12,17,31,16,0,7,0,0,0,0,0,0,0,0,0,0,0,0,0,0,0,0,0,0,0,0,0,0,0,0,0,0,0,0,0,0,0,0,0,3,0,0,0,0,0,0
Erststimme,"08W410","08",Neukölln,"410",W,4H,4,82,W,1003,635,368,0,374,0,372,2,94,185,28,14,28,12,0,11,0,0,0,0,0,0,0,0,0,0,0,0,0,0,0,0,0,0,0,0,0,0,0,0,0,0,0,0,0,0,0,0,0,0,0,0,0,0,0,0
Erststimme,"08W411","08",Neukölln,"411",W,4I,4,82,W,1003,575,428,0,331,6,330,1,65,191,17,6,23,20,0,6,0,0,0,0,0,0,0,0,0,0,0,0,0,0,0,0,0,0,0,0,0,0,0,0,0,0,0,0,0,0,0,0,0,2,0,0,0,0,0,0
Erststimme,"08W412","08",Neukölln,"412",W,4J,4,82,W,1053,655,398,0,303,2,298,5,74,132,20,12,38,7,0,12,0,0,0,0,0,0,0,0,0,0,0,3,0,0,0,0,0,0,0,0,0,0,0,0,0,0,0,0,0,0,0,0,0,0,0,0,0,0,0,0
Erststimme,"08W413","08",Neukölln,"413",W,4K,4,82,W,1083,745,338,0,308,0,301,7,101,121,11,11,35,6,0,13,0,0,0,0,0,0,0,0,0,0,0,1,0,0,0,0,0,0,0,0,0,0,0,0,0,0,0,0,0,0,0,0,0,2,0,0,0,0,0,0
Erststimme,"08W414","08",Neukölln,"414",W,4L,4,82,W,967,683,284,0,287,0,284,3,95,118,13,16,23,7,0,9,0,0,0,0,1,0,0,0,0,0,0,0,0,0,0,0,0,0,0,0,0,0,0,0,0,0,0,0,0,0,0,0,0,2,0,0,0,0,0,0
Erststimme,"08W415","08",Neukölln,"415",W,4M,4,82,W,1287,1018,269,0,319,1,318,1,96,127,11,8,44,16,0,9,0,0,0,0,2,0,0,0,0,0,0,4,0,0,0,0,0,0,0,0,0,0,0,0,0,0,0,0,0,0,0,0,0,1,0,0,0,0,0,0
Erststimme,"08W416","08",Neukölln,"416",W,4N,4,82,W,1098,766,332,0,345,5,338,7,92,148,15,13,45,16,0,7,0,0,0,0,0,0,0,0,0,0,0,2,0,0,0,0,0,0,0,0,0,0,0,0,0,0,0,0,0,0,0,0,0,0,0,0,0,0,0,0
Erststimme,"08W417","08",Neukölln,"417",W,4P,4,82,W,1042,786,256,0,310,0,301,9,92,123,8,21,36,5,0,13,0,0,0,0,0,0,0,0,0,0,0,2,0,0,0,0,0,0,0,0,0,0,0,0,0,0,0,0,0,0,0,0,0,1,0,0,0,0,0,0
Erststimme,"08W418","08",Neukölln,"418",W,4Q,4,82,W,1067,723,344,0,285,1,282,3,69,135,13,19,24,9,0,9,0,0,0,0,2,0,0,0,0,0,0,2,0,0,0,0,0,0,0,0,0,0,0,0,0,0,0,0,0,0,0,0,0,0,0,0,0,0,0,0
Erststimme,"08W419","08",Neukölln,"419",W,4R,4,82,W,1175,861,314,0,370,2,361,9,120,147,10,17,43,12,0,8,0,0,0,0,0,0,0,0,0,0,0,3,0,0,0,0,0,0,0,0,0,0,0,0,0,0,0,0,0,0,0,0,0,1,0,0,0,0,0,0
Erststimme,"08W420","08",Neukölln,"420",W,4S,4,82,W,1045,791,254,0,309,1,307,2,88,115,12,16,53,5,0,14,0,0,0,0,0,0,0,0,0,0,0,2,0,0,0,0,0,0,0,0,0,0,0,0,0,0,0,0,0,0,0,0,0,2,0,0,0,0,0,0
Erststimme,"08W421","08",Neukölln,"421",W,4T,4,82,W,1077,959,118,0,206,0,203,3,81,59,7,21,24,7,0,4,0,0,0,0,0,0,0,0,0,0,0,0,0,0,0,0,0,0,0,0,0,0,0,0,0,0,0,0,0,0,0,0,0,0,0,0,0,0,0,0
Erststimme,"08W422","08",Neukölln,"422",W,4U,4,82,W,1058,811,247,0,288,2,277,11,87,110,15,17,33,5,0,8,0,0,0,0,0,0,0,0,0,0,0,1,0,0,0,0,0,0,0,0,0,0,0,0,0,0,0,0,0,0,0,0,0,1,0,0,0,0,0,0
Erststimme,"08W423","08",Neukölln,"423",W,4T,4,82,W,897,680,217,0,306,3,303,3,113,113,12,21,29,8,0,4,0,0,0,0,0,0,0,0,0,0,0,2,0,0,0,0,0,0,0,0,0,0,0,0,0,0,0,0,0,0,0,0,0,1,0,0,0,0,0,0
Erststimme,"08W424","08",Neukölln,"424",W,4V,4,82,W,964,731,233,0,276,4,269,7,103,91,5,12,48,4,0,5,0,0,0,0,0,0,0,0,0,0,0,0,0,0,0,0,0,0,0,0,0,0,0,0,0,0,0,0,0,0,0,0,0,1,0,0,0,0,0,0
Erststimme,"08W425","08",Neukölln,"425",W,4V,4,82,W,1085,830,255,0,240,10,239,1,66,76,12,22,46,5,0,9,0,0,0,0,1,0,0,0,0,0,0,2,0,0,0,0,0,0,0,0,0,0,0,0,0,0,0,0,0,0,0,0,0,0,0,0,0,0,0,0
Erststimme,"08W426","08",Neukölln,"426",W,4W,4,82,W,877,668,208,1,240,1,236,4,57,108,9,10,33,11,0,5,0,0,0,0,0,0,0,0,0,0,0,2,0,0,0,0,0,0,0,0,0,0,0,0,0,0,0,0,0,0,0,0,0,1,0,0,0,0,0,0
Erststimme,"08W427","08",Neukölln,"427",W,4X,4,82,W,1022,669,353,0,280,6,276,4,73,119,11,7,41,13,0,9,0,0,0,0,0,0,0,0,0,0,0,1,0,0,0,0,0,0,0,0,0,0,0,0,0,0,0,0,0,0,0,0,0,2,0,0,0,0,0,0
Erststimme,"08W428","08",Neukölln,"428",W,4Y,4,82,W,1063,759,304,0,319,1,314,4,109,117,7,7,47,9,0,14,0,0,0,0,0,0,0,0,0,0,0,3,0,0,0,0,0,0,0,0,0,0,0,0,0,0,0,0,0,0,0,0,0,1,0,0,0,0,0,0
Erststimme,"08W429","08",Neukölln,"429",W,4Z,4,82,W,864,701,163,0,301,0,298,3,103,116,6,8,49,5,0,8,0,0,0,0,0,0,0,0,0,0,0,1,0,0,0,0,0,0,0,0,0,0,0,0,0,0,0,0,0,0,0,0,0,2,0,0,0,0,0,0
Erststimme,"08W430","08",Neukölln,"430",W,4Z,4,82,W,908,643,265,0,290,0,287,3,67,162,9,11,24,6,0,8,0,0,0,0,0,0,0,0,0,0,0,0,0,0,0,0,0,0,0,0,0,0,0,0,0,0,0,0,0,0,0,0,0,0,0,0,0,0,0,0
Erststimme,"08W431","08",Neukölln,"431",W,4W,4,82,W,1194,1005,189,0,269,2,261,8,90,70,21,24,43,9,0,4,0,0,0,0,0,0,0,0,0,0,0,0,0,0,0,0,0,0,0,0,0,0,0,0,0,0,0,0,0,0,0,0,0,0,0,0,0,0,0,0
Erststimme,"08B4A","08",Neukölln,4A,B,4A,4,82,W,0,0,0,0,325,325,320,5,86,153,27,13,18,8,0,12,0,0,0,0,1,0,0,0,0,0,0,2,0,0,0,0,0,0,0,0,0,0,0,0,0,0,0,0,0,0,0,0,0,0,0,0,0,0,0,0
Erststimme,"08B4B","08",Neukölln,4B,B,4B,4,82,W,0,0,0,0,524,524,519,4,140,187,50,38,48,21,0,31,0,0,0,0,1,0,0,0,0,0,0,3,0,0,0,0,0,0,0,0,0,0,0,0,0,0,0,0,0,0,0,0,0,0,0,0,0,0,0,0
Erststimme,"08B4C","08",Neukölln,4C,B,4C,4,82,W,0,0,0,0,383,383,379,4,114,200,16,3,29,8,0,7,0,0,0,0,0,0,0,0,0,0,0,2,0,0,0,0,0,0,0,0,0,0,0,0,0,0,0,0,0,0,0,0,0,0,0,0,0,0,0,0
Erststimme,"08B4D","08",Neukölln,4D,B,4D,4,82,W,0,0,0,0,282,282,277,4,79,142,10,8,22,11,0,5,0,0,0,0,0,0,0,0,0,0,0,0,0,0,0,0,0,0,0,0,0,0,0,0,0,0,0,0,0,0,0,0,0,0,0,0,0,0,0,0
Erststimme,"08B4E","08",Neukölln,4E,B,4E,4,82,W,0,0,0,0,344,344,340,4,101,135,26,14,32,15,0,13,0,0,0,0,0,0,0,0,0,0,0,3,0,0,0,0,0,0,0,0,0,0,0,0,0,0,0,0,0,0,0,0,0,1,0,0,0,0,0,0
Erststimme,"08B4F","08",Neukölln,4F,B,4F,4,82,W,0,0,0,0,407,407,405,2,123,193,29,10,23,12,0,13,0,0,0,0,0,0,0,0,0,0,0,0,0,0,0,0,0,0,0,0,0,0,0,0,0,0,0,0,0,0,0,0,0,2,0,0,0,0,0,0
Erststimme,"08B4G","08",Neukölln,4G,B,4G,4,82,W,0,0,0,0,556,556,551,5,116,282,37,15,48,33,0,14,0,0,0,0,1,0,0,0,0,0,0,2,0,0,0,0,0,0,0,0,0,0,0,0,0,0,0,0,0,0,0,0,0,3,0,0,0,0,0,0
Erststimme,"08B4H","08",Neukölln,4H,B,4H,4,82,W,0,0,0,0,334,334,334,0,87,174,21,9,20,12,0,10,0,0,0,0,0,0,0,0,0,0,0,1,0,0,0,0,0,0,0,0,0,0,0,0,0,0,0,0,0,0,0,0,0,0,0,0,0,0,0,0
Erststimme,"08B4I","08",Neukölln,4I,B,4I,4,82,W,0,0,0,0,388,388,388,0,81,223,25,3,30,12,0,10,0,0,0,0,0,0,0,0,0,0,0,3,0,0,0,0,0,0,0,0,0,0,0,0,0,0,0,0,0,0,0,0,0,1,0,0,0,0,0,0
Erststimme,"08B4J","08",Neukölln,4J,B,4J,4,82,W,0,0,0,0,351,351,351,0,93,192,14,7,20,10,0,11,0,0,0,0,0,0,0,0,0,0,0,0,0,0,0,0,0,0,0,0,0,0,0,0,0,0,0,0,0,0,0,0,0,4,0,0,0,0,0,0
Erststimme,"08B4K","08",Neukölln,4K,B,4K,4,82,W,0,0,0,0,314,314,310,4,100,129,20,19,20,6,0,13,0,0,0,0,0,0,0,0,0,0,0,2,0,0,0,0,0,0,0,0,0,0,0,0,0,0,0,0,0,0,0,0,0,1,0,0,0,0,0,0
Erststimme,"08B4L","08",Neukölln,4L,B,4L,4,82,W,0,0,0,0,256,256,254,2,78,119,15,9,13,13,0,7,0,0,0,0,0,0,0,0,0,0,0,0,0,0,0,0,0,0,0,0,0,0,0,0,0,0,0,0,0,0,0,0,0,0,0,0,0,0,0,0
Erststimme,"08B4M","08",Neukölln,4M,B,4M,4,82,W,0,0,0,0,236,236,233,2,68,112,9,9,17,10,0,7,0,0,0,0,1,0,0,0,0,0,0,0,0,0,0,0,0,0,0,0,0,0,0,0,0,0,0,0,0,0,0,0,0,0,0,0,0,0,0,0
Erststimme,"08B4N","08",Neukölln,4N,B,4N,4,82,W,0,0,0,0,281,281,280,1,87,126,15,9,20,11,0,11,0,0,0,0,0,0,0,0,0,0,0,1,0,0,0,0,0,0,0,0,0,0,0,0,0,0,0,0,0,0,0,0,0,0,0,0,0,0,0,0
Erststimme,"08B4P","08",Neukölln,4P,B,4P,4,82,W,0,0,0,0,218,218,214,4,76,83,9,6,20,5,0,13,0,0,0,0,1,0,0,0,0,0,0,1,0,0,0,0,0,0,0,0,0,0,0,0,0,0,0,0,0,0,0,0,0,0,0,0,0,0,0,0
Erststimme,"08B4Q","08",Neukölln,4Q,B,4Q,4,82,W,0,0,0,0,315,315,313,2,101,146,17,12,20,7,0,9,0,0,0,0,0,0,0,0,0,0,0,0,0,0,0,0,0,0,0,0,0,0,0,0,0,0,0,0,0,0,0,0,0,1,0,0,0,0,0,0
Erststimme,"08B4R","08",Neukölln,4R,B,4R,4,82,W,0,0,0,0,272,272,270,1,88,122,9,8,21,9,0,12,0,0,0,0,0,0,0,0,0,0,0,0,0,0,0,0,0,0,0,0,0,0,0,0,0,0,0,0,0,0,0,0,0,1,0,0,0,0,0,0
Erststimme,"08B4S","08",Neukölln,4S,B,4S,4,82,W,0,0,0,0,225,225,220,5,70,113,7,5,12,3,0,9,0,0,0,0,0,0,0,0,0,0,0,0,0,0,0,0,0,0,0,0,0,0,0,0,0,0,0,0,0,0,0,0,0,1,0,0,0,0,0,0
Erststimme,"08B4T","08",Neukölln,4T,B,4T,4,82,W,0,0,0,0,283,283,281,1,97,100,8,14,39,7,0,11,0,0,0,0,0,0,0,0,0,0,0,3,0,0,0,0,0,0,0,0,0,0,0,0,0,0,0,0,0,0,0,0,0,2,0,0,0,0,0,0
Erststimme,"08B4U","08",Neukölln,4U,B,4U,4,82,W,0,0,0,0,221,221,220,1,71,80,7,11,35,6,0,8,0,0,0,0,1,0,0,0,0,0,0,0,0,0,0,0,0,0,0,0,0,0,0,0,0,0,0,0,0,0,0,0,0,1,0,0,0,0,0,0
Erststimme,"08B4V","08",Neukölln,4V,B,4V,4,82,W,0,0,0,0,416,416,413,3,178,135,11,13,41,6,0,20,0,0,0,0,0,0,0,0,0,0,0,3,0,0,0,0,0,0,0,0,0,0,0,0,0,0,0,0,0,0,0,0,0,6,0,0,0,0,0,0
Erststimme,"08B4W","08",Neukölln,4W,B,4W,4,82,W,0,0,0,0,354,354,349,5,87,162,15,18,41,10,0,14,0,0,0,0,0,0,0,0,0,0,0,1,0,0,0,0,0,0,0,0,0,0,0,0,0,0,0,0,0,0,0,0,0,1,0,0,0,0,0,0
Erststimme,"08B4X","08",Neukölln,4X,B,4X,4,82,W,0,0,0,0,250,250,247,1,88,102,10,5,21,6,0,13,0,0,0,0,0,0,0,0,0,0,0,2,0,0,0,0,0,0,0,0,0,0,0,0,0,0,0,0,0,0,0,0,0,0,0,0,0,0,0,0
Erststimme,"08B4Y","08",Neukölln,4Y,B,4Y,4,82,W,0,0,0,0,267,267,265,1,105,98,5,10,30,5,0,10,0,0,0,0,1,0,0,0,0,0,0,1,0,0,0,0,0,0,0,0,0,0,0,0,0,0,0,0,0,0,0,0,0,0,0,0,0,0,0,0
Erststimme,"08B4Z","08",Neukölln,4Z,B,4Z,4,82,W,0,0,0,0,380,380,376,4,128,161,20,8,29,6,0,21,0,0,0,0,2,0,0,0,0,0,0,0,0,0,0,0,0,0,0,0,0,0,0,0,0,0,0,0,0,0,0,0,0,1,0,0,0,0,0,0
Erststimme,"08W501","08",Neukölln,"501",W,5A,5,82,W,1066,804,262,0,265,5,264,1,61,96,34,29,24,7,3,9,0,0,0,0,0,0,0,0,0,0,0,1,0,0,0,0,0,0,0,0,0,0,0,0,0,0,0,0,0,0,0,0,0,0,0,0,0,0,0,0
Erststimme,"08W502","08",Neukölln,"502",W,5AA,5,82,W,1019,739,280,0,362,3,358,4,100,100,47,40,33,17,7,14,0,0,0,0,0,0,0,0,0,0,0,0,0,0,0,0,0,0,0,0,0,0,0,0,0,0,0,0,0,0,0,0,0,0,0,0,0,0,0,0
Erststimme,"08W503","08",Neukölln,"503",W,5AB,5,82,W,842,494,348,0,313,4,307,6,95,70,53,31,28,13,8,7,0,0,0,0,0,0,0,0,0,0,0,0,0,0,0,0,0,0,0,0,0,2,0,0,0,0,0,0,0,0,0,0,0,0,0,0,0,0,0,0
Erststimme,"08W504","08",Neukölln,"504",W,5AC,5,82,W,928,594,334,0,383,1,376,6,113,107,77,31,19,11,6,7,0,0,0,0,0,0,0,0,0,0,0,4,0,0,0,0,0,0,0,0,0,1,0,0,0,0,0,0,0,0,0,0,0,0,0,0,0,0,0,0
Erststimme,"08W505","08",Neukölln,"505",W,5B,5,82,W,986,636,350,0,292,0,287,5,83,93,38,22,26,7,9,5,0,0,0,0,0,0,0,0,0,0,0,3,0,0,0,0,0,0,0,0,0,1,0,0,0,0,0,0,0,0,0,0,0,0,0,0,0,0,0,0
Erststimme,"08W506","08",Neukölln,"506",W,5C,5,82,W,933,603,330,0,336,4,333,3,98,80,57,26,41,6,9,14,0,0,0,0,0,0,0,0,0,0,0,2,0,0,0,0,0,0,0,0,0,0,0,0,0,0,0,0,0,0,0,0,0,0,0,0,0,0,0,0
Erststimme,"08W507","08",Neukölln,"507",W,5D,5,82,W,1035,712,323,0,269,2,265,4,66,81,18,19,48,8,6,13,0,0,0,0,0,0,0,0,0,0,0,3,0,0,0,0,0,0,0,0,0,2,0,0,0,0,0,0,0,0,0,0,0,0,0,0,0,0,0,1
Erststimme,"08W508","08",Neukölln,"508",W,5E,5,82,W,1221,875,346,0,297,3,293,4,64,90,14,24,59,12,7,18,0,0,0,0,0,0,0,0,0,0,0,2,0,0,0,0,0,0,0,0,0,3,0,0,0,0,0,0,0,0,0,0,0,0,0,0,0,0,0,0
Erststimme,"08W509","08",Neukölln,"509",W,5F,5,82,W,1190,634,556,0,382,5,377,5,85,151,55,25,25,22,3,9,0,0,0,0,0,0,0,0,0,0,0,2,0,0,0,0,0,0,0,0,0,0,0,0,0,0,0,0,0,0,0,0,0,0,0,0,0,0,0,0
Erststimme,"08W510","08",Neukölln,"510",W,5G,5,82,W,1005,565,440,0,295,6,293,2,69,119,37,18,23,12,1,9,0,0,0,0,0,0,0,0,0,0,0,3,0,0,0,0,0,0,0,0,0,1,0,0,0,0,0,0,0,0,0,0,0,0,0,0,0,0,0,1
Erststimme,"08W511","08",Neukölln,"511",W,5H,5,82,W,965,635,330,0,263,2,263,0,50,119,14,22,33,8,10,3,0,0,0,0,0,0,0,0,0,0,0,3,0,0,0,0,0,0,0,0,0,1,0,0,0,0,0,0,0,0,0,0,0,0,0,0,0,0,0,0
Erststimme,"08W512","08",Neukölln,"512",W,5D,5,82,W,1034,755,279,0,414,3,406,8,114,170,18,12,44,17,7,21,0,0,0,0,0,0,0,0,0,0,0,1,0,0,0,0,0,0,0,0,0,1,0,0,0,0,0,0,0,0,0,0,0,0,0,0,0,0,0,1
Erststimme,"08W513","08",Neukölln,"513",W,5I,5,82,W,1009,668,341,0,322,12,321,1,78,162,11,4,48,6,2,7,0,0,0,0,0,0,0,0,0,0,0,3,0,0,0,0,0,0,0,0,0,0,0,0,0,0,0,0,0,0,0,0,0,0,0,0,0,0,0,0
Erststimme,"08W514","08",Neukölln,"514",W,5J,5,82,W,880,517,363,0,300,0,298,2,76,125,16,10,41,10,6,10,0,0,0,0,0,0,0,0,0,0,0,0,0,0,0,0,0,0,0,0,0,3,0,0,0,0,0,0,0,0,0,0,0,0,0,0,0,0,0,1
Erststimme,"08W515","08",Neukölln,"515",W,5K,5,82,W,929,569,360,0,354,3,352,1,76,147,42,13,40,18,3,8,0,0,0,0,0,0,0,0,0,0,0,5,0,0,0,0,0,0,0,0,0,0,0,0,0,0,0,0,0,0,0,0,0,0,0,0,0,0,0,0
Erststimme,"08W516","08",Neukölln,"516",W,5L,5,82,W,994,809,185,0,325,0,318,7,82,100,29,24,43,10,3,19,0,0,0,0,0,0,0,0,0,0,0,3,0,0,0,0,0,0,0,0,0,4,0,0,0,0,0,0,0,0,0,0,0,0,0,0,0,0,0,1
Erststimme,"08W517","08",Neukölln,"517",W,5L,5,82,W,831,560,271,0,267,5,262,5,48,134,12,11,33,13,2,7,0,0,0,0,0,0,0,0,0,0,0,2,0,0,0,0,0,0,0,0,0,0,0,0,0,0,0,0,0,0,0,0,0,0,0,0,0,0,0,0
Erststimme,"08W518","08",Neukölln,"518",W,5M,5,82,W,893,560,333,0,354,1,352,2,104,134,21,17,47,16,2,8,0,0,0,0,0,0,0,0,0,0,0,3,0,0,0,0,0,0,0,0,0,0,0,0,0,0,0,0,0,0,0,0,0,0,0,0,0,0,0,0
Erststimme,"08W519","08",Neukölln,"519",W,5N,5,82,W,986,584,402,0,308,1,303,5,72,144,13,12,30,19,5,6,0,0,0,0,0,0,0,0,0,0,0,1,0,0,0,0,0,0,0,0,0,0,0,0,0,0,0,0,0,0,0,0,0,0,0,0,0,0,0,1
Erststimme,"08W520","08",Neukölln,"520",W,5P,5,82,W,924,568,356,0,334,0,331,3,55,171,24,8,46,11,6,8,0,0,0,0,0,0,0,0,0,0,0,2,0,0,0,0,0,0,0,0,0,0,0,0,0,0,0,0,0,0,0,0,0,0,0,0,0,0,0,0
Erststimme,"08W521","08",Neukölln,"521",W,5Q,5,82,W,926,527,399,0,346,4,341,5,69,184,17,16,31,15,1,5,0,0,0,0,0,0,0,0,0,0,0,2,0,0,0,0,0,0,0,0,0,1,0,0,0,0,0,0,0,0,0,0,0,0,0,0,0,0,0,0
Erststimme,"08W522","08",Neukölln,"522",W,5R,5,82,W,868,575,293,0,326,5,323,3,81,144,27,12,28,9,6,10,0,0,0,0,0,0,0,0,0,0,0,4,0,0,0,0,0,0,0,0,0,0,0,0,0,0,0,0,0,0,0,0,0,0,0,0,0,0,0,2
Erststimme,"08W523","08",Neukölln,"523",W,5S,5,82,W,958,665,293,0,375,4,367,8,102,162,16,20,35,14,3,11,0,0,0,0,0,0,0,0,0,0,0,2,0,0,0,0,0,0,0,0,0,2,0,0,0,0,0,0,0,0,0,0,0,0,0,0,0,0,0,0
Erststimme,"08W524","08",Neukölln,"524",W,5T,5,82,W,904,705,199,0,290,1,287,3,68,122,4,9,44,5,7,23,0,0,0,0,0,0,0,0,0,0,0,2,0,0,0,0,0,0,0,0,0,3,0,0,0,0,0,0,0,0,0,0,0,0,0,0,0,0,0,0
Erststimme,"08W525","08",Neukölln,"525",W,5T,5,82,W,892,623,269,0,273,1,271,2,70,121,11,10,35,9,5,8,0,0,0,0,0,0,0,0,0,0,0,0,0,0,0,0,0,0,0,0,0,1,0,0,0,0,0,0,0,0,0,0,0,0,0,0,0,0,0,1
Erststimme,"08W526","08",Neukölln,"526",W,5U,5,82,W,944,679,265,0,404,2,400,4,89,195,23,13,42,14,5,18,0,0,0,0,0,0,0,0,0,0,0,1,0,0,0,0,0,0,0,0,0,0,0,0,0,0,0,0,0,0,0,0,0,0,0,0,0,0,0,0
Erststimme,"08W527","08",Neukölln,"527",W,5R,5,82,W,1017,707,310,0,290,2,287,3,87,128,7,14,35,5,5,4,0,0,0,0,0,0,0,0,0,0,0,1,0,0,0,0,0,0,0,0,0,0,0,0,0,0,0,0,0,0,0,0,0,0,0,0,0,0,0,1
Erststimme,"08W528","08",Neukölln,"528",W,5V,5,82,W,877,570,307,0,293,0,289,4,71,128,12,15,43,7,3,9,0,0,0,0,0,0,0,0,0,0,0,0,0,0,0,0,0,0,0,0,0,1,0,0,0,0,0,0,0,0,0,0,0,0,0,0,0,0,0,0
Erststimme,"08W529","08",Neukölln,"529",W,5W,5,82,W,963,697,266,0,312,1,312,0,67,138,14,14,44,11,6,13,0,0,0,0,0,0,0,0,0,0,0,2,0,0,0,0,0,0,0,0,0,3,0,0,0,0,0,0,0,0,0,0,0,0,0,0,0,0,0,0
Erststimme,"08W530","08",Neukölln,"530",W,5W,5,82,W,860,564,296,0,254,0,253,1,54,94,14,15,53,3,7,12,0,0,0,0,0,0,0,0,0,0,0,0,0,0,0,0,0,0,0,0,0,1,0,0,0,0,0,0,0,0,0,0,0,0,0,0,0,0,0,0
Erststimme,"08W531","08",Neukölln,"531",W,5X,5,82,W,1035,837,198,0,277,3,271,6,71,100,4,21,45,8,5,12,0,0,0,0,0,0,0,0,0,0,0,3,0,0,0,0,0,0,0,0,0,2,0,0,0,0,0,0,0,0,0,0,0,0,0,0,0,0,0,0
Erststimme,"08W532","08",Neukölln,"532",W,5Y,5,82,W,910,620,290,0,260,5,259,1,65,119,8,9,41,9,1,6,0,0,0,0,0,0,0,0,0,0,0,1,0,0,0,0,0,0,0,0,0,0,0,0,0,0,0,0,0,0,0,0,0,0,0,0,0,0,0,0
Erststimme,"08W533","08",Neukölln,"533",W,5Z,5,82,W,840,623,217,0,311,1,306,5,73,118,23,29,32,15,4,7,0,0,0,0,0,0,0,0,0,0,0,4,0,0,0,0,0,0,0,0,0,1,0,0,0,0,0,0,0,0,0,0,0,0,0,0,0,0,0,0
Erststimme,"08W534","08",Neukölln,"534",W,5X,5,82,W,1034,723,311,0,331,3,328,3,69,128,17,26,52,16,6,7,0,0,0,0,0,0,0,0,0,0,0,4,0,0,0,0,0,0,0,0,0,2,0,0,0,0,0,0,0,0,0,0,0,0,0,0,0,0,0,1
Erststimme,"08B5A","08",Neukölln,5A,B,5A,5,82,W,0,0,0,0,212,212,212,0,44,71,30,23,16,8,6,9,0,0,0,0,0,0,0,0,0,0,0,0,0,0,0,0,0,0,0,0,0,3,0,0,0,0,0,0,0,0,0,0,0,0,0,0,0,0,0,2
Erststimme,"08B5AA","08",Neukölln,5AA,B,5AA,5,82,W,0,0,0,0,270,270,266,4,68,89,46,23,11,9,7,9,0,0,0,0,0,0,0,0,0,0,0,0,0,0,0,0,0,0,0,0,0,4,0,0,0,0,0,0,0,0,0,0,0,0,0,0,0,0,0,0
Erststimme,"08B5AB","08",Neukölln,5AB,B,5AB,5,82,W,0,0,0,0,318,318,314,4,92,101,61,15,15,14,6,7,0,0,0,0,0,0,0,0,0,0,0,1,0,0,0,0,0,0,0,0,0,2,0,0,0,0,0,0,0,0,0,0,0,0,0,0,0,0,0,0
Erststimme,"08B5AC","08",Neukölln,5AC,B,5AC,5,82,W,0,0,0,0,295,295,289,6,98,79,56,19,12,5,8,11,0,0,0,0,0,0,0,0,0,0,0,1,0,0,0,0,0,0,0,0,0,0,0,0,0,0,0,0,0,0,0,0,0,0,0,0,0,0,0,0
Erststimme,"08B5B","08",Neukölln,5B,B,5B,5,82,W,0,0,0,0,305,305,300,5,102,137,23,6,15,4,1,10,0,0,0,0,0,0,0,0,0,0,0,0,0,0,0,0,0,0,0,0,0,2,0,0,0,0,0,0,0,0,0,0,0,0,0,0,0,0,0,0
Erststimme,"08B5C","08",Neukölln,5C,B,5C,5,82,W,0,0,0,0,301,301,295,6,80,102,46,18,16,9,7,14,0,0,0,0,0,0,0,0,0,0,0,1,0,0,0,0,0,0,0,0,0,2,0,0,0,0,0,0,0,0,0,0,0,0,0,0,0,0,0,0
Erststimme,"08B5D","08",Neukölln,5D,B,5D,5,82,W,0,0,0,0,520,520,515,4,131,227,29,20,48,19,8,25,0,0,0,0,0,0,0,0,0,0,0,1,0,0,0,0,0,0,0,0,0,6,0,0,0,0,0,0,0,0,0,0,0,0,0,0,0,0,0,1
Erststimme,"08B5E","08",Neukölln,5E,B,5E,5,82,W,0,0,0,0,294,294,289,4,81,101,23,16,41,6,5,12,0,0,0,0,0,0,0,0,0,0,0,0,0,0,0,0,0,0,0,0,0,4,0,0,0,0,0,0,0,0,0,0,0,0,0,0,0,0,0,0
Erststimme,"08B5F","08",Neukölln,5F,B,5F,5,82,W,0,0,0,0,513,513,510,2,130,252,66,9,13,24,5,9,0,0,0,0,0,0,0,0,0,0,0,0,0,0,0,0,0,0,0,0,0,1,0,0,0,0,0,0,0,0,0,0,0,0,0,0,0,0,0,1
Erststimme,"08B5G","08",Neukölln,5G,B,5G,5,82,W,0,0,0,0,395,395,392,2,86,196,33,17,25,13,6,10,0,0,0,0,0,0,0,0,0,0,0,3,0,0,0,0,0,0,0,0,0,2,0,0,0,0,0,0,0,0,0,0,0,0,0,0,0,0,0,1
Erststimme,"08B5H","08",Neukölln,5H,B,5H,5,82,W,0,0,0,0,291,291,288,2,77,122,16,3,32,12,8,16,0,0,0,0,0,0,0,0,0,0,0,0,0,0,0,0,0,0,0,0,0,2,0,0,0,0,0,0,0,0,0,0,0,0,0,0,0,0,0,0
Erststimme,"08B5I","08",Neukölln,5I,B,5I,5,82,W,0,0,0,0,305,305,303,2,79,165,14,5,20,6,4,8,0,0,0,0,0,0,0,0,0,0,0,2,0,0,0,0,0,0,0,0,0,0,0,0,0,0,0,0,0,0,0,0,0,0,0,0,0,0,0,0
Erststimme,"08B5J","08",Neukölln,5J,B,5J,5,82,W,0,0,0,0,328,328,325,3,69,163,18,10,28,19,7,8,0,0,0,0,0,0,0,0,0,0,0,1,0,0,0,0,0,0,0,0,0,1,0,0,0,0,0,0,0,0,0,0,0,0,0,0,0,0,0,1
Erststimme,"08B5K","08",Neukölln,5K,B,5K,5,82,W,0,0,0,0,327,327,325,0,87,151,25,9,24,14,6,9,0,0,0,0,0,0,0,0,0,0,0,0,0,0,0,0,0,0,0,0,0,0,0,0,0,0,0,0,0,0,0,0,0,0,0,0,0,0,0,0
Erststimme,"08B5L","08",Neukölln,5L,B,5L,5,82,W,0,0,0,0,386,386,386,0,79,192,22,14,47,14,2,9,0,0,0,0,0,0,0,0,0,0,0,2,0,0,0,0,0,0,0,0,0,5,0,0,0,0,0,0,0,0,0,0,0,0,0,0,0,0,0,0
Erststimme,"08B5M","08",Neukölln,5M,B,5M,5,82,W,0,0,0,0,296,296,295,1,65,151,14,10,24,12,4,12,0,0,0,0,0,0,0,0,0,0,0,2,0,0,0,0,0,0,0,0,0,0,0,0,0,0,0,0,0,0,0,0,0,0,0,0,0,0,0,1
Erststimme,"08B5N","08",Neukölln,5N,B,5N,5,82,W,0,0,0,0,368,368,366,2,98,199,16,7,23,13,6,4,0,0,0,0,0,0,0,0,0,0,0,0,0,0,0,0,0,0,0,0,0,0,0,0,0,0,0,0,0,0,0,0,0,0,0,0,0,0,0,0
Erststimme,"08B5P","08",Neukölln,5P,B,5P,5,82,W,0,0,0,0,328,328,325,3,72,171,30,7,17,10,3,11,0,0,0,0,0,0,0,0,0,0,0,3,0,0,0,0,0,0,0,0,0,1,0,0,0,0,0,0,0,0,0,0,0,0,0,0,0,0,0,0
Erststimme,"08B5Q","08",Neukölln,5Q,B,5Q,5,82,W,0,0,0,0,374,374,374,0,71,213,30,7,16,23,4,7,0,0,0,0,0,0,0,0,0,0,0,2,0,0,0,0,0,0,0,0,0,1,0,0,0,0,0,0,0,0,0,0,0,0,0,0,0,0,0,0
Erststimme,"08B5R","08",Neukölln,5R,B,5R,5,82,W,0,0,0,0,539,539,538,1,146,252,40,11,41,17,3,23,0,0,0,0,0,0,0,0,0,0,0,2,0,0,0,0,0,0,0,0,0,3,0,0,0,0,0,0,0,0,0,0,0,0,0,0,0,0,0,0
Erststimme,"08B5S","08",Neukölln,5S,B,5S,5,82,W,0,0,0,0,257,257,257,0,62,132,18,11,13,10,3,3,0,0,0,0,0,0,0,0,0,0,0,3,0,0,0,0,0,0,0,0,0,2,0,0,0,0,0,0,0,0,0,0,0,0,0,0,0,0,0,0
Erststimme,"08B5T","08",Neukölln,5T,B,5T,5,82,W,0,0,0,0,415,415,411,3,117,179,25,20,36,8,5,17,0,0,0,0,0,0,0,0,0,0,0,1,0,0,0,0,0,0,0,0,0,3,0,0,0,0,0,0,0,0,0,0,0,0,0,0,0,0,0,0
Erststimme,"08B5U","08",Neukölln,5U,B,5U,5,82,W,0,0,0,0,247,247,246,1,68,118,8,3,23,12,4,9,0,0,0,0,0,0,0,0,0,0,0,0,0,0,0,0,0,0,0,0,0,1,0,0,0,0,0,0,0,0,0,0,0,0,0,0,0,0,0,0
Erststimme,"08B5V","08",Neukölln,5V,B,5V,5,82,W,0,0,0,0,287,287,287,0,60,153,18,5,18,14,3,15,0,0,0,0,0,0,0,0,0,0,0,0,0,0,0,0,0,0,0,0,0,0,0,0,0,0,0,0,0,0,0,0,0,0,0,0,0,0,0,1
Erststimme,"08B5W","08",Neukölln,5W,B,5W,5,82,W,0,0,0,0,507,507,504,2,124,234,27,13,58,23,5,14,0,0,0,0,0,0,0,0,0,0,0,3,0,0,0,0,0,0,0,0,0,1,0,0,0,0,0,0,0,0,0,0,0,0,0,0,0,0,0,2
Erststimme,"08B5X","08",Neukölln,5X,B,5X,5,82,W,0,0,0,0,447,447,443,3,109,230,23,13,35,12,9,11,0,0,0,0,0,0,0,0,0,0,0,0,0,0,0,0,0,0,0,0,0,1,0,0,0,0,0,0,0,0,0,0,0,0,0,0,0,0,0,0
Erststimme,"08B5Y","08",Neukölln,5Y,B,5Y,5,82,W,0,0,0,0,265,265,263,2,53,130,11,12,35,6,1,15,0,0,0,0,0,0,0,0,0,0,0,0,0,0,0,0,0,0,0,0,0,0,0,0,0,0,0,0,0,0,0,0,0,0,0,0,0,0,0,0
Erststimme,"08B5Z","08",Neukölln,5Z,B,5Z,5,82,W,0,0,0,0,195,195,195,0,41,98,15,8,13,10,4,6,0,0,0,0,0,0,0,0,0,0,0,0,0,0,0,0,0,0,0,0,0,0,0,0,0,0,0,0,0,0,0,0,0,0,0,0,0,0,0,0
Erststimme,"08W601","08",Neukölln,"601",W,6A,6,82,W,898,538,360,0,340,0,339,0,94,162,21,13,33,9,3,0,0,0,0,0,1,0,0,0,0,0,0,3,0,0,0,0,0,0,0,0,0,0,0,0,0,0,0,0,0,0,0,0,0,0,0,0,0,0,0,0
Erststimme,"08W602","08",Neukölln,"602",W,6AA,6,82,W,874,560,314,0,342,2,339,3,98,168,7,10,30,23,2,0,0,0,0,0,1,0,0,0,0,0,0,0,0,0,0,0,0,0,0,0,0,0,0,0,0,0,0,0,0,0,0,0,0,0,0,0,0,0,0,0
Erststimme,"08W603","08",Neukölln,"603",W,6B,6,82,W,908,579,329,0,335,3,331,4,93,156,27,11,25,15,2,0,0,0,0,0,0,0,0,0,0,0,0,2,0,0,0,0,0,0,0,0,0,0,0,0,0,0,0,0,0,0,0,0,0,0,0,0,0,0,0,0
Erststimme,"08W604","08",Neukölln,"604",W,6C,6,82,W,880,589,291,0,312,7,309,1,90,143,16,9,33,11,4,0,0,0,0,0,0,0,0,0,0,0,0,3,0,0,0,0,0,0,0,0,0,0,0,0,0,0,0,0,0,0,0,0,0,0,0,0,0,0,0,0
Erststimme,"08W605","08",Neukölln,"605",W,6D,6,82,W,845,514,331,0,301,12,294,7,101,125,22,8,25,4,8,0,0,0,0,0,0,0,0,0,0,0,0,1,0,0,0,0,0,0,0,0,0,0,0,0,0,0,0,0,0,0,0,0,0,0,0,0,0,0,0,0
Erststimme,"08W606","08",Neukölln,"606",W,6E,6,82,W,904,638,266,0,308,3,298,10,84,116,14,10,48,16,4,0,0,0,0,0,1,0,0,0,0,0,0,5,0,0,0,0,0,0,0,0,0,0,0,0,0,0,0,0,0,0,0,0,0,0,0,0,0,0,0,0
Erststimme,"08W607","08",Neukölln,"607",W,6F,6,82,W,881,572,309,0,323,2,323,0,86,144,17,8,54,11,3,0,0,0,0,0,0,0,0,0,0,0,0,0,0,0,0,0,0,0,0,0,0,0,0,0,0,0,0,0,0,0,0,0,0,0,0,0,0,0,0,0
Erststimme,"08W608","08",Neukölln,"608",W,6G,6,82,W,914,615,299,0,382,0,380,2,114,197,18,13,25,8,5,0,0,0,0,0,0,0,0,0,0,0,0,0,0,0,0,0,0,0,0,0,0,0,0,0,0,0,0,0,0,0,0,0,0,0,0,0,0,0,0,0
Erststimme,"08W609","08",Neukölln,"609",W,6H,6,82,W,974,799,175,0,297,2,290,7,96,106,8,19,47,10,2,0,0,0,0,0,1,0,0,0,0,0,0,1,0,0,0,0,0,0,0,0,0,0,0,0,0,0,0,0,0,0,0,0,0,0,0,0,0,0,0,0
Erststimme,"08W610","08",Neukölln,"610",W,6I,6,82,W,874,623,251,0,363,0,355,8,95,166,19,12,38,12,10,0,0,0,0,0,1,0,0,0,0,0,0,2,0,0,0,0,0,0,0,0,0,0,0,0,0,0,0,0,0,0,0,0,0,0,0,0,0,0,0,0
Erststimme,"08W611","08",Neukölln,"611",W,6D,6,82,W,822,555,267,0,327,2,321,6,84,129,25,20,40,13,6,0,0,0,0,0,1,0,0,0,0,0,0,3,0,0,0,0,0,0,0,0,0,0,0,0,0,0,0,0,0,0,0,0,0,0,0,0,0,0,0,0
Erststimme,"08W612","08",Neukölln,"612",W,6J,6,82,W,924,631,293,0,331,4,326,5,83,148,17,12,49,12,2,0,0,0,0,0,0,0,0,0,0,0,0,3,0,0,0,0,0,0,0,0,0,0,0,0,0,0,0,0,0,0,0,0,0,0,0,0,0,0,0,0
Erststimme,"08W613","08",Neukölln,"613",W,6J,6,82,W,875,615,260,0,275,5,268,7,82,109,9,6,42,8,7,0,0,0,0,0,2,0,0,0,0,0,0,3,0,0,0,0,0,0,0,0,0,0,0,0,0,0,0,0,0,0,0,0,0,0,0,0,0,0,0,0
Erststimme,"08W614","08",Neukölln,"614",W,6K,6,82,W,854,532,322,0,296,1,291,5,79,144,16,6,24,12,8,0,0,0,0,0,0,0,0,0,0,0,0,2,0,0,0,0,0,0,0,0,0,0,0,0,0,0,0,0,0,0,0,0,0,0,0,0,0,0,0,0
Erststimme,"08W615","08",Neukölln,"615",W,6L,6,82,W,871,649,222,0,362,4,351,11,92,142,15,15,64,13,5,0,0,0,0,0,2,0,0,0,0,0,0,3,0,0,0,0,0,0,0,0,0,0,0,0,0,0,0,0,0,0,0,0,0,0,0,0,0,0,0,0
Erststimme,"08W616","08",Neukölln,"616",W,6K,6,82,W,822,662,160,0,259,12,256,3,71,106,10,7,43,7,10,0,0,0,0,0,0,0,0,0,0,0,0,2,0,0,0,0,0,0,0,0,0,0,0,0,0,0,0,0,0,0,0,0,0,0,0,0,0,0,0,0
Erststimme,"08W617","08",Neukölln,"617",W,6L,6,82,W,849,668,181,0,362,3,352,10,97,132,11,23,63,16,6,0,0,0,0,0,0,0,0,0,0,0,0,4,0,0,0,0,0,0,0,0,0,0,0,0,0,0,0,0,0,0,0,0,0,0,0,0,0,0,0,0
Erststimme,"08W618","08",Neukölln,"618",W,6M,6,82,W,889,612,277,0,390,5,387,3,109,167,30,24,39,13,3,0,0,0,0,0,0,0,0,0,0,0,0,2,0,0,0,0,0,0,0,0,0,0,0,0,0,0,0,0,0,0,0,0,0,0,0,0,0,0,0,0
Erststimme,"08W619","08",Neukölln,"619",W,6M,6,82,W,855,516,339,0,312,2,306,6,81,159,11,14,28,8,4,0,0,0,0,0,1,0,0,0,0,0,0,0,0,0,0,0,0,0,0,0,0,0,0,0,0,0,0,0,0,0,0,0,0,0,0,0,0,0,0,0
Erststimme,"08W620","08",Neukölln,"620",W,6N,6,82,W,796,556,240,0,311,4,308,3,79,144,5,8,59,6,5,0,0,0,0,0,0,0,0,0,0,0,0,2,0,0,0,0,0,0,0,0,0,0,0,0,0,0,0,0,0,0,0,0,0,0,0,0,0,0,0,0
Erststimme,"08W621","08",Neukölln,"621",W,6N,6,82,W,895,638,257,0,277,5,276,1,83,115,10,8,49,2,5,0,0,0,0,0,1,0,0,0,0,0,0,3,0,0,0,0,0,0,0,0,0,0,0,0,0,0,0,0,0,0,0,0,0,0,0,0,0,0,0,0
Erststimme,"08W622","08",Neukölln,"622",W,6P,6,82,W,893,531,362,0,299,0,294,5,78,140,11,16,32,13,3,0,0,0,0,0,1,0,0,0,0,0,0,0,0,0,0,0,0,0,0,0,0,0,0,0,0,0,0,0,0,0,0,0,0,0,0,0,0,0,0,0
Erststimme,"08W623","08",Neukölln,"623",W,6P,6,82,W,946,764,182,0,319,0,315,4,93,105,16,21,60,12,3,0,0,0,0,0,0,0,0,0,0,0,0,5,0,0,0,0,0,0,0,0,0,0,0,0,0,0,0,0,0,0,0,0,0,0,0,0,0,0,0,0
Erststimme,"08W624","08",Neukölln,"624",W,6E,6,82,W,840,571,269,0,282,0,278,4,67,116,10,22,34,15,10,0,0,0,0,0,2,0,0,0,0,0,0,2,0,0,0,0,0,0,0,0,0,0,0,0,0,0,0,0,0,0,0,0,0,0,0,0,0,0,0,0
Erststimme,"08W625","08",Neukölln,"625",W,6Q,6,82,W,989,644,345,0,298,1,292,4,85,128,18,12,41,8,0,0,0,0,0,0,0,0,0,0,0,0,0,0,0,0,0,0,0,0,0,0,0,0,0,0,0,0,0,0,0,0,0,0,0,0,0,0,0,0,0,0
Erststimme,"08W626","08",Neukölln,"626",W,6R,6,82,W,880,496,384,0,292,1,290,2,90,131,14,7,40,4,4,0,0,0,0,0,0,0,0,0,0,0,0,0,0,0,0,0,0,0,0,0,0,0,0,0,0,0,0,0,0,0,0,0,0,0,0,0,0,0,0,0
Erststimme,"08W627","08",Neukölln,"627",W,6S,6,82,W,855,464,391,0,273,2,269,4,80,133,17,7,24,4,3,0,0,0,0,0,0,0,0,0,0,0,0,1,0,0,0,0,0,0,0,0,0,0,0,0,0,0,0,0,0,0,0,0,0,0,0,0,0,0,0,0
Erststimme,"08W628","08",Neukölln,"628",W,6T,6,82,W,828,543,285,0,331,1,329,2,103,124,28,10,37,20,5,0,0,0,0,0,0,0,0,0,0,0,0,2,0,0,0,0,0,0,0,0,0,0,0,0,0,0,0,0,0,0,0,0,0,0,0,0,0,0,0,0
Erststimme,"08W629","08",Neukölln,"629",W,6U,6,82,W,830,548,282,0,344,3,339,5,102,146,19,10,48,11,2,0,0,0,0,0,0,0,0,0,0,0,0,1,0,0,0,0,0,0,0,0,0,0,0,0,0,0,0,0,0,0,0,0,0,0,0,0,0,0,0,0
Erststimme,"08W630","08",Neukölln,"630",W,6V,6,82,W,810,489,321,0,343,2,341,2,109,160,10,9,37,11,4,0,0,0,0,0,0,0,0,0,0,0,0,1,0,0,0,0,0,0,0,0,0,0,0,0,0,0,0,0,0,0,0,0,0,0,0,0,0,0,0,0
Erststimme,"08W631","08",Neukölln,"631",W,6W,6,82,W,899,526,373,0,334,3,329,5,93,150,27,10,31,12,5,0,0,0,0,0,0,0,0,0,0,0,0,1,0,0,0,0,0,0,0,0,0,0,0,0,0,0,0,0,0,0,0,0,0,0,0,0,0,0,0,0
Erststimme,"08W632","08",Neukölln,"632",W,6X,6,82,W,1113,704,409,0,423,10,418,5,98,220,18,16,42,18,5,0,0,0,0,0,1,0,0,0,0,0,0,0,0,0,0,0,0,0,0,0,0,0,0,0,0,0,0,0,0,0,0,0,0,0,0,0,0,0,0,0
Erststimme,"08W633","08",Neukölln,"633",W,6Y,6,82,W,1265,928,337,0,355,6,348,7,99,140,13,31,42,11,5,0,0,0,0,0,1,0,0,0,0,0,0,6,0,0,0,0,0,0,0,0,0,0,0,0,0,0,0,0,0,0,0,0,0,0,0,0,0,0,0,0
Erststimme,"08W634","08",Neukölln,"634",W,6Y,6,82,W,987,791,196,0,271,3,262,9,94,89,12,19,36,4,8,0,0,0,0,0,0,0,0,0,0,0,0,0,0,0,0,0,0,0,0,0,0,0,0,0,0,0,0,0,0,0,0,0,0,0,0,0,0,0,0,0
Erststimme,"08W635","08",Neukölln,"635",W,6Z,6,82,W,993,817,176,0,221,1,218,3,64,81,9,16,31,9,5,0,0,0,0,0,0,0,0,0,0,0,0,3,0,0,0,0,0,0,0,0,0,0,0,0,0,0,0,0,0,0,0,0,0,0,0,0,0,0,0,0
Erststimme,"08W636","08",Neukölln,"636",W,6Z,6,82,W,918,719,199,0,249,1,246,3,89,81,7,16,36,7,4,0,0,0,0,0,1,0,0,0,0,0,0,5,0,0,0,0,0,0,0,0,0,0,0,0,0,0,0,0,0,0,0,0,0,0,0,0,0,0,0,0
Erststimme,"08B6A","08",Neukölln,6A,B,6A,6,82,W,0,0,0,0,326,326,324,2,87,170,17,12,18,17,3,0,0,0,0,0,0,0,0,0,0,0,0,0,0,0,0,0,0,0,0,0,0,0,0,0,0,0,0,0,0,0,0,0,0,0,0,0,0,0,0,0
Erststimme,"08B6AA","08",Neukölln,6AA,B,6AA,6,82,W,0,0,0,0,294,294,290,4,78,174,11,6,11,7,3,0,0,0,0,0,0,0,0,0,0,0,0,0,0,0,0,0,0,0,0,0,0,0,0,0,0,0,0,0,0,0,0,0,0,0,0,0,0,0,0,0
Erststimme,"08B6B","08",Neukölln,6B,B,6B,6,82,W,0,0,0,0,293,293,289,4,96,133,22,1,19,12,2,0,0,0,0,0,0,0,0,0,0,0,0,4,0,0,0,0,0,0,0,0,0,0,0,0,0,0,0,0,0,0,0,0,0,0,0,0,0,0,0,0
Erststimme,"08B6C","08",Neukölln,6C,B,6C,6,82,W,0,0,0,0,252,252,249,3,75,121,11,16,13,6,6,0,0,0,0,0,0,0,0,0,0,0,0,1,0,0,0,0,0,0,0,0,0,0,0,0,0,0,0,0,0,0,0,0,0,0,0,0,0,0,0,0
Erststimme,"08B6D","08",Neukölln,6D,B,6D,6,82,W,0,0,0,0,541,541,535,6,165,252,31,12,39,26,8,0,0,0,0,0,1,0,0,0,0,0,0,1,0,0,0,0,0,0,0,0,0,0,0,0,0,0,0,0,0,0,0,0,0,0,0,0,0,0,0,0
Erststimme,"08B6E","08",Neukölln,6E,B,6E,6,82,W,0,0,0,0,480,480,477,2,159,224,25,8,33,15,10,0,0,0,0,0,0,0,0,0,0,0,0,3,0,0,0,0,0,0,0,0,0,0,0,0,0,0,0,0,0,0,0,0,0,0,0,0,0,0,0,0
Erststimme,"08B6F","08",Neukölln,6F,B,6F,6,82,W,0,0,0,0,279,279,276,3,92,128,16,5,19,12,3,0,0,0,0,0,0,0,0,0,0,0,0,1,0,0,0,0,0,0,0,0,0,0,0,0,0,0,0,0,0,0,0,0,0,0,0,0,0,0,0,0
Erststimme,"08B6G","08",Neukölln,6G,B,6G,6,82,W,0,0,0,0,268,268,264,3,60,151,10,10,15,13,4,0,0,0,0,0,0,0,0,0,0,0,0,1,0,0,0,0,0,0,0,0,0,0,0,0,0,0,0,0,0,0,0,0,0,0,0,0,0,0,0,0
Erststimme,"08B6H","08",Neukölln,6H,B,6H,6,82,W,0,0,0,0,157,157,154,3,38,62,14,11,18,7,3,0,0,0,0,0,0,0,0,0,0,0,0,1,0,0,0,0,0,0,0,0,0,0,0,0,0,0,0,0,0,0,0,0,0,0,0,0,0,0,0,0
Erststimme,"08B6I","08",Neukölln,6I,B,6I,6,82,W,0,0,0,0,224,224,224,0,72,106,10,6,21,5,4,0,0,0,0,0,0,0,0,0,0,0,0,0,0,0,0,0,0,0,0,0,0,0,0,0,0,0,0,0,0,0,0,0,0,0,0,0,0,0,0,0
Erststimme,"08B6J","08",Neukölln,6J,B,6J,6,82,W,0,0,0,0,458,458,448,9,142,206,33,9,31,14,10,0,0,0,0,0,1,0,0,0,0,0,0,2,0,0,0,0,0,0,0,0,0,0,0,0,0,0,0,0,0,0,0,0,0,0,0,0,0,0,0,0
Erststimme,"08B6K","08",Neukölln,6K,B,6K,6,82,W,0,0,0,0,437,437,430,7,124,207,17,10,47,12,7,0,0,0,0,0,1,0,0,0,0,0,0,5,0,0,0,0,0,0,0,0,0,0,0,0,0,0,0,0,0,0,0,0,0,0,0,0,0,0,0,0
Erststimme,"08B6L","08",Neukölln,6L,B,6L,6,82,W,0,0,0,0,345,345,343,2,103,156,20,6,30,14,10,0,0,0,0,0,2,0,0,0,0,0,0,2,0,0,0,0,0,0,0,0,0,0,0,0,0,0,0,0,0,0,0,0,0,0,0,0,0,0,0,0
Erststimme,"08B6M","08",Neukölln,6M,B,6M,6,82,W,0,0,0,0,549,549,541,7,176,250,26,17,41,22,5,0,0,0,0,0,2,0,0,0,0,0,0,2,0,0,0,0,0,0,0,0,0,0,0,0,0,0,0,0,0,0,0,0,0,0,0,0,0,0,0,0
Erststimme,"08B6N","08",Neukölln,6N,B,6N,6,82,W,0,0,0,0,432,432,431,1,151,180,29,14,31,19,5,0,0,0,0,0,1,0,0,0,0,0,0,1,0,0,0,0,0,0,0,0,0,0,0,0,0,0,0,0,0,0,0,0,0,0,0,0,0,0,0,0
Erststimme,"08B6P","08",Neukölln,6P,B,6P,6,82,W,0,0,0,0,481,481,477,2,145,234,30,11,32,13,7,0,0,0,0,0,3,0,0,0,0,0,0,2,0,0,0,0,0,0,0,0,0,0,0,0,0,0,0,0,0,0,0,0,0,0,0,0,0,0,0,0
Erststimme,"08B6Q","08",Neukölln,6Q,B,6Q,6,82,W,0,0,0,0,299,299,294,4,109,115,9,13,32,11,4,0,0,0,0,0,0,0,0,0,0,0,0,1,0,0,0,0,0,0,0,0,0,0,0,0,0,0,0,0,0,0,0,0,0,0,0,0,0,0,0,0
Erststimme,"08B6R","08",Neukölln,6R,B,6R,6,82,W,0,0,0,0,356,356,349,6,112,164,21,1,29,16,5,0,0,0,0,0,0,0,0,0,0,0,0,1,0,0,0,0,0,0,0,0,0,0,0,0,0,0,0,0,0,0,0,0,0,0,0,0,0,0,0,0
Erststimme,"08B6S","08",Neukölln,6S,B,6S,6,82,W,0,0,0,0,357,357,357,0,105,171,14,10,35,11,7,0,0,0,0,0,2,0,0,0,0,0,0,2,0,0,0,0,0,0,0,0,0,0,0,0,0,0,0,0,0,0,0,0,0,0,0,0,0,0,0,0
Erststimme,"08B6T","08",Neukölln,6T,B,6T,6,82,W,0,0,0,0,259,259,256,3,64,131,20,4,19,9,7,0,0,0,0,0,0,0,0,0,0,0,0,2,0,0,0,0,0,0,0,0,0,0,0,0,0,0,0,0,0,0,0,0,0,0,0,0,0,0,0,0
Erststimme,"08B6U","08",Neukölln,6U,B,6U,6,82,W,0,0,0,0,263,263,262,1,74,136,16,8,15,11,1,0,0,0,0,0,0,0,0,0,0,0,0,1,0,0,0,0,0,0,0,0,0,0,0,0,0,0,0,0,0,0,0,0,0,0,0,0,0,0,0,0
Erststimme,"08B6V","08",Neukölln,6V,B,6V,6,82,W,0,0,0,0,292,292,290,2,85,153,12,11,13,13,2,0,0,0,0,0,1,0,0,0,0,0,0,0,0,0,0,0,0,0,0,0,0,0,0,0,0,0,0,0,0,0,0,0,0,0,0,0,0,0,0,0
Erststimme,"08B6W","08",Neukölln,6W,B,6W,6,82,W,0,0,0,0,345,345,339,5,85,179,24,15,15,17,2,0,0,0,0,0,0,0,0,0,0,0,0,2,0,0,0,0,0,0,0,0,0,0,0,0,0,0,0,0,0,0,0,0,0,0,0,0,0,0,0,0
Erststimme,"08B6X","08",Neukölln,6X,B,6X,6,82,W,0,0,0,0,360,360,358,2,102,173,21,11,25,15,9,0,0,0,0,0,0,0,0,0,0,0,0,2,0,0,0,0,0,0,0,0,0,0,0,0,0,0,0,0,0,0,0,0,0,0,0,0,0,0,0,0
Erststimme,"08B6Y","08",Neukölln,6Y,B,6Y,6,82,W,0,0,0,0,448,448,441,7,165,158,16,22,47,22,9,0,0,0,0,0,1,0,0,0,0,0,0,1,0,0,0,0,0,0,0,0,0,0,0,0,0,0,0,0,0,0,0,0,0,0,0,0,0,0,0,0
Erststimme,"08B6Z","08",Neukölln,6Z,B,6Z,6,82,W,0,0,0,0,303,303,302,1,95,134,12,8,32,6,9,0,0,0,0,0,3,0,0,0,0,0,0,3,0,0,0,0,0,0,0,0,0,0,0,0,0,0,0,0,0,0,0,0,0,0,0,0,0,0,0,0
Erststimme,"09W101","09",Treptow-Köpenick,"101",W,1A,1,84,O,645,447,198,0,280,2,279,1,25,20,95,101,14,4,9,5,0,0,0,0,0,0,0,0,0,0,0,5,0,0,0,0,0,0,0,0,0,1,0,0,0,0,0,0,0,0,0,0,0,0,0,0,0,0,0,0
Erststimme,"09W102","09",Treptow-Köpenick,"102",W,1B,1,84,O,802,583,219,0,342,4,341,1,43,46,70,120,28,5,5,15,0,0,0,0,0,0,0,0,0,0,0,5,0,0,0,0,0,0,0,0,0,4,0,0,0,0,0,0,0,0,0,0,0,0,0,0,0,0,0,0
Erststimme,"09W103","09",Treptow-Köpenick,"103",W,1A,1,84,O,837,556,281,0,311,5,309,2,36,34,62,116,29,4,7,9,0,0,0,0,0,0,0,0,0,0,2,7,0,0,0,0,0,0,0,0,0,3,0,0,0,0,0,0,0,0,0,0,0,0,0,0,0,0,0,0
Erststimme,"09W104","09",Treptow-Köpenick,"104",W,1A,1,84,O,742,486,256,0,297,12,297,0,44,35,105,76,9,5,10,7,0,0,0,0,1,0,0,0,0,0,1,3,0,0,0,0,0,0,0,0,0,1,0,0,0,0,0,0,0,0,0,0,0,0,0,0,0,0,0,0
Erststimme,"09W105","09",Treptow-Köpenick,"105",W,1B,1,84,O,621,414,207,0,241,3,239,2,32,22,66,77,22,5,6,6,0,0,0,0,0,0,0,0,0,0,0,3,0,0,0,0,0,0,0,0,0,0,0,0,0,0,0,0,0,0,0,0,0,0,0,0,0,0,0,0
Erststimme,"09W106","09",Treptow-Köpenick,"106",W,1C,1,84,O,783,553,230,0,322,4,318,4,32,29,117,102,13,2,13,8,0,0,0,0,0,0,0,0,0,0,0,2,0,0,0,0,0,0,0,0,0,0,0,0,0,0,0,0,0,0,0,0,0,0,0,0,0,0,0,0
Erststimme,"09W107","09",Treptow-Köpenick,"107",W,1D,1,84,O,700,480,220,0,262,5,261,1,31,27,81,76,15,7,5,8,0,0,0,0,0,0,0,0,0,0,3,4,0,0,0,0,0,0,0,0,0,4,0,0,0,0,0,0,0,0,0,0,0,0,0,0,0,0,0,0
Erststimme,"09W108","09",Treptow-Köpenick,"108",W,1D,1,84,O,828,571,257,0,346,12,343,2,43,44,95,114,17,8,5,10,0,0,0,0,1,0,0,0,0,0,2,3,0,0,0,0,0,0,0,0,0,1,0,0,0,0,0,0,0,0,0,0,0,0,0,0,0,0,0,0
Erststimme,"09W109","09",Treptow-Köpenick,"109",W,1E,1,84,O,783,553,230,0,338,7,334,4,51,35,98,120,10,7,6,7,0,0,0,0,0,0,0,0,0,0,0,0,0,0,0,0,0,0,0,0,0,0,0,0,0,0,0,0,0,0,0,0,0,0,0,0,0,0,0,0
Erststimme,"09W110","09",Treptow-Köpenick,"110",W,1C,1,84,O,837,513,324,0,264,11,260,4,36,48,77,66,19,6,2,3,0,0,0,0,1,0,0,0,0,0,0,0,0,0,0,0,0,0,0,0,0,2,0,0,0,0,0,0,0,0,0,0,0,0,0,0,0,0,0,0
Erststimme,"09W111","09",Treptow-Köpenick,"111",W,1E,1,84,O,610,438,172,0,230,6,228,2,20,11,48,127,9,4,4,4,0,0,0,0,1,0,0,0,0,0,0,0,0,0,0,0,0,0,0,0,0,0,0,0,0,0,0,0,0,0,0,0,0,0,0,0,0,0,0,0
Erststimme,"09W112","09",Treptow-Köpenick,"112",W,1F,1,84,O,835,452,383,0,247,9,247,0,29,27,70,90,13,6,4,3,0,0,0,0,0,0,0,0,0,0,0,4,0,0,0,0,0,0,0,0,0,1,0,0,0,0,0,0,0,0,0,0,0,0,0,0,0,0,0,0
Erststimme,"09W113","09",Treptow-Köpenick,"113",W,1F,1,84,O,935,539,396,0,372,0,366,6,58,51,92,111,24,9,7,7,0,0,0,0,0,0,0,0,0,0,3,3,0,0,0,0,0,0,0,0,0,1,0,0,0,0,0,0,0,0,0,0,0,0,0,0,0,0,0,0
Erststimme,"09W114","09",Treptow-Köpenick,"114",W,1G,1,84,O,746,506,240,0,269,6,265,4,41,40,61,69,24,1,11,9,0,0,0,0,0,0,0,0,0,0,1,5,0,0,0,0,0,0,0,0,0,3,0,0,0,0,0,0,0,0,0,0,0,0,0,0,0,0,0,0
Erststimme,"09W115","09",Treptow-Köpenick,"115",W,1G,1,84,O,531,378,153,0,147,2,145,2,20,51,4,31,25,6,2,4,0,0,0,0,0,0,0,0,0,0,0,1,0,0,0,0,0,0,0,0,0,1,0,0,0,0,0,0,0,0,0,0,0,0,0,0,0,0,0,0
Erststimme,"09W116","09",Treptow-Köpenick,"116",W,1H,1,84,O,785,596,189,0,248,0,242,6,42,59,20,49,42,6,5,10,0,0,0,0,1,0,0,0,0,0,1,2,0,0,0,0,0,0,0,0,0,5,0,0,0,0,0,0,0,0,0,0,0,0,0,0,0,0,0,0
Erststimme,"09W117","09",Treptow-Köpenick,"117",W,1H,1,84,O,726,541,185,0,231,0,228,3,30,51,23,56,48,4,6,5,0,0,0,0,0,0,0,0,0,0,0,3,0,0,0,0,0,0,0,0,0,2,0,0,0,0,0,0,0,0,0,0,0,0,0,0,0,0,0,0
Erststimme,"09W118","09",Treptow-Köpenick,"118",W,1L,1,84,O,933,724,209,0,263,2,258,5,39,53,35,59,42,4,5,16,0,0,0,0,0,0,0,0,0,0,1,3,0,0,0,0,0,0,0,0,0,1,0,0,0,0,0,0,0,0,0,0,0,0,0,0,0,0,0,0
Erststimme,"09W119","09",Treptow-Köpenick,"119",W,1I,1,84,O,909,688,221,0,360,4,350,10,46,64,57,86,55,8,8,12,0,0,0,0,1,0,0,0,0,0,2,5,0,0,0,0,0,0,0,0,0,6,0,0,0,0,0,0,0,0,0,0,0,0,0,0,0,0,0,0
Erststimme,"09W120","09",Treptow-Köpenick,"120",W,1I,1,84,O,720,534,186,0,271,4,269,2,39,48,31,95,32,8,4,9,0,0,0,0,2,0,0,0,0,0,0,1,0,0,0,0,0,0,0,0,0,0,0,0,0,0,0,0,0,0,0,0,0,0,0,0,0,0,0,0
Erststimme,"09W121","09",Treptow-Köpenick,"121",W,1S,1,84,O,887,606,281,0,320,6,319,1,37,57,85,89,27,5,9,6,0,0,0,0,0,0,0,0,0,0,1,2,0,0,0,0,0,0,0,0,0,1,0,0,0,0,0,0,0,0,0,0,0,0,0,0,0,0,0,0
Erststimme,"09W122","09",Treptow-Köpenick,"122",W,1S,1,84,O,796,487,309,0,236,4,235,1,33,33,51,76,21,3,9,7,0,0,0,0,0,0,0,0,0,0,1,1,0,0,0,0,0,0,0,0,0,0,0,0,0,0,0,0,0,0,0,0,0,0,0,0,0,0,0,0
Erststimme,"09W123","09",Treptow-Köpenick,"123",W,1J,1,84,O,928,700,228,0,297,3,294,2,53,62,27,50,69,3,7,15,0,0,0,0,0,0,0,0,0,0,0,1,0,0,0,0,0,0,0,0,0,7,0,0,0,0,0,0,0,0,0,0,0,0,0,0,0,0,0,0
Erststimme,"09W124","09",Treptow-Köpenick,"124",W,1J,1,84,O,877,645,232,0,236,3,233,2,38,59,17,49,45,4,8,8,0,0,0,0,0,0,0,0,0,0,0,1,0,0,0,0,0,0,0,0,0,4,0,0,0,0,0,0,0,0,0,0,0,0,0,0,0,0,0,0
Erststimme,"09W125","09",Treptow-Köpenick,"125",W,1K,1,84,O,934,653,281,0,336,3,331,5,51,86,28,69,66,9,5,13,0,0,0,0,0,0,0,0,0,0,0,1,0,0,0,0,0,0,0,0,0,3,0,0,0,0,0,0,0,0,0,0,0,0,0,0,0,0,0,0
Erststimme,"09W126","09",Treptow-Köpenick,"126",W,1M,1,84,O,883,651,232,0,369,4,365,4,51,62,66,106,42,16,9,7,0,0,0,0,0,0,0,0,0,0,0,4,0,0,0,0,0,0,0,0,0,2,0,0,0,0,0,0,0,0,0,0,0,0,0,0,0,0,0,0
Erststimme,"09W127","09",Treptow-Köpenick,"127",W,1N,1,84,O,964,701,263,0,346,3,340,6,60,60,49,88,46,9,9,12,0,0,0,0,0,0,0,0,0,0,1,2,0,0,0,0,0,0,0,0,0,4,0,0,0,0,0,0,0,0,0,0,0,0,0,0,0,0,0,0
Erststimme,"09W128","09",Treptow-Köpenick,"128",W,1K,1,84,O,928,665,263,0,371,1,367,3,87,85,22,76,66,9,5,13,0,0,0,0,0,0,0,0,0,0,0,1,0,0,0,0,0,0,0,0,0,3,0,0,0,0,0,0,0,0,0,0,0,0,0,0,0,0,0,0
Erststimme,"09W129","09",Treptow-Köpenick,"129",W,1Q,1,84,O,866,585,281,0,308,6,305,3,55,60,55,72,28,9,5,13,0,0,0,0,0,0,0,0,0,0,0,4,0,0,0,0,0,0,0,0,0,4,0,0,0,0,0,0,0,0,0,0,0,0,0,0,0,0,0,0
Erststimme,"09W130","09",Treptow-Köpenick,"130",W,1N,1,84,O,927,663,264,0,392,3,390,2,68,82,56,84,54,13,12,13,0,0,0,0,0,0,0,0,0,0,3,3,0,0,0,0,0,0,0,0,0,2,0,0,0,0,0,0,0,0,0,0,0,0,0,0,0,0,0,0
Erststimme,"09W131","09",Treptow-Köpenick,"131",W,1Q,1,84,O,1008,685,323,0,329,3,323,6,65,51,39,97,37,6,7,12,0,0,0,0,1,0,0,0,0,0,1,1,0,0,0,0,0,0,0,0,0,6,0,0,0,0,0,0,0,0,0,0,0,0,0,0,0,0,0,0
Erststimme,"09W132","09",Treptow-Köpenick,"132",W,1R,1,84,O,861,514,347,0,288,1,281,7,46,104,32,45,30,10,5,5,0,0,0,0,0,0,0,0,0,0,1,2,0,0,0,0,0,0,0,0,0,1,0,0,0,0,0,0,0,0,0,0,0,0,0,0,0,0,0,0
Erststimme,"09W133","09",Treptow-Köpenick,"133",W,1R,1,84,O,981,570,411,0,330,5,326,3,54,133,28,48,52,4,0,4,0,0,0,0,0,0,0,0,0,0,0,2,0,0,0,0,0,0,0,0,0,1,0,0,0,0,0,0,0,0,0,0,0,0,0,0,0,0,0,0
Erststimme,"09W134","09",Treptow-Köpenick,"134",W,1M,1,84,O,764,527,237,0,296,4,294,2,61,37,55,84,28,15,3,6,0,0,0,0,0,0,0,0,0,0,1,2,0,0,0,0,0,0,0,0,0,2,0,0,0,0,0,0,0,0,0,0,0,0,0,0,0,0,0,0
Erststimme,"09W135","09",Treptow-Köpenick,"135",W,1P,1,84,O,756,549,207,0,249,3,245,4,46,65,30,57,26,9,5,3,0,0,0,0,1,0,0,0,0,0,0,3,0,0,0,0,0,0,0,0,0,0,0,0,0,0,0,0,0,0,0,0,0,0,0,0,0,0,0,0
Erststimme,"09W136","09",Treptow-Köpenick,"136",W,1P,1,84,O,802,615,187,0,331,0,325,6,60,67,58,79,28,10,7,11,0,0,0,0,1,0,0,0,0,0,1,2,0,0,0,0,0,0,0,0,0,1,0,0,0,0,0,0,0,0,0,0,0,0,0,0,0,0,0,0
Erststimme,"09W137","09",Treptow-Köpenick,"137",W,1L,1,84,O,775,577,198,0,249,4,245,4,44,45,18,66,38,10,6,13,0,0,0,0,1,0,0,0,0,0,0,1,0,0,0,0,0,0,0,0,0,3,0,0,0,0,0,0,0,0,0,0,0,0,0,0,0,0,0,0
Erststimme,"09W138","09",Treptow-Köpenick,"138",W,1T,1,84,O,651,505,146,0,184,4,180,4,23,20,38,47,34,2,5,8,0,0,0,0,1,0,0,0,0,0,0,1,0,0,0,0,0,0,0,0,0,1,0,0,0,0,0,0,0,0,0,0,0,0,0,0,0,0,0,0
Erststimme,"09W139","09",Treptow-Köpenick,"139",W,1U,1,84,O,970,695,275,0,384,7,381,3,56,58,72,106,44,14,9,15,0,0,0,0,1,0,0,0,0,0,0,4,0,0,0,0,0,0,0,0,0,2,0,0,0,0,0,0,0,0,0,0,0,0,0,0,0,0,0,0
Erststimme,"09W140","09",Treptow-Köpenick,"140",W,1U,1,84,O,1029,696,333,0,346,9,340,5,51,51,73,74,49,15,7,14,0,0,0,0,0,0,0,0,0,0,1,2,0,0,0,0,0,0,0,0,0,3,0,0,0,0,0,0,0,0,0,0,0,0,0,0,0,0,0,0
Erststimme,"09W141","09",Treptow-Köpenick,"141",W,1T,1,84,O,602,425,177,0,203,4,199,3,19,69,29,23,26,18,6,7,0,0,0,0,0,0,0,0,0,0,0,0,0,0,0,0,0,0,0,0,0,2,0,0,0,0,0,0,0,0,0,0,0,0,0,0,0,0,0,0
Erststimme,"09W142","09",Treptow-Köpenick,"142",W,1V,1,84,O,845,656,189,0,240,4,238,2,33,41,27,37,52,11,11,19,0,0,0,0,1,0,0,0,0,0,0,1,0,0,0,0,0,0,0,0,0,5,0,0,0,0,0,0,0,0,0,0,0,0,0,0,0,0,0,0
Erststimme,"09W143","09",Treptow-Köpenick,"143",W,1V,1,84,O,978,722,256,0,331,0,327,4,39,53,43,77,62,11,11,18,0,0,0,0,1,0,0,0,0,0,1,3,0,0,0,0,0,0,0,0,0,8,0,0,0,0,0,0,0,0,0,0,0,0,0,0,0,0,0,0
Erststimme,"09B1A","09",Treptow-Köpenick,1A,B,1A,1,84,O,0,0,0,0,654,654,652,1,102,81,217,197,20,10,12,8,0,0,0,0,0,0,0,0,0,0,0,3,0,0,0,0,0,0,0,0,0,2,0,0,0,0,0,0,0,0,0,0,0,0,0,0,0,0,0,0
Erststimme,"09B1B","09",Treptow-Köpenick,1B,B,1B,1,84,O,0,0,0,0,386,386,384,2,41,71,90,119,25,8,12,14,0,0,0,0,0,0,0,0,0,0,1,1,0,0,0,0,0,0,0,0,0,2,0,0,0,0,0,0,0,0,0,0,0,0,0,0,0,0,0,0
Erststimme,"09B1C","09",Treptow-Köpenick,1C,B,1C,1,84,O,0,0,0,0,490,490,488,2,59,91,156,121,19,10,9,10,0,0,0,0,0,0,0,0,0,0,4,5,0,0,0,0,0,0,0,0,0,4,0,0,0,0,0,0,0,0,0,0,0,0,0,0,0,0,0,0
Erststimme,"09B1D","09",Treptow-Köpenick,1D,B,1D,1,84,O,0,0,0,0,424,424,419,3,63,48,131,125,14,6,14,11,0,0,0,0,0,0,0,0,0,0,1,2,0,0,0,0,0,0,0,0,0,4,0,0,0,0,0,0,0,0,0,0,0,0,0,0,0,0,0,0
Erststimme,"09B1E","09",Treptow-Köpenick,1E,B,1E,1,84,O,0,0,0,0,361,361,360,0,55,45,95,118,10,14,7,12,0,0,0,0,0,0,0,0,0,0,0,2,0,0,0,0,0,0,0,0,0,2,0,0,0,0,0,0,0,0,0,0,0,0,0,0,0,0,0,0
Erststimme,"09B1F","09",Treptow-Köpenick,1F,B,1F,1,84,O,0,0,0,0,702,702,699,3,93,102,194,215,25,21,22,18,0,0,0,0,0,0,0,0,0,0,3,4,0,0,0,0,0,0,0,0,0,2,0,0,0,0,0,0,0,0,0,0,0,0,0,0,0,0,0,0
Erststimme,"09B1G","09",Treptow-Köpenick,1G,B,1G,1,84,O,0,0,0,0,349,349,348,1,60,88,63,77,33,5,5,11,0,0,0,0,0,0,0,0,0,0,1,1,0,0,0,0,0,0,0,0,0,4,0,0,0,0,0,0,0,0,0,0,0,0,0,0,0,0,0,0
Erststimme,"09B1H","09",Treptow-Köpenick,1H,B,1H,1,84,O,0,0,0,0,339,339,335,3,71,74,33,89,26,7,7,24,0,0,0,0,0,0,0,0,0,0,2,2,0,0,0,0,0,0,0,0,0,0,0,0,0,0,0,0,0,0,0,0,0,0,0,0,0,0,0,0
Erststimme,"09B1I","09",Treptow-Köpenick,1I,B,1I,1,84,O,0,0,0,0,356,356,353,3,65,70,64,84,32,5,9,17,0,0,0,0,0,0,0,0,0,0,2,2,0,0,0,0,0,0,0,0,0,3,0,0,0,0,0,0,0,0,0,0,0,0,0,0,0,0,0,0
Erststimme,"09B1J","09",Treptow-Köpenick,1J,B,1J,1,84,O,0,0,0,0,404,404,401,3,90,98,30,91,57,10,4,15,0,0,0,0,0,0,0,0,0,0,1,4,0,0,0,0,0,0,0,0,0,1,0,0,0,0,0,0,0,0,0,0,0,0,0,0,0,0,0,0
Erststimme,"09B1K","09",Treptow-Köpenick,1K,B,1K,1,84,O,0,0,0,0,482,482,478,3,99,128,34,111,54,12,12,22,0,0,0,0,0,0,0,0,0,0,0,1,0,0,0,0,0,0,0,0,0,5,0,0,0,0,0,0,0,0,0,0,0,0,0,0,0,0,0,0
Erststimme,"09B1L","09",Treptow-Köpenick,1L,B,1L,1,84,O,0,0,0,0,365,365,354,11,80,62,51,78,32,12,15,17,0,0,0,0,0,0,0,0,0,0,1,0,0,0,0,0,0,0,0,0,0,6,0,0,0,0,0,0,0,0,0,0,0,0,0,0,0,0,0,0
Erststimme,"09B1M","09",Treptow-Köpenick,1M,B,1M,1,84,O,0,0,0,0,419,419,418,1,67,50,110,118,23,16,16,14,0,0,0,0,0,0,0,0,0,0,1,0,0,0,0,0,0,0,0,0,0,3,0,0,0,0,0,0,0,0,0,0,0,0,0,0,0,0,0,0
Erststimme,"09B1N","09",Treptow-Köpenick,1N,B,1N,1,84,O,0,0,0,0,452,452,449,3,98,87,64,114,29,15,19,19,0,0,0,0,0,0,0,0,0,0,2,1,0,0,0,0,0,0,0,0,0,1,0,0,0,0,0,0,0,0,0,0,0,0,0,0,0,0,0,0
Erststimme,"09B1P","09",Treptow-Köpenick,1P,B,1P,1,84,O,0,0,0,0,356,356,345,6,63,86,64,86,27,7,4,7,0,0,0,0,0,0,0,0,0,0,1,0,0,0,0,0,0,0,0,0,0,0,0,0,0,0,0,0,0,0,0,0,0,0,0,0,0,0,0,0
Erststimme,"09B1Q","09",Treptow-Köpenick,1Q,B,1Q,1,84,O,0,0,0,0,541,541,539,2,110,123,92,102,47,18,18,19,0,0,0,0,0,0,0,0,0,0,1,3,0,0,0,0,0,0,0,0,0,6,0,0,0,0,0,0,0,0,0,0,0,0,0,0,0,0,0,0
Erststimme,"09B1R","09",Treptow-Köpenick,1R,B,1R,1,84,O,0,0,0,0,695,695,694,1,136,262,66,94,69,24,7,22,0,0,0,0,0,0,0,0,0,0,2,4,0,0,0,0,0,0,0,0,0,8,0,0,0,0,0,0,0,0,0,0,0,0,0,0,0,0,0,0
Erststimme,"09B1S","09",Treptow-Köpenick,1S,B,1S,1,84,O,0,0,0,0,531,531,526,1,81,79,117,162,30,20,18,16,0,0,0,0,0,0,0,0,0,0,0,0,0,0,0,0,0,0,0,0,0,3,0,0,0,0,0,0,0,0,0,0,0,0,0,0,0,0,0,0
Erststimme,"09B1T","09",Treptow-Köpenick,1T,B,1T,1,84,O,0,0,0,0,276,276,276,0,47,63,45,48,27,15,12,14,0,0,0,0,0,0,0,0,0,0,2,0,0,0,0,0,0,0,0,0,0,3,0,0,0,0,0,0,0,0,0,0,0,0,0,0,0,0,0,0
Erststimme,"09B1U","09",Treptow-Köpenick,1U,B,1U,1,84,O,0,0,0,0,522,522,519,3,87,106,123,100,39,23,19,15,0,0,0,0,0,0,0,0,0,0,2,0,0,0,0,0,0,0,0,0,0,5,0,0,0,0,0,0,0,0,0,0,0,0,0,0,0,0,0,0
Erststimme,"09B1V","09",Treptow-Köpenick,1V,B,1V,1,84,O,0,0,0,0,387,387,382,4,58,71,71,81,44,11,14,21,0,0,0,0,0,0,0,0,0,0,1,5,0,0,0,0,0,0,0,0,0,5,0,0,0,0,0,0,0,0,0,0,0,0,0,0,0,0,0,0
Erststimme,"09W201","09",Treptow-Köpenick,"201",W,2A,2,84,O,906,547,359,0,288,4,286,2,74,70,42,42,29,4,0,15,0,0,0,0,0,0,0,0,0,0,0,4,0,0,0,0,0,0,0,0,0,6,0,0,0,0,0,0,0,0,0,0,0,0,0,0,0,0,0,0
Erststimme,"09W202","09",Treptow-Köpenick,"202",W,2I,2,84,O,891,557,334,0,286,2,281,5,117,62,17,41,31,2,0,5,0,0,0,0,0,0,0,0,0,0,0,5,0,0,0,0,0,0,0,0,0,1,0,0,0,0,0,0,0,0,0,0,0,0,0,0,0,0,0,0
Erststimme,"09W203","09",Treptow-Köpenick,"203",W,2F,2,84,O,789,513,276,0,234,3,230,4,80,48,20,27,36,6,0,8,0,0,0,0,1,0,0,0,0,0,0,2,0,0,0,0,0,0,0,0,0,2,0,0,0,0,0,0,0,0,0,0,0,0,0,0,0,0,0,0
Erststimme,"09W204","09",Treptow-Köpenick,"204",W,2F,2,84,O,908,667,241,0,360,5,354,5,98,73,28,40,74,15,0,18,0,0,0,0,0,0,0,0,0,0,0,3,0,0,0,0,0,0,0,0,0,5,0,0,0,0,0,0,0,0,0,0,0,0,0,0,0,0,0,0
Erststimme,"09W205","09",Treptow-Köpenick,"205",W,2A,2,84,O,890,630,260,0,366,1,363,3,108,83,19,39,78,14,0,16,0,0,0,0,0,0,0,0,0,0,0,2,0,0,0,0,0,0,0,0,0,4,0,0,0,0,0,0,0,0,0,0,0,0,0,0,0,0,0,0
Erststimme,"09W206","09",Treptow-Köpenick,"206",W,2B,2,84,O,810,621,189,0,296,1,293,3,96,78,5,44,59,5,0,4,0,0,0,0,0,0,0,0,0,0,0,1,0,0,0,0,0,0,0,0,0,1,0,0,0,0,0,0,0,0,0,0,0,0,0,0,0,0,0,0
Erststimme,"09W207","09",Treptow-Köpenick,"207",W,2B,2,84,O,894,645,249,0,347,1,345,2,124,92,10,30,57,6,0,15,0,0,0,0,0,0,0,0,0,0,0,5,0,0,0,0,0,0,0,0,0,6,0,0,0,0,0,0,0,0,0,0,0,0,0,0,0,0,0,0
Erststimme,"09W208","09",Treptow-Köpenick,"208",W,2D,2,84,O,789,611,178,0,329,3,326,3,107,59,14,56,71,4,0,13,0,0,0,0,0,0,0,0,0,0,0,0,0,0,0,0,0,0,0,0,0,2,0,0,0,0,0,0,0,0,0,0,0,0,0,0,0,0,0,0
Erststimme,"09W209","09",Treptow-Köpenick,"209",W,2D,2,84,O,817,635,182,0,314,0,311,3,81,70,20,49,56,8,0,21,0,0,0,0,0,0,0,0,0,0,0,2,0,0,0,0,0,0,0,0,0,4,0,0,0,0,0,0,0,0,0,0,0,0,0,0,0,0,0,0
Erststimme,"09W210","09",Treptow-Köpenick,"210",W,2C,2,84,O,703,499,204,0,286,0,283,2,80,102,12,19,54,8,0,7,0,0,0,0,0,0,0,0,0,0,0,1,0,0,0,0,0,0,0,0,0,0,0,0,0,0,0,0,0,0,0,0,0,0,0,0,0,0,0,0
Erststimme,"09W211","09",Treptow-Köpenick,"211",W,2H,2,84,O,1150,678,472,0,422,7,421,1,121,128,48,33,52,15,0,18,0,0,0,0,1,0,0,0,0,0,0,4,0,0,0,0,0,0,0,0,0,1,0,0,0,0,0,0,0,0,0,0,0,0,0,0,0,0,0,0
Erststimme,"09W212","09",Treptow-Köpenick,"212",W,2C,2,84,O,951,618,333,0,358,0,353,5,93,119,9,29,83,9,0,5,0,0,0,0,0,0,0,0,0,0,0,4,0,0,0,0,0,0,0,0,0,2,0,0,0,0,0,0,0,0,0,0,0,0,0,0,0,0,0,0
Erststimme,"09W213","09",Treptow-Köpenick,"213",W,2I,2,84,O,985,711,274,0,367,5,360,3,126,70,36,54,47,5,0,18,0,0,0,0,0,0,0,0,0,0,0,1,0,0,0,0,0,0,0,0,0,3,0,0,0,0,0,0,0,0,0,0,0,0,0,0,0,0,0,0
Erststimme,"09W214","09",Treptow-Köpenick,"214",W,2H,2,84,O,692,508,184,0,252,3,247,3,52,42,24,45,54,13,0,11,0,0,0,0,0,0,0,0,0,0,0,1,0,0,0,0,0,0,0,0,0,5,0,0,0,0,0,0,0,0,0,0,0,0,0,0,0,0,0,0
Erststimme,"09W215","09",Treptow-Köpenick,"215",W,2G,2,84,O,728,531,197,0,341,3,337,4,94,74,17,56,66,11,0,13,0,0,0,0,0,0,0,0,0,0,0,3,0,0,0,0,0,0,0,0,0,3,0,0,0,0,0,0,0,0,0,0,0,0,0,0,0,0,0,0
Erststimme,"09W216","09",Treptow-Köpenick,"216",W,2G,2,84,O,849,602,247,0,382,6,379,3,119,85,39,58,57,8,0,10,0,0,0,0,0,0,0,0,0,0,0,2,0,0,0,0,0,0,0,0,0,1,0,0,0,0,0,0,0,0,0,0,0,0,0,0,0,0,0,0
Erststimme,"09W217","09",Treptow-Köpenick,"217",W,2E,2,84,O,999,658,341,0,372,4,369,3,123,77,32,60,46,6,0,16,0,0,0,0,0,0,0,0,0,0,0,6,0,0,0,0,0,0,0,0,0,3,0,0,0,0,0,0,0,0,0,0,0,0,0,0,0,0,0,0
Erststimme,"09W218","09",Treptow-Köpenick,"218",W,2E,2,84,O,1036,731,305,0,350,0,344,6,72,66,37,51,66,12,0,30,0,0,0,0,1,0,0,0,0,0,0,5,0,0,0,0,0,0,0,0,0,4,0,0,0,0,0,0,0,0,0,0,0,0,0,0,0,0,0,0
Erststimme,"09W219","09",Treptow-Köpenick,"219",W,2S,2,84,O,627,514,113,0,186,0,185,1,37,13,31,53,35,5,0,8,0,0,0,0,0,0,0,0,0,0,0,1,0,0,0,0,0,0,0,0,0,2,0,0,0,0,0,0,0,0,0,0,0,0,0,0,0,0,0,0
Erststimme,"09W220","09",Treptow-Köpenick,"220",W,2V,2,84,O,875,692,183,0,303,10,296,5,70,40,33,74,50,9,0,12,0,0,0,0,0,0,0,0,0,0,0,4,0,0,0,0,0,0,0,0,0,4,0,0,0,0,0,0,0,0,0,0,0,0,0,0,0,0,0,0
Erststimme,"09W221","09",Treptow-Köpenick,"221",W,2V,2,84,O,648,492,156,0,217,3,214,3,49,30,33,54,27,8,0,7,0,0,0,0,0,0,0,0,0,0,0,2,0,0,0,0,0,0,0,0,0,4,0,0,0,0,0,0,0,0,0,0,0,0,0,0,0,0,0,0
Erststimme,"09W222","09",Treptow-Köpenick,"222",W,2U,2,84,O,607,453,154,0,183,2,183,0,36,30,19,45,25,7,0,15,0,0,0,0,0,0,0,0,0,0,0,2,0,0,0,0,0,0,0,0,0,4,0,0,0,0,0,0,0,0,0,0,0,0,0,0,0,0,0,0
Erststimme,"09W223","09",Treptow-Köpenick,"223",W,2N,2,84,O,829,596,233,0,329,5,323,6,73,50,38,71,60,5,0,13,0,0,0,0,1,0,0,0,0,0,0,8,0,0,0,0,0,0,0,0,0,4,0,0,0,0,0,0,0,0,0,0,0,0,0,0,0,0,0,0
Erststimme,"09W224","09",Treptow-Köpenick,"224",W,2U,2,84,O,929,701,228,0,388,0,385,3,124,61,47,62,55,12,0,21,0,0,0,0,0,0,0,0,0,0,0,3,0,0,0,0,0,0,0,0,0,0,0,0,0,0,0,0,0,0,0,0,0,0,0,0,0,0,0,0
Erststimme,"09W225","09",Treptow-Köpenick,"225",W,2T,2,84,O,773,569,204,0,269,5,265,4,57,41,42,54,36,8,0,14,0,0,0,0,0,0,0,0,0,0,0,10,0,0,0,0,0,0,0,0,0,3,0,0,0,0,0,0,0,0,0,0,0,0,0,0,0,0,0,0
Erststimme,"09W226","09",Treptow-Köpenick,"226",W,2T,2,84,O,832,568,264,0,310,4,307,3,75,61,47,54,42,11,0,11,0,0,0,0,1,0,0,0,0,0,0,3,0,0,0,0,0,0,0,0,0,2,0,0,0,0,0,0,0,0,0,0,0,0,0,0,0,0,0,0
Erststimme,"09W227","09",Treptow-Köpenick,"227",W,2S,2,84,O,852,608,244,0,271,3,267,4,73,34,56,44,32,9,0,16,0,0,0,0,0,0,0,0,0,0,0,2,0,0,0,0,0,0,0,0,0,1,0,0,0,0,0,0,0,0,0,0,0,0,0,0,0,0,0,0
Erststimme,"09W228","09",Treptow-Köpenick,"228",W,2R,2,84,O,809,623,186,0,297,3,291,5,60,51,47,63,32,10,0,18,0,0,0,0,0,0,0,0,0,0,0,5,0,0,0,0,0,0,0,0,0,5,0,0,0,0,0,0,0,0,0,0,0,0,0,0,0,0,0,0
Erststimme,"09W229","09",Treptow-Köpenick,"229",W,2R,2,84,O,815,585,230,0,224,5,222,2,37,29,37,51,42,3,0,18,0,0,0,0,0,0,0,0,0,0,0,4,0,0,0,0,0,0,0,0,0,1,0,0,0,0,0,0,0,0,0,0,0,0,0,0,0,0,0,0
Erststimme,"09W230","09",Treptow-Köpenick,"230",W,2P,2,84,O,860,659,201,0,338,7,336,2,70,51,64,77,38,9,0,21,0,0,0,0,0,0,0,0,0,0,0,2,0,0,0,0,0,0,0,0,0,4,0,0,0,0,0,0,0,0,0,0,0,0,0,0,0,0,0,0
Erststimme,"09W231","09",Treptow-Köpenick,"231",W,2Q,2,84,O,764,547,217,0,264,5,262,2,76,38,35,45,39,9,0,14,0,0,0,0,0,0,0,0,0,0,0,5,0,0,0,0,0,0,0,0,0,1,0,0,0,0,0,0,0,0,0,0,0,0,0,0,0,0,0,0
Erststimme,"09W232","09",Treptow-Köpenick,"232",W,2Q,2,84,O,1015,780,235,0,343,0,340,3,97,58,15,58,77,4,0,19,0,0,0,0,1,0,0,0,0,0,0,5,0,0,0,0,0,0,0,0,0,6,0,0,0,0,0,0,0,0,0,0,0,0,0,0,0,0,0,0
Erststimme,"09W233","09",Treptow-Köpenick,"233",W,2P,2,84,O,1046,797,249,0,341,4,341,0,89,54,55,48,56,15,0,18,0,0,0,0,0,0,0,0,0,0,0,2,0,0,0,0,0,0,0,0,0,4,0,0,0,0,0,0,0,0,0,0,0,0,0,0,0,0,0,0
Erststimme,"09W234","09",Treptow-Köpenick,"234",W,2N,2,84,O,1035,667,368,0,255,5,254,1,57,47,40,41,44,9,0,10,0,0,0,0,0,0,0,0,0,0,0,3,0,0,0,0,0,0,0,0,0,3,0,0,0,0,0,0,0,0,0,0,0,0,0,0,0,0,0,0
Erststimme,"09W235","09",Treptow-Köpenick,"235",W,2J,2,84,O,899,706,193,0,352,1,348,4,76,56,57,74,53,8,0,18,0,0,0,0,0,0,0,0,0,0,0,5,0,0,0,0,0,0,0,0,0,1,0,0,0,0,0,0,0,0,0,0,0,0,0,0,0,0,0,0
Erststimme,"09W236","09",Treptow-Köpenick,"236",W,2J,2,84,O,927,713,214,0,302,4,298,4,67,56,30,66,49,5,0,14,0,0,0,0,1,0,0,0,0,0,0,9,0,0,0,0,0,0,0,0,0,1,0,0,0,0,0,0,0,0,0,0,0,0,0,0,0,0,0,0
Erststimme,"09W237","09",Treptow-Köpenick,"237",W,2K,2,84,O,856,589,267,0,321,3,317,3,84,59,34,64,48,8,0,13,0,0,0,0,0,0,0,0,0,0,0,0,0,0,0,0,0,0,0,0,0,7,0,0,0,0,0,0,0,0,0,0,0,0,0,0,0,0,0,0
Erststimme,"09W238","09",Treptow-Köpenick,"238",W,2K,2,84,O,973,784,189,0,327,3,326,1,99,77,24,41,63,7,0,11,0,0,0,0,1,0,0,0,0,0,0,2,0,0,0,0,0,0,0,0,0,1,0,0,0,0,0,0,0,0,0,0,0,0,0,0,0,0,0,0
Erststimme,"09W239","09",Treptow-Köpenick,"239",W,2L,2,84,O,906,551,355,0,390,0,385,5,117,114,31,46,61,5,0,7,0,0,0,0,0,0,0,0,0,0,0,1,0,0,0,0,0,0,0,0,0,3,0,0,0,0,0,0,0,0,0,0,0,0,0,0,0,0,0,0
Erststimme,"09W240","09",Treptow-Köpenick,"240",W,2L,2,84,O,784,584,200,0,274,1,271,3,56,59,6,70,64,2,0,7,0,0,0,0,0,0,0,0,0,0,0,3,0,0,0,0,0,0,0,0,0,4,0,0,0,0,0,0,0,0,0,0,0,0,0,0,0,0,0,0
Erststimme,"09W241","09",Treptow-Köpenick,"241",W,2M,2,84,O,1036,736,300,0,358,6,355,3,101,82,34,51,61,8,0,10,0,0,0,0,0,0,0,0,0,0,0,6,0,0,0,0,0,0,0,0,0,2,0,0,0,0,0,0,0,0,0,0,0,0,0,0,0,0,0,0
Erststimme,"09B2A","09",Treptow-Köpenick,2A,B,2A,2,84,O,0,0,0,0,566,566,561,3,183,166,48,82,41,14,0,16,0,0,0,0,2,0,0,0,0,0,0,3,0,0,0,0,0,0,0,0,0,6,0,0,0,0,0,0,0,0,0,0,0,0,0,0,0,0,0,0
Erststimme,"09B2B","09",Treptow-Köpenick,2B,B,2B,2,84,O,0,0,0,0,397,397,393,4,144,90,13,55,62,11,0,14,0,0,0,0,1,0,0,0,0,0,0,0,0,0,0,0,0,0,0,0,0,3,0,0,0,0,0,0,0,0,0,0,0,0,0,0,0,0,0,0
Erststimme,"09B2C","09",Treptow-Köpenick,2C,B,2C,2,84,O,0,0,0,0,476,476,469,5,157,168,23,27,52,23,0,11,0,0,0,0,0,0,0,0,0,0,0,3,0,0,0,0,0,0,0,0,0,5,0,0,0,0,0,0,0,0,0,0,0,0,0,0,0,0,0,0
Erststimme,"09B2D","09",Treptow-Köpenick,2D,B,2D,2,84,O,0,0,0,0,327,327,323,3,111,60,20,65,40,8,0,15,0,0,0,0,0,0,0,0,0,0,0,1,0,0,0,0,0,0,0,0,0,3,0,0,0,0,0,0,0,0,0,0,0,0,0,0,0,0,0,0
Erststimme,"09B2E","09",Treptow-Köpenick,2E,B,2E,2,84,O,0,0,0,0,575,575,574,1,199,120,55,81,52,16,0,39,0,0,0,0,0,0,0,0,0,0,0,4,0,0,0,0,0,0,0,0,0,8,0,0,0,0,0,0,0,0,0,0,0,0,0,0,0,0,0,0
Erststimme,"09B2F","09",Treptow-Köpenick,2F,B,2F,2,84,O,0,0,0,0,456,456,456,0,189,94,35,55,44,14,0,18,0,0,0,0,0,0,0,0,0,0,0,3,0,0,0,0,0,0,0,0,0,4,0,0,0,0,0,0,0,0,0,0,0,0,0,0,0,0,0,0
Erststimme,"09B2G","09",Treptow-Köpenick,2G,B,2G,2,84,O,0,0,0,0,394,394,391,3,128,67,44,70,38,17,0,18,0,0,0,0,0,0,0,0,0,0,0,5,0,0,0,0,0,0,0,0,0,4,0,0,0,0,0,0,0,0,0,0,0,0,0,0,0,0,0,0
Erststimme,"09B2H","09",Treptow-Köpenick,2H,B,2H,2,84,O,0,0,0,0,604,604,600,4,167,190,65,69,56,21,0,20,0,0,0,0,0,0,0,0,0,0,0,4,0,0,0,0,0,0,0,0,0,8,0,0,0,0,0,0,0,0,0,0,0,0,0,0,0,0,0,0
Erststimme,"09B2I","09",Treptow-Köpenick,2I,B,2I,2,84,O,0,0,0,0,549,549,548,1,192,127,47,72,58,14,0,21,0,0,0,0,3,0,0,0,0,0,0,3,0,0,0,0,0,0,0,0,0,11,0,0,0,0,0,0,0,0,0,0,0,0,0,0,0,0,0,0
Erststimme,"09B2J","09",Treptow-Köpenick,2J,B,2J,2,84,O,0,0,0,0,356,356,355,1,90,69,55,60,38,10,0,23,0,0,0,0,0,0,0,0,0,0,0,3,0,0,0,0,0,0,0,0,0,7,0,0,0,0,0,0,0,0,0,0,0,0,0,0,0,0,0,0
Erststimme,"09B2K","09",Treptow-Köpenick,2K,B,2K,2,84,O,0,0,0,0,400,400,396,2,136,92,38,48,43,14,0,18,0,0,0,0,0,0,0,0,0,0,0,3,0,0,0,0,0,0,0,0,0,4,0,0,0,0,0,0,0,0,0,0,0,0,0,0,0,0,0,0
Erststimme,"09B2L","09",Treptow-Köpenick,2L,B,2L,2,84,O,0,0,0,0,511,511,501,9,172,134,33,92,47,5,0,11,0,0,0,0,0,0,0,0,0,0,0,0,0,0,0,0,0,0,0,0,0,7,0,0,0,0,0,0,0,0,0,0,0,0,0,0,0,0,0,0
Erststimme,"09B2M","09",Treptow-Köpenick,2M,B,2M,2,84,O,0,0,0,0,273,273,272,1,82,52,25,70,17,8,0,10,0,0,0,0,1,0,0,0,0,0,0,5,0,0,0,0,0,0,0,0,0,2,0,0,0,0,0,0,0,0,0,0,0,0,0,0,0,0,0,0
Erststimme,"09B2N","09",Treptow-Köpenick,2N,B,2N,2,84,O,0,0,0,0,543,543,541,1,170,133,64,87,33,27,0,20,0,0,0,0,0,0,0,0,0,0,0,2,0,0,0,0,0,0,0,0,0,5,0,0,0,0,0,0,0,0,0,0,0,0,0,0,0,0,0,0
Erststimme,"09B2P","09",Treptow-Köpenick,2P,B,2P,2,84,O,0,0,0,0,375,375,372,3,104,58,75,72,18,16,0,22,0,0,0,0,0,0,0,0,0,0,0,4,0,0,0,0,0,0,0,0,0,3,0,0,0,0,0,0,0,0,0,0,0,0,0,0,0,0,0,0
Erststimme,"09B2Q","09",Treptow-Köpenick,2Q,B,2Q,2,84,O,0,0,0,0,392,392,390,1,113,75,66,58,41,8,0,25,0,0,0,0,0,0,0,0,0,0,0,2,0,0,0,0,0,0,0,0,0,2,0,0,0,0,0,0,0,0,0,0,0,0,0,0,0,0,0,0
Erststimme,"09B2R","09",Treptow-Köpenick,2R,B,2R,2,84,O,0,0,0,0,358,358,356,2,83,53,75,73,34,11,0,19,0,0,0,0,0,0,0,0,0,0,0,3,0,0,0,0,0,0,0,0,0,5,0,0,0,0,0,0,0,0,0,0,0,0,0,0,0,0,0,0
Erststimme,"09B2S","09",Treptow-Köpenick,2S,B,2S,2,84,O,0,0,0,0,313,313,310,2,96,41,53,63,17,9,0,27,0,0,0,0,0,0,0,0,0,0,0,0,0,0,0,0,0,0,0,0,0,4,0,0,0,0,0,0,0,0,0,0,0,0,0,0,0,0,0,0
Erststimme,"09B2T","09",Treptow-Köpenick,2T,B,2T,2,84,O,0,0,0,0,435,435,430,5,118,61,76,85,34,17,0,33,0,0,0,0,1,0,0,0,0,0,0,2,0,0,0,0,0,0,0,0,0,3,0,0,0,0,0,0,0,0,0,0,0,0,0,0,0,0,0,0
Erststimme,"09B2U","09",Treptow-Köpenick,2U,B,2U,2,84,O,0,0,0,0,338,338,333,4,117,40,45,58,27,16,0,20,0,0,0,0,1,0,0,0,0,0,0,1,0,0,0,0,0,0,0,0,0,8,0,0,0,0,0,0,0,0,0,0,0,0,0,0,0,0,0,0
Erststimme,"09B2V","09",Treptow-Köpenick,2V,B,2V,2,84,O,0,0,0,0,307,307,305,1,81,34,58,56,26,13,0,28,0,0,0,0,1,0,0,0,0,0,0,4,0,0,0,0,0,0,0,0,0,4,0,0,0,0,0,0,0,0,0,0,0,0,0,0,0,0,0,0
Erststimme,"09W301","09",Treptow-Köpenick,"301",W,3A,3,84,O,996,644,352,0,429,4,426,3,73,141,33,57,73,17,5,19,0,0,1,0,0,0,0,0,0,0,0,6,0,0,0,0,0,0,0,0,0,0,0,1,0,0,0,0,0,0,0,0,0,0,0,0,0,0,0,0
Erststimme,"09W302","09",Treptow-Köpenick,"302",W,3C,3,84,O,849,610,239,0,291,5,289,2,56,58,35,40,66,5,11,13,0,0,0,0,0,0,0,0,0,0,0,5,0,0,0,0,0,0,0,0,0,0,0,0,0,0,0,0,0,0,0,0,0,0,0,0,0,0,0,0
Erststimme,"09W303","09",Treptow-Köpenick,"303",W,3B,3,84,O,1068,762,306,0,348,4,343,5,56,85,46,55,57,8,13,15,0,0,1,0,0,0,0,0,0,0,0,6,0,0,0,0,0,0,0,0,0,0,0,1,0,0,0,0,0,0,0,0,0,0,0,0,0,0,0,0
Erststimme,"09W304","09",Treptow-Köpenick,"304",W,3D,3,84,O,885,595,290,0,311,1,307,4,62,100,17,30,67,10,5,8,0,0,2,0,1,0,0,0,0,0,0,4,0,0,0,0,0,0,0,0,0,0,0,1,0,0,0,0,0,0,0,0,0,0,0,0,0,0,0,0
Erststimme,"09W305","09",Treptow-Köpenick,"305",W,3D,3,84,O,807,542,265,0,316,7,313,3,54,75,28,51,73,7,8,12,0,0,0,0,1,0,0,0,0,0,0,4,0,0,0,0,0,0,0,0,0,0,0,0,0,0,0,0,0,0,0,0,0,0,0,0,0,0,0,0
Erststimme,"09W306","09",Treptow-Köpenick,"306",W,3F,3,84,O,871,617,254,0,349,4,340,9,80,93,54,36,46,5,9,12,0,0,0,0,0,0,0,0,0,0,0,5,0,0,0,0,0,0,0,0,0,0,0,0,0,0,0,0,0,0,0,0,0,0,0,0,0,0,0,0
Erststimme,"09W307","09",Treptow-Köpenick,"307",W,3G,3,84,O,745,547,198,0,260,5,256,4,47,43,36,39,52,11,6,16,0,0,1,0,0,0,0,0,0,0,0,5,0,0,0,0,0,0,0,0,0,0,0,0,0,0,0,0,0,0,0,0,0,0,0,0,0,0,0,0
Erststimme,"09W308","09",Treptow-Köpenick,"308",W,3F,3,84,O,890,694,196,0,367,1,357,10,69,71,52,55,64,13,12,18,0,0,0,0,1,0,0,0,0,0,0,1,0,0,0,0,0,0,0,0,0,0,0,1,0,0,0,0,0,0,0,0,0,0,0,0,0,0,0,0
Erststimme,"09W309","09",Treptow-Köpenick,"309",W,3G,3,84,O,940,713,227,0,349,2,342,7,56,73,44,59,56,15,9,28,0,0,0,0,1,0,0,0,0,0,0,1,0,0,0,0,0,0,0,0,0,0,0,0,0,0,0,0,0,0,0,0,0,0,0,0,0,0,0,0
Erststimme,"09W310","09",Treptow-Köpenick,"310",W,3E,3,84,O,913,710,203,0,329,3,322,7,64,69,26,53,60,12,10,22,0,0,2,0,0,0,0,0,0,0,0,4,0,0,0,0,0,0,0,0,0,0,0,0,0,0,0,0,0,0,0,0,0,0,0,0,0,0,0,0
Erststimme,"09W311","09",Treptow-Köpenick,"311",W,3B,3,84,O,874,653,221,0,297,0,293,4,57,65,45,39,61,6,7,6,0,0,2,0,1,0,0,0,0,0,0,4,0,0,0,0,0,0,0,0,0,0,0,0,0,0,0,0,0,0,0,0,0,0,0,0,0,0,0,0
Erststimme,"09W312","09",Treptow-Köpenick,"312",W,3C,3,84,O,847,583,264,0,318,7,313,4,63,67,43,57,58,6,4,15,0,0,0,0,0,0,0,0,0,0,0,0,0,0,0,0,0,0,0,0,0,0,0,0,0,0,0,0,0,0,0,0,0,0,0,0,0,0,0,0
Erststimme,"09W313","09",Treptow-Köpenick,"313",W,3A,3,84,O,766,551,215,0,247,1,242,4,54,58,23,25,57,9,3,6,0,0,4,0,0,0,0,0,0,0,0,3,0,0,0,0,0,0,0,0,0,0,0,0,0,0,0,0,0,0,0,0,0,0,0,0,0,0,0,0
Erststimme,"09W314","09",Treptow-Köpenick,"314",W,3E,3,84,O,695,537,158,0,212,5,211,1,35,37,27,31,48,14,6,9,0,0,4,0,0,0,0,0,0,0,0,0,0,0,0,0,0,0,0,0,0,0,0,0,0,0,0,0,0,0,0,0,0,0,0,0,0,0,0,0
Erststimme,"09W315","09",Treptow-Köpenick,"315",W,3H,3,84,O,782,489,293,0,266,5,264,2,45,77,47,28,24,19,5,16,0,0,0,0,2,0,0,0,0,0,0,1,0,0,0,0,0,0,0,0,0,0,0,0,0,0,0,0,0,0,0,0,0,0,0,0,0,0,0,0
Erststimme,"09W316","09",Treptow-Köpenick,"316",W,3H,3,84,O,1024,688,336,0,357,10,354,3,85,106,68,26,30,10,6,16,0,0,0,0,2,0,0,0,0,0,0,5,0,0,0,0,0,0,0,0,0,0,0,0,0,0,0,0,0,0,0,0,0,0,0,0,0,0,0,0
Erststimme,"09W317","09",Treptow-Köpenick,"317",W,3I,3,84,O,900,645,255,0,314,6,309,5,57,124,21,18,62,12,3,8,0,0,0,0,0,0,0,0,0,0,0,2,0,0,0,0,0,0,0,0,0,0,0,2,0,0,0,0,0,0,0,0,0,0,0,0,0,0,0,0
Erststimme,"09W318","09",Treptow-Köpenick,"318",W,3I,3,84,O,757,483,274,0,295,2,295,0,54,126,21,28,41,7,5,10,0,0,1,0,0,0,0,0,0,0,0,2,0,0,0,0,0,0,0,0,0,0,0,0,0,0,0,0,0,0,0,0,0,0,0,0,0,0,0,0
Erststimme,"09W319","09",Treptow-Köpenick,"319",W,3K,3,84,O,909,608,301,0,379,5,376,3,61,158,23,28,80,8,5,8,0,0,0,0,0,0,0,0,0,0,0,5,0,0,0,0,0,0,0,0,0,0,0,0,0,0,0,0,0,0,0,0,0,0,0,0,0,0,0,0
Erststimme,"09W320","09",Treptow-Köpenick,"320",W,3L,3,84,O,925,668,257,0,369,1,365,4,54,145,22,37,63,22,3,14,0,0,1,0,0,0,0,0,0,0,0,4,0,0,0,0,0,0,0,0,0,0,0,0,0,0,0,0,0,0,0,0,0,0,0,0,0,0,0,0
Erststimme,"09W321","09",Treptow-Köpenick,"321",W,3J,3,84,O,749,503,246,0,302,0,300,0,59,109,18,30,63,10,7,3,0,0,0,0,0,0,0,0,0,0,0,1,0,0,0,0,0,0,0,0,0,0,0,0,0,0,0,0,0,0,0,0,0,0,0,0,0,0,0,0
Erststimme,"09W322","09",Treptow-Köpenick,"322",W,3K,3,84,O,914,620,294,0,336,0,334,2,42,117,21,44,79,13,6,10,0,0,0,0,0,0,0,0,0,0,0,2,0,0,0,0,0,0,0,0,0,0,0,0,0,0,0,0,0,0,0,0,0,0,0,0,0,0,0,0
Erststimme,"09W323","09",Treptow-Köpenick,"323",W,3J,3,84,O,843,546,297,0,350,8,345,5,59,114,36,42,62,9,4,14,0,0,0,0,0,0,0,0,0,0,0,4,0,0,0,0,0,0,0,0,0,0,0,1,0,0,0,0,0,0,0,0,0,0,0,0,0,0,0,0
Erststimme,"09W324","09",Treptow-Köpenick,"324",W,3L,3,84,O,854,521,333,0,319,5,315,4,46,138,21,29,62,7,6,5,0,0,1,0,0,0,0,0,0,0,0,0,0,0,0,0,0,0,0,0,0,0,0,0,0,0,0,0,0,0,0,0,0,0,0,0,0,0,0,0
Erststimme,"09W325","09",Treptow-Köpenick,"325",W,3M,3,84,O,857,585,272,0,398,0,396,2,64,148,35,47,73,15,4,9,0,0,0,0,0,0,0,0,0,0,0,0,0,0,0,0,0,0,0,0,0,0,0,1,0,0,0,0,0,0,0,0,0,0,0,0,0,0,0,0
Erststimme,"09W326","09",Treptow-Köpenick,"326",W,3M,3,84,O,1065,656,409,0,392,7,387,5,67,138,31,48,76,13,2,11,0,0,1,0,0,0,0,0,0,0,0,0,0,0,0,0,0,0,0,0,0,0,0,0,0,0,0,0,0,0,0,0,0,0,0,0,0,0,0,0
Erststimme,"09W327","09",Treptow-Köpenick,"327",W,3Q,3,84,O,873,681,192,0,403,1,398,5,74,138,8,32,86,20,6,28,0,0,3,0,0,0,0,0,0,0,0,2,0,0,0,0,0,0,0,0,0,0,0,1,0,0,0,0,0,0,0,0,0,0,0,0,0,0,0,0
Erststimme,"09W328","09",Treptow-Köpenick,"328",W,3N,3,84,O,808,525,283,0,298,3,295,2,45,105,21,27,57,12,7,17,0,0,1,0,0,0,0,0,0,0,0,3,0,0,0,0,0,0,0,0,0,0,0,0,0,0,0,0,0,0,0,0,0,0,0,0,0,0,0,0
Erststimme,"09W329","09",Treptow-Köpenick,"329",W,3N,3,84,O,735,528,207,0,239,0,236,3,34,77,10,25,53,9,4,20,0,0,2,0,0,0,0,0,0,0,0,1,0,0,0,0,0,0,0,0,0,0,0,1,0,0,0,0,0,0,0,0,0,0,0,0,0,0,0,0
Erststimme,"09W330","09",Treptow-Köpenick,"330",W,3P,3,84,O,750,610,140,0,233,3,231,2,30,72,1,22,84,4,6,12,0,0,0,0,0,0,0,0,0,0,0,0,0,0,0,0,0,0,0,0,0,0,0,0,0,0,0,0,0,0,0,0,0,0,0,0,0,0,0,0
Erststimme,"09W331","09",Treptow-Köpenick,"331",W,3Q,3,84,O,802,676,126,0,252,2,250,2,37,77,1,20,88,7,4,11,0,0,0,0,1,0,0,0,0,0,0,3,0,0,0,0,0,0,0,0,0,0,0,1,0,0,0,0,0,0,0,0,0,0,0,0,0,0,0,0
Erststimme,"09W332","09",Treptow-Köpenick,"332",W,3P,3,84,O,1069,835,234,0,240,0,234,6,30,72,12,15,79,13,3,6,0,0,2,0,1,0,0,0,0,0,0,1,0,0,0,0,0,0,0,0,0,0,0,0,0,0,0,0,0,0,0,0,0,0,0,0,0,0,0,0
Erststimme,"09W333","09",Treptow-Köpenick,"333",W,3R,3,84,O,807,631,176,0,332,0,325,7,48,107,6,34,107,3,3,11,0,0,2,0,1,0,0,0,0,0,0,3,0,0,0,0,0,0,0,0,0,0,0,0,0,0,0,0,0,0,0,0,0,0,0,0,0,0,0,0
Erststimme,"09W334","09",Treptow-Köpenick,"334",W,3S,3,84,O,771,539,232,0,255,2,252,3,51,78,16,28,42,9,7,15,0,0,1,0,0,0,0,0,0,0,0,5,0,0,0,0,0,0,0,0,0,0,0,0,0,0,0,0,0,0,0,0,0,0,0,0,0,0,0,0
Erststimme,"09W335","09",Treptow-Köpenick,"335",W,3S,3,84,O,861,590,271,0,358,1,354,4,55,130,12,47,80,10,6,10,0,0,0,0,0,0,0,0,0,0,0,3,0,0,0,0,0,0,0,0,0,0,0,1,0,0,0,0,0,0,0,0,0,0,0,0,0,0,0,0
Erststimme,"09W336","09",Treptow-Köpenick,"336",W,3T,3,84,O,1045,705,340,0,391,1,391,0,90,132,9,34,90,13,4,13,0,0,0,0,0,0,0,0,0,0,0,3,0,0,0,0,0,0,0,0,0,0,0,3,0,0,0,0,0,0,0,0,0,0,0,0,0,0,0,0
Erststimme,"09W337","09",Treptow-Köpenick,"337",W,3R,3,84,O,878,550,328,0,348,0,344,4,45,155,11,30,75,12,7,7,0,0,1,0,0,0,0,0,0,0,0,1,0,0,0,0,0,0,0,0,0,0,0,0,0,0,0,0,0,0,0,0,0,0,0,0,0,0,0,0
Erststimme,"09W338","09",Treptow-Köpenick,"338",W,3V,3,84,O,750,645,105,0,241,1,235,6,41,73,6,15,72,7,3,13,0,0,3,0,0,0,0,0,0,0,0,2,0,0,0,0,0,0,0,0,0,0,0,0,0,0,0,0,0,0,0,0,0,0,0,0,0,0,0,0
Erststimme,"09W339","09",Treptow-Köpenick,"339",W,3U,3,84,O,890,797,93,0,212,0,206,6,40,49,4,18,65,1,5,16,0,0,5,0,0,0,0,0,0,0,0,3,0,0,0,0,0,0,0,0,0,0,0,0,0,0,0,0,0,0,0,0,0,0,0,0,0,0,0,0
Erststimme,"09W340","09",Treptow-Köpenick,"340",W,3U,3,84,O,801,724,77,0,214,1,210,4,34,58,5,25,65,6,2,10,0,0,3,0,0,0,0,0,0,0,0,2,0,0,0,0,0,0,0,0,0,0,0,0,0,0,0,0,0,0,0,0,0,0,0,0,0,0,0,0
Erststimme,"09W341","09",Treptow-Köpenick,"341",W,3V,3,84,O,887,698,189,0,308,0,305,3,57,73,6,43,86,5,8,20,0,0,2,0,0,0,0,0,0,0,0,5,0,0,0,0,0,0,0,0,0,0,0,0,0,0,0,0,0,0,0,0,0,0,0,0,0,0,0,0
Erststimme,"09B3A","09",Treptow-Köpenick,3A,B,3A,3,84,O,0,0,0,0,540,540,533,3,135,164,58,74,42,15,12,22,0,0,1,0,1,0,0,0,0,0,0,7,0,0,0,0,0,0,0,0,0,0,0,2,0,0,0,0,0,0,0,0,0,0,0,0,0,0,0,0
Erststimme,"09B3B","09",Treptow-Köpenick,3B,B,3B,3,84,O,0,0,0,0,459,459,453,5,88,112,69,73,51,12,15,28,0,0,2,0,1,0,0,0,0,0,0,2,0,0,0,0,0,0,0,0,0,0,0,0,0,0,0,0,0,0,0,0,0,0,0,0,0,0,0,0
Erststimme,"09B3C","09",Treptow-Köpenick,3C,B,3C,3,84,O,0,0,0,0,451,451,446,5,94,114,59,71,58,14,15,16,0,0,2,0,0,0,0,0,0,0,0,2,0,0,0,0,0,0,0,0,0,0,0,1,0,0,0,0,0,0,0,0,0,0,0,0,0,0,0,0
Erststimme,"09B3D","09",Treptow-Köpenick,3D,B,3D,3,84,O,0,0,0,0,491,491,483,5,114,138,41,89,54,17,7,15,0,0,1,0,2,0,0,0,0,0,0,5,0,0,0,0,0,0,0,0,0,0,0,0,0,0,0,0,0,0,0,0,0,0,0,0,0,0,0,0
Erststimme,"09B3E","09",Treptow-Köpenick,3E,B,3E,3,84,O,0,0,0,0,313,313,313,0,75,70,47,49,26,13,9,20,0,0,0,0,2,0,0,0,0,0,0,1,0,0,0,0,0,0,0,0,0,0,0,1,0,0,0,0,0,0,0,0,0,0,0,0,0,0,0,0
Erststimme,"09B3F","09",Treptow-Köpenick,3F,B,3F,3,84,O,0,0,0,0,397,397,395,2,97,106,54,45,47,11,9,21,0,0,0,0,1,0,0,0,0,0,0,4,0,0,0,0,0,0,0,0,0,0,0,0,0,0,0,0,0,0,0,0,0,0,0,0,0,0,0,0
Erststimme,"09B3G","09",Treptow-Köpenick,3G,B,3G,3,84,O,0,0,0,0,377,377,372,5,86,68,65,54,29,24,13,21,0,0,1,0,2,0,0,0,0,0,0,6,0,0,0,0,0,0,0,0,0,0,0,3,0,0,0,0,0,0,0,0,0,0,0,0,0,0,0,0
Erststimme,"09B3H","09",Treptow-Köpenick,3H,B,3H,3,84,O,0,0,0,0,583,583,579,4,106,179,128,64,27,34,20,17,0,0,0,0,0,0,0,0,0,0,0,3,0,0,0,0,0,0,0,0,0,0,0,1,0,0,0,0,0,0,0,0,0,0,0,0,0,0,0,0
Erststimme,"09B3I","09",Treptow-Köpenick,3I,B,3I,3,84,O,0,0,0,0,470,470,466,3,96,195,35,46,44,17,8,20,0,0,3,0,1,0,0,0,0,0,0,1,0,0,0,0,0,0,0,0,0,0,0,0,0,0,0,0,0,0,0,0,0,0,0,0,0,0,0,0
Erststimme,"09B3J","09",Treptow-Köpenick,3J,B,3J,3,84,O,0,0,0,0,473,473,472,1,89,223,40,43,41,15,7,11,0,0,1,0,1,0,0,0,0,0,0,1,0,0,0,0,0,0,0,0,0,0,0,0,0,0,0,0,0,0,0,0,0,0,0,0,0,0,0,0
Erststimme,"09B3K","09",Treptow-Köpenick,3K,B,3K,3,84,O,0,0,0,0,533,533,531,2,99,208,28,66,59,20,13,32,0,0,0,0,3,0,0,0,0,0,0,2,0,0,0,0,0,0,0,0,0,0,0,1,0,0,0,0,0,0,0,0,0,0,0,0,0,0,0,0
Erststimme,"09B3L","09",Treptow-Köpenick,3L,B,3L,3,84,O,0,0,0,0,521,521,519,2,110,244,54,39,41,9,5,9,0,0,0,0,0,0,0,0,0,0,0,6,0,0,0,0,0,0,0,0,0,0,0,2,0,0,0,0,0,0,0,0,0,0,0,0,0,0,0,0
Erststimme,"09B3M","09",Treptow-Köpenick,3M,B,3M,3,84,O,0,0,0,0,639,639,637,2,135,280,52,77,56,9,8,13,0,0,0,0,0,0,0,0,0,0,0,7,0,0,0,0,0,0,0,0,0,0,0,0,0,0,0,0,0,0,0,0,0,0,0,0,0,0,0,0
Erststimme,"09B3N","09",Treptow-Köpenick,3N,B,3N,3,84,O,0,0,0,0,438,438,435,3,76,187,34,34,59,19,4,17,0,0,2,0,2,0,0,0,0,0,0,1,0,0,0,0,0,0,0,0,0,0,0,0,0,0,0,0,0,0,0,0,0,0,0,0,0,0,0,0
Erststimme,"09B3P","09",Treptow-Köpenick,3P,B,3P,3,84,O,0,0,0,0,321,321,316,5,70,88,7,53,54,8,8,25,0,0,0,0,1,0,0,0,0,0,0,1,0,0,0,0,0,0,0,0,0,0,0,1,0,0,0,0,0,0,0,0,0,0,0,0,0,0,0,0
Erststimme,"09B3Q","09",Treptow-Köpenick,3Q,B,3Q,3,84,O,0,0,0,0,286,286,282,1,53,123,11,27,45,2,3,13,0,0,1,0,0,0,0,0,0,0,0,4,0,0,0,0,0,0,0,0,0,0,0,0,0,0,0,0,0,0,0,0,0,0,0,0,0,0,0,0
Erststimme,"09B3R","09",Treptow-Köpenick,3R,B,3R,3,84,O,0,0,0,0,470,470,463,7,79,214,19,48,72,8,5,12,0,0,0,0,0,0,0,0,0,0,0,4,0,0,0,0,0,0,0,0,0,0,0,2,0,0,0,0,0,0,0,0,0,0,0,0,0,0,0,0
Erststimme,"09B3S","09",Treptow-Köpenick,3S,B,3S,3,84,O,0,0,0,0,444,444,427,4,97,176,26,46,43,19,4,12,0,0,2,0,1,0,0,0,0,0,0,1,0,0,0,0,0,0,0,0,0,0,0,0,0,0,0,0,0,0,0,0,0,0,0,0,0,0,0,0
Erststimme,"09B3T","09",Treptow-Köpenick,3T,B,3T,3,84,O,0,0,0,0,310,310,306,4,64,92,11,59,47,10,4,15,0,0,2,0,0,0,0,0,0,0,0,1,0,0,0,0,0,0,0,0,0,0,0,1,0,0,0,0,0,0,0,0,0,0,0,0,0,0,0,0
Erststimme,"09B3U","09",Treptow-Köpenick,3U,B,3U,3,84,O,0,0,0,0,141,141,139,2,38,33,2,17,30,5,0,12,0,0,2,0,0,0,0,0,0,0,0,0,0,0,0,0,0,0,0,0,0,0,0,0,0,0,0,0,0,0,0,0,0,0,0,0,0,0,0,0
Erststimme,"09B3V","09",Treptow-Köpenick,3V,B,3V,3,84,O,0,0,0,0,246,246,241,5,51,77,8,39,49,8,3,5,0,0,0,0,0,0,0,0,0,0,0,1,0,0,0,0,0,0,0,0,0,0,0,0,0,0,0,0,0,0,0,0,0,0,0,0,0,0,0,0
Erststimme,"09W401","09",Treptow-Köpenick,"401",W,4A,4,84,O,1072,748,324,0,397,0,393,4,70,132,21,45,92,10,3,9,0,0,4,0,0,0,0,0,0,0,0,0,0,0,0,0,0,0,0,0,0,7,0,0,0,0,0,0,0,0,0,0,0,0,0,0,0,0,0,0
Erststimme,"09W402","09",Treptow-Köpenick,"402",W,4C,4,84,O,1192,833,359,0,462,0,456,6,95,154,26,61,59,25,11,15,0,0,2,0,1,0,0,0,0,0,0,2,0,0,0,0,0,0,0,0,0,5,0,0,0,0,0,0,0,0,0,0,0,0,0,0,0,0,0,0
Erststimme,"09W403","09",Treptow-Köpenick,"403",W,4B,4,84,O,1020,650,370,0,365,0,363,2,64,132,8,33,95,11,2,10,0,0,0,0,6,0,0,0,0,0,0,2,0,0,0,0,0,0,0,0,0,0,0,0,0,0,0,0,0,0,0,0,0,0,0,0,0,0,0,0
Erststimme,"09W404","09",Treptow-Köpenick,"404",W,4B,4,84,O,837,518,319,0,291,0,287,4,68,85,14,37,58,5,3,9,0,0,2,0,0,0,0,0,0,0,0,3,0,0,0,0,0,0,0,0,0,3,0,0,0,0,0,0,0,0,0,0,0,0,0,0,0,0,0,0
Erststimme,"09W405","09",Treptow-Köpenick,"405",W,4A,4,84,O,809,504,305,0,309,0,307,2,60,107,17,33,64,9,2,8,0,0,1,0,0,0,0,0,0,0,0,2,0,0,0,0,0,0,0,0,0,4,0,0,0,0,0,0,0,0,0,0,0,0,0,0,0,0,0,0
Erststimme,"09W406","09",Treptow-Köpenick,"406",W,4D,4,84,O,793,502,291,0,311,0,309,2,80,94,17,32,54,8,8,9,0,0,0,0,0,0,0,0,0,0,0,5,0,0,0,0,0,0,0,0,0,2,0,0,0,0,0,0,0,0,0,0,0,0,0,0,0,0,0,0
Erststimme,"09W407","09",Treptow-Köpenick,"407",W,4C,4,84,O,868,627,241,0,396,3,393,3,82,122,20,48,88,19,4,3,0,0,1,0,1,0,0,0,0,0,0,3,0,0,0,0,0,0,0,0,0,2,0,0,0,0,0,0,0,0,0,0,0,0,0,0,0,0,0,0
Erststimme,"09W408","09",Treptow-Köpenick,"408",W,4D,4,84,O,860,537,323,0,344,3,343,1,56,119,10,48,90,7,2,9,0,0,0,0,0,0,0,0,0,0,0,0,0,0,0,0,0,0,0,0,0,2,0,0,0,0,0,0,0,0,0,0,0,0,0,0,0,0,0,0
Erststimme,"09W409","09",Treptow-Köpenick,"409",W,4E,4,84,O,794,559,235,0,363,4,358,5,74,115,43,45,55,8,4,9,0,0,0,0,3,0,0,0,0,0,0,1,0,0,0,0,0,0,0,0,0,1,0,0,0,0,0,0,0,0,0,0,0,0,0,0,0,0,0,0
Erststimme,"09W410","09",Treptow-Köpenick,"410",W,4G,4,84,O,719,477,242,0,299,2,296,3,68,101,26,22,41,20,4,9,0,0,0,0,0,0,0,0,0,0,0,3,0,0,0,0,0,0,0,0,0,2,0,0,0,0,0,0,0,0,0,0,0,0,0,0,0,0,0,0
Erststimme,"09W411","09",Treptow-Köpenick,"411",W,4G,4,84,O,399,288,111,0,211,0,211,0,74,68,13,9,24,8,3,6,0,0,1,0,0,0,0,0,0,0,0,3,0,0,0,0,0,0,0,0,0,2,0,0,0,0,0,0,0,0,0,0,0,0,0,0,0,0,0,0
Erststimme,"09W412","09",Treptow-Köpenick,"412",W,4F,4,84,O,880,610,270,0,428,6,424,3,146,121,22,46,61,9,4,9,0,0,1,0,0,0,0,0,0,0,0,3,0,0,0,0,0,0,0,0,0,2,0,0,0,0,0,0,0,0,0,0,0,0,0,0,0,0,0,0
Erststimme,"09W413","09",Treptow-Köpenick,"413",W,4I,4,84,O,776,579,197,0,408,2,408,0,88,137,29,58,52,16,4,18,0,0,1,0,0,0,0,0,0,0,0,1,0,0,0,0,0,0,0,0,0,4,0,0,0,0,0,0,0,0,0,0,0,0,0,0,0,0,0,0
Erststimme,"09W414","09",Treptow-Köpenick,"414",W,4F,4,84,O,755,486,269,0,308,4,308,0,93,92,14,38,44,15,1,7,0,0,0,0,0,0,0,0,0,0,0,3,0,0,0,0,0,0,0,0,0,1,0,0,0,0,0,0,0,0,0,0,0,0,0,0,0,0,0,0
Erststimme,"09W415","09",Treptow-Köpenick,"415",W,4H,4,84,O,922,570,352,0,344,0,339,5,103,117,17,43,34,14,0,8,0,0,0,0,0,0,0,0,0,0,0,2,0,0,0,0,0,0,0,0,0,1,0,0,0,0,0,0,0,0,0,0,0,0,0,0,0,0,0,0
Erststimme,"09W416","09",Treptow-Köpenick,"416",W,4H,4,84,O,895,621,274,0,399,4,396,3,108,94,46,37,62,17,5,19,0,0,0,0,0,0,0,0,0,0,0,4,0,0,0,0,0,0,0,0,0,4,0,0,0,0,0,0,0,0,0,0,0,0,0,0,0,0,0,0
Erststimme,"09W417","09",Treptow-Köpenick,"417",W,4I,4,84,O,1447,965,482,0,486,6,478,8,96,165,40,54,70,16,9,20,0,0,0,0,0,0,0,0,0,0,0,2,0,0,0,0,0,0,0,0,0,6,0,0,0,0,0,0,0,0,0,0,0,0,0,0,0,0,0,0
Erststimme,"09W418","09",Treptow-Köpenick,"418",W,4K,4,84,O,1451,930,521,0,560,13,555,5,134,143,89,73,46,35,9,14,0,0,2,0,0,0,0,0,0,0,0,4,0,0,0,0,0,0,0,0,0,6,0,0,0,0,0,0,0,0,0,0,0,0,0,0,0,0,0,0
Erststimme,"09W419","09",Treptow-Köpenick,"419",W,4J,4,84,O,828,616,212,0,321,1,312,8,98,80,8,30,65,6,4,9,0,0,2,0,0,0,0,0,0,0,0,4,0,0,0,0,0,0,0,0,0,6,0,0,0,0,0,0,0,0,0,0,0,0,0,0,0,0,0,0
Erststimme,"09W420","09",Treptow-Köpenick,"420",W,4L,4,84,O,803,652,151,0,263,1,257,6,44,38,25,42,62,5,12,21,0,0,2,0,0,0,0,0,0,0,0,6,0,0,0,0,0,0,0,0,0,0,0,0,0,0,0,0,0,0,0,0,0,0,0,0,0,0,0,0
Erststimme,"09W421","09",Treptow-Köpenick,"421",W,4K,4,84,O,754,526,228,0,262,0,259,3,53,81,22,41,37,11,3,4,0,0,0,0,0,0,0,0,0,0,0,0,0,0,0,0,0,0,0,0,0,7,0,0,0,0,0,0,0,0,0,0,0,0,0,0,0,0,0,0
Erststimme,"09W422","09",Treptow-Köpenick,"422",W,4U,4,84,O,770,629,141,0,265,3,257,8,43,38,51,53,37,4,14,9,0,0,4,0,1,0,0,0,0,0,0,2,0,0,0,0,0,0,0,0,0,1,0,0,0,0,0,0,0,0,0,0,0,0,0,0,0,0,0,0
Erststimme,"09W423","09",Treptow-Köpenick,"423",W,4M,4,84,O,850,689,161,0,337,4,328,9,67,76,32,43,58,7,17,16,0,0,1,0,0,0,0,0,0,0,0,3,0,0,0,0,0,0,0,0,0,8,0,0,0,0,0,0,0,0,0,0,0,0,0,0,0,0,0,0
Erststimme,"09W424","09",Treptow-Köpenick,"424",W,4N,4,84,O,888,677,211,0,293,4,287,6,60,63,17,41,64,5,10,20,0,0,2,0,0,0,0,0,0,0,0,2,0,0,0,0,0,0,0,0,0,3,0,0,0,0,0,0,0,0,0,0,0,0,0,0,0,0,0,0
Erststimme,"09W425","09",Treptow-Köpenick,"425",W,4M,4,84,O,914,678,236,0,321,1,316,5,88,72,8,40,78,8,9,8,0,0,1,0,0,0,0,0,0,0,0,3,0,0,0,0,0,0,0,0,0,1,0,0,0,0,0,0,0,0,0,0,0,0,0,0,0,0,0,0
Erststimme,"09W426","09",Treptow-Köpenick,"426",W,4P,4,84,O,905,716,189,0,353,9,348,5,60,69,42,66,56,14,17,18,0,0,1,0,0,0,0,0,0,0,0,5,0,0,0,0,0,0,0,0,0,0,0,0,0,0,0,0,0,0,0,0,0,0,0,0,0,0,0,0
Erststimme,"09W427","09",Treptow-Köpenick,"427",W,4P,4,84,O,758,602,156,0,319,3,313,6,74,51,45,56,45,12,11,10,0,0,0,0,0,0,0,0,0,0,0,5,0,0,0,0,0,0,0,0,0,4,0,0,0,0,0,0,0,0,0,0,0,0,0,0,0,0,0,0
Erststimme,"09W428","09",Treptow-Köpenick,"428",W,4T,4,84,O,896,579,317,0,311,9,308,3,47,77,51,49,51,9,9,12,0,0,1,0,0,0,0,0,0,0,0,2,0,0,0,0,0,0,0,0,0,0,0,0,0,0,0,0,0,0,0,0,0,0,0,0,0,0,0,0
Erststimme,"09W429","09",Treptow-Köpenick,"429",W,4T,4,84,O,960,634,326,0,325,0,325,0,56,88,50,38,45,15,10,10,0,0,0,0,0,0,0,0,0,0,0,9,0,0,0,0,0,0,0,0,0,4,0,0,0,0,0,0,0,0,0,0,0,0,0,0,0,0,0,0
Erststimme,"09W430","09",Treptow-Köpenick,"430",W,4Q,4,84,O,874,489,385,0,259,7,259,0,45,64,41,49,31,13,6,5,0,0,0,0,0,0,0,0,0,0,0,3,0,0,0,0,0,0,0,0,0,2,0,0,0,0,0,0,0,0,0,0,0,0,0,0,0,0,0,0
Erststimme,"09W431","09",Treptow-Köpenick,"431",W,4N,4,84,O,1233,928,305,0,447,1,438,9,91,101,55,66,80,13,8,16,0,0,1,0,0,0,0,0,0,0,0,2,0,0,0,0,0,0,0,0,0,5,0,0,0,0,0,0,0,0,0,0,0,0,0,0,0,0,0,0
Erststimme,"09W432","09",Treptow-Köpenick,"432",W,4U,4,84,O,874,642,232,0,334,7,330,4,62,52,51,63,51,10,19,13,0,0,1,0,1,0,0,0,0,0,0,4,0,0,0,0,0,0,0,0,0,3,0,0,0,0,0,0,0,0,0,0,0,0,0,0,0,0,0,0
Erststimme,"09W433","09",Treptow-Köpenick,"433",W,4Q,4,84,O,898,609,289,0,360,10,355,4,75,82,34,77,44,8,12,18,0,0,0,0,0,0,0,0,0,0,0,3,0,0,0,0,0,0,0,0,0,2,0,0,0,0,0,0,0,0,0,0,0,0,0,0,0,0,0,0
Erststimme,"09W434","09",Treptow-Köpenick,"434",W,4S,4,84,O,1038,681,357,0,326,2,325,1,77,87,32,51,43,10,5,13,0,0,1,0,0,0,0,0,0,0,0,4,0,0,0,0,0,0,0,0,0,2,0,0,0,0,0,0,0,0,0,0,0,0,0,0,0,0,0,0
Erststimme,"09W435","09",Treptow-Köpenick,"435",W,4R,4,84,O,875,528,347,0,269,0,266,3,40,76,43,39,39,7,4,13,0,0,0,0,0,0,0,0,0,0,0,2,0,0,0,0,0,0,0,0,0,3,0,0,0,0,0,0,0,0,0,0,0,0,0,0,0,0,0,0
Erststimme,"09W436","09",Treptow-Köpenick,"436",W,4R,4,84,O,949,662,287,0,381,4,377,4,66,70,45,80,64,8,20,14,0,0,1,0,0,0,0,0,0,0,0,5,0,0,0,0,0,0,0,0,0,4,0,0,0,0,0,0,0,0,0,0,0,0,0,0,0,0,0,0
Erststimme,"09W437","09",Treptow-Köpenick,"437",W,4S,4,84,O,896,699,197,0,335,3,332,2,47,65,57,56,50,9,23,16,0,0,1,0,0,0,0,0,0,0,0,4,0,0,0,0,0,0,0,0,0,4,0,0,0,0,0,0,0,0,0,0,0,0,0,0,0,0,0,0
Erststimme,"09W438","09",Treptow-Köpenick,"438",W,4E,4,84,O,1037,718,319,0,429,8,425,4,95,142,34,42,67,18,10,13,0,0,2,0,0,0,0,0,0,0,0,1,0,0,0,0,0,0,0,0,0,1,0,0,0,0,0,0,0,0,0,0,0,0,0,0,0,0,0,0
Erststimme,"09W439","09",Treptow-Köpenick,"439",W,4J,4,84,O,977,697,280,0,421,0,418,3,109,98,49,48,72,11,6,19,0,0,1,0,0,0,0,0,0,0,0,2,0,0,0,0,0,0,0,0,0,3,0,0,0,0,0,0,0,0,0,0,0,0,0,0,0,0,0,0
Erststimme,"09W440","09",Treptow-Köpenick,"440",W,4L,4,84,O,838,717,121,0,220,0,215,5,43,41,11,28,55,5,7,15,0,0,3,0,0,0,0,0,0,0,0,1,0,0,0,0,0,0,0,0,0,6,0,0,0,0,0,0,0,0,0,0,0,0,0,0,0,0,0,0
Erststimme,"09B4A","09",Treptow-Köpenick,4A,B,4A,4,84,O,0,0,0,0,565,565,564,1,127,202,27,67,79,22,10,11,0,0,1,0,1,0,0,0,0,0,0,3,0,0,0,0,0,0,0,0,0,14,0,0,0,0,0,0,0,0,0,0,0,0,0,0,0,0,0,0
Erststimme,"09B4B","09",Treptow-Köpenick,4B,B,4B,4,84,O,0,0,0,0,635,635,628,7,153,221,24,57,95,27,4,26,0,0,1,0,2,0,0,0,0,0,0,0,0,0,0,0,0,0,0,0,0,18,0,0,0,0,0,0,0,0,0,0,0,0,0,0,0,0,0,0
Erststimme,"09B4C","09",Treptow-Köpenick,4C,B,4C,4,84,O,0,0,0,0,551,551,544,7,129,175,42,66,65,27,3,22,0,0,1,0,1,0,0,0,0,0,0,0,0,0,0,0,0,0,0,0,0,13,0,0,0,0,0,0,0,0,0,0,0,0,0,0,0,0,0,0
Erststimme,"09B4D","09",Treptow-Köpenick,4D,B,4D,4,84,O,0,0,0,0,554,554,549,4,123,179,34,83,75,6,8,25,0,0,1,0,1,0,0,0,0,0,0,1,0,0,0,0,0,0,0,0,0,13,0,0,0,0,0,0,0,0,0,0,0,0,0,0,0,0,0,0
Erststimme,"09B4E","09",Treptow-Köpenick,4E,B,4E,4,84,O,0,0,0,0,478,478,477,0,137,144,41,61,41,20,7,11,0,0,0,0,1,0,0,0,0,0,0,1,0,0,0,0,0,0,0,0,0,13,0,0,0,0,0,0,0,0,0,0,0,0,0,0,0,0,0,0
Erststimme,"09B4F","09",Treptow-Köpenick,4F,B,4F,4,84,O,0,0,0,0,497,497,492,5,149,155,39,62,41,22,5,12,0,0,2,0,0,0,0,0,0,0,0,3,0,0,0,0,0,0,0,0,0,2,0,0,0,0,0,0,0,0,0,0,0,0,0,0,0,0,0,0
Erststimme,"09B4G","09",Treptow-Köpenick,4G,B,4G,4,84,O,0,0,0,0,323,323,317,5,115,95,20,36,31,11,2,7,0,0,0,0,0,0,0,0,0,0,0,0,0,0,0,0,0,0,0,0,0,0,0,0,0,0,0,0,0,0,0,0,0,0,0,0,0,0,0,0
Erststimme,"09B4H","09",Treptow-Köpenick,4H,B,4H,4,84,O,0,0,0,0,562,562,559,0,174,153,61,87,27,19,12,17,0,0,0,0,0,0,0,0,0,0,0,4,0,0,0,0,0,0,0,0,0,5,0,0,0,0,0,0,0,0,0,0,0,0,0,0,0,0,0,0
Erststimme,"09B4I","09",Treptow-Köpenick,4I,B,4I,4,84,O,0,0,0,0,626,626,626,0,164,195,68,90,42,25,9,16,0,0,1,0,1,0,0,0,0,0,0,3,0,0,0,0,0,0,0,0,0,12,0,0,0,0,0,0,0,0,0,0,0,0,0,0,0,0,0,0
Erststimme,"09B4J","09",Treptow-Köpenick,4J,B,4J,4,84,O,0,0,0,0,431,431,428,3,153,108,26,54,47,12,8,11,0,0,1,0,3,0,0,0,0,0,0,1,0,0,0,0,0,0,0,0,0,4,0,0,0,0,0,0,0,0,0,0,0,0,0,0,0,0,0,0
Erststimme,"09B4K","09",Treptow-Köpenick,4K,B,4K,4,84,O,0,0,0,0,671,671,671,0,185,166,106,76,49,47,7,25,0,0,1,0,1,0,0,0,0,0,0,1,0,0,0,0,0,0,0,0,0,7,0,0,0,0,0,0,0,0,0,0,0,0,0,0,0,0,0,0
Erststimme,"09B4L","09",Treptow-Köpenick,4L,B,4L,4,84,O,0,0,0,0,250,250,247,3,49,52,32,28,32,9,15,20,0,0,1,0,1,0,0,0,0,0,0,0,0,0,0,0,0,0,0,0,0,8,0,0,0,0,0,0,0,0,0,0,0,0,0,0,0,0,0,0
Erststimme,"09B4M","09",Treptow-Köpenick,4M,B,4M,4,84,O,0,0,0,0,343,343,343,0,108,76,34,53,35,8,8,16,0,0,1,0,1,0,0,0,0,0,0,0,0,0,0,0,0,0,0,0,0,3,0,0,0,0,0,0,0,0,0,0,0,0,0,0,0,0,0,0
Erststimme,"09B4N","09",Treptow-Köpenick,4N,B,4N,4,84,O,0,0,0,0,459,459,453,5,106,98,57,92,49,17,12,15,0,0,2,0,0,0,0,0,0,0,0,0,0,0,0,0,0,0,0,0,0,5,0,0,0,0,0,0,0,0,0,0,0,0,0,0,0,0,0,0
Erststimme,"09B4P","09",Treptow-Köpenick,4P,B,4P,4,84,O,0,0,0,0,302,302,300,2,63,50,73,58,28,11,5,6,0,0,0,0,0,0,0,0,0,0,0,3,0,0,0,0,0,0,0,0,0,3,0,0,0,0,0,0,0,0,0,0,0,0,0,0,0,0,0,0
Erststimme,"09B4Q","09",Treptow-Köpenick,4Q,B,4Q,4,84,O,0,0,0,0,613,613,609,2,148,139,104,113,28,23,20,16,0,0,0,0,1,0,0,0,0,0,0,6,0,0,0,0,0,0,0,0,0,11,0,0,0,0,0,0,0,0,0,0,0,0,0,0,0,0,0,0
Erststimme,"09B4R","09",Treptow-Köpenick,4R,B,4R,4,84,O,0,0,0,0,588,588,585,3,144,157,77,87,54,27,13,13,0,0,3,0,0,0,0,0,0,0,0,0,0,0,0,0,0,0,0,0,0,10,0,0,0,0,0,0,0,0,0,0,0,0,0,0,0,0,0,0
Erststimme,"09B4S","09",Treptow-Köpenick,4S,B,4S,4,84,O,0,0,0,0,510,510,503,7,118,128,59,100,48,16,14,11,0,0,1,0,0,0,0,0,0,0,0,2,0,0,0,0,0,0,0,0,0,6,0,0,0,0,0,0,0,0,0,0,0,0,0,0,0,0,0,0
Erststimme,"09B4T","09",Treptow-Köpenick,4T,B,4T,4,84,O,0,0,0,0,574,574,569,1,134,125,107,77,48,35,14,22,0,0,1,0,0,0,0,0,0,0,0,2,0,0,0,0,0,0,0,0,0,4,0,0,0,0,0,0,0,0,0,0,0,0,0,0,0,0,0,0
Erststimme,"09B4U","09",Treptow-Köpenick,4U,B,4U,4,84,O,0,0,0,0,328,328,326,2,60,59,53,68,35,10,17,13,0,0,2,0,0,0,0,0,0,0,0,1,0,0,0,0,0,0,0,0,0,8,0,0,0,0,0,0,0,0,0,0,0,0,0,0,0,0,0,0
Erststimme,"09W501","09",Treptow-Köpenick,"501",W,5A,5,84,O,884,697,187,0,404,0,401,3,75,88,79,71,48,12,18,0,0,0,1,0,0,0,0,0,0,0,5,1,0,0,0,0,0,0,0,0,0,3,0,0,0,0,0,0,0,0,0,0,0,0,0,0,0,0,0,0
Erststimme,"09W502","09",Treptow-Köpenick,"502",W,5A,5,84,O,862,652,210,0,324,0,316,8,59,94,24,36,66,7,9,0,0,0,2,0,0,0,0,0,0,0,4,9,0,0,0,0,0,0,0,0,0,6,0,0,0,0,0,0,0,0,0,0,0,0,0,0,0,0,0,0
Erststimme,"09W503","09",Treptow-Köpenick,"503",W,5M,5,84,O,894,625,269,0,320,0,312,8,78,83,37,28,53,13,11,0,0,0,0,0,0,0,0,0,0,0,2,3,0,0,0,0,0,0,0,0,0,4,0,0,0,0,0,0,0,0,0,0,0,0,0,0,0,0,0,0
Erststimme,"09W504","09",Treptow-Köpenick,"504",W,5N,5,84,O,911,670,241,0,309,0,304,5,87,73,5,55,59,5,9,0,0,0,3,0,0,0,0,0,0,0,3,1,0,0,0,0,0,0,0,0,0,4,0,0,0,0,0,0,0,0,0,0,0,0,0,0,0,0,0,0
Erststimme,"09W505","09",Treptow-Köpenick,"505",W,5M,5,84,O,926,670,256,0,306,0,302,4,72,70,11,49,68,12,9,0,0,0,3,0,0,0,0,0,0,0,0,3,0,0,0,0,0,0,0,0,0,5,0,0,0,0,0,0,0,0,0,0,0,0,0,0,0,0,0,0
Erststimme,"09W506","09",Treptow-Köpenick,"506",W,5K,5,84,O,892,619,273,0,305,0,298,7,76,71,9,41,79,11,3,0,0,0,3,0,2,0,0,0,0,0,0,1,0,0,0,0,0,0,0,0,0,2,0,0,0,0,0,0,0,0,0,0,0,0,0,0,0,0,0,0
Erststimme,"09W507","09",Treptow-Köpenick,"507",W,5N,5,84,O,761,562,199,0,336,0,333,3,98,77,10,59,64,8,6,0,0,0,2,0,0,0,0,0,0,0,2,2,0,0,0,0,0,0,0,0,0,5,0,0,0,0,0,0,0,0,0,0,0,0,0,0,0,0,0,0
Erststimme,"09W508","09",Treptow-Köpenick,"508",W,5I,5,84,O,806,590,216,0,317,0,311,6,68,83,24,40,66,11,10,0,0,0,0,0,0,0,0,0,0,0,2,3,0,0,0,0,0,0,0,0,0,4,0,0,0,0,0,0,0,0,0,0,0,0,0,0,0,0,0,0
Erststimme,"09W509","09",Treptow-Köpenick,"509",W,5L,5,84,O,1041,845,196,0,389,0,385,4,65,62,13,81,124,5,15,0,0,0,3,0,2,0,0,0,0,0,3,4,0,0,0,0,0,0,0,0,0,8,0,0,0,0,0,0,0,0,0,0,0,0,0,0,0,0,0,0
Erststimme,"09W510","09",Treptow-Köpenick,"510",W,5L,5,84,O,858,621,237,0,312,0,307,4,69,74,6,46,65,6,19,0,0,0,12,0,0,0,0,0,0,0,2,2,0,0,0,0,0,0,0,0,0,6,0,0,0,0,0,0,0,0,0,0,0,0,0,0,0,0,0,0
Erststimme,"09W511","09",Treptow-Köpenick,"511",W,5B,5,84,O,888,640,248,0,331,0,326,5,78,43,37,71,64,6,11,0,0,0,1,0,0,0,0,0,0,0,2,4,0,0,0,0,0,0,0,0,0,9,0,0,0,0,0,0,0,0,0,0,0,0,0,0,0,0,0,0
Erststimme,"09W512","09",Treptow-Köpenick,"512",W,5B,5,84,O,855,678,177,0,259,0,255,4,44,48,13,41,75,8,6,0,0,0,7,0,0,0,0,0,0,0,1,8,0,0,0,0,0,0,0,0,0,4,0,0,0,0,0,0,0,0,0,0,0,0,0,0,0,0,0,0
Erststimme,"09W513","09",Treptow-Köpenick,"513",W,5C,5,84,O,818,550,268,0,263,0,261,2,54,58,27,36,57,9,13,0,0,0,2,0,1,0,0,0,0,0,1,0,0,0,0,0,0,0,0,0,0,3,0,0,0,0,0,0,0,0,0,0,0,0,0,0,0,0,0,0
Erststimme,"09W514","09",Treptow-Köpenick,"514",W,5P,5,84,O,770,582,188,0,241,0,239,2,46,44,15,58,51,10,10,0,0,0,0,0,1,0,0,0,0,0,0,1,0,0,0,0,0,0,0,0,0,3,0,0,0,0,0,0,0,0,0,0,0,0,0,0,0,0,0,0
Erststimme,"09W515","09",Treptow-Köpenick,"515",W,5P,5,84,O,853,613,240,0,306,0,301,5,75,66,25,32,79,8,7,0,0,0,2,0,0,0,0,0,0,0,0,3,0,0,0,0,0,0,0,0,0,4,0,0,0,0,0,0,0,0,0,0,0,0,0,0,0,0,0,0
Erststimme,"09W516","09",Treptow-Köpenick,"516",W,5J,5,84,O,952,657,295,0,441,0,435,6,107,109,14,67,99,18,7,0,0,0,3,0,0,0,0,0,0,0,1,0,0,0,0,0,0,0,0,0,0,10,0,0,0,0,0,0,0,0,0,0,0,0,0,0,0,0,0,0
Erststimme,"09W517","09",Treptow-Köpenick,"517",W,5Q,5,84,O,900,618,282,0,325,0,321,3,56,98,21,40,72,16,6,0,0,0,2,0,0,0,0,0,0,0,1,4,0,0,0,0,0,0,0,0,0,5,0,0,0,0,0,0,0,0,0,0,0,0,0,0,0,0,0,0
Erststimme,"09W518","09",Treptow-Köpenick,"518",W,5Q,5,84,O,955,602,353,0,414,0,410,4,88,136,26,50,78,11,2,0,0,0,2,0,1,0,0,0,0,0,2,8,0,0,0,0,0,0,0,0,0,6,0,0,0,0,0,0,0,0,0,0,0,0,0,0,0,0,0,0
Erststimme,"09W519","09",Treptow-Köpenick,"519",W,5J,5,84,O,928,594,334,0,382,0,378,4,71,117,37,55,71,11,5,0,0,0,1,0,0,0,0,0,0,0,1,2,0,0,0,0,0,0,0,0,0,7,0,0,0,0,0,0,0,0,0,0,0,0,0,0,0,0,0,0
Erststimme,"09W520","09",Treptow-Köpenick,"520",W,5R,5,84,O,1099,808,291,0,365,0,360,5,95,89,14,56,74,15,6,0,0,0,2,0,0,0,0,0,0,0,0,4,0,0,0,0,0,0,0,0,0,5,0,0,0,0,0,0,0,0,0,0,0,0,0,0,0,0,0,0
Erststimme,"09W521","09",Treptow-Köpenick,"521",W,5D,5,84,O,872,624,248,0,329,0,325,4,76,108,8,50,66,6,4,0,0,0,1,0,0,0,0,0,0,0,0,4,0,0,0,0,0,0,0,0,0,2,0,0,0,0,0,0,0,0,0,0,0,0,0,0,0,0,0,0
Erststimme,"09W522","09",Treptow-Köpenick,"522",W,5C,5,84,O,906,614,292,0,360,0,360,0,77,110,25,44,72,17,6,0,0,0,0,0,0,0,0,0,0,0,1,2,0,0,0,0,0,0,0,0,0,6,0,0,0,0,0,0,0,0,0,0,0,0,0,0,0,0,0,0
Erststimme,"09W523","09",Treptow-Köpenick,"523",W,5D,5,84,O,952,734,218,0,320,0,316,4,52,70,18,62,74,10,13,0,0,0,3,0,1,0,0,0,0,0,1,6,0,0,0,0,0,0,0,0,0,6,0,0,0,0,0,0,0,0,0,0,0,0,0,0,0,0,0,0
Erststimme,"09W524","09",Treptow-Köpenick,"524",W,5E,5,84,O,758,530,228,0,335,0,332,2,68,112,22,48,51,13,6,0,0,0,0,0,1,0,0,0,0,0,2,3,0,0,0,0,0,0,0,0,0,6,0,0,0,0,0,0,0,0,0,0,0,0,0,0,0,0,0,0
Erststimme,"09W525","09",Treptow-Köpenick,"525",W,5E,5,84,O,934,567,367,0,378,5,374,4,70,120,35,53,63,16,8,0,0,0,0,0,0,0,0,0,0,0,0,4,0,0,0,0,0,0,0,0,0,5,0,0,0,0,0,0,0,0,0,0,0,0,0,0,0,0,0,0
Erststimme,"09W526","09",Treptow-Köpenick,"526",W,5F,5,84,O,882,597,285,0,330,4,326,4,64,115,14,26,86,11,3,0,0,0,3,0,0,0,0,0,0,0,2,2,0,0,0,0,0,0,0,0,0,0,0,0,0,0,0,0,0,0,0,0,0,0,0,0,0,0,0,0
Erststimme,"09W527","09",Treptow-Köpenick,"527",W,5F,5,84,O,892,575,317,0,360,5,358,2,65,126,26,43,74,5,7,0,0,0,2,0,1,0,0,0,0,0,2,2,0,0,0,0,0,0,0,0,0,5,0,0,0,0,0,0,0,0,0,0,0,0,0,0,0,0,0,0
Erststimme,"09W528","09",Treptow-Köpenick,"528",W,5H,5,84,O,965,688,277,0,442,2,438,4,96,141,15,52,100,11,8,0,0,0,4,0,3,0,0,0,0,0,0,3,0,0,0,0,0,0,0,0,0,5,0,0,0,0,0,0,0,0,0,0,0,0,0,0,0,0,0,0
Erststimme,"09W529","09",Treptow-Köpenick,"529",W,5G,5,84,O,915,612,303,0,391,0,390,1,50,115,19,36,129,13,11,0,0,0,2,0,4,0,0,0,0,0,3,2,0,0,0,0,0,0,0,0,0,6,0,0,0,0,0,0,0,0,0,0,0,0,0,0,0,0,0,0
Erststimme,"09W530","09",Treptow-Köpenick,"530",W,5G,5,84,O,901,598,303,0,401,0,394,7,83,135,20,30,96,17,1,0,0,0,4,0,3,0,0,0,0,0,0,3,0,0,0,0,0,0,0,0,0,2,0,0,0,0,0,0,0,0,0,0,0,0,0,0,0,0,0,0
Erststimme,"09W531","09",Treptow-Köpenick,"531",W,5H,5,84,O,1053,672,381,0,445,0,440,5,70,159,18,37,112,21,10,0,0,0,1,0,1,0,0,0,0,0,0,5,0,0,0,0,0,0,0,0,0,6,0,0,0,0,0,0,0,0,0,0,0,0,0,0,0,0,0,0
Erststimme,"09W532","09",Treptow-Köpenick,"532",W,5I,5,84,O,831,679,152,0,312,0,306,5,73,91,11,48,61,5,5,0,0,0,2,0,1,0,0,0,0,0,2,2,0,0,0,0,0,0,0,0,0,5,0,0,0,0,0,0,0,0,0,0,0,0,0,0,0,0,0,0
Erststimme,"09W533","09",Treptow-Köpenick,"533",W,5K,5,84,O,795,599,196,0,254,0,249,5,56,45,10,55,51,8,15,0,0,0,1,0,0,0,0,0,0,0,0,4,0,0,0,0,0,0,0,0,0,4,0,0,0,0,0,0,0,0,0,0,0,0,0,0,0,0,0,0
Erststimme,"09B5A","09",Treptow-Köpenick,5A,B,5A,5,84,O,0,0,0,0,343,343,338,5,91,64,48,71,31,16,9,0,0,0,0,0,0,0,0,0,0,0,1,2,0,0,0,0,0,0,0,0,0,5,0,0,0,0,0,0,0,0,0,0,0,0,0,0,0,0,0,0
Erststimme,"09B5B","09",Treptow-Köpenick,5B,B,5B,5,84,O,0,0,0,0,374,374,374,0,79,64,40,95,49,10,17,0,0,0,1,0,3,0,0,0,0,0,2,2,0,0,0,0,0,0,0,0,0,12,0,0,0,0,0,0,0,0,0,0,0,0,0,0,0,0,0,0
Erststimme,"09B5C","09",Treptow-Köpenick,5C,B,5C,5,84,O,0,0,0,0,500,500,490,6,99,152,47,83,59,27,11,0,0,0,2,0,0,0,0,0,0,0,3,2,0,0,0,0,0,0,0,0,0,5,0,0,0,0,0,0,0,0,0,0,0,0,0,0,0,0,0,0
Erststimme,"09B5D","09",Treptow-Köpenick,5D,B,5D,5,84,O,0,0,0,0,402,402,398,2,120,94,24,67,59,7,10,0,0,0,1,0,0,0,0,0,0,0,6,3,0,0,0,0,0,0,0,0,0,7,0,0,0,0,0,0,0,0,0,0,0,0,0,0,0,0,0,0
Erststimme,"09B5E","09",Treptow-Köpenick,5E,B,5E,5,84,O,0,0,0,0,526,526,523,3,114,186,52,74,54,26,8,0,0,0,0,0,0,0,0,0,0,0,2,5,0,0,0,0,0,0,0,0,0,2,0,0,0,0,0,0,0,0,0,0,0,0,0,0,0,0,0,0
Erststimme,"09B5F","09",Treptow-Köpenick,5F,B,5F,5,84,O,0,0,0,0,530,530,529,1,135,170,31,80,66,16,14,0,0,0,0,0,2,0,0,0,0,0,2,2,0,0,0,0,0,0,0,0,0,11,0,0,0,0,0,0,0,0,0,0,0,0,0,0,0,0,0,0
Erststimme,"09B5G","09",Treptow-Köpenick,5G,B,5G,5,84,O,0,0,0,0,561,561,555,6,111,214,33,51,94,23,9,0,0,0,3,0,2,0,0,0,0,0,2,4,0,0,0,0,0,0,0,0,0,9,0,0,0,0,0,0,0,0,0,0,0,0,0,0,0,0,0,0
Erststimme,"09B5H","09",Treptow-Köpenick,5H,B,5H,5,84,O,0,0,0,0,588,588,583,3,131,216,39,53,82,26,10,0,0,0,4,0,9,0,0,0,0,0,4,0,0,0,0,0,0,0,0,0,0,9,0,0,0,0,0,0,0,0,0,0,0,0,0,0,0,0,0,0
Erststimme,"09B5I","09",Treptow-Köpenick,5I,B,5I,5,84,O,0,0,0,0,319,319,315,3,94,68,22,64,35,12,5,0,0,0,3,0,2,0,0,0,0,0,3,0,0,0,0,0,0,0,0,0,0,7,0,0,0,0,0,0,0,0,0,0,0,0,0,0,0,0,0,0
Erststimme,"09B5J","09",Treptow-Köpenick,5J,B,5J,5,84,O,0,0,0,0,582,582,576,6,137,185,58,82,60,19,15,0,0,0,1,0,2,0,0,0,0,0,1,6,0,0,0,0,0,0,0,0,0,10,0,0,0,0,0,0,0,0,0,0,0,0,0,0,0,0,0,0
Erststimme,"09B5K","09",Treptow-Köpenick,5K,B,5K,5,84,O,0,0,0,0,421,421,417,4,139,114,20,61,48,11,10,0,0,0,0,0,1,0,0,0,0,0,2,4,0,0,0,0,0,0,0,0,0,7,0,0,0,0,0,0,0,0,0,0,0,0,0,0,0,0,0,0
Erststimme,"09B5L","09",Treptow-Köpenick,5L,B,5L,5,84,O,0,0,0,0,394,394,391,3,102,95,17,75,56,11,9,0,0,0,2,0,2,0,0,0,0,0,3,8,0,0,0,0,0,0,0,0,0,11,0,0,0,0,0,0,0,0,0,0,0,0,0,0,0,0,0,0
Erststimme,"09B5M","09",Treptow-Köpenick,5M,B,5M,5,84,O,0,0,0,0,464,464,458,4,112,106,37,94,52,23,17,0,0,0,3,0,2,0,0,0,0,0,6,2,0,0,0,0,0,0,0,0,0,4,0,0,0,0,0,0,0,0,0,0,0,0,0,0,0,0,0,0
Erststimme,"09B5N","09",Treptow-Köpenick,5N,B,5N,5,84,O,0,0,0,0,404,404,393,10,127,87,24,67,56,7,6,0,0,0,2,0,0,0,0,0,0,0,5,2,0,0,0,0,0,0,0,0,0,10,0,0,0,0,0,0,0,0,0,0,0,0,0,0,0,0,0,0
Erststimme,"09B5P","09",Treptow-Köpenick,5P,B,5P,5,84,O,0,0,0,0,367,367,362,4,88,85,46,61,35,16,17,0,0,0,1,0,1,0,0,0,0,0,1,2,0,0,0,0,0,0,0,0,0,9,0,0,0,0,0,0,0,0,0,0,0,0,0,0,0,0,0,0
Erststimme,"09B5Q","09",Treptow-Köpenick,5Q,B,5Q,5,84,O,0,0,0,0,583,583,581,2,155,186,55,76,60,16,18,0,0,0,0,0,0,0,0,0,0,0,1,1,0,0,0,0,0,0,0,0,0,13,0,0,0,0,0,0,0,0,0,0,0,0,0,0,0,0,0,0
Erststimme,"09B5R","09",Treptow-Köpenick,5R,B,5R,5,84,O,0,0,0,0,254,254,253,1,84,64,13,42,35,4,3,0,0,0,1,0,0,0,0,0,0,0,1,1,0,0,0,0,0,0,0,0,0,5,0,0,0,0,0,0,0,0,0,0,0,0,0,0,0,0,0,0
Erststimme,"09W601","09",Treptow-Köpenick,"601",W,6A,6,84,O,827,535,292,0,369,7,368,1,69,123,30,54,66,15,0,8,0,0,0,0,0,0,0,0,0,0,0,3,0,0,0,0,0,0,0,0,0,0,0,0,0,0,0,0,0,0,0,0,0,0,0,0,0,0,0,0
Erststimme,"09W602","09",Treptow-Köpenick,"602",W,6B,6,84,O,840,569,271,0,361,8,358,2,65,102,28,58,81,7,0,11,0,0,2,0,0,0,0,0,0,0,0,3,0,0,0,0,0,0,0,0,0,1,0,0,0,0,0,0,0,0,0,0,0,0,0,0,0,0,0,0
Erststimme,"09W603","09",Treptow-Köpenick,"603",W,6A,6,84,O,927,543,384,0,380,0,372,7,69,130,48,60,41,9,0,7,0,0,0,0,0,0,0,0,0,0,0,4,0,0,0,0,0,0,0,0,0,4,0,0,0,0,0,0,0,0,0,0,0,0,0,0,0,0,0,0
Erststimme,"09W604","09",Treptow-Köpenick,"604",W,6E,6,84,O,775,600,175,0,369,3,363,5,73,108,21,56,61,14,0,16,0,0,0,0,1,0,0,0,0,0,0,5,0,0,0,0,0,0,0,0,0,8,0,0,0,0,0,0,0,0,0,0,0,0,0,0,0,0,0,0
Erststimme,"09W605","09",Treptow-Köpenick,"605",W,6E,6,84,O,879,647,232,0,333,0,326,7,72,71,24,63,63,10,0,12,0,0,1,0,1,0,0,0,0,0,0,4,0,0,0,0,0,0,0,0,0,5,0,0,0,0,0,0,0,0,0,0,0,0,0,0,0,0,0,0
Erststimme,"09W606","09",Treptow-Köpenick,"606",W,6D,6,84,O,981,735,246,0,426,3,416,9,88,88,40,74,71,16,0,26,0,0,0,0,1,0,0,0,0,0,0,7,0,0,0,0,0,0,0,0,0,5,0,0,0,0,0,0,0,0,0,0,0,0,0,0,0,0,0,0
Erststimme,"09W607","09",Treptow-Köpenick,"607",W,6D,6,84,O,756,571,185,0,259,1,254,5,54,70,19,47,46,4,0,9,0,0,0,0,0,0,0,0,0,0,0,5,0,0,0,0,0,0,0,0,0,0,0,0,0,0,0,0,0,0,0,0,0,0,0,0,0,0,0,0
Erststimme,"09W608","09",Treptow-Köpenick,"608",W,6B,6,84,O,1020,723,297,0,402,1,399,3,82,126,34,64,70,8,0,8,0,0,0,0,2,0,0,0,0,0,0,2,0,0,0,0,0,0,0,0,0,3,0,0,0,0,0,0,0,0,0,0,0,0,0,0,0,0,0,0
Erststimme,"09W609","09",Treptow-Köpenick,"609",W,6C,6,84,O,812,538,274,0,244,0,242,2,52,73,17,36,43,8,0,8,0,0,1,0,1,0,0,0,0,0,0,1,0,0,0,0,0,0,0,0,0,2,0,0,0,0,0,0,0,0,0,0,0,0,0,0,0,0,0,0
Erststimme,"09W610","09",Treptow-Köpenick,"610",W,6C,6,84,O,927,616,311,0,354,0,351,3,54,119,44,65,40,11,0,11,0,0,0,0,1,0,0,0,0,0,0,5,0,0,0,0,0,0,0,0,0,1,0,0,0,0,0,0,0,0,0,0,0,0,0,0,0,0,0,0
Erststimme,"09W611","09",Treptow-Köpenick,"611",W,6F,6,84,O,1050,773,277,0,526,4,523,3,96,154,81,93,54,8,0,23,0,0,1,0,0,0,0,0,0,0,0,5,0,0,0,0,0,0,0,0,0,8,0,0,0,0,0,0,0,0,0,0,0,0,0,0,0,0,0,0
Erststimme,"09W612","09",Treptow-Köpenick,"612",W,6F,6,84,O,832,553,279,0,387,3,384,3,77,112,34,73,50,12,0,19,0,0,0,0,0,0,0,0,0,0,0,2,0,0,0,0,0,0,0,0,0,5,0,0,0,0,0,0,0,0,0,0,0,0,0,0,0,0,0,0
Erststimme,"09W613","09",Treptow-Köpenick,"613",W,6G,6,84,O,950,706,244,0,428,0,426,2,49,113,56,113,65,8,0,12,0,0,0,0,0,0,0,0,0,0,0,8,0,0,0,0,0,0,0,0,0,2,0,0,0,0,0,0,0,0,0,0,0,0,0,0,0,0,0,0
Erststimme,"09W614","09",Treptow-Köpenick,"614",W,6H,6,84,O,1049,728,321,0,400,4,390,10,76,82,42,73,64,17,0,24,0,0,2,0,2,0,0,0,0,0,0,5,0,0,0,0,0,0,0,0,0,3,0,0,0,0,0,0,0,0,0,0,0,0,0,0,0,0,0,0
Erststimme,"09W615","09",Treptow-Köpenick,"615",W,6K,6,84,O,833,652,181,0,320,1,314,6,60,78,23,72,52,6,0,15,0,0,0,0,0,0,0,0,0,0,0,6,0,0,0,0,0,0,0,0,0,2,0,0,0,0,0,0,0,0,0,0,0,0,0,0,0,0,0,0
Erststimme,"09W616","09",Treptow-Köpenick,"616",W,6H,6,84,O,870,550,320,0,362,1,354,8,70,93,59,69,42,7,0,9,0,0,0,0,1,0,0,0,0,0,0,2,0,0,0,0,0,0,0,0,0,2,0,0,0,0,0,0,0,0,0,0,0,0,0,0,0,0,0,0
Erststimme,"09W617","09",Treptow-Köpenick,"617",W,6J,6,84,O,990,651,339,0,362,2,360,2,61,108,40,75,43,14,0,11,0,0,2,0,1,0,0,0,0,0,0,3,0,0,0,0,0,0,0,0,0,2,0,0,0,0,0,0,0,0,0,0,0,0,0,0,0,0,0,0
Erststimme,"09W618","09",Treptow-Köpenick,"618",W,6I,6,84,O,973,675,298,0,420,0,417,3,96,111,35,83,66,7,0,11,0,0,1,0,0,0,0,0,0,0,0,2,0,0,0,0,0,0,0,0,0,5,0,0,0,0,0,0,0,0,0,0,0,0,0,0,0,0,0,0
Erststimme,"09W619","09",Treptow-Köpenick,"619",W,6I,6,84,O,878,539,339,0,277,0,271,6,49,67,34,53,46,7,0,9,0,0,0,0,1,0,0,0,0,0,0,3,0,0,0,0,0,0,0,0,0,2,0,0,0,0,0,0,0,0,0,0,0,0,0,0,0,0,0,0
Erststimme,"09W620","09",Treptow-Köpenick,"620",W,6J,6,84,O,1033,680,353,0,415,3,414,1,83,99,55,95,52,5,0,11,0,0,0,0,1,0,0,0,0,0,0,5,0,0,0,0,0,0,0,0,0,8,0,0,0,0,0,0,0,0,0,0,0,0,0,0,0,0,0,0
Erststimme,"09W621","09",Treptow-Köpenick,"621",W,6K,6,84,O,881,618,263,0,308,5,302,4,60,63,35,83,33,5,0,12,0,0,0,0,0,0,0,0,0,0,0,2,0,0,0,0,0,0,0,0,0,9,0,0,0,0,0,0,0,0,0,0,0,0,0,0,0,0,0,0
Erststimme,"09W622","09",Treptow-Köpenick,"622",W,6G,6,84,O,935,555,380,0,379,12,375,4,59,79,75,91,34,18,0,12,0,0,0,0,0,0,0,0,0,0,0,4,0,0,0,0,0,0,0,0,0,3,0,0,0,0,0,0,0,0,0,0,0,0,0,0,0,0,0,0
Erststimme,"09W623","09",Treptow-Köpenick,"623",W,6M,6,84,O,977,673,304,0,418,0,413,4,58,125,70,91,41,12,0,12,0,0,0,0,0,0,0,0,0,0,0,3,0,0,0,0,0,0,0,0,0,1,0,0,0,0,0,0,0,0,0,0,0,0,0,0,0,0,0,0
Erststimme,"09W624","09",Treptow-Köpenick,"624",W,6M,6,84,O,993,684,309,0,425,14,419,5,62,117,40,109,51,12,0,12,0,0,4,0,0,0,0,0,0,0,0,8,0,0,0,0,0,0,0,0,0,4,0,0,0,0,0,0,0,0,0,0,0,0,0,0,0,0,0,0
Erststimme,"09W625","09",Treptow-Köpenick,"625",W,6L,6,84,O,847,520,327,0,356,0,350,6,39,73,88,76,42,13,0,8,0,0,0,0,0,0,0,0,0,0,0,2,0,0,0,0,0,0,0,0,0,9,0,0,0,0,0,0,0,0,0,0,0,0,0,0,0,0,0,0
Erststimme,"09W626","09",Treptow-Köpenick,"626",W,6L,6,84,O,938,660,278,0,453,6,447,6,77,117,73,98,47,14,0,9,0,0,0,0,0,0,0,0,0,0,0,7,0,0,0,0,0,0,0,0,0,5,0,0,0,0,0,0,0,0,0,0,0,0,0,0,0,0,0,0
Erststimme,"09W627","09",Treptow-Köpenick,"627",W,6N,6,84,O,952,684,268,0,328,2,325,3,64,88,52,73,25,6,0,11,0,0,0,0,0,0,0,0,0,0,0,4,0,0,0,0,0,0,0,0,0,2,0,0,0,0,0,0,0,0,0,0,0,0,0,0,0,0,0,0
Erststimme,"09W628","09",Treptow-Köpenick,"628",W,6N,6,84,O,824,528,296,0,352,0,345,7,49,103,51,66,51,14,0,5,0,0,1,0,0,0,0,0,0,0,0,4,0,0,0,0,0,0,0,0,0,1,0,0,0,0,0,0,0,0,0,0,0,0,0,0,0,0,0,0
Erststimme,"09W629","09",Treptow-Köpenick,"629",W,6P,6,84,O,1045,723,322,0,428,5,425,3,79,138,42,57,76,17,0,9,0,0,2,0,0,0,0,0,0,0,0,0,0,0,0,0,0,0,0,0,0,5,0,0,0,0,0,0,0,0,0,0,0,0,0,0,0,0,0,0
Erststimme,"09W630","09",Treptow-Köpenick,"630",W,6Q,6,84,O,904,547,357,0,353,0,350,3,47,137,33,30,68,16,0,11,0,0,0,0,1,0,0,0,0,0,0,3,0,0,0,0,0,0,0,0,0,4,0,0,0,0,0,0,0,0,0,0,0,0,0,0,0,0,0,0
Erststimme,"09W631","09",Treptow-Köpenick,"631",W,6P,6,84,O,818,482,336,0,332,8,330,2,48,115,23,60,58,10,0,11,0,0,0,0,0,0,0,0,0,0,0,3,0,0,0,0,0,0,0,0,0,2,0,0,0,0,0,0,0,0,0,0,0,0,0,0,0,0,0,0
Erststimme,"09W632","09",Treptow-Köpenick,"632",W,6Q,6,84,O,877,566,311,0,387,3,380,7,63,127,48,56,55,17,0,4,0,0,0,0,0,0,0,0,0,0,0,6,0,0,0,0,0,0,0,0,0,4,0,0,0,0,0,0,0,0,0,0,0,0,0,0,0,0,0,0
Erststimme,"09W633","09",Treptow-Köpenick,"633",W,6S,6,84,O,950,604,346,0,379,6,376,3,78,129,48,37,55,12,0,10,0,0,2,0,0,0,0,0,0,0,0,4,0,0,0,0,0,0,0,0,0,1,0,0,0,0,0,0,0,0,0,0,0,0,0,0,0,0,0,0
Erststimme,"09W634","09",Treptow-Köpenick,"634",W,6S,6,84,O,994,716,278,0,383,3,381,2,72,137,37,47,58,18,0,8,0,0,0,0,0,0,0,0,0,0,0,2,0,0,0,0,0,0,0,0,0,2,0,0,0,0,0,0,0,0,0,0,0,0,0,0,0,0,0,0
Erststimme,"09W635","09",Treptow-Köpenick,"635",W,6R,6,84,O,1473,1027,446,0,635,20,631,4,83,235,66,68,105,36,0,20,0,0,0,0,2,0,0,0,0,0,0,11,0,0,0,0,0,0,0,0,0,5,0,0,0,0,0,0,0,0,0,0,0,0,0,0,0,0,0,0
Erststimme,"09W636","09",Treptow-Köpenick,"636",W,6R,6,84,O,991,648,343,0,455,14,451,4,64,174,37,49,86,20,0,13,0,0,1,0,1,0,0,0,0,0,0,3,0,0,0,0,0,0,0,0,0,3,0,0,0,0,0,0,0,0,0,0,0,0,0,0,0,0,0,0
Erststimme,"09B6A","09",Treptow-Köpenick,6A,B,6A,6,84,O,0,0,0,0,627,627,621,4,125,231,73,100,50,18,0,11,0,0,0,0,0,0,0,0,0,0,0,5,0,0,0,0,0,0,0,0,0,8,0,0,0,0,0,0,0,0,0,0,0,0,0,0,0,0,0,0
Erststimme,"09B6B","09",Treptow-Köpenick,6B,B,6B,6,84,O,0,0,0,0,517,517,512,4,108,176,38,92,45,16,0,23,0,0,1,0,0,0,0,0,0,0,0,1,0,0,0,0,0,0,0,0,0,12,0,0,0,0,0,0,0,0,0,0,0,0,0,0,0,0,0,0
Erststimme,"09B6C","09",Treptow-Köpenick,6C,B,6C,6,84,O,0,0,0,0,511,511,507,3,125,150,63,91,38,11,0,18,0,0,1,0,0,0,0,0,0,0,0,2,0,0,0,0,0,0,0,0,0,8,0,0,0,0,0,0,0,0,0,0,0,0,0,0,0,0,0,0
Erststimme,"09B6D","09",Treptow-Köpenick,6D,B,6D,6,84,O,0,0,0,0,379,379,372,4,82,101,35,77,41,11,0,18,0,0,0,0,1,0,0,0,0,0,0,3,0,0,0,0,0,0,0,0,0,3,0,0,0,0,0,0,0,0,0,0,0,0,0,0,0,0,0,0
Erststimme,"09B6E","09",Treptow-Köpenick,6E,B,6E,6,84,O,0,0,0,0,355,355,355,0,76,95,25,86,36,13,0,16,0,0,0,0,1,0,0,0,0,0,0,4,0,0,0,0,0,0,0,0,0,3,0,0,0,0,0,0,0,0,0,0,0,0,0,0,0,0,0,0
Erststimme,"09B6F","09",Treptow-Köpenick,6F,B,6F,6,84,O,0,0,0,0,511,511,501,8,95,153,89,83,42,16,0,17,0,0,0,0,0,0,0,0,0,0,0,1,0,0,0,0,0,0,0,0,0,5,0,0,0,0,0,0,0,0,0,0,0,0,0,0,0,0,0,0
Erststimme,"09B6G","09",Treptow-Köpenick,6G,B,6G,6,84,O,0,0,0,0,551,551,548,3,91,191,104,102,28,12,0,12,0,0,0,0,0,0,0,0,0,0,0,5,0,0,0,0,0,0,0,0,0,3,0,0,0,0,0,0,0,0,0,0,0,0,0,0,0,0,0,0
Erststimme,"09B6H","09",Treptow-Köpenick,6H,B,6H,6,84,O,0,0,0,0,577,577,572,4,126,165,66,117,56,14,0,17,0,0,1,0,0,0,0,0,0,0,0,4,0,0,0,0,0,0,0,0,0,6,0,0,0,0,0,0,0,0,0,0,0,0,0,0,0,0,0,0
Erststimme,"09B6I","09",Treptow-Köpenick,6I,B,6I,6,84,O,0,0,0,0,585,585,583,2,121,203,55,112,51,18,0,11,0,0,1,0,2,0,0,0,0,0,0,2,0,0,0,0,0,0,0,0,0,7,0,0,0,0,0,0,0,0,0,0,0,0,0,0,0,0,0,0
Erststimme,"09B6J","09",Treptow-Köpenick,6J,B,6J,6,84,O,0,0,0,0,622,622,622,0,117,256,76,85,42,28,0,10,0,0,0,0,0,0,0,0,0,0,0,4,0,0,0,0,0,0,0,0,0,4,0,0,0,0,0,0,0,0,0,0,0,0,0,0,0,0,0,0
Erststimme,"09B6K","09",Treptow-Köpenick,6K,B,6K,6,84,O,0,0,0,0,389,389,385,4,71,126,29,96,31,14,0,12,0,0,0,0,1,0,0,0,0,0,0,1,0,0,0,0,0,0,0,0,0,4,0,0,0,0,0,0,0,0,0,0,0,0,0,0,0,0,0,0
Erststimme,"09B6L","09",Treptow-Köpenick,6L,B,6L,6,84,O,0,0,0,0,558,558,550,4,97,157,97,105,40,18,0,11,0,0,0,0,1,0,0,0,0,0,0,18,0,0,0,0,0,0,0,0,0,6,0,0,0,0,0,0,0,0,0,0,0,0,0,0,0,0,0,0
Erststimme,"09B6M","09",Treptow-Köpenick,6M,B,6M,6,84,O,0,0,0,0,537,537,533,2,117,168,73,100,34,16,0,12,0,0,1,0,2,0,0,0,0,0,0,5,0,0,0,0,0,0,0,0,0,5,0,0,0,0,0,0,0,0,0,0,0,0,0,0,0,0,0,0
Erststimme,"09B6N","09",Treptow-Köpenick,6N,B,6N,6,84,O,0,0,0,0,493,493,488,5,99,188,49,89,29,16,0,15,0,0,0,0,0,0,0,0,0,0,0,1,0,0,0,0,0,0,0,0,0,2,0,0,0,0,0,0,0,0,0,0,0,0,0,0,0,0,0,0
Erststimme,"09B6P","09",Treptow-Köpenick,6P,B,6P,6,84,O,0,0,0,0,578,578,575,3,103,223,58,94,54,19,0,9,0,0,2,0,1,0,0,0,0,0,0,3,0,0,0,0,0,0,0,0,0,9,0,0,0,0,0,0,0,0,0,0,0,0,0,0,0,0,0,0
Erststimme,"09B6Q","09",Treptow-Köpenick,6Q,B,6Q,6,84,O,0,0,0,0,598,598,593,4,112,247,63,92,39,24,0,12,0,0,0,0,1,0,0,0,0,0,0,1,0,0,0,0,0,0,0,0,0,2,0,0,0,0,0,0,0,0,0,0,0,0,0,0,0,0,0,0
Erststimme,"09B6R","09",Treptow-Köpenick,6R,B,6R,6,84,O,0,0,0,0,679,679,676,3,99,278,70,81,70,40,0,29,0,0,0,0,0,0,0,0,0,0,0,1,0,0,0,0,0,0,0,0,0,8,0,0,0,0,0,0,0,0,0,0,0,0,0,0,0,0,0,0
Erststimme,"09B6S","09",Treptow-Köpenick,6S,B,6S,6,84,O,0,0,0,0,548,548,546,2,107,214,55,89,41,13,0,18,0,0,1,0,0,0,0,0,0,0,0,2,0,0,0,0,0,0,0,0,0,6,0,0,0,0,0,0,0,0,0,0,0,0,0,0,0,0,0,0
Erststimme,10W101,"10",Marzahn-Hellersdorf,"101",W,1A,1,85,O,1342,1200,142,0,413,1,407,6,49,71,11,81,162,4,2,17,0,0,7,0,0,0,0,0,0,0,0,3,0,0,0,0,0,0,0,0,0,0,0,0,0,0,0,0,0,0,0,0,0,0,0,0,0,0,0,0
Erststimme,10W102,"10",Marzahn-Hellersdorf,"102",W,1A,1,85,O,1349,1073,276,0,438,3,433,5,78,97,13,70,139,6,5,20,0,0,2,0,0,0,0,0,0,0,0,3,0,0,0,0,0,0,0,0,0,0,0,0,0,0,0,0,0,0,0,0,0,0,0,0,0,0,0,0
Erststimme,10W103,"10",Marzahn-Hellersdorf,"103",W,1B,1,85,O,1173,982,191,0,337,3,331,6,50,65,13,62,106,7,6,13,0,0,6,0,0,0,0,0,0,0,0,3,0,0,0,0,0,0,0,0,0,0,0,0,0,0,0,0,0,0,0,0,0,0,0,0,0,0,0,0
Erststimme,10W104,"10",Marzahn-Hellersdorf,"104",W,1B,1,85,O,1324,1094,230,0,421,2,415,6,70,94,11,63,133,4,8,21,0,0,6,0,0,0,0,0,0,0,0,5,0,0,0,0,0,0,0,0,0,0,0,0,0,0,0,0,0,0,0,0,0,0,0,0,0,0,0,0
Erststimme,10W105,"10",Marzahn-Hellersdorf,"105",W,1C,1,85,O,1203,1025,178,0,401,11,396,5,69,102,12,51,127,5,6,20,0,0,1,0,0,0,0,0,0,0,0,3,0,0,0,0,0,0,0,0,0,0,0,0,0,0,0,0,0,0,0,0,0,0,0,0,0,0,0,0
Erststimme,10W106,"10",Marzahn-Hellersdorf,"106",W,1C,1,85,O,1214,1064,150,0,382,2,375,7,48,83,10,63,138,4,6,19,0,0,2,0,0,0,0,0,0,0,0,2,0,0,0,0,0,0,0,0,0,0,0,0,0,0,0,0,0,0,0,0,0,0,0,0,0,0,0,0
Erststimme,10W107,"10",Marzahn-Hellersdorf,"107",W,1D,1,85,O,1293,1000,293,0,393,0,383,10,55,79,8,67,131,8,4,23,0,0,2,0,0,0,0,0,0,0,0,6,0,0,0,0,0,0,0,0,0,0,0,0,0,0,0,0,0,0,0,0,0,0,0,0,0,0,0,0
Erststimme,10W108,"10",Marzahn-Hellersdorf,"108",W,1D,1,85,O,1302,1114,188,0,316,2,313,3,40,58,3,57,120,5,6,17,0,0,2,0,0,0,0,0,0,0,0,5,0,0,0,0,0,0,0,0,0,0,0,0,0,0,0,0,0,0,0,0,0,0,0,0,0,0,0,0
Erststimme,10W109,"10",Marzahn-Hellersdorf,"109",W,1E,1,85,O,1363,1052,311,0,307,1,302,4,60,56,5,53,99,6,5,12,0,0,2,0,0,0,0,0,0,0,0,4,0,0,0,0,0,0,0,0,0,0,0,0,0,0,0,0,0,0,0,0,0,0,0,0,0,0,0,0
Erststimme,10W110,"10",Marzahn-Hellersdorf,"110",W,1E,1,85,O,1346,1093,253,0,357,1,351,6,71,66,6,69,108,6,7,15,0,0,1,0,0,0,0,0,0,0,0,2,0,0,0,0,0,0,0,0,0,0,0,0,0,0,0,0,0,0,0,0,0,0,0,0,0,0,0,0
Erststimme,10W111,"10",Marzahn-Hellersdorf,"111",W,1F,1,85,O,1121,913,208,0,289,0,285,4,32,63,8,45,105,5,12,11,0,0,2,0,0,0,0,0,0,0,0,2,0,0,0,0,0,0,0,0,0,0,0,0,0,0,0,0,0,0,0,0,0,0,0,0,0,0,0,0
Erststimme,10W112,"10",Marzahn-Hellersdorf,"112",W,1F,1,85,O,1060,891,169,0,274,1,270,4,31,48,12,42,103,11,5,16,0,0,1,0,0,0,0,0,0,0,0,1,0,0,0,0,0,0,0,0,0,0,0,0,0,0,0,0,0,0,0,0,0,0,0,0,0,0,0,0
Erststimme,10W113,"10",Marzahn-Hellersdorf,"113",W,1F,1,85,O,1148,984,164,0,327,0,318,9,35,59,11,56,114,8,8,23,0,0,3,0,0,0,0,0,0,0,0,1,0,0,0,0,0,0,0,0,0,0,0,0,0,0,0,0,0,0,0,0,0,0,0,0,0,0,0,0
Erststimme,10W114,"10",Marzahn-Hellersdorf,"114",W,1G,1,85,O,1595,1331,264,0,404,6,400,4,63,85,21,57,125,14,9,23,0,0,0,0,0,0,0,0,0,0,0,3,0,0,0,0,0,0,0,0,0,0,0,0,0,0,0,0,0,0,0,0,0,0,0,0,0,0,0,0
Erststimme,10W115,"10",Marzahn-Hellersdorf,"115",W,1G,1,85,O,1273,1011,262,0,353,0,349,4,70,87,9,47,105,8,6,15,0,0,1,0,0,0,0,0,0,0,0,1,0,0,0,0,0,0,0,0,0,0,0,0,0,0,0,0,0,0,0,0,0,0,0,0,0,0,0,0
Erststimme,10W116,"10",Marzahn-Hellersdorf,"116",W,1H,1,85,O,1130,1015,115,0,333,1,327,6,37,62,7,74,125,5,5,7,0,0,3,0,0,0,0,0,0,0,0,2,0,0,0,0,0,0,0,0,0,0,0,0,0,0,0,0,0,0,0,0,0,0,0,0,0,0,0,0
Erststimme,10W117,"10",Marzahn-Hellersdorf,"117",W,1H,1,85,O,1270,1042,228,0,360,2,350,10,64,70,7,73,97,6,6,19,0,0,4,0,0,0,0,0,0,0,0,4,0,0,0,0,0,0,0,0,0,0,0,0,0,0,0,0,0,0,0,0,0,0,0,0,0,0,0,0
Erststimme,10W118,"10",Marzahn-Hellersdorf,"118",W,1J,1,85,O,1247,992,255,0,513,2,506,7,78,140,15,73,154,13,10,19,0,0,1,0,0,0,0,0,0,0,0,3,0,0,0,0,0,0,0,0,0,0,0,0,0,0,0,0,0,0,0,0,0,0,0,0,0,0,0,0
Erststimme,10W119,"10",Marzahn-Hellersdorf,"119",W,1J,1,85,O,1239,956,283,0,450,5,444,6,46,123,10,76,145,11,13,15,0,0,3,0,0,0,0,0,0,0,0,2,0,0,0,0,0,0,0,0,0,0,0,0,0,0,0,0,0,0,0,0,0,0,0,0,0,0,0,0
Erststimme,10W120,"10",Marzahn-Hellersdorf,"120",W,1K,1,85,O,1146,942,204,0,271,4,265,6,49,43,7,31,102,4,5,18,0,0,2,0,0,0,0,0,0,0,0,4,0,0,0,0,0,0,0,0,0,0,0,0,0,0,0,0,0,0,0,0,0,0,0,0,0,0,0,0
Erststimme,10W121,"10",Marzahn-Hellersdorf,"121",W,1K,1,85,O,1263,959,304,0,372,2,367,5,69,72,9,67,115,4,8,17,0,0,1,0,0,0,0,0,0,0,0,5,0,0,0,0,0,0,0,0,0,0,0,0,0,0,0,0,0,0,0,0,0,0,0,0,0,0,0,0
Erststimme,10W122,"10",Marzahn-Hellersdorf,"122",W,1L,1,85,O,1241,984,257,0,421,1,419,2,68,86,11,75,135,7,9,20,0,0,4,0,0,0,0,0,0,0,0,4,0,0,0,0,0,0,0,0,0,0,0,0,0,0,0,0,0,0,0,0,0,0,0,0,0,0,0,0
Erststimme,10W123,"10",Marzahn-Hellersdorf,"123",W,1L,1,85,O,1226,1021,205,0,367,0,361,6,45,85,12,54,120,10,11,13,0,0,2,0,0,0,0,0,0,0,0,9,0,0,0,0,0,0,0,0,0,0,0,0,0,0,0,0,0,0,0,0,0,0,0,0,0,0,0,0
Erststimme,10W124,"10",Marzahn-Hellersdorf,"124",W,1M,1,85,O,1169,978,191,0,287,0,283,4,45,45,7,52,95,9,7,18,0,0,1,0,0,0,0,0,0,0,0,4,0,0,0,0,0,0,0,0,0,0,0,0,0,0,0,0,0,0,0,0,0,0,0,0,0,0,0,0
Erststimme,10W125,"10",Marzahn-Hellersdorf,"125",W,1M,1,85,O,1190,988,202,0,296,0,289,7,61,39,4,42,104,5,7,24,0,0,1,0,0,0,0,0,0,0,0,2,0,0,0,0,0,0,0,0,0,0,0,0,0,0,0,0,0,0,0,0,0,0,0,0,0,0,0,0
Erststimme,10B1A,"10",Marzahn-Hellersdorf,1A,B,1A,1,85,O,0,0,0,0,358,358,356,0,78,78,16,62,77,7,6,25,0,0,6,0,0,0,0,0,0,0,0,1,0,0,0,0,0,0,0,0,0,0,0,0,0,0,0,0,0,0,0,0,0,0,0,0,0,0,0,0
Erststimme,10B1B,"10",Marzahn-Hellersdorf,1B,B,1B,1,85,O,0,0,0,0,361,361,358,3,78,92,19,73,58,9,3,20,0,0,1,0,0,0,0,0,0,0,0,5,0,0,0,0,0,0,0,0,0,0,0,0,0,0,0,0,0,0,0,0,0,0,0,0,0,0,0,0
Erststimme,10B1C,"10",Marzahn-Hellersdorf,1C,B,1C,1,85,O,0,0,0,0,278,278,277,1,50,70,15,39,74,3,9,16,0,0,0,0,0,0,0,0,0,0,0,1,0,0,0,0,0,0,0,0,0,0,0,0,0,0,0,0,0,0,0,0,0,0,0,0,0,0,0,0
Erststimme,10B1D,"10",Marzahn-Hellersdorf,1D,B,1D,1,85,O,0,0,0,0,423,423,421,1,96,98,16,79,83,11,7,22,0,0,2,0,0,0,0,0,0,0,0,7,0,0,0,0,0,0,0,0,0,0,0,0,0,0,0,0,0,0,0,0,0,0,0,0,0,0,0,0
Erststimme,10B1E,"10",Marzahn-Hellersdorf,1E,B,1E,1,85,O,0,0,0,0,499,499,496,2,100,116,14,127,80,9,10,33,0,0,4,0,0,0,0,0,0,0,0,3,0,0,0,0,0,0,0,0,0,0,0,0,0,0,0,0,0,0,0,0,0,0,0,0,0,0,0,0
Erststimme,10B1F,"10",Marzahn-Hellersdorf,1F,B,1F,1,85,O,0,0,0,0,477,477,470,7,76,96,12,99,128,15,9,27,0,0,5,0,0,0,0,0,0,0,0,3,0,0,0,0,0,0,0,0,0,0,0,0,0,0,0,0,0,0,0,0,0,0,0,0,0,0,0,0
Erststimme,10B1G,"10",Marzahn-Hellersdorf,1G,B,1G,1,85,O,0,0,0,0,433,433,430,3,90,112,10,94,74,12,12,23,0,0,2,0,0,0,0,0,0,0,0,1,0,0,0,0,0,0,0,0,0,0,0,0,0,0,0,0,0,0,0,0,0,0,0,0,0,0,0,0
Erststimme,10B1H,"10",Marzahn-Hellersdorf,1H,B,1H,1,85,O,0,0,0,0,311,311,305,6,64,73,7,58,64,4,7,26,0,0,0,0,0,0,0,0,0,0,0,2,0,0,0,0,0,0,0,0,0,0,0,0,0,0,0,0,0,0,0,0,0,0,0,0,0,0,0,0
Erststimme,10B1J,"10",Marzahn-Hellersdorf,1J,B,1J,1,85,O,0,0,0,0,485,485,483,1,97,132,22,114,83,8,5,18,0,0,3,0,0,0,0,0,0,0,0,1,0,0,0,0,0,0,0,0,0,0,0,0,0,0,0,0,0,0,0,0,0,0,0,0,0,0,0,0
Erststimme,10B1K,"10",Marzahn-Hellersdorf,1K,B,1K,1,85,O,0,0,0,0,425,425,421,3,88,94,18,92,84,4,6,28,0,0,1,0,0,0,0,0,0,0,0,6,0,0,0,0,0,0,0,0,0,0,0,0,0,0,0,0,0,0,0,0,0,0,0,0,0,0,0,0
Erststimme,10B1L,"10",Marzahn-Hellersdorf,1L,B,1L,1,85,O,0,0,0,0,402,402,396,6,87,99,14,87,70,8,7,17,0,0,3,0,0,0,0,0,0,0,0,4,0,0,0,0,0,0,0,0,0,0,0,0,0,0,0,0,0,0,0,0,0,0,0,0,0,0,0,0
Erststimme,10B1M,"10",Marzahn-Hellersdorf,1M,B,1M,1,85,O,0,0,0,0,344,344,339,5,79,75,14,75,63,6,5,19,0,0,2,0,0,0,0,0,0,0,0,1,0,0,0,0,0,0,0,0,0,0,0,0,0,0,0,0,0,0,0,0,0,0,0,0,0,0,0,0
Erststimme,10W201,"10",Marzahn-Hellersdorf,"201",W,2A,2,85,O,1611,1287,324,0,541,1,529,12,85,120,30,83,146,24,12,24,0,0,5,0,0,0,0,0,0,0,0,0,0,0,0,0,0,0,0,0,0,0,0,0,0,0,0,0,0,0,0,0,0,0,0,0,0,0,0,0
Erststimme,10W202,"10",Marzahn-Hellersdorf,"202",W,2A,2,85,O,1244,1028,216,0,356,1,346,10,48,58,21,77,90,6,11,23,0,0,3,0,0,0,0,0,0,0,0,9,0,0,0,0,0,0,0,0,0,0,0,0,0,0,0,0,0,0,0,0,0,0,0,0,0,0,0,0
Erststimme,10W203,"10",Marzahn-Hellersdorf,"203",W,2B,2,85,O,1183,903,280,0,333,3,323,10,66,80,9,67,67,6,5,20,0,0,1,0,0,0,0,0,0,0,0,2,0,0,0,0,0,0,0,0,0,0,0,0,0,0,0,0,0,0,0,0,0,0,0,0,0,0,0,0
Erststimme,10W204,"10",Marzahn-Hellersdorf,"204",W,2B,2,85,O,1161,809,352,0,290,1,285,5,56,63,10,46,82,7,1,14,0,0,2,0,0,0,0,0,0,0,0,4,0,0,0,0,0,0,0,0,0,0,0,0,0,0,0,0,0,0,0,0,0,0,0,0,0,0,0,0
Erststimme,10W205,"10",Marzahn-Hellersdorf,"205",W,2C,2,85,O,1146,896,250,0,328,0,322,6,50,76,18,55,90,7,4,14,0,0,2,0,0,0,0,0,0,0,0,6,0,0,0,0,0,0,0,0,0,0,0,0,0,0,0,0,0,0,0,0,0,0,0,0,0,0,0,0
Erststimme,10W206,"10",Marzahn-Hellersdorf,"206",W,2D,2,85,O,1152,898,254,0,353,1,349,4,73,84,10,61,67,14,6,29,0,0,0,0,0,0,0,0,0,0,0,5,0,0,0,0,0,0,0,0,0,0,0,0,0,0,0,0,0,0,0,0,0,0,0,0,0,0,0,0
Erststimme,10W207,"10",Marzahn-Hellersdorf,"207",W,2D,2,85,O,1219,888,331,0,318,2,310,8,40,68,14,61,105,8,2,8,0,0,1,0,0,0,0,0,0,0,0,3,0,0,0,0,0,0,0,0,0,0,0,0,0,0,0,0,0,0,0,0,0,0,0,0,0,0,0,0
Erststimme,10W208,"10",Marzahn-Hellersdorf,"208",W,2E,2,85,O,1302,957,345,0,442,2,436,6,85,112,16,58,131,16,3,12,0,0,2,0,0,0,0,0,0,0,0,1,0,0,0,0,0,0,0,0,0,0,0,0,0,0,0,0,0,0,0,0,0,0,0,0,0,0,0,0
Erststimme,10W209,"10",Marzahn-Hellersdorf,"209",W,2F,2,85,O,1337,1007,330,0,443,1,443,0,63,107,16,55,147,5,10,27,0,0,4,0,0,0,0,0,0,0,0,9,0,0,0,0,0,0,0,0,0,0,0,0,0,0,0,0,0,0,0,0,0,0,0,0,0,0,0,0
Erststimme,10W210,"10",Marzahn-Hellersdorf,"210",W,2G,2,85,O,1372,1006,366,0,426,2,414,11,68,123,13,69,108,9,7,11,0,0,2,0,0,0,0,0,0,0,0,4,0,0,0,0,0,0,0,0,0,0,0,0,0,0,0,0,0,0,0,0,0,0,0,0,0,0,0,0
Erststimme,10W211,"10",Marzahn-Hellersdorf,"211",W,2H,2,85,O,1357,998,359,0,496,0,492,4,101,116,19,108,98,16,10,15,0,0,1,0,0,0,0,0,0,0,0,8,0,0,0,0,0,0,0,0,0,0,0,0,0,0,0,0,0,0,0,0,0,0,0,0,0,0,0,0
Erststimme,10W212,"10",Marzahn-Hellersdorf,"212",W,2H,2,85,O,1317,1127,190,0,344,1,341,3,81,63,14,73,83,8,2,14,0,0,1,0,0,0,0,0,0,0,0,2,0,0,0,0,0,0,0,0,0,0,0,0,0,0,0,0,0,0,0,0,0,0,0,0,0,0,0,0
Erststimme,10W213,"10",Marzahn-Hellersdorf,"213",W,2J,2,85,O,1317,1018,299,0,362,3,357,5,62,69,7,70,117,8,6,14,0,0,2,0,0,0,0,0,0,0,0,2,0,0,0,0,0,0,0,0,0,0,0,0,0,0,0,0,0,0,0,0,0,0,0,0,0,0,0,0
Erststimme,10W214,"10",Marzahn-Hellersdorf,"214",W,2K,2,85,O,1338,1131,207,0,445,3,436,9,68,101,14,88,111,8,13,28,0,0,0,0,0,0,0,0,0,0,0,5,0,0,0,0,0,0,0,0,0,0,0,0,0,0,0,0,0,0,0,0,0,0,0,0,0,0,0,0
Erststimme,10W215,"10",Marzahn-Hellersdorf,"215",W,2K,2,85,O,1316,1057,259,0,394,3,384,10,63,74,20,84,103,12,2,17,0,0,2,0,0,0,0,0,0,0,0,7,0,0,0,0,0,0,0,0,0,0,0,0,0,0,0,0,0,0,0,0,0,0,0,0,0,0,0,0
Erststimme,10W216,"10",Marzahn-Hellersdorf,"216",W,2L,2,85,O,1102,910,192,0,386,4,383,3,67,80,18,75,96,11,6,20,0,0,2,0,0,0,0,0,0,0,0,8,0,0,0,0,0,0,0,0,0,0,0,0,0,0,0,0,0,0,0,0,0,0,0,0,0,0,0,0
Erststimme,10W217,"10",Marzahn-Hellersdorf,"217",W,2L,2,85,O,1233,873,360,0,438,8,434,4,78,136,15,65,104,15,7,11,0,0,1,0,0,0,0,0,0,0,0,2,0,0,0,0,0,0,0,0,0,0,0,0,0,0,0,0,0,0,0,0,0,0,0,0,0,0,0,0
Erststimme,10W218,"10",Marzahn-Hellersdorf,"218",W,2M,2,85,O,1157,848,309,0,433,5,428,5,69,116,15,86,91,15,9,22,0,0,1,0,0,0,0,0,0,0,0,4,0,0,0,0,0,0,0,0,0,0,0,0,0,0,0,0,0,0,0,0,0,0,0,0,0,0,0,0
Erststimme,10W219,"10",Marzahn-Hellersdorf,"219",W,2N,2,85,O,1128,779,349,0,397,0,395,2,64,106,23,68,97,15,3,16,0,0,2,0,0,0,0,0,0,0,0,1,0,0,0,0,0,0,0,0,0,0,0,0,0,0,0,0,0,0,0,0,0,0,0,0,0,0,0,0
Erststimme,10W220,"10",Marzahn-Hellersdorf,"220",W,2P,2,85,O,1161,890,271,0,343,3,341,2,59,84,21,74,76,11,10,5,0,0,0,0,0,0,0,0,0,0,0,1,0,0,0,0,0,0,0,0,0,0,0,0,0,0,0,0,0,0,0,0,0,0,0,0,0,0,0,0
Erststimme,10W221,"10",Marzahn-Hellersdorf,"221",W,2Q,2,85,O,1120,803,317,0,418,1,410,8,99,100,14,67,84,12,9,17,0,0,3,0,0,0,0,0,0,0,0,5,0,0,0,0,0,0,0,0,0,0,0,0,0,0,0,0,0,0,0,0,0,0,0,0,0,0,0,0
Erststimme,10W222,"10",Marzahn-Hellersdorf,"222",W,2R,2,85,O,1128,804,324,0,382,2,374,8,66,94,8,83,88,5,6,19,0,0,3,0,0,0,0,0,0,0,0,2,0,0,0,0,0,0,0,0,0,0,0,0,0,0,0,0,0,0,0,0,0,0,0,0,0,0,0,0
Erststimme,10W223,"10",Marzahn-Hellersdorf,"223",W,2R,2,85,O,1122,941,181,0,319,0,311,8,55,74,7,67,87,8,4,7,0,0,2,0,0,0,0,0,0,0,0,0,0,0,0,0,0,0,0,0,0,0,0,0,0,0,0,0,0,0,0,0,0,0,0,0,0,0,0,0
Erststimme,10W224,"10",Marzahn-Hellersdorf,"224",W,2S,2,85,O,1072,855,217,0,360,2,353,7,73,87,8,51,102,5,7,14,0,0,0,0,0,0,0,0,0,0,0,6,0,0,0,0,0,0,0,0,0,0,0,0,0,0,0,0,0,0,0,0,0,0,0,0,0,0,0,0
Erststimme,10W225,"10",Marzahn-Hellersdorf,"225",W,2S,2,85,O,1195,895,300,0,421,0,414,7,83,102,15,89,86,12,7,12,0,0,2,0,0,0,0,0,0,0,0,6,0,0,0,0,0,0,0,0,0,0,0,0,0,0,0,0,0,0,0,0,0,0,0,0,0,0,0,0
Erststimme,10W226,"10",Marzahn-Hellersdorf,"226",W,2T,2,85,O,1169,917,252,0,357,3,354,3,58,71,15,60,115,9,6,12,0,0,1,0,0,0,0,0,0,0,0,7,0,0,0,0,0,0,0,0,0,0,0,0,0,0,0,0,0,0,0,0,0,0,0,0,0,0,0,0
Erststimme,10W227,"10",Marzahn-Hellersdorf,"227",W,2T,2,85,O,1141,828,313,0,275,1,269,6,52,80,12,46,49,9,6,9,0,0,1,0,0,0,0,0,0,0,0,5,0,0,0,0,0,0,0,0,0,0,0,0,0,0,0,0,0,0,0,0,0,0,0,0,0,0,0,0
Erststimme,10B2A,"10",Marzahn-Hellersdorf,2A,B,2A,2,85,O,0,0,0,0,489,489,483,5,84,116,26,109,85,16,13,27,0,0,3,0,0,0,0,0,0,0,0,4,0,0,0,0,0,0,0,0,0,0,0,0,0,0,0,0,0,0,0,0,0,0,0,0,0,0,0,0
Erststimme,10B2B,"10",Marzahn-Hellersdorf,2B,B,2B,2,85,O,0,0,0,0,552,552,544,5,111,155,16,132,70,16,9,31,0,0,0,0,0,0,0,0,0,0,0,4,0,0,0,0,0,0,0,0,0,0,0,0,0,0,0,0,0,0,0,0,0,0,0,0,0,0,0,0
Erststimme,10B2C,"10",Marzahn-Hellersdorf,2C,B,2C,2,85,O,0,0,0,0,214,214,211,3,51,45,7,46,37,10,1,10,0,0,3,0,0,0,0,0,0,0,0,1,0,0,0,0,0,0,0,0,0,0,0,0,0,0,0,0,0,0,0,0,0,0,0,0,0,0,0,0
Erststimme,10B2D,"10",Marzahn-Hellersdorf,2D,B,2D,2,85,O,0,0,0,0,517,517,514,2,101,147,23,120,62,9,14,34,0,0,0,0,0,0,0,0,0,0,0,4,0,0,0,0,0,0,0,0,0,0,0,0,0,0,0,0,0,0,0,0,0,0,0,0,0,0,0,0
Erststimme,10B2E,"10",Marzahn-Hellersdorf,2E,B,2E,2,85,O,0,0,0,0,311,311,309,1,68,88,11,62,49,6,6,12,0,0,1,0,0,0,0,0,0,0,0,6,0,0,0,0,0,0,0,0,0,0,0,0,0,0,0,0,0,0,0,0,0,0,0,0,0,0,0,0
Erststimme,10B2F,"10",Marzahn-Hellersdorf,2F,B,2F,2,85,O,0,0,0,0,304,304,304,0,64,85,10,59,49,6,5,22,0,0,1,0,0,0,0,0,0,0,0,3,0,0,0,0,0,0,0,0,0,0,0,0,0,0,0,0,0,0,0,0,0,0,0,0,0,0,0,0
Erststimme,10B2G,"10",Marzahn-Hellersdorf,2G,B,2G,2,85,O,0,0,0,0,327,327,324,1,80,96,10,78,41,6,3,8,0,0,0,0,0,0,0,0,0,0,0,2,0,0,0,0,0,0,0,0,0,0,0,0,0,0,0,0,0,0,0,0,0,0,0,0,0,0,0,0
Erststimme,10B2H,"10",Marzahn-Hellersdorf,2H,B,2H,2,85,O,0,0,0,0,491,491,485,6,110,145,18,107,54,8,12,22,0,0,1,0,0,0,0,0,0,0,0,8,0,0,0,0,0,0,0,0,0,0,0,0,0,0,0,0,0,0,0,0,0,0,0,0,0,0,0,0
Erststimme,10B2J,"10",Marzahn-Hellersdorf,2J,B,2J,2,85,O,0,0,0,0,263,263,260,3,39,70,17,73,45,4,4,8,0,0,0,0,0,0,0,0,0,0,0,0,0,0,0,0,0,0,0,0,0,0,0,0,0,0,0,0,0,0,0,0,0,0,0,0,0,0,0,0
Erststimme,10B2K,"10",Marzahn-Hellersdorf,2K,B,2K,2,85,O,0,0,0,0,404,404,396,7,81,78,18,105,72,8,6,22,0,0,1,0,0,0,0,0,0,0,0,5,0,0,0,0,0,0,0,0,0,0,0,0,0,0,0,0,0,0,0,0,0,0,0,0,0,0,0,0
Erststimme,10B2L,"10",Marzahn-Hellersdorf,2L,B,2L,2,85,O,0,0,0,0,487,487,482,5,112,160,18,91,61,19,6,12,0,0,1,0,0,0,0,0,0,0,0,2,0,0,0,0,0,0,0,0,0,0,0,0,0,0,0,0,0,0,0,0,0,0,0,0,0,0,0,0
Erststimme,10B2M,"10",Marzahn-Hellersdorf,2M,B,2M,2,85,O,0,0,0,0,275,275,273,0,53,78,12,60,41,13,5,8,0,0,0,0,0,0,0,0,0,0,0,3,0,0,0,0,0,0,0,0,0,0,0,0,0,0,0,0,0,0,0,0,0,0,0,0,0,0,0,0
Erststimme,10B2N,"10",Marzahn-Hellersdorf,2N,B,2N,2,85,O,0,0,0,0,333,333,329,4,49,95,18,79,37,14,5,22,0,0,7,0,0,0,0,0,0,0,0,3,0,0,0,0,0,0,0,0,0,0,0,0,0,0,0,0,0,0,0,0,0,0,0,0,0,0,0,0
Erststimme,10B2P,"10",Marzahn-Hellersdorf,2P,B,2P,2,85,O,0,0,0,0,263,263,263,0,69,65,18,57,23,10,6,11,0,0,1,0,0,0,0,0,0,0,0,3,0,0,0,0,0,0,0,0,0,0,0,0,0,0,0,0,0,0,0,0,0,0,0,0,0,0,0,0
Erststimme,10B2Q,"10",Marzahn-Hellersdorf,2Q,B,2Q,2,85,O,0,0,0,0,297,297,293,4,61,87,15,63,40,10,4,13,0,0,0,0,0,0,0,0,0,0,0,0,0,0,0,0,0,0,0,0,0,0,0,0,0,0,0,0,0,0,0,0,0,0,0,0,0,0,0,0
Erststimme,10B2R,"10",Marzahn-Hellersdorf,2R,B,2R,2,85,O,0,0,0,0,455,455,452,3,94,111,15,117,83,5,5,19,0,0,0,0,0,0,0,0,0,0,0,3,0,0,0,0,0,0,0,0,0,0,0,0,0,0,0,0,0,0,0,0,0,0,0,0,0,0,0,0
Erststimme,10B2S,"10",Marzahn-Hellersdorf,2S,B,2S,2,85,O,0,0,0,0,465,465,460,4,91,150,22,92,61,7,9,19,0,0,4,0,0,0,0,0,0,0,0,5,0,0,0,0,0,0,0,0,0,0,0,0,0,0,0,0,0,0,0,0,0,0,0,0,0,0,0,0
Erststimme,10B2T,"10",Marzahn-Hellersdorf,2T,B,2T,2,85,O,0,0,0,0,485,485,478,3,92,138,20,120,50,25,11,19,0,0,1,0,0,0,0,0,0,0,0,2,0,0,0,0,0,0,0,0,0,0,0,0,0,0,0,0,0,0,0,0,0,0,0,0,0,0,0,0
Erststimme,10W301,"10",Marzahn-Hellersdorf,"301",W,3A,3,85,O,1473,1267,206,0,376,2,368,8,55,72,9,55,130,9,8,28,0,0,1,0,0,0,0,0,0,0,0,1,0,0,0,0,0,0,0,0,0,0,0,0,0,0,0,0,0,0,0,0,0,0,0,0,0,0,0,0
Erststimme,10W302,"10",Marzahn-Hellersdorf,"302",W,3A,3,85,O,1434,1256,178,0,396,1,384,10,54,87,12,54,135,12,2,18,0,0,5,0,0,0,0,0,0,0,0,5,0,0,0,0,0,0,0,0,0,0,0,0,0,0,0,0,0,0,0,0,0,0,0,0,0,0,0,0
Erststimme,10W303,"10",Marzahn-Hellersdorf,"303",W,3B,3,85,O,1486,1292,194,0,379,0,375,3,41,70,12,51,155,10,10,21,0,0,0,0,0,0,0,0,0,0,0,5,0,0,0,0,0,0,0,0,0,0,0,0,0,0,0,0,0,0,0,0,0,0,0,0,0,0,0,0
Erststimme,10W304,"10",Marzahn-Hellersdorf,"304",W,3C,3,85,O,1235,1002,233,0,220,0,218,2,26,33,6,35,86,4,5,19,0,0,3,0,0,0,0,0,0,0,0,1,0,0,0,0,0,0,0,0,0,0,0,0,0,0,0,0,0,0,0,0,0,0,0,0,0,0,0,0
Erststimme,10W305,"10",Marzahn-Hellersdorf,"305",W,3C,3,85,O,1363,1139,224,0,317,0,313,4,41,54,10,67,102,9,3,19,0,0,2,0,0,0,0,0,0,0,0,6,0,0,0,0,0,0,0,0,0,0,0,0,0,0,0,0,0,0,0,0,0,0,0,0,0,0,0,0
Erststimme,10W306,"10",Marzahn-Hellersdorf,"306",W,3D,3,85,O,1144,965,179,0,264,1,262,2,42,51,8,44,79,12,11,14,0,0,1,0,0,0,0,0,0,0,0,0,0,0,0,0,0,0,0,0,0,0,0,0,0,0,0,0,0,0,0,0,0,0,0,0,0,0,0,0
Erststimme,10W307,"10",Marzahn-Hellersdorf,"307",W,3D,3,85,O,951,829,122,0,349,3,340,9,47,86,18,42,106,6,8,20,0,0,2,0,0,0,0,0,0,0,0,5,0,0,0,0,0,0,0,0,0,0,0,0,0,0,0,0,0,0,0,0,0,0,0,0,0,0,0,0
Erststimme,10W308,"10",Marzahn-Hellersdorf,"308",W,3E,3,85,O,1314,1069,245,0,390,0,386,4,51,80,15,46,122,13,19,29,0,0,6,0,0,0,0,0,0,0,0,5,0,0,0,0,0,0,0,0,0,0,0,0,0,0,0,0,0,0,0,0,0,0,0,0,0,0,0,0
Erststimme,10W309,"10",Marzahn-Hellersdorf,"309",W,3E,3,85,O,1358,1116,242,0,382,0,376,6,50,89,9,63,107,9,8,31,0,0,3,0,0,0,0,0,0,0,0,7,0,0,0,0,0,0,0,0,0,0,0,0,0,0,0,0,0,0,0,0,0,0,0,0,0,0,0,0
Erststimme,10W310,"10",Marzahn-Hellersdorf,"310",W,3F,3,85,O,1379,1139,240,0,432,0,431,1,42,115,26,59,142,12,9,14,0,0,3,0,0,0,0,0,0,0,0,9,0,0,0,0,0,0,0,0,0,0,0,0,0,0,0,0,0,0,0,0,0,0,0,0,0,0,0,0
Erststimme,10W311,"10",Marzahn-Hellersdorf,"311",W,3F,3,85,O,1300,1083,217,0,405,0,403,2,66,84,22,64,112,17,7,24,0,0,3,0,0,0,0,0,0,0,0,4,0,0,0,0,0,0,0,0,0,0,0,0,0,0,0,0,0,0,0,0,0,0,0,0,0,0,0,0
Erststimme,10W312,"10",Marzahn-Hellersdorf,"312",W,3B,3,85,O,1051,896,155,0,259,1,254,5,32,61,8,44,77,7,4,16,0,0,2,0,0,0,0,0,0,0,0,3,0,0,0,0,0,0,0,0,0,0,0,0,0,0,0,0,0,0,0,0,0,0,0,0,0,0,0,0
Erststimme,10W313,"10",Marzahn-Hellersdorf,"313",W,3G,3,85,O,1117,907,210,0,347,2,342,5,48,95,5,42,105,6,11,22,0,0,4,0,0,0,0,0,0,0,0,4,0,0,0,0,0,0,0,0,0,0,0,0,0,0,0,0,0,0,0,0,0,0,0,0,0,0,0,0
Erststimme,10W314,"10",Marzahn-Hellersdorf,"314",W,3G,3,85,O,984,856,128,0,277,0,270,7,40,57,8,51,79,7,5,15,0,0,2,0,0,0,0,0,0,0,0,6,0,0,0,0,0,0,0,0,0,0,0,0,0,0,0,0,0,0,0,0,0,0,0,0,0,0,0,0
Erststimme,10W315,"10",Marzahn-Hellersdorf,"315",W,3H,3,85,O,1213,965,248,0,369,1,368,1,53,84,13,49,121,16,3,20,0,0,4,0,0,0,0,0,0,0,0,5,0,0,0,0,0,0,0,0,0,0,0,0,0,0,0,0,0,0,0,0,0,0,0,0,0,0,0,0
Erststimme,10W316,"10",Marzahn-Hellersdorf,"316",W,3H,3,85,O,1249,1045,204,0,394,0,390,4,53,80,10,61,137,11,4,25,0,0,4,0,0,0,0,0,0,0,0,5,0,0,0,0,0,0,0,0,0,0,0,0,0,0,0,0,0,0,0,0,0,0,0,0,0,0,0,0
Erststimme,10W317,"10",Marzahn-Hellersdorf,"317",W,3J,3,85,O,1219,1009,210,0,337,0,331,6,51,73,11,59,99,8,7,16,0,0,4,0,0,0,0,0,0,0,0,3,0,0,0,0,0,0,0,0,0,0,0,0,0,0,0,0,0,0,0,0,0,0,0,0,0,0,0,0
Erststimme,10W318,"10",Marzahn-Hellersdorf,"318",W,3J,3,85,O,1179,982,197,0,369,3,366,3,49,89,17,69,115,4,6,12,0,0,1,0,0,0,0,0,0,0,0,4,0,0,0,0,0,0,0,0,0,0,0,0,0,0,0,0,0,0,0,0,0,0,0,0,0,0,0,0
Erststimme,10W319,"10",Marzahn-Hellersdorf,"319",W,3K,3,85,O,1072,888,184,0,280,1,273,7,50,55,9,49,83,3,4,12,0,0,2,0,0,0,0,0,0,0,0,6,0,0,0,0,0,0,0,0,0,0,0,0,0,0,0,0,0,0,0,0,0,0,0,0,0,0,0,0
Erststimme,10W320,"10",Marzahn-Hellersdorf,"320",W,3L,3,85,O,1087,885,202,0,341,1,335,6,50,89,11,54,96,7,4,17,0,0,2,0,0,0,0,0,0,0,0,5,0,0,0,0,0,0,0,0,0,0,0,0,0,0,0,0,0,0,0,0,0,0,0,0,0,0,0,0
Erststimme,10W321,"10",Marzahn-Hellersdorf,"321",W,3L,3,85,O,1383,988,395,0,400,3,391,9,56,109,11,54,105,18,9,18,0,0,4,0,0,0,0,0,0,0,0,7,0,0,0,0,0,0,0,0,0,0,0,0,0,0,0,0,0,0,0,0,0,0,0,0,0,0,0,0
Erststimme,10W322,"10",Marzahn-Hellersdorf,"322",W,3M,3,85,O,1346,979,367,0,415,0,409,6,57,112,16,54,113,12,5,33,0,0,3,0,0,0,0,0,0,0,0,4,0,0,0,0,0,0,0,0,0,0,0,0,0,0,0,0,0,0,0,0,0,0,0,0,0,0,0,0
Erststimme,10W323,"10",Marzahn-Hellersdorf,"323",W,3M,3,85,O,1169,894,275,0,317,2,314,3,64,77,13,38,93,8,2,11,0,0,2,0,0,0,0,0,0,0,0,6,0,0,0,0,0,0,0,0,0,0,0,0,0,0,0,0,0,0,0,0,0,0,0,0,0,0,0,0
Erststimme,10W324,"10",Marzahn-Hellersdorf,"324",W,3N,3,85,O,1347,1010,337,0,399,3,390,9,56,103,6,66,117,16,8,16,0,0,1,0,0,0,0,0,0,0,0,1,0,0,0,0,0,0,0,0,0,0,0,0,0,0,0,0,0,0,0,0,0,0,0,0,0,0,0,0
Erststimme,10W325,"10",Marzahn-Hellersdorf,"325",W,3N,3,85,O,1089,864,225,0,347,3,340,6,59,79,7,57,88,11,6,26,0,0,4,0,0,0,0,0,0,0,0,3,0,0,0,0,0,0,0,0,0,0,0,0,0,0,0,0,0,0,0,0,0,0,0,0,0,0,0,0
Erststimme,10W326,"10",Marzahn-Hellersdorf,"326",W,3P,3,85,O,1201,881,320,0,481,5,466,15,73,160,20,81,84,13,5,24,0,0,2,0,0,0,0,0,0,0,0,4,0,0,0,0,0,0,0,0,0,0,0,0,0,0,0,0,0,0,0,0,0,0,0,0,0,0,0,0
Erststimme,10W327,"10",Marzahn-Hellersdorf,"327",W,3P,3,85,O,1165,854,311,0,430,5,422,8,62,126,14,88,84,17,11,13,0,0,2,0,0,0,0,0,0,0,0,5,0,0,0,0,0,0,0,0,0,0,0,0,0,0,0,0,0,0,0,0,0,0,0,0,0,0,0,0
Erststimme,10B3A,"10",Marzahn-Hellersdorf,3A,B,3A,3,85,O,0,0,0,0,328,328,323,5,53,87,14,60,64,10,5,23,0,0,3,0,0,0,0,0,0,0,0,4,0,0,0,0,0,0,0,0,0,0,0,0,0,0,0,0,0,0,0,0,0,0,0,0,0,0,0,0
Erststimme,10B3B,"10",Marzahn-Hellersdorf,3B,B,3B,3,85,O,0,0,0,0,284,284,280,4,38,60,17,51,65,10,7,25,0,0,2,0,0,0,0,0,0,0,0,5,0,0,0,0,0,0,0,0,0,0,0,0,0,0,0,0,0,0,0,0,0,0,0,0,0,0,0,0
Erststimme,10B3C,"10",Marzahn-Hellersdorf,3C,B,3C,3,85,O,0,0,0,0,383,383,375,8,76,69,13,67,73,11,14,45,0,0,1,0,0,0,0,0,0,0,0,6,0,0,0,0,0,0,0,0,0,0,0,0,0,0,0,0,0,0,0,0,0,0,0,0,0,0,0,0
Erststimme,10B3D,"10",Marzahn-Hellersdorf,3D,B,3D,3,85,O,0,0,0,0,253,253,251,2,39,60,15,43,59,4,6,22,0,0,0,0,0,0,0,0,0,0,0,3,0,0,0,0,0,0,0,0,0,0,0,0,0,0,0,0,0,0,0,0,0,0,0,0,0,0,0,0
Erststimme,10B3E,"10",Marzahn-Hellersdorf,3E,B,3E,3,85,O,0,0,0,0,441,441,438,3,71,117,23,74,87,17,11,29,0,0,4,0,0,0,0,0,0,0,0,5,0,0,0,0,0,0,0,0,0,0,0,0,0,0,0,0,0,0,0,0,0,0,0,0,0,0,0,0
Erststimme,10B3F,"10",Marzahn-Hellersdorf,3F,B,3F,3,85,O,0,0,0,0,391,391,387,3,61,111,27,72,69,8,12,24,0,0,1,0,0,0,0,0,0,0,0,2,0,0,0,0,0,0,0,0,0,0,0,0,0,0,0,0,0,0,0,0,0,0,0,0,0,0,0,0
Erststimme,10B3G,"10",Marzahn-Hellersdorf,3G,B,3G,3,85,O,0,0,0,0,300,300,294,6,48,75,12,63,53,4,8,20,0,0,3,0,0,0,0,0,0,0,0,8,0,0,0,0,0,0,0,0,0,0,0,0,0,0,0,0,0,0,0,0,0,0,0,0,0,0,0,0
Erststimme,10B3H,"10",Marzahn-Hellersdorf,3H,B,3H,3,85,O,0,0,0,0,413,413,407,4,64,100,17,81,90,14,7,25,0,0,3,0,0,0,0,0,0,0,0,6,0,0,0,0,0,0,0,0,0,0,0,0,0,0,0,0,0,0,0,0,0,0,0,0,0,0,0,0
Erststimme,10B3J,"10",Marzahn-Hellersdorf,3J,B,3J,3,85,O,0,0,0,0,347,347,341,3,67,63,24,93,58,8,5,19,0,0,2,0,0,0,0,0,0,0,0,2,0,0,0,0,0,0,0,0,0,0,0,0,0,0,0,0,0,0,0,0,0,0,0,0,0,0,0,0
Erststimme,10B3K,"10",Marzahn-Hellersdorf,3K,B,3K,3,85,O,0,0,0,0,188,188,187,0,31,47,15,49,30,3,1,8,0,0,1,0,0,0,0,0,0,0,0,2,0,0,0,0,0,0,0,0,0,0,0,0,0,0,0,0,0,0,0,0,0,0,0,0,0,0,0,0
Erststimme,10B3L,"10",Marzahn-Hellersdorf,3L,B,3L,3,85,O,0,0,0,0,522,522,511,10,110,130,18,91,94,7,10,40,0,0,4,0,0,0,0,0,0,0,0,7,0,0,0,0,0,0,0,0,0,0,0,0,0,0,0,0,0,0,0,0,0,0,0,0,0,0,0,0
Erststimme,10B3M,"10",Marzahn-Hellersdorf,3M,B,3M,3,85,O,0,0,0,0,567,567,556,11,99,160,24,116,108,10,3,27,0,0,2,0,0,0,0,0,0,0,0,7,0,0,0,0,0,0,0,0,0,0,0,0,0,0,0,0,0,0,0,0,0,0,0,0,0,0,0,0
Erststimme,10B3N,"10",Marzahn-Hellersdorf,3N,B,3N,3,85,O,0,0,0,0,509,509,504,4,101,140,16,86,86,18,18,28,0,0,3,0,0,0,0,0,0,0,0,8,0,0,0,0,0,0,0,0,0,0,0,0,0,0,0,0,0,0,0,0,0,0,0,0,0,0,0,0
Erststimme,10B3P,"10",Marzahn-Hellersdorf,3P,B,3P,3,85,O,0,0,0,0,560,560,552,7,92,203,32,110,57,21,10,16,0,0,3,0,0,0,0,0,0,0,0,8,0,0,0,0,0,0,0,0,0,0,0,0,0,0,0,0,0,0,0,0,0,0,0,0,0,0,0,0
Erststimme,10W401,"10",Marzahn-Hellersdorf,"401",W,4A,4,85,O,1193,945,248,0,410,3,399,11,56,134,15,75,84,6,4,20,0,0,0,0,0,0,0,0,0,0,0,5,0,0,0,0,0,0,0,0,0,0,0,0,0,0,0,0,0,0,0,0,0,0,0,0,0,0,0,0
Erststimme,10W402,"10",Marzahn-Hellersdorf,"402",W,4B,4,85,O,1179,873,306,0,296,5,288,8,32,93,17,53,69,5,5,11,0,0,0,0,0,0,0,0,0,0,0,3,0,0,0,0,0,0,0,0,0,0,0,0,0,0,0,0,0,0,0,0,0,0,0,0,0,0,0,0
Erststimme,10W403,"10",Marzahn-Hellersdorf,"403",W,4B,4,85,O,1183,909,274,0,433,0,430,3,58,135,10,87,97,6,10,25,0,0,0,0,0,0,0,0,0,0,0,2,0,0,0,0,0,0,0,0,0,0,0,0,0,0,0,0,0,0,0,0,0,0,0,0,0,0,0,0
Erststimme,10W404,"10",Marzahn-Hellersdorf,"404",W,4C,4,85,O,1134,884,250,0,371,2,366,5,37,93,11,78,106,9,11,16,0,0,0,0,0,0,0,0,0,0,0,5,0,0,0,0,0,0,0,0,0,0,0,0,0,0,0,0,0,0,0,0,0,0,0,0,0,0,0,0
Erststimme,10W405,"10",Marzahn-Hellersdorf,"405",W,4D,4,85,O,1176,950,226,0,414,4,410,4,55,113,19,95,89,9,11,18,0,0,0,0,0,0,0,0,0,0,0,1,0,0,0,0,0,0,0,0,0,0,0,0,0,0,0,0,0,0,0,0,0,0,0,0,0,0,0,0
Erststimme,10W406,"10",Marzahn-Hellersdorf,"406",W,4E,4,85,O,1343,1037,306,0,443,1,439,4,74,110,27,108,82,11,12,9,0,0,0,0,0,0,0,0,0,0,0,6,0,0,0,0,0,0,0,0,0,0,0,0,0,0,0,0,0,0,0,0,0,0,0,0,0,0,0,0
Erststimme,10W407,"10",Marzahn-Hellersdorf,"407",W,4F,4,85,O,737,509,228,0,271,0,268,3,21,131,21,37,38,5,6,7,0,0,0,0,0,0,0,0,0,0,0,2,0,0,0,0,0,0,0,0,0,0,0,0,0,0,0,0,0,0,0,0,0,0,0,0,0,0,0,0
Erststimme,10W408,"10",Marzahn-Hellersdorf,"408",W,4F,4,85,O,732,472,260,0,251,4,249,2,33,110,16,25,46,9,1,6,0,0,0,0,0,0,0,0,0,0,0,3,0,0,0,0,0,0,0,0,0,0,0,0,0,0,0,0,0,0,0,0,0,0,0,0,0,0,0,0
Erststimme,10W409,"10",Marzahn-Hellersdorf,"409",W,4G,4,85,O,1287,936,351,0,380,2,374,6,57,116,11,84,70,11,6,14,0,0,0,0,0,0,0,0,0,0,0,5,0,0,0,0,0,0,0,0,0,0,0,0,0,0,0,0,0,0,0,0,0,0,0,0,0,0,0,0
Erststimme,10W410,"10",Marzahn-Hellersdorf,"410",W,4H,4,85,O,1195,902,293,0,345,4,337,8,43,74,22,79,80,5,13,14,0,0,0,0,0,0,0,0,0,0,0,7,0,0,0,0,0,0,0,0,0,0,0,0,0,0,0,0,0,0,0,0,0,0,0,0,0,0,0,0
Erststimme,10W411,"10",Marzahn-Hellersdorf,"411",W,4H,4,85,O,1109,845,264,0,448,2,438,10,62,121,33,83,101,8,4,22,0,0,0,0,0,0,0,0,0,0,0,4,0,0,0,0,0,0,0,0,0,0,0,0,0,0,0,0,0,0,0,0,0,0,0,0,0,0,0,0
Erststimme,10W412,"10",Marzahn-Hellersdorf,"412",W,4J,4,85,O,1220,800,420,0,455,6,453,2,63,185,18,62,97,7,4,13,0,0,0,0,0,0,0,0,0,0,0,4,0,0,0,0,0,0,0,0,0,0,0,0,0,0,0,0,0,0,0,0,0,0,0,0,0,0,0,0
Erststimme,10W413,"10",Marzahn-Hellersdorf,"413",W,4K,4,85,O,1236,690,546,0,446,3,446,0,48,201,23,60,77,18,7,7,0,0,0,0,0,0,0,0,0,0,0,5,0,0,0,0,0,0,0,0,0,0,0,0,0,0,0,0,0,0,0,0,0,0,0,0,0,0,0,0
Erststimme,10W414,"10",Marzahn-Hellersdorf,"414",W,4L,4,85,O,1068,687,381,0,409,6,407,2,48,168,23,73,71,9,7,4,0,0,0,0,0,0,0,0,0,0,0,4,0,0,0,0,0,0,0,0,0,0,0,0,0,0,0,0,0,0,0,0,0,0,0,0,0,0,0,0
Erststimme,10W415,"10",Marzahn-Hellersdorf,"415",W,4M,4,85,O,1086,865,221,0,265,2,261,1,36,62,18,39,79,3,8,12,0,0,0,0,0,0,0,0,0,0,0,4,0,0,0,0,0,0,0,0,0,0,0,0,0,0,0,0,0,0,0,0,0,0,0,0,0,0,0,0
Erststimme,10W416,"10",Marzahn-Hellersdorf,"416",W,4M,4,85,O,1235,860,375,0,552,5,548,4,55,266,24,55,98,11,7,19,0,0,0,0,0,0,0,0,0,0,0,13,0,0,0,0,0,0,0,0,0,0,0,0,0,0,0,0,0,0,0,0,0,0,0,0,0,0,0,0
Erststimme,10W417,"10",Marzahn-Hellersdorf,"417",W,4N,4,85,O,1138,853,285,0,364,4,353,11,60,103,22,45,79,14,7,21,0,0,0,0,0,0,0,0,0,0,0,2,0,0,0,0,0,0,0,0,0,0,0,0,0,0,0,0,0,0,0,0,0,0,0,0,0,0,0,0
Erststimme,10W418,"10",Marzahn-Hellersdorf,"418",W,4N,4,85,O,1216,927,289,0,314,0,312,2,38,80,18,58,69,5,12,26,0,0,0,0,0,0,0,0,0,0,0,6,0,0,0,0,0,0,0,0,0,0,0,0,0,0,0,0,0,0,0,0,0,0,0,0,0,0,0,0
Erststimme,10W419,"10",Marzahn-Hellersdorf,"419",W,4P,4,85,O,1233,715,518,0,380,4,378,2,46,161,33,50,58,13,6,9,0,0,0,0,0,0,0,0,0,0,0,2,0,0,0,0,0,0,0,0,0,0,0,0,0,0,0,0,0,0,0,0,0,0,0,0,0,0,0,0
Erststimme,10W420,"10",Marzahn-Hellersdorf,"420",W,4Q,4,85,O,1323,783,540,0,501,3,501,0,51,219,28,76,88,9,4,24,0,0,0,0,0,0,0,0,0,0,0,2,0,0,0,0,0,0,0,0,0,0,0,0,0,0,0,0,0,0,0,0,0,0,0,0,0,0,0,0
Erststimme,10W421,"10",Marzahn-Hellersdorf,"421",W,4R,4,85,O,1352,863,489,0,579,11,575,4,86,244,44,69,80,20,7,17,0,0,0,0,0,0,0,0,0,0,0,8,0,0,0,0,0,0,0,0,0,0,0,0,0,0,0,0,0,0,0,0,0,0,0,0,0,0,0,0
Erststimme,10W422,"10",Marzahn-Hellersdorf,"422",W,4S,4,85,O,821,632,189,0,253,8,249,4,32,72,56,26,30,13,9,8,0,0,0,0,0,0,0,0,0,0,0,3,0,0,0,0,0,0,0,0,0,0,0,0,0,0,0,0,0,0,0,0,0,0,0,0,0,0,0,0
Erststimme,10W423,"10",Marzahn-Hellersdorf,"423",W,4T,4,85,O,1034,664,370,0,378,6,375,3,38,164,29,44,83,8,0,7,0,0,0,0,0,0,0,0,0,0,0,2,0,0,0,0,0,0,0,0,0,0,0,0,0,0,0,0,0,0,0,0,0,0,0,0,0,0,0,0
Erststimme,10W424,"10",Marzahn-Hellersdorf,"424",W,4T,4,85,O,737,478,259,0,348,10,345,2,28,161,49,46,32,8,10,9,0,0,0,0,0,0,0,0,0,0,0,2,0,0,0,0,0,0,0,0,0,0,0,0,0,0,0,0,0,0,0,0,0,0,0,0,0,0,0,0
Erststimme,10W425,"10",Marzahn-Hellersdorf,"425",W,4V,4,85,O,1160,684,476,0,407,4,406,1,41,215,45,32,47,12,1,12,0,0,0,0,0,0,0,0,0,0,0,1,0,0,0,0,0,0,0,0,0,0,0,0,0,0,0,0,0,0,0,0,0,0,0,0,0,0,0,0
Erststimme,10W426,"10",Marzahn-Hellersdorf,"426",W,4W,4,85,O,1072,642,430,0,512,6,509,3,56,281,39,53,55,9,5,9,0,0,0,0,0,0,0,0,0,0,0,2,0,0,0,0,0,0,0,0,0,0,0,0,0,0,0,0,0,0,0,0,0,0,0,0,0,0,0,0
Erststimme,10W427,"10",Marzahn-Hellersdorf,"427",W,4X,4,85,O,1133,648,485,0,457,9,455,2,55,220,43,49,54,12,12,9,0,0,0,0,0,0,0,0,0,0,0,1,0,0,0,0,0,0,0,0,0,0,0,0,0,0,0,0,0,0,0,0,0,0,0,0,0,0,0,0
Erststimme,10W428,"10",Marzahn-Hellersdorf,"428",W,4Y,4,85,O,1049,608,441,0,418,3,415,3,48,192,47,54,45,8,3,15,0,0,0,0,0,0,0,0,0,0,0,3,0,0,0,0,0,0,0,0,0,0,0,0,0,0,0,0,0,0,0,0,0,0,0,0,0,0,0,0
Erststimme,10W429,"10",Marzahn-Hellersdorf,"429",W,4ZA,4,85,O,1104,679,425,0,449,1,449,0,49,215,37,44,61,18,9,12,0,0,0,0,0,0,0,0,0,0,0,4,0,0,0,0,0,0,0,0,0,0,0,0,0,0,0,0,0,0,0,0,0,0,0,0,0,0,0,0
Erststimme,10W430,"10",Marzahn-Hellersdorf,"430",W,4ZB,4,85,O,1039,661,378,0,442,2,442,0,37,224,26,45,73,12,6,16,0,0,0,0,0,0,0,0,0,0,0,3,0,0,0,0,0,0,0,0,0,0,0,0,0,0,0,0,0,0,0,0,0,0,0,0,0,0,0,0
Erststimme,10W431,"10",Marzahn-Hellersdorf,"431",W,4ZC,4,85,O,1178,785,393,0,466,0,461,5,62,227,27,56,50,16,6,14,0,0,0,0,0,0,0,0,0,0,0,3,0,0,0,0,0,0,0,0,0,0,0,0,0,0,0,0,0,0,0,0,0,0,0,0,0,0,0,0
Erststimme,10B4A,"10",Marzahn-Hellersdorf,4A,B,4A,4,85,O,0,0,0,0,238,238,234,3,31,73,16,62,25,4,4,16,0,0,0,0,0,0,0,0,0,0,0,3,0,0,0,0,0,0,0,0,0,0,0,0,0,0,0,0,0,0,0,0,0,0,0,0,0,0,0,0
Erststimme,10B4B,"10",Marzahn-Hellersdorf,4B,B,4B,4,85,O,0,0,0,0,517,517,508,9,70,172,16,101,85,5,12,42,0,0,0,0,0,0,0,0,0,0,0,5,0,0,0,0,0,0,0,0,0,0,0,0,0,0,0,0,0,0,0,0,0,0,0,0,0,0,0,0
Erststimme,10B4C,"10",Marzahn-Hellersdorf,4C,B,4C,4,85,O,0,0,0,0,233,233,233,0,42,72,9,57,26,8,4,15,0,0,0,0,0,0,0,0,0,0,0,0,0,0,0,0,0,0,0,0,0,0,0,0,0,0,0,0,0,0,0,0,0,0,0,0,0,0,0,0
Erststimme,10B4D,"10",Marzahn-Hellersdorf,4D,B,4D,4,85,O,0,0,0,0,189,189,185,4,28,66,17,39,14,1,5,11,0,0,0,0,0,0,0,0,0,0,0,4,0,0,0,0,0,0,0,0,0,0,0,0,0,0,0,0,0,0,0,0,0,0,0,0,0,0,0,0
Erststimme,10B4E,"10",Marzahn-Hellersdorf,4E,B,4E,4,85,O,0,0,0,0,278,278,274,3,40,100,18,57,34,5,7,11,0,0,0,0,0,0,0,0,0,0,0,2,0,0,0,0,0,0,0,0,0,0,0,0,0,0,0,0,0,0,0,0,0,0,0,0,0,0,0,0
Erststimme,10B4F,"10",Marzahn-Hellersdorf,4F,B,4F,4,85,O,0,0,0,0,444,444,423,21,51,223,12,49,46,12,8,18,0,0,0,0,0,0,0,0,0,0,0,4,0,0,0,0,0,0,0,0,0,0,0,0,0,0,0,0,0,0,0,0,0,0,0,0,0,0,0,0
Erststimme,10B4G,"10",Marzahn-Hellersdorf,4G,B,4G,4,85,O,0,0,0,0,319,319,318,1,51,113,15,76,35,7,6,15,0,0,0,0,0,0,0,0,0,0,0,0,0,0,0,0,0,0,0,0,0,0,0,0,0,0,0,0,0,0,0,0,0,0,0,0,0,0,0,0
Erststimme,10B4H,"10",Marzahn-Hellersdorf,4H,B,4H,4,85,O,0,0,0,0,492,492,487,5,94,164,30,109,50,11,10,10,0,0,0,0,0,0,0,0,0,0,0,9,0,0,0,0,0,0,0,0,0,0,0,0,0,0,0,0,0,0,0,0,0,0,0,0,0,0,0,0
Erststimme,10B4J,"10",Marzahn-Hellersdorf,4J,B,4J,4,85,O,0,0,0,0,381,381,379,2,44,199,23,50,37,9,3,11,0,0,0,0,0,0,0,0,0,0,0,3,0,0,0,0,0,0,0,0,0,0,0,0,0,0,0,0,0,0,0,0,0,0,0,0,0,0,0,0
Erststimme,10B4K,"10",Marzahn-Hellersdorf,4K,B,4K,4,85,O,0,0,0,0,509,509,507,2,62,255,48,71,44,5,8,10,0,0,0,0,0,0,0,0,0,0,0,4,0,0,0,0,0,0,0,0,0,0,0,0,0,0,0,0,0,0,0,0,0,0,0,0,0,0,0,0
Erststimme,10B4L,"10",Marzahn-Hellersdorf,4L,B,4L,4,85,O,0,0,0,0,352,352,347,5,51,156,22,54,41,8,5,9,0,0,0,0,0,0,0,0,0,0,0,1,0,0,0,0,0,0,0,0,0,0,0,0,0,0,0,0,0,0,0,0,0,0,0,0,0,0,0,0
Erststimme,10B4M,"10",Marzahn-Hellersdorf,4M,B,4M,4,85,O,0,0,0,0,538,538,537,1,65,242,28,86,64,13,9,22,0,0,0,0,0,0,0,0,0,0,0,8,0,0,0,0,0,0,0,0,0,0,0,0,0,0,0,0,0,0,0,0,0,0,0,0,0,0,0,0
Erststimme,10B4N,"10",Marzahn-Hellersdorf,4N,B,4N,4,85,O,0,0,0,0,515,515,501,12,66,214,26,79,62,13,9,26,0,0,0,0,0,0,0,0,0,0,0,6,0,0,0,0,0,0,0,0,0,0,0,0,0,0,0,0,0,0,0,0,0,0,0,0,0,0,0,0
Erststimme,10B4P,"10",Marzahn-Hellersdorf,4P,B,4P,4,85,O,0,0,0,0,461,461,457,4,62,238,34,59,34,9,3,12,0,0,0,0,0,0,0,0,0,0,0,6,0,0,0,0,0,0,0,0,0,0,0,0,0,0,0,0,0,0,0,0,0,0,0,0,0,0,0,0
Erststimme,10B4Q,"10",Marzahn-Hellersdorf,4Q,B,4Q,4,85,O,0,0,0,0,495,495,490,5,68,255,42,61,35,12,4,9,0,0,0,0,0,0,0,0,0,0,0,4,0,0,0,0,0,0,0,0,0,0,0,0,0,0,0,0,0,0,0,0,0,0,0,0,0,0,0,0
Erststimme,10B4R,"10",Marzahn-Hellersdorf,4R,B,4R,4,85,O,0,0,0,0,450,450,447,3,52,226,30,58,42,10,4,23,0,0,0,0,0,0,0,0,0,0,0,2,0,0,0,0,0,0,0,0,0,0,0,0,0,0,0,0,0,0,0,0,0,0,0,0,0,0,0,0
Erststimme,10B4S,"10",Marzahn-Hellersdorf,4S,B,4S,4,85,O,0,0,0,0,150,150,149,1,25,44,29,23,9,6,1,11,0,0,0,0,0,0,0,0,0,0,0,1,0,0,0,0,0,0,0,0,0,0,0,0,0,0,0,0,0,0,0,0,0,0,0,0,0,0,0,0
Erststimme,10B4T,"10",Marzahn-Hellersdorf,4T,B,4T,4,85,O,0,0,0,0,564,564,545,19,60,289,74,49,42,14,5,8,0,0,0,0,0,0,0,0,0,0,0,4,0,0,0,0,0,0,0,0,0,0,0,0,0,0,0,0,0,0,0,0,0,0,0,0,0,0,0,0
Erststimme,10B4V,"10",Marzahn-Hellersdorf,4V,B,4V,4,85,O,0,0,0,0,448,448,444,4,55,237,57,49,26,8,2,8,0,0,0,0,0,0,0,0,0,0,0,2,0,0,0,0,0,0,0,0,0,0,0,0,0,0,0,0,0,0,0,0,0,0,0,0,0,0,0,0
Erststimme,10B4W,"10",Marzahn-Hellersdorf,4W,B,4W,4,85,O,0,0,0,0,397,397,396,1,30,251,33,44,24,7,3,4,0,0,0,0,0,0,0,0,0,0,0,0,0,0,0,0,0,0,0,0,0,0,0,0,0,0,0,0,0,0,0,0,0,0,0,0,0,0,0,0
Erststimme,10B4X,"10",Marzahn-Hellersdorf,4X,B,4X,4,85,O,0,0,0,0,450,450,444,0,54,249,27,57,34,5,5,7,0,0,0,0,0,0,0,0,0,0,0,6,0,0,0,0,0,0,0,0,0,0,0,0,0,0,0,0,0,0,0,0,0,0,0,0,0,0,0,0
Erststimme,10B4Y,"10",Marzahn-Hellersdorf,4Y,B,4Y,4,85,O,0,0,0,0,393,393,392,1,61,184,35,51,33,4,3,14,0,0,0,0,0,0,0,0,0,0,0,7,0,0,0,0,0,0,0,0,0,0,0,0,0,0,0,0,0,0,0,0,0,0,0,0,0,0,0,0
Erststimme,10B4ZA,"10",Marzahn-Hellersdorf,4ZA,B,4ZA,4,85,O,0,0,0,0,396,396,393,2,56,205,45,33,27,4,6,17,0,0,0,0,0,0,0,0,0,0,0,0,0,0,0,0,0,0,0,0,0,0,0,0,0,0,0,0,0,0,0,0,0,0,0,0,0,0,0,0
Erststimme,10B4ZB,"10",Marzahn-Hellersdorf,4ZB,B,4ZB,4,85,O,0,0,0,0,347,347,347,0,39,186,23,44,40,2,5,6,0,0,0,0,0,0,0,0,0,0,0,2,0,0,0,0,0,0,0,0,0,0,0,0,0,0,0,0,0,0,0,0,0,0,0,0,0,0,0,0
Erststimme,10B4ZC,"10",Marzahn-Hellersdorf,4ZC,B,4ZC,4,85,O,0,0,0,0,359,359,357,2,52,191,22,56,19,7,1,8,0,0,0,0,0,0,0,0,0,0,0,1,0,0,0,0,0,0,0,0,0,0,0,0,0,0,0,0,0,0,0,0,0,0,0,0,0,0,0,0
Erststimme,10W501,"10",Marzahn-Hellersdorf,"501",W,5A,5,85,O,1191,702,489,0,463,10,459,4,67,203,22,53,73,16,1,16,0,0,0,0,0,0,0,0,0,0,0,8,0,0,0,0,0,0,0,0,0,0,0,0,0,0,0,0,0,0,0,0,0,0,0,0,0,0,0,0
Erststimme,10W502,"10",Marzahn-Hellersdorf,"502",W,5B,5,85,O,1215,716,499,0,429,1,427,2,55,181,23,52,77,12,9,13,0,0,0,0,0,0,0,0,0,0,0,5,0,0,0,0,0,0,0,0,0,0,0,0,0,0,0,0,0,0,0,0,0,0,0,0,0,0,0,0
Erststimme,10W503,"10",Marzahn-Hellersdorf,"503",W,5C,5,85,O,1215,628,587,0,365,1,363,1,41,157,28,38,71,9,3,12,0,0,0,0,0,0,0,0,0,0,0,4,0,0,0,0,0,0,0,0,0,0,0,0,0,0,0,0,0,0,0,0,0,0,0,0,0,0,0,0
Erststimme,10W504,"10",Marzahn-Hellersdorf,"504",W,5D,5,85,O,1223,644,579,0,431,3,422,9,72,180,27,45,70,9,5,13,0,0,0,0,0,0,0,0,0,0,0,1,0,0,0,0,0,0,0,0,0,0,0,0,0,0,0,0,0,0,0,0,0,0,0,0,0,0,0,0
Erststimme,10W505,"10",Marzahn-Hellersdorf,"505",W,5E,5,85,O,1174,685,489,0,485,3,480,4,76,238,25,28,79,10,4,10,0,0,0,0,0,0,0,0,0,0,0,10,0,0,0,0,0,0,0,0,0,0,0,0,0,0,0,0,0,0,0,0,0,0,0,0,0,0,0,0
Erststimme,10W506,"10",Marzahn-Hellersdorf,"506",W,5F,5,85,O,1214,778,436,0,532,1,530,2,90,235,34,43,80,13,10,20,0,0,0,0,0,0,0,0,0,0,0,5,0,0,0,0,0,0,0,0,0,0,0,0,0,0,0,0,0,0,0,0,0,0,0,0,0,0,0,0
Erststimme,10W507,"10",Marzahn-Hellersdorf,"507",W,5G,5,85,O,1305,753,552,0,432,6,428,4,63,144,39,65,76,13,10,13,0,0,0,0,0,0,0,0,0,0,0,5,0,0,0,0,0,0,0,0,0,0,0,0,0,0,0,0,0,0,0,0,0,0,0,0,0,0,0,0
Erststimme,10W508,"10",Marzahn-Hellersdorf,"508",W,5H,5,85,O,1032,640,392,0,409,8,404,5,69,135,53,55,62,12,14,3,0,0,0,0,0,0,0,0,0,0,0,1,0,0,0,0,0,0,0,0,0,0,0,0,0,0,0,0,0,0,0,0,0,0,0,0,0,0,0,0
Erststimme,10W509,"10",Marzahn-Hellersdorf,"509",W,5J,5,85,O,1181,794,387,0,388,1,382,6,54,154,29,49,54,14,4,16,0,0,0,0,0,0,0,0,0,0,0,8,0,0,0,0,0,0,0,0,0,0,0,0,0,0,0,0,0,0,0,0,0,0,0,0,0,0,0,0
Erststimme,10W510,"10",Marzahn-Hellersdorf,"510",W,5K,5,85,O,991,552,439,0,343,3,342,1,56,122,20,54,50,15,9,15,0,0,0,0,0,0,0,0,0,0,0,1,0,0,0,0,0,0,0,0,0,0,0,0,0,0,0,0,0,0,0,0,0,0,0,0,0,0,0,0
Erststimme,10W511,"10",Marzahn-Hellersdorf,"511",W,5L,5,85,O,1141,705,436,0,413,1,410,3,64,155,25,60,74,11,7,11,0,0,0,0,0,0,0,0,0,0,0,3,0,0,0,0,0,0,0,0,0,0,0,0,0,0,0,0,0,0,0,0,0,0,0,0,0,0,0,0
Erststimme,10W512,"10",Marzahn-Hellersdorf,"512",W,5M,5,85,O,1137,790,347,0,485,8,481,4,52,194,38,66,73,16,15,27,0,0,0,0,0,0,0,0,0,0,0,0,0,0,0,0,0,0,0,0,0,0,0,0,0,0,0,0,0,0,0,0,0,0,0,0,0,0,0,0
Erststimme,10W513,"10",Marzahn-Hellersdorf,"513",W,5N,5,85,O,1165,718,447,0,468,3,466,2,52,216,34,52,81,13,3,11,0,0,0,0,0,0,0,0,0,0,0,4,0,0,0,0,0,0,0,0,0,0,0,0,0,0,0,0,0,0,0,0,0,0,0,0,0,0,0,0
Erststimme,10W514,"10",Marzahn-Hellersdorf,"514",W,5P,5,85,O,1093,635,458,0,427,6,425,1,81,142,51,58,54,15,6,16,0,0,0,0,0,0,0,0,0,0,0,2,0,0,0,0,0,0,0,0,0,0,0,0,0,0,0,0,0,0,0,0,0,0,0,0,0,0,0,0
Erststimme,10W515,"10",Marzahn-Hellersdorf,"515",W,5Q,5,85,O,1051,638,413,0,442,1,439,3,44,231,20,48,72,11,2,7,0,0,0,0,0,0,0,0,0,0,0,4,0,0,0,0,0,0,0,0,0,0,0,0,0,0,0,0,0,0,0,0,0,0,0,0,0,0,0,0
Erststimme,10W516,"10",Marzahn-Hellersdorf,"516",W,5R,5,85,O,1082,661,421,0,463,4,458,5,57,221,32,43,66,16,9,9,0,0,0,0,0,0,0,0,0,0,0,5,0,0,0,0,0,0,0,0,0,0,0,0,0,0,0,0,0,0,0,0,0,0,0,0,0,0,0,0
Erststimme,10W517,"10",Marzahn-Hellersdorf,"517",W,5S,5,85,O,1069,633,436,0,419,2,419,0,45,215,16,36,68,19,3,14,0,0,0,0,0,0,0,0,0,0,0,3,0,0,0,0,0,0,0,0,0,0,0,0,0,0,0,0,0,0,0,0,0,0,0,0,0,0,0,0
Erststimme,10W518,"10",Marzahn-Hellersdorf,"518",W,5T,5,85,O,1058,612,446,0,436,7,434,2,61,210,28,40,73,10,2,7,0,0,0,0,0,0,0,0,0,0,0,3,0,0,0,0,0,0,0,0,0,0,0,0,0,0,0,0,0,0,0,0,0,0,0,0,0,0,0,0
Erststimme,10W519,"10",Marzahn-Hellersdorf,"519",W,5V,5,85,O,1066,686,380,0,488,5,482,6,72,237,17,50,77,8,6,13,0,0,0,0,0,0,0,0,0,0,0,2,0,0,0,0,0,0,0,0,0,0,0,0,0,0,0,0,0,0,0,0,0,0,0,0,0,0,0,0
Erststimme,10W520,"10",Marzahn-Hellersdorf,"520",W,5W,5,85,O,1138,619,519,0,421,4,419,1,43,201,21,46,76,15,8,7,0,0,0,0,0,0,0,0,0,0,0,2,0,0,0,0,0,0,0,0,0,0,0,0,0,0,0,0,0,0,0,0,0,0,0,0,0,0,0,0
Erststimme,10W521,"10",Marzahn-Hellersdorf,"521",W,5X,5,85,O,1086,635,451,0,397,2,394,3,67,176,27,38,57,10,7,8,0,0,0,0,0,0,0,0,0,0,0,4,0,0,0,0,0,0,0,0,0,0,0,0,0,0,0,0,0,0,0,0,0,0,0,0,0,0,0,0
Erststimme,10W522,"10",Marzahn-Hellersdorf,"522",W,5Y,5,85,O,1046,637,409,0,425,9,424,1,52,163,30,50,93,15,1,14,0,0,0,0,0,0,0,0,0,0,0,6,0,0,0,0,0,0,0,0,0,0,0,0,0,0,0,0,0,0,0,0,0,0,0,0,0,0,0,0
Erststimme,10W523,"10",Marzahn-Hellersdorf,"523",W,5ZA,5,85,O,1051,560,491,0,377,9,376,1,79,153,42,36,41,11,7,6,0,0,0,0,0,0,0,0,0,0,0,1,0,0,0,0,0,0,0,0,0,0,0,0,0,0,0,0,0,0,0,0,0,0,0,0,0,0,0,0
Erststimme,10W524,"10",Marzahn-Hellersdorf,"524",W,5ZB,5,85,O,1042,639,403,0,449,8,448,1,65,166,22,63,94,18,11,7,0,0,0,0,0,0,0,0,0,0,0,2,0,0,0,0,0,0,0,0,0,0,0,0,0,0,0,0,0,0,0,0,0,0,0,0,0,0,0,0
Erststimme,10W525,"10",Marzahn-Hellersdorf,"525",W,5ZC,5,85,O,1052,661,391,0,486,7,483,3,70,241,24,29,83,15,2,12,0,0,0,0,0,0,0,0,0,0,0,7,0,0,0,0,0,0,0,0,0,0,0,0,0,0,0,0,0,0,0,0,0,0,0,0,0,0,0,0
Erststimme,10W526,"10",Marzahn-Hellersdorf,"526",W,5ZD,5,85,O,1036,659,377,0,472,9,465,7,75,228,25,54,55,10,5,9,0,0,0,0,0,0,0,0,0,0,0,4,0,0,0,0,0,0,0,0,0,0,0,0,0,0,0,0,0,0,0,0,0,0,0,0,0,0,0,0
Erststimme,10W527,"10",Marzahn-Hellersdorf,"527",W,5ZE,5,85,O,1139,688,451,0,484,1,479,5,61,226,29,56,66,17,6,14,0,0,0,0,0,0,0,0,0,0,0,4,0,0,0,0,0,0,0,0,0,0,0,0,0,0,0,0,0,0,0,0,0,0,0,0,0,0,0,0
Erststimme,10W528,"10",Marzahn-Hellersdorf,"528",W,5ZF,5,85,O,1167,751,416,0,506,6,501,3,92,211,19,64,63,23,7,19,0,0,0,0,0,0,0,0,0,0,0,3,0,0,0,0,0,0,0,0,0,0,0,0,0,0,0,0,0,0,0,0,0,0,0,0,0,0,0,0
Erststimme,10W529,"10",Marzahn-Hellersdorf,"529",W,5ZG,5,85,O,1070,612,458,0,378,5,369,9,43,168,20,38,62,16,6,13,0,0,0,0,0,0,0,0,0,0,0,3,0,0,0,0,0,0,0,0,0,0,0,0,0,0,0,0,0,0,0,0,0,0,0,0,0,0,0,0
Erststimme,10W530,"10",Marzahn-Hellersdorf,"530",W,5ZH,5,85,O,1236,750,486,0,488,9,486,2,75,180,39,68,74,24,6,15,0,0,0,0,0,0,0,0,0,0,0,5,0,0,0,0,0,0,0,0,0,0,0,0,0,0,0,0,0,0,0,0,0,0,0,0,0,0,0,0
Erststimme,10B5A,"10",Marzahn-Hellersdorf,5A,B,5A,5,85,O,0,0,0,0,441,441,438,3,87,191,32,61,41,7,5,13,0,0,0,0,0,0,0,0,0,0,0,1,0,0,0,0,0,0,0,0,0,0,0,0,0,0,0,0,0,0,0,0,0,0,0,0,0,0,0,0
Erststimme,10B5B,"10",Marzahn-Hellersdorf,5B,B,5B,5,85,O,0,0,0,0,457,457,456,1,101,188,33,61,52,2,2,14,0,0,0,0,0,0,0,0,0,0,0,3,0,0,0,0,0,0,0,0,0,0,0,0,0,0,0,0,0,0,0,0,0,0,0,0,0,0,0,0
Erststimme,10B5C,"10",Marzahn-Hellersdorf,5C,B,5C,5,85,O,0,0,0,0,549,549,549,0,108,234,28,81,60,18,8,11,0,0,0,0,0,0,0,0,0,0,0,1,0,0,0,0,0,0,0,0,0,0,0,0,0,0,0,0,0,0,0,0,0,0,0,0,0,0,0,0
Erststimme,10B5D,"10",Marzahn-Hellersdorf,5D,B,5D,5,85,O,0,0,0,0,542,542,540,1,80,274,27,47,66,13,11,19,0,0,0,0,0,0,0,0,0,0,0,3,0,0,0,0,0,0,0,0,0,0,0,0,0,0,0,0,0,0,0,0,0,0,0,0,0,0,0,0
Erststimme,10B5E,"10",Marzahn-Hellersdorf,5E,B,5E,5,85,O,0,0,0,0,457,457,456,0,70,248,32,50,28,8,3,16,0,0,0,0,0,0,0,0,0,0,0,1,0,0,0,0,0,0,0,0,0,0,0,0,0,0,0,0,0,0,0,0,0,0,0,0,0,0,0,0
Erststimme,10B5F,"10",Marzahn-Hellersdorf,5F,B,5F,5,85,O,0,0,0,0,403,403,398,4,77,183,31,43,24,16,8,10,0,0,0,0,0,0,0,0,0,0,0,6,0,0,0,0,0,0,0,0,0,0,0,0,0,0,0,0,0,0,0,0,0,0,0,0,0,0,0,0
Erststimme,10B5G,"10",Marzahn-Hellersdorf,5G,B,5G,5,85,O,0,0,0,0,504,504,502,2,96,194,46,76,29,27,8,23,0,0,0,0,0,0,0,0,0,0,0,3,0,0,0,0,0,0,0,0,0,0,0,0,0,0,0,0,0,0,0,0,0,0,0,0,0,0,0,0
Erststimme,10B5H,"10",Marzahn-Hellersdorf,5H,B,5H,5,85,O,0,0,0,0,355,355,351,0,74,132,45,37,35,10,4,11,0,0,0,0,0,0,0,0,0,0,0,3,0,0,0,0,0,0,0,0,0,0,0,0,0,0,0,0,0,0,0,0,0,0,0,0,0,0,0,0
Erststimme,10B5J,"10",Marzahn-Hellersdorf,5J,B,5J,5,85,O,0,0,0,0,396,396,391,4,50,175,34,50,37,8,9,24,0,0,0,0,0,0,0,0,0,0,0,4,0,0,0,0,0,0,0,0,0,0,0,0,0,0,0,0,0,0,0,0,0,0,0,0,0,0,0,0
Erststimme,10B5K,"10",Marzahn-Hellersdorf,5K,B,5K,5,85,O,0,0,0,0,406,406,401,4,73,166,34,51,36,15,10,14,0,0,0,0,0,0,0,0,0,0,0,2,0,0,0,0,0,0,0,0,0,0,0,0,0,0,0,0,0,0,0,0,0,0,0,0,0,0,0,0
Erststimme,10B5L,"10",Marzahn-Hellersdorf,5L,B,5L,5,85,O,0,0,0,0,387,387,384,3,77,170,29,47,36,10,5,9,0,0,0,0,0,0,0,0,0,0,0,1,0,0,0,0,0,0,0,0,0,0,0,0,0,0,0,0,0,0,0,0,0,0,0,0,0,0,0,0
Erststimme,10B5M,"10",Marzahn-Hellersdorf,5M,B,5M,5,85,O,0,0,0,0,318,318,317,1,63,151,27,36,24,4,4,6,0,0,0,0,0,0,0,0,0,0,0,2,0,0,0,0,0,0,0,0,0,0,0,0,0,0,0,0,0,0,0,0,0,0,0,0,0,0,0,0
Erststimme,10B5N,"10",Marzahn-Hellersdorf,5N,B,5N,5,85,O,0,0,0,0,401,401,398,2,54,178,47,48,28,16,8,14,0,0,0,0,0,0,0,0,0,0,0,5,0,0,0,0,0,0,0,0,0,0,0,0,0,0,0,0,0,0,0,0,0,0,0,0,0,0,0,0
Erststimme,10B5P,"10",Marzahn-Hellersdorf,5P,B,5P,5,85,O,0,0,0,0,423,423,418,5,73,164,39,76,35,12,9,9,0,0,0,0,0,0,0,0,0,0,0,1,0,0,0,0,0,0,0,0,0,0,0,0,0,0,0,0,0,0,0,0,0,0,0,0,0,0,0,0
Erststimme,10B5Q,"10",Marzahn-Hellersdorf,5Q,B,5Q,5,85,O,0,0,0,0,392,392,389,2,56,198,12,48,50,5,5,14,0,0,0,0,0,0,0,0,0,0,0,1,0,0,0,0,0,0,0,0,0,0,0,0,0,0,0,0,0,0,0,0,0,0,0,0,0,0,0,0
Erststimme,10B5R,"10",Marzahn-Hellersdorf,5R,B,5R,5,85,O,0,0,0,0,393,393,389,1,59,206,35,23,38,10,3,12,0,0,0,0,0,0,0,0,0,0,0,3,0,0,0,0,0,0,0,0,0,0,0,0,0,0,0,0,0,0,0,0,0,0,0,0,0,0,0,0
Erststimme,10B5S,"10",Marzahn-Hellersdorf,5S,B,5S,5,85,O,0,0,0,0,398,398,393,1,50,198,25,52,32,23,0,11,0,0,0,0,0,0,0,0,0,0,0,2,0,0,0,0,0,0,0,0,0,0,0,0,0,0,0,0,0,0,0,0,0,0,0,0,0,0,0,0
Erststimme,10B5T,"10",Marzahn-Hellersdorf,5T,B,5T,5,85,O,0,0,0,0,410,410,406,3,71,187,26,44,50,10,4,10,0,0,0,0,0,0,0,0,0,0,0,4,0,0,0,0,0,0,0,0,0,0,0,0,0,0,0,0,0,0,0,0,0,0,0,0,0,0,0,0
Erststimme,10B5V,"10",Marzahn-Hellersdorf,5V,B,5V,5,85,O,0,0,0,0,350,350,349,1,48,188,21,26,44,8,4,8,0,0,0,0,0,0,0,0,0,0,0,2,0,0,0,0,0,0,0,0,0,0,0,0,0,0,0,0,0,0,0,0,0,0,0,0,0,0,0,0
Erststimme,10B5W,"10",Marzahn-Hellersdorf,5W,B,5W,5,85,O,0,0,0,0,466,466,461,4,58,240,38,49,47,23,1,5,0,0,0,0,0,0,0,0,0,0,0,0,0,0,0,0,0,0,0,0,0,0,0,0,0,0,0,0,0,0,0,0,0,0,0,0,0,0,0,0
Erststimme,10B5X,"10",Marzahn-Hellersdorf,5X,B,5X,5,85,O,0,0,0,0,412,412,411,0,57,214,26,50,28,17,3,12,0,0,0,0,0,0,0,0,0,0,0,4,0,0,0,0,0,0,0,0,0,0,0,0,0,0,0,0,0,0,0,0,0,0,0,0,0,0,0,0
Erststimme,10B5Y,"10",Marzahn-Hellersdorf,5Y,B,5Y,5,85,O,0,0,0,0,366,366,361,3,75,162,31,37,29,5,5,12,0,0,0,0,0,0,0,0,0,0,0,5,0,0,0,0,0,0,0,0,0,0,0,0,0,0,0,0,0,0,0,0,0,0,0,0,0,0,0,0
Erststimme,10B5ZA,"10",Marzahn-Hellersdorf,5ZA,B,5ZA,5,85,O,0,0,0,0,453,453,452,1,78,199,45,61,26,16,12,12,0,0,0,0,0,0,0,0,0,0,0,3,0,0,0,0,0,0,0,0,0,0,0,0,0,0,0,0,0,0,0,0,0,0,0,0,0,0,0,0
Erststimme,10B5ZB,"10",Marzahn-Hellersdorf,5ZB,B,5ZB,5,85,O,0,0,0,0,364,364,362,2,47,175,27,40,40,18,5,8,0,0,0,0,0,0,0,0,0,0,0,2,0,0,0,0,0,0,0,0,0,0,0,0,0,0,0,0,0,0,0,0,0,0,0,0,0,0,0,0
Erststimme,10B5ZC,"10",Marzahn-Hellersdorf,5ZC,B,5ZC,5,85,O,0,0,0,0,363,363,363,0,54,188,26,36,33,9,2,14,0,0,0,0,0,0,0,0,0,0,0,1,0,0,0,0,0,0,0,0,0,0,0,0,0,0,0,0,0,0,0,0,0,0,0,0,0,0,0,0
Erststimme,10B5ZD,"10",Marzahn-Hellersdorf,5ZD,B,5ZD,5,85,O,0,0,0,0,362,362,360,2,47,175,30,38,38,13,5,12,0,0,0,0,0,0,0,0,0,0,0,2,0,0,0,0,0,0,0,0,0,0,0,0,0,0,0,0,0,0,0,0,0,0,0,0,0,0,0,0
Erststimme,10B5ZE,"10",Marzahn-Hellersdorf,5ZE,B,5ZE,5,85,O,0,0,0,0,400,400,395,2,42,212,24,52,36,14,4,11,0,0,0,0,0,0,0,0,0,0,0,0,0,0,0,0,0,0,0,0,0,0,0,0,0,0,0,0,0,0,0,0,0,0,0,0,0,0,0,0
Erststimme,10B5ZF,"10",Marzahn-Hellersdorf,5ZF,B,5ZF,5,85,O,0,0,0,0,387,387,379,1,62,167,27,54,38,11,7,12,0,0,0,0,0,0,0,0,0,0,0,1,0,0,0,0,0,0,0,0,0,0,0,0,0,0,0,0,0,0,0,0,0,0,0,0,0,0,0,0
Erststimme,10B5ZG,"10",Marzahn-Hellersdorf,5ZG,B,5ZG,5,85,O,0,0,0,0,413,413,412,1,54,221,31,44,26,19,3,10,0,0,0,0,0,0,0,0,0,0,0,4,0,0,0,0,0,0,0,0,0,0,0,0,0,0,0,0,0,0,0,0,0,0,0,0,0,0,0,0
Erststimme,10B5ZH,"10",Marzahn-Hellersdorf,5ZH,B,5ZH,5,85,O,0,0,0,0,445,445,440,4,75,185,47,57,32,14,9,16,0,0,0,0,0,0,0,0,0,0,0,5,0,0,0,0,0,0,0,0,0,0,0,0,0,0,0,0,0,0,0,0,0,0,0,0,0,0,0,0
Erststimme,10W601,"10",Marzahn-Hellersdorf,"601",W,6A,6,85,O,1282,1070,212,0,354,2,351,3,46,89,12,52,103,2,12,27,0,0,0,0,0,0,0,0,0,0,0,8,0,0,0,0,0,0,0,0,0,0,0,0,0,0,0,0,0,0,0,0,0,0,0,0,0,0,0,0
Erststimme,10W602,"10",Marzahn-Hellersdorf,"602",W,6A,6,85,O,1299,1039,260,0,398,0,393,5,52,127,13,59,104,8,9,15,0,0,0,0,0,0,0,0,0,0,0,6,0,0,0,0,0,0,0,0,0,0,0,0,0,0,0,0,0,0,0,0,0,0,0,0,0,0,0,0
Erststimme,10W603,"10",Marzahn-Hellersdorf,"603",W,6B,6,85,O,1249,1042,207,0,337,2,330,7,45,102,13,43,91,7,3,21,0,0,0,0,0,0,0,0,0,0,0,5,0,0,0,0,0,0,0,0,0,0,0,0,0,0,0,0,0,0,0,0,0,0,0,0,0,0,0,0
Erststimme,10W604,"10",Marzahn-Hellersdorf,"604",W,6B,6,85,O,1351,1024,327,0,415,4,406,9,46,166,17,55,87,7,5,16,0,0,0,0,0,0,0,0,0,0,0,7,0,0,0,0,0,0,0,0,0,0,0,0,0,0,0,0,0,0,0,0,0,0,0,0,0,0,0,0
Erststimme,10W605,"10",Marzahn-Hellersdorf,"605",W,6C,6,85,O,1383,1037,346,0,455,3,445,10,50,157,21,62,110,6,9,25,0,0,0,0,0,0,0,0,0,0,0,5,0,0,0,0,0,0,0,0,0,0,0,0,0,0,0,0,0,0,0,0,0,0,0,0,0,0,0,0
Erststimme,10W606,"10",Marzahn-Hellersdorf,"606",W,6C,6,85,O,1232,993,239,0,364,1,355,9,31,129,16,52,103,2,5,15,0,0,0,0,0,0,0,0,0,0,0,2,0,0,0,0,0,0,0,0,0,0,0,0,0,0,0,0,0,0,0,0,0,0,0,0,0,0,0,0
Erststimme,10W607,"10",Marzahn-Hellersdorf,"607",W,6D,6,85,O,1243,923,320,0,420,3,415,5,49,174,20,67,78,5,7,14,0,0,0,0,0,0,0,0,0,0,0,1,0,0,0,0,0,0,0,0,0,0,0,0,0,0,0,0,0,0,0,0,0,0,0,0,0,0,0,0
Erststimme,10W608,"10",Marzahn-Hellersdorf,"608",W,6D,6,85,O,1271,934,337,0,341,1,329,12,47,125,9,50,67,5,5,15,0,0,0,0,0,0,0,0,0,0,0,6,0,0,0,0,0,0,0,0,0,0,0,0,0,0,0,0,0,0,0,0,0,0,0,0,0,0,0,0
Erststimme,10W609,"10",Marzahn-Hellersdorf,"609",W,6E,6,85,O,1235,1033,202,0,428,0,424,4,57,176,11,60,95,6,3,12,0,0,0,0,0,0,0,0,0,0,0,4,0,0,0,0,0,0,0,0,0,0,0,0,0,0,0,0,0,0,0,0,0,0,0,0,0,0,0,0
Erststimme,10W610,"10",Marzahn-Hellersdorf,"610",W,6E,6,85,O,1124,908,216,0,355,4,350,5,38,126,8,55,85,5,12,18,0,0,0,0,0,0,0,0,0,0,0,3,0,0,0,0,0,0,0,0,0,0,0,0,0,0,0,0,0,0,0,0,0,0,0,0,0,0,0,0
Erststimme,10W611,"10",Marzahn-Hellersdorf,"611",W,6F,6,85,O,1115,854,261,0,388,0,382,6,42,132,11,63,95,8,8,22,0,0,0,0,0,0,0,0,0,0,0,1,0,0,0,0,0,0,0,0,0,0,0,0,0,0,0,0,0,0,0,0,0,0,0,0,0,0,0,0
Erststimme,10W612,"10",Marzahn-Hellersdorf,"612",W,6F,6,85,O,896,644,252,0,253,0,251,2,44,62,9,56,56,6,4,12,0,0,0,0,0,0,0,0,0,0,0,2,0,0,0,0,0,0,0,0,0,0,0,0,0,0,0,0,0,0,0,0,0,0,0,0,0,0,0,0
Erststimme,10W613,"10",Marzahn-Hellersdorf,"613",W,6G,6,85,O,1250,930,320,0,392,1,387,4,48,134,13,63,90,7,9,20,0,0,0,0,0,0,0,0,0,0,0,3,0,0,0,0,0,0,0,0,0,0,0,0,0,0,0,0,0,0,0,0,0,0,0,0,0,0,0,0
Erststimme,10W614,"10",Marzahn-Hellersdorf,"614",W,6G,6,85,O,1257,931,326,0,323,3,322,1,43,105,12,51,77,7,10,14,0,0,0,0,0,0,0,0,0,0,0,3,0,0,0,0,0,0,0,0,0,0,0,0,0,0,0,0,0,0,0,0,0,0,0,0,0,0,0,0
Erststimme,10W615,"10",Marzahn-Hellersdorf,"615",W,6H,6,85,O,1229,884,345,0,483,4,482,1,71,153,18,95,108,10,6,18,0,0,0,0,0,0,0,0,0,0,0,3,0,0,0,0,0,0,0,0,0,0,0,0,0,0,0,0,0,0,0,0,0,0,0,0,0,0,0,0
Erststimme,10W616,"10",Marzahn-Hellersdorf,"616",W,6J,6,85,O,1105,761,344,0,497,7,494,2,73,200,34,63,76,15,7,24,0,0,0,0,0,0,0,0,0,0,0,2,0,0,0,0,0,0,0,0,0,0,0,0,0,0,0,0,0,0,0,0,0,0,0,0,0,0,0,0
Erststimme,10W617,"10",Marzahn-Hellersdorf,"617",W,6K,6,85,O,1119,693,426,0,455,3,453,2,70,183,22,65,74,13,6,11,0,0,0,0,0,0,0,0,0,0,0,9,0,0,0,0,0,0,0,0,0,0,0,0,0,0,0,0,0,0,0,0,0,0,0,0,0,0,0,0
Erststimme,10W618,"10",Marzahn-Hellersdorf,"618",W,6K,6,85,O,1110,831,279,0,375,2,370,5,51,113,17,59,92,7,6,20,0,0,0,0,0,0,0,0,0,0,0,5,0,0,0,0,0,0,0,0,0,0,0,0,0,0,0,0,0,0,0,0,0,0,0,0,0,0,0,0
Erststimme,10W619,"10",Marzahn-Hellersdorf,"619",W,6L,6,85,O,1086,708,378,0,406,5,400,6,57,175,25,43,66,11,5,13,0,0,0,0,0,0,0,0,0,0,0,5,0,0,0,0,0,0,0,0,0,0,0,0,0,0,0,0,0,0,0,0,0,0,0,0,0,0,0,0
Erststimme,10W620,"10",Marzahn-Hellersdorf,"620",W,6M,6,85,O,1108,624,484,0,438,3,437,1,72,170,23,47,89,8,10,15,0,0,0,0,0,0,0,0,0,0,0,3,0,0,0,0,0,0,0,0,0,0,0,0,0,0,0,0,0,0,0,0,0,0,0,0,0,0,0,0
Erststimme,10W621,"10",Marzahn-Hellersdorf,"621",W,6N,6,85,O,1143,947,196,0,398,1,390,8,51,120,9,52,122,11,6,15,0,0,0,0,0,0,0,0,0,0,0,4,0,0,0,0,0,0,0,0,0,0,0,0,0,0,0,0,0,0,0,0,0,0,0,0,0,0,0,0
Erststimme,10W622,"10",Marzahn-Hellersdorf,"622",W,6N,6,85,O,1170,961,209,0,319,0,313,6,41,91,7,35,113,4,7,12,0,0,0,0,0,0,0,0,0,0,0,3,0,0,0,0,0,0,0,0,0,0,0,0,0,0,0,0,0,0,0,0,0,0,0,0,0,0,0,0
Erststimme,10W623,"10",Marzahn-Hellersdorf,"623",W,6P,6,85,O,1191,940,251,0,314,0,310,4,40,96,14,33,102,4,1,18,0,0,0,0,0,0,0,0,0,0,0,2,0,0,0,0,0,0,0,0,0,0,0,0,0,0,0,0,0,0,0,0,0,0,0,0,0,0,0,0
Erststimme,10W624,"10",Marzahn-Hellersdorf,"624",W,6P,6,85,O,998,814,184,0,209,0,207,1,23,58,10,36,62,5,2,10,0,0,0,0,0,0,0,0,0,0,0,1,0,0,0,0,0,0,0,0,0,0,0,0,0,0,0,0,0,0,0,0,0,0,0,0,0,0,0,0
Erststimme,10W625,"10",Marzahn-Hellersdorf,"625",W,6Q,6,85,O,1150,980,170,0,309,0,302,4,37,90,22,25,93,10,9,15,0,0,0,0,0,0,0,0,0,0,0,1,0,0,0,0,0,0,0,0,0,0,0,0,0,0,0,0,0,0,0,0,0,0,0,0,0,0,0,0
Erststimme,10W626,"10",Marzahn-Hellersdorf,"626",W,6Q,6,85,O,1241,996,245,0,432,2,426,6,47,148,15,53,117,10,11,17,0,0,0,0,0,0,0,0,0,0,0,8,0,0,0,0,0,0,0,0,0,0,0,0,0,0,0,0,0,0,0,0,0,0,0,0,0,0,0,0
Erststimme,10B6A,"10",Marzahn-Hellersdorf,6A,B,6A,6,85,O,0,0,0,0,441,441,434,7,69,143,13,66,100,5,9,25,0,0,0,0,0,0,0,0,0,0,0,4,0,0,0,0,0,0,0,0,0,0,0,0,0,0,0,0,0,0,0,0,0,0,0,0,0,0,0,0
Erststimme,10B6B,"10",Marzahn-Hellersdorf,6B,B,6B,6,85,O,0,0,0,0,473,473,469,4,55,226,14,85,54,4,6,15,0,0,0,0,0,0,0,0,0,0,0,10,0,0,0,0,0,0,0,0,0,0,0,0,0,0,0,0,0,0,0,0,0,0,0,0,0,0,0,0
Erststimme,10B6C,"10",Marzahn-Hellersdorf,6C,B,6C,6,85,O,0,0,0,0,518,518,514,4,70,205,27,98,64,14,7,27,0,0,0,0,0,0,0,0,0,0,0,2,0,0,0,0,0,0,0,0,0,0,0,0,0,0,0,0,0,0,0,0,0,0,0,0,0,0,0,0
Erststimme,10B6D,"10",Marzahn-Hellersdorf,6D,B,6D,6,85,O,0,0,0,0,588,588,581,7,84,278,10,104,53,13,4,27,0,0,0,0,0,0,0,0,0,0,0,8,0,0,0,0,0,0,0,0,0,0,0,0,0,0,0,0,0,0,0,0,0,0,0,0,0,0,0,0
Erststimme,10B6E,"10",Marzahn-Hellersdorf,6E,B,6E,6,85,O,0,0,0,0,366,366,366,0,57,163,12,63,41,5,7,14,0,0,0,0,0,0,0,0,0,0,0,4,0,0,0,0,0,0,0,0,0,0,0,0,0,0,0,0,0,0,0,0,0,0,0,0,0,0,0,0
Erststimme,10B6F,"10",Marzahn-Hellersdorf,6F,B,6F,6,85,O,0,0,0,0,451,451,447,4,70,169,28,83,59,5,1,23,0,0,0,0,0,0,0,0,0,0,0,9,0,0,0,0,0,0,0,0,0,0,0,0,0,0,0,0,0,0,0,0,0,0,0,0,0,0,0,0
Erststimme,10B6G,"10",Marzahn-Hellersdorf,6G,B,6G,6,85,O,0,0,0,0,590,590,587,3,101,232,22,119,59,15,10,26,0,0,0,0,0,0,0,0,0,0,0,3,0,0,0,0,0,0,0,0,0,0,0,0,0,0,0,0,0,0,0,0,0,0,0,0,0,0,0,0
Erststimme,10B6H,"10",Marzahn-Hellersdorf,6H,B,6H,6,85,O,0,0,0,0,313,313,311,1,64,133,12,39,34,7,4,14,0,0,0,0,0,0,0,0,0,0,0,4,0,0,0,0,0,0,0,0,0,0,0,0,0,0,0,0,0,0,0,0,0,0,0,0,0,0,0,0
Erststimme,10B6J,"10",Marzahn-Hellersdorf,6J,B,6J,6,85,O,0,0,0,0,305,305,303,1,47,129,22,60,22,8,6,8,0,0,0,0,0,0,0,0,0,0,0,1,0,0,0,0,0,0,0,0,0,0,0,0,0,0,0,0,0,0,0,0,0,0,0,0,0,0,0,0
Erststimme,10B6K,"10",Marzahn-Hellersdorf,6K,B,6K,6,85,O,0,0,0,0,652,652,645,6,87,279,58,87,79,13,8,22,0,0,0,0,0,0,0,0,0,0,0,12,0,0,0,0,0,0,0,0,0,0,0,0,0,0,0,0,0,0,0,0,0,0,0,0,0,0,0,0
Erststimme,10B6L,"10",Marzahn-Hellersdorf,6L,B,6L,6,85,O,0,0,0,0,341,341,337,3,64,162,22,41,25,13,4,6,0,0,0,0,0,0,0,0,0,0,0,0,0,0,0,0,0,0,0,0,0,0,0,0,0,0,0,0,0,0,0,0,0,0,0,0,0,0,0,0
Erststimme,10B6M,"10",Marzahn-Hellersdorf,6M,B,6M,6,85,O,0,0,0,0,437,437,433,0,84,177,31,75,35,9,3,14,0,0,0,0,0,0,0,0,0,0,0,5,0,0,0,0,0,0,0,0,0,0,0,0,0,0,0,0,0,0,0,0,0,0,0,0,0,0,0,0
Erststimme,10B6N,"10",Marzahn-Hellersdorf,6N,B,6N,6,85,O,0,0,0,0,352,352,349,3,47,126,20,52,66,7,14,17,0,0,0,0,0,0,0,0,0,0,0,0,0,0,0,0,0,0,0,0,0,0,0,0,0,0,0,0,0,0,0,0,0,0,0,0,0,0,0,0
Erststimme,10B6P,"10",Marzahn-Hellersdorf,6P,B,6P,6,85,O,0,0,0,0,385,385,380,5,75,146,9,57,58,5,10,18,0,0,0,0,0,0,0,0,0,0,0,2,0,0,0,0,0,0,0,0,0,0,0,0,0,0,0,0,0,0,0,0,0,0,0,0,0,0,0,0
Erststimme,10B6Q,"10",Marzahn-Hellersdorf,6Q,B,6Q,6,85,O,0,0,0,0,359,359,357,2,38,162,19,47,43,8,7,27,0,0,0,0,0,0,0,0,0,0,0,6,0,0,0,0,0,0,0,0,0,0,0,0,0,0,0,0,0,0,0,0,0,0,0,0,0,0,0,0
Erststimme,11W101,"11",Lichtenberg,"101",W,1A,1,86,O,1027,726,301,0,346,4,341,5,43,140,10,31,80,5,0,22,0,0,2,0,0,0,0,0,0,0,0,8,0,0,0,0,0,0,0,0,0,0,0,0,0,0,0,0,0,0,0,0,0,0,0,0,0,0,0,0
Erststimme,11W102,"11",Lichtenberg,"102",W,1A,1,86,O,1110,766,344,0,487,4,485,2,54,264,24,39,77,13,0,11,0,0,0,0,0,0,0,0,0,0,0,3,0,0,0,0,0,0,0,0,0,0,0,0,0,0,0,0,0,0,0,0,0,0,0,0,0,0,0,0
Erststimme,11W103,"11",Lichtenberg,"103",W,1C,1,86,O,1464,1006,458,0,550,9,549,1,50,255,33,59,114,11,0,26,0,0,0,0,0,0,0,0,0,0,0,1,0,0,0,0,0,0,0,0,0,0,0,0,0,0,0,0,0,0,0,0,0,0,0,0,0,0,0,0
Erststimme,11W104,"11",Lichtenberg,"104",W,1B,1,86,O,993,839,154,0,381,0,376,5,48,159,17,38,87,7,0,14,0,0,2,0,0,0,0,0,0,0,0,4,0,0,0,0,0,0,0,0,0,0,0,0,0,0,0,0,0,0,0,0,0,0,0,0,0,0,0,0
Erststimme,11W105,"11",Lichtenberg,"105",W,1B,1,86,O,833,538,295,0,369,2,366,3,34,190,16,39,63,10,0,12,0,0,0,0,0,0,0,0,0,0,0,2,0,0,0,0,0,0,0,0,0,0,0,0,0,0,0,0,0,0,0,0,0,0,0,0,0,0,0,0
Erststimme,11W106,"11",Lichtenberg,"106",W,1D,1,86,O,1000,772,228,0,348,1,337,9,37,107,10,65,87,10,0,16,0,0,1,0,0,0,0,0,0,0,0,4,0,0,0,0,0,0,0,0,0,0,0,0,0,0,0,0,0,0,0,0,0,0,0,0,0,0,0,0
Erststimme,11W107,"11",Lichtenberg,"107",W,1E,1,86,O,942,817,125,0,271,1,267,4,36,92,12,26,78,4,0,19,0,0,0,0,0,0,0,0,0,0,0,0,0,0,0,0,0,0,0,0,0,0,0,0,0,0,0,0,0,0,0,0,0,0,0,0,0,0,0,0
Erststimme,11W108,"11",Lichtenberg,"108",W,1E,1,86,O,985,810,175,0,187,0,187,0,15,70,3,28,54,6,0,7,0,0,0,0,0,0,0,0,0,0,0,4,0,0,0,0,0,0,0,0,0,0,0,0,0,0,0,0,0,0,0,0,0,0,0,0,0,0,0,0
Erststimme,11W109,"11",Lichtenberg,"109",W,1D,1,86,O,1087,743,344,0,317,5,315,2,35,110,9,51,82,8,0,13,0,0,0,0,0,0,0,0,0,0,0,7,0,0,0,0,0,0,0,0,0,0,0,0,0,0,0,0,0,0,0,0,0,0,0,0,0,0,0,0
Erststimme,11W110,"11",Lichtenberg,"110",W,1I,1,86,O,922,774,148,0,252,0,248,4,29,73,10,40,66,9,0,12,0,0,1,0,0,0,0,0,0,0,0,8,0,0,0,0,0,0,0,0,0,0,0,0,0,0,0,0,0,0,0,0,0,0,0,0,0,0,0,0
Erststimme,11W111,"11",Lichtenberg,"111",W,1F,1,86,O,1106,795,311,0,322,0,321,1,44,123,13,51,66,4,0,16,0,0,0,0,0,0,0,0,0,0,0,4,0,0,0,0,0,0,0,0,0,0,0,0,0,0,0,0,0,0,0,0,0,0,0,0,0,0,0,0
Erststimme,11W112,"11",Lichtenberg,"112",W,1F,1,86,O,893,678,215,0,300,2,296,4,49,92,8,53,71,0,0,14,0,0,0,0,0,0,0,0,0,0,0,9,0,0,0,0,0,0,0,0,0,0,0,0,0,0,0,0,0,0,0,0,0,0,0,0,0,0,0,0
Erststimme,11W113,"11",Lichtenberg,"113",W,1I,1,86,O,969,778,191,0,328,0,321,7,29,122,15,47,87,3,0,15,0,0,2,0,0,0,0,0,0,0,0,1,0,0,0,0,0,0,0,0,0,0,0,0,0,0,0,0,0,0,0,0,0,0,0,0,0,0,0,0
Erststimme,11W114,"11",Lichtenberg,"114",W,1K,1,86,O,648,518,130,0,163,1,161,2,11,56,4,30,50,4,0,6,0,0,0,0,0,0,0,0,0,0,0,0,0,0,0,0,0,0,0,0,0,0,0,0,0,0,0,0,0,0,0,0,0,0,0,0,0,0,0,0
Erststimme,11W115,"11",Lichtenberg,"115",W,1K,1,86,O,676,465,211,0,217,0,216,0,18,97,7,32,48,6,0,8,0,0,0,0,0,0,0,0,0,0,0,0,0,0,0,0,0,0,0,0,0,0,0,0,0,0,0,0,0,0,0,0,0,0,0,0,0,0,0,0
Erststimme,11W116,"11",Lichtenberg,"116",W,1L,1,86,O,861,673,188,0,334,0,324,7,49,132,7,49,66,4,0,11,0,0,1,0,0,0,0,0,0,0,0,5,0,0,0,0,0,0,0,0,0,0,0,0,0,0,0,0,0,0,0,0,0,0,0,0,0,0,0,0
Erststimme,11W117,"11",Lichtenberg,"117",W,1G,1,86,O,858,650,208,0,295,0,290,5,53,110,8,38,58,7,0,9,0,0,1,0,0,0,0,0,0,0,0,6,0,0,0,0,0,0,0,0,0,0,0,0,0,0,0,0,0,0,0,0,0,0,0,0,0,0,0,0
Erststimme,11W118,"11",Lichtenberg,"118",W,1H,1,86,O,923,696,227,0,325,0,324,1,47,132,14,36,70,2,0,21,0,0,1,0,0,0,0,0,0,0,0,1,0,0,0,0,0,0,0,0,0,0,0,0,0,0,0,0,0,0,0,0,0,0,0,0,0,0,0,0
Erststimme,11W119,"11",Lichtenberg,"119",W,1H,1,86,O,929,761,168,0,288,0,283,5,38,86,11,58,77,3,0,7,0,0,1,0,0,0,0,0,0,0,0,2,0,0,0,0,0,0,0,0,0,0,0,0,0,0,0,0,0,0,0,0,0,0,0,0,0,0,0,0
Erststimme,11W120,"11",Lichtenberg,"120",W,1L,1,86,O,824,657,167,0,224,0,221,3,28,79,16,24,62,3,0,7,0,0,1,0,0,0,0,0,0,0,0,1,0,0,0,0,0,0,0,0,0,0,0,0,0,0,0,0,0,0,0,0,0,0,0,0,0,0,0,0
Erststimme,11W121,"11",Lichtenberg,"121",W,1Q,1,86,O,780,640,140,0,267,4,259,6,29,98,9,34,66,7,0,14,0,0,0,0,0,0,0,0,0,0,0,2,0,0,0,0,0,0,0,0,0,0,0,0,0,0,0,0,0,0,0,0,0,0,0,0,0,0,0,0
Erststimme,11W122,"11",Lichtenberg,"122",W,1R,1,86,O,924,767,157,0,237,0,233,4,20,84,10,45,54,3,0,12,0,0,2,0,0,0,0,0,0,0,0,3,0,0,0,0,0,0,0,0,0,0,0,0,0,0,0,0,0,0,0,0,0,0,0,0,0,0,0,0
Erststimme,11W123,"11",Lichtenberg,"123",W,1R,1,86,O,910,754,156,0,264,0,259,5,21,83,9,52,68,4,0,17,0,0,2,0,0,0,0,0,0,0,0,3,0,0,0,0,0,0,0,0,0,0,0,0,0,0,0,0,0,0,0,0,0,0,0,0,0,0,0,0
Erststimme,11W124,"11",Lichtenberg,"124",W,1C,1,86,O,1097,886,211,0,428,3,421,7,42,136,26,60,115,11,0,25,0,0,0,0,0,0,0,0,0,0,0,6,0,0,0,0,0,0,0,0,0,0,0,0,0,0,0,0,0,0,0,0,0,0,0,0,0,0,0,0
Erststimme,11W125,"11",Lichtenberg,"125",W,1G,1,86,O,1023,860,163,0,250,1,245,5,20,76,6,47,79,2,0,10,0,0,0,0,0,0,0,0,0,0,0,5,0,0,0,0,0,0,0,0,0,0,0,0,0,0,0,0,0,0,0,0,0,0,0,0,0,0,0,0
Erststimme,11W126,"11",Lichtenberg,"126",W,1N,1,86,O,863,582,281,0,259,0,257,1,26,103,5,28,79,5,0,11,0,0,0,0,0,0,0,0,0,0,0,0,0,0,0,0,0,0,0,0,0,0,0,0,0,0,0,0,0,0,0,0,0,0,0,0,0,0,0,0
Erststimme,11W127,"11",Lichtenberg,"127",W,1P,1,86,O,943,719,224,0,352,2,346,6,47,155,5,51,70,2,0,13,0,0,0,0,0,0,0,0,0,0,0,3,0,0,0,0,0,0,0,0,0,0,0,0,0,0,0,0,0,0,0,0,0,0,0,0,0,0,0,0
Erststimme,11W128,"11",Lichtenberg,"128",W,1Q,1,86,O,844,711,133,0,203,0,201,2,23,68,4,23,72,3,0,6,0,0,1,0,0,0,0,0,0,0,0,1,0,0,0,0,0,0,0,0,0,0,0,0,0,0,0,0,0,0,0,0,0,0,0,0,0,0,0,0
Erststimme,11W129,"11",Lichtenberg,"129",W,1S,1,86,O,1000,814,186,0,249,0,246,1,30,94,5,38,60,5,0,13,0,0,0,0,0,0,0,0,0,0,0,1,0,0,0,0,0,0,0,0,0,0,0,0,0,0,0,0,0,0,0,0,0,0,0,0,0,0,0,0
Erststimme,11W130,"11",Lichtenberg,"130",W,1T,1,86,O,881,742,139,0,287,0,286,1,30,101,7,39,82,9,0,11,0,0,4,0,0,0,0,0,0,0,0,3,0,0,0,0,0,0,0,0,0,0,0,0,0,0,0,0,0,0,0,0,0,0,0,0,0,0,0,0
Erststimme,11W131,"11",Lichtenberg,"131",W,1M,1,86,O,766,610,156,0,272,1,269,3,34,85,13,43,66,11,0,15,0,0,0,0,0,0,0,0,0,0,0,2,0,0,0,0,0,0,0,0,0,0,0,0,0,0,0,0,0,0,0,0,0,0,0,0,0,0,0,0
Erststimme,11W132,"11",Lichtenberg,"132",W,1M,1,86,O,939,676,263,0,314,0,306,8,37,139,7,47,62,7,0,5,0,0,0,0,0,0,0,0,0,0,0,2,0,0,0,0,0,0,0,0,0,0,0,0,0,0,0,0,0,0,0,0,0,0,0,0,0,0,0,0
Erststimme,11W133,"11",Lichtenberg,"133",W,1N,1,86,O,841,581,260,0,323,0,321,2,43,119,14,66,56,1,0,16,0,0,2,0,0,0,0,0,0,0,0,4,0,0,0,0,0,0,0,0,0,0,0,0,0,0,0,0,0,0,0,0,0,0,0,0,0,0,0,0
Erststimme,11W134,"11",Lichtenberg,"134",W,1S,1,86,O,769,645,124,0,250,1,246,4,26,87,4,30,74,7,0,13,0,0,1,0,0,0,0,0,0,0,0,4,0,0,0,0,0,0,0,0,0,0,0,0,0,0,0,0,0,0,0,0,0,0,0,0,0,0,0,0
Erststimme,11W135,"11",Lichtenberg,"135",W,1P,1,86,O,1176,934,242,0,390,2,388,2,47,138,13,52,97,14,0,19,0,0,5,0,0,0,0,0,0,0,0,3,0,0,0,0,0,0,0,0,0,0,0,0,0,0,0,0,0,0,0,0,0,0,0,0,0,0,0,0
Erststimme,11W136,"11",Lichtenberg,"136",W,1T,1,86,O,803,666,137,0,293,1,291,2,38,118,4,40,74,5,0,9,0,0,0,0,0,0,0,0,0,0,0,3,0,0,0,0,0,0,0,0,0,0,0,0,0,0,0,0,0,0,0,0,0,0,0,0,0,0,0,0
Erststimme,11B1A,"11",Lichtenberg,1A,B,1A,1,86,O,0,0,0,0,587,587,584,3,66,334,25,65,62,7,0,18,0,0,2,0,0,0,0,0,0,0,0,5,0,0,0,0,0,0,0,0,0,0,0,0,0,0,0,0,0,0,0,0,0,0,0,0,0,0,0,0
Erststimme,11B1B,"11",Lichtenberg,1B,B,1B,1,86,O,0,0,0,0,400,400,399,1,44,229,12,52,45,3,0,12,0,0,1,0,0,0,0,0,0,0,0,1,0,0,0,0,0,0,0,0,0,0,0,0,0,0,0,0,0,0,0,0,0,0,0,0,0,0,0,0
Erststimme,11B1C,"11",Lichtenberg,1C,B,1C,1,86,O,0,0,0,0,590,590,584,5,53,321,31,57,78,21,0,21,0,0,0,0,0,0,0,0,0,0,0,2,0,0,0,0,0,0,0,0,0,0,0,0,0,0,0,0,0,0,0,0,0,0,0,0,0,0,0,0
Erststimme,11B1D,"11",Lichtenberg,1D,B,1D,1,86,O,0,0,0,0,520,520,517,3,94,202,21,98,67,7,0,19,0,0,1,0,0,0,0,0,0,0,0,8,0,0,0,0,0,0,0,0,0,0,0,0,0,0,0,0,0,0,0,0,0,0,0,0,0,0,0,0
Erststimme,11B1E,"11",Lichtenberg,1E,B,1E,1,86,O,0,0,0,0,270,270,264,5,36,103,11,59,38,3,0,12,0,0,0,0,0,0,0,0,0,0,0,2,0,0,0,0,0,0,0,0,0,0,0,0,0,0,0,0,0,0,0,0,0,0,0,0,0,0,0,0
Erststimme,11B1F,"11",Lichtenberg,1F,B,1F,1,86,O,0,0,0,0,474,474,467,7,73,198,14,85,63,10,0,21,0,0,0,0,0,0,0,0,0,0,0,3,0,0,0,0,0,0,0,0,0,0,0,0,0,0,0,0,0,0,0,0,0,0,0,0,0,0,0,0
Erststimme,11B1G,"11",Lichtenberg,1G,B,1G,1,86,O,0,0,0,0,325,325,322,2,51,127,11,60,49,5,0,13,0,0,1,0,0,0,0,0,0,0,0,5,0,0,0,0,0,0,0,0,0,0,0,0,0,0,0,0,0,0,0,0,0,0,0,0,0,0,0,0
Erststimme,11B1H,"11",Lichtenberg,1H,B,1H,1,86,O,0,0,0,0,357,357,353,4,52,128,13,87,44,7,0,17,0,0,2,0,0,0,0,0,0,0,0,3,0,0,0,0,0,0,0,0,0,0,0,0,0,0,0,0,0,0,0,0,0,0,0,0,0,0,0,0
Erststimme,11B1I,"11",Lichtenberg,1I,B,1I,1,86,O,0,0,0,0,304,304,302,2,32,134,16,54,35,7,0,20,0,0,0,0,0,0,0,0,0,0,0,4,0,0,0,0,0,0,0,0,0,0,0,0,0,0,0,0,0,0,0,0,0,0,0,0,0,0,0,0
Erststimme,11B1K,"11",Lichtenberg,1K,B,1K,1,86,O,0,0,0,0,310,310,307,2,30,139,15,65,43,4,0,5,0,0,2,0,0,0,0,0,0,0,0,4,0,0,0,0,0,0,0,0,0,0,0,0,0,0,0,0,0,0,0,0,0,0,0,0,0,0,0,0
Erststimme,11B1L,"11",Lichtenberg,1L,B,1L,1,86,O,0,0,0,0,312,312,309,1,36,136,13,60,37,2,0,20,0,0,1,0,0,0,0,0,0,0,0,4,0,0,0,0,0,0,0,0,0,0,0,0,0,0,0,0,0,0,0,0,0,0,0,0,0,0,0,0
Erststimme,11B1M,"11",Lichtenberg,1M,B,1M,1,86,O,0,0,0,0,366,366,362,3,58,145,22,65,34,7,0,23,0,0,5,0,0,0,0,0,0,0,0,3,0,0,0,0,0,0,0,0,0,0,0,0,0,0,0,0,0,0,0,0,0,0,0,0,0,0,0,0
Erststimme,11B1N,"11",Lichtenberg,1N,B,1N,1,86,O,0,0,0,0,503,503,495,4,93,207,17,97,56,10,0,11,0,0,2,0,0,0,0,0,0,0,0,2,0,0,0,0,0,0,0,0,0,0,0,0,0,0,0,0,0,0,0,0,0,0,0,0,0,0,0,0
Erststimme,11B1P,"11",Lichtenberg,1P,B,1P,1,86,O,0,0,0,0,416,416,412,4,57,179,18,71,51,13,0,18,0,0,3,0,0,0,0,0,0,0,0,2,0,0,0,0,0,0,0,0,0,0,0,0,0,0,0,0,0,0,0,0,0,0,0,0,0,0,0,0
Erststimme,11B1Q,"11",Lichtenberg,1Q,B,1Q,1,86,O,0,0,0,0,270,270,269,1,28,93,14,55,52,2,0,24,0,0,0,0,0,0,0,0,0,0,0,1,0,0,0,0,0,0,0,0,0,0,0,0,0,0,0,0,0,0,0,0,0,0,0,0,0,0,0,0
Erststimme,11B1R,"11",Lichtenberg,1R,B,1R,1,86,O,0,0,0,0,277,277,273,4,38,107,11,48,51,3,0,8,0,0,1,0,0,0,0,0,0,0,0,6,0,0,0,0,0,0,0,0,0,0,0,0,0,0,0,0,0,0,0,0,0,0,0,0,0,0,0,0
Erststimme,11B1S,"11",Lichtenberg,1S,B,1S,1,86,O,0,0,0,0,270,270,270,0,42,103,9,40,48,5,0,21,0,0,0,0,0,0,0,0,0,0,0,2,0,0,0,0,0,0,0,0,0,0,0,0,0,0,0,0,0,0,0,0,0,0,0,0,0,0,0,0
Erststimme,11B1T,"11",Lichtenberg,1T,B,1T,1,86,O,0,0,0,0,241,241,239,2,32,101,11,47,31,1,0,15,0,0,0,0,0,0,0,0,0,0,0,1,0,0,0,0,0,0,0,0,0,0,0,0,0,0,0,0,0,0,0,0,0,0,0,0,0,0,0,0
Erststimme,11W201,"11",Lichtenberg,"201",W,2A,2,86,O,900,658,242,0,297,3,293,4,40,125,16,21,66,5,0,10,0,0,0,0,0,0,0,0,0,0,0,8,0,0,0,0,0,0,0,0,0,2,0,0,0,0,0,0,0,0,0,0,0,0,0,0,0,0,0,0
Erststimme,11W202,"11",Lichtenberg,"202",W,2A,2,86,O,997,786,211,0,295,2,292,2,43,94,11,37,88,6,0,6,0,0,0,0,0,0,0,0,0,0,0,2,0,0,0,0,0,0,0,0,0,5,0,0,0,0,0,0,0,0,0,0,0,0,0,0,0,0,0,0
Erststimme,11W203,"11",Lichtenberg,"203",W,2B,2,86,O,1026,804,222,0,265,2,264,1,35,89,6,38,75,3,0,11,0,0,0,0,0,0,0,0,0,0,0,3,0,0,0,0,0,0,0,0,0,4,0,0,0,0,0,0,0,0,0,0,0,0,0,0,0,0,0,0
Erststimme,11W204,"11",Lichtenberg,"204",W,2B,2,86,O,879,678,201,0,214,0,210,4,27,59,4,38,65,4,0,11,0,0,0,0,0,0,0,0,0,0,0,1,0,0,0,0,0,0,0,0,0,1,0,0,0,0,0,0,0,0,0,0,0,0,0,0,0,0,0,0
Erststimme,11W205,"11",Lichtenberg,"205",W,2C,2,86,O,992,814,178,0,334,2,332,2,35,102,17,55,85,15,0,14,0,0,0,0,0,0,0,0,0,0,0,2,0,0,0,0,0,0,0,0,0,7,0,0,0,0,0,0,0,0,0,0,0,0,0,0,0,0,0,0
Erststimme,11W206,"11",Lichtenberg,"206",W,2C,2,86,O,925,757,168,0,278,0,272,6,29,107,5,40,75,4,0,8,0,0,0,0,0,0,0,0,0,0,0,2,0,0,0,0,0,0,0,0,0,2,0,0,0,0,0,0,0,0,0,0,0,0,0,0,0,0,0,0
Erststimme,11W207,"11",Lichtenberg,"207",W,2D,2,86,O,838,658,180,0,248,1,238,10,36,78,12,26,66,6,0,13,0,0,0,0,0,0,0,0,0,0,0,1,0,0,0,0,0,0,0,0,0,0,0,0,0,0,0,0,0,0,0,0,0,0,0,0,0,0,0,0
Erststimme,11W208,"11",Lichtenberg,"208",W,2D,2,86,O,1111,640,471,0,379,0,375,4,44,183,26,46,49,11,0,9,0,0,0,0,0,0,0,0,0,0,0,4,0,0,0,0,0,0,0,0,0,3,0,0,0,0,0,0,0,0,0,0,0,0,0,0,0,0,0,0
Erststimme,11W209,"11",Lichtenberg,"209",W,2E,2,86,O,1042,607,435,0,401,0,396,4,43,214,21,54,49,5,0,6,0,0,0,0,0,0,0,0,0,0,0,2,0,0,0,0,0,0,0,0,0,2,0,0,0,0,0,0,0,0,0,0,0,0,0,0,0,0,0,0
Erststimme,11W210,"11",Lichtenberg,"210",W,2F,2,86,O,941,681,260,0,311,1,309,2,32,115,11,59,71,3,0,13,0,0,0,0,0,0,0,0,0,0,0,1,0,0,0,0,0,0,0,0,0,4,0,0,0,0,0,0,0,0,0,0,0,0,0,0,0,0,0,0
Erststimme,11W211,"11",Lichtenberg,"211",W,2E,2,86,O,917,635,282,0,383,0,376,7,50,155,13,61,70,8,0,11,0,0,0,0,0,0,0,0,0,0,0,3,0,0,0,0,0,0,0,0,0,5,0,0,0,0,0,0,0,0,0,0,0,0,0,0,0,0,0,0
Erststimme,11W212,"11",Lichtenberg,"212",W,2I,2,86,O,851,567,284,0,349,0,343,6,34,164,14,57,49,10,0,10,0,0,0,0,0,0,0,0,0,0,0,0,0,0,0,0,0,0,0,0,0,5,0,0,0,0,0,0,0,0,0,0,0,0,0,0,0,0,0,0
Erststimme,11W213,"11",Lichtenberg,"213",W,2F,2,86,O,750,547,203,0,214,1,211,3,33,83,18,24,32,5,0,7,0,0,0,0,0,0,0,0,0,0,0,0,0,0,0,0,0,0,0,0,0,9,0,0,0,0,0,0,0,0,0,0,0,0,0,0,0,0,0,0
Erststimme,11W214,"11",Lichtenberg,"214",W,2G,2,86,O,871,681,190,0,206,0,204,2,21,58,6,52,42,7,0,13,0,0,0,0,0,0,0,0,0,0,0,2,0,0,0,0,0,0,0,0,0,3,0,0,0,0,0,0,0,0,0,0,0,0,0,0,0,0,0,0
Erststimme,11W215,"11",Lichtenberg,"215",W,2G,2,86,O,970,607,363,0,329,3,323,5,24,186,9,43,42,4,0,9,0,0,0,0,0,0,0,0,0,0,0,2,0,0,0,0,0,0,0,0,0,4,0,0,0,0,0,0,0,0,0,0,0,0,0,0,0,0,0,0
Erststimme,11W216,"11",Lichtenberg,"216",W,2H,2,86,O,1092,697,395,0,479,6,475,4,49,216,41,60,68,25,0,8,0,0,0,0,0,0,0,0,0,0,0,6,0,0,0,0,0,0,0,0,0,2,0,0,0,0,0,0,0,0,0,0,0,0,0,0,0,0,0,0
Erststimme,11W217,"11",Lichtenberg,"217",W,2H,2,86,O,999,690,309,0,403,4,398,5,62,176,14,63,63,1,0,13,0,0,0,0,0,0,0,0,0,0,0,2,0,0,0,0,0,0,0,0,0,4,0,0,0,0,0,0,0,0,0,0,0,0,0,0,0,0,0,0
Erststimme,11W218,"11",Lichtenberg,"218",W,2I,2,86,O,780,594,186,0,221,2,217,4,26,65,14,41,55,4,0,9,0,0,0,0,0,0,0,0,0,0,0,1,0,0,0,0,0,0,0,0,0,2,0,0,0,0,0,0,0,0,0,0,0,0,0,0,0,0,0,0
Erststimme,11W219,"11",Lichtenberg,"219",W,2K,2,86,O,892,677,215,0,270,0,268,2,62,91,9,44,49,3,0,6,0,0,0,0,0,0,0,0,0,0,0,2,0,0,0,0,0,0,0,0,0,2,0,0,0,0,0,0,0,0,0,0,0,0,0,0,0,0,0,0
Erststimme,11W220,"11",Lichtenberg,"220",W,2K,2,86,O,923,667,256,0,359,0,355,4,36,155,25,47,68,7,0,13,0,0,0,0,0,0,0,0,0,0,0,1,0,0,0,0,0,0,0,0,0,3,0,0,0,0,0,0,0,0,0,0,0,0,0,0,0,0,0,0
Erststimme,11W221,"11",Lichtenberg,"221",W,2L,2,86,O,1036,660,376,0,357,5,356,1,54,144,24,55,51,7,0,11,0,0,0,0,0,0,0,0,0,0,0,2,0,0,0,0,0,0,0,0,0,8,0,0,0,0,0,0,0,0,0,0,0,0,0,0,0,0,0,0
Erststimme,11W222,"11",Lichtenberg,"222",W,2L,2,86,O,1020,748,272,0,371,2,366,5,54,124,20,69,65,7,0,17,0,0,0,0,0,0,0,0,0,0,0,5,0,0,0,0,0,0,0,0,0,5,0,0,0,0,0,0,0,0,0,0,0,0,0,0,0,0,0,0
Erststimme,11W223,"11",Lichtenberg,"223",W,2M,2,86,O,862,613,249,0,264,3,258,6,35,80,12,70,49,5,0,7,0,0,0,0,0,0,0,0,0,0,0,0,0,0,0,0,0,0,0,0,0,0,0,0,0,0,0,0,0,0,0,0,0,0,0,0,0,0,0,0
Erststimme,11W224,"11",Lichtenberg,"224",W,2N,2,86,O,868,603,265,0,377,3,373,4,52,175,28,52,45,6,0,10,0,0,0,0,0,0,0,0,0,0,0,5,0,0,0,0,0,0,0,0,0,0,0,0,0,0,0,0,0,0,0,0,0,0,0,0,0,0,0,0
Erststimme,11W225,"11",Lichtenberg,"225",W,2P,2,86,O,888,616,272,0,348,5,342,5,53,148,15,50,53,5,0,11,0,0,0,0,0,0,0,0,0,0,0,2,0,0,0,0,0,0,0,0,0,5,0,0,0,0,0,0,0,0,0,0,0,0,0,0,0,0,0,0
Erststimme,11W226,"11",Lichtenberg,"226",W,2Q,2,86,O,1121,872,249,0,457,4,455,2,57,148,41,70,87,10,0,28,0,0,0,0,0,0,0,0,0,0,0,6,0,0,0,0,0,0,0,0,0,8,0,0,0,0,0,0,0,0,0,0,0,0,0,0,0,0,0,0
Erststimme,11W227,"11",Lichtenberg,"227",W,2P,2,86,O,951,689,262,0,343,5,339,4,49,114,26,62,54,11,0,13,0,0,0,0,0,0,0,0,0,0,0,2,0,0,0,0,0,0,0,0,0,8,0,0,0,0,0,0,0,0,0,0,0,0,0,0,0,0,0,0
Erststimme,11W228,"11",Lichtenberg,"228",W,2M,2,86,O,956,630,326,0,351,2,347,0,57,145,16,43,55,9,0,13,0,0,0,0,0,0,0,0,0,0,0,7,0,0,0,0,0,0,0,0,0,2,0,0,0,0,0,0,0,0,0,0,0,0,0,0,0,0,0,0
Erststimme,11W229,"11",Lichtenberg,"229",W,2N,2,86,O,1038,682,356,0,382,0,379,3,67,101,61,65,43,16,0,22,0,0,0,0,0,0,0,0,0,0,0,4,0,0,0,0,0,0,0,0,0,0,0,0,0,0,0,0,0,0,0,0,0,0,0,0,0,0,0,0
Erststimme,11W230,"11",Lichtenberg,"230",W,2Q,2,86,O,876,587,289,0,312,5,307,5,40,116,21,47,52,7,0,18,0,0,0,0,0,0,0,0,0,0,0,4,0,0,0,0,0,0,0,0,0,2,0,0,0,0,0,0,0,0,0,0,0,0,0,0,0,0,0,0
Erststimme,11W231,"11",Lichtenberg,"231",W,2R,2,86,O,1087,819,268,0,339,1,334,5,65,90,13,66,73,4,0,17,0,0,0,0,0,0,0,0,0,0,0,1,0,0,0,0,0,0,0,0,0,5,0,0,0,0,0,0,0,0,0,0,0,0,0,0,0,0,0,0
Erststimme,11W232,"11",Lichtenberg,"232",W,2R,2,86,O,1526,1111,415,0,476,3,466,10,89,119,32,93,87,12,0,23,0,0,0,0,0,0,0,0,0,0,0,4,0,0,0,0,0,0,0,0,0,7,0,0,0,0,0,0,0,0,0,0,0,0,0,0,0,0,0,0
Erststimme,11W233,"11",Lichtenberg,"233",W,2S,2,86,O,939,671,268,0,358,0,357,1,49,124,9,70,64,6,0,28,0,0,0,0,0,0,0,0,0,0,0,2,0,0,0,0,0,0,0,0,0,5,0,0,0,0,0,0,0,0,0,0,0,0,0,0,0,0,0,0
Erststimme,11W234,"11",Lichtenberg,"234",W,2S,2,86,O,845,487,358,0,261,1,258,3,54,85,17,32,47,8,0,9,0,0,0,0,0,0,0,0,0,0,0,3,0,0,0,0,0,0,0,0,0,3,0,0,0,0,0,0,0,0,0,0,0,0,0,0,0,0,0,0
Erststimme,11B2A,"11",Lichtenberg,2A,B,2A,2,86,O,0,0,0,0,466,466,463,3,58,219,16,76,61,11,0,13,0,0,0,0,0,0,0,0,0,0,0,1,0,0,0,0,0,0,0,0,0,8,0,0,0,0,0,0,0,0,0,0,0,0,0,0,0,0,0,0
Erststimme,11B2B,"11",Lichtenberg,2B,B,2B,2,86,O,0,0,0,0,383,383,376,7,69,137,16,71,55,8,0,16,0,0,0,0,0,0,0,0,0,0,0,2,0,0,0,0,0,0,0,0,0,2,0,0,0,0,0,0,0,0,0,0,0,0,0,0,0,0,0,0
Erststimme,11B2C,"11",Lichtenberg,2C,B,2C,2,86,O,0,0,0,0,318,318,318,0,27,130,10,71,44,4,0,22,0,0,0,0,0,0,0,0,0,0,0,5,0,0,0,0,0,0,0,0,0,5,0,0,0,0,0,0,0,0,0,0,0,0,0,0,0,0,0,0
Erststimme,11B2D,"11",Lichtenberg,2D,B,2D,2,86,O,0,0,0,0,592,592,583,7,83,293,32,81,62,7,0,15,0,0,0,0,0,0,0,0,0,0,0,5,0,0,0,0,0,0,0,0,0,5,0,0,0,0,0,0,0,0,0,0,0,0,0,0,0,0,0,0
Erststimme,11B2E,"11",Lichtenberg,2E,B,2E,2,86,O,0,0,0,0,649,649,647,2,76,314,55,116,53,12,0,17,0,0,0,0,0,0,0,0,0,0,0,0,0,0,0,0,0,0,0,0,0,4,0,0,0,0,0,0,0,0,0,0,0,0,0,0,0,0,0,0
Erststimme,11B2F,"11",Lichtenberg,2F,B,2F,2,86,O,0,0,0,0,417,417,414,3,69,168,26,76,41,4,0,20,0,0,0,0,0,0,0,0,0,0,0,2,0,0,0,0,0,0,0,0,0,8,0,0,0,0,0,0,0,0,0,0,0,0,0,0,0,0,0,0
Erststimme,11B2G,"11",Lichtenberg,2G,B,2G,2,86,O,0,0,0,0,504,504,503,1,51,231,18,121,57,9,0,11,0,0,0,0,0,0,0,0,0,0,0,2,0,0,0,0,0,0,0,0,0,3,0,0,0,0,0,0,0,0,0,0,0,0,0,0,0,0,0,0
Erststimme,11B2H,"11",Lichtenberg,2H,B,2H,2,86,O,0,0,0,0,636,636,631,5,94,272,46,138,47,16,0,5,0,0,0,0,0,0,0,0,0,0,0,5,0,0,0,0,0,0,0,0,0,8,0,0,0,0,0,0,0,0,0,0,0,0,0,0,0,0,0,0
Erststimme,11B2I,"11",Lichtenberg,2I,B,2I,2,86,O,0,0,0,0,438,438,434,3,64,193,34,79,38,7,0,13,0,0,0,0,0,0,0,0,0,0,0,3,0,0,0,0,0,0,0,0,0,3,0,0,0,0,0,0,0,0,0,0,0,0,0,0,0,0,0,0
Erststimme,11B2K,"11",Lichtenberg,2K,B,2K,2,86,O,0,0,0,0,411,411,410,0,68,159,29,84,44,9,0,11,0,0,0,0,0,0,0,0,0,0,0,4,0,0,0,0,0,0,0,0,0,2,0,0,0,0,0,0,0,0,0,0,0,0,0,0,0,0,0,0
Erststimme,11B2L,"11",Lichtenberg,2L,B,2L,2,86,O,0,0,0,0,592,592,585,7,109,228,52,113,43,14,0,23,0,0,0,0,0,0,0,0,0,0,0,1,0,0,0,0,0,0,0,0,0,2,0,0,0,0,0,0,0,0,0,0,0,0,0,0,0,0,0,0
Erststimme,11B2M,"11",Lichtenberg,2M,B,2M,2,86,O,0,0,0,0,532,532,527,5,76,237,36,80,47,20,0,22,0,0,0,0,0,0,0,0,0,0,0,2,0,0,0,0,0,0,0,0,0,7,0,0,0,0,0,0,0,0,0,0,0,0,0,0,0,0,0,0
Erststimme,11B2N,"11",Lichtenberg,2N,B,2N,2,86,O,0,0,0,0,571,571,565,6,91,229,88,80,30,17,0,27,0,0,0,0,0,0,0,0,0,0,0,1,0,0,0,0,0,0,0,0,0,2,0,0,0,0,0,0,0,0,0,0,0,0,0,0,0,0,0,0
Erststimme,11B2P,"11",Lichtenberg,2P,B,2P,2,86,O,0,0,0,0,477,477,471,4,71,159,60,78,66,9,0,24,0,0,0,0,0,0,0,0,0,0,0,3,0,0,0,0,0,0,0,0,0,1,0,0,0,0,0,0,0,0,0,0,0,0,0,0,0,0,0,0
Erststimme,11B2Q,"11",Lichtenberg,2Q,B,2Q,2,86,O,0,0,0,0,469,469,465,2,79,158,58,85,46,12,0,21,0,0,0,0,0,0,0,0,0,0,0,3,0,0,0,0,0,0,0,0,0,3,0,0,0,0,0,0,0,0,0,0,0,0,0,0,0,0,0,0
Erststimme,11B2R,"11",Lichtenberg,2R,B,2R,2,86,O,0,0,0,0,628,628,625,3,125,203,47,116,59,27,0,34,0,0,0,0,0,0,0,0,0,0,0,2,0,0,0,0,0,0,0,0,0,12,0,0,0,0,0,0,0,0,0,0,0,0,0,0,0,0,0,0
Erststimme,11B2S,"11",Lichtenberg,2S,B,2S,2,86,O,0,0,0,0,565,565,561,3,107,204,29,109,61,12,0,30,0,0,0,0,0,0,0,0,0,0,0,2,0,0,0,0,0,0,0,0,0,7,0,0,0,0,0,0,0,0,0,0,0,0,0,0,0,0,0,0
Erststimme,11W301,"11",Lichtenberg,"301",W,3A,3,86,O,1049,840,209,0,360,1,351,9,67,71,16,74,82,7,0,26,0,0,0,0,0,0,0,0,0,0,0,2,0,0,0,0,0,0,0,0,0,6,0,0,0,0,0,0,0,0,0,0,0,0,0,0,0,0,0,0
Erststimme,11W302,"11",Lichtenberg,"302",W,3F,3,86,O,1024,742,282,0,305,5,303,2,64,80,24,62,50,13,0,5,0,0,0,0,0,0,0,0,0,0,0,1,0,0,0,0,0,0,0,0,0,4,0,0,0,0,0,0,0,0,0,0,0,0,0,0,0,0,0,0
Erststimme,11W303,"11",Lichtenberg,"303",W,3A,3,86,O,941,657,284,0,274,0,268,6,75,68,10,60,43,3,0,4,0,0,0,0,0,0,0,0,0,0,0,4,0,0,0,0,0,0,0,0,0,1,0,0,0,0,0,0,0,0,0,0,0,0,0,0,0,0,0,0
Erststimme,11W304,"11",Lichtenberg,"304",W,3A,3,86,O,911,764,147,0,243,0,239,4,52,43,22,61,38,7,0,10,0,0,0,0,1,0,0,0,0,0,0,3,0,0,0,0,0,0,0,0,0,2,0,0,0,0,0,0,0,0,0,0,0,0,0,0,0,0,0,0
Erststimme,11W305,"11",Lichtenberg,"305",W,3B,3,86,O,970,702,268,0,340,1,337,3,51,79,26,76,72,14,0,11,0,0,0,0,0,0,0,0,0,0,0,4,0,0,0,0,0,0,0,0,0,4,0,0,0,0,0,0,0,0,0,0,0,0,0,0,0,0,0,0
Erststimme,11W306,"11",Lichtenberg,"306",W,3B,3,86,O,1032,726,306,0,351,9,347,4,70,93,29,68,52,13,0,12,0,0,0,0,1,0,0,0,0,0,0,5,0,0,0,0,0,0,0,0,0,4,0,0,0,0,0,0,0,0,0,0,0,0,0,0,0,0,0,0
Erststimme,11W307,"11",Lichtenberg,"307",W,3C,3,86,O,992,747,245,0,360,2,356,4,61,92,36,56,64,10,0,25,0,0,0,0,0,0,0,0,0,0,0,5,0,0,0,0,0,0,0,0,0,7,0,0,0,0,0,0,0,0,0,0,0,0,0,0,0,0,0,0
Erststimme,11W308,"11",Lichtenberg,"308",W,3C,3,86,O,966,744,222,0,313,3,309,4,43,70,17,76,67,9,0,19,0,0,0,0,0,0,0,0,0,0,0,4,0,0,0,0,0,0,0,0,0,4,0,0,0,0,0,0,0,0,0,0,0,0,0,0,0,0,0,0
Erststimme,11W309,"11",Lichtenberg,"309",W,3D,3,86,O,959,685,274,0,277,4,275,1,38,80,18,53,61,8,0,9,0,0,0,0,0,0,0,0,0,0,0,5,0,0,0,0,0,0,0,0,0,3,0,0,0,0,0,0,0,0,0,0,0,0,0,0,0,0,0,0
Erststimme,11W310,"11",Lichtenberg,"310",W,3D,3,86,O,1037,800,237,0,280,0,274,6,56,59,18,75,45,4,0,11,0,0,0,0,0,0,0,0,0,0,0,3,0,0,0,0,0,0,0,0,0,3,0,0,0,0,0,0,0,0,0,0,0,0,0,0,0,0,0,0
Erststimme,11W311,"11",Lichtenberg,"311",W,3E,3,86,O,1197,958,239,0,423,1,421,2,67,140,13,69,92,16,0,15,0,0,0,0,0,0,0,0,0,0,0,2,0,0,0,0,0,0,0,0,0,7,0,0,0,0,0,0,0,0,0,0,0,0,0,0,0,0,0,0
Erststimme,11W312,"11",Lichtenberg,"312",W,3E,3,86,O,1170,906,264,0,416,3,410,6,59,126,13,60,108,16,0,18,0,0,0,0,0,0,0,0,0,0,0,2,0,0,0,0,0,0,0,0,0,8,0,0,0,0,0,0,0,0,0,0,0,0,0,0,0,0,0,0
Erststimme,11W313,"11",Lichtenberg,"313",W,3F,3,86,O,1204,831,373,0,325,2,316,9,57,89,26,64,50,7,0,14,0,0,0,0,0,0,0,0,0,0,0,6,0,0,0,0,0,0,0,0,0,3,0,0,0,0,0,0,0,0,0,0,0,0,0,0,0,0,0,0
Erststimme,11W314,"11",Lichtenberg,"314",W,3G,3,86,O,980,702,278,0,250,2,247,3,41,52,21,53,58,7,0,10,0,0,0,0,1,0,0,0,0,0,0,2,0,0,0,0,0,0,0,0,0,2,0,0,0,0,0,0,0,0,0,0,0,0,0,0,0,0,0,0
Erststimme,11W315,"11",Lichtenberg,"315",W,3G,3,86,O,930,641,289,0,265,0,263,2,40,67,10,64,58,5,0,13,0,0,0,0,1,0,0,0,0,0,0,2,0,0,0,0,0,0,0,0,0,3,0,0,0,0,0,0,0,0,0,0,0,0,0,0,0,0,0,0
Erststimme,11W316,"11",Lichtenberg,"316",W,3H,3,86,O,857,650,207,0,308,1,299,9,64,65,13,73,52,6,0,21,0,0,0,0,0,0,0,0,0,0,0,0,0,0,0,0,0,0,0,0,0,5,0,0,0,0,0,0,0,0,0,0,0,0,0,0,0,0,0,0
Erststimme,11W317,"11",Lichtenberg,"317",W,3H,3,86,O,881,682,199,0,272,5,269,3,53,59,12,77,46,5,0,12,0,0,0,0,0,0,0,0,0,0,0,3,0,0,0,0,0,0,0,0,0,2,0,0,0,0,0,0,0,0,0,0,0,0,0,0,0,0,0,0
Erststimme,11W318,"11",Lichtenberg,"318",W,3L,3,86,O,988,795,193,0,206,3,206,0,32,34,47,29,32,7,0,18,0,0,0,0,0,0,0,0,0,0,0,2,0,0,0,0,0,0,0,0,0,5,0,0,0,0,0,0,0,0,0,0,0,0,0,0,0,0,0,0
Erststimme,11W319,"11",Lichtenberg,"319",W,3L,3,86,O,808,599,209,0,158,0,154,4,30,39,15,33,20,5,0,8,0,0,0,0,1,0,0,0,0,0,0,1,0,0,0,0,0,0,0,0,0,2,0,0,0,0,0,0,0,0,0,0,0,0,0,0,0,0,0,0
Erststimme,11W320,"11",Lichtenberg,"320",W,3I,3,86,O,1017,730,287,0,294,1,288,6,59,70,23,63,44,9,0,16,0,0,0,0,0,0,0,0,0,0,0,3,0,0,0,0,0,0,0,0,0,1,0,0,0,0,0,0,0,0,0,0,0,0,0,0,0,0,0,0
Erststimme,11W321,"11",Lichtenberg,"321",W,3I,3,86,O,920,709,211,0,270,3,261,7,33,60,9,59,73,6,0,12,0,0,0,0,1,0,0,0,0,0,0,3,0,0,0,0,0,0,0,0,0,5,0,0,0,0,0,0,0,0,0,0,0,0,0,0,0,0,0,0
Erststimme,11W322,"11",Lichtenberg,"322",W,3K,3,86,O,786,605,181,0,226,1,223,3,42,47,14,55,37,9,0,14,0,0,0,0,2,0,0,0,0,0,0,0,0,0,0,0,0,0,0,0,0,3,0,0,0,0,0,0,0,0,0,0,0,0,0,0,0,0,0,0
Erststimme,11W323,"11",Lichtenberg,"323",W,3K,3,86,O,958,737,221,0,286,1,280,6,40,68,23,62,53,4,0,25,0,0,0,0,0,0,0,0,0,0,0,3,0,0,0,0,0,0,0,0,0,2,0,0,0,0,0,0,0,0,0,0,0,0,0,0,0,0,0,0
Erststimme,11W324,"11",Lichtenberg,"324",W,3L,3,86,O,714,429,285,0,233,7,232,1,30,41,66,45,13,22,0,10,0,0,0,0,0,0,0,0,0,0,0,2,0,0,0,0,0,0,0,0,0,3,0,0,0,0,0,0,0,0,0,0,0,0,0,0,0,0,0,0
Erststimme,11W325,"11",Lichtenberg,"325",W,3M,3,86,O,952,687,265,0,370,7,366,4,83,96,23,79,48,14,0,16,0,0,0,0,0,0,0,0,0,0,0,1,0,0,0,0,0,0,0,0,0,6,0,0,0,0,0,0,0,0,0,0,0,0,0,0,0,0,0,0
Erststimme,11W326,"11",Lichtenberg,"326",W,3M,3,86,O,647,431,216,0,274,4,273,1,49,71,49,41,32,13,0,16,0,0,0,0,0,0,0,0,0,0,0,1,0,0,0,0,0,0,0,0,0,1,0,0,0,0,0,0,0,0,0,0,0,0,0,0,0,0,0,0
Erststimme,11W327,"11",Lichtenberg,"327",W,3N,3,86,O,853,591,262,0,331,5,328,3,52,60,55,85,45,9,0,18,0,0,0,0,0,0,0,0,0,0,0,2,0,0,0,0,0,0,0,0,0,2,0,0,0,0,0,0,0,0,0,0,0,0,0,0,0,0,0,0
Erststimme,11W328,"11",Lichtenberg,"328",W,3N,3,86,O,1187,868,319,0,341,7,340,1,37,50,70,94,43,10,0,23,0,0,0,0,1,0,0,0,0,0,0,6,0,0,0,0,0,0,0,0,0,6,0,0,0,0,0,0,0,0,0,0,0,0,0,0,0,0,0,0
Erststimme,11W329,"11",Lichtenberg,"329",W,3P,3,86,O,775,507,268,0,233,4,231,2,29,51,25,68,33,7,0,9,0,0,0,0,0,0,0,0,0,0,0,3,0,0,0,0,0,0,0,0,0,6,0,0,0,0,0,0,0,0,0,0,0,0,0,0,0,0,0,0
Erststimme,11W330,"11",Lichtenberg,"330",W,3P,3,86,O,1019,726,293,0,278,5,275,2,47,74,17,59,51,8,0,13,0,0,0,0,1,0,0,0,0,0,0,0,0,0,0,0,0,0,0,0,0,5,0,0,0,0,0,0,0,0,0,0,0,0,0,0,0,0,0,0
Erststimme,11W331,"11",Lichtenberg,"331",W,3Q,3,86,O,956,725,231,0,385,5,382,1,60,94,13,119,64,5,0,19,0,0,0,0,0,0,0,0,0,0,0,5,0,0,0,0,0,0,0,0,0,3,0,0,0,0,0,0,0,0,0,0,0,0,0,0,0,0,0,0
Erststimme,11W332,"11",Lichtenberg,"332",W,3Q,3,86,O,898,661,237,0,216,2,215,1,32,46,14,51,45,7,0,13,0,0,0,0,0,0,0,0,0,0,0,2,0,0,0,0,0,0,0,0,0,5,0,0,0,0,0,0,0,0,0,0,0,0,0,0,0,0,0,0
Erststimme,11W333,"11",Lichtenberg,"333",W,3R,3,86,O,927,714,213,0,320,0,313,6,53,70,12,80,64,9,0,18,0,0,0,0,0,0,0,0,0,0,0,0,0,0,0,0,0,0,0,0,0,7,0,0,0,0,0,0,0,0,0,0,0,0,0,0,0,0,0,0
Erststimme,11W334,"11",Lichtenberg,"334",W,3R,3,86,O,667,547,120,0,197,2,196,1,32,50,16,26,54,5,0,11,0,0,0,0,1,0,0,0,0,0,0,1,0,0,0,0,0,0,0,0,0,0,0,0,0,0,0,0,0,0,0,0,0,0,0,0,0,0,0,0
Erststimme,11W335,"11",Lichtenberg,"335",W,3S,3,86,O,816,631,185,0,234,0,229,5,46,41,29,45,38,10,0,13,0,0,0,0,0,0,0,0,0,0,0,1,0,0,0,0,0,0,0,0,0,6,0,0,0,0,0,0,0,0,0,0,0,0,0,0,0,0,0,0
Erststimme,11W336,"11",Lichtenberg,"336",W,3S,3,86,O,768,561,207,0,310,0,305,5,45,78,22,58,67,10,0,20,0,0,0,0,1,0,0,0,0,0,0,2,0,0,0,0,0,0,0,0,0,2,0,0,0,0,0,0,0,0,0,0,0,0,0,0,0,0,0,0
Erststimme,11B3A,"11",Lichtenberg,3A,B,3A,3,86,O,0,0,0,0,659,659,654,5,163,142,35,181,71,23,0,29,0,0,0,0,1,0,0,0,0,0,0,1,0,0,0,0,0,0,0,0,0,8,0,0,0,0,0,0,0,0,0,0,0,0,0,0,0,0,0,0
Erststimme,11B3B,"11",Lichtenberg,3B,B,3B,3,86,O,0,0,0,0,495,495,490,5,123,123,35,106,49,20,0,27,0,0,0,0,1,0,0,0,0,0,0,2,0,0,0,0,0,0,0,0,0,4,0,0,0,0,0,0,0,0,0,0,0,0,0,0,0,0,0,0
Erststimme,11B3C,"11",Lichtenberg,3C,B,3C,3,86,O,0,0,0,0,415,415,412,3,66,100,45,107,41,24,0,20,0,0,0,0,0,0,0,0,0,0,0,2,0,0,0,0,0,0,0,0,0,7,0,0,0,0,0,0,0,0,0,0,0,0,0,0,0,0,0,0
Erststimme,11B3D,"11",Lichtenberg,3D,B,3D,3,86,O,0,0,0,0,456,456,452,3,109,111,19,115,44,17,0,23,0,0,0,0,0,0,0,0,0,0,0,9,0,0,0,0,0,0,0,0,0,5,0,0,0,0,0,0,0,0,0,0,0,0,0,0,0,0,0,0
Erststimme,11B3E,"11",Lichtenberg,3E,B,3E,3,86,O,0,0,0,0,435,435,431,4,84,134,28,79,63,13,0,13,0,0,0,0,0,0,0,0,0,0,0,7,0,0,0,0,0,0,0,0,0,10,0,0,0,0,0,0,0,0,0,0,0,0,0,0,0,0,0,0
Erststimme,11B3F,"11",Lichtenberg,3F,B,3F,3,86,O,0,0,0,0,581,581,579,2,160,136,47,132,54,15,0,25,0,0,0,0,0,0,0,0,0,0,0,6,0,0,0,0,0,0,0,0,0,4,0,0,0,0,0,0,0,0,0,0,0,0,0,0,0,0,0,0
Erststimme,11B3G,"11",Lichtenberg,3G,B,3G,3,86,O,0,0,0,0,505,505,499,5,93,133,28,144,43,20,0,22,0,0,0,0,0,0,0,0,0,0,0,8,0,0,0,0,0,0,0,0,0,8,0,0,0,0,0,0,0,0,0,0,0,0,0,0,0,0,0,0
Erststimme,11B3H,"11",Lichtenberg,3H,B,3H,3,86,O,0,0,0,0,362,362,361,1,83,80,20,101,43,8,0,18,0,0,0,0,0,0,0,0,0,0,0,2,0,0,0,0,0,0,0,0,0,6,0,0,0,0,0,0,0,0,0,0,0,0,0,0,0,0,0,0
Erststimme,11B3I,"11",Lichtenberg,3I,B,3I,3,86,O,0,0,0,0,441,441,436,4,92,101,31,125,44,7,0,26,0,0,0,0,0,0,0,0,0,0,0,3,0,0,0,0,0,0,0,0,0,7,0,0,0,0,0,0,0,0,0,0,0,0,0,0,0,0,0,0
Erststimme,11B3K,"11",Lichtenberg,3K,B,3K,3,86,O,0,0,0,0,393,393,391,2,90,75,38,110,37,9,0,26,0,0,0,0,0,0,0,0,0,0,0,1,0,0,0,0,0,0,0,0,0,5,0,0,0,0,0,0,0,0,0,0,0,0,0,0,0,0,0,0
Erststimme,11B3L,"11",Lichtenberg,3L,B,3L,3,86,O,0,0,0,0,578,578,573,5,119,124,105,115,40,29,0,33,0,0,0,0,2,0,0,0,0,0,0,0,0,0,0,0,0,0,0,0,0,6,0,0,0,0,0,0,0,0,0,0,0,0,0,0,0,0,0,0
Erststimme,11B3M,"11",Lichtenberg,3M,B,3M,3,86,O,0,0,0,0,432,432,429,2,84,105,51,111,26,19,0,19,0,0,0,0,1,0,0,0,0,0,0,3,0,0,0,0,0,0,0,0,0,10,0,0,0,0,0,0,0,0,0,0,0,0,0,0,0,0,0,0
Erststimme,11B3N,"11",Lichtenberg,3N,B,3N,3,86,O,0,0,0,0,516,516,513,3,76,71,137,133,29,14,0,34,0,0,0,0,2,0,0,0,0,0,0,6,0,0,0,0,0,0,0,0,0,11,0,0,0,0,0,0,0,0,0,0,0,0,0,0,0,0,0,0
Erststimme,11B3P,"11",Lichtenberg,3P,B,3P,3,86,O,0,0,0,0,489,489,486,1,93,105,41,144,58,14,0,22,0,0,0,0,1,0,0,0,0,0,0,1,0,0,0,0,0,0,0,0,0,7,0,0,0,0,0,0,0,0,0,0,0,0,0,0,0,0,0,0
Erststimme,11B3Q,"11",Lichtenberg,3Q,B,3Q,3,86,O,0,0,0,0,431,431,427,2,96,90,28,112,49,12,0,26,0,0,0,0,1,0,0,0,0,0,0,4,0,0,0,0,0,0,0,0,0,9,0,0,0,0,0,0,0,0,0,0,0,0,0,0,0,0,0,0
Erststimme,11B3R,"11",Lichtenberg,3R,B,3R,3,86,O,0,0,0,0,288,288,282,6,53,71,17,84,31,7,0,14,0,0,0,0,0,0,0,0,0,0,0,2,0,0,0,0,0,0,0,0,0,3,0,0,0,0,0,0,0,0,0,0,0,0,0,0,0,0,0,0
Erststimme,11B3S,"11",Lichtenberg,3S,B,3S,3,86,O,0,0,0,0,352,352,348,3,69,80,35,73,45,16,0,17,0,0,0,0,1,0,0,0,0,0,0,2,0,0,0,0,0,0,0,0,0,10,0,0,0,0,0,0,0,0,0,0,0,0,0,0,0,0,0,0
Erststimme,11W401,"11",Lichtenberg,"401",W,4A,4,86,O,1025,761,264,0,333,2,330,3,60,60,48,92,42,0,0,20,0,0,0,0,0,0,0,0,0,0,0,3,0,0,0,0,0,0,0,0,0,5,0,0,0,0,0,0,0,0,0,0,0,0,0,0,0,0,0,0
Erststimme,11W402,"11",Lichtenberg,"402",W,4A,4,86,O,867,628,239,0,348,3,345,3,58,98,35,84,52,0,0,13,0,0,0,0,0,0,0,0,0,0,0,3,0,0,0,0,0,0,0,0,0,2,0,0,0,0,0,0,0,0,0,0,0,0,0,0,0,0,0,0
Erststimme,11W403,"11",Lichtenberg,"403",W,4B,4,86,O,983,708,275,0,320,3,313,7,63,56,29,80,56,0,0,21,0,0,0,0,2,0,0,0,0,0,0,1,0,0,0,0,0,0,0,0,0,5,0,0,0,0,0,0,0,0,0,0,0,0,0,0,0,0,0,0
Erststimme,11W404,"11",Lichtenberg,"404",W,4B,4,86,O,921,679,242,0,361,5,355,6,69,81,41,75,64,0,0,18,0,0,0,0,0,0,0,0,0,0,0,3,0,0,0,0,0,0,0,0,0,4,0,0,0,0,0,0,0,0,0,0,0,0,0,0,0,0,0,0
Erststimme,11W405,"11",Lichtenberg,"405",W,4C,4,86,O,985,740,245,0,354,1,348,6,75,93,21,95,46,0,0,10,0,0,0,0,1,0,0,0,0,0,0,4,0,0,0,0,0,0,0,0,0,3,0,0,0,0,0,0,0,0,0,0,0,0,0,0,0,0,0,0
Erststimme,11W406,"11",Lichtenberg,"406",W,4C,4,86,O,906,666,240,0,293,2,289,4,50,68,20,59,68,0,0,17,0,0,0,0,0,0,0,0,0,0,0,6,0,0,0,0,0,0,0,0,0,1,0,0,0,0,0,0,0,0,0,0,0,0,0,0,0,0,0,0
Erststimme,11W407,"11",Lichtenberg,"407",W,4D,4,86,O,987,749,238,0,307,1,303,4,65,53,28,72,66,0,0,11,0,0,0,0,0,0,0,0,0,0,0,4,0,0,0,0,0,0,0,0,0,4,0,0,0,0,0,0,0,0,0,0,0,0,0,0,0,0,0,0
Erststimme,11W408,"11",Lichtenberg,"408",W,4E,4,86,O,981,740,241,0,302,3,297,5,54,56,42,61,62,0,0,18,0,0,0,0,1,0,0,0,0,0,0,2,0,0,0,0,0,0,0,0,0,1,0,0,0,0,0,0,0,0,0,0,0,0,0,0,0,0,0,0
Erststimme,11W409,"11",Lichtenberg,"409",W,4D,4,86,O,966,686,280,0,331,3,324,6,57,70,39,99,40,0,0,15,0,0,0,0,1,0,0,0,0,0,0,1,0,0,0,0,0,0,0,0,0,2,0,0,0,0,0,0,0,0,0,0,0,0,0,0,0,0,0,0
Erststimme,11W410,"11",Lichtenberg,"410",W,4E,4,86,O,1030,760,270,0,296,6,293,2,54,64,19,78,47,0,0,17,0,0,0,0,1,0,0,0,0,0,0,4,0,0,0,0,0,0,0,0,0,9,0,0,0,0,0,0,0,0,0,0,0,0,0,0,0,0,0,0
Erststimme,11W411,"11",Lichtenberg,"411",W,4F,4,86,O,790,567,223,0,216,1,215,1,29,59,24,58,32,0,0,7,0,0,0,0,1,0,0,0,0,0,0,3,0,0,0,0,0,0,0,0,0,2,0,0,0,0,0,0,0,0,0,0,0,0,0,0,0,0,0,0
Erststimme,11W412,"11",Lichtenberg,"412",W,4G,4,86,O,786,577,209,0,308,2,302,6,56,67,30,69,45,0,0,23,0,0,0,0,0,0,0,0,0,0,0,8,0,0,0,0,0,0,0,0,0,4,0,0,0,0,0,0,0,0,0,0,0,0,0,0,0,0,0,0
Erststimme,11W413,"11",Lichtenberg,"413",W,4F,4,86,O,883,580,303,0,330,3,323,7,54,51,47,105,36,0,0,19,0,0,0,0,1,0,0,0,0,0,0,5,0,0,0,0,0,0,0,0,0,5,0,0,0,0,0,0,0,0,0,0,0,0,0,0,0,0,0,0
Erststimme,11W414,"11",Lichtenberg,"414",W,4G,4,86,O,981,723,258,0,265,5,264,1,36,54,32,80,43,0,0,16,0,0,0,0,0,0,0,0,0,0,0,2,0,0,0,0,0,0,0,0,0,1,0,0,0,0,0,0,0,0,0,0,0,0,0,0,0,0,0,0
Erststimme,11W415,"11",Lichtenberg,"415",W,4K,4,86,O,698,460,238,0,269,7,265,4,53,82,56,42,16,0,0,10,0,0,0,0,0,0,0,0,0,0,0,4,0,0,0,0,0,0,0,0,0,2,0,0,0,0,0,0,0,0,0,0,0,0,0,0,0,0,0,0
Erststimme,11W416,"11",Lichtenberg,"416",W,4H,4,86,O,1179,819,360,0,398,13,393,5,79,60,103,97,28,0,0,16,0,0,0,0,0,0,0,0,0,0,0,5,0,0,0,0,0,0,0,0,0,5,0,0,0,0,0,0,0,0,0,0,0,0,0,0,0,0,0,0
Erststimme,11W417,"11",Lichtenberg,"417",W,4H,4,86,O,966,628,338,0,371,3,361,10,79,84,77,71,24,0,0,17,0,0,0,0,1,0,0,0,0,0,0,4,0,0,0,0,0,0,0,0,0,4,0,0,0,0,0,0,0,0,0,0,0,0,0,0,0,0,0,0
Erststimme,11W418,"11",Lichtenberg,"418",W,4I,4,86,O,1007,701,306,0,320,4,318,2,38,58,46,100,44,0,0,25,0,0,0,0,1,0,0,0,0,0,0,2,0,0,0,0,0,0,0,0,0,4,0,0,0,0,0,0,0,0,0,0,0,0,0,0,0,0,0,0
Erststimme,11W419,"11",Lichtenberg,"419",W,4K,4,86,O,920,634,286,0,328,1,326,2,49,55,15,134,53,0,0,12,0,0,0,0,0,0,0,0,0,0,0,4,0,0,0,0,0,0,0,0,0,4,0,0,0,0,0,0,0,0,0,0,0,0,0,0,0,0,0,0
Erststimme,11W420,"11",Lichtenberg,"420",W,4L,4,86,O,957,734,223,0,293,13,290,3,44,51,42,75,47,0,0,26,0,0,0,0,0,0,0,0,0,0,0,0,0,0,0,0,0,0,0,0,0,5,0,0,0,0,0,0,0,0,0,0,0,0,0,0,0,0,0,0
Erststimme,11W421,"11",Lichtenberg,"421",W,4M,4,86,O,1011,727,284,0,375,4,374,1,55,83,72,89,44,0,0,22,0,0,0,0,1,0,0,0,0,0,0,6,0,0,0,0,0,0,0,0,0,2,0,0,0,0,0,0,0,0,0,0,0,0,0,0,0,0,0,0
Erststimme,11W422,"11",Lichtenberg,"422",W,4L,4,86,O,929,686,243,0,366,6,365,1,68,55,72,92,54,0,0,20,0,0,0,0,0,0,0,0,0,0,0,3,0,0,0,0,0,0,0,0,0,1,0,0,0,0,0,0,0,0,0,0,0,0,0,0,0,0,0,0
Erststimme,11W423,"11",Lichtenberg,"423",W,4I,4,86,O,825,573,252,0,319,6,318,1,55,57,76,87,19,0,0,13,0,0,0,0,1,0,0,0,0,0,0,3,0,0,0,0,0,0,0,0,0,7,0,0,0,0,0,0,0,0,0,0,0,0,0,0,0,0,0,0
Erststimme,11W424,"11",Lichtenberg,"424",W,4M,4,86,O,838,571,267,0,239,2,239,0,34,34,60,69,27,0,0,11,0,0,0,0,0,0,0,0,0,0,0,1,0,0,0,0,0,0,0,0,0,3,0,0,0,0,0,0,0,0,0,0,0,0,0,0,0,0,0,0
Erststimme,11W425,"11",Lichtenberg,"425",W,4N,4,86,O,872,640,232,0,304,10,301,3,42,47,57,81,41,0,0,22,0,0,0,0,1,0,0,0,0,0,0,5,0,0,0,0,0,0,0,0,0,5,0,0,0,0,0,0,0,0,0,0,0,0,0,0,0,0,0,0
Erststimme,11W426,"11",Lichtenberg,"426",W,4N,4,86,O,964,678,286,0,341,5,337,4,52,51,72,98,37,0,0,20,0,0,0,0,0,0,0,0,0,0,0,6,0,0,0,0,0,0,0,0,0,1,0,0,0,0,0,0,0,0,0,0,0,0,0,0,0,0,0,0
Erststimme,11W427,"11",Lichtenberg,"427",W,4P,4,86,O,1030,741,289,0,324,3,319,4,63,64,26,87,58,0,0,17,0,0,0,0,0,0,0,0,0,0,0,2,0,0,0,0,0,0,0,0,0,2,0,0,0,0,0,0,0,0,0,0,0,0,0,0,0,0,0,0
Erststimme,11W428,"11",Lichtenberg,"428",W,4P,4,86,O,887,647,240,0,346,6,336,8,61,71,36,86,52,0,0,19,0,0,0,0,1,0,0,0,0,0,0,5,0,0,0,0,0,0,0,0,0,5,0,0,0,0,0,0,0,0,0,0,0,0,0,0,0,0,0,0
Erststimme,11W429,"11",Lichtenberg,"429",W,4Q,4,86,O,1143,892,251,0,328,6,325,3,51,59,37,93,66,0,0,12,0,0,0,0,1,0,0,0,0,0,0,4,0,0,0,0,0,0,0,0,0,2,0,0,0,0,0,0,0,0,0,0,0,0,0,0,0,0,0,0
Erststimme,11W430,"11",Lichtenberg,"430",W,4Q,4,86,O,699,537,162,0,243,3,240,3,42,56,5,68,50,0,0,13,0,0,0,0,1,0,0,0,0,0,0,3,0,0,0,0,0,0,0,0,0,2,0,0,0,0,0,0,0,0,0,0,0,0,0,0,0,0,0,0
Erststimme,11W431,"11",Lichtenberg,"431",W,4R,4,86,O,832,568,264,0,312,4,306,6,67,74,16,87,43,0,0,11,0,0,0,0,0,0,0,0,0,0,0,4,0,0,0,0,0,0,0,0,0,4,0,0,0,0,0,0,0,0,0,0,0,0,0,0,0,0,0,0
Erststimme,11W432,"11",Lichtenberg,"432",W,4R,4,86,O,860,645,215,0,314,6,310,4,68,56,32,87,43,0,0,16,0,0,0,0,0,0,0,0,0,0,0,3,0,0,0,0,0,0,0,0,0,5,0,0,0,0,0,0,0,0,0,0,0,0,0,0,0,0,0,0
Erststimme,11W433,"11",Lichtenberg,"433",W,4T,4,86,O,844,534,310,0,349,6,347,2,47,40,113,109,16,0,0,22,0,0,0,0,0,0,0,0,0,0,0,0,0,0,0,0,0,0,0,0,0,0,0,0,0,0,0,0,0,0,0,0,0,0,0,0,0,0,0,0
Erststimme,11W434,"11",Lichtenberg,"434",W,4S,4,86,O,855,631,224,0,281,4,272,9,53,50,31,72,49,0,0,13,0,0,0,0,0,0,0,0,0,0,0,0,0,0,0,0,0,0,0,0,0,4,0,0,0,0,0,0,0,0,0,0,0,0,0,0,0,0,0,0
Erststimme,11W435,"11",Lichtenberg,"435",W,4T,4,86,O,822,536,286,0,345,14,343,2,37,35,135,93,15,0,0,19,0,0,0,0,0,0,0,0,0,0,0,8,0,0,0,0,0,0,0,0,0,1,0,0,0,0,0,0,0,0,0,0,0,0,0,0,0,0,0,0
Erststimme,11W436,"11",Lichtenberg,"436",W,4S,4,86,O,1005,710,295,0,454,14,453,1,52,46,133,148,26,0,0,39,0,0,0,0,0,0,0,0,0,0,0,5,0,0,0,0,0,0,0,0,0,4,0,0,0,0,0,0,0,0,0,0,0,0,0,0,0,0,0,0
Erststimme,11B4A,"11",Lichtenberg,4A,B,4A,4,86,O,0,0,0,0,639,639,633,6,120,122,85,200,57,0,0,32,0,0,0,0,3,0,0,0,0,0,0,3,0,0,0,0,0,0,0,0,0,11,0,0,0,0,0,0,0,0,0,0,0,0,0,0,0,0,0,0
Erststimme,11B4B,"11",Lichtenberg,4B,B,4B,4,86,O,0,0,0,0,457,457,453,4,109,105,36,127,43,0,0,26,0,0,0,0,0,0,0,0,0,0,0,2,0,0,0,0,0,0,0,0,0,5,0,0,0,0,0,0,0,0,0,0,0,0,0,0,0,0,0,0
Erststimme,11B4C,"11",Lichtenberg,4C,B,4C,4,86,O,0,0,0,0,436,436,432,4,103,105,26,129,47,0,0,12,0,0,0,0,0,0,0,0,0,0,0,1,0,0,0,0,0,0,0,0,0,9,0,0,0,0,0,0,0,0,0,0,0,0,0,0,0,0,0,0
Erststimme,11B4D,"11",Lichtenberg,4D,B,4D,4,86,O,0,0,0,0,452,452,443,4,105,108,49,113,41,0,0,21,0,0,0,0,1,0,0,0,0,0,0,3,0,0,0,0,0,0,0,0,0,2,0,0,0,0,0,0,0,0,0,0,0,0,0,0,0,0,0,0
Erststimme,11B4E,"11",Lichtenberg,4E,B,4E,4,86,O,0,0,0,0,436,436,427,8,108,111,39,108,33,0,0,25,0,0,0,0,0,0,0,0,0,0,0,0,0,0,0,0,0,0,0,0,0,3,0,0,0,0,0,0,0,0,0,0,0,0,0,0,0,0,0,0
Erststimme,11B4F,"11",Lichtenberg,4F,B,4F,4,86,O,0,0,0,0,456,456,454,2,109,73,80,122,43,0,0,21,0,0,0,0,0,0,0,0,0,0,0,2,0,0,0,0,0,0,0,0,0,4,0,0,0,0,0,0,0,0,0,0,0,0,0,0,0,0,0,0
Erststimme,11B4G,"11",Lichtenberg,4G,B,4G,4,86,O,0,0,0,0,416,416,415,1,85,92,73,107,33,0,0,17,0,0,0,0,0,0,0,0,0,0,0,3,0,0,0,0,0,0,0,0,0,5,0,0,0,0,0,0,0,0,0,0,0,0,0,0,0,0,0,0
Erststimme,11B4H,"11",Lichtenberg,4H,B,4H,4,86,O,0,0,0,0,598,598,595,3,125,114,138,156,22,0,0,27,0,0,0,0,0,0,0,0,0,0,0,2,0,0,0,0,0,0,0,0,0,11,0,0,0,0,0,0,0,0,0,0,0,0,0,0,0,0,0,0
Erststimme,11B4I,"11",Lichtenberg,4I,B,4I,4,86,O,0,0,0,0,511,511,508,3,101,67,160,105,25,0,0,36,0,0,0,0,0,0,0,0,0,0,0,6,0,0,0,0,0,0,0,0,0,8,0,0,0,0,0,0,0,0,0,0,0,0,0,0,0,0,0,0
Erststimme,11B4K,"11",Lichtenberg,4K,B,4K,4,86,O,0,0,0,0,462,462,459,3,83,106,70,147,31,0,0,15,0,0,0,0,1,0,0,0,0,0,0,1,0,0,0,0,0,0,0,0,0,5,0,0,0,0,0,0,0,0,0,0,0,0,0,0,0,0,0,0
Erststimme,11B4L,"11",Lichtenberg,4L,B,4L,4,86,O,0,0,0,0,424,424,421,2,83,60,106,106,36,0,0,24,0,0,0,0,2,0,0,0,0,0,0,1,0,0,0,0,0,0,0,0,0,3,0,0,0,0,0,0,0,0,0,0,0,0,0,0,0,0,0,0
Erststimme,11B4M,"11",Lichtenberg,4M,B,4M,4,86,O,0,0,0,0,466,466,462,4,82,73,99,150,18,0,0,26,0,0,0,0,1,0,0,0,0,0,0,8,0,0,0,0,0,0,0,0,0,5,0,0,0,0,0,0,0,0,0,0,0,0,0,0,0,0,0,0
Erststimme,11B4N,"11",Lichtenberg,4N,B,4N,4,86,O,0,0,0,0,455,455,451,1,91,75,117,102,28,0,0,31,0,0,0,0,1,0,0,0,0,0,0,3,0,0,0,0,0,0,0,0,0,3,0,0,0,0,0,0,0,0,0,0,0,0,0,0,0,0,0,0
Erststimme,11B4P,"11",Lichtenberg,4P,B,4P,4,86,O,0,0,0,0,502,502,499,3,122,102,35,144,56,0,0,35,0,0,0,0,0,0,0,0,0,0,0,0,0,0,0,0,0,0,0,0,0,5,0,0,0,0,0,0,0,0,0,0,0,0,0,0,0,0,0,0
Erststimme,11B4Q,"11",Lichtenberg,4Q,B,4Q,4,86,O,0,0,0,0,356,356,354,2,60,65,39,123,35,0,0,17,0,0,0,0,1,0,0,0,0,0,0,8,0,0,0,0,0,0,0,0,0,6,0,0,0,0,0,0,0,0,0,0,0,0,0,0,0,0,0,0
Erststimme,11B4R,"11",Lichtenberg,4R,B,4R,4,86,O,0,0,0,0,427,427,412,15,102,86,43,132,26,0,0,16,0,0,0,0,0,0,0,0,0,0,0,5,0,0,0,0,0,0,0,0,0,2,0,0,0,0,0,0,0,0,0,0,0,0,0,0,0,0,0,0
Erststimme,11B4S,"11",Lichtenberg,4S,B,4S,4,86,O,0,0,0,0,450,450,442,7,64,48,129,138,26,0,0,33,0,0,0,0,0,0,0,0,0,0,0,0,0,0,0,0,0,0,0,0,0,4,0,0,0,0,0,0,0,0,0,0,0,0,0,0,0,0,0,0
Erststimme,11B4T,"11",Lichtenberg,4T,B,4T,4,86,O,0,0,0,0,529,529,526,3,75,73,205,118,21,0,0,17,0,0,0,0,0,0,0,0,0,0,0,2,0,0,0,0,0,0,0,0,0,15,0,0,0,0,0,0,0,0,0,0,0,0,0,0,0,0,0,0
Erststimme,11W501,"11",Lichtenberg,"501",W,5A,5,86,O,808,567,241,0,260,5,258,2,25,37,54,66,29,14,11,17,0,0,0,0,0,0,0,0,0,0,0,2,0,0,0,0,0,0,0,0,0,3,0,0,0,0,0,0,0,0,0,0,0,0,0,0,0,0,0,0
Erststimme,11W502,"11",Lichtenberg,"502",W,5C,5,86,O,997,777,220,0,313,0,306,7,50,56,23,70,70,8,8,11,0,0,0,0,0,0,0,0,0,0,0,3,0,0,0,0,0,0,0,0,0,7,0,0,0,0,0,0,0,0,0,0,0,0,0,0,0,0,0,0
Erststimme,11W503,"11",Lichtenberg,"503",W,5C,5,86,O,1021,789,232,0,337,2,330,7,50,83,17,63,72,10,12,15,0,0,0,0,0,0,0,0,0,0,0,1,0,0,0,0,0,0,0,0,0,7,0,0,0,0,0,0,0,0,0,0,0,0,0,0,0,0,0,0
Erststimme,11W504,"11",Lichtenberg,"504",W,5D,5,86,O,847,601,246,0,328,3,319,9,60,80,16,50,87,6,7,10,0,0,0,0,0,0,0,0,0,0,0,0,0,0,0,0,0,0,0,0,0,3,0,0,0,0,0,0,0,0,0,0,0,0,0,0,0,0,0,0
Erststimme,11W505,"11",Lichtenberg,"505",W,5E,5,86,O,817,616,201,0,202,0,199,3,27,46,14,37,42,6,7,12,0,0,0,0,0,0,0,0,0,0,0,3,0,0,0,0,0,0,0,0,0,5,0,0,0,0,0,0,0,0,0,0,0,0,0,0,0,0,0,0
Erststimme,11W506,"11",Lichtenberg,"506",W,5E,5,86,O,958,667,291,0,213,1,210,3,27,47,12,49,47,7,6,8,0,0,0,0,0,0,0,0,0,0,0,2,0,0,0,0,0,0,0,0,0,5,0,0,0,0,0,0,0,0,0,0,0,0,0,0,0,0,0,0
Erststimme,11W507,"11",Lichtenberg,"507",W,5A,5,86,O,1068,807,261,0,379,5,375,4,45,64,59,108,53,8,13,19,0,0,0,0,0,0,0,0,0,0,0,2,0,0,0,0,0,0,0,0,0,4,0,0,0,0,0,0,0,0,0,0,0,0,0,0,0,0,0,0
Erststimme,11W508,"11",Lichtenberg,"508",W,5B,5,86,O,988,745,243,0,371,6,366,5,45,46,58,100,66,7,8,27,0,0,0,0,0,0,0,0,0,0,0,6,0,0,0,0,0,0,0,0,0,3,0,0,0,0,0,0,0,0,0,0,0,0,0,0,0,0,0,0
Erststimme,11W509,"11",Lichtenberg,"509",W,5B,5,86,O,1263,832,431,0,433,5,430,3,86,113,33,85,58,11,10,22,0,0,0,0,0,0,0,0,0,0,0,8,0,0,0,0,0,0,0,0,0,4,0,0,0,0,0,0,0,0,0,0,0,0,0,0,0,0,0,0
Erststimme,11W510,"11",Lichtenberg,"510",W,5D,5,86,O,1149,786,363,0,415,4,405,10,58,116,33,93,70,9,8,8,0,0,0,0,0,0,0,0,0,0,0,3,0,0,0,0,0,0,0,0,0,7,0,0,0,0,0,0,0,0,0,0,0,0,0,0,0,0,0,0
Erststimme,11W511,"11",Lichtenberg,"511",W,5F,5,86,O,944,659,285,0,328,8,326,2,30,42,74,105,33,7,13,14,0,0,0,0,0,0,0,0,0,0,0,5,0,0,0,0,0,0,0,0,0,3,0,0,0,0,0,0,0,0,0,0,0,0,0,0,0,0,0,0
Erststimme,11W512,"11",Lichtenberg,"512",W,5F,5,86,O,920,667,253,0,288,8,286,2,36,36,47,70,66,3,8,17,0,0,0,0,0,0,0,0,0,0,0,0,0,0,0,0,0,0,0,0,0,3,0,0,0,0,0,0,0,0,0,0,0,0,0,0,0,0,0,0
Erststimme,11W513,"11",Lichtenberg,"513",W,5H,5,86,O,1014,665,349,0,413,5,410,3,60,91,56,106,56,7,11,15,0,0,0,0,0,0,0,0,0,0,0,1,0,0,0,0,0,0,0,0,0,7,0,0,0,0,0,0,0,0,0,0,0,0,0,0,0,0,0,0
Erststimme,11W514,"11",Lichtenberg,"514",W,5I,5,86,O,1040,748,292,0,377,6,376,1,58,65,44,107,54,11,9,23,0,0,0,0,2,0,0,0,0,0,0,2,0,0,0,0,0,0,0,0,0,1,0,0,0,0,0,0,0,0,0,0,0,0,0,0,0,0,0,0
Erststimme,11W515,"11",Lichtenberg,"515",W,5L,5,86,O,967,690,277,0,374,2,371,3,66,89,14,108,60,8,4,14,0,0,0,0,1,0,0,0,0,0,0,3,0,0,0,0,0,0,0,0,0,4,0,0,0,0,0,0,0,0,0,0,0,0,0,0,0,0,0,0
Erststimme,11W516,"11",Lichtenberg,"516",W,5L,5,86,O,964,670,294,0,338,5,337,1,59,75,22,74,74,7,7,10,0,0,0,0,0,0,0,0,0,0,0,4,0,0,0,0,0,0,0,0,0,5,0,0,0,0,0,0,0,0,0,0,0,0,0,0,0,0,0,0
Erststimme,11W517,"11",Lichtenberg,"517",W,5G,5,86,O,987,658,329,0,306,5,302,4,35,45,67,92,36,5,7,12,0,0,0,0,0,0,0,0,0,0,0,2,0,0,0,0,0,0,0,0,0,1,0,0,0,0,0,0,0,0,0,0,0,0,0,0,0,0,0,0
Erststimme,11W518,"11",Lichtenberg,"518",W,5G,5,86,O,850,595,255,0,329,10,328,1,49,59,55,94,40,11,9,11,0,0,0,0,0,0,0,0,0,0,0,0,0,0,0,0,0,0,0,0,0,0,0,0,0,0,0,0,0,0,0,0,0,0,0,0,0,0,0,0
Erststimme,11W519,"11",Lichtenberg,"519",W,5H,5,86,O,930,624,306,0,324,4,316,7,56,55,33,77,55,9,7,15,0,0,0,0,0,0,0,0,0,0,0,3,0,0,0,0,0,0,0,0,0,6,0,0,0,0,0,0,0,0,0,0,0,0,0,0,0,0,0,0
Erststimme,11W520,"11",Lichtenberg,"520",W,5I,5,86,O,852,622,230,0,297,4,293,4,64,62,11,78,47,6,8,11,0,0,0,0,1,0,0,0,0,0,0,1,0,0,0,0,0,0,0,0,0,4,0,0,0,0,0,0,0,0,0,0,0,0,0,0,0,0,0,0
Erststimme,11W521,"11",Lichtenberg,"521",W,5K,5,86,O,1019,695,324,0,350,5,344,6,58,87,26,89,57,6,5,11,0,0,0,0,0,0,0,0,0,0,0,3,0,0,0,0,0,0,0,0,0,2,0,0,0,0,0,0,0,0,0,0,0,0,0,0,0,0,0,0
Erststimme,11W522,"11",Lichtenberg,"522",W,5K,5,86,O,956,756,200,0,305,1,301,4,65,58,9,91,51,7,6,13,0,0,0,0,0,0,0,0,0,0,0,0,0,0,0,0,0,0,0,0,0,1,0,0,0,0,0,0,0,0,0,0,0,0,0,0,0,0,0,0
Erststimme,11W523,"11",Lichtenberg,"523",W,5M,5,86,O,970,690,280,0,348,2,344,4,32,56,82,86,47,11,7,16,0,0,0,0,0,0,0,0,0,0,0,5,0,0,0,0,0,0,0,0,0,2,0,0,0,0,0,0,0,0,0,0,0,0,0,0,0,0,0,0
Erststimme,11W524,"11",Lichtenberg,"524",W,5M,5,86,O,862,627,235,0,325,10,323,2,25,37,83,110,34,9,9,10,0,0,0,0,1,0,0,0,0,0,0,4,0,0,0,0,0,0,0,0,0,1,0,0,0,0,0,0,0,0,0,0,0,0,0,0,0,0,0,0
Erststimme,11W525,"11",Lichtenberg,"525",W,5N,5,86,O,970,634,336,0,363,6,362,1,43,50,119,82,31,9,8,18,0,0,0,0,0,0,0,0,0,0,0,2,0,0,0,0,0,0,0,0,0,0,0,0,0,0,0,0,0,0,0,0,0,0,0,0,0,0,0,0
Erststimme,11W526,"11",Lichtenberg,"526",W,5N,5,86,O,1045,688,357,0,418,13,416,2,59,60,122,79,43,12,11,19,0,0,0,0,2,0,0,0,0,0,0,6,0,0,0,0,0,0,0,0,0,3,0,0,0,0,0,0,0,0,0,0,0,0,0,0,0,0,0,0
Erststimme,11W527,"11",Lichtenberg,"527",W,5P,5,86,O,894,612,282,0,326,5,322,4,53,62,44,85,45,10,10,8,0,0,0,0,2,0,0,0,0,0,0,2,0,0,0,0,0,0,0,0,0,1,0,0,0,0,0,0,0,0,0,0,0,0,0,0,0,0,0,0
Erststimme,11W528,"11",Lichtenberg,"528",W,5P,5,86,O,958,707,251,0,340,3,338,2,49,70,42,77,65,13,9,6,0,0,0,0,0,0,0,0,0,0,0,3,0,0,0,0,0,0,0,0,0,4,0,0,0,0,0,0,0,0,0,0,0,0,0,0,0,0,0,0
Erststimme,11W529,"11",Lichtenberg,"529",W,5Q,5,86,O,1090,804,286,0,343,2,342,1,61,72,29,81,65,7,5,15,0,0,0,0,1,0,0,0,0,0,0,1,0,0,0,0,0,0,0,0,0,5,0,0,0,0,0,0,0,0,0,0,0,0,0,0,0,0,0,0
Erststimme,11W530,"11",Lichtenberg,"530",W,5Q,5,86,O,1006,657,349,0,308,2,304,4,57,70,19,53,67,7,9,13,0,0,0,0,0,0,0,0,0,0,0,4,0,0,0,0,0,0,0,0,0,5,0,0,0,0,0,0,0,0,0,0,0,0,0,0,0,0,0,0
Erststimme,11W531,"11",Lichtenberg,"531",W,5R,5,86,O,938,699,239,0,384,4,373,11,74,89,30,78,64,14,5,15,0,0,0,0,0,0,0,0,0,0,0,1,0,0,0,0,0,0,0,0,0,3,0,0,0,0,0,0,0,0,0,0,0,0,0,0,0,0,0,0
Erststimme,11W532,"11",Lichtenberg,"532",W,5R,5,86,O,1050,773,277,0,333,0,328,5,69,64,25,80,63,4,5,11,0,0,0,0,0,0,0,0,0,0,0,2,0,0,0,0,0,0,0,0,0,5,0,0,0,0,0,0,0,0,0,0,0,0,0,0,0,0,0,0
Erststimme,11W533,"11",Lichtenberg,"533",W,5S,5,86,O,876,659,217,0,268,5,264,4,46,61,23,51,48,9,9,15,0,0,0,0,0,0,0,0,0,0,0,0,0,0,0,0,0,0,0,0,0,2,0,0,0,0,0,0,0,0,0,0,0,0,0,0,0,0,0,0
Erststimme,11W534,"11",Lichtenberg,"534",W,5S,5,86,O,1116,831,285,0,353,4,347,5,66,74,20,91,65,10,5,11,0,0,0,0,0,0,0,0,0,0,0,4,0,0,0,0,0,0,0,0,0,1,0,0,0,0,0,0,0,0,0,0,0,0,0,0,0,0,0,0
Erststimme,11B5A,"11",Lichtenberg,5A,B,5A,5,86,O,0,0,0,0,529,529,523,5,71,75,135,140,28,12,28,24,0,0,0,0,0,0,0,0,0,0,0,0,0,0,0,0,0,0,0,0,0,10,0,0,0,0,0,0,0,0,0,0,0,0,0,0,0,0,0,0
Erststimme,11B5B,"11",Lichtenberg,5B,B,5B,5,86,O,0,0,0,0,610,610,605,3,115,107,123,125,49,22,8,46,0,0,0,0,0,0,0,0,0,0,0,2,0,0,0,0,0,0,0,0,0,8,0,0,0,0,0,0,0,0,0,0,0,0,0,0,0,0,0,0
Erststimme,11B5C,"11",Lichtenberg,5C,B,5C,5,86,O,0,0,0,0,415,415,408,5,66,106,32,92,57,15,22,12,0,0,0,0,0,0,0,0,0,0,0,1,0,0,0,0,0,0,0,0,0,5,0,0,0,0,0,0,0,0,0,0,0,0,0,0,0,0,0,0
Erststimme,11B5D,"11",Lichtenberg,5D,B,5D,5,86,O,0,0,0,0,559,559,554,3,104,130,39,150,66,13,12,26,0,0,0,0,0,0,0,0,0,0,0,5,0,0,0,0,0,0,0,0,0,9,0,0,0,0,0,0,0,0,0,0,0,0,0,0,0,0,0,0
Erststimme,11B5E,"11",Lichtenberg,5E,B,5E,5,86,O,0,0,0,0,447,447,441,6,80,98,44,118,41,14,11,27,0,0,0,0,0,0,0,0,0,0,0,2,0,0,0,0,0,0,0,0,0,6,0,0,0,0,0,0,0,0,0,0,0,0,0,0,0,0,0,0
Erststimme,11B5F,"11",Lichtenberg,5F,B,5F,5,86,O,0,0,0,0,467,467,465,2,61,60,128,117,34,20,17,23,0,0,0,0,1,0,0,0,0,0,0,3,0,0,0,0,0,0,0,0,0,1,0,0,0,0,0,0,0,0,0,0,0,0,0,0,0,0,0,0
Erststimme,11B5G,"11",Lichtenberg,5G,B,5G,5,86,O,0,0,0,0,502,502,498,4,70,68,107,150,29,20,17,29,0,0,0,0,0,0,0,0,0,0,0,4,0,0,0,0,0,0,0,0,0,4,0,0,0,0,0,0,0,0,0,0,0,0,0,0,0,0,0,0
Erststimme,11B5H,"11",Lichtenberg,5H,B,5H,5,86,O,0,0,0,0,591,591,577,6,97,118,101,149,51,6,22,29,0,0,0,0,0,0,0,0,0,0,0,4,0,0,0,0,0,0,0,0,0,0,0,0,0,0,0,0,0,0,0,0,0,0,0,0,0,0,0,0
Erststimme,11B5I,"11",Lichtenberg,5I,B,5I,5,86,O,0,0,0,0,456,456,455,1,83,113,61,108,45,6,11,22,0,0,0,0,0,0,0,0,0,0,0,4,0,0,0,0,0,0,0,0,0,2,0,0,0,0,0,0,0,0,0,0,0,0,0,0,0,0,0,0
Erststimme,11B5K,"11",Lichtenberg,5K,B,5K,5,86,O,0,0,0,0,471,471,466,3,77,126,29,143,49,13,8,15,0,0,0,0,0,0,0,0,0,0,0,2,0,0,0,0,0,0,0,0,0,4,0,0,0,0,0,0,0,0,0,0,0,0,0,0,0,0,0,0
Erststimme,11B5L,"11",Lichtenberg,5L,B,5L,5,86,O,0,0,0,0,517,517,513,4,111,130,25,155,47,15,7,15,0,0,0,0,1,0,0,0,0,0,0,2,0,0,0,0,0,0,0,0,0,5,0,0,0,0,0,0,0,0,0,0,0,0,0,0,0,0,0,0
Erststimme,11B5M,"11",Lichtenberg,5M,B,5M,5,86,O,0,0,0,0,455,455,448,6,46,55,136,123,22,12,23,20,0,0,0,0,0,0,0,0,0,0,0,1,0,0,0,0,0,0,0,0,0,10,0,0,0,0,0,0,0,0,0,0,0,0,0,0,0,0,0,0
Erststimme,11B5N,"11",Lichtenberg,5N,B,5N,5,86,O,0,0,0,0,617,617,615,1,90,82,219,121,19,22,22,30,0,0,0,0,2,0,0,0,0,0,0,1,0,0,0,0,0,0,0,0,0,7,0,0,0,0,0,0,0,0,0,0,0,0,0,0,0,0,0,0
Erststimme,11B5P,"11",Lichtenberg,5P,B,5P,5,86,O,0,0,0,0,474,474,468,5,95,72,76,115,42,19,22,20,0,0,0,0,0,0,0,0,0,0,0,4,0,0,0,0,0,0,0,0,0,3,0,0,0,0,0,0,0,0,0,0,0,0,0,0,0,0,0,0
Erststimme,11B5Q,"11",Lichtenberg,5Q,B,5Q,5,86,O,0,0,0,0,567,567,564,3,110,140,38,146,54,26,13,18,0,0,0,0,0,0,0,0,0,0,0,4,0,0,0,0,0,0,0,0,0,15,0,0,0,0,0,0,0,0,0,0,0,0,0,0,0,0,0,0
Erststimme,11B5R,"11",Lichtenberg,5R,B,5R,5,86,O,0,0,0,0,463,463,460,3,100,100,37,125,44,9,13,23,0,0,0,0,2,0,0,0,0,0,0,1,0,0,0,0,0,0,0,0,0,6,0,0,0,0,0,0,0,0,0,0,0,0,0,0,0,0,0,0
Erststimme,11B5S,"11",Lichtenberg,5S,B,5S,5,86,O,0,0,0,0,443,443,433,9,84,103,46,86,51,13,17,21,0,0,0,0,1,0,0,0,0,0,0,2,0,0,0,0,0,0,0,0,0,9,0,0,0,0,0,0,0,0,0,0,0,0,0,0,0,0,0,0
Erststimme,11W601,"11",Lichtenberg,"601",W,6E,6,86,O,944,642,302,0,427,3,421,5,83,102,77,75,33,19,0,25,0,0,0,0,0,0,0,0,0,0,0,5,0,0,0,0,0,0,0,0,0,2,0,0,0,0,0,0,0,0,0,0,0,0,0,0,0,0,0,0
Erststimme,11W602,"11",Lichtenberg,"602",W,6E,6,86,O,945,614,331,0,379,3,375,4,75,65,100,69,20,19,0,22,0,0,0,0,0,0,0,0,0,0,0,4,0,0,0,0,0,0,0,0,0,1,0,0,0,0,0,0,0,0,0,0,0,0,0,0,0,0,0,0
Erststimme,11W603,"11",Lichtenberg,"603",W,6F,6,86,O,839,573,266,0,465,7,459,5,98,119,152,37,18,21,0,9,0,0,0,0,0,0,0,0,0,0,0,2,0,0,0,0,0,0,0,0,0,3,0,0,0,0,0,0,0,0,0,0,0,0,0,0,0,0,0,0
Erststimme,11W604,"11",Lichtenberg,"604",W,6A,6,86,O,919,588,331,0,266,0,264,2,40,47,24,72,52,7,0,16,0,0,0,0,0,0,0,0,0,0,0,1,0,0,0,0,0,0,0,0,0,5,0,0,0,0,0,0,0,0,0,0,0,0,0,0,0,0,0,0
Erststimme,11W605,"11",Lichtenberg,"605",W,6A,6,86,O,975,635,340,0,332,2,328,4,70,67,22,88,58,3,0,18,0,0,0,0,0,0,0,0,0,0,0,1,0,0,0,0,0,0,0,0,0,1,0,0,0,0,0,0,0,0,0,0,0,0,0,0,0,0,0,0
Erststimme,11W606,"11",Lichtenberg,"606",W,6B,6,86,O,1052,788,264,0,340,4,334,6,76,61,32,79,61,6,0,11,0,0,0,0,0,0,0,0,0,0,0,2,0,0,0,0,0,0,0,0,0,6,0,0,0,0,0,0,0,0,0,0,0,0,0,0,0,0,0,0
Erststimme,11W607,"11",Lichtenberg,"607",W,6B,6,86,O,1472,1072,400,0,463,7,459,4,70,84,67,100,90,12,0,23,0,0,0,0,0,0,0,0,0,0,0,1,0,0,0,0,0,0,0,0,0,12,0,0,0,0,0,0,0,0,0,0,0,0,0,0,0,0,0,0
Erststimme,11W608,"11",Lichtenberg,"608",W,6C,6,86,O,864,628,236,0,294,3,289,5,49,65,25,79,52,4,0,15,0,0,0,0,0,0,0,0,0,0,0,0,0,0,0,0,0,0,0,0,0,0,0,0,0,0,0,0,0,0,0,0,0,0,0,0,0,0,0,0
Erststimme,11W609,"11",Lichtenberg,"609",W,6C,6,86,O,958,588,370,0,313,3,308,5,69,80,8,78,40,7,0,14,0,0,0,0,0,0,0,0,0,0,0,6,0,0,0,0,0,0,0,0,0,6,0,0,0,0,0,0,0,0,0,0,0,0,0,0,0,0,0,0
Erststimme,11W610,"11",Lichtenberg,"610",W,6D,6,86,O,950,653,297,0,269,1,267,2,42,52,23,70,52,14,0,8,0,0,0,0,0,0,0,0,0,0,0,1,0,0,0,0,0,0,0,0,0,5,0,0,0,0,0,0,0,0,0,0,0,0,0,0,0,0,0,0
Erststimme,11W611,"11",Lichtenberg,"611",W,6D,6,86,O,917,624,293,0,265,4,263,2,56,81,18,44,42,5,0,14,0,0,0,0,0,0,0,0,0,0,0,1,0,0,0,0,0,0,0,0,0,2,0,0,0,0,0,0,0,0,0,0,0,0,0,0,0,0,0,0
Erststimme,11W612,"11",Lichtenberg,"612",W,6F,6,86,O,797,544,253,0,297,3,292,5,46,64,37,60,52,8,0,18,0,0,0,0,0,0,0,0,0,0,0,5,0,0,0,0,0,0,0,0,0,2,0,0,0,0,0,0,0,0,0,0,0,0,0,0,0,0,0,0
Erststimme,11W613,"11",Lichtenberg,"613",W,6G,6,86,O,1006,668,338,0,376,8,375,1,41,82,51,83,71,19,0,22,0,0,0,0,0,0,0,0,0,0,0,1,0,0,0,0,0,0,0,0,0,5,0,0,0,0,0,0,0,0,0,0,0,0,0,0,0,0,0,0
Erststimme,11W614,"11",Lichtenberg,"614",W,6G,6,86,O,787,549,238,0,279,1,276,3,45,61,53,59,26,3,0,23,0,0,0,0,0,0,0,0,0,0,0,1,0,0,0,0,0,0,0,0,0,5,0,0,0,0,0,0,0,0,0,0,0,0,0,0,0,0,0,0
Erststimme,11W615,"11",Lichtenberg,"615",W,6I,6,86,O,954,579,375,0,375,8,374,1,77,91,42,78,55,12,0,11,0,0,0,0,0,0,0,0,0,0,0,3,0,0,0,0,0,0,0,0,0,5,0,0,0,0,0,0,0,0,0,0,0,0,0,0,0,0,0,0
Erststimme,11W616,"11",Lichtenberg,"616",W,6I,6,86,O,1053,679,374,0,362,3,351,11,76,100,19,67,58,8,0,16,0,0,0,0,0,0,0,0,0,0,0,5,0,0,0,0,0,0,0,0,0,2,0,0,0,0,0,0,0,0,0,0,0,0,0,0,0,0,0,0
Erststimme,11W617,"11",Lichtenberg,"617",W,6K,6,86,O,837,534,303,0,315,2,310,3,48,62,42,90,38,8,0,10,0,0,0,0,0,0,0,0,0,0,0,9,0,0,0,0,0,0,0,0,0,3,0,0,0,0,0,0,0,0,0,0,0,0,0,0,0,0,0,0
Erststimme,11W618,"11",Lichtenberg,"618",W,6H,6,86,O,791,534,257,0,371,8,367,4,54,89,49,108,38,6,0,14,0,0,0,0,0,0,0,0,0,0,0,3,0,0,0,0,0,0,0,0,0,6,0,0,0,0,0,0,0,0,0,0,0,0,0,0,0,0,0,0
Erststimme,11W619,"11",Lichtenberg,"619",W,6H,6,86,O,782,534,248,0,304,3,303,1,64,49,47,70,29,15,0,20,0,0,0,0,0,0,0,0,0,0,0,3,0,0,0,0,0,0,0,0,0,6,0,0,0,0,0,0,0,0,0,0,0,0,0,0,0,0,0,0
Erststimme,11W620,"11",Lichtenberg,"620",W,6N,6,86,O,755,470,285,0,383,3,379,4,75,129,53,55,25,22,0,8,0,0,0,0,0,0,0,0,0,0,0,7,0,0,0,0,0,0,0,0,0,5,0,0,0,0,0,0,0,0,0,0,0,0,0,0,0,0,0,0
Erststimme,11W621,"11",Lichtenberg,"621",W,6N,6,86,O,809,519,290,0,346,9,341,5,73,97,48,72,23,14,0,6,0,0,0,0,0,0,0,0,0,0,0,1,0,0,0,0,0,0,0,0,0,7,0,0,0,0,0,0,0,0,0,0,0,0,0,0,0,0,0,0
Erststimme,11W622,"11",Lichtenberg,"622",W,6P,6,86,O,861,577,284,0,391,7,383,8,73,98,87,58,25,18,0,16,0,0,0,0,0,0,0,0,0,0,0,2,0,0,0,0,0,0,0,0,0,6,0,0,0,0,0,0,0,0,0,0,0,0,0,0,0,0,0,0
Erststimme,11W623,"11",Lichtenberg,"623",W,6Q,6,86,O,956,615,341,0,413,6,411,2,77,80,78,86,37,27,0,13,0,0,0,0,0,0,0,0,0,0,0,4,0,0,0,0,0,0,0,0,0,9,0,0,0,0,0,0,0,0,0,0,0,0,0,0,0,0,0,0
Erststimme,11W624,"11",Lichtenberg,"624",W,6K,6,86,O,896,583,313,0,386,6,379,5,53,59,80,102,44,9,0,21,0,0,0,0,0,0,0,0,0,0,0,9,0,0,0,0,0,0,0,0,0,2,0,0,0,0,0,0,0,0,0,0,0,0,0,0,0,0,0,0
Erststimme,11W625,"11",Lichtenberg,"625",W,6L,6,86,O,863,599,264,0,405,9,401,4,63,65,83,110,33,13,0,21,0,0,0,0,0,0,0,0,0,0,0,9,0,0,0,0,0,0,0,0,0,4,0,0,0,0,0,0,0,0,0,0,0,0,0,0,0,0,0,0
Erststimme,11W626,"11",Lichtenberg,"626",W,6L,6,86,O,877,563,314,0,369,12,364,5,78,96,53,72,40,10,0,8,0,0,0,0,0,0,0,0,0,0,0,2,0,0,0,0,0,0,0,0,0,5,0,0,0,0,0,0,0,0,0,0,0,0,0,0,0,0,0,0
Erststimme,11W627,"11",Lichtenberg,"627",W,6M,6,86,O,913,542,371,0,384,5,383,1,87,75,67,75,36,12,0,15,0,0,0,0,0,0,0,0,0,0,0,5,0,0,0,0,0,0,0,0,0,11,0,0,0,0,0,0,0,0,0,0,0,0,0,0,0,0,0,0
Erststimme,11W628,"11",Lichtenberg,"628",W,6R,6,86,O,1178,790,388,0,471,7,469,2,90,101,80,82,62,21,0,14,0,0,0,0,0,0,0,0,0,0,0,9,0,0,0,0,0,0,0,0,0,10,0,0,0,0,0,0,0,0,0,0,0,0,0,0,0,0,0,0
Erststimme,11W629,"11",Lichtenberg,"629",W,6R,6,86,O,857,508,349,0,339,6,334,5,48,67,56,88,36,6,0,15,0,0,0,0,0,0,0,0,0,0,0,5,0,0,0,0,0,0,0,0,0,13,0,0,0,0,0,0,0,0,0,0,0,0,0,0,0,0,0,0
Erststimme,11W630,"11",Lichtenberg,"630",W,6Q,6,86,O,893,591,302,0,412,10,407,5,78,81,94,75,33,13,0,16,0,0,0,0,0,0,0,0,0,0,0,7,0,0,0,0,0,0,0,0,0,10,0,0,0,0,0,0,0,0,0,0,0,0,0,0,0,0,0,0
Erststimme,11W631,"11",Lichtenberg,"631",W,6M,6,86,O,783,517,266,0,335,3,334,1,78,44,54,91,34,5,0,15,0,0,0,0,0,0,0,0,0,0,0,8,0,0,0,0,0,0,0,0,0,5,0,0,0,0,0,0,0,0,0,0,0,0,0,0,0,0,0,0
Erststimme,11W632,"11",Lichtenberg,"632",W,6S,6,86,O,856,575,281,0,362,5,361,1,61,66,69,89,37,12,0,12,0,0,0,0,0,0,0,0,0,0,0,4,0,0,0,0,0,0,0,0,0,11,0,0,0,0,0,0,0,0,0,0,0,0,0,0,0,0,0,0
Erststimme,11W633,"11",Lichtenberg,"633",W,6P,6,86,O,929,618,311,0,408,2,404,4,72,80,39,97,70,12,0,16,0,0,0,0,0,0,0,0,0,0,0,7,0,0,0,0,0,0,0,0,0,11,0,0,0,0,0,0,0,0,0,0,0,0,0,0,0,0,0,0
Erststimme,11W634,"11",Lichtenberg,"634",W,6S,6,86,O,667,365,302,0,285,2,281,4,48,90,64,30,20,12,0,8,0,0,0,0,0,0,0,0,0,0,0,2,0,0,0,0,0,0,0,0,0,7,0,0,0,0,0,0,0,0,0,0,0,0,0,0,0,0,0,0
Erststimme,11B6A,"11",Lichtenberg,6A,B,6A,6,86,O,0,0,0,0,676,676,665,8,135,151,62,193,64,14,0,27,0,0,0,0,0,0,0,0,0,0,0,4,0,0,0,0,0,0,0,0,0,15,0,0,0,0,0,0,0,0,0,0,0,0,0,0,0,0,0,0
Erststimme,11B6B,"11",Lichtenberg,6B,B,6B,6,86,O,0,0,0,0,577,577,575,2,115,97,79,174,54,19,0,32,0,0,0,0,0,0,0,0,0,0,0,1,0,0,0,0,0,0,0,0,0,4,0,0,0,0,0,0,0,0,0,0,0,0,0,0,0,0,0,0
Erststimme,11B6C,"11",Lichtenberg,6C,B,6C,6,86,O,0,0,0,0,543,543,538,3,127,137,41,130,59,10,0,22,0,0,0,0,0,0,0,0,0,0,0,3,0,0,0,0,0,0,0,0,0,9,0,0,0,0,0,0,0,0,0,0,0,0,0,0,0,0,0,0
Erststimme,11B6D,"11",Lichtenberg,6D,B,6D,6,86,O,0,0,0,0,525,525,520,5,109,107,54,128,61,14,0,29,0,0,0,0,0,0,0,0,0,0,0,7,0,0,0,0,0,0,0,0,0,11,0,0,0,0,0,0,0,0,0,0,0,0,0,0,0,0,0,0
Erststimme,11B6E,"11",Lichtenberg,6E,B,6E,6,86,O,0,0,0,0,574,574,571,3,123,151,153,85,18,16,0,15,0,0,0,0,0,0,0,0,0,0,0,1,0,0,0,0,0,0,0,0,0,9,0,0,0,0,0,0,0,0,0,0,0,0,0,0,0,0,0,0
Erststimme,11B6F,"11",Lichtenberg,6F,B,6F,6,86,O,0,0,0,0,459,459,456,3,97,103,110,61,31,20,0,22,0,0,0,0,0,0,0,0,0,0,0,4,0,0,0,0,0,0,0,0,0,8,0,0,0,0,0,0,0,0,0,0,0,0,0,0,0,0,0,0
Erststimme,11B6G,"11",Lichtenberg,6G,B,6G,6,86,O,0,0,0,0,520,520,515,3,85,103,105,105,50,29,0,29,0,0,0,0,0,0,0,0,0,0,0,2,0,0,0,0,0,0,0,0,0,7,0,0,0,0,0,0,0,0,0,0,0,0,0,0,0,0,0,0
Erststimme,11B6H,"11",Lichtenberg,6H,B,6H,6,86,O,0,0,0,0,447,447,443,4,93,93,81,88,31,25,0,17,0,0,0,0,0,0,0,0,0,0,0,6,0,0,0,0,0,0,0,0,0,9,0,0,0,0,0,0,0,0,0,0,0,0,0,0,0,0,0,0
Erststimme,11B6I,"11",Lichtenberg,6I,B,6I,6,86,O,0,0,0,0,673,673,670,3,131,189,48,160,48,25,0,39,0,0,0,0,0,0,0,0,0,0,0,7,0,0,0,0,0,0,0,0,0,23,0,0,0,0,0,0,0,0,0,0,0,0,0,0,0,0,0,0
Erststimme,11B6K,"11",Lichtenberg,6K,B,6K,6,86,O,0,0,0,0,553,553,550,3,114,114,108,140,21,21,0,21,0,0,0,0,0,0,0,0,0,0,0,3,0,0,0,0,0,0,0,0,0,8,0,0,0,0,0,0,0,0,0,0,0,0,0,0,0,0,0,0
Erststimme,11B6L,"11",Lichtenberg,6L,B,6L,6,86,O,0,0,0,0,510,510,508,2,107,108,97,132,23,18,0,13,0,0,0,0,0,0,0,0,0,0,0,3,0,0,0,0,0,0,0,0,0,7,0,0,0,0,0,0,0,0,0,0,0,0,0,0,0,0,0,0
Erststimme,11B6M,"11",Lichtenberg,6M,B,6M,6,86,O,0,0,0,0,589,589,584,5,160,126,85,136,33,13,0,18,0,0,0,0,0,0,0,0,0,0,0,4,0,0,0,0,0,0,0,0,0,9,0,0,0,0,0,0,0,0,0,0,0,0,0,0,0,0,0,0
Erststimme,11B6N,"11",Lichtenberg,6N,B,6N,6,86,O,0,0,0,0,535,535,530,3,114,149,100,97,30,22,0,9,0,0,0,0,0,0,0,0,0,0,0,1,0,0,0,0,0,0,0,0,0,8,0,0,0,0,0,0,0,0,0,0,0,0,0,0,0,0,0,0
Erststimme,11B6P,"11",Lichtenberg,6P,B,6P,6,86,O,0,0,0,0,551,551,551,0,126,117,92,116,32,22,0,26,0,0,0,0,0,0,0,0,0,0,0,3,0,0,0,0,0,0,0,0,0,17,0,0,0,0,0,0,0,0,0,0,0,0,0,0,0,0,0,0
Erststimme,11B6Q,"11",Lichtenberg,6Q,B,6Q,6,86,O,0,0,0,0,589,589,587,1,90,106,125,130,53,34,0,26,0,0,0,0,0,0,0,0,0,0,0,6,0,0,0,0,0,0,0,0,0,17,0,0,0,0,0,0,0,0,0,0,0,0,0,0,0,0,0,0
Erststimme,11B6R,"11",Lichtenberg,6R,B,6R,6,86,O,0,0,0,0,659,659,653,6,110,165,141,114,55,17,0,24,0,0,0,0,0,0,0,0,0,0,0,6,0,0,0,0,0,0,0,0,0,21,0,0,0,0,0,0,0,0,0,0,0,0,0,0,0,0,0,0
Erststimme,11B6S,"11",Lichtenberg,6S,B,6S,6,86,O,0,0,0,0,544,544,541,3,105,142,122,92,27,21,0,11,0,0,0,0,0,0,0,0,0,0,0,2,0,0,0,0,0,0,0,0,0,19,0,0,0,0,0,0,0,0,0,0,0,0,0,0,0,0,0,0
Erststimme,12W101,"12",Reinickendorf,"101",W,1A,1,77,W,1116,710,406,0,333,4,327,6,87,111,32,17,54,10,6,8,0,0,0,0,0,0,0,0,0,0,1,1,0,0,0,0,0,0,0,0,0,0,0,0,0,0,0,0,0,0,0,0,0,0,0,0,0,0,0,0
Erststimme,12W102,"12",Reinickendorf,"102",W,1A,1,77,W,838,672,166,0,230,2,223,7,45,84,28,13,39,5,1,8,0,0,0,0,0,0,0,0,0,0,0,0,0,0,0,0,0,0,0,0,0,0,0,0,0,0,0,0,0,0,0,0,0,0,0,0,0,0,0,0
Erststimme,12W103,"12",Reinickendorf,"103",W,1B,1,77,W,768,599,169,0,231,2,228,3,46,84,22,16,34,7,7,10,0,0,0,0,0,0,0,0,0,0,0,2,0,0,0,0,0,0,0,0,0,0,0,0,0,0,0,0,0,0,0,0,0,0,0,0,0,0,0,0
Erststimme,12W104,"12",Reinickendorf,"104",W,1B,1,77,W,835,681,154,0,285,1,284,1,72,97,33,23,36,6,5,7,0,0,0,0,0,0,0,0,0,0,0,5,0,0,0,0,0,0,0,0,0,0,0,0,0,0,0,0,0,0,0,0,0,0,0,0,0,0,0,0
Erststimme,12W105,"12",Reinickendorf,"105",W,1C,1,77,W,962,788,174,0,232,2,227,4,53,57,29,37,31,7,5,8,0,0,0,0,0,0,0,0,0,0,0,0,0,0,0,0,0,0,0,0,0,0,0,0,0,0,0,0,0,0,0,0,0,0,0,0,0,0,0,0
Erststimme,12W106,"12",Reinickendorf,"106",W,1I,1,77,W,1146,885,261,0,334,0,321,13,79,111,38,32,35,8,3,11,0,0,0,0,0,0,0,0,0,0,1,3,0,0,0,0,0,0,0,0,0,0,0,0,0,0,0,0,0,0,0,0,0,0,0,0,0,0,0,0
Erststimme,12W107,"12",Reinickendorf,"107",W,1D,1,77,W,857,662,195,0,346,1,335,11,80,131,16,22,57,6,4,16,0,0,0,0,0,0,0,0,0,0,0,3,0,0,0,0,0,0,0,0,0,0,0,0,0,0,0,0,0,0,0,0,0,0,0,0,0,0,0,0
Erststimme,12W108,"12",Reinickendorf,"108",W,1D,1,77,W,1158,869,289,0,427,9,421,6,106,195,27,19,45,4,7,12,0,0,0,0,0,0,0,0,0,0,1,5,0,0,0,0,0,0,0,0,0,0,0,0,0,0,0,0,0,0,0,0,0,0,0,0,0,0,0,0
Erststimme,12W109,"12",Reinickendorf,"109",W,1E,1,77,W,852,655,197,0,191,0,188,3,42,56,19,17,40,6,4,4,0,0,0,0,0,0,0,0,0,0,0,0,0,0,0,0,0,0,0,0,0,0,0,0,0,0,0,0,0,0,0,0,0,0,0,0,0,0,0,0
Erststimme,12W110,"12",Reinickendorf,"110",W,1E,1,77,W,948,690,258,0,227,1,224,1,40,92,18,24,42,2,3,3,0,0,0,0,0,0,0,0,0,0,0,0,0,0,0,0,0,0,0,0,0,0,0,0,0,0,0,0,0,0,0,0,0,0,0,0,0,0,0,0
Erststimme,12W111,"12",Reinickendorf,"111",W,1F,1,77,W,1088,813,275,0,326,1,320,6,80,79,42,49,47,6,7,8,0,0,0,0,0,0,0,0,0,0,0,2,0,0,0,0,0,0,0,0,0,0,0,0,0,0,0,0,0,0,0,0,0,0,0,0,0,0,0,0
Erststimme,12W112,"12",Reinickendorf,"112",W,1G,1,77,W,1177,751,426,0,350,2,342,8,78,142,32,25,38,6,7,13,0,0,0,0,0,0,0,0,0,0,0,1,0,0,0,0,0,0,0,0,0,0,0,0,0,0,0,0,0,0,0,0,0,0,0,0,0,0,0,0
Erststimme,12W113,"12",Reinickendorf,"113",W,1G,1,77,W,924,658,266,0,275,0,271,4,54,112,30,12,40,10,4,8,0,0,0,0,0,0,0,0,0,0,0,1,0,0,0,0,0,0,0,0,0,0,0,0,0,0,0,0,0,0,0,0,0,0,0,0,0,0,0,0
Erststimme,12W114,"12",Reinickendorf,"114",W,1H,1,77,W,1353,1113,240,0,339,0,331,6,73,108,23,22,61,11,4,25,0,0,0,0,0,0,0,0,0,0,0,4,0,0,0,0,0,0,0,0,0,0,0,0,0,0,0,0,0,0,0,0,0,0,0,0,0,0,0,0
Erststimme,12W115,"12",Reinickendorf,"115",W,1H,1,77,W,990,779,211,0,282,0,272,9,59,81,35,25,47,11,3,11,0,0,0,0,0,0,0,0,0,0,0,0,0,0,0,0,0,0,0,0,0,0,0,0,0,0,0,0,0,0,0,0,0,0,0,0,0,0,0,0
Erststimme,12W116,"12",Reinickendorf,"116",W,1C,1,77,W,1012,794,218,0,330,0,323,6,76,99,43,32,43,8,4,15,0,0,0,0,0,0,0,0,0,0,0,3,0,0,0,0,0,0,0,0,0,0,0,0,0,0,0,0,0,0,0,0,0,0,0,0,0,0,0,0
Erststimme,12W117,"12",Reinickendorf,"117",W,1J,1,77,W,1053,754,299,0,287,3,281,3,65,105,37,24,24,7,5,12,0,0,0,0,0,0,0,0,0,0,0,2,0,0,0,0,0,0,0,0,0,0,0,0,0,0,0,0,0,0,0,0,0,0,0,0,0,0,0,0
Erststimme,12W118,"12",Reinickendorf,"118",W,1I,1,77,W,1091,885,206,0,277,3,268,9,68,92,32,19,35,9,4,8,0,0,0,0,0,0,0,0,0,0,0,1,0,0,0,0,0,0,0,0,0,0,0,0,0,0,0,0,0,0,0,0,0,0,0,0,0,0,0,0
Erststimme,12W119,"12",Reinickendorf,"119",W,1K,1,77,W,1259,970,289,0,372,5,367,5,98,102,39,37,51,10,6,20,0,0,0,0,0,0,0,0,0,0,1,3,0,0,0,0,0,0,0,0,0,0,0,0,0,0,0,0,0,0,0,0,0,0,0,0,0,0,0,0
Erststimme,12W120,"12",Reinickendorf,"120",W,1K,1,77,W,1248,971,277,0,388,3,382,6,76,149,38,29,57,6,4,19,0,0,0,0,0,0,0,0,0,0,0,4,0,0,0,0,0,0,0,0,0,0,0,0,0,0,0,0,0,0,0,0,0,0,0,0,0,0,0,0
Erststimme,12W121,"12",Reinickendorf,"121",W,1L,1,77,W,1136,851,285,0,327,1,318,9,70,116,35,29,36,10,9,10,0,0,0,0,0,0,0,0,0,0,0,3,0,0,0,0,0,0,0,0,0,0,0,0,0,0,0,0,0,0,0,0,0,0,0,0,0,0,0,0
Erststimme,12W122,"12",Reinickendorf,"122",W,1J,1,77,W,1141,854,287,0,336,4,329,7,89,96,33,40,36,7,10,15,0,0,0,0,0,0,0,0,0,0,1,2,0,0,0,0,0,0,0,0,0,0,0,0,0,0,0,0,0,0,0,0,0,0,0,0,0,0,0,0
Erststimme,12W123,"12",Reinickendorf,"123",W,1F,1,77,W,1174,871,303,0,295,0,286,9,59,112,21,21,44,6,5,14,0,0,0,0,0,0,0,0,0,0,0,4,0,0,0,0,0,0,0,0,0,0,0,0,0,0,0,0,0,0,0,0,0,0,0,0,0,0,0,0
Erststimme,12W124,"12",Reinickendorf,"124",W,1M,1,77,W,1129,889,240,0,310,2,305,5,55,110,29,36,53,8,4,8,0,0,0,0,0,0,0,0,0,0,0,2,0,0,0,0,0,0,0,0,0,0,0,0,0,0,0,0,0,0,0,0,0,0,0,0,0,0,0,0
Erststimme,12W125,"12",Reinickendorf,"125",W,1M,1,77,W,1176,972,204,0,349,3,342,7,69,128,44,39,35,10,7,9,0,0,0,0,0,0,0,0,0,0,0,1,0,0,0,0,0,0,0,0,0,0,0,0,0,0,0,0,0,0,0,0,0,0,0,0,0,0,0,0
Erststimme,12W126,"12",Reinickendorf,"126",W,1L,1,77,W,1302,962,340,0,392,3,384,8,80,124,47,63,42,12,4,10,0,0,0,0,0,0,0,0,0,0,0,2,0,0,0,0,0,0,0,0,0,0,0,0,0,0,0,0,0,0,0,0,0,0,0,0,0,0,0,0
Erststimme,12B1A,"12",Reinickendorf,1A,B,1A,1,77,W,0,0,0,0,513,513,503,8,121,225,60,30,34,7,9,16,0,0,0,0,0,0,0,0,0,0,0,1,0,0,0,0,0,0,0,0,0,0,0,0,0,0,0,0,0,0,0,0,0,0,0,0,0,0,0,0
Erststimme,12B1B,"12",Reinickendorf,1B,B,1B,1,77,W,0,0,0,0,325,325,321,4,63,121,50,23,28,7,10,15,0,0,0,0,0,0,0,0,0,0,2,2,0,0,0,0,0,0,0,0,0,0,0,0,0,0,0,0,0,0,0,0,0,0,0,0,0,0,0,0
Erststimme,12B1C,"12",Reinickendorf,1C,B,1C,1,77,W,0,0,0,0,349,349,339,7,79,87,64,34,30,6,16,21,0,0,0,0,0,0,0,0,0,0,1,1,0,0,0,0,0,0,0,0,0,0,0,0,0,0,0,0,0,0,0,0,0,0,0,0,0,0,0,0
Erststimme,12B1D,"12",Reinickendorf,1D,B,1D,1,77,W,0,0,0,0,414,414,399,14,104,169,34,25,37,4,7,15,0,0,0,0,0,0,0,0,0,0,2,2,0,0,0,0,0,0,0,0,0,0,0,0,0,0,0,0,0,0,0,0,0,0,0,0,0,0,0,0
Erststimme,12B1E,"12",Reinickendorf,1E,B,1E,1,77,W,0,0,0,0,407,407,395,9,94,171,39,30,30,16,7,7,0,0,0,0,0,0,0,0,0,0,1,0,0,0,0,0,0,0,0,0,0,0,0,0,0,0,0,0,0,0,0,0,0,0,0,0,0,0,0,0
Erststimme,12B1F,"12",Reinickendorf,1F,B,1F,1,77,W,0,0,0,0,500,500,486,8,101,200,60,26,47,11,12,27,0,0,0,0,0,0,0,0,0,0,1,1,0,0,0,0,0,0,0,0,0,0,0,0,0,0,0,0,0,0,0,0,0,0,0,0,0,0,0,0
Erststimme,12B1G,"12",Reinickendorf,1G,B,1G,1,77,W,0,0,0,0,626,626,615,11,142,289,60,20,56,16,10,19,0,0,0,0,0,0,0,0,0,0,2,1,0,0,0,0,0,0,0,0,0,0,0,0,0,0,0,0,0,0,0,0,0,0,0,0,0,0,0,0
Erststimme,12B1H,"12",Reinickendorf,1H,B,1H,1,77,W,0,0,0,0,402,402,391,11,100,150,29,35,39,9,11,17,0,0,0,0,0,0,0,0,0,0,0,1,0,0,0,0,0,0,0,0,0,0,0,0,0,0,0,0,0,0,0,0,0,0,0,0,0,0,0,0
Erststimme,12B1I,"12",Reinickendorf,1I,B,1I,1,77,W,0,0,0,0,389,389,384,5,115,150,38,25,22,12,7,11,0,0,0,0,0,0,0,0,0,0,3,1,0,0,0,0,0,0,0,0,0,0,0,0,0,0,0,0,0,0,0,0,0,0,0,0,0,0,0,0
Erststimme,12B1J,"12",Reinickendorf,1J,B,1J,1,77,W,0,0,0,0,513,513,507,6,110,216,59,45,32,10,18,17,0,0,0,0,0,0,0,0,0,0,0,0,0,0,0,0,0,0,0,0,0,0,0,0,0,0,0,0,0,0,0,0,0,0,0,0,0,0,0,0
Erststimme,12B1K,"12",Reinickendorf,1K,B,1K,1,77,W,0,0,0,0,490,490,480,7,104,187,49,38,46,20,7,22,0,0,0,0,0,0,0,0,0,0,5,2,0,0,0,0,0,0,0,0,0,0,0,0,0,0,0,0,0,0,0,0,0,0,0,0,0,0,0,0
Erststimme,12B1L,"12",Reinickendorf,1L,B,1L,1,77,W,0,0,0,0,530,530,512,8,112,201,62,59,38,12,8,16,0,0,0,0,0,0,0,0,0,0,2,2,0,0,0,0,0,0,0,0,0,0,0,0,0,0,0,0,0,0,0,0,0,0,0,0,0,0,0,0
Erststimme,12B1M,"12",Reinickendorf,1M,B,1M,1,77,W,0,0,0,0,381,381,375,6,84,117,54,43,30,20,9,15,0,0,0,0,0,0,0,0,0,0,2,1,0,0,0,0,0,0,0,0,0,0,0,0,0,0,0,0,0,0,0,0,0,0,0,0,0,0,0,0
Erststimme,12W201,"12",Reinickendorf,"201",W,2A,2,77,W,1054,778,276,0,352,5,349,3,70,133,27,23,64,14,3,13,0,0,0,0,0,0,0,0,0,0,0,1,0,0,0,0,0,0,0,0,0,1,0,0,0,0,0,0,0,0,0,0,0,0,0,0,0,0,0,0
Erststimme,12W202,"12",Reinickendorf,"202",W,2B,2,77,W,1125,725,400,0,322,5,317,5,60,143,23,10,44,7,7,18,0,0,0,0,0,0,0,0,0,0,0,5,0,0,0,0,0,0,0,0,0,0,0,0,0,0,0,0,0,0,0,0,0,0,0,0,0,0,0,0
Erststimme,12W203,"12",Reinickendorf,"203",W,2C,2,77,W,1128,702,426,0,429,4,422,6,95,177,47,23,37,23,7,7,0,0,0,0,0,0,0,0,0,0,0,4,0,0,0,0,0,0,0,0,0,2,0,0,0,0,0,0,0,0,0,0,0,0,0,0,0,0,0,0
Erststimme,12W204,"12",Reinickendorf,"204",W,2D,2,77,W,918,625,293,0,346,4,340,6,59,163,32,11,40,21,6,3,0,0,0,0,0,0,0,0,0,0,0,3,0,0,0,0,0,0,0,0,0,2,0,0,0,0,0,0,0,0,0,0,0,0,0,0,0,0,0,0
Erststimme,12W205,"12",Reinickendorf,"205",W,2D,2,77,W,743,540,203,0,315,5,310,4,64,114,52,13,36,9,6,12,0,0,0,0,0,0,0,0,0,0,0,0,0,0,0,0,0,0,0,0,0,4,0,0,0,0,0,0,0,0,0,0,0,0,0,0,0,0,0,0
Erststimme,12W206,"12",Reinickendorf,"206",W,2E,2,77,W,1278,851,427,0,352,4,350,2,105,127,41,19,31,8,3,10,0,0,0,0,0,0,0,0,0,0,0,5,0,0,0,0,0,0,0,0,0,1,0,0,0,0,0,0,0,0,0,0,0,0,0,0,0,0,0,0
Erststimme,12W207,"12",Reinickendorf,"207",W,2F,2,77,W,1307,1000,307,0,407,4,395,12,88,150,31,25,62,15,7,12,0,0,0,0,0,0,0,0,0,0,0,2,0,0,0,0,0,0,0,0,0,3,0,0,0,0,0,0,0,0,0,0,0,0,0,0,0,0,0,0
Erststimme,12W208,"12",Reinickendorf,"208",W,2E,2,77,W,1204,957,247,0,323,2,317,6,81,109,13,34,54,10,2,11,0,0,0,0,0,0,0,0,0,0,0,2,0,0,0,0,0,0,0,0,0,1,0,0,0,0,0,0,0,0,0,0,0,0,0,0,0,0,0,0
Erststimme,12W209,"12",Reinickendorf,"209",W,2F,2,77,W,1221,893,328,0,310,0,306,4,58,118,32,12,54,11,8,8,0,0,0,0,0,0,0,0,0,0,0,1,0,0,0,0,0,0,0,0,0,4,0,0,0,0,0,0,0,0,0,0,0,0,0,0,0,0,0,0
Erststimme,12W210,"12",Reinickendorf,"210",W,2G,2,77,W,1207,799,408,0,330,1,323,7,63,121,21,27,58,10,4,14,0,0,0,0,0,0,0,0,0,0,0,4,0,0,0,0,0,0,0,0,0,1,0,0,0,0,0,0,0,0,0,0,0,0,0,0,0,0,0,0
Erststimme,12W211,"12",Reinickendorf,"211",W,2B,2,77,W,1310,824,486,0,406,3,399,4,78,154,26,25,78,12,7,14,0,0,0,0,0,0,0,0,0,0,0,3,0,0,0,0,0,0,0,0,0,2,0,0,0,0,0,0,0,0,0,0,0,0,0,0,0,0,0,0
Erststimme,12W212,"12",Reinickendorf,"212",W,2G,2,77,W,1244,859,385,0,324,2,320,3,64,142,10,19,63,8,2,8,0,0,0,0,0,0,0,0,0,0,0,2,0,0,0,0,0,0,0,0,0,2,0,0,0,0,0,0,0,0,0,0,0,0,0,0,0,0,0,0
Erststimme,12W213,"12",Reinickendorf,"213",W,2H,2,77,W,1112,847,265,0,361,2,350,11,70,131,26,2,60,6,14,21,0,0,0,0,0,0,0,0,0,0,0,3,0,0,0,0,0,0,0,0,0,17,0,0,0,0,0,0,0,0,0,0,0,0,0,0,0,0,0,0
Erststimme,12W214,"12",Reinickendorf,"214",W,2H,2,77,W,1252,887,365,0,393,3,385,8,75,154,24,21,77,18,5,6,0,0,0,0,0,0,0,0,0,0,0,4,0,0,0,0,0,0,0,0,0,1,0,0,0,0,0,0,0,0,0,0,0,0,0,0,0,0,0,0
Erststimme,12W215,"12",Reinickendorf,"215",W,2I,2,77,W,1316,950,366,0,408,1,402,4,105,140,21,17,83,14,4,13,0,0,0,0,0,0,0,0,0,0,0,3,0,0,0,0,0,0,0,0,0,2,0,0,0,0,0,0,0,0,0,0,0,0,0,0,0,0,0,0
Erststimme,12W216,"12",Reinickendorf,"216",W,2J,2,77,W,919,714,205,0,284,3,280,3,58,92,31,22,41,10,7,10,0,0,0,0,0,0,0,0,0,0,0,6,0,0,0,0,0,0,0,0,0,3,0,0,0,0,0,0,0,0,0,0,0,0,0,0,0,0,0,0
Erststimme,12W217,"12",Reinickendorf,"217",W,2K,2,77,W,1180,907,273,0,351,3,344,7,67,112,45,24,62,16,2,10,0,0,0,0,0,0,0,0,0,0,0,3,0,0,0,0,0,0,0,0,0,3,0,0,0,0,0,0,0,0,0,0,0,0,0,0,0,0,0,0
Erststimme,12W218,"12",Reinickendorf,"218",W,2L,2,77,W,935,718,217,0,207,0,206,1,47,56,15,17,45,7,5,8,0,0,0,0,0,0,0,0,0,0,0,2,0,0,0,0,0,0,0,0,0,4,0,0,0,0,0,0,0,0,0,0,0,0,0,0,0,0,0,0
Erststimme,12W219,"12",Reinickendorf,"219",W,2L,2,77,W,986,743,243,0,318,3,308,10,59,124,27,14,42,16,9,10,0,0,0,0,0,0,0,0,0,0,0,4,0,0,0,0,0,0,0,0,0,3,0,0,0,0,0,0,0,0,0,0,0,0,0,0,0,0,0,0
Erststimme,12W220,"12",Reinickendorf,"220",W,2J,2,77,W,1191,996,195,0,280,1,277,3,53,71,30,24,66,14,5,10,0,0,0,0,0,0,0,0,0,0,0,1,0,0,0,0,0,0,0,0,0,3,0,0,0,0,0,0,0,0,0,0,0,0,0,0,0,0,0,0
Erststimme,12W221,"12",Reinickendorf,"221",W,2K,2,77,W,1278,910,368,0,334,2,330,2,73,109,25,25,60,13,4,14,0,0,0,0,0,0,0,0,0,0,0,3,0,0,0,0,0,0,0,0,0,4,0,0,0,0,0,0,0,0,0,0,0,0,0,0,0,0,0,0
Erststimme,12W222,"12",Reinickendorf,"222",W,2M,2,77,W,1294,1074,220,0,359,1,352,5,72,109,38,31,61,8,9,18,0,0,0,0,0,0,0,0,0,0,0,5,0,0,0,0,0,0,0,0,0,1,0,0,0,0,0,0,0,0,0,0,0,0,0,0,0,0,0,0
Erststimme,12W223,"12",Reinickendorf,"223",W,2M,2,77,W,561,403,158,0,267,1,261,6,87,96,21,7,27,10,2,9,0,0,0,0,0,0,0,0,0,0,0,1,0,0,0,0,0,0,0,0,0,1,0,0,0,0,0,0,0,0,0,0,0,0,0,0,0,0,0,0
Erststimme,12W224,"12",Reinickendorf,"224",W,2M,2,77,W,320,255,65,0,134,1,133,1,24,64,11,4,17,10,2,0,0,0,0,0,0,0,0,0,0,0,0,1,0,0,0,0,0,0,0,0,0,0,0,0,0,0,0,0,0,0,0,0,0,0,0,0,0,0,0,0
Erststimme,12W225,"12",Reinickendorf,"225",W,2A,2,77,W,1095,751,344,0,291,2,281,10,72,93,37,10,34,11,3,17,0,0,0,0,0,0,0,0,0,0,0,2,0,0,0,0,0,0,0,0,0,2,0,0,0,0,0,0,0,0,0,0,0,0,0,0,0,0,0,0
Erststimme,12W226,"12",Reinickendorf,"226",W,2I,2,77,W,961,684,277,0,295,1,292,3,68,109,15,10,55,12,2,13,0,0,0,0,0,0,0,0,0,0,0,5,0,0,0,0,0,0,0,0,0,3,0,0,0,0,0,0,0,0,0,0,0,0,0,0,0,0,0,0
Erststimme,12B2A,"12",Reinickendorf,2A,B,2A,2,77,W,0,0,0,0,559,559,558,1,141,227,47,20,55,21,11,24,0,0,0,0,0,0,0,0,0,0,0,3,0,0,0,0,0,0,0,0,0,9,0,0,0,0,0,0,0,0,0,0,0,0,0,0,0,0,0,0
Erststimme,12B2B,"12",Reinickendorf,2B,B,2B,2,77,W,0,0,0,0,793,793,789,4,186,338,65,41,73,34,11,27,0,0,0,0,0,0,0,0,0,0,0,3,0,0,0,0,0,0,0,0,0,11,0,0,0,0,0,0,0,0,0,0,0,0,0,0,0,0,0,0
Erststimme,12B2C,"12",Reinickendorf,2C,B,2C,2,77,W,0,0,0,0,397,397,396,1,81,203,42,8,29,16,1,13,0,0,0,0,0,0,0,0,0,0,0,0,0,0,0,0,0,0,0,0,0,3,0,0,0,0,0,0,0,0,0,0,0,0,0,0,0,0,0,0
Erststimme,12B2D,"12",Reinickendorf,2D,B,2D,2,77,W,0,0,0,0,452,452,447,2,112,178,57,10,41,16,5,18,0,0,0,0,0,0,0,0,0,0,0,4,0,0,0,0,0,0,0,0,0,6,0,0,0,0,0,0,0,0,0,0,0,0,0,0,0,0,0,0
Erststimme,12B2E,"12",Reinickendorf,2E,B,2E,2,77,W,0,0,0,0,575,575,572,3,161,190,58,24,71,30,2,28,0,0,0,0,0,0,0,0,0,0,0,5,0,0,0,0,0,0,0,0,0,3,0,0,0,0,0,0,0,0,0,0,0,0,0,0,0,0,0,0
Erststimme,12B2F,"12",Reinickendorf,2F,B,2F,2,77,W,0,0,0,0,567,567,561,3,124,236,34,30,51,24,14,30,0,0,0,0,0,0,0,0,0,0,0,5,0,0,0,0,0,0,0,0,0,13,0,0,0,0,0,0,0,0,0,0,0,0,0,0,0,0,0,0
Erststimme,12B2G,"12",Reinickendorf,2G,B,2G,2,77,W,0,0,0,0,722,722,715,6,177,324,52,25,67,20,6,34,0,0,0,0,0,0,0,0,0,0,0,6,0,0,0,0,0,0,0,0,0,4,0,0,0,0,0,0,0,0,0,0,0,0,0,0,0,0,0,0
Erststimme,12B2H,"12",Reinickendorf,2H,B,2H,2,77,W,0,0,0,0,568,568,561,7,132,225,51,28,63,29,2,18,0,0,0,0,0,0,0,0,0,0,0,3,0,0,0,0,0,0,0,0,0,10,0,0,0,0,0,0,0,0,0,0,0,0,0,0,0,0,0,0
Erststimme,12B2I,"12",Reinickendorf,2I,B,2I,2,77,W,0,0,0,0,594,594,592,1,135,262,60,14,58,15,8,33,0,0,0,0,0,0,0,0,0,0,0,5,0,0,0,0,0,0,0,0,0,2,0,0,0,0,0,0,0,0,0,0,0,0,0,0,0,0,0,0
Erststimme,12B2J,"12",Reinickendorf,2J,B,2J,2,77,W,0,0,0,0,356,356,349,7,93,127,31,31,27,12,4,17,0,0,0,0,0,0,0,0,0,0,0,2,0,0,0,0,0,0,0,0,0,5,0,0,0,0,0,0,0,0,0,0,0,0,0,0,0,0,0,0
Erststimme,12B2K,"12",Reinickendorf,2K,B,2K,2,77,W,0,0,0,0,576,576,571,3,114,209,60,36,67,24,13,34,0,0,0,0,0,0,0,0,0,0,0,1,0,0,0,0,0,0,0,0,0,13,0,0,0,0,0,0,0,0,0,0,0,0,0,0,0,0,0,0
Erststimme,12B2L,"12",Reinickendorf,2L,B,2L,2,77,W,0,0,0,0,393,393,385,8,93,163,43,13,28,16,3,17,0,0,0,0,0,0,0,0,0,0,0,0,0,0,0,0,0,0,0,0,0,9,0,0,0,0,0,0,0,0,0,0,0,0,0,0,0,0,0,0
Erststimme,12B2M,"12",Reinickendorf,2M,B,2M,2,77,W,0,0,0,0,397,397,393,4,112,135,48,23,37,15,7,12,0,0,0,0,0,0,0,0,0,0,0,3,0,0,0,0,0,0,0,0,0,1,0,0,0,0,0,0,0,0,0,0,0,0,0,0,0,0,0,0
Erststimme,12W301,"12",Reinickendorf,"301",W,3A,3,77,W,1306,785,521,0,598,4,591,7,122,278,80,6,49,27,11,14,0,0,0,0,0,0,0,0,0,0,0,1,0,0,0,0,0,0,0,0,0,3,0,0,0,0,0,0,0,0,0,0,0,0,0,0,0,0,0,0
Erststimme,12W302,"12",Reinickendorf,"302",W,3B,3,77,W,1212,743,469,0,498,0,491,5,105,215,77,12,39,15,6,19,0,0,0,0,0,0,0,0,0,0,0,3,0,0,0,0,0,0,0,0,0,0,0,0,0,0,0,0,0,0,0,0,0,0,0,0,0,0,0,0
Erststimme,12W303,"12",Reinickendorf,"303",W,3B,3,77,W,1218,750,468,0,487,2,479,8,94,212,51,13,58,26,8,7,0,0,0,0,0,0,0,0,0,0,0,8,0,0,0,0,0,0,0,0,0,2,0,0,0,0,0,0,0,0,0,0,0,0,0,0,0,0,0,0
Erststimme,12W304,"12",Reinickendorf,"304",W,3D,3,77,W,997,643,354,0,393,10,391,2,90,162,46,17,32,25,2,13,0,0,0,0,0,0,0,0,0,0,0,1,0,0,0,0,0,0,0,0,0,3,0,0,0,0,0,0,0,0,0,0,0,0,0,0,0,0,0,0
Erststimme,12W305,"12",Reinickendorf,"305",W,3G,3,77,W,1225,661,564,0,441,8,439,2,90,215,50,8,40,21,7,4,0,0,0,0,0,0,0,0,0,0,0,4,0,0,0,0,0,0,0,0,0,0,0,0,0,0,0,0,0,0,0,0,0,0,0,0,0,0,0,0
Erststimme,12W306,"12",Reinickendorf,"306",W,3C,3,77,W,1383,835,548,0,576,13,575,1,125,253,72,11,51,39,3,11,0,0,0,0,0,0,0,0,0,0,0,5,0,0,0,0,0,0,0,0,0,5,0,0,0,0,0,0,0,0,0,0,0,0,0,0,0,0,0,0
Erststimme,12W307,"12",Reinickendorf,"307",W,3F,3,77,W,1346,767,579,0,533,11,529,4,109,249,65,12,48,20,7,14,0,0,0,0,0,0,0,0,0,0,0,2,0,0,0,0,0,0,0,0,0,3,0,0,0,0,0,0,0,0,0,0,0,0,0,0,0,0,0,0
Erststimme,12W308,"12",Reinickendorf,"308",W,3E,3,77,W,1248,712,536,0,513,10,507,5,108,202,75,17,48,27,7,15,0,0,0,0,0,0,0,0,0,0,0,5,0,0,0,0,0,0,0,0,0,3,0,0,0,0,0,0,0,0,0,0,0,0,0,0,0,0,0,0
Erststimme,12W309,"12",Reinickendorf,"309",W,3D,3,77,W,1300,801,499,0,437,14,430,7,110,172,53,16,31,28,4,11,0,0,0,0,0,0,0,0,0,0,0,4,0,0,0,0,0,0,0,0,0,1,0,0,0,0,0,0,0,0,0,0,0,0,0,0,0,0,0,0
Erststimme,12W310,"12",Reinickendorf,"310",W,3H,3,77,W,1193,684,509,0,474,10,473,1,93,207,63,12,47,28,3,8,0,0,0,0,0,0,0,0,0,0,0,6,0,0,0,0,0,0,0,0,0,6,0,0,0,0,0,0,0,0,0,0,0,0,0,0,0,0,0,0
Erststimme,12W311,"12",Reinickendorf,"311",W,3E,3,77,W,1171,624,547,0,421,9,418,3,116,174,46,8,38,18,3,10,0,0,0,0,0,0,0,0,0,0,0,4,0,0,0,0,0,0,0,0,0,1,0,0,0,0,0,0,0,0,0,0,0,0,0,0,0,0,0,0
Erststimme,12W312,"12",Reinickendorf,"312",W,3F,3,77,W,1331,722,609,0,470,6,468,2,93,199,62,10,52,29,6,14,0,0,0,0,0,0,0,0,0,0,0,1,0,0,0,0,0,0,0,0,0,2,0,0,0,0,0,0,0,0,0,0,0,0,0,0,0,0,0,0
Erststimme,12W313,"12",Reinickendorf,"313",W,3H,3,77,W,1234,746,488,0,519,13,517,2,107,230,76,13,37,24,4,15,0,0,0,0,0,0,0,0,0,0,0,4,0,0,0,0,0,0,0,0,0,7,0,0,0,0,0,0,0,0,0,0,0,0,0,0,0,0,0,0
Erststimme,12W314,"12",Reinickendorf,"314",W,3J,3,77,W,1202,758,444,0,458,1,453,5,120,191,50,17,32,17,6,12,0,0,0,0,0,0,0,0,0,0,0,5,0,0,0,0,0,0,0,0,0,3,0,0,0,0,0,0,0,0,0,0,0,0,0,0,0,0,0,0
Erststimme,12W315,"12",Reinickendorf,"315",W,3P,3,77,W,1174,631,543,0,455,7,451,4,95,202,58,6,47,23,1,12,0,0,0,0,0,0,0,0,0,0,0,4,0,0,0,0,0,0,0,0,0,3,0,0,0,0,0,0,0,0,0,0,0,0,0,0,0,0,0,0
Erststimme,12W316,"12",Reinickendorf,"316",W,3J,3,77,W,1284,834,450,0,456,9,450,6,101,137,78,38,52,20,9,12,0,0,0,0,0,0,0,0,0,0,0,2,0,0,0,0,0,0,0,0,0,1,0,0,0,0,0,0,0,0,0,0,0,0,0,0,0,0,0,0
Erststimme,12W317,"12",Reinickendorf,"317",W,3K,3,77,W,1285,830,455,0,447,7,442,5,124,153,55,22,55,14,6,10,0,0,0,0,0,0,0,0,0,0,0,2,0,0,0,0,0,0,0,0,0,1,0,0,0,0,0,0,0,0,0,0,0,0,0,0,0,0,0,0
Erststimme,12W318,"12",Reinickendorf,"318",W,3I,3,77,W,1177,720,457,0,495,10,483,7,87,218,76,24,23,29,3,14,0,0,0,0,0,0,0,0,0,0,0,8,0,0,0,0,0,0,0,0,0,1,0,0,0,0,0,0,0,0,0,0,0,0,0,0,0,0,0,0
Erststimme,12W319,"12",Reinickendorf,"319",W,3L,3,77,W,1368,1032,336,0,432,2,427,5,104,169,23,17,71,14,5,18,0,0,0,0,0,0,0,0,0,0,0,3,0,0,0,0,0,0,0,0,0,3,0,0,0,0,0,0,0,0,0,0,0,0,0,0,0,0,0,0
Erststimme,12W320,"12",Reinickendorf,"320",W,3M,3,77,W,1125,875,250,0,315,6,307,8,64,107,24,18,52,5,6,26,0,0,0,0,0,0,0,0,0,0,0,5,0,0,0,0,0,0,0,0,0,0,0,0,0,0,0,0,0,0,0,0,0,0,0,0,0,0,0,0
Erststimme,12W321,"12",Reinickendorf,"321",W,3K,3,77,W,1270,987,283,0,427,8,420,7,88,148,36,28,70,18,4,22,0,0,0,0,0,0,0,0,0,0,0,2,0,0,0,0,0,0,0,0,0,4,0,0,0,0,0,0,0,0,0,0,0,0,0,0,0,0,0,0
Erststimme,12W322,"12",Reinickendorf,"322",W,3M,3,77,W,1344,1000,344,0,437,2,429,8,108,142,37,34,70,16,3,16,0,0,0,0,0,0,0,0,0,0,0,3,0,0,0,0,0,0,0,0,0,0,0,0,0,0,0,0,0,0,0,0,0,0,0,0,0,0,0,0
Erststimme,12W323,"12",Reinickendorf,"323",W,3I,3,77,W,1064,633,431,0,468,4,462,4,94,205,42,16,57,21,9,13,0,0,0,0,0,0,0,0,0,0,0,4,0,0,0,0,0,0,0,0,0,1,0,0,0,0,0,0,0,0,0,0,0,0,0,0,0,0,0,0
Erststimme,12W324,"12",Reinickendorf,"324",W,3L,3,77,W,250,181,69,0,111,0,110,1,32,44,14,6,6,5,0,3,0,0,0,0,0,0,0,0,0,0,0,0,0,0,0,0,0,0,0,0,0,0,0,0,0,0,0,0,0,0,0,0,0,0,0,0,0,0,0,0
Erststimme,12W325,"12",Reinickendorf,"325",W,3N,3,77,W,1208,729,479,0,413,0,408,5,117,123,65,12,49,18,3,15,0,0,0,0,0,0,0,0,0,0,0,4,0,0,0,0,0,0,0,0,0,2,0,0,0,0,0,0,0,0,0,0,0,0,0,0,0,0,0,0
Erststimme,12B3A,"12",Reinickendorf,3A,B,3A,3,77,W,0,0,0,0,479,479,476,3,89,261,55,5,21,28,5,10,0,0,0,0,0,0,0,0,0,0,0,1,0,0,0,0,0,0,0,0,0,1,0,0,0,0,0,0,0,0,0,0,0,0,0,0,0,0,0,0
Erststimme,12B3B,"12",Reinickendorf,3B,B,3B,3,77,W,0,0,0,0,853,853,845,5,181,429,86,18,54,31,6,26,0,0,0,0,0,0,0,0,0,0,0,7,0,0,0,0,0,0,0,0,0,7,0,0,0,0,0,0,0,0,0,0,0,0,0,0,0,0,0,0
Erststimme,12B3C,"12",Reinickendorf,3C,B,3C,3,77,W,0,0,0,0,497,497,495,2,111,230,81,4,20,29,3,12,0,0,0,0,0,0,0,0,0,0,0,3,0,0,0,0,0,0,0,0,0,2,0,0,0,0,0,0,0,0,0,0,0,0,0,0,0,0,0,0
Erststimme,12B3D,"12",Reinickendorf,3D,B,3D,3,77,W,0,0,0,0,765,765,762,3,188,342,114,20,25,42,5,16,0,0,0,0,0,0,0,0,0,0,0,3,0,0,0,0,0,0,0,0,0,7,0,0,0,0,0,0,0,0,0,0,0,0,0,0,0,0,0,0
Erststimme,12B3E,"12",Reinickendorf,3E,B,3E,3,77,W,0,0,0,0,982,982,978,4,228,500,106,18,44,38,10,28,0,0,0,0,0,0,0,0,0,0,0,3,0,0,0,0,0,0,0,0,0,3,0,0,0,0,0,0,0,0,0,0,0,0,0,0,0,0,0,0
Erststimme,12B3F,"12",Reinickendorf,3F,B,3F,3,77,W,0,0,0,0,1091,1091,1088,3,237,530,134,18,53,53,8,32,0,0,0,0,0,0,0,0,0,0,0,5,0,0,0,0,0,0,0,0,0,18,0,0,0,0,0,0,0,0,0,0,0,0,0,0,0,0,0,0
Erststimme,12B3G,"12",Reinickendorf,3G,B,3G,3,77,W,0,0,0,0,511,511,504,7,81,248,67,14,36,32,5,12,0,0,0,0,0,0,0,0,0,0,0,6,0,0,0,0,0,0,0,0,0,3,0,0,0,0,0,0,0,0,0,0,0,0,0,0,0,0,0,0
Erststimme,12B3H,"12",Reinickendorf,3H,B,3H,3,77,W,0,0,0,0,892,892,884,6,159,471,107,8,58,44,6,18,0,0,0,0,0,0,0,0,0,0,0,4,0,0,0,0,0,0,0,0,0,9,0,0,0,0,0,0,0,0,0,0,0,0,0,0,0,0,0,0
Erststimme,12B3I,"12",Reinickendorf,3I,B,3I,3,77,W,0,0,0,0,797,797,796,1,187,400,72,18,41,36,8,23,0,0,0,0,0,0,0,0,0,0,0,8,0,0,0,0,0,0,0,0,0,3,0,0,0,0,0,0,0,0,0,0,0,0,0,0,0,0,0,0
Erststimme,12B3J,"12",Reinickendorf,3J,B,3J,3,77,W,0,0,0,0,801,801,797,4,191,316,127,30,37,40,17,26,0,0,0,0,0,0,0,0,0,0,0,6,0,0,0,0,0,0,0,0,0,7,0,0,0,0,0,0,0,0,0,0,0,0,0,0,0,0,0,0
Erststimme,12B3K,"12",Reinickendorf,3K,B,3K,3,77,W,0,0,0,0,647,647,643,1,156,254,91,16,32,37,12,28,0,0,0,0,0,0,0,0,0,0,0,9,0,0,0,0,0,0,0,0,0,8,0,0,0,0,0,0,0,0,0,0,0,0,0,0,0,0,0,0
Erststimme,12B3L,"12",Reinickendorf,3L,B,3L,3,77,W,0,0,0,0,367,367,362,4,90,138,34,12,54,10,1,18,0,0,0,0,0,0,0,0,0,0,0,1,0,0,0,0,0,0,0,0,0,4,0,0,0,0,0,0,0,0,0,0,0,0,0,0,0,0,0,0
Erststimme,12B3M,"12",Reinickendorf,3M,B,3M,3,77,W,0,0,0,0,518,518,511,7,128,196,47,19,63,16,13,20,0,0,0,0,0,0,0,0,0,0,0,4,0,0,0,0,0,0,0,0,0,5,0,0,0,0,0,0,0,0,0,0,0,0,0,0,0,0,0,0
Erststimme,12B3N,"12",Reinickendorf,3N,B,3N,3,77,W,0,0,0,0,446,446,443,3,97,187,90,12,23,17,2,11,0,0,0,0,0,0,0,0,0,0,0,3,0,0,0,0,0,0,0,0,0,1,0,0,0,0,0,0,0,0,0,0,0,0,0,0,0,0,0,0
Erststimme,12B3P,"12",Reinickendorf,3P,B,3P,3,77,W,0,0,0,0,480,480,476,3,117,239,52,11,22,18,4,9,0,0,0,0,0,0,0,0,0,0,0,1,0,0,0,0,0,0,0,0,0,3,0,0,0,0,0,0,0,0,0,0,0,0,0,0,0,0,0,0
Erststimme,12W401,"12",Reinickendorf,"401",W,4A,4,77,W,1450,886,564,0,597,9,590,7,141,200,131,22,41,22,4,20,0,0,0,0,0,0,0,0,0,0,0,6,0,0,0,0,0,0,0,0,0,0,0,0,3,0,0,0,0,0,0,0,0,0,0,0,0,0,0,0
Erststimme,12W402,"12",Reinickendorf,"402",W,4A,4,77,W,1227,794,433,0,414,3,412,2,82,157,60,23,46,19,8,9,0,0,0,0,0,0,0,0,0,0,0,4,0,0,0,0,0,0,0,0,0,2,0,0,2,0,0,0,0,0,0,0,0,0,0,0,0,0,0,0
Erststimme,12W403,"12",Reinickendorf,"403",W,4B,4,77,W,1131,668,463,0,346,2,343,3,92,136,37,11,36,21,0,6,0,0,0,0,0,0,0,0,0,0,0,2,0,0,0,0,0,0,0,0,0,0,0,0,2,0,0,0,0,0,0,0,0,0,0,0,0,0,0,0
Erststimme,12W404,"12",Reinickendorf,"404",W,4C,4,77,W,1183,963,220,0,291,5,286,5,54,99,18,11,65,14,5,11,0,0,0,0,0,0,0,0,0,0,0,1,0,0,0,0,0,0,0,0,0,1,0,0,7,0,0,0,0,0,0,0,0,0,0,0,0,0,0,0
Erststimme,12W405,"12",Reinickendorf,"405",W,4C,4,77,W,1311,1073,238,0,400,0,396,4,96,126,31,20,79,14,3,12,0,0,0,0,0,0,0,0,0,0,0,8,0,0,0,0,0,0,0,0,0,2,0,0,5,0,0,0,0,0,0,0,0,0,0,0,0,0,0,0
Erststimme,12W406,"12",Reinickendorf,"406",W,4D,4,77,W,1289,889,400,0,445,5,442,3,111,158,47,28,45,20,5,11,0,0,0,0,0,0,0,0,0,0,0,9,0,0,0,0,0,0,0,0,0,6,0,0,2,0,0,0,0,0,0,0,0,0,0,0,0,0,0,0
Erststimme,12W407,"12",Reinickendorf,"407",W,4E,4,77,W,1113,651,462,0,422,4,419,3,109,151,65,13,39,17,7,13,0,0,0,0,0,0,0,0,0,0,0,3,0,0,0,0,0,0,0,0,0,0,0,0,2,0,0,0,0,0,0,0,0,0,0,0,0,0,0,0
Erststimme,12W408,"12",Reinickendorf,"408",W,4F,4,77,W,1612,1064,548,0,688,8,683,4,163,269,98,26,51,39,7,19,0,0,0,0,0,0,0,0,0,0,0,6,0,0,0,0,0,0,0,0,0,4,0,0,1,0,0,0,0,0,0,0,0,0,0,0,0,0,0,0
Erststimme,12W409,"12",Reinickendorf,"409",W,4F,4,77,W,1159,792,367,0,449,3,446,3,88,208,43,16,41,26,5,13,0,0,0,0,0,0,0,0,0,0,0,1,0,0,0,0,0,0,0,0,0,2,0,0,3,0,0,0,0,0,0,0,0,0,0,0,0,0,0,0
Erststimme,12W410,"12",Reinickendorf,"410",W,4B,4,77,W,994,729,265,0,406,0,394,12,97,177,23,7,48,25,0,10,0,0,0,0,0,0,0,0,0,0,0,5,0,0,0,0,0,0,0,0,0,2,0,0,0,0,0,0,0,0,0,0,0,0,0,0,0,0,0,0
Erststimme,12W411,"12",Reinickendorf,"411",W,4G,4,77,W,883,628,255,0,318,0,315,3,65,169,18,8,33,11,1,6,0,0,0,0,0,0,0,0,0,0,0,1,0,0,0,0,0,0,0,0,0,1,0,0,2,0,0,0,0,0,0,0,0,0,0,0,0,0,0,0
Erststimme,12W412,"12",Reinickendorf,"412",W,4D,4,77,W,1344,916,428,0,552,3,544,7,135,191,62,16,66,21,14,19,0,0,0,0,0,0,0,0,0,0,0,11,0,0,0,0,0,0,0,0,0,2,0,0,7,0,0,0,0,0,0,0,0,0,0,0,0,0,0,0
Erststimme,12W413,"12",Reinickendorf,"413",W,4E,4,77,W,1289,677,612,0,435,5,429,6,92,202,54,10,38,15,3,9,0,0,0,0,0,0,0,0,0,0,0,5,0,0,0,0,0,0,0,0,0,1,0,0,0,0,0,0,0,0,0,0,0,0,0,0,0,0,0,0
Erststimme,12W414,"12",Reinickendorf,"414",W,4H,4,77,W,1406,909,497,0,485,1,478,7,121,179,64,12,52,19,6,15,0,0,0,0,0,0,0,0,0,0,0,3,0,0,0,0,0,0,0,0,0,3,0,0,4,0,0,0,0,0,0,0,0,0,0,0,0,0,0,0
Erststimme,12W415,"12",Reinickendorf,"415",W,4N,4,77,W,1323,926,397,0,492,6,489,3,104,158,90,23,51,18,12,17,0,0,0,0,0,0,0,0,0,0,0,7,0,0,0,0,0,0,0,0,0,5,0,0,4,0,0,0,0,0,0,0,0,0,0,0,0,0,0,0
Erststimme,12W416,"12",Reinickendorf,"416",W,4I,4,77,W,1321,963,358,0,474,5,460,14,104,154,40,15,75,18,14,19,0,0,0,0,0,0,0,0,0,0,0,9,0,0,0,0,0,0,0,0,0,4,0,0,8,0,0,0,0,0,0,0,0,0,0,0,0,0,0,0
Erststimme,12W417,"12",Reinickendorf,"417",W,4J,4,77,W,1367,777,590,0,434,4,426,8,107,162,43,8,59,22,5,13,0,0,0,0,0,0,0,0,0,0,0,5,0,0,0,0,0,0,0,0,0,1,0,0,1,0,0,0,0,0,0,0,0,0,0,0,0,0,0,0
Erststimme,12W418,"12",Reinickendorf,"418",W,4H,4,77,W,1359,1016,343,0,397,0,391,6,97,129,44,21,63,13,8,10,0,0,0,0,0,0,0,0,0,0,0,2,0,0,0,0,0,0,0,0,0,3,0,0,1,0,0,0,0,0,0,0,0,0,0,0,0,0,0,0
Erststimme,12W419,"12",Reinickendorf,"419",W,4G,4,77,W,1435,986,449,0,498,3,487,11,108,215,38,22,61,12,8,18,0,0,0,0,0,0,0,0,0,0,0,2,0,0,0,0,0,0,0,0,0,0,0,0,3,0,0,0,0,0,0,0,0,0,0,0,0,0,0,0
Erststimme,12W420,"12",Reinickendorf,"420",W,4I,4,77,W,1303,927,376,0,499,8,495,4,110,173,46,26,83,20,10,15,0,0,0,0,0,0,0,0,0,0,0,2,0,0,0,0,0,0,0,0,0,6,0,0,4,0,0,0,0,0,0,0,0,0,0,0,0,0,0,0
Erststimme,12W421,"12",Reinickendorf,"421",W,4K,4,77,W,1089,783,306,0,484,1,472,12,87,229,51,13,58,12,4,9,0,0,0,0,0,0,0,0,0,0,0,3,0,0,0,0,0,0,0,0,0,2,0,0,4,0,0,0,0,0,0,0,0,0,0,0,0,0,0,0
Erststimme,12W422,"12",Reinickendorf,"422",W,4L,4,77,W,1137,848,289,0,461,4,451,10,120,169,40,10,60,24,7,13,0,0,0,0,0,0,0,0,0,0,0,3,0,0,0,0,0,0,0,0,0,4,0,0,1,0,0,0,0,0,0,0,0,0,0,0,0,0,0,0
Erststimme,12W423,"12",Reinickendorf,"423",W,4K,4,77,W,1282,944,338,0,471,8,461,10,113,170,60,14,51,18,6,17,0,0,0,0,0,0,0,0,0,0,0,7,0,0,0,0,0,0,0,0,0,3,0,0,2,0,0,0,0,0,0,0,0,0,0,0,0,0,0,0
Erststimme,12W424,"12",Reinickendorf,"424",W,4M,4,77,W,1337,915,422,0,390,3,387,3,76,182,27,11,52,13,7,14,0,0,0,0,0,0,0,0,0,0,0,2,0,0,0,0,0,0,0,0,0,3,0,0,0,0,0,0,0,0,0,0,0,0,0,0,0,0,0,0
Erststimme,12W425,"12",Reinickendorf,"425",W,4M,4,77,W,980,670,310,0,397,2,394,3,77,173,36,18,46,12,4,17,0,0,0,0,0,0,0,0,0,0,0,6,0,0,0,0,0,0,0,0,0,2,0,0,3,0,0,0,0,0,0,0,0,0,0,0,0,0,0,0
Erststimme,12W426,"12",Reinickendorf,"426",W,4L,4,77,W,919,686,233,0,295,2,294,1,66,136,22,12,28,12,5,8,0,0,0,0,0,0,0,0,0,0,0,2,0,0,0,0,0,0,0,0,0,1,0,0,2,0,0,0,0,0,0,0,0,0,0,0,0,0,0,0
Erststimme,12W427,"12",Reinickendorf,"427",W,4N,4,77,W,1183,830,353,0,315,2,306,9,67,111,31,21,39,10,4,10,0,0,0,0,0,0,0,0,0,0,0,6,0,0,0,0,0,0,0,0,0,4,0,0,3,0,0,0,0,0,0,0,0,0,0,0,0,0,0,0
Erststimme,12B4A,"12",Reinickendorf,4A,B,4A,4,77,W,0,0,0,0,889,889,883,5,201,384,173,11,29,45,10,20,0,0,0,0,0,0,0,0,0,0,0,1,0,0,0,0,0,0,0,0,0,6,0,0,3,0,0,0,0,0,0,0,0,0,0,0,0,0,0,0
Erststimme,12B4B,"12",Reinickendorf,4B,B,4B,4,77,W,0,0,0,0,669,669,665,4,163,327,62,9,38,22,7,25,0,0,0,0,0,0,0,0,0,0,0,5,0,0,0,0,0,0,0,0,0,4,0,0,3,0,0,0,0,0,0,0,0,0,0,0,0,0,0,0
Erststimme,12B4C,"12",Reinickendorf,4C,B,4C,4,77,W,0,0,0,0,397,397,394,3,106,144,18,21,51,19,3,19,0,0,0,0,0,0,0,0,0,0,0,3,0,0,0,0,0,0,0,0,0,2,0,0,8,0,0,0,0,0,0,0,0,0,0,0,0,0,0,0
Erststimme,12B4D,"12",Reinickendorf,4D,B,4D,4,77,W,0,0,0,0,733,733,727,4,170,309,96,28,33,33,6,32,0,0,0,0,0,0,0,0,0,0,0,3,0,0,0,0,0,0,0,0,0,7,0,0,10,0,0,0,0,0,0,0,0,0,0,0,0,0,0,0
Erststimme,12B4E,"12",Reinickendorf,4E,B,4E,4,77,W,0,0,0,0,993,993,990,3,230,474,105,30,68,37,11,22,0,0,0,0,0,0,0,0,0,0,0,4,0,0,0,0,0,0,0,0,0,5,0,0,4,0,0,0,0,0,0,0,0,0,0,0,0,0,0,0
Erststimme,12B4F,"12",Reinickendorf,4F,B,4F,4,77,W,0,0,0,0,824,824,821,3,172,387,118,25,41,33,4,18,0,0,0,0,0,0,0,0,0,0,0,3,0,0,0,0,0,0,0,0,0,12,0,0,8,0,0,0,0,0,0,0,0,0,0,0,0,0,0,0
Erststimme,12B4G,"12",Reinickendorf,4G,B,4G,4,77,W,0,0,0,0,645,645,640,5,132,328,45,17,40,36,3,28,0,0,0,0,0,0,0,0,0,0,0,0,0,0,0,0,0,0,0,0,0,5,0,0,6,0,0,0,0,0,0,0,0,0,0,0,0,0,0,0
Erststimme,12B4H,"12",Reinickendorf,4H,B,4H,4,77,W,0,0,0,0,766,766,762,4,180,318,91,26,67,29,6,25,0,0,0,0,0,0,0,0,0,0,0,13,0,0,0,0,0,0,0,0,0,4,0,0,3,0,0,0,0,0,0,0,0,0,0,0,0,0,0,0
Erststimme,12B4I,"12",Reinickendorf,4I,B,4I,4,77,W,0,0,0,0,632,632,628,4,163,242,58,21,70,33,8,23,0,0,0,0,0,0,0,0,0,0,0,1,0,0,0,0,0,0,0,0,0,3,0,0,6,0,0,0,0,0,0,0,0,0,0,0,0,0,0,0
Erststimme,12B4J,"12",Reinickendorf,4J,B,4J,4,77,W,0,0,0,0,552,552,543,9,149,252,59,12,25,24,4,6,0,0,0,0,0,0,0,0,0,0,0,3,0,0,0,0,0,0,0,0,0,8,0,0,1,0,0,0,0,0,0,0,0,0,0,0,0,0,0,0
Erststimme,12B4K,"12",Reinickendorf,4K,B,4K,4,77,W,0,0,0,0,576,576,573,2,125,238,78,10,50,28,8,20,0,0,0,0,0,0,0,0,0,0,0,8,0,0,0,0,0,0,0,0,0,3,0,0,5,0,0,0,0,0,0,0,0,0,0,0,0,0,0,0
Erststimme,12B4L,"12",Reinickendorf,4L,B,4L,4,77,W,0,0,0,0,466,466,460,4,93,226,65,8,33,13,5,6,0,0,0,0,0,0,0,0,0,0,0,3,0,0,0,0,0,0,0,0,0,2,0,0,6,0,0,0,0,0,0,0,0,0,0,0,0,0,0,0
Erststimme,12B4M,"12",Reinickendorf,4M,B,4M,4,77,W,0,0,0,0,666,666,658,8,163,295,67,14,59,25,6,20,0,0,0,0,0,0,0,0,0,0,0,5,0,0,0,0,0,0,0,0,0,2,0,0,2,0,0,0,0,0,0,0,0,0,0,0,0,0,0,0
Erststimme,12B4N,"12",Reinickendorf,4N,B,4N,4,77,W,0,0,0,0,653,653,649,0,186,202,93,27,56,37,12,25,0,0,0,0,0,0,0,0,0,0,0,5,0,0,0,0,0,0,0,0,0,2,0,0,4,0,0,0,0,0,0,0,0,0,0,0,0,0,0,0
Erststimme,12W501,"12",Reinickendorf,"501",W,5A,5,77,W,1179,741,438,0,510,7,509,1,109,200,83,21,52,16,7,12,0,0,0,0,0,0,0,0,0,0,0,7,0,0,0,0,0,0,0,0,0,2,0,0,0,0,0,0,0,0,0,0,0,0,0,0,0,0,0,0
Erststimme,12W502,"12",Reinickendorf,"502",W,5B,5,77,W,1216,705,511,0,432,1,431,1,79,191,47,16,64,14,6,9,1,0,0,0,0,0,0,0,0,0,0,2,0,0,0,0,0,0,0,0,0,2,0,0,0,0,0,0,0,0,0,0,0,0,0,0,0,0,0,0
Erststimme,12W503,"12",Reinickendorf,"503",W,5A,5,77,W,1325,749,576,0,465,9,461,4,93,192,62,12,56,19,7,14,4,0,0,0,0,0,0,0,0,0,0,1,0,0,0,0,0,0,0,0,0,1,0,0,0,0,0,0,0,0,0,0,0,0,0,0,0,0,0,0
Erststimme,12W504,"12",Reinickendorf,"504",W,5E,5,77,W,1231,977,254,0,331,1,322,8,80,123,10,16,64,13,3,7,0,0,0,0,0,0,0,0,0,0,0,5,0,0,0,0,0,0,0,0,0,1,0,0,0,0,0,0,0,0,0,0,0,0,0,0,0,0,0,0
Erststimme,12W505,"12",Reinickendorf,"505",W,5C,5,77,W,859,571,288,0,291,0,288,3,71,139,8,2,46,4,3,11,3,0,0,0,0,0,0,0,0,0,0,1,0,0,0,0,0,0,0,0,0,0,0,0,0,0,0,0,0,0,0,0,0,0,0,0,0,0,0,0
Erststimme,12W506,"12",Reinickendorf,"506",W,5C,5,77,W,849,657,192,0,305,0,299,6,61,125,13,17,55,14,2,9,0,0,0,0,0,0,0,0,0,0,0,3,0,0,0,0,0,0,0,0,0,0,0,0,0,0,0,0,0,0,0,0,0,0,0,0,0,0,0,0
Erststimme,12W507,"12",Reinickendorf,"507",W,5C,5,77,W,786,647,139,0,226,2,222,4,41,94,5,7,41,3,1,22,2,0,0,0,0,0,0,0,0,0,0,4,0,0,0,0,0,0,0,0,0,2,0,0,0,0,0,0,0,0,0,0,0,0,0,0,0,0,0,0
Erststimme,12W508,"12",Reinickendorf,"508",W,5D,5,77,W,606,517,89,0,181,1,165,0,36,60,9,8,34,3,0,12,2,0,0,0,0,0,0,0,0,0,0,0,0,0,0,0,0,0,0,0,0,1,0,0,0,0,0,0,0,0,0,0,0,0,0,0,0,0,0,0
Erststimme,12W509,"12",Reinickendorf,"509",W,5B,5,77,W,948,790,158,0,259,0,256,3,56,100,10,18,60,1,0,7,0,0,0,0,0,0,0,0,0,0,0,2,0,0,0,0,0,0,0,0,0,2,0,0,0,0,0,0,0,0,0,0,0,0,0,0,0,0,0,0
Erststimme,12W510,"12",Reinickendorf,"510",W,5F,5,77,W,724,605,119,0,181,1,175,6,30,72,5,7,43,7,2,7,2,0,0,0,0,0,0,0,0,0,0,0,0,0,0,0,0,0,0,0,0,0,0,0,0,0,0,0,0,0,0,0,0,0,0,0,0,0,0,0
Erststimme,12W511,"12",Reinickendorf,"511",W,5D,5,77,W,1285,1060,225,0,280,0,274,6,74,70,17,22,59,10,1,8,2,0,0,0,0,0,0,0,0,0,0,6,0,0,0,0,0,0,0,0,0,5,0,0,0,0,0,0,0,0,0,0,0,0,0,0,0,0,0,0
Erststimme,12W512,"12",Reinickendorf,"512",W,5E,5,77,W,972,800,172,0,326,2,322,4,73,118,25,16,56,6,4,14,0,0,0,0,0,0,0,0,0,0,0,5,0,0,0,0,0,0,0,0,0,5,0,0,0,0,0,0,0,0,0,0,0,0,0,0,0,0,0,0
Erststimme,12W513,"12",Reinickendorf,"513",W,5J,5,77,W,1171,965,206,0,265,0,262,3,62,109,7,10,47,8,2,12,2,0,0,0,0,0,0,0,0,0,0,2,0,0,0,0,0,0,0,0,0,1,0,0,0,0,0,0,0,0,0,0,0,0,0,0,0,0,0,0
Erststimme,12W514,"12",Reinickendorf,"514",W,5J,5,77,W,1206,1000,206,0,258,4,244,12,64,91,14,6,45,6,6,7,2,0,0,0,0,0,0,0,0,0,0,1,0,0,0,0,0,0,0,0,0,2,0,0,0,0,0,0,0,0,0,0,0,0,0,0,0,0,0,0
Erststimme,12W515,"12",Reinickendorf,"515",W,5D,5,77,W,800,671,129,0,232,2,226,6,56,91,8,11,42,3,1,8,1,0,0,0,0,0,0,0,0,0,0,1,0,0,0,0,0,0,0,0,0,4,0,0,0,0,0,0,0,0,0,0,0,0,0,0,0,0,0,0
Erststimme,12W516,"12",Reinickendorf,"516",W,5F,5,77,W,1215,1027,188,0,337,0,325,12,85,110,13,17,73,7,2,13,2,0,0,0,0,0,0,0,0,0,0,0,0,0,0,0,0,0,0,0,0,3,0,0,0,0,0,0,0,0,0,0,0,0,0,0,0,0,0,0
Erststimme,12W517,"12",Reinickendorf,"517",W,5I,5,77,W,914,757,157,0,234,0,229,5,52,93,7,14,42,5,8,5,2,0,0,0,0,0,0,0,0,0,0,0,0,0,0,0,0,0,0,0,0,1,0,0,0,0,0,0,0,0,0,0,0,0,0,0,0,0,0,0
Erststimme,12W518,"12",Reinickendorf,"518",W,5I,5,77,W,1132,825,307,0,377,2,370,7,101,145,21,16,52,20,2,9,0,0,0,0,0,0,0,0,0,0,0,3,0,0,0,0,0,0,0,0,0,1,0,0,0,0,0,0,0,0,0,0,0,0,0,0,0,0,0,0
Erststimme,12W519,"12",Reinickendorf,"519",W,5H,5,77,W,1109,828,281,0,320,3,320,0,82,142,12,12,35,16,4,16,0,0,0,0,0,0,0,0,0,0,0,1,0,0,0,0,0,0,0,0,0,0,0,0,0,0,0,0,0,0,0,0,0,0,0,0,0,0,0,0
Erststimme,12W520,"12",Reinickendorf,"520",W,5F,5,77,W,988,798,190,0,204,1,201,3,54,72,9,10,36,3,3,7,1,0,0,0,0,0,0,0,0,0,0,4,0,0,0,0,0,0,0,0,0,2,0,0,0,0,0,0,0,0,0,0,0,0,0,0,0,0,0,0
Erststimme,12W521,"12",Reinickendorf,"521",W,5I,5,77,W,1008,681,327,0,302,1,301,0,55,139,27,14,38,10,6,7,1,0,0,0,0,0,0,0,0,0,0,2,0,0,0,0,0,0,0,0,0,2,0,0,0,0,0,0,0,0,0,0,0,0,0,0,0,0,0,0
Erststimme,12W522,"12",Reinickendorf,"522",W,5H,5,77,W,781,625,156,0,185,0,183,2,55,59,4,12,41,3,3,3,2,0,0,0,0,0,0,0,0,0,0,1,0,0,0,0,0,0,0,0,0,0,0,0,0,0,0,0,0,0,0,0,0,0,0,0,0,0,0,0
Erststimme,12W523,"12",Reinickendorf,"523",W,5G,5,77,W,1146,1009,137,0,347,0,342,5,73,140,15,20,60,14,4,9,3,0,0,0,0,0,0,0,0,0,0,3,0,0,0,0,0,0,0,0,0,1,0,0,0,0,0,0,0,0,0,0,0,0,0,0,0,0,0,0
Erststimme,12W524,"12",Reinickendorf,"524",W,5G,5,77,W,1109,971,138,0,291,0,282,6,71,113,7,16,55,11,2,5,1,0,0,0,0,0,0,0,0,0,0,1,0,0,0,0,0,0,0,0,0,0,0,0,0,0,0,0,0,0,0,0,0,0,0,0,0,0,0,0
Erststimme,12W525,"12",Reinickendorf,"525",W,5H,5,77,W,768,484,284,0,268,2,266,2,42,143,24,12,24,5,4,8,2,0,0,0,0,0,0,0,0,0,0,1,0,0,0,0,0,0,0,0,0,1,0,0,0,0,0,0,0,0,0,0,0,0,0,0,0,0,0,0
Erststimme,12W526,"12",Reinickendorf,"526",W,5G,5,77,W,1245,1001,244,0,382,0,375,3,78,149,14,15,72,13,5,15,7,0,0,0,0,0,0,0,0,0,0,2,0,0,0,0,0,0,0,0,0,5,0,0,0,0,0,0,0,0,0,0,0,0,0,0,0,0,0,0
Erststimme,12B5A,"12",Reinickendorf,5A,B,5A,5,77,W,0,0,0,0,923,923,914,8,195,446,115,13,68,32,9,22,4,0,0,0,0,0,0,0,0,0,0,5,0,0,0,0,0,0,0,0,0,5,0,0,0,0,0,0,0,0,0,0,0,0,0,0,0,0,0,0
Erststimme,12B5B,"12",Reinickendorf,5B,B,5B,5,77,W,0,0,0,0,606,606,602,4,121,279,56,19,78,25,4,13,4,0,0,0,0,0,0,0,0,0,0,1,0,0,0,0,0,0,0,0,0,2,0,0,0,0,0,0,0,0,0,0,0,0,0,0,0,0,0,0
Erststimme,12B5C,"12",Reinickendorf,5C,B,5C,5,77,W,0,0,0,0,580,580,574,4,123,308,21,12,63,15,4,18,0,0,0,0,0,0,0,0,0,0,0,4,0,0,0,0,0,0,0,0,0,6,0,0,0,0,0,0,0,0,0,0,0,0,0,0,0,0,0,0
Erststimme,12B5D,"12",Reinickendorf,5D,B,5D,5,77,W,0,0,0,0,377,377,372,4,73,182,14,8,53,17,0,18,0,0,0,0,0,0,0,0,0,0,0,0,0,0,0,0,0,0,0,0,0,7,0,0,0,0,0,0,0,0,0,0,0,0,0,0,0,0,0,0
Erststimme,12B5E,"12",Reinickendorf,5E,B,5E,5,77,W,0,0,0,0,389,389,384,2,99,180,15,13,43,11,3,13,2,0,0,0,0,0,0,0,0,0,0,1,0,0,0,0,0,0,0,0,0,4,0,0,0,0,0,0,0,0,0,0,0,0,0,0,0,0,0,0
Erststimme,12B5F,"12",Reinickendorf,5F,B,5F,5,77,W,0,0,0,0,409,409,403,3,96,184,14,19,47,11,10,13,1,0,0,0,0,0,0,0,0,0,0,3,0,0,0,0,0,0,0,0,0,5,0,0,0,0,0,0,0,0,0,0,0,0,0,0,0,0,0,0
Erststimme,12B5G,"12",Reinickendorf,5G,B,5G,5,77,W,0,0,0,0,457,457,452,5,90,237,25,5,54,13,6,17,2,0,0,0,0,0,0,0,0,0,0,1,0,0,0,0,0,0,0,0,0,2,0,0,0,0,0,0,0,0,0,0,0,0,0,0,0,0,0,0
Erststimme,12B5H,"12",Reinickendorf,5H,B,5H,5,77,W,0,0,0,0,641,641,632,3,150,303,44,30,55,22,6,16,2,0,0,0,0,0,0,0,0,0,0,2,0,0,0,0,0,0,0,0,0,2,0,0,0,0,0,0,0,0,0,0,0,0,0,0,0,0,0,0
Erststimme,12B5I,"12",Reinickendorf,5I,B,5I,5,77,W,0,0,0,0,718,718,713,5,163,368,41,30,47,21,7,24,4,0,0,0,0,0,0,0,0,0,0,0,0,0,0,0,0,0,0,0,0,8,0,0,0,0,0,0,0,0,0,0,0,0,0,0,0,0,0,0
Erststimme,12B5J,"12",Reinickendorf,5J,B,5J,5,77,W,0,0,0,0,336,336,331,5,91,135,14,10,38,6,7,18,3,0,0,0,0,0,0,0,0,0,0,4,0,0,0,0,0,0,0,0,0,5,0,0,0,0,0,0,0,0,0,0,0,0,0,0,0,0,0,0
Erststimme,12W601,"12",Reinickendorf,"601",W,6A,6,77,W,266,215,51,0,140,4,140,0,29,51,12,17,11,4,0,13,0,0,0,0,0,0,0,0,0,0,0,1,0,0,0,0,0,0,0,0,0,2,0,0,0,0,0,0,0,0,0,0,0,0,0,0,0,0,0,0
Erststimme,12W602,"12",Reinickendorf,"602",W,6A,6,77,W,1318,775,543,0,593,10,591,2,115,264,108,11,33,39,1,15,0,0,0,0,0,0,0,0,0,0,0,3,0,0,0,0,0,0,0,0,0,2,0,0,0,0,0,0,0,0,0,0,0,0,0,0,0,0,0,0
Erststimme,12W603,"12",Reinickendorf,"603",W,6B,6,77,W,1171,647,524,0,416,11,413,3,75,183,78,10,19,28,2,8,0,0,0,0,0,0,0,0,0,0,0,9,0,0,0,0,0,0,0,0,0,1,0,0,0,0,0,0,0,0,0,0,0,0,0,0,0,0,0,0
Erststimme,12W604,"12",Reinickendorf,"604",W,6E,6,77,W,1041,605,436,0,459,5,457,1,86,198,85,13,26,26,17,0,0,0,0,0,0,0,0,0,0,0,0,3,0,0,0,0,0,0,0,0,0,3,0,0,0,0,0,0,0,0,0,0,0,0,0,0,0,0,0,0
Erststimme,12W605,"12",Reinickendorf,"605",W,6D,6,77,W,874,500,374,0,372,7,371,1,75,152,66,6,37,19,4,5,0,0,0,0,0,0,0,0,0,0,0,1,0,0,0,0,0,0,0,0,0,6,0,0,0,0,0,0,0,0,0,0,0,0,0,0,0,0,0,0
Erststimme,12W606,"12",Reinickendorf,"606",W,6C,6,77,W,1223,730,493,0,547,2,539,8,84,253,115,11,24,33,6,6,0,0,0,0,0,0,0,0,0,0,0,5,0,0,0,0,0,0,0,0,0,2,0,0,0,0,0,0,0,0,0,0,0,0,0,0,0,0,0,0
Erststimme,12W607,"12",Reinickendorf,"607",W,6F,6,77,W,989,608,381,0,408,7,403,5,75,173,57,14,40,27,5,10,0,0,0,0,0,0,0,0,0,0,0,1,0,0,0,0,0,0,0,0,0,1,0,0,0,0,0,0,0,0,0,0,0,0,0,0,0,0,0,0
Erststimme,12W608,"12",Reinickendorf,"608",W,6G,6,77,W,704,418,286,0,305,6,305,0,75,136,56,5,10,19,1,2,0,0,0,0,0,0,0,0,0,0,0,1,0,0,0,0,0,0,0,0,0,0,0,0,0,0,0,0,0,0,0,0,0,0,0,0,0,0,0,0
Erststimme,12W609,"12",Reinickendorf,"609",W,6H,6,77,W,1242,633,609,0,446,7,445,0,85,220,74,9,34,18,2,2,0,0,0,0,0,0,0,0,0,0,0,1,0,0,0,0,0,0,0,0,0,0,0,0,0,0,0,0,0,0,0,0,0,0,0,0,0,0,0,0
Erststimme,12W610,"12",Reinickendorf,"610",W,6J,6,77,W,969,539,430,0,398,7,396,2,62,165,90,11,21,25,4,7,0,0,0,0,0,0,0,0,0,0,0,4,0,0,0,0,0,0,0,0,0,7,0,0,0,0,0,0,0,0,0,0,0,0,0,0,0,0,0,0
Erststimme,12W611,"12",Reinickendorf,"611",W,6G,6,77,W,807,500,307,0,370,6,368,2,71,157,60,12,30,24,3,8,0,0,0,0,0,0,0,0,0,0,0,1,0,0,0,0,0,0,0,0,0,2,0,0,0,0,0,0,0,0,0,0,0,0,0,0,0,0,0,0
Erststimme,12W612,"12",Reinickendorf,"612",W,6I,6,77,W,1224,694,530,0,459,12,457,2,92,198,71,8,33,35,8,11,0,0,0,0,0,0,0,0,0,0,0,0,0,0,0,0,0,0,0,0,0,1,0,0,0,0,0,0,0,0,0,0,0,0,0,0,0,0,0,0
Erststimme,12W613,"12",Reinickendorf,"613",W,6J,6,77,W,1079,658,421,0,471,4,469,2,84,203,98,8,39,19,5,8,0,0,0,0,0,0,0,0,0,0,0,3,0,0,0,0,0,0,0,0,0,2,0,0,0,0,0,0,0,0,0,0,0,0,0,0,0,0,0,0
Erststimme,12W614,"12",Reinickendorf,"614",W,6K,6,77,W,1212,724,488,0,467,10,462,4,95,179,87,11,43,20,5,9,0,0,0,0,0,0,0,0,0,0,0,8,0,0,0,0,0,0,0,0,0,5,0,0,0,0,0,0,0,0,0,0,0,0,0,0,0,0,0,0
Erststimme,12W615,"12",Reinickendorf,"615",W,6L,6,77,W,1295,797,498,0,506,3,498,3,110,228,83,8,33,20,4,11,0,0,0,0,0,0,0,0,0,0,0,0,0,0,0,0,0,0,0,0,0,1,0,0,0,0,0,0,0,0,0,0,0,0,0,0,0,0,0,0
Erststimme,12W616,"12",Reinickendorf,"616",W,6M,6,77,W,1213,692,521,0,498,10,496,2,89,223,98,15,35,17,3,6,0,0,0,0,0,0,0,0,0,0,0,7,0,0,0,0,0,0,0,0,0,3,0,0,0,0,0,0,0,0,0,0,0,0,0,0,0,0,0,0
Erststimme,12W617,"12",Reinickendorf,"617",W,6N,6,77,W,1198,732,466,0,508,13,505,3,124,192,100,22,23,18,6,18,0,0,0,0,0,0,0,0,0,0,0,1,0,0,0,0,0,0,0,0,0,1,0,0,0,0,0,0,0,0,0,0,0,0,0,0,0,0,0,0
Erststimme,12W618,"12",Reinickendorf,"618",W,6P,6,77,W,1263,710,553,0,476,4,469,7,104,182,87,10,29,25,11,16,0,0,0,0,0,0,0,0,0,0,0,3,0,0,0,0,0,0,0,0,0,2,0,0,0,0,0,0,0,0,0,0,0,0,0,0,0,0,0,0
Erststimme,12W619,"12",Reinickendorf,"619",W,6Q,6,77,W,1249,811,438,0,596,6,583,8,126,252,111,18,37,22,0,11,0,0,0,0,0,0,0,0,0,0,0,3,0,0,0,0,0,0,0,0,0,3,0,0,0,0,0,0,0,0,0,0,0,0,0,0,0,0,0,0
Erststimme,12W620,"12",Reinickendorf,"620",W,6R,6,77,W,964,565,399,0,405,5,402,3,83,161,71,12,41,17,4,8,0,0,0,0,0,0,0,0,0,0,0,2,0,0,0,0,0,0,0,0,0,3,0,0,0,0,0,0,0,0,0,0,0,0,0,0,0,0,0,0
Erststimme,12W621,"12",Reinickendorf,"621",W,6S,6,77,W,921,589,332,0,412,6,408,4,99,152,94,12,20,12,4,9,0,0,0,0,0,0,0,0,0,0,0,2,0,0,0,0,0,0,0,0,0,4,0,0,0,0,0,0,0,0,0,0,0,0,0,0,0,0,0,0
Erststimme,12W622,"12",Reinickendorf,"622",W,6T,6,77,W,1080,598,482,0,444,9,440,4,81,206,70,12,34,24,4,7,0,0,0,0,0,0,0,0,0,0,0,1,0,0,0,0,0,0,0,0,0,1,0,0,0,0,0,0,0,0,0,0,0,0,0,0,0,0,0,0
Erststimme,12W623,"12",Reinickendorf,"623",W,6S,6,77,W,877,513,364,0,404,4,393,9,94,151,81,10,23,23,1,7,0,0,0,0,0,0,0,0,0,0,0,1,0,0,0,0,0,0,0,0,0,2,0,0,0,0,0,0,0,0,0,0,0,0,0,0,0,0,0,0
Erststimme,12W624,"12",Reinickendorf,"624",W,6U,6,77,W,1132,792,340,0,544,7,541,3,108,258,64,4,51,28,2,17,0,0,0,0,0,0,0,0,0,0,0,3,0,0,0,0,0,0,0,0,0,6,0,0,0,0,0,0,0,0,0,0,0,0,0,0,0,0,0,0
Erststimme,12W625,"12",Reinickendorf,"625",W,6V,6,77,W,1118,658,460,0,424,1,418,6,117,148,46,18,41,21,7,15,0,0,0,0,0,0,0,0,0,0,0,4,0,0,0,0,0,0,0,0,0,1,0,0,0,0,0,0,0,0,0,0,0,0,0,0,0,0,0,0
Erststimme,12W626,"12",Reinickendorf,"626",W,6W,6,77,W,1204,670,534,0,448,3,443,5,88,202,65,15,32,21,5,9,0,0,0,0,0,0,0,0,0,0,0,6,0,0,0,0,0,0,0,0,0,0,0,0,0,0,0,0,0,0,0,0,0,0,0,0,0,0,0,0
Erststimme,12B6A,"12",Reinickendorf,6A,B,6A,6,77,W,0,0,0,0,520,520,519,1,79,278,90,6,15,32,2,12,0,0,0,0,0,0,0,0,0,0,0,1,0,0,0,0,0,0,0,0,0,4,0,0,0,0,0,0,0,0,0,0,0,0,0,0,0,0,0,0
Erststimme,12B6B,"12",Reinickendorf,6B,B,6B,6,77,W,0,0,0,0,472,472,471,1,98,230,55,9,36,16,3,17,0,0,0,0,0,0,0,0,0,0,0,1,0,0,0,0,0,0,0,0,0,6,0,0,0,0,0,0,0,0,0,0,0,0,0,0,0,0,0,0
Erststimme,12B6C,"12",Reinickendorf,6C,B,6C,6,77,W,0,0,0,0,475,475,472,3,93,220,87,9,15,30,1,7,0,0,0,0,0,0,0,0,0,0,0,1,0,0,0,0,0,0,0,0,0,9,0,0,0,0,0,0,0,0,0,0,0,0,0,0,0,0,0,0
Erststimme,12B6D,"12",Reinickendorf,6D,B,6D,6,77,W,0,0,0,0,346,346,344,2,63,178,58,3,15,12,7,3,0,0,0,0,0,0,0,0,0,0,0,2,0,0,0,0,0,0,0,0,0,3,0,0,0,0,0,0,0,0,0,0,0,0,0,0,0,0,0,0
Erststimme,12B6E,"12",Reinickendorf,6E,B,6E,6,77,W,0,0,0,0,402,402,399,3,73,202,65,10,10,23,1,9,0,0,0,0,0,0,0,0,0,0,0,1,0,0,0,0,0,0,0,0,0,5,0,0,0,0,0,0,0,0,0,0,0,0,0,0,0,0,0,0
Erststimme,12B6F,"12",Reinickendorf,6F,B,6F,6,77,W,0,0,0,0,350,350,348,2,68,199,28,15,11,14,2,4,0,0,0,0,0,0,0,0,0,0,0,0,0,0,0,0,0,0,0,0,0,7,0,0,0,0,0,0,0,0,0,0,0,0,0,0,0,0,0,0
Erststimme,12B6G,"12",Reinickendorf,6G,B,6G,6,77,W,0,0,0,0,548,548,542,5,117,279,70,14,22,25,2,7,0,0,0,0,0,0,0,0,0,0,0,2,0,0,0,0,0,0,0,0,0,4,0,0,0,0,0,0,0,0,0,0,0,0,0,0,0,0,0,0
Erststimme,12B6H,"12",Reinickendorf,6H,B,6H,6,77,W,0,0,0,0,578,578,571,7,117,261,95,10,29,34,4,7,0,0,0,0,0,0,0,0,0,0,0,1,0,0,0,0,0,0,0,0,0,13,0,0,0,0,0,0,0,0,0,0,0,0,0,0,0,0,0,0
Erststimme,12B6I,"12",Reinickendorf,6I,B,6I,6,77,W,0,0,0,0,464,464,460,4,111,208,54,7,29,34,9,5,0,0,0,0,0,0,0,0,0,0,0,0,0,0,0,0,0,0,0,0,0,3,0,0,0,0,0,0,0,0,0,0,0,0,0,0,0,0,0,0
Erststimme,12B6J,"12",Reinickendorf,6J,B,6J,6,77,W,0,0,0,0,777,777,774,1,137,386,122,14,31,55,2,11,0,0,0,0,0,0,0,0,0,0,0,4,0,0,0,0,0,0,0,0,0,12,0,0,0,0,0,0,0,0,0,0,0,0,0,0,0,0,0,0
Erststimme,12B6K,"12",Reinickendorf,6K,B,6K,6,77,W,0,0,0,0,442,442,442,0,92,200,78,9,16,27,5,8,0,0,0,0,0,0,0,0,0,0,0,2,0,0,0,0,0,0,0,0,0,5,0,0,0,0,0,0,0,0,0,0,0,0,0,0,0,0,0,0
Erststimme,12B6L,"12",Reinickendorf,6L,B,6L,6,77,W,0,0,0,0,463,463,457,3,90,238,57,7,20,17,6,10,0,0,0,0,0,0,0,0,0,0,0,5,0,0,0,0,0,0,0,0,0,7,0,0,0,0,0,0,0,0,0,0,0,0,0,0,0,0,0,0
Erststimme,12B6M,"12",Reinickendorf,6M,B,6M,6,77,W,0,0,0,0,481,481,478,1,88,232,78,8,24,31,1,5,0,0,0,0,0,0,0,0,0,0,0,0,0,0,0,0,0,0,0,0,0,11,0,0,0,0,0,0,0,0,0,0,0,0,0,0,0,0,0,0
Erststimme,12B6N,"12",Reinickendorf,6N,B,6N,6,77,W,0,0,0,0,425,425,420,5,84,203,78,11,12,19,2,7,0,0,0,0,0,0,0,0,0,0,0,2,0,0,0,0,0,0,0,0,0,2,0,0,0,0,0,0,0,0,0,0,0,0,0,0,0,0,0,0
Erststimme,12B6P,"12",Reinickendorf,6P,B,6P,6,77,W,0,0,0,0,508,508,505,3,102,241,99,15,15,15,2,12,0,0,0,0,0,0,0,0,0,0,0,0,0,0,0,0,0,0,0,0,0,4,0,0,0,0,0,0,0,0,0,0,0,0,0,0,0,0,0,0
Erststimme,12B6Q,"12",Reinickendorf,6Q,B,6Q,6,77,W,0,0,0,0,392,392,390,1,76,177,86,9,11,17,5,4,0,0,0,0,0,0,0,0,0,0,0,2,0,0,0,0,0,0,0,0,0,3,0,0,0,0,0,0,0,0,0,0,0,0,0,0,0,0,0,0
Erststimme,12B6R,"12",Reinickendorf,6R,B,6R,6,77,W,0,0,0,0,388,388,382,2,75,190,54,4,12,26,7,6,0,0,0,0,0,0,0,0,0,0,0,1,0,0,0,0,0,0,0,0,0,7,0,0,0,0,0,0,0,0,0,0,0,0,0,0,0,0,0,0
Erststimme,12B6S,"12",Reinickendorf,6S,B,6S,6,77,W,0,0,0,0,634,634,625,7,133,299,106,12,30,21,6,5,0,0,0,0,0,0,0,0,0,0,0,3,0,0,0,0,0,0,0,0,0,10,0,0,0,0,0,0,0,0,0,0,0,0,0,0,0,0,0,0
Erststimme,12B6T,"12",Reinickendorf,6T,B,6T,6,77,W,0,0,0,0,426,426,425,1,101,207,55,5,22,19,2,10,0,0,0,0,0,0,0,0,0,0,0,2,0,0,0,0,0,0,0,0,0,2,0,0,0,0,0,0,0,0,0,0,0,0,0,0,0,0,0,0
Erststimme,12B6U,"12",Reinickendorf,6U,B,6U,6,77,W,0,0,0,0,301,301,298,2,57,167,42,3,17,5,0,5,0,0,0,0,0,0,0,0,0,0,0,1,0,0,0,0,0,0,0,0,0,1,0,0,0,0,0,0,0,0,0,0,0,0,0,0,0,0,0,0
Erststimme,12B6V,"12",Reinickendorf,6V,B,6V,6,77,W,0,0,0,0,427,427,424,3,118,160,64,14,27,16,4,13,0,0,0,0,0,0,0,0,0,0,0,1,0,0,0,0,0,0,0,0,0,7,0,0,0,0,0,0,0,0,0,0,0,0,0,0,0,0,0,0
Erststimme,12B6W,"12",Reinickendorf,6W,B,6W,6,77,W,0,0,0,0,501,501,496,5,98,247,67,14,12,38,7,10,0,0,0,0,0,0,0,0,0,0,0,1,0,0,0,0,0,0,0,0,0,2,0,0,0,0,0,0,0,0,0,0,0,0,0,0,0,0,0,0
