Adresse,Bezirksnummer,Bezirksname,Wahlbezirk,Wahlbezirksart,Briefwahlbezirksnummer,OstWest,Abgeordnetenhauswahlkreis,Bundestagswahlkreis,Wahlberechtigte insgesamt,Wählende,Ungültige Stimmen,Gültige Stimmen,CDU,CDU in Prozent,SPD,SPD in Prozent,GRÜNE,GRÜNE in Prozent,Die Linke,Die Linke in Prozent,AfD,AfD in Prozent,FDP,FDP in Prozent,Sonstige,Sonstige in Prozent
"01B1A","01",Mitte,1A,B,"011A",O,"1","74",0,610,3,606,134,22.1122112211221,72,11.8811881188119,190,31.3531353135314,51,8.41584158415842,16,2.64026402640264,76,12.5412541254125,67,11.0561056105611
"01B1B","01",Mitte,1B,B,"011B",O,"1","74",0,525,1,523,86,16.4435946462715,61,11.6634799235182,211,40.3441682600382,68,13.0019120458891,10,1.91204588910134,35,6.69216061185468,52,9.94263862332696
"01B1C","01",Mitte,1C,B,"011C",O,"1","74",0,516,1,515,79,15.3398058252427,57,11.0679611650485,219,42.5242718446602,61,11.8446601941748,11,2.13592233009709,33,6.40776699029126,55,10.6796116504854
"01B1D","01",Mitte,1D,B,"011D",O,"1","74",0,539,3,536,122,22.7611940298507,108,20.1492537313433,142,26.4925373134328,58,10.8208955223881,29,5.41044776119403,32,5.97014925373134,45,8.3955223880597
"01B1E","01",Mitte,1E,B,"011E",O,"1","74",0,693,2,691,190,27.4963820549928,105,15.1953690303907,205,29.6671490593343,48,6.94645441389291,22,3.18379160636758,76,10.9985528219971,45,6.5123010130246
"01B1F","01",Mitte,1F,B,"011F",W,"1","74",0,801,3,797,205,25.7214554579674,132,16.5621079046424,203,25.4705144291092,63,7.90464240903388,36,4.51693851944793,76,9.5357590966123,82,10.2885821831869
"01B1G","01",Mitte,1G,B,"011G",O,"1","74",0,509,1,508,101,19.8818897637795,65,12.7952755905512,187,36.8110236220472,60,11.8110236220472,6,1.18110236220472,47,9.25196850393701,42,8.26771653543307
"01B1H","01",Mitte,1H,B,"011H",W,"1","74",0,651,2,649,170,26.1941448382126,114,17.5654853620955,167,25.7318952234206,54,8.32049306625578,31,4.77657935285054,59,9.09090909090909,54,8.32049306625578
"01B1J","01",Mitte,1J,B,"011J",O,"1","74",0,507,2,505,79,15.6435643564356,70,13.8613861386139,205,40.5940594059406,61,12.0792079207921,9,1.78217821782178,32,6.33663366336634,49,9.7029702970297
"01B1K","01",Mitte,1K,B,"011K",O,"1","74",0,245,1,244,53,21.7213114754098,46,18.8524590163934,71,29.0983606557377,28,11.4754098360656,11,4.50819672131148,14,5.73770491803279,21,8.60655737704918
"01B1L","01",Mitte,1L,B,"011L",O,"1","74",0,591,0,591,140,23.6886632825719,92,15.5668358714044,169,28.595600676819,76,12.8595600676819,13,2.19966159052453,59,9.98307952622674,42,7.10659898477157
"01B1M","01",Mitte,1M,B,"011M",O,"1","74",0,591,0,591,173,29.2724196277496,104,17.5972927241963,148,25.0423011844332,42,7.10659898477157,23,3.8917089678511,64,10.82910321489,37,6.26057529610829
"01B1N","01",Mitte,1N,B,"011N",O,"1","74",0,520,0,520,112,21.5384615384615,67,12.8846153846154,184,35.3846153846154,63,12.1153846153846,6,1.15384615384615,53,10.1923076923077,35,6.73076923076923
"01B1P","01",Mitte,1P,B,"011P",O,"1","74",0,261,0,261,54,20.6896551724138,31,11.8773946360153,94,36.0153256704981,42,16.0919540229885,3,1.14942528735632,20,7.66283524904215,17,6.51340996168582
"01B1Q","01",Mitte,1Q,B,"011Q",O,"1","74",0,548,0,548,119,21.7153284671533,74,13.5036496350365,189,34.4890510948905,82,14.963503649635,8,1.45985401459854,45,8.21167883211679,31,5.65693430656934
"01B1R","01",Mitte,1R,B,"011R",O,"1","74",0,453,0,452,94,20.7964601769912,62,13.716814159292,119,26.3274336283186,72,15.929203539823,21,4.64601769911504,42,9.29203539823009,42,9.29203539823009
"01B1S","01",Mitte,1S,B,"011S",O,"1","74",0,238,0,237,57,24.0506329113924,31,13.0801687763713,77,32.4894514767932,36,15.1898734177215,4,1.68776371308017,17,7.17299578059072,15,6.32911392405063
"01B1T","01",Mitte,1T,B,"011T",O,"1","74",0,294,0,293,85,29.0102389078498,53,18.0887372013652,62,21.160409556314,21,7.16723549488055,14,4.77815699658703,34,11.6040955631399,24,8.19112627986348
"01B2A","01",Mitte,2A,B,"012A",O,"2","74",0,530,2,527,99,18.7855787476281,75,14.2314990512334,160,30.3605313092979,82,15.5597722960152,24,4.55407969639469,43,8.15939278937381,44,8.34914611005693
"01B2B","01",Mitte,2B,B,"012B",O,"2","74",0,534,2,531,101,19.0207156308851,74,13.9359698681733,157,29.5668549905838,85,16.0075329566855,24,4.51977401129944,43,8.09792843691149,47,8.85122410546139
"01B2C","01",Mitte,2C,B,"012C",O,"2","74",0,548,3,544,82,15.0735294117647,75,13.7867647058824,189,34.7426470588235,73,13.4191176470588,20,3.67647058823529,44,8.08823529411765,61,11.2132352941176
"01B2D","01",Mitte,2D,B,"012D",O,"2","74",0,525,2,523,138,26.3862332695985,103,19.6940726577438,69,13.1931166347992,116,22.1797323135755,34,6.50095602294455,20,3.82409177820268,43,8.22179732313576
"01B2E","01",Mitte,2E,B,"012E",O,"2","74",0,555,3,552,151,27.3550724637681,119,21.5579710144928,49,8.8768115942029,141,25.5434782608696,34,6.15942028985507,13,2.35507246376812,45,8.15217391304348
"01B2F","01",Mitte,2F,B,"012F",O,"2","74",0,556,1,555,136,24.5045045045045,115,20.7207207207207,76,13.6936936936937,124,22.3423423423423,41,7.38738738738739,22,3.96396396396396,41,7.38738738738739
"01B2G","01",Mitte,2G,B,"012G",O,"2","74",0,546,4,542,137,25.2767527675277,96,17.7121771217712,75,13.8376383763838,125,23.0627306273063,43,7.93357933579336,22,4.0590405904059,44,8.11808118081181
"01B2H","01",Mitte,2H,B,"012H",O,"2","74",0,548,2,546,142,26.007326007326,101,18.4981684981685,86,15.7509157509158,108,19.7802197802198,34,6.22710622710623,35,6.41025641025641,40,7.32600732600733
"01B2J","01",Mitte,2J,B,"012J",O,"2","74",0,551,3,548,174,31.7518248175182,89,16.2408759124088,83,15.1459854014599,84,15.3284671532847,37,6.75182481751825,46,8.39416058394161,35,6.38686131386861
"01B2K","01",Mitte,2K,B,"012K",O,"2","74",0,524,2,522,191,36.5900383141762,85,16.2835249042146,74,14.176245210728,69,13.2183908045977,24,4.59770114942529,43,8.23754789272031,36,6.89655172413793
"01B2L","01",Mitte,2L,B,"012L",O,"2","74",0,529,1,528,141,26.7045454545455,89,16.8560606060606,99,18.75,82,15.530303030303,25,4.73484848484848,59,11.1742424242424,33,6.25
"01B2M","01",Mitte,2M,B,"012M",O,"2","74",0,545,1,544,146,26.8382352941176,95,17.4632352941176,97,17.8308823529412,86,15.8088235294118,26,4.77941176470588,59,10.8455882352941,35,6.43382352941176
"01B2N","01",Mitte,2N,B,"012N",O,"2","74",0,567,1,566,121,21.3780918727915,71,12.5441696113074,183,32.3321554770318,87,15.3710247349823,20,3.53356890459364,30,5.30035335689046,54,9.54063604240283
"01B2P","01",Mitte,2P,B,"012P",O,"2","74",0,633,2,631,200,31.6957210776545,102,16.1648177496038,96,15.2139461172742,99,15.689381933439,44,6.97305863708399,53,8.39936608557845,37,5.86370839936609
"01B2Q","01",Mitte,2Q,B,"012Q",O,"2","74",0,616,1,615,153,24.8780487804878,111,18.0487804878049,121,19.6747967479675,119,19.349593495935,38,6.17886178861789,33,5.36585365853659,40,6.50406504065041
"01B2R","01",Mitte,2R,B,"012R",O,"2","74",0,689,0,689,172,24.9637155297533,123,17.8519593613933,153,22.2060957910015,114,16.5457184325109,38,5.51523947750363,42,6.09579100145138,47,6.82148040638607
"01B2S","01",Mitte,2S,B,"012S",O,"2","74",0,673,0,673,163,24.2199108469539,110,16.3447251114413,175,26.0029717682021,113,16.7904903417533,32,4.75482912332838,33,4.90341753343239,47,6.98365527488856
"01B3A","01",Mitte,3A,B,"013A",W,"3","74",0,346,3,343,55,16.0349854227405,48,13.9941690962099,111,32.3615160349854,61,17.7842565597668,8,2.33236151603499,14,4.08163265306122,46,13.4110787172012
"01B3B","01",Mitte,3B,B,"013B",W,"3","74",0,360,1,359,61,16.991643454039,55,15.3203342618384,119,33.1476323119777,58,16.1559888579387,9,2.50696378830084,17,4.73537604456824,40,11.142061281337
"01B3C","01",Mitte,3C,B,"013C",W,"3","74",0,438,1,436,113,25.9174311926606,88,20.1834862385321,94,21.5596330275229,47,10.7798165137615,22,5.04587155963303,28,6.42201834862385,44,10.0917431192661
"01B3D","01",Mitte,3D,B,"013D",W,"3","74",0,651,1,649,153,23.5747303543914,130,20.0308166409861,190,29.2758089368259,57,8.78274268104777,22,3.38983050847458,42,6.47149460708783,55,8.47457627118644
"01B3E","01",Mitte,3E,B,"013E",W,"3","74",0,619,2,617,104,16.8557536466775,116,18.8006482982172,213,34.5218800648298,69,11.1831442463533,13,2.10696920583468,31,5.02431118314425,71,11.5072933549433
"01B3F","01",Mitte,3F,B,"013F",W,"3","74",0,467,1,466,79,16.9527896995708,86,18.4549356223176,165,35.4077253218884,61,13.0901287553648,10,2.14592274678112,22,4.72103004291846,43,9.2274678111588
"01B3G","01",Mitte,3G,B,"013G",W,"3","74",0,528,4,524,120,22.9007633587786,99,18.8931297709924,163,31.1068702290076,53,10.1145038167939,14,2.67175572519084,31,5.91603053435114,44,8.3969465648855
"01B3H","01",Mitte,3H,B,"013H",W,"3","74",0,505,1,504,100,19.8412698412698,99,19.6428571428571,153,30.3571428571429,55,10.9126984126984,20,3.96825396825397,33,6.54761904761905,44,8.73015873015873
"01B3J","01",Mitte,3J,B,"013J",W,"3","74",0,699,2,697,120,17.2166427546628,139,19.9426111908178,244,35.0071736011478,84,12.051649928264,14,2.00860832137733,29,4.16068866571019,67,9.61262553802009
"01B3K","01",Mitte,3K,B,"013K",W,"3","74",0,523,2,521,153,29.3666026871401,104,19.9616122840691,120,23.0326295585413,50,9.59692898272553,22,4.22264875239923,33,6.33397312859885,39,7.48560460652591
"01B3L","01",Mitte,3L,B,"013L",W,"3","74",0,463,3,460,134,29.1304347826087,84,18.2608695652174,119,25.8695652173913,40,8.69565217391304,20,4.34782608695652,33,7.17391304347826,30,6.52173913043478
"01B3M","01",Mitte,3M,B,"013M",W,"3","74",0,593,3,590,155,26.271186440678,118,20,173,29.3220338983051,52,8.8135593220339,19,3.22033898305085,36,6.10169491525424,37,6.27118644067797
"01B3N","01",Mitte,3N,B,"013N",W,"3","74",0,441,3,438,135,30.8219178082192,64,14.6118721461187,109,24.8858447488584,35,7.99086757990868,23,5.25114155251141,50,11.4155251141553,22,5.02283105022831
"01B3P","01",Mitte,3P,B,"013P",W,"3","74",0,477,3,474,143,30.168776371308,87,18.3544303797468,118,24.8945147679325,41,8.64978902953587,21,4.43037974683544,46,9.70464135021097,18,3.79746835443038
"01B3Q","01",Mitte,3Q,B,"013Q",W,"3","74",0,468,2,466,117,25.1072961373391,79,16.9527896995708,132,28.3261802575107,50,10.7296137339056,16,3.43347639484979,48,10.3004291845494,24,5.15021459227468
"01B3R","01",Mitte,3R,B,"013R",W,"3","74",0,484,1,483,122,25.2587991718427,54,11.1801242236025,138,28.5714285714286,47,9.73084886128364,22,4.55486542443064,64,13.2505175983437,36,7.45341614906832
"01B4A","01",Mitte,4A,B,"014A",W,"4","74",0,483,2,480,64,13.3333333333333,62,12.9166666666667,180,37.5,90,18.75,16,3.33333333333333,17,3.54166666666667,51,10.625
"01B4B","01",Mitte,4B,B,"014B",W,"4","74",0,537,2,534,73,13.6704119850187,70,13.1086142322097,198,37.0786516853933,100,18.7265917602996,18,3.37078651685393,19,3.55805243445693,56,10.4868913857678
"01B4C","01",Mitte,4C,B,"014C",W,"4","74",0,389,2,386,61,15.8031088082902,54,13.9896373056995,124,32.1243523316062,68,17.6165803108808,14,3.62694300518135,14,3.62694300518135,51,13.2124352331606
"01B4D","01",Mitte,4D,B,"014D",W,"4","74",0,446,1,444,68,15.3153153153153,55,12.3873873873874,170,38.2882882882883,68,15.3153153153153,11,2.47747747747748,18,4.05405405405405,54,12.1621621621622
"01B4E","01",Mitte,4E,B,"014E",W,"4","74",0,483,1,481,69,14.3451143451143,61,12.6819126819127,187,38.8773388773389,72,14.968814968815,15,3.11850311850312,22,4.57380457380457,55,11.4345114345114
"01B4F","01",Mitte,4F,B,"014F",W,"4","74",0,445,1,443,68,15.3498871331828,63,14.2212189616253,166,37.4717832957111,67,15.1241534988713,14,3.16027088036117,23,5.19187358916479,42,9.48081264108352
"01B4G","01",Mitte,4G,B,"014G",W,"4","74",0,478,1,476,73,15.3361344537815,66,13.8655462184874,190,39.9159663865546,70,14.7058823529412,11,2.3109243697479,18,3.78151260504202,48,10.0840336134454
"01B4H","01",Mitte,4H,B,"014H",W,"4","74",0,423,1,421,67,15.9144893111639,54,12.8266033254157,172,40.855106888361,60,14.2517814726841,11,2.61282660332542,18,4.27553444180523,39,9.26365795724466
"01B4J","01",Mitte,4J,B,"014J",W,"4","74",0,413,3,409,74,18.0929095354523,67,16.3814180929095,135,33.0073349633252,49,11.9804400977995,26,6.35696821515892,21,5.13447432762836,37,9.04645476772616
"01B4K","01",Mitte,4K,B,"014K",W,"4","74",0,405,2,402,71,17.6616915422886,61,15.1741293532338,147,36.5671641791045,51,12.6865671641791,20,4.97512437810945,19,4.72636815920398,33,8.2089552238806
"01B4L","01",Mitte,4L,B,"014L",W,"4","74",0,379,2,376,43,11.436170212766,49,13.031914893617,147,39.0957446808511,54,14.3617021276596,17,4.52127659574468,15,3.98936170212766,51,13.563829787234
"01B4M","01",Mitte,4M,B,"014M",W,"4","74",0,512,2,509,78,15.3241650294695,78,15.3241650294695,202,39.6856581532416,71,13.9489194499018,17,3.33988212180747,22,4.32220039292731,41,8.05500982318271
"01B4N","01",Mitte,4N,B,"014N",W,"4","74",0,460,0,459,78,16.9934640522876,67,14.5969498910675,180,39.2156862745098,63,13.7254901960784,14,3.05010893246187,21,4.57516339869281,36,7.84313725490196
"01B4P","01",Mitte,4P,B,"014P",W,"4","74",0,321,0,320,33,10.3125,46,14.375,130,40.625,53,16.5625,9,2.8125,17,5.3125,32,10
"01B4Q","01",Mitte,4Q,B,"014Q",W,"4","74",0,455,1,453,72,15.8940397350993,57,12.5827814569536,209,46.1368653421634,59,13.0242825607064,9,1.98675496688742,16,3.53200883002207,31,6.84326710816777
"01B5A","01",Mitte,5A,B,"015A",W,"5","74",0,444,3,440,150,34.0909090909091,93,21.1363636363636,74,16.8181818181818,34,7.72727272727273,27,6.13636363636364,15,3.40909090909091,47,10.6818181818182
"01B5B","01",Mitte,5B,B,"015B",W,"5","74",0,460,3,456,159,34.8684210526316,96,21.0526315789474,76,16.6666666666667,34,7.45614035087719,28,6.14035087719298,16,3.50877192982456,47,10.3070175438596
"01B5C","01",Mitte,5C,B,"015C",W,"5","74",0,425,4,421,120,28.5035629453682,83,19.7149643705463,84,19.9524940617577,44,10.4513064133017,36,8.55106888361045,12,2.85035629453682,42,9.97624703087886
"01B5D","01",Mitte,5D,B,"015D",W,"5","74",0,454,2,452,139,30.7522123893805,102,22.5663716814159,82,18.141592920354,45,9.95575221238938,30,6.63716814159292,10,2.21238938053097,44,9.73451327433628
"01B5E","01",Mitte,5E,B,"015E",W,"5","74",0,484,3,481,149,30.977130977131,103,21.4137214137214,78,16.2162162162162,50,10.3950103950104,34,7.06860706860707,13,2.7027027027027,54,11.2266112266112
"01B5F","01",Mitte,5F,B,"015F",W,"5","74",0,431,4,427,140,32.7868852459016,90,21.0772833723653,68,15.9250585480094,31,7.25995316159251,38,8.89929742388759,16,3.74707259953162,44,10.3044496487119
"01B5G","01",Mitte,5G,B,"015G",W,"5","74",0,605,2,603,129,21.3930348258706,114,18.9054726368159,153,25.3731343283582,86,14.2620232172471,35,5.80431177446103,17,2.81923714759536,69,11.4427860696517
"01B5H","01",Mitte,5H,B,"015H",W,"5","74",0,361,1,360,92,25.5555555555556,60,16.6666666666667,88,24.4444444444444,54,15,25,6.94444444444444,9,2.5,32,8.88888888888889
"01B5J","01",Mitte,5J,B,"015J",W,"5","74",0,382,2,380,84,22.1052631578947,74,19.4736842105263,92,24.2105263157895,53,13.9473684210526,26,6.8421052631579,11,2.89473684210526,40,10.5263157894737
"01B5K","01",Mitte,5K,B,"015K",W,"5","74",0,649,4,645,79,12.2480620155039,80,12.4031007751938,250,38.7596899224806,127,19.6899224806202,27,4.18604651162791,15,2.32558139534884,67,10.3875968992248
"01B5L","01",Mitte,5L,B,"015L",W,"5","74",0,377,4,373,80,21.4477211796247,74,19.8391420911528,99,26.5415549597855,58,15.5495978552279,24,6.4343163538874,8,2.14477211796247,30,8.04289544235925
"01B5M","01",Mitte,5M,B,"015M",W,"5","74",0,488,3,485,111,22.8865979381443,90,18.5567010309278,144,29.6907216494845,68,14.020618556701,24,4.94845360824742,16,3.29896907216495,32,6.5979381443299
"01B5N","01",Mitte,5N,B,"015N",W,"5","74",0,489,2,487,152,31.211498973306,90,18.4804928131417,116,23.8193018480493,52,10.6776180698152,26,5.3388090349076,21,4.31211498973306,30,6.16016427104723
"01B5P","01",Mitte,5P,B,"015P",W,"5","74",0,494,0,494,48,9.7165991902834,82,16.5991902834008,194,39.2712550607287,94,19.0283400809717,17,3.4412955465587,12,2.42914979757085,47,9.51417004048583
"01B6A","01",Mitte,6A,B,"016A",W,"6","74",0,417,3,414,69,16.6666666666667,52,12.56038647343,120,28.9855072463768,95,22.9468599033816,21,5.07246376811594,7,1.69082125603865,50,12.0772946859903
"01B6B","01",Mitte,6B,B,"016B",W,"6","74",0,309,1,308,44,14.2857142857143,44,14.2857142857143,89,28.8961038961039,60,19.4805194805195,15,4.87012987012987,6,1.94805194805195,50,16.2337662337662
"01B6C","01",Mitte,6C,B,"016C",W,"6","74",0,376,1,374,70,18.716577540107,62,16.5775401069519,94,25.1336898395722,71,18.9839572192513,17,4.54545454545455,8,2.13903743315508,52,13.903743315508
"01B6D","01",Mitte,6D,B,"016D",W,"6","74",0,361,2,358,58,16.2011173184358,54,15.0837988826816,93,25.9776536312849,75,20.9497206703911,20,5.58659217877095,11,3.07262569832402,47,13.1284916201117
"01B6E","01",Mitte,6E,B,"016E",W,"6","74",0,298,1,296,28,9.45945945945946,38,12.8378378378378,98,33.1081081081081,61,20.6081081081081,13,4.39189189189189,6,2.02702702702703,52,17.5675675675676
"01B6F","01",Mitte,6F,B,"016F",W,"6","74",0,345,2,342,40,11.6959064327485,37,10.8187134502924,111,32.4561403508772,80,23.3918128654971,18,5.26315789473684,13,3.80116959064327,43,12.5730994152047
"01B6G","01",Mitte,6G,B,"016G",W,"6","74",0,412,2,409,59,14.4254278728606,71,17.359413202934,124,30.3178484107579,80,19.559902200489,19,4.64547677261614,12,2.93398533007335,44,10.7579462102689
"01B6H","01",Mitte,6H,B,"016H",W,"6","74",0,371,2,368,44,11.9565217391304,52,14.1304347826087,123,33.4239130434783,82,22.2826086956522,13,3.53260869565217,12,3.26086956521739,42,11.4130434782609
"01B6J","01",Mitte,6J,B,"016J",W,"6","74",0,388,3,384,46,11.9791666666667,45,11.71875,136,35.4166666666667,82,21.3541666666667,13,3.38541666666667,15,3.90625,47,12.2395833333333
"01B6K","01",Mitte,6K,B,"016K",W,"6","74",0,424,1,422,68,16.1137440758294,55,13.0331753554502,147,34.8341232227488,82,19.4312796208531,15,3.55450236966825,11,2.60663507109005,44,10.4265402843602
"01B6L","01",Mitte,6L,B,"016L",W,"6","74",0,375,2,373,62,16.6219839142091,52,13.941018766756,127,34.0482573726542,70,18.7667560321716,13,3.48525469168901,10,2.68096514745308,39,10.455764075067
"01B6M","01",Mitte,6M,B,"016M",W,"6","74",0,453,1,452,70,15.4867256637168,66,14.6017699115044,140,30.9734513274336,97,21.4601769911504,17,3.76106194690266,22,4.86725663716814,40,8.84955752212389
"01B6N","01",Mitte,6N,B,"016N",W,"6","74",0,405,2,403,47,11.6625310173697,50,12.4069478908189,134,33.2506203473945,112,27.7915632754342,7,1.73697270471464,12,2.97766749379653,41,10.1736972704715
"01B6P","01",Mitte,6P,B,"016P",W,"6","74",0,317,0,317,49,15.4574132492114,53,16.7192429022082,101,31.8611987381703,67,21.1356466876972,15,4.73186119873817,15,4.73186119873817,17,5.36277602523659
"01B7A","01",Mitte,7A,B,"017A",W,"7","74",0,577,2,574,69,12.0209059233449,70,12.1951219512195,218,37.9790940766551,117,20.383275261324,21,3.65853658536585,15,2.61324041811847,64,11.1498257839721
"01B7B","01",Mitte,7B,B,"017B",W,"7","74",0,305,1,303,65,21.4521452145215,49,16.1716171617162,90,29.7029702970297,33,10.8910891089109,9,2.97029702970297,15,4.95049504950495,42,13.8613861386139
"01B7C","01",Mitte,7C,B,"017C",W,"7","74",0,337,1,335,74,22.089552238806,57,17.0149253731343,88,26.2686567164179,52,15.5223880597015,15,4.47761194029851,16,4.77611940298508,33,9.85074626865672
"01B7D","01",Mitte,7D,B,"017D",W,"7","74",0,405,4,400,76,19,59,14.75,134,33.5,58,14.5,18,4.5,12,3,43,10.75
"01B7E","01",Mitte,7E,B,"017E",W,"7","74",0,454,3,450,88,19.5555555555556,90,20,117,26,58,12.8888888888889,30,6.66666666666667,13,2.88888888888889,54,12
"01B7F","01",Mitte,7F,B,"017F",W,"7","74",0,248,1,247,48,19.4331983805668,47,19.0283400809717,65,26.3157894736842,31,12.5506072874494,13,5.26315789473684,10,4.04858299595142,33,13.3603238866397
"01B7G","01",Mitte,7G,B,"017G",W,"7","74",0,372,2,370,68,18.3783783783784,60,16.2162162162162,109,29.4594594594595,71,19.1891891891892,11,2.97297297297297,14,3.78378378378378,37,10
"01B7H","01",Mitte,7H,B,"017H",W,"7","74",0,374,2,372,67,18.010752688172,52,13.9784946236559,115,30.9139784946237,72,19.3548387096774,17,4.56989247311828,13,3.49462365591398,36,9.67741935483871
"01B7J","01",Mitte,7J,B,"017J",W,"7","74",0,358,2,356,41,11.5168539325843,40,11.2359550561798,150,42.1348314606742,67,18.8202247191011,9,2.52808988764045,12,3.37078651685393,37,10.3932584269663
"01B7K","01",Mitte,7K,B,"017K",W,"7","74",0,371,2,369,56,15.1761517615176,47,12.7371273712737,137,37.1273712737127,77,20.8672086720867,10,2.710027100271,12,3.2520325203252,30,8.13008130081301
"01B7L","01",Mitte,7L,B,"017L",W,"7","74",0,610,4,606,81,13.3663366336634,83,13.6963696369637,264,43.5643564356436,87,14.3564356435644,15,2.47524752475248,13,2.14521452145215,63,10.3960396039604
"01B7M","01",Mitte,7M,B,"017M",W,"7","74",0,452,2,450,38,8.44444444444444,78,17.3333333333333,190,42.2222222222222,77,17.1111111111111,14,3.11111111111111,12,2.66666666666667,41,9.11111111111111
"01B7N","01",Mitte,7N,B,"017N",W,"7","74",0,479,1,478,110,23.0125523012552,90,18.8284518828452,122,25.5230125523013,70,14.6443514644351,27,5.64853556485356,21,4.39330543933054,38,7.94979079497908
"01B7P","01",Mitte,7P,B,"017P",W,"7","74",0,299,3,296,59,19.9324324324324,68,22.972972972973,67,22.6351351351351,43,14.527027027027,15,5.06756756756757,14,4.72972972972973,30,10.1351351351351
"01W101","01",Mitte,"101",W,"011A",O,"1","74",804,270,1,268,45,16.7910447761194,48,17.910447761194,66,24.6268656716418,36,13.4328358208955,16,5.97014925373134,16,5.97014925373134,41,15.2985074626866
"01W102","01",Mitte,"102",W,"011B",O,"1","74",843,359,3,355,50,14.0845070422535,48,13.5211267605634,127,35.7746478873239,63,17.7464788732394,7,1.97183098591549,18,5.07042253521127,42,11.830985915493
"01W103","01",Mitte,"103",W,"011B",O,"1","74",795,352,1,350,44,12.5714285714286,41,11.7142857142857,136,38.8571428571429,62,17.7142857142857,12,3.42857142857143,17,4.85714285714286,38,10.8571428571429
"01W104","01",Mitte,"104",W,"011G",O,"1","74",854,399,1,397,55,13.8539042821159,70,17.632241813602,132,33.2493702770781,61,15.3652392947103,14,3.5264483627204,20,5.03778337531486,45,11.3350125944584
"01W105","01",Mitte,"105",W,"011E",O,"1","74",358,112,2,109,22,20.1834862385321,15,13.7614678899083,21,19.2660550458716,15,13.7614678899083,7,6.42201834862385,10,9.1743119266055,19,17.4311926605505
"01W106","01",Mitte,"106",W,"011F",W,"1","74",1394,439,3,435,99,22.7586206896552,70,16.0919540229885,114,26.2068965517241,41,9.42528735632184,26,5.97701149425287,30,6.89655172413793,55,12.6436781609195
"01W107","01",Mitte,"107",W,"011C",O,"1","74",904,373,4,368,54,14.6739130434783,51,13.8586956521739,126,34.2391304347826,63,17.1195652173913,12,3.26086956521739,21,5.70652173913043,41,11.1413043478261
"01W108","01",Mitte,"108",W,"011D",O,"1","74",843,376,1,374,62,16.5775401069519,52,13.903743315508,139,37.1657754010695,54,14.4385026737968,12,3.20855614973262,20,5.3475935828877,35,9.35828877005348
"01W109","01",Mitte,"109",W,"011C",O,"1","74",695,278,4,274,40,14.5985401459854,33,12.043795620438,93,33.9416058394161,46,16.7883211678832,17,6.2043795620438,15,5.47445255474453,30,10.9489051094891
"01W110","01",Mitte,"110",W,"011D",O,"1","74",1080,307,1,306,93,30.3921568627451,69,22.5490196078431,39,12.7450980392157,35,11.437908496732,37,12.0915032679739,9,2.94117647058824,24,7.84313725490196
"01W111","01",Mitte,"111",W,"011E",O,"1","74",473,154,1,153,25,16.3398692810458,29,18.9542483660131,38,24.8366013071895,21,13.7254901960784,9,5.88235294117647,10,6.5359477124183,21,13.7254901960784
"01W112","01",Mitte,"112",W,"011E",O,"1","74",847,298,2,296,62,20.9459459459459,51,17.2297297297297,93,31.4189189189189,19,6.41891891891892,5,1.68918918918919,29,9.7972972972973,37,12.5
"01W113","01",Mitte,"113",W,"011J",O,"1","74",920,359,3,356,54,15.1685393258427,52,14.6067415730337,128,35.9550561797753,59,16.5730337078652,14,3.93258426966292,19,5.33707865168539,30,8.42696629213483
"01W114","01",Mitte,"114",W,"011A",O,"1","74",1011,276,0,276,58,21.0144927536232,42,15.2173913043478,79,28.6231884057971,28,10.1449275362319,11,3.98550724637681,34,12.3188405797101,24,8.69565217391304
"01W115","01",Mitte,"115",W,"011K",O,"1","74",926,409,1,408,70,17.156862745098,62,15.1960784313725,149,36.5196078431373,59,14.4607843137255,14,3.43137254901961,24,5.88235294117647,30,7.35294117647059
"01W116","01",Mitte,"116",W,"011G",O,"1","74",809,326,0,326,58,17.7914110429448,44,13.4969325153374,104,31.9018404907975,67,20.5521472392638,7,2.14723926380368,29,8.89570552147239,17,5.21472392638037
"01W117","01",Mitte,"117",W,"011F",W,"1","74",1464,451,1,449,104,23.162583518931,74,16.4810690423163,123,27.3942093541203,48,10.6904231625835,30,6.6815144766147,30,6.6815144766147,40,8.9086859688196
"01W118","01",Mitte,"118",W,"011J",O,"1","74",682,270,1,269,34,12.639405204461,38,14.1263940520446,99,36.8029739776952,41,15.2416356877323,17,6.31970260223048,16,5.94795539033457,24,8.92193308550186
"01W119","01",Mitte,"119",W,"011L",O,"1","74",823,338,1,337,70,20.7715133531157,66,19.5845697329377,100,29.673590504451,34,10.0890207715134,9,2.67062314540059,32,9.49554896142433,26,7.71513353115727
"01W120","01",Mitte,"120",W,"011N",O,"1","74",920,385,1,384,69,17.96875,51,13.28125,128,33.3333333333333,57,14.84375,6,1.5625,36,9.375,37,9.63541666666667
"01W121","01",Mitte,"121",W,"011M",O,"1","74",915,295,1,294,68,23.1292517006803,43,14.6258503401361,72,24.4897959183673,43,14.6258503401361,18,6.12244897959184,32,10.8843537414966,18,6.12244897959184
"01W122","01",Mitte,"122",W,"011N",O,"1","74",906,346,1,345,48,13.9130434782609,49,14.2028985507246,117,33.9130434782609,65,18.8405797101449,11,3.18840579710145,24,6.95652173913043,31,8.98550724637681
"01W123","01",Mitte,"123",W,"011P",O,"1","74",1019,405,2,403,56,13.8957816377171,58,14.3920595533499,133,33.0024813895782,76,18.8585607940447,18,4.46650124069479,26,6.45161290322581,36,8.93300248138958
"01W124","01",Mitte,"124",W,"011L",O,"1","74",979,377,0,377,85,22.5464190981432,71,18.8328912466844,104,27.5862068965517,47,12.4668435013263,16,4.24403183023873,37,9.81432360742706,17,4.50928381962865
"01W125","01",Mitte,"125",W,"011H",W,"1","74",1425,462,2,460,103,22.3913043478261,76,16.5217391304348,127,27.6086956521739,57,12.3913043478261,34,7.39130434782609,27,5.8695652173913,36,7.82608695652174
"01W126","01",Mitte,"126",W,"011Q",O,"1","74",1032,418,1,417,58,13.9088729016787,67,16.0671462829736,155,37.1702637889688,63,15.1079136690647,13,3.11750599520384,25,5.99520383693046,36,8.63309352517986
"01W127","01",Mitte,"127",W,"011S",O,"1","74",959,382,3,379,74,19.5250659630607,50,13.1926121372032,113,29.8153034300792,63,16.622691292876,22,5.80474934036939,31,8.17941952506596,26,6.86015831134565
"01W128","01",Mitte,"128",W,"011R",O,"1","74",931,385,0,385,78,20.2597402597403,56,14.5454545454545,85,22.0779220779221,62,16.1038961038961,41,10.6493506493506,30,7.79220779220779,33,8.57142857142857
"01W129","01",Mitte,"129",W,"011R",O,"1","74",778,316,1,315,59,18.7301587301587,46,14.6031746031746,85,26.984126984127,56,17.7777777777778,28,8.88888888888889,24,7.61904761904762,17,5.3968253968254
"01W130","01",Mitte,"130",W,"011M",O,"1","74",731,302,0,302,75,24.8344370860927,43,14.2384105960265,77,25.4966887417219,40,13.2450331125828,11,3.64238410596026,40,13.2450331125828,16,5.29801324503311
"01W131","01",Mitte,"131",W,"011Q",O,"1","74",955,374,2,372,80,21.505376344086,62,16.6666666666667,104,27.9569892473118,51,13.7096774193548,24,6.45161290322581,31,8.33333333333333,20,5.37634408602151
"01W132","01",Mitte,"132",W,"011T",O,"1","74",943,329,4,325,93,28.6153846153846,55,16.9230769230769,57,17.5384615384615,43,13.2307692307692,13,4,29,8.92307692307692,35,10.7692307692308
"01W133","01",Mitte,"133",W,"011H",W,"1","74",957,302,1,301,71,23.5880398671096,51,16.9435215946844,84,27.906976744186,33,10.9634551495017,18,5.98006644518272,20,6.64451827242525,24,7.9734219269103
"01W201","01",Mitte,"201",W,"012R",O,"2","74",1052,373,2,370,79,21.3513513513514,71,19.1891891891892,68,18.3783783783784,67,18.1081081081081,33,8.91891891891892,12,3.24324324324324,40,10.8108108108108
"01W202","01",Mitte,"202",W,"012A",O,"2","74",962,393,3,389,61,15.681233933162,50,12.853470437018,116,29.8200514138817,70,17.9948586118252,21,5.39845758354756,30,7.7120822622108,41,10.5398457583548
"01W203","01",Mitte,"203",W,"012B",O,"2","74",1061,418,3,414,66,15.9420289855072,51,12.3188405797101,115,27.7777777777778,74,17.8743961352657,34,8.21256038647343,29,7.0048309178744,45,10.8695652173913
"01W204","01",Mitte,"204",W,"012C",O,"2","74",882,385,3,381,54,14.1732283464567,42,11.0236220472441,122,32.0209973753281,76,19.9475065616798,18,4.7244094488189,21,5.51181102362205,48,12.5984251968504
"01W205","01",Mitte,"205",W,"012B",O,"2","74",977,291,5,285,51,17.8947368421053,38,13.3333333333333,61,21.4035087719298,50,17.5438596491228,24,8.42105263157895,17,5.96491228070175,44,15.4385964912281
"01W206","01",Mitte,"206",W,"012A",O,"2","74",1039,424,2,421,67,15.9144893111639,51,12.1140142517815,135,32.0665083135392,65,15.4394299287411,31,7.36342042755344,27,6.41330166270784,45,10.6888361045131
"01W207","01",Mitte,"207",W,"012C",O,"2","74",910,372,1,371,77,20.7547169811321,62,16.711590296496,116,31.266846361186,48,12.9380053908356,11,2.96495956873315,30,8.08625336927224,27,7.27762803234501
"01W208","01",Mitte,"208",W,"012D",O,"2","74",907,298,5,292,69,23.6301369863014,55,18.8356164383562,35,11.986301369863,54,18.4931506849315,27,9.24657534246575,18,6.16438356164384,34,11.6438356164384
"01W209","01",Mitte,"209",W,"012E",O,"2","74",1051,435,1,433,111,25.635103926097,92,21.2471131639723,41,9.46882217090069,86,19.8614318706697,49,11.3163972286374,15,3.46420323325635,39,9.00692840646651
"01W210","01",Mitte,"210",W,"012F",O,"2","74",1050,358,2,356,71,19.9438202247191,76,21.3483146067416,56,15.7303370786517,85,23.876404494382,42,11.7977528089888,8,2.24719101123596,18,5.0561797752809
"01W211","01",Mitte,"211",W,"012F",O,"2","74",800,268,2,265,58,21.8867924528302,48,18.1132075471698,44,16.6037735849057,47,17.7358490566038,21,7.92452830188679,20,7.54716981132075,27,10.188679245283
"01W212","01",Mitte,"212",W,"012D",O,"2","74",1141,356,8,347,85,24.4956772334294,75,21.6138328530259,37,10.6628242074928,78,22.478386167147,36,10.3746397694525,11,3.1700288184438,25,7.20461095100865
"01W213","01",Mitte,"213",W,"012G",O,"2","74",1168,375,5,369,91,24.6612466124661,68,18.4281842818428,68,18.4281842818428,71,19.2411924119241,22,5.96205962059621,19,5.14905149051491,30,8.13008130081301
"01W214","01",Mitte,"214",W,"012E",O,"2","74",1062,361,4,356,73,20.5056179775281,71,19.9438202247191,39,10.9550561797753,73,20.5056179775281,45,12.6404494382022,11,3.08988764044944,44,12.3595505617978
"01W215","01",Mitte,"215",W,"012G",O,"2","74",939,336,1,335,87,25.9701492537313,78,23.2835820895522,23,6.86567164179105,67,20,44,13.134328358209,7,2.08955223880597,29,8.65671641791045
"01W216","01",Mitte,"216",W,"012L",O,"2","74",750,292,2,290,68,23.448275862069,53,18.2758620689655,43,14.8275862068966,60,20.6896551724138,28,9.6551724137931,9,3.10344827586207,29,10
"01W217","01",Mitte,"217",W,"012J",O,"2","74",816,289,2,287,79,27.5261324041812,51,17.7700348432056,38,13.2404181184669,52,18.1184668989547,27,9.40766550522648,18,6.27177700348432,22,7.66550522648084
"01W218","01",Mitte,"218",W,"012J",O,"2","74",910,302,3,299,95,31.7725752508361,49,16.3879598662207,33,11.0367892976589,42,14.0468227424749,27,9.03010033444816,31,10.3678929765886,22,7.35785953177258
"01W219","01",Mitte,"219",W,"012K",O,"2","74",845,296,2,294,91,30.952380952381,38,12.9251700680272,39,13.265306122449,46,15.6462585034014,28,9.52380952380952,29,9.86394557823129,23,7.82312925170068
"01W220","01",Mitte,"220",W,"012K",O,"2","74",937,340,7,333,114,34.2342342342342,65,19.5195195195195,27,8.10810810810811,49,14.7147147147147,38,11.4114114114114,24,7.20720720720721,16,4.8048048048048
"01W221","01",Mitte,"221",W,"012H",O,"2","74",872,289,2,287,71,24.7386759581882,55,19.1637630662021,55,19.1637630662021,44,15.3310104529617,18,6.27177700348432,27,9.40766550522648,17,5.92334494773519
"01W222","01",Mitte,"222",W,"012L",O,"2","74",1050,385,5,380,81,21.3157894736842,76,20,42,11.0526315789474,92,24.2105263157895,32,8.42105263157895,14,3.68421052631579,43,11.3157894736842
"01W223","01",Mitte,"223",W,"012M",O,"2","74",775,226,1,225,72,32,32,14.2222222222222,39,17.3333333333333,34,15.1111111111111,17,7.55555555555556,19,8.44444444444444,12,5.33333333333333
"01W224","01",Mitte,"224",W,"012M",O,"2","74",1056,348,1,347,93,26.8011527377522,62,17.8674351585014,65,18.7319884726225,43,12.3919308357349,25,7.20461095100865,40,11.5273775216138,19,5.47550432276657
"01W225","01",Mitte,"225",W,"012N",O,"2","74",915,344,5,339,51,15.0442477876106,63,18.5840707964602,101,29.7935103244838,56,16.5191740412979,20,5.89970501474926,18,5.30973451327434,30,8.84955752212389
"01W226","01",Mitte,"226",W,"012P",O,"2","74",1027,295,2,293,97,33.1058020477816,50,17.0648464163823,45,15.358361774744,39,13.3105802047782,27,9.21501706484642,22,7.50853242320819,13,4.43686006825939
"01W227","01",Mitte,"227",W,"012H",O,"2","74",959,326,0,326,79,24.2331288343558,69,21.1656441717791,46,14.1104294478528,66,20.2453987730061,30,9.20245398773006,12,3.68098159509202,24,7.36196319018405
"01W228","01",Mitte,"228",W,"012P",O,"2","74",953,281,4,277,92,33.2129963898917,53,19.1335740072202,41,14.8014440433213,33,11.913357400722,29,10.4693140794224,19,6.85920577617329,10,3.6101083032491
"01W229","01",Mitte,"229",W,"012Q",O,"2","74",1050,312,2,310,83,26.7741935483871,62,20,39,12.5806451612903,66,21.2903225806452,32,10.3225806451613,6,1.93548387096774,22,7.09677419354839
"01W230","01",Mitte,"230",W,"012N",O,"2","74",847,283,3,280,49,17.5,52,18.5714285714286,75,26.7857142857143,53,18.9285714285714,19,6.78571428571429,13,4.64285714285714,19,6.78571428571429
"01W231","01",Mitte,"231",W,"012R",O,"2","74",937,319,1,318,69,21.6981132075472,62,19.4968553459119,76,23.8993710691824,54,16.9811320754717,27,8.49056603773585,13,4.08805031446541,17,5.34591194968553
"01W232","01",Mitte,"232",W,"012S",O,"2","74",1066,359,4,355,76,21.4084507042254,70,19.7183098591549,95,26.7605633802817,56,15.7746478873239,20,5.63380281690141,20,5.63380281690141,18,5.07042253521127
"01W233","01",Mitte,"233",W,"012S",O,"2","74",1012,333,2,331,81,24.4712990936556,73,22.0543806646526,78,23.5649546827795,47,14.1993957703927,21,6.34441087613293,22,6.64652567975831,9,2.7190332326284
"01W234","01",Mitte,"234",W,"012Q",O,"2","74",862,300,1,299,76,25.4180602006689,71,23.7458193979933,75,25.0836120401338,27,9.03010033444816,15,5.01672240802676,28,9.36454849498328,7,2.34113712374582
"01W301","01",Mitte,"301",W,"013A",W,"3","74",798,261,1,259,27,10.4247104247104,35,13.5135135135135,66,25.4826254826255,50,19.3050193050193,15,5.79150579150579,14,5.40540540540541,52,20.0772200772201
"01W302","01",Mitte,"302",W,"013A",W,"3","74",636,203,2,200,19,9.5,25,12.5,49,24.5,41,20.5,10,5,10,5,46,23
"01W303","01",Mitte,"303",W,"013B",W,"3","74",878,314,2,311,40,12.8617363344051,47,15.112540192926,84,27.0096463022508,50,16.0771704180064,22,7.07395498392283,18,5.78778135048232,50,16.0771704180064
"01W304","01",Mitte,"304",W,"013C",W,"3","74",989,299,5,293,91,31.0580204778157,60,20.4778156996587,24,8.19112627986348,31,10.580204778157,34,11.6040955631399,13,4.43686006825939,40,13.6518771331058
"01W305","01",Mitte,"305",W,"013B",W,"3","74",841,308,5,302,46,15.2317880794702,46,15.2317880794702,78,25.8278145695364,44,14.5695364238411,25,8.27814569536424,16,5.29801324503311,47,15.5629139072848
"01W306","01",Mitte,"306",W,"013D",W,"3","74",1124,403,5,398,78,19.5979899497487,76,19.0954773869347,103,25.8793969849246,63,15.8291457286432,26,6.53266331658291,8,2.01005025125628,44,11.0552763819095
"01W307","01",Mitte,"307",W,"013E",W,"3","74",921,328,3,324,73,22.5308641975309,60,18.5185185185185,93,28.7037037037037,47,14.5061728395062,13,4.01234567901235,17,5.24691358024691,21,6.48148148148148
"01W308","01",Mitte,"308",W,"013F",W,"3","74",897,296,7,289,50,17.3010380622837,51,17.6470588235294,74,25.6055363321799,49,16.9550173010381,24,8.30449826989619,11,3.80622837370242,30,10.3806228373702
"01W309","01",Mitte,"309",W,"013E",W,"3","74",901,355,1,354,60,16.9491525423729,54,15.2542372881356,120,33.8983050847458,45,12.7118644067797,18,5.08474576271187,21,5.93220338983051,36,10.1694915254237
"01W310","01",Mitte,"310",W,"013D",W,"3","74",1006,383,1,382,55,14.3979057591623,74,19.3717277486911,139,36.3874345549738,58,15.1832460732984,17,4.45026178010471,20,5.23560209424084,19,4.9738219895288
"01W311","01",Mitte,"311",W,"013F",W,"3","74",917,338,1,337,49,14.540059347181,56,16.6172106824926,127,37.6854599406528,48,14.2433234421365,14,4.15430267062314,15,4.45103857566766,28,8.30860534124629
"01W312","01",Mitte,"312",W,"013G",W,"3","74",874,393,1,392,77,19.6428571428571,68,17.3469387755102,117,29.8469387755102,53,13.5204081632653,19,4.8469387755102,28,7.14285714285714,30,7.6530612244898
"01W313","01",Mitte,"313",W,"013H",W,"3","74",829,303,0,302,56,18.5430463576159,58,19.205298013245,107,35.4304635761589,43,14.2384105960265,11,3.64238410596026,12,3.97350993377483,15,4.96688741721854
"01W314","01",Mitte,"314",W,"013H",W,"3","74",1060,381,8,372,113,30.3763440860215,74,19.8924731182796,73,19.6236559139785,54,14.5161290322581,12,3.2258064516129,21,5.64516129032258,25,6.72043010752688
"01W315","01",Mitte,"315",W,"013J",W,"3","74",1042,458,2,456,73,16.0087719298246,81,17.7631578947368,169,37.0614035087719,66,14.4736842105263,22,4.82456140350877,17,3.7280701754386,28,6.14035087719298
"01W316","01",Mitte,"316",W,"013C",W,"3","74",922,334,1,333,65,19.5195195195195,68,20.4204204204204,95,28.5285285285285,39,11.7117117117117,27,8.10810810810811,13,3.9039039039039,26,7.80780780780781
"01W317","01",Mitte,"317",W,"013K",W,"3","74",998,393,3,390,134,34.3589743589744,72,18.4615384615385,82,21.025641025641,35,8.97435897435897,27,6.92307692307692,21,5.38461538461539,19,4.87179487179487
"01W318","01",Mitte,"318",W,"013G",W,"3","74",1027,389,3,385,84,21.8181818181818,72,18.7012987012987,116,30.1298701298701,52,13.5064935064935,21,5.45454545454545,13,3.37662337662338,27,7.01298701298701
"01W319","01",Mitte,"319",W,"013L",W,"3","74",742,281,0,281,69,24.5551601423488,57,20.2846975088968,66,23.4875444839858,40,14.2348754448399,13,4.62633451957295,20,7.11743772241993,16,5.69395017793594
"01W320","01",Mitte,"320",W,"013K",W,"3","74",973,355,3,351,77,21.9373219373219,67,19.0883190883191,100,28.4900284900285,38,10.8262108262108,24,6.83760683760684,19,5.41310541310541,26,7.40740740740741
"01W321","01",Mitte,"321",W,"013J",W,"3","74",1036,364,0,364,56,15.3846153846154,65,17.8571428571429,139,38.1868131868132,53,14.5604395604396,15,4.12087912087912,16,4.3956043956044,20,5.49450549450549
"01W322","01",Mitte,"322",W,"013M",W,"3","74",909,321,2,319,79,24.7648902821317,59,18.4952978056426,84,26.3322884012539,38,11.9122257053292,15,4.70219435736677,22,6.89655172413793,22,6.89655172413793
"01W323","01",Mitte,"323",W,"013M",W,"3","74",908,332,4,327,58,17.737003058104,60,18.348623853211,93,28.4403669724771,54,16.5137614678899,15,4.58715596330275,17,5.19877675840979,30,9.1743119266055
"01W324","01",Mitte,"324",W,"013L",W,"3","74",860,397,2,395,108,27.3417721518987,86,21.7721518987342,114,28.8607594936709,34,8.60759493670886,16,4.05063291139241,22,5.56962025316456,15,3.79746835443038
"01W325","01",Mitte,"325",W,"013N",W,"3","74",713,179,2,177,55,31.0734463276836,36,20.3389830508475,28,15.819209039548,20,11.2994350282486,12,6.77966101694915,20,11.2994350282486,6,3.38983050847458
"01W326","01",Mitte,"326",W,"013N",W,"3","74",1075,437,5,431,143,33.1786542923434,83,19.2575406032483,77,17.8654292343387,40,9.28074245939675,33,7.65661252900232,31,7.19257540603248,24,5.56844547563805
"01W327","01",Mitte,"327",W,"013P",W,"3","74",1074,358,1,356,117,32.8651685393258,83,23.314606741573,56,15.7303370786517,29,8.14606741573034,20,5.61797752808989,29,8.14606741573034,22,6.17977528089888
"01W328","01",Mitte,"328",W,"013P",W,"3","74",1016,354,2,351,97,27.6353276353276,77,21.9373219373219,67,19.0883190883191,56,15.954415954416,12,3.41880341880342,18,5.12820512820513,24,6.83760683760684
"01W329","01",Mitte,"329",W,"013Q",W,"3","74",1043,388,4,384,73,19.0104166666667,79,20.5729166666667,110,28.6458333333333,53,13.8020833333333,24,6.25,24,6.25,21,5.46875
"01W330","01",Mitte,"330",W,"013R",W,"3","74",836,213,2,211,64,30.3317535545024,42,19.9052132701422,33,15.6398104265403,23,10.9004739336493,14,6.63507109004739,24,11.3744075829384,11,5.21327014218009
"01W331","01",Mitte,"331",W,"013Q",W,"3","74",1078,393,3,390,71,18.2051282051282,77,19.7435897435897,119,30.5128205128205,63,16.1538461538462,18,4.61538461538462,23,5.8974358974359,19,4.87179487179487
"01W332","01",Mitte,"332",W,"013R",W,"3","74",1014,379,2,377,64,16.9761273209549,67,17.7718832891247,118,31.2997347480106,67,17.7718832891247,12,3.18302387267904,21,5.57029177718833,28,7.42705570291777
"01W401","01",Mitte,"401",W,"014A",W,"4","74",843,283,1,281,37,13.1672597864769,40,14.2348754448399,82,29.1814946619217,57,20.2846975088968,17,6.04982206405694,8,2.84697508896797,40,14.2348754448399
"01W402","01",Mitte,"402",W,"014A",W,"4","74",962,328,2,325,30,9.23076923076923,34,10.4615384615385,112,34.4615384615385,75,23.0769230769231,18,5.53846153846154,6,1.84615384615385,50,15.3846153846154
"01W403","01",Mitte,"403",W,"014B",W,"4","74",1048,379,3,375,47,12.5333333333333,53,14.1333333333333,112,29.8666666666667,81,21.6,24,6.4,12,3.2,46,12.2666666666667
"01W404","01",Mitte,"404",W,"014B",W,"4","74",973,354,3,350,43,12.2857142857143,49,14,105,30,75,21.4285714285714,22,6.28571428571429,11,3.14285714285714,45,12.8571428571429
"01W405","01",Mitte,"405",W,"014C",W,"4","74",872,325,3,321,41,12.7725856697819,52,16.1993769470405,83,25.8566978193146,65,20.2492211838006,22,6.85358255451713,16,4.98442367601246,42,13.0841121495327
"01W406","01",Mitte,"406",W,"014C",W,"4","74",624,263,1,261,33,12.6436781609195,42,16.0919540229885,75,28.735632183908,55,21.0727969348659,16,6.13026819923372,5,1.91570881226054,35,13.4099616858238
"01W407","01",Mitte,"407",W,"014D",W,"4","74",1166,432,2,429,58,13.5198135198135,66,15.3846153846154,165,38.4615384615385,71,16.5501165501165,19,4.42890442890443,13,3.03030303030303,37,8.62470862470862
"01W408","01",Mitte,"408",W,"014D",W,"4","74",821,323,1,321,45,14.018691588785,47,14.6417445482866,114,35.5140186915888,55,17.1339563862928,14,4.3613707165109,11,3.42679127725857,35,10.9034267912773
"01W409","01",Mitte,"409",W,"014E",W,"4","74",1152,440,3,437,64,14.6453089244851,56,12.8146453089245,158,36.1556064073227,84,19.2219679633867,20,4.5766590389016,17,3.89016018306636,38,8.69565217391304
"01W410","01",Mitte,"410",W,"014F",W,"4","74",1058,442,2,440,55,12.5,61,13.8636363636364,163,37.0454545454545,86,19.5454545454545,22,5,16,3.63636363636364,37,8.40909090909091
"01W411","01",Mitte,"411",W,"014F",W,"4","74",928,363,3,360,59,16.3888888888889,58,16.1111111111111,119,33.0555555555556,61,16.9444444444444,14,3.88888888888889,16,4.44444444444444,33,9.16666666666667
"01W412","01",Mitte,"412",W,"014G",W,"4","74",963,389,1,387,49,12.6614987080103,75,19.3798449612403,139,35.9173126614987,61,15.7622739018088,12,3.10077519379845,16,4.1343669250646,35,9.04392764857881
"01W413","01",Mitte,"413",W,"014H",W,"4","74",1161,404,5,399,64,16.0401002506266,57,14.2857142857143,115,28.8220551378446,83,20.8020050125313,21,5.26315789473684,18,4.51127819548872,41,10.2756892230576
"01W414","01",Mitte,"414",W,"014J",W,"4","74",932,313,3,309,85,27.5080906148867,66,21.3592233009709,54,17.4757281553398,33,10.6796116504854,32,10.3559870550162,11,3.55987055016181,28,9.06148867313916
"01W415","01",Mitte,"415",W,"014G",W,"4","74",952,386,7,378,64,16.9312169312169,65,17.1957671957672,109,28.8359788359788,73,19.3121693121693,22,5.82010582010582,7,1.85185185185185,38,10.0529100529101
"01W416","01",Mitte,"416",W,"014H",W,"4","74",814,285,0,284,29,10.2112676056338,54,19.0140845070423,104,36.6197183098592,52,18.3098591549296,16,5.63380281690141,8,2.8169014084507,21,7.3943661971831
"01W417","01",Mitte,"417",W,"014E",W,"4","74",968,356,1,355,74,20.8450704225352,44,12.3943661971831,113,31.830985915493,55,15.4929577464789,15,4.22535211267606,14,3.94366197183099,40,11.2676056338028
"01W418","01",Mitte,"418",W,"014K",W,"4","74",1036,397,2,395,70,17.7215189873418,59,14.9367088607595,126,31.8987341772152,68,17.2151898734177,13,3.29113924050633,18,4.55696202531646,41,10.379746835443
"01W419","01",Mitte,"419",W,"014L",W,"4","74",911,354,8,345,44,12.7536231884058,40,11.5942028985507,112,32.463768115942,65,18.8405797101449,25,7.2463768115942,10,2.89855072463768,49,14.2028985507246
"01W420","01",Mitte,"420",W,"014M",W,"4","74",1136,447,7,440,64,14.5454545454545,84,19.0909090909091,143,32.5,78,17.7272727272727,24,5.45454545454545,11,2.5,36,8.18181818181818
"01W421","01",Mitte,"421",W,"014L",W,"4","74",991,309,4,305,59,19.344262295082,35,11.4754098360656,91,29.8360655737705,50,16.3934426229508,24,7.86885245901639,10,3.27868852459016,36,11.8032786885246
"01W422","01",Mitte,"422",W,"014N",W,"4","74",1059,359,3,356,67,18.8202247191011,52,14.6067415730337,103,28.9325842696629,73,20.5056179775281,12,3.37078651685393,11,3.08988764044944,38,10.6741573033708
"01W423","01",Mitte,"423",W,"014N",W,"4","74",1005,322,1,321,72,22.4299065420561,49,15.2647975077882,100,31.1526479750779,42,13.0841121495327,7,2.18068535825545,11,3.42679127725857,40,12.4610591900312
"01W424","01",Mitte,"424",W,"014P",W,"4","74",875,294,4,290,36,12.4137931034483,45,15.5172413793103,92,31.7241379310345,53,18.2758620689655,22,7.58620689655172,12,4.13793103448276,30,10.3448275862069
"01W425","01",Mitte,"425",W,"014P",W,"4","74",866,303,1,301,39,12.9568106312292,61,20.265780730897,87,28.9036544850498,52,17.2757475083056,19,6.31229235880399,19,6.31229235880399,24,7.9734219269103
"01W426","01",Mitte,"426",W,"014Q",W,"4","74",1140,430,6,423,86,20.3309692671395,58,13.7115839243499,150,35.4609929078014,56,13.2387706855792,21,4.9645390070922,11,2.60047281323877,41,9.69267139479905
"01W427","01",Mitte,"427",W,"014J",W,"4","74",960,323,2,320,87,27.1875,59,18.4375,70,21.875,44,13.75,23,7.1875,11,3.4375,26,8.125
"01W428","01",Mitte,"428",W,"014K",W,"4","74",906,271,2,268,52,19.4029850746269,51,19.0298507462687,76,28.3582089552239,46,17.1641791044776,15,5.59701492537313,10,3.73134328358209,18,6.71641791044776
"01W429","01",Mitte,"429",W,"014M",W,"4","74",1015,379,3,375,65,17.3333333333333,49,13.0666666666667,133,35.4666666666667,67,17.8666666666667,13,3.46666666666667,19,5.06666666666667,29,7.73333333333333
"01W430","01",Mitte,"430",W,"014Q",W,"4","74",787,312,3,308,53,17.2077922077922,38,12.3376623376623,111,36.038961038961,55,17.8571428571429,10,3.24675324675325,12,3.8961038961039,29,9.41558441558442
"01W501","01",Mitte,"501",W,"015A",W,"5","74",972,380,4,375,152,40.5333333333333,107,28.5333333333333,19,5.06666666666667,29,7.73333333333333,41,10.9333333333333,7,1.86666666666667,20,5.33333333333333
"01W502","01",Mitte,"502",W,"015A",W,"5","74",946,354,4,349,140,40.1146131805158,72,20.6303724928367,31,8.88252148997135,22,6.30372492836676,41,11.7478510028653,13,3.72492836676218,30,8.59598853868195
"01W503","01",Mitte,"503",W,"015B",W,"5","74",998,296,2,293,71,24.2320819112628,53,18.0887372013652,46,15.6996587030717,34,11.6040955631399,35,11.9453924914676,16,5.46075085324232,38,12.9692832764505
"01W504","01",Mitte,"504",W,"015C",W,"5","74",955,270,3,267,77,28.8389513108614,56,20.9737827715356,25,9.36329588014981,26,9.73782771535581,32,11.9850187265918,19,7.11610486891386,32,11.9850187265918
"01W505","01",Mitte,"505",W,"015D",W,"5","74",1121,412,7,405,107,26.4197530864197,99,24.4444444444444,57,14.0740740740741,40,9.87654320987654,46,11.358024691358,10,2.46913580246914,46,11.358024691358
"01W506","01",Mitte,"506",W,"015E",W,"5","74",1104,343,4,339,114,33.6283185840708,62,18.2890855457227,45,13.2743362831858,30,8.84955752212389,45,13.2743362831858,13,3.83480825958702,30,8.84955752212389
"01W507","01",Mitte,"507",W,"015F",W,"5","74",786,239,5,233,59,25.3218884120172,42,18.0257510729614,24,10.3004291845494,26,11.1587982832618,25,10.7296137339056,8,3.43347639484979,49,21.0300429184549
"01W508","01",Mitte,"508",W,"015G",W,"5","74",817,248,4,243,70,28.8065843621399,46,18.9300411522634,14,5.76131687242798,14,5.76131687242798,53,21.8106995884774,8,3.29218106995885,38,15.6378600823045
"01W509","01",Mitte,"509",W,"015F",W,"5","74",1050,355,5,349,108,30.945558739255,90,25.7879656160458,33,9.45558739255014,32,9.16905444126074,39,11.1747851002865,16,4.58452722063037,31,8.88252148997135
"01W510","01",Mitte,"510",W,"015E",W,"5","74",992,316,5,311,92,29.5819935691318,52,16.7202572347267,21,6.7524115755627,34,10.9324758842444,61,19.6141479099678,12,3.85852090032154,39,12.540192926045
"01W511","01",Mitte,"511",W,"015G",W,"5","74",862,205,1,203,32,15.7635467980296,35,17.2413793103448,39,19.2118226600985,36,17.7339901477833,26,12.807881773399,6,2.95566502463054,29,14.2857142857143
"01W512","01",Mitte,"512",W,"015B",W,"5","74",896,311,5,305,64,20.983606557377,55,18.0327868852459,61,20,37,12.1311475409836,34,11.1475409836066,12,3.9344262295082,42,13.7704918032787
"01W513","01",Mitte,"513",W,"015D",W,"5","74",779,240,1,238,43,18.0672268907563,43,18.0672268907563,53,22.2689075630252,43,18.0672268907563,21,8.82352941176471,10,4.20168067226891,25,10.5042016806723
"01W514","01",Mitte,"514",W,"015G",W,"5","74",955,255,2,252,49,19.4444444444444,43,17.0634920634921,52,20.6349206349206,42,16.6666666666667,31,12.3015873015873,6,2.38095238095238,29,11.5079365079365
"01W515","01",Mitte,"515",W,"015H",W,"5","74",812,279,2,276,32,11.5942028985507,45,16.304347826087,71,25.7246376811594,63,22.8260869565217,18,6.52173913043478,10,3.6231884057971,37,13.4057971014493
"01W516","01",Mitte,"516",W,"015J",W,"5","74",1018,161,5,156,40,25.6410256410256,35,22.4358974358974,15,9.61538461538462,21,13.4615384615385,30,19.2307692307692,4,2.56410256410256,11,7.05128205128205
"01W517","01",Mitte,"517",W,"015J",W,"5","74",774,230,1,228,27,11.8421052631579,31,13.5964912280702,71,31.140350877193,53,23.2456140350877,8,3.50877192982456,3,1.31578947368421,35,15.3508771929825
"01W518","01",Mitte,"518",W,"015H",W,"5","74",911,282,2,279,44,15.7706093189964,58,20.7885304659498,66,23.6559139784946,44,15.7706093189964,31,11.1111111111111,10,3.584229390681,26,9.31899641577061
"01W519","01",Mitte,"519",W,"015L",W,"5","74",861,275,2,272,65,23.8970588235294,38,13.9705882352941,57,20.9558823529412,53,19.4852941176471,23,8.45588235294118,6,2.20588235294118,30,11.0294117647059
"01W520","01",Mitte,"520",W,"015K",W,"5","74",1047,343,4,338,50,14.792899408284,51,15.0887573964497,97,28.698224852071,81,23.9644970414201,20,5.91715976331361,6,1.77514792899408,33,9.76331360946746
"01W521","01",Mitte,"521",W,"015L",W,"5","74",908,267,2,264,60,22.7272727272727,39,14.7727272727273,62,23.4848484848485,42,15.9090909090909,28,10.6060606060606,9,3.40909090909091,24,9.09090909090909
"01W522","01",Mitte,"522",W,"015C",W,"5","74",873,265,1,263,65,24.7148288973384,35,13.3079847908745,59,22.4334600760456,47,17.8707224334601,29,11.0266159695817,5,1.90114068441065,23,8.74524714828897
"01W523","01",Mitte,"523",W,"015K",W,"5","74",1036,297,1,295,47,15.9322033898305,52,17.6271186440678,85,28.8135593220339,65,22.0338983050847,21,7.11864406779661,6,2.03389830508475,19,6.44067796610169
"01W524","01",Mitte,"524",W,"015M",W,"5","74",822,247,4,242,45,18.595041322314,32,13.2231404958678,81,33.4710743801653,37,15.2892561983471,21,8.67768595041322,7,2.89256198347107,19,7.85123966942149
"01W525","01",Mitte,"525",W,"015M",W,"5","74",936,273,2,270,41,15.1851851851852,35,12.962962962963,83,30.7407407407407,54,20,20,7.40740740740741,10,3.7037037037037,27,10
"01W526","01",Mitte,"526",W,"015K",W,"5","74",1010,320,3,316,48,15.1898734177215,48,15.1898734177215,93,29.4303797468354,77,24.3670886075949,18,5.69620253164557,7,2.21518987341772,25,7.91139240506329
"01W527","01",Mitte,"527",W,"015N",W,"5","74",801,209,4,204,85,41.6666666666667,43,21.078431372549,24,11.7647058823529,17,8.33333333333333,15,7.35294117647059,6,2.94117647058824,14,6.86274509803922
"01W528","01",Mitte,"528",W,"015P",W,"5","74",840,258,3,254,31,12.2047244094488,24,9.44881889763779,87,34.251968503937,56,22.0472440944882,20,7.8740157480315,7,2.75590551181102,29,11.4173228346457
"01W529","01",Mitte,"529",W,"015N",W,"5","74",848,312,2,310,76,24.5161290322581,53,17.0967741935484,75,24.1935483870968,44,14.1935483870968,23,7.41935483870968,15,4.83870967741935,24,7.74193548387097
"01W530","01",Mitte,"530",W,"015P",W,"5","74",786,267,3,264,20,7.57575757575758,37,14.0151515151515,82,31.0606060606061,67,25.3787878787879,14,5.3030303030303,12,4.54545454545455,32,12.1212121212121
"01W601","01",Mitte,"601",W,"016A",W,"6","74",581,167,1,165,18,10.9090909090909,17,10.3030303030303,42,25.4545454545455,33,20,10,6.06060606060606,6,3.63636363636364,39,23.6363636363636
"01W602","01",Mitte,"602",W,"016B",W,"6","74",798,301,2,298,82,27.5167785234899,61,20.4697986577181,57,19.1275167785235,41,13.758389261745,17,5.70469798657718,7,2.3489932885906,33,11.0738255033557
"01W603","01",Mitte,"603",W,"016C",W,"6","74",1110,479,4,474,53,11.1814345991561,80,16.8776371308017,134,28.2700421940928,95,20.042194092827,44,9.28270042194093,14,2.9535864978903,54,11.3924050632911
"01W604","01",Mitte,"604",W,"016C",W,"6","74",764,248,8,239,38,15.8995815899582,30,12.5523012552301,60,25.1046025104602,33,13.8075313807531,31,12.9707112970711,4,1.67364016736402,43,17.9916317991632
"01W605","01",Mitte,"605",W,"016D",W,"6","74",998,299,4,294,59,20.0680272108844,39,13.265306122449,69,23.469387755102,62,21.0884353741497,25,8.50340136054422,8,2.72108843537415,32,10.8843537414966
"01W606","01",Mitte,"606",W,"016B",W,"6","74",836,217,1,216,42,19.4444444444444,45,20.8333333333333,40,18.5185185185185,37,17.1296296296296,24,11.1111111111111,2,0.925925925925926,26,12.037037037037
"01W607","01",Mitte,"607",W,"016A",W,"6","74",838,290,3,287,27,9.40766550522648,46,16.0278745644599,89,31.0104529616725,72,25.0871080139373,12,4.18118466898955,8,2.78745644599303,33,11.4982578397213
"01W608","01",Mitte,"608",W,"016A",W,"6","74",748,213,2,210,24,11.4285714285714,23,10.952380952381,55,26.1904761904762,43,20.4761904761905,13,6.19047619047619,8,3.80952380952381,44,20.952380952381
"01W609","01",Mitte,"609",W,"016E",W,"6","74",790,190,2,188,21,11.1702127659574,22,11.7021276595745,56,29.7872340425532,54,28.7234042553192,14,7.4468085106383,2,1.06382978723404,19,10.1063829787234
"01W610","01",Mitte,"610",W,"016F",W,"6","74",845,243,1,241,29,12.0331950207469,33,13.6929460580913,57,23.6514522821577,60,24.896265560166,12,4.9792531120332,9,3.7344398340249,41,17.0124481327801
"01W611","01",Mitte,"611",W,"016E",W,"6","74",990,292,6,286,38,13.2867132867133,33,11.5384615384615,78,27.2727272727273,76,26.5734265734266,13,4.54545454545455,5,1.74825174825175,43,15.034965034965
"01W612","01",Mitte,"612",W,"016D",W,"6","74",710,207,1,205,24,11.7073170731707,30,14.6341463414634,49,23.9024390243902,52,25.3658536585366,10,4.8780487804878,8,3.90243902439024,32,15.609756097561
"01W613","01",Mitte,"613",W,"016F",W,"6","74",809,255,3,251,30,11.9521912350598,38,15.1394422310757,59,23.5059760956175,62,24.7011952191235,14,5.57768924302789,8,3.18725099601594,40,15.9362549800797
"01W614","01",Mitte,"614",W,"016G",W,"6","74",959,278,4,273,26,9.52380952380952,36,13.1868131868132,71,26.007326007326,68,24.9084249084249,14,5.12820512820513,10,3.66300366300366,48,17.5824175824176
"01W615","01",Mitte,"615",W,"016H",W,"6","74",910,238,4,233,23,9.87124463519313,36,15.450643776824,63,27.0386266094421,63,27.0386266094421,8,3.43347639484979,7,3.00429184549356,33,14.1630901287554
"01W616","01",Mitte,"616",W,"016J",W,"6","74",1021,312,3,308,42,13.6363636363636,61,19.8051948051948,89,28.8961038961039,68,22.0779220779221,10,3.24675324675325,6,1.94805194805195,32,10.3896103896104
"01W617","01",Mitte,"617",W,"016K",W,"6","74",927,277,4,272,43,15.8088235294118,27,9.92647058823529,96,35.2941176470588,57,20.9558823529412,10,3.67647058823529,6,2.20588235294118,33,12.1323529411765
"01W618","01",Mitte,"618",W,"016K",W,"6","74",937,296,4,291,55,18.9003436426117,43,14.7766323024055,85,29.2096219931272,59,20.2749140893471,18,6.18556701030928,6,2.06185567010309,25,8.59106529209622
"01W619","01",Mitte,"619",W,"016M",W,"6","74",815,282,1,280,43,15.3571428571429,61,21.7857142857143,83,29.6428571428571,54,19.2857142857143,10,3.57142857142857,4,1.42857142857143,25,8.92857142857143
"01W620","01",Mitte,"620",W,"016L",W,"6","74",807,328,7,320,71,22.1875,43,13.4375,67,20.9375,52,16.25,33,10.3125,10,3.125,44,13.75
"01W621","01",Mitte,"621",W,"016H",W,"6","74",1016,289,1,287,30,10.4529616724739,38,13.2404181184669,89,31.0104529616725,85,29.616724738676,11,3.83275261324042,5,1.74216027874564,29,10.1045296167247
"01W622","01",Mitte,"622",W,"016J",W,"6","74",951,313,3,309,28,9.06148867313916,43,13.915857605178,108,34.9514563106796,76,24.5954692556634,16,5.17799352750809,4,1.29449838187702,34,11.0032362459547
"01W623","01",Mitte,"623",W,"016G",W,"6","74",1027,249,0,248,41,16.5322580645161,38,15.3225806451613,61,24.5967741935484,63,25.4032258064516,20,8.06451612903226,8,3.2258064516129,17,6.85483870967742
"01W624","01",Mitte,"624",W,"016L",W,"6","74",945,323,3,319,59,18.4952978056426,59,18.4952978056426,78,24.4514106583072,62,19.435736677116,22,6.89655172413793,8,2.50783699059561,31,9.71786833855799
"01W625","01",Mitte,"625",W,"016N",W,"6","74",1025,262,1,261,42,16.0919540229885,24,9.19540229885057,85,32.5670498084291,60,22.9885057471264,13,4.98084291187739,8,3.06513409961686,29,11.1111111111111
"01W626","01",Mitte,"626",W,"016M",W,"6","74",809,229,3,225,34,15.1111111111111,44,19.5555555555556,71,31.5555555555556,44,19.5555555555556,15,6.66666666666667,3,1.33333333333333,14,6.22222222222222
"01W627","01",Mitte,"627",W,"016N",W,"6","74",969,198,3,195,28,14.3589743589744,35,17.9487179487179,50,25.6410256410256,51,26.1538461538462,3,1.53846153846154,5,2.56410256410256,23,11.7948717948718
"01W628","01",Mitte,"628",W,"016P",W,"6","74",864,263,5,257,38,14.7859922178988,31,12.0622568093385,84,32.6848249027237,50,19.4552529182879,10,3.89105058365759,15,5.83657587548638,29,11.284046692607
"01W629","01",Mitte,"629",W,"016P",W,"6","74",878,275,4,270,52,19.2592592592593,55,20.3703703703704,62,22.962962962963,49,18.1481481481481,20,7.40740740740741,13,4.81481481481481,19,7.03703703703704
"01W630","01",Mitte,"630",W,"016M",W,"6","74",946,236,4,231,46,19.9134199134199,51,22.0779220779221,55,23.8095238095238,34,14.7186147186147,18,7.79220779220779,3,1.2987012987013,24,10.3896103896104
"01W701","01",Mitte,"701",W,"017A",W,"7","74",750,240,1,238,33,13.8655462184874,28,11.7647058823529,71,29.8319327731092,55,23.109243697479,12,5.04201680672269,3,1.26050420168067,36,15.1260504201681
"01W702","01",Mitte,"702",W,"017A",W,"7","74",670,226,1,224,24,10.7142857142857,22,9.82142857142857,69,30.8035714285714,56,25,11,4.91071428571429,3,1.33928571428571,39,17.4107142857143
"01W703","01",Mitte,"703",W,"017B",W,"7","74",1035,286,4,281,53,18.8612099644128,56,19.9288256227758,68,24.1992882562278,31,11.0320284697509,11,3.91459074733096,19,6.76156583629893,43,15.3024911032028
"01W704","01",Mitte,"704",W,"017A",W,"7","74",854,225,4,220,38,17.2727272727273,32,14.5454545454545,61,27.7272727272727,45,20.4545454545455,12,5.45454545454545,8,3.63636363636364,24,10.9090909090909
"01W705","01",Mitte,"705",W,"017B",W,"7","74",848,251,8,242,53,21.900826446281,50,20.6611570247934,41,16.9421487603306,40,16.5289256198347,14,5.78512396694215,9,3.71900826446281,35,14.4628099173554
"01W706","01",Mitte,"706",W,"017C",W,"7","74",948,303,5,297,83,27.9461279461279,54,18.1818181818182,57,19.1919191919192,39,13.1313131313131,19,6.3973063973064,15,5.05050505050505,30,10.1010101010101
"01W707","01",Mitte,"707",W,"017D",W,"7","74",798,280,5,274,54,19.7080291970803,57,20.8029197080292,66,24.0875912408759,44,16.0583941605839,17,6.2043795620438,8,2.91970802919708,28,10.2189781021898
"01W708","01",Mitte,"708",W,"017D",W,"7","74",975,306,3,302,58,19.205298013245,53,17.5496688741722,79,26.158940397351,55,18.2119205298013,18,5.96026490066225,7,2.31788079470199,32,10.5960264900662
"01W709","01",Mitte,"709",W,"017E",W,"7","74",772,231,4,226,44,19.4690265486726,44,19.4690265486726,49,21.6814159292035,31,13.716814159292,15,6.63716814159292,12,5.30973451327434,31,13.716814159292
"01W710","01",Mitte,"710",W,"017F",W,"7","74",1057,362,5,356,69,19.3820224719101,72,20.2247191011236,61,17.1348314606742,62,17.4157303370787,35,9.8314606741573,13,3.65168539325843,44,12.3595505617978
"01W711","01",Mitte,"711",W,"017G",W,"7","74",976,297,1,295,38,12.8813559322034,44,14.9152542372881,88,29.8305084745763,57,19.3220338983051,14,4.74576271186441,10,3.38983050847458,44,14.9152542372881
"01W712","01",Mitte,"712",W,"017H",W,"7","74",1045,322,2,319,47,14.7335423197492,45,14.1065830721003,96,30.0940438871473,62,19.435736677116,14,4.38871473354232,15,4.70219435736677,40,12.5391849529781
"01W713","01",Mitte,"713",W,"017E",W,"7","74",1053,364,6,357,71,19.8879551820728,71,19.8879551820728,65,18.2072829131653,66,18.4873949579832,36,10.0840336134454,11,3.0812324929972,37,10.3641456582633
"01W714","01",Mitte,"714",W,"017C",W,"7","74",950,278,2,275,42,15.2727272727273,43,15.6363636363636,82,29.8181818181818,55,20,16,5.81818181818182,8,2.90909090909091,29,10.5454545454545
"01W715","01",Mitte,"715",W,"017F",W,"7","74",901,224,4,219,69,31.5068493150685,54,24.6575342465753,13,5.93607305936073,26,11.8721461187215,24,10.958904109589,9,4.10958904109589,24,10.958904109589
"01W716","01",Mitte,"716",W,"017J",W,"7","74",663,215,2,212,37,17.4528301886792,26,12.2641509433962,64,30.188679245283,41,19.3396226415094,13,6.13207547169811,11,5.18867924528302,20,9.43396226415094
"01W717","01",Mitte,"717",W,"017E",W,"7","74",865,243,0,243,62,25.5144032921811,45,18.5185185185185,40,16.4609053497942,34,13.9917695473251,27,11.1111111111111,7,2.88065843621399,28,11.522633744856
"01W718","01",Mitte,"718",W,"017J",W,"7","74",934,307,1,305,45,14.7540983606557,47,15.4098360655738,87,28.5245901639344,61,20,18,5.9016393442623,14,4.59016393442623,33,10.8196721311475
"01W719","01",Mitte,"719",W,"017K",W,"7","74",813,258,1,256,35,13.671875,43,16.796875,78,30.46875,53,20.703125,15,5.859375,9,3.515625,23,8.984375
"01W720","01",Mitte,"720",W,"017L",W,"7","74",1158,397,3,394,31,7.86802030456853,53,13.4517766497462,142,36.0406091370558,86,21.8274111675127,18,4.56852791878173,16,4.06091370558376,48,12.1827411167513
"01W721","01",Mitte,"721",W,"017G",W,"7","74",875,253,4,249,50,20.0803212851406,51,20.4819277108434,54,21.6867469879518,37,14.859437751004,23,9.23694779116466,10,4.01606425702811,24,9.63855421686747
"01W722","01",Mitte,"722",W,"017L",W,"7","74",1176,417,3,414,44,10.6280193236715,51,12.3188405797101,154,37.1980676328502,88,21.256038647343,21,5.07246376811594,13,3.14009661835749,43,10.3864734299517
"01W723","01",Mitte,"723",W,"017K",W,"7","74",902,270,2,267,37,13.8576779026217,35,13.1086142322097,94,35.2059925093633,57,21.3483146067416,15,5.61797752808989,4,1.49812734082397,25,9.36329588014981
"01W724","01",Mitte,"724",W,"017M",W,"7","74",921,313,1,312,24,7.69230769230769,39,12.5,114,36.5384615384615,75,24.0384615384615,12,3.84615384615385,8,2.56410256410256,40,12.8205128205128
"01W725","01",Mitte,"725",W,"017H",W,"7","74",855,247,3,243,50,20.5761316872428,38,15.6378600823045,64,26.3374485596708,51,20.9876543209877,19,7.81893004115226,8,3.29218106995885,13,5.34979423868313
"01W726","01",Mitte,"726",W,"017M",W,"7","74",810,247,3,244,33,13.5245901639344,34,13.9344262295082,77,31.5573770491803,65,26.6393442622951,6,2.45901639344262,5,2.04918032786885,24,9.83606557377049
"01W727","01",Mitte,"727",W,"017P",W,"7","74",835,217,2,214,48,22.4299065420561,52,24.2990654205607,34,15.8878504672897,33,15.4205607476636,22,10.2803738317757,8,3.73831775700935,17,7.94392523364486
"01W728","01",Mitte,"728",W,"017P",W,"7","74",914,297,1,295,85,28.8135593220339,55,18.6440677966102,56,18.9830508474576,41,13.8983050847458,25,8.47457627118644,11,3.72881355932203,22,7.45762711864407
"01W729","01",Mitte,"729",W,"017N",W,"7","74",1014,337,2,334,96,28.7425149700599,62,18.562874251497,61,18.2634730538922,49,14.6706586826347,26,7.78443113772455,13,3.89221556886228,27,8.08383233532934
"01W730","01",Mitte,"730",W,"017N",W,"7","74",1041,269,2,266,71,26.6917293233083,34,12.781954887218,58,21.8045112781955,50,18.796992481203,28,10.5263157894737,9,3.38345864661654,16,6.01503759398496
"01W731","01",Mitte,"731",W,"017N",W,"7","74",863,250,4,245,62,25.3061224489796,53,21.6326530612245,38,15.5102040816327,42,17.1428571428571,19,7.75510204081633,9,3.6734693877551,22,8.97959183673469
"02B1A","02",Friedrichshain-Kreuzberg,1A,B,"021A",W,"1","82",0,310,2,308,66,21.4285714285714,39,12.6623376623377,106,34.4155844155844,23,7.46753246753247,11,3.57142857142857,29,9.41558441558442,34,11.038961038961
"02B1B","02",Friedrichshain-Kreuzberg,1B,B,"021B",W,"1","82",0,317,1,316,73,23.1012658227848,51,16.1392405063291,97,30.6962025316456,44,13.9240506329114,7,2.21518987341772,15,4.74683544303798,29,9.17721518987342
"02B1C","02",Friedrichshain-Kreuzberg,1C,B,"021C",W,"1","82",0,440,3,437,114,26.0869565217391,67,15.3318077803204,120,27.4599542334096,53,12.1281464530892,12,2.74599542334096,34,7.78032036613272,37,8.46681922196796
"02B1D","02",Friedrichshain-Kreuzberg,1D,B,"021D",W,"1","82",0,260,1,259,29,11.1969111969112,32,12.3552123552124,111,42.8571428571429,37,14.2857142857143,9,3.47490347490348,7,2.7027027027027,34,13.1274131274131
"02B1E","02",Friedrichshain-Kreuzberg,1E,B,"021E",W,"1","82",0,287,1,286,39,13.6363636363636,47,16.4335664335664,112,39.1608391608392,40,13.986013986014,7,2.44755244755245,12,4.1958041958042,29,10.1398601398601
"02B1F","02",Friedrichshain-Kreuzberg,1F,B,"021F",W,"1","82",0,314,1,313,36,11.5015974440895,50,15.9744408945687,135,43.1309904153355,44,14.0575079872204,4,1.2779552715655,10,3.19488817891374,34,10.8626198083067
"02B1G","02",Friedrichshain-Kreuzberg,1G,B,"021G",W,"1","82",0,312,1,311,70,22.508038585209,53,17.0418006430868,78,25.08038585209,40,12.8617363344051,17,5.46623794212219,16,5.14469453376206,37,11.8971061093248
"02B1H","02",Friedrichshain-Kreuzberg,1H,B,"021H",W,"1","82",0,365,3,362,80,22.0994475138122,58,16.0220994475138,107,29.5580110497238,58,16.0220994475138,10,2.76243093922652,17,4.69613259668508,32,8.83977900552486
"02B1J","02",Friedrichshain-Kreuzberg,1J,B,"021J",W,"1","82",0,321,1,320,54,16.875,57,17.8125,89,27.8125,50,15.625,13,4.0625,19,5.9375,38,11.875
"02B1K","02",Friedrichshain-Kreuzberg,1K,B,"021K",W,"1","82",0,169,1,168,28,16.6666666666667,30,17.8571428571429,56,33.3333333333333,13,7.73809523809524,10,5.95238095238095,6,3.57142857142857,25,14.8809523809524
"02B1L","02",Friedrichshain-Kreuzberg,1L,B,"021L",W,"1","82",0,351,1,350,74,21.1428571428571,69,19.7142857142857,105,30,39,11.1428571428571,13,3.71428571428571,16,4.57142857142857,34,9.71428571428571
"02B1M","02",Friedrichshain-Kreuzberg,1M,B,"021M",W,"1","82",0,289,1,288,46,15.9722222222222,43,14.9305555555556,92,31.9444444444444,59,20.4861111111111,9,3.125,6,2.08333333333333,33,11.4583333333333
"02B1N","02",Friedrichshain-Kreuzberg,1N,B,"021N",W,"1","82",0,252,1,251,63,25.0996015936255,49,19.5219123505976,45,17.9282868525896,42,16.7330677290837,14,5.57768924302789,5,1.99203187250996,33,13.1474103585657
"02B1P","02",Friedrichshain-Kreuzberg,1P,B,"021P",W,"1","82",0,344,2,342,39,11.4035087719298,35,10.233918128655,132,38.5964912280702,96,28.0701754385965,5,1.46198830409357,4,1.16959064327485,31,9.06432748538012
"02B1Q","02",Friedrichshain-Kreuzberg,1Q,B,"021Q",W,"1","82",0,380,3,377,28,7.42705570291777,43,11.4058355437666,157,41.6445623342175,94,24.9336870026525,5,1.3262599469496,4,1.06100795755968,46,12.2015915119363
"02B1R","02",Friedrichshain-Kreuzberg,1R,B,"021R",W,"1","82",0,336,1,335,30,8.95522388059701,34,10.1492537313433,123,36.7164179104478,91,27.1641791044776,2,0.597014925373134,3,0.895522388059702,52,15.5223880597015
"02B1S","02",Friedrichshain-Kreuzberg,1S,B,"021S",W,"1","82",0,375,2,373,37,9.91957104557641,47,12.6005361930295,141,37.8016085790885,96,25.7372654155496,7,1.87667560321716,6,1.60857908847185,39,10.455764075067
"02B1T","02",Friedrichshain-Kreuzberg,1T,B,"021T",W,"1","82",0,349,1,348,34,9.77011494252874,59,16.9540229885057,138,39.6551724137931,77,22.1264367816092,5,1.4367816091954,5,1.4367816091954,30,8.62068965517241
"02B1U","02",Friedrichshain-Kreuzberg,1U,B,"021U",W,"1","82",0,209,1,208,12,5.76923076923077,27,12.9807692307692,88,42.3076923076923,48,23.0769230769231,2,0.961538461538462,3,1.44230769230769,28,13.4615384615385
"02B1V","02",Friedrichshain-Kreuzberg,1V,B,"021V",W,"1","82",0,236,0,236,25,10.5932203389831,37,15.6779661016949,94,39.8305084745763,47,19.9152542372881,5,2.11864406779661,9,3.8135593220339,19,8.05084745762712
"02B2A","02",Friedrichshain-Kreuzberg,2A,B,"022A",W,"2","82",0,250,0,250,34,13.6,30,12,113,45.2,36,14.4,4,1.6,13,5.2,20,8
"02B2B","02",Friedrichshain-Kreuzberg,2B,B,"022B",W,"2","82",0,316,2,314,32,10.1910828025478,43,13.6942675159236,138,43.9490445859873,46,14.6496815286624,6,1.91082802547771,10,3.18471337579618,39,12.4203821656051
"02B2C","02",Friedrichshain-Kreuzberg,2C,B,"022C",W,"2","82",0,353,2,351,67,19.0883190883191,48,13.6752136752137,141,40.1709401709402,38,10.8262108262108,6,1.70940170940171,19,5.41310541310541,32,9.11680911680912
"02B2D","02",Friedrichshain-Kreuzberg,2D,B,"022D",W,"2","82",0,262,1,261,35,13.4099616858238,38,14.5593869731801,106,40.6130268199234,40,15.3256704980843,3,1.14942528735632,15,5.74712643678161,24,9.19540229885057
"02B2E","02",Friedrichshain-Kreuzberg,2E,B,"022E",W,"2","82",0,307,1,306,42,13.7254901960784,47,15.359477124183,120,39.2156862745098,47,15.359477124183,7,2.28758169934641,12,3.92156862745098,31,10.1307189542484
"02B2F","02",Friedrichshain-Kreuzberg,2F,B,"022F",W,"2","82",0,338,0,338,36,10.6508875739645,53,15.6804733727811,156,46.1538461538462,51,15.0887573964497,5,1.4792899408284,8,2.36686390532544,29,8.57988165680473
"02B2G","02",Friedrichshain-Kreuzberg,2G,B,"022G",W,"2","82",0,255,0,255,26,10.1960784313725,31,12.156862745098,111,43.5294117647059,48,18.8235294117647,7,2.74509803921569,11,4.31372549019608,21,8.23529411764706
"02B2H","02",Friedrichshain-Kreuzberg,2H,B,"022H",W,"2","82",0,280,0,280,43,15.3571428571429,45,16.0714285714286,96,34.2857142857143,49,17.5,5,1.78571428571429,12,4.28571428571429,30,10.7142857142857
"02B2J","02",Friedrichshain-Kreuzberg,2J,B,"022J",W,"2","82",0,266,0,266,32,12.0300751879699,45,16.9172932330827,107,40.2255639097744,36,13.5338345864662,6,2.25563909774436,8,3.00751879699248,32,12.0300751879699
"02B2K","02",Friedrichshain-Kreuzberg,2K,B,"022K",W,"2","82",0,301,0,301,56,18.6046511627907,45,14.9501661129568,120,39.8671096345515,32,10.6312292358804,6,1.99335548172757,15,4.98338870431894,27,8.97009966777409
"02B2L","02",Friedrichshain-Kreuzberg,2L,B,"022L",W,"2","82",0,250,0,250,33,13.2,46,18.4,99,39.6,34,13.6,5,2,6,2.4,27,10.8
"02B2M","02",Friedrichshain-Kreuzberg,2M,B,"022M",W,"2","82",0,274,1,273,24,8.79120879120879,37,13.5531135531136,120,43.956043956044,51,18.6813186813187,4,1.46520146520147,12,4.3956043956044,25,9.15750915750916
"02B2N","02",Friedrichshain-Kreuzberg,2N,B,"022N",W,"2","82",0,301,0,301,29,9.63455149501661,39,12.9568106312292,123,40.8637873754153,63,20.9302325581395,2,0.664451827242525,9,2.99003322259136,36,11.9601328903654
"02B2P","02",Friedrichshain-Kreuzberg,2P,B,"022P",W,"2","82",0,283,0,283,32,11.3074204946996,47,16.6077738515901,120,42.4028268551237,42,14.8409893992933,6,2.12014134275618,12,4.24028268551237,24,8.48056537102473
"02B2Q","02",Friedrichshain-Kreuzberg,2Q,B,"022Q",W,"2","82",0,243,0,243,22,9.05349794238683,44,18.1069958847737,94,38.6831275720165,50,20.5761316872428,4,1.64609053497942,7,2.88065843621399,22,9.05349794238683
"02B2R","02",Friedrichshain-Kreuzberg,2R,B,"022R",W,"2","82",0,263,0,263,27,10.2661596958175,40,15.2091254752852,112,42.5855513307985,48,18.2509505703422,7,2.6615969581749,9,3.42205323193916,20,7.60456273764259
"02B2S","02",Friedrichshain-Kreuzberg,2S,B,"022S",W,"2","82",0,284,0,284,32,11.2676056338028,42,14.7887323943662,128,45.0704225352113,46,16.1971830985916,3,1.05633802816901,12,4.22535211267606,21,7.3943661971831
"02B2T","02",Friedrichshain-Kreuzberg,2T,B,"022T",W,"2","82",0,253,2,251,26,10.3585657370518,38,15.1394422310757,106,42.2310756972112,50,19.9203187250996,3,1.19521912350598,5,1.99203187250996,23,9.16334661354582
"02B2U","02",Friedrichshain-Kreuzberg,2U,B,"022U",W,"2","82",0,144,0,144,12,8.33333333333333,21,14.5833333333333,49,34.0277777777778,25,17.3611111111111,8,5.55555555555556,5,3.47222222222222,24,16.6666666666667
"02B2V","02",Friedrichshain-Kreuzberg,2V,B,"022V",W,"2","82",0,204,0,204,23,11.2745098039216,29,14.2156862745098,88,43.1372549019608,35,17.156862745098,4,1.96078431372549,9,4.41176470588235,16,7.84313725490196
"02B2W","02",Friedrichshain-Kreuzberg,2W,B,"022W",W,"2","82",0,228,0,228,23,10.0877192982456,27,11.8421052631579,114,50,33,14.4736842105263,2,0.87719298245614,12,5.26315789473684,17,7.45614035087719
"02B2X","02",Friedrichshain-Kreuzberg,2X,B,"022X",W,"2","82",0,230,0,230,22,9.56521739130435,38,16.5217391304348,101,43.9130434782609,43,18.695652173913,6,2.60869565217391,7,3.04347826086957,13,5.65217391304348
"02B2Y","02",Friedrichshain-Kreuzberg,2Y,B,"022Y",W,"2","82",0,312,0,312,39,12.5,44,14.1025641025641,139,44.5512820512821,43,13.7820512820513,2,0.641025641025641,20,6.41025641025641,25,8.01282051282051
"02B2Z","02",Friedrichshain-Kreuzberg,2Z,B,"022Z",W,"2","82",0,255,0,255,28,10.9803921568627,42,16.4705882352941,108,42.3529411764706,38,14.9019607843137,6,2.35294117647059,13,5.09803921568627,20,7.84313725490196
"02B2ZA","02",Friedrichshain-Kreuzberg,2ZA,B,"022ZA",W,"2","82",0,249,0,249,17,6.82730923694779,34,13.6546184738956,120,48.1927710843374,43,17.2690763052209,5,2.00803212851406,15,6.02409638554217,15,6.02409638554217
"02B2ZB","02",Friedrichshain-Kreuzberg,2ZB,B,"022ZB",W,"2","82",0,271,1,270,47,17.4074074074074,44,16.2962962962963,106,39.2592592592593,43,15.9259259259259,5,1.85185185185185,9,3.33333333333333,16,5.92592592592593
"02B2ZC","02",Friedrichshain-Kreuzberg,2ZC,B,"022ZC",W,"2","82",0,292,1,291,48,16.4948453608247,42,14.4329896907216,122,41.9243986254296,50,17.1821305841924,3,1.03092783505155,8,2.74914089347079,18,6.18556701030928
"02B2ZD","02",Friedrichshain-Kreuzberg,2ZD,B,"022ZD",W,"2","82",0,337,2,334,44,13.1736526946108,62,18.562874251497,130,38.9221556886228,58,17.3652694610778,5,1.49700598802395,11,3.2934131736527,24,7.18562874251497
"02B2ZE","02",Friedrichshain-Kreuzberg,2ZE,B,"022ZE",W,"2","82",0,298,0,297,37,12.4579124579125,52,17.5084175084175,121,40.7407407407407,55,18.5185185185185,3,1.01010101010101,9,3.03030303030303,20,6.73400673400673
"02B2ZF","02",Friedrichshain-Kreuzberg,2ZF,B,"022ZF",W,"2","82",0,263,0,262,31,11.8320610687023,43,16.412213740458,107,40.8396946564886,50,19.0839694656489,3,1.14503816793893,8,3.05343511450382,20,7.63358778625954
"02B2ZG","02",Friedrichshain-Kreuzberg,2ZG,B,"022ZG",W,"2","82",0,252,0,252,29,11.5079365079365,23,9.12698412698413,119,47.2222222222222,43,17.0634920634921,3,1.19047619047619,6,2.38095238095238,29,11.5079365079365
"02B2ZH","02",Friedrichshain-Kreuzberg,2ZH,B,"022ZH",W,"2","82",0,142,0,142,29,20.4225352112676,16,11.2676056338028,55,38.7323943661972,25,17.6056338028169,0,0,5,3.52112676056338,12,8.45070422535211
"02B2ZJ","02",Friedrichshain-Kreuzberg,2ZJ,B,"022ZJ",W,"2","82",0,177,0,177,19,10.7344632768362,21,11.864406779661,85,48.0225988700565,30,16.9491525423729,2,1.12994350282486,5,2.82485875706215,15,8.47457627118644
"02B2ZK","02",Friedrichshain-Kreuzberg,2ZK,B,"022ZK",W,"2","82",0,219,1,218,14,6.42201834862385,20,9.1743119266055,101,46.3302752293578,47,21.5596330275229,1,0.458715596330275,7,3.21100917431193,28,12.8440366972477
"02B3A","02",Friedrichshain-Kreuzberg,3A,B,"023A",W,"3","82",0,328,0,328,33,10.0609756097561,51,15.5487804878049,112,34.1463414634146,76,23.1707317073171,6,1.82926829268293,15,4.57317073170732,35,10.6707317073171
"02B3B","02",Friedrichshain-Kreuzberg,3B,B,"023B",W,"3","82",0,249,0,249,26,10.4417670682731,28,11.2449799196787,119,47.7911646586345,54,21.6867469879518,1,0.401606425702811,3,1.20481927710843,18,7.2289156626506
"02B3C","02",Friedrichshain-Kreuzberg,3C,B,"023C",W,"3","82",0,225,0,225,21,9.33333333333333,35,15.5555555555556,86,38.2222222222222,43,19.1111111111111,7,3.11111111111111,7,3.11111111111111,26,11.5555555555556
"02B3D","02",Friedrichshain-Kreuzberg,3D,B,"023D",W,"3","82",0,222,0,222,22,9.90990990990991,24,10.8108108108108,113,50.9009009009009,37,16.6666666666667,2,0.900900900900901,8,3.6036036036036,16,7.20720720720721
"02B3E","02",Friedrichshain-Kreuzberg,3E,B,"023E",W,"3","82",0,168,0,168,11,6.54761904761905,23,13.6904761904762,58,34.5238095238095,45,26.7857142857143,6,3.57142857142857,8,4.76190476190476,17,10.1190476190476
"02B3F","02",Friedrichshain-Kreuzberg,3F,B,"023F",W,"3","82",0,218,0,218,17,7.79816513761468,24,11.0091743119266,97,44.4954128440367,55,25.2293577981651,3,1.37614678899083,4,1.8348623853211,18,8.25688073394496
"02B3G","02",Friedrichshain-Kreuzberg,3G,B,"023G",W,"3","82",0,229,0,229,17,7.4235807860262,40,17.4672489082969,96,41.9213973799127,46,20.0873362445415,4,1.74672489082969,3,1.31004366812227,23,10.0436681222707
"02B3H","02",Friedrichshain-Kreuzberg,3H,B,"023H",W,"3","82",0,234,0,234,15,6.41025641025641,28,11.965811965812,106,45.2991452991453,64,27.3504273504274,2,0.854700854700855,7,2.99145299145299,12,5.12820512820513
"02B3J","02",Friedrichshain-Kreuzberg,3J,B,"023J",W,"3","82",0,253,0,253,17,6.71936758893281,22,8.69565217391304,118,46.6403162055336,75,29.6442687747036,1,0.395256916996047,3,1.18577075098814,17,6.71936758893281
"02B3K","02",Friedrichshain-Kreuzberg,3K,B,"023K",W,"3","82",0,230,0,230,16,6.95652173913043,24,10.4347826086957,106,46.0869565217391,67,29.1304347826087,2,0.869565217391304,3,1.30434782608696,12,5.21739130434783
"02B3L","02",Friedrichshain-Kreuzberg,3L,B,"023L",W,"3","82",0,211,1,210,18,8.57142857142857,20,9.52380952380952,82,39.0476190476191,66,31.4285714285714,3,1.42857142857143,10,4.76190476190476,11,5.23809523809524
"02B3M","02",Friedrichshain-Kreuzberg,3M,B,"023M",W,"3","82",0,209,0,209,20,9.56937799043062,24,11.4832535885167,90,43.0622009569378,54,25.8373205741627,3,1.43540669856459,5,2.39234449760766,13,6.2200956937799
"02B3N","02",Friedrichshain-Kreuzberg,3N,B,"023N",W,"3","82",0,228,0,228,28,12.280701754386,27,11.8421052631579,98,42.9824561403509,49,21.4912280701754,3,1.31578947368421,12,5.26315789473684,11,4.82456140350877
"02B3P","02",Friedrichshain-Kreuzberg,3P,B,"023P",W,"3","82",0,177,0,177,24,13.5593220338983,13,7.34463276836158,76,42.9378531073446,44,24.8587570621469,2,1.12994350282486,7,3.95480225988701,11,6.21468926553672
"02B3Q","02",Friedrichshain-Kreuzberg,3Q,B,"023Q",W,"3","82",0,225,1,224,14,6.25,28,12.5,85,37.9464285714286,67,29.9107142857143,2,0.892857142857143,5,2.23214285714286,23,10.2678571428571
"02B3R","02",Friedrichshain-Kreuzberg,3R,B,"023R",W,"3","82",0,214,0,214,12,5.60747663551402,22,10.2803738317757,84,39.2523364485981,68,31.7757009345794,0,0,5,2.33644859813084,23,10.7476635514019
"02B3S","02",Friedrichshain-Kreuzberg,3S,B,"023S",W,"3","82",0,235,1,234,20,8.54700854700855,29,12.3931623931624,94,40.1709401709402,62,26.4957264957265,3,1.28205128205128,8,3.41880341880342,18,7.69230769230769
"02B3T","02",Friedrichshain-Kreuzberg,3T,B,"023T",W,"3","82",0,245,0,245,22,8.97959183673469,17,6.93877551020408,100,40.8163265306122,68,27.7551020408163,1,0.408163265306122,9,3.6734693877551,28,11.4285714285714
"02B3U","02",Friedrichshain-Kreuzberg,3U,B,"023U",W,"3","82",0,206,0,206,16,7.76699029126214,28,13.5922330097087,86,41.747572815534,48,23.3009708737864,3,1.45631067961165,7,3.39805825242718,18,8.7378640776699
"02B3V","02",Friedrichshain-Kreuzberg,3V,B,"023V",O,"3","82",0,326,1,325,49,15.0769230769231,42,12.9230769230769,111,34.1538461538462,38,11.6923076923077,8,2.46153846153846,23,7.07692307692308,54,16.6153846153846
"02B3W","02",Friedrichshain-Kreuzberg,3W,B,"023W",O,"3","82",0,267,2,265,38,14.3396226415094,31,11.6981132075472,98,36.9811320754717,37,13.9622641509434,5,1.88679245283019,15,5.66037735849057,41,15.4716981132075
"02B3X","02",Friedrichshain-Kreuzberg,3X,B,"023X",O,"3","82",0,321,2,319,29,9.09090909090909,41,12.8526645768025,127,39.8119122257053,60,18.8087774294671,7,2.19435736677116,14,4.38871473354232,41,12.8526645768025
"02B3Y","02",Friedrichshain-Kreuzberg,3Y,B,"023Y",O,"3","82",0,303,1,302,25,8.27814569536424,26,8.60927152317881,119,39.4039735099338,69,22.8476821192053,8,2.64900662251656,9,2.98013245033113,46,15.2317880794702
"02B3Z","02",Friedrichshain-Kreuzberg,3Z,B,"023Z",O,"3","82",0,299,1,298,39,13.0872483221477,39,13.0872483221477,99,33.2214765100671,65,21.8120805369128,8,2.68456375838926,9,3.02013422818792,39,13.0872483221477
"02B3ZA","02",Friedrichshain-Kreuzberg,3ZA,B,"023ZA",O,"3","82",0,305,2,303,47,15.5115511551155,38,12.5412541254125,88,29.042904290429,72,23.7623762376238,8,2.64026402640264,6,1.98019801980198,44,14.5214521452145
"02B3ZB","02",Friedrichshain-Kreuzberg,3ZB,B,"023ZB",O,"3","82",0,322,2,320,36,11.25,34,10.625,125,39.0625,68,21.25,6,1.875,9,2.8125,42,13.125
"02B3ZC","02",Friedrichshain-Kreuzberg,3ZC,B,"023ZC",O,"3","82",0,315,1,314,18,5.73248407643312,29,9.23566878980892,138,43.9490445859873,68,21.656050955414,5,1.59235668789809,12,3.82165605095541,44,14.0127388535032
"02B3ZD","02",Friedrichshain-Kreuzberg,3ZD,B,"023ZD",O,"3","82",0,300,2,298,45,15.1006711409396,36,12.0805369127517,115,38.5906040268456,44,14.7651006711409,5,1.67785234899329,16,5.36912751677852,37,12.4161073825503
"02B3ZE","02",Friedrichshain-Kreuzberg,3ZE,B,"023ZE",O,"3","82",0,307,1,306,30,9.80392156862745,30,9.80392156862745,132,43.1372549019608,60,19.6078431372549,9,2.94117647058824,7,2.28758169934641,38,12.4183006535948
"02B3ZF","02",Friedrichshain-Kreuzberg,3ZF,B,"023ZF",O,"3","82",0,240,1,239,27,11.2970711297071,38,15.8995815899582,63,26.3598326359833,50,20.9205020920502,10,4.18410041841004,15,6.27615062761506,36,15.0627615062762
"02B3ZG","02",Friedrichshain-Kreuzberg,3ZG,B,"023ZG",O,"3","82",0,258,1,257,25,9.72762645914397,25,9.72762645914397,93,36.1867704280156,45,17.5097276264591,5,1.94552529182879,10,3.89105058365759,54,21.011673151751
"02B3ZH","02",Friedrichshain-Kreuzberg,3ZH,B,"023ZH",O,"3","82",0,272,1,271,52,19.1881918819188,28,10.3321033210332,103,38.0073800738007,31,11.4391143911439,7,2.5830258302583,16,5.90405904059041,34,12.5461254612546
"02B3ZJ","02",Friedrichshain-Kreuzberg,3ZJ,B,"023ZJ",O,"3","82",0,290,1,288,58,20.1388888888889,31,10.7638888888889,108,37.5,32,11.1111111111111,9,3.125,17,5.90277777777778,33,11.4583333333333
"02B3ZK","02",Friedrichshain-Kreuzberg,3ZK,B,"023ZK",O,"3","82",0,313,2,310,64,20.6451612903226,64,20.6451612903226,73,23.5483870967742,32,10.3225806451613,18,5.80645161290323,22,7.09677419354839,37,11.9354838709677
"02B3ZL","02",Friedrichshain-Kreuzberg,3ZL,B,"023ZL",O,"3","82",0,329,1,327,84,25.6880733944954,45,13.7614678899083,97,29.6636085626911,30,9.1743119266055,15,4.58715596330275,25,7.64525993883792,31,9.48012232415902
"02B4A","02",Friedrichshain-Kreuzberg,4A,B,"024A",O,"4","82",0,430,3,426,101,23.7089201877934,74,17.3708920187793,46,10.7981220657277,116,27.2300469483568,31,7.27699530516432,13,3.05164319248826,45,10.5633802816901
"02B4B","02",Friedrichshain-Kreuzberg,4B,B,"024B",O,"4","82",0,457,4,452,107,23.6725663716814,96,21.2389380530973,50,11.0619469026549,109,24.1150442477876,30,6.63716814159292,10,2.21238938053097,50,11.0619469026549
"02B4C","02",Friedrichshain-Kreuzberg,4C,B,"024C",O,"4","82",0,242,1,240,55,22.9166666666667,36,15,18,7.5,56,23.3333333333333,28,11.6666666666667,9,3.75,38,15.8333333333333
"02B4D","02",Friedrichshain-Kreuzberg,4D,B,"024D",O,"4","82",0,284,1,282,35,12.4113475177305,42,14.8936170212766,76,26.9503546099291,57,20.2127659574468,12,4.25531914893617,18,6.38297872340426,42,14.8936170212766
"02B4E","02",Friedrichshain-Kreuzberg,4E,B,"024E",O,"4","82",0,331,4,327,67,20.4892966360856,74,22.6299694189602,73,22.3241590214067,54,16.5137614678899,17,5.19877675840979,10,3.05810397553517,32,9.78593272171254
"02B4F","02",Friedrichshain-Kreuzberg,4F,B,"024F",O,"4","82",0,354,1,353,59,16.71388101983,60,16.9971671388102,91,25.7790368271955,51,14.4475920679887,12,3.39943342776204,29,8.21529745042493,51,14.4475920679887
"02B4G","02",Friedrichshain-Kreuzberg,4G,B,"024G",O,"4","82",0,241,2,239,42,17.5732217573222,43,17.9916317991632,44,18.4100418410042,58,24.2677824267782,16,6.69456066945607,10,4.18410041841004,26,10.8786610878661
"02B4H","02",Friedrichshain-Kreuzberg,4H,B,"024H",O,"4","82",0,261,1,260,40,15.3846153846154,44,16.9230769230769,56,21.5384615384615,60,23.0769230769231,17,6.53846153846154,8,3.07692307692308,35,13.4615384615385
"02B4J","02",Friedrichshain-Kreuzberg,4J,B,"024J",O,"4","82",0,407,0,407,75,18.4275184275184,73,17.9361179361179,159,39.0663390663391,29,7.12530712530713,9,2.21130221130221,24,5.8968058968059,38,9.33660933660934
"02B4K","02",Friedrichshain-Kreuzberg,4K,B,"024K",O,"4","82",0,323,1,322,40,12.4223602484472,53,16.4596273291925,110,34.1614906832298,53,16.4596273291925,6,1.86335403726708,14,4.34782608695652,46,14.2857142857143
"02B4L","02",Friedrichshain-Kreuzberg,4L,B,"024L",O,"4","82",0,268,1,267,33,12.3595505617978,39,14.6067415730337,96,35.9550561797753,50,18.7265917602996,6,2.24719101123596,10,3.74531835205993,33,12.3595505617978
"02B4M","02",Friedrichshain-Kreuzberg,4M,B,"024M",O,"4","82",0,302,1,301,34,11.2956810631229,47,15.6146179401993,103,34.21926910299,49,16.2790697674419,13,4.31893687707641,10,3.32225913621263,45,14.9501661129568
"02B4N","02",Friedrichshain-Kreuzberg,4N,B,"024N",O,"4","82",0,298,1,297,28,9.42760942760943,43,14.4781144781145,115,38.7205387205387,51,17.1717171717172,11,3.7037037037037,11,3.7037037037037,38,12.7946127946128
"02B4P","02",Friedrichshain-Kreuzberg,4P,B,"024P",O,"4","82",0,295,3,292,28,9.58904109589041,34,11.6438356164384,113,38.6986301369863,59,20.2054794520548,9,3.08219178082192,9,3.08219178082192,40,13.6986301369863
"02B4Q","02",Friedrichshain-Kreuzberg,4Q,B,"024Q",O,"4","82",0,362,2,360,46,12.7777777777778,61,16.9444444444444,102,28.3333333333333,95,26.3888888888889,20,5.55555555555556,9,2.5,27,7.5
"02B4R","02",Friedrichshain-Kreuzberg,4R,B,"024R",O,"4","82",0,280,0,280,43,15.3571428571429,52,18.5714285714286,74,26.4285714285714,69,24.6428571428571,7,2.5,7,2.5,28,10
"02B4S","02",Friedrichshain-Kreuzberg,4S,B,"024S",O,"4","82",0,318,1,317,42,13.2492113564669,56,17.6656151419558,104,32.807570977918,68,21.4511041009464,7,2.20820189274448,11,3.47003154574132,29,9.14826498422713
"02B4T","02",Friedrichshain-Kreuzberg,4T,B,"024T",O,"4","82",0,249,1,248,30,12.0967741935484,52,20.9677419354839,63,25.4032258064516,59,23.7903225806452,9,3.62903225806452,7,2.82258064516129,28,11.2903225806452
"02B4U","02",Friedrichshain-Kreuzberg,4U,B,"024U",O,"4","82",0,350,2,348,63,18.1034482758621,61,17.5287356321839,91,26.1494252873563,81,23.2758620689655,20,5.74712643678161,9,2.58620689655172,23,6.60919540229885
"02B4V","02",Friedrichshain-Kreuzberg,4V,B,"024V",O,"4","82",0,273,1,272,65,23.8970588235294,44,16.1764705882353,43,15.8088235294118,72,26.4705882352941,15,5.51470588235294,9,3.30882352941176,24,8.82352941176471
"02B4W","02",Friedrichshain-Kreuzberg,4W,B,"024W",O,"4","82",0,262,1,261,49,18.7739463601533,68,26.0536398467433,22,8.42911877394636,84,32.183908045977,17,6.51340996168582,6,2.29885057471264,15,5.74712643678161
"02B4X","02",Friedrichshain-Kreuzberg,4X,B,"024X",O,"4","82",0,273,4,269,49,18.2156133828996,39,14.4981412639405,78,28.996282527881,52,19.3308550185874,16,5.94795539033457,10,3.71747211895911,25,9.29368029739777
"02B4Y","02",Friedrichshain-Kreuzberg,4Y,B,"024Y",O,"4","82",0,319,1,318,59,18.5534591194969,62,19.4968553459119,58,18.2389937106918,73,22.9559748427673,18,5.66037735849057,8,2.51572327044025,40,12.5786163522013
"02B4Z","02",Friedrichshain-Kreuzberg,4Z,B,"024Z",O,"4","82",0,319,1,318,48,15.0943396226415,63,19.811320754717,65,20.440251572327,75,23.5849056603774,16,5.0314465408805,18,5.66037735849057,33,10.377358490566
"02B4ZA","02",Friedrichshain-Kreuzberg,4ZA,B,"024ZA",O,"4","82",0,293,1,292,41,14.041095890411,53,18.1506849315068,82,28.0821917808219,61,20.8904109589041,15,5.13698630136986,11,3.76712328767123,29,9.93150684931507
"02B4ZB","02",Friedrichshain-Kreuzberg,4ZB,B,"024ZB",O,"4","82",0,345,1,344,44,12.7906976744186,53,15.406976744186,130,37.7906976744186,55,15.9883720930233,14,4.06976744186047,19,5.52325581395349,29,8.43023255813953
"02B4ZC","02",Friedrichshain-Kreuzberg,4ZC,B,"024ZC",O,"4","82",0,356,1,355,42,11.830985915493,39,10.9859154929577,136,38.3098591549296,68,19.1549295774648,13,3.66197183098592,13,3.66197183098592,44,12.3943661971831
"02B4ZD","02",Friedrichshain-Kreuzberg,4ZD,B,"024ZD",O,"4","82",0,376,2,374,59,15.7754010695187,47,12.5668449197861,135,36.096256684492,75,20.0534759358289,7,1.8716577540107,17,4.54545454545455,34,9.09090909090909
"02B4ZE","02",Friedrichshain-Kreuzberg,4ZE,B,"024ZE",O,"4","82",0,215,1,214,43,20.0934579439252,44,20.5607476635514,36,16.8224299065421,41,19.1588785046729,16,7.47663551401869,12,5.60747663551402,22,10.2803738317757
"02B4ZF","02",Friedrichshain-Kreuzberg,4ZF,B,"024ZF",O,"4","82",0,227,3,224,54,24.1071428571429,45,20.0892857142857,35,15.625,45,20.0892857142857,11,4.91071428571429,17,7.58928571428571,17,7.58928571428571
"02B4ZG","02",Friedrichshain-Kreuzberg,4ZG,B,"024ZG",O,"4","82",0,260,0,260,55,21.1538461538462,38,14.6153846153846,64,24.6153846153846,47,18.0769230769231,13,5,19,7.30769230769231,24,9.23076923076923
"02B4ZH","02",Friedrichshain-Kreuzberg,4ZH,B,"024ZH",O,"4","82",0,226,0,226,56,24.7787610619469,36,15.929203539823,38,16.8141592920354,47,20.7964601769912,17,7.52212389380531,11,4.86725663716814,21,9.29203539823009
"02B4ZJ","02",Friedrichshain-Kreuzberg,4ZJ,B,"024ZJ",O,"4","82",0,263,0,263,62,23.574144486692,48,18.2509505703422,83,31.5589353612167,32,12.1673003802281,6,2.28136882129278,10,3.80228136882129,22,8.36501901140684
"02B5A","02",Friedrichshain-Kreuzberg,5A,B,"025A",O,"5","82",0,278,0,278,35,12.589928057554,50,17.9856115107914,96,34.5323741007194,62,22.3021582733813,9,3.23741007194245,5,1.79856115107914,21,7.55395683453237
"02B5B","02",Friedrichshain-Kreuzberg,5B,B,"025B",O,"5","82",0,333,0,333,37,11.1111111111111,50,15.015015015015,124,37.2372372372372,58,17.4174174174174,10,3.003003003003,17,5.10510510510511,37,11.1111111111111
"02B5C","02",Friedrichshain-Kreuzberg,5C,B,"025C",O,"5","82",0,300,0,300,30,10,47,15.6666666666667,117,39,56,18.6666666666667,8,2.66666666666667,8,2.66666666666667,34,11.3333333333333
"02B5D","02",Friedrichshain-Kreuzberg,5D,B,"025D",O,"5","82",0,259,0,259,24,9.26640926640927,42,16.2162162162162,91,35.1351351351351,49,18.9189189189189,11,4.24710424710425,9,3.47490347490348,33,12.7413127413127
"02B5E","02",Friedrichshain-Kreuzberg,5E,B,"025E",O,"5","82",0,312,1,311,41,13.1832797427653,38,12.2186495176849,126,40.5144694533762,58,18.6495176848875,8,2.57234726688103,11,3.53697749196141,29,9.32475884244373
"02B5F","02",Friedrichshain-Kreuzberg,5F,B,"025F",O,"5","82",0,309,1,308,38,12.3376623376623,44,14.2857142857143,119,38.6363636363636,60,19.4805194805195,10,3.24675324675325,12,3.8961038961039,25,8.11688311688312
"02B5G","02",Friedrichshain-Kreuzberg,5G,B,"025G",O,"5","82",0,280,1,279,36,12.9032258064516,29,10.3942652329749,98,35.1254480286738,74,26.5232974910394,9,3.2258064516129,4,1.4336917562724,29,10.3942652329749
"02B5H","02",Friedrichshain-Kreuzberg,5H,B,"025H",O,"5","82",0,282,1,281,32,11.3879003558719,46,16.3701067615658,107,38.0782918149466,56,19.9288256227758,5,1.77935943060498,9,3.20284697508897,26,9.25266903914591
"02B5J","02",Friedrichshain-Kreuzberg,5J,B,"025J",O,"5","82",0,255,0,255,30,11.7647058823529,25,9.80392156862745,96,37.6470588235294,62,24.3137254901961,5,1.96078431372549,8,3.13725490196078,29,11.3725490196078
"02B5K","02",Friedrichshain-Kreuzberg,5K,B,"025K",O,"5","82",0,340,1,339,29,8.55457227138643,30,8.84955752212389,144,42.4778761061947,72,21.2389380530973,2,0.589970501474926,11,3.24483775811209,51,15.0442477876106
"02B5L","02",Friedrichshain-Kreuzberg,5L,B,"025L",O,"5","82",0,320,0,320,38,11.875,38,11.875,128,40,68,21.25,4,1.25,18,5.625,26,8.125
"02B5M","02",Friedrichshain-Kreuzberg,5M,B,"025M",O,"5","82",0,281,0,281,30,10.6761565836299,34,12.0996441281139,110,39.1459074733096,61,21.7081850533808,4,1.42348754448399,12,4.27046263345196,30,10.6761565836299
"02B5N","02",Friedrichshain-Kreuzberg,5N,B,"025N",O,"5","82",0,321,0,321,39,12.1495327102804,39,12.1495327102804,126,39.2523364485981,69,21.4953271028037,8,2.49221183800623,18,5.60747663551402,22,6.85358255451713
"02B5P","02",Friedrichshain-Kreuzberg,5P,B,"025P",O,"5","82",0,343,0,343,47,13.7026239067055,40,11.6618075801749,129,37.6093294460641,67,19.533527696793,14,4.08163265306122,13,3.79008746355685,33,9.62099125364431
"02B5Q","02",Friedrichshain-Kreuzberg,5Q,B,"025Q",O,"5","82",0,286,0,286,47,16.4335664335664,31,10.8391608391608,111,38.8111888111888,54,18.8811188811189,15,5.24475524475525,11,3.84615384615385,17,5.94405594405594
"02B5R","02",Friedrichshain-Kreuzberg,5R,B,"025R",O,"5","82",0,294,1,293,37,12.6279863481229,41,13.9931740614334,112,38.2252559726962,57,19.4539249146758,9,3.07167235494881,17,5.80204778156997,20,6.8259385665529
"02B5S","02",Friedrichshain-Kreuzberg,5S,B,"025S",O,"5","82",0,262,2,260,31,11.9230769230769,36,13.8461538461538,106,40.7692307692308,55,21.1538461538462,2,0.769230769230769,13,5,17,6.53846153846154
"02B5T","02",Friedrichshain-Kreuzberg,5T,B,"025T",O,"5","82",0,252,0,252,30,11.9047619047619,19,7.53968253968254,110,43.6507936507937,67,26.5873015873016,1,0.396825396825397,8,3.17460317460317,17,6.74603174603175
"02B5U","02",Friedrichshain-Kreuzberg,5U,B,"025U",O,"5","82",0,294,1,293,32,10.9215017064846,28,9.55631399317406,128,43.6860068259386,45,15.358361774744,10,3.41296928327645,16,5.46075085324232,34,11.6040955631399
"02B5V","02",Friedrichshain-Kreuzberg,5V,B,"025V",O,"5","82",0,273,1,272,34,12.5,31,11.3970588235294,96,35.2941176470588,60,22.0588235294118,3,1.10294117647059,12,4.41176470588235,36,13.2352941176471
"02B5W","02",Friedrichshain-Kreuzberg,5W,B,"025W",O,"5","82",0,300,3,297,17,5.72390572390572,35,11.7845117845118,132,44.4444444444444,70,23.5690235690236,4,1.34680134680135,9,3.03030303030303,30,10.1010101010101
"02B5X","02",Friedrichshain-Kreuzberg,5X,B,"025X",O,"5","82",0,302,1,301,24,7.9734219269103,34,11.2956810631229,130,43.1893687707641,74,24.5847176079734,8,2.6578073089701,11,3.65448504983389,20,6.64451827242525
"02B5Y","02",Friedrichshain-Kreuzberg,5Y,B,"025Y",O,"5","82",0,298,1,297,40,13.4680134680135,39,13.1313131313131,96,32.3232323232323,73,24.5791245791246,10,3.36700336700337,11,3.7037037037037,28,9.42760942760943
"02B5Z","02",Friedrichshain-Kreuzberg,5Z,B,"025Z",O,"5","82",0,267,0,267,17,6.36704119850187,31,11.6104868913858,103,38.5767790262172,65,24.3445692883895,8,2.99625468164794,9,3.37078651685393,34,12.7340823970037
"02B5ZA","02",Friedrichshain-Kreuzberg,5ZA,B,"025ZA",O,"5","82",0,307,0,307,25,8.14332247557003,40,13.0293159609121,136,44.299674267101,72,23.4527687296417,2,0.651465798045603,10,3.25732899022801,22,7.16612377850163
"02B5ZB","02",Friedrichshain-Kreuzberg,5ZB,B,"025ZB",O,"5","82",0,298,0,298,32,10.738255033557,36,12.0805369127517,124,41.6107382550336,63,21.1409395973154,4,1.34228187919463,18,6.04026845637584,21,7.04697986577181
"02B5ZC","02",Friedrichshain-Kreuzberg,5ZC,B,"025ZC",O,"5","82",0,270,1,269,42,15.6133828996283,37,13.7546468401487,75,27.8810408921933,62,23.0483271375465,10,3.71747211895911,9,3.3457249070632,34,12.639405204461
"02B5ZD","02",Friedrichshain-Kreuzberg,5ZD,B,"025ZD",O,"5","82",0,311,0,311,28,9.0032154340836,42,13.5048231511254,127,40.8360128617363,67,21.5434083601286,7,2.2508038585209,12,3.85852090032154,28,9.0032154340836
"02B5ZE","02",Friedrichshain-Kreuzberg,5ZE,B,"025ZE",O,"5","82",0,331,1,330,25,7.57575757575758,43,13.030303030303,161,48.7878787878788,55,16.6666666666667,4,1.21212121212121,13,3.93939393939394,29,8.78787878787879
"02B5ZF","02",Friedrichshain-Kreuzberg,5ZF,B,"025ZF",O,"5","82",0,278,0,278,30,10.7913669064748,34,12.2302158273381,110,39.568345323741,54,19.4244604316547,13,4.67625899280576,6,2.15827338129496,31,11.1510791366906
"02B5ZG","02",Friedrichshain-Kreuzberg,5ZG,B,"025ZG",O,"5","82",0,260,0,260,30,11.5384615384615,36,13.8461538461538,107,41.1538461538462,54,20.7692307692308,3,1.15384615384615,7,2.69230769230769,23,8.84615384615385
"02B5ZH","02",Friedrichshain-Kreuzberg,5ZH,B,"025ZH",O,"5","82",0,296,1,295,38,12.8813559322034,46,15.5932203389831,109,36.9491525423729,61,20.6779661016949,9,3.05084745762712,8,2.71186440677966,24,8.13559322033898
"02B5ZJ","02",Friedrichshain-Kreuzberg,5ZJ,B,"025ZJ",O,"5","82",0,372,0,372,30,8.06451612903226,57,15.3225806451613,180,48.3870967741936,48,12.9032258064516,3,0.806451612903226,23,6.18279569892473,31,8.33333333333333
"02B5ZK","02",Friedrichshain-Kreuzberg,5ZK,B,"025ZK",O,"5","82",0,252,0,252,26,10.3174603174603,34,13.4920634920635,107,42.4603174603175,43,17.0634920634921,15,5.95238095238095,9,3.57142857142857,18,7.14285714285714
"02W101","02",Friedrichshain-Kreuzberg,"101",W,"021A",W,"1","82",936,337,2,334,64,19.1616766467066,52,15.5688622754491,101,30.2395209580838,28,8.38323353293413,10,2.9940119760479,27,8.08383233532934,52,15.5688622754491
"02W102","02",Friedrichshain-Kreuzberg,"102",W,"021B",W,"1","82",1002,369,4,364,78,21.4285714285714,83,22.8021978021978,64,17.5824175824176,49,13.4615384615385,21,5.76923076923077,15,4.12087912087912,54,14.8351648351648
"02W103","02",Friedrichshain-Kreuzberg,"103",W,"021C",W,"1","82",988,364,2,361,66,18.2825484764543,70,19.3905817174515,110,30.4709141274238,44,12.1883656509695,11,3.04709141274238,21,5.81717451523546,39,10.803324099723
"02W104","02",Friedrichshain-Kreuzberg,"104",W,"021D",W,"1","82",917,405,8,396,49,12.3737373737374,67,16.9191919191919,143,36.1111111111111,81,20.4545454545455,8,2.02020202020202,6,1.51515151515152,42,10.6060606060606
"02W105","02",Friedrichshain-Kreuzberg,"105",W,"021E",W,"1","82",855,312,2,309,40,12.9449838187702,47,15.210355987055,113,36.5695792880259,55,17.7993527508091,6,1.94174757281553,11,3.55987055016181,37,11.9741100323625
"02W106","02",Friedrichshain-Kreuzberg,"106",W,"021F",W,"1","82",879,370,3,366,40,10.9289617486339,48,13.1147540983607,163,44.5355191256831,63,17.2131147540984,6,1.63934426229508,9,2.45901639344262,37,10.1092896174863
"02W107","02",Friedrichshain-Kreuzberg,"107",W,"021B",W,"1","82",1024,312,5,306,66,21.5686274509804,63,20.5882352941176,63,20.5882352941176,33,10.7843137254902,22,7.18954248366013,13,4.2483660130719,46,15.0326797385621
"02W108","02",Friedrichshain-Kreuzberg,"108",W,"021G",W,"1","82",1034,306,6,299,92,30.7692307692308,74,24.7491638795987,38,12.7090301003344,39,13.0434782608696,14,4.68227424749164,8,2.67558528428094,34,11.371237458194
"02W109","02",Friedrichshain-Kreuzberg,"109",W,"021C",W,"1","82",960,290,2,287,67,23.3449477351916,45,15.6794425087108,42,14.6341463414634,61,21.2543554006969,19,6.62020905923345,11,3.83275261324042,42,14.6341463414634
"02W110","02",Friedrichshain-Kreuzberg,"110",W,"021G",W,"1","82",1022,304,2,301,70,23.2558139534884,64,21.2624584717608,69,22.9235880398671,35,11.6279069767442,11,3.65448504983389,15,4.98338870431894,37,12.2923588039867
"02W111","02",Friedrichshain-Kreuzberg,"111",W,"021H",W,"1","82",1024,278,3,274,59,21.5328467153285,42,15.3284671532847,67,24.4525547445255,52,18.978102189781,11,4.01459854014599,8,2.91970802919708,35,12.7737226277372
"02W112","02",Friedrichshain-Kreuzberg,"112",W,"021H",W,"1","82",1047,342,3,338,69,20.414201183432,61,18.0473372781065,85,25.1479289940828,54,15.9763313609467,16,4.73372781065089,8,2.36686390532544,45,13.3136094674556
"02W113","02",Friedrichshain-Kreuzberg,"113",W,"021J",W,"1","82",982,324,3,320,73,22.8125,58,18.125,69,21.5625,53,16.5625,21,6.5625,7,2.1875,39,12.1875
"02W114","02",Friedrichshain-Kreuzberg,"114",W,"021J",W,"1","82",941,300,4,295,80,27.1186440677966,58,19.6610169491525,53,17.9661016949153,45,15.2542372881356,12,4.06779661016949,7,2.3728813559322,40,13.5593220338983
"02W115","02",Friedrichshain-Kreuzberg,"115",W,"021K",W,"1","82",1034,382,4,377,85,22.5464190981432,86,22.8116710875332,82,21.7506631299735,49,12.9973474801061,24,6.36604774535809,12,3.18302387267904,39,10.3448275862069
"02W116","02",Friedrichshain-Kreuzberg,"116",W,"021L",W,"1","82",1034,369,3,365,76,20.8219178082192,82,22.4657534246575,82,22.4657534246575,53,14.5205479452055,24,6.57534246575342,8,2.19178082191781,40,10.958904109589
"02W117","02",Friedrichshain-Kreuzberg,"117",W,"021L",W,"1","82",1030,350,5,344,88,25.5813953488372,75,21.8023255813953,63,18.3139534883721,48,13.953488372093,22,6.3953488372093,8,2.32558139534884,40,11.6279069767442
"02W118","02",Friedrichshain-Kreuzberg,"118",W,"021M",W,"1","82",1030,323,3,319,56,17.5548589341693,59,18.4952978056426,75,23.5109717868339,74,23.1974921630094,12,3.76175548589342,5,1.56739811912226,38,11.9122257053292
"02W119","02",Friedrichshain-Kreuzberg,"119",W,"021N",W,"1","82",846,244,3,240,81,33.75,58,24.1666666666667,22,9.16666666666667,35,14.5833333333333,8,3.33333333333333,6,2.5,30,12.5
"02W120","02",Friedrichshain-Kreuzberg,"120",W,"021M",W,"1","82",890,244,3,240,69,28.75,54,22.5,22,9.16666666666667,46,19.1666666666667,15,6.25,4,1.66666666666667,30,12.5
"02W121","02",Friedrichshain-Kreuzberg,"121",W,"021N",W,"1","82",919,253,3,249,57,22.8915662650602,57,22.8915662650602,37,14.859437751004,47,18.8755020080321,13,5.22088353413655,5,2.00803212851406,33,13.2530120481928
"02W122","02",Friedrichshain-Kreuzberg,"122",W,"021P",W,"1","82",992,323,3,319,44,13.7931034482759,48,15.0470219435737,78,24.4514106583072,90,28.2131661442006,9,2.82131661442006,6,1.88087774294671,44,13.7931034482759
"02W123","02",Friedrichshain-Kreuzberg,"123",W,"021P",W,"1","82",999,319,1,317,37,11.6719242902208,46,14.5110410094637,95,29.9684542586751,98,30.9148264984227,4,1.26182965299685,4,1.26182965299685,33,10.410094637224
"02W124","02",Friedrichshain-Kreuzberg,"124",W,"021Q",W,"1","82",948,440,8,431,47,10.9048723897912,58,13.4570765661253,139,32.2505800464037,123,28.538283062645,6,1.39211136890951,7,1.62412993039443,51,11.8329466357309
"02W125","02",Friedrichshain-Kreuzberg,"125",W,"021Q",W,"1","82",837,301,1,299,40,13.3779264214047,35,11.7056856187291,92,30.7692307692308,85,28.4280936454849,9,3.01003344481605,5,1.67224080267559,33,11.0367892976589
"02W126","02",Friedrichshain-Kreuzberg,"126",W,"021R",W,"1","82",975,417,3,413,52,12.590799031477,46,11.138014527845,97,23.4866828087167,142,34.3825665859564,18,4.35835351089588,4,0.968523002421308,54,13.0750605326877
"02W127","02",Friedrichshain-Kreuzberg,"127",W,"021R",W,"1","82",931,308,2,305,41,13.4426229508197,56,18.3606557377049,75,24.5901639344262,80,26.2295081967213,12,3.9344262295082,3,0.983606557377049,38,12.4590163934426
"02W128","02",Friedrichshain-Kreuzberg,"128",W,"021S",W,"1","82",934,377,3,373,42,11.2600536193029,53,14.2091152815013,120,32.171581769437,101,27.0777479892761,8,2.14477211796247,8,2.14477211796247,41,10.9919571045576
"02W129","02",Friedrichshain-Kreuzberg,"129",W,"021S",W,"1","82",923,389,5,383,50,13.0548302872063,53,13.8381201044386,121,31.5926892950392,106,27.6762402088773,8,2.088772845953,5,1.30548302872063,40,10.443864229765
"02W130","02",Friedrichshain-Kreuzberg,"130",W,"021T",W,"1","82",855,348,3,344,46,13.3720930232558,49,14.2441860465116,109,31.6860465116279,92,26.7441860465116,7,2.03488372093023,5,1.45348837209302,36,10.4651162790698
"02W131","02",Friedrichshain-Kreuzberg,"131",W,"021T",W,"1","82",872,355,4,350,49,14,51,14.5714285714286,110,31.4285714285714,88,25.1428571428571,7,2,5,1.42857142857143,40,11.4285714285714
"02W132","02",Friedrichshain-Kreuzberg,"132",W,"021U",W,"1","82",909,407,4,402,38,9.45273631840796,56,13.9303482587065,141,35.0746268656716,116,28.8557213930348,7,1.74129353233831,6,1.49253731343284,38,9.45273631840796
"02W133","02",Friedrichshain-Kreuzberg,"133",W,"021V",W,"1","82",879,344,1,342,24,7.01754385964912,46,13.4502923976608,122,35.672514619883,89,26.0233918128655,4,1.16959064327485,11,3.21637426900585,46,13.4502923976608
"02W201","02",Friedrichshain-Kreuzberg,"201",W,"022A",W,"2","82",850,331,0,330,31,9.39393939393939,48,14.5454545454545,139,42.1212121212121,60,18.1818181818182,10,3.03030303030303,9,2.72727272727273,33,10
"02W202","02",Friedrichshain-Kreuzberg,"202",W,"022B",W,"2","82",964,350,1,348,26,7.47126436781609,48,13.7931034482759,153,43.9655172413793,71,20.4022988505747,6,1.72413793103448,10,2.8735632183908,34,9.77011494252874
"02W203","02",Friedrichshain-Kreuzberg,"203",W,"022C",W,"2","82",959,376,1,374,56,14.9732620320856,64,17.1122994652406,152,40.6417112299465,49,13.1016042780749,7,1.8716577540107,20,5.3475935828877,26,6.95187165775401
"02W204","02",Friedrichshain-Kreuzberg,"204",W,"022D",W,"2","82",903,426,0,425,41,9.64705882352941,67,15.7647058823529,170,40,83,19.5294117647059,6,1.41176470588235,13,3.05882352941176,45,10.5882352941176
"02W205","02",Friedrichshain-Kreuzberg,"205",W,"022E",W,"2","82",1031,457,3,453,49,10.8167770419426,75,16.5562913907285,183,40.3973509933775,74,16.3355408388521,21,4.63576158940397,10,2.2075055187638,41,9.05077262693157
"02W206","02",Friedrichshain-Kreuzberg,"206",W,"022F",W,"2","82",1016,468,4,463,47,10.1511879049676,65,14.0388768898488,219,47.3002159827214,82,17.7105831533477,11,2.37580993520518,9,1.9438444924406,30,6.47948164146868
"02W207","02",Friedrichshain-Kreuzberg,"207",W,"022G",W,"2","82",1023,408,2,405,39,9.62962962962963,60,14.8148148148148,147,36.2962962962963,102,25.1851851851852,19,4.69135802469136,10,2.46913580246914,28,6.91358024691358
"02W208","02",Friedrichshain-Kreuzberg,"208",W,"022H",W,"2","82",1025,358,3,354,38,10.7344632768362,57,16.1016949152542,119,33.6158192090396,87,24.5762711864407,14,3.95480225988701,10,2.82485875706215,29,8.19209039548022
"02W209","02",Friedrichshain-Kreuzberg,"209",W,"022J",W,"2","82",1023,411,2,408,39,9.55882352941176,71,17.4019607843137,160,39.2156862745098,79,19.3627450980392,10,2.45098039215686,15,3.67647058823529,34,8.33333333333333
"02W210","02",Friedrichshain-Kreuzberg,"210",W,"022K",W,"2","82",939,376,2,373,59,15.8176943699732,64,17.1581769436997,134,35.9249329758713,60,16.0857908847185,10,2.68096514745308,17,4.55764075067024,29,7.77479892761394
"02W211","02",Friedrichshain-Kreuzberg,"211",W,"022L",W,"2","82",933,387,1,385,46,11.9480519480519,57,14.8051948051948,139,36.1038961038961,91,23.6363636363636,11,2.85714285714286,13,3.37662337662338,28,7.27272727272727
"02W212","02",Friedrichshain-Kreuzberg,"212",W,"022M",W,"2","82",1044,424,1,422,37,8.76777251184834,56,13.2701421800948,160,37.914691943128,103,24.4075829383886,16,3.7914691943128,9,2.13270142180095,41,9.71563981042654
"02W213","02",Friedrichshain-Kreuzberg,"213",W,"022N",W,"2","82",1015,430,8,421,43,10.2137767220903,64,15.2019002375297,148,35.1543942992874,101,23.9904988123515,17,4.03800475059382,14,3.32541567695962,34,8.07600950118765
"02W214","02",Friedrichshain-Kreuzberg,"214",W,"022P",W,"2","82",943,419,4,414,32,7.72946859903382,63,15.2173913043478,167,40.3381642512077,92,22.2222222222222,4,0.966183574879227,8,1.93236714975845,48,11.5942028985507
"02W215","02",Friedrichshain-Kreuzberg,"215",W,"022Q",W,"2","82",993,428,3,424,65,15.3301886792453,62,14.622641509434,145,34.1981132075472,88,20.7547169811321,11,2.59433962264151,9,2.12264150943396,44,10.377358490566
"02W216","02",Friedrichshain-Kreuzberg,"216",W,"022R",W,"2","82",1032,435,2,432,48,11.1111111111111,68,15.7407407407407,155,35.8796296296296,94,21.7592592592593,9,2.08333333333333,13,3.00925925925926,45,10.4166666666667
"02W217","02",Friedrichshain-Kreuzberg,"217",W,"022S",W,"2","82",1047,408,2,405,33,8.14814814814815,64,15.8024691358025,161,39.7530864197531,99,24.4444444444444,9,2.22222222222222,9,2.22222222222222,30,7.40740740740741
"02W218","02",Friedrichshain-Kreuzberg,"218",W,"022T",W,"2","82",1029,425,2,422,50,11.8483412322275,66,15.6398104265403,146,34.5971563981043,93,22.0379146919431,21,4.97630331753555,11,2.60663507109005,35,8.29383886255924
"02W219","02",Friedrichshain-Kreuzberg,"219",W,"022U",W,"2","82",972,319,4,315,60,19.047619047619,53,16.8253968253968,95,30.1587301587302,61,19.3650793650794,9,2.85714285714286,5,1.58730158730159,32,10.1587301587302
"02W220","02",Friedrichshain-Kreuzberg,"220",W,"022V",W,"2","82",817,328,3,325,31,9.53846153846154,44,13.5384615384615,134,41.2307692307692,76,23.3846153846154,6,1.84615384615385,8,2.46153846153846,26,8
"02W221","02",Friedrichshain-Kreuzberg,"221",W,"022W",W,"2","82",882,372,3,369,31,8.40108401084011,52,14.0921409214092,163,44.1734417344173,87,23.5772357723577,3,0.813008130081301,9,2.4390243902439,24,6.50406504065041
"02W222","02",Friedrichshain-Kreuzberg,"222",W,"022X",W,"2","82",897,352,2,350,32,9.14285714285714,50,14.2857142857143,142,40.5714285714286,85,24.2857142857143,9,2.57142857142857,9,2.57142857142857,23,6.57142857142857
"02W223","02",Friedrichshain-Kreuzberg,"223",W,"022Y",W,"2","82",1063,442,4,438,51,11.6438356164384,75,17.1232876712329,185,42.2374429223744,87,19.8630136986301,4,0.91324200913242,15,3.42465753424658,21,4.79452054794521
"02W224","02",Friedrichshain-Kreuzberg,"224",W,"022Z",W,"2","82",805,337,1,335,34,10.1492537313433,49,14.6268656716418,132,39.4029850746269,64,19.1044776119403,6,1.7910447761194,16,4.77611940298508,34,10.1492537313433
"02W225","02",Friedrichshain-Kreuzberg,"225",W,"022ZA",W,"2","82",878,413,4,409,34,8.31295843520782,53,12.958435207824,178,43.520782396088,93,22.7383863080685,6,1.46699266503667,12,2.93398533007335,33,8.06845965770171
"02W226","02",Friedrichshain-Kreuzberg,"226",W,"022ZB",W,"2","82",908,389,1,388,54,13.9175257731959,59,15.2061855670103,163,42.0103092783505,68,17.5257731958763,8,2.06185567010309,10,2.57731958762887,26,6.70103092783505
"02W227","02",Friedrichshain-Kreuzberg,"227",W,"022ZC",W,"2","82",989,467,2,465,64,13.7634408602151,63,13.5483870967742,201,43.2258064516129,85,18.2795698924731,8,1.72043010752688,12,2.58064516129032,32,6.88172043010753
"02W228","02",Friedrichshain-Kreuzberg,"228",W,"022ZD",W,"2","82",985,419,0,419,50,11.9331742243437,61,14.5584725536993,157,37.4701670644391,97,23.1503579952267,7,1.67064439140811,14,3.34128878281623,33,7.87589498806683
"02W229","02",Friedrichshain-Kreuzberg,"229",W,"022ZE",W,"2","82",995,420,0,420,44,10.4761904761905,73,17.3809523809524,148,35.2380952380952,96,22.8571428571429,15,3.57142857142857,15,3.57142857142857,29,6.90476190476191
"02W230","02",Friedrichshain-Kreuzberg,"230",W,"022ZF",W,"2","82",919,372,1,370,34,9.18918918918919,65,17.5675675675676,151,40.8108108108108,73,19.7297297297297,13,3.51351351351351,6,1.62162162162162,28,7.56756756756757
"02W231","02",Friedrichshain-Kreuzberg,"231",W,"022ZG",W,"2","82",948,391,7,384,37,9.63541666666667,45,11.71875,156,40.625,97,25.2604166666667,11,2.86458333333333,7,1.82291666666667,31,8.07291666666667
"02W232","02",Friedrichshain-Kreuzberg,"232",W,"022ZH",W,"2","82",956,295,4,291,53,18.213058419244,29,9.96563573883162,84,28.8659793814433,75,25.7731958762887,7,2.40549828178694,3,1.03092783505155,40,13.745704467354
"02W233","02",Friedrichshain-Kreuzberg,"233",W,"022ZJ",W,"2","82",998,404,10,394,52,13.1979695431472,49,12.4365482233503,137,34.7715736040609,102,25.8883248730964,8,2.03045685279188,5,1.26903553299492,41,10.4060913705584
"02W234","02",Friedrichshain-Kreuzberg,"234",W,"022ZK",W,"2","82",998,366,2,364,27,7.41758241758242,47,12.9120879120879,138,37.9120879120879,104,28.5714285714286,9,2.47252747252747,7,1.92307692307692,32,8.79120879120879
"02W301","02",Friedrichshain-Kreuzberg,"301",W,"023A",W,"3","82",890,327,5,321,95,29.595015576324,52,16.1993769470405,48,14.9532710280374,73,22.7414330218069,9,2.80373831775701,3,0.934579439252336,41,12.7725856697819
"02W302","02",Friedrichshain-Kreuzberg,"302",W,"023A",W,"3","82",840,436,3,432,20,4.62962962962963,65,15.0462962962963,143,33.1018518518519,134,31.0185185185185,13,3.00925925925926,6,1.38888888888889,51,11.8055555555556
"02W303","02",Friedrichshain-Kreuzberg,"303",W,"023B",W,"3","82",963,446,2,444,49,11.036036036036,51,11.4864864864865,192,43.2432432432432,104,23.4234234234234,7,1.57657657657658,13,2.92792792792793,28,6.30630630630631
"02W304","02",Friedrichshain-Kreuzberg,"304",W,"023C",W,"3","82",930,366,2,363,49,13.4986225895317,61,16.8044077134986,132,36.3636363636364,79,21.763085399449,5,1.37741046831956,4,1.10192837465565,33,9.09090909090909
"02W305","02",Friedrichshain-Kreuzberg,"305",W,"023D",W,"3","82",834,326,4,322,33,10.2484472049689,49,15.2173913043478,132,40.9937888198758,75,23.2919254658385,3,0.93167701863354,9,2.79503105590062,21,6.52173913043478
"02W306","02",Friedrichshain-Kreuzberg,"306",W,"023E",W,"3","82",949,300,0,300,56,18.6666666666667,49,16.3333333333333,89,29.6666666666667,68,22.6666666666667,4,1.33333333333333,7,2.33333333333333,27,9
"02W307","02",Friedrichshain-Kreuzberg,"307",W,"023F",W,"3","82",990,364,2,362,51,14.0883977900552,51,14.0883977900552,126,34.8066298342541,96,26.5193370165746,12,3.31491712707182,9,2.48618784530387,17,4.69613259668508
"02W308","02",Friedrichshain-Kreuzberg,"308",W,"023G",W,"3","82",931,426,2,424,31,7.31132075471698,49,11.5566037735849,186,43.8679245283019,109,25.7075471698113,7,1.65094339622642,7,1.65094339622642,35,8.25471698113208
"02W309","02",Friedrichshain-Kreuzberg,"309",W,"023H",W,"3","82",1011,392,2,390,42,10.7692307692308,57,14.6153846153846,135,34.6153846153846,107,27.4358974358974,8,2.05128205128205,6,1.53846153846154,35,8.97435897435897
"02W310","02",Friedrichshain-Kreuzberg,"310",W,"023J",W,"3","82",1009,343,2,341,37,10.8504398826979,43,12.6099706744868,128,37.5366568914956,99,29.0322580645161,8,2.34604105571848,5,1.46627565982405,21,6.158357771261
"02W311","02",Friedrichshain-Kreuzberg,"311",W,"023K",W,"3","82",966,330,1,329,36,10.9422492401216,41,12.4620060790274,124,37.6899696048632,89,27.0516717325228,7,2.12765957446809,6,1.82370820668693,26,7.90273556231003
"02W312","02",Friedrichshain-Kreuzberg,"312",W,"023L",W,"3","82",920,396,1,395,41,10.379746835443,47,11.8987341772152,142,35.9493670886076,110,27.8481012658228,4,1.0126582278481,11,2.78481012658228,40,10.126582278481
"02W313","02",Friedrichshain-Kreuzberg,"313",W,"023M",W,"3","82",950,352,1,351,41,11.6809116809117,45,12.8205128205128,134,38.1766381766382,82,23.3618233618234,6,1.70940170940171,8,2.27920227920228,35,9.97150997150997
"02W314","02",Friedrichshain-Kreuzberg,"314",W,"023N",W,"3","82",1011,442,2,440,54,12.2727272727273,64,14.5454545454545,178,40.4545454545455,106,24.0909090909091,8,1.81818181818182,9,2.04545454545455,21,4.77272727272727
"02W315","02",Friedrichshain-Kreuzberg,"315",W,"023P",W,"3","82",947,396,5,391,32,8.18414322250639,55,14.0664961636829,158,40.4092071611253,92,23.5294117647059,11,2.81329923273657,6,1.53452685421995,37,9.46291560102302
"02W316","02",Friedrichshain-Kreuzberg,"316",W,"023Q",W,"3","82",992,403,1,402,23,5.72139303482587,52,12.9353233830846,144,35.8208955223881,112,27.8606965174129,11,2.7363184079602,5,1.24378109452736,55,13.681592039801
"02W317","02",Friedrichshain-Kreuzberg,"317",W,"023R",W,"3","82",1024,404,8,395,28,7.08860759493671,39,9.87341772151899,176,44.5569620253165,103,26.0759493670886,11,2.78481012658228,5,1.26582278481013,33,8.35443037974684
"02W318","02",Friedrichshain-Kreuzberg,"318",W,"023S",W,"3","82",892,379,2,376,24,6.38297872340426,39,10.3723404255319,121,32.1808510638298,131,34.8404255319149,7,1.86170212765957,7,1.86170212765957,47,12.5
"02W319","02",Friedrichshain-Kreuzberg,"319",W,"023T",W,"3","82",1057,468,3,464,28,6.03448275862069,45,9.69827586206897,163,35.1293103448276,151,32.5431034482759,13,2.80172413793103,7,1.50862068965517,57,12.2844827586207
"02W320","02",Friedrichshain-Kreuzberg,"320",W,"023U",W,"3","82",854,382,2,379,45,11.8733509234828,40,10.5540897097625,149,39.3139841688654,88,23.2189973614776,8,2.11081794195251,8,2.11081794195251,41,10.8179419525066
"02W321","02",Friedrichshain-Kreuzberg,"321",W,"023V",O,"3","82",1011,404,2,402,57,14.1791044776119,58,14.4278606965174,150,37.3134328358209,55,13.681592039801,15,3.73134328358209,19,4.72636815920398,48,11.9402985074627
"02W322","02",Friedrichshain-Kreuzberg,"322",W,"023W",O,"3","82",757,320,2,318,42,13.2075471698113,48,15.0943396226415,91,28.6163522012579,83,26.1006289308176,16,5.0314465408805,5,1.57232704402516,33,10.377358490566
"02W323","02",Friedrichshain-Kreuzberg,"323",W,"023X",O,"3","82",1023,408,2,406,32,7.88177339901478,43,10.5911330049261,155,38.1773399014778,90,22.1674876847291,19,4.67980295566502,10,2.46305418719212,57,14.0394088669951
"02W324","02",Friedrichshain-Kreuzberg,"324",W,"023Y",O,"3","82",1027,378,1,377,23,6.10079575596817,45,11.9363395225464,143,37.9310344827586,100,26.525198938992,11,2.91777188328912,7,1.85676392572944,48,12.7320954907162
"02W325","02",Friedrichshain-Kreuzberg,"325",W,"023Z",O,"3","82",1002,433,4,429,55,12.8205128205128,46,10.7226107226107,134,31.2354312354312,101,23.5431235431235,18,4.1958041958042,16,3.72960372960373,59,13.7529137529138
"02W326","02",Friedrichshain-Kreuzberg,"326",W,"023ZA",O,"3","82",1003,449,4,445,60,13.4831460674157,57,12.8089887640449,123,27.6404494382022,111,24.9438202247191,16,3.59550561797753,15,3.37078651685393,63,14.1573033707865
"02W327","02",Friedrichshain-Kreuzberg,"327",W,"023ZB",O,"3","82",967,367,1,366,39,10.655737704918,46,12.568306010929,124,33.879781420765,83,22.6775956284153,15,4.0983606557377,12,3.27868852459016,47,12.8415300546448
"02W328","02",Friedrichshain-Kreuzberg,"328",W,"023ZC",O,"3","82",919,352,3,349,23,6.59025787965616,41,11.7478510028653,121,34.6704871060172,76,21.7765042979943,15,4.29799426934097,11,3.15186246418338,62,17.7650429799427
"02W329","02",Friedrichshain-Kreuzberg,"329",W,"023ZD",O,"3","82",960,470,1,469,70,14.9253731343284,59,12.5799573560768,191,40.724946695096,56,11.9402985074627,6,1.27931769722815,20,4.26439232409382,67,14.2857142857143
"02W330","02",Friedrichshain-Kreuzberg,"330",W,"023ZE",O,"3","82",1030,371,1,370,22,5.94594594594595,40,10.8108108108108,144,38.9189189189189,76,20.5405405405405,12,3.24324324324324,20,5.40540540540541,56,15.1351351351351
"02W331","02",Friedrichshain-Kreuzberg,"331",W,"023ZF",O,"3","82",964,318,3,315,63,20,49,15.5555555555556,57,18.0952380952381,55,17.4603174603175,40,12.6984126984127,6,1.9047619047619,45,14.2857142857143
"02W332","02",Friedrichshain-Kreuzberg,"332",W,"023ZG",O,"3","82",930,350,1,349,30,8.59598853868195,46,13.1805157593123,111,31.8051575931232,65,18.6246418338109,25,7.16332378223496,15,4.29799426934097,57,16.3323782234957
"02W333","02",Friedrichshain-Kreuzberg,"333",W,"023ZH",O,"3","82",808,336,1,335,62,18.5074626865672,45,13.4328358208955,126,37.6119402985075,31,9.25373134328358,9,2.6865671641791,17,5.07462686567164,45,13.4328358208955
"02W334","02",Friedrichshain-Kreuzberg,"334",W,"023ZJ",O,"3","82",857,362,1,361,70,19.3905817174515,51,14.1274238227147,129,35.7340720221607,33,9.14127423822715,10,2.77008310249307,20,5.54016620498615,48,13.2963988919668
"02W335","02",Friedrichshain-Kreuzberg,"335",W,"023ZK",O,"3","82",890,440,4,436,103,23.6238532110092,87,19.954128440367,99,22.7064220183486,55,12.6146788990826,19,4.35779816513761,28,6.42201834862385,45,10.3211009174312
"02W336","02",Friedrichshain-Kreuzberg,"336",W,"023ZL",O,"3","82",887,397,1,396,98,24.7474747474747,69,17.4242424242424,109,27.5252525252525,24,6.06060606060606,14,3.53535353535354,39,9.84848484848485,43,10.8585858585859
"02W401","02",Friedrichshain-Kreuzberg,"401",W,"024A",O,"4","82",932,295,1,294,52,17.687074829932,49,16.6666666666667,32,10.8843537414966,78,26.530612244898,34,11.5646258503401,10,3.40136054421769,39,13.265306122449
"02W402","02",Friedrichshain-Kreuzberg,"402",W,"024A",O,"4","82",879,345,4,341,80,23.4604105571848,64,18.7683284457478,37,10.8504398826979,79,23.1671554252199,42,12.316715542522,10,2.93255131964809,29,8.50439882697947
"02W403","02",Friedrichshain-Kreuzberg,"403",W,"024B",O,"4","82",924,299,5,294,60,20.4081632653061,61,20.7482993197279,35,11.9047619047619,68,23.1292517006803,34,11.5646258503401,11,3.74149659863946,25,8.50340136054422
"02W404","02",Friedrichshain-Kreuzberg,"404",W,"024B",O,"4","82",899,265,5,260,45,17.3076923076923,55,21.1538461538462,31,11.9230769230769,58,22.3076923076923,29,11.1538461538462,9,3.46153846153846,33,12.6923076923077
"02W405","02",Friedrichshain-Kreuzberg,"405",W,"024C",O,"4","82",877,319,1,318,65,20.440251572327,65,20.440251572327,33,10.377358490566,63,19.811320754717,43,13.5220125786164,10,3.14465408805031,39,12.2641509433962
"02W406","02",Friedrichshain-Kreuzberg,"406",W,"024D",O,"4","82",1047,407,1,406,67,16.5024630541872,69,16.9950738916256,86,21.1822660098522,86,21.1822660098522,42,10.3448275862069,11,2.70935960591133,45,11.0837438423645
"02W407","02",Friedrichshain-Kreuzberg,"407",W,"024E",O,"4","82",1051,335,3,331,67,20.2416918429003,68,20.5438066465257,71,21.4501510574018,56,16.9184290030211,27,8.1570996978852,8,2.41691842900302,34,10.2719033232628
"02W408","02",Friedrichshain-Kreuzberg,"408",W,"024F",O,"4","82",1055,388,3,385,52,13.5064935064935,60,15.5844155844156,105,27.2727272727273,74,19.2207792207792,16,4.15584415584416,22,5.71428571428571,56,14.5454545454545
"02W409","02",Friedrichshain-Kreuzberg,"409",W,"024G",O,"4","82",850,330,4,326,65,19.9386503067485,63,19.3251533742331,61,18.7116564417178,75,23.0061349693252,22,6.74846625766871,10,3.06748466257669,30,9.20245398773006
"02W410","02",Friedrichshain-Kreuzberg,"410",W,"024H",O,"4","82",952,366,3,363,65,17.9063360881543,64,17.6308539944904,82,22.5895316804408,81,22.3140495867769,22,6.06060606060606,11,3.03030303030303,38,10.4683195592287
"02W411","02",Friedrichshain-Kreuzberg,"411",W,"024J",O,"4","82",1024,439,1,437,76,17.3913043478261,57,13.0434782608696,150,34.324942791762,73,16.7048054919908,19,4.34782608695652,25,5.720823798627,37,8.46681922196796
"02W412","02",Friedrichshain-Kreuzberg,"412",W,"024K",O,"4","82",1030,410,3,407,46,11.3022113022113,66,16.2162162162162,120,29.4840294840295,92,22.6044226044226,19,4.66830466830467,12,2.94840294840295,52,12.7764127764128
"02W413","02",Friedrichshain-Kreuzberg,"413",W,"024L",O,"4","82",905,348,2,346,37,10.6936416184971,55,15.8959537572254,104,30.0578034682081,75,21.6763005780347,21,6.06936416184971,12,3.46820809248555,42,12.1387283236994
"02W414","02",Friedrichshain-Kreuzberg,"414",W,"024M",O,"4","82",1023,358,2,355,45,12.6760563380282,47,13.2394366197183,102,28.7323943661972,84,23.6619718309859,27,7.6056338028169,7,1.97183098591549,43,12.112676056338
"02W415","02",Friedrichshain-Kreuzberg,"415",W,"024N",O,"4","82",986,362,2,359,47,13.091922005571,49,13.6490250696379,114,31.7548746518106,78,21.7270194986072,24,6.68523676880223,4,1.1142061281337,43,11.9777158774373
"02W416","02",Friedrichshain-Kreuzberg,"416",W,"024P",O,"4","82",1057,383,1,381,39,10.2362204724409,48,12.5984251968504,114,29.9212598425197,86,22.5721784776903,32,8.3989501312336,12,3.1496062992126,50,13.1233595800525
"02W417","02",Friedrichshain-Kreuzberg,"417",W,"024Q",O,"4","82",1059,397,3,393,61,15.5216284987277,54,13.7404580152672,98,24.9363867684478,101,25.6997455470738,26,6.61577608142494,8,2.03562340966921,45,11.4503816793893
"02W418","02",Friedrichshain-Kreuzberg,"418",W,"024R",O,"4","82",915,353,1,351,38,10.8262108262108,57,16.2393162393162,104,29.6296296296296,90,25.6410256410256,17,4.84330484330484,9,2.56410256410256,36,10.2564102564103
"02W419","02",Friedrichshain-Kreuzberg,"419",W,"024S",O,"4","82",1058,397,2,394,41,10.4060913705584,75,19.0355329949239,126,31.9796954314721,73,18.5279187817259,24,6.09137055837564,13,3.2994923857868,42,10.6598984771574
"02W420","02",Friedrichshain-Kreuzberg,"420",W,"024T",O,"4","82",898,292,3,288,27,9.375,49,17.0138888888889,77,26.7361111111111,64,22.2222222222222,27,9.375,8,2.77777777777778,36,12.5
"02W421","02",Friedrichshain-Kreuzberg,"421",W,"024U",O,"4","82",1077,390,4,385,74,19.2207792207792,68,17.6623376623377,69,17.9220779220779,96,24.9350649350649,26,6.75324675324675,19,4.93506493506494,33,8.57142857142857
"02W422","02",Friedrichshain-Kreuzberg,"422",W,"024V",O,"4","82",1031,351,3,347,77,22.1902017291066,57,16.4265129682997,50,14.4092219020173,79,22.7665706051873,37,10.6628242074928,9,2.59365994236311,38,10.9510086455331
"02W423","02",Friedrichshain-Kreuzberg,"423",W,"024W",O,"4","82",1031,316,6,309,75,24.2718446601942,55,17.7993527508091,29,9.38511326860841,62,20.0647249190939,48,15.5339805825243,5,1.61812297734628,35,11.3268608414239
"02W424","02",Friedrichshain-Kreuzberg,"424",W,"024X",O,"4","82",1046,395,4,390,70,17.9487179487179,53,13.5897435897436,94,24.1025641025641,99,25.3846153846154,21,5.38461538461539,12,3.07692307692308,41,10.5128205128205
"02W425","02",Friedrichshain-Kreuzberg,"425",W,"024Y",O,"4","82",1045,393,4,388,74,19.0721649484536,63,16.2371134020619,79,20.360824742268,94,24.2268041237113,23,5.92783505154639,7,1.80412371134021,48,12.3711340206186
"02W426","02",Friedrichshain-Kreuzberg,"426",W,"024Z",O,"4","82",1075,406,2,403,86,21.3399503722084,72,17.8660049627792,76,18.8585607940447,77,19.106699751861,37,9.18114143920596,9,2.23325062034739,46,11.4143920595534
"02W427","02",Friedrichshain-Kreuzberg,"427",W,"024ZA",O,"4","82",1049,425,1,423,61,14.4208037825059,63,14.8936170212766,104,24.5862884160757,105,24.822695035461,38,8.98345153664303,12,2.83687943262411,40,9.45626477541371
"02W428","02",Friedrichshain-Kreuzberg,"428",W,"024ZB",O,"4","82",1076,372,1,370,48,12.972972972973,66,17.8378378378378,109,29.4594594594595,72,19.4594594594595,20,5.40540540540541,15,4.05405405405405,40,10.8108108108108
"02W429","02",Friedrichshain-Kreuzberg,"429",W,"024ZC",O,"4","82",1059,428,1,426,53,12.4413145539906,55,12.9107981220657,128,30.0469483568075,106,24.8826291079812,19,4.46009389671362,14,3.28638497652582,51,11.9718309859155
"02W430","02",Friedrichshain-Kreuzberg,"430",W,"024ZD",O,"4","82",1070,423,2,420,41,9.76190476190476,68,16.1904761904762,132,31.4285714285714,102,24.2857142857143,17,4.04761904761905,12,2.85714285714286,48,11.4285714285714
"02W431","02",Friedrichshain-Kreuzberg,"431",W,"024ZE",O,"4","82",963,320,1,318,82,25.7861635220126,49,15.4088050314465,36,11.3207547169811,51,16.0377358490566,40,12.5786163522013,12,3.77358490566038,48,15.0943396226415
"02W432","02",Friedrichshain-Kreuzberg,"432",W,"024ZF",O,"4","82",1013,311,3,307,73,23.7785016286645,54,17.5895765472313,54,17.5895765472313,51,16.6123778501629,37,12.0521172638436,9,2.93159609120521,29,9.44625407166124
"02W433","02",Friedrichshain-Kreuzberg,"433",W,"024ZG",O,"4","82",1070,359,2,356,81,22.752808988764,58,16.2921348314607,71,19.9438202247191,61,17.1348314606742,32,8.98876404494382,21,5.89887640449438,32,8.98876404494382
"02W434","02",Friedrichshain-Kreuzberg,"434",W,"024ZH",O,"4","82",1007,330,1,328,58,17.6829268292683,54,16.4634146341463,60,18.2926829268293,63,19.2073170731707,40,12.1951219512195,12,3.65853658536585,41,12.5
"02W435","02",Friedrichshain-Kreuzberg,"435",W,"024ZJ",O,"4","82",1040,341,4,336,56,16.6666666666667,53,15.7738095238095,88,26.1904761904762,78,23.2142857142857,24,7.14285714285714,7,2.08333333333333,30,8.92857142857143
"02W501","02",Friedrichshain-Kreuzberg,"501",W,"025A",O,"5","82",1009,393,4,388,34,8.76288659793814,52,13.4020618556701,123,31.701030927835,93,23.9690721649485,23,5.92783505154639,13,3.35051546391753,50,12.8865979381443
"02W502","02",Friedrichshain-Kreuzberg,"502",W,"025B",O,"5","82",1004,323,2,320,29,9.0625,44,13.75,108,33.75,76,23.75,18,5.625,9,2.8125,36,11.25
"02W503","02",Friedrichshain-Kreuzberg,"503",W,"025C",O,"5","82",1041,409,1,407,38,9.33660933660934,59,14.4963144963145,144,35.3808353808354,99,24.3243243243243,17,4.17690417690418,10,2.45700245700246,40,9.82800982800983
"02W504","02",Friedrichshain-Kreuzberg,"504",W,"025D",O,"5","82",955,335,0,334,35,10.4790419161677,50,14.9700598802395,110,32.9341317365269,78,23.3532934131737,14,4.19161676646707,10,2.9940119760479,37,11.0778443113772
"02W505","02",Friedrichshain-Kreuzberg,"505",W,"025E",O,"5","82",1019,450,1,448,44,9.82142857142857,50,11.1607142857143,131,29.2410714285714,122,27.2321428571429,26,5.80357142857143,14,3.125,61,13.6160714285714
"02W506","02",Friedrichshain-Kreuzberg,"506",W,"025F",O,"5","82",1080,355,0,355,37,10.4225352112676,60,16.9014084507042,131,36.9014084507042,70,19.7183098591549,7,1.97183098591549,8,2.25352112676056,42,11.830985915493
"02W507","02",Friedrichshain-Kreuzberg,"507",W,"025G",O,"5","82",976,400,0,400,46,11.5,49,12.25,119,29.75,99,24.75,21,5.25,13,3.25,53,13.25
"02W508","02",Friedrichshain-Kreuzberg,"508",W,"025H",O,"5","82",884,361,1,360,19,5.27777777777778,54,15,135,37.5,90,25,12,3.33333333333333,9,2.5,41,11.3888888888889
"02W509","02",Friedrichshain-Kreuzberg,"509",W,"025J",O,"5","82",902,354,3,351,37,10.5413105413105,51,14.5299145299145,123,35.042735042735,84,23.9316239316239,12,3.41880341880342,6,1.70940170940171,38,10.8262108262108
"02W510","02",Friedrichshain-Kreuzberg,"510",W,"025K",O,"5","82",1025,360,1,358,34,9.49720670391061,39,10.8938547486034,128,35.7541899441341,86,24.0223463687151,10,2.79329608938547,13,3.63128491620112,48,13.4078212290503
"02W511","02",Friedrichshain-Kreuzberg,"511",W,"025L",O,"5","82",971,361,0,361,39,10.803324099723,44,12.1883656509695,125,34.6260387811634,87,24.0997229916898,15,4.15512465373961,12,3.32409972299169,39,10.803324099723
"02W512","02",Friedrichshain-Kreuzberg,"512",W,"025M",O,"5","82",877,326,0,326,31,9.50920245398773,32,9.8159509202454,111,34.0490797546012,83,25.4601226993865,12,3.68098159509202,10,3.06748466257669,47,14.4171779141104
"02W513","02",Friedrichshain-Kreuzberg,"513",W,"025N",O,"5","82",1043,388,0,388,46,11.8556701030928,54,13.9175257731959,136,35.0515463917526,90,23.1958762886598,20,5.15463917525773,13,3.35051546391753,29,7.47422680412371
"02W514","02",Friedrichshain-Kreuzberg,"514",W,"025P",O,"5","82",990,299,0,299,34,11.371237458194,29,9.69899665551839,98,32.7759197324415,80,26.7558528428094,13,4.34782608695652,12,4.0133779264214,33,11.0367892976589
"02W515","02",Friedrichshain-Kreuzberg,"515",W,"025Q",O,"5","82",912,306,1,305,41,13.4426229508197,42,13.7704918032787,92,30.1639344262295,82,26.8852459016393,18,5.9016393442623,13,4.26229508196721,17,5.57377049180328
"02W516","02",Friedrichshain-Kreuzberg,"516",W,"025R",O,"5","82",975,333,0,333,39,11.7117117117117,42,12.6126126126126,121,36.3363363363363,76,22.8228228228228,20,6.00600600600601,12,3.6036036036036,23,6.90690690690691
"02W517","02",Friedrichshain-Kreuzberg,"517",W,"025S",O,"5","82",957,404,3,401,46,11.4713216957606,50,12.4688279301746,149,37.1571072319202,92,22.9426433915212,8,1.99501246882793,17,4.23940149625935,39,9.72568578553616
"02W518","02",Friedrichshain-Kreuzberg,"518",W,"025T",O,"5","82",949,336,0,336,34,10.1190476190476,32,9.52380952380952,121,36.0119047619048,99,29.4642857142857,13,3.86904761904762,15,4.46428571428571,22,6.54761904761905
"02W519","02",Friedrichshain-Kreuzberg,"519",W,"025U",O,"5","82",993,332,4,328,36,10.9756097560976,48,14.6341463414634,119,36.280487804878,67,20.4268292682927,12,3.65853658536585,10,3.04878048780488,36,10.9756097560976
"02W520","02",Friedrichshain-Kreuzberg,"520",W,"025V",O,"5","82",990,404,2,402,53,13.1840796019901,35,8.70646766169154,130,32.3383084577114,92,22.8855721393035,17,4.22885572139304,13,3.23383084577114,62,15.4228855721393
"02W521","02",Friedrichshain-Kreuzberg,"521",W,"025W",O,"5","82",954,322,1,321,33,10.2803738317757,32,9.96884735202492,116,36.1370716510903,91,28.3489096573209,9,2.80373831775701,13,4.04984423676012,27,8.41121495327103
"02W522","02",Friedrichshain-Kreuzberg,"522",W,"025X",O,"5","82",908,309,0,309,24,7.76699029126214,51,16.504854368932,120,38.8349514563107,80,25.8899676375405,7,2.26537216828479,7,2.26537216828479,20,6.47249190938511
"02W523","02",Friedrichshain-Kreuzberg,"523",W,"025Y",O,"5","82",1029,361,0,360,45,12.5,60,16.6666666666667,96,26.6666666666667,78,21.6666666666667,32,8.88888888888889,7,1.94444444444444,42,11.6666666666667
"02W524","02",Friedrichshain-Kreuzberg,"524",W,"025Z",O,"5","82",968,375,0,375,34,9.06666666666667,52,13.8666666666667,141,37.6,89,23.7333333333333,11,2.93333333333333,8,2.13333333333333,40,10.6666666666667
"02W525","02",Friedrichshain-Kreuzberg,"525",W,"025ZA",O,"5","82",1036,380,2,378,38,10.0529100529101,37,9.78835978835979,142,37.5661375661376,97,25.6613756613757,14,3.7037037037037,8,2.11640211640212,42,11.1111111111111
"02W526","02",Friedrichshain-Kreuzberg,"526",W,"025ZB",O,"5","82",952,380,0,380,28,7.36842105263158,59,15.5263157894737,136,35.7894736842105,87,22.8947368421053,17,4.47368421052632,13,3.42105263157895,40,10.5263157894737
"02W527","02",Friedrichshain-Kreuzberg,"527",W,"025ZC",O,"5","82",1044,409,3,405,36,8.88888888888889,63,15.5555555555556,122,30.1234567901235,97,23.9506172839506,24,5.92592592592593,7,1.72839506172839,56,13.8271604938272
"02W528","02",Friedrichshain-Kreuzberg,"528",W,"025ZD",O,"5","82",1032,381,1,380,31,8.15789473684211,43,11.3157894736842,146,38.4210526315789,107,28.1578947368421,17,4.47368421052632,8,2.10526315789474,28,7.36842105263158
"02W529","02",Friedrichshain-Kreuzberg,"529",W,"025ZE",O,"5","82",1031,370,4,366,39,10.655737704918,42,11.4754098360656,132,36.0655737704918,97,26.5027322404372,8,2.18579234972678,12,3.27868852459016,36,9.83606557377049
"02W530","02",Friedrichshain-Kreuzberg,"530",W,"025ZF",O,"5","82",1048,348,0,348,30,8.62068965517241,36,10.3448275862069,114,32.7586206896552,102,29.3103448275862,21,6.03448275862069,9,2.58620689655172,36,10.3448275862069
"02W531","02",Friedrichshain-Kreuzberg,"531",W,"025ZG",O,"5","82",1026,423,1,422,46,10.9004739336493,45,10.6635071090047,152,36.0189573459716,99,23.4597156398104,22,5.21327014218009,18,4.2654028436019,40,9.47867298578199
"02W532","02",Friedrichshain-Kreuzberg,"532",W,"025ZH",O,"5","82",1080,448,3,445,56,12.5842696629213,73,16.4044943820225,125,28.0898876404494,115,25.8426966292135,16,3.59550561797753,17,3.82022471910112,43,9.66292134831461
"02W533","02",Friedrichshain-Kreuzberg,"533",W,"025ZJ",O,"5","82",1048,367,2,365,39,10.6849315068493,45,12.3287671232877,148,40.5479452054795,70,19.1780821917808,6,1.64383561643836,25,6.84931506849315,32,8.76712328767123
"02W534","02",Friedrichshain-Kreuzberg,"534",W,"025ZK",O,"5","82",1012,341,0,341,39,11.4369501466276,27,7.91788856304985,114,33.4310850439883,90,26.3929618768328,27,7.91788856304985,12,3.51906158357771,32,9.3841642228739
"03B1A","03",Pankow,1A,B,"031A",O,"1","75",0,527,1,525,140,26.6666666666667,88,16.7619047619048,88,16.7619047619048,74,14.0952380952381,45,8.57142857142857,17,3.23809523809524,73,13.9047619047619
"03B1B","03",Pankow,1B,B,"031B",O,"1","75",0,534,2,531,144,27.1186440677966,90,16.9491525423729,84,15.819209039548,77,14.5009416195857,45,8.47457627118644,18,3.38983050847458,73,13.7476459510358
"03B1C","03",Pankow,1C,B,"031C",O,"1","75",0,370,2,367,103,28.0653950953678,65,17.7111716621253,35,9.53678474114441,53,14.441416893733,53,14.441416893733,11,2.99727520435967,47,12.8065395095368
"03B1D","03",Pankow,1D,B,"031D",O,"1","75",0,426,1,424,127,29.9528301886792,89,20.9905660377358,24,5.66037735849057,64,15.0943396226415,64,15.0943396226415,9,2.12264150943396,47,11.0849056603774
"03B1E","03",Pankow,1E,B,"031E",O,"1","75",0,426,3,422,124,29.3838862559242,86,20.3791469194313,23,5.45023696682464,57,13.5071090047393,74,17.5355450236967,11,2.60663507109005,47,11.1374407582938
"03B1F","03",Pankow,1F,B,"031F",O,"1","75",0,272,3,268,74,27.6119402985075,50,18.6567164179104,15,5.59701492537313,35,13.0597014925373,50,18.6567164179104,8,2.98507462686567,36,13.4328358208955
"03B1G","03",Pankow,1G,B,"031G",O,"1","75",0,580,3,577,228,39.5147313691508,100,17.3310225303293,59,10.2253032928943,59,10.2253032928943,58,10.051993067591,23,3.98613518197574,50,8.66551126516464
"03B1H","03",Pankow,1H,B,"031H",O,"1","75",0,458,2,456,133,29.1666666666667,78,17.1052631578947,32,7.01754385964912,42,9.21052631578947,84,18.4210526315789,14,3.07017543859649,73,16.0087719298246
"03B1J","03",Pankow,1J,B,"031J",O,"1","75",0,414,1,413,143,34.6246973365617,78,18.8861985472155,25,6.05326876513317,45,10.8958837772397,68,16.4648910411622,10,2.42130750605327,44,10.6537530266344
"03B1K","03",Pankow,1K,B,"031K",O,"1","75",0,474,2,472,155,32.8389830508475,82,17.3728813559322,42,8.89830508474576,48,10.1694915254237,72,15.2542372881356,16,3.38983050847458,57,12.0762711864407
"03B1L","03",Pankow,1L,B,"031L",O,"1","75",0,428,1,427,150,35.1288056206089,78,18.2669789227166,32,7.49414519906323,44,10.3044496487119,66,15.4566744730679,13,3.04449648711944,44,10.3044496487119
"03B1M","03",Pankow,1M,B,"031M",O,"1","75",0,447,1,446,160,35.8744394618834,78,17.4887892376682,41,9.19282511210762,45,10.0896860986547,66,14.7982062780269,15,3.36322869955157,41,9.19282511210762
"03B1N","03",Pankow,1N,B,"031N",O,"1","75",0,572,3,569,217,38.1370826010545,100,17.5746924428822,69,12.1265377855888,64,11.2478031634446,54,9.49033391915641,20,3.51493848857645,45,7.90861159929701
"03B1P","03",Pankow,1P,B,"031P",O,"1","75",0,622,2,620,258,41.6129032258065,105,16.9354838709677,60,9.67741935483871,69,11.1290322580645,62,10,22,3.54838709677419,44,7.09677419354839
"03B1Q","03",Pankow,1Q,B,"031Q",O,"1","75",0,658,2,656,280,42.6829268292683,108,16.4634146341463,56,8.53658536585366,69,10.5182926829268,72,10.9756097560976,24,3.65853658536585,47,7.16463414634146
"03B1R","03",Pankow,1R,B,"031R",O,"1","75",0,440,3,437,177,40.5034324942792,77,17.6201372997712,38,8.69565217391304,40,9.1533180778032,48,10.9839816933638,20,4.5766590389016,37,8.46681922196796
"03B1S","03",Pankow,1S,B,"031S",O,"1","75",0,595,1,594,237,39.8989898989899,101,17.003367003367,62,10.4377104377104,61,10.2693602693603,60,10.1010101010101,26,4.37710437710438,47,7.91245791245791
"03B1T","03",Pankow,1T,B,"031T",O,"1","75",0,796,1,795,317,39.874213836478,135,16.9811320754717,88,11.0691823899371,80,10.062893081761,79,9.93710691823899,35,4.40251572327044,61,7.67295597484277
"03B1U","03",Pankow,1U,B,"031U",O,"1","75",0,521,1,520,207,39.8076923076923,87,16.7307692307692,74,14.2307692307692,49,9.42307692307692,49,9.42307692307692,23,4.42307692307692,31,5.96153846153846
"03B2A","03",Pankow,2A,B,"032A",O,"2","75",0,397,2,395,112,28.3544303797468,61,15.4430379746835,66,16.7088607594937,34,8.60759493670886,54,13.6708860759494,21,5.31645569620253,47,11.8987341772152
"03B2B","03",Pankow,2B,B,"032B",O,"2","75",0,512,3,509,163,32.0235756385069,91,17.8781925343811,46,9.03732809430256,53,10.4125736738703,67,13.1630648330059,17,3.33988212180747,72,14.1453831041257
"03B2C","03",Pankow,2C,B,"032C",O,"2","75",0,444,2,442,146,33.0316742081448,75,16.9683257918552,39,8.82352941176471,47,10.6334841628959,58,13.1221719457014,15,3.39366515837104,62,14.027149321267
"03B2D","03",Pankow,2D,B,"032D",O,"2","75",0,488,1,487,166,34.0862422997947,74,15.1950718685832,43,8.82956878850103,53,10.8829568788501,63,12.9363449691992,17,3.49075975359343,71,14.5790554414784
"03B2E","03",Pankow,2E,B,"032E",O,"2","75",0,578,1,576,206,35.7638888888889,106,18.4027777777778,75,13.0208333333333,58,10.0694444444444,55,9.54861111111111,28,4.86111111111111,48,8.33333333333333
"03B2F","03",Pankow,2F,B,"032F",O,"2","75",0,583,2,580,229,39.4827586206897,102,17.5862068965517,75,12.9310344827586,44,7.58620689655172,48,8.27586206896552,31,5.3448275862069,51,8.79310344827586
"03B2G","03",Pankow,2G,B,"032G",O,"2","75",0,606,1,604,226,37.4172185430464,108,17.8807947019868,78,12.9139072847682,59,9.7682119205298,51,8.44370860927152,37,6.12582781456954,45,7.45033112582782
"03B2H","03",Pankow,2H,B,"032H",O,"2","75",0,535,3,531,164,30.8851224105461,97,18.2674199623352,86,16.195856873823,68,12.8060263653484,52,9.79284369114878,21,3.95480225988701,43,8.09792843691149
"03B2J","03",Pankow,2J,B,"032J",O,"2","75",0,559,2,556,161,28.9568345323741,110,19.7841726618705,79,14.2086330935252,75,13.4892086330935,52,9.35251798561151,25,4.49640287769784,54,9.71223021582734
"03B2K","03",Pankow,2K,B,"032K",O,"2","75",0,515,2,512,137,26.7578125,104,20.3125,75,14.6484375,67,13.0859375,44,8.59375,24,4.6875,61,11.9140625
"03B2L","03",Pankow,2L,B,"032L",O,"2","75",0,534,3,530,148,27.9245283018868,91,17.1698113207547,73,13.7735849056604,64,12.0754716981132,53,10,32,6.0377358490566,69,13.0188679245283
"03B2M","03",Pankow,2M,B,"032M",O,"2","75",0,525,3,522,150,28.735632183908,94,18.007662835249,76,14.5593869731801,63,12.0689655172414,50,9.57854406130268,30,5.74712643678161,59,11.3026819923372
"03B2N","03",Pankow,2N,B,"032N",O,"2","75",0,430,1,429,149,34.7319347319347,80,18.6480186480186,61,14.2191142191142,48,11.1888111888112,34,7.92540792540793,25,5.82750582750583,32,7.45920745920746
"03B2P","03",Pankow,2P,B,"032P",O,"2","75",0,616,2,614,175,28.5016286644951,109,17.7524429967427,121,19.7068403908795,90,14.6579804560261,46,7.49185667752443,29,4.72312703583062,44,7.16612377850163
"03B2Q","03",Pankow,2Q,B,"032Q",O,"2","75",0,667,2,665,166,24.9624060150376,127,19.0977443609023,125,18.796992481203,100,15.0375939849624,47,7.06766917293233,32,4.81203007518797,68,10.2255639097744
"03B2R","03",Pankow,2R,B,"032R",O,"2","75",0,561,2,559,152,27.1914132379249,100,17.8890876565295,115,20.5724508050089,84,15.0268336314848,43,7.69230769230769,24,4.29338103756708,41,7.3345259391771
"03B2S","03",Pankow,2S,B,"032S",O,"2","75",0,698,1,697,207,29.6987087517934,117,16.7862266857963,141,20.2295552367288,94,13.4863701578192,42,6.02582496413199,35,5.02152080344333,61,8.75179340028694
"03B2T","03",Pankow,2T,B,"032T",O,"2","75",0,643,2,641,196,30.5772230889236,119,18.5647425897036,123,19.188767550702,81,12.6365054602184,40,6.2402496099844,28,4.36817472698908,54,8.42433697347894
"03B2U","03",Pankow,2U,B,"032U",O,"2","75",0,486,2,484,150,30.9917355371901,102,21.0743801652893,84,17.3553719008264,57,11.7768595041322,36,7.43801652892562,22,4.54545454545455,33,6.81818181818182
"03B3A","03",Pankow,3A,B,"033A",O,"3","75",0,647,3,644,194,30.1242236024845,107,16.6149068322981,80,12.4223602484472,82,12.7329192546584,80,12.4223602484472,22,3.41614906832298,79,12.2670807453416
"03B3B","03",Pankow,3B,B,"033B",O,"3","75",0,389,4,385,95,24.6753246753247,79,20.5194805194805,42,10.9090909090909,59,15.3246753246753,47,12.2077922077922,10,2.5974025974026,53,13.7662337662338
"03B3C","03",Pankow,3C,B,"033C",O,"3","75",0,464,3,461,125,27.114967462039,88,19.0889370932755,53,11.4967462039046,67,14.5336225596529,57,12.3644251626898,15,3.25379609544469,56,12.1475054229935
"03B3D","03",Pankow,3D,B,"033D",O,"3","75",0,524,5,519,125,24.0847784200385,101,19.4605009633911,96,18.4971098265896,74,14.2581888246628,48,9.2485549132948,19,3.66088631984586,56,10.7899807321773
"03B3E","03",Pankow,3E,B,"033E",O,"3","75",0,508,5,503,124,24.6520874751491,103,20.4771371769384,81,16.10337972167,73,14.5129224652087,53,10.5367793240557,17,3.37972166998012,52,10.337972166998
"03B3F","03",Pankow,3F,B,"033F",O,"3","75",0,556,3,553,116,20.9764918625678,98,17.7215189873418,100,18.0831826401447,92,16.6365280289331,51,9.22242314647378,23,4.15913200723327,73,13.2007233273056
"03B3G","03",Pankow,3G,B,"033G",O,"3","75",0,497,2,495,100,20.2020202020202,86,17.3737373737374,96,19.3939393939394,85,17.1717171717172,43,8.68686868686869,21,4.24242424242424,64,12.9292929292929
"03B3H","03",Pankow,3H,B,"033H",O,"3","75",0,589,4,585,125,21.3675213675214,106,18.1196581196581,139,23.7606837606838,93,15.8974358974359,40,6.83760683760684,20,3.41880341880342,62,10.5982905982906
"03B3J","03",Pankow,3J,B,"033J",O,"3","75",0,583,3,580,118,20.3448275862069,106,18.2758620689655,143,24.6551724137931,96,16.551724137931,39,6.72413793103448,21,3.62068965517241,57,9.82758620689655
"03B3K","03",Pankow,3K,B,"033K",O,"3","75",0,517,2,515,100,19.4174757281553,89,17.2815533980583,116,22.5242718446602,89,17.2815533980583,38,7.37864077669903,21,4.07766990291262,62,12.0388349514563
"03B3L","03",Pankow,3L,B,"033L",O,"3","75",0,427,2,425,79,18.5882352941176,75,17.6470588235294,118,27.7647058823529,74,17.4117647058824,23,5.41176470588235,15,3.52941176470588,41,9.64705882352941
"03B3M","03",Pankow,3M,B,"033M",O,"3","75",0,594,6,588,151,25.6802721088435,94,15.9863945578231,132,22.4489795918367,96,16.3265306122449,25,4.25170068027211,30,5.10204081632653,60,10.2040816326531
"03B3N","03",Pankow,3N,B,"033N",O,"3","75",0,510,4,505,110,21.7821782178218,88,17.4257425742574,131,25.9405940594059,90,17.8217821782178,22,4.35643564356436,26,5.14851485148515,38,7.52475247524752
"03B3P","03",Pankow,3P,B,"033P",O,"3","75",0,497,1,495,85,17.1717171717172,89,17.979797979798,145,29.2929292929293,90,18.1818181818182,22,4.44444444444444,23,4.64646464646465,41,8.28282828282828
"03B3Q","03",Pankow,3Q,B,"033Q",O,"3","75",0,466,2,463,86,18.5745140388769,78,16.8466522678186,133,28.7257019438445,75,16.1987041036717,23,4.96760259179266,15,3.23974082073434,53,11.4470842332613
"03B3R","03",Pankow,3R,B,"033R",O,"3","75",0,513,2,510,78,15.2941176470588,87,17.0588235294118,160,31.3725490196078,81,15.8823529411765,20,3.92156862745098,21,4.11764705882353,63,12.3529411764706
"03B3S","03",Pankow,3S,B,"033S",O,"3","75",0,540,0,539,80,14.8423005565863,101,18.7384044526902,183,33.9517625231911,110,20.4081632653061,17,3.15398886827458,12,2.22634508348794,36,6.67903525046382
"03B3T","03",Pankow,3T,B,"033T",O,"3","75",0,567,0,566,86,15.1943462897526,101,17.8445229681979,201,35.5123674911661,111,19.6113074204947,17,3.00353356890459,14,2.47349823321555,36,6.36042402826855
"03B3U","03",Pankow,3U,B,"033U",O,"3","75",0,540,0,539,84,15.5844155844156,81,15.0278293135436,193,35.8070500927644,88,16.3265306122449,18,3.33951762523191,20,3.71057513914657,55,10.2040816326531
"03B3V","03",Pankow,3V,B,"033V",O,"3","75",0,588,1,587,92,15.6729131175468,96,16.3543441226576,200,34.0715502555366,96,16.3543441226576,22,3.74787052810903,22,3.74787052810903,59,10.0511073253833
"03B4A","03",Pankow,4A,B,"034A",O,"4","75",0,523,2,520,206,39.6153846153846,89,17.1153846153846,44,8.46153846153846,60,11.5384615384615,57,10.9615384615385,19,3.65384615384615,45,8.65384615384615
"03B4B","03",Pankow,4B,B,"034B",O,"4","75",0,660,2,658,242,36.7781155015198,123,18.693009118541,48,7.29483282674772,66,10.0303951367781,86,13.0699088145897,26,3.95136778115502,67,10.1823708206687
"03B4C","03",Pankow,4C,B,"034C",O,"4","75",0,484,2,482,195,40.4564315352697,81,16.804979253112,42,8.71369294605809,57,11.8257261410788,50,10.3734439834025,16,3.3195020746888,41,8.50622406639004
"03B4D","03",Pankow,4D,B,"034D",O,"4","75",0,628,2,626,207,33.0670926517572,124,19.8083067092652,65,10.3833865814696,72,11.5015974440895,68,10.8626198083067,28,4.47284345047923,62,9.90415335463259
"03B4E","03",Pankow,4E,B,"034E",O,"4","75",0,555,3,552,192,34.7826086956522,90,16.304347826087,69,12.5,71,12.8623188405797,58,10.5072463768116,20,3.6231884057971,52,9.42028985507246
"03B4F","03",Pankow,4F,B,"034F",O,"4","75",0,449,2,447,120,26.8456375838926,86,19.2393736017897,66,14.7651006711409,66,14.7651006711409,38,8.50111856823266,20,4.47427293064877,51,11.4093959731544
"03B4G","03",Pankow,4G,B,"034G",O,"4","75",0,475,2,473,105,22.1987315010571,72,15.2219873150106,87,18.3932346723044,81,17.1247357293869,41,8.66807610993657,19,4.0169133192389,68,14.3763213530655
"03B4H","03",Pankow,4H,B,"034H",O,"4","75",0,435,3,432,128,29.6296296296296,93,21.5277777777778,54,12.5,65,15.0462962962963,45,10.4166666666667,14,3.24074074074074,33,7.63888888888889
"03B4J","03",Pankow,4J,B,"034J",O,"4","75",0,490,3,487,158,32.4435318275154,91,18.6858316221766,55,11.2936344969199,79,16.2217659137577,51,10.4722792607803,16,3.28542094455852,37,7.59753593429158
"03B4K","03",Pankow,4K,B,"034K",O,"4","75",0,428,6,422,110,26.0663507109005,110,26.0663507109005,42,9.95260663507109,62,14.6919431279621,45,10.6635071090047,11,2.60663507109005,42,9.95260663507109
"03B4L","03",Pankow,4L,B,"034L",O,"4","75",0,470,4,466,119,25.5364806866953,85,18.2403433476395,64,13.7339055793991,86,18.4549356223176,39,8.36909871244635,16,3.43347639484979,57,12.2317596566524
"03B4M","03",Pankow,4M,B,"034M",O,"4","75",0,474,2,472,114,24.1525423728814,96,20.3389830508475,93,19.7033898305085,84,17.7966101694915,28,5.93220338983051,17,3.60169491525424,40,8.47457627118644
"03B4N","03",Pankow,4N,B,"034N",O,"4","75",0,424,3,421,107,25.41567695962,76,18.0522565320665,59,14.0142517814727,80,19.0023752969121,35,8.31353919239905,13,3.08788598574822,51,12.1140142517815
"03B4P","03",Pankow,4P,B,"034P",O,"4","75",0,453,1,452,105,23.2300884955752,91,20.1327433628319,93,20.5752212389381,83,18.3628318584071,25,5.53097345132743,15,3.31858407079646,40,8.84955752212389
"03B4Q","03",Pankow,4Q,B,"034Q",O,"4","75",0,465,2,463,68,14.6868250539957,95,20.5183585313175,126,27.2138228941685,90,19.438444924406,23,4.96760259179266,23,4.96760259179266,38,8.207343412527
"03B4R","03",Pankow,4R,B,"034R",O,"4","75",0,481,6,475,136,28.6315789473684,102,21.4736842105263,61,12.8421052631579,87,18.3157894736842,36,7.57894736842105,10,2.10526315789474,43,9.05263157894737
"03B4S","03",Pankow,4S,B,"034S",O,"4","75",0,236,2,234,61,26.0683760683761,52,22.2222222222222,16,6.83760683760684,50,21.3675213675214,29,12.3931623931624,7,2.99145299145299,19,8.11965811965812
"03B5A","03",Pankow,5A,B,"035A",O,"5","75",0,487,3,483,146,30.2277432712215,85,17.5983436853002,52,10.7660455486542,67,13.871635610766,55,11.3871635610766,19,3.93374741200828,59,12.2153209109731
"03B5B","03",Pankow,5B,B,"035B",O,"5","75",0,432,3,428,132,30.8411214953271,74,17.2897196261682,46,10.7476635514019,60,14.018691588785,47,10.981308411215,18,4.20560747663551,51,11.9158878504673
"03B5C","03",Pankow,5C,B,"035C",O,"5","75",0,445,3,441,115,26.0770975056689,78,17.687074829932,54,12.2448979591837,63,14.2857142857143,54,12.2448979591837,16,3.6281179138322,61,13.8321995464853
"03B5D","03",Pankow,5D,B,"035D",O,"5","75",0,471,3,467,87,18.6295503211991,77,16.4882226980728,99,21.1991434689507,89,19.0578158458244,33,7.06638115631692,13,2.78372591006424,69,14.7751605995717
"03B5E","03",Pankow,5E,B,"035E",O,"5","75",0,565,3,561,187,33.3333333333333,95,16.9340463458111,62,11.0516934046346,79,14.0819964349376,53,9.44741532976827,25,4.45632798573975,60,10.6951871657754
"03B5F","03",Pankow,5F,B,"035F",O,"5","75",0,481,3,477,87,18.2389937106918,75,15.7232704402516,98,20.5450733752621,99,20.7547169811321,36,7.54716981132075,16,3.35429769392034,66,13.8364779874214
"03B5G","03",Pankow,5G,B,"035G",O,"5","75",0,529,5,523,102,19.5028680688336,94,17.9732313575526,112,21.414913957935,90,17.208413001912,35,6.69216061185468,11,2.10325047801147,79,15.1051625239006
"03B5H","03",Pankow,5H,B,"035H",O,"5","75",0,664,6,657,136,20.7001522070015,107,16.2861491628615,130,19.7869101978691,111,16.8949771689498,59,8.98021308980213,23,3.50076103500761,91,13.8508371385084
"03B5J","03",Pankow,5J,B,"035J",O,"5","75",0,581,8,572,113,19.7552447552448,108,18.8811188811189,101,17.6573426573427,102,17.8321678321678,50,8.74125874125874,20,3.4965034965035,78,13.6363636363636
"03B5K","03",Pankow,5K,B,"035K",O,"5","75",0,582,4,578,93,16.0899653979239,123,21.280276816609,142,24.5674740484429,107,18.5121107266436,27,4.67128027681661,17,2.94117647058824,69,11.9377162629758
"03B5L","03",Pankow,5L,B,"035L",O,"5","75",0,577,3,574,104,18.1184668989547,114,19.8606271777003,132,22.9965156794425,120,20.9059233449477,36,6.27177700348432,16,2.78745644599303,52,9.05923344947735
"03B5M","03",Pankow,5M,B,"035M",O,"5","75",0,550,5,545,111,20.3669724770642,97,17.7981651376147,98,17.9816513761468,126,23.1192660550459,47,8.62385321100918,17,3.11926605504587,49,8.99082568807339
"03B5N","03",Pankow,5N,B,"035N",O,"5","75",0,577,2,575,100,17.3913043478261,96,16.695652173913,149,25.9130434782609,118,20.5217391304348,36,6.26086956521739,17,2.95652173913043,59,10.2608695652174
"03B5P","03",Pankow,5P,B,"035P",O,"5","75",0,496,1,495,81,16.3636363636364,83,16.7676767676768,140,28.2828282828283,98,19.7979797979798,31,6.26262626262626,18,3.63636363636364,44,8.88888888888889
"03B5Q","03",Pankow,5Q,B,"035Q",O,"5","75",0,594,2,592,97,16.3851351351351,103,17.3986486486486,173,29.222972972973,116,19.5945945945946,30,5.06756756756757,21,3.5472972972973,52,8.78378378378378
"03B5R","03",Pankow,5R,B,"035R",O,"5","75",0,573,0,573,115,20.0698080279232,101,17.6265270506108,151,26.3525305410122,93,16.2303664921466,29,5.06108202443281,22,3.83944153577661,62,10.8202443280977
"03B5S","03",Pankow,5S,B,"035S",O,"5","75",0,752,2,750,154,20.5333333333333,119,15.8666666666667,217,28.9333333333333,113,15.0666666666667,28,3.73333333333333,35,4.66666666666667,84,11.2
"03B6A","03",Pankow,6A,B,"036A",O,"6","75",0,528,3,525,68,12.952380952381,73,13.9047619047619,176,33.5238095238095,100,19.047619047619,19,3.61904761904762,21,4,68,12.952380952381
"03B6B","03",Pankow,6B,B,"036B",O,"6","75",0,586,2,584,74,12.6712328767123,85,14.5547945205479,213,36.472602739726,105,17.9794520547945,18,3.08219178082192,23,3.93835616438356,66,11.3013698630137
"03B6C","03",Pankow,6C,B,"036C",O,"6","75",0,578,3,574,77,13.4146341463415,65,11.3240418118467,210,36.5853658536585,101,17.595818815331,19,3.31010452961672,24,4.18118466898955,78,13.588850174216
"03B6D","03",Pankow,6D,B,"036D",O,"6","75",0,566,1,564,70,12.4113475177305,67,11.8794326241135,221,39.1843971631206,98,17.3758865248227,16,2.83687943262411,20,3.54609929078014,72,12.7659574468085
"03B6E","03",Pankow,6E,B,"036E",O,"6","75",0,505,1,504,64,12.6984126984127,70,13.8888888888889,207,41.0714285714286,80,15.8730158730159,13,2.57936507936508,20,3.96825396825397,50,9.92063492063492
"03B6F","03",Pankow,6F,B,"036F",O,"6","75",0,342,1,341,39,11.4369501466276,41,12.0234604105572,136,39.8826979472141,58,17.0087976539589,7,2.05278592375367,10,2.93255131964809,50,14.6627565982405
"03B6G","03",Pankow,6G,B,"036G",O,"6","75",0,536,1,535,67,12.5233644859813,63,11.7757009345794,230,42.9906542056075,84,15.7009345794393,13,2.42990654205607,22,4.11214953271028,56,10.4672897196262
"03B6H","03",Pankow,6H,B,"036H",O,"6","75",0,576,2,574,72,12.5435540069686,58,10.1045296167247,251,43.7282229965157,94,16.3763066202091,13,2.26480836236934,28,4.8780487804878,58,10.1045296167247
"03B6J","03",Pankow,6J,B,"036J",O,"6","75",0,617,2,615,87,14.1463414634146,74,12.0325203252033,251,40.8130081300813,106,17.2357723577236,16,2.60162601626016,28,4.55284552845528,53,8.61788617886179
"03B6K","03",Pankow,6K,B,"036K",O,"6","75",0,349,1,348,46,13.2183908045977,44,12.6436781609195,146,41.9540229885057,53,15.2298850574713,9,2.58620689655172,14,4.02298850574713,36,10.3448275862069
"03B6L","03",Pankow,6L,B,"036L",O,"6","75",0,513,0,513,82,15.9844054580897,60,11.6959064327485,196,38.2066276803119,80,15.5945419103314,11,2.14424951267056,35,6.82261208576998,49,9.55165692007797
"03B6M","03",Pankow,6M,B,"036M",O,"6","75",0,546,1,545,82,15.045871559633,72,13.2110091743119,203,37.2477064220184,107,19.6330275229358,13,2.38532110091743,24,4.40366972477064,44,8.07339449541285
"03B6N","03",Pankow,6N,B,"036N",O,"6","75",0,609,1,608,73,12.0065789473684,85,13.9802631578947,239,39.3092105263158,125,20.5592105263158,16,2.63157894736842,20,3.28947368421053,50,8.22368421052632
"03B6P","03",Pankow,6P,B,"036P",O,"6","75",0,484,1,483,70,14.4927536231884,60,12.4223602484472,193,39.9585921325052,87,18.0124223602484,14,2.89855072463768,25,5.175983436853,34,7.03933747412008
"03B6Q","03",Pankow,6Q,B,"036Q",O,"6","75",0,333,0,333,29,8.70870870870871,46,13.8138138138138,152,45.6456456456456,56,16.8168168168168,11,3.3033033033033,16,4.8048048048048,23,6.90690690690691
"03B6R","03",Pankow,6R,B,"036R",O,"6","75",0,289,0,289,26,8.99653979238754,41,14.1868512110727,132,45.6747404844291,48,16.6089965397924,8,2.7681660899654,15,5.19031141868512,19,6.57439446366782
"03B6S","03",Pankow,6S,B,"036S",O,"6","75",0,327,0,327,37,11.3149847094801,48,14.6788990825688,134,40.9785932721713,43,13.1498470948012,9,2.75229357798165,26,7.95107033639144,30,9.1743119266055
"03B6T","03",Pankow,6T,B,"036T",O,"6","75",0,502,0,502,65,12.9482071713147,68,13.5458167330677,206,41.0358565737052,79,15.7370517928287,14,2.78884462151394,33,6.57370517928287,37,7.37051792828685
"03B6U","03",Pankow,6U,B,"036U",O,"6","75",0,591,1,590,73,12.3728813559322,76,12.8813559322034,245,41.5254237288136,94,15.9322033898305,15,2.54237288135593,32,5.42372881355932,55,9.32203389830508
"03B6V","03",Pankow,6V,B,"036V",O,"6","75",0,313,0,313,44,14.0575079872204,42,13.4185303514377,128,40.8945686900958,53,16.9329073482428,8,2.55591054313099,17,5.43130990415335,21,6.70926517571885
"03B6W","03",Pankow,6W,B,"036W",O,"6","75",0,289,0,289,46,15.916955017301,41,14.1868512110727,107,37.0242214532872,54,18.6851211072664,9,3.11418685121107,13,4.49826989619377,19,6.57439446366782
"03B7A","03",Pankow,7A,B,"037A",O,"7","75",0,508,1,507,88,17.3570019723866,75,14.792899408284,159,31.3609467455621,64,12.6232741617357,29,5.71992110453649,23,4.53648915187377,69,13.6094674556213
"03B7B","03",Pankow,7B,B,"037B",O,"7","75",0,438,1,437,77,17.6201372997712,65,14.8741418764302,137,31.350114416476,56,12.8146453089245,25,5.720823798627,19,4.34782608695652,58,13.2723112128146
"03B7C","03",Pankow,7C,B,"037C",O,"7","75",0,516,4,512,94,18.359375,70,13.671875,135,26.3671875,80,15.625,29,5.6640625,23,4.4921875,81,15.8203125
"03B7D","03",Pankow,7D,B,"037D",O,"7","75",0,463,1,462,88,19.047619047619,75,16.2337662337662,120,25.974025974026,74,16.017316017316,27,5.84415584415584,17,3.67965367965368,61,13.2034632034632
"03B7E","03",Pankow,7E,B,"037E",O,"7","75",0,380,1,379,74,19.5250659630607,62,16.3588390501319,98,25.8575197889182,61,16.0949868073879,21,5.54089709762533,14,3.69393139841689,49,12.9287598944591
"03B7F","03",Pankow,7F,B,"037F",O,"7","75",0,397,2,395,58,14.6835443037975,67,16.9620253164557,101,25.5696202531646,70,17.7215189873418,30,7.59493670886076,15,3.79746835443038,54,13.6708860759494
"03B7G","03",Pankow,7G,B,"037G",O,"7","82",0,546,1,545,118,21.651376146789,70,12.8440366972477,116,21.2844036697248,106,19.4495412844037,31,5.68807339449541,24,4.40366972477064,80,14.6788990825688
"03B7H","03",Pankow,7H,B,"037H",O,"7","82",0,522,1,521,113,21.6890595009597,68,13.0518234165067,101,19.3857965451056,107,20.5374280230326,30,5.75815738963532,24,4.60652591170825,78,14.9712092130518
"03B7J","03",Pankow,7J,B,"037J",O,"7","82",0,582,1,581,102,17.5559380378657,84,14.4578313253012,162,27.8829604130809,110,18.9328743545611,29,4.99139414802065,26,4.4750430292599,68,11.7039586919105
"03B7K","03",Pankow,7K,B,"037K",O,"7","82",0,502,0,502,76,15.1394422310757,68,13.5458167330677,146,29.0836653386454,108,21.5139442231076,19,3.78486055776892,14,2.78884462151394,71,14.1434262948207
"03B7L","03",Pankow,7L,B,"037L",O,"7","82",0,516,0,516,74,14.3410852713178,75,14.5348837209302,160,31.0077519379845,104,20.1550387596899,20,3.87596899224806,19,3.68217054263566,64,12.4031007751938
"03B7M","03",Pankow,7M,B,"037M",O,"7","82",0,331,0,331,51,15.4078549848943,51,15.4078549848943,105,31.7220543806647,67,20.2416918429003,14,4.22960725075529,13,3.92749244712991,30,9.06344410876133
"03B7N","03",Pankow,7N,B,"037N",O,"7","75",0,623,1,622,95,15.2733118971061,93,14.951768488746,198,31.8327974276527,125,20.096463022508,25,4.01929260450161,20,3.21543408360129,66,10.6109324758842
"03B7P","03",Pankow,7P,B,"037P",O,"7","75",0,575,2,573,86,15.0087260034904,90,15.7068062827225,179,31.239092495637,125,21.8150087260035,22,3.83944153577661,18,3.1413612565445,53,9.24956369982548
"03B7Q","03",Pankow,7Q,B,"037Q",O,"7","75",0,555,1,554,75,13.5379061371841,68,12.2743682310469,219,39.5306859205776,97,17.5090252707581,16,2.88808664259928,32,5.77617328519856,47,8.48375451263538
"03B7R","03",Pankow,7R,B,"037R",O,"7","75",0,316,0,316,41,12.9746835443038,36,11.3924050632911,127,40.1898734177215,58,18.3544303797468,7,2.21518987341772,20,6.32911392405063,27,8.54430379746835
"03B7S","03",Pankow,7S,B,"037S",O,"7","75",0,553,1,552,87,15.7608695652174,82,14.8550724637681,205,37.1376811594203,91,16.4855072463768,22,3.98550724637681,24,4.34782608695652,41,7.42753623188406
"03B7T","03",Pankow,7T,B,"037T",O,"7","75",0,504,1,503,79,15.7057654075547,73,14.5129224652087,183,36.3817097415507,86,17.0974155069582,19,3.77733598409543,21,4.17495029821074,42,8.34990059642147
"03B8A","03",Pankow,8A,B,"038A",O,"8","82",0,496,2,494,87,17.6113360323887,76,15.3846153846154,123,24.8987854251012,102,20.6477732793522,37,7.48987854251012,12,2.42914979757085,57,11.5384615384615
"03B8B","03",Pankow,8B,B,"038B",O,"8","82",0,483,1,482,80,16.597510373444,69,14.3153526970954,155,32.1576763485477,86,17.8423236514523,26,5.39419087136929,22,4.5643153526971,44,9.12863070539419
"03B8C","03",Pankow,8C,B,"038C",O,"8","82",0,311,1,310,46,14.8387096774194,39,12.5806451612903,121,39.0322580645161,43,13.8709677419355,8,2.58064516129032,21,6.7741935483871,32,10.3225806451613
"03B8D","03",Pankow,8D,B,"038D",O,"8","82",0,521,2,519,71,13.6801541425819,68,13.102119460501,209,40.2697495183044,84,16.1849710982659,13,2.50481695568401,32,6.16570327552987,42,8.09248554913295
"03B8E","03",Pankow,8E,B,"038E",O,"8","82",0,597,1,596,80,13.4228187919463,75,12.5838926174497,253,42.4496644295302,91,15.2684563758389,14,2.3489932885906,38,6.3758389261745,45,7.5503355704698
"03B8F","03",Pankow,8F,B,"038F",O,"8","82",0,338,2,336,40,11.9047619047619,41,12.202380952381,138,41.0714285714286,52,15.4761904761905,5,1.48809523809524,23,6.8452380952381,37,11.0119047619048
"03B8G","03",Pankow,8G,B,"038G",O,"8","82",0,624,0,624,94,15.0641025641026,86,13.7820512820513,233,37.3397435897436,109,17.4679487179487,15,2.40384615384615,50,8.01282051282051,37,5.92948717948718
"03B8H","03",Pankow,8H,B,"038H",O,"8","82",0,603,2,600,110,18.3333333333333,92,15.3333333333333,171,28.5,115,19.1666666666667,26,4.33333333333333,48,8,38,6.33333333333333
"03B8J","03",Pankow,8J,B,"038J",O,"8","75",0,577,1,576,70,12.1527777777778,76,13.1944444444444,239,41.4930555555556,84,14.5833333333333,11,1.90972222222222,27,4.6875,69,11.9791666666667
"03B8K","03",Pankow,8K,B,"038K",O,"8","75",0,575,1,574,84,14.6341463414634,78,13.588850174216,216,37.6306620209059,88,15.3310104529617,12,2.09059233449477,28,4.8780487804878,68,11.8466898954704
"03B8L","03",Pankow,8L,B,"038L",O,"8","75",0,527,1,526,79,15.0190114068441,59,11.2167300380228,198,37.6425855513308,84,15.9695817490494,13,2.47148288973384,37,7.03422053231939,56,10.6463878326996
"03B8M","03",Pankow,8M,B,"038M",O,"8","75",0,564,1,563,79,14.0319715808171,69,12.2557726465364,208,36.9449378330373,104,18.4724689165187,15,2.66429840142096,33,5.86145648312611,55,9.76909413854352
"03B8N","03",Pankow,8N,B,"038N",O,"8","75",0,621,2,619,88,14.21647819063,78,12.6009693053312,231,37.3182552504039,116,18.7399030694669,9,1.45395799676898,44,7.10823909531502,53,8.56219709208401
"03B8P","03",Pankow,8P,B,"038P",O,"8","75",0,664,0,664,94,14.1566265060241,83,12.5,238,35.8433734939759,131,19.7289156626506,19,2.86144578313253,46,6.92771084337349,53,7.98192771084337
"03B8Q","03",Pankow,8Q,B,"038Q",O,"8","75",0,362,0,362,64,17.6795580110497,51,14.0883977900552,123,33.9779005524862,60,16.5745856353591,9,2.48618784530387,33,9.11602209944751,22,6.07734806629834
"03B8R","03",Pankow,8R,B,"038R",O,"8","75",0,620,0,620,112,18.0645161290323,80,12.9032258064516,222,35.8064516129032,89,14.3548387096774,18,2.90322580645161,60,9.67741935483871,39,6.29032258064516
"03B8S","03",Pankow,8S,B,"038S",O,"8","75",0,578,0,578,78,13.4948096885813,62,10.7266435986159,234,40.4844290657439,97,16.7820069204152,9,1.55709342560554,47,8.13148788927336,51,8.82352941176471
"03B8T","03",Pankow,8T,B,"038T",O,"8","75",0,308,0,308,50,16.2337662337662,34,11.038961038961,115,37.3376623376623,51,16.5584415584416,8,2.5974025974026,25,8.11688311688312,25,8.11688311688312
"03B9A","03",Pankow,9A,B,"039A",O,"9","75",0,513,1,511,94,18.3953033268102,74,14.4814090019569,135,26.4187866927593,101,19.7651663405088,33,6.45792563600783,9,1.76125244618395,65,12.720156555773
"03B9B","03",Pankow,9B,B,"039B",O,"9","75",0,518,2,515,101,19.6116504854369,74,14.368932038835,137,26.6019417475728,99,19.2233009708738,31,6.01941747572816,15,2.9126213592233,58,11.2621359223301
"03B9C","03",Pankow,9C,B,"039C",O,"9","75",0,443,1,442,97,21.9457013574661,73,16.5158371040724,94,21.2669683257919,82,18.552036199095,33,7.46606334841629,14,3.16742081447964,49,11.0859728506787
"03B9D","03",Pankow,9D,B,"039D",O,"9","75",0,453,0,453,104,22.9580573951435,79,17.439293598234,92,20.3090507726269,86,18.9845474613687,36,7.94701986754967,14,3.09050772626932,42,9.27152317880795
"03B9E","03",Pankow,9E,B,"039E",O,"9","82",0,430,0,430,91,21.1627906976744,123,28.6046511627907,29,6.74418604651163,84,19.5348837209302,38,8.83720930232558,15,3.48837209302326,50,11.6279069767442
"03B9F","03",Pankow,9F,B,"039F",O,"9","82",0,416,1,415,86,20.7228915662651,77,18.5542168674699,59,14.2168674698795,78,18.7951807228916,36,8.67469879518072,23,5.54216867469879,56,13.4939759036145
"03B9G","03",Pankow,9G,B,"039G",O,"9","82",0,448,1,447,106,23.7136465324385,111,24.8322147651007,33,7.38255033557047,89,19.910514541387,49,10.9619686800895,16,3.57941834451902,43,9.61968680089485
"03B9H","03",Pankow,9H,B,"039H",O,"9","82",0,552,1,551,128,23.2304900181488,142,25.7713248638838,44,7.98548094373866,110,19.9637023593466,56,10.1633393829401,18,3.26678765880218,53,9.61887477313975
"03B9J","03",Pankow,9J,B,"039J",O,"9","82",0,452,1,451,97,21.5077605321508,101,22.3946784922395,46,10.19955654102,90,19.9556541019956,47,10.4212860310421,19,4.21286031042129,51,11.3082039911308
"03B9K","03",Pankow,9K,B,"039K",O,"9","82",0,523,1,522,67,12.8352490421456,75,14.367816091954,172,32.9501915708812,101,19.3486590038314,25,4.78927203065134,19,3.63984674329502,63,12.0689655172414
"03B9L","03",Pankow,9L,B,"039L",O,"9","82",0,574,1,573,72,12.565445026178,82,14.3106457242583,203,35.4275741710297,106,18.499127399651,23,4.01396160558464,20,3.49040139616056,67,11.6928446771379
"03B9M","03",Pankow,9M,B,"039M",O,"9","82",0,530,2,528,78,14.7727272727273,62,11.7424242424242,201,38.0681818181818,90,17.0454545454545,16,3.03030303030303,22,4.16666666666667,59,11.1742424242424
"03B9N","03",Pankow,9N,B,"039N",O,"9","82",0,771,2,768,114,14.84375,106,13.8020833333333,297,38.671875,137,17.8385416666667,21,2.734375,34,4.42708333333333,59,7.68229166666667
"03B9P","03",Pankow,9P,B,"039P",O,"9","82",0,536,1,534,83,15.5430711610487,84,15.7303370786517,207,38.7640449438202,84,15.7303370786517,13,2.43445692883895,27,5.0561797752809,36,6.74157303370786
"03B9Q","03",Pankow,9Q,B,"039Q",O,"9","82",0,652,1,650,98,15.0769230769231,98,15.0769230769231,252,38.7692307692308,110,16.9230769230769,16,2.46153846153846,31,4.76923076923077,45,6.92307692307692
"03B9R","03",Pankow,9R,B,"039R",O,"9","82",0,746,1,745,114,15.3020134228188,93,12.4832214765101,248,33.2885906040268,147,19.7315436241611,31,4.16107382550336,35,4.69798657718121,77,10.3355704697987
"03B9S","03",Pankow,9S,B,"039S",O,"9","82",0,348,1,347,71,20.4610951008646,61,17.5792507204611,67,19.3083573487032,62,17.8674351585014,17,4.89913544668588,21,6.05187319884726,48,13.8328530259366
"03B9T","03",Pankow,9T,B,"039T",O,"9","82",0,373,1,372,61,16.3978494623656,60,16.1290322580645,109,29.3010752688172,69,18.5483870967742,19,5.10752688172043,11,2.95698924731183,43,11.5591397849462
"03B9U","03",Pankow,9U,B,"039U",O,"9","82",0,677,0,677,125,18.4638109305761,163,24.0768094534712,197,29.0989660265879,74,10.930576070901,24,3.54505169867061,50,7.38552437223043,44,6.49926144756278
"03W101","03",Pankow,"101",W,"031A",O,"1","75",866,289,2,286,75,26.2237762237762,45,15.7342657342657,29,10.1398601398601,40,13.986013986014,47,16.4335664335664,8,2.7972027972028,42,14.6853146853147
"03W102","03",Pankow,"102",W,"031A",O,"1","75",941,357,3,353,80,22.6628895184136,46,13.0311614730878,78,22.0963172804533,49,13.8810198300283,41,11.614730878187,12,3.39943342776204,47,13.314447592068
"03W103","03",Pankow,"103",W,"031B",O,"1","75",892,312,2,309,76,24.5954692556634,43,13.915857605178,52,16.8284789644013,41,13.2686084142395,42,13.5922330097087,11,3.55987055016181,44,14.2394822006472
"03W104","03",Pankow,"104",W,"031B",O,"1","75",844,284,5,278,72,25.8992805755396,43,15.4676258992806,35,12.589928057554,43,15.4676258992806,44,15.8273381294964,6,2.15827338129496,35,12.589928057554
"03W105","03",Pankow,"105",W,"031C",O,"1","75",885,254,4,250,67,26.8,37,14.8,22,8.8,34,13.6,51,20.4,7,2.8,32,12.8
"03W106","03",Pankow,"106",W,"031C",O,"1","75",871,243,3,240,63,26.25,33,13.75,17,7.08333333333333,29,12.0833333333333,53,22.0833333333333,7,2.91666666666667,38,15.8333333333333
"03W107","03",Pankow,"107",W,"031G",O,"1","75",1072,410,4,406,130,32.0197044334975,49,12.0689655172414,30,7.38916256157635,36,8.86699507389163,89,21.9211822660099,17,4.1871921182266,55,13.5467980295567
"03W108","03",Pankow,"108",W,"031D",O,"1","75",911,378,6,372,101,27.1505376344086,69,18.5483870967742,16,4.3010752688172,63,16.9354838709677,79,21.2365591397849,5,1.34408602150538,39,10.4838709677419
"03W109","03",Pankow,"109",W,"031D",O,"1","75",879,235,3,232,66,28.448275862069,34,14.6551724137931,5,2.1551724137931,28,12.0689655172414,59,25.4310344827586,7,3.01724137931034,33,14.2241379310345
"03W110","03",Pankow,"110",W,"031E",O,"1","75",843,217,2,215,62,28.8372093023256,32,14.8837209302326,6,2.7906976744186,27,12.5581395348837,57,26.5116279069767,6,2.7906976744186,25,11.6279069767442
"03W111","03",Pankow,"111",W,"031E",O,"1","75",746,239,3,236,50,21.1864406779661,42,17.7966101694915,9,3.8135593220339,32,13.5593220338983,70,29.6610169491525,5,2.11864406779661,28,11.864406779661
"03W112","03",Pankow,"112",W,"031E",O,"1","75",888,254,1,253,50,19.7628458498024,34,13.4387351778656,13,5.13833992094862,34,13.4387351778656,83,32.8063241106719,3,1.18577075098814,36,14.2292490118577
"03W113","03",Pankow,"113",W,"031F",O,"1","75",868,310,8,302,58,19.205298013245,46,15.2317880794702,14,4.63576158940397,37,12.2516556291391,91,30.1324503311258,8,2.64900662251656,48,15.8940397350993
"03W114","03",Pankow,"114",W,"031F",O,"1","75",838,311,7,304,67,22.0394736842105,63,20.7236842105263,9,2.96052631578947,41,13.4868421052632,79,25.9868421052632,10,3.28947368421053,35,11.5131578947368
"03W115","03",Pankow,"115",W,"031H",O,"1","75",831,273,7,266,69,25.9398496240602,42,15.7894736842105,22,8.27067669172932,23,8.64661654135338,66,24.812030075188,5,1.8796992481203,39,14.6616541353383
"03W116","03",Pankow,"116",W,"031G",O,"1","75",822,271,2,269,94,34.9442379182156,37,13.7546468401487,30,11.1524163568773,25,9.29368029739777,48,17.8438661710037,12,4.46096654275093,23,8.55018587360595
"03W117","03",Pankow,"117",W,"031H",O,"1","75",873,281,5,276,76,27.536231884058,43,15.5797101449275,25,9.05797101449275,22,7.97101449275362,67,24.2753623188406,9,3.26086956521739,34,12.3188405797101
"03W118","03",Pankow,"118",W,"031J",O,"1","75",817,324,3,321,111,34.5794392523364,37,11.5264797507788,20,6.23052959501558,31,9.65732087227414,86,26.791277258567,7,2.18068535825545,29,9.03426791277258
"03W119","03",Pankow,"119",W,"031K",O,"1","75",815,296,4,292,96,32.8767123287671,45,15.4109589041096,32,10.958904109589,27,9.24657534246575,54,18.4931506849315,13,4.45205479452055,25,8.56164383561644
"03W120","03",Pankow,"120",W,"031K",O,"1","75",803,268,4,264,80,30.3030303030303,39,14.7727272727273,26,9.84848484848485,20,7.57575757575758,59,22.3484848484848,13,4.92424242424242,27,10.2272727272727
"03W121","03",Pankow,"121",W,"031R",O,"1","75",840,340,1,339,120,35.3982300884956,53,15.6342182890855,30,8.84955752212389,30,8.84955752212389,67,19.76401179941,14,4.12979351032448,25,7.37463126843658
"03W122","03",Pankow,"122",W,"031N",O,"1","75",783,310,3,307,112,36.4820846905537,50,16.2866449511401,34,11.0749185667752,34,11.0749185667752,48,15.6351791530945,10,3.25732899022801,19,6.18892508143322
"03W123","03",Pankow,"123",W,"031N",O,"1","75",812,368,3,365,135,36.986301369863,58,15.8904109589041,35,9.58904109589041,40,10.958904109589,56,15.3424657534247,14,3.83561643835616,27,7.3972602739726
"03W124","03",Pankow,"124",W,"031J",O,"1","75",824,308,2,306,112,36.6013071895425,42,13.7254901960784,20,6.5359477124183,31,10.1307189542484,75,24.5098039215686,8,2.61437908496732,18,5.88235294117647
"03W125","03",Pankow,"125",W,"031P",O,"1","75",885,312,2,310,116,37.4193548387097,44,14.1935483870968,32,10.3225806451613,30,9.67741935483871,60,19.3548387096774,12,3.87096774193548,16,5.16129032258065
"03W126","03",Pankow,"126",W,"031L",O,"1","75",828,289,3,286,76,26.5734265734266,42,14.6853146853147,26,9.09090909090909,26,9.09090909090909,71,24.8251748251748,11,3.84615384615385,34,11.8881118881119
"03W127","03",Pankow,"127",W,"031L",O,"1","75",808,288,2,286,100,34.965034965035,47,16.4335664335664,22,7.69230769230769,29,10.1398601398601,63,22.027972027972,8,2.7972027972028,17,5.94405594405594
"03W128","03",Pankow,"128",W,"031S",O,"1","75",986,420,3,417,150,35.9712230215827,64,15.347721822542,28,6.71462829736211,39,9.35251798561151,99,23.7410071942446,7,1.67865707434053,30,7.19424460431655
"03W129","03",Pankow,"129",W,"031R",O,"1","75",826,349,0,349,127,36.3896848137536,59,16.9054441260745,32,9.16905444126074,30,8.59598853868195,65,18.6246418338109,14,4.01146131805158,22,6.30372492836676
"03W130","03",Pankow,"130",W,"031M",O,"1","75",801,275,1,274,84,30.6569343065693,43,15.6934306569343,24,8.75912408759124,26,9.48905109489051,65,23.7226277372263,12,4.37956204379562,20,7.2992700729927
"03W131","03",Pankow,"131",W,"031M",O,"1","75",854,320,1,319,119,37.3040752351097,52,16.3009404388715,23,7.21003134796238,32,10.0313479623824,60,18.8087774294671,16,5.01567398119122,17,5.32915360501567
"03W132","03",Pankow,"132",W,"031P",O,"1","75",813,332,3,329,131,39.8176291793313,49,14.8936170212766,31,9.42249240121581,34,10.3343465045593,64,19.4528875379939,11,3.3434650455927,9,2.73556231003039
"03W133","03",Pankow,"133",W,"031Q",O,"1","75",879,304,3,301,120,39.8671096345515,47,15.6146179401993,24,7.9734219269103,31,10.2990033222591,56,18.6046511627907,8,2.6578073089701,15,4.98338870431894
"03W134","03",Pankow,"134",W,"031T",O,"1","75",860,323,1,322,130,40.3726708074534,42,13.0434782608696,32,9.93788819875776,38,11.8012422360248,55,17.0807453416149,14,4.34782608695652,11,3.41614906832298
"03W135","03",Pankow,"135",W,"031S",O,"1","75",865,340,2,338,131,38.7573964497041,46,13.6094674556213,27,7.98816568047337,33,9.76331360946746,71,21.0059171597633,13,3.84615384615385,17,5.02958579881657
"03W136","03",Pankow,"136",W,"031T",O,"1","75",829,321,1,320,126,39.375,43,13.4375,36,11.25,37,11.5625,50,15.625,13,4.0625,15,4.6875
"03W137","03",Pankow,"137",W,"031Q",O,"1","75",986,355,4,351,144,41.025641025641,49,13.960113960114,28,7.97720797720798,35,9.97150997150997,60,17.0940170940171,9,2.56410256410256,26,7.40740740740741
"03W138","03",Pankow,"138",W,"031U",O,"1","75",855,329,3,326,114,34.9693251533742,54,16.5644171779141,38,11.6564417177914,30,9.20245398773006,60,18.4049079754601,15,4.60122699386503,15,4.60122699386503
"03W139","03",Pankow,"139",W,"031U",O,"1","75",960,420,3,417,154,36.9304556354916,59,14.1486810551559,48,11.5107913669065,37,8.87290167865707,75,17.9856115107914,15,3.59712230215827,29,6.95443645083933
"03W140","03",Pankow,"140",W,"031T",O,"1","75",828,325,3,322,106,32.9192546583851,56,17.3913043478261,42,13.0434782608696,28,8.69565217391304,57,17.7018633540373,14,4.34782608695652,19,5.90062111801242
"03W201","03",Pankow,"201",W,"032A",O,"2","75",633,379,6,373,129,34.5844504021448,44,11.7962466487936,6,1.60857908847185,28,7.50670241286863,115,30.8310991957105,19,5.09383378016086,32,8.57908847184987
"03W202","03",Pankow,"202",W,"032A",O,"2","75",855,408,5,403,143,35.4838709677419,56,13.8957816377171,50,12.4069478908189,34,8.43672456575682,86,21.3399503722084,9,2.23325062034739,25,6.20347394540943
"03W203","03",Pankow,"203",W,"032B",O,"2","75",1025,388,7,380,122,32.1052631578947,62,16.3157894736842,15,3.94736842105263,40,10.5263157894737,72,18.9473684210526,15,3.94736842105263,54,14.2105263157895
"03W204","03",Pankow,"204",W,"032B",O,"2","75",926,336,2,333,98,29.4294294294294,50,15.015015015015,19,5.70570570570571,33,9.90990990990991,73,21.9219219219219,12,3.6036036036036,48,14.4144144144144
"03W205","03",Pankow,"205",W,"032C",O,"2","75",813,318,5,312,94,30.1282051282051,47,15.0641025641026,15,4.80769230769231,33,10.5769230769231,68,21.7948717948718,12,3.84615384615385,43,13.7820512820513
"03W206","03",Pankow,"206",W,"032C",O,"2","75",790,282,5,276,94,34.0579710144928,44,15.9420289855072,16,5.79710144927536,28,10.1449275362319,50,18.1159420289855,13,4.71014492753623,31,11.231884057971
"03W207","03",Pankow,"207",W,"032E",O,"2","75",852,318,4,313,101,32.2683706070287,51,16.2939297124601,30,9.58466453674121,23,7.3482428115016,64,20.4472843450479,11,3.51437699680511,33,10.5431309904153
"03W208","03",Pankow,"208",W,"032D",O,"2","75",779,275,5,269,88,32.7137546468402,42,15.6133828996283,17,6.31970260223048,26,9.66542750929368,54,20.0743494423792,11,4.08921933085502,31,11.5241635687732
"03W209","03",Pankow,"209",W,"032D",O,"2","75",831,271,2,268,83,30.9701492537313,39,14.5522388059702,20,7.46268656716418,23,8.58208955223881,52,19.4029850746269,11,4.1044776119403,40,14.9253731343284
"03W210","03",Pankow,"210",W,"032E",O,"2","75",881,309,3,305,87,28.5245901639344,57,18.6885245901639,27,8.85245901639344,28,9.18032786885246,61,20,11,3.60655737704918,34,11.1475409836066
"03W211","03",Pankow,"211",W,"032F",O,"2","75",782,308,2,305,110,36.0655737704918,44,14.4262295081967,42,13.7704918032787,20,6.55737704918033,41,13.4426229508197,18,5.9016393442623,30,9.83606557377049
"03W212","03",Pankow,"212",W,"032J",O,"2","75",864,348,1,347,99,28.5302593659942,62,17.8674351585014,46,13.2564841498559,42,12.1037463976945,53,15.2737752161383,15,4.32276657060519,30,8.64553314121038
"03W213","03",Pankow,"213",W,"032F",O,"2","75",898,338,4,334,109,32.6347305389222,55,16.4670658682635,34,10.1796407185629,28,8.38323353293413,68,20.3592814371257,11,3.2934131736527,29,8.68263473053892
"03W214","03",Pankow,"214",W,"032G",O,"2","75",781,286,2,284,100,35.2112676056338,45,15.8450704225352,37,13.0281690140845,22,7.74647887323944,43,15.1408450704225,15,5.28169014084507,22,7.74647887323944
"03W215","03",Pankow,"215",W,"032H",O,"2","75",828,303,4,299,82,27.4247491638796,51,17.056856187291,32,10.7023411371237,36,12.0401337792642,55,18.3946488294314,14,4.68227424749164,29,9.69899665551839
"03W216","03",Pankow,"216",W,"032G",O,"2","75",1073,416,3,413,107,25.90799031477,79,19.1283292978208,41,9.9273607748184,54,13.0750605326877,68,16.4648910411622,17,4.11622276029056,47,11.3801452784504
"03W217","03",Pankow,"217",W,"032K",O,"2","75",913,358,5,353,71,20.1133144475921,63,17.8470254957507,63,17.8470254957507,50,14.1643059490085,54,15.2974504249292,13,3.68271954674221,39,11.0481586402266
"03W218","03",Pankow,"218",W,"032J",O,"2","75",911,317,3,314,75,23.8853503184713,58,18.4713375796178,49,15.6050955414013,43,13.6942675159236,50,15.9235668789809,14,4.45859872611465,25,7.96178343949045
"03W219","03",Pankow,"219",W,"032L",O,"2","75",826,328,3,325,97,29.8461538461538,60,18.4615384615385,38,11.6923076923077,39,12,55,16.9230769230769,13,4,23,7.07692307692308
"03W220","03",Pankow,"220",W,"032K",O,"2","75",750,288,3,285,69,24.2105263157895,52,18.2456140350877,46,16.140350877193,39,13.6842105263158,45,15.7894736842105,11,3.85964912280702,23,8.07017543859649
"03W221","03",Pankow,"221",W,"032H",O,"2","75",810,276,2,274,84,30.6569343065693,53,19.3430656934307,26,9.48905109489051,25,9.12408759124088,54,19.7080291970803,11,4.01459854014599,21,7.66423357664234
"03W222","03",Pankow,"222",W,"032N",O,"2","75",572,218,2,216,74,34.2592592592593,43,19.9074074074074,24,11.1111111111111,22,10.1851851851852,24,11.1111111111111,12,5.55555555555556,17,7.87037037037037
"03W223","03",Pankow,"223",W,"032P",O,"2","75",882,315,1,314,57,18.1528662420382,43,13.6942675159236,66,21.0191082802548,61,19.4267515923567,35,11.1464968152866,18,5.73248407643312,34,10.828025477707
"03W224","03",Pankow,"224",W,"032Q",O,"2","75",994,356,5,351,88,25.0712250712251,72,20.5128205128205,47,13.3903133903134,40,11.3960113960114,63,17.9487179487179,16,4.55840455840456,25,7.12250712250712
"03W225","03",Pankow,"225",W,"032P",O,"2","75",962,336,2,334,91,27.2455089820359,60,17.9640718562874,63,18.8622754491018,45,13.4730538922156,35,10.4790419161677,15,4.49101796407186,25,7.48502994011976
"03W226","03",Pankow,"226",W,"032M",O,"2","75",834,302,3,299,89,29.7658862876254,61,20.4013377926421,37,12.3745819397993,40,13.3779264214047,49,16.3879598662207,9,3.01003344481605,14,4.68227424749164
"03W227","03",Pankow,"227",W,"032U",O,"2","75",833,309,4,305,86,28.1967213114754,62,20.327868852459,34,11.1475409836066,43,14.0983606557377,48,15.7377049180328,9,2.95081967213115,23,7.54098360655738
"03W228","03",Pankow,"228",W,"032L",O,"2","75",934,330,2,328,82,25,61,18.5975609756098,47,14.3292682926829,42,12.8048780487805,57,17.3780487804878,12,3.65853658536585,27,8.23170731707317
"03W229","03",Pankow,"229",W,"032S",O,"2","75",922,317,3,314,89,28.343949044586,57,18.1528662420382,52,16.5605095541401,44,14.0127388535032,40,12.7388535031847,11,3.5031847133758,21,6.68789808917197
"03W230","03",Pankow,"230",W,"032R",O,"2","75",862,313,2,311,77,24.7588424437299,50,16.0771704180064,73,23.4726688102894,48,15.4340836012862,33,10.6109324758842,12,3.85852090032154,18,5.78778135048232
"03W231","03",Pankow,"231",W,"032U",O,"2","75",761,277,1,276,68,24.6376811594203,54,19.5652173913043,58,21.0144927536232,31,11.231884057971,30,10.8695652173913,14,5.07246376811594,21,7.60869565217391
"03W232","03",Pankow,"232",W,"032M",O,"2","75",912,329,1,328,72,21.9512195121951,57,17.3780487804878,51,15.5487804878049,39,11.890243902439,57,17.3780487804878,14,4.26829268292683,38,11.5853658536585
"03W233","03",Pankow,"233",W,"032Q",O,"2","75",1025,386,2,384,90,23.4375,58,15.1041666666667,91,23.6979166666667,65,16.9270833333333,42,10.9375,16,4.16666666666667,22,5.72916666666667
"03W234","03",Pankow,"234",W,"032N",O,"2","75",792,280,1,279,88,31.5412186379928,58,20.7885304659498,45,16.1290322580645,31,11.1111111111111,32,11.4695340501792,14,5.01792114695341,11,3.9426523297491
"03W235","03",Pankow,"235",W,"032R",O,"2","75",778,282,2,280,69,24.6428571428571,45,16.0714285714286,66,23.5714285714286,44,15.7142857142857,30,10.7142857142857,11,3.92857142857143,15,5.35714285714286
"03W236","03",Pankow,"236",W,"032T",O,"2","75",931,357,0,357,115,32.2128851540616,76,21.2885154061625,41,11.484593837535,44,12.3249299719888,45,12.6050420168067,18,5.04201680672269,18,5.04201680672269
"03W237","03",Pankow,"237",W,"032T",O,"2","75",880,318,0,318,86,27.0440251572327,55,17.2955974842767,63,19.811320754717,45,14.1509433962264,44,13.8364779874214,13,4.08805031446541,12,3.77358490566038
"03W238","03",Pankow,"238",W,"032S",O,"2","75",1058,416,2,414,94,22.7053140096618,58,14.0096618357488,97,23.4299516908213,61,14.7342995169082,58,14.0096618357488,17,4.10628019323672,29,7.0048309178744
"03W301","03",Pankow,"301",W,"033A",O,"3","75",808,281,3,278,83,29.8561151079137,43,15.4676258992806,25,8.99280575539568,31,11.1510791366906,50,17.9856115107914,13,4.67625899280576,33,11.8705035971223
"03W302","03",Pankow,"302",W,"033A",O,"3","75",861,325,2,323,93,28.7925696594427,58,17.9566563467492,39,12.0743034055728,32,9.90712074303406,48,14.8606811145511,12,3.71517027863777,41,12.6934984520124
"03W303","03",Pankow,"303",W,"033C",O,"3","75",718,274,1,273,73,26.7399267399267,48,17.5824175824176,30,10.989010989011,31,11.3553113553114,45,16.4835164835165,10,3.66300366300366,36,13.1868131868132
"03W304","03",Pankow,"304",W,"033B",O,"3","75",763,222,2,220,57,25.9090909090909,35,15.9090909090909,11,5,27,12.2727272727273,46,20.9090909090909,8,3.63636363636364,36,16.3636363636364
"03W305","03",Pankow,"305",W,"033D",O,"3","75",839,336,3,333,76,22.8228228228228,50,15.015015015015,54,16.2162162162162,52,15.6156156156156,47,14.1141141141141,9,2.7027027027027,45,13.5135135135135
"03W306","03",Pankow,"306",W,"033B",O,"3","75",717,204,2,202,47,23.2673267326733,32,15.8415841584158,6,2.97029702970297,25,12.3762376237624,44,21.7821782178218,7,3.46534653465347,41,20.2970297029703
"03W307","03",Pankow,"307",W,"033C",O,"3","75",819,315,4,310,70,22.5806451612903,45,14.5161290322581,27,8.70967741935484,47,15.1612903225806,66,21.2903225806452,9,2.90322580645161,46,14.8387096774194
"03W308","03",Pankow,"308",W,"033E",O,"3","75",1044,427,7,419,111,26.491646778043,90,21.4797136038186,40,9.54653937947494,52,12.4105011933174,65,15.5131264916468,12,2.86396181384248,49,11.6945107398568
"03W309","03",Pankow,"309",W,"033D",O,"3","75",838,317,2,314,76,24.203821656051,51,16.2420382165605,55,17.515923566879,47,14.968152866242,42,13.3757961783439,9,2.86624203821656,34,10.828025477707
"03W310","03",Pankow,"310",W,"033E",O,"3","75",742,292,4,287,68,23.6933797909408,49,17.0731707317073,24,8.36236933797909,41,14.2857142857143,57,19.8606271777003,8,2.78745644599303,40,13.9372822299652
"03W311","03",Pankow,"311",W,"033F",O,"3","75",967,335,3,331,71,21.4501510574018,52,15.7099697885196,56,16.9184290030211,54,16.3141993957704,47,14.1993957703927,8,2.41691842900302,43,12.9909365558912
"03W312","03",Pankow,"312",W,"033F",O,"3","75",957,310,5,304,79,25.9868421052632,43,14.1447368421053,19,6.25,37,12.1710526315789,68,22.3684210526316,7,2.30263157894737,51,16.7763157894737
"03W313","03",Pankow,"313",W,"033H",O,"3","75",802,294,2,292,72,24.6575342465753,55,18.8356164383562,54,18.4931506849315,36,12.3287671232877,32,10.958904109589,12,4.10958904109589,31,10.6164383561644
"03W314","03",Pankow,"314",W,"033H",O,"3","75",805,296,2,294,72,24.4897959183673,55,18.7074829931973,56,19.047619047619,37,12.5850340136054,30,10.2040816326531,13,4.42176870748299,31,10.5442176870748
"03W315","03",Pankow,"315",W,"033J",O,"3","75",889,316,3,313,56,17.8913738019169,51,16.2939297124601,71,22.6837060702875,58,18.5303514376997,30,9.58466453674121,9,2.87539936102236,38,12.1405750798722
"03W316","03",Pankow,"316",W,"033M",O,"3","75",927,371,2,369,84,22.7642276422764,65,17.6151761517615,83,22.4932249322493,49,13.2791327913279,20,5.42005420054201,20,5.42005420054201,48,13.0081300813008
"03W317","03",Pankow,"317",W,"033G",O,"3","75",1000,428,4,424,82,19.3396226415094,73,17.2169811320755,72,16.9811320754717,73,17.2169811320755,55,12.9716981132075,9,2.12264150943396,60,14.1509433962264
"03W318","03",Pankow,"318",W,"033G",O,"3","75",760,298,4,294,59,20.0680272108844,53,18.0272108843537,45,15.3061224489796,58,19.7278911564626,39,13.265306122449,8,2.72108843537415,32,10.8843537414966
"03W319","03",Pankow,"319",W,"033L",O,"3","75",707,284,2,282,47,16.6666666666667,46,16.3120567375887,66,23.4042553191489,51,18.0851063829787,29,10.2836879432624,8,2.83687943262411,35,12.4113475177305
"03W320","03",Pankow,"320",W,"033K",O,"3","75",895,316,4,312,68,21.7948717948718,49,15.7051282051282,53,16.9871794871795,47,15.0641025641026,53,16.9871794871795,10,3.2051282051282,32,10.2564102564103
"03W321","03",Pankow,"321",W,"033L",O,"3","75",770,299,3,296,54,18.2432432432432,52,17.5675675675676,65,21.9594594594595,58,19.5945945945946,32,10.8108108108108,8,2.7027027027027,27,9.12162162162162
"03W322","03",Pankow,"322",W,"033M",O,"3","75",841,317,2,315,67,21.2698412698413,57,18.0952380952381,76,24.1269841269841,50,15.8730158730159,24,7.61904761904762,17,5.3968253968254,24,7.61904761904762
"03W323","03",Pankow,"323",W,"033K",O,"3","75",840,324,4,320,61,19.0625,51,15.9375,70,21.875,52,16.25,44,13.75,12,3.75,30,9.375
"03W324","03",Pankow,"324",W,"033N",O,"3","75",843,320,3,317,62,19.5583596214511,57,17.981072555205,78,24.6056782334385,54,17.0347003154574,30,9.46372239747634,16,5.04731861198738,20,6.30914826498423
"03W325","03",Pankow,"325",W,"033J",O,"3","75",789,272,2,270,46,17.037037037037,44,16.2962962962963,78,28.8888888888889,53,19.6296296296296,21,7.77777777777778,7,2.59259259259259,21,7.77777777777778
"03W326","03",Pankow,"326",W,"033S",O,"3","75",723,226,2,224,36,16.0714285714286,36,16.0714285714286,75,33.4821428571429,47,20.9821428571429,12,5.35714285714286,7,3.125,11,4.91071428571429
"03W327","03",Pankow,"327",W,"033N",O,"3","75",754,323,0,323,50,15.4798761609907,52,16.0990712074303,101,31.2693498452012,72,22.2910216718266,22,6.81114551083591,8,2.47678018575851,18,5.57275541795666
"03W328","03",Pankow,"328",W,"033P",O,"3","75",881,351,0,351,56,15.954415954416,54,15.3846153846154,105,29.9145299145299,70,19.9430199430199,27,7.69230769230769,9,2.56410256410256,30,8.54700854700855
"03W329","03",Pankow,"329",W,"033P",O,"3","75",773,358,1,357,54,15.1260504201681,58,16.2464985994398,108,30.2521008403361,84,23.5294117647059,24,6.72268907563025,8,2.24089635854342,21,5.88235294117647
"03W330","03",Pankow,"330",W,"033Q",O,"3","75",788,307,1,306,53,17.3202614379085,51,16.6666666666667,74,24.1830065359477,57,18.6274509803922,32,10.4575163398693,9,2.94117647058824,30,9.80392156862745
"03W331","03",Pankow,"331",W,"033Q",O,"3","75",843,351,1,350,56,16,52,14.8571428571429,97,27.7142857142857,70,20,28,8,9,2.57142857142857,38,10.8571428571429
"03W332","03",Pankow,"332",W,"033S",O,"3","75",894,246,2,244,41,16.8032786885246,39,15.9836065573771,84,34.4262295081967,45,18.4426229508197,12,4.91803278688525,9,3.68852459016393,14,5.73770491803279
"03W333","03",Pankow,"333",W,"033R",O,"3","75",833,334,5,329,61,18.5410334346505,50,15.1975683890577,98,29.7872340425532,65,19.7568389057751,20,6.0790273556231,10,3.03951367781155,25,7.59878419452887
"03W334","03",Pankow,"334",W,"033T",O,"3","75",821,355,3,352,40,11.3636363636364,51,14.4886363636364,110,31.25,80,22.7272727272727,27,7.67045454545455,8,2.27272727272727,36,10.2272727272727
"03W335","03",Pankow,"335",W,"033T",O,"3","75",851,328,1,327,50,15.2905198776758,53,16.2079510703364,109,33.3333333333333,60,18.348623853211,18,5.5045871559633,11,3.36391437308868,26,7.95107033639144
"03W336","03",Pankow,"336",W,"033U",O,"3","75",596,214,0,214,38,17.7570093457944,36,16.8224299065421,76,35.5140186915888,31,14.4859813084112,9,4.20560747663551,9,4.20560747663551,15,7.00934579439252
"03W337","03",Pankow,"337",W,"033V",O,"3","75",767,271,0,271,42,15.4981549815498,41,15.1291512915129,99,36.5313653136531,45,16.6051660516605,18,6.64206642066421,7,2.5830258302583,19,7.01107011070111
"03W338","03",Pankow,"338",W,"033V",O,"3","75",974,375,2,373,55,14.745308310992,64,17.1581769436997,110,29.4906166219839,78,20.911528150134,34,9.11528150134048,8,2.14477211796247,24,6.4343163538874
"03W339","03",Pankow,"339",W,"033R",O,"3","75",736,284,3,281,49,17.4377224199288,45,16.0142348754448,86,30.6049822064057,58,20.6405693950178,20,7.11743772241993,7,2.49110320284698,16,5.69395017793594
"03W340","03",Pankow,"340",W,"033U",O,"3","75",858,315,1,314,47,14.968152866242,45,14.3312101910828,112,35.6687898089172,52,16.5605095541401,23,7.32484076433121,8,2.54777070063694,27,8.59872611464968
"03W401","03",Pankow,"401",W,"034A",O,"4","75",883,389,3,386,142,36.7875647668394,57,14.7668393782383,40,10.3626943005181,38,9.84455958549223,56,14.5077720207254,10,2.59067357512953,43,11.139896373057
"03W402","03",Pankow,"402",W,"034A",O,"4","75",759,320,4,316,117,37.0253164556962,44,13.9240506329114,29,9.17721518987342,30,9.49367088607595,51,16.1392405063291,11,3.48101265822785,34,10.7594936708861
"03W403","03",Pankow,"403",W,"034B",O,"4","75",879,337,4,333,114,34.2342342342342,50,15.015015015015,21,6.30630630630631,33,9.90990990990991,67,20.1201201201201,14,4.2042042042042,34,10.2102102102102
"03W404","03",Pankow,"404",W,"034C",O,"4","75",768,295,3,292,111,38.013698630137,42,14.3835616438356,21,7.19178082191781,23,7.87671232876712,52,17.8082191780822,9,3.08219178082192,34,11.6438356164384
"03W405","03",Pankow,"405",W,"034C",O,"4","75",845,320,4,316,120,37.9746835443038,45,14.2405063291139,21,6.64556962025316,24,7.59493670886076,58,18.3544303797468,10,3.16455696202532,38,12.0253164556962
"03W406","03",Pankow,"406",W,"034B",O,"4","75",790,326,6,320,118,36.875,43,13.4375,24,7.5,29,9.0625,55,17.1875,15,4.6875,36,11.25
"03W407","03",Pankow,"407",W,"034D",O,"4","75",800,305,4,301,99,32.890365448505,47,15.6146179401993,17,5.64784053156146,29,9.63455149501661,63,20.9302325581395,12,3.98671096345515,34,11.2956810631229
"03W408","03",Pankow,"408",W,"034D",O,"4","75",1072,378,3,375,134,35.7333333333333,38,10.1333333333333,33,8.8,36,9.6,82,21.8666666666667,14,3.73333333333333,38,10.1333333333333
"03W409","03",Pankow,"409",W,"034E",O,"4","75",887,351,1,350,124,35.4285714285714,42,12,24,6.85714285714286,29,8.28571428571428,70,20,13,3.71428571428571,48,13.7142857142857
"03W410","03",Pankow,"410",W,"034F",O,"4","75",828,282,2,280,82,29.2857142857143,38,13.5714285714286,31,11.0714285714286,32,11.4285714285714,54,19.2857142857143,8,2.85714285714286,35,12.5
"03W411","03",Pankow,"411",W,"034L",O,"4","75",972,362,4,357,88,24.6498599439776,58,16.2464985994398,40,11.2044817927171,62,17.3669467787115,55,15.406162464986,6,1.68067226890756,48,13.4453781512605
"03W412","03",Pankow,"412",W,"034E",O,"4","75",850,320,1,318,115,36.1635220125786,41,12.8930817610063,24,7.54716981132075,28,8.80503144654088,64,20.125786163522,12,3.77358490566038,34,10.6918238993711
"03W413","03",Pankow,"413",W,"034F",O,"4","75",780,271,4,267,65,24.3445692883895,48,17.9775280898876,33,12.3595505617978,45,16.8539325842697,44,16.4794007490637,7,2.62172284644195,25,9.36329588014981
"03W414","03",Pankow,"414",W,"034L",O,"4","75",808,283,4,279,69,24.7311827956989,49,17.5627240143369,34,12.1863799283154,49,17.5627240143369,46,16.4874551971326,7,2.5089605734767,25,8.96057347670251
"03W415","03",Pankow,"415",W,"034M",O,"4","75",829,309,3,306,91,29.7385620915033,58,18.9542483660131,45,14.7058823529412,44,14.3790849673203,40,13.0718954248366,7,2.28758169934641,21,6.86274509803922
"03W416","03",Pankow,"416",W,"034N",O,"4","75",765,266,3,263,60,22.8136882129278,52,19.7718631178707,28,10.6463878326996,46,17.4904942965779,49,18.6311787072243,5,1.90114068441065,23,8.74524714828897
"03W417","03",Pankow,"417",W,"034J",O,"4","75",948,330,6,324,109,33.641975308642,56,17.2839506172839,34,10.4938271604938,33,10.1851851851852,53,16.358024691358,7,2.16049382716049,32,9.87654320987654
"03W418","03",Pankow,"418",W,"034H",O,"4","75",854,288,4,284,86,30.2816901408451,63,22.1830985915493,24,8.45070422535211,32,11.2676056338028,50,17.6056338028169,6,2.11267605633803,23,8.09859154929578
"03W419","03",Pankow,"419",W,"034M",O,"4","75",795,311,2,309,96,31.0679611650485,58,18.7702265372168,47,15.210355987055,42,13.5922330097087,36,11.6504854368932,7,2.26537216828479,23,7.44336569579288
"03W420","03",Pankow,"420",W,"034G",O,"4","75",929,305,4,301,68,22.5913621262458,53,17.6079734219269,42,13.953488372093,42,13.953488372093,48,15.9468438538206,6,1.99335548172757,42,13.953488372093
"03W421","03",Pankow,"421",W,"034N",O,"4","75",874,313,3,310,68,21.9354838709677,63,20.3225806451613,26,8.38709677419355,54,17.4193548387097,61,19.6774193548387,4,1.29032258064516,34,10.9677419354839
"03W422","03",Pankow,"422",W,"034H",O,"4","75",887,267,3,264,59,22.3484848484848,51,19.3181818181818,35,13.2575757575758,43,16.2878787878788,49,18.5606060606061,5,1.89393939393939,22,8.33333333333333
"03W423","03",Pankow,"423",W,"034G",O,"4","75",956,321,7,314,44,14.0127388535032,40,12.7388535031847,59,18.7898089171975,65,20.7006369426752,51,16.2420382165605,10,3.18471337579618,45,14.3312101910828
"03W424","03",Pankow,"424",W,"034K",O,"4","75",929,276,3,273,72,26.3736263736264,61,22.3443223443223,27,9.89010989010989,36,13.1868131868132,54,19.7802197802198,4,1.46520146520147,19,6.95970695970696
"03W425","03",Pankow,"425",W,"034J",O,"4","75",824,279,2,277,74,26.7148014440433,55,19.85559566787,16,5.77617328519856,40,14.4404332129964,59,21.2996389891697,6,2.16606498194946,27,9.74729241877256
"03W426","03",Pankow,"426",W,"034Q",O,"4","75",822,294,0,294,64,21.7687074829932,51,17.3469387755102,71,24.1496598639456,49,16.6666666666667,31,10.5442176870748,11,3.74149659863946,17,5.78231292517007
"03W427","03",Pankow,"427",W,"034P",O,"4","75",691,241,1,240,44,18.3333333333333,37,15.4166666666667,50,20.8333333333333,52,21.6666666666667,27,11.25,10,4.16666666666667,20,8.33333333333333
"03W428","03",Pankow,"428",W,"034P",O,"4","75",844,292,1,291,53,18.213058419244,45,15.4639175257732,60,20.6185567010309,64,21.9931271477663,33,11.340206185567,12,4.12371134020619,24,8.24742268041237
"03W429","03",Pankow,"429",W,"034K",O,"4","75",896,310,4,306,73,23.8562091503268,85,27.7777777777778,18,5.88235294117647,39,12.7450980392157,55,17.9738562091503,9,2.94117647058824,27,8.82352941176471
"03W430","03",Pankow,"430",W,"034Q",O,"4","75",891,345,1,344,72,20.9302325581395,57,16.5697674418605,89,25.8720930232558,58,16.8604651162791,30,8.72093023255814,14,4.06976744186047,24,6.97674418604651
"03W431","03",Pankow,"431",W,"034R",O,"4","75",995,352,3,349,96,27.5071633237822,82,23.4957020057307,27,7.73638968481375,49,14.0401146131805,56,16.0458452722063,11,3.15186246418338,28,8.02292263610315
"03W432","03",Pankow,"432",W,"034S",O,"4","75",1041,355,4,351,87,24.7863247863248,64,18.2336182336182,15,4.27350427350427,49,13.960113960114,83,23.6467236467236,7,1.99430199430199,46,13.1054131054131
"03W433","03",Pankow,"433",W,"034R",O,"4","75",809,300,2,298,87,29.1946308724832,62,20.8053691275168,26,8.7248322147651,43,14.4295302013423,43,14.4295302013423,10,3.35570469798658,27,9.06040268456376
"03W501","03",Pankow,"501",W,"035A",O,"5","75",833,352,2,349,99,28.3667621776504,52,14.8997134670487,23,6.59025787965616,36,10.3151862464183,79,22.6361031518625,13,3.72492836676218,47,13.4670487106017
"03W502","03",Pankow,"502",W,"035B",O,"5","75",654,277,2,274,78,28.4671532846715,41,14.963503649635,18,6.56934306569343,28,10.2189781021898,62,22.6277372262774,10,3.64963503649635,37,13.5036496350365
"03W503","03",Pankow,"503",W,"035C",O,"5","75",758,275,5,269,57,21.1895910780669,39,14.4981412639405,35,13.0111524163569,39,14.4981412639405,40,14.8698884758364,6,2.23048327137546,53,19.7026022304833
"03W504","03",Pankow,"504",W,"035B",O,"5","75",778,306,4,301,88,29.2358803986711,51,16.9435215946844,34,11.2956810631229,31,10.2990033222591,43,14.2857142857143,13,4.31893687707641,41,13.6212624584718
"03W505","03",Pankow,"505",W,"035A",O,"5","75",837,330,3,326,97,29.7546012269939,58,17.7914110429448,31,9.50920245398773,35,10.7361963190184,54,16.5644171779141,13,3.98773006134969,38,11.6564417177914
"03W506","03",Pankow,"506",W,"035C",O,"5","75",896,321,5,315,64,20.3174603174603,49,15.5555555555556,44,13.968253968254,51,16.1904761904762,50,15.8730158730159,7,2.22222222222222,50,15.8730158730159
"03W507","03",Pankow,"507",W,"035D",O,"5","75",948,432,4,427,86,20.1405152224824,76,17.7985948477752,55,12.8805620608899,76,17.7985948477752,64,14.9882903981265,17,3.98126463700234,53,12.4121779859485
"03W508","03",Pankow,"508",W,"035D",O,"5","75",780,315,4,310,47,15.1612903225806,49,15.8064516129032,46,14.8387096774194,56,18.0645161290323,52,16.7741935483871,5,1.61290322580645,55,17.741935483871
"03W509","03",Pankow,"509",W,"035E",O,"5","75",874,341,5,335,97,28.955223880597,53,15.8208955223881,42,12.5373134328358,34,10.1492537313433,48,14.3283582089552,13,3.88059701492537,48,14.3283582089552
"03W510","03",Pankow,"510",W,"035F",O,"5","75",942,355,3,351,58,16.5242165242165,48,13.6752136752137,73,20.7977207977208,87,24.7863247863248,29,8.26210826210826,6,1.70940170940171,50,14.2450142450142
"03W511","03",Pankow,"511",W,"035F",O,"5","75",834,335,2,332,63,18.9759036144578,57,17.1686746987952,58,17.4698795180723,70,21.0843373493976,40,12.0481927710843,9,2.71084337349398,35,10.5421686746988
"03W512","03",Pankow,"512",W,"035E",O,"5","75",827,338,4,333,97,29.1291291291291,62,18.6186186186186,32,9.60960960960961,37,11.1111111111111,49,14.7147147147147,15,4.5045045045045,41,12.3123123123123
"03W513","03",Pankow,"513",W,"035G",O,"5","75",889,305,3,301,52,17.2757475083056,54,17.9401993355482,52,17.2757475083056,60,19.9335548172757,44,14.6179401993355,4,1.32890365448505,35,11.6279069767442
"03W514","03",Pankow,"514",W,"035K",O,"5","75",865,323,2,320,51,15.9375,57,17.8125,81,25.3125,60,18.75,28,8.75,7,2.1875,36,11.25
"03W515","03",Pankow,"515",W,"035G",O,"5","75",981,401,3,397,62,15.6171284634761,72,18.1360201511335,100,25.1889168765743,81,20.4030226700252,30,7.55667506297229,6,1.51133501259446,46,11.5869017632242
"03W516","03",Pankow,"516",W,"035L",O,"5","75",904,389,3,386,58,15.0259067357513,67,17.3575129533679,93,24.0932642487047,75,19.4300518134715,34,8.80829015544041,9,2.33160621761658,50,12.9533678756477
"03W517","03",Pankow,"517",W,"035H",O,"5","75",841,251,5,246,49,19.9186991869919,45,18.2926829268293,31,12.6016260162602,47,19.1056910569106,39,15.8536585365854,4,1.6260162601626,31,12.6016260162602
"03W518","03",Pankow,"518",W,"035K",O,"5","75",897,288,3,285,49,17.1929824561404,52,18.2456140350877,76,26.6666666666667,50,17.5438596491228,27,9.47368421052632,7,2.45614035087719,24,8.42105263157895
"03W519","03",Pankow,"519",W,"035P",O,"5","75",720,235,4,231,50,21.6450216450216,42,18.1818181818182,35,15.1515151515152,49,21.2121212121212,30,12.987012987013,5,2.16450216450216,20,8.65800865800866
"03W520","03",Pankow,"520",W,"035L",O,"5","75",926,334,3,331,72,21.7522658610272,69,20.8459214501511,58,17.5226586102719,61,18.429003021148,39,11.7824773413897,5,1.51057401812689,27,8.1570996978852
"03W521","03",Pankow,"521",W,"035J",O,"5","75",821,242,4,238,52,21.8487394957983,44,18.4873949579832,32,13.4453781512605,44,18.4873949579832,42,17.6470588235294,4,1.68067226890756,20,8.40336134453782
"03W522","03",Pankow,"522",W,"035J",O,"5","75",1015,329,5,324,72,22.2222222222222,57,17.5925925925926,42,12.962962962963,54,16.6666666666667,57,17.5925925925926,8,2.46913580246914,34,10.4938271604938
"03W523","03",Pankow,"523",W,"035M",O,"5","75",884,309,2,307,64,20.8469055374593,58,18.8925081433225,33,10.7491856677524,63,20.5211726384365,46,14.9837133550489,6,1.95439739413681,37,12.0521172638436
"03W524","03",Pankow,"524",W,"035M",O,"5","75",811,293,3,290,65,22.4137931034483,62,21.3793103448276,54,18.6206896551724,52,17.9310344827586,32,11.0344827586207,5,1.72413793103448,20,6.89655172413793
"03W525","03",Pankow,"525",W,"035N",O,"5","75",1065,364,2,362,51,14.0883977900552,72,19.8895027624309,80,22.0994475138122,64,17.6795580110497,41,11.3259668508287,8,2.20994475138122,46,12.707182320442
"03W526","03",Pankow,"526",W,"035N",O,"5","75",809,276,2,274,55,20.0729927007299,58,21.1678832116788,59,21.5328467153285,51,18.6131386861314,29,10.5839416058394,5,1.82481751824817,17,6.2043795620438
"03W527","03",Pankow,"527",W,"035P",O,"5","75",864,285,3,282,61,21.6312056737589,46,16.3120567375887,44,15.6028368794326,64,22.6950354609929,36,12.7659574468085,6,2.12765957446809,25,8.86524822695035
"03W528","03",Pankow,"528",W,"035Q",O,"5","75",984,377,1,376,48,12.7659574468085,65,17.2872340425532,138,36.7021276595745,63,16.7553191489362,22,5.85106382978723,11,2.92553191489362,29,7.71276595744681
"03W529","03",Pankow,"529",W,"035Q",O,"5","75",971,342,0,342,48,14.0350877192982,58,16.9590643274854,120,35.0877192982456,62,18.1286549707602,24,7.01754385964912,10,2.92397660818713,20,5.84795321637427
"03W530","03",Pankow,"530",W,"035H",O,"5","75",1068,367,9,358,77,21.5083798882682,70,19.5530726256983,50,13.9664804469274,68,18.9944134078212,50,13.9664804469274,11,3.07262569832402,32,8.93854748603352
"03W531","03",Pankow,"531",W,"035S",O,"5","75",998,287,3,284,48,16.9014084507042,45,15.8450704225352,65,22.887323943662,51,17.9577464788732,39,13.7323943661972,14,4.92957746478873,22,7.74647887323944
"03W532","03",Pankow,"532",W,"035R",O,"5","75",945,320,0,320,42,13.125,40,12.5,90,28.125,70,21.875,35,10.9375,12,3.75,31,9.6875
"03W533","03",Pankow,"533",W,"035R",O,"5","75",885,271,3,268,59,22.0149253731343,45,16.7910447761194,67,25,47,17.5373134328358,24,8.95522388059701,8,2.98507462686567,18,6.71641791044776
"03W534","03",Pankow,"534",W,"035S",O,"5","75",1070,306,3,303,57,18.8118811881188,49,16.1716171617162,73,24.0924092409241,55,18.1518151815182,37,12.2112211221122,13,4.29042904290429,19,6.27062706270627
"03W601","03",Pankow,"601",W,"036A",O,"6","75",876,340,5,335,38,11.3432835820896,46,13.7313432835821,108,32.2388059701493,55,16.4179104477612,21,6.26865671641791,11,3.28358208955224,56,16.7164179104478
"03W602","03",Pankow,"602",W,"036A",O,"6","75",740,234,2,232,28,12.0689655172414,32,13.7931034482759,63,27.1551724137931,44,18.9655172413793,14,6.03448275862069,8,3.44827586206897,43,18.5344827586207
"03W603","03",Pankow,"603",W,"036B",O,"6","75",948,300,3,297,36,12.1212121212121,43,14.4781144781145,87,29.2929292929293,57,19.1919191919192,18,6.06060606060606,10,3.36700336700337,46,15.4882154882155
"03W604","03",Pankow,"604",W,"036C",O,"6","75",995,438,3,435,50,11.4942528735632,64,14.7126436781609,137,31.4942528735632,90,20.6896551724138,18,4.13793103448276,20,4.59770114942529,56,12.8735632183908
"03W605","03",Pankow,"605",W,"036C",O,"6","75",757,347,3,344,42,12.2093023255814,47,13.6627906976744,111,32.2674418604651,73,21.2209302325581,19,5.52325581395349,10,2.90697674418605,42,12.2093023255814
"03W606","03",Pankow,"606",W,"036B",O,"6","75",788,271,2,269,25,9.29368029739777,41,15.2416356877323,86,31.9702602230483,51,18.9591078066914,14,5.20446096654275,9,3.3457249070632,43,15.9851301115242
"03W607","03",Pankow,"607",W,"036D",O,"6","75",939,303,1,302,35,11.5894039735099,32,10.5960264900662,102,33.7748344370861,67,22.1854304635762,15,4.96688741721854,8,2.64900662251656,43,14.2384105960265
"03W608","03",Pankow,"608",W,"036D",O,"6","75",759,330,3,327,40,12.2324159021407,47,14.3730886850153,108,33.0275229357798,72,22.0183486238532,15,4.58715596330275,12,3.6697247706422,33,10.0917431192661
"03W609","03",Pankow,"609",W,"036E",O,"6","75",710,242,2,240,22,9.16666666666667,37,15.4166666666667,78,32.5,47,19.5833333333333,13,5.41666666666667,7,2.91666666666667,36,15
"03W610","03",Pankow,"610",W,"036F",O,"6","75",1012,392,3,388,36,9.27835051546392,48,12.3711340206186,143,36.8556701030928,78,20.1030927835052,21,5.41237113402062,15,3.8659793814433,47,12.1134020618557
"03W611","03",Pankow,"611",W,"036G",O,"6","75",916,375,2,372,49,13.1720430107527,53,14.247311827957,133,35.752688172043,66,17.741935483871,17,4.56989247311828,14,3.76344086021505,40,10.752688172043
"03W612","03",Pankow,"612",W,"036G",O,"6","75",799,326,1,324,31,9.5679012345679,39,12.037037037037,136,41.9753086419753,64,19.7530864197531,11,3.39506172839506,9,2.77777777777778,34,10.4938271604938
"03W613","03",Pankow,"613",W,"036E",O,"6","75",766,320,2,317,52,16.403785488959,49,15.4574132492114,107,33.7539432176656,53,16.7192429022082,13,4.10094637223975,11,3.47003154574132,32,10.0946372239748
"03W614","03",Pankow,"614",W,"036W",O,"6","75",1010,360,2,357,47,13.1652661064426,40,11.2044817927171,117,32.7731092436975,83,23.249299719888,16,4.48179271708683,16,4.48179271708683,38,10.6442577030812
"03W615","03",Pankow,"615",W,"036L",O,"6","75",919,382,3,378,51,13.4920634920635,53,14.021164021164,109,28.8359788359788,99,26.1904761904762,20,5.29100529100529,20,5.29100529100529,26,6.87830687830688
"03W616","03",Pankow,"616",W,"036J",O,"6","75",779,300,1,298,37,12.4161073825503,41,13.758389261745,132,44.2953020134228,54,18.1208053691275,6,2.01342281879195,8,2.68456375838926,20,6.71140939597315
"03W617","03",Pankow,"617",W,"036L",O,"6","75",726,270,2,267,39,14.6067415730337,37,13.8576779026217,95,35.5805243445693,55,20.5992509363296,13,4.8689138576779,14,5.2434456928839,14,5.2434456928839
"03W618","03",Pankow,"618",W,"036K",O,"6","75",1069,392,0,391,29,7.41687979539642,43,10.997442455243,179,45.7800511508951,90,23.0179028132992,7,1.79028132992327,15,3.83631713554987,28,7.16112531969309
"03W619","03",Pankow,"619",W,"036H",O,"6","75",831,350,1,348,39,11.2068965517241,45,12.9310344827586,142,40.8045977011494,65,18.6781609195402,15,4.31034482758621,9,2.58620689655172,33,9.48275862068965
"03W620","03",Pankow,"620",W,"036H",O,"6","75",798,306,0,305,38,12.4590163934426,42,13.7704918032787,135,44.2622950819672,56,18.3606557377049,6,1.9672131147541,8,2.62295081967213,20,6.55737704918033
"03W621","03",Pankow,"621",W,"036N",O,"6","75",857,317,0,316,40,12.6582278481013,44,13.9240506329114,126,39.873417721519,61,19.3037974683544,9,2.84810126582278,13,4.11392405063291,23,7.27848101265823
"03W622","03",Pankow,"622",W,"036M",O,"6","75",986,367,1,366,49,13.3879781420765,49,13.3879781420765,135,36.8852459016393,72,19.672131147541,15,4.0983606557377,19,5.19125683060109,27,7.37704918032787
"03W623","03",Pankow,"623",W,"036J",O,"6","75",932,395,2,393,42,10.6870229007634,54,13.7404580152672,146,37.1501272264631,83,21.1195928753181,20,5.08905852417303,21,5.34351145038168,27,6.87022900763359
"03W624","03",Pankow,"624",W,"036N",O,"6","75",976,378,0,378,39,10.3174603174603,54,14.2857142857143,152,40.2116402116402,77,20.3703703703704,12,3.17460317460317,14,3.7037037037037,30,7.93650793650794
"03W625","03",Pankow,"625",W,"036M",O,"6","75",737,295,2,293,29,9.89761092150171,36,12.2866894197952,108,36.8600682593857,73,24.9146757679181,9,3.07167235494881,12,4.09556313993174,26,8.87372013651877
"03W626","03",Pankow,"626",W,"036P",O,"6","75",776,328,2,326,30,9.20245398773006,43,13.1901840490798,110,33.7423312883436,83,25.4601226993865,9,2.76073619631902,21,6.44171779141104,30,9.20245398773006
"03W627","03",Pankow,"627",W,"036P",O,"6","75",786,301,1,300,29,9.66666666666667,40,13.3333333333333,95,31.6666666666667,73,24.3333333333333,15,5,15,5,33,11
"03W628","03",Pankow,"628",W,"036Q",O,"6","75",946,353,0,353,31,8.78186968838527,46,13.0311614730878,127,35.9773371104816,88,24.929178470255,9,2.54957507082153,14,3.96600566572238,38,10.7648725212465
"03W629","03",Pankow,"629",W,"036V",O,"6","75",1057,347,0,347,43,12.3919308357349,44,12.6801152737752,115,33.1412103746398,82,23.6311239193084,17,4.89913544668588,17,4.89913544668588,29,8.35734870317003
"03W630","03",Pankow,"630",W,"036U",O,"6","75",845,279,1,278,30,10.7913669064748,38,13.6690647482014,93,33.4532374100719,66,23.7410071942446,14,5.03597122302158,14,5.03597122302158,23,8.27338129496403
"03W631","03",Pankow,"631",W,"036R",O,"6","75",900,332,0,332,43,12.9518072289157,46,13.855421686747,129,38.855421686747,62,18.6746987951807,10,3.01204819277108,14,4.21686746987952,28,8.43373493975904
"03W632","03",Pankow,"632",W,"036U",O,"6","75",889,376,2,374,49,13.1016042780749,50,13.3689839572193,142,37.9679144385027,75,20.0534759358289,17,4.54545454545455,11,2.94117647058824,30,8.02139037433155
"03W633","03",Pankow,"633",W,"036T",O,"6","75",843,324,1,323,32,9.90712074303406,43,13.312693498452,102,31.5789473684211,78,24.1486068111455,16,4.95356037151703,16,4.95356037151703,36,11.1455108359133
"03W634","03",Pankow,"634",W,"036S",O,"6","75",1060,382,1,381,38,9.9737532808399,57,14.9606299212598,148,38.8451443569554,77,20.2099737532808,13,3.41207349081365,17,4.46194225721785,31,8.13648293963255
"03W635","03",Pankow,"635",W,"036T",O,"6","75",822,344,4,340,35,10.2941176470588,47,13.8235294117647,142,41.7647058823529,57,16.7647058823529,10,2.94117647058824,18,5.29411764705882,31,9.11764705882353
"03W701","03",Pankow,"701",W,"037A",O,"7","75",898,323,3,319,49,15.3605015673981,49,15.3605015673981,60,18.8087774294671,50,15.6739811912226,37,11.5987460815047,15,4.70219435736677,59,18.4952978056426
"03W702","03",Pankow,"702",W,"037B",O,"7","75",702,300,1,298,43,14.4295302013423,52,17.4496644295302,81,27.1812080536913,41,13.758389261745,34,11.4093959731544,7,2.3489932885906,40,13.4228187919463
"03W703","03",Pankow,"703",W,"037B",O,"7","75",786,306,2,303,48,15.8415841584158,51,16.8316831683168,77,25.4125412541254,46,15.1815181518152,36,11.8811881188119,9,2.97029702970297,36,11.8811881188119
"03W704","03",Pankow,"704",W,"037A",O,"7","75",813,303,3,299,47,15.7190635451505,45,15.0501672240803,67,22.4080267558528,49,16.3879598662207,36,12.0401337792642,13,4.34782608695652,42,14.0468227424749
"03W705","03",Pankow,"705",W,"037C",O,"7","75",892,338,5,332,57,17.1686746987952,51,15.3614457831325,69,20.7831325301205,51,15.3614457831325,41,12.3493975903614,14,4.21686746987952,49,14.7590361445783
"03W706","03",Pankow,"706",W,"037D",O,"7","75",954,356,6,349,65,18.6246418338109,53,15.1862464183381,47,13.4670487106017,63,18.0515759312321,54,15.4727793696275,11,3.15186246418338,56,16.0458452722063
"03W707","03",Pankow,"707",W,"037N",O,"7","75",1113,401,2,399,73,18.2957393483709,48,12.0300751879699,107,26.8170426065163,82,20.5513784461153,34,8.52130325814536,10,2.5062656641604,45,11.2781954887218
"03W708","03",Pankow,"708",W,"037E",O,"7","75",780,348,2,346,44,12.7167630057803,54,15.606936416185,110,31.7919075144509,53,15.3179190751445,26,7.51445086705202,12,3.46820809248555,47,13.5838150289017
"03W709","03",Pankow,"709",W,"037C",O,"7","75",881,352,4,348,53,15.2298850574713,51,14.6551724137931,89,25.5747126436782,58,16.6666666666667,44,12.6436781609195,14,4.02298850574713,39,11.2068965517241
"03W710","03",Pankow,"710",W,"037T",O,"7","75",762,292,2,290,35,12.0689655172414,36,12.4137931034483,108,37.2413793103448,56,19.3103448275862,12,4.13793103448276,6,2.06896551724138,37,12.7586206896552
"03W711","03",Pankow,"711",W,"037N",O,"7","75",912,364,3,361,50,13.8504155124654,59,16.3434903047091,95,26.3157894736842,76,21.0526315789474,22,6.09418282548476,7,1.93905817174515,52,14.404432132964
"03W712","03",Pankow,"712",W,"037P",O,"7","75",935,309,3,306,46,15.0326797385621,44,14.3790849673203,76,24.8366013071895,64,20.9150326797386,24,7.84313725490196,6,1.96078431372549,46,15.0326797385621
"03W713","03",Pankow,"713",W,"037T",O,"7","75",788,269,2,267,30,11.2359550561798,53,19.8501872659176,78,29.2134831460674,59,22.0973782771536,12,4.49438202247191,8,2.99625468164794,27,10.1123595505618
"03W714","03",Pankow,"714",W,"037S",O,"7","75",785,284,2,282,39,13.8297872340426,39,13.8297872340426,101,35.8156028368794,59,20.9219858156028,15,5.31914893617021,5,1.77304964539007,24,8.51063829787234
"03W715","03",Pankow,"715",W,"037H",O,"7","82",1008,333,1,331,52,15.7099697885196,51,15.4078549848943,62,18.7311178247734,57,17.2205438066465,39,11.7824773413897,12,3.62537764350453,58,17.5226586102719
"03W716","03",Pankow,"716",W,"037E",O,"7","75",872,362,1,361,58,16.0664819944598,61,16.8975069252078,107,29.6398891966759,53,14.6814404432133,37,10.2493074792244,14,3.8781163434903,31,8.58725761772853
"03W717","03",Pankow,"717",W,"037H",O,"7","82",734,232,3,228,40,17.5438596491228,35,15.3508771929825,31,13.5964912280702,49,21.4912280701754,30,13.1578947368421,4,1.75438596491228,39,17.1052631578947
"03W718","03",Pankow,"718",W,"037S",O,"7","75",921,313,2,311,46,14.7909967845659,55,17.6848874598071,88,28.2958199356913,72,23.1511254019293,20,6.43086816720257,8,2.57234726688103,22,7.07395498392283
"03W719","03",Pankow,"719",W,"037D",O,"7","75",1014,360,3,357,68,19.047619047619,53,14.8459383753501,74,20.7282913165266,71,19.8879551820728,50,14.0056022408964,10,2.80112044817927,31,8.68347338935574
"03W720","03",Pankow,"720",W,"037F",O,"7","75",739,311,1,310,59,19.0322580645161,52,16.7741935483871,72,23.2258064516129,40,12.9032258064516,41,13.2258064516129,13,4.19354838709677,33,10.6451612903226
"03W721","03",Pankow,"721",W,"037P",O,"7","75",951,309,2,307,42,13.6807817589577,46,14.9837133550489,95,30.9446254071661,67,21.8241042345277,20,6.51465798045603,8,2.60586319218241,29,9.44625407166124
"03W722","03",Pankow,"722",W,"037Q",O,"7","75",1021,382,0,382,34,8.90052356020942,58,15.1832460732984,147,38.4816753926702,80,20.9424083769633,15,3.92670157068063,12,3.1413612565445,36,9.42408376963351
"03W723","03",Pankow,"723",W,"037J",O,"7","82",769,267,2,264,45,17.0454545454545,41,15.530303030303,46,17.4242424242424,57,21.5909090909091,32,12.1212121212121,4,1.51515151515152,39,14.7727272727273
"03W724","03",Pankow,"724",W,"037G",O,"7","82",711,233,4,229,40,17.4672489082969,35,15.2838427947598,27,11.7903930131004,50,21.8340611353712,30,13.1004366812227,4,1.74672489082969,43,18.7772925764192
"03W725","03",Pankow,"725",W,"037F",O,"7","75",858,330,1,329,57,17.3252279635258,41,12.4620060790274,79,24.0121580547112,67,20.3647416413374,38,11.5501519756839,8,2.43161094224924,39,11.854103343465
"03W726","03",Pankow,"726",W,"037G",O,"7","82",947,334,4,330,58,17.5757575757576,53,16.0606060606061,52,15.7575757575758,68,20.6060606060606,45,13.6363636363636,4,1.21212121212121,50,15.1515151515152
"03W727","03",Pankow,"727",W,"037J",O,"7","82",992,310,0,310,51,16.4516129032258,44,14.1935483870968,76,24.5161290322581,75,24.1935483870968,33,10.6451612903226,5,1.61290322580645,26,8.38709677419355
"03W728","03",Pankow,"728",W,"037K",O,"7","82",774,248,0,248,40,16.1290322580645,42,16.9354838709677,55,22.1774193548387,53,21.3709677419355,24,9.67741935483871,8,3.2258064516129,26,10.4838709677419
"03W729","03",Pankow,"729",W,"037R",O,"7","75",965,353,2,351,51,14.5299145299145,49,13.960113960114,124,35.3276353276353,71,20.2279202279202,13,3.7037037037037,17,4.84330484330484,26,7.40740740740741
"03W730","03",Pankow,"730",W,"037L",O,"7","82",740,220,0,220,35,15.9090909090909,32,14.5454545454545,54,24.5454545454545,54,24.5454545454545,14,6.36363636363636,9,4.09090909090909,22,10
"03W731","03",Pankow,"731",W,"037Q",O,"7","75",656,231,1,230,38,16.5217391304348,36,15.6521739130435,67,29.1304347826087,52,22.6086956521739,16,6.95652173913043,7,3.04347826086957,14,6.08695652173913
"03W732","03",Pankow,"732",W,"037K",O,"7","82",898,313,1,312,47,15.0641025641026,50,16.025641025641,71,22.7564102564103,72,23.0769230769231,25,8.01282051282051,12,3.84615384615385,35,11.2179487179487
"03W733","03",Pankow,"733",W,"037M",O,"7","82",1091,338,1,337,52,15.4302670623145,52,15.4302670623145,92,27.299703264095,78,23.1454005934718,23,6.82492581602374,15,4.45103857566766,25,7.41839762611276
"03W734","03",Pankow,"734",W,"037L",O,"7","82",919,326,2,324,46,14.1975308641975,50,15.4320987654321,94,29.0123456790123,63,19.4444444444444,25,7.71604938271605,16,4.93827160493827,30,9.25925925925926
"03W801","03",Pankow,"801",W,"038A",O,"8","82",1020,370,5,364,69,18.956043956044,57,15.6593406593407,29,7.96703296703297,76,20.8791208791209,64,17.5824175824176,10,2.74725274725275,59,16.2087912087912
"03W802","03",Pankow,"802",W,"038A",O,"8","82",825,299,3,295,52,17.6271186440678,46,15.5932203389831,43,14.5762711864407,57,19.3220338983051,43,14.5762711864407,9,3.05084745762712,45,15.2542372881356
"03W803","03",Pankow,"803",W,"038J",O,"8","75",974,336,1,334,34,10.1796407185629,49,14.6706586826347,117,35.0299401197605,68,20.3592814371257,12,3.59281437125748,18,5.38922155688623,36,10.7784431137725
"03W804","03",Pankow,"804",W,"038J",O,"8","75",903,408,3,404,44,10.8910891089109,72,17.8217821782178,124,30.6930693069307,90,22.2772277227723,12,2.97029702970297,12,2.97029702970297,50,12.3762376237624
"03W805","03",Pankow,"805",W,"038L",O,"8","75",858,318,1,316,44,13.9240506329114,44,13.9240506329114,92,29.1139240506329,72,22.7848101265823,14,4.43037974683544,14,4.43037974683544,36,11.3924050632911
"03W806","03",Pankow,"806",W,"038L",O,"8","75",714,253,1,251,31,12.3505976095618,36,14.3426294820717,80,31.8725099601594,55,21.9123505976096,9,3.58565737051793,12,4.7808764940239,28,11.1553784860558
"03W807","03",Pankow,"807",W,"038K",O,"8","75",914,385,2,383,64,16.710182767624,65,16.9712793733681,106,27.6762402088773,79,20.6266318537859,11,2.87206266318538,14,3.65535248041775,44,11.4882506527415
"03W808","03",Pankow,"808",W,"038B",O,"8","82",860,327,2,325,45,13.8461538461538,50,15.3846153846154,105,32.3076923076923,49,15.0769230769231,17,5.23076923076923,16,4.92307692307692,43,13.2307692307692
"03W809","03",Pankow,"809",W,"038K",O,"8","75",744,287,2,285,36,12.6315789473684,44,15.4385964912281,99,34.7368421052632,51,17.8947368421053,10,3.50877192982456,11,3.85964912280702,34,11.9298245614035
"03W810","03",Pankow,"810",W,"038M",O,"8","75",656,243,2,241,26,10.7883817427386,35,14.5228215767635,87,36.0995850622407,44,18.2572614107884,9,3.7344398340249,9,3.7344398340249,31,12.8630705394191
"03W811","03",Pankow,"811",W,"038T",O,"8","75",960,392,2,389,31,7.96915167095116,55,14.1388174807198,145,37.2750642673522,80,20.5655526992288,11,2.82776349614396,22,5.65552699228792,45,11.5681233933162
"03W812","03",Pankow,"812",W,"038C",O,"8","82",1032,442,2,440,59,13.4090909090909,58,13.1818181818182,162,36.8181818181818,77,17.5,20,4.54545454545455,24,5.45454545454545,40,9.09090909090909
"03W813","03",Pankow,"813",W,"038M",O,"8","75",948,335,3,332,35,10.5421686746988,42,12.6506024096386,105,31.6265060240964,77,23.1927710843373,13,3.91566265060241,14,4.21686746987952,46,13.855421686747
"03W814","03",Pankow,"814",W,"038N",O,"8","75",886,334,1,333,33,9.90990990990991,36,10.8108108108108,123,36.9369369369369,83,24.9249249249249,9,2.7027027027027,13,3.9039039039039,36,10.8108108108108
"03W815","03",Pankow,"815",W,"038B",O,"8","82",862,370,3,367,40,10.8991825613079,40,10.8991825613079,129,35.149863760218,82,22.3433242506812,17,4.63215258855586,14,3.81471389645777,45,12.2615803814714
"03W816","03",Pankow,"816",W,"038D",O,"8","82",764,328,0,327,49,14.9847094801223,41,12.5382262996942,114,34.8623853211009,66,20.1834862385321,11,3.36391437308868,6,1.8348623853211,40,12.2324159021407
"03W817","03",Pankow,"817",W,"038P",O,"8","75",1004,357,1,356,46,12.9213483146067,51,14.3258426966292,109,30.6179775280899,82,23.0337078651685,15,4.21348314606742,12,3.37078651685393,41,11.5168539325843
"03W818","03",Pankow,"818",W,"038N",O,"8","75",897,355,1,354,41,11.5819209039548,57,16.1016949152542,121,34.180790960452,80,22.5988700564972,15,4.23728813559322,12,3.38983050847458,28,7.90960451977401
"03W819","03",Pankow,"819",W,"038D",O,"8","82",880,343,1,342,47,13.7426900584795,42,12.280701754386,130,38.0116959064327,67,19.5906432748538,13,3.80116959064327,15,4.3859649122807,28,8.18713450292398
"03W820","03",Pankow,"820",W,"038E",O,"8","82",930,348,2,346,50,14.4508670520231,41,11.849710982659,130,37.5722543352601,64,18.4971098265896,11,3.17919075144509,16,4.6242774566474,34,9.82658959537572
"03W821","03",Pankow,"821",W,"038F",O,"8","82",1027,360,1,359,56,15.5988857938719,54,15.041782729805,126,35.0974930362117,57,15.8774373259053,11,3.06406685236769,26,7.24233983286908,29,8.07799442896936
"03W822","03",Pankow,"822",W,"038P",O,"8","75",874,312,0,312,58,18.5897435897436,46,14.7435897435897,94,30.1282051282051,64,20.5128205128205,12,3.84615384615385,11,3.52564102564103,27,8.65384615384615
"03W823","03",Pankow,"823",W,"038S",O,"8","75",939,346,0,346,40,11.5606936416185,38,10.9826589595376,130,37.5722543352601,86,24.8554913294798,10,2.89017341040462,16,4.6242774566474,26,7.51445086705202
"03W824","03",Pankow,"824",W,"038E",O,"8","82",790,328,0,327,26,7.95107033639144,41,12.5382262996942,133,40.6727828746177,69,21.1009174311927,15,4.58715596330275,14,4.28134556574923,29,8.86850152905199
"03W825","03",Pankow,"825",W,"038H",O,"8","82",892,344,0,344,48,13.953488372093,42,12.2093023255814,124,36.046511627907,67,19.4767441860465,15,4.36046511627907,20,5.81395348837209,28,8.13953488372093
"03W826","03",Pankow,"826",W,"038Q",O,"8","75",1055,380,0,380,82,21.5789473684211,55,14.4736842105263,114,30,64,16.8421052631579,13,3.42105263157895,20,5.26315789473684,32,8.42105263157895
"03W827","03",Pankow,"827",W,"038G",O,"8","82",846,340,1,339,42,12.3893805309735,48,14.1592920353982,143,42.1828908554572,52,15.3392330383481,10,2.94985250737463,21,6.19469026548673,23,6.78466076696165
"03W828","03",Pankow,"828",W,"038S",O,"8","75",889,354,2,352,50,14.2045454545455,39,11.0795454545455,122,34.6590909090909,78,22.1590909090909,12,3.40909090909091,25,7.10227272727273,26,7.38636363636364
"03W829","03",Pankow,"829",W,"038R",O,"8","75",886,335,1,334,45,13.4730538922156,43,12.874251497006,118,35.3293413173653,74,22.1556886227545,14,4.19161676646707,18,5.38922155688623,22,6.58682634730539
"03W830","03",Pankow,"830",W,"038G",O,"8","82",897,330,0,330,48,14.5454545454545,41,12.4242424242424,121,36.6666666666667,64,19.3939393939394,12,3.63636363636364,21,6.36363636363636,23,6.96969696969697
"03W831","03",Pankow,"831",W,"038R",O,"8","75",929,322,0,322,59,18.3229813664596,46,14.2857142857143,103,31.9875776397516,47,14.5962732919255,13,4.03726708074534,26,8.07453416149068,28,8.69565217391304
"03W832","03",Pankow,"832",W,"038H",O,"8","82",1078,402,5,397,81,20.4030226700252,91,22.9219143576826,53,13.3501259445844,77,19.3954659949622,42,10.5793450881612,14,3.5264483627204,39,9.82367758186398
"03W901","03",Pankow,"901",W,"039A",O,"9","75",951,399,3,395,64,16.2025316455696,59,14.9367088607595,100,25.3164556962025,75,18.9873417721519,26,6.58227848101266,16,4.05063291139241,55,13.9240506329114
"03W902","03",Pankow,"902",W,"039B",O,"9","75",855,332,2,329,54,16.4133738601824,54,16.4133738601824,83,25.2279635258359,50,15.1975683890577,21,6.38297872340426,15,4.55927051671733,52,15.8054711246201
"03W903","03",Pankow,"903",W,"039A",O,"9","75",797,358,3,355,68,19.1549295774648,58,16.3380281690141,60,16.9014084507042,70,19.7183098591549,42,11.830985915493,13,3.66197183098592,44,12.3943661971831
"03W904","03",Pankow,"904",W,"039B",O,"9","75",830,352,2,350,60,17.1428571428571,57,16.2857142857143,84,24,68,19.4285714285714,34,9.71428571428571,13,3.71428571428571,34,9.71428571428571
"03W905","03",Pankow,"905",W,"039D",O,"9","75",832,367,5,362,85,23.4806629834254,76,20.9944751381215,19,5.24861878453039,60,16.5745856353591,69,19.060773480663,14,3.86740331491713,39,10.7734806629834
"03W906","03",Pankow,"906",W,"039D",O,"9","75",792,311,2,309,52,16.8284789644013,50,16.1812297734628,97,31.3915857605178,45,14.5631067961165,26,8.41423948220065,15,4.85436893203883,24,7.76699029126214
"03W907","03",Pankow,"907",W,"039C",O,"9","75",775,304,2,302,62,20.5298013245033,46,15.2317880794702,82,27.1523178807947,43,14.2384105960265,26,8.60927152317881,19,6.29139072847682,24,7.94701986754967
"03W908","03",Pankow,"908",W,"039C",O,"9","75",747,294,0,294,43,14.6258503401361,48,16.3265306122449,97,32.9931972789116,44,14.9659863945578,25,8.50340136054422,13,4.42176870748299,24,8.16326530612245
"03W909","03",Pankow,"909",W,"039E",O,"9","82",889,262,5,256,51,19.921875,83,32.421875,8,3.125,48,18.75,23,8.984375,8,3.125,35,13.671875
"03W910","03",Pankow,"910",W,"039E",O,"9","82",930,345,6,338,80,23.6686390532544,77,22.7810650887574,20,5.91715976331361,57,16.8639053254438,46,13.6094674556213,9,2.66272189349112,49,14.4970414201183
"03W911","03",Pankow,"911",W,"039G",O,"9","82",1085,340,5,334,81,24.251497005988,80,23.9520958083832,15,4.49101796407186,59,17.6646706586826,60,17.9640718562874,14,4.19161676646707,25,7.48502994011976
"03W912","03",Pankow,"912",W,"039G",O,"9","82",677,230,8,221,57,25.7918552036199,45,20.3619909502262,15,6.78733031674208,34,15.3846153846154,31,14.027149321267,3,1.35746606334842,36,16.289592760181
"03W913","03",Pankow,"913",W,"039H",O,"9","82",1045,352,6,345,95,27.536231884058,59,17.1014492753623,16,4.63768115942029,53,15.3623188405797,70,20.2898550724638,9,2.60869565217391,43,12.463768115942
"03W914","03",Pankow,"914",W,"039J",O,"9","82",1089,371,9,361,48,13.2963988919668,55,15.2354570637119,67,18.5595567867036,80,22.1606648199446,52,14.404432132964,11,3.04709141274238,48,13.2963988919668
"03W915","03",Pankow,"915",W,"039H",O,"9","82",1063,370,8,361,88,24.3767313019391,68,18.8365650969529,19,5.26315789473684,48,13.2963988919668,85,23.5457063711911,10,2.77008310249307,43,11.9113573407202
"03W916","03",Pankow,"916",W,"039F",O,"9","82",982,420,3,416,120,28.8461538461538,70,16.8269230769231,52,12.5,50,12.0192307692308,70,16.8269230769231,10,2.40384615384615,44,10.5769230769231
"03W917","03",Pankow,"917",W,"039K",O,"9","82",831,284,4,279,50,17.921146953405,35,12.5448028673835,61,21.8637992831541,56,20.0716845878136,27,9.67741935483871,12,4.3010752688172,38,13.6200716845878
"03W918","03",Pankow,"918",W,"039J",O,"9","82",689,232,8,224,58,25.8928571428571,46,20.5357142857143,17,7.58928571428571,35,15.625,31,13.8392857142857,3,1.33928571428571,34,15.1785714285714
"03W919","03",Pankow,"919",W,"039F",O,"9","82",761,224,3,221,44,19.9095022624434,41,18.552036199095,18,8.1447963800905,45,20.3619909502262,34,15.3846153846154,7,3.16742081447964,32,14.4796380090498
"03W920","03",Pankow,"920",W,"039L",O,"9","82",673,214,3,211,23,10.9004739336493,24,11.3744075829384,61,28.9099526066351,51,24.1706161137441,12,5.68720379146919,5,2.3696682464455,35,16.5876777251185
"03W921","03",Pankow,"921",W,"039S",O,"9","82",696,219,1,218,38,17.4311926605505,36,16.5137614678899,40,18.348623853211,46,21.1009174311927,26,11.9266055045872,5,2.29357798165138,27,12.3853211009174
"03W922","03",Pankow,"922",W,"039L",O,"9","82",917,283,2,281,33,11.7437722419929,38,13.5231316725979,88,31.3167259786477,62,22.0640569395018,16,5.69395017793594,10,3.55871886120996,34,12.0996441281139
"03W923","03",Pankow,"923",W,"039M",O,"9","82",673,221,1,220,26,11.8181818181818,32,14.5454545454545,68,30.9090909090909,41,18.6363636363636,12,5.45454545454545,10,4.54545454545455,31,14.0909090909091
"03W924","03",Pankow,"924",W,"039K",O,"9","82",717,252,4,248,37,14.9193548387097,31,12.5,61,24.5967741935484,54,21.7741935483871,25,10.0806451612903,10,4.03225806451613,30,12.0967741935484
"03W925","03",Pankow,"925",W,"039M",O,"9","82",741,295,0,295,40,13.5593220338983,34,11.5254237288136,112,37.9661016949153,56,18.9830508474576,8,2.71186440677966,13,4.40677966101695,32,10.8474576271186
"03W926","03",Pankow,"926",W,"039R",O,"9","82",870,314,3,311,39,12.540192926045,39,12.540192926045,83,26.6881028938907,69,22.1864951768489,31,9.96784565916399,13,4.18006430868167,37,11.8971061093248
"03W927","03",Pankow,"927",W,"039N",O,"9","82",1048,382,0,382,46,12.0418848167539,51,13.3507853403141,152,39.7905759162304,73,19.1099476439791,15,3.92670157068063,18,4.71204188481675,27,7.06806282722513
"03W928","03",Pankow,"928",W,"039R",O,"9","82",835,301,2,298,52,17.4496644295302,62,20.8053691275168,75,25.1677852348993,53,17.7852348993289,27,9.06040268456376,3,1.00671140939597,26,8.7248322147651
"03W929","03",Pankow,"929",W,"039N",O,"9","82",1057,388,3,385,45,11.6883116883117,75,19.4805194805195,128,33.2467532467532,72,18.7012987012987,18,4.67532467532468,15,3.8961038961039,32,8.31168831168831
"03W930","03",Pankow,"930",W,"039S",O,"9","82",755,250,0,250,39,15.6,39,15.6,61,24.4,56,22.4,26,10.4,6,2.4,23,9.2
"03W931","03",Pankow,"931",W,"039Q",O,"9","82",1054,374,0,374,34,9.09090909090909,57,15.2406417112299,148,39.572192513369,68,18.1818181818182,21,5.61497326203209,20,5.3475935828877,26,6.95187165775401
"03W932","03",Pankow,"932",W,"039P",O,"9","82",697,236,0,236,39,16.5254237288136,30,12.7118644067797,89,37.7118644067797,33,13.9830508474576,8,3.38983050847458,17,7.20338983050847,20,8.47457627118644
"03W933","03",Pankow,"933",W,"039Q",O,"9","82",719,283,0,283,30,10.6007067137809,62,21.9081272084806,96,33.9222614840989,58,20.4946996466431,9,3.18021201413428,10,3.53356890459364,18,6.36042402826855
"03W934","03",Pankow,"934",W,"039R",O,"9","82",647,238,1,237,27,11.3924050632911,50,21.0970464135021,81,34.1772151898734,47,19.831223628692,9,3.79746835443038,8,3.37552742616034,15,6.32911392405063
"03W935","03",Pankow,"935",W,"039T",O,"9","82",725,243,1,242,31,12.8099173553719,38,15.702479338843,66,27.2727272727273,56,23.1404958677686,28,11.5702479338843,6,2.47933884297521,17,7.02479338842975
"03W936","03",Pankow,"936",W,"039P",O,"9","82",756,258,0,258,40,15.5038759689922,39,15.1162790697674,97,37.5968992248062,41,15.8914728682171,8,3.10077519379845,16,6.2015503875969,17,6.58914728682171
"03W937","03",Pankow,"937",W,"039T",O,"9","82",769,267,2,265,31,11.6981132075472,42,15.8490566037736,73,27.5471698113208,60,22.6415094339623,32,12.0754716981132,7,2.64150943396226,20,7.54716981132075
"03W938","03",Pankow,"938",W,"039U",O,"9","82",923,365,0,365,74,20.2739726027397,92,25.2054794520548,103,28.2191780821918,44,12.0547945205479,14,3.83561643835616,22,6.02739726027397,16,4.38356164383562
"03W939","03",Pankow,"939",W,"039U",O,"9","82",961,379,0,379,77,20.3166226912929,95,25.065963060686,107,28.2321899736148,46,12.1372031662269,14,3.69393139841689,23,6.06860158311346,17,4.48548812664908
"04B1A","04",Charlottenburg-Wilmersdorf,1A,B,"041A",W,"1","77",0,709,5,703,280,39.8293029871977,166,23.6130867709815,75,10.6685633001422,31,4.40967283072546,48,6.82788051209104,42,5.97439544807966,61,8.67709815078236
"04B1B","04",Charlottenburg-Wilmersdorf,1B,B,"041B",W,"1","77",0,372,3,368,161,43.75,74,20.1086956521739,24,6.52173913043478,5,1.35869565217391,31,8.42391304347826,14,3.80434782608696,59,16.0326086956522
"04B1C","04",Charlottenburg-Wilmersdorf,1C,B,"041C",W,"1","77",0,385,3,381,131,34.3832020997375,100,26.246719160105,31,8.13648293963255,27,7.08661417322835,28,7.3490813648294,16,4.1994750656168,48,12.5984251968504
"04B1D","04",Charlottenburg-Wilmersdorf,1D,B,"041D",W,"1","77",0,526,3,522,207,39.6551724137931,118,22.6053639846743,37,7.08812260536398,30,5.74712643678161,53,10.1532567049808,21,4.02298850574713,56,10.727969348659
"04B1E","04",Charlottenburg-Wilmersdorf,1E,B,"041E",W,"1","77",0,450,1,448,137,30.5803571428571,108,24.1071428571429,78,17.4107142857143,32,7.14285714285714,38,8.48214285714286,19,4.24107142857143,36,8.03571428571429
"04B1F","04",Charlottenburg-Wilmersdorf,1F,B,"041F",W,"1","77",0,305,0,304,74,24.3421052631579,49,16.1184210526316,98,32.2368421052632,29,9.53947368421053,12,3.94736842105263,17,5.59210526315789,25,8.22368421052632
"04B1G","04",Charlottenburg-Wilmersdorf,1G,B,"041G",W,"1","77",0,657,1,655,129,19.6946564885496,135,20.6106870229008,199,30.381679389313,82,12.5190839694656,20,3.05343511450382,41,6.25954198473282,49,7.48091603053435
"04B1H","04",Charlottenburg-Wilmersdorf,1H,B,"041H",W,"1","77",0,319,2,317,49,15.4574132492114,66,20.820189274448,115,36.2776025236593,26,8.2018927444795,9,2.8391167192429,21,6.62460567823344,31,9.77917981072555
"04B1I","04",Charlottenburg-Wilmersdorf,1I,B,"041I",W,"1","77",0,337,1,336,105,31.25,56,16.6666666666667,82,24.4047619047619,29,8.63095238095238,11,3.27380952380952,28,8.33333333333333,25,7.44047619047619
"04B1J","04",Charlottenburg-Wilmersdorf,1J,B,"041J",W,"1","77",0,344,1,343,107,31.1953352769679,64,18.6588921282799,70,20.4081632653061,32,9.32944606413994,16,4.66472303206997,17,4.95626822157434,37,10.7871720116618
"04B1K","04",Charlottenburg-Wilmersdorf,1K,B,"041K",W,"1","77",0,327,3,324,64,19.7530864197531,64,19.7530864197531,105,32.4074074074074,34,10.4938271604938,15,4.62962962962963,20,6.17283950617284,22,6.79012345679012
"04B2A","04",Charlottenburg-Wilmersdorf,2A,B,"042A",W,"2","79",0,711,5,705,328,46.5248226950355,144,20.4255319148936,97,13.758865248227,25,3.54609929078014,20,2.83687943262411,55,7.80141843971631,36,5.1063829787234
"04B2B","04",Charlottenburg-Wilmersdorf,2B,B,"042B",W,"2","79",0,458,2,455,175,38.4615384615385,96,21.0989010989011,63,13.8461538461538,25,5.49450549450549,12,2.63736263736264,44,9.67032967032967,40,8.79120879120879
"04B2C","04",Charlottenburg-Wilmersdorf,2C,B,"042C",W,"2","79",0,473,2,471,192,40.7643312101911,118,25.0530785562633,39,8.28025477707006,18,3.82165605095541,31,6.58174097664544,35,7.43099787685775,38,8.06794055201699
"04B2D","04",Charlottenburg-Wilmersdorf,2D,B,"042D",W,"2","79",0,421,2,419,164,39.1408114558473,88,21.0023866348449,63,15.035799522673,23,5.48926014319809,11,2.62529832935561,41,9.78520286396181,29,6.92124105011933
"04B2E","04",Charlottenburg-Wilmersdorf,2E,B,"042E",W,"2","79",0,742,2,740,301,40.6756756756757,156,21.0810810810811,103,13.9189189189189,33,4.45945945945946,37,5,59,7.97297297297297,51,6.89189189189189
"04B2F","04",Charlottenburg-Wilmersdorf,2F,B,"042F",W,"2","79",0,373,1,372,133,35.752688172043,70,18.8172043010753,61,16.3978494623656,24,6.45161290322581,24,6.45161290322581,24,6.45161290322581,36,9.67741935483871
"04B2G","04",Charlottenburg-Wilmersdorf,2G,B,"042G",W,"2","79",0,585,3,582,138,23.7113402061856,122,20.9621993127148,165,28.3505154639175,43,7.38831615120275,24,4.12371134020619,38,6.52920962199313,52,8.93470790378007
"04B2H","04",Charlottenburg-Wilmersdorf,2H,B,"042H",W,"2","79",0,412,3,408,175,42.8921568627451,95,23.2843137254902,60,14.7058823529412,17,4.16666666666667,17,4.16666666666667,20,4.90196078431373,24,5.88235294117647
"04B2J","04",Charlottenburg-Wilmersdorf,2J,B,"042J",W,"2","79",0,399,2,397,168,42.3173803526448,76,19.1435768261965,67,16.8765743073048,17,4.28211586901763,17,4.28211586901763,30,7.55667506297229,22,5.54156171284635
"04B2K","04",Charlottenburg-Wilmersdorf,2K,B,"042K",W,"2","79",0,462,1,460,204,44.3478260869565,88,19.1304347826087,62,13.4782608695652,19,4.1304347826087,22,4.78260869565217,43,9.34782608695652,22,4.78260869565217
"04B2L","04",Charlottenburg-Wilmersdorf,2L,B,"042L",W,"2","79",0,423,3,420,167,39.7619047619048,79,18.8095238095238,72,17.1428571428571,12,2.85714285714286,15,3.57142857142857,38,9.04761904761905,37,8.80952380952381
"04B2M","04",Charlottenburg-Wilmersdorf,2M,B,"042M",W,"2","79",0,341,3,338,121,35.7988165680473,71,21.0059171597633,71,21.0059171597633,15,4.43786982248521,18,5.32544378698225,24,7.10059171597633,18,5.32544378698225
"04B2N","04",Charlottenburg-Wilmersdorf,2N,B,"042N",W,"2","79",0,321,0,321,65,20.2492211838006,65,20.2492211838006,105,32.7102803738318,28,8.72274143302181,9,2.80373831775701,23,7.16510903426791,26,8.09968847352025
"04B2P","04",Charlottenburg-Wilmersdorf,2P,B,"042P",W,"2","79",0,449,2,446,203,45.5156950672646,94,21.0762331838565,62,13.9013452914798,22,4.93273542600897,24,5.38116591928251,23,5.15695067264574,18,4.03587443946188
"04B2Q","04",Charlottenburg-Wilmersdorf,2Q,B,"042Q",W,"2","79",0,433,0,432,196,45.3703703703704,75,17.3611111111111,65,15.0462962962963,12,2.77777777777778,16,3.7037037037037,42,9.72222222222222,26,6.01851851851852
"04B2R","04",Charlottenburg-Wilmersdorf,2R,B,"042R",W,"2","79",0,423,0,423,163,38.5342789598109,90,21.2765957446809,85,20.0945626477541,18,4.25531914893617,12,2.83687943262411,33,7.80141843971631,22,5.20094562647754
"04B2S","04",Charlottenburg-Wilmersdorf,2S,B,"042S",W,"2","79",0,440,1,439,183,41.6856492027335,114,25.9681093394077,69,15.7175398633257,17,3.87243735763098,16,3.64464692482916,30,6.83371298405467,10,2.27790432801822
"04B2T","04",Charlottenburg-Wilmersdorf,2T,B,"042T",W,"2","79",0,663,0,663,267,40.2714932126697,121,18.2503770739065,142,21.4177978883861,23,3.46907993966818,15,2.26244343891403,69,10.4072398190045,26,3.92156862745098
"04B2U","04",Charlottenburg-Wilmersdorf,2U,B,"042U",W,"2","79",0,441,5,436,182,41.743119266055,78,17.8899082568807,69,15.8256880733945,17,3.89908256880734,15,3.44036697247706,44,10.0917431192661,31,7.11009174311927
"04B2V","04",Charlottenburg-Wilmersdorf,2V,B,"042V",W,"2","79",0,358,2,356,88,24.7191011235955,83,23.314606741573,93,26.123595505618,34,9.55056179775281,17,4.7752808988764,21,5.89887640449438,20,5.61797752808989
"04B2W","04",Charlottenburg-Wilmersdorf,2W,B,"042W",W,"2","79",0,332,0,332,118,35.5421686746988,67,20.1807228915663,48,14.4578313253012,15,4.51807228915663,12,3.6144578313253,37,11.144578313253,35,10.5421686746988
"04B2X","04",Charlottenburg-Wilmersdorf,2X,B,"042X",W,"2","79",0,333,1,332,87,26.2048192771084,89,26.8072289156627,88,26.5060240963855,26,7.83132530120482,14,4.21686746987952,16,4.81927710843374,12,3.6144578313253
"04B2Y","04",Charlottenburg-Wilmersdorf,2Y,B,"042Y",W,"2","79",0,432,2,430,189,43.953488372093,85,19.7674418604651,75,17.4418604651163,20,4.65116279069767,13,3.02325581395349,32,7.44186046511628,16,3.72093023255814
"04B3A","04",Charlottenburg-Wilmersdorf,3A,B,"043A",W,"3","79",0,625,3,622,120,19.2926045016077,105,16.8810289389068,191,30.7073954983923,86,13.8263665594855,16,2.57234726688103,31,4.98392282958199,73,11.7363344051447
"04B3B","04",Charlottenburg-Wilmersdorf,3B,B,"043B",W,"3","79",0,639,5,634,165,26.0252365930599,146,23.0283911671924,147,23.186119873817,51,8.04416403785489,29,4.57413249211356,39,6.15141955835962,57,8.99053627760252
"04B3C","04",Charlottenburg-Wilmersdorf,3C,B,"043C",W,"3","79",0,604,0,604,153,25.3311258278146,128,21.1920529801325,168,27.8145695364238,46,7.6158940397351,20,3.3112582781457,47,7.78145695364238,42,6.95364238410596
"04B3D","04",Charlottenburg-Wilmersdorf,3D,B,"043D",W,"3","79",0,639,5,634,120,18.9274447949527,127,20.0315457413249,210,33.1230283911672,63,9.93690851735016,18,2.8391167192429,28,4.41640378548896,68,10.7255520504732
"04B3E","04",Charlottenburg-Wilmersdorf,3E,B,"043E",W,"3","79",0,700,3,697,176,25.2510760401722,151,21.6642754662841,189,27.116212338594,72,10.3299856527977,28,4.01721664275466,28,4.01721664275466,53,7.60401721664275
"04B3F","04",Charlottenburg-Wilmersdorf,3F,B,"043F",W,"3","79",0,618,3,615,181,29.4308943089431,143,23.2520325203252,131,21.3008130081301,53,8.61788617886179,34,5.52845528455285,35,5.69105691056911,38,6.17886178861789
"04B3G","04",Charlottenburg-Wilmersdorf,3G,B,"043G",W,"3","79",0,363,2,361,89,24.6537396121884,63,17.4515235457064,105,29.0858725761773,39,10.803324099723,17,4.70914127423823,23,6.37119113573407,25,6.92520775623269
"04B3H","04",Charlottenburg-Wilmersdorf,3H,B,"043H",W,"3","79",0,293,0,293,108,36.8600682593857,51,17.4061433447099,68,23.2081911262799,16,5.46075085324232,10,3.41296928327645,26,8.87372013651877,14,4.77815699658703
"04B3I","04",Charlottenburg-Wilmersdorf,3I,B,"043I",W,"3","79",0,582,2,580,142,24.4827586206897,125,21.551724137931,178,30.6896551724138,69,11.8965517241379,16,2.75862068965517,27,4.6551724137931,23,3.96551724137931
"04B3J","04",Charlottenburg-Wilmersdorf,3J,B,"043J",W,"3","79",0,400,16,384,130,33.8541666666667,76,19.7916666666667,86,22.3958333333333,27,7.03125,10,2.60416666666667,36,9.375,19,4.94791666666667
"04B3K","04",Charlottenburg-Wilmersdorf,3K,B,"043K",W,"3","79",0,663,3,660,154,23.3333333333333,142,21.5151515151515,217,32.8787878787879,66,10,15,2.27272727272727,29,4.39393939393939,37,5.60606060606061
"04B3L","04",Charlottenburg-Wilmersdorf,3L,B,"043L",W,"3","79",0,618,0,618,211,34.1423948220065,117,18.9320388349515,159,25.7281553398058,40,6.47249190938511,14,2.26537216828479,57,9.22330097087379,20,3.23624595469256
"04B3M","04",Charlottenburg-Wilmersdorf,3M,B,"043M",W,"3","79",0,391,2,389,75,19.280205655527,79,20.3084832904884,113,29.0488431876607,48,12.3393316195373,14,3.59897172236504,29,7.45501285347044,31,7.96915167095116
"04B3N","04",Charlottenburg-Wilmersdorf,3N,B,"043N",W,"3","79",0,279,0,278,62,22.3021582733813,57,20.5035971223022,97,34.8920863309352,29,10.431654676259,4,1.43884892086331,21,7.55395683453237,8,2.87769784172662
"04B3P","04",Charlottenburg-Wilmersdorf,3P,B,"043P",W,"3","79",0,527,0,526,122,23.1939163498099,110,20.9125475285171,176,33.4600760456274,55,10.4562737642586,13,2.47148288973384,31,5.893536121673,19,3.61216730038023
"04B3Q","04",Charlottenburg-Wilmersdorf,3Q,B,"043Q",W,"3","79",0,334,2,332,99,29.8192771084337,59,17.7710843373494,100,30.1204819277108,24,7.2289156626506,6,1.80722891566265,19,5.72289156626506,25,7.53012048192771
"04B3R","04",Charlottenburg-Wilmersdorf,3R,B,"043R",W,"3","79",0,415,0,415,107,25.7831325301205,102,24.578313253012,122,29.3975903614458,30,7.2289156626506,8,1.92771084337349,28,6.74698795180723,18,4.33734939759036
"04B3S","04",Charlottenburg-Wilmersdorf,3S,B,"043S",W,"3","79",0,656,1,655,236,36.030534351145,108,16.4885496183206,131,20,42,6.41221374045802,22,3.3587786259542,63,9.61832061068702,53,8.09160305343512
"04B4A","04",Charlottenburg-Wilmersdorf,4A,B,"044A",W,"4","79",0,468,2,465,105,22.5806451612903,103,22.1505376344086,146,31.3978494623656,40,8.60215053763441,15,3.2258064516129,23,4.94623655913978,33,7.09677419354839
"04B4B","04",Charlottenburg-Wilmersdorf,4B,B,"044B",W,"4","79",0,382,6,375,103,27.4666666666667,99,26.4,71,18.9333333333333,20,5.33333333333333,17,4.53333333333333,20,5.33333333333333,45,12
"04B4C","04",Charlottenburg-Wilmersdorf,4C,B,"044C",W,"4","79",0,466,2,463,144,31.1015118790497,98,21.1663066954644,97,20.9503239740821,28,6.0475161987041,13,2.80777537796976,56,12.0950323974082,27,5.83153347732181
"04B4D","04",Charlottenburg-Wilmersdorf,4D,B,"044D",W,"4","79",0,512,2,509,136,26.7190569744597,97,19.056974459725,154,30.2554027504912,44,8.64440078585462,11,2.16110019646365,31,6.09037328094303,36,7.07269155206287
"04B4E","04",Charlottenburg-Wilmersdorf,4E,B,"044E",W,"4","79",0,345,1,343,85,24.7813411078717,64,18.6588921282799,107,31.1953352769679,24,6.99708454810496,10,2.91545189504373,22,6.41399416909621,31,9.03790087463557
"04B4F","04",Charlottenburg-Wilmersdorf,4F,B,"044F",W,"4","79",0,629,4,624,190,30.4487179487179,130,20.8333333333333,155,24.8397435897436,38,6.08974358974359,26,4.16666666666667,39,6.25,46,7.37179487179487
"04B4G","04",Charlottenburg-Wilmersdorf,4G,B,"044G",W,"4","79",0,437,3,433,114,26.3279445727483,85,19.6304849884527,133,30.715935334873,34,7.85219399538106,15,3.46420323325635,32,7.39030023094688,20,4.6189376443418
"04B4H","04",Charlottenburg-Wilmersdorf,4H,B,"044H",W,"4","79",0,561,5,555,145,26.1261261261261,99,17.8378378378378,173,31.1711711711712,41,7.38738738738739,25,4.5045045045045,29,5.22522522522523,43,7.74774774774775
"04B4J","04",Charlottenburg-Wilmersdorf,4J,B,"044J",W,"4","79",0,366,17,348,90,25.8620689655172,55,15.8045977011494,129,37.0689655172414,20,5.74712643678161,6,1.72413793103448,30,8.62068965517241,18,5.17241379310345
"04B4K","04",Charlottenburg-Wilmersdorf,4K,B,"044K",W,"4","79",0,265,2,262,66,25.1908396946565,49,18.7022900763359,72,27.4809160305344,23,8.77862595419847,16,6.10687022900763,22,8.3969465648855,14,5.34351145038168
"04B4L","04",Charlottenburg-Wilmersdorf,4L,B,"044L",W,"4","79",0,732,1,730,202,27.6712328767123,163,22.3287671232877,174,23.8356164383562,43,5.89041095890411,26,3.56164383561644,80,10.958904109589,42,5.75342465753425
"04B4M","04",Charlottenburg-Wilmersdorf,4M,B,"044M",W,"4","79",0,475,2,472,148,31.3559322033898,91,19.2796610169492,115,24.364406779661,32,6.77966101694915,18,3.8135593220339,40,8.47457627118644,28,5.93220338983051
"04B4N","04",Charlottenburg-Wilmersdorf,4N,B,"044N",W,"4","79",0,646,2,644,209,32.4534161490683,117,18.167701863354,176,27.3291925465839,42,6.52173913043478,22,3.41614906832298,48,7.45341614906832,30,4.6583850931677
"04B4P","04",Charlottenburg-Wilmersdorf,4P,B,"044P",W,"4","79",0,357,1,356,100,28.0898876404494,75,21.0674157303371,71,19.9438202247191,35,9.8314606741573,10,2.80898876404494,41,11.5168539325843,24,6.74157303370786
"04B4Q","04",Charlottenburg-Wilmersdorf,4Q,B,"044Q",W,"4","79",0,242,1,240,85,35.4166666666667,48,20,44,18.3333333333333,14,5.83333333333333,6,2.5,35,14.5833333333333,8,3.33333333333333
"04B4R","04",Charlottenburg-Wilmersdorf,4R,B,"044R",W,"4","79",0,456,2,454,167,36.784140969163,86,18.942731277533,91,20.0440528634361,30,6.6079295154185,17,3.74449339207048,36,7.9295154185022,27,5.94713656387665
"04B4S","04",Charlottenburg-Wilmersdorf,4S,B,"044S",W,"4","79",0,213,0,213,93,43.6619718309859,40,18.7793427230047,34,15.962441314554,6,2.8169014084507,5,2.34741784037559,22,10.3286384976526,13,6.10328638497653
"04B4T","04",Charlottenburg-Wilmersdorf,4T,B,"044T",W,"4","79",0,359,0,359,130,36.2116991643454,84,23.3983286908078,74,20.6128133704735,18,5.01392757660167,9,2.50696378830084,34,9.47075208913649,10,2.78551532033426
"04B4U","04",Charlottenburg-Wilmersdorf,4U,B,"044U",W,"4","79",0,410,3,407,160,39.3120393120393,91,22.3587223587224,61,14.987714987715,18,4.42260442260442,14,3.43980343980344,43,10.5651105651106,20,4.91400491400491
"04B4V","04",Charlottenburg-Wilmersdorf,4V,B,"044V",W,"4","79",0,350,2,347,123,35.4466858789625,55,15.850144092219,86,24.7838616714697,16,4.61095100864553,16,4.61095100864553,33,9.51008645533141,18,5.18731988472623
"04B4W","04",Charlottenburg-Wilmersdorf,4W,B,"044W",W,"4","79",0,394,1,393,96,24.4274809160305,95,24.1730279898219,110,27.9898218829517,30,7.63358778625954,3,0.763358778625954,33,8.3969465648855,26,6.61577608142494
"04B4X","04",Charlottenburg-Wilmersdorf,4X,B,"044X",W,"4","79",0,322,0,322,103,31.9875776397516,56,17.3913043478261,78,24.223602484472,34,10.5590062111801,8,2.48447204968944,34,10.5590062111801,9,2.79503105590062
"04B5A","04",Charlottenburg-Wilmersdorf,5A,B,"045A",W,"5","79",0,354,1,352,173,49.1477272727273,52,14.7727272727273,35,9.94318181818182,6,1.70454545454545,13,3.69318181818182,60,17.0454545454545,13,3.69318181818182
"04B5B","04",Charlottenburg-Wilmersdorf,5B,B,"045B",W,"5","79",0,666,0,665,345,51.8796992481203,116,17.4436090225564,49,7.36842105263158,19,2.85714285714286,21,3.15789473684211,86,12.9323308270677,29,4.3609022556391
"04B5C","04",Charlottenburg-Wilmersdorf,5C,B,"045C",W,"5","79",0,685,2,683,298,43.6310395314788,117,17.1303074670571,99,14.4948755490483,26,3.80673499267936,21,3.07467057101025,71,10.3953147877013,51,7.46705710102489
"04B5D","04",Charlottenburg-Wilmersdorf,5D,B,"045D",W,"5","79",0,387,2,385,130,33.7662337662338,74,19.2207792207792,78,20.2597402597403,29,7.53246753246753,11,2.85714285714286,33,8.57142857142857,30,7.79220779220779
"04B5E","04",Charlottenburg-Wilmersdorf,5E,B,"045E",W,"5","79",0,370,1,368,113,30.7065217391304,83,22.554347826087,80,21.7391304347826,22,5.97826086956522,15,4.07608695652174,31,8.42391304347826,24,6.52173913043478
"04B5F","04",Charlottenburg-Wilmersdorf,5F,B,"045F",W,"5","79",0,511,0,511,171,33.4637964774951,106,20.7436399217221,111,21.7221135029354,30,5.87084148727984,20,3.91389432485323,45,8.80626223091977,28,5.47945205479452
"04B5G","04",Charlottenburg-Wilmersdorf,5G,B,"045G",W,"5","79",0,691,1,690,243,35.2173913043478,133,19.2753623188406,180,26.0869565217391,35,5.07246376811594,17,2.46376811594203,53,7.68115942028986,29,4.20289855072464
"04B5H","04",Charlottenburg-Wilmersdorf,5H,B,"045H",W,"5","79",0,386,0,386,141,36.5284974093264,82,21.2435233160622,76,19.6891191709845,16,4.14507772020725,18,4.66321243523316,32,8.29015544041451,21,5.44041450777202
"04B5I","04",Charlottenburg-Wilmersdorf,5I,B,"045I",W,"5","79",0,637,2,635,248,39.0551181102362,151,23.7795275590551,94,14.8031496062992,27,4.25196850393701,37,5.82677165354331,44,6.92913385826772,34,5.35433070866142
"04B5J","04",Charlottenburg-Wilmersdorf,5J,B,"045J",W,"5","79",0,628,3,625,190,30.4,127,20.32,127,20.32,39,6.24,32,5.12,58,9.28,52,8.32
"04B5K","04",Charlottenburg-Wilmersdorf,5K,B,"045K",W,"5","79",0,631,3,628,174,27.7070063694268,157,25,154,24.5222929936306,33,5.25477707006369,30,4.77707006369427,38,6.05095541401274,42,6.68789808917197
"04B5L","04",Charlottenburg-Wilmersdorf,5L,B,"045L",W,"5","79",0,354,3,351,138,39.3162393162393,69,19.6581196581197,60,17.0940170940171,23,6.55270655270655,17,4.84330484330484,29,8.26210826210826,15,4.27350427350427
"04B5M","04",Charlottenburg-Wilmersdorf,5M,B,"045M",W,"5","79",0,365,0,365,131,35.8904109589041,73,20,75,20.5479452054795,27,7.3972602739726,11,3.01369863013699,32,8.76712328767123,16,4.38356164383562
"04B5N","04",Charlottenburg-Wilmersdorf,5N,B,"045N",W,"5","79",0,671,3,668,277,41.4670658682635,126,18.8622754491018,95,14.2215568862275,36,5.38922155688623,36,5.38922155688623,52,7.78443113772455,46,6.88622754491018
"04B5P","04",Charlottenburg-Wilmersdorf,5P,B,"045P",W,"5","79",0,450,8,442,196,44.3438914027149,86,19.4570135746606,73,16.5158371040724,13,2.94117647058824,12,2.71493212669683,39,8.82352941176471,23,5.20361990950226
"04B5Q","04",Charlottenburg-Wilmersdorf,5Q,B,"045Q",W,"5","79",0,703,2,701,362,51.6405135520685,98,13.9800285306705,64,9.12981455064194,14,1.99714693295292,45,6.41940085592011,87,12.4108416547789,31,4.42225392296719
"04B5R","04",Charlottenburg-Wilmersdorf,5R,B,"045R",W,"5","79",0,515,0,515,312,60.5825242718447,54,10.4854368932039,37,7.18446601941748,6,1.16504854368932,11,2.13592233009709,88,17.0873786407767,7,1.35922330097087
"04B5S","04",Charlottenburg-Wilmersdorf,5S,B,"045S",W,"5","79",0,470,2,468,254,54.2735042735043,74,15.8119658119658,43,9.18803418803419,13,2.77777777777778,20,4.27350427350427,54,11.5384615384615,10,2.13675213675214
"04B5T","04",Charlottenburg-Wilmersdorf,5T,B,"045T",W,"5","79",0,386,1,385,129,33.5064935064935,77,20,92,23.8961038961039,20,5.19480519480519,14,3.63636363636364,36,9.35064935064935,17,4.41558441558442
"04B6A","04",Charlottenburg-Wilmersdorf,6A,B,"046A",W,"6","79",0,659,2,657,207,31.5068493150685,126,19.1780821917808,162,24.6575342465753,45,6.84931506849315,18,2.73972602739726,57,8.67579908675799,42,6.39269406392694
"04B6B","04",Charlottenburg-Wilmersdorf,6B,B,"046B",W,"6","79",0,653,2,651,199,30.568356374808,145,22.273425499232,150,23.0414746543779,42,6.45161290322581,22,3.37941628264209,49,7.52688172043011,44,6.75883256528418
"04B6C","04",Charlottenburg-Wilmersdorf,6C,B,"046C",W,"6","79",0,279,1,278,85,30.5755395683453,51,18.3453237410072,64,23.021582733813,21,7.55395683453237,12,4.31654676258993,17,6.11510791366906,28,10.0719424460432
"04B6D","04",Charlottenburg-Wilmersdorf,6D,B,"046D",W,"6","79",0,342,1,341,115,33.7243401759531,65,19.0615835777126,73,21.4076246334311,18,5.27859237536657,14,4.10557184750733,32,9.3841642228739,24,7.03812316715543
"04B6E","04",Charlottenburg-Wilmersdorf,6E,B,"046E",W,"6","79",0,332,1,331,101,30.5135951661631,64,19.3353474320242,91,27.4924471299094,19,5.74018126888217,9,2.7190332326284,31,9.36555891238671,16,4.83383685800604
"04B6F","04",Charlottenburg-Wilmersdorf,6F,B,"046F",W,"6","79",0,362,3,358,106,29.608938547486,91,25.4189944134078,72,20.1117318435754,29,8.10055865921788,10,2.79329608938547,34,9.49720670391061,16,4.46927374301676
"04B6G","04",Charlottenburg-Wilmersdorf,6G,B,"046G",W,"6","79",0,330,1,329,108,32.8267477203647,64,19.4528875379939,71,21.580547112462,26,7.90273556231003,9,2.73556231003039,26,7.90273556231003,25,7.59878419452887
"04B6H","04",Charlottenburg-Wilmersdorf,6H,B,"046H",W,"6","79",0,408,0,407,128,31.4496314496315,87,21.3759213759214,115,28.2555282555283,29,7.12530712530713,10,2.45700245700246,21,5.15970515970516,17,4.17690417690418
"04B6I","04",Charlottenburg-Wilmersdorf,6I,B,"046I",W,"6","79",0,419,3,416,142,34.1346153846154,79,18.9903846153846,109,26.2019230769231,25,6.00961538461539,11,2.64423076923077,30,7.21153846153846,20,4.80769230769231
"04B6J","04",Charlottenburg-Wilmersdorf,6J,B,"046J",W,"6","79",0,356,2,354,118,33.3333333333333,70,19.774011299435,80,22.5988700564972,19,5.36723163841808,21,5.93220338983051,26,7.34463276836158,20,5.64971751412429
"04B6K","04",Charlottenburg-Wilmersdorf,6K,B,"046K",W,"6","79",0,506,0,506,134,26.4822134387352,122,24.1106719367589,141,27.8656126482213,34,6.71936758893281,13,2.56916996047431,39,7.70750988142292,23,4.54545454545455
"04B6L","04",Charlottenburg-Wilmersdorf,6L,B,"046L",W,"6","79",0,416,2,414,133,32.1256038647343,94,22.7053140096618,98,23.6714975845411,23,5.55555555555556,16,3.86473429951691,28,6.76328502415459,22,5.31400966183575
"04B6M","04",Charlottenburg-Wilmersdorf,6M,B,"046M",W,"6","79",0,383,1,382,124,32.4607329842932,85,22.2513089005236,68,17.8010471204188,26,6.80628272251309,19,4.9738219895288,38,9.94764397905759,22,5.75916230366492
"04B6N","04",Charlottenburg-Wilmersdorf,6N,B,"046N",W,"6","79",0,392,0,392,104,26.530612244898,93,23.7244897959184,116,29.5918367346939,24,6.12244897959184,11,2.80612244897959,17,4.33673469387755,27,6.88775510204082
"04B6P","04",Charlottenburg-Wilmersdorf,6P,B,"046P",W,"6","79",0,375,2,373,112,30.0268096514745,73,19.5710455764075,123,32.9758713136729,28,7.50670241286863,7,1.87667560321716,19,5.09383378016086,11,2.94906166219839
"04B6Q","04",Charlottenburg-Wilmersdorf,6Q,B,"046Q",W,"6","79",0,398,1,397,80,20.1511335012594,95,23.9294710327456,128,32.2418136020151,27,6.80100755667506,11,2.77078085642317,24,6.04534005037783,32,8.06045340050378
"04B6R","04",Charlottenburg-Wilmersdorf,6R,B,"046R",W,"6","79",0,748,9,739,198,26.7929634641407,175,23.680649526387,210,28.4167794316644,54,7.30717185385656,25,3.382949932341,35,4.7361299052774,42,5.68335588633288
"04B6S","04",Charlottenburg-Wilmersdorf,6S,B,"046S",W,"6","79",0,483,3,480,152,31.6666666666667,111,23.125,101,21.0416666666667,30,6.25,13,2.70833333333333,33,6.875,40,8.33333333333333
"04B6T","04",Charlottenburg-Wilmersdorf,6T,B,"046T",W,"6","79",0,365,2,363,99,27.2727272727273,63,17.3553719008264,104,28.6501377410468,31,8.53994490358127,12,3.30578512396694,17,4.6831955922865,37,10.1928374655647
"04B6U","04",Charlottenburg-Wilmersdorf,6U,B,"046U",W,"6","79",0,471,0,471,130,27.6008492569002,93,19.7452229299363,134,28.4501061571125,33,7.00636942675159,17,3.60934182590234,40,8.49256900212314,24,5.09554140127389
"04B6V","04",Charlottenburg-Wilmersdorf,6V,B,"046V",W,"6","79",0,731,1,730,157,21.5068493150685,160,21.9178082191781,238,32.6027397260274,50,6.84931506849315,13,1.78082191780822,46,6.3013698630137,66,9.04109589041096
"04B6W","04",Charlottenburg-Wilmersdorf,6W,B,"046W",W,"6","79",0,575,0,574,152,26.4808362369338,145,25.2613240418118,139,24.2160278745645,46,8.01393728222996,25,4.35540069686411,33,5.74912891986063,34,5.92334494773519
"04B7A","04",Charlottenburg-Wilmersdorf,7A,B,"047A",W,"7","79",0,429,3,425,134,31.5294117647059,96,22.5882352941176,81,19.0588235294118,38,8.94117647058824,22,5.17647058823529,22,5.17647058823529,32,7.52941176470588
"04B7B","04",Charlottenburg-Wilmersdorf,7B,B,"047B",W,"7","79",0,642,1,640,238,37.1875,151,23.59375,86,13.4375,27,4.21875,37,5.78125,42,6.5625,59,9.21875
"04B7C","04",Charlottenburg-Wilmersdorf,7C,B,"047C",W,"7","79",0,335,2,332,74,22.289156626506,58,17.4698795180723,100,30.1204819277108,40,12.0481927710843,12,3.6144578313253,25,7.53012048192771,23,6.92771084337349
"04B7D","04",Charlottenburg-Wilmersdorf,7D,B,"047D",W,"7","79",0,722,4,717,200,27.8940027894003,159,22.1757322175732,172,23.9888423988842,61,8.50767085076708,29,4.04463040446304,33,4.60251046025105,63,8.78661087866109
"04B7E","04",Charlottenburg-Wilmersdorf,7E,B,"047E",W,"7","79",0,395,2,392,88,22.4489795918367,81,20.6632653061225,142,36.2244897959184,22,5.61224489795918,8,2.04081632653061,22,5.61224489795918,29,7.39795918367347
"04B7F","04",Charlottenburg-Wilmersdorf,7F,B,"047F",W,"7","79",0,367,1,365,103,28.2191780821918,87,23.8356164383562,96,26.3013698630137,33,9.04109589041096,6,1.64383561643836,15,4.10958904109589,25,6.84931506849315
"04B7G","04",Charlottenburg-Wilmersdorf,7G,B,"047G",W,"7","79",0,579,2,576,160,27.7777777777778,114,19.7916666666667,151,26.2152777777778,50,8.68055555555556,24,4.16666666666667,34,5.90277777777778,43,7.46527777777778
"04B7H","04",Charlottenburg-Wilmersdorf,7H,B,"047H",W,"7","79",0,427,3,423,167,39.4799054373522,94,22.2222222222222,62,14.6572104018913,22,5.20094562647754,24,5.67375886524823,25,5.91016548463357,29,6.85579196217494
"04B7I","04",Charlottenburg-Wilmersdorf,7I,B,"047I",W,"7","79",0,503,2,500,166,33.2,131,26.2,111,22.2,32,6.4,13,2.6,24,4.8,23,4.6
"04B7J","04",Charlottenburg-Wilmersdorf,7J,B,"047J",W,"7","79",0,500,4,495,181,36.5656565656566,112,22.6262626262626,94,18.989898989899,36,7.27272727272727,18,3.63636363636364,21,4.24242424242424,33,6.66666666666667
"04B7K","04",Charlottenburg-Wilmersdorf,7K,B,"047K",W,"7","79",0,466,3,462,153,33.1168831168831,118,25.5411255411255,114,24.6753246753247,19,4.11255411255411,11,2.38095238095238,24,5.19480519480519,23,4.97835497835498
"04B7L","04",Charlottenburg-Wilmersdorf,7L,B,"047L",W,"7","79",0,425,3,422,150,35.5450236966825,90,21.3270142180095,88,20.8530805687204,27,6.39810426540284,15,3.55450236966825,31,7.34597156398104,21,4.97630331753555
"04B7M","04",Charlottenburg-Wilmersdorf,7M,B,"047M",W,"7","79",0,386,1,385,118,30.6493506493506,73,18.961038961039,92,23.8961038961039,35,9.09090909090909,10,2.5974025974026,26,6.75324675324675,31,8.05194805194805
"04B7N","04",Charlottenburg-Wilmersdorf,7N,B,"047N",W,"7","79",0,405,1,403,160,39.7022332506204,95,23.5732009925558,46,11.4143920595534,20,4.96277915632754,24,5.95533498759305,29,7.19602977667494,29,7.19602977667494
"04B7P","04",Charlottenburg-Wilmersdorf,7P,B,"047P",W,"7","79",0,382,0,381,109,28.6089238845144,77,20.2099737532808,81,21.259842519685,53,13.9107611548556,15,3.93700787401575,21,5.51181102362205,25,6.56167979002625
"04B7Q","04",Charlottenburg-Wilmersdorf,7Q,B,"047Q",W,"7","79",0,450,1,448,114,25.4464285714286,91,20.3125,134,29.9107142857143,35,7.8125,12,2.67857142857143,34,7.58928571428571,28,6.25
"04B7R","04",Charlottenburg-Wilmersdorf,7R,B,"047R",W,"7","79",0,323,0,322,132,40.9937888198758,83,25.776397515528,37,11.4906832298137,14,4.34782608695652,19,5.90062111801242,25,7.7639751552795,12,3.72670807453416
"04B7S","04",Charlottenburg-Wilmersdorf,7S,B,"047S",W,"7","79",0,388,1,387,168,43.4108527131783,89,22.9974160206718,52,13.4366925064599,16,4.1343669250646,14,3.61757105943152,37,9.56072351421188,11,2.84237726098191
"04B7T","04",Charlottenburg-Wilmersdorf,7T,B,"047T",W,"7","79",0,459,2,457,180,39.3873085339169,108,23.6323851203501,67,14.6608315098468,27,5.90809628008753,18,3.93873085339168,27,5.90809628008753,30,6.56455142231947
"04B7U","04",Charlottenburg-Wilmersdorf,7U,B,"047U",W,"7","79",0,439,2,436,164,37.6146788990826,109,25,73,16.743119266055,20,4.58715596330275,16,3.6697247706422,34,7.79816513761468,20,4.58715596330275
"04B7V","04",Charlottenburg-Wilmersdorf,7V,B,"047V",W,"7","79",0,390,0,389,150,38.560411311054,91,23.3933161953728,61,15.681233933162,16,4.11311053984576,15,3.8560411311054,37,9.51156812339332,19,4.88431876606684
"04B7W","04",Charlottenburg-Wilmersdorf,7W,B,"047W",W,"7","79",0,850,0,849,374,44.0518256772674,187,22.0259128386337,130,15.3121319199058,29,3.41578327444052,28,3.2979976442874,64,7.53828032979976,37,4.35806831566549
"04B7X","04",Charlottenburg-Wilmersdorf,7X,B,"047X",W,"7","79",0,430,3,427,111,25.9953161592506,105,24.5901639344262,86,20.1405152224824,43,10.0702576112412,13,3.04449648711944,34,7.96252927400468,35,8.19672131147541
"04B8A","04",Charlottenburg-Wilmersdorf,8A,B,"048A",W,"1","79",0,699,1,698,198,28.3667621776504,150,21.4899713467049,158,22.6361031518625,54,7.73638968481375,36,5.15759312320917,44,6.30372492836676,58,8.30945558739255
"04B8B","04",Charlottenburg-Wilmersdorf,8B,B,"048B",W,"1","79",0,418,0,418,125,29.9043062200957,91,21.7703349282297,108,25.8373205741627,30,7.17703349282297,19,4.54545454545455,23,5.50239234449761,22,5.26315789473684
"04B8C","04",Charlottenburg-Wilmersdorf,8C,B,"048C",W,"1","79",0,353,4,349,113,32.378223495702,89,25.5014326647564,72,20.6303724928367,25,7.16332378223496,9,2.57879656160458,11,3.15186246418338,30,8.59598853868195
"04B8D","04",Charlottenburg-Wilmersdorf,8D,B,"048D",W,"1","79",0,275,2,273,74,27.1062271062271,49,17.9487179487179,69,25.2747252747253,22,8.05860805860806,14,5.12820512820513,21,7.69230769230769,24,8.79120879120879
"04B8E","04",Charlottenburg-Wilmersdorf,8E,B,"048E",W,"1","79",0,415,5,410,99,24.1463414634146,79,19.2682926829268,119,29.0243902439024,34,8.29268292682927,19,4.63414634146341,26,6.34146341463415,34,8.29268292682927
"04B8F","04",Charlottenburg-Wilmersdorf,8F,B,"048F",W,"1","79",0,358,0,358,83,23.1843575418994,64,17.877094972067,112,31.2849162011173,31,8.65921787709497,19,5.3072625698324,14,3.91061452513966,35,9.77653631284916
"04W101","04",Charlottenburg-Wilmersdorf,"101",W,"041A",W,"1","77",1114,324,2,322,91,28.2608695652174,63,19.5652173913043,39,12.111801242236,23,7.14285714285714,46,14.2857142857143,18,5.59006211180124,42,13.0434782608696
"04W102","04",Charlottenburg-Wilmersdorf,"102",W,"041A",W,"1","77",1127,319,4,314,81,25.796178343949,74,23.5668789808917,40,12.7388535031847,20,6.36942675159236,41,13.0573248407643,17,5.4140127388535,41,13.0573248407643
"04W103","04",Charlottenburg-Wilmersdorf,"103",W,"041B",W,"1","77",781,256,5,250,89,35.6,48,19.2,24,9.6,20,8,37,14.8,11,4.4,21,8.4
"04W104","04",Charlottenburg-Wilmersdorf,"104",W,"041B",W,"1","77",1032,279,4,275,94,34.1818181818182,59,21.4545454545455,13,4.72727272727273,19,6.90909090909091,42,15.2727272727273,15,5.45454545454545,33,12
"04W105","04",Charlottenburg-Wilmersdorf,"105",W,"041C",W,"1","77",1118,316,12,304,96,31.5789473684211,74,24.3421052631579,29,9.53947368421053,23,7.56578947368421,37,12.1710526315789,13,4.27631578947368,32,10.5263157894737
"04W106","04",Charlottenburg-Wilmersdorf,"106",W,"041C",W,"1","77",990,253,4,249,61,24.4979919678715,61,24.4979919678715,34,13.6546184738956,22,8.83534136546185,34,13.6546184738956,13,5.22088353413655,24,9.63855421686747
"04W107","04",Charlottenburg-Wilmersdorf,"107",W,"041A",W,"1","77",1155,336,4,332,131,39.4578313253012,64,19.2771084337349,17,5.12048192771084,17,5.12048192771084,60,18.0722891566265,21,6.32530120481928,22,6.62650602409639
"04W108","04",Charlottenburg-Wilmersdorf,"108",W,"041D",W,"1","77",459,160,3,157,57,36.3057324840764,35,22.2929936305732,15,9.55414012738854,10,6.36942675159236,22,14.0127388535032,4,2.54777070063694,14,8.9171974522293
"04W109","04",Charlottenburg-Wilmersdorf,"109",W,"041D",W,"1","77",1061,262,3,259,92,35.5212355212355,44,16.988416988417,21,8.10810810810811,16,6.17760617760618,48,18.5328185328185,14,5.40540540540541,24,9.26640926640927
"04W110","04",Charlottenburg-Wilmersdorf,"110",W,"041D",W,"1","77",1151,344,7,337,113,33.5311572700297,95,28.1899109792285,26,7.71513353115727,17,5.04451038575668,46,13.6498516320475,14,4.15430267062314,26,7.71513353115727
"04W111","04",Charlottenburg-Wilmersdorf,"111",W,"041E",W,"1","77",981,284,5,279,104,37.2759856630824,56,20.0716845878136,17,6.09318996415771,14,5.01792114695341,42,15.0537634408602,20,7.16845878136201,26,9.31899641577061
"04W112","04",Charlottenburg-Wilmersdorf,"112",W,"041E",W,"1","77",1258,458,5,453,91,20.0883002207506,105,23.1788079470199,90,19.8675496688742,53,11.6997792494481,42,9.27152317880795,22,4.85651214128035,50,11.037527593819
"04W113","04",Charlottenburg-Wilmersdorf,"113",W,"041F",W,"1","77",1166,434,2,432,100,23.1481481481481,84,19.4444444444444,99,22.9166666666667,52,12.037037037037,33,7.63888888888889,26,6.01851851851852,38,8.7962962962963
"04W114","04",Charlottenburg-Wilmersdorf,"114",W,"041G",W,"1","77",1151,402,6,396,82,20.7070707070707,75,18.9393939393939,99,25,41,10.3535353535354,36,9.09090909090909,17,4.29292929292929,46,11.6161616161616
"04W115","04",Charlottenburg-Wilmersdorf,"115",W,"041H",W,"1","77",1126,427,1,426,73,17.1361502347418,74,17.3708920187793,122,28.6384976525822,65,15.2582159624413,30,7.04225352112676,18,4.22535211267606,44,10.3286384976526
"04W116","04",Charlottenburg-Wilmersdorf,"116",W,"041G",W,"1","77",1244,488,2,485,97,20,86,17.7319587628866,151,31.1340206185567,40,8.24742268041237,36,7.42268041237113,29,5.97938144329897,46,9.48453608247423
"04W117","04",Charlottenburg-Wilmersdorf,"117",W,"041I",W,"1","77",1047,328,2,325,75,23.0769230769231,74,22.7692307692308,61,18.7692307692308,27,8.30769230769231,27,8.30769230769231,31,9.53846153846154,30,9.23076923076923
"04W118","04",Charlottenburg-Wilmersdorf,"118",W,"041J",W,"1","77",1155,329,3,325,62,19.0769230769231,74,22.7692307692308,94,28.9230769230769,35,10.7692307692308,22,6.76923076923077,15,4.61538461538462,23,7.07692307692308
"04W119","04",Charlottenburg-Wilmersdorf,"119",W,"041K",W,"1","77",1199,403,1,401,67,16.7082294264339,83,20.6982543640898,99,24.6882793017456,70,17.4563591022444,26,6.48379052369077,24,5.98503740648379,32,7.98004987531172
"04W201","04",Charlottenburg-Wilmersdorf,"201",W,"042A",W,"2","79",921,324,3,320,111,34.6875,72,22.5,71,22.1875,8,2.5,22,6.875,21,6.5625,15,4.6875
"04W202","04",Charlottenburg-Wilmersdorf,"202",W,"042B",W,"2","79",1078,363,1,361,127,35.1800554016621,78,21.606648199446,60,16.6204986149584,25,6.92520775623269,23,6.37119113573407,25,6.92520775623269,23,6.37119113573407
"04W203","04",Charlottenburg-Wilmersdorf,"203",W,"042A",W,"2","79",987,311,3,307,107,34.8534201954397,47,15.3094462540717,55,17.9153094462541,22,7.16612377850163,31,10.0977198697068,35,11.400651465798,10,3.25732899022801
"04W204","04",Charlottenburg-Wilmersdorf,"204",W,"042C",W,"2","79",1266,389,3,385,151,39.2207792207792,89,23.1168831168831,36,9.35064935064935,21,5.45454545454545,29,7.53246753246753,25,6.49350649350649,34,8.83116883116883
"04W205","04",Charlottenburg-Wilmersdorf,"205",W,"042D",W,"2","79",1102,424,4,419,142,33.890214797136,75,17.8997613365155,64,15.2744630071599,24,5.72792362768496,27,6.44391408114559,51,12.1718377088305,36,8.59188544152745
"04W206","04",Charlottenburg-Wilmersdorf,"206",W,"042E",W,"2","79",1155,374,1,372,136,36.5591397849462,83,22.3118279569892,42,11.2903225806452,20,5.37634408602151,40,10.752688172043,25,6.72043010752688,26,6.98924731182796
"04W207","04",Charlottenburg-Wilmersdorf,"207",W,"042F",W,"2","79",1111,390,2,387,117,30.2325581395349,65,16.7958656330749,63,16.2790697674419,35,9.04392764857881,36,9.30232558139535,28,7.23514211886305,43,11.1111111111111
"04W208","04",Charlottenburg-Wilmersdorf,"208",W,"042G",W,"2","79",1087,272,2,270,52,19.2592592592593,57,21.1111111111111,71,26.2962962962963,28,10.3703703703704,18,6.66666666666667,16,5.92592592592593,28,10.3703703703704
"04W209","04",Charlottenburg-Wilmersdorf,"209",W,"042E",W,"2","79",979,351,1,349,108,30.945558739255,67,19.1977077363897,83,23.7822349570201,21,6.01719197707736,23,6.59025787965616,21,6.01719197707736,26,7.44985673352436
"04W210","04",Charlottenburg-Wilmersdorf,"210",W,"042H",W,"2","79",1158,440,3,436,186,42.6605504587156,92,21.1009174311927,68,15.5963302752294,19,4.35779816513761,32,7.3394495412844,19,4.35779816513761,20,4.58715596330275
"04W211","04",Charlottenburg-Wilmersdorf,"211",W,"042J",W,"2","79",1103,428,4,424,156,36.7924528301887,95,22.4056603773585,63,14.8584905660377,18,4.24528301886792,27,6.36792452830189,42,9.90566037735849,23,5.42452830188679
"04W212","04",Charlottenburg-Wilmersdorf,"212",W,"042K",W,"2","79",1210,460,1,458,158,34.4978165938865,116,25.3275109170306,77,16.8122270742358,18,3.93013100436681,28,6.11353711790393,36,7.86026200873363,25,5.45851528384279
"04W213","04",Charlottenburg-Wilmersdorf,"213",W,"042L",W,"2","79",1078,416,3,413,163,39.4673123486683,55,13.317191283293,79,19.1283292978208,12,2.90556900726392,25,6.05326876513317,51,12.3486682808717,28,6.77966101694915
"04W214","04",Charlottenburg-Wilmersdorf,"214",W,"042M",W,"2","79",1087,364,3,361,115,31.8559556786704,80,22.1606648199446,68,18.8365650969529,25,6.92520775623269,29,8.03324099722992,25,6.92520775623269,19,5.26315789473684
"04W215","04",Charlottenburg-Wilmersdorf,"215",W,"042N",W,"2","79",1260,373,1,372,69,18.5483870967742,84,22.5806451612903,102,27.4193548387097,46,12.3655913978495,24,6.45161290322581,15,4.03225806451613,32,8.60215053763441
"04W216","04",Charlottenburg-Wilmersdorf,"216",W,"042P",W,"2","79",1286,454,2,451,174,38.5809312638581,91,20.1773835920177,75,16.629711751663,19,4.21286031042129,28,6.20842572062084,39,8.64745011086474,25,5.54323725055432
"04W217","04",Charlottenburg-Wilmersdorf,"217",W,"042Q",W,"2","79",1244,466,5,460,148,32.1739130434783,96,20.8695652173913,98,21.304347826087,27,5.8695652173913,25,5.43478260869565,36,7.82608695652174,30,6.52173913043478
"04W218","04",Charlottenburg-Wilmersdorf,"218",W,"042R",W,"2","79",1230,429,4,424,167,39.3867924528302,74,17.4528301886792,69,16.2735849056604,29,6.83962264150943,25,5.89622641509434,36,8.49056603773585,24,5.66037735849057
"04W219","04",Charlottenburg-Wilmersdorf,"219",W,"042S",W,"2","79",1285,417,1,416,135,32.4519230769231,100,24.0384615384615,58,13.9423076923077,28,6.73076923076923,32,7.69230769230769,44,10.5769230769231,19,4.56730769230769
"04W220","04",Charlottenburg-Wilmersdorf,"220",W,"042T",W,"2","79",973,448,2,446,139,31.1659192825112,79,17.7130044843049,106,23.7668161434978,35,7.847533632287,20,4.48430493273543,52,11.6591928251121,15,3.36322869955157
"04W221","04",Charlottenburg-Wilmersdorf,"221",W,"042U",W,"2","79",1218,419,0,419,130,31.0262529832936,79,18.854415274463,83,19.8090692124105,29,6.92124105011933,19,4.5346062052506,40,9.54653937947494,39,9.30787589498807
"04W222","04",Charlottenburg-Wilmersdorf,"222",W,"042V",W,"2","79",1215,413,3,410,106,25.8536585365854,72,17.5609756097561,104,25.3658536585366,32,7.80487804878049,32,7.80487804878049,26,6.34146341463415,38,9.26829268292683
"04W223","04",Charlottenburg-Wilmersdorf,"223",W,"042W",W,"2","79",1095,362,3,359,97,27.0194986072423,69,19.2200557103064,77,21.4484679665738,21,5.84958217270195,29,8.07799442896936,31,8.63509749303621,35,9.74930362116992
"04W224","04",Charlottenburg-Wilmersdorf,"224",W,"042T",W,"2","79",1058,524,6,518,174,33.5907335907336,85,16.4092664092664,145,27.992277992278,22,4.24710424710425,13,2.50965250965251,56,10.8108108108108,23,4.44015444015444
"04W225","04",Charlottenburg-Wilmersdorf,"225",W,"042X",W,"2","79",1234,257,3,254,52,20.4724409448819,60,23.6220472440945,62,24.4094488188976,28,11.0236220472441,22,8.66141732283465,16,6.2992125984252,14,5.51181102362205
"04W226","04",Charlottenburg-Wilmersdorf,"226",W,"042Y",W,"2","79",1269,430,1,429,135,31.4685314685315,117,27.2727272727273,74,17.2494172494172,24,5.59440559440559,25,5.82750582750583,37,8.62470862470862,17,3.96270396270396
"04W227","04",Charlottenburg-Wilmersdorf,"227",W,"042G",W,"2","79",1045,334,2,332,69,20.7831325301205,74,22.289156626506,82,24.6987951807229,38,11.4457831325301,29,8.73493975903614,12,3.6144578313253,28,8.43373493975904
"04W301","04",Charlottenburg-Wilmersdorf,"301",W,"043A",W,"3","79",1270,442,5,437,74,16.9336384439359,91,20.8237986270023,101,23.1121281464531,64,14.6453089244851,45,10.2974828375286,18,4.11899313501144,44,10.0686498855835
"04W302","04",Charlottenburg-Wilmersdorf,"302",W,"043B",W,"3","79",1049,411,10,401,83,20.6982543640898,83,20.6982543640898,101,25.1870324189526,43,10.7231920199501,27,6.73316708229426,23,5.7356608478803,41,10.2244389027431
"04W303","04",Charlottenburg-Wilmersdorf,"303",W,"043B",W,"3","79",1157,472,4,468,132,28.2051282051282,80,17.0940170940171,133,28.4188034188034,37,7.90598290598291,18,3.84615384615385,35,7.47863247863248,33,7.05128205128205
"04W304","04",Charlottenburg-Wilmersdorf,"304",W,"043C",W,"3","79",1039,427,5,422,105,24.8815165876777,79,18.7203791469194,104,24.6445497630332,44,10.4265402843602,28,6.63507109004739,28,6.63507109004739,34,8.05687203791469
"04W305","04",Charlottenburg-Wilmersdorf,"305",W,"043D",W,"3","79",926,361,1,360,56,15.5555555555556,87,24.1666666666667,112,31.1111111111111,54,15,19,5.27777777777778,6,1.66666666666667,26,7.22222222222222
"04W306","04",Charlottenburg-Wilmersdorf,"306",W,"043A",W,"3","79",1038,467,4,463,71,15.3347732181425,91,19.6544276457883,156,33.6933045356371,80,17.2786177105832,9,1.9438444924406,16,3.45572354211663,40,8.63930885529158
"04W307","04",Charlottenburg-Wilmersdorf,"307",W,"043E",W,"3","79",1186,473,4,469,98,20.8955223880597,84,17.910447761194,141,30.0639658848614,53,11.3006396588486,26,5.54371002132196,19,4.05117270788913,48,10.2345415778252
"04W308","04",Charlottenburg-Wilmersdorf,"308",W,"043F",W,"3","79",757,283,4,278,73,26.2589928057554,71,25.5395683453237,42,15.1079136690647,24,8.63309352517986,17,6.11510791366906,19,6.83453237410072,32,11.5107913669065
"04W309","04",Charlottenburg-Wilmersdorf,"309",W,"043F",W,"3","79",1162,414,5,409,114,27.8728606356968,80,19.559902200489,70,17.1149144254279,44,10.7579462102689,36,8.80195599022005,20,4.88997555012225,45,11.0024449877751
"04W310","04",Charlottenburg-Wilmersdorf,"310",W,"043G",W,"3","79",1135,440,2,437,99,22.6544622425629,97,22.1967963386728,105,24.0274599542334,59,13.5011441647597,25,5.720823798627,24,5.49199084668192,28,6.40732265446224
"04W311","04",Charlottenburg-Wilmersdorf,"311",W,"043H",W,"3","79",971,348,0,347,77,22.1902017291066,79,22.7665706051873,86,24.7838616714697,33,9.51008645533141,7,2.01729106628242,27,7.78097982708934,38,10.9510086455331
"04W312","04",Charlottenburg-Wilmersdorf,"312",W,"043I",W,"3","79",791,287,2,284,49,17.2535211267606,68,23.943661971831,89,31.3380281690141,25,8.80281690140845,13,4.57746478873239,12,4.22535211267606,28,9.85915492957746
"04W313","04",Charlottenburg-Wilmersdorf,"313",W,"043J",W,"3","79",1175,424,5,418,106,25.3588516746411,89,21.2918660287081,107,25.5980861244019,33,7.89473684210526,20,4.78468899521531,28,6.69856459330144,35,8.37320574162679
"04W314","04",Charlottenburg-Wilmersdorf,"314",W,"043K",W,"3","79",1136,414,3,410,72,17.5609756097561,89,21.7073170731707,134,32.6829268292683,57,13.9024390243902,13,3.17073170731707,22,5.36585365853659,23,5.60975609756098
"04W315","04",Charlottenburg-Wilmersdorf,"315",W,"043I",W,"3","79",1114,415,2,412,93,22.5728155339806,72,17.4757281553398,130,31.5533980582524,47,11.4077669902913,17,4.12621359223301,27,6.55339805825243,26,6.31067961165049
"04W316","04",Charlottenburg-Wilmersdorf,"316",W,"043L",W,"3","79",1169,480,3,476,124,26.0504201680672,120,25.2100840336134,100,21.0084033613445,31,6.51260504201681,23,4.83193277310924,50,10.5042016806723,28,5.88235294117647
"04W317","04",Charlottenburg-Wilmersdorf,"317",W,"043L",W,"3","79",995,423,2,420,128,30.4761904761905,87,20.7142857142857,97,23.0952380952381,32,7.61904761904762,14,3.33333333333333,33,7.85714285714286,29,6.90476190476191
"04W318","04",Charlottenburg-Wilmersdorf,"318",W,"043M",W,"3","79",1115,478,1,476,71,14.9159663865546,86,18.0672268907563,160,33.6134453781513,68,14.2857142857143,19,3.99159663865546,38,7.98319327731092,34,7.14285714285714
"04W319","04",Charlottenburg-Wilmersdorf,"319",W,"043N",W,"3","79",905,368,2,365,69,18.9041095890411,82,22.4657534246575,125,34.2465753424658,44,12.0547945205479,11,3.01369863013699,19,5.20547945205479,15,4.10958904109589
"04W320","04",Charlottenburg-Wilmersdorf,"320",W,"043P",W,"3","79",1017,346,0,345,67,19.4202898550725,64,18.5507246376812,101,29.2753623188406,50,14.4927536231884,15,4.34782608695652,28,8.11594202898551,20,5.79710144927536
"04W321","04",Charlottenburg-Wilmersdorf,"321",W,"043Q",W,"3","79",1105,427,5,421,92,21.8527315914489,90,21.3776722090261,115,27.3159144893112,31,7.36342042755344,21,4.98812351543943,45,10.6888361045131,27,6.41330166270784
"04W322","04",Charlottenburg-Wilmersdorf,"322",W,"043R",W,"3","79",1199,458,5,452,99,21.9026548672566,90,19.9115044247788,136,30.0884955752212,44,9.73451327433628,16,3.53982300884956,35,7.74336283185841,32,7.07964601769912
"04W323","04",Charlottenburg-Wilmersdorf,"323",W,"043S",W,"3","79",1108,398,2,395,104,26.3291139240506,80,20.253164556962,104,26.3291139240506,27,6.83544303797468,21,5.31645569620253,35,8.86075949367089,24,6.07594936708861
"04W324","04",Charlottenburg-Wilmersdorf,"324",W,"043S",W,"3","79",1090,408,1,406,113,27.8325123152709,101,24.8768472906404,85,20.935960591133,29,7.14285714285714,21,5.17241379310345,29,7.14285714285714,28,6.89655172413793
"04W325","04",Charlottenburg-Wilmersdorf,"325",W,"043P",W,"3","79",695,197,3,193,36,18.6528497409326,34,17.6165803108808,60,31.0880829015544,18,9.32642487046632,11,5.69948186528497,20,10.3626943005181,14,7.25388601036269
"04W326","04",Charlottenburg-Wilmersdorf,"326",W,"043K",W,"3","79",915,310,1,308,71,23.0519480519481,55,17.8571428571429,76,24.6753246753247,39,12.6623376623377,18,5.84415584415584,25,8.11688311688312,24,7.79220779220779
"04W327","04",Charlottenburg-Wilmersdorf,"327",W,"043C",W,"3","79",976,341,1,339,72,21.2389380530973,79,23.3038348082596,103,30.3834808259587,32,9.43952802359882,13,3.83480825958702,11,3.24483775811209,29,8.55457227138643
"04W328","04",Charlottenburg-Wilmersdorf,"328",W,"043E",W,"3","79",1102,420,4,416,108,25.9615384615385,114,27.4038461538462,74,17.7884615384615,37,8.89423076923077,29,6.97115384615385,14,3.36538461538462,40,9.61538461538462
"04W329","04",Charlottenburg-Wilmersdorf,"329",W,"043D",W,"3","79",1203,500,2,498,108,21.6867469879518,92,18.4738955823293,145,29.1164658634538,77,15.4618473895582,22,4.41767068273092,12,2.40963855421687,42,8.43373493975904
"04W401","04",Charlottenburg-Wilmersdorf,"401",W,"044A",W,"4","79",1253,379,3,376,77,20.4787234042553,69,18.3510638297872,97,25.7978723404255,46,12.2340425531915,24,6.38297872340426,22,5.85106382978723,41,10.9042553191489
"04W402","04",Charlottenburg-Wilmersdorf,"402",W,"044B",W,"4","79",1263,415,6,409,105,25.6723716381418,91,22.2493887530562,59,14.4254278728606,46,11.2469437652812,38,9.29095354523227,23,5.62347188264059,47,11.4914425427873
"04W403","04",Charlottenburg-Wilmersdorf,"403",W,"044C",W,"4","79",804,305,2,303,77,25.4125412541254,55,18.1518151815182,82,27.0627062706271,23,7.59075907590759,14,4.62046204620462,38,12.5412541254125,14,4.62046204620462
"04W404","04",Charlottenburg-Wilmersdorf,"404",W,"044D",W,"4","79",1033,414,3,410,94,22.9268292682927,108,26.3414634146341,97,23.6585365853659,38,9.26829268292683,25,6.09756097560976,25,6.09756097560976,23,5.60975609756098
"04W405","04",Charlottenburg-Wilmersdorf,"405",W,"044E",W,"4","79",1121,439,4,434,86,19.815668202765,74,17.0506912442396,128,29.4930875576037,59,13.5944700460829,25,5.76036866359447,25,5.76036866359447,37,8.52534562211982
"04W406","04",Charlottenburg-Wilmersdorf,"406",W,"044F",W,"4","79",1205,380,6,374,110,29.4117647058824,72,19.2513368983957,72,19.2513368983957,37,9.89304812834225,27,7.2192513368984,23,6.14973262032086,33,8.82352941176471
"04W407","04",Charlottenburg-Wilmersdorf,"407",W,"044D",W,"4","79",960,360,2,357,76,21.2885154061625,76,21.2885154061625,98,27.4509803921569,44,12.3249299719888,17,4.76190476190476,22,6.1624649859944,24,6.72268907563025
"04W408","04",Charlottenburg-Wilmersdorf,"408",W,"044F",W,"4","79",1151,330,3,326,93,28.5276073619632,74,22.6993865030675,55,16.8711656441718,40,12.2699386503067,25,7.66871165644172,21,6.44171779141104,18,5.52147239263804
"04W409","04",Charlottenburg-Wilmersdorf,"409",W,"044G",W,"4","79",1263,442,5,436,111,25.4587155963303,86,19.7247706422018,105,24.0825688073394,47,10.7798165137615,25,5.73394495412844,30,6.88073394495413,32,7.3394495412844
"04W410","04",Charlottenburg-Wilmersdorf,"410",W,"044H",W,"4","79",1202,448,4,444,80,18.018018018018,88,19.8198198198198,113,25.4504504504505,63,14.1891891891892,20,4.5045045045045,40,9.00900900900901,40,9.00900900900901
"04W411","04",Charlottenburg-Wilmersdorf,"411",W,"044J",W,"4","79",1178,404,0,404,108,26.7326732673267,79,19.5544554455446,102,25.2475247524752,41,10.1485148514851,15,3.71287128712871,34,8.41584158415842,25,6.18811881188119
"04W412","04",Charlottenburg-Wilmersdorf,"412",W,"044H",W,"4","79",1031,406,2,404,123,30.4455445544554,75,18.5643564356436,106,26.2376237623762,29,7.17821782178218,25,6.18811881188119,16,3.96039603960396,30,7.42574257425743
"04W413","04",Charlottenburg-Wilmersdorf,"413",W,"044K",W,"4","79",1116,462,1,461,96,20.824295010846,103,22.3427331887202,112,24.295010845987,50,10.8459869848156,26,5.63991323210412,36,7.80911062906724,38,8.24295010845987
"04W414","04",Charlottenburg-Wilmersdorf,"414",W,"044L",W,"4","79",1198,440,2,438,102,23.2876712328767,100,22.8310502283105,105,23.972602739726,37,8.44748858447489,19,4.337899543379,36,8.21917808219178,39,8.9041095890411
"04W415","04",Charlottenburg-Wilmersdorf,"415",W,"044L",W,"4","79",1137,384,1,382,94,24.6073298429319,74,19.3717277486911,101,26.4397905759162,41,10.7329842931937,25,6.54450261780105,26,6.80628272251309,21,5.49738219895288
"04W416","04",Charlottenburg-Wilmersdorf,"416",W,"044M",W,"4","79",869,270,0,270,50,18.5185185185185,57,21.1111111111111,71,26.2962962962963,33,12.2222222222222,18,6.66666666666667,19,7.03703703703704,22,8.14814814814815
"04W417","04",Charlottenburg-Wilmersdorf,"417",W,"044M",W,"4","79",1098,469,5,464,135,29.0948275862069,83,17.8879310344828,121,26.0775862068966,30,6.46551724137931,22,4.74137931034483,43,9.26724137931035,30,6.46551724137931
"04W418","04",Charlottenburg-Wilmersdorf,"418",W,"044N",W,"4","79",848,367,1,366,100,27.3224043715847,92,25.1366120218579,77,21.0382513661202,17,4.6448087431694,19,5.19125683060109,33,9.01639344262295,28,7.65027322404372
"04W419","04",Charlottenburg-Wilmersdorf,"419",W,"044P",W,"4","79",1245,496,5,491,135,27.4949083503055,83,16.9042769857434,127,25.8655804480652,60,12.2199592668024,8,1.62932790224033,46,9.36863543788187,32,6.5173116089613
"04W420","04",Charlottenburg-Wilmersdorf,"420",W,"044C",W,"4","79",790,290,2,288,87,30.2083333333333,60,20.8333333333333,55,19.0972222222222,21,7.29166666666667,27,9.375,24,8.33333333333333,14,4.86111111111111
"04W421","04",Charlottenburg-Wilmersdorf,"421",W,"044Q",W,"4","79",959,328,2,326,96,29.4478527607362,68,20.8588957055215,56,17.1779141104294,20,6.13496932515337,23,7.05521472392638,34,10.4294478527607,29,8.89570552147239
"04W422","04",Charlottenburg-Wilmersdorf,"422",W,"044R",W,"4","79",1264,424,0,424,103,24.2924528301887,75,17.688679245283,119,28.0660377358491,29,6.83962264150943,24,5.66037735849057,49,11.5566037735849,25,5.89622641509434
"04W423","04",Charlottenburg-Wilmersdorf,"423",W,"044S",W,"4","79",838,233,0,233,98,42.0600858369099,36,15.450643776824,33,14.1630901287554,6,2.57510729613734,15,6.43776824034335,24,10.3004291845494,21,9.01287553648069
"04W424","04",Charlottenburg-Wilmersdorf,"424",W,"044T",W,"4","79",1182,446,2,444,155,34.9099099099099,99,22.2972972972973,65,14.6396396396396,31,6.98198198198198,24,5.40540540540541,42,9.45945945945946,28,6.30630630630631
"04W425","04",Charlottenburg-Wilmersdorf,"425",W,"044U",W,"4","79",1153,384,5,379,148,39.0501319261214,63,16.622691292876,63,16.622691292876,19,5.0131926121372,27,7.12401055408971,38,10.0263852242744,21,5.54089709762533
"04W426","04",Charlottenburg-Wilmersdorf,"426",W,"044N",W,"4","79",1051,369,1,368,85,23.0978260869565,75,20.3804347826087,110,29.8913043478261,27,7.33695652173913,10,2.71739130434783,30,8.15217391304348,31,8.42391304347826
"04W427","04",Charlottenburg-Wilmersdorf,"427",W,"044V",W,"4","79",1077,269,0,268,76,28.3582089552239,52,19.4029850746269,62,23.134328358209,23,8.58208955223881,27,10.0746268656716,14,5.22388059701492,14,5.22388059701492
"04W428","04",Charlottenburg-Wilmersdorf,"428",W,"044W",W,"4","79",1210,497,3,494,122,24.6963562753036,100,20.2429149797571,118,23.8866396761134,52,10.5263157894737,37,7.48987854251012,24,4.8582995951417,41,8.29959514170041
"04W429","04",Charlottenburg-Wilmersdorf,"429",W,"044X",W,"4","79",1160,378,2,375,93,24.8,72,19.2,95,25.3333333333333,45,12,26,6.93333333333333,23,6.13333333333333,21,5.6
"04W501","04",Charlottenburg-Wilmersdorf,"501",W,"045A",W,"5","79",1115,424,0,423,175,41.371158392435,71,16.7848699763593,39,9.21985815602837,27,6.38297872340426,23,5.43735224586288,63,14.8936170212766,25,5.91016548463357
"04W502","04",Charlottenburg-Wilmersdorf,"502",W,"045B",W,"5","79",1074,394,0,393,195,49.618320610687,60,15.2671755725191,50,12.7226463104326,12,3.05343511450382,18,4.58015267175572,50,12.7226463104326,8,2.03562340966921
"04W503","04",Charlottenburg-Wilmersdorf,"503",W,"045C",W,"5","79",1087,375,2,372,190,51.0752688172043,53,14.247311827957,46,12.3655913978495,13,3.49462365591398,15,4.03225806451613,46,12.3655913978495,9,2.41935483870968
"04W504","04",Charlottenburg-Wilmersdorf,"504",W,"045C",W,"5","79",1233,423,4,418,146,34.9282296650718,78,18.6602870813397,74,17.7033492822967,34,8.13397129186603,22,5.26315789473684,35,8.37320574162679,29,6.9377990430622
"04W505","04",Charlottenburg-Wilmersdorf,"505",W,"045D",W,"5","79",1130,341,3,337,100,29.673590504451,72,21.3649851632047,59,17.5074183976261,23,6.82492581602374,23,6.82492581602374,36,10.6824925816024,24,7.12166172106825
"04W506","04",Charlottenburg-Wilmersdorf,"506",W,"045E",W,"5","79",1156,398,2,395,123,31.1392405063291,78,19.746835443038,86,21.7721518987342,23,5.82278481012658,24,6.07594936708861,39,9.87341772151899,22,5.56962025316456
"04W507","04",Charlottenburg-Wilmersdorf,"507",W,"045F",W,"5","79",900,304,2,301,95,31.5614617940199,68,22.5913621262458,51,16.9435215946844,21,6.97674418604651,18,5.98006644518272,27,8.97009966777409,21,6.97674418604651
"04W508","04",Charlottenburg-Wilmersdorf,"508",W,"045F",W,"5","79",825,347,1,345,95,27.536231884058,81,23.4782608695652,73,21.1594202898551,27,7.82608695652174,27,7.82608695652174,25,7.2463768115942,17,4.92753623188406
"04W509","04",Charlottenburg-Wilmersdorf,"509",W,"045G",W,"5","79",1153,352,6,345,98,28.4057971014493,71,20.5797101449275,84,24.3478260869565,29,8.40579710144928,11,3.18840579710145,31,8.98550724637681,21,6.08695652173913
"04W510","04",Charlottenburg-Wilmersdorf,"510",W,"045H",W,"5","79",1107,399,4,394,127,32.2335025380711,69,17.5126903553299,64,16.243654822335,26,6.5989847715736,36,9.13705583756345,45,11.4213197969543,27,6.85279187817259
"04W511","04",Charlottenburg-Wilmersdorf,"511",W,"045I",W,"5","79",1179,317,1,315,116,36.8253968253968,65,20.6349206349206,50,15.8730158730159,20,6.34920634920635,21,6.66666666666667,21,6.66666666666667,22,6.98412698412698
"04W512","04",Charlottenburg-Wilmersdorf,"512",W,"045J",W,"5","79",1233,426,3,422,153,36.2559241706161,82,19.4312796208531,55,13.0331753554502,26,6.16113744075829,35,8.29383886255924,31,7.34597156398104,40,9.47867298578199
"04W513","04",Charlottenburg-Wilmersdorf,"513",W,"045I",W,"5","79",883,310,2,308,107,34.7402597402597,61,19.8051948051948,38,12.3376623376623,33,10.7142857142857,25,8.11688311688312,21,6.81818181818182,23,7.46753246753247
"04W514","04",Charlottenburg-Wilmersdorf,"514",W,"045J",W,"5","79",875,285,2,283,98,34.6289752650177,51,18.0212014134276,63,22.2614840989399,12,4.24028268551237,14,4.9469964664311,28,9.89399293286219,17,6.00706713780919
"04W515","04",Charlottenburg-Wilmersdorf,"515",W,"045K",W,"5","79",851,280,2,278,88,31.6546762589928,54,19.4244604316547,56,20.1438848920863,20,7.19424460431655,11,3.9568345323741,26,9.35251798561151,23,8.27338129496403
"04W516","04",Charlottenburg-Wilmersdorf,"516",W,"045K",W,"5","79",970,339,0,339,93,27.4336283185841,80,23.598820058997,58,17.1091445427729,30,8.84955752212389,28,8.25958702064897,28,8.25958702064897,22,6.48967551622419
"04W517","04",Charlottenburg-Wilmersdorf,"517",W,"045L",W,"5","79",1274,425,6,418,136,32.5358851674641,79,18.8995215311005,70,16.7464114832536,36,8.61244019138756,37,8.85167464114833,24,5.74162679425837,36,8.61244019138756
"04W518","04",Charlottenburg-Wilmersdorf,"518",W,"045M",W,"5","79",1169,319,3,315,104,33.015873015873,57,18.0952380952381,53,16.8253968253968,20,6.34920634920635,33,10.4761904761905,24,7.61904761904762,24,7.61904761904762
"04W519","04",Charlottenburg-Wilmersdorf,"519",W,"045N",W,"5","79",1214,421,2,419,141,33.6515513126492,80,19.0930787589499,70,16.7064439140811,24,5.72792362768496,30,7.15990453460621,33,7.87589498806683,41,9.78520286396181
"04W520","04",Charlottenburg-Wilmersdorf,"520",W,"045P",W,"5","79",1282,435,1,434,163,37.5576036866359,93,21.4285714285714,60,13.8248847926267,26,5.99078341013825,38,8.75576036866359,29,6.68202764976959,25,5.76036866359447
"04W521","04",Charlottenburg-Wilmersdorf,"521",W,"045B",W,"5","79",961,323,2,321,160,49.8442367601246,52,16.1993769470405,30,9.34579439252336,9,2.80373831775701,16,4.98442367601246,39,12.1495327102804,15,4.67289719626168
"04W522","04",Charlottenburg-Wilmersdorf,"522",W,"045Q",W,"5","79",1122,421,0,421,210,49.8812351543943,51,12.1140142517815,35,8.31353919239905,15,3.56294536817102,38,9.02612826603325,61,14.4893111638955,11,2.61282660332542
"04W523","04",Charlottenburg-Wilmersdorf,"523",W,"045Q",W,"5","79",1085,457,2,455,179,39.3406593406593,94,20.6593406593407,62,13.6263736263736,24,5.27472527472527,25,5.49450549450549,47,10.3296703296703,24,5.27472527472527
"04W524","04",Charlottenburg-Wilmersdorf,"524",W,"045R",W,"5","79",1173,354,1,353,196,55.5240793201133,39,11.0481586402266,37,10.4815864022663,5,1.41643059490085,24,6.79886685552408,42,11.8980169971671,10,2.8328611898017
"04W525","04",Charlottenburg-Wilmersdorf,"525",W,"045S",W,"5","79",1126,322,1,321,144,44.8598130841121,56,17.4454828660436,44,13.7071651090343,9,2.80373831775701,15,4.67289719626168,40,12.4610591900312,13,4.04984423676012
"04W526","04",Charlottenburg-Wilmersdorf,"526",W,"045N",W,"5","79",1035,309,3,306,102,33.3333333333333,61,19.9346405228758,36,11.7647058823529,17,5.55555555555556,32,10.4575163398693,40,13.0718954248366,18,5.88235294117647
"04W527","04",Charlottenburg-Wilmersdorf,"527",W,"045T",W,"5","79",1110,270,1,269,80,29.7397769516729,57,21.1895910780669,45,16.728624535316,20,7.43494423791822,15,5.57620817843866,26,9.66542750929368,26,9.66542750929368
"04W528","04",Charlottenburg-Wilmersdorf,"528",W,"045G",W,"5","79",772,274,1,273,90,32.967032967033,59,21.6117216117216,52,19.047619047619,19,6.95970695970696,15,5.49450549450549,26,9.52380952380952,12,4.3956043956044
"04W601","04",Charlottenburg-Wilmersdorf,"601",W,"046A",W,"6","79",1038,429,2,426,136,31.924882629108,94,22.0657276995305,80,18.7793427230047,25,5.86854460093897,29,6.8075117370892,37,8.68544600938967,25,5.86854460093897
"04W602","04",Charlottenburg-Wilmersdorf,"602",W,"046A",W,"6","79",1055,423,3,419,133,31.7422434367542,85,20.2863961813842,74,17.6610978520286,47,11.2171837708831,17,4.05727923627685,43,10.2625298329356,20,4.77326968973747
"04W603","04",Charlottenburg-Wilmersdorf,"603",W,"046B",W,"6","79",1138,362,3,359,113,31.4763231197772,70,19.4986072423398,67,18.6629526462396,45,12.5348189415042,12,3.34261838440111,33,9.19220055710306,19,5.2924791086351
"04W604","04",Charlottenburg-Wilmersdorf,"604",W,"046B",W,"6","79",1222,435,1,433,133,30.715935334873,87,20.0923787528868,72,16.6281755196305,37,8.54503464203233,28,6.46651270207852,31,7.15935334872979,45,10.3926096997691
"04W605","04",Charlottenburg-Wilmersdorf,"605",W,"046C",W,"6","79",1043,405,2,403,94,23.3250620347395,101,25.0620347394541,89,22.0843672456576,49,12.1588089330025,22,5.4590570719603,27,6.69975186104218,21,5.21091811414392
"04W606","04",Charlottenburg-Wilmersdorf,"606",W,"046D",W,"6","79",1158,429,1,427,119,27.8688524590164,96,22.4824355971897,90,21.0772833723653,34,7.96252927400468,21,4.91803278688525,32,7.49414519906323,35,8.19672131147541
"04W607","04",Charlottenburg-Wilmersdorf,"607",W,"046E",W,"6","79",1100,364,1,363,97,26.7217630853994,64,17.6308539944904,96,26.4462809917355,31,8.53994490358127,20,5.50964187327824,34,9.366391184573,21,5.78512396694215
"04W608","04",Charlottenburg-Wilmersdorf,"608",W,"046F",W,"6","79",1187,380,3,377,106,28.1167108753316,72,19.0981432360743,77,20.4244031830239,38,10.079575596817,26,6.89655172413793,33,8.75331564986737,25,6.63129973474801
"04W609","04",Charlottenburg-Wilmersdorf,"609",W,"046G",W,"6","79",1116,369,1,368,120,32.6086956521739,80,21.7391304347826,46,12.5,33,8.96739130434783,41,11.1413043478261,27,7.33695652173913,21,5.70652173913043
"04W610","04",Charlottenburg-Wilmersdorf,"610",W,"046H",W,"6","79",1144,440,1,439,104,23.6902050113895,93,21.1845102505695,118,26.879271070615,43,9.79498861047836,30,6.83371298405467,29,6.60592255125285,22,5.01138952164009
"04W611","04",Charlottenburg-Wilmersdorf,"611",W,"046I",W,"6","79",1200,472,3,468,149,31.8376068376068,111,23.7179487179487,92,19.6581196581197,35,7.47863247863248,12,2.56410256410256,37,7.90598290598291,32,6.83760683760684
"04W612","04",Charlottenburg-Wilmersdorf,"612",W,"046J",W,"6","79",1093,394,4,389,117,30.0771208226221,90,23.1362467866324,64,16.452442159383,37,9.51156812339332,14,3.59897172236504,35,8.9974293059126,32,8.22622107969152
"04W613","04",Charlottenburg-Wilmersdorf,"613",W,"046K",W,"6","79",1207,349,3,345,76,22.0289855072464,77,22.3188405797101,106,30.7246376811594,31,8.98550724637681,15,4.34782608695652,20,5.79710144927536,20,5.79710144927536
"04W614","04",Charlottenburg-Wilmersdorf,"614",W,"046L",W,"6","79",1115,316,1,314,85,27.0700636942675,67,21.3375796178344,58,18.4713375796178,30,9.55414012738854,12,3.82165605095541,33,10.5095541401274,29,9.23566878980892
"04W615","04",Charlottenburg-Wilmersdorf,"615",W,"046M",W,"6","79",1107,385,4,380,96,25.2631578947368,93,24.4736842105263,89,23.4210526315789,35,9.21052631578947,25,6.57894736842105,12,3.15789473684211,30,7.89473684210526
"04W616","04",Charlottenburg-Wilmersdorf,"616",W,"046N",W,"6","79",1037,380,6,373,59,15.8176943699732,75,20.1072386058981,127,34.0482573726542,49,13.1367292225201,10,2.68096514745308,27,7.23860589812332,26,6.97050938337802
"04W617","04",Charlottenburg-Wilmersdorf,"617",W,"046P",W,"6","79",1258,442,12,430,126,29.3023255813954,76,17.6744186046512,103,23.953488372093,56,13.0232558139535,19,4.41860465116279,31,7.2093023255814,19,4.41860465116279
"04W618","04",Charlottenburg-Wilmersdorf,"618",W,"046Q",W,"6","79",1125,386,8,377,80,21.2201591511936,91,24.1379310344828,101,26.790450928382,37,9.81432360742706,25,6.63129973474801,23,6.10079575596817,20,5.30503978779841
"04W619","04",Charlottenburg-Wilmersdorf,"619",W,"046R",W,"6","79",1135,409,2,407,94,23.0958230958231,108,26.5356265356265,88,21.6216216216216,48,11.7936117936118,24,5.8968058968059,30,7.37100737100737,15,3.68550368550369
"04W620","04",Charlottenburg-Wilmersdorf,"620",W,"046S",W,"6","79",1261,353,5,347,95,27.3775216138329,66,19.0201729106628,69,19.8847262247839,44,12.6801152737752,19,5.47550432276657,29,8.35734870317003,25,7.20461095100865
"04W621","04",Charlottenburg-Wilmersdorf,"621",W,"046T",W,"6","79",1260,495,2,492,118,23.9837398373984,104,21.1382113821138,138,28.0487804878049,39,7.92682926829268,31,6.30081300813008,27,5.48780487804878,35,7.11382113821138
"04W622","04",Charlottenburg-Wilmersdorf,"622",W,"046U",W,"6","79",1284,460,0,459,96,20.9150326797386,115,25.0544662309368,110,23.9651416122004,48,10.4575163398693,20,4.35729847494553,33,7.18954248366013,37,8.06100217864924
"04W623","04",Charlottenburg-Wilmersdorf,"623",W,"046R",W,"6","79",1231,468,3,464,139,29.9568965517241,116,25,85,18.3189655172414,41,8.83620689655172,22,4.74137931034483,30,6.46551724137931,31,6.68103448275862
"04W624","04",Charlottenburg-Wilmersdorf,"624",W,"046V",W,"6","79",1233,550,5,544,128,23.5294117647059,119,21.875,135,24.8161764705882,73,13.4191176470588,24,4.41176470588235,23,4.22794117647059,42,7.72058823529412
"04W625","04",Charlottenburg-Wilmersdorf,"625",W,"046V",W,"6","79",1204,488,5,482,125,25.9336099585062,89,18.4647302904564,137,28.4232365145228,50,10.3734439834025,19,3.94190871369295,21,4.35684647302905,41,8.50622406639004
"04W626","04",Charlottenburg-Wilmersdorf,"626",W,"046W",W,"6","79",1096,431,3,427,83,19.4379391100703,77,18.0327868852459,128,29.9765807962529,53,12.4121779859485,28,6.55737704918033,15,3.51288056206089,43,10.0702576112412
"04W627","04",Charlottenburg-Wilmersdorf,"627",W,"046W",W,"6","79",930,267,4,263,68,25.8555133079848,59,22.4334600760456,44,16.7300380228137,21,7.98479087452472,29,11.0266159695817,18,6.84410646387833,24,9.1254752851711
"04W701","04",Charlottenburg-Wilmersdorf,"701",W,"047A",W,"7","79",1221,381,7,373,101,27.0777479892761,92,24.6648793565684,83,22.2520107238606,35,9.38337801608579,17,4.55764075067024,20,5.36193029490617,25,6.70241286863271
"04W702","04",Charlottenburg-Wilmersdorf,"702",W,"047B",W,"7","79",1115,363,6,356,119,33.4269662921348,60,16.8539325842697,47,13.2022471910112,36,10.1123595505618,29,8.14606741573034,23,6.46067415730337,42,11.7977528089888
"04W703","04",Charlottenburg-Wilmersdorf,"703",W,"047C",W,"7","79",1228,465,3,461,110,23.8611713665944,84,18.2212581344902,122,26.4642082429501,54,11.7136659436009,27,5.85683297180043,18,3.90455531453362,46,9.97830802603037
"04W704","04",Charlottenburg-Wilmersdorf,"704",W,"047D",W,"7","79",1183,384,0,383,106,27.6762402088773,94,24.5430809399478,68,17.7545691906005,31,8.09399477806789,41,10.7049608355091,12,3.1331592689295,31,8.09399477806789
"04W705","04",Charlottenburg-Wilmersdorf,"705",W,"047E",W,"7","79",1061,394,2,391,97,24.8081841432225,78,19.9488491048593,110,28.1329923273657,33,8.43989769820972,28,7.16112531969309,19,4.85933503836317,26,6.64961636828645
"04W706","04",Charlottenburg-Wilmersdorf,"706",W,"047F",W,"7","79",1168,563,4,558,134,24.0143369175627,136,24.3727598566308,161,28.8530465949821,39,6.98924731182796,25,4.48028673835125,21,3.76344086021505,42,7.52688172043011
"04W707","04",Charlottenburg-Wilmersdorf,"707",W,"047G",W,"7","79",981,365,1,363,81,22.3140495867769,89,24.5179063360882,72,19.8347107438017,40,11.0192837465565,23,6.33608815426997,21,5.78512396694215,37,10.1928374655647
"04W708","04",Charlottenburg-Wilmersdorf,"708",W,"047G",W,"7","79",1229,468,2,465,137,29.4623655913978,98,21.0752688172043,95,20.4301075268817,34,7.31182795698925,37,7.95698924731183,29,6.23655913978495,35,7.52688172043011
"04W709","04",Charlottenburg-Wilmersdorf,"709",W,"047H",W,"7","79",1252,335,5,329,120,36.4741641337386,70,21.2765957446809,29,8.81458966565349,27,8.20668693009119,40,12.1580547112462,17,5.16717325227964,26,7.90273556231003
"04W710","04",Charlottenburg-Wilmersdorf,"710",W,"047I",W,"7","79",1277,499,3,495,142,28.6868686868687,132,26.6666666666667,119,24.040404040404,28,5.65656565656566,22,4.44444444444444,23,4.64646464646465,29,5.85858585858586
"04W711","04",Charlottenburg-Wilmersdorf,"711",W,"047J",W,"7","79",1271,405,3,402,117,29.1044776119403,81,20.1492537313433,65,16.1691542288557,32,7.96019900497512,36,8.95522388059701,30,7.46268656716418,41,10.1990049751244
"04W712","04",Charlottenburg-Wilmersdorf,"712",W,"047K",W,"7","79",1241,467,3,463,117,25.2699784017279,107,23.110151187905,108,23.3261339092873,49,10.5831533477322,17,3.67170626349892,36,7.77537796976242,29,6.26349892008639
"04W713","04",Charlottenburg-Wilmersdorf,"713",W,"047L",W,"7","79",1212,500,1,498,156,31.3253012048193,107,21.4859437751004,116,23.2931726907631,35,7.0281124497992,26,5.22088353413655,32,6.42570281124498,26,5.22088353413655
"04W714","04",Charlottenburg-Wilmersdorf,"714",W,"047M",W,"7","79",1270,533,4,528,136,25.7575757575758,125,23.6742424242424,123,23.2954545454545,44,8.33333333333333,27,5.11363636363636,29,5.49242424242424,44,8.33333333333333
"04W715","04",Charlottenburg-Wilmersdorf,"715",W,"047N",W,"7","79",1160,336,1,335,123,36.7164179104478,69,20.5970149253731,48,14.3283582089552,12,3.58208955223881,32,9.55223880597015,23,6.86567164179105,28,8.35820895522388
"04W716","04",Charlottenburg-Wilmersdorf,"716",W,"047P",W,"7","79",1252,474,6,468,105,22.4358974358974,90,19.2307692307692,109,23.2905982905983,63,13.4615384615385,47,10.042735042735,16,3.41880341880342,38,8.11965811965812
"04W717","04",Charlottenburg-Wilmersdorf,"717",W,"047Q",W,"7","79",1230,516,4,512,106,20.703125,136,26.5625,112,21.875,67,13.0859375,31,6.0546875,17,3.3203125,43,8.3984375
"04W718","04",Charlottenburg-Wilmersdorf,"718",W,"047R",W,"7","79",996,378,9,368,124,33.695652173913,75,20.3804347826087,54,14.6739130434783,19,5.16304347826087,35,9.51086956521739,29,7.8804347826087,32,8.69565217391304
"04W719","04",Charlottenburg-Wilmersdorf,"719",W,"047B",W,"7","79",980,301,1,299,115,38.4615384615385,55,18.3946488294314,34,11.371237458194,18,6.02006688963211,34,11.371237458194,24,8.02675585284281,19,6.35451505016722
"04W720","04",Charlottenburg-Wilmersdorf,"720",W,"047S",W,"7","79",1250,464,5,458,178,38.8646288209607,95,20.7423580786026,68,14.8471615720524,23,5.02183406113537,22,4.80349344978166,50,10.9170305676856,22,4.80349344978166
"04W721","04",Charlottenburg-Wilmersdorf,"721",W,"047T",W,"7","79",1232,456,3,452,175,38.716814159292,85,18.8053097345133,63,13.9380530973451,29,6.41592920353982,35,7.74336283185841,42,9.29203539823009,23,5.08849557522124
"04W722","04",Charlottenburg-Wilmersdorf,"722",W,"047U",W,"7","79",1290,494,8,486,172,35.3909465020576,87,17.9012345679012,91,18.7242798353909,38,7.81893004115226,36,7.40740740740741,33,6.79012345679012,29,5.96707818930041
"04W723","04",Charlottenburg-Wilmersdorf,"723",W,"047V",W,"7","79",1137,402,2,400,142,35.5,81,20.25,76,19,18,4.5,28,7,33,8.25,22,5.5
"04W724","04",Charlottenburg-Wilmersdorf,"724",W,"047W",W,"7","79",1156,398,1,397,146,36.7758186397985,98,24.6851385390428,68,17.1284634760705,22,5.54156171284635,35,8.81612090680101,16,4.03022670025189,12,3.02267002518892
"04W725","04",Charlottenburg-Wilmersdorf,"725",W,"047D",W,"7","79",1189,445,2,442,123,27.8280542986425,98,22.1719457013575,98,22.1719457013575,38,8.5972850678733,25,5.65610859728507,27,6.10859728506787,33,7.46606334841629
"04W726","04",Charlottenburg-Wilmersdorf,"726",W,"047X",W,"7","79",1230,543,4,539,160,29.6846011131725,120,22.2634508348794,104,19.2949907235622,41,7.60667903525046,42,7.79220779220779,35,6.49350649350649,37,6.86456400742115
"04W727","04",Charlottenburg-Wilmersdorf,"727",W,"047W",W,"7","79",1247,481,4,477,185,38.7840670859539,94,19.706498951782,88,18.4486373165618,13,2.72536687631027,31,6.49895178197065,48,10.062893081761,18,3.77358490566038
"04W801","04",Charlottenburg-Wilmersdorf,"801",W,"048A",W,"1","79",982,324,5,318,93,29.2452830188679,68,21.3836477987421,72,22.6415094339623,37,11.6352201257862,17,5.34591194968553,20,6.28930817610063,11,3.45911949685535
"04W802","04",Charlottenburg-Wilmersdorf,"802",W,"048B",W,"1","79",1082,297,4,293,73,24.9146757679181,52,17.7474402730375,75,25.5972696245734,27,9.21501706484642,22,7.50853242320819,12,4.09556313993174,32,10.9215017064846
"04W803","04",Charlottenburg-Wilmersdorf,"803",W,"048C",W,"1","79",1151,339,1,338,73,21.5976331360947,74,21.8934911242604,67,19.8224852071006,40,11.8343195266272,29,8.57988165680473,21,6.21301775147929,34,10.0591715976331
"04W804","04",Charlottenburg-Wilmersdorf,"804",W,"048D",W,"1","79",1071,367,2,364,97,26.6483516483516,58,15.9340659340659,73,20.0549450549451,35,9.61538461538462,40,10.989010989011,24,6.59340659340659,37,10.1648351648352
"04W805","04",Charlottenburg-Wilmersdorf,"805",W,"048A",W,"1","79",1169,367,5,362,84,23.2044198895028,77,21.2707182320442,92,25.414364640884,37,10.2209944751381,23,6.353591160221,17,4.69613259668508,32,8.83977900552486
"04W806","04",Charlottenburg-Wilmersdorf,"806",W,"048E",W,"1","79",1227,361,0,360,68,18.8888888888889,78,21.6666666666667,102,28.3333333333333,46,12.7777777777778,10,2.77777777777778,19,5.27777777777778,37,10.2777777777778
"04W807","04",Charlottenburg-Wilmersdorf,"807",W,"048F",W,"1","79",1130,331,3,327,77,23.5474006116208,50,15.2905198776758,83,25.3822629969419,47,14.3730886850153,24,7.3394495412844,13,3.97553516819572,33,10.0917431192661
"05B1A","05",Spandau,1A,B,"051A",W,"1","77",0,442,5,436,182,41.743119266055,98,22.4770642201835,73,16.743119266055,17,3.89908256880734,13,2.98165137614679,21,4.81651376146789,32,7.3394495412844
"05B1B","05",Spandau,1B,B,"051B",W,"1","77",0,520,4,515,215,41.747572815534,94,18.252427184466,54,10.4854368932039,31,6.01941747572816,49,9.51456310679612,28,5.4368932038835,44,8.54368932038835
"05B1C","05",Spandau,1C,B,"051C",W,"1","77",0,541,1,539,213,39.5176252319109,114,21.1502782931354,61,11.317254174397,29,5.38033395176252,35,6.49350649350649,22,4.08163265306122,65,12.0593692022263
"05B1D","05",Spandau,1D,B,"051D",W,"1","77",0,179,3,175,70,40,37,21.1428571428571,18,10.2857142857143,6,3.42857142857143,16,9.14285714285714,8,4.57142857142857,20,11.4285714285714
"05B1E","05",Spandau,1E,B,"051E",W,"1","77",0,294,2,292,111,38.013698630137,58,19.8630136986301,22,7.53424657534247,18,6.16438356164384,26,8.9041095890411,12,4.10958904109589,45,15.4109589041096
"05B1F","05",Spandau,1F,B,"051F",W,"1","77",0,114,1,113,39,34.5132743362832,20,17.6991150442478,7,6.19469026548673,6,5.30973451327434,10,8.84955752212389,4,3.53982300884956,27,23.8938053097345
"05B1G","05",Spandau,1G,B,"051G",W,"1","77",0,486,5,481,192,39.9168399168399,110,22.8690228690229,65,13.5135135135135,19,3.95010395010395,38,7.9002079002079,26,5.40540540540541,31,6.44490644490645
"05B1H","05",Spandau,1H,B,"051H",W,"1","77",0,247,3,243,94,38.6831275720165,56,23.0452674897119,29,11.9341563786008,11,4.52674897119342,19,7.81893004115226,12,4.93827160493827,22,9.05349794238683
"05B1J","05",Spandau,1J,B,"051J",W,"1","77",0,594,8,585,204,34.8717948717949,131,22.3931623931624,82,14.017094017094,34,5.81196581196581,41,7.00854700854701,25,4.27350427350427,68,11.6239316239316
"05B1K","05",Spandau,1K,B,"051K",W,"1","77",0,420,4,415,149,35.9036144578313,100,24.0963855421687,52,12.5301204819277,25,6.02409638554217,32,7.71084337349398,14,3.37349397590361,43,10.3614457831325
"05B1L","05",Spandau,1L,B,"051L",W,"1","77",0,541,2,538,209,38.8475836431227,127,23.6059479553903,47,8.7360594795539,25,4.64684014869888,63,11.7100371747212,21,3.90334572490706,46,8.55018587360595
"05B1M","05",Spandau,1M,B,"051M",W,"1","77",0,555,2,552,239,43.2971014492754,124,22.463768115942,59,10.6884057971014,25,4.52898550724638,44,7.97101449275362,26,4.71014492753623,35,6.34057971014493
"05B1N","05",Spandau,1N,B,"051N",W,"1","77",0,562,1,560,246,43.9285714285714,127,22.6785714285714,59,10.5357142857143,23,4.10714285714286,46,8.21428571428571,28,5,31,5.53571428571429
"05B1P","05",Spandau,1P,B,"051P",W,"1","77",0,312,2,309,119,38.5113268608414,72,23.3009708737864,40,12.9449838187702,11,3.55987055016181,28,9.06148867313916,17,5.50161812297735,22,7.11974110032362
"05B1Q","05",Spandau,1Q,B,"051Q",W,"1","77",0,450,3,446,155,34.7533632286996,112,25.1121076233184,37,8.29596412556054,27,6.05381165919283,58,13.0044843049327,15,3.36322869955157,42,9.41704035874439
"05B1R","05",Spandau,1R,B,"051R",W,"1","77",0,430,7,422,195,46.2085308056872,104,24.6445497630332,19,4.50236966824645,10,2.3696682464455,37,8.76777251184834,11,2.60663507109005,46,10.9004739336493
"05B1S","05",Spandau,1S,B,"051S",W,"1","77",0,346,3,343,151,44.0233236151604,87,25.3644314868805,29,8.45481049562682,13,3.79008746355685,23,6.70553935860058,11,3.2069970845481,29,8.45481049562682
"05B1T","05",Spandau,1T,B,"051T",W,"1","77",0,427,3,424,184,43.3962264150943,97,22.877358490566,34,8.0188679245283,20,4.71698113207547,33,7.78301886792453,17,4.00943396226415,39,9.19811320754717
"05B2A","05",Spandau,2A,B,"052A",W,"2","77",0,498,2,495,172,34.7474747474747,105,21.2121212121212,56,11.3131313131313,35,7.07070707070707,40,8.08080808080808,20,4.04040404040404,67,13.5353535353535
"05B2B","05",Spandau,2B,B,"052B",W,"2","77",0,520,6,513,165,32.1637426900585,116,22.6120857699805,86,16.7641325536062,36,7.01754385964912,34,6.62768031189084,21,4.09356725146199,55,10.7212475633528
"05B2C","05",Spandau,2C,B,"052C",W,"2","77",0,473,6,466,157,33.6909871244635,106,22.7467811158798,82,17.5965665236052,31,6.65236051502146,25,5.36480686695279,19,4.07725321888412,46,9.87124463519313
"05B2D","05",Spandau,2D,B,"052D",W,"2","77",0,421,3,418,148,35.4066985645933,97,23.2057416267943,65,15.5502392344498,23,5.50239234449761,29,6.9377990430622,14,3.34928229665072,42,10.0478468899522
"05B2E","05",Spandau,2E,B,"052E",W,"2","77",0,355,2,353,120,33.9943342776204,98,27.7620396600567,31,8.78186968838527,14,3.96600566572238,39,11.0481586402266,11,3.11614730878187,40,11.3314447592068
"05B2F","05",Spandau,2F,B,"052F",W,"2","77",0,396,1,395,143,36.2025316455696,103,26.0759493670886,46,11.6455696202532,18,4.55696202531646,38,9.62025316455696,11,2.78481012658228,36,9.11392405063291
"05B2G","05",Spandau,2G,B,"052G",W,"2","77",0,347,7,340,118,34.7058823529412,98,28.8235294117647,23,6.76470588235294,10,2.94117647058824,48,14.1176470588235,12,3.52941176470588,31,9.11764705882353
"05B2H","05",Spandau,2H,B,"052H",W,"2","77",0,365,1,364,123,33.7912087912088,104,28.5714285714286,38,10.4395604395604,13,3.57142857142857,31,8.51648351648352,12,3.2967032967033,43,11.8131868131868
"05B2J","05",Spandau,2J,B,"052J",W,"2","77",0,416,3,413,166,40.1937046004843,105,25.4237288135593,33,7.99031476997579,12,2.90556900726392,35,8.47457627118644,13,3.14769975786925,49,11.864406779661
"05B2K","05",Spandau,2K,B,"052K",W,"2","77",0,484,2,482,189,39.2116182572614,119,24.6887966804979,43,8.92116182572614,19,3.94190871369295,44,9.12863070539419,20,4.149377593361,48,9.95850622406639
"05B2L","05",Spandau,2L,B,"052L",W,"2","77",0,321,2,319,100,31.3479623824451,77,24.1379310344828,35,10.9717868338558,21,6.58307210031348,27,8.46394984326019,14,4.38871473354232,45,14.1065830721003
"05B2M","05",Spandau,2M,B,"052M",W,"2","77",0,415,3,412,176,42.7184466019417,98,23.7864077669903,34,8.25242718446602,19,4.61165048543689,36,8.7378640776699,20,4.85436893203883,29,7.03883495145631
"05B2N","05",Spandau,2N,B,"052N",W,"2","77",0,322,1,321,128,39.8753894080997,65,20.2492211838006,43,13.3956386292835,10,3.11526479750779,27,8.41121495327103,14,4.3613707165109,34,10.5919003115265
"05B2P","05",Spandau,2P,B,"052P",W,"2","77",0,342,2,340,154,45.2941176470588,74,21.7647058823529,32,9.41176470588235,11,3.23529411764706,29,8.52941176470588,12,3.52941176470588,28,8.23529411764706
"05B3A","05",Spandau,3A,B,"053A",W,"3","77",0,495,5,489,174,35.5828220858896,92,18.8139059304703,67,13.7014314928425,27,5.52147239263804,43,8.79345603271984,28,5.72597137014315,58,11.8609406952965
"05B3B","05",Spandau,3B,B,"053B",W,"3","77",0,558,4,553,164,29.6564195298373,113,20.4339963833635,89,16.0940325497288,35,6.32911392405063,59,10.6690777576854,28,5.06329113924051,65,11.754068716094
"05B3C","05",Spandau,3C,B,"053C",W,"3","77",0,543,3,539,184,34.1372912801484,118,21.8923933209648,72,13.3580705009276,32,5.93692022263451,50,9.27643784786642,23,4.26716141001855,60,11.1317254174397
"05B3D","05",Spandau,3D,B,"053D",W,"3","77",0,485,4,480,136,28.3333333333333,145,30.2083333333333,70,14.5833333333333,24,5,41,8.54166666666667,24,5,40,8.33333333333333
"05B3E","05",Spandau,3E,B,"053E",W,"3","77",0,458,3,454,186,40.9691629955947,95,20.9251101321586,51,11.2334801762115,23,5.06607929515418,34,7.48898678414097,22,4.84581497797357,43,9.47136563876652
"05B3F","05",Spandau,3F,B,"053F",W,"3","77",0,502,4,498,198,39.7590361445783,92,18.4738955823293,56,11.2449799196787,28,5.62248995983936,45,9.03614457831325,27,5.42168674698795,52,10.4417670682731
"05B3G","05",Spandau,3G,B,"053G",W,"3","77",0,446,3,443,141,31.8284424379233,89,20.0902934537246,71,16.0270880361174,27,6.09480812641084,37,8.35214446952596,28,6.32054176072235,50,11.2866817155756
"05B3H","05",Spandau,3H,B,"053H",W,"3","77",0,481,2,478,154,32.2175732217573,93,19.4560669456067,81,16.9456066945607,32,6.69456066945607,39,8.15899581589958,23,4.81171548117155,56,11.7154811715481
"05B3J","05",Spandau,3J,B,"053J",W,"3","77",0,421,2,419,133,31.7422434367542,87,20.763723150358,71,16.945107398568,27,6.44391408114559,32,7.63723150357995,25,5.96658711217184,44,10.5011933174224
"05B3K","05",Spandau,3K,B,"053K",W,"3","77",0,437,2,434,170,39.1705069124424,88,20.2764976958525,62,14.2857142857143,20,4.60829493087558,23,5.29953917050691,20,4.60829493087558,51,11.7511520737327
"05B3L","05",Spandau,3L,B,"053L",W,"3","77",0,248,1,247,123,49.7975708502024,52,21.0526315789474,24,9.7165991902834,8,3.23886639676113,16,6.47773279352227,5,2.02429149797571,19,7.69230769230769
"05B3M","05",Spandau,3M,B,"053M",W,"3","77",0,418,1,417,193,46.2829736211031,92,22.0623501199041,45,10.7913669064748,15,3.59712230215827,34,8.15347721822542,9,2.15827338129496,29,6.95443645083933
"05B3N","05",Spandau,3N,B,"053N",W,"3","77",0,430,3,427,188,44.0281030444965,101,23.6533957845433,32,7.49414519906323,12,2.81030444964871,32,7.49414519906323,23,5.3864168618267,39,9.13348946135831
"05B3P","05",Spandau,3P,B,"053P",W,"3","77",0,327,2,324,125,38.5802469135802,74,22.8395061728395,32,9.87654320987654,17,5.24691358024691,17,5.24691358024691,14,4.32098765432099,45,13.8888888888889
"05B3Q","05",Spandau,3Q,B,"053Q",W,"3","77",0,281,0,280,133,47.5,50,17.8571428571429,35,12.5,8,2.85714285714286,22,7.85714285714286,11,3.92857142857143,21,7.5
"05B3R","05",Spandau,3R,B,"053R",W,"3","77",0,287,0,287,102,35.5400696864112,66,22.9965156794425,38,13.2404181184669,11,3.83275261324042,22,7.66550522648084,12,4.18118466898955,36,12.5435540069686
"05B3S","05",Spandau,3S,B,"053S",W,"3","77",0,298,0,298,106,35.5704697986577,65,21.8120805369128,46,15.4362416107383,15,5.03355704697987,30,10.0671140939597,14,4.69798657718121,22,7.38255033557047
"05B4A","05",Spandau,4A,B,"054A",W,"4","77",0,555,6,549,233,42.4408014571949,152,27.6867030965392,39,7.10382513661202,18,3.27868852459016,43,7.83242258652095,12,2.18579234972678,52,9.47176684881603
"05B4B","05",Spandau,4B,B,"054B",W,"4","77",0,573,1,571,271,47.4605954465849,130,22.7670753064799,49,8.58143607705779,19,3.32749562171629,38,6.65499124343257,21,3.67775831873905,43,7.53064798598949
"05B4C","05",Spandau,4C,B,"054C",W,"4","77",0,653,2,650,312,48,128,19.6923076923077,65,10,17,2.61538461538462,41,6.30769230769231,28,4.30769230769231,59,9.07692307692308
"05B4D","05",Spandau,4D,B,"054D",W,"4","77",0,576,2,573,338,58.9877835951134,91,15.8813263525305,47,8.20244328097731,16,2.79232111692845,18,3.1413612565445,23,4.01396160558464,40,6.98080279232112
"05B4E","05",Spandau,4E,B,"054E",W,"4","77",0,359,1,358,163,45.5307262569832,76,21.2290502793296,44,12.2905027932961,8,2.23463687150838,21,5.8659217877095,16,4.46927374301676,30,8.37988826815642
"05B4F","05",Spandau,4F,B,"054F",W,"4","77",0,432,2,430,210,48.8372093023256,73,16.9767441860465,51,11.8604651162791,12,2.7906976744186,32,7.44186046511628,18,4.18604651162791,34,7.90697674418605
"05B4G","05",Spandau,4G,B,"054G",W,"4","77",0,357,2,355,174,49.0140845070423,65,18.3098591549296,28,7.88732394366197,11,3.09859154929577,25,7.04225352112676,15,4.22535211267606,37,10.4225352112676
"05B4H","05",Spandau,4H,B,"054H",W,"4","77",0,578,3,575,284,49.3913043478261,114,19.8260869565217,56,9.73913043478261,18,3.1304347826087,39,6.78260869565217,27,4.69565217391304,37,6.43478260869565
"05B4J","05",Spandau,4J,B,"054J",W,"4","77",0,511,5,506,228,45.0592885375494,101,19.9604743083004,37,7.31225296442688,17,3.3596837944664,51,10.0790513833992,19,3.75494071146245,53,10.4743083003953
"05B4K","05",Spandau,4K,B,"054K",W,"4","77",0,517,5,512,229,44.7265625,113,22.0703125,19,3.7109375,16,3.125,54,10.546875,21,4.1015625,60,11.71875
"05B4L","05",Spandau,4L,B,"054L",W,"4","77",0,535,5,530,254,47.9245283018868,110,20.7547169811321,42,7.92452830188679,17,3.20754716981132,41,7.73584905660377,24,4.52830188679245,42,7.92452830188679
"05B4M","05",Spandau,4M,B,"054M",W,"4","77",0,380,4,376,187,49.7340425531915,81,21.5425531914894,26,6.91489361702128,7,1.86170212765957,40,10.6382978723404,17,4.52127659574468,18,4.78723404255319
"05B4N","05",Spandau,4N,B,"054N",W,"4","77",0,443,0,443,218,49.2099322799097,109,24.6049661399549,29,6.54627539503386,9,2.03160270880361,37,8.35214446952596,16,3.6117381489842,25,5.64334085778781
"05B4P","05",Spandau,4P,B,"054P",W,"4","77",0,610,5,605,276,45.6198347107438,148,24.4628099173554,39,6.44628099173554,23,3.80165289256198,49,8.09917355371901,33,5.45454545454545,37,6.11570247933884
"05B4Q","05",Spandau,4Q,B,"054Q",W,"4","77",0,463,1,462,196,42.4242424242424,116,25.1082251082251,34,7.35930735930736,13,2.81385281385281,46,9.95670995670996,14,3.03030303030303,43,9.30735930735931
"05B4R","05",Spandau,4R,B,"054R",W,"4","77",0,558,4,554,267,48.1949458483755,108,19.4945848375451,62,11.1913357400722,10,1.80505415162455,41,7.40072202166065,38,6.85920577617329,28,5.05415162454874
"05B5A","05",Spandau,5A,B,"055A",W,"5","77",0,475,6,469,242,51.5991471215352,109,23.2409381663113,29,6.18336886993603,2,0.426439232409382,27,5.75692963752665,28,5.97014925373134,32,6.82302771855011
"05B5B","05",Spandau,5B,B,"055B",W,"5","77",0,442,2,440,151,34.3181818181818,127,28.8636363636364,24,5.45454545454545,12,2.72727272727273,69,15.6818181818182,18,4.09090909090909,39,8.86363636363636
"05B5C","05",Spandau,5C,B,"055C",W,"5","77",0,513,3,509,228,44.7937131630648,132,25.9332023575639,37,7.26915520628684,14,2.75049115913556,34,6.67976424361493,16,3.1434184675835,48,9.43025540275049
"05B5D","05",Spandau,5D,B,"055D",W,"5","77",0,599,1,597,285,47.7386934673367,140,23.4505862646566,58,9.71524288107203,11,1.84254606365159,28,4.69011725293132,43,7.20268006700168,32,5.36013400335008
"05B5E","05",Spandau,5E,B,"055E",W,"5","77",0,602,2,599,301,50.2504173622704,120,20.0333889816361,47,7.84641068447412,21,3.50584307178631,24,4.00667779632721,47,7.84641068447412,39,6.51085141903172
"05B5F","05",Spandau,5F,B,"055F",W,"5","77",0,565,4,560,273,48.75,124,22.1428571428571,62,11.0714285714286,17,3.03571428571429,27,4.82142857142857,16,2.85714285714286,41,7.32142857142857
"05B5G","05",Spandau,5G,B,"055G",W,"5","77",0,482,5,476,184,38.655462184874,128,26.890756302521,55,11.5546218487395,18,3.78151260504202,30,6.30252100840336,14,2.94117647058824,47,9.87394957983193
"05B5H","05",Spandau,5H,B,"055H",W,"5","77",0,437,1,436,203,46.5596330275229,106,24.3119266055046,47,10.7798165137615,6,1.37614678899083,27,6.19266055045872,29,6.65137614678899,18,4.12844036697248
"05B5J","05",Spandau,5J,B,"055J",W,"5","77",0,615,2,613,276,45.0244698205546,127,20.7177814029364,77,12.5611745513866,25,4.07830342577488,28,4.56769983686786,49,7.99347471451876,31,5.05709624796085
"05B5K","05",Spandau,5K,B,"055K",W,"5","77",0,572,1,570,256,44.9122807017544,88,15.4385964912281,85,14.9122807017544,20,3.50877192982456,32,5.6140350877193,54,9.47368421052632,35,6.14035087719298
"05B5L","05",Spandau,5L,B,"055L",W,"5","77",0,582,3,578,252,43.598615916955,141,24.3944636678201,89,15.3979238754325,17,2.94117647058824,29,5.01730103806228,20,3.46020761245675,30,5.19031141868512
"05B5M","05",Spandau,5M,B,"055M",W,"5","77",0,378,2,376,187,49.7340425531915,90,23.936170212766,36,9.57446808510638,9,2.3936170212766,19,5.0531914893617,22,5.85106382978723,13,3.45744680851064
"05B5N","05",Spandau,5N,B,"055N",W,"5","77",0,396,1,395,188,47.5949367088608,76,19.2405063291139,42,10.6329113924051,18,4.55696202531646,18,4.55696202531646,30,7.59493670886076,23,5.82278481012658
"05B5P","05",Spandau,5P,B,"055P",W,"5","77",0,602,1,600,289,48.1666666666667,117,19.5,74,12.3333333333333,18,3,27,4.5,37,6.16666666666667,38,6.33333333333333
"05B5Q","05",Spandau,5Q,B,"055Q",W,"5","77",0,586,2,583,285,48.885077186964,109,18.696397941681,73,12.5214408233276,12,2.05831903945112,38,6.5180102915952,42,7.2041166380789,24,4.11663807890223
"05B5R","05",Spandau,5R,B,"055R",W,"5","77",0,634,5,628,309,49.203821656051,108,17.1974522292994,77,12.2611464968153,10,1.59235668789809,27,4.29936305732484,69,10.9872611464968,28,4.45859872611465
"05B5S","05",Spandau,5S,B,"055S",W,"5","77",0,607,0,607,307,50.5766062602965,93,15.3212520593081,88,14.497528830313,26,4.2833607907743,28,4.61285008237232,28,4.61285008237232,37,6.09555189456343
"05W101","05",Spandau,"101",W,"051A",W,"1","77",733,276,3,273,69,25.2747252747253,74,27.1062271062271,61,22.3443223443223,21,7.69230769230769,15,5.49450549450549,8,2.93040293040293,25,9.15750915750916
"05W102","05",Spandau,"102",W,"051B",W,"1","77",1127,347,2,345,135,39.1304347826087,62,17.9710144927536,43,12.463768115942,6,1.73913043478261,44,12.7536231884058,23,6.66666666666667,32,9.27536231884058
"05W103","05",Spandau,"103",W,"051A",W,"1","77",1028,458,0,458,151,32.9694323144105,98,21.3973799126638,78,17.0305676855895,27,5.89519650655022,45,9.82532751091703,17,3.7117903930131,42,9.1703056768559
"05W104","05",Spandau,"104",W,"051B",W,"1","77",931,315,4,311,103,33.1189710610932,66,21.2218649517685,30,9.64630225080386,17,5.46623794212219,40,12.8617363344051,6,1.92926045016077,49,15.7556270096463
"05W105","05",Spandau,"105",W,"051N",W,"1","77",1001,433,1,432,202,46.7592592592593,90,20.8333333333333,49,11.3425925925926,8,1.85185185185185,42,9.72222222222222,22,5.09259259259259,19,4.39814814814815
"05W106","05",Spandau,"106",W,"051P",W,"1","77",1162,391,3,388,179,46.1340206185567,73,18.8144329896907,22,5.67010309278351,23,5.92783505154639,43,11.0824742268041,22,5.67010309278351,26,6.70103092783505
"05W107","05",Spandau,"107",W,"051M",W,"1","77",804,267,3,264,106,40.1515151515151,54,20.4545454545455,15,5.68181818181818,10,3.78787878787879,38,14.3939393939394,13,4.92424242424242,28,10.6060606060606
"05W108","05",Spandau,"108",W,"051C",W,"1","77",933,178,2,176,46,26.1363636363636,26,14.7727272727273,26,14.7727272727273,12,6.81818181818182,37,21.0227272727273,10,5.68181818181818,19,10.7954545454545
"05W109","05",Spandau,"109",W,"051G",W,"1","77",1189,199,3,195,63,32.3076923076923,59,30.2564102564103,11,5.64102564102564,5,2.56410256410256,14,7.17948717948718,7,3.58974358974359,36,18.4615384615385
"05W110","05",Spandau,"110",W,"051L",W,"1","77",841,263,4,259,81,31.2741312741313,46,17.7606177606178,32,12.3552123552124,17,6.56370656370656,41,15.8301158301158,13,5.01930501930502,29,11.1969111969112
"05W111","05",Spandau,"111",W,"051M",W,"1","77",1199,399,4,395,171,43.2911392405063,81,20.5063291139241,27,6.83544303797468,16,4.05063291139241,51,12.9113924050633,14,3.54430379746835,35,8.86075949367089
"05W112","05",Spandau,"112",W,"051K",W,"1","77",1041,363,3,360,120,33.3333333333333,75,20.8333333333333,38,10.5555555555556,21,5.83333333333333,40,11.1111111111111,9,2.5,57,15.8333333333333
"05W113","05",Spandau,"113",W,"051N",W,"1","77",983,375,1,373,151,40.4825737265416,58,15.5495978552279,45,12.0643431635389,17,4.55764075067024,55,14.745308310992,20,5.36193029490617,27,7.23860589812332
"05W114","05",Spandau,"114",W,"051K",W,"1","77",879,290,3,286,82,28.6713286713287,66,23.0769230769231,25,8.74125874125874,21,7.34265734265734,41,14.3356643356643,11,3.84615384615385,40,13.986013986014
"05W115","05",Spandau,"115",W,"051J",W,"1","77",1186,401,6,394,123,31.2182741116751,71,18.0203045685279,39,9.89847715736041,17,4.31472081218274,68,17.258883248731,15,3.80710659898477,61,15.4822335025381
"05W116","05",Spandau,"116",W,"051J",W,"1","77",749,244,1,242,80,33.0578512396694,57,23.5537190082645,19,7.85123966942149,10,4.13223140495868,41,16.9421487603306,11,4.54545454545455,24,9.91735537190083
"05W117","05",Spandau,"117",W,"051R",W,"1","77",957,290,8,281,82,29.1814946619217,53,18.8612099644128,16,5.69395017793594,20,7.11743772241993,64,22.7758007117438,10,3.55871886120996,36,12.8113879003559
"05W118","05",Spandau,"118",W,"051E",W,"1","77",639,154,3,150,50,33.3333333333333,20,13.3333333333333,12,8,4,2.66666666666667,28,18.6666666666667,9,6,27,18
"05W119","05",Spandau,"119",W,"051L",W,"1","77",1159,294,5,288,94,32.6388888888889,64,22.2222222222222,29,10.0694444444444,11,3.81944444444444,46,15.9722222222222,5,1.73611111111111,39,13.5416666666667
"05W120","05",Spandau,"120",W,"051G",W,"1","77",1215,452,13,438,162,36.986301369863,118,26.9406392694064,20,4.5662100456621,23,5.25114155251141,60,13.6986301369863,20,4.5662100456621,35,7.99086757990868
"05W121","05",Spandau,"121",W,"051D",W,"1","77",697,265,4,261,108,41.3793103448276,51,19.5402298850575,12,4.59770114942529,10,3.83141762452107,40,15.3256704980843,10,3.83141762452107,30,11.4942528735632
"05W122","05",Spandau,"122",W,"051S",W,"1","77",843,207,2,204,90,44.1176470588235,43,21.078431372549,7,3.43137254901961,6,2.94117647058824,32,15.6862745098039,9,4.41176470588235,17,8.33333333333333
"05W123","05",Spandau,"123",W,"051S",W,"1","77",722,273,5,267,114,42.6966292134831,82,30.7116104868914,9,3.37078651685393,9,3.37078651685393,31,11.6104868913858,8,2.99625468164794,14,5.2434456928839
"05W124","05",Spandau,"124",W,"051R",W,"1","77",1292,472,7,464,151,32.5431034482759,130,28.0172413793103,20,4.31034482758621,15,3.23275862068966,89,19.1810344827586,15,3.23275862068966,44,9.48275862068965
"05W125","05",Spandau,"125",W,"051Q",W,"1","77",963,272,3,268,79,29.4776119402985,69,25.7462686567164,12,4.47761194029851,19,7.08955223880597,58,21.6417910447761,5,1.86567164179104,26,9.70149253731343
"05W126","05",Spandau,"126",W,"051Q",W,"1","77",1111,259,2,256,66,25.78125,59,23.046875,30,11.71875,17,6.640625,44,17.1875,11,4.296875,29,11.328125
"05W127","05",Spandau,"127",W,"051Q",W,"1","77",894,256,4,251,68,27.0916334661355,79,31.4741035856574,17,6.77290836653386,12,4.7808764940239,51,20.3187250996016,6,2.39043824701195,18,7.17131474103586
"05W128","05",Spandau,"128",W,"051T",W,"1","77",876,135,2,132,48,36.3636363636364,31,23.4848484848485,13,9.84848484848485,6,4.54545454545455,18,13.6363636363636,3,2.27272727272727,13,9.84848484848485
"05W129","05",Spandau,"129",W,"051T",W,"1","77",956,309,5,304,104,34.2105263157895,70,23.0263157894737,19,6.25,15,4.93421052631579,56,18.4210526315789,9,2.96052631578947,31,10.1973684210526
"05W130","05",Spandau,"130",W,"051T",W,"1","77",1089,368,9,359,121,33.7047353760446,68,18.941504178273,22,6.12813370473538,20,5.57103064066852,93,25.9052924791086,8,2.22841225626741,27,7.52089136490251
"05W131","05",Spandau,"131",W,"051H",W,"1","77",599,223,1,222,73,32.8828828828829,45,20.2702702702703,37,16.6666666666667,19,8.55855855855856,26,11.7117117117117,8,3.6036036036036,14,6.30630630630631
"05W132","05",Spandau,"132",W,"051J",W,"1","77",832,241,3,238,63,26.4705882352941,60,25.2100840336134,22,9.2436974789916,14,5.88235294117647,41,17.2268907563025,6,2.52100840336134,32,13.4453781512605
"05W133","05",Spandau,"133",W,"051C",W,"1","77",1193,252,4,248,82,33.0645161290323,53,21.3709677419355,11,4.43548387096774,17,6.85483870967742,38,15.3225806451613,18,7.25806451612903,29,11.6935483870968
"05W134","05",Spandau,"134",W,"051H",W,"1","77",623,175,2,173,63,36.4161849710983,46,26.5895953757225,15,8.67052023121387,8,4.6242774566474,18,10.4046242774566,7,4.04624277456647,16,9.2485549132948
"05W135","05",Spandau,"135",W,"051F",W,"1","77",328,73,1,72,25,34.7222222222222,10,13.8888888888889,6,8.33333333333333,3,4.16666666666667,15,20.8333333333333,5,6.94444444444444,8,11.1111111111111
"05W136","05",Spandau,"136",W,"051D",W,"1","77",330,125,1,124,54,43.5483870967742,25,20.1612903225806,5,4.03225806451613,5,4.03225806451613,20,16.1290322580645,5,4.03225806451613,10,8.06451612903226
"05W137","05",Spandau,"137",W,"051E",W,"1","77",496,112,1,111,39,35.1351351351351,16,14.4144144144144,9,8.10810810810811,4,3.6036036036036,22,19.8198198198198,8,7.20720720720721,13,11.7117117117117
"05W138","05",Spandau,"138",W,"051F",W,"1","77",31,6,0,6,2,33.3333333333333,0,0,0,0,0,0,2,33.3333333333333,1,16.6666666666667,1,16.6666666666667
"05W201","05",Spandau,"201",W,"052K",W,"2","77",1199,381,6,374,146,39.0374331550802,89,23.7967914438503,27,7.2192513368984,17,4.54545454545455,55,14.7058823529412,13,3.47593582887701,27,7.2192513368984
"05W202","05",Spandau,"202",W,"052H",W,"2","77",1080,299,13,285,89,31.2280701754386,65,22.8070175438596,14,4.91228070175439,12,4.21052631578947,67,23.5087719298246,8,2.80701754385965,30,10.5263157894737
"05W203","05",Spandau,"203",W,"052K",W,"2","77",1166,315,6,308,91,29.5454545454545,85,27.5974025974026,22,7.14285714285714,18,5.84415584415584,48,15.5844155844156,11,3.57142857142857,33,10.7142857142857
"05W204","05",Spandau,"204",W,"052L",W,"2","77",885,215,3,211,45,21.3270142180095,46,21.8009478672986,19,9.00473933649289,13,6.16113744075829,47,22.2748815165877,7,3.3175355450237,34,16.1137440758294
"05W205","05",Spandau,"205",W,"052L",W,"2","77",984,256,11,244,75,30.7377049180328,55,22.5409836065574,19,7.78688524590164,10,4.0983606557377,35,14.344262295082,11,4.50819672131148,39,15.9836065573771
"05W206","05",Spandau,"206",W,"052N",W,"2","77",666,193,2,190,63,33.1578947368421,41,21.5789473684211,24,12.6315789473684,8,4.21052631578947,27,14.2105263157895,10,5.26315789473684,17,8.94736842105263
"05W207","05",Spandau,"207",W,"052H",W,"2","77",1003,202,5,196,56,28.5714285714286,44,22.4489795918367,6,3.06122448979592,9,4.59183673469388,53,27.0408163265306,6,3.06122448979592,22,11.2244897959184
"05W208","05",Spandau,"208",W,"052B",W,"2","77",1168,354,5,348,74,21.264367816092,77,22.1264367816092,32,9.19540229885057,39,11.2068965517241,51,14.6551724137931,12,3.44827586206897,63,18.1034482758621
"05W209","05",Spandau,"209",W,"052A",W,"2","77",974,329,6,322,103,31.9875776397516,74,22.9813664596273,27,8.38509316770186,17,5.27950310559006,49,15.2173913043478,13,4.03726708074534,39,12.111801242236
"05W210","05",Spandau,"210",W,"052B",W,"2","77",887,243,1,241,62,25.7261410788382,53,21.9917012448133,35,14.5228215767635,9,3.7344398340249,40,16.597510373444,6,2.4896265560166,36,14.9377593360996
"05W211","05",Spandau,"211",W,"052B",W,"2","77",764,280,5,274,90,32.8467153284672,76,27.7372262773723,24,8.75912408759124,12,4.37956204379562,38,13.8686131386861,11,4.01459854014599,23,8.39416058394161
"05W212","05",Spandau,"212",W,"052P",W,"2","77",866,297,4,292,105,35.958904109589,58,19.8630136986301,20,6.84931506849315,20,6.84931506849315,51,17.4657534246575,10,3.42465753424658,28,9.58904109589041
"05W213","05",Spandau,"213",W,"052J",W,"2","77",968,429,4,424,189,44.5754716981132,94,22.1698113207547,39,9.19811320754717,17,4.00943396226415,36,8.49056603773585,20,4.71698113207547,29,6.83962264150943
"05W214","05",Spandau,"214",W,"052J",W,"2","77",1153,291,7,283,100,35.3356890459364,62,21.9081272084806,7,2.47349823321555,10,3.53356890459364,64,22.6148409893993,10,3.53356890459364,30,10.6007067137809
"05W215","05",Spandau,"215",W,"052G",W,"2","77",1024,236,3,232,59,25.4310344827586,57,24.5689655172414,17,7.32758620689655,14,6.03448275862069,47,20.2586206896552,4,1.72413793103448,34,14.6551724137931
"05W216","05",Spandau,"216",W,"052F",W,"2","77",940,274,1,271,85,31.3653136531365,55,20.2952029520295,25,9.22509225092251,14,5.16605166051661,50,18.450184501845,12,4.4280442804428,30,11.070110701107
"05W217","05",Spandau,"217",W,"052P",W,"2","77",705,242,2,238,99,41.5966386554622,41,17.2268907563025,12,5.04201680672269,15,6.30252100840336,32,13.4453781512605,8,3.36134453781513,31,13.0252100840336
"05W218","05",Spandau,"218",W,"052D",W,"2","77",940,323,6,316,81,25.6329113924051,79,25,33,10.4430379746835,31,9.81012658227848,40,12.6582278481013,11,3.48101265822785,41,12.9746835443038
"05W219","05",Spandau,"219",W,"052C",W,"2","77",1196,427,5,421,113,26.8408551068884,105,24.9406175771971,56,13.3016627078385,23,5.46318289786223,63,14.9643705463183,15,3.56294536817102,46,10.9263657957245
"05W220","05",Spandau,"220",W,"052N",W,"2","77",994,329,5,323,128,39.6284829721362,68,21.0526315789474,25,7.73993808049536,15,4.64396284829721,49,15.1702786377709,10,3.09597523219814,28,8.6687306501548
"05W221","05",Spandau,"221",W,"052E",W,"2","77",790,286,4,281,78,27.7580071174377,61,21.7081850533808,43,15.3024911032028,17,6.04982206405694,36,12.8113879003559,17,6.04982206405694,29,10.3202846975089
"05W222","05",Spandau,"222",W,"052D",W,"2","77",850,324,5,318,112,35.2201257861635,60,18.8679245283019,37,11.6352201257862,22,6.91823899371069,33,10.377358490566,24,7.54716981132075,30,9.43396226415094
"05W223","05",Spandau,"223",W,"052E",W,"2","77",1021,310,9,300,71,23.6666666666667,82,27.3333333333333,20,6.66666666666667,15,5,57,19,11,3.66666666666667,44,14.6666666666667
"05W224","05",Spandau,"224",W,"052F",W,"2","77",870,287,5,281,76,27.0462633451957,66,23.4875444839858,20,7.11743772241993,18,6.40569395017794,51,18.1494661921708,11,3.91459074733096,39,13.8790035587189
"05W225","05",Spandau,"225",W,"052A",W,"2","77",934,313,4,308,71,23.0519480519481,60,19.4805194805195,25,8.11688311688312,34,11.038961038961,52,16.8831168831169,13,4.22077922077922,53,17.2077922077922
"05W226","05",Spandau,"226",W,"052M",W,"2","77",1004,311,6,304,111,36.5131578947368,53,17.4342105263158,44,14.4736842105263,21,6.90789473684211,27,8.88157894736842,15,4.93421052631579,33,10.8552631578947
"05W227","05",Spandau,"227",W,"052C",W,"2","77",1231,300,2,297,101,34.006734006734,77,25.9259259259259,21,7.07070707070707,27,9.09090909090909,37,12.4579124579125,4,1.34680134680135,30,10.1010101010101
"05W228","05",Spandau,"228",W,"052M",W,"2","77",705,247,7,239,125,52.3012552301255,43,17.9916317991632,12,5.02092050209205,12,5.02092050209205,20,8.36820083682008,7,2.92887029288703,20,8.36820083682008
"05W229","05",Spandau,"229",W,"052G",W,"2","77",951,212,1,210,74,35.2380952380952,36,17.1428571428571,14,6.66666666666667,15,7.14285714285714,50,23.8095238095238,2,0.952380952380952,19,9.04761904761905
"05W230","05",Spandau,"230",W,"052A",W,"2","77",623,192,2,189,64,33.8624338624339,32,16.9312169312169,18,9.52380952380952,11,5.82010582010582,31,16.4021164021164,10,5.29100529100529,23,12.1693121693122
"05W301","05",Spandau,"301",W,"053N",W,"3","77",1158,370,3,366,135,36.8852459016393,89,24.3169398907104,20,5.46448087431694,15,4.0983606557377,52,14.207650273224,14,3.82513661202186,41,11.2021857923497
"05W302","05",Spandau,"302",W,"053F",W,"3","77",891,290,3,286,109,38.1118881118881,74,25.8741258741259,19,6.64335664335664,11,3.84615384615385,30,10.4895104895105,9,3.14685314685315,34,11.8881118881119
"05W303","05",Spandau,"303",W,"053F",W,"3","77",1094,395,2,392,126,32.1428571428571,82,20.9183673469388,50,12.7551020408163,29,7.39795918367347,42,10.7142857142857,16,4.08163265306122,47,11.9897959183673
"05W304","05",Spandau,"304",W,"053Q",W,"3","77",777,300,3,296,125,42.2297297297297,82,27.7027027027027,20,6.75675675675676,11,3.71621621621622,28,9.45945945945946,9,3.04054054054054,21,7.09459459459459
"05W305","05",Spandau,"305",W,"053S",W,"3","77",1163,378,1,376,140,37.2340425531915,86,22.8723404255319,28,7.4468085106383,25,6.64893617021277,47,12.5,13,3.45744680851064,37,9.84042553191489
"05W306","05",Spandau,"306",W,"053A",W,"3","77",811,242,1,241,106,43.9834024896266,46,19.0871369294606,28,11.6182572614108,12,4.9792531120332,16,6.63900414937759,5,2.0746887966805,28,11.6182572614108
"05W307","05",Spandau,"307",W,"053P",W,"3","77",1233,323,4,319,109,34.1692789968652,47,14.7335423197492,26,8.15047021943574,20,6.26959247648903,69,21.6300940438871,11,3.44827586206897,37,11.5987460815047
"05W308","05",Spandau,"308",W,"053L",W,"3","77",1149,385,2,383,132,34.4647519582245,82,21.4099216710183,35,9.13838120104439,18,4.69973890339426,64,16.710182767624,12,3.1331592689295,40,10.443864229765
"05W309","05",Spandau,"309",W,"053M",W,"3","77",1188,268,4,263,98,37.2623574144487,66,25.0950570342205,15,5.70342205323194,9,3.42205323193916,34,12.9277566539924,11,4.18250950570342,30,11.4068441064639
"05W310","05",Spandau,"310",W,"053A",W,"3","77",1139,352,0,352,91,25.8522727272727,60,17.0454545454545,46,13.0681818181818,23,6.53409090909091,67,19.0340909090909,19,5.39772727272727,46,13.0681818181818
"05W311","05",Spandau,"311",W,"053B",W,"3","77",1100,391,3,387,104,26.8733850129199,89,22.9974160206718,62,16.0206718346253,37,9.56072351421188,36,9.30232558139535,19,4.90956072351421,40,10.3359173126615
"05W312","05",Spandau,"312",W,"053E",W,"3","77",771,257,2,254,81,31.8897637795276,50,19.6850393700787,31,12.2047244094488,20,7.8740157480315,33,12.992125984252,9,3.54330708661417,30,11.8110236220472
"05W313","05",Spandau,"313",W,"053G",W,"3","77",985,311,6,304,91,29.9342105263158,62,20.3947368421053,36,11.8421052631579,20,6.57894736842105,50,16.4473684210526,16,5.26315789473684,29,9.53947368421053
"05W314","05",Spandau,"314",W,"053C",W,"3","77",1160,427,5,421,121,28.7410926365796,95,22.5653206650831,43,10.2137767220903,26,6.17577197149644,64,15.2019002375297,25,5.93824228028503,47,11.1638954869359
"05W315","05",Spandau,"315",W,"053K",W,"3","77",1125,467,4,462,133,28.7878787878788,92,19.9134199134199,107,23.1601731601732,33,7.14285714285714,29,6.27705627705628,19,4.11255411255411,49,10.6060606060606
"05W316","05",Spandau,"316",W,"053B",W,"3","77",1253,394,6,387,106,27.390180878553,66,17.0542635658915,40,10.3359173126615,25,6.45994832041344,64,16.5374677002584,24,6.2015503875969,62,16.0206718346253
"05W317","05",Spandau,"317",W,"053S",W,"3","77",1055,312,7,304,107,35.1973684210526,57,18.75,31,10.1973684210526,13,4.27631578947368,59,19.4078947368421,9,2.96052631578947,28,9.21052631578947
"05W318","05",Spandau,"318",W,"053C",W,"3","77",1144,322,1,320,101,31.5625,72,22.5,45,14.0625,31,9.6875,31,9.6875,9,2.8125,31,9.6875
"05W319","05",Spandau,"319",W,"053K",W,"3","77",641,178,2,175,55,31.4285714285714,57,32.5714285714286,7,4,10,5.71428571428571,19,10.8571428571429,6,3.42857142857143,21,12
"05W320","05",Spandau,"320",W,"053P",W,"3","77",916,290,6,283,92,32.5088339222615,60,21.2014134275618,14,4.9469964664311,12,4.24028268551237,68,24.0282685512367,9,3.18021201413428,28,9.89399293286219
"05W321","05",Spandau,"321",W,"053D",W,"3","77",1104,320,6,313,102,32.5878594249201,61,19.4888178913738,45,14.3769968051118,18,5.75079872204473,34,10.8626198083067,11,3.51437699680511,42,13.4185303514377
"05W322","05",Spandau,"322",W,"053D",W,"3","77",1064,327,6,320,110,34.375,57,17.8125,35,10.9375,21,6.5625,40,12.5,15,4.6875,42,13.125
"05W323","05",Spandau,"323",W,"053N",W,"3","77",836,215,2,212,88,41.5094339622642,41,19.3396226415094,27,12.7358490566038,12,5.66037735849057,13,6.13207547169811,9,4.24528301886792,22,10.377358490566
"05W324","05",Spandau,"324",W,"053J",W,"3","77",765,238,3,234,72,30.7692307692308,47,20.0854700854701,18,7.69230769230769,22,9.4017094017094,32,13.6752136752137,13,5.55555555555556,30,12.8205128205128
"05W325","05",Spandau,"325",W,"053J",W,"3","77",1212,426,5,420,126,30,80,19.047619047619,70,16.6666666666667,39,9.28571428571429,36,8.57142857142857,20,4.76190476190476,49,11.6666666666667
"05W326","05",Spandau,"326",W,"053E",W,"3","77",1063,261,3,257,94,36.5758754863813,70,27.2373540856031,19,7.39299610894942,5,1.94552529182879,31,12.0622568093385,6,2.33463035019455,32,12.4513618677043
"05W327","05",Spandau,"327",W,"053G",W,"3","77",1039,361,5,355,108,30.4225352112676,68,19.1549295774648,50,14.0845070422535,33,9.29577464788732,34,9.57746478873239,17,4.7887323943662,45,12.6760563380282
"05W328","05",Spandau,"328",W,"053H",W,"3","77",1191,381,5,375,110,29.3333333333333,81,21.6,56,14.9333333333333,28,7.46666666666667,42,11.2,20,5.33333333333333,38,10.1333333333333
"05W329","05",Spandau,"329",W,"053H",W,"3","77",933,290,5,284,80,28.169014084507,62,21.830985915493,44,15.4929577464789,24,8.45070422535211,28,9.85915492957746,13,4.57746478873239,33,11.6197183098592
"05W330","05",Spandau,"330",W,"053R",W,"3","77",705,205,2,202,51,25.2475247524752,34,16.8316831683168,21,10.3960396039604,17,8.41584158415842,32,15.8415841584158,15,7.42574257425743,32,15.8415841584158
"05W331","05",Spandau,"331",W,"053R",W,"3","77",562,172,2,169,54,31.9526627218935,39,23.0769230769231,16,9.46745562130178,10,5.91715976331361,18,10.6508875739645,16,9.46745562130178,16,9.46745562130178
"05W332","05",Spandau,"332",W,"053R",W,"3","77",387,92,2,89,30,33.7078651685393,16,17.9775280898876,14,15.7303370786517,3,3.37078651685393,4,4.49438202247191,6,6.74157303370786,16,17.9775280898876
"05W333","05",Spandau,"333",W,"053M",W,"3","77",732,228,3,224,69,30.8035714285714,45,20.0892857142857,18,8.03571428571429,21,9.375,31,13.8392857142857,13,5.80357142857143,27,12.0535714285714
"05W334","05",Spandau,"334",W,"053L",W,"3","77",0,0,0,0,0,0,0,0,0,0,0,0,0,0,0,0,0,0
"05W335","05",Spandau,"335",W,"053L",W,"3","77",0,0,0,0,0,0,0,0,0,0,0,0,0,0,0,0,0,0
"05W336","05",Spandau,"336",W,"053Q",W,"3","77",117,54,0,52,23,44.2307692307692,15,28.8461538461538,4,7.69230769230769,2,3.84615384615385,5,9.61538461538462,2,3.84615384615385,1,1.92307692307692
"05W401","05",Spandau,"401",W,"054E",W,"4","77",1075,314,6,307,134,43.6482084690554,60,19.5439739413681,23,7.49185667752443,16,5.21172638436482,26,8.46905537459283,10,3.25732899022801,38,12.3778501628664
"05W402","05",Spandau,"402",W,"054B",W,"4","77",701,265,1,263,109,41.4448669201521,64,24.3346007604563,35,13.3079847908745,7,2.6615969581749,23,8.74524714828897,8,3.04182509505703,17,6.4638783269962
"05W403","05",Spandau,"403",W,"054C",W,"4","77",933,401,4,396,178,44.9494949494949,108,27.2727272727273,26,6.56565656565657,9,2.27272727272727,24,6.06060606060606,20,5.05050505050505,31,7.82828282828283
"05W404","05",Spandau,"404",W,"054J",W,"4","77",1015,399,4,394,157,39.8477157360406,77,19.5431472081218,44,11.1675126903553,16,4.06091370558376,44,11.1675126903553,19,4.82233502538071,37,9.39086294416244
"05W405","05",Spandau,"405",W,"054H",W,"4","77",1055,395,3,391,174,44.5012787723785,82,20.9718670076726,23,5.88235294117647,15,3.83631713554987,45,11.5089514066496,14,3.58056265984655,38,9.71867007672634
"05W406","05",Spandau,"406",W,"054J",W,"4","77",984,328,4,323,123,38.0804953560372,63,19.5046439628483,16,4.95356037151703,13,4.02476780185759,54,16.71826625387,13,4.02476780185759,41,12.6934984520124
"05W407","05",Spandau,"407",W,"054N",W,"4","77",979,361,4,356,138,38.7640449438202,74,20.7865168539326,30,8.42696629213483,17,4.7752808988764,54,15.1685393258427,22,6.17977528089888,21,5.89887640449438
"05W408","05",Spandau,"408",W,"054M",W,"4","77",833,224,6,217,71,32.7188940092166,55,25.3456221198157,12,5.52995391705069,11,5.06912442396313,40,18.4331797235023,6,2.76497695852535,22,10.1382488479263
"05W409","05",Spandau,"409",W,"054M",W,"4","77",1081,460,3,456,212,46.4912280701754,100,21.9298245614035,33,7.23684210526316,14,3.07017543859649,50,10.9649122807018,22,4.82456140350877,25,5.48245614035088
"05W410","05",Spandau,"410",W,"054B",W,"4","77",702,198,2,195,71,36.4102564102564,45,23.0769230769231,9,4.61538461538462,8,4.1025641025641,34,17.4358974358974,7,3.58974358974359,21,10.7692307692308
"05W411","05",Spandau,"411",W,"054L",W,"4","77",1006,355,8,346,138,39.8843930635838,52,15.028901734104,23,6.64739884393064,17,4.91329479768786,72,20.8092485549133,9,2.60115606936416,35,10.1156069364162
"05W412","05",Spandau,"412",W,"054K",W,"4","77",1279,401,2,398,182,45.7286432160804,75,18.8442211055276,13,3.26633165829146,7,1.75879396984925,86,21.608040201005,8,2.01005025125628,27,6.78391959798995
"05W413","05",Spandau,"413",W,"054L",W,"4","77",1205,323,5,317,132,41.6403785488959,67,21.1356466876972,24,7.57097791798107,8,2.52365930599369,47,14.8264984227129,12,3.78548895899054,27,8.51735015772871
"05W414","05",Spandau,"414",W,"054Q",W,"4","77",765,267,5,261,97,37.1647509578544,57,21.8390804597701,10,3.83141762452107,9,3.44827586206897,56,21.455938697318,9,3.44827586206897,23,8.81226053639847
"05W415","05",Spandau,"415",W,"054K",W,"4","77",1255,324,5,318,109,34.2767295597484,77,24.2138364779874,9,2.83018867924528,14,4.40251572327044,67,21.0691823899371,7,2.20125786163522,35,11.0062893081761
"05W416","05",Spandau,"416",W,"054D",W,"4","77",811,238,1,236,90,38.135593220339,47,19.9152542372881,25,10.5932203389831,12,5.08474576271187,30,12.7118644067797,10,4.23728813559322,22,9.32203389830508
"05W417","05",Spandau,"417",W,"054R",W,"4","77",940,385,2,382,170,44.5026178010471,70,18.3246073298429,38,9.94764397905759,11,2.87958115183246,48,12.565445026178,24,6.282722513089,21,5.49738219895288
"05W418","05",Spandau,"418",W,"054A",W,"4","77",718,176,5,170,72,42.3529411764706,32,18.8235294117647,6,3.52941176470588,8,4.70588235294118,30,17.6470588235294,6,3.52941176470588,16,9.41176470588235
"05W419","05",Spandau,"419",W,"054G",W,"4","77",1078,421,1,419,208,49.6420047732697,66,15.7517899761337,32,7.63723150357995,26,6.20525059665871,41,9.78520286396181,14,3.34128878281623,32,7.63723150357995
"05W420","05",Spandau,"420",W,"054F",W,"4","77",1072,397,4,393,168,42.7480916030534,66,16.793893129771,52,13.2315521628499,16,4.07124681933842,36,9.16030534351145,20,5.08905852417303,35,8.9058524173028
"05W421","05",Spandau,"421",W,"054P",W,"4","77",1195,350,4,346,125,36.1271676300578,82,23.6994219653179,22,6.35838150289017,20,5.78034682080925,57,16.4739884393064,12,3.46820809248555,28,8.09248554913295
"05W422","05",Spandau,"422",W,"054P",W,"4","77",951,244,7,237,75,31.6455696202532,53,22.3628691983122,8,3.37552742616034,15,6.32911392405063,52,21.9409282700422,6,2.53164556962025,28,11.8143459915612
"05W423","05",Spandau,"423",W,"054A",W,"4","77",825,294,1,293,134,45.7337883959044,69,23.5494880546075,6,2.04778156996587,11,3.7542662116041,43,14.6757679180887,13,4.43686006825939,17,5.80204778156997
"05W424","05",Spandau,"424",W,"054A",W,"4","77",1040,326,2,323,114,35.2941176470588,89,27.5541795665635,26,8.04953560371517,12,3.71517027863777,48,14.8606811145511,9,2.78637770897833,25,7.73993808049536
"05W425","05",Spandau,"425",W,"054R",W,"4","77",1000,363,6,357,159,44.5378151260504,62,17.3669467787115,40,11.2044817927171,8,2.24089635854342,40,11.2044817927171,20,5.60224089635854,28,7.84313725490196
"05W426","05",Spandau,"426",W,"054P",W,"4","77",1159,415,2,413,179,43.3414043583535,76,18.4019370460048,32,7.74818401937046,21,5.08474576271187,51,12.3486682808717,19,4.60048426150121,35,8.47457627118644
"05W427","05",Spandau,"427",W,"054N",W,"4","77",748,213,1,212,59,27.8301886792453,54,25.4716981132075,14,6.60377358490566,13,6.13207547169811,42,19.811320754717,13,6.13207547169811,17,8.0188679245283
"05W428","05",Spandau,"428",W,"054C",W,"4","77",1080,455,13,442,169,38.2352941176471,90,20.3619909502262,20,4.52488687782805,11,2.48868778280543,73,16.5158371040724,16,3.61990950226244,63,14.2533936651584
"05W429","05",Spandau,"429",W,"054H",W,"4","77",1068,419,5,413,154,37.2881355932203,100,24.2130750605327,48,11.6222760290557,11,2.6634382566586,51,12.3486682808717,16,3.87409200968523,33,7.99031476997579
"05W430","05",Spandau,"430",W,"054Q",W,"4","77",1002,364,5,359,151,42.0612813370474,70,19.4986072423398,31,8.63509749303621,16,4.45682451253482,42,11.6991643454039,16,4.45682451253482,33,9.19220055710306
"05W431","05",Spandau,"431",W,"054D",W,"4","77",679,182,1,180,79,43.8888888888889,38,21.1111111111111,17,9.44444444444444,9,5,21,11.6666666666667,7,3.88888888888889,9,5
"05W432","05",Spandau,"432",W,"054B",W,"4","77",752,193,1,191,77,40.3141361256544,51,26.7015706806283,10,5.23560209424084,7,3.66492146596859,36,18.848167539267,6,3.1413612565445,4,2.09424083769634
"05W501","05",Spandau,"501",W,"055G",W,"5","77",985,311,8,302,120,39.7350993377483,50,16.5562913907285,31,10.2649006622517,23,7.6158940397351,41,13.5761589403974,15,4.96688741721854,22,7.28476821192053
"05W502","05",Spandau,"502",W,"055G",W,"5","77",1174,453,3,449,127,28.2850779510022,117,26.0579064587973,72,16.0356347438753,19,4.23162583518931,52,11.5812917594655,19,4.23162583518931,43,9.57683741648107
"05W503","05",Spandau,"503",W,"055D",W,"5","77",783,365,2,362,158,43.646408839779,74,20.4419889502762,41,11.3259668508287,16,4.41988950276243,38,10.4972375690608,18,4.97237569060773,17,4.69613259668508
"05W504","05",Spandau,"504",W,"055E",W,"5","77",911,392,3,388,164,42.2680412371134,89,22.9381443298969,44,11.340206185567,12,3.09278350515464,28,7.21649484536082,22,5.67010309278351,29,7.47422680412371
"05W505","05",Spandau,"505",W,"055H",W,"5","77",1098,367,4,362,147,40.6077348066298,97,26.7955801104972,43,11.878453038674,12,3.31491712707182,29,8.01104972375691,19,5.24861878453039,15,4.14364640883978
"05W506","05",Spandau,"506",W,"055D",W,"5","77",1065,467,2,464,211,45.4741379310345,92,19.8275862068966,40,8.62068965517241,16,3.44827586206897,41,8.83620689655172,22,4.74137931034483,42,9.05172413793103
"05W507","05",Spandau,"507",W,"055J",W,"5","77",984,449,4,444,178,40.0900900900901,77,17.3423423423423,81,18.2432432432432,10,2.25225225225225,33,7.43243243243243,37,8.33333333333333,28,6.30630630630631
"05W508","05",Spandau,"508",W,"055K",W,"5","77",970,432,2,429,181,42.1911421911422,78,18.1818181818182,65,15.1515151515152,12,2.7972027972028,34,7.92540792540793,25,5.82750582750583,34,7.92540792540793
"05W509","05",Spandau,"509",W,"055K",W,"5","77",695,263,4,258,108,41.8604651162791,36,13.953488372093,46,17.8294573643411,7,2.71317829457364,24,9.30232558139535,25,9.68992248062016,12,4.65116279069767
"05W510","05",Spandau,"510",W,"055P",W,"5","77",965,413,3,409,168,41.0757946210269,88,21.5158924205379,39,9.53545232273839,17,4.15647921760391,37,9.04645476772616,28,6.84596577017115,32,7.8239608801956
"05W511","05",Spandau,"511",W,"055Q",W,"5","77",916,402,3,398,183,45.9798994974874,69,17.3366834170854,51,12.8140703517588,18,4.52261306532663,35,8.79396984924623,31,7.78894472361809,11,2.76381909547739
"05W512","05",Spandau,"512",W,"055E",W,"5","77",858,367,1,365,195,53.4246575342466,54,14.7945205479452,41,11.2328767123288,5,1.36986301369863,24,6.57534246575342,30,8.21917808219178,16,4.38356164383562
"05W513","05",Spandau,"513",W,"055R",W,"5","77",970,483,4,478,213,44.5606694560669,94,19.6652719665272,53,11.0878661087866,15,3.13807531380753,36,7.53138075313808,33,6.90376569037657,34,7.11297071129707
"05W514","05",Spandau,"514",W,"055B",W,"5","77",986,229,8,220,84,38.1818181818182,43,19.5454545454545,5,2.27272727272727,10,4.54545454545455,51,23.1818181818182,6,2.72727272727273,21,9.54545454545455
"05W515","05",Spandau,"515",W,"055F",W,"5","77",1069,413,4,408,197,48.2843137254902,89,21.8137254901961,31,7.59803921568627,16,3.92156862745098,25,6.12745098039216,26,6.37254901960784,24,5.88235294117647
"05W516","05",Spandau,"516",W,"055N",W,"5","77",1203,474,5,468,195,41.6666666666667,112,23.9316239316239,47,10.042735042735,18,3.84615384615385,38,8.11965811965812,32,6.83760683760684,26,5.55555555555556
"05W517","05",Spandau,"517",W,"055F",W,"5","77",995,351,6,344,120,34.8837209302326,86,25,22,6.3953488372093,7,2.03488372093023,56,16.2790697674419,9,2.61627906976744,44,12.7906976744186
"05W518","05",Spandau,"518",W,"055R",W,"5","77",913,394,3,390,201,51.5384615384615,48,12.3076923076923,45,11.5384615384615,6,1.53846153846154,41,10.5128205128205,24,6.15384615384615,25,6.41025641025641
"05W519","05",Spandau,"519",W,"055A",W,"5","77",970,318,7,310,125,40.3225806451613,63,20.3225806451613,21,6.7741935483871,10,3.2258064516129,53,17.0967741935484,13,4.19354838709677,25,8.06451612903226
"05W520","05",Spandau,"520",W,"055A",W,"5","77",1129,314,4,309,124,40.1294498381877,65,21.0355987055016,16,5.17799352750809,9,2.9126213592233,58,18.7702265372168,9,2.9126213592233,28,9.06148867313916
"05W521","05",Spandau,"521",W,"055B",W,"5","77",1108,289,4,284,90,31.6901408450704,67,23.5915492957746,13,4.57746478873239,18,6.33802816901408,54,19.0140845070423,7,2.46478873239437,35,12.3239436619718
"05W522","05",Spandau,"522",W,"055L",W,"5","77",954,411,1,409,161,39.3643031784841,91,22.2493887530562,54,13.2029339853301,27,6.60146699266504,44,10.7579462102689,13,3.17848410757946,19,4.64547677261614
"05W523","05",Spandau,"523",W,"055S",W,"5","77",952,382,1,380,188,49.4736842105263,61,16.0526315789474,47,12.3684210526316,9,2.36842105263158,36,9.47368421052632,26,6.8421052631579,13,3.42105263157895
"05W524","05",Spandau,"524",W,"055M",W,"5","77",967,412,4,407,165,40.5405405405405,89,21.8673218673219,70,17.1990171990172,10,2.45700245700246,26,6.38820638820639,24,5.8968058968059,23,5.65110565110565
"05W525","05",Spandau,"525",W,"055J",W,"5","77",799,354,2,351,156,44.4444444444444,54,15.3846153846154,48,13.6752136752137,14,3.98860398860399,33,9.4017094017094,25,7.12250712250712,21,5.98290598290598
"05W526","05",Spandau,"526",W,"055C",W,"5","77",1113,423,5,418,155,37.0813397129187,96,22.9665071770335,40,9.56937799043062,12,2.87081339712919,65,15.5502392344498,16,3.82775119617225,34,8.13397129186603
"05W527","05",Spandau,"527",W,"055B",W,"5","77",743,140,4,135,31,22.962962962963,31,22.962962962963,7,5.18518518518519,6,4.44444444444444,34,25.1851851851852,6,4.44444444444444,20,14.8148148148148
"05W528","05",Spandau,"528",W,"055L",W,"5","77",884,379,6,373,162,43.4316353887399,80,21.4477211796247,43,11.5281501340483,9,2.41286863270777,25,6.70241286863271,32,8.57908847184987,22,5.89812332439678
"05W529","05",Spandau,"529",W,"055P",W,"5","77",899,394,0,394,198,50.253807106599,54,13.7055837563452,48,12.1827411167513,18,4.56852791878173,24,6.09137055837564,28,7.10659898477157,24,6.09137055837564
"05W530","05",Spandau,"530",W,"055C",W,"5","77",954,323,3,320,109,34.0625,65,20.3125,21,6.5625,22,6.875,43,13.4375,12,3.75,48,15
"05W531","05",Spandau,"531",W,"055S",W,"5","77",786,347,1,346,133,38.4393063583815,46,13.2947976878613,47,13.5838150289017,9,2.60115606936416,52,15.028901734104,17,4.91329479768786,42,12.1387283236994
"05W532","05",Spandau,"532",W,"055Q",W,"5","77",1022,538,2,536,242,45.1492537313433,81,15.1119402985075,77,14.365671641791,20,3.73134328358209,48,8.95522388059701,38,7.08955223880597,30,5.59701492537313
"05W533","05",Spandau,"533",W,"055B",W,"5","77",652,110,2,107,27,25.2336448598131,28,26.1682242990654,6,5.60747663551402,4,3.73831775700935,29,27.1028037383178,5,4.67289719626168,8,7.47663551401869
"06B1A","06",Steglitz-Zehlendorf,1A,B,"061A",W,"1","78",0,509,3,506,178,35.1778656126482,105,20.7509881422925,95,18.7747035573123,24,4.74308300395257,22,4.34782608695652,38,7.5098814229249,44,8.69565217391304
"06B1B","06",Steglitz-Zehlendorf,1B,B,"061B",W,"1","78",0,456,2,454,139,30.6167400881057,93,20.4845814977974,107,23.568281938326,27,5.94713656387665,16,3.52422907488987,36,7.9295154185022,36,7.9295154185022
"06B1C","06",Steglitz-Zehlendorf,1C,B,"061C",W,"1","78",0,343,1,342,85,24.8538011695906,65,19.0058479532164,105,30.7017543859649,25,7.30994152046784,11,3.21637426900585,20,5.84795321637427,31,9.06432748538012
"06B1D","06",Steglitz-Zehlendorf,1D,B,"061D",W,"1","78",0,289,1,288,81,28.125,54,18.75,81,28.125,20,6.94444444444444,9,3.125,15,5.20833333333333,28,9.72222222222222
"06B1E","06",Steglitz-Zehlendorf,1E,B,"061E",W,"1","78",0,393,1,392,83,21.1734693877551,81,20.6632653061225,120,30.6122448979592,30,7.6530612244898,16,4.08163265306122,22,5.61224489795918,40,10.2040816326531
"06B1F","06",Steglitz-Zehlendorf,1F,B,"061F",W,"1","78",0,357,2,355,86,24.2253521126761,54,15.2112676056338,109,30.7042253521127,32,9.01408450704225,12,3.38028169014084,18,5.07042253521127,44,12.3943661971831
"06B1G","06",Steglitz-Zehlendorf,1G,B,"061G",W,"1","78",0,317,3,314,97,30.8917197452229,62,19.7452229299363,65,20.7006369426752,23,7.32484076433121,11,3.5031847133758,23,7.32484076433121,33,10.5095541401274
"06B1H","06",Steglitz-Zehlendorf,1H,B,"061H",W,"1","78",0,385,3,382,103,26.9633507853403,68,17.8010471204188,101,26.4397905759162,42,10.9947643979058,13,3.40314136125654,15,3.92670157068063,40,10.4712041884817
"06B1J","06",Steglitz-Zehlendorf,1J,B,"061J",W,"1","78",0,345,1,344,110,31.9767441860465,84,24.4186046511628,57,16.5697674418605,19,5.52325581395349,24,6.97674418604651,15,4.36046511627907,35,10.1744186046512
"06B1K","06",Steglitz-Zehlendorf,1K,B,"061K",W,"1","78",0,372,1,371,125,33.6927223719677,85,22.911051212938,60,16.1725067385445,24,6.46900269541779,21,5.66037735849057,20,5.39083557951483,36,9.70350404312669
"06B1L","06",Steglitz-Zehlendorf,1L,B,"061L",W,"1","78",0,358,1,357,113,31.6526610644258,82,22.96918767507,77,21.5686274509804,22,6.1624649859944,16,4.48179271708683,17,4.76190476190476,30,8.40336134453782
"06B1M","06",Steglitz-Zehlendorf,1M,B,"061M",W,"1","78",0,298,3,294,94,31.9727891156463,63,21.4285714285714,60,20.4081632653061,16,5.4421768707483,16,5.4421768707483,20,6.80272108843537,25,8.50340136054422
"06B1N","06",Steglitz-Zehlendorf,1N,B,"061N",W,"1","78",0,315,3,311,95,30.5466237942122,65,20.9003215434084,67,21.5434083601286,15,4.82315112540193,21,6.7524115755627,20,6.43086816720257,28,9.0032154340836
"06B1P","06",Steglitz-Zehlendorf,1P,B,"061P",W,"1","78",0,398,1,396,98,24.7474747474747,85,21.4646464646465,103,26.010101010101,30,7.57575757575758,16,4.04040404040404,28,7.07070707070707,36,9.09090909090909
"06B1Q","06",Steglitz-Zehlendorf,1Q,B,"061Q",W,"1","78",0,362,1,360,103,28.6111111111111,72,20,98,27.2222222222222,18,5,18,5,25,6.94444444444444,26,7.22222222222222
"06B1R","06",Steglitz-Zehlendorf,1R,B,"061R",W,"1","78",0,340,1,338,82,24.2603550295858,74,21.8934911242604,103,30.4733727810651,26,7.69230769230769,11,3.25443786982249,20,5.91715976331361,22,6.50887573964497
"06B1S","06",Steglitz-Zehlendorf,1S,B,"061S",W,"1","78",0,424,3,420,134,31.9047619047619,83,19.7619047619048,96,22.8571428571429,32,7.61904761904762,15,3.57142857142857,40,9.52380952380952,20,4.76190476190476
"06B1T","06",Steglitz-Zehlendorf,1T,B,"061T",W,"1","78",0,486,1,484,183,37.8099173553719,101,20.8677685950413,86,17.7685950413223,25,5.16528925619835,20,4.13223140495868,39,8.05785123966942,30,6.19834710743802
"06B1U","06",Steglitz-Zehlendorf,1U,B,"061U",W,"1","78",0,347,2,344,109,31.6860465116279,75,21.8023255813953,83,24.1279069767442,24,6.97674418604651,16,4.65116279069767,21,6.1046511627907,16,4.65116279069767
"06B1V","06",Steglitz-Zehlendorf,1V,B,"061V",W,"1","78",0,379,1,377,118,31.2997347480106,75,19.893899204244,88,23.342175066313,23,6.10079575596817,17,4.50928381962865,33,8.75331564986737,23,6.10079575596817
"06B1W","06",Steglitz-Zehlendorf,1W,B,"061W",W,"1","78",0,387,0,386,113,29.2746113989637,79,20.4663212435233,100,25.9067357512953,25,6.47668393782383,18,4.66321243523316,28,7.25388601036269,23,5.95854922279793
"06B1X","06",Steglitz-Zehlendorf,1X,B,"061X",W,"1","78",0,399,0,398,109,27.3869346733668,83,20.8542713567839,102,25.6281407035176,32,8.04020100502512,15,3.76884422110553,27,6.78391959798995,30,7.53768844221105
"06B1Y","06",Steglitz-Zehlendorf,1Y,B,"061Y",W,"1","78",0,396,2,394,137,34.7715736040609,78,19.7969543147208,97,24.6192893401015,22,5.58375634517767,13,3.2994923857868,32,8.12182741116751,15,3.80710659898477
"06B1Z","06",Steglitz-Zehlendorf,1Z,B,"061Z",W,"1","78",0,316,0,316,102,32.2784810126582,55,17.4050632911392,77,24.3670886075949,16,5.06329113924051,13,4.11392405063291,29,9.17721518987342,24,7.59493670886076
"06B1ZA","06",Steglitz-Zehlendorf,1ZA,B,"061ZA",W,"1","78",0,382,1,381,134,35.1706036745407,82,21.5223097112861,85,22.3097112860892,18,4.7244094488189,18,4.7244094488189,25,6.56167979002625,19,4.98687664041995
"06B1ZB","06",Steglitz-Zehlendorf,1ZB,B,"061ZB",W,"1","78",0,391,1,390,129,33.0769230769231,86,22.0512820512821,88,22.5641025641026,24,6.15384615384615,16,4.1025641025641,25,6.41025641025641,22,5.64102564102564
"06B1ZC","06",Steglitz-Zehlendorf,1ZC,B,"061ZC",W,"1","78",0,362,0,362,105,29.0055248618785,76,20.9944751381215,92,25.414364640884,34,9.39226519337017,12,3.31491712707182,25,6.9060773480663,18,4.97237569060773
"06B1ZD","06",Steglitz-Zehlendorf,1ZD,B,"061ZD",W,"1","78",0,395,2,393,135,34.3511450381679,84,21.3740458015267,92,23.4096692111959,26,6.61577608142494,14,3.56234096692112,28,7.12468193384224,14,3.56234096692112
"06B1ZE","06",Steglitz-Zehlendorf,1ZE,B,"061ZE",W,"1","78",0,386,1,385,127,32.987012987013,86,22.3376623376623,90,23.3766233766234,34,8.83116883116883,10,2.5974025974026,26,6.75324675324675,12,3.11688311688312
"06B1ZF","06",Steglitz-Zehlendorf,1ZF,B,"061ZF",W,"1","78",0,370,1,369,138,37.3983739837398,80,21.680216802168,79,21.4092140921409,22,5.96205962059621,9,2.4390243902439,29,7.85907859078591,12,3.2520325203252
"06B2A","06",Steglitz-Zehlendorf,2A,B,"062A",W,"2","78",0,353,3,349,82,23.4957020057307,85,24.3553008595989,82,23.4957020057307,21,6.01719197707736,19,5.44412607449857,22,6.30372492836676,38,10.8882521489971
"06B2B","06",Steglitz-Zehlendorf,2B,B,"062B",W,"2","78",0,339,3,335,87,25.9701492537313,83,24.7761194029851,65,19.4029850746269,22,6.56716417910448,14,4.17910447761194,20,5.97014925373134,44,13.134328358209
"06B2C","06",Steglitz-Zehlendorf,2C,B,"062C",W,"2","78",0,319,1,317,91,28.7066246056782,75,23.6593059936909,66,20.820189274448,20,6.30914826498423,17,5.36277602523659,18,5.6782334384858,30,9.46372239747634
"06B2D","06",Steglitz-Zehlendorf,2D,B,"062D",W,"2","78",0,385,2,383,101,26.3707571801567,75,19.5822454308094,101,26.3707571801567,32,8.35509138381201,18,4.69973890339426,27,7.04960835509138,29,7.57180156657963
"06B2E","06",Steglitz-Zehlendorf,2E,B,"062E",W,"2","78",0,318,2,316,107,33.8607594936709,60,18.9873417721519,60,18.9873417721519,24,7.59493670886076,20,6.32911392405063,19,6.0126582278481,26,8.22784810126582
"06B2F","06",Steglitz-Zehlendorf,2F,B,"062F",W,"2","78",0,357,3,354,100,28.2485875706215,77,21.7514124293785,69,19.4915254237288,29,8.19209039548022,23,6.49717514124294,19,5.36723163841808,37,10.4519774011299
"06B2G","06",Steglitz-Zehlendorf,2G,B,"062G",W,"2","78",0,337,4,333,124,37.2372372372372,66,19.8198198198198,49,14.7147147147147,27,8.10810810810811,21,6.30630630630631,18,5.40540540540541,28,8.40840840840841
"06B2H","06",Steglitz-Zehlendorf,2H,B,"062H",W,"2","78",0,324,3,321,129,40.1869158878505,58,18.0685358255452,49,15.2647975077882,23,7.16510903426791,13,4.04984423676012,22,6.85358255451713,27,8.41121495327103
"06B2J","06",Steglitz-Zehlendorf,2J,B,"062J",W,"2","78",0,315,1,314,107,34.0764331210191,85,27.0700636942675,45,14.3312101910828,13,4.14012738853503,16,5.09554140127389,17,5.4140127388535,31,9.87261146496815
"06B2K","06",Steglitz-Zehlendorf,2K,B,"062K",W,"2","78",0,316,2,314,102,32.484076433121,82,26.1146496815287,49,15.6050955414013,14,4.45859872611465,16,5.09554140127389,21,6.68789808917197,30,9.55414012738854
"06B2L","06",Steglitz-Zehlendorf,2L,B,"062L",W,"2","78",0,348,2,346,126,36.4161849710983,72,20.8092485549133,59,17.0520231213873,18,5.20231213872832,18,5.20231213872832,20,5.78034682080925,33,9.53757225433526
"06B2M","06",Steglitz-Zehlendorf,2M,B,"062M",W,"2","78",0,336,2,334,132,39.5209580838323,63,18.8622754491018,55,16.4670658682635,17,5.08982035928144,14,4.19161676646707,17,5.08982035928144,36,10.7784431137725
"06B2N","06",Steglitz-Zehlendorf,2N,B,"062N",W,"2","78",0,304,2,302,115,38.0794701986755,65,21.523178807947,48,15.8940397350993,16,5.29801324503311,10,3.3112582781457,17,5.62913907284768,31,10.2649006622517
"06B2P","06",Steglitz-Zehlendorf,2P,B,"062P",W,"2","78",0,292,3,289,88,30.4498269896194,70,24.2214532871972,59,20.4152249134948,16,5.5363321799308,12,4.1522491349481,19,6.57439446366782,25,8.65051903114187
"06B2Q","06",Steglitz-Zehlendorf,2Q,B,"062Q",W,"2","78",0,301,2,299,84,28.0936454849498,64,21.4046822742475,76,25.4180602006689,23,7.69230769230769,10,3.34448160535117,17,5.68561872909699,25,8.36120401337793
"06B2R","06",Steglitz-Zehlendorf,2R,B,"062R",W,"2","78",0,300,2,298,80,26.8456375838926,72,24.1610738255034,66,22.1476510067114,22,7.38255033557047,16,5.36912751677852,16,5.36912751677852,26,8.7248322147651
"06B2S","06",Steglitz-Zehlendorf,2S,B,"062S",W,"2","78",0,291,1,290,73,25.1724137931034,69,23.7931034482759,82,28.2758620689655,18,6.20689655172414,11,3.79310344827586,16,5.51724137931035,21,7.24137931034483
"06B2T","06",Steglitz-Zehlendorf,2T,B,"062T",W,"2","78",0,339,3,336,99,29.4642857142857,81,24.1071428571429,77,22.9166666666667,18,5.35714285714286,13,3.86904761904762,22,6.54761904761905,26,7.73809523809524
"06B2U","06",Steglitz-Zehlendorf,2U,B,"062U",W,"2","78",0,284,1,283,80,28.2685512367491,65,22.9681978798587,69,24.3816254416961,13,4.59363957597173,13,4.59363957597173,17,6.00706713780919,26,9.18727915194346
"06B2V","06",Steglitz-Zehlendorf,2V,B,"062V",W,"2","78",0,369,3,366,122,33.3333333333333,71,19.3989071038251,75,20.4918032786885,21,5.73770491803279,20,5.46448087431694,33,9.01639344262295,24,6.55737704918033
"06B2W","06",Steglitz-Zehlendorf,2W,B,"062W",W,"2","78",0,341,1,340,95,27.9411764705882,79,23.2352941176471,83,24.4117647058824,27,7.94117647058823,11,3.23529411764706,25,7.35294117647059,20,5.88235294117647
"06B2X","06",Steglitz-Zehlendorf,2X,B,"062X",W,"2","78",0,357,1,356,110,30.8988764044944,83,23.314606741573,80,22.4719101123595,27,7.58426966292135,11,3.08988764044944,24,6.74157303370786,21,5.89887640449438
"06B2Y","06",Steglitz-Zehlendorf,2Y,B,"062Y",W,"2","78",0,380,1,379,126,33.245382585752,84,22.1635883905013,82,21.6358839050132,25,6.59630606860158,16,4.22163588390501,25,6.59630606860158,21,5.54089709762533
"06B2Z","06",Steglitz-Zehlendorf,2Z,B,"062Z",W,"2","78",0,358,1,357,122,34.1736694677871,79,22.1288515406162,73,20.4481792717087,21,5.88235294117647,16,4.48179271708683,28,7.84313725490196,18,5.04201680672269
"06B2ZA","06",Steglitz-Zehlendorf,2ZA,B,"062ZA",W,"2","78",0,345,2,343,110,32.0699708454811,75,21.865889212828,74,21.5743440233236,24,6.99708454810496,15,4.3731778425656,30,8.7463556851312,15,4.3731778425656
"06B2ZB","06",Steglitz-Zehlendorf,2ZB,B,"062ZB",W,"2","78",0,327,3,324,93,28.7037037037037,72,22.2222222222222,78,24.0740740740741,25,7.71604938271605,15,4.62962962962963,26,8.02469135802469,15,4.62962962962963
"06B2ZC","06",Steglitz-Zehlendorf,2ZC,B,"062ZC",W,"2","78",0,332,0,332,102,30.7228915662651,71,21.3855421686747,78,23.4939759036145,21,6.32530120481928,15,4.51807228915663,26,7.83132530120482,19,5.72289156626506
"06B2ZD","06",Steglitz-Zehlendorf,2ZD,B,"062ZD",W,"2","78",0,344,2,342,102,29.8245614035088,74,21.6374269005848,74,21.6374269005848,18,5.26315789473684,14,4.09356725146199,32,9.35672514619883,28,8.18713450292398
"06B2ZE","06",Steglitz-Zehlendorf,2ZE,B,"062ZE",W,"2","78",0,345,1,344,111,32.2674418604651,80,23.2558139534884,64,18.6046511627907,14,4.06976744186047,15,4.36046511627907,38,11.046511627907,22,6.3953488372093
"06B2ZF","06",Steglitz-Zehlendorf,2ZF,B,"062ZF",W,"2","78",0,416,0,416,123,29.5673076923077,101,24.2788461538462,93,22.3557692307692,22,5.28846153846154,22,5.28846153846154,31,7.45192307692308,24,5.76923076923077
"06B3A","06",Steglitz-Zehlendorf,3A,B,"063A",W,"3","78",0,482,2,480,153,31.875,100,20.8333333333333,99,20.625,33,6.875,12,2.5,37,7.70833333333333,46,9.58333333333333
"06B3B","06",Steglitz-Zehlendorf,3B,B,"063B",W,"3","78",0,516,2,514,168,32.6848249027237,117,22.7626459143969,106,20.6225680933852,21,4.08560311284047,13,2.52918287937743,44,8.56031128404669,45,8.75486381322957
"06B3C","06",Steglitz-Zehlendorf,3C,B,"063C",W,"3","78",0,404,1,402,129,32.089552238806,91,22.636815920398,90,22.3880597014925,21,5.22388059701492,10,2.48756218905473,32,7.96019900497512,29,7.21393034825871
"06B3D","06",Steglitz-Zehlendorf,3D,B,"063D",W,"3","78",0,315,1,313,94,30.0319488817891,69,22.0447284345048,74,23.6421725239617,20,6.38977635782748,10,3.19488817891374,16,5.11182108626198,30,9.58466453674121
"06B3E","06",Steglitz-Zehlendorf,3E,B,"063E",W,"3","78",0,383,1,381,118,30.9711286089239,88,23.0971128608924,84,22.0472440944882,23,6.03674540682415,10,2.6246719160105,28,7.3490813648294,30,7.8740157480315
"06B3F","06",Steglitz-Zehlendorf,3F,B,"063F",W,"3","78",0,424,1,422,153,36.2559241706161,89,21.0900473933649,86,20.3791469194313,17,4.02843601895735,11,2.60663507109005,40,9.47867298578199,26,6.16113744075829
"06B3G","06",Steglitz-Zehlendorf,3G,B,"063G",W,"3","78",0,458,2,455,152,33.4065934065934,99,21.7582417582418,102,22.4175824175824,25,5.49450549450549,12,2.63736263736264,36,7.91208791208791,29,6.37362637362637
"06B3H","06",Steglitz-Zehlendorf,3H,B,"063H",W,"3","78",0,480,2,477,174,36.4779874213836,96,20.125786163522,96,20.125786163522,23,4.82180293501048,13,2.72536687631027,45,9.43396226415094,30,6.28930817610063
"06B3J","06",Steglitz-Zehlendorf,3J,B,"063J",W,"3","78",0,486,2,484,189,39.0495867768595,98,20.2479338842975,88,18.1818181818182,23,4.75206611570248,12,2.47933884297521,46,9.50413223140496,28,5.78512396694215
"06B3K","06",Steglitz-Zehlendorf,3K,B,"063K",W,"3","78",0,461,1,460,163,35.4347826086957,67,14.5652173913043,119,25.8695652173913,23,5,7,1.52173913043478,45,9.78260869565217,36,7.82608695652174
"06B3L","06",Steglitz-Zehlendorf,3L,B,"063L",W,"3","78",0,457,3,454,171,37.6651982378855,95,20.9251101321586,86,18.942731277533,22,4.84581497797357,14,3.08370044052863,40,8.81057268722467,26,5.72687224669604
"06B3M","06",Steglitz-Zehlendorf,3M,B,"063M",W,"3","78",0,479,3,476,189,39.7058823529412,102,21.4285714285714,83,17.436974789916,21,4.41176470588235,14,2.94117647058824,44,9.2436974789916,23,4.83193277310924
"06B3N","06",Steglitz-Zehlendorf,3N,B,"063N",W,"3","78",0,467,2,465,193,41.505376344086,104,22.3655913978495,79,16.989247311828,19,4.08602150537634,12,2.58064516129032,41,8.81720430107527,17,3.65591397849462
"06B3P","06",Steglitz-Zehlendorf,3P,B,"063P",W,"3","78",0,461,1,460,203,44.1304347826087,100,21.7391304347826,71,15.4347826086957,15,3.26086956521739,12,2.60869565217391,43,9.34782608695652,16,3.47826086956522
"06B3Q","06",Steglitz-Zehlendorf,3Q,B,"063Q",W,"3","78",0,471,1,470,211,44.8936170212766,94,20,76,16.1702127659574,13,2.76595744680851,13,2.76595744680851,48,10.2127659574468,15,3.19148936170213
"06B3R","06",Steglitz-Zehlendorf,3R,B,"063R",W,"3","78",0,492,1,491,214,43.5845213849287,104,21.1812627291242,78,15.8859470468432,11,2.24032586558045,13,2.64765784114053,52,10.5906313645621,19,3.86965376782077
"06B3S","06",Steglitz-Zehlendorf,3S,B,"063S",W,"3","78",0,458,1,457,189,41.3566739606127,107,23.4135667396061,77,16.8490153172867,21,4.59518599562363,11,2.40700218818381,41,8.97155361050328,11,2.40700218818381
"06B3T","06",Steglitz-Zehlendorf,3T,B,"063T",W,"3","78",0,407,1,406,175,43.1034482758621,92,22.6600985221675,55,13.5467980295567,18,4.43349753694581,17,4.1871921182266,37,9.11330049261084,12,2.95566502463054
"06B3U","06",Steglitz-Zehlendorf,3U,B,"063U",W,"3","78",0,473,1,472,182,38.5593220338983,114,24.1525423728814,86,18.2203389830508,25,5.29661016949153,9,1.90677966101695,42,8.89830508474576,14,2.96610169491525
"06B3V","06",Steglitz-Zehlendorf,3V,B,"063V",W,"3","78",0,410,4,406,185,45.5665024630542,83,20.4433497536946,54,13.3004926108374,16,3.94088669950739,21,5.17241379310345,32,7.88177339901478,15,3.69458128078818
"06B3W","06",Steglitz-Zehlendorf,3W,B,"063W",W,"3","78",0,515,1,514,244,47.4708171206226,88,17.1206225680934,81,15.7587548638132,13,2.52918287937743,21,4.08560311284047,51,9.92217898832685,16,3.11284046692607
"06B3X","06",Steglitz-Zehlendorf,3X,B,"063X",W,"3","78",0,460,1,459,218,47.4945533769063,95,20.6971677559913,62,13.5076252723312,11,2.39651416122004,16,3.48583877995643,44,9.58605664488017,13,2.8322440087146
"06B3Y","06",Steglitz-Zehlendorf,3Y,B,"063Y",W,"3","78",0,431,2,429,180,41.958041958042,88,20.5128205128205,59,13.7529137529138,14,3.26340326340326,20,4.66200466200466,53,12.3543123543124,15,3.4965034965035
"06B3Z","06",Steglitz-Zehlendorf,3Z,B,"063Z",W,"3","78",0,415,3,412,172,41.747572815534,75,18.2038834951456,55,13.3495145631068,11,2.66990291262136,32,7.76699029126214,45,10.9223300970874,22,5.33980582524272
"06B3ZA","06",Steglitz-Zehlendorf,3ZA,B,"063ZA",W,"3","78",0,376,5,371,159,42.8571428571429,84,22.6415094339623,55,14.8247978436658,23,6.19946091644205,16,4.31266846361186,22,5.92991913746631,12,3.23450134770889
"06B3ZB","06",Steglitz-Zehlendorf,3ZB,B,"063ZB",W,"3","78",0,404,2,402,168,41.7910447761194,95,23.6318407960199,58,14.4278606965174,17,4.22885572139304,18,4.47761194029851,36,8.95522388059701,10,2.48756218905473
"06B3ZC","06",Steglitz-Zehlendorf,3ZC,B,"063ZC",W,"3","78",0,370,2,368,150,40.7608695652174,68,18.4782608695652,55,14.945652173913,18,4.89130434782609,24,6.52173913043478,26,7.06521739130435,27,7.33695652173913
"06B3ZD","06",Steglitz-Zehlendorf,3ZD,B,"063ZD",W,"3","78",0,371,3,368,136,36.9565217391304,77,20.9239130434783,62,16.8478260869565,19,5.16304347826087,25,6.79347826086956,23,6.25,26,7.06521739130435
"06B3ZE","06",Steglitz-Zehlendorf,3ZE,B,"063ZE",W,"3","78",0,379,0,379,151,39.8416886543536,67,17.6781002638522,54,14.2480211081794,21,5.54089709762533,34,8.97097625329815,20,5.27704485488127,32,8.44327176781003
"06B4A","06",Steglitz-Zehlendorf,4A,B,"064A",W,"4","78",0,310,2,308,115,37.3376623376623,52,16.8831168831169,56,18.1818181818182,15,4.87012987012987,10,3.24675324675325,27,8.76623376623377,33,10.7142857142857
"06B4B","06",Steglitz-Zehlendorf,4B,B,"064B",W,"4","78",0,285,2,283,112,39.5759717314488,49,17.3144876325088,48,16.9611307420495,12,4.24028268551237,9,3.18021201413428,23,8.12720848056537,30,10.6007067137809
"06B4C","06",Steglitz-Zehlendorf,4C,B,"064C",W,"4","78",0,323,2,321,131,40.809968847352,68,21.183800623053,44,13.7071651090343,12,3.73831775700935,11,3.42679127725857,25,7.78816199376947,30,9.34579439252336
"06B4D","06",Steglitz-Zehlendorf,4D,B,"064D",W,"4","78",0,376,5,371,144,38.8140161725067,75,20.2156334231806,51,13.7466307277628,10,2.69541778975741,11,2.96495956873315,42,11.3207547169811,38,10.2425876010782
"06B4E","06",Steglitz-Zehlendorf,4E,B,"064E",W,"4","78",0,343,3,340,127,37.3529411764706,77,22.6470588235294,59,17.3529411764706,11,3.23529411764706,11,3.23529411764706,19,5.58823529411765,36,10.5882352941176
"06B4F","06",Steglitz-Zehlendorf,4F,B,"064F",W,"4","78",0,309,2,307,109,35.5048859934853,65,21.1726384364821,33,10.7491856677524,16,5.21172638436482,22,7.16612377850163,30,9.77198697068404,32,10.4234527687296
"06B4G","06",Steglitz-Zehlendorf,4G,B,"064G",W,"4","78",0,360,1,358,131,36.5921787709497,76,21.2290502793296,65,18.1564245810056,18,5.02793296089385,17,4.74860335195531,22,6.14525139664804,29,8.10055865921788
"06B4H","06",Steglitz-Zehlendorf,4H,B,"064H",W,"4","78",0,372,2,369,137,37.1273712737127,85,23.0352303523035,66,17.8861788617886,17,4.6070460704607,12,3.2520325203252,24,6.50406504065041,28,7.58807588075881
"06B4J","06",Steglitz-Zehlendorf,4J,B,"064J",W,"4","78",0,428,3,424,180,42.4528301886792,72,16.9811320754717,65,15.3301886792453,19,4.4811320754717,12,2.83018867924528,38,8.9622641509434,38,8.9622641509434
"06B4K","06",Steglitz-Zehlendorf,4K,B,"064K",W,"4","78",0,325,2,322,124,38.5093167701863,65,20.1863354037267,53,16.4596273291925,15,4.6583850931677,23,7.14285714285714,20,6.2111801242236,22,6.83229813664596
"06B4L","06",Steglitz-Zehlendorf,4L,B,"064L",W,"4","78",0,295,3,291,113,38.8316151202749,70,24.0549828178694,39,13.4020618556701,17,5.84192439862543,13,4.46735395189003,19,6.52920962199313,20,6.87285223367698
"06B4M","06",Steglitz-Zehlendorf,4M,B,"064M",W,"4","78",0,313,1,312,132,42.3076923076923,72,23.0769230769231,39,12.5,13,4.16666666666667,13,4.16666666666667,21,6.73076923076923,22,7.05128205128205
"06B4N","06",Steglitz-Zehlendorf,4N,B,"064N",W,"4","78",0,346,1,345,151,43.768115942029,65,18.8405797101449,62,17.9710144927536,9,2.60869565217391,13,3.76811594202899,24,6.95652173913043,21,6.08695652173913
"06B4P","06",Steglitz-Zehlendorf,4P,B,"064P",W,"4","78",0,290,2,288,137,47.5694444444444,57,19.7916666666667,36,12.5,6,2.08333333333333,9,3.125,24,8.33333333333333,19,6.59722222222222
"06B4Q","06",Steglitz-Zehlendorf,4Q,B,"064Q",W,"4","78",0,313,1,312,143,45.8333333333333,69,22.1153846153846,36,11.5384615384615,9,2.88461538461538,11,3.52564102564103,24,7.69230769230769,20,6.41025641025641
"06B4R","06",Steglitz-Zehlendorf,4R,B,"064R",W,"4","78",0,332,2,330,144,43.6363636363636,62,18.7878787878788,39,11.8181818181818,14,4.24242424242424,25,7.57575757575758,15,4.54545454545455,31,9.39393939393939
"06B4S","06",Steglitz-Zehlendorf,4S,B,"064S",W,"4","78",0,289,4,285,108,37.8947368421053,58,20.3508771929825,44,15.4385964912281,14,4.91228070175439,20,7.01754385964912,17,5.96491228070175,24,8.42105263157895
"06B4T","06",Steglitz-Zehlendorf,4T,B,"064T",W,"4","78",0,295,1,294,113,38.4353741496599,78,26.530612244898,43,14.6258503401361,12,4.08163265306122,18,6.12244897959184,18,6.12244897959184,12,4.08163265306122
"06B4U","06",Steglitz-Zehlendorf,4U,B,"064U",W,"4","78",0,282,2,280,118,42.1428571428571,71,25.3571428571429,22,7.85714285714286,14,5,23,8.21428571428571,15,5.35714285714286,17,6.07142857142857
"06B4V","06",Steglitz-Zehlendorf,4V,B,"064V",W,"4","78",0,105,1,104,41,39.4230769230769,22,21.1538461538462,4,3.84615384615385,7,6.73076923076923,12,11.5384615384615,4,3.84615384615385,14,13.4615384615385
"06B4W","06",Steglitz-Zehlendorf,4W,B,"064W",W,"4","78",0,247,2,245,102,41.6326530612245,58,23.6734693877551,22,8.97959183673469,9,3.6734693877551,18,7.34693877551021,19,7.75510204081633,17,6.93877551020408
"06B4X","06",Steglitz-Zehlendorf,4X,B,"064X",W,"4","78",0,329,1,328,139,42.3780487804878,77,23.4756097560976,43,13.109756097561,12,3.65853658536585,16,4.8780487804878,29,8.84146341463415,12,3.65853658536585
"06B4Y","06",Steglitz-Zehlendorf,4Y,B,"064Y",W,"4","78",0,397,2,395,172,43.5443037974684,83,21.0126582278481,59,14.9367088607595,14,3.54430379746835,18,4.55696202531646,31,7.84810126582278,18,4.55696202531646
"06B4Z","06",Steglitz-Zehlendorf,4Z,B,"064Z",W,"4","78",0,344,0,344,135,39.2441860465116,78,22.6744186046512,64,18.6046511627907,16,4.65116279069767,14,4.06976744186047,24,6.97674418604651,13,3.77906976744186
"06B4ZA","06",Steglitz-Zehlendorf,4ZA,B,"064ZA",W,"4","78",0,401,1,400,185,46.25,79,19.75,67,16.75,13,3.25,17,4.25,25,6.25,14,3.5
"06B4ZB","06",Steglitz-Zehlendorf,4ZB,B,"064ZB",W,"4","78",0,442,0,442,219,49.5475113122172,87,19.683257918552,69,15.6108597285068,14,3.16742081447964,16,3.61990950226244,28,6.33484162895928,9,2.03619909502262
"06B4ZC","06",Steglitz-Zehlendorf,4ZC,B,"064ZC",W,"4","78",0,419,2,417,212,50.8393285371703,86,20.6235011990408,53,12.7098321342926,15,3.59712230215827,13,3.11750599520384,28,6.71462829736211,10,2.39808153477218
"06B4ZD","06",Steglitz-Zehlendorf,4ZD,B,"064ZD",W,"4","78",0,323,1,322,132,40.9937888198758,79,24.5341614906832,43,13.3540372670807,13,4.03726708074534,16,4.96894409937888,25,7.7639751552795,14,4.34782608695652
"06B4ZE","06",Steglitz-Zehlendorf,4ZE,B,"064ZE",W,"4","78",0,304,1,303,133,43.8943894389439,77,25.4125412541254,37,12.2112211221122,14,4.62046204620462,14,4.62046204620462,21,6.93069306930693,7,2.31023102310231
"06B4ZF","06",Steglitz-Zehlendorf,4ZF,B,"064ZF",W,"4","78",0,263,0,263,104,39.5437262357414,77,29.277566539924,35,13.3079847908745,11,4.18250950570342,12,4.56273764258555,15,5.70342205323194,9,3.42205323193916
"06B5A","06",Steglitz-Zehlendorf,5A,B,"065A",W,"5","78",0,355,1,354,138,38.9830508474576,67,18.9265536723164,59,16.6666666666667,18,5.08474576271187,15,4.23728813559322,21,5.93220338983051,36,10.1694915254237
"06B5B","06",Steglitz-Zehlendorf,5B,B,"065B",W,"5","78",0,390,2,388,149,38.4020618556701,79,20.360824742268,59,15.2061855670103,12,3.09278350515464,14,3.60824742268041,33,8.50515463917526,42,10.8247422680412
"06B5C","06",Steglitz-Zehlendorf,5C,B,"065C",W,"5","78",0,377,1,376,141,37.5,78,20.7446808510638,67,17.8191489361702,15,3.98936170212766,15,3.98936170212766,33,8.77659574468085,27,7.18085106382979
"06B5D","06",Steglitz-Zehlendorf,5D,B,"065D",W,"5","78",0,374,3,371,136,36.6576819407008,73,19.6765498652291,49,13.2075471698113,18,4.85175202156334,19,5.12129380053908,28,7.54716981132075,48,12.9380053908356
"06B5E","06",Steglitz-Zehlendorf,5E,B,"065E",W,"5","78",0,386,1,385,143,37.1428571428571,77,20,72,18.7012987012987,15,3.8961038961039,14,3.63636363636364,34,8.83116883116883,30,7.79220779220779
"06B5F","06",Steglitz-Zehlendorf,5F,B,"065F",W,"5","78",0,364,2,362,141,38.9502762430939,72,19.8895027624309,53,14.6408839779006,16,4.41988950276243,20,5.52486187845304,30,8.28729281767956,30,8.28729281767956
"06B5G","06",Steglitz-Zehlendorf,5G,B,"065G",W,"5","78",0,353,1,352,143,40.625,72,20.4545454545455,52,14.7727272727273,15,4.26136363636364,18,5.11363636363636,28,7.95454545454545,24,6.81818181818182
"06B5H","06",Steglitz-Zehlendorf,5H,B,"065H",W,"5","78",0,325,2,323,127,39.3188854489164,69,21.3622291021672,41,12.6934984520124,12,3.71517027863777,20,6.19195046439629,25,7.73993808049536,29,8.97832817337461
"06B5J","06",Steglitz-Zehlendorf,5J,B,"065J",W,"5","78",0,400,1,399,175,43.859649122807,90,22.5563909774436,45,11.2781954887218,19,4.76190476190476,22,5.51378446115288,24,6.01503759398496,24,6.01503759398496
"06B5K","06",Steglitz-Zehlendorf,5K,B,"065K",W,"5","78",0,295,1,293,134,45.7337883959044,58,19.7952218430034,26,8.87372013651877,14,4.77815699658703,17,5.80204778156997,19,6.48464163822526,25,8.53242320819113
"06B5L","06",Steglitz-Zehlendorf,5L,B,"065L",W,"5","78",0,362,1,360,180,50,78,21.6666666666667,25,6.94444444444444,13,3.61111111111111,21,5.83333333333333,21,5.83333333333333,22,6.11111111111111
"06B5M","06",Steglitz-Zehlendorf,5M,B,"065M",W,"5","78",0,317,2,315,132,41.9047619047619,58,18.4126984126984,29,9.20634920634921,16,5.07936507936508,24,7.61904761904762,30,9.52380952380952,26,8.25396825396825
"06B5N","06",Steglitz-Zehlendorf,5N,B,"065N",W,"5","78",0,264,1,263,95,36.1216730038023,53,20.1520912547529,40,15.2091254752852,12,4.56273764258555,22,8.36501901140684,12,4.56273764258555,29,11.0266159695817
"06B5P","06",Steglitz-Zehlendorf,5P,B,"065P",W,"5","78",0,334,3,331,128,38.6706948640483,70,21.1480362537764,46,13.8972809667674,13,3.92749244712991,21,6.34441087613293,25,7.55287009063444,28,8.45921450151057
"06B5Q","06",Steglitz-Zehlendorf,5Q,B,"065Q",W,"5","78",0,242,1,241,89,36.9294605809129,56,23.2365145228216,29,12.0331950207469,14,5.80912863070539,17,7.05394190871369,12,4.9792531120332,24,9.95850622406639
"06B5R","06",Steglitz-Zehlendorf,5R,B,"065R",W,"5","78",0,287,2,285,128,44.9122807017544,62,21.7543859649123,22,7.71929824561404,16,5.6140350877193,18,6.31578947368421,15,5.26315789473684,24,8.42105263157895
"06B5S","06",Steglitz-Zehlendorf,5S,B,"065S",W,"5","78",0,230,1,229,79,34.4978165938865,56,24.4541484716157,32,13.9737991266376,13,5.67685589519651,15,6.55021834061135,11,4.80349344978166,23,10.0436681222707
"06B5T","06",Steglitz-Zehlendorf,5T,B,"065T",W,"5","78",0,258,3,255,90,35.2941176470588,47,18.4313725490196,36,14.1176470588235,13,5.09803921568627,21,8.23529411764706,13,5.09803921568627,35,13.7254901960784
"06B5U","06",Steglitz-Zehlendorf,5U,B,"065U",W,"5","78",0,249,4,245,100,40.8163265306122,69,28.1632653061224,17,6.93877551020408,8,3.26530612244898,18,7.34693877551021,9,3.6734693877551,24,9.79591836734694
"06B5V","06",Steglitz-Zehlendorf,5V,B,"065V",W,"5","78",0,276,2,274,117,42.7007299270073,56,20.4379562043796,33,12.043795620438,10,3.64963503649635,17,6.2043795620438,16,5.83941605839416,25,9.12408759124088
"06B5W","06",Steglitz-Zehlendorf,5W,B,"065W",W,"5","78",0,257,2,255,118,46.2745098039216,48,18.8235294117647,32,12.5490196078431,7,2.74509803921569,18,7.05882352941176,13,5.09803921568627,19,7.45098039215686
"06B5X","06",Steglitz-Zehlendorf,5X,B,"065X",W,"5","78",0,213,5,208,73,35.0961538461538,55,26.4423076923077,21,10.0961538461538,11,5.28846153846154,19,9.13461538461538,8,3.84615384615385,21,10.0961538461538
"06B5Y","06",Steglitz-Zehlendorf,5Y,B,"065Y",W,"5","78",0,293,0,293,118,40.2730375426621,70,23.8907849829352,33,11.2627986348123,13,4.43686006825939,21,7.16723549488055,20,6.8259385665529,18,6.14334470989761
"06B5Z","06",Steglitz-Zehlendorf,5Z,B,"065Z",W,"5","78",0,291,0,291,131,45.0171821305842,67,23.0240549828179,39,13.4020618556701,9,3.09278350515464,16,5.49828178694158,23,7.90378006872852,6,2.06185567010309
"06B5ZA","06",Steglitz-Zehlendorf,5ZA,B,"065ZA",W,"5","78",0,219,1,218,88,40.3669724770642,41,18.8073394495413,31,14.2201834862385,12,5.5045871559633,11,5.04587155963303,14,6.42201834862385,21,9.63302752293578
"06B5ZB","06",Steglitz-Zehlendorf,5ZB,B,"065ZB",W,"5","78",0,245,0,245,94,38.3673469387755,62,25.3061224489796,36,14.6938775510204,7,2.85714285714286,12,4.89795918367347,14,5.71428571428571,20,8.16326530612245
"06B5ZC","06",Steglitz-Zehlendorf,5ZC,B,"065ZC",W,"5","78",0,196,1,195,82,42.0512820512821,37,18.974358974359,23,11.7948717948718,10,5.12820512820513,6,3.07692307692308,13,6.66666666666667,24,12.3076923076923
"06B5ZD","06",Steglitz-Zehlendorf,5ZD,B,"065ZD",W,"5","78",0,312,0,312,139,44.5512820512821,61,19.5512820512821,54,17.3076923076923,10,3.2051282051282,17,5.44871794871795,21,6.73076923076923,10,3.2051282051282
"06B5ZE","06",Steglitz-Zehlendorf,5ZE,B,"065ZE",W,"5","78",0,346,0,346,163,47.1098265895954,83,23.9884393063584,38,10.9826589595376,6,1.73410404624277,15,4.33526011560694,31,8.95953757225434,10,2.89017341040462
"06B6A","06",Steglitz-Zehlendorf,6A,B,"066A",W,"6","78",0,524,2,521,189,36.2763915547025,112,21.4971209213052,95,18.2341650671785,25,4.79846449136276,12,2.30326295585413,47,9.021113243762,41,7.86948176583493
"06B6B","06",Steglitz-Zehlendorf,6B,B,"066B",W,"6","78",0,386,2,383,120,31.331592689295,82,21.4099216710183,87,22.7154046997389,20,5.22193211488251,14,3.65535248041775,32,8.35509138381201,28,7.31070496083551
"06B6C","06",Steglitz-Zehlendorf,6C,B,"066C",W,"6","78",0,340,1,338,118,34.9112426035503,60,17.7514792899408,55,16.2721893491124,22,6.50887573964497,21,6.21301775147929,29,8.57988165680473,33,9.76331360946746
"06B6D","06",Steglitz-Zehlendorf,6D,B,"066D",W,"6","78",0,400,1,398,210,52.7638190954774,41,10.3015075376884,41,10.3015075376884,9,2.26130653266332,12,3.01507537688442,61,15.3266331658291,24,6.03015075376884
"06B6E","06",Steglitz-Zehlendorf,6E,B,"066E",W,"6","78",0,412,1,410,211,51.4634146341463,43,10.4878048780488,45,10.9756097560976,9,2.19512195121951,15,3.65853658536585,67,16.3414634146341,20,4.8780487804878
"06B6F","06",Steglitz-Zehlendorf,6F,B,"066F",W,"6","78",0,405,1,403,203,50.3722084367246,39,9.67741935483871,45,11.166253101737,8,1.98511166253102,19,4.71464019851117,67,16.6253101736973,22,5.4590570719603
"06B6G","06",Steglitz-Zehlendorf,6G,B,"066G",W,"6","78",0,464,1,462,229,49.5670995670996,55,11.9047619047619,73,15.8008658008658,10,2.16450216450216,14,3.03030303030303,54,11.6883116883117,27,5.84415584415584
"06B6H","06",Steglitz-Zehlendorf,6H,B,"066H",W,"6","78",0,439,2,436,186,42.6605504587156,65,14.9082568807339,70,16.0550458715596,18,4.12844036697248,13,2.98165137614679,59,13.5321100917431,25,5.73394495412844
"06B6J","06",Steglitz-Zehlendorf,6J,B,"066J",W,"6","78",0,389,2,387,183,47.2868217054264,59,15.2454780361757,56,14.4702842377261,11,2.84237726098191,11,2.84237726098191,49,12.6614987080103,18,4.65116279069767
"06B6K","06",Steglitz-Zehlendorf,6K,B,"066K",W,"6","78",0,363,1,362,167,46.1325966850829,56,15.4696132596685,51,14.0883977900552,13,3.59116022099448,16,4.41988950276243,39,10.7734806629834,20,5.52486187845304
"06B6L","06",Steglitz-Zehlendorf,6L,B,"066L",W,"6","78",0,389,2,387,124,32.0413436692506,87,22.4806201550388,92,23.7726098191214,20,5.16795865633075,15,3.87596899224806,31,8.01033591731266,18,4.65116279069767
"06B6M","06",Steglitz-Zehlendorf,6M,B,"066M",W,"6","78",0,387,1,386,116,30.0518134715026,92,23.8341968911917,87,22.5388601036269,23,5.95854922279793,14,3.62694300518135,28,7.25388601036269,26,6.73575129533679
"06B6N","06",Steglitz-Zehlendorf,6N,B,"066N",W,"6","78",0,363,2,361,99,27.4238227146814,87,24.0997229916898,86,23.8227146814404,23,6.37119113573407,14,3.8781163434903,23,6.37119113573407,29,8.03324099722992
"06B6P","06",Steglitz-Zehlendorf,6P,B,"066P",W,"6","78",0,425,1,423,150,35.4609929078014,72,17.0212765957447,94,22.2222222222222,22,5.20094562647754,15,3.54609929078014,52,12.2931442080378,18,4.25531914893617
"06B6Q","06",Steglitz-Zehlendorf,6Q,B,"066Q",W,"6","78",0,414,1,412,132,32.0388349514563,83,20.1456310679612,100,24.2718446601942,20,4.85436893203883,11,2.66990291262136,48,11.6504854368932,18,4.36893203883495
"06B6R","06",Steglitz-Zehlendorf,6R,B,"066R",W,"6","78",0,472,2,469,153,32.6226012793177,100,21.3219616204691,123,26.226012793177,22,4.6908315565032,11,2.3454157782516,43,9.16844349680171,17,3.62473347547974
"06B6S","06",Steglitz-Zehlendorf,6S,B,"066S",W,"6","78",0,410,1,408,172,42.156862745098,66,16.1764705882353,84,20.5882352941176,15,3.67647058823529,11,2.69607843137255,50,12.2549019607843,10,2.45098039215686
"06B6T","06",Steglitz-Zehlendorf,6T,B,"066T",W,"6","78",0,427,2,424,170,40.0943396226415,76,17.9245283018868,73,17.2169811320755,20,4.71698113207547,13,3.06603773584906,56,13.2075471698113,16,3.77358490566038
"06B6U","06",Steglitz-Zehlendorf,6U,B,"066U",W,"6","78",0,362,2,359,124,34.5403899721448,88,24.5125348189415,70,19.4986072423398,23,6.4066852367688,12,3.34261838440111,28,7.79944289693593,14,3.89972144846797
"06B6V","06",Steglitz-Zehlendorf,6V,B,"066V",W,"6","78",0,290,1,288,113,39.2361111111111,69,23.9583333333333,44,15.2777777777778,10,3.47222222222222,12,4.16666666666667,26,9.02777777777778,14,4.86111111111111
"06B6W","06",Steglitz-Zehlendorf,6W,B,"066W",W,"6","78",0,350,2,347,124,35.7348703170029,76,21.9020172910663,71,20.4610951008646,16,4.61095100864553,13,3.7463976945245,34,9.79827089337176,13,3.7463976945245
"06B6X","06",Steglitz-Zehlendorf,6X,B,"066X",W,"6","78",0,417,1,415,136,32.7710843373494,84,20.2409638554217,85,20.4819277108434,24,5.78313253012048,19,4.57831325301205,46,11.0843373493976,21,5.06024096385542
"06B6Y","06",Steglitz-Zehlendorf,6Y,B,"066Y",W,"6","78",0,360,2,357,134,37.5350140056022,72,20.1680672268908,73,20.4481792717087,17,4.76190476190476,17,4.76190476190476,33,9.2436974789916,11,3.0812324929972
"06B6Z","06",Steglitz-Zehlendorf,6Z,B,"066Z",W,"6","78",0,368,2,365,134,36.7123287671233,78,21.3698630136986,76,20.8219178082192,19,5.20547945205479,16,4.38356164383562,32,8.76712328767123,10,2.73972602739726
"06B6ZA","06",Steglitz-Zehlendorf,6ZA,B,"066ZA",W,"6","78",0,386,3,383,133,34.7258485639687,88,22.976501305483,75,19.5822454308094,22,5.74412532637076,19,4.96083550913838,23,6.00522193211488,23,6.00522193211488
"06B6ZB","06",Steglitz-Zehlendorf,6ZB,B,"066ZB",W,"6","78",0,344,1,343,128,37.3177842565598,75,21.865889212828,67,19.533527696793,17,4.95626822157434,18,5.24781341107872,25,7.28862973760933,13,3.79008746355685
"06B6ZC","06",Steglitz-Zehlendorf,6ZC,B,"066ZC",W,"6","78",0,300,0,300,118,39.3333333333333,55,18.3333333333333,52,17.3333333333333,11,3.66666666666667,17,5.66666666666667,29,9.66666666666667,18,6
"06B6ZD","06",Steglitz-Zehlendorf,6ZD,B,"066ZD",W,"6","78",0,372,2,370,143,38.6486486486486,89,24.0540540540541,62,16.7567567567568,19,5.13513513513514,11,2.97297297297297,29,7.83783783783784,17,4.59459459459459
"06B6ZE","06",Steglitz-Zehlendorf,6ZE,B,"066ZE",W,"6","78",0,365,0,365,143,39.1780821917808,79,21.6438356164384,67,18.3561643835616,19,5.20547945205479,13,3.56164383561644,35,9.58904109589041,9,2.46575342465753
"06B6ZF","06",Steglitz-Zehlendorf,6ZF,B,"066ZF",W,"6","78",0,318,1,317,140,44.1640378548896,68,21.4511041009464,49,15.4574132492114,19,5.99369085173502,5,1.57728706624606,27,8.51735015772871,9,2.8391167192429
"06B7A","06",Steglitz-Zehlendorf,7A,B,"067A",W,"7","78",0,424,1,422,161,38.1516587677725,75,17.7725118483412,70,16.5876777251185,16,3.7914691943128,18,4.2654028436019,47,11.1374407582938,35,8.29383886255924
"06B7B","06",Steglitz-Zehlendorf,7B,B,"067B",W,"7","78",0,390,1,388,157,40.4639175257732,72,18.5567010309278,64,16.4948453608247,18,4.63917525773196,8,2.06185567010309,35,9.02061855670103,34,8.76288659793814
"06B7C","06",Steglitz-Zehlendorf,7C,B,"067C",W,"7","78",0,422,1,420,194,46.1904761904762,60,14.2857142857143,57,13.5714285714286,11,2.61904761904762,11,2.61904761904762,56,13.3333333333333,31,7.38095238095238
"06B7D","06",Steglitz-Zehlendorf,7D,B,"067D",W,"7","78",0,420,1,419,179,42.7207637231504,66,15.7517899761337,63,15.035799522673,14,3.34128878281623,22,5.25059665871122,51,12.1718377088305,24,5.72792362768496
"06B7E","06",Steglitz-Zehlendorf,7E,B,"067E",W,"7","78",0,384,1,383,168,43.8642297650131,56,14.621409921671,44,11.4882506527415,8,2.088772845953,23,6.00522193211488,61,15.9268929503916,23,6.00522193211488
"06B7F","06",Steglitz-Zehlendorf,7F,B,"067F",W,"7","78",0,420,3,417,164,39.3285371702638,67,16.0671462829736,71,17.0263788968825,11,2.6378896882494,22,5.2757793764988,56,13.4292565947242,26,6.23501199040767
"06B7G","06",Steglitz-Zehlendorf,7G,B,"067G",W,"7","78",0,354,1,353,126,35.6940509915014,67,18.9801699716714,64,18.1303116147309,12,3.39943342776204,17,4.81586402266289,46,13.0311614730878,21,5.94900849858357
"06B7H","06",Steglitz-Zehlendorf,7H,B,"067H",W,"7","78",0,435,1,434,182,41.9354838709677,65,14.9769585253456,78,17.9723502304147,14,3.2258064516129,21,4.83870967741935,49,11.2903225806452,25,5.76036866359447
"06B7J","06",Steglitz-Zehlendorf,7J,B,"067J",W,"7","78",0,433,1,432,190,43.9814814814815,65,15.0462962962963,78,18.0555555555556,11,2.5462962962963,17,3.93518518518519,51,11.8055555555556,20,4.62962962962963
"06B7K","06",Steglitz-Zehlendorf,7K,B,"067K",W,"7","78",0,456,2,454,182,40.0881057268723,82,18.0616740088106,84,18.5022026431718,14,3.08370044052863,10,2.20264317180617,65,14.3171806167401,17,3.74449339207048
"06B7L","06",Steglitz-Zehlendorf,7L,B,"067L",W,"7","78",0,469,2,467,180,38.5438972162741,92,19.7002141327623,84,17.9871520342612,15,3.21199143468951,11,2.35546038543897,73,15.6316916488223,12,2.56959314775161
"06B7M","06",Steglitz-Zehlendorf,7M,B,"067M",W,"7","78",0,399,1,398,161,40.4522613065327,78,19.5979899497487,71,17.8391959798995,13,3.26633165829146,14,3.51758793969849,49,12.3115577889447,12,3.01507537688442
"06B7N","06",Steglitz-Zehlendorf,7N,B,"067N",W,"7","78",0,413,2,411,167,40.632603406326,84,20.4379562043796,76,18.4914841849148,12,2.91970802919708,8,1.94647201946472,47,11.4355231143552,17,4.13625304136253
"06B7P","06",Steglitz-Zehlendorf,7P,B,"067P",W,"7","78",0,404,2,402,177,44.0298507462687,64,15.9203980099502,76,18.9054726368159,12,2.98507462686567,13,3.23383084577114,50,12.4378109452736,10,2.48756218905473
"06B7Q","06",Steglitz-Zehlendorf,7Q,B,"067Q",W,"7","78",0,408,1,407,160,39.3120393120393,94,23.0958230958231,71,17.4447174447174,14,3.43980343980344,10,2.45700245700246,39,9.58230958230958,19,4.66830466830467
"06B7R","06",Steglitz-Zehlendorf,7R,B,"067R",W,"7","78",0,362,1,361,140,38.781163434903,63,17.4515235457064,72,19.9445983379501,20,5.54016620498615,13,3.601108033241,41,11.3573407202216,12,3.32409972299169
"06B7S","06",Steglitz-Zehlendorf,7S,B,"067S",W,"7","78",0,434,0,434,192,44.2396313364055,76,17.5115207373272,76,17.5115207373272,12,2.76497695852535,14,3.2258064516129,52,11.9815668202765,12,2.76497695852535
"06B7T","06",Steglitz-Zehlendorf,7T,B,"067T",W,"7","78",0,420,1,419,182,43.436754176611,77,18.3770883054893,72,17.1837708830549,15,3.5799522673031,11,2.62529832935561,50,11.9331742243437,12,2.86396181384248
"06B7U","06",Steglitz-Zehlendorf,7U,B,"067U",W,"7","78",0,374,0,374,152,40.6417112299465,79,21.1229946524064,65,17.379679144385,12,3.20855614973262,11,2.94117647058824,47,12.5668449197861,8,2.13903743315508
"06B7V","06",Steglitz-Zehlendorf,7V,B,"067V",W,"7","78",0,331,2,329,132,40.1215805471125,77,23.4042553191489,48,14.5896656534954,9,2.73556231003039,15,4.55927051671733,39,11.854103343465,9,2.73556231003039
"06B7W","06",Steglitz-Zehlendorf,7W,B,"067W",W,"7","78",0,323,1,322,117,36.3354037267081,74,22.9813664596273,68,21.1180124223602,15,4.6583850931677,10,3.1055900621118,28,8.69565217391304,10,3.1055900621118
"06B7X","06",Steglitz-Zehlendorf,7X,B,"067X",W,"7","78",0,297,0,297,100,33.6700336700337,69,23.2323232323232,69,23.2323232323232,18,6.06060606060606,12,4.04040404040404,21,7.07070707070707,8,2.69360269360269
"06B7Y","06",Steglitz-Zehlendorf,7Y,B,"067Y",W,"7","78",0,303,0,303,134,44.2244224422442,60,19.8019801980198,57,18.8118811881188,14,4.62046204620462,12,3.96039603960396,10,3.3003300330033,16,5.28052805280528
"06B7Z","06",Steglitz-Zehlendorf,7Z,B,"067Z",W,"7","78",0,404,0,404,198,49.009900990099,78,19.3069306930693,52,12.8712871287129,10,2.47524752475248,11,2.72277227722772,34,8.41584158415842,21,5.1980198019802
"06B7ZA","06",Steglitz-Zehlendorf,7ZA,B,"067ZA",W,"7","78",0,347,0,347,139,40.0576368876081,60,17.2910662824208,74,21.3256484149856,18,5.18731988472623,17,4.89913544668588,24,6.9164265129683,15,4.32276657060519
"06B7ZB","06",Steglitz-Zehlendorf,7ZB,B,"067ZB",W,"7","78",0,455,0,455,162,35.6043956043956,101,22.1978021978022,81,17.8021978021978,28,6.15384615384615,17,3.73626373626374,44,9.67032967032967,22,4.83516483516484
"06B7ZC","06",Steglitz-Zehlendorf,7ZC,B,"067ZC",W,"7","78",0,355,0,355,147,41.4084507042254,80,22.5352112676056,51,14.3661971830986,14,3.94366197183099,25,7.04225352112676,23,6.47887323943662,15,4.22535211267606
"06B7ZD","06",Steglitz-Zehlendorf,7ZD,B,"067ZD",W,"7","78",0,428,0,428,215,50.2336448598131,79,18.4579439252336,59,13.785046728972,11,2.57009345794392,12,2.80373831775701,41,9.57943925233645,11,2.57009345794392
"06W101","06",Steglitz-Zehlendorf,"101",W,"061A",W,"1","78",1099,399,1,398,110,27.6381909547739,87,21.8592964824121,87,21.8592964824121,25,6.28140703517588,18,4.52261306532663,29,7.28643216080402,42,10.5527638190955
"06W102","06",Steglitz-Zehlendorf,"102",W,"061B",W,"1","78",1085,379,1,378,90,23.8095238095238,90,23.8095238095238,88,23.2804232804233,29,7.67195767195767,17,4.4973544973545,24,6.34920634920635,40,10.5820105820106
"06W103","06",Steglitz-Zehlendorf,"103",W,"061C",W,"1","78",960,361,1,360,80,22.2222222222222,71,19.7222222222222,97,26.9444444444444,33,9.16666666666667,21,5.83333333333333,17,4.72222222222222,41,11.3888888888889
"06W104","06",Steglitz-Zehlendorf,"104",W,"061D",W,"1","78",798,322,1,321,77,23.98753894081,59,18.380062305296,88,27.4143302180685,28,8.72274143302181,21,6.54205607476635,13,4.04984423676012,35,10.9034267912773
"06W105","06",Steglitz-Zehlendorf,"105",W,"061E",W,"1","78",1071,391,4,387,98,25.3229974160207,72,18.6046511627907,96,24.8062015503876,43,11.1111111111111,21,5.42635658914729,17,4.39276485788114,40,10.3359173126615
"06W106","06",Steglitz-Zehlendorf,"106",W,"061F",W,"1","78",1082,424,1,423,94,22.2222222222222,83,19.6217494089835,100,23.6406619385343,47,11.1111111111111,34,8.03782505910165,21,4.9645390070922,44,10.4018912529551
"06W107","06",Steglitz-Zehlendorf,"107",W,"061G",W,"1","78",1059,361,2,359,97,27.0194986072423,64,17.8272980501393,78,21.7270194986072,30,8.35654596100279,30,8.35654596100279,20,5.57103064066852,40,11.142061281337
"06W108","06",Steglitz-Zehlendorf,"108",W,"061H",W,"1","78",1089,385,2,383,89,23.2375979112272,81,21.1488250652742,101,26.3707571801567,29,7.57180156657963,21,5.48302872062663,15,3.91644908616188,47,12.2715404699739
"06W109","06",Steglitz-Zehlendorf,"109",W,"061J",W,"1","78",1096,321,3,318,91,28.6163522012579,53,16.6666666666667,50,15.7232704402516,27,8.49056603773585,36,11.3207547169811,22,6.91823899371069,39,12.2641509433962
"06W110","06",Steglitz-Zehlendorf,"110",W,"061K",W,"1","78",1092,374,4,369,108,29.2682926829268,75,20.3252032520325,65,17.6151761517615,25,6.77506775067751,28,7.58807588075881,23,6.23306233062331,45,12.1951219512195
"06W111","06",Steglitz-Zehlendorf,"111",W,"061L",W,"1","78",1064,399,2,396,107,27.020202020202,91,22.979797979798,86,21.7171717171717,28,7.07070707070707,32,8.08080808080808,19,4.7979797979798,33,8.33333333333333
"06W112","06",Steglitz-Zehlendorf,"112",W,"061M",W,"1","78",1029,363,4,358,103,28.7709497206704,65,18.1564245810056,74,20.6703910614525,28,7.82122905027933,31,8.65921787709497,21,5.8659217877095,36,10.0558659217877
"06W113","06",Steglitz-Zehlendorf,"113",W,"061N",W,"1","78",1084,399,6,392,111,28.3163265306122,71,18.1122448979592,79,20.1530612244898,32,8.16326530612245,35,8.92857142857143,22,5.61224489795918,42,10.7142857142857
"06W114","06",Steglitz-Zehlendorf,"114",W,"061P",W,"1","78",1096,341,3,337,97,28.7833827893175,64,18.9910979228487,71,21.0682492581602,43,12.7596439169139,21,6.23145400593472,15,4.45103857566766,26,7.71513353115727
"06W115","06",Steglitz-Zehlendorf,"115",W,"061Q",W,"1","78",1013,348,2,345,78,22.6086956521739,79,22.8985507246377,95,27.536231884058,29,8.40579710144928,23,6.66666666666667,18,5.21739130434783,23,6.66666666666667
"06W116","06",Steglitz-Zehlendorf,"116",W,"061R",W,"1","78",1045,371,2,368,89,24.1847826086957,76,20.6521739130435,91,24.7282608695652,37,10.054347826087,20,5.43478260869565,22,5.97826086956522,33,8.96739130434783
"06W117","06",Steglitz-Zehlendorf,"117",W,"061S",W,"1","78",1037,395,2,393,106,26.972010178117,87,22.1374045801527,99,25.1908396946565,34,8.65139949109415,18,4.58015267175572,22,5.59796437659033,27,6.87022900763359
"06W118","06",Steglitz-Zehlendorf,"118",W,"061T",W,"1","78",1079,394,2,392,134,34.1836734693878,69,17.6020408163265,91,23.2142857142857,27,6.88775510204082,18,4.59183673469388,28,7.14285714285714,25,6.37755102040816
"06W119","06",Steglitz-Zehlendorf,"119",W,"061U",W,"1","78",1078,411,1,410,109,26.5853658536585,84,20.4878048780488,101,24.6341463414634,41,10,20,4.8780487804878,30,7.31707317073171,25,6.09756097560976
"06W120","06",Steglitz-Zehlendorf,"120",W,"061V",W,"1","78",1077,397,3,394,92,23.3502538071066,80,20.3045685279188,98,24.8730964467005,39,9.89847715736041,19,4.82233502538071,35,8.88324873096447,31,7.86802030456853
"06W121","06",Steglitz-Zehlendorf,"121",W,"061W",W,"1","78",1078,344,2,342,84,24.5614035087719,81,23.6842105263158,91,26.6081871345029,27,7.89473684210526,23,6.72514619883041,18,5.26315789473684,18,5.26315789473684
"06W122","06",Steglitz-Zehlendorf,"122",W,"061X",W,"1","78",1074,346,1,345,89,25.7971014492754,79,22.8985507246377,88,25.5072463768116,21,6.08695652173913,20,5.79710144927536,20,5.79710144927536,28,8.11594202898551
"06W123","06",Steglitz-Zehlendorf,"123",W,"061Y",W,"1","78",1089,352,2,350,105,30,63,18,81,23.1428571428571,26,7.42857142857143,18,5.14285714285714,33,9.42857142857143,24,6.85714285714286
"06W124","06",Steglitz-Zehlendorf,"124",W,"061Z",W,"1","78",1069,360,4,356,90,25.2808988764045,78,21.9101123595506,79,22.1910112359551,26,7.30337078651685,28,7.86516853932584,26,7.30337078651685,29,8.14606741573034
"06W125","06",Steglitz-Zehlendorf,"125",W,"061ZA",W,"1","78",1047,331,2,329,96,29.1793313069909,63,19.1489361702128,75,22.7963525835866,25,7.59878419452887,27,8.20668693009119,24,7.29483282674772,19,5.77507598784195
"06W126","06",Steglitz-Zehlendorf,"126",W,"061ZB",W,"1","78",1090,397,4,393,99,25.1908396946565,83,21.1195928753181,93,23.6641221374046,35,8.9058524173028,31,7.88804071246819,25,6.36132315521628,27,6.87022900763359
"06W127","06",Steglitz-Zehlendorf,"127",W,"061ZC",W,"1","78",1029,408,4,404,97,24.009900990099,96,23.7623762376238,92,22.7722772277228,37,9.15841584158416,30,7.42574257425743,23,5.69306930693069,29,7.17821782178218
"06W128","06",Steglitz-Zehlendorf,"128",W,"061ZD",W,"1","78",1032,334,1,333,106,31.8318318318318,66,19.8198198198198,69,20.7207207207207,24,7.20720720720721,22,6.60660660660661,27,8.10810810810811,19,5.70570570570571
"06W129","06",Steglitz-Zehlendorf,"129",W,"061ZE",W,"1","78",1084,396,0,396,121,30.5555555555556,81,20.4545454545455,80,20.2020202020202,34,8.58585858585858,21,5.3030303030303,32,8.08080808080808,27,6.81818181818182
"06W130","06",Steglitz-Zehlendorf,"130",W,"061ZF",W,"1","78",926,309,1,308,91,29.5454545454545,60,19.4805194805195,68,22.0779220779221,21,6.81818181818182,20,6.49350649350649,29,9.41558441558442,19,6.16883116883117
"06W201","06",Steglitz-Zehlendorf,"201",W,"062A",W,"2","78",961,394,3,390,108,27.6923076923077,70,17.9487179487179,86,22.0512820512821,33,8.46153846153846,27,6.92307692307692,25,6.41025641025641,41,10.5128205128205
"06W202","06",Steglitz-Zehlendorf,"202",W,"062B",W,"2","78",1034,414,1,412,118,28.6407766990291,85,20.631067961165,79,19.1747572815534,25,6.06796116504854,38,9.22330097087379,22,5.33980582524272,45,10.9223300970874
"06W203","06",Steglitz-Zehlendorf,"203",W,"062C",W,"2","78",1004,375,1,373,106,28.4182305630027,79,21.1796246648794,79,21.1796246648794,27,7.23860589812332,30,8.04289544235925,20,5.36193029490617,32,8.57908847184987
"06W204","06",Steglitz-Zehlendorf,"204",W,"062D",W,"2","78",1084,420,2,417,96,23.021582733813,82,19.6642685851319,108,25.8992805755396,46,11.031175059952,23,5.51558752997602,19,4.55635491606715,43,10.3117505995204
"06W205","06",Steglitz-Zehlendorf,"205",W,"062E",W,"2","78",1018,371,3,368,96,26.0869565217391,82,22.2826086956522,80,21.7391304347826,30,8.15217391304348,27,7.33695652173913,17,4.6195652173913,36,9.78260869565217
"06W206","06",Steglitz-Zehlendorf,"206",W,"062F",W,"2","78",1045,352,2,350,93,26.5714285714286,74,21.1428571428571,76,21.7142857142857,28,8,26,7.42857142857143,15,4.28571428571429,38,10.8571428571429
"06W207","06",Steglitz-Zehlendorf,"207",W,"062G",W,"2","78",1078,346,2,344,94,27.3255813953488,83,24.1279069767442,64,18.6046511627907,23,6.68604651162791,27,7.84883720930233,19,5.52325581395349,34,9.88372093023256
"06W208","06",Steglitz-Zehlendorf,"208",W,"062H",W,"2","78",1026,365,4,361,104,28.808864265928,88,24.3767313019391,59,16.3434903047091,19,5.26315789473684,25,6.92520775623269,26,7.20221606648199,40,11.0803324099723
"06W209","06",Steglitz-Zehlendorf,"209",W,"062J",W,"2","78",1072,436,7,429,142,33.1002331002331,93,21.6783216783217,69,16.0839160839161,25,5.82750582750583,29,6.75990675990676,28,6.52680652680653,43,10.02331002331
"06W210","06",Steglitz-Zehlendorf,"210",W,"062K",W,"2","78",983,376,4,372,127,34.1397849462366,78,20.9677419354839,62,16.6666666666667,21,5.64516129032258,28,7.52688172043011,19,5.10752688172043,37,9.94623655913978
"06W211","06",Steglitz-Zehlendorf,"211",W,"062L",W,"2","78",1045,418,4,414,164,39.6135265700483,70,16.9082125603865,71,17.1497584541063,23,5.55555555555556,30,7.2463768115942,22,5.31400966183575,34,8.21256038647343
"06W212","06",Steglitz-Zehlendorf,"212",W,"062M",W,"2","78",1043,398,4,394,164,41.6243654822335,69,17.5126903553299,63,15.989847715736,20,5.0761421319797,26,6.5989847715736,21,5.32994923857868,31,7.86802030456853
"06W213","06",Steglitz-Zehlendorf,"213",W,"062N",W,"2","78",1031,336,4,331,121,36.5558912386707,72,21.7522658610272,49,14.8036253776435,17,5.13595166163142,25,7.55287009063444,17,5.13595166163142,30,9.06344410876133
"06W214","06",Steglitz-Zehlendorf,"214",W,"062P",W,"2","78",822,268,1,266,67,25.187969924812,63,23.6842105263158,47,17.6691729323308,29,10.9022556390977,21,7.89473684210526,13,4.88721804511278,26,9.77443609022556
"06W215","06",Steglitz-Zehlendorf,"215",W,"062Q",W,"2","78",982,353,2,350,81,23.1428571428571,67,19.1428571428571,81,23.1428571428571,37,10.5714285714286,25,7.14285714285714,24,6.85714285714286,35,10
"06W216","06",Steglitz-Zehlendorf,"216",W,"062R",W,"2","78",1004,334,3,330,91,27.5757575757576,68,20.6060606060606,69,20.9090909090909,25,7.57575757575758,28,8.48484848484849,19,5.75757575757576,30,9.09090909090909
"06W217","06",Steglitz-Zehlendorf,"217",W,"062S",W,"2","78",990,358,2,355,95,26.7605633802817,75,21.1267605633803,83,23.3802816901408,33,9.29577464788732,21,5.91549295774648,21,5.91549295774648,27,7.6056338028169
"06W218","06",Steglitz-Zehlendorf,"218",W,"062T",W,"2","78",983,327,1,325,84,25.8461538461538,79,24.3076923076923,64,19.6923076923077,35,10.7692307692308,22,6.76923076923077,15,4.61538461538462,26,8
"06W219","06",Steglitz-Zehlendorf,"219",W,"062U",W,"2","78",972,313,2,310,98,31.6129032258064,69,22.258064516129,61,19.6774193548387,18,5.80645161290323,22,7.09677419354839,20,6.45161290322581,22,7.09677419354839
"06W220","06",Steglitz-Zehlendorf,"220",W,"062V",W,"2","78",1024,393,2,390,107,27.4358974358974,80,20.5128205128205,99,25.3846153846154,29,7.43589743589744,19,4.87179487179487,27,6.92307692307692,29,7.43589743589744
"06W221","06",Steglitz-Zehlendorf,"221",W,"062W",W,"2","78",988,332,2,329,81,24.6200607902736,68,20.6686930091185,82,24.9240121580547,33,10.0303951367781,20,6.0790273556231,22,6.68693009118541,23,6.99088145896657
"06W222","06",Steglitz-Zehlendorf,"222",W,"062X",W,"2","78",997,312,3,308,78,25.3246753246753,63,20.4545454545455,71,23.0519480519481,26,8.44155844155844,22,7.14285714285714,23,7.46753246753247,25,8.11688311688312
"06W223","06",Steglitz-Zehlendorf,"223",W,"062Y",W,"2","78",1040,321,3,317,89,28.0757097791798,66,20.820189274448,66,20.820189274448,30,9.46372239747634,25,7.88643533123028,19,5.99369085173502,22,6.94006309148265
"06W224","06",Steglitz-Zehlendorf,"224",W,"062Z",W,"2","78",1026,343,2,341,98,28.7390029325513,74,21.7008797653959,75,21.9941348973607,30,8.79765395894428,22,6.45161290322581,22,6.45161290322581,20,5.86510263929619
"06W225","06",Steglitz-Zehlendorf,"225",W,"062ZA",W,"2","78",1078,351,3,348,99,28.448275862069,69,19.8275862068966,79,22.7011494252874,23,6.60919540229885,28,8.04597701149425,23,6.60919540229885,27,7.75862068965517
"06W226","06",Steglitz-Zehlendorf,"226",W,"062ZB",W,"2","78",1092,371,2,369,107,28.9972899728997,90,24.390243902439,75,20.3252032520325,27,7.31707317073171,26,7.04607046070461,19,5.14905149051491,25,6.77506775067751
"06W227","06",Steglitz-Zehlendorf,"227",W,"062ZC",W,"2","78",1086,373,3,370,107,28.9189189189189,73,19.7297297297297,86,23.2432432432432,29,7.83783783783784,27,7.2972972972973,21,5.67567567567568,27,7.2972972972973
"06W228","06",Steglitz-Zehlendorf,"228",W,"062ZD",W,"2","78",1092,353,3,350,98,28,65,18.5714285714286,83,23.7142857142857,32,9.14285714285714,26,7.42857142857143,18,5.14285714285714,28,8
"06W229","06",Steglitz-Zehlendorf,"229",W,"062ZE",W,"2","78",1059,288,3,285,82,28.7719298245614,50,17.5438596491228,69,24.2105263157895,27,9.47368421052632,23,8.07017543859649,17,5.96491228070175,17,5.96491228070175
"06W230","06",Steglitz-Zehlendorf,"230",W,"062ZF",W,"2","78",1092,333,4,329,85,25.8358662613982,80,24.3161094224924,65,19.7568389057751,19,5.77507598784195,30,9.11854103343465,31,9.42249240121581,19,5.77507598784195
"06W301","06",Steglitz-Zehlendorf,"301",W,"063A",W,"3","78",1158,434,2,432,132,30.5555555555556,90,20.8333333333333,88,20.3703703703704,24,5.55555555555556,19,4.39814814814815,26,6.01851851851852,53,12.2685185185185
"06W302","06",Steglitz-Zehlendorf,"302",W,"063B",W,"3","78",1123,383,2,381,103,27.0341207349081,86,22.5721784776903,74,19.4225721784777,29,7.61154855643045,22,5.7742782152231,27,7.08661417322835,40,10.498687664042
"06W303","06",Steglitz-Zehlendorf,"303",W,"063C",W,"3","78",1157,470,2,468,137,29.2735042735043,103,22.008547008547,94,20.0854700854701,34,7.26495726495727,25,5.34188034188034,32,6.83760683760684,43,9.18803418803419
"06W304","06",Steglitz-Zehlendorf,"304",W,"063D",W,"3","78",1088,483,5,478,146,30.5439330543933,110,23.0125523012552,79,16.5271966527197,37,7.74058577405858,23,4.81171548117155,27,5.64853556485356,56,11.7154811715481
"06W305","06",Steglitz-Zehlendorf,"305",W,"063E",W,"3","78",1097,450,3,447,122,27.2930648769575,91,20.3579418344519,94,21.0290827740492,34,7.60626398210291,28,6.26398210290828,36,8.05369127516778,42,9.39597315436242
"06W306","06",Steglitz-Zehlendorf,"306",W,"063F",W,"3","78",1081,421,3,418,124,29.6650717703349,87,20.8133971291866,88,21.0526315789474,30,7.17703349282297,22,5.26315789473684,30,7.17703349282297,37,8.85167464114833
"06W307","06",Steglitz-Zehlendorf,"307",W,"063G",W,"3","78",1149,448,3,445,136,30.561797752809,84,18.876404494382,98,22.0224719101124,28,6.29213483146067,21,4.71910112359551,40,8.98876404494382,38,8.53932584269663
"06W308","06",Steglitz-Zehlendorf,"308",W,"063H",W,"3","78",1141,445,3,442,146,33.0316742081448,85,19.2307692307692,84,19.0045248868778,21,4.75113122171946,21,4.75113122171946,49,11.0859728506787,36,8.1447963800905
"06W309","06",Steglitz-Zehlendorf,"309",W,"063J",W,"3","78",1155,430,4,426,146,34.2723004694836,85,19.9530516431925,75,17.6056338028169,18,4.22535211267606,21,4.92957746478873,47,11.0328638497653,34,7.981220657277
"06W310","06",Steglitz-Zehlendorf,"310",W,"063K",W,"3","78",1159,493,4,489,148,30.2658486707566,88,17.9959100204499,121,24.7443762781186,26,5.31697341513292,19,3.88548057259714,51,10.4294478527607,36,7.36196319018405
"06W311","06",Steglitz-Zehlendorf,"311",W,"063L",W,"3","78",1155,415,4,411,131,31.8734793187348,75,18.2481751824818,84,20.4379562043796,29,7.05596107055961,23,5.59610705596107,35,8.51581508515815,34,8.27250608272506
"06W312","06",Steglitz-Zehlendorf,"312",W,"063M",W,"3","78",1146,431,4,427,149,34.8946135831382,85,19.9063231850117,78,18.2669789227166,21,4.91803278688525,27,6.3231850117096,38,8.89929742388759,29,6.79156908665105
"06W313","06",Steglitz-Zehlendorf,"313",W,"063N",W,"3","78",1138,415,4,411,147,35.7664233576642,82,19.9513381995134,76,18.4914841849148,18,4.37956204379562,23,5.59610705596107,40,9.7323600973236,25,6.08272506082725
"06W314","06",Steglitz-Zehlendorf,"314",W,"063P",W,"3","78",1156,422,4,418,160,38.2775119617225,79,18.8995215311005,69,16.5071770334928,15,3.58851674641148,21,5.02392344497608,49,11.7224880382775,25,5.98086124401914
"06W315","06",Steglitz-Zehlendorf,"315",W,"063Q",W,"3","78",1146,411,3,408,155,37.9901960784314,83,20.343137254902,72,17.6470588235294,15,3.67647058823529,21,5.14705882352941,43,10.5392156862745,19,4.65686274509804
"06W316","06",Steglitz-Zehlendorf,"316",W,"063R",W,"3","78",1150,431,1,429,155,36.1305361305361,81,18.8811188811189,87,20.2797202797203,14,3.26340326340326,22,5.12820512820513,44,10.2564102564103,26,6.06060606060606
"06W317","06",Steglitz-Zehlendorf,"317",W,"063S",W,"3","78",1150,389,1,387,144,37.2093023255814,72,18.6046511627907,72,18.6046511627907,20,5.16795865633075,22,5.68475452196382,37,9.56072351421188,20,5.16795865633075
"06W318","06",Steglitz-Zehlendorf,"318",W,"063T",W,"3","78",1154,385,1,383,138,36.0313315926893,80,20.88772845953,57,14.8825065274151,17,4.43864229765013,38,9.92167101827676,27,7.04960835509138,26,6.78851174934726
"06W319","06",Steglitz-Zehlendorf,"319",W,"063U",W,"3","78",1148,381,2,378,143,37.8306878306878,63,16.6666666666667,77,20.3703703703704,23,6.08465608465608,17,4.4973544973545,35,9.25925925925926,20,5.29100529100529
"06W320","06",Steglitz-Zehlendorf,"320",W,"063V",W,"3","78",1156,367,3,363,133,36.6391184573003,71,19.5592286501377,65,17.9063360881543,18,4.95867768595041,30,8.26446280991736,30,8.26446280991736,16,4.40771349862259
"06W321","06",Steglitz-Zehlendorf,"321",W,"063W",W,"3","78",1229,435,3,431,165,38.2830626450116,95,22.0417633410673,71,16.4733178654292,18,4.17633410672854,25,5.80046403712297,38,8.81670533642691,19,4.40835266821346
"06W322","06",Steglitz-Zehlendorf,"322",W,"063X",W,"3","78",1140,395,2,392,160,40.8163265306122,79,20.1530612244898,63,16.0714285714286,17,4.33673469387755,21,5.35714285714286,40,10.2040816326531,12,3.06122448979592
"06W323","06",Steglitz-Zehlendorf,"323",W,"063Y",W,"3","78",1150,445,4,440,181,41.1363636363636,81,18.4090909090909,63,14.3181818181818,20,4.54545454545455,27,6.13636363636364,47,10.6818181818182,21,4.77272727272727
"06W324","06",Steglitz-Zehlendorf,"324",W,"063Z",W,"3","78",1124,383,4,378,156,41.2698412698413,71,18.7830687830688,58,15.3439153439153,18,4.76190476190476,25,6.61375661375661,38,10.0529100529101,12,3.17460317460317
"06W325","06",Steglitz-Zehlendorf,"325",W,"063ZA",W,"3","78",1140,352,3,348,118,33.9080459770115,65,18.6781609195402,65,18.6781609195402,22,6.32183908045977,35,10.0574712643678,24,6.89655172413793,19,5.45977011494253
"06W326","06",Steglitz-Zehlendorf,"326",W,"063ZB",W,"3","78",1153,370,1,368,126,34.2391304347826,77,20.9239130434783,65,17.6630434782609,18,4.89130434782609,34,9.23913043478261,28,7.60869565217391,20,5.43478260869565
"06W327","06",Steglitz-Zehlendorf,"327",W,"063ZC",W,"3","78",1150,387,2,384,133,34.6354166666667,85,22.1354166666667,54,14.0625,11,2.86458333333333,53,13.8020833333333,20,5.20833333333333,28,7.29166666666667
"06W328","06",Steglitz-Zehlendorf,"328",W,"063ZD",W,"3","78",1116,350,1,348,92,26.4367816091954,79,22.7011494252874,71,20.4022988505747,20,5.74712643678161,38,10.9195402298851,27,7.75862068965517,21,6.03448275862069
"06W329","06",Steglitz-Zehlendorf,"329",W,"063ZE",W,"3","78",1154,357,7,350,125,35.7142857142857,57,16.2857142857143,40,11.4285714285714,28,8,45,12.8571428571429,19,5.42857142857143,36,10.2857142857143
"06W401","06",Steglitz-Zehlendorf,"401",W,"064A",W,"4","78",965,430,2,427,131,30.6791569086651,83,19.4379391100703,91,21.3114754098361,28,6.55737704918033,25,5.85480093676815,23,5.3864168618267,46,10.7728337236534
"06W402","06",Steglitz-Zehlendorf,"402",W,"064B",W,"4","78",888,372,1,370,112,30.2702702702703,70,18.9189189189189,74,20,27,7.2972972972973,26,7.02702702702703,20,5.40540540540541,41,11.0810810810811
"06W403","06",Steglitz-Zehlendorf,"403",W,"064C",W,"4","78",995,350,1,348,115,33.0459770114943,68,19.5402298850575,56,16.0919540229885,18,5.17241379310345,31,8.9080459770115,20,5.74712643678161,40,11.4942528735632
"06W404","06",Steglitz-Zehlendorf,"404",W,"064D",W,"4","78",994,297,2,294,96,32.6530612244898,49,16.6666666666667,48,16.3265306122449,15,5.10204081632653,25,8.50340136054422,27,9.18367346938776,34,11.5646258503401
"06W405","06",Steglitz-Zehlendorf,"405",W,"064E",W,"4","78",902,289,4,284,88,30.9859154929577,60,21.1267605633803,44,15.4929577464789,16,5.63380281690141,23,8.09859154929578,18,6.33802816901408,35,12.3239436619718
"06W406","06",Steglitz-Zehlendorf,"406",W,"064F",W,"4","78",994,349,7,342,113,33.0409356725146,66,19.2982456140351,41,11.9883040935673,16,4.67836257309941,45,13.1578947368421,23,6.72514619883041,38,11.1111111111111
"06W407","06",Steglitz-Zehlendorf,"407",W,"064G",W,"4","78",926,322,3,319,98,30.7210031347962,66,20.6896551724138,53,16.6144200626959,21,6.58307210031348,23,7.21003134796238,22,6.89655172413793,36,11.2852664576803
"06W408","06",Steglitz-Zehlendorf,"408",W,"064H",W,"4","78",1000,378,2,376,125,33.2446808510638,74,19.6808510638298,72,19.1489361702128,21,5.58510638297872,24,6.38297872340426,28,7.4468085106383,32,8.51063829787234
"06W409","06",Steglitz-Zehlendorf,"409",W,"064J",W,"4","78",1006,342,5,337,116,34.4213649851632,57,16.9139465875371,68,20.1780415430267,20,5.93471810089021,24,7.12166172106825,30,8.90207715133531,22,6.52818991097923
"06W410","06",Steglitz-Zehlendorf,"410",W,"064K",W,"4","78",947,272,2,270,102,37.7777777777778,55,20.3703703703704,39,14.4444444444444,17,6.2962962962963,23,8.51851851851852,15,5.55555555555556,19,7.03703703703704
"06W411","06",Steglitz-Zehlendorf,"411",W,"064L",W,"4","78",987,342,3,339,124,36.5781710914454,75,22.1238938053097,47,13.8643067846608,12,3.53982300884956,32,9.43952802359882,19,5.6047197640118,30,8.84955752212389
"06W412","06",Steglitz-Zehlendorf,"412",W,"064M",W,"4","78",794,301,3,298,115,38.5906040268456,57,19.1275167785235,43,14.4295302013423,12,4.02684563758389,21,7.04697986577181,24,8.05369127516778,26,8.7248322147651
"06W413","06",Steglitz-Zehlendorf,"413",W,"064N",W,"4","78",799,279,2,277,112,40.4332129963899,55,19.85559566787,33,11.913357400722,15,5.41516245487365,16,5.77617328519856,22,7.94223826714801,24,8.66425992779783
"06W414","06",Steglitz-Zehlendorf,"414",W,"064P",W,"4","78",802,289,4,285,112,39.2982456140351,59,20.7017543859649,45,15.7894736842105,14,4.91228070175439,20,7.01754385964912,18,6.31578947368421,17,5.96491228070175
"06W415","06",Steglitz-Zehlendorf,"415",W,"064Q",W,"4","78",862,321,4,317,123,38.801261829653,64,20.1892744479495,49,15.4574132492114,15,4.73186119873817,23,7.25552050473186,22,6.94006309148265,21,6.62460567823344
"06W416","06",Steglitz-Zehlendorf,"416",W,"064R",W,"4","78",998,368,7,361,130,36.01108033241,77,21.3296398891967,35,9.69529085872576,20,5.54016620498615,46,12.7423822714681,19,5.26315789473684,34,9.41828254847645
"06W417","06",Steglitz-Zehlendorf,"417",W,"064S",W,"4","78",996,287,4,283,107,37.8091872791519,59,20.8480565371025,35,12.3674911660777,19,6.71378091872792,31,10.9540636042403,16,5.65371024734982,16,5.65371024734982
"06W418","06",Steglitz-Zehlendorf,"418",W,"064T",W,"4","78",987,336,3,333,134,40.2402402402402,85,25.5255255255255,41,12.3123123123123,17,5.10510510510511,24,7.20720720720721,16,4.8048048048048,16,4.8048048048048
"06W419","06",Steglitz-Zehlendorf,"419",W,"064U",W,"4","78",979,302,4,298,116,38.9261744966443,66,22.1476510067114,38,12.751677852349,13,4.36241610738255,37,12.4161073825503,14,4.69798657718121,14,4.69798657718121
"06W420","06",Steglitz-Zehlendorf,"420",W,"064V",W,"4","78",999,295,3,292,93,31.8493150684932,68,23.2876712328767,17,5.82191780821918,15,5.13698630136986,53,18.1506849315068,15,5.13698630136986,31,10.6164383561644
"06W421","06",Steglitz-Zehlendorf,"421",W,"064W",W,"4","78",981,297,2,295,107,36.271186440678,68,23.0508474576271,27,9.15254237288136,14,4.74576271186441,43,14.5762711864407,13,4.40677966101695,23,7.79661016949153
"06W422","06",Steglitz-Zehlendorf,"422",W,"064X",W,"4","78",953,286,2,284,107,37.6760563380282,54,19.0140845070423,43,15.1408450704225,17,5.98591549295775,28,9.85915492957746,20,7.04225352112676,15,5.28169014084507
"06W423","06",Steglitz-Zehlendorf,"423",W,"064Y",W,"4","78",1004,390,2,388,165,42.5257731958763,53,13.659793814433,76,19.5876288659794,18,4.63917525773196,22,5.67010309278351,37,9.5360824742268,17,4.38144329896907
"06W424","06",Steglitz-Zehlendorf,"424",W,"064Z",W,"4","78",948,384,0,384,141,36.71875,71,18.4895833333333,81,21.09375,20,5.20833333333333,23,5.98958333333333,31,8.07291666666667,17,4.42708333333333
"06W425","06",Steglitz-Zehlendorf,"425",W,"064ZA",W,"4","78",986,345,1,344,142,41.2790697674419,66,19.1860465116279,62,18.0232558139535,16,4.65116279069767,18,5.23255813953488,30,8.72093023255814,10,2.90697674418605
"06W426","06",Steglitz-Zehlendorf,"426",W,"064ZB",W,"4","78",1007,324,1,323,135,41.7956656346749,75,23.2198142414861,47,14.5510835913313,16,4.95356037151703,16,4.95356037151703,26,8.04953560371517,8,2.47678018575851
"06W427","06",Steglitz-Zehlendorf,"427",W,"064ZC",W,"4","78",987,352,1,351,147,41.8803418803419,73,20.7977207977208,51,14.5299145299145,15,4.27350427350427,22,6.26780626780627,31,8.83190883190883,12,3.41880341880342
"06W428","06",Steglitz-Zehlendorf,"428",W,"064ZD",W,"4","78",996,278,2,276,100,36.231884057971,55,19.9275362318841,49,17.7536231884058,16,5.79710144927536,27,9.78260869565217,18,6.52173913043478,11,3.98550724637681
"06W429","06",Steglitz-Zehlendorf,"429",W,"064ZE",W,"4","78",951,248,0,248,83,33.4677419354839,61,24.5967741935484,41,16.5322580645161,14,5.64516129032258,28,11.2903225806452,16,6.45161290322581,5,2.01612903225806
"06W430","06",Steglitz-Zehlendorf,"430",W,"064ZF",W,"4","78",1001,370,4,366,147,40.1639344262295,97,26.5027322404372,40,10.9289617486339,17,4.6448087431694,30,8.19672131147541,17,4.6448087431694,18,4.91803278688525
"06W501","06",Steglitz-Zehlendorf,"501",W,"065A",W,"5","78",1066,431,2,428,163,38.0841121495327,77,17.9906542056075,70,16.3551401869159,23,5.37383177570093,18,4.20560747663551,42,9.81308411214953,35,8.17757009345794
"06W502","06",Steglitz-Zehlendorf,"502",W,"065B",W,"5","78",1036,380,2,377,127,33.6870026525199,77,20.4244031830239,67,17.7718832891247,20,5.30503978779841,28,7.42705570291777,24,6.36604774535809,34,9.01856763925729
"06W503","06",Steglitz-Zehlendorf,"503",W,"065C",W,"5","78",1039,419,2,416,152,36.5384615384615,78,18.75,81,19.4711538461538,19,4.56730769230769,26,6.25,29,6.97115384615385,31,7.45192307692308
"06W504","06",Steglitz-Zehlendorf,"504",W,"065D",W,"5","78",1065,321,3,317,89,28.0757097791798,61,19.2429022082019,46,14.5110410094637,28,8.83280757097792,39,12.3028391167192,21,6.62460567823344,33,10.410094637224
"06W505","06",Steglitz-Zehlendorf,"505",W,"065E",W,"5","78",1065,434,5,428,145,33.8785046728972,85,19.8598130841121,69,16.1214953271028,22,5.14018691588785,40,9.34579439252336,26,6.07476635514019,41,9.57943925233645
"06W506","06",Steglitz-Zehlendorf,"506",W,"065F",W,"5","78",1039,409,4,404,138,34.1584158415842,82,20.2970297029703,67,16.5841584158416,24,5.94059405940594,28,6.93069306930693,29,7.17821782178218,36,8.91089108910891
"06W507","06",Steglitz-Zehlendorf,"507",W,"065G",W,"5","78",1052,387,3,383,132,34.4647519582245,84,21.9321148825065,62,16.1879895561358,22,5.74412532637076,28,7.31070496083551,27,7.04960835509138,28,7.31070496083551
"06W508","06",Steglitz-Zehlendorf,"508",W,"065H",W,"5","78",1032,333,2,330,109,33.030303030303,62,18.7878787878788,46,13.9393939393939,22,6.66666666666667,36,10.9090909090909,22,6.66666666666667,33,10
"06W509","06",Steglitz-Zehlendorf,"509",W,"065J",W,"5","78",1069,338,4,333,113,33.9339339339339,67,20.1201201201201,46,13.8138138138138,25,7.50750750750751,33,9.90990990990991,21,6.30630630630631,28,8.40840840840841
"06W510","06",Steglitz-Zehlendorf,"510",W,"065K",W,"5","78",895,302,2,300,121,40.3333333333333,56,18.6666666666667,28,9.33333333333333,16,5.33333333333333,39,13,14,4.66666666666667,26,8.66666666666667
"06W511","06",Steglitz-Zehlendorf,"511",W,"065L",W,"5","78",1070,329,2,327,144,44.0366972477064,62,18.960244648318,30,9.1743119266055,13,3.97553516819572,40,12.2324159021407,16,4.89296636085627,22,6.72782874617737
"06W512","06",Steglitz-Zehlendorf,"512",W,"065M",W,"5","78",1070,318,4,314,124,39.4904458598726,55,17.515923566879,36,11.4649681528662,18,5.73248407643312,34,10.828025477707,13,4.14012738853503,34,10.828025477707
"06W513","06",Steglitz-Zehlendorf,"513",W,"065N",W,"5","78",1033,355,5,350,141,40.2857142857143,52,14.8571428571429,38,10.8571428571429,19,5.42857142857143,48,13.7142857142857,17,4.85714285714286,35,10
"06W514","06",Steglitz-Zehlendorf,"514",W,"065P",W,"5","78",1072,344,1,343,123,35.8600583090379,63,18.3673469387755,45,13.1195335276968,23,6.70553935860058,37,10.7871720116618,24,6.99708454810496,28,8.16326530612245
"06W515","06",Steglitz-Zehlendorf,"515",W,"065Q",W,"5","78",1039,334,4,330,96,29.0909090909091,75,22.7272727272727,51,15.4545454545455,19,5.75757575757576,42,12.7272727272727,14,4.24242424242424,33,10
"06W516","06",Steglitz-Zehlendorf,"516",W,"065R",W,"5","78",1073,336,3,333,109,32.7327327327327,66,19.8198198198198,51,15.3153153153153,18,5.40540540540541,41,12.3123123123123,13,3.9039039039039,35,10.5105105105105
"06W517","06",Steglitz-Zehlendorf,"517",W,"065S",W,"5","78",1029,324,4,320,97,30.3125,71,22.1875,45,14.0625,19,5.9375,39,12.1875,13,4.0625,36,11.25
"06W518","06",Steglitz-Zehlendorf,"518",W,"065T",W,"5","78",1070,333,5,328,108,32.9268292682927,72,21.9512195121951,37,11.280487804878,20,6.09756097560976,40,12.1951219512195,21,6.40243902439024,30,9.14634146341463
"06W519","06",Steglitz-Zehlendorf,"519",W,"065U",W,"5","78",1068,291,5,286,114,39.8601398601399,53,18.5314685314685,26,9.09090909090909,13,4.54545454545455,44,15.3846153846154,15,5.24475524475525,21,7.34265734265734
"06W520","06",Steglitz-Zehlendorf,"520",W,"065V",W,"5","78",1069,372,3,369,141,38.2113821138211,71,19.2411924119241,41,11.1111111111111,21,5.69105691056911,50,13.550135501355,19,5.14905149051491,26,7.04607046070461
"06W521","06",Steglitz-Zehlendorf,"521",W,"065W",W,"5","78",969,377,5,372,146,39.247311827957,73,19.6236559139785,46,12.3655913978495,19,5.10752688172043,42,11.2903225806452,21,5.64516129032258,25,6.72043010752688
"06W522","06",Steglitz-Zehlendorf,"522",W,"065X",W,"5","78",1009,288,5,283,106,37.4558303886926,50,17.6678445229682,27,9.54063604240283,17,6.00706713780919,46,16.2544169611307,12,4.24028268551237,25,8.8339222614841
"06W523","06",Steglitz-Zehlendorf,"523",W,"065Y",W,"5","78",1011,363,2,361,126,34.9030470914127,84,23.2686980609418,54,14.9584487534626,12,3.32409972299169,42,11.6343490304709,18,4.98614958448753,25,6.92520775623269
"06W524","06",Steglitz-Zehlendorf,"524",W,"065Z",W,"5","78",894,334,1,333,134,40.2402402402402,70,21.021021021021,54,16.2162162162162,11,3.3033033033033,28,8.40840840840841,23,6.90690690690691,13,3.9039039039039
"06W525","06",Steglitz-Zehlendorf,"525",W,"065ZA",W,"5","78",1068,359,4,355,118,33.2394366197183,87,24.5070422535211,44,12.3943661971831,23,6.47887323943662,40,11.2676056338028,16,4.50704225352113,27,7.6056338028169
"06W526","06",Steglitz-Zehlendorf,"526",W,"065ZB",W,"5","78",902,248,3,245,92,37.5510204081633,44,17.9591836734694,26,10.6122448979592,21,8.57142857142857,26,10.6122448979592,11,4.48979591836735,25,10.2040816326531
"06W527","06",Steglitz-Zehlendorf,"527",W,"065ZC",W,"5","78",973,361,5,356,118,33.1460674157303,88,24.7191011235955,44,12.3595505617978,23,6.46067415730337,37,10.3932584269663,12,3.37078651685393,34,9.55056179775281
"06W528","06",Steglitz-Zehlendorf,"528",W,"065ZD",W,"5","78",900,355,2,353,141,39.943342776204,65,18.413597733711,56,15.8640226628895,17,4.81586402266289,30,8.4985835694051,31,8.78186968838527,13,3.68271954674221
"06W529","06",Steglitz-Zehlendorf,"529",W,"065ZE",W,"5","78",920,361,3,358,163,45.5307262569832,73,20.391061452514,58,16.2011173184358,9,2.51396648044693,19,5.3072625698324,25,6.98324022346369,11,3.07262569832402
"06W601","06",Steglitz-Zehlendorf,"601",W,"066A",W,"6","78",1060,362,3,358,84,23.463687150838,86,24.0223463687151,83,23.1843575418994,23,6.42458100558659,17,4.74860335195531,30,8.37988826815642,35,9.77653631284916
"06W602","06",Steglitz-Zehlendorf,"602",W,"066B",W,"6","78",1025,434,2,431,124,28.7703016241299,80,18.5614849187935,117,27.1461716937355,29,6.72853828306264,23,5.33642691415313,24,5.56844547563805,34,7.88863109048724
"06W603","06",Steglitz-Zehlendorf,"603",W,"066C",W,"6","78",1016,457,3,453,153,33.7748344370861,84,18.5430463576159,77,16.9977924944812,28,6.18101545253863,32,7.06401766004415,38,8.38852097130243,41,9.05077262693157
"06W604","06",Steglitz-Zehlendorf,"604",W,"066D",W,"6","78",1050,425,4,420,195,46.4285714285714,42,10,57,13.5714285714286,11,2.61904761904762,22,5.23809523809524,66,15.7142857142857,27,6.42857142857143
"06W605","06",Steglitz-Zehlendorf,"605",W,"066E",W,"6","78",1054,411,2,408,192,47.0588235294118,50,12.2549019607843,59,14.4607843137255,8,1.96078431372549,18,4.41176470588235,56,13.7254901960784,25,6.12745098039216
"06W606","06",Steglitz-Zehlendorf,"606",W,"066F",W,"6","78",1019,401,1,399,183,45.8646616541353,52,13.0325814536341,59,14.7869674185464,8,2.00501253132832,24,6.01503759398496,49,12.280701754386,24,6.01503759398496
"06W607","06",Steglitz-Zehlendorf,"607",W,"066G",W,"6","78",1062,420,3,416,156,37.5,66,15.8653846153846,72,17.3076923076923,21,5.04807692307692,19,4.56730769230769,53,12.7403846153846,29,6.97115384615385
"06W608","06",Steglitz-Zehlendorf,"608",W,"066H",W,"6","78",1049,413,1,411,149,36.2530413625304,68,16.5450121654501,81,19.7080291970803,27,6.56934306569343,18,4.37956204379562,42,10.2189781021898,26,6.32603406326034
"06W609","06",Steglitz-Zehlendorf,"609",W,"066J",W,"6","78",999,375,1,373,147,39.4101876675603,61,16.3538873994638,64,17.1581769436997,15,4.02144772117962,16,4.28954423592493,48,12.8686327077748,22,5.89812332439678
"06W610","06",Steglitz-Zehlendorf,"610",W,"066K",W,"6","78",1032,397,1,395,154,38.9873417721519,69,17.4683544303797,60,15.1898734177215,19,4.81012658227848,22,5.56962025316456,42,10.6329113924051,29,7.34177215189873
"06W611","06",Steglitz-Zehlendorf,"611",W,"066L",W,"6","78",1066,436,1,434,124,28.5714285714286,82,18.8940092165899,121,27.8801843317972,31,7.14285714285714,23,5.29953917050691,25,5.76036866359447,28,6.45161290322581
"06W612","06",Steglitz-Zehlendorf,"612",W,"066M",W,"6","78",1038,398,2,395,111,28.1012658227848,79,20,93,23.5443037974684,30,7.59493670886076,29,7.34177215189873,21,5.31645569620253,32,8.10126582278481
"06W613","06",Steglitz-Zehlendorf,"613",W,"066N",W,"6","78",1031,414,3,410,120,29.2682926829268,78,19.0243902439024,97,23.6585365853659,31,7.5609756097561,32,7.80487804878049,20,4.8780487804878,32,7.80487804878049
"06W614","06",Steglitz-Zehlendorf,"614",W,"066P",W,"6","78",1015,351,1,349,96,27.5071633237822,70,20.0573065902579,73,20.9169054441261,22,6.30372492836676,29,8.30945558739255,32,9.16905444126074,27,7.73638968481375
"06W615","06",Steglitz-Zehlendorf,"615",W,"066Q",W,"6","78",1000,343,1,341,95,27.8592375366569,68,19.941348973607,83,24.3401759530792,25,7.33137829912024,23,6.74486803519062,27,7.91788856304985,20,5.86510263929619
"06W616","06",Steglitz-Zehlendorf,"616",W,"066R",W,"6","78",1041,373,1,371,94,25.3369272237197,70,18.8679245283019,118,31.8059299191375,27,7.27762803234501,16,4.31266846361186,27,7.27762803234501,19,5.12129380053908
"06W617","06",Steglitz-Zehlendorf,"617",W,"066S",W,"6","78",983,340,1,338,115,34.0236686390533,62,18.3431952662722,77,22.7810650887574,16,4.73372781065089,18,5.32544378698225,38,11.2426035502959,12,3.55029585798817
"06W618","06",Steglitz-Zehlendorf,"618",W,"066T",W,"6","78",1053,417,2,414,140,33.8164251207729,74,17.8743961352657,93,22.463768115942,28,6.76328502415459,21,5.07246376811594,44,10.6280193236715,14,3.38164251207729
"06W619","06",Steglitz-Zehlendorf,"619",W,"066U",W,"6","78",1008,383,4,378,122,32.2751322751323,93,24.6031746031746,70,18.5185185185185,24,6.34920634920635,21,5.55555555555556,29,7.67195767195767,19,5.02645502645503
"06W620","06",Steglitz-Zehlendorf,"620",W,"066V",W,"6","78",1057,471,7,464,205,44.1810344827586,101,21.7672413793103,55,11.8534482758621,25,5.38793103448276,22,4.74137931034483,33,7.11206896551724,23,4.95689655172414
"06W621","06",Steglitz-Zehlendorf,"621",W,"066W",W,"6","78",1051,440,3,437,164,37.5286041189931,85,19.4508009153318,79,18.0778032036613,23,5.26315789473684,25,5.720823798627,37,8.46681922196796,24,5.49199084668192
"06W622","06",Steglitz-Zehlendorf,"622",W,"066X",W,"6","78",1021,358,2,356,108,30.3370786516854,70,19.6629213483146,69,19.3820224719101,28,7.86516853932584,26,7.30337078651685,24,6.74157303370786,31,8.70786516853933
"06W623","06",Steglitz-Zehlendorf,"623",W,"066Y",W,"6","78",1064,374,2,372,123,33.0645161290323,74,19.8924731182796,80,21.505376344086,22,5.91397849462366,23,6.18279569892473,27,7.25806451612903,23,6.18279569892473
"06W624","06",Steglitz-Zehlendorf,"624",W,"066Z",W,"6","78",1043,340,2,338,101,29.8816568047337,76,22.4852071005917,74,21.8934911242604,23,6.80473372781065,22,6.50887573964497,21,6.21301775147929,21,6.21301775147929
"06W625","06",Steglitz-Zehlendorf,"625",W,"066ZA",W,"6","78",1062,326,3,323,96,29.7213622291022,66,20.4334365325077,63,19.5046439628483,29,8.97832817337461,22,6.81114551083591,20,6.19195046439629,27,8.35913312693498
"06W626","06",Steglitz-Zehlendorf,"626",W,"066ZB",W,"6","78",1068,355,3,352,119,33.8068181818182,71,20.1704545454545,65,18.4659090909091,27,7.67045454545455,28,7.95454545454545,26,7.38636363636364,16,4.54545454545455
"06W627","06",Steglitz-Zehlendorf,"627",W,"066ZC",W,"6","78",1066,458,5,453,168,37.0860927152318,83,18.3222958057395,68,15.0110375275938,34,7.50551876379691,41,9.05077262693157,36,7.94701986754967,23,5.07726269315673
"06W628","06",Steglitz-Zehlendorf,"628",W,"066ZD",W,"6","78",1064,412,3,409,136,33.2518337408313,86,21.0268948655257,68,16.6259168704156,35,8.55745721271394,23,5.62347188264059,24,5.8679706601467,37,9.04645476772616
"06W629","06",Steglitz-Zehlendorf,"629",W,"066ZE",W,"6","78",1061,383,2,381,124,32.5459317585302,81,21.259842519685,78,20.4724409448819,28,7.3490813648294,24,6.2992125984252,23,6.03674540682415,23,6.03674540682415
"06W630","06",Steglitz-Zehlendorf,"630",W,"066ZF",W,"6","78",1038,426,5,421,146,34.6793349168646,77,18.2897862232779,79,18.7648456057007,28,6.65083135391924,30,7.12589073634204,31,7.36342042755344,30,7.12589073634204
"06W701","06",Steglitz-Zehlendorf,"701",W,"067A",W,"7","78",1065,410,3,406,149,36.6995073891626,67,16.5024630541872,64,15.7635467980296,19,4.67980295566502,28,6.89655172413793,41,10.0985221674877,38,9.35960591133005
"06W702","06",Steglitz-Zehlendorf,"702",W,"067B",W,"7","78",1067,469,2,466,165,35.4077253218884,79,16.9527896995708,82,17.5965665236052,23,4.93562231759657,26,5.5793991416309,48,10.3004291845494,43,9.2274678111588
"06W703","06",Steglitz-Zehlendorf,"703",W,"067C",W,"7","78",1066,444,4,439,177,40.3189066059225,70,15.9453302961276,78,17.7676537585421,16,3.64464692482916,24,5.46697038724374,42,9.56719817767654,32,7.28929384965831
"06W704","06",Steglitz-Zehlendorf,"704",W,"067D",W,"7","78",1067,387,1,385,144,37.4025974025974,66,17.1428571428571,64,16.6233766233766,13,3.37662337662338,29,7.53246753246753,41,10.6493506493506,28,7.27272727272727
"06W705","06",Steglitz-Zehlendorf,"705",W,"067E",W,"7","78",1076,454,3,450,181,40.2222222222222,84,18.6666666666667,70,15.5555555555556,16,3.55555555555556,17,3.77777777777778,50,11.1111111111111,32,7.11111111111111
"06W706","06",Steglitz-Zehlendorf,"706",W,"067F",W,"7","78",1264,499,1,497,191,38.430583501006,73,14.6881287726358,91,18.3098591549296,19,3.82293762575453,30,6.03621730382294,63,12.6760563380282,30,6.03621730382294
"06W707","06",Steglitz-Zehlendorf,"707",W,"067G",W,"7","78",1072,424,2,421,120,28.5035629453682,83,19.7149643705463,91,21.6152019002375,21,4.98812351543943,28,6.65083135391924,46,10.9263657957245,32,7.60095011876485
"06W708","06",Steglitz-Zehlendorf,"708",W,"067H",W,"7","78",1043,360,1,358,119,33.2402234636872,62,17.3184357541899,67,18.7150837988827,14,3.91061452513966,29,8.10055865921788,39,10.8938547486034,28,7.82122905027933
"06W709","06",Steglitz-Zehlendorf,"709",W,"067J",W,"7","78",1075,420,2,417,156,37.410071942446,72,17.2661870503597,76,18.2254196642686,18,4.31654676258993,25,5.99520383693046,45,10.7913669064748,25,5.99520383693046
"06W710","06",Steglitz-Zehlendorf,"710",W,"067K",W,"7","78",1068,378,1,376,139,36.968085106383,63,16.7553191489362,76,20.2127659574468,12,3.19148936170213,13,3.45744680851064,52,13.8297872340426,21,5.58510638297872
"06W711","06",Steglitz-Zehlendorf,"711",W,"067L",W,"7","78",1074,367,1,365,129,35.3424657534247,60,16.4383561643836,76,20.8219178082192,12,3.28767123287671,16,4.38356164383562,51,13.972602739726,21,5.75342465753425
"06W712","06",Steglitz-Zehlendorf,"712",W,"067M",W,"7","78",1004,413,1,411,139,33.8199513381995,78,18.978102189781,87,21.1678832116788,16,3.89294403892944,16,3.89294403892944,45,10.9489051094891,30,7.2992700729927
"06W713","06",Steglitz-Zehlendorf,"713",W,"067N",W,"7","78",984,352,1,350,128,36.5714285714286,62,17.7142857142857,72,20.5714285714286,13,3.71428571428571,11,3.14285714285714,45,12.8571428571429,19,5.42857142857143
"06W714","06",Steglitz-Zehlendorf,"714",W,"067P",W,"7","78",1047,406,1,404,160,39.6039603960396,71,17.5742574257426,78,19.3069306930693,16,3.96039603960396,19,4.7029702970297,45,11.1386138613861,15,3.71287128712871
"06W715","06",Steglitz-Zehlendorf,"715",W,"067Q",W,"7","78",1065,390,1,388,134,34.5360824742268,71,18.2989690721649,78,20.1030927835052,19,4.89690721649485,24,6.18556701030928,41,10.5670103092784,21,5.41237113402062
"06W716","06",Steglitz-Zehlendorf,"716",W,"067R",W,"7","78",1052,422,2,419,150,35.799522673031,77,18.3770883054893,87,20.763723150358,19,4.5346062052506,31,7.39856801909308,40,9.54653937947494,15,3.5799522673031
"06W717","06",Steglitz-Zehlendorf,"717",W,"067S",W,"7","78",1074,400,1,398,164,41.2060301507538,72,18.0904522613065,68,17.0854271356784,17,4.2713567839196,20,5.0251256281407,41,10.3015075376884,16,4.02010050251256
"06W718","06",Steglitz-Zehlendorf,"718",W,"067T",W,"7","78",1073,404,2,402,167,41.5422885572139,72,17.910447761194,70,17.4129353233831,16,3.98009950248756,24,5.97014925373134,40,9.95024875621891,13,3.23383084577114
"06W719","06",Steglitz-Zehlendorf,"719",W,"067U",W,"7","78",1074,415,1,414,153,36.9565217391304,80,19.3236714975845,77,18.5990338164251,22,5.31400966183575,24,5.79710144927536,44,10.6280193236715,14,3.38164251207729
"06W720","06",Steglitz-Zehlendorf,"720",W,"067V",W,"7","78",947,401,3,398,153,38.4422110552764,74,18.5929648241206,59,14.8241206030151,21,5.27638190954774,28,7.03517587939699,42,10.5527638190955,21,5.27638190954774
"06W721","06",Steglitz-Zehlendorf,"721",W,"067W",W,"7","78",905,389,3,386,115,29.7927461139896,81,20.9844559585492,89,23.0569948186528,23,5.95854922279793,20,5.18134715025907,39,10.1036269430052,19,4.92227979274611
"06W722","06",Steglitz-Zehlendorf,"722",W,"067X",W,"7","78",899,388,2,386,110,28.4974093264249,81,20.9844559585492,89,23.0569948186528,25,6.47668393782383,24,6.21761658031088,38,9.84455958549223,19,4.92227979274611
"06W723","06",Steglitz-Zehlendorf,"723",W,"067Y",W,"7","78",965,425,4,421,138,32.7790973871734,84,19.9524940617577,76,18.0522565320665,25,5.93824228028503,27,6.41330166270784,43,10.2137767220903,28,6.65083135391924
"06W724","06",Steglitz-Zehlendorf,"724",W,"067Z",W,"7","78",1047,396,1,395,151,38.2278481012658,83,21.0126582278481,66,16.7088607594937,14,3.54430379746835,28,7.08860759493671,39,9.87341772151899,14,3.54430379746835
"06W725","06",Steglitz-Zehlendorf,"725",W,"067ZA",W,"7","78",1073,489,3,486,135,27.7777777777778,110,22.6337448559671,119,24.4855967078189,31,6.37860082304527,22,4.52674897119342,41,8.43621399176955,28,5.76131687242798
"06W726","06",Steglitz-Zehlendorf,"726",W,"067ZB",W,"7","78",1153,455,3,452,109,24.1150442477876,100,22.1238938053097,118,26.1061946902655,37,8.1858407079646,28,6.19469026548673,22,4.86725663716814,38,8.4070796460177
"06W727","06",Steglitz-Zehlendorf,"727",W,"067ZC",W,"7","78",1059,384,1,383,140,36.5535248041775,93,24.2819843342037,54,14.0992167101828,13,3.39425587467363,36,9.39947780678851,22,5.74412532637076,25,6.52741514360313
"06W728","06",Steglitz-Zehlendorf,"728",W,"067ZD",W,"7","78",1058,378,1,377,152,40.3183023872679,76,20.159151193634,61,16.1803713527851,14,3.71352785145889,25,6.63129973474801,35,9.28381962864722,14,3.71352785145889
"07B1A","07",Tempelhof-Schöneberg,1A,B,"071A",W,"1","80",0,594,2,591,184,31.1336717428088,120,20.3045685279188,132,22.3350253807107,40,6.76818950930626,22,3.72250423011844,43,7.27580372250423,50,8.46023688663283
"07B1B","07",Tempelhof-Schöneberg,1B,B,"071B",W,"1","80",0,460,2,458,125,27.292576419214,81,17.6855895196507,117,25.5458515283843,39,8.51528384279476,21,4.58515283842795,31,6.76855895196507,44,9.60698689956332
"07B1C","07",Tempelhof-Schöneberg,1C,B,"071C",W,"1","80",0,557,5,552,127,23.0072463768116,99,17.9347826086957,175,31.7028985507246,52,9.42028985507246,21,3.80434782608696,31,5.61594202898551,47,8.51449275362319
"07B1D","07",Tempelhof-Schöneberg,1D,B,"071D",W,"1","80",0,448,2,446,88,19.7309417040359,89,19.9551569506726,137,30.7174887892377,48,10.762331838565,23,5.15695067264574,20,4.48430493273543,41,9.19282511210762
"07B1E","07",Tempelhof-Schöneberg,1E,B,"071E",W,"1","80",0,245,2,243,46,18.9300411522634,47,19.3415637860082,74,30.4526748971193,26,10.6995884773663,12,4.93827160493827,11,4.52674897119342,27,11.1111111111111
"07B1F","07",Tempelhof-Schöneberg,1F,B,"071F",W,"1","80",0,266,1,265,40,15.0943396226415,47,17.7358490566038,92,34.7169811320755,41,15.4716981132075,8,3.0188679245283,10,3.77358490566038,27,10.188679245283
"07B1G","07",Tempelhof-Schöneberg,1G,B,"071G",W,"1","80",0,275,1,274,41,14.963503649635,47,17.1532846715328,105,38.3211678832117,43,15.6934306569343,6,2.18978102189781,10,3.64963503649635,22,8.02919708029197
"07B1H","07",Tempelhof-Schöneberg,1H,B,"071H",W,"1","80",0,564,1,563,110,19.538188277087,99,17.5843694493783,218,38.7211367673179,63,11.190053285968,9,1.59857904085258,27,4.79573712255773,37,6.57193605683837
"07B1J","07",Tempelhof-Schöneberg,1J,B,"071J",W,"1","80",0,545,2,543,116,21.3627992633518,105,19.3370165745856,184,33.8858195211786,54,9.94475138121547,12,2.20994475138122,31,5.70902394106814,41,7.55064456721915
"07B1K","07",Tempelhof-Schöneberg,1K,B,"071K",W,"1","80",0,600,3,597,176,29.4807370184255,105,17.5879396984925,180,30.1507537688442,49,8.20770519262982,24,4.02010050251256,35,5.86264656616415,28,4.69011725293132
"07B1L","07",Tempelhof-Schöneberg,1L,B,"071L",W,"1","80",0,613,2,611,202,33.0605564648118,127,20.7855973813421,155,25.3682487725041,40,6.54664484451719,21,3.43698854337152,41,6.71031096563011,25,4.09165302782324
"07B1M","07",Tempelhof-Schöneberg,1M,B,"071M",W,"1","80",0,622,2,620,183,29.5161290322581,138,22.258064516129,164,26.4516129032258,49,7.90322580645161,23,3.70967741935484,34,5.48387096774194,29,4.67741935483871
"07B1N","07",Tempelhof-Schöneberg,1N,B,"071N",W,"1","80",0,759,1,758,197,25.9894459102902,155,20.4485488126649,234,30.8707124010554,59,7.78364116094987,21,2.77044854881266,34,4.48548812664908,58,7.65171503957784
"07B1P","07",Tempelhof-Schöneberg,1P,B,"071P",W,"1","80",0,609,2,607,134,22.0757825370675,129,21.2520593080725,188,30.9719934102142,62,10.2141680395387,20,3.29489291598023,32,5.27182866556837,42,6.91927512355848
"07B1Q","07",Tempelhof-Schöneberg,1Q,B,"071Q",W,"1","80",0,686,2,684,147,21.4912280701754,128,18.7134502923977,236,34.5029239766082,69,10.0877192982456,14,2.04678362573099,44,6.4327485380117,46,6.72514619883041
"07B1R","07",Tempelhof-Schöneberg,1R,B,"071R",W,"1","80",0,675,1,674,114,16.9139465875371,127,18.8427299703264,283,41.9881305637982,82,12.1661721068249,12,1.78041543026706,26,3.85756676557863,30,4.45103857566766
"07B1S","07",Tempelhof-Schöneberg,1S,B,"071S",W,"1","80",0,557,1,556,78,14.0287769784173,95,17.0863309352518,237,42.6258992805755,81,14.568345323741,12,2.15827338129496,19,3.41726618705036,34,6.11510791366906
"07B1T","07",Tempelhof-Schöneberg,1T,B,"071T",W,"1","80",0,252,2,250,34,13.6,39,15.6,112,44.8,36,14.4,5,2,8,3.2,16,6.4
"07B1U","07",Tempelhof-Schöneberg,1U,B,"071U",W,"1","80",0,576,4,572,78,13.6363636363636,97,16.958041958042,220,38.4615384615385,105,18.3566433566434,13,2.27272727272727,20,3.4965034965035,39,6.81818181818182
"07B2A","07",Tempelhof-Schöneberg,2A,B,"072A",W,"2","80",0,432,2,430,115,26.7441860465116,81,18.8372093023256,111,25.8139534883721,37,8.6046511627907,19,4.41860465116279,24,5.58139534883721,43,10
"07B2B","07",Tempelhof-Schöneberg,2B,B,"072B",W,"2","80",0,412,2,410,110,26.8292682926829,78,19.0243902439024,108,26.3414634146341,36,8.78048780487805,18,4.39024390243902,21,5.1219512195122,39,9.51219512195122
"07B2C","07",Tempelhof-Schöneberg,2C,B,"072C",W,"2","80",0,797,6,790,202,25.5696202531646,173,21.8987341772152,222,28.1012658227848,82,10.379746835443,18,2.27848101265823,35,4.43037974683544,58,7.34177215189873
"07B2D","07",Tempelhof-Schöneberg,2D,B,"072D",W,"2","80",0,563,2,560,91,16.25,97,17.3214285714286,234,41.7857142857143,59,10.5357142857143,12,2.14285714285714,24,4.28571428571429,43,7.67857142857143
"07B2E","07",Tempelhof-Schöneberg,2E,B,"072E",W,"2","80",0,567,1,565,97,17.1681415929204,110,19.4690265486726,224,39.646017699115,62,10.9734513274336,9,1.5929203539823,23,4.07079646017699,40,7.07964601769912
"07B2F","07",Tempelhof-Schöneberg,2F,B,"072F",W,"2","80",0,640,3,637,155,24.3328100470958,133,20.8791208791209,186,29.1993720565149,62,9.73312401883831,21,3.2967032967033,29,4.55259026687598,51,8.00627943485086
"07B2G","07",Tempelhof-Schöneberg,2G,B,"072G",W,"2","80",0,546,2,544,97,17.8308823529412,108,19.8529411764706,182,33.4558823529412,63,11.5808823529412,16,2.94117647058824,28,5.14705882352941,50,9.19117647058824
"07B2H","07",Tempelhof-Schöneberg,2H,B,"072H",W,"2","80",0,267,1,266,47,17.6691729323308,52,19.5488721804511,87,32.7067669172932,31,11.6541353383459,7,2.63157894736842,11,4.13533834586466,31,11.6541353383459
"07B2J","07",Tempelhof-Schöneberg,2J,B,"072J",W,"2","80",0,280,1,279,50,17.921146953405,50,17.921146953405,95,34.0501792114695,36,12.9032258064516,7,2.5089605734767,12,4.3010752688172,29,10.3942652329749
"07B2K","07",Tempelhof-Schöneberg,2K,B,"072K",W,"2","80",0,513,1,512,87,16.9921875,85,16.6015625,209,40.8203125,59,11.5234375,9,1.7578125,24,4.6875,39,7.6171875
"07B2L","07",Tempelhof-Schöneberg,2L,B,"072L",W,"2","80",0,382,1,381,51,13.3858267716535,62,16.2729658792651,153,40.1574803149606,55,14.4356955380577,9,2.36220472440945,15,3.93700787401575,36,9.44881889763779
"07B2M","07",Tempelhof-Schöneberg,2M,B,"072M",W,"2","80",0,689,2,687,76,11.0625909752547,111,16.1572052401747,301,43.8136826783115,101,14.7016011644833,15,2.18340611353712,24,3.49344978165939,59,8.58806404657933
"07B2N","07",Tempelhof-Schöneberg,2N,B,"072N",W,"2","80",0,615,3,612,73,11.9281045751634,99,16.1764705882353,265,43.3006535947712,84,13.7254901960784,15,2.45098039215686,22,3.59477124183007,54,8.82352941176471
"07B2P","07",Tempelhof-Schöneberg,2P,B,"072P",W,"2","80",0,520,2,518,153,29.5366795366795,117,22.5868725868726,97,18.7258687258687,40,7.72200772200772,29,5.5984555984556,23,4.44015444015444,59,11.3899613899614
"07B2Q","07",Tempelhof-Schöneberg,2Q,B,"072Q",W,"2","80",0,296,1,295,59,20,51,17.2881355932203,99,33.5593220338983,28,9.49152542372881,15,5.08474576271187,12,4.06779661016949,31,10.5084745762712
"07B2R","07",Tempelhof-Schöneberg,2R,B,"072R",W,"2","80",0,585,1,584,74,12.6712328767123,99,16.9520547945205,248,42.4657534246575,79,13.527397260274,16,2.73972602739726,14,2.3972602739726,54,9.24657534246575
"07B2S","07",Tempelhof-Schöneberg,2S,B,"072S",W,"2","80",0,640,3,637,86,13.5007849293564,113,17.7394034536892,266,41.7582417582418,81,12.7158555729984,18,2.82574568288854,21,3.2967032967033,52,8.16326530612245
"07B2T","07",Tempelhof-Schöneberg,2T,B,"072T",W,"2","80",0,564,2,562,81,14.4128113879004,107,19.0391459074733,236,41.9928825622776,73,12.9893238434164,11,1.95729537366548,15,2.66903914590747,39,6.93950177935943
"07B2U","07",Tempelhof-Schöneberg,2U,B,"072U",W,"2","80",0,362,0,362,72,19.8895027624309,66,18.232044198895,128,35.3591160220994,44,12.1546961325967,13,3.59116022099448,15,4.14364640883978,24,6.62983425414365
"07B2V","07",Tempelhof-Schöneberg,2V,B,"072V",W,"2","80",0,506,2,504,99,19.6428571428571,100,19.8412698412698,157,31.1507936507937,77,15.2777777777778,16,3.17460317460317,20,3.96825396825397,35,6.94444444444444
"07B3A","07",Tempelhof-Schöneberg,3A,B,"073A",W,"3","80",0,765,1,764,171,22.3821989528796,155,20.2879581151832,247,32.3298429319372,78,10.2094240837696,16,2.09424083769634,40,5.23560209424084,57,7.46073298429319
"07B3B","07",Tempelhof-Schöneberg,3B,B,"073B",W,"3","80",0,391,1,390,82,21.025641025641,79,20.2564102564103,127,32.5641025641026,36,9.23076923076923,9,2.30769230769231,20,5.12820512820513,37,9.48717948717949
"07B3C","07",Tempelhof-Schöneberg,3C,B,"073C",W,"3","80",0,693,2,691,160,23.1548480463097,170,24.602026049204,211,30.5354558610709,53,7.67004341534009,21,3.03907380607815,36,5.20984081041968,40,5.78871201157742
"07B3D","07",Tempelhof-Schöneberg,3D,B,"073D",W,"3","80",0,690,1,689,146,21.1901306240929,160,23.22206095791,217,31.4949201741655,61,8.85341074020319,20,2.90275761973875,37,5.37010159651669,48,6.966618287373
"07B3E","07",Tempelhof-Schöneberg,3E,B,"073E",W,"3","80",0,416,4,411,90,21.8978102189781,81,19.7080291970803,129,31.3868613138686,35,8.51581508515815,16,3.89294403892944,14,3.40632603406326,46,11.1922141119221
"07B3F","07",Tempelhof-Schöneberg,3F,B,"073F",W,"3","80",0,427,1,425,86,20.2352941176471,95,22.3529411764706,126,29.6470588235294,33,7.76470588235294,16,3.76470588235294,28,6.58823529411765,41,9.64705882352941
"07B3G","07",Tempelhof-Schöneberg,3G,B,"073G",W,"3","80",0,764,4,759,199,26.2187088274045,167,22.0026350461133,243,32.0158102766798,44,5.79710144927536,19,2.50329380764163,39,5.13833992094862,48,6.32411067193676
"07B3H","07",Tempelhof-Schöneberg,3H,B,"073H",W,"3","80",0,704,2,701,176,25.1069900142653,156,22.2539229671897,209,29.8145506419401,65,9.27246790299572,13,1.85449358059914,40,5.70613409415121,42,5.99144079885877
"07B3J","07",Tempelhof-Schöneberg,3J,B,"073J",W,"3","80",0,626,2,623,146,23.4349919743178,136,21.8298555377207,206,33.0658105939005,46,7.38362760834671,16,2.56821829855538,36,5.7784911717496,37,5.93900481540931
"07B3K","07",Tempelhof-Schöneberg,3K,B,"073K",W,"3","80",0,647,3,643,149,23.1726283048211,132,20.5287713841369,220,34.2146189735614,57,8.8646967340591,13,2.02177293934681,35,5.44323483670296,37,5.7542768273717
"07B3L","07",Tempelhof-Schöneberg,3L,B,"073L",W,"3","80",0,380,2,377,100,26.525198938992,83,22.0159151193634,110,29.1777188328912,25,6.63129973474801,10,2.6525198938992,17,4.50928381962865,32,8.48806366047745
"07B3M","07",Tempelhof-Schöneberg,3M,B,"073M",W,"3","80",0,644,1,642,156,24.2990654205607,145,22.5856697819315,193,30.0623052959502,61,9.50155763239875,15,2.33644859813084,32,4.98442367601246,40,6.23052959501558
"07B3N","07",Tempelhof-Schöneberg,3N,B,"073N",W,"3","80",0,743,2,740,185,25,148,20,243,32.8378378378378,57,7.7027027027027,21,2.83783783783784,38,5.13513513513514,48,6.48648648648649
"07B3P","07",Tempelhof-Schöneberg,3P,B,"073P",W,"3","80",0,425,2,422,99,23.4597156398104,79,18.7203791469194,142,33.6492890995261,34,8.05687203791469,14,3.3175355450237,22,5.21327014218009,32,7.58293838862559
"07B3Q","07",Tempelhof-Schöneberg,3Q,B,"073Q",W,"3","80",0,649,1,647,133,20.5564142194745,137,21.1746522411128,225,34.7758887171561,65,10.0463678516229,18,2.78207109737249,28,4.32766615146832,41,6.33693972179289
"07B3R","07",Tempelhof-Schöneberg,3R,B,"073R",W,"3","80",0,531,1,529,99,18.7145557655955,123,23.2514177693762,175,33.0812854442344,59,11.1531190926276,14,2.64650283553875,23,4.34782608695652,36,6.80529300567108
"07B3S","07",Tempelhof-Schöneberg,3S,B,"073S",W,"3","80",0,299,1,297,55,18.5185185185185,70,23.5690235690236,100,33.6700336700337,34,11.4478114478114,8,2.69360269360269,13,4.37710437710438,17,5.72390572390572
"07B3T","07",Tempelhof-Schöneberg,3T,B,"073T",W,"3","80",0,460,1,458,118,25.764192139738,95,20.7423580786026,111,24.235807860262,44,9.60698689956332,25,5.45851528384279,21,4.58515283842795,44,9.60698689956332
"07B3U","07",Tempelhof-Schöneberg,3U,B,"073U",W,"3","80",0,554,2,551,180,32.6678765880218,114,20.6896551724138,110,19.9637023593466,38,6.89655172413793,35,6.35208711433757,27,4.90018148820327,47,8.52994555353902
"07B3V","07",Tempelhof-Schöneberg,3V,B,"073V",W,"3","80",0,800,3,796,340,42.713567839196,180,22.6130653266332,122,15.3266331658291,35,4.39698492462312,41,5.15075376884422,37,4.64824120603015,41,5.15075376884422
"07B4A","07",Tempelhof-Schöneberg,4A,B,"074A",W,"4","80",0,406,3,402,95,23.6318407960199,58,14.4278606965174,120,29.8507462686567,49,12.1890547263682,7,1.74129353233831,23,5.72139303482587,50,12.4378109452736
"07B4B","07",Tempelhof-Schöneberg,4B,B,"074B",W,"4","80",0,720,2,717,184,25.6624825662483,110,15.3417015341702,227,31.6596931659693,76,10.5997210599721,20,2.78940027894003,33,4.60251046025105,67,9.34449093444909
"07B4C","07",Tempelhof-Schöneberg,4C,B,"074C",W,"4","80",0,708,4,703,204,29.0184921763869,120,17.0697012802276,215,30.5832147937411,62,8.81934566145092,23,3.27169274537696,29,4.12517780938834,50,7.11237553342817
"07B4D","07",Tempelhof-Schöneberg,4D,B,"074D",W,"4","80",0,694,5,688,210,30.5232558139535,115,16.7151162790698,170,24.7093023255814,68,9.88372093023256,28,4.06976744186047,26,3.77906976744186,71,10.3197674418605
"07B4E","07",Tempelhof-Schöneberg,4E,B,"074E",W,"4","80",0,606,1,605,188,31.0743801652893,106,17.5206611570248,144,23.801652892562,63,10.4132231404959,25,4.13223140495868,27,4.46280991735537,52,8.59504132231405
"07B4F","07",Tempelhof-Schöneberg,4F,B,"074F",W,"4","80",0,540,1,539,173,32.0964749536178,110,20.4081632653061,100,18.5528756957328,45,8.34879406307978,31,5.75139146567718,27,5.00927643784787,53,9.8330241187384
"07B4G","07",Tempelhof-Schöneberg,4G,B,"074G",W,"4","80",0,312,1,311,94,30.2250803858521,64,20.5787781350482,57,18.3279742765273,29,9.32475884244373,17,5.46623794212219,14,4.5016077170418,36,11.5755627009646
"07B4H","07",Tempelhof-Schöneberg,4H,B,"074H",W,"4","80",0,548,3,545,184,33.7614678899083,110,20.1834862385321,104,19.0825688073394,53,9.72477064220184,20,3.6697247706422,22,4.03669724770642,52,9.54128440366972
"07B4J","07",Tempelhof-Schöneberg,4J,B,"074J",W,"4","80",0,524,2,522,154,29.5019157088123,106,20.3065134099617,120,22.9885057471264,44,8.42911877394636,28,5.3639846743295,22,4.21455938697318,48,9.19540229885057
"07B4K","07",Tempelhof-Schöneberg,4K,B,"074K",W,"4","80",0,335,3,332,86,25.9036144578313,64,19.2771084337349,91,27.4096385542169,30,9.03614457831325,14,4.21686746987952,11,3.31325301204819,36,10.8433734939759
"07B4L","07",Tempelhof-Schöneberg,4L,B,"074L",W,"4","80",0,273,3,270,56,20.7407407407407,58,21.4814814814815,79,29.2592592592593,28,10.3703703703704,10,3.7037037037037,9,3.33333333333333,30,11.1111111111111
"07B4M","07",Tempelhof-Schöneberg,4M,B,"074M",W,"4","80",0,665,6,659,182,27.6176024279211,126,19.1198786039454,171,25.948406676783,63,9.55993930197269,24,3.64188163884674,33,5.00758725341426,60,9.10470409711684
"07B4N","07",Tempelhof-Schöneberg,4N,B,"074N",W,"4","80",0,429,2,427,131,30.6791569086651,81,18.9695550351288,106,24.824355971897,36,8.43091334894614,11,2.57611241217799,25,5.85480093676815,37,8.66510538641686
"07B4P","07",Tempelhof-Schöneberg,4P,B,"074P",W,"4","80",0,323,1,322,108,33.5403726708075,67,20.8074534161491,56,17.3913043478261,28,8.69565217391304,19,5.90062111801242,13,4.03726708074534,31,9.62732919254658
"07B4Q","07",Tempelhof-Schöneberg,4Q,B,"074Q",W,"4","80",0,637,1,636,172,27.0440251572327,130,20.440251572327,156,24.5283018867925,63,9.90566037735849,31,4.87421383647799,19,2.9874213836478,65,10.2201257861635
"07B4R","07",Tempelhof-Schöneberg,4R,B,"074R",W,"4","80",0,648,5,643,226,35.1477449455677,146,22.706065318818,94,14.6189735614308,44,6.84292379471229,40,6.22083981337481,18,2.79937791601866,75,11.6640746500778
"07B4S","07",Tempelhof-Schöneberg,4S,B,"074S",W,"4","80",0,573,4,569,164,28.8224956063269,119,20.9138840070299,140,24.6045694200351,53,9.31458699472759,25,4.39367311072056,23,4.04217926186292,45,7.90861159929701
"07B4T","07",Tempelhof-Schöneberg,4T,B,"074T",W,"4","80",0,721,4,717,273,38.0753138075314,164,22.8730822873082,99,13.8075313807531,47,6.55509065550907,38,5.29986052998605,24,3.34728033472803,72,10.0418410041841
"07B4U","07",Tempelhof-Schöneberg,4U,B,"074U",W,"4","80",0,573,2,571,164,28.7215411558669,111,19.4395796847636,154,26.9702276707531,53,9.28196147110333,22,3.85288966725044,23,4.02802101576182,44,7.70577933450088
"07B5A","07",Tempelhof-Schöneberg,5A,B,"075A",W,"5","80",0,377,4,372,79,21.2365591397849,44,11.8279569892473,87,23.3870967741935,62,16.6666666666667,32,8.60215053763441,11,2.95698924731183,57,15.3225806451613
"07B5B","07",Tempelhof-Schöneberg,5B,B,"075B",W,"5","80",0,497,2,494,219,44.331983805668,83,16.8016194331984,56,11.336032388664,17,3.4412955465587,32,6.47773279352227,30,6.07287449392713,57,11.5384615384615
"07B5C","07",Tempelhof-Schöneberg,5C,B,"075C",W,"5","80",0,490,2,487,199,40.8624229979466,99,20.3285420944559,58,11.9096509240246,26,5.3388090349076,34,6.98151950718686,24,4.92813141683778,47,9.65092402464066
"07B5D","07",Tempelhof-Schöneberg,5D,B,"075D",W,"5","80",0,570,3,566,205,36.2190812720848,121,21.3780918727915,80,14.1342756183746,43,7.59717314487632,34,6.00706713780919,27,4.77031802120141,56,9.89399293286219
"07B5E","07",Tempelhof-Schöneberg,5E,B,"075E",W,"5","80",0,366,4,362,108,29.8342541436464,65,17.9558011049724,81,22.3756906077348,26,7.18232044198895,25,6.9060773480663,11,3.03867403314917,46,12.707182320442
"07B5F","07",Tempelhof-Schöneberg,5F,B,"075F",W,"5","80",0,582,2,579,222,38.3419689119171,130,22.4525043177893,80,13.8169257340242,38,6.56303972366149,35,6.04490500863558,25,4.31778929188256,49,8.46286701208981
"07B5G","07",Tempelhof-Schöneberg,5G,B,"075G",W,"5","80",0,560,2,557,227,40.754039497307,129,23.1597845601436,72,12.9263913824057,30,5.38599640933573,33,5.9245960502693,26,4.66786355475763,40,7.18132854578097
"07B5H","07",Tempelhof-Schöneberg,5H,B,"075H",W,"5","80",0,304,2,301,116,38.5382059800665,70,23.2558139534884,38,12.624584717608,20,6.64451827242525,12,3.98671096345515,15,4.98338870431894,30,9.96677740863787
"07B5J","07",Tempelhof-Schöneberg,5J,B,"075J",W,"5","80",0,350,4,346,138,39.8843930635838,80,23.121387283237,40,11.5606936416185,13,3.75722543352601,18,5.20231213872832,20,5.78034682080925,37,10.6936416184971
"07B5K","07",Tempelhof-Schöneberg,5K,B,"075K",W,"5","80",0,309,2,307,117,38.1107491856677,67,21.8241042345277,39,12.7035830618893,24,7.81758957654723,17,5.53745928338762,16,5.21172638436482,27,8.79478827361564
"07B5L","07",Tempelhof-Schöneberg,5L,B,"075L",W,"5","80",0,553,5,547,214,39.1224862888483,109,19.926873857404,66,12.0658135283364,33,6.03290676416819,46,8.40950639853748,33,6.03290676416819,46,8.40950639853748
"07B5M","07",Tempelhof-Schöneberg,5M,B,"075M",W,"5","80",0,508,2,505,193,38.2178217821782,103,20.3960396039604,64,12.6732673267327,23,4.55445544554455,31,6.13861386138614,36,7.12871287128713,55,10.8910891089109
"07B5N","07",Tempelhof-Schöneberg,5N,B,"075N",W,"5","80",0,456,3,452,182,40.2654867256637,98,21.6814159292035,58,12.8318584070796,21,4.64601769911504,30,6.63716814159292,27,5.97345132743363,36,7.9646017699115
"07B5P","07",Tempelhof-Schöneberg,5P,B,"075P",W,"5","80",0,442,5,436,182,41.743119266055,97,22.2477064220184,57,13.0733944954128,21,4.81651376146789,31,7.11009174311927,19,4.35779816513761,29,6.65137614678899
"07B5Q","07",Tempelhof-Schöneberg,5Q,B,"075Q",W,"5","80",0,448,4,443,192,43.3408577878104,102,23.0248306997743,55,12.4153498871332,22,4.96613995485327,31,6.99774266365688,19,4.28893905191874,22,4.96613995485327
"07B5R","07",Tempelhof-Schöneberg,5R,B,"075R",W,"5","80",0,510,1,508,235,46.259842519685,94,18.503937007874,56,11.0236220472441,21,4.13385826771654,33,6.49606299212598,32,6.2992125984252,37,7.28346456692913
"07B5S","07",Tempelhof-Schöneberg,5S,B,"075S",W,"5","80",0,652,1,650,317,48.7692307692308,127,19.5384615384615,65,10,21,3.23076923076923,34,5.23076923076923,49,7.53846153846154,37,5.69230769230769
"07B5T","07",Tempelhof-Schöneberg,5T,B,"075T",W,"5","80",0,593,2,590,289,48.9830508474576,132,22.3728813559322,57,9.66101694915254,20,3.38983050847458,31,5.25423728813559,38,6.44067796610169,23,3.89830508474576
"07B5U","07",Tempelhof-Schöneberg,5U,B,"075U",W,"5","80",0,550,4,545,275,50.4587155963303,127,23.302752293578,44,8.07339449541285,20,3.6697247706422,29,5.32110091743119,31,5.68807339449541,19,3.48623853211009
"07B6A","07",Tempelhof-Schöneberg,6A,B,"076A",W,"6","80",0,434,3,430,195,45.3488372093023,95,22.093023255814,41,9.53488372093023,13,3.02325581395349,21,4.88372093023256,26,6.04651162790698,39,9.06976744186047
"07B6B","07",Tempelhof-Schöneberg,6B,B,"076B",W,"6","80",0,719,1,717,326,45.4672245467225,135,18.8284518828452,100,13.9470013947001,11,1.53417015341702,50,6.97350069735007,44,6.13668061366806,51,7.11297071129707
"07B6C","07",Tempelhof-Schöneberg,6C,B,"076C",W,"6","80",0,652,8,643,314,48.8335925349922,123,19.1290824261275,51,7.93157076205288,20,3.1104199066874,51,7.93157076205288,33,5.13219284603421,51,7.93157076205288
"07B6D","07",Tempelhof-Schöneberg,6D,B,"076D",W,"6","80",0,424,3,420,195,46.4285714285714,94,22.3809523809524,42,10,12,2.85714285714286,21,5,26,6.19047619047619,30,7.14285714285714
"07B6E","07",Tempelhof-Schöneberg,6E,B,"076E",W,"6","80",0,598,7,590,301,51.0169491525424,114,19.3220338983051,45,7.6271186440678,18,3.05084745762712,40,6.77966101694915,37,6.27118644067797,35,5.93220338983051
"07B6F","07",Tempelhof-Schöneberg,6F,B,"076F",W,"6","80",0,659,6,653,294,45.0229709035222,123,18.8361408882083,84,12.8637059724349,24,3.67534456355283,34,5.20673813169985,41,6.27871362940276,53,8.11638591117917
"07B6G","07",Tempelhof-Schöneberg,6G,B,"076G",W,"6","80",0,498,3,495,244,49.2929292929293,91,18.3838383838384,56,11.3131313131313,18,3.63636363636364,30,6.06060606060606,24,4.84848484848485,32,6.46464646464646
"07B6H","07",Tempelhof-Schöneberg,6H,B,"076H",W,"6","80",0,661,5,656,351,53.5060975609756,128,19.5121951219512,72,10.9756097560976,18,2.74390243902439,30,4.57317073170732,31,4.72560975609756,26,3.96341463414634
"07B6J","07",Tempelhof-Schöneberg,6J,B,"076J",W,"6","80",0,435,4,431,216,50.1160092807425,78,18.0974477958237,35,8.12064965197216,16,3.7122969837587,35,8.12064965197216,18,4.17633410672854,33,7.65661252900232
"07B6K","07",Tempelhof-Schöneberg,6K,B,"076K",W,"6","80",0,570,2,568,297,52.2887323943662,137,24.1197183098592,31,5.45774647887324,13,2.2887323943662,36,6.33802816901408,12,2.11267605633803,42,7.3943661971831
"07B6L","07",Tempelhof-Schöneberg,6L,B,"076L",W,"6","80",0,434,3,431,202,46.8677494199536,101,23.4338747099768,26,6.03248259860789,15,3.48027842227378,35,8.12064965197216,16,3.7122969837587,36,8.35266821345708
"07B6M","07",Tempelhof-Schöneberg,6M,B,"076M",W,"6","80",0,397,6,391,173,44.2455242966752,96,24.5524296675192,20,5.1150895140665,17,4.34782608695652,33,8.43989769820972,17,4.34782608695652,35,8.95140664961637
"07B6N","07",Tempelhof-Schöneberg,6N,B,"076N",W,"6","80",0,394,3,391,179,45.7800511508951,96,24.5524296675192,19,4.85933503836317,14,3.58056265984655,31,7.92838874680307,16,4.0920716112532,36,9.20716112531969
"07B6P","07",Tempelhof-Schöneberg,6P,B,"076P",W,"6","80",0,426,3,423,198,46.8085106382979,104,24.5862884160757,25,5.91016548463357,16,3.78250591016548,32,7.56501182033097,18,4.25531914893617,30,7.09219858156028
"07B6Q","07",Tempelhof-Schöneberg,6Q,B,"076Q",W,"6","80",0,545,7,538,259,48.1412639405204,120,22.3048327137546,36,6.69144981412639,18,3.3457249070632,46,8.55018587360595,27,5.0185873605948,32,5.94795539033457
"07B6R","07",Tempelhof-Schöneberg,6R,B,"076R",W,"6","80",0,795,2,793,401,50.5674653215637,158,19.9243379571248,101,12.7364438839849,15,1.89155107187894,41,5.1702395964691,28,3.53089533417402,49,6.17906683480454
"07B6S","07",Tempelhof-Schöneberg,6S,B,"076S",W,"6","80",0,484,4,480,260,54.1666666666667,97,20.2083333333333,44,9.16666666666667,10,2.08333333333333,24,5,28,5.83333333333333,17,3.54166666666667
"07B6T","07",Tempelhof-Schöneberg,6T,B,"076T",W,"6","80",0,398,2,396,210,53.030303030303,86,21.7171717171717,45,11.3636363636364,8,2.02020202020202,19,4.7979797979798,15,3.78787878787879,13,3.28282828282828
"07B7A","07",Tempelhof-Schöneberg,7A,B,"077A",W,"7","80",0,665,3,662,329,49.6978851963746,130,19.6374622356495,76,11.4803625377643,20,3.02114803625378,29,4.38066465256798,33,4.98489425981873,45,6.797583081571
"07B7B","07",Tempelhof-Schöneberg,7B,B,"077B",W,"7","80",0,639,4,635,319,50.2362204724409,133,20.9448818897638,54,8.50393700787401,10,1.5748031496063,42,6.61417322834646,37,5.82677165354331,40,6.2992125984252
"07B7C","07",Tempelhof-Schöneberg,7C,B,"077C",W,"7","80",0,666,4,662,338,51.0574018126888,138,20.8459214501511,56,8.45921450151057,10,1.51057401812689,43,6.49546827794562,38,5.74018126888217,39,5.89123867069486
"07B7D","07",Tempelhof-Schöneberg,7D,B,"077D",W,"7","80",0,731,4,727,376,51.7193947730399,136,18.707015130674,53,7.29023383768913,24,3.30123796423659,50,6.87757909215956,32,4.40165061898212,56,7.70288858321871
"07B7E","07",Tempelhof-Schöneberg,7E,B,"077E",W,"7","80",0,357,1,356,179,50.2808988764045,63,17.6966292134831,34,9.55056179775281,8,2.24719101123596,25,7.02247191011236,20,5.61797752808989,27,7.58426966292135
"07B7F","07",Tempelhof-Schöneberg,7F,B,"077F",W,"7","80",0,364,3,361,186,51.5235457063712,64,17.7285318559557,34,9.41828254847645,8,2.21606648199446,19,5.26315789473684,17,4.70914127423823,33,9.14127423822715
"07B7G","07",Tempelhof-Schöneberg,7G,B,"077G",W,"7","80",0,582,4,577,293,50.7798960138648,124,21.4904679376083,51,8.83882149046794,13,2.25303292894281,33,5.71923743500867,28,4.8526863084922,35,6.06585788561525
"07B7H","07",Tempelhof-Schöneberg,7H,B,"077H",W,"7","80",0,556,3,552,274,49.6376811594203,114,20.6521739130435,47,8.51449275362319,18,3.26086956521739,36,6.52173913043478,25,4.52898550724638,38,6.88405797101449
"07B7J","07",Tempelhof-Schöneberg,7J,B,"077J",W,"7","80",0,544,2,541,273,50.4621072088725,107,19.7781885397412,41,7.57855822550832,19,3.51201478743068,38,7.02402957486137,25,4.62107208872458,38,7.02402957486137
"07B7K","07",Tempelhof-Schöneberg,7K,B,"077K",W,"7","80",0,590,4,585,289,49.4017094017094,126,21.5384615384615,39,6.66666666666667,24,4.1025641025641,38,6.4957264957265,31,5.2991452991453,38,6.4957264957265
"07B7L","07",Tempelhof-Schöneberg,7L,B,"077L",W,"7","80",0,532,5,526,249,47.3384030418251,115,21.8631178707224,35,6.65399239543726,23,4.37262357414449,38,7.22433460076046,30,5.70342205323194,36,6.84410646387833
"07B7M","07",Tempelhof-Schöneberg,7M,B,"077M",W,"7","80",0,279,4,275,114,41.4545454545455,60,21.8181818181818,17,6.18181818181818,12,4.36363636363636,23,8.36363636363636,15,5.45454545454545,34,12.3636363636364
"07B7N","07",Tempelhof-Schöneberg,7N,B,"077N",W,"7","80",0,617,2,615,312,50.7317073170732,130,21.1382113821138,71,11.5447154471545,15,2.4390243902439,28,4.55284552845528,34,5.52845528455285,25,4.0650406504065
"07B7P","07",Tempelhof-Schöneberg,7P,B,"077P",W,"7","80",0,615,2,613,324,52.8548123980424,123,20.0652528548124,55,8.97226753670473,19,3.09951060358891,32,5.22022838499184,38,6.19902120717781,22,3.58890701468189
"07B7Q","07",Tempelhof-Schöneberg,7Q,B,"077Q",W,"7","80",0,645,2,643,287,44.6345256609642,138,21.4618973561431,88,13.6858475894246,24,3.73250388802488,42,6.53188180404355,28,4.35458786936236,36,5.59875583203732
"07B7R","07",Tempelhof-Schöneberg,7R,B,"077R",W,"7","80",0,559,2,557,288,51.705565529623,111,19.9281867145422,65,11.6696588868941,19,3.41113105924596,26,4.66786355475763,30,5.38599640933573,18,3.23159784560144
"07B7S","07",Tempelhof-Schöneberg,7S,B,"077S",W,"7","80",0,689,4,685,369,53.8686131386861,124,18.1021897810219,56,8.17518248175183,26,3.7956204379562,46,6.71532846715329,36,5.25547445255474,28,4.08759124087591
"07B7T","07",Tempelhof-Schöneberg,7T,B,"077T",W,"7","80",0,536,4,532,289,54.3233082706767,97,18.2330827067669,42,7.89473684210526,20,3.7593984962406,37,6.95488721804511,27,5.07518796992481,20,3.7593984962406
"07W101","07",Tempelhof-Schöneberg,"101",W,"071A",W,"1","80",1112,343,2,340,102,30,75,22.0588235294118,53,15.5882352941176,28,8.23529411764706,26,7.64705882352941,24,7.05882352941176,32,9.41176470588235
"07W102","07",Tempelhof-Schöneberg,"102",W,"071A",W,"1","80",962,323,3,319,91,28.5266457680251,64,20.0626959247649,59,18.4952978056426,26,8.15047021943574,21,6.58307210031348,24,7.52351097178683,34,10.6583072100313
"07W103","07",Tempelhof-Schöneberg,"103",W,"071B",W,"1","80",851,263,1,261,70,26.8199233716475,54,20.6896551724138,44,16.8582375478927,32,12.2605363984674,19,7.27969348659004,11,4.21455938697318,31,11.8773946360153
"07W104","07",Tempelhof-Schöneberg,"104",W,"071B",W,"1","80",841,315,3,311,64,20.5787781350482,58,18.6495176848875,93,29.903536977492,34,10.9324758842444,11,3.53697749196141,15,4.82315112540193,36,11.5755627009646
"07W105","07",Tempelhof-Schöneberg,"105",W,"071K",W,"1","80",1012,351,1,349,93,26.647564469914,66,18.9111747851003,82,23.4957020057307,34,9.74212034383954,14,4.01146131805158,20,5.73065902578797,40,11.4613180515759
"07W106","07",Tempelhof-Schöneberg,"106",W,"071L",W,"1","80",1077,370,3,366,111,30.327868852459,74,20.2185792349727,81,22.1311475409836,31,8.46994535519126,19,5.19125683060109,24,6.55737704918033,26,7.10382513661202
"07W107","07",Tempelhof-Schöneberg,"107",W,"071L",W,"1","80",955,330,1,328,99,30.1829268292683,64,19.5121951219512,75,22.8658536585366,29,8.84146341463415,17,5.18292682926829,19,5.79268292682927,25,7.6219512195122
"07W108","07",Tempelhof-Schöneberg,"108",W,"071K",W,"1","80",956,325,2,322,75,23.2919254658385,66,20.4968944099379,77,23.9130434782609,37,11.4906832298137,20,6.2111801242236,18,5.59006211180124,29,9.00621118012422
"07W109","07",Tempelhof-Schöneberg,"109",W,"071C",W,"1","80",867,319,2,316,56,17.7215189873418,64,20.253164556962,94,29.746835443038,45,14.2405063291139,16,5.06329113924051,14,4.43037974683544,27,8.54430379746835
"07W110","07",Tempelhof-Schöneberg,"110",W,"071J",W,"1","80",871,326,1,325,58,17.8461538461538,67,20.6153846153846,101,31.0769230769231,42,12.9230769230769,17,5.23076923076923,10,3.07692307692308,30,9.23076923076923
"07W111","07",Tempelhof-Schöneberg,"111",W,"071C",W,"1","80",916,334,2,332,50,15.0602409638554,62,18.6746987951807,117,35.2409638554217,52,15.6626506024096,11,3.31325301204819,14,4.21686746987952,26,7.83132530120482
"07W112","07",Tempelhof-Schöneberg,"112",W,"071D",W,"1","80",954,307,4,303,50,16.5016501650165,62,20.4620462046205,78,25.7425742574257,46,15.1815181518152,14,4.62046204620462,9,2.97029702970297,44,14.5214521452145
"07W113","07",Tempelhof-Schöneberg,"113",W,"071D",W,"1","80",1063,340,1,339,72,21.2389380530973,71,20.9439528023599,73,21.5339233038348,53,15.6342182890855,26,7.66961651917404,11,3.24483775811209,33,9.73451327433628
"07W114","07",Tempelhof-Schöneberg,"114",W,"071E",W,"1","80",1094,338,2,336,62,18.452380952381,68,20.2380952380952,86,25.5952380952381,58,17.2619047619048,21,6.25,9,2.67857142857143,32,9.52380952380952
"07W115","07",Tempelhof-Schöneberg,"115",W,"071F",W,"1","80",1042,326,3,323,65,20.1238390092879,49,15.1702786377709,86,26.625386996904,66,20.4334365325077,16,4.95356037151703,14,4.3343653250774,27,8.35913312693498
"07W116","07",Tempelhof-Schöneberg,"116",W,"071G",W,"1","80",1124,352,3,349,69,19.7707736389685,56,16.0458452722063,102,29.2263610315186,71,20.3438395415473,14,4.01146131805158,14,4.01146131805158,23,6.59025787965616
"07W117","07",Tempelhof-Schöneberg,"117",W,"071H",W,"1","80",1059,361,9,352,59,16.7613636363636,70,19.8863636363636,108,30.6818181818182,53,15.0568181818182,11,3.125,11,3.125,40,11.3636363636364
"07W118","07",Tempelhof-Schöneberg,"118",W,"071J",W,"1","80",987,380,4,376,61,16.2234042553191,73,19.4148936170213,129,34.3085106382979,51,13.563829787234,17,4.52127659574468,14,3.72340425531915,31,8.24468085106383
"07W119","07",Tempelhof-Schöneberg,"119",W,"071Q",W,"1","80",1005,405,4,401,63,15.71072319202,80,19.9501246882793,145,36.1596009975062,49,12.2194513715711,15,3.74064837905237,16,3.99002493765586,33,8.22942643391521
"07W120","07",Tempelhof-Schöneberg,"120",W,"071Q",W,"1","80",1082,423,3,420,79,18.8095238095238,84,20,144,34.2857142857143,47,11.1904761904762,20,4.76190476190476,18,4.28571428571429,28,6.66666666666667
"07W121","07",Tempelhof-Schöneberg,"121",W,"071P",W,"1","80",961,342,4,338,78,23.0769230769231,71,21.0059171597633,97,28.698224852071,40,11.8343195266272,21,6.21301775147929,15,4.43786982248521,16,4.73372781065089
"07W122","07",Tempelhof-Schöneberg,"122",W,"071M",W,"1","80",928,310,3,306,72,23.5294117647059,67,21.8954248366013,78,25.4901960784314,40,13.0718954248366,20,6.5359477124183,15,4.90196078431373,14,4.57516339869281
"07W123","07",Tempelhof-Schöneberg,"123",W,"071M",W,"1","80",972,330,2,327,86,26.2996941896024,61,18.6544342507645,86,26.2996941896024,37,11.3149847094801,18,5.5045871559633,20,6.11620795107034,19,5.81039755351682
"07W124","07",Tempelhof-Schöneberg,"124",W,"071N",W,"1","80",1065,369,1,367,77,20.9809264305177,70,19.0735694822888,118,32.1525885558583,39,10.6267029972752,18,4.90463215258856,20,5.44959128065395,25,6.81198910081744
"07W125","07",Tempelhof-Schöneberg,"125",W,"071N",W,"1","80",993,324,2,321,76,23.6760124610592,69,21.4953271028037,83,25.8566978193146,36,11.214953271028,23,7.16510903426791,18,5.60747663551402,16,4.98442367601246
"07W126","07",Tempelhof-Schöneberg,"126",W,"071P",W,"1","80",1017,370,4,365,73,20,77,21.0958904109589,98,26.8493150684932,52,14.2465753424658,22,6.02739726027397,15,4.10958904109589,28,7.67123287671233
"07W127","07",Tempelhof-Schöneberg,"127",W,"071R",W,"1","80",1075,418,2,415,62,14.9397590361446,84,20.2409638554217,160,38.5542168674699,58,13.9759036144578,14,3.37349397590361,14,3.37349397590361,23,5.54216867469879
"07W128","07",Tempelhof-Schöneberg,"128",W,"071R",W,"1","80",911,347,1,345,41,11.8840579710145,65,18.8405797101449,140,40.5797101449275,58,16.8115942028986,14,4.05797101449275,8,2.31884057971015,19,5.50724637681159
"07W129","07",Tempelhof-Schöneberg,"129",W,"071S",W,"1","80",776,294,1,292,34,11.6438356164384,55,18.8356164383562,121,41.4383561643836,44,15.0684931506849,9,3.08219178082192,11,3.76712328767123,18,6.16438356164384
"07W130","07",Tempelhof-Schöneberg,"130",W,"071S",W,"1","80",1037,351,2,348,56,16.0919540229885,68,19.5402298850575,125,35.9195402298851,53,15.2298850574713,12,3.44827586206897,18,5.17241379310345,16,4.59770114942529
"07W131","07",Tempelhof-Schöneberg,"131",W,"071H",W,"1","80",888,343,1,341,47,13.782991202346,63,18.475073313783,122,35.7771260997067,60,17.5953079178886,20,5.86510263929619,6,1.75953079178886,23,6.74486803519062
"07W132","07",Tempelhof-Schöneberg,"132",W,"071T",W,"1","80",1065,371,1,369,62,16.8021680216802,63,17.0731707317073,125,33.8753387533875,75,20.3252032520325,12,3.2520325203252,10,2.710027100271,22,5.96205962059621
"07W133","07",Tempelhof-Schöneberg,"133",W,"071U",W,"1","80",1100,376,1,375,57,15.2,62,16.5333333333333,135,36,78,20.8,11,2.93333333333333,12,3.2,20,5.33333333333333
"07W134","07",Tempelhof-Schöneberg,"134",W,"071U",W,"1","80",966,317,3,314,39,12.4203821656051,59,18.7898089171975,122,38.8535031847134,52,16.5605095541401,6,1.91082802547771,14,4.45859872611465,22,7.00636942675159
"07W201","07",Tempelhof-Schöneberg,"201",W,"072A",W,"2","80",1067,371,3,368,86,23.3695652173913,84,22.8260869565217,86,23.3695652173913,41,11.1413043478261,17,4.6195652173913,10,2.71739130434783,44,11.9565217391304
"07W202","07",Tempelhof-Schöneberg,"202",W,"072B",W,"2","80",1076,347,5,342,77,22.5146198830409,78,22.8070175438596,76,22.2222222222222,40,11.6959064327485,19,5.55555555555556,9,2.63157894736842,43,12.5730994152047
"07W203","07",Tempelhof-Schöneberg,"203",W,"072C",W,"2","80",944,320,4,316,64,20.253164556962,61,19.3037974683544,85,26.8987341772152,45,14.2405063291139,14,4.43037974683544,14,4.43037974683544,33,10.4430379746835
"07W204","07",Tempelhof-Schöneberg,"204",W,"072C",W,"2","80",1102,381,1,380,78,20.5263157894737,76,20,126,33.1578947368421,41,10.7894736842105,27,7.10526315789474,16,4.21052631578947,16,4.21052631578947
"07W205","07",Tempelhof-Schöneberg,"205",W,"072D",W,"2","80",928,459,1,458,77,16.8122270742358,83,18.1222707423581,165,36.0262008733624,62,13.5371179039301,15,3.27510917030568,17,3.7117903930131,39,8.51528384279476
"07W206","07",Tempelhof-Schöneberg,"206",W,"072E",W,"2","80",948,390,1,389,65,16.7095115681234,72,18.5089974293059,135,34.7043701799486,50,12.853470437018,13,3.34190231362468,15,3.8560411311054,39,10.025706940874
"07W207","07",Tempelhof-Schöneberg,"207",W,"072D",W,"2","80",804,331,3,328,46,14.0243902439024,67,20.4268292682927,117,35.6707317073171,41,12.5,8,2.4390243902439,11,3.35365853658537,38,11.5853658536585
"07W208","07",Tempelhof-Schöneberg,"208",W,"072K",W,"2","80",842,366,5,361,45,12.4653739612188,78,21.606648199446,133,36.8421052631579,45,12.4653739612188,7,1.93905817174515,10,2.77008310249307,43,11.9113573407202
"07W209","07",Tempelhof-Schöneberg,"209",W,"072E",W,"2","80",999,330,2,328,56,17.0731707317073,68,20.7317073170732,95,28.9634146341463,49,14.9390243902439,11,3.35365853658537,12,3.65853658536585,37,11.280487804878
"07W210","07",Tempelhof-Schöneberg,"210",W,"072F",W,"2","80",883,311,2,309,65,21.0355987055016,63,20.3883495145631,82,26.537216828479,42,13.5922330097087,10,3.23624595469256,11,3.55987055016181,36,11.6504854368932
"07W211","07",Tempelhof-Schöneberg,"211",W,"072F",W,"2","80",981,306,4,302,75,24.8344370860927,58,19.205298013245,75,24.8344370860927,31,10.2649006622517,16,5.29801324503311,13,4.3046357615894,34,11.2582781456954
"07W212","07",Tempelhof-Schöneberg,"212",W,"072G",W,"2","80",924,327,1,326,57,17.4846625766871,61,18.7116564417178,113,34.6625766871166,45,13.8036809815951,12,3.68098159509202,12,3.68098159509202,26,7.97546012269939
"07W213","07",Tempelhof-Schöneberg,"213",W,"072V",W,"2","80",868,301,1,300,26,8.66666666666667,43,14.3333333333333,117,39,55,18.3333333333333,13,4.33333333333333,13,4.33333333333333,33,11
"07W214","07",Tempelhof-Schöneberg,"214",W,"072G",W,"2","80",928,356,1,355,41,11.5492957746479,57,16.056338028169,137,38.5915492957746,56,15.7746478873239,14,3.94366197183099,15,4.22535211267606,35,9.85915492957746
"07W215","07",Tempelhof-Schöneberg,"215",W,"072H",W,"2","80",1099,325,3,322,42,13.0434782608696,67,20.8074534161491,100,31.055900621118,49,15.2173913043478,21,6.52173913043478,12,3.72670807453416,31,9.62732919254658
"07W216","07",Tempelhof-Schöneberg,"216",W,"072J",W,"2","80",1124,336,2,334,35,10.4790419161677,62,18.562874251497,117,35.0299401197605,63,18.8622754491018,21,6.2874251497006,11,3.2934131736527,25,7.48502994011976
"07W217","07",Tempelhof-Schöneberg,"217",W,"072K",W,"2","80",980,332,2,330,40,12.1212121212121,65,19.6969696969697,105,31.8181818181818,72,21.8181818181818,10,3.03030303030303,11,3.33333333333333,27,8.18181818181818
"07W218","07",Tempelhof-Schöneberg,"218",W,"072L",W,"2","80",1112,347,1,346,33,9.53757225433526,69,19.9421965317919,135,39.0173410404624,63,18.2080924855491,9,2.60115606936416,13,3.75722543352601,24,6.9364161849711
"07W219","07",Tempelhof-Schöneberg,"219",W,"072M",W,"2","80",944,296,1,295,27,9.15254237288136,59,20,115,38.9830508474576,55,18.6440677966102,8,2.71186440677966,12,4.06779661016949,19,6.44067796610169
"07W220","07",Tempelhof-Schöneberg,"220",W,"072M",W,"2","80",1015,382,2,380,42,11.0526315789474,71,18.6842105263158,163,42.8947368421053,56,14.7368421052632,8,2.10526315789474,12,3.15789473684211,28,7.36842105263158
"07W221","07",Tempelhof-Schöneberg,"221",W,"072N",W,"2","80",978,329,3,326,46,14.1104294478528,59,18.0981595092025,135,41.4110429447853,41,12.5766871165644,9,2.76073619631902,11,3.37423312883436,25,7.66871165644172
"07W222","07",Tempelhof-Schöneberg,"222",W,"072N",W,"2","80",920,321,1,319,29,9.09090909090909,65,20.3761755485893,121,37.9310344827586,66,20.6896551724138,9,2.82131661442006,9,2.82131661442006,20,6.26959247648903
"07W223","07",Tempelhof-Schöneberg,"223",W,"072S",W,"2","80",931,352,1,350,36,10.2857142857143,68,19.4285714285714,142,40.5714285714286,57,16.2857142857143,11,3.14285714285714,8,2.28571428571429,28,8
"07W224","07",Tempelhof-Schöneberg,"224",W,"072T",W,"2","80",796,337,1,335,34,10.1492537313433,68,20.2985074626866,132,39.4029850746269,55,16.4179104477612,8,2.38805970149254,12,3.58208955223881,26,7.76119402985075
"07W225","07",Tempelhof-Schöneberg,"225",W,"072T",W,"2","80",1050,411,2,408,43,10.5392156862745,72,17.6470588235294,166,40.6862745098039,78,19.1176470588235,14,3.43137254901961,11,2.69607843137255,24,5.88235294117647
"07W226","07",Tempelhof-Schöneberg,"226",W,"072R",W,"2","80",918,375,2,372,42,11.2903225806452,62,16.6666666666667,152,40.8602150537634,66,17.741935483871,15,4.03225806451613,9,2.41935483870968,26,6.98924731182796
"07W227","07",Tempelhof-Schöneberg,"227",W,"072S",W,"2","80",1057,358,1,356,47,13.2022471910112,66,18.5393258426966,144,40.4494382022472,56,15.7303370786517,13,3.65168539325843,8,2.24719101123596,22,6.17977528089888
"07W228","07",Tempelhof-Schöneberg,"228",W,"072P",W,"2","80",1014,345,3,342,82,23.9766081871345,82,23.9766081871345,48,14.0350877192982,50,14.6198830409357,38,11.1111111111111,6,1.75438596491228,36,10.5263157894737
"07W229","07",Tempelhof-Schöneberg,"229",W,"072P",W,"2","80",1068,335,5,329,105,31.9148936170213,75,22.7963525835866,50,15.1975683890577,40,12.1580547112462,24,7.29483282674772,13,3.95136778115502,22,6.68693009118541
"07W230","07",Tempelhof-Schöneberg,"230",W,"072Q",W,"2","80",1084,332,4,328,75,22.8658536585366,81,24.6951219512195,61,18.5975609756098,35,10.6707317073171,32,9.75609756097561,14,4.26829268292683,30,9.14634146341463
"07W231","07",Tempelhof-Schöneberg,"231",W,"072R",W,"2","80",992,313,3,310,48,15.4838709677419,56,18.0645161290323,116,37.4193548387097,49,15.8064516129032,14,4.51612903225806,8,2.58064516129032,19,6.12903225806452
"07W232","07",Tempelhof-Schöneberg,"232",W,"072U",W,"2","80",788,227,2,225,29,12.8888888888889,40,17.7777777777778,83,36.8888888888889,47,20.8888888888889,8,3.55555555555556,7,3.11111111111111,11,4.88888888888889
"07W233","07",Tempelhof-Schöneberg,"233",W,"072V",W,"2","80",804,225,3,222,70,31.5315315315315,59,26.5765765765766,35,15.7657657657658,26,11.7117117117117,16,7.20720720720721,7,3.15315315315315,9,4.05405405405405
"07W234","07",Tempelhof-Schöneberg,"234",W,"072U",W,"2","80",581,149,1,148,34,22.972972972973,33,22.2972972972973,41,27.7027027027027,22,14.8648648648649,8,5.40540540540541,4,2.7027027027027,6,4.05405405405405
"07W301","07",Tempelhof-Schöneberg,"301",W,"073A",W,"3","80",1065,433,5,427,87,20.3747072599532,94,22.0140515222482,125,29.2740046838407,45,10.5386416861827,16,3.74707259953162,21,4.91803278688525,39,9.13348946135831
"07W302","07",Tempelhof-Schöneberg,"302",W,"073C",W,"3","80",1004,404,3,400,80,20,81,20.25,134,33.5,37,9.25,12,3,14,3.5,42,10.5
"07W303","07",Tempelhof-Schöneberg,"303",W,"073D",W,"3","80",918,364,3,361,75,20.7756232686981,72,19.9445983379501,113,31.3019390581717,40,11.0803324099723,6,1.66204986149584,13,3.601108033241,42,11.6343490304709
"07W304","07",Tempelhof-Schöneberg,"304",W,"073D",W,"3","80",1044,399,2,397,84,21.1586901763224,86,21.6624685138539,127,31.9899244332494,46,11.5869017632242,9,2.26700251889169,16,4.03022670025189,29,7.30478589420655
"07W305","07",Tempelhof-Schöneberg,"305",W,"073G",W,"3","80",1015,402,3,399,85,21.3032581453634,93,23.3082706766917,118,29.5739348370927,42,10.5263157894737,15,3.7593984962406,18,4.51127819548872,28,7.01754385964912
"07W306","07",Tempelhof-Schöneberg,"306",W,"073C",W,"3","80",974,401,1,400,88,22,81,20.25,130,32.5,31,7.75,15,3.75,16,4,39,9.75
"07W307","07",Tempelhof-Schöneberg,"307",W,"073B",W,"3","80",1049,423,3,420,81,19.2857142857143,87,20.7142857142857,137,32.6190476190476,43,10.2380952380952,14,3.33333333333333,23,5.47619047619048,35,8.33333333333333
"07W308","07",Tempelhof-Schöneberg,"308",W,"073A",W,"3","80",972,404,1,403,79,19.6029776674938,89,22.0843672456576,124,30.7692307692308,45,11.166253101737,15,3.72208436724566,17,4.21836228287841,34,8.43672456575682
"07W309","07",Tempelhof-Schöneberg,"309",W,"073H",W,"3","80",1068,449,1,448,81,18.0803571428571,98,21.875,149,33.2589285714286,48,10.7142857142857,15,3.34821428571429,24,5.35714285714286,33,7.36607142857143
"07W310","07",Tempelhof-Schöneberg,"310",W,"073H",W,"3","80",951,373,2,371,69,18.5983827493261,73,19.6765498652291,122,32.8840970350404,41,11.0512129380054,13,3.50404312668464,19,5.12129380053908,34,9.1644204851752
"07W311","07",Tempelhof-Schöneberg,"311",W,"073G",W,"3","80",980,381,3,378,97,25.6613756613757,82,21.6931216931217,109,28.8359788359788,29,7.67195767195767,14,3.7037037037037,17,4.4973544973545,30,7.93650793650794
"07W312","07",Tempelhof-Schöneberg,"312",W,"073N",W,"3","80",984,356,4,352,73,20.7386363636364,80,22.7272727272727,107,30.3977272727273,36,10.2272727272727,12,3.40909090909091,18,5.11363636363636,26,7.38636363636364
"07W313","07",Tempelhof-Schöneberg,"313",W,"073L",W,"3","80",1102,451,2,449,89,19.8218262806236,89,19.8218262806236,145,32.293986636971,54,12.0267260579065,22,4.89977728285078,20,4.4543429844098,30,6.6815144766147
"07W314","07",Tempelhof-Schöneberg,"314",W,"073J",W,"3","80",944,414,2,412,81,19.6601941747573,91,22.0873786407767,137,33.252427184466,44,10.6796116504854,17,4.12621359223301,16,3.88349514563107,26,6.31067961165049
"07W315","07",Tempelhof-Schöneberg,"315",W,"073J",W,"3","80",996,414,2,412,87,21.1165048543689,91,22.0873786407767,145,35.1941747572816,33,8.00970873786408,15,3.64077669902913,15,3.64077669902913,26,6.31067961165049
"07W316","07",Tempelhof-Schöneberg,"316",W,"073K",W,"3","80",914,375,2,373,82,21.9839142091153,74,19.8391420911528,133,35.656836461126,27,7.23860589812332,17,4.55764075067024,14,3.75335120643432,26,6.97050938337802
"07W317","07",Tempelhof-Schöneberg,"317",W,"073K",W,"3","80",875,346,2,344,73,21.2209302325581,72,20.9302325581395,120,34.8837209302326,27,7.84883720930233,15,4.36046511627907,13,3.77906976744186,24,6.97674418604651
"07W318","07",Tempelhof-Schöneberg,"318",W,"073M",W,"3","80",1030,371,2,369,56,15.1761517615176,86,23.3062330623306,115,31.1653116531165,41,11.1111111111111,16,4.3360433604336,24,6.50406504065041,31,8.40108401084011
"07W319","07",Tempelhof-Schöneberg,"319",W,"073M",W,"3","80",987,429,2,427,79,18.5011709601874,101,23.6533957845433,132,30.9133489461358,35,8.19672131147541,19,4.44964871194379,18,4.21545667447307,43,10.0702576112412
"07W320","07",Tempelhof-Schöneberg,"320",W,"073N",W,"3","80",1005,363,1,362,72,19.8895027624309,85,23.4806629834254,117,32.3204419889503,39,10.7734806629834,11,3.03867403314917,19,5.24861878453039,19,5.24861878453039
"07W321","07",Tempelhof-Schöneberg,"321",W,"073F",W,"3","80",1086,399,7,392,85,21.6836734693878,94,23.9795918367347,121,30.8673469387755,38,9.69387755102041,12,3.06122448979592,23,5.86734693877551,19,4.8469387755102
"07W322","07",Tempelhof-Schöneberg,"322",W,"073E",W,"3","80",1011,381,3,377,93,24.6684350132626,84,22.2811671087533,124,32.8912466843501,21,5.57029177718833,22,5.83554376657825,13,3.44827586206897,20,5.30503978779841
"07W323","07",Tempelhof-Schöneberg,"323",W,"073P",W,"3","80",1074,374,1,372,81,21.7741935483871,81,21.7741935483871,128,34.4086021505376,39,10.4838709677419,10,2.68817204301075,18,4.83870967741935,15,4.03225806451613
"07W324","07",Tempelhof-Schöneberg,"324",W,"073Q",W,"3","80",1027,378,4,373,73,19.5710455764075,81,21.71581769437,108,28.9544235924933,40,10.7238605898123,21,5.63002680965147,17,4.55764075067024,33,8.84718498659517
"07W325","07",Tempelhof-Schöneberg,"325",W,"073Q",W,"3","80",875,304,3,300,63,21,62,20.6666666666667,91,30.3333333333333,29,9.66666666666667,19,6.33333333333333,14,4.66666666666667,22,7.33333333333333
"07W326","07",Tempelhof-Schöneberg,"326",W,"073S",W,"3","80",1084,420,4,415,70,16.8674698795181,84,20.2409638554217,155,37.3493975903614,47,11.3253012048193,20,4.81927710843374,13,3.13253012048193,26,6.26506024096386
"07W327","07",Tempelhof-Schöneberg,"327",W,"073R",W,"3","80",853,338,4,333,54,16.2162162162162,70,21.021021021021,122,36.6366366366366,41,12.3123123123123,14,4.2042042042042,11,3.3033033033033,21,6.30630630630631
"07W328","07",Tempelhof-Schöneberg,"328",W,"073R",W,"3","80",1029,366,4,361,66,18.2825484764543,102,28.2548476454294,75,20.7756232686981,49,13.5734072022161,20,5.54016620498615,12,3.32409972299169,37,10.2493074792244
"07W329","07",Tempelhof-Schöneberg,"329",W,"073T",W,"3","80",862,272,1,270,58,21.4814814814815,78,28.8888888888889,56,20.7407407407407,31,11.4814814814815,19,7.03703703703704,10,3.7037037037037,18,6.66666666666667
"07W330","07",Tempelhof-Schöneberg,"330",W,"073T",W,"3","80",1037,315,2,312,74,23.7179487179487,87,27.8846153846154,58,18.5897435897436,28,8.97435897435897,27,8.65384615384615,12,3.84615384615385,26,8.33333333333333
"07W331","07",Tempelhof-Schöneberg,"331",W,"073U",W,"3","80",939,345,4,340,84,24.7058823529412,71,20.8823529411765,68,20,33,9.70588235294118,31,9.11764705882353,13,3.82352941176471,40,11.7647058823529
"07W332","07",Tempelhof-Schöneberg,"332",W,"073U",W,"3","80",1042,320,3,316,91,28.7974683544304,67,21.2025316455696,57,18.0379746835443,28,8.86075949367089,36,11.3924050632911,13,4.11392405063291,24,7.59493670886076
"07W333","07",Tempelhof-Schöneberg,"333",W,"073V",W,"3","80",974,257,2,254,101,39.7637795275591,62,24.4094488188976,38,14.9606299212598,13,5.11811023622047,17,6.69291338582677,9,3.54330708661417,14,5.51181102362205
"07W334","07",Tempelhof-Schöneberg,"334",W,"073V",W,"3","80",919,239,2,236,78,33.0508474576271,47,19.9152542372881,33,13.9830508474576,18,7.6271186440678,37,15.6779661016949,10,4.23728813559322,13,5.50847457627119
"07W401","07",Tempelhof-Schöneberg,"401",W,"074A",W,"4","80",1163,511,5,505,121,23.960396039604,93,18.4158415841584,149,29.5049504950495,75,14.8514851485149,11,2.17821782178218,18,3.56435643564356,38,7.52475247524752
"07W402","07",Tempelhof-Schöneberg,"402",W,"074B",W,"4","80",1003,425,3,421,71,16.8646080760095,61,14.4893111638955,155,36.8171021377672,63,14.9643705463183,11,2.61282660332542,13,3.08788598574822,47,11.1638954869359
"07W403","07",Tempelhof-Schöneberg,"403",W,"074B",W,"4","80",985,385,4,380,72,18.9473684210526,66,17.3684210526316,124,32.6315789473684,45,11.8421052631579,22,5.78947368421053,12,3.15789473684211,39,10.2631578947368
"07W404","07",Tempelhof-Schöneberg,"404",W,"074C",W,"4","80",979,374,1,372,72,19.3548387096774,62,16.6666666666667,118,31.7204301075269,49,13.1720430107527,16,4.3010752688172,10,2.68817204301075,45,12.0967741935484
"07W405","07",Tempelhof-Schöneberg,"405",W,"074C",W,"4","80",1033,390,2,387,94,24.2894056847545,69,17.8294573643411,106,27.390180878553,46,11.8863049095607,22,5.68475452196382,13,3.35917312661499,37,9.56072351421188
"07W406","07",Tempelhof-Schöneberg,"406",W,"074D",W,"4","80",1062,357,2,354,111,31.3559322033898,63,17.7966101694915,61,17.2316384180791,33,9.32203389830508,25,7.06214689265537,12,3.38983050847458,49,13.8418079096045
"07W407","07",Tempelhof-Schöneberg,"407",W,"074D",W,"4","80",1058,348,4,344,107,31.1046511627907,71,20.6395348837209,55,15.9883720930233,34,9.88372093023256,18,5.23255813953488,15,4.36046511627907,44,12.7906976744186
"07W408","07",Tempelhof-Schöneberg,"408",W,"074E",W,"4","80",883,296,3,293,84,28.6689419795222,63,21.5017064846416,48,16.382252559727,31,10.580204778157,14,4.77815699658703,12,4.09556313993174,41,13.9931740614334
"07W409","07",Tempelhof-Schöneberg,"409",W,"074E",W,"4","80",1079,317,3,314,98,31.2101910828025,57,18.1528662420382,42,13.3757961783439,30,9.55414012738854,34,10.828025477707,10,3.18471337579618,43,13.6942675159236
"07W410","07",Tempelhof-Schöneberg,"410",W,"074F",W,"4","80",1025,318,5,313,84,26.8370607028754,50,15.9744408945687,67,21.405750798722,28,8.94568690095847,29,9.26517571884984,10,3.19488817891374,45,14.3769968051118
"07W411","07",Tempelhof-Schöneberg,"411",W,"074F",W,"4","80",875,290,4,286,68,23.7762237762238,63,22.027972027972,52,18.1818181818182,33,11.5384615384615,25,8.74125874125874,16,5.59440559440559,29,10.1398601398601
"07W412","07",Tempelhof-Schöneberg,"412",W,"074G",W,"4","80",1115,366,3,363,86,23.6914600550964,76,20.9366391184573,76,20.9366391184573,47,12.9476584022039,24,6.61157024793388,20,5.50964187327824,34,9.366391184573
"07W413","07",Tempelhof-Schöneberg,"413",W,"074H",W,"4","80",978,312,2,310,95,30.6451612903226,61,19.6774193548387,63,20.3225806451613,35,11.2903225806452,17,5.48387096774194,11,3.54838709677419,28,9.03225806451613
"07W414","07",Tempelhof-Schöneberg,"414",W,"074J",W,"4","80",1027,326,6,320,113,35.3125,70,21.875,43,13.4375,24,7.5,31,9.6875,11,3.4375,28,8.75
"07W415","07",Tempelhof-Schöneberg,"415",W,"074H",W,"4","80",837,277,3,274,81,29.5620437956204,56,20.4379562043796,43,15.6934306569343,28,10.2189781021898,29,10.5839416058394,7,2.55474452554745,30,10.9489051094891
"07W416","07",Tempelhof-Schöneberg,"416",W,"074M",W,"4","80",869,285,1,284,66,23.2394366197183,55,19.3661971830986,85,29.9295774647887,27,9.50704225352113,21,7.3943661971831,8,2.8169014084507,22,7.74647887323944
"07W417","07",Tempelhof-Schöneberg,"417",W,"074N",W,"4","80",1101,369,2,367,84,22.8882833787466,70,19.0735694822888,112,30.5177111716621,36,9.80926430517711,25,6.81198910081744,12,3.26975476839237,28,7.62942779291553
"07W418","07",Tempelhof-Schöneberg,"418",W,"074P",W,"4","80",1151,354,1,353,120,33.9943342776204,70,19.8300283286119,45,12.7478753541076,33,9.34844192634561,40,11.3314447592068,12,3.39943342776204,33,9.34844192634561
"07W419","07",Tempelhof-Schöneberg,"419",W,"074R",W,"4","80",1025,258,3,255,75,29.4117647058824,42,16.4705882352941,46,18.0392156862745,35,13.7254901960784,23,9.01960784313725,10,3.92156862745098,24,9.41176470588235
"07W420","07",Tempelhof-Schöneberg,"420",W,"074Q",W,"4","80",910,285,3,282,87,30.8510638297872,58,20.5673758865248,37,13.1205673758865,29,10.2836879432624,38,13.4751773049645,7,2.4822695035461,26,9.21985815602837
"07W421","07",Tempelhof-Schöneberg,"421",W,"074Q",W,"4","80",1099,396,4,392,88,22.4489795918367,76,19.3877551020408,120,30.6122448979592,44,11.2244897959184,14,3.57142857142857,15,3.8265306122449,35,8.92857142857143
"07W422","07",Tempelhof-Schöneberg,"422",W,"074M",W,"4","80",1060,382,2,380,77,20.2631578947368,70,18.4210526315789,111,29.2105263157895,40,10.5263157894737,23,6.05263157894737,15,3.94736842105263,44,11.5789473684211
"07W423","07",Tempelhof-Schöneberg,"423",W,"074J",W,"4","80",845,278,3,275,67,24.3636363636364,51,18.5454545454545,72,26.1818181818182,33,12,15,5.45454545454545,8,2.90909090909091,29,10.5454545454545
"07W424","07",Tempelhof-Schöneberg,"424",W,"074K",W,"4","80",1083,355,3,352,79,22.4431818181818,67,19.0340909090909,91,25.8522727272727,44,12.5,20,5.68181818181818,17,4.82954545454545,34,9.65909090909091
"07W425","07",Tempelhof-Schöneberg,"425",W,"074L",W,"4","80",1088,368,3,365,77,21.0958904109589,74,20.2739726027397,89,24.3835616438356,44,12.0547945205479,25,6.84931506849315,13,3.56164383561644,43,11.7808219178082
"07W426","07",Tempelhof-Schöneberg,"426",W,"074S",W,"4","80",836,311,2,309,64,20.7119741100324,54,17.4757281553398,103,33.3333333333333,31,10.0323624595469,17,5.50161812297735,16,5.17799352750809,24,7.76699029126214
"07W427","07",Tempelhof-Schöneberg,"427",W,"074R",W,"4","80",1012,279,4,275,76,27.6363636363636,61,22.1818181818182,31,11.2727272727273,28,10.1818181818182,42,15.2727272727273,7,2.54545454545455,30,10.9090909090909
"07W428","07",Tempelhof-Schöneberg,"428",W,"074T",W,"4","80",1036,276,4,272,84,30.8823529411765,55,20.2205882352941,33,12.1323529411765,22,8.08823529411765,33,12.1323529411765,11,4.04411764705882,34,12.5
"07W429","07",Tempelhof-Schöneberg,"429",W,"074S",W,"4","80",1097,330,3,327,89,27.217125382263,64,19.5718654434251,68,20.7951070336391,36,11.0091743119266,31,9.48012232415902,12,3.6697247706422,27,8.25688073394496
"07W430","07",Tempelhof-Schöneberg,"430",W,"074U",W,"4","80",976,318,4,314,72,22.9299363057325,53,16.8789808917197,81,25.796178343949,39,12.4203821656051,23,7.32484076433121,18,5.73248407643312,28,8.9171974522293
"07W431","07",Tempelhof-Schöneberg,"431",W,"074U",W,"4","80",1000,278,3,275,75,27.2727272727273,44,16,61,22.1818181818182,30,10.9090909090909,29,10.5454545454545,13,4.72727272727273,23,8.36363636363636
"07W432","07",Tempelhof-Schöneberg,"432",W,"074T",W,"4","80",971,223,2,221,69,31.2217194570136,45,20.3619909502262,32,14.4796380090498,20,9.04977375565611,31,14.027149321267,7,3.16742081447964,17,7.69230769230769
"07W501","07",Tempelhof-Schöneberg,"501",W,"075A",W,"5","80",1042,350,7,342,82,23.9766081871345,55,16.0818713450292,46,13.4502923976608,56,16.374269005848,36,10.5263157894737,10,2.92397660818713,57,16.6666666666667
"07W502","07",Tempelhof-Schöneberg,"502",W,"075A",W,"5","80",913,277,5,271,52,19.1881918819188,49,18.0811808118081,51,18.8191881918819,42,15.4981549815498,23,8.48708487084871,10,3.690036900369,44,16.2361623616236
"07W503","07",Tempelhof-Schöneberg,"503",W,"075B",W,"5","80",989,335,2,332,125,37.6506024096386,63,18.9759036144578,33,9.93975903614458,18,5.42168674698795,39,11.7469879518072,15,4.51807228915663,39,11.7469879518072
"07W504","07",Tempelhof-Schöneberg,"504",W,"075C",W,"5","80",900,324,6,317,124,39.1167192429022,70,22.0820189274448,23,7.25552050473186,20,6.30914826498423,29,9.14826498422713,14,4.41640378548896,37,11.6719242902208
"07W505","07",Tempelhof-Schöneberg,"505",W,"075D",W,"5","80",836,206,1,204,68,33.3333333333333,35,17.156862745098,33,16.1764705882353,15,7.35294117647059,21,10.2941176470588,8,3.92156862745098,24,11.7647058823529
"07W506","07",Tempelhof-Schöneberg,"506",W,"075F",W,"5","80",1070,279,2,276,100,36.231884057971,49,17.7536231884058,39,14.1304347826087,24,8.69565217391304,24,8.69565217391304,10,3.6231884057971,30,10.8695652173913
"07W507","07",Tempelhof-Schöneberg,"507",W,"075E",W,"5","80",1205,376,3,373,93,24.9329758713137,76,20.3753351206434,68,18.230563002681,35,9.38337801608579,49,13.1367292225201,7,1.87667560321716,45,12.0643431635389
"07W508","07",Tempelhof-Schöneberg,"508",W,"075D",W,"5","80",1118,339,11,328,117,35.6707317073171,74,22.5609756097561,30,9.14634146341463,27,8.23170731707317,27,8.23170731707317,18,5.48780487804878,35,10.6707317073171
"07W509","07",Tempelhof-Schöneberg,"509",W,"075L",W,"5","80",850,290,6,283,95,33.5689045936396,55,19.434628975265,32,11.3074204946996,15,5.30035335689046,26,9.18727915194346,14,4.9469964664311,46,16.2544169611307
"07W510","07",Tempelhof-Schöneberg,"510",W,"075L",W,"5","80",1016,335,5,329,107,32.5227963525836,61,18.5410334346505,42,12.7659574468085,25,7.59878419452887,27,8.20668693009119,17,5.16717325227964,50,15.1975683890577
"07W511","07",Tempelhof-Schöneberg,"511",W,"075K",W,"5","80",1042,346,3,343,119,34.6938775510204,65,18.9504373177843,47,13.7026239067055,28,8.16326530612245,27,7.87172011661808,16,4.66472303206997,41,11.9533527696793
"07W512","07",Tempelhof-Schöneberg,"512",W,"075J",W,"5","80",1295,363,3,360,138,38.3333333333333,75,20.8333333333333,26,7.22222222222222,22,6.11111111111111,44,12.2222222222222,12,3.33333333333333,43,11.9444444444444
"07W513","07",Tempelhof-Schöneberg,"513",W,"075H",W,"5","80",1053,338,2,336,112,33.3333333333333,67,19.9404761904762,47,13.9880952380952,30,8.92857142857143,30,8.92857142857143,14,4.16666666666667,36,10.7142857142857
"07W514","07",Tempelhof-Schöneberg,"514",W,"075G",W,"5","80",1104,336,2,334,107,32.0359281437126,70,20.9580838323353,42,12.5748502994012,36,10.7784431137725,34,10.1796407185629,12,3.59281437125748,33,9.88023952095808
"07W515","07",Tempelhof-Schöneberg,"515",W,"075G",W,"5","80",869,268,4,264,98,37.1212121212121,46,17.4242424242424,34,12.8787878787879,13,4.92424242424242,32,12.1212121212121,10,3.78787878787879,31,11.7424242424242
"07W516","07",Tempelhof-Schöneberg,"516",W,"075F",W,"5","80",906,275,4,271,100,36.90036900369,48,17.7121771217712,35,12.9151291512915,14,5.16605166051661,33,12.1771217712177,10,3.690036900369,31,11.4391143911439
"07W517","07",Tempelhof-Schöneberg,"517",W,"075C",W,"5","80",815,263,4,259,104,40.1544401544402,48,18.5328185328185,27,10.4247104247104,13,5.01930501930502,28,10.8108108108108,11,4.24710424710425,28,10.8108108108108
"07W518","07",Tempelhof-Schöneberg,"518",W,"075R",W,"5","80",883,285,3,282,116,41.1347517730496,56,19.8581560283688,31,10.9929078014184,15,5.31914893617021,31,10.9929078014184,12,4.25531914893617,21,7.4468085106383
"07W519","07",Tempelhof-Schöneberg,"519",W,"075B",W,"5","80",798,294,3,291,108,37.1134020618557,54,18.5567010309278,30,10.3092783505155,18,6.18556701030928,42,14.4329896907216,12,4.12371134020619,27,9.27835051546392
"07W520","07",Tempelhof-Schöneberg,"520",W,"075S",W,"5","80",981,364,4,360,130,36.1111111111111,61,16.9444444444444,33,9.16666666666667,21,5.83333333333333,61,16.9444444444444,13,3.61111111111111,41,11.3888888888889
"07W521","07",Tempelhof-Schöneberg,"521",W,"075R",W,"5","80",1050,401,2,399,152,38.0952380952381,82,20.5513784461153,52,13.0325814536341,24,6.01503759398496,31,7.76942355889724,20,5.0125313283208,38,9.52380952380952
"07W522","07",Tempelhof-Schöneberg,"522",W,"075Q",W,"5","80",857,275,3,272,103,37.8676470588235,52,19.1176470588235,32,11.7647058823529,25,9.19117647058824,25,9.19117647058824,15,5.51470588235294,20,7.35294117647059
"07W523","07",Tempelhof-Schöneberg,"523",W,"075Q",W,"5","80",995,292,6,286,96,33.5664335664336,56,19.5804195804196,42,14.6853146853147,21,7.34265734265734,36,12.5874125874126,18,6.29370629370629,17,5.94405594405594
"07W524","07",Tempelhof-Schöneberg,"524",W,"075M",W,"5","80",955,275,3,272,93,34.1911764705882,52,19.1176470588235,39,14.3382352941176,25,9.19117647058824,24,8.82352941176471,14,5.14705882352941,25,9.19117647058824
"07W525","07",Tempelhof-Schöneberg,"525",W,"075M",W,"5","80",750,223,5,218,70,32.1100917431193,33,15.1376146788991,27,12.3853211009174,26,11.9266055045872,22,10.0917431192661,12,5.5045871559633,28,12.8440366972477
"07W526","07",Tempelhof-Schöneberg,"526",W,"075N",W,"5","80",731,221,2,219,73,33.3333333333333,46,21.0045662100457,35,15.9817351598174,15,6.84931506849315,18,8.21917808219178,11,5.02283105022831,21,9.58904109589041
"07W527","07",Tempelhof-Schöneberg,"527",W,"075P",W,"5","80",1037,329,6,323,126,39.0092879256966,70,21.671826625387,37,11.4551083591331,19,5.88235294117647,38,11.7647058823529,14,4.3343653250774,19,5.88235294117647
"07W528","07",Tempelhof-Schöneberg,"528",W,"075N",W,"5","80",1061,332,5,327,130,39.7553516819572,70,21.4067278287462,22,6.72782874617737,21,6.42201834862385,45,13.7614678899083,16,4.89296636085627,23,7.03363914373089
"07W529","07",Tempelhof-Schöneberg,"529",W,"075P",W,"5","80",868,259,7,252,88,34.9206349206349,51,20.2380952380952,27,10.7142857142857,16,6.34920634920635,39,15.4761904761905,9,3.57142857142857,22,8.73015873015873
"07W530","07",Tempelhof-Schöneberg,"530",W,"075T",W,"5","80",997,279,2,277,122,44.043321299639,52,18.7725631768953,29,10.4693140794224,11,3.97111913357401,33,11.913357400722,21,7.5812274368231,9,3.24909747292419
"07W531","07",Tempelhof-Schöneberg,"531",W,"075S",W,"5","80",1042,288,3,285,111,38.9473684210526,65,22.8070175438596,26,9.12280701754386,14,4.91228070175439,35,12.280701754386,24,8.42105263157895,10,3.50877192982456
"07W532","07",Tempelhof-Schöneberg,"532",W,"075U",W,"5","80",810,245,1,244,113,46.3114754098361,47,19.2622950819672,23,9.42622950819672,9,3.68852459016393,26,10.655737704918,15,6.14754098360656,11,4.50819672131148
"07W533","07",Tempelhof-Schöneberg,"533",W,"075T",W,"5","80",789,363,5,358,176,49.1620111731844,97,27.0949720670391,19,5.3072625698324,9,2.51396648044693,31,8.65921787709497,14,3.91061452513966,12,3.35195530726257
"07W534","07",Tempelhof-Schöneberg,"534",W,"075U",W,"5","80",908,346,4,342,166,48.5380116959064,88,25.7309941520468,22,6.4327485380117,10,2.92397660818713,35,10.233918128655,14,4.09356725146199,7,2.04678362573099
"07W601","07",Tempelhof-Schöneberg,"601",W,"076A",W,"6","80",1144,328,5,321,129,40.1869158878505,84,26.1682242990654,25,7.78816199376947,14,4.3613707165109,32,9.96884735202492,19,5.9190031152648,18,5.60747663551402
"07W602","07",Tempelhof-Schöneberg,"602",W,"076D",W,"6","80",1118,458,5,451,203,45.0110864745011,73,16.1862527716186,35,7.76053215077605,19,4.21286031042129,55,12.1951219512195,12,2.66075388026608,54,11.9733924611973
"07W603","07",Tempelhof-Schöneberg,"603",W,"076B",W,"6","80",1084,378,3,373,156,41.8230563002681,64,17.1581769436997,58,15.5495978552279,8,2.14477211796247,36,9.6514745308311,11,2.94906166219839,40,10.7238605898123
"07W604","07",Tempelhof-Schöneberg,"604",W,"076B",W,"6","80",836,344,3,339,154,45.4277286135693,67,19.76401179941,40,11.7994100294985,11,3.24483775811209,19,5.6047197640118,16,4.71976401179941,32,9.43952802359882
"07W605","07",Tempelhof-Schöneberg,"605",W,"076C",W,"6","80",1046,351,4,345,151,43.768115942029,69,20,33,9.56521739130435,15,4.34782608695652,26,7.53623188405797,20,5.79710144927536,31,8.98550724637681
"07W606","07",Tempelhof-Schöneberg,"606",W,"076C",W,"6","80",997,285,7,276,115,41.6666666666667,59,21.3768115942029,27,9.78260869565217,12,4.34782608695652,27,9.78260869565217,12,4.34782608695652,24,8.69565217391304
"07W607","07",Tempelhof-Schöneberg,"607",W,"076E",W,"6","80",1028,383,4,378,182,48.1481481481481,72,19.047619047619,16,4.23280423280423,29,7.67195767195767,33,8.73015873015873,13,3.43915343915344,33,8.73015873015873
"07W608","07",Tempelhof-Schöneberg,"608",W,"076E",W,"6","80",858,329,5,323,162,50.1547987616099,52,16.0990712074303,30,9.28792569659443,16,4.95356037151703,24,7.43034055727554,18,5.57275541795666,21,6.5015479876161
"07W609","07",Tempelhof-Schöneberg,"609",W,"076F",W,"6","80",918,314,2,311,126,40.5144694533762,59,18.9710610932476,35,11.2540192926045,11,3.53697749196141,33,10.6109324758842,19,6.10932475884244,28,9.0032154340836
"07W610","07",Tempelhof-Schöneberg,"610",W,"076F",W,"6","80",1085,408,7,399,167,41.8546365914787,79,19.7994987468672,46,11.5288220551378,19,4.76190476190476,25,6.265664160401,31,7.76942355889724,32,8.02005012531328
"07W611","07",Tempelhof-Schöneberg,"611",W,"076G",W,"6","80",1083,402,6,395,161,40.7594936708861,74,18.7341772151899,23,5.82278481012658,15,3.79746835443038,56,14.1772151898734,20,5.06329113924051,46,11.6455696202532
"07W612","07",Tempelhof-Schöneberg,"612",W,"076G",W,"6","80",915,334,2,331,133,40.1812688821752,66,19.9395770392749,38,11.4803625377643,14,4.22960725075529,29,8.76132930513595,23,6.94864048338369,28,8.45921450151057
"07W613","07",Tempelhof-Schöneberg,"613",W,"076H",W,"6","80",902,324,2,321,159,49.5327102803738,54,16.8224299065421,38,11.8380062305296,12,3.73831775700935,22,6.85358255451713,21,6.54205607476635,15,4.67289719626168
"07W614","07",Tempelhof-Schöneberg,"614",W,"076H",W,"6","80",952,369,2,366,145,39.6174863387978,76,20.7650273224044,42,11.4754098360656,17,4.6448087431694,31,8.46994535519126,26,7.10382513661202,29,7.92349726775956
"07W615","07",Tempelhof-Schöneberg,"615",W,"076J",W,"6","80",1008,358,4,353,153,43.342776203966,49,13.8810198300283,23,6.51558073654391,17,4.81586402266289,51,14.4475920679887,13,3.68271954674221,47,13.314447592068
"07W616","07",Tempelhof-Schöneberg,"616",W,"076J",W,"6","80",937,296,7,288,124,43.0555555555556,49,17.0138888888889,25,8.68055555555556,15,5.20833333333333,39,13.5416666666667,11,3.81944444444444,25,8.68055555555556
"07W617","07",Tempelhof-Schöneberg,"617",W,"076K",W,"6","80",1093,308,4,303,128,42.2442244224422,58,19.1419141914191,20,6.6006600660066,15,4.95049504950495,46,15.1815181518152,12,3.96039603960396,24,7.92079207920792
"07W618","07",Tempelhof-Schöneberg,"618",W,"076K",W,"6","80",838,246,4,241,107,44.3983402489627,44,18.2572614107884,20,8.29875518672199,12,4.9792531120332,33,13.6929460580913,8,3.3195020746888,17,7.05394190871369
"07W619","07",Tempelhof-Schöneberg,"619",W,"076Q",W,"6","80",1121,390,9,379,149,39.3139841688654,78,20.5804749340369,20,5.27704485488127,19,5.0131926121372,65,17.1503957783641,19,5.0131926121372,29,7.65171503957784
"07W620","07",Tempelhof-Schöneberg,"620",W,"076M",W,"6","80",905,270,7,262,95,36.2595419847328,62,23.6641221374046,15,5.72519083969466,17,6.48854961832061,42,16.030534351145,4,1.52671755725191,27,10.3053435114504
"07W621","07",Tempelhof-Schöneberg,"621",W,"076M",W,"6","80",1008,262,3,258,92,35.6589147286822,49,18.9922480620155,15,5.81395348837209,16,6.2015503875969,57,22.093023255814,11,4.26356589147287,18,6.97674418604651
"07W622","07",Tempelhof-Schöneberg,"622",W,"076L",W,"6","80",767,212,3,208,79,37.9807692307692,41,19.7115384615385,9,4.32692307692308,12,5.76923076923077,38,18.2692307692308,10,4.80769230769231,19,9.13461538461538
"07W623","07",Tempelhof-Schöneberg,"623",W,"076L",W,"6","80",1093,328,3,324,120,37.037037037037,53,16.358024691358,18,5.55555555555556,19,5.8641975308642,92,28.3950617283951,9,2.77777777777778,13,4.01234567901235
"07W624","07",Tempelhof-Schöneberg,"624",W,"076N",W,"6","80",847,221,3,217,84,38.7096774193548,45,20.7373271889401,8,3.68663594470046,11,5.06912442396313,51,23.5023041474654,7,3.2258064516129,11,5.06912442396313
"07W625","07",Tempelhof-Schöneberg,"625",W,"076P",W,"6","80",1078,327,1,325,140,43.0769230769231,67,20.6153846153846,15,4.61538461538462,16,4.92307692307692,51,15.6923076923077,17,5.23076923076923,19,5.84615384615385
"07W626","07",Tempelhof-Schöneberg,"626",W,"076N",W,"6","80",1112,282,5,276,90,32.6086956521739,46,16.6666666666667,20,7.2463768115942,21,7.60869565217391,70,25.3623188405797,10,3.6231884057971,19,6.88405797101449
"07W627","07",Tempelhof-Schöneberg,"627",W,"076P",W,"6","80",867,240,3,236,95,40.2542372881356,51,21.6101694915254,16,6.77966101694915,15,6.35593220338983,41,17.3728813559322,9,3.8135593220339,9,3.8135593220339
"07W628","07",Tempelhof-Schöneberg,"628",W,"076Q",W,"6","80",804,282,5,276,115,41.6666666666667,62,22.463768115942,31,11.231884057971,12,4.34782608695652,35,12.6811594202899,14,5.07246376811594,7,2.53623188405797
"07W629","07",Tempelhof-Schöneberg,"629",W,"076R",W,"6","80",948,354,2,351,159,45.2991452991453,69,19.6581196581197,49,13.960113960114,10,2.84900284900285,32,9.11680911680912,22,6.26780626780627,10,2.84900284900285
"07W630","07",Tempelhof-Schöneberg,"630",W,"076R",W,"6","80",972,294,2,291,139,47.766323024055,59,20.2749140893471,38,13.0584192439863,7,2.40549828178694,25,8.59106529209622,16,5.49828178694158,7,2.40549828178694
"07W631","07",Tempelhof-Schöneberg,"631",W,"076S",W,"6","80",1134,412,0,411,205,49.8783454987835,69,16.7883211678832,50,12.1654501216545,14,3.40632603406326,34,8.27250608272506,21,5.10948905109489,18,4.37956204379562
"07W632","07",Tempelhof-Schöneberg,"632",W,"076T",W,"6","80",1021,317,1,315,155,49.2063492063492,60,19.047619047619,36,11.4285714285714,10,3.17460317460317,28,8.88888888888889,13,4.12698412698413,13,4.12698412698413
"07W701","07",Tempelhof-Schöneberg,"701",W,"077A",W,"7","80",925,338,3,334,157,47.0059880239521,54,16.1676646706587,28,8.38323353293413,9,2.69461077844311,34,10.1796407185629,22,6.58682634730539,30,8.98203592814371
"07W702","07",Tempelhof-Schöneberg,"702",W,"077A",W,"7","80",861,377,7,369,188,50.9485094850949,47,12.7371273712737,30,8.13008130081301,12,3.2520325203252,31,8.40108401084011,26,7.04607046070461,35,9.48509485094851
"07W703","07",Tempelhof-Schöneberg,"703",W,"077B",W,"7","80",831,327,2,324,165,50.9259259259259,55,16.9753086419753,24,7.40740740740741,12,3.7037037037037,21,6.48148148148148,16,4.93827160493827,31,9.5679012345679
"07W704","07",Tempelhof-Schöneberg,"704",W,"077C",W,"7","80",963,352,1,350,180,51.4285714285714,61,17.4285714285714,25,7.14285714285714,12,3.42857142857143,28,8,16,4.57142857142857,28,8
"07W705","07",Tempelhof-Schöneberg,"705",W,"077D",W,"7","80",1014,406,4,401,189,47.1321695760599,80,19.9501246882793,27,6.73316708229426,10,2.49376558603491,46,11.4713216957606,18,4.48877805486284,31,7.73067331670823
"07W706","07",Tempelhof-Schöneberg,"706",W,"077D",W,"7","80",1049,368,4,363,149,41.0468319559229,68,18.732782369146,31,8.53994490358127,19,5.23415977961433,40,11.0192837465565,22,6.06060606060606,34,9.366391184573
"07W707","07",Tempelhof-Schöneberg,"707",W,"077E",W,"7","80",1054,396,3,392,181,46.1734693877551,63,16.0714285714286,48,12.2448979591837,14,3.57142857142857,38,9.69387755102041,24,6.12244897959184,24,6.12244897959184
"07W708","07",Tempelhof-Schöneberg,"708",W,"077F",W,"7","80",1093,412,3,408,193,47.3039215686275,64,15.6862745098039,34,8.33333333333333,12,2.94117647058824,47,11.5196078431373,26,6.37254901960784,32,7.84313725490196
"07W709","07",Tempelhof-Schöneberg,"709",W,"077C",W,"7","80",1045,344,3,340,159,46.7647058823529,60,17.6470588235294,22,6.47058823529412,13,3.82352941176471,48,14.1176470588235,16,4.70588235294118,22,6.47058823529412
"07W710","07",Tempelhof-Schöneberg,"710",W,"077B",W,"7","80",1066,380,4,375,160,42.6666666666667,79,21.0666666666667,14,3.73333333333333,17,4.53333333333333,50,13.3333333333333,21,5.6,34,9.06666666666667
"07W711","07",Tempelhof-Schöneberg,"711",W,"077G",W,"7","80",992,344,3,340,168,49.4117647058824,59,17.3529411764706,21,6.17647058823529,13,3.82352941176471,39,11.4705882352941,18,5.29411764705882,22,6.47058823529412
"07W712","07",Tempelhof-Schöneberg,"712",W,"077G",W,"7","80",1048,387,3,383,197,51.4360313315927,61,15.9268929503916,25,6.52741514360313,11,2.87206266318538,44,11.4882506527415,22,5.74412532637076,23,6.00522193211488
"07W713","07",Tempelhof-Schöneberg,"713",W,"077J",W,"7","80",1081,362,7,355,136,38.3098591549296,65,18.3098591549296,37,10.4225352112676,26,7.32394366197183,37,10.4225352112676,24,6.76056338028169,30,8.45070422535211
"07W714","07",Tempelhof-Schöneberg,"714",W,"077H",W,"7","80",1006,292,1,291,117,40.2061855670103,60,20.6185567010309,17,5.84192439862543,18,6.18556701030928,41,14.0893470790378,11,3.78006872852234,27,9.27835051546392
"07W715","07",Tempelhof-Schöneberg,"715",W,"077H",W,"7","80",1059,367,10,357,161,45.0980392156863,77,21.5686274509804,21,5.88235294117647,12,3.36134453781513,40,11.2044817927171,21,5.88235294117647,25,7.00280112044818
"07W716","07",Tempelhof-Schöneberg,"716",W,"077J",W,"7","80",930,271,3,268,111,41.4179104477612,51,19.0298507462687,22,8.2089552238806,15,5.59701492537313,40,14.9253731343284,14,5.22388059701492,15,5.59701492537313
"07W717","07",Tempelhof-Schöneberg,"717",W,"077K",W,"7","80",970,265,1,264,98,37.1212121212121,43,16.2878787878788,13,4.92424242424242,12,4.54545454545455,64,24.2424242424242,6,2.27272727272727,28,10.6060606060606
"07W718","07",Tempelhof-Schöneberg,"718",W,"077K",W,"7","80",1053,338,5,333,146,43.8438438438438,63,18.9189189189189,31,9.30930930930931,14,4.2042042042042,40,12.012012012012,20,6.00600600600601,19,5.70570570570571
"07W719","07",Tempelhof-Schöneberg,"719",W,"077L",W,"7","80",1035,308,5,303,131,43.2343234323432,57,18.8118811881188,24,7.92079207920792,16,5.28052805280528,39,12.8712871287129,14,4.62046204620462,22,7.26072607260726
"07W720","07",Tempelhof-Schöneberg,"720",W,"077L",W,"7","80",1055,325,6,319,114,35.7366771159875,58,18.1818181818182,26,8.15047021943574,19,5.95611285266458,58,18.1818181818182,17,5.32915360501567,27,8.46394984326019
"07W721","07",Tempelhof-Schöneberg,"721",W,"077M",W,"7","80",1285,400,12,387,139,35.9173126614987,77,19.8966408268734,15,3.87596899224806,20,5.16795865633075,64,16.5374677002584,19,4.90956072351421,53,13.6950904392765
"07W722","07",Tempelhof-Schöneberg,"722",W,"077N",W,"7","80",1077,426,3,423,194,45.8628841607565,73,17.25768321513,64,15.1300236406619,13,3.07328605200946,32,7.56501182033097,26,6.14657210401891,21,4.9645390070922
"07W723","07",Tempelhof-Schöneberg,"723",W,"077P",W,"7","80",1073,395,2,393,161,40.9669211195929,81,20.6106870229008,58,14.7582697201018,16,4.07124681933842,33,8.3969465648855,25,6.36132315521628,19,4.83460559796438
"07W724","07",Tempelhof-Schöneberg,"724",W,"077N",W,"7","80",808,352,4,348,154,44.2528735632184,68,19.5402298850575,40,11.4942528735632,16,4.59770114942529,24,6.89655172413793,21,6.03448275862069,25,7.18390804597701
"07W725","07",Tempelhof-Schöneberg,"725",W,"077Q",W,"7","80",886,314,3,311,139,44.6945337620579,56,18.0064308681672,38,12.2186495176849,14,4.5016077170418,27,8.68167202572347,17,5.46623794212219,20,6.43086816720257
"07W726","07",Tempelhof-Schöneberg,"726",W,"077Q",W,"7","80",1011,369,2,367,158,43.0517711171662,69,18.8010899182561,55,14.9863760217984,14,3.81471389645777,26,7.08446866485014,23,6.26702997275204,22,5.99455040871935
"07W727","07",Tempelhof-Schöneberg,"727",W,"077R",W,"7","80",694,293,1,292,124,42.4657534246575,62,21.2328767123288,50,17.1232876712329,10,3.42465753424658,12,4.10958904109589,21,7.19178082191781,13,4.45205479452055
"07W728","07",Tempelhof-Schöneberg,"728",W,"077R",W,"7","80",872,327,1,326,157,48.159509202454,51,15.6441717791411,45,13.8036809815951,12,3.68098159509202,30,9.20245398773006,16,4.9079754601227,15,4.60122699386503
"07W729","07",Tempelhof-Schöneberg,"729",W,"077P",W,"7","80",857,302,2,300,136,45.3333333333333,52,17.3333333333333,34,11.3333333333333,11,3.66666666666667,37,12.3333333333333,18,6,12,4
"07W730","07",Tempelhof-Schöneberg,"730",W,"077S",W,"7","80",962,320,3,317,146,46.0567823343849,60,18.9274447949527,22,6.94006309148265,10,3.15457413249211,51,16.0883280757098,15,4.73186119873817,13,4.10094637223975
"07W731","07",Tempelhof-Schöneberg,"731",W,"077S",W,"7","80",983,320,1,319,140,43.8871473354232,68,21.3166144200627,32,10.0313479623824,13,4.07523510971787,34,10.6583072100313,18,5.64263322884013,14,4.38871473354232
"07W732","07",Tempelhof-Schöneberg,"732",W,"077T",W,"7","80",803,270,1,269,117,43.4944237918216,63,23.4200743494424,24,8.92193308550186,9,3.3457249070632,29,10.7806691449814,20,7.43494423791822,7,2.60223048327138
"07W733","07",Tempelhof-Schöneberg,"733",W,"077T",W,"7","80",728,257,2,255,118,46.2745098039216,43,16.8627450980392,14,5.49019607843137,6,2.35294117647059,46,18.0392156862745,10,3.92156862745098,18,7.05882352941176
"08B1A","08",Neukölln,1A,B,"081A",W,"1","81",0,347,2,344,17,4.94186046511628,66,19.1860465116279,132,38.3720930232558,74,21.5116279069767,6,1.74418604651163,4,1.16279069767442,45,13.0813953488372
"08B1B","08",Neukölln,1B,B,"081B",W,"1","81",0,358,2,355,24,6.76056338028169,37,10.4225352112676,156,43.943661971831,62,17.4647887323944,8,2.25352112676056,14,3.94366197183099,54,15.2112676056338
"08B1C","08",Neukölln,1C,B,"081C",W,"1","81",0,591,6,584,36,6.16438356164384,85,14.5547945205479,246,42.1232876712329,132,22.6027397260274,2,0.342465753424658,9,1.54109589041096,74,12.6712328767123
"08B1D","08",Neukölln,1D,B,"081D",W,"1","81",0,539,4,534,41,7.67790262172285,54,10.1123595505618,238,44.5692883895131,125,23.4082397003745,10,1.87265917602996,13,2.43445692883895,53,9.9250936329588
"08B1E","08",Neukölln,1E,B,"081E",W,"1","81",0,569,1,567,45,7.93650793650794,76,13.4038800705467,271,47.7954144620811,108,19.047619047619,5,0.881834215167548,17,2.99823633156966,45,7.93650793650794
"08B1F","08",Neukölln,1F,B,"081F",W,"1","81",0,518,2,515,46,8.93203883495146,64,12.4271844660194,235,45.6310679611651,100,19.4174757281553,6,1.16504854368932,12,2.33009708737864,52,10.0970873786408
"08B1G","08",Neukölln,1G,B,"081G",W,"1","81",0,520,1,519,58,11.1753371868979,81,15.606936416185,215,41.4258188824663,109,21.0019267822736,9,1.73410404624277,11,2.11946050096339,36,6.9364161849711
"08B1H","08",Neukölln,1H,B,"081H",W,"1","81",0,542,3,539,54,10.0185528756957,81,15.0278293135436,198,36.734693877551,132,24.4897959183673,7,1.2987012987013,6,1.11317254174397,61,11.317254174397
"08B1J","08",Neukölln,1J,B,"081J",W,"1","81",0,654,3,651,88,13.5176651305684,107,16.4362519201229,213,32.7188940092166,141,21.6589861751152,15,2.30414746543779,17,2.61136712749616,70,10.752688172043
"08B1K","08",Neukölln,1K,B,"081K",W,"1","81",0,568,1,567,85,14.9911816578483,75,13.2275132275132,199,35.0970017636684,136,23.9858906525573,18,3.17460317460317,13,2.29276895943563,41,7.2310405643739
"08B1L","08",Neukölln,1L,B,"081L",W,"1","81",0,478,3,475,62,13.0526315789474,66,13.8947368421053,149,31.3684210526316,123,25.8947368421053,25,5.26315789473684,12,2.52631578947368,38,8
"08B1M","08",Neukölln,1M,B,"081M",W,"1","81",0,374,2,372,58,15.5913978494624,56,15.0537634408602,124,33.3333333333333,93,25,6,1.61290322580645,9,2.41935483870968,26,6.98924731182796
"08B1N","08",Neukölln,1N,B,"081N",W,"1","81",0,562,0,562,62,11.0320284697509,79,14.0569395017794,210,37.3665480427046,127,22.5978647686833,20,3.55871886120996,8,1.42348754448399,56,9.9644128113879
"08B1P","08",Neukölln,1P,B,"081P",W,"1","81",0,301,0,301,25,8.30564784053156,39,12.9568106312292,136,45.1827242524917,77,25.5813953488372,6,1.99335548172757,3,0.996677740863787,15,4.98338870431894
"08B1Q","08",Neukölln,1Q,B,"081Q",W,"1","81",0,276,0,276,44,15.9420289855072,54,19.5652173913043,70,25.3623188405797,66,23.9130434782609,16,5.79710144927536,6,2.17391304347826,20,7.2463768115942
"08B1R","08",Neukölln,1R,B,"081R",W,"1","81",0,259,0,258,15,5.81395348837209,31,12.015503875969,107,41.4728682170543,67,25.968992248062,9,3.48837209302326,1,0.387596899224806,28,10.8527131782946
"08B1S","08",Neukölln,1S,B,"081S",W,"1","81",0,305,0,304,25,8.22368421052632,43,14.1447368421053,130,42.7631578947368,71,23.3552631578947,9,2.96052631578947,6,1.97368421052632,20,6.57894736842105
"08B1T","08",Neukölln,1T,B,"081T",W,"1","81",0,395,0,394,41,10.4060913705584,63,15.989847715736,141,35.7868020304569,97,24.6192893401015,10,2.53807106598985,2,0.50761421319797,40,10.1522842639594
"08B1U","08",Neukölln,1U,B,"081U",W,"1","81",0,360,2,357,88,24.6498599439776,71,19.8879551820728,59,16.5266106442577,47,13.1652661064426,33,9.2436974789916,8,2.24089635854342,51,14.2857142857143
"08B1V","08",Neukölln,1V,B,"081V",W,"1","81",0,241,0,240,23,9.58333333333333,33,13.75,96,40,59,24.5833333333333,9,3.75,3,1.25,17,7.08333333333333
"08B2A","08",Neukölln,2A,B,"082A",W,"2","81",0,442,3,439,30,6.83371298405467,49,11.1617312072893,162,36.9020501138952,106,24.1457858769932,7,1.59453302961276,13,2.96127562642369,72,16.4009111617312
"08B2B","08",Neukölln,2B,B,"082B",W,"2","81",0,555,4,551,35,6.35208711433757,78,14.1560798548094,234,42.4682395644283,119,21.5970961887477,10,1.81488203266788,10,1.81488203266788,65,11.7967332123412
"08B2C","08",Neukölln,2C,B,"082C",W,"2","81",0,350,1,349,32,9.16905444126074,48,13.7535816618911,152,43.5530085959885,68,19.4842406876791,6,1.71919770773639,10,2.86532951289398,33,9.45558739255014
"08B2D","08",Neukölln,2D,B,"082D",W,"2","81",0,317,1,316,37,11.7088607594937,52,16.4556962025316,120,37.9746835443038,67,21.2025316455696,5,1.58227848101266,6,1.89873417721519,29,9.17721518987342
"08B2E","08",Neukölln,2E,B,"082E",W,"2","81",0,409,4,405,38,9.38271604938272,71,17.5308641975309,135,33.3333333333333,100,24.6913580246914,14,3.45679012345679,5,1.23456790123457,42,10.3703703703704
"08B2F","08",Neukölln,2F,B,"082F",W,"2","81",0,461,2,459,48,10.4575163398693,59,12.8540305010893,202,44.0087145969499,102,22.2222222222222,6,1.30718954248366,3,0.65359477124183,39,8.49673202614379
"08B2G","08",Neukölln,2G,B,"082G",W,"2","81",0,283,4,279,25,8.96057347670251,38,13.6200716845878,101,36.2007168458781,49,17.5627240143369,10,3.584229390681,6,2.1505376344086,50,17.921146953405
"08B2H","08",Neukölln,2H,B,"082H",W,"2","81",0,272,2,270,15,5.55555555555556,26,9.62962962962963,118,43.7037037037037,70,25.9259259259259,5,1.85185185185185,9,3.33333333333333,27,10
"08B2J","08",Neukölln,2J,B,"082J",W,"2","81",0,329,3,326,39,11.9631901840491,49,15.0306748466258,124,38.0368098159509,72,22.0858895705521,6,1.84049079754601,9,2.76073619631902,27,8.28220858895705
"08B2K","08",Neukölln,2K,B,"082K",W,"2","81",0,287,1,286,40,13.986013986014,48,16.7832167832168,111,38.8111888111888,61,21.3286713286713,5,1.74825174825175,5,1.74825174825175,16,5.59440559440559
"08B2L","08",Neukölln,2L,B,"082L",W,"2","81",0,482,0,482,35,7.26141078838174,54,11.2033195020747,232,48.1327800829876,106,21.9917012448133,9,1.86721991701245,11,2.28215767634855,35,7.26141078838174
"08B2M","08",Neukölln,2M,B,"082M",W,"2","81",0,517,0,517,46,8.89748549323017,69,13.3462282398453,192,37.137330754352,129,24.9516441005803,14,2.70793036750484,14,2.70793036750484,53,10.2514506769826
"08B2N","08",Neukölln,2N,B,"082N",W,"2","81",0,295,1,294,34,11.5646258503401,41,13.9455782312925,122,41.4965986394558,54,18.3673469387755,14,4.76190476190476,4,1.36054421768707,25,8.50340136054422
"08B2P","08",Neukölln,2P,B,"082P",W,"2","81",0,348,1,347,32,9.22190201729107,57,16.4265129682997,114,32.8530259365994,103,29.6829971181556,11,3.1700288184438,7,2.01729106628242,23,6.62824207492795
"08B2Q","08",Neukölln,2Q,B,"082Q",W,"2","81",0,532,1,531,75,14.1242937853107,90,16.9491525423729,175,32.9566854990584,129,24.2937853107345,9,1.69491525423729,14,2.63653483992467,39,7.34463276836158
"08B2R","08",Neukölln,2R,B,"082R",W,"2","81",0,432,3,429,44,10.2564102564103,71,16.5501165501165,156,36.3636363636364,107,24.9417249417249,17,3.96270396270396,3,0.699300699300699,31,7.22610722610723
"08B2S","08",Neukölln,2S,B,"082S",W,"2","81",0,431,0,431,35,8.12064965197216,57,13.2250580046404,203,47.0997679814385,108,25.0580046403712,7,1.62412993039443,8,1.85614849187935,13,3.01624129930394
"08B2T","08",Neukölln,2T,B,"082T",W,"2","81",0,508,4,504,56,11.1111111111111,58,11.5079365079365,191,37.8968253968254,113,22.4206349206349,25,4.96031746031746,12,2.38095238095238,49,9.72222222222222
"08B2U","08",Neukölln,2U,B,"082U",W,"2","81",0,387,1,386,22,5.69948186528497,40,10.3626943005181,162,41.9689119170984,114,29.5336787564767,4,1.03626943005181,10,2.59067357512953,34,8.80829015544041
"08B3A","08",Neukölln,3A,B,"083A",W,"3","81",0,499,1,498,54,10.8433734939759,78,15.6626506024096,204,40.9638554216867,100,20.0803212851406,13,2.61044176706827,7,1.40562248995984,42,8.43373493975904
"08B3B","08",Neukölln,3B,B,"083B",W,"3","81",0,470,3,467,22,4.71092077087794,51,10.9207708779443,210,44.9678800856531,102,21.8415417558887,15,3.21199143468951,10,2.14132762312634,57,12.2055674518201
"08B3C","08",Neukölln,3C,B,"083C",W,"3","81",0,510,1,509,57,11.1984282907662,60,11.7878192534381,192,37.721021611002,115,22.5933202357564,10,1.96463654223969,8,1.57170923379175,67,13.1630648330059
"08B3D","08",Neukölln,3D,B,"083D",W,"3","81",0,507,2,505,36,7.12871287128713,77,15.2475247524752,193,38.2178217821782,114,22.5742574257426,17,3.36633663366337,10,1.98019801980198,58,11.4851485148515
"08B3E","08",Neukölln,3E,B,"083E",W,"3","81",0,536,3,533,168,31.5196998123827,125,23.4521575984991,69,12.9455909943715,59,11.0694183864916,41,7.69230769230769,14,2.6266416510319,57,10.6941838649156
"08B3F","08",Neukölln,3F,B,"083F",W,"3","81",0,264,2,262,90,34.3511450381679,65,24.8091603053435,27,10.3053435114504,26,9.9236641221374,19,7.25190839694656,7,2.67175572519084,28,10.6870229007634
"08B3G","08",Neukölln,3G,B,"083G",W,"3","81",0,392,4,388,122,31.4432989690722,117,30.1546391752577,29,7.47422680412371,33,8.50515463917526,24,6.18556701030928,10,2.57731958762887,53,13.659793814433
"08B3H","08",Neukölln,3H,B,"083H",W,"3","81",0,538,2,536,86,16.044776119403,109,20.3358208955224,166,30.9701492537313,93,17.3507462686567,20,3.73134328358209,10,1.86567164179104,52,9.70149253731343
"08B3J","08",Neukölln,3J,B,"083J",W,"3","81",0,529,3,526,120,22.8136882129278,109,20.722433460076,120,22.8136882129278,85,16.1596958174905,29,5.51330798479087,16,3.04182509505703,47,8.93536121673004
"08B3K","08",Neukölln,3K,B,"083K",W,"3","81",0,514,4,510,165,32.3529411764706,118,23.1372549019608,67,13.1372549019608,53,10.3921568627451,40,7.84313725490196,18,3.52941176470588,49,9.6078431372549
"08B3L","08",Neukölln,3L,B,"083L",W,"3","81",0,429,2,427,70,16.3934426229508,73,17.096018735363,117,27.4004683840749,88,20.6088992974239,20,4.68384074941452,15,3.51288056206089,44,10.3044496487119
"08B3M","08",Neukölln,3M,B,"083M",W,"3","81",0,444,4,440,67,15.2272727272727,67,15.2272727272727,119,27.0454545454545,99,22.5,26,5.90909090909091,11,2.5,51,11.5909090909091
"08B3N","08",Neukölln,3N,B,"083N",W,"3","81",0,403,1,401,120,29.925187032419,106,26.4339152119701,62,15.4613466334165,49,12.2194513715711,22,5.48628428927681,12,2.9925187032419,30,7.48129675810474
"08B3P","08",Neukölln,3P,B,"083P",W,"3","81",0,500,1,498,155,31.1244979919679,123,24.6987951807229,83,16.6666666666667,42,8.43373493975904,34,6.82730923694779,13,2.61044176706827,48,9.63855421686747
"08B3Q","08",Neukölln,3Q,B,"083Q",W,"3","81",0,472,3,469,176,37.5266524520256,127,27.0788912579957,48,10.2345415778252,27,5.75692963752665,41,8.74200426439232,17,3.62473347547974,33,7.0362473347548
"08B4A","08",Neukölln,4A,B,"084A",W,"4","81",0,713,10,702,321,45.7264957264957,195,27.7777777777778,35,4.98575498575499,19,2.70655270655271,59,8.4045584045584,25,3.56125356125356,48,6.83760683760684
"08B4B","08",Neukölln,4B,B,"084B",W,"4","81",0,699,7,691,313,45.2966714905933,176,25.4703328509407,45,6.5123010130246,31,4.4862518089725,38,5.49927641099855,28,4.0520984081042,60,8.68306801736614
"08B4C","08",Neukölln,4C,B,"084C",W,"4","81",0,678,3,674,337,50,147,21.8100890207715,43,6.37982195845697,18,2.67062314540059,52,7.71513353115727,35,5.19287833827893,42,6.23145400593472
"08B4D","08",Neukölln,4D,B,"084D",W,"4","81",0,306,2,303,131,43.2343234323432,63,20.7920792079208,22,7.26072607260726,12,3.96039603960396,26,8.58085808580858,18,5.94059405940594,31,10.2310231023102
"08B4E","08",Neukölln,4E,B,"084E",W,"4","81",0,328,4,324,117,36.1111111111111,78,24.0740740740741,29,8.95061728395062,14,4.32098765432099,27,8.33333333333333,21,6.48148148148148,38,11.7283950617284
"08B4F","08",Neukölln,4F,B,"084F",W,"4","81",0,663,4,659,295,44.7647951441578,181,27.4658573596358,42,6.37329286798179,25,3.79362670713202,42,6.37329286798179,33,5.00758725341426,41,6.22154779969651
"08B4G","08",Neukölln,4G,B,"084G",W,"4","81",0,524,3,521,185,35.5086372360845,133,25.5278310940499,58,11.1324376199616,32,6.14203454894434,49,9.40499040307102,20,3.83877159309021,44,8.44529750479846
"08B4H","08",Neukölln,4H,B,"084H",W,"4","81",0,549,4,545,221,40.5504587155963,178,32.6605504587156,22,4.03669724770642,28,5.13761467889908,40,7.3394495412844,15,2.75229357798165,41,7.52293577981651
"08B4J","08",Neukölln,4J,B,"084J",W,"4","81",0,431,2,429,158,36.8298368298368,150,34.965034965035,11,2.56410256410256,12,2.7972027972028,55,12.8205128205128,11,2.56410256410256,32,7.45920745920746
"08B4K","08",Neukölln,4K,B,"084K",W,"4","81",0,686,7,679,297,43.740795287187,231,34.020618556701,30,4.41826215022091,27,3.97643593519882,50,7.36377025036819,12,1.76730486008837,32,4.71281296023564
"08B4L","08",Neukölln,4L,B,"084L",W,"4","81",0,529,6,523,202,38.623326959847,175,33.4608030592734,19,3.63288718929254,18,3.44168260038241,52,9.94263862332696,17,3.25047801147228,40,7.64818355640535
"08B4M","08",Neukölln,4M,B,"084M",W,"4","81",0,470,4,466,192,41.2017167381974,151,32.4034334763949,25,5.36480686695279,11,2.36051502145923,31,6.65236051502146,22,4.72103004291846,34,7.29613733905579
"08B4N","08",Neukölln,4N,B,"084N",W,"4","81",0,578,2,576,285,49.4791666666667,155,26.9097222222222,29,5.03472222222222,23,3.99305555555556,45,7.8125,18,3.125,21,3.64583333333333
"08B4P","08",Neukölln,4P,B,"084P",W,"4","81",0,390,4,386,164,42.4870466321244,107,27.720207253886,19,4.92227979274611,13,3.36787564766839,46,11.9170984455959,13,3.36787564766839,24,6.21761658031088
"08B4Q","08",Neukölln,4Q,B,"084Q",W,"4","81",0,638,2,636,254,39.937106918239,221,34.748427672956,19,2.9874213836478,16,2.51572327044025,68,10.6918238993711,17,2.67295597484277,41,6.44654088050314
"08B5A","08",Neukölln,5A,B,"085A",W,"5","81",0,665,3,661,262,39.6369137670197,147,22.2390317700454,81,12.2541603630862,36,5.44629349470499,43,6.5052950075643,30,4.53857791225416,62,9.37972768532526
"08B5B","08",Neukölln,5B,B,"085B",W,"5","81",0,472,1,470,203,43.1914893617021,121,25.7446808510638,64,13.6170212765957,8,1.70212765957447,11,2.34042553191489,34,7.23404255319149,29,6.17021276595745
"08B5C","08",Neukölln,5C,B,"085C",W,"5","81",0,324,1,323,121,37.4613003095975,96,29.7213622291022,17,5.26315789473684,4,1.23839009287926,34,10.5263157894737,12,3.71517027863777,39,12.0743034055728
"08B5D","08",Neukölln,5D,B,"085D",W,"5","81",0,586,7,579,169,29.1882556131261,164,28.3246977547496,105,18.1347150259067,32,5.52677029360967,27,4.66321243523316,32,5.52677029360967,50,8.63557858376511
"08B5E","08",Neukölln,5E,B,"085E",W,"5","81",0,291,3,288,67,23.2638888888889,101,35.0694444444444,55,19.0972222222222,19,6.59722222222222,13,4.51388888888889,5,1.73611111111111,28,9.72222222222222
"08B5F","08",Neukölln,5F,B,"085F",W,"5","81",0,616,6,610,220,36.0655737704918,189,30.983606557377,49,8.0327868852459,26,4.26229508196721,51,8.36065573770492,17,2.78688524590164,58,9.50819672131147
"08B5G","08",Neukölln,5G,B,"085G",W,"5","81",0,563,8,555,201,36.2162162162162,154,27.7477477477477,67,12.0720720720721,32,5.76576576576577,36,6.48648648648649,22,3.96396396396396,43,7.74774774774775
"08B5H","08",Neukölln,5H,B,"085H",W,"5","81",0,530,3,527,240,45.5407969639469,146,27.7039848197343,24,4.55407969639469,18,3.41555977229602,46,8.72865275142315,17,3.2258064516129,36,6.83111954459203
"08B5J","08",Neukölln,5J,B,"085J",W,"5","81",0,747,8,739,368,49.7970230040595,182,24.6278755074425,38,5.14208389715832,19,2.57104194857916,54,7.30717185385656,41,5.54803788903924,37,5.00676589986468
"08B5K","08",Neukölln,5K,B,"085K",W,"5","81",0,759,1,758,350,46.1741424802111,183,24.1424802110818,54,7.12401055408971,23,3.03430079155673,65,8.57519788918206,41,5.4089709762533,42,5.54089709762533
"08B5L","08",Neukölln,5L,B,"085L",W,"5","81",0,493,2,491,244,49.6945010183299,124,25.2545824847251,30,6.10997963340122,11,2.24032586558045,37,7.53564154786151,19,3.86965376782077,26,5.29531568228106
"08B5M","08",Neukölln,5M,B,"085M",W,"5","81",0,489,2,487,228,46.8172484599589,115,23.6139630390144,25,5.13347022587269,8,1.64271047227926,54,11.088295687885,27,5.54414784394251,30,6.16016427104723
"08B5N","08",Neukölln,5N,B,"085N",W,"5","81",0,613,2,611,299,48.936170212766,140,22.9132569558101,48,7.85597381342062,14,2.29132569558101,37,6.0556464811784,38,6.21931260229133,35,5.72831423895254
"08B5P","08",Neukölln,5P,B,"085P",W,"5","81",0,365,2,363,148,40.771349862259,115,31.6804407713499,23,6.33608815426997,11,3.03030303030303,32,8.81542699724518,9,2.47933884297521,25,6.8870523415978
"08B5Q","08",Neukölln,5Q,B,"085Q",W,"5","81",0,450,0,450,213,47.3333333333333,125,27.7777777777778,36,8,9,2,28,6.22222222222222,23,5.11111111111111,16,3.55555555555556
"08B5R","08",Neukölln,5R,B,"085R",W,"5","81",0,718,1,717,342,47.6987447698745,199,27.7545327754533,46,6.41562064156206,15,2.09205020920502,50,6.97350069735007,30,4.18410041841004,35,4.88145048814505
"08B5S","08",Neukölln,5S,B,"085S",W,"5","81",0,514,6,507,243,47.9289940828402,117,23.0769230769231,29,5.71992110453649,15,2.9585798816568,53,10.4536489151874,17,3.35305719921105,33,6.50887573964497
"08B5T","08",Neukölln,5T,B,"085T",W,"5","81",0,390,1,388,192,49.4845360824742,102,26.2886597938144,25,6.44329896907216,13,3.35051546391753,28,7.21649484536082,11,2.83505154639175,17,4.38144329896907
"08B6A","08",Neukölln,6A,B,"086A",W,"6","81",0,583,5,577,217,37.6083188908146,163,28.2495667244367,29,5.02599653379549,18,3.11958405545927,64,11.0918544194107,21,3.63951473136915,65,11.265164644714
"08B6B","08",Neukölln,6B,B,"086B",W,"6","81",0,341,2,339,136,40.117994100295,80,23.598820058997,25,7.37463126843658,17,5.01474926253687,38,11.2094395280236,9,2.65486725663717,34,10.0294985250737
"08B6C","08",Neukölln,6C,B,"086C",W,"6","81",0,665,3,662,314,47.4320241691843,168,25.3776435045317,40,6.04229607250755,23,3.47432024169184,42,6.34441087613293,34,5.13595166163142,41,6.19335347432024
"08B6D","08",Neukölln,6D,B,"086D",W,"6","81",0,302,1,301,169,56.1461794019934,68,22.5913621262458,10,3.32225913621263,7,2.32558139534884,11,3.65448504983389,12,3.98671096345515,24,7.9734219269103
"08B6E","08",Neukölln,6E,B,"086E",W,"6","81",0,549,5,544,264,48.5294117647059,145,26.6544117647059,26,4.77941176470588,7,1.28676470588235,38,6.98529411764706,24,4.41176470588235,40,7.35294117647059
"08B6F","08",Neukölln,6F,B,"086F",W,"6","81",0,738,4,734,342,46.5940054495913,201,27.3841961852861,38,5.17711171662125,14,1.90735694822888,54,7.35694822888283,36,4.90463215258856,49,6.67574931880109
"08B6G","08",Neukölln,6G,B,"086G",W,"6","81",0,464,1,463,209,45.1403887688985,121,26.133909287257,36,7.77537796976242,9,1.9438444924406,41,8.85529157667387,19,4.1036717062635,28,6.0475161987041
"08B6H","08",Neukölln,6H,B,"086H",W,"6","81",0,568,7,561,227,40.4634581105169,169,30.1247771836007,27,4.81283422459893,16,2.85204991087344,54,9.62566844919786,26,4.63458110516934,42,7.48663101604278
"08B6J","08",Neukölln,6J,B,"086J",W,"6","81",0,711,5,706,349,49.4334277620397,172,24.3626062322946,44,6.23229461756374,14,1.98300283286119,59,8.35694050991501,30,4.24929178470255,38,5.38243626062323
"08B6K","08",Neukölln,6K,B,"086K",W,"6","81",0,582,2,580,305,52.5862068965517,119,20.5172413793103,42,7.24137931034483,16,2.75862068965517,31,5.3448275862069,22,3.79310344827586,45,7.75862068965517
"08B6L","08",Neukölln,6L,B,"086L",W,"6","81",0,736,9,727,339,46.6299862448418,192,26.4099037138927,44,6.05226960110041,24,3.30123796423659,48,6.60247592847318,32,4.40165061898212,48,6.60247592847318
"08B6M","08",Neukölln,6M,B,"086M",W,"6","81",0,500,2,498,222,44.578313253012,143,28.714859437751,33,6.62650602409639,15,3.01204819277108,35,7.0281124497992,21,4.21686746987952,29,5.82329317269076
"08B6N","08",Neukölln,6N,B,"086N",W,"6","81",0,607,6,601,271,45.0915141430948,149,24.7920133111481,44,7.32113144758736,14,2.32945091514143,53,8.81863560732113,25,4.15973377703827,45,7.48752079866889
"08B6P","08",Neukölln,6P,B,"086P",W,"6","81",0,520,6,514,245,47.6653696498054,130,25.2918287937743,28,5.44747081712062,16,3.11284046692607,48,9.33852140077821,21,4.08560311284047,26,5.05836575875486
"08B6Q","08",Neukölln,6Q,B,"086Q",W,"6","81",0,268,3,265,127,47.9245283018868,70,26.4150943396226,16,6.0377358490566,9,3.39622641509434,23,8.67924528301887,11,4.15094339622642,9,3.39622641509434
"08B6R","08",Neukölln,6R,B,"086R",W,"6","81",0,290,2,288,143,49.6527777777778,75,26.0416666666667,16,5.55555555555556,8,2.77777777777778,20,6.94444444444444,13,4.51388888888889,13,4.51388888888889
"08B6S","08",Neukölln,6S,B,"086S",W,"6","81",0,674,6,668,330,49.4011976047904,153,22.9041916167665,50,7.48502994011976,19,2.84431137724551,40,5.98802395209581,45,6.73652694610778,31,4.64071856287425
"08W101","08",Neukölln,"101",W,"081A",W,"1","81",1053,350,2,348,33,9.48275862068965,52,14.9425287356322,107,30.7471264367816,92,26.4367816091954,8,2.29885057471264,6,1.72413793103448,50,14.367816091954
"08W102","08",Neukölln,"102",W,"081B",W,"1","81",1040,368,1,367,29,7.90190735694823,61,16.6212534059946,128,34.8773841961853,91,24.7956403269755,9,2.45231607629428,4,1.08991825613079,45,12.2615803814714
"08W103","08",Neukölln,"103",W,"081C",W,"1","81",1040,367,3,364,26,7.14285714285714,52,14.2857142857143,134,36.8131868131868,96,26.3736263736264,5,1.37362637362637,5,1.37362637362637,46,12.6373626373626
"08W104","08",Neukölln,"104",W,"081C",W,"1","81",936,355,1,354,28,7.90960451977401,42,11.864406779661,130,36.7231638418079,99,27.9661016949153,11,3.10734463276836,5,1.41242937853107,39,11.0169491525424
"08W105","08",Neukölln,"105",W,"081D",W,"1","81",1021,339,4,335,24,7.16417910447761,46,13.7313432835821,133,39.7014925373134,90,26.865671641791,3,0.895522388059702,6,1.7910447761194,33,9.85074626865672
"08W106","08",Neukölln,"106",W,"081E",W,"1","81",994,371,3,368,30,8.15217391304348,48,13.0434782608696,164,44.5652173913043,74,20.1086956521739,13,3.53260869565217,6,1.6304347826087,33,8.96739130434783
"08W107","08",Neukölln,"107",W,"081D",W,"1","81",1002,380,1,379,19,5.0131926121372,43,11.3456464379947,148,39.0501319261214,114,30.0791556728232,14,3.69393139841689,1,0.263852242744063,40,10.5540897097625
"08W108","08",Neukölln,"108",W,"081F",W,"1","81",1061,359,3,356,28,7.86516853932584,39,10.9550561797753,123,34.5505617977528,92,25.8426966292135,14,3.93258426966292,9,2.52808988764045,51,14.3258426966292
"08W109","08",Neukölln,"109",W,"081F",W,"1","81",947,312,4,308,31,10.0649350649351,38,12.3376623376623,121,39.2857142857143,75,24.3506493506494,10,3.24675324675325,8,2.5974025974026,25,8.11688311688312
"08W110","08",Neukölln,"110",W,"081P",W,"1","81",1086,334,1,333,20,6.00600600600601,49,14.7147147147147,129,38.7387387387387,89,26.7267267267267,8,2.4024024024024,4,1.2012012012012,34,10.2102102102102
"08W111","08",Neukölln,"111",W,"081G",W,"1","81",902,368,1,367,50,13.6239782016349,40,10.8991825613079,120,32.6975476839237,100,27.2479564032698,6,1.63487738419619,5,1.36239782016349,46,12.5340599455041
"08W112","08",Neukölln,"112",W,"081E",W,"1","81",1020,359,3,356,47,13.2022471910112,47,13.2022471910112,137,38.4831460674157,79,22.1910112359551,7,1.96629213483146,6,1.68539325842697,33,9.26966292134832
"08W113","08",Neukölln,"113",W,"081Q",W,"1","81",1150,300,1,299,34,11.371237458194,46,15.3846153846154,100,33.4448160535117,72,24.0802675585284,15,5.01672240802676,4,1.33779264214047,28,9.36454849498328
"08W114","08",Neukölln,"114",W,"081G",W,"1","81",1004,341,1,340,22,6.47058823529412,37,10.8823529411765,114,33.5294117647059,112,32.9411764705882,17,5,4,1.17647058823529,34,10
"08W115","08",Neukölln,"115",W,"081H",W,"1","81",963,350,1,348,35,10.0574712643678,48,13.7931034482759,102,29.3103448275862,116,33.3333333333333,11,3.16091954022989,7,2.01149425287356,29,8.33333333333333
"08W116","08",Neukölln,"116",W,"081H",W,"1","81",983,364,4,360,41,11.3888888888889,47,13.0555555555556,110,30.5555555555556,101,28.0555555555556,21,5.83333333333333,6,1.66666666666667,34,9.44444444444444
"08W117","08",Neukölln,"117",W,"081J",W,"1","81",1073,348,1,346,34,9.82658959537572,54,15.606936416185,118,34.1040462427746,85,24.5664739884393,15,4.33526011560694,7,2.02312138728324,33,9.53757225433526
"08W118","08",Neukölln,"118",W,"081R",W,"1","81",1076,369,1,367,40,10.8991825613079,53,14.441416893733,107,29.1553133514986,112,30.5177111716621,9,2.45231607629428,8,2.17983651226158,38,10.3542234332425
"08W119","08",Neukölln,"119",W,"081S",W,"1","81",1037,284,1,282,19,6.73758865248227,39,13.8297872340426,102,36.1702127659575,91,32.2695035460993,7,2.4822695035461,3,1.06382978723404,21,7.4468085106383
"08W120","08",Neukölln,"120",W,"081T",W,"1","81",1145,329,1,327,23,7.03363914373089,46,14.0672782874618,116,35.474006116208,99,30.2752293577982,12,3.6697247706422,8,2.44648318042813,23,7.03363914373089
"08W121","08",Neukölln,"121",W,"081K",W,"1","81",952,326,1,324,33,10.1851851851852,40,12.3456790123457,115,35.4938271604938,94,29.0123456790123,6,1.85185185185185,4,1.23456790123457,32,9.87654320987654
"08W122","08",Neukölln,"122",W,"081U",W,"1","81",1049,291,1,290,60,20.6896551724138,56,19.3103448275862,51,17.5862068965517,42,14.4827586206897,36,12.4137931034483,12,4.13793103448276,33,11.3793103448276
"08W123","08",Neukölln,"123",W,"081K",W,"1","81",961,312,0,311,36,11.5755627009646,38,12.2186495176849,77,24.7588424437299,99,31.8327974276527,27,8.68167202572347,5,1.60771704180064,29,9.32475884244373
"08W124","08",Neukölln,"124",W,"081J",W,"1","81",1124,322,9,313,45,14.3769968051118,54,17.2523961661342,82,26.1980830670927,71,22.6837060702875,18,5.75079872204473,4,1.2779552715655,39,12.4600638977636
"08W125","08",Neukölln,"125",W,"081L",W,"1","81",951,303,1,301,34,11.2956810631229,51,16.9435215946844,99,32.890365448505,87,28.9036544850498,15,4.98338870431894,2,0.664451827242525,13,4.31893687707641
"08W126","08",Neukölln,"126",W,"081L",W,"1","81",921,330,3,326,50,15.3374233128834,60,18.4049079754601,81,24.8466257668712,86,26.3803680981595,17,5.21472392638037,9,2.76073619631902,23,7.05521472392638
"08W127","08",Neukölln,"127",W,"081M",W,"1","81",971,259,7,252,24,9.52380952380952,41,16.2698412698413,73,28.968253968254,64,25.3968253968254,19,7.53968253968254,7,2.77777777777778,24,9.52380952380952
"08W128","08",Neukölln,"128",W,"081N",W,"1","81",1006,308,0,308,30,9.74025974025974,55,17.8571428571429,92,29.8701298701299,82,26.6233766233766,20,6.49350649350649,4,1.2987012987013,25,8.11688311688312
"08W129","08",Neukölln,"129",W,"081N",W,"1","81",996,306,1,305,33,10.8196721311475,50,16.3934426229508,88,28.8524590163934,77,25.2459016393443,17,5.57377049180328,6,1.9672131147541,34,11.1475409836066
"08W130","08",Neukölln,"130",W,"081V",W,"1","81",926,346,0,346,25,7.22543352601156,59,17.0520231213873,114,32.9479768786127,105,30.3468208092486,6,1.73410404624277,3,0.867052023121387,34,9.82658959537572
"08W131","08",Neukölln,"131",W,"081M",W,"1","81",957,297,2,295,37,12.5423728813559,41,13.8983050847458,81,27.4576271186441,81,27.4576271186441,20,6.77966101694915,1,0.338983050847458,34,11.5254237288136
"08W201","08",Neukölln,"201",W,"082A",W,"2","81",970,343,4,338,39,11.5384615384615,51,15.0887573964497,115,34.0236686390533,79,23.3727810650888,11,3.25443786982249,4,1.18343195266272,39,11.5384615384615
"08W202","08",Neukölln,"202",W,"082B",W,"2","81",980,344,1,343,28,8.16326530612245,49,14.2857142857143,130,37.9008746355685,95,27.6967930029155,12,3.49854227405248,6,1.74927113702624,23,6.70553935860058
"08W203","08",Neukölln,"203",W,"082B",W,"2","81",1004,330,5,325,26,8,30,9.23076923076923,130,40,86,26.4615384615385,10,3.07692307692308,6,1.84615384615385,37,11.3846153846154
"08W204","08",Neukölln,"204",W,"082C",W,"2","81",1127,380,3,376,46,12.2340425531915,54,14.3617021276596,142,37.7659574468085,77,20.4787234042553,8,2.12765957446809,11,2.92553191489362,38,10.1063829787234
"08W205","08",Neukölln,"205",W,"082A",W,"2","81",956,354,2,351,24,6.83760683760684,56,15.954415954416,108,30.7692307692308,99,28.2051282051282,16,4.55840455840456,5,1.42450142450142,43,12.2507122507123
"08W206","08",Neukölln,"206",W,"082D",W,"2","81",1126,354,1,352,33,9.375,67,19.0340909090909,129,36.6477272727273,87,24.7159090909091,5,1.42045454545455,4,1.13636363636364,27,7.67045454545455
"08W207","08",Neukölln,"207",W,"082E",W,"2","81",1035,332,1,330,26,7.87878787878788,40,12.1212121212121,110,33.3333333333333,106,32.1212121212121,13,3.93939393939394,3,0.909090909090909,32,9.6969696969697
"08W208","08",Neukölln,"208",W,"082F",W,"2","81",1014,349,2,347,19,5.47550432276657,46,13.2564841498559,125,36.0230547550432,117,33.7175792507205,8,2.30547550432277,5,1.44092219020173,27,7.78097982708934
"08W209","08",Neukölln,"209",W,"082G",W,"2","81",1121,333,5,327,19,5.81039755351682,44,13.4556574923547,117,35.7798165137615,90,27.5229357798165,16,4.89296636085627,5,1.52905198776758,36,11.0091743119266
"08W210","08",Neukölln,"210",W,"082H",W,"2","81",1055,340,2,337,20,5.93471810089021,39,11.5727002967359,106,31.4540059347181,119,35.3115727002967,7,2.07715133531157,9,2.67062314540059,37,10.9792284866469
"08W211","08",Neukölln,"211",W,"082J",W,"2","81",1048,311,4,307,28,9.12052117263844,51,16.6123778501629,113,36.8078175895765,72,23.4527687296417,11,3.58306188925081,4,1.30293159609121,28,9.12052117263844
"08W212","08",Neukölln,"212",W,"082K",W,"2","81",1143,344,7,337,30,8.90207715133531,58,17.2106824925816,116,34.4213649851632,82,24.3323442136499,21,6.23145400593472,8,2.37388724035608,22,6.52818991097923
"08W213","08",Neukölln,"213",W,"082E",W,"2","81",1108,265,2,263,69,26.2357414448669,53,20.1520912547529,34,12.9277566539924,60,22.8136882129278,21,7.98479087452472,5,1.90114068441065,21,7.98479087452472
"08W214","08",Neukölln,"214",W,"082F",W,"2","81",859,361,3,358,37,10.3351955307263,44,12.2905027932961,120,33.5195530726257,111,31.0055865921788,12,3.35195530726257,5,1.39664804469274,29,8.10055865921788
"08W215","08",Neukölln,"215",W,"082L",W,"2","81",1014,387,0,387,29,7.49354005167959,49,12.6614987080103,149,38.5012919896641,102,26.3565891472868,22,5.68475452196382,4,1.03359173126615,32,8.2687338501292
"08W216","08",Neukölln,"216",W,"082M",W,"2","81",1010,373,2,371,52,14.0161725067385,55,14.8247978436658,112,30.188679245283,87,23.4501347708895,19,5.12129380053908,6,1.61725067385445,40,10.7816711590297
"08W217","08",Neukölln,"217",W,"082M",W,"2","81",999,321,1,320,23,7.1875,44,13.75,124,38.75,74,23.125,18,5.625,9,2.8125,28,8.75
"08W218","08",Neukölln,"218",W,"082N",W,"2","81",1088,335,1,334,20,5.98802395209581,45,13.4730538922156,129,38.622754491018,92,27.5449101796407,10,2.9940119760479,5,1.49700598802395,33,9.88023952095808
"08W219","08",Neukölln,"219",W,"082L",W,"2","81",1052,363,1,362,48,13.2596685082873,48,13.2596685082873,126,34.8066298342541,96,26.5193370165746,15,4.14364640883978,5,1.38121546961326,24,6.62983425414365
"08W220","08",Neukölln,"220",W,"082P",W,"2","81",1026,358,1,357,29,8.12324929971989,56,15.6862745098039,114,31.9327731092437,97,27.1708683473389,15,4.20168067226891,3,0.840336134453782,43,12.0448179271709
"08W221","08",Neukölln,"221",W,"082P",W,"2","81",963,287,3,284,49,17.2535211267606,48,16.9014084507042,63,22.1830985915493,77,27.112676056338,27,9.50704225352113,3,1.05633802816901,17,5.98591549295775
"08W222","08",Neukölln,"222",W,"082Q",W,"2","81",949,314,1,313,25,7.98722044728434,46,14.6964856230032,87,27.7955271565495,103,32.9073482428115,7,2.23642172523962,6,1.91693290734824,39,12.4600638977636
"08W223","08",Neukölln,"223",W,"082Q",W,"2","81",1098,303,3,300,48,16,58,19.3333333333333,75,25,72,24,21,7,4,1.33333333333333,22,7.33333333333333
"08W224","08",Neukölln,"224",W,"082R",W,"2","81",993,328,9,318,51,16.0377358490566,61,19.1823899371069,92,28.9308176100629,68,21.3836477987421,12,3.77358490566038,6,1.88679245283019,28,8.80503144654088
"08W225","08",Neukölln,"225",W,"082S",W,"2","81",951,335,3,331,16,4.83383685800604,41,12.3867069486405,113,34.1389728096677,106,32.02416918429,14,4.22960725075529,6,1.81268882175227,35,10.5740181268882
"08W226","08",Neukölln,"226",W,"082S",W,"2","81",874,328,2,326,26,7.97546012269939,55,16.8711656441718,113,34.6625766871166,84,25.7668711656442,11,3.37423312883436,6,1.84049079754601,31,9.50920245398773
"08W227","08",Neukölln,"227",W,"082R",W,"2","81",957,301,1,300,24,8,42,14,97,32.3333333333333,90,30,10,3.33333333333333,4,1.33333333333333,33,11
"08W228","08",Neukölln,"228",W,"082T",W,"2","81",1020,283,0,282,32,11.3475177304965,24,8.51063829787234,90,31.9148936170213,96,34.0425531914894,11,3.90070921985816,3,1.06382978723404,26,9.21985815602837
"08W229","08",Neukölln,"229",W,"082T",W,"2","81",1085,310,3,306,31,10.1307189542484,43,14.0522875816993,98,32.0261437908497,87,28.4313725490196,9,2.94117647058824,2,0.65359477124183,36,11.7647058823529
"08W230","08",Neukölln,"230",W,"082U",W,"2","81",931,315,1,313,25,7.98722044728434,38,12.1405750798722,102,32.5878594249201,95,30.3514376996805,16,5.11182108626198,9,2.87539936102236,28,8.94568690095847
"08W231","08",Neukölln,"231",W,"082U",W,"2","81",845,329,4,324,35,10.8024691358025,55,16.9753086419753,93,28.7037037037037,92,28.3950617283951,7,2.16049382716049,3,0.925925925925926,39,12.037037037037
"08W301","08",Neukölln,"301",W,"083A",W,"3","81",889,336,3,332,31,9.33734939759036,43,12.9518072289157,133,40.0602409638554,85,25.6024096385542,17,5.12048192771084,6,1.80722891566265,17,5.12048192771084
"08W302","08",Neukölln,"302",W,"083A",W,"3","81",894,336,7,328,23,7.01219512195122,61,18.5975609756098,103,31.4024390243902,85,25.9146341463415,15,4.57317073170732,2,0.609756097560976,39,11.890243902439
"08W303","08",Neukölln,"303",W,"083B",W,"3","81",1049,347,3,343,18,5.24781341107872,52,15.1603498542274,98,28.5714285714286,100,29.1545189504373,17,4.95626822157434,5,1.45772594752187,53,15.4518950437318
"08W304","08",Neukölln,"304",W,"083B",W,"3","81",887,350,1,348,38,10.9195402298851,51,14.6551724137931,104,29.8850574712644,102,29.3103448275862,14,4.02298850574713,5,1.4367816091954,34,9.77011494252874
"08W305","08",Neukölln,"305",W,"083C",W,"3","81",917,309,1,307,28,9.12052117263844,40,13.0293159609121,115,37.4592833876222,77,25.0814332247557,13,4.23452768729642,5,1.62866449511401,29,9.44625407166124
"08W306","08",Neukölln,"306",W,"083C",W,"3","81",998,308,4,303,21,6.93069306930693,48,15.8415841584158,100,33.003300330033,90,29.7029702970297,15,4.95049504950495,6,1.98019801980198,23,7.59075907590759
"08W307","08",Neukölln,"307",W,"083D",W,"3","81",975,348,2,345,30,8.69565217391304,54,15.6521739130435,128,37.1014492753623,86,24.9275362318841,17,4.92753623188406,3,0.869565217391304,27,7.82608695652174
"08W308","08",Neukölln,"308",W,"083D",W,"3","81",991,319,3,315,32,10.1587301587302,35,11.1111111111111,103,32.6984126984127,85,26.984126984127,12,3.80952380952381,2,0.634920634920635,46,14.6031746031746
"08W309","08",Neukölln,"309",W,"083E",W,"3","81",906,252,3,248,53,21.3709677419355,80,32.258064516129,12,4.83870967741935,47,18.9516129032258,15,6.04838709677419,6,2.41935483870968,35,14.1129032258065
"08W310","08",Neukölln,"310",W,"083E",W,"3","81",952,240,2,237,54,22.7848101265823,77,32.4894514767932,7,2.9535864978903,28,11.8143459915612,21,8.86075949367089,6,2.53164556962025,44,18.5654008438819
"08W311","08",Neukölln,"311",W,"083E",W,"3","81",987,187,3,183,23,12.568306010929,27,14.7540983606557,31,16.9398907103825,52,28.4153005464481,12,6.55737704918033,5,2.73224043715847,33,18.0327868852459
"08W312","08",Neukölln,"312",W,"083F",W,"3","81",800,229,4,224,61,27.2321428571429,51,22.7678571428571,27,12.0535714285714,37,16.5178571428571,15,6.69642857142857,7,3.125,26,11.6071428571429
"08W313","08",Neukölln,"313",W,"083F",W,"3","81",797,259,5,253,76,30.0395256916996,57,22.5296442687747,30,11.8577075098814,29,11.4624505928854,22,8.69565217391304,9,3.55731225296443,30,11.8577075098814
"08W314","08",Neukölln,"314",W,"083G",W,"3","81",1116,275,2,272,72,26.4705882352941,75,27.5735294117647,11,4.04411764705882,35,12.8676470588235,36,13.2352941176471,8,2.94117647058824,35,12.8676470588235
"08W315","08",Neukölln,"315",W,"083G",W,"3","81",1138,228,7,220,70,31.8181818181818,73,33.1818181818182,7,3.18181818181818,23,10.4545454545455,19,8.63636363636364,4,1.81818181818182,24,10.9090909090909
"08W316","08",Neukölln,"316",W,"083G",W,"3","81",1157,203,3,199,46,23.1155778894472,66,33.1658291457286,7,3.51758793969849,26,13.0653266331658,25,12.5628140703518,5,2.51256281407035,24,12.0603015075377
"08W317","08",Neukölln,"317",W,"083H",W,"3","81",989,314,2,311,43,13.8263665594855,51,16.3987138263666,96,30.8681672025724,78,25.08038585209,15,4.82315112540193,10,3.21543408360129,18,5.78778135048232
"08W318","08",Neukölln,"318",W,"083H",W,"3","81",1107,349,5,343,49,14.2857142857143,71,20.6997084548105,108,31.4868804664723,62,18.0758017492711,10,2.91545189504373,16,4.66472303206997,27,7.87172011661808
"08W319","08",Neukölln,"319",W,"083J",W,"3","81",1067,335,4,330,57,17.2727272727273,60,18.1818181818182,92,27.8787878787879,64,19.3939393939394,16,4.84848484848485,12,3.63636363636364,29,8.78787878787879
"08W320","08",Neukölln,"320",W,"083K",W,"3","81",1161,263,6,256,64,25,66,25.78125,36,14.0625,40,15.625,20,7.8125,6,2.34375,24,9.375
"08W321","08",Neukölln,"321",W,"083J",W,"3","81",1219,303,1,301,62,20.5980066445183,67,22.2591362126246,50,16.6112956810631,53,17.6079734219269,26,8.63787375415282,10,3.32225913621263,33,10.9634551495017
"08W322","08",Neukölln,"322",W,"083L",W,"3","81",960,284,3,280,51,18.2142857142857,39,13.9285714285714,63,22.5,59,21.0714285714286,21,7.5,11,3.92857142857143,36,12.8571428571429
"08W323","08",Neukölln,"323",W,"083L",W,"3","81",1195,318,1,316,47,14.873417721519,45,14.2405063291139,102,32.2784810126582,70,22.1518987341772,19,6.0126582278481,6,1.89873417721519,27,8.54430379746835
"08W324","08",Neukölln,"324",W,"083M",W,"3","81",1040,270,2,267,40,14.9812734082397,43,16.1048689138577,83,31.0861423220974,66,24.7191011235955,13,4.8689138576779,6,2.24719101123596,16,5.99250936329588
"08W325","08",Neukölln,"325",W,"083M",W,"3","81",1040,283,1,281,37,13.1672597864769,39,13.8790035587189,74,26.3345195729537,65,23.1316725978648,23,8.18505338078292,12,4.27046263345196,31,11.0320284697509
"08W326","08",Neukölln,"326",W,"083N",W,"3","81",1030,252,3,249,73,29.3172690763052,73,29.3172690763052,27,10.8433734939759,25,10.0401606425703,27,10.8433734939759,6,2.40963855421687,18,7.2289156626506
"08W327","08",Neukölln,"327",W,"083N",W,"3","81",1059,282,2,280,63,22.5,57,20.3571428571429,45,16.0714285714286,47,16.7857142857143,30,10.7142857142857,3,1.07142857142857,35,12.5
"08W328","08",Neukölln,"328",W,"083K",W,"3","81",1203,247,5,242,70,28.9256198347107,63,26.0330578512397,25,10.3305785123967,25,10.3305785123967,31,12.8099173553719,6,2.47933884297521,22,9.09090909090909
"08W329","08",Neukölln,"329",W,"083P",W,"3","81",942,284,3,281,100,35.5871886120996,73,25.9786476868327,25,8.89679715302491,19,6.76156583629893,41,14.5907473309609,6,2.13523131672598,17,6.04982206405694
"08W330","08",Neukölln,"330",W,"083P",W,"3","81",991,282,1,281,84,29.8932384341637,62,22.0640569395018,52,18.5053380782918,24,8.54092526690392,32,11.3879003558719,10,3.55871886120996,17,6.04982206405694
"08W331","08",Neukölln,"331",W,"083Q",W,"3","81",1266,266,5,260,89,34.2307692307692,71,27.3076923076923,13,5,23,8.84615384615385,38,14.6153846153846,5,1.92307692307692,21,8.07692307692308
"08W332","08",Neukölln,"332",W,"083Q",W,"3","81",1044,288,2,286,88,30.7692307692308,76,26.5734265734266,38,13.2867132867133,26,9.09090909090909,29,10.1398601398601,10,3.4965034965035,19,6.64335664335664
"08W401","08",Neukölln,"401",W,"084B",W,"4","81",1066,307,4,302,122,40.3973509933775,88,29.1390728476821,17,5.62913907284768,17,5.62913907284768,27,8.94039735099338,8,2.64900662251656,23,7.6158940397351
"08W402","08",Neukölln,"402",W,"084A",W,"4","81",1182,345,10,335,134,40,91,27.1641791044776,12,3.58208955223881,13,3.88059701492537,31,9.25373134328358,12,3.58208955223881,42,12.5373134328358
"08W403","08",Neukölln,"403",W,"084A",W,"4","81",1061,301,3,298,106,35.5704697986577,72,24.1610738255034,10,3.35570469798658,16,5.36912751677852,40,13.4228187919463,12,4.02684563758389,42,14.0939597315436
"08W404","08",Neukölln,"404",W,"084D",W,"4","81",938,329,6,323,111,34.3653250773994,67,20.7430340557276,36,11.1455108359133,25,7.73993808049536,40,12.3839009287926,9,2.78637770897833,35,10.8359133126935
"08W405","08",Neukölln,"405",W,"084C",W,"4","81",897,351,1,350,161,46,75,21.4285714285714,18,5.14285714285714,18,5.14285714285714,30,8.57142857142857,17,4.85714285714286,31,8.85714285714286
"08W406","08",Neukölln,"406",W,"084B",W,"4","81",1003,375,2,372,177,47.5806451612903,85,22.8494623655914,31,8.33333333333333,17,4.56989247311828,27,7.25806451612903,14,3.76344086021505,21,5.64516129032258
"08W407","08",Neukölln,"407",W,"084C",W,"4","81",1039,346,1,345,187,54.2028985507246,63,18.2608695652174,16,4.63768115942029,10,2.89855072463768,29,8.40579710144928,19,5.50724637681159,21,6.08695652173913
"08W408","08",Neukölln,"408",W,"084G",W,"4","81",1106,336,6,330,120,36.3636363636364,86,26.0606060606061,28,8.48484848484849,9,2.72727272727273,37,11.2121212121212,13,3.93939393939394,37,11.2121212121212
"08W409","08",Neukölln,"409",W,"084G",W,"4","81",1056,316,5,311,99,31.8327974276527,67,21.5434083601286,19,6.10932475884244,26,8.36012861736334,51,16.3987138263666,11,3.53697749196141,38,12.2186495176849
"08W410","08",Neukölln,"410",W,"084E",W,"4","81",1101,338,7,331,118,35.6495468277946,88,26.5861027190332,22,6.64652567975831,18,5.4380664652568,46,13.8972809667674,10,3.02114803625378,29,8.76132930513595
"08W411","08",Neukölln,"411",W,"084F",W,"4","81",1191,294,4,290,107,36.8965517241379,70,24.1379310344828,20,6.89655172413793,19,6.55172413793103,40,13.7931034482759,13,4.48275862068965,21,7.24137931034483
"08W412","08",Neukölln,"412",W,"084H",W,"4","81",1083,308,4,304,122,40.1315789473684,89,29.2763157894737,14,4.60526315789474,14,4.60526315789474,30,9.86842105263158,8,2.63157894736842,27,8.88157894736842
"08W413","08",Neukölln,"413",W,"084M",W,"4","81",1032,326,3,323,133,41.1764705882353,84,26.0061919504644,11,3.40557275541796,12,3.71517027863777,47,14.5510835913313,16,4.95356037151703,20,6.19195046439629
"08W414","08",Neukölln,"414",W,"084H",W,"4","81",1037,336,4,331,125,37.7643504531722,100,30.2114803625378,10,3.02114803625378,20,6.04229607250755,44,13.2930513595166,12,3.62537764350453,20,6.04229607250755
"08W415","08",Neukölln,"415",W,"084J",W,"4","81",1058,288,8,280,111,39.6428571428571,80,28.5714285714286,12,4.28571428571429,18,6.42857142857143,36,12.8571428571429,3,1.07142857142857,20,7.14285714285714
"08W416","08",Neukölln,"416",W,"084F",W,"4","81",1000,295,3,291,112,38.4879725085911,95,32.6460481099656,15,5.15463917525773,15,5.15463917525773,26,8.93470790378007,9,3.09278350515464,19,6.52920962199313
"08W417","08",Neukölln,"417",W,"084N",W,"4","81",1158,289,2,286,110,38.4615384615385,76,26.5734265734266,12,4.1958041958042,10,3.4965034965035,43,15.034965034965,13,4.54545454545455,22,7.69230769230769
"08W418","08",Neukölln,"418",W,"084J",W,"4","81",1069,320,4,315,126,40,96,30.4761904761905,8,2.53968253968254,20,6.34920634920635,36,11.4285714285714,7,2.22222222222222,22,6.98412698412698
"08W419","08",Neukölln,"419",W,"084K",W,"4","81",1141,304,1,302,147,48.6754966887417,71,23.5099337748344,11,3.64238410596026,23,7.6158940397351,26,8.60927152317881,10,3.3112582781457,14,4.63576158940397
"08W420","08",Neukölln,"420",W,"084K",W,"4","81",972,286,2,283,99,34.982332155477,76,26.8551236749117,13,4.59363957597173,17,6.00706713780919,48,16.9611307420495,12,4.24028268551237,18,6.36042402826855
"08W421","08",Neukölln,"421",W,"084K",W,"4","81",1077,206,6,200,54,27,71,35.5,8,4,19,9.5,24,12,5,2.5,19,9.5
"08W422","08",Neukölln,"422",W,"084L",W,"4","81",897,306,4,302,108,35.7615894039735,96,31.7880794701987,9,2.98013245033113,23,7.6158940397351,31,10.2649006622517,14,4.63576158940397,21,6.95364238410596
"08W423","08",Neukölln,"423",W,"084L",W,"4","81",1113,300,7,292,101,34.5890410958904,86,29.4520547945205,11,3.76712328767123,16,5.47945205479452,56,19.1780821917808,7,2.3972602739726,15,5.13698630136986
"08W424","08",Neukölln,"424",W,"084L",W,"4","81",864,300,3,297,118,39.7306397306397,86,28.956228956229,9,3.03030303030303,8,2.69360269360269,50,16.8350168350168,6,2.02020202020202,20,6.73400673400673
"08W425","08",Neukölln,"425",W,"084M",W,"4","81",968,313,6,306,162,52.9411764705882,67,21.8954248366013,12,3.92156862745098,10,3.26797385620915,27,8.82352941176471,10,3.26797385620915,18,5.88235294117647
"08W426","08",Neukölln,"426",W,"084N",W,"4","81",1240,345,6,338,151,44.6745562130178,74,21.8934911242604,19,5.62130177514793,20,5.91715976331361,42,12.4260355029586,8,2.36686390532544,24,7.10059171597633
"08W427","08",Neukölln,"427",W,"084Q",W,"4","81",998,222,3,218,78,35.7798165137615,52,23.8532110091743,10,4.58715596330275,15,6.88073394495413,45,20.6422018348624,5,2.29357798165138,13,5.96330275229358
"08W428","08",Neukölln,"428",W,"084P",W,"4","81",1021,246,6,239,76,31.7991631799163,68,28.4518828451883,14,5.85774058577406,20,8.36820083682008,38,15.8995815899582,11,4.60251046025105,12,5.02092050209205
"08W429","08",Neukölln,"429",W,"084Q",W,"4","81",889,220,2,218,89,40.8256880733945,59,27.0642201834862,13,5.96330275229358,9,4.12844036697248,35,16.0550458715596,8,3.6697247706422,5,2.29357798165138
"08W430","08",Neukölln,"430",W,"084Q",W,"4","81",1043,286,3,283,109,38.5159010600707,86,30.3886925795053,8,2.82685512367491,12,4.24028268551237,45,15.9010600706714,9,3.18021201413428,14,4.9469964664311
"08W431","08",Neukölln,"431",W,"084P",W,"4","81",1149,272,4,268,108,40.2985074626866,77,28.7313432835821,11,4.1044776119403,13,4.85074626865672,43,16.044776119403,11,4.1044776119403,5,1.86567164179104
"08W501","08",Neukölln,"501",W,"085A",W,"5","81",1066,265,2,262,95,36.2595419847328,58,22.1374045801527,34,12.9770992366412,20,7.63358778625954,26,9.9236641221374,10,3.81679389312977,19,7.25190839694656
"08W502","08",Neukölln,"502",W,"085B",W,"5","81",1045,355,1,354,127,35.8757062146893,73,20.6214689265537,50,14.1242937853107,20,5.64971751412429,21,5.93220338983051,27,7.6271186440678,36,10.1694915254237
"08W503","08",Neukölln,"503",W,"085A",W,"5","81",1085,339,4,335,115,34.3283582089552,76,22.6865671641791,43,12.8358208955224,15,4.47761194029851,26,7.76119402985075,18,5.37313432835821,42,12.5373134328358
"08W504","08",Neukölln,"504",W,"085C",W,"5","81",1013,291,2,289,111,38.4083044982699,57,19.7231833910035,20,6.9204152249135,18,6.22837370242214,37,12.80276816609,12,4.1522491349481,34,11.7647058823529
"08W505","08",Neukölln,"505",W,"085D",W,"5","81",927,341,4,337,79,23.4421364985163,75,22.2551928783383,52,15.4302670623145,43,12.7596439169139,39,11.5727002967359,13,3.85756676557863,36,10.6824925816024
"08W506","08",Neukölln,"506",W,"085D",W,"5","81",888,346,5,341,75,21.9941348973607,92,26.9794721407625,58,17.0087976539589,35,10.2639296187683,26,7.62463343108504,11,3.2258064516129,44,12.9032258064516
"08W507","08",Neukölln,"507",W,"085E",W,"5","81",907,380,6,374,100,26.7379679144385,99,26.4705882352941,84,22.4598930481283,31,8.28877005347594,19,5.08021390374332,14,3.74331550802139,27,7.2192513368984
"08W508","08",Neukölln,"508",W,"085F",W,"5","81",986,293,5,287,88,30.6620209059233,79,27.5261324041812,47,16.3763066202091,18,6.27177700348432,24,8.36236933797909,7,2.4390243902439,24,8.36236933797909
"08W509","08",Neukölln,"509",W,"085G",W,"5","81",933,334,2,331,79,23.8670694864048,76,22.9607250755287,63,19.0332326283988,26,7.85498489425982,41,12.3867069486405,10,3.02114803625378,36,10.8761329305136
"08W510","08",Neukölln,"510",W,"085G",W,"5","81",1035,270,4,265,76,28.6792452830189,75,28.3018867924528,21,7.92452830188679,17,6.41509433962264,48,18.1132075471698,6,2.26415094339623,22,8.30188679245283
"08W511","08",Neukölln,"511",W,"085F",W,"5","81",1221,297,2,295,81,27.4576271186441,69,23.3898305084746,14,4.74576271186441,26,8.8135593220339,58,19.6610169491525,14,4.74576271186441,33,11.1864406779661
"08W512","08",Neukölln,"512",W,"085H",W,"5","81",948,383,8,375,141,37.6,98,26.1333333333333,18,4.8,14,3.73333333333333,39,10.4,22,5.86666666666667,43,11.4666666666667
"08W513","08",Neukölln,"513",W,"085H",W,"5","81",1009,322,1,321,157,48.9096573208723,84,26.1682242990654,13,4.04984423676012,2,0.623052959501558,46,14.3302180685358,7,2.18068535825545,12,3.73831775700935
"08W514","08",Neukölln,"514",W,"085J",W,"5","81",959,340,4,336,125,37.202380952381,81,24.1071428571429,16,4.76190476190476,12,3.57142857142857,44,13.0952380952381,18,5.35714285714286,40,11.9047619047619
"08W515","08",Neukölln,"515",W,"085K",W,"5","81",815,311,1,310,125,40.3225806451613,61,19.6774193548387,35,11.2903225806452,16,5.16129032258065,33,10.6451612903226,20,6.45161290322581,20,6.45161290322581
"08W516","08",Neukölln,"516",W,"085K",W,"5","81",858,282,8,274,78,28.4671532846715,64,23.3576642335766,26,9.48905109489051,24,8.75912408759124,39,14.2335766423358,13,4.74452554744525,30,10.9489051094891
"08W517","08",Neukölln,"517",W,"085L",W,"5","81",867,271,7,264,124,46.969696969697,49,18.5606060606061,17,6.43939393939394,13,4.92424242424242,32,12.1212121212121,13,4.92424242424242,16,6.06060606060606
"08W518","08",Neukölln,"518",W,"085K",W,"5","81",912,354,1,353,139,39.3767705382436,111,31.4447592067989,15,4.24929178470255,12,3.39943342776204,45,12.7478753541076,13,3.68271954674221,18,5.09915014164306
"08W519","08",Neukölln,"519",W,"085L",W,"5","81",924,334,3,331,156,47.1299093655589,61,18.429003021148,23,6.94864048338369,6,1.81268882175227,48,14.5015105740181,20,6.04229607250755,17,5.13595166163142
"08W520","08",Neukölln,"520",W,"085J",W,"5","81",1052,335,6,329,151,45.8966565349544,82,24.9240121580547,17,5.16717325227964,11,3.3434650455927,34,10.3343465045593,16,4.86322188449848,18,5.47112462006079
"08W521","08",Neukölln,"521",W,"085M",W,"5","81",895,382,3,379,170,44.8548812664908,93,24.5382585751979,26,6.86015831134565,8,2.11081794195251,40,10.5540897097625,17,4.48548812664908,25,6.59630606860158
"08W522","08",Neukölln,"522",W,"085M",W,"5","81",963,312,0,312,127,40.7051282051282,69,22.1153846153846,13,4.16666666666667,15,4.80769230769231,48,15.3846153846154,14,4.48717948717949,26,8.33333333333333
"08W523","08",Neukölln,"523",W,"085N",W,"5","81",926,345,4,341,174,51.0263929618768,67,19.6480938416422,20,5.86510263929619,16,4.69208211143695,35,10.2639296187683,15,4.39882697947214,14,4.10557184750733
"08W524","08",Neukölln,"524",W,"085N",W,"5","81",841,312,3,309,129,41.747572815534,72,23.3009708737864,33,10.6796116504854,16,5.17799352750809,29,9.38511326860841,11,3.55987055016181,19,6.14886731391586
"08W525","08",Neukölln,"525",W,"085P",W,"5","81",775,239,3,236,97,41.1016949152542,61,25.8474576271186,5,2.11864406779661,11,4.66101694915254,35,14.8305084745763,7,2.96610169491525,20,8.47457627118644
"08W526","08",Neukölln,"526",W,"085P",W,"5","81",823,242,2,240,107,44.5833333333333,60,25,8,3.33333333333333,8,3.33333333333333,31,12.9166666666667,13,5.41666666666667,13,5.41666666666667
"08W527","08",Neukölln,"527",W,"085Q",W,"5","81",879,335,5,330,149,45.1515151515152,89,26.969696969697,18,5.45454545454545,16,4.84848484848485,28,8.48484848484849,18,5.45454545454545,12,3.63636363636364
"08W528","08",Neukölln,"528",W,"085Q",W,"5","81",847,233,2,231,102,44.1558441558442,69,29.8701298701299,6,2.5974025974026,9,3.8961038961039,28,12.1212121212121,9,3.8961038961039,8,3.46320346320346
"08W529","08",Neukölln,"529",W,"085R",W,"5","81",747,229,1,227,100,44.0528634361233,61,26.8722466960352,14,6.16740088105727,10,4.40528634361234,27,11.8942731277533,8,3.52422907488987,7,3.08370044052863
"08W530","08",Neukölln,"530",W,"085R",W,"5","81",854,276,2,273,116,42.4908424908425,69,25.2747252747253,11,4.02930402930403,10,3.66300366300366,41,15.018315018315,10,3.66300366300366,16,5.86080586080586
"08W531","08",Neukölln,"531",W,"085S",W,"5","81",938,283,1,281,100,35.5871886120996,71,25.2669039145907,13,4.62633451957295,13,4.62633451957295,47,16.7259786476868,12,4.27046263345196,25,8.89679715302491
"08W532","08",Neukölln,"532",W,"085R",W,"5","81",1077,280,4,275,97,35.2727272727273,83,30.1818181818182,6,2.18181818181818,18,6.54545454545455,47,17.0909090909091,10,3.63636363636364,14,5.09090909090909
"08W533","08",Neukölln,"533",W,"085S",W,"5","81",910,260,1,259,116,44.7876447876448,59,22.7799227799228,9,3.47490347490348,9,3.47490347490348,44,16.988416988417,14,5.40540540540541,8,3.08880308880309
"08W534","08",Neukölln,"534",W,"085T",W,"5","81",869,323,4,318,111,34.9056603773585,72,22.6415094339623,27,8.49056603773585,23,7.23270440251572,41,12.8930817610063,14,4.40251572327044,30,9.43396226415094
"08W535","08",Neukölln,"535",W,"085T",W,"5","81",904,283,3,279,109,39.0681003584229,66,23.6559139784946,15,5.37634408602151,15,5.37634408602151,44,15.7706093189964,14,5.01792114695341,16,5.73476702508961
"08W601","08",Neukölln,"601",W,"086A",W,"6","81",993,252,3,248,83,33.4677419354839,68,27.4193548387097,6,2.41935483870968,17,6.85483870967742,34,13.7096774193548,7,2.82258064516129,33,13.3064516129032
"08W602","08",Neukölln,"602",W,"086A",W,"6","81",1025,304,3,300,105,35,70,23.3333333333333,15,5,25,8.33333333333333,39,13,10,3.33333333333333,36,12
"08W603","08",Neukölln,"603",W,"086A",W,"6","81",1033,310,7,302,95,31.4569536423841,87,28.8079470198675,10,3.3112582781457,25,8.27814569536424,35,11.5894039735099,9,2.98013245033113,41,13.5761589403974
"08W604","08",Neukölln,"604",W,"086B",W,"6","81",1011,314,6,307,102,33.2247557003257,86,28.0130293159609,14,4.56026058631922,18,5.86319218241042,48,15.6351791530945,8,2.60586319218241,31,10.0977198697068
"08W605","08",Neukölln,"605",W,"086B",W,"6","81",1022,262,4,257,88,34.2412451361868,76,29.5719844357977,8,3.11284046692607,18,7.00389105058366,38,14.7859922178988,6,2.33463035019455,23,8.94941634241245
"08W606","08",Neukölln,"606",W,"086C",W,"6","81",898,340,2,338,157,46.4497041420118,77,22.7810650887574,17,5.02958579881657,17,5.02958579881657,42,12.4260355029586,14,4.14201183431953,14,4.14201183431953
"08W607","08",Neukölln,"607",W,"086D",W,"6","81",862,348,3,345,160,46.3768115942029,84,24.3478260869565,10,2.89855072463768,13,3.76811594202899,35,10.1449275362319,24,6.95652173913043,19,5.50724637681159
"08W608","08",Neukölln,"608",W,"086E",W,"6","81",926,351,4,347,149,42.9394812680115,84,24.207492795389,15,4.32276657060519,7,2.01729106628242,54,15.5619596541787,12,3.45821325648415,26,7.49279538904899
"08W609","08",Neukölln,"609",W,"086E",W,"6","81",898,366,4,362,176,48.6187845303867,91,25.1381215469613,17,4.69613259668508,12,3.31491712707182,32,8.83977900552486,12,3.31491712707182,22,6.07734806629834
"08W610","08",Neukölln,"610",W,"086F",W,"6","81",908,313,3,310,111,35.8064516129032,83,26.7741935483871,15,4.83870967741935,11,3.54838709677419,53,17.0967741935484,16,5.16129032258065,21,6.7741935483871
"08W611","08",Neukölln,"611",W,"086G",W,"6","81",889,341,4,337,141,41.839762611276,88,26.1127596439169,24,7.12166172106825,11,3.26409495548961,40,11.8694362017804,9,2.67062314540059,24,7.12166172106825
"08W612","08",Neukölln,"612",W,"086F",W,"6","81",825,283,1,282,96,34.0425531914894,69,24.468085106383,16,5.67375886524823,18,6.38297872340426,49,17.3758865248227,11,3.90070921985816,23,8.15602836879433
"08W613","08",Neukölln,"613",W,"086H",W,"6","81",922,308,1,307,130,42.3452768729642,60,19.5439739413681,8,2.60586319218241,23,7.49185667752443,43,14.0065146579805,15,4.88599348534202,28,9.12052117263844
"08W614","08",Neukölln,"614",W,"086H",W,"6","81",989,298,5,293,116,39.5904436860068,81,27.6450511945392,21,7.16723549488055,9,3.07167235494881,42,14.3344709897611,10,3.41296928327645,14,4.77815699658703
"08W615","08",Neukölln,"615",W,"086J",W,"6","81",880,292,3,289,128,44.2906574394464,84,29.0657439446367,14,4.84429065743945,7,2.42214532871972,39,13.4948096885813,3,1.03806228373702,14,4.84429065743945
"08W616","08",Neukölln,"616",W,"086J",W,"6","81",915,285,3,282,130,46.0992907801418,75,26.5957446808511,20,7.09219858156028,9,3.19148936170213,28,9.9290780141844,11,3.90070921985816,9,3.19148936170213
"08W617","08",Neukölln,"617",W,"086G",W,"6","81",828,331,6,325,122,37.5384615384615,83,25.5384615384615,35,10.7692307692308,11,3.38461538461538,35,10.7692307692308,20,6.15384615384615,19,5.84615384615385
"08W618","08",Neukölln,"618",W,"086K",W,"6","81",830,343,3,340,140,41.1764705882353,90,26.4705882352941,17,5,9,2.64705882352941,55,16.1764705882353,15,4.41176470588235,14,4.11764705882353
"08W619","08",Neukölln,"619",W,"086K",W,"6","81",810,342,3,339,153,45.1327433628319,93,27.4336283185841,14,4.12979351032448,10,2.94985250737463,42,12.3893805309735,12,3.53982300884956,15,4.42477876106195
"08W620","08",Neukölln,"620",W,"086C",W,"6","81",1042,386,4,382,176,46.0732984293194,79,20.6806282722513,34,8.90052356020942,15,3.92670157068063,40,10.4712041884817,14,3.66492146596859,24,6.282722513089
"08W621","08",Neukölln,"621",W,"086L",W,"6","81",934,329,1,328,141,42.9878048780488,83,25.3048780487805,22,6.70731707317073,11,3.35365853658537,42,12.8048780487805,8,2.4390243902439,21,6.40243902439024
"08W622","08",Neukölln,"622",W,"086F",W,"6","81",894,318,4,314,136,43.312101910828,95,30.2547770700637,19,6.05095541401274,11,3.5031847133758,33,10.5095541401274,7,2.22929936305732,13,4.14012738853503
"08W623","08",Neukölln,"623",W,"086L",W,"6","81",789,310,3,306,114,37.2549019607843,69,22.5490196078431,21,6.86274509803922,18,5.88235294117647,41,13.3986928104575,20,6.5359477124183,23,7.51633986928105
"08W624","08",Neukölln,"624",W,"086L",W,"6","81",839,297,2,294,140,47.6190476190476,61,20.7482993197279,12,4.08163265306122,10,3.40136054421769,46,15.6462585034014,10,3.40136054421769,15,5.10204081632653
"08W625","08",Neukölln,"625",W,"086M",W,"6","81",976,353,4,348,154,44.2528735632184,76,21.8390804597701,11,3.16091954022989,12,3.44827586206897,63,18.1034482758621,12,3.44827586206897,20,5.74712643678161
"08W626","08",Neukölln,"626",W,"086N",W,"6","81",1023,329,7,321,139,43.3021806853583,78,24.2990654205607,15,4.67289719626168,10,3.11526479750779,37,11.5264797507788,13,4.04984423676012,29,9.03426791277258
"08W627","08",Neukölln,"627",W,"086P",W,"6","81",889,390,1,389,158,40.6169665809769,98,25.1928020565553,27,6.94087403598972,27,6.94087403598972,41,10.5398457583548,14,3.59897172236504,24,6.16966580976864
"08W628","08",Neukölln,"628",W,"086Q",W,"6","81",918,327,4,322,162,50.3105590062112,82,25.4658385093168,12,3.72670807453416,10,3.1055900621118,30,9.3167701863354,13,4.03726708074534,13,4.03726708074534
"08W629","08",Neukölln,"629",W,"086M",W,"6","81",1012,311,2,308,136,44.1558441558442,79,25.6493506493506,10,3.24675324675325,10,3.24675324675325,54,17.5324675324675,7,2.27272727272727,12,3.8961038961039
"08W630","08",Neukölln,"630",W,"086R",W,"6","81",1072,366,6,360,166,46.1111111111111,84,23.3333333333333,24,6.66666666666667,14,3.88888888888889,37,10.2777777777778,19,5.27777777777778,16,4.44444444444444
"08W631","08",Neukölln,"631",W,"086N",W,"6","81",871,362,10,352,128,36.3636363636364,82,23.2954545454545,16,4.54545454545455,12,3.40909090909091,72,20.4545454545455,14,3.97727272727273,28,7.95454545454545
"08W632","08",Neukölln,"632",W,"086P",W,"6","81",936,294,3,291,118,40.5498281786942,69,23.7113402061856,14,4.81099656357388,7,2.40549828178694,45,15.4639175257732,13,4.46735395189003,25,8.59106529209622
"08W633","08",Neukölln,"633",W,"086N",W,"6","81",849,363,8,354,129,36.4406779661017,82,23.1638418079096,13,3.67231638418079,20,5.64971751412429,59,16.6666666666667,17,4.80225988700565,34,9.6045197740113
"08W634","08",Neukölln,"634",W,"086S",W,"6","81",954,349,2,347,161,46.3976945244957,86,24.7838616714697,31,8.93371757925072,9,2.59365994236311,33,9.51008645533141,17,4.89913544668588,10,2.88184438040346
"08W635","08",Neukölln,"635",W,"086S",W,"6","81",988,372,4,368,180,48.9130434782609,73,19.8369565217391,21,5.70652173913043,14,3.80434782608696,40,10.8695652173913,29,7.8804347826087,11,2.98913043478261
"09B1A","09",Treptow-Köpenick,1A,B,"091A",O,"1","83",0,577,3,574,68,11.8466898954704,69,12.0209059233449,217,37.8048780487805,126,21.9512195121951,19,3.31010452961672,14,2.4390243902439,61,10.6271777003484
"09B1B","09",Treptow-Köpenick,1B,B,"091B",O,"1","83",0,516,3,513,66,12.8654970760234,67,13.0604288499025,168,32.7485380116959,116,22.6120857699805,21,4.09356725146199,9,1.75438596491228,66,12.8654970760234
"09B1C","09",Treptow-Köpenick,1C,B,"091C",O,"1","83",0,558,2,556,77,13.8489208633094,70,12.589928057554,192,34.5323741007194,120,21.5827338129496,23,4.13669064748201,12,2.15827338129496,62,11.1510791366906
"09B1D","09",Treptow-Köpenick,1D,B,"091D",O,"1","83",0,343,1,342,57,16.6666666666667,37,10.8187134502924,111,32.4561403508772,60,17.5438596491228,15,4.3859649122807,9,2.63157894736842,53,15.4970760233918
"09B1E","09",Treptow-Köpenick,1E,B,"091E",O,"1","83",0,433,1,431,48,11.1368909512761,56,12.9930394431555,144,33.4106728538283,96,22.2737819025522,12,2.78422273781903,14,3.24825986078886,61,14.15313225058
"09B1F","09",Treptow-Köpenick,1F,B,"091F",O,"1","83",0,724,3,720,97,13.4722222222222,94,13.0555555555556,215,29.8611111111111,155,21.5277777777778,27,3.75,34,4.72222222222222,98,13.6111111111111
"09B1G","09",Treptow-Köpenick,1G,B,"091G",O,"1","83",0,454,2,451,103,22.8381374722838,88,19.5121951219512,66,14.6341463414634,86,19.0687361419069,40,8.86917960088692,6,1.33037694013304,62,13.7472283813747
"09B1H","09",Treptow-Köpenick,1H,B,"091H",O,"1","83",0,430,3,426,90,21.1267605633803,79,18.5446009389671,68,15.962441314554,83,19.4835680751174,39,9.15492957746479,8,1.87793427230047,59,13.849765258216
"09B1J","09",Treptow-Köpenick,1J,B,"091J",O,"1","83",0,418,6,411,72,17.5182481751825,76,18.4914841849148,71,17.2749391727494,84,20.4379562043796,33,8.02919708029197,11,2.67639902676399,64,15.5717761557178
"09B1K","09",Treptow-Köpenick,1K,B,"091K",O,"1","83",0,414,2,411,86,20.9245742092457,89,21.654501216545,36,8.75912408759124,81,19.7080291970803,57,13.8686131386861,11,2.67639902676399,51,12.4087591240876
"09B1L","09",Treptow-Köpenick,1L,B,"091L",O,"1","83",0,553,3,549,83,15.1183970856102,92,16.7577413479053,123,22.4043715846995,125,22.7686703096539,38,6.92167577413479,17,3.09653916211293,71,12.9326047358834
"09B1M","09",Treptow-Köpenick,1M,B,"091M",O,"1","83",0,512,2,509,64,12.573673870334,72,14.1453831041257,130,25.5402750491159,115,22.5933202357564,29,5.69744597249509,18,3.53634577603143,81,15.9135559921415
"09B1N","09",Treptow-Köpenick,1N,B,"091N",O,"1","83",0,291,1,289,71,24.5674740484429,58,20.0692041522491,21,7.26643598615917,57,19.7231833910035,28,9.68858131487889,9,3.11418685121107,45,15.5709342560554
"09B1P","09",Treptow-Köpenick,1P,B,"091P",O,"1","83",0,511,3,507,108,21.301775147929,108,21.301775147929,61,12.0315581854043,117,23.0769230769231,38,7.49506903353057,17,3.35305719921105,58,11.439842209073
"09B1Q","09",Treptow-Köpenick,1Q,B,"091Q",O,"1","83",0,475,2,472,109,23.0932203389831,78,16.5254237288136,76,16.1016949152542,107,22.6694915254237,39,8.26271186440678,12,2.54237288135593,51,10.8050847457627
"09B1R","09",Treptow-Köpenick,1R,B,"091R",O,"1","83",0,538,3,534,114,21.3483146067416,103,19.2883895131086,84,15.7303370786517,110,20.5992509363296,40,7.49063670411985,21,3.93258426966292,62,11.6104868913858
"09B2A","09",Treptow-Köpenick,2A,B,"092A",O,"2","83",0,387,2,384,68,17.7083333333333,60,15.625,71,18.4895833333333,62,16.1458333333333,40,10.4166666666667,14,3.64583333333333,69,17.96875
"09B2B","09",Treptow-Köpenick,2B,B,"092B",O,"2","83",0,392,2,389,55,14.1388174807198,59,15.1670951156812,76,19.5372750642674,68,17.4807197943445,37,9.51156812339332,14,3.59897172236504,80,20.5655526992288
"09B2C","09",Treptow-Köpenick,2C,B,"092C",O,"2","83",0,454,2,451,84,18.6252771618625,101,22.3946784922395,70,15.5210643015521,75,16.629711751663,32,7.09534368070953,24,5.32150776053215,65,14.4124168514412
"09B2D","09",Treptow-Köpenick,2D,B,"092D",O,"2","83",0,464,5,458,64,13.9737991266376,88,19.2139737991266,87,18.9956331877729,83,18.1222707423581,39,8.51528384279476,18,3.93013100436681,79,17.2489082969432
"09B2E","09",Treptow-Köpenick,2E,B,"092E",O,"2","83",0,427,3,423,61,14.4208037825059,75,17.7304964539007,88,20.8037825059102,82,19.3853427895981,31,7.32860520094563,15,3.54609929078014,71,16.7848699763593
"09B2F","09",Treptow-Köpenick,2F,B,"092F",O,"2","83",0,373,2,370,55,14.8648648648649,55,14.8648648648649,86,23.2432432432432,73,19.7297297297297,28,7.56756756756757,14,3.78378378378378,59,15.9459459459459
"09B2G","09",Treptow-Köpenick,2G,B,"092G",O,"2","83",0,426,1,424,80,18.8679245283019,74,17.4528301886792,67,15.8018867924528,68,16.0377358490566,43,10.1415094339623,9,2.12264150943396,83,19.5754716981132
"09B2H","09",Treptow-Köpenick,2H,B,"092H",O,"2","83",0,372,2,369,63,17.0731707317073,77,20.8672086720867,61,16.5311653116531,75,20.3252032520325,19,5.14905149051491,19,5.14905149051491,55,14.9051490514905
"09B2J","09",Treptow-Köpenick,2J,B,"092J",O,"2","83",0,563,3,559,132,23.613595706619,118,21.1091234347048,91,16.2790697674419,81,14.4901610017889,40,7.15563506261181,31,5.54561717352415,66,11.8067978533095
"09B2K","09",Treptow-Köpenick,2K,B,"092K",O,"2","83",0,572,2,569,128,22.4956063268893,102,17.9261862917399,105,18.4534270650264,100,17.5746924428822,42,7.38137082601054,32,5.62390158172232,60,10.5448154657294
"09B2L","09",Treptow-Köpenick,2L,B,"092L",O,"2","83",0,631,2,628,160,25.4777070063694,121,19.2675159235669,97,15.4458598726115,115,18.312101910828,46,7.32484076433121,31,4.93630573248408,58,9.23566878980892
"09B2M","09",Treptow-Köpenick,2M,B,"092M",O,"2","83",0,388,3,384,79,20.5729166666667,70,18.2291666666667,49,12.7604166666667,83,21.6145833333333,39,10.15625,16,4.16666666666667,48,12.5
"09B2N","09",Treptow-Köpenick,2N,B,"092N",O,"2","83",0,484,3,480,131,27.2916666666667,95,19.7916666666667,58,12.0833333333333,89,18.5416666666667,46,9.58333333333333,18,3.75,43,8.95833333333333
"09B2P","09",Treptow-Köpenick,2P,B,"092P",O,"2","83",0,422,2,419,95,22.673031026253,82,19.5704057279236,56,13.3651551312649,82,19.5704057279236,44,10.5011933174224,20,4.77326968973747,40,9.54653937947494
"09B2Q","09",Treptow-Köpenick,2Q,B,"092Q",O,"2","83",0,546,3,542,172,31.7343173431734,102,18.8191881918819,54,9.96309963099631,95,17.5276752767528,49,9.04059040590406,15,2.76752767527675,55,10.1476014760148
"09B3A","09",Treptow-Köpenick,3A,B,"093A",O,"3","83",0,773,1,771,274,35.538261997406,157,20.3631647211414,69,8.94941634241245,89,11.5434500648508,72,9.33852140077821,35,4.53955901426719,75,9.72762645914397
"09B3B","09",Treptow-Köpenick,3B,B,"093B",O,"3","83",0,556,3,552,156,28.2608695652174,145,26.268115942029,45,8.15217391304348,85,15.3985507246377,58,10.5072463768116,15,2.71739130434783,48,8.69565217391304
"09B3C","09",Treptow-Köpenick,3C,B,"093C",O,"3","83",0,517,1,515,128,24.8543689320388,133,25.8252427184466,59,11.4563106796117,76,14.7572815533981,48,9.32038834951456,22,4.27184466019417,49,9.51456310679612
"09B3D","09",Treptow-Köpenick,3D,B,"093D",O,"3","83",0,384,3,380,85,22.3684210526316,105,27.6315789473684,17,4.47368421052632,67,17.6315789473684,51,13.4210526315789,11,2.89473684210526,44,11.5789473684211
"09B3E","09",Treptow-Köpenick,3E,B,"093E",O,"3","83",0,557,2,554,197,35.5595667870036,130,23.4657039711191,49,8.84476534296029,50,9.02527075812274,51,9.2057761732852,30,5.41516245487365,47,8.48375451263538
"09B3F","09",Treptow-Köpenick,3F,B,"093F",O,"3","83",0,314,1,312,110,35.2564102564103,71,22.7564102564103,28,8.97435897435897,28,8.97435897435897,28,8.97435897435897,16,5.12820512820513,31,9.93589743589744
"09B3G","09",Treptow-Köpenick,3G,B,"093G",O,"3","83",0,475,2,472,103,21.8220338983051,107,22.6694915254237,54,11.4406779661017,75,15.8898305084746,46,9.74576271186441,21,4.44915254237288,66,13.9830508474576
"09B3H","09",Treptow-Köpenick,3H,B,"093H",O,"3","83",0,505,2,502,117,23.3067729083665,129,25.6972111553785,54,10.7569721115538,81,16.1354581673307,52,10.3585657370518,19,3.78486055776892,50,9.9601593625498
"09B3J","09",Treptow-Köpenick,3J,B,"093J",O,"3","83",0,481,2,478,119,24.8953974895398,119,24.8953974895398,48,10.0418410041841,75,15.6903765690377,48,10.0418410041841,15,3.13807531380753,54,11.2970711297071
"09B3K","09",Treptow-Köpenick,3K,B,"093K",O,"3","83",0,528,2,525,152,28.952380952381,109,20.7619047619048,63,12,73,13.9047619047619,50,9.52380952380952,23,4.38095238095238,55,10.4761904761905
"09B3L","09",Treptow-Köpenick,3L,B,"093L",O,"3","83",0,504,3,500,106,21.2,75,15,106,21.2,81,16.2,44,8.8,21,4.2,67,13.4
"09B3M","09",Treptow-Köpenick,3M,B,"093M",O,"3","83",0,247,2,244,50,20.4918032786885,37,15.1639344262295,53,21.7213114754098,39,15.9836065573771,21,8.60655737704918,9,3.68852459016393,35,14.344262295082
"09B3N","09",Treptow-Köpenick,3N,B,"093N",O,"3","83",0,400,3,396,87,21.969696969697,78,19.6969696969697,59,14.8989898989899,55,13.8888888888889,45,11.3636363636364,16,4.04040404040404,56,14.1414141414141
"09B3P","09",Treptow-Köpenick,3P,B,"093P",O,"3","83",0,477,3,473,112,23.6786469344609,112,23.6786469344609,51,10.7822410147992,84,17.7589852008457,46,9.72515856236786,17,3.59408033826638,51,10.7822410147992
"09B3Q","09",Treptow-Köpenick,3Q,B,"093Q",O,"3","83",0,580,7,573,151,26.3525305410122,132,23.0366492146597,51,8.90052356020942,123,21.4659685863874,52,9.07504363001745,13,2.26876090750436,51,8.90052356020942
"09B3R","09",Treptow-Köpenick,3R,B,"093R",O,"3","83",0,679,4,675,198,29.3333333333333,109,16.1481481481481,147,21.7777777777778,69,10.2222222222222,31,4.59259259259259,40,5.92592592592593,81,12
"09B4A","09",Treptow-Köpenick,4A,B,"094A",O,"4","83",0,570,4,566,205,36.2190812720848,101,17.8445229681979,49,8.65724381625442,56,9.89399293286219,63,11.13074204947,18,3.18021201413428,74,13.0742049469965
"09B4B","09",Treptow-Köpenick,4B,B,"094B",O,"4","83",0,583,3,580,220,37.9310344827586,101,17.4137931034483,42,7.24137931034483,72,12.4137931034483,62,10.6896551724138,23,3.96551724137931,60,10.3448275862069
"09B4C","09",Treptow-Köpenick,4C,B,"094C",O,"4","83",0,568,1,567,232,40.9171075837742,100,17.636684303351,59,10.4056437389771,61,10.7583774250441,51,8.99470899470899,19,3.35097001763668,45,7.93650793650794
"09B4D","09",Treptow-Köpenick,4D,B,"094D",O,"4","83",0,515,5,510,168,32.9411764705882,104,20.3921568627451,31,6.07843137254902,66,12.9411764705882,62,12.156862745098,29,5.68627450980392,50,9.80392156862745
"09B4E","09",Treptow-Köpenick,4E,B,"094E",O,"4","83",0,582,4,578,250,43.2525951557093,95,16.4359861591695,38,6.57439446366782,63,10.8996539792388,64,11.0726643598616,11,1.90311418685121,57,9.86159169550173
"09B4F","09",Treptow-Köpenick,4F,B,"094F",O,"4","83",0,409,2,407,144,35.3808353808354,72,17.6904176904177,14,3.43980343980344,54,13.2678132678133,64,15.7248157248157,14,3.43980343980344,45,11.0565110565111
"09B4G","09",Treptow-Köpenick,4G,B,"094G",O,"4","83",0,334,5,329,104,31.6109422492401,61,18.5410334346505,14,4.25531914893617,38,11.5501519756839,50,15.1975683890577,9,2.73556231003039,53,16.1094224924012
"09B4H","09",Treptow-Köpenick,4H,B,"094H",O,"4","83",0,497,3,494,202,40.8906882591093,83,16.8016194331984,41,8.29959514170041,38,7.69230769230769,62,12.5506072874494,21,4.25101214574899,47,9.51417004048583
"09B4J","09",Treptow-Köpenick,4J,B,"094J",O,"4","83",0,604,1,603,259,42.9519071310116,114,18.9054726368159,50,8.29187396351576,69,11.4427860696517,51,8.45771144278607,17,2.81923714759536,43,7.13101160862355
"09B4K","09",Treptow-Köpenick,4K,B,"094K",O,"4","83",0,226,3,222,62,27.9279279279279,47,21.1711711711712,7,3.15315315315315,33,14.8648648648649,41,18.4684684684685,8,3.6036036036036,24,10.8108108108108
"09B4L","09",Treptow-Köpenick,4L,B,"094L",O,"4","83",0,329,4,324,124,38.2716049382716,54,16.6666666666667,12,3.7037037037037,39,12.037037037037,56,17.2839506172839,8,2.46913580246914,31,9.5679012345679
"09B4M","09",Treptow-Köpenick,4M,B,"094M",O,"4","83",0,421,4,416,130,31.25,79,18.9903846153846,23,5.52884615384615,62,14.9038461538462,61,14.6634615384615,17,4.08653846153846,44,10.5769230769231
"09B4N","09",Treptow-Köpenick,4N,B,"094N",O,"4","83",0,554,2,551,179,32.486388384755,113,20.508166969147,59,10.7078039927405,81,14.7005444646098,42,7.62250453720508,23,4.17422867513612,54,9.80036297640653
"09B4P","09",Treptow-Köpenick,4P,B,"094P",O,"4","83",0,577,2,574,205,35.7142857142857,103,17.9442508710801,34,5.92334494773519,77,13.4146341463415,80,13.9372822299652,27,4.70383275261324,48,8.36236933797909
"09B4Q","09",Treptow-Köpenick,4Q,B,"094Q",O,"4","83",0,279,1,277,81,29.2418772563177,61,22.0216606498195,27,9.74729241877256,38,13.7184115523466,23,8.30324909747292,11,3.97111913357401,36,12.9963898916967
"09B4R","09",Treptow-Köpenick,4R,B,"094R",O,"4","83",0,629,5,623,218,34.991974317817,113,18.1380417335474,41,6.58105939004815,94,15.0882825040128,77,12.3595505617978,17,2.72873194221509,63,10.1123595505618
"09B4S","09",Treptow-Köpenick,4S,B,"094S",O,"4","83",0,652,7,644,238,36.9565217391304,114,17.7018633540373,31,4.81366459627329,79,12.2670807453416,92,14.2857142857143,26,4.03726708074534,64,9.93788819875776
"09B5A","09",Treptow-Köpenick,5A,B,"095A",O,"5","83",0,598,2,595,162,27.2268907563025,126,21.1764705882353,75,12.6050420168067,104,17.4789915966387,47,7.89915966386555,25,4.20168067226891,56,9.41176470588235
"09B5B","09",Treptow-Köpenick,5B,B,"095B",O,"5","83",0,402,4,397,80,20.1511335012594,72,18.1360201511335,67,16.8765743073048,82,20.6549118387909,41,10.3274559193955,16,4.03022670025189,39,9.82367758186398
"09B5C","09",Treptow-Köpenick,5C,B,"095C",O,"5","83",0,376,2,373,69,18.4986595174263,74,19.8391420911528,65,17.426273458445,77,20.6434316353887,38,10.1876675603217,13,3.48525469168901,37,9.91957104557641
"09B5D","09",Treptow-Köpenick,5D,B,"095D",O,"5","83",0,434,1,432,99,22.9166666666667,96,22.2222222222222,67,15.5092592592593,59,13.6574074074074,41,9.49074074074074,24,5.55555555555556,46,10.6481481481481
"09B5E","09",Treptow-Köpenick,5E,B,"095E",O,"5","83",0,316,1,314,67,21.3375796178344,62,19.7452229299363,36,11.4649681528662,43,13.6942675159236,38,12.1019108280255,10,3.18471337579618,58,18.4713375796178
"09B5F","09",Treptow-Köpenick,5F,B,"095F",O,"5","83",0,505,6,498,128,25.7028112449799,96,19.2771084337349,51,10.2409638554217,93,18.6746987951807,55,11.0441767068273,15,3.01204819277108,60,12.0481927710843
"09B5G","09",Treptow-Köpenick,5G,B,"095G",O,"5","83",0,463,5,457,115,25.164113785558,99,21.6630196936543,54,11.8161925601751,77,16.8490153172867,46,10.0656455142232,17,3.7199124726477,49,10.7221006564551
"09B5H","09",Treptow-Köpenick,5H,B,"095H",O,"5","83",0,516,4,512,123,24.0234375,97,18.9453125,67,13.0859375,87,16.9921875,65,12.6953125,16,3.125,57,11.1328125
"09B5J","09",Treptow-Köpenick,5J,B,"095J",O,"5","83",0,432,4,428,92,21.4953271028037,89,20.7943925233645,68,15.8878504672897,64,14.9532710280374,36,8.41121495327103,22,5.14018691588785,57,13.3177570093458
"09B5K","09",Treptow-Köpenick,5K,B,"095K",O,"5","83",0,400,2,398,91,22.8643216080402,81,20.3517587939699,49,12.3115577889447,68,17.0854271356784,38,9.54773869346734,14,3.51758793969849,57,14.321608040201
"09B5L","09",Treptow-Köpenick,5L,B,"095L",O,"5","83",0,467,1,466,138,29.6137339055794,104,22.3175965665236,54,11.587982832618,75,16.0944206008584,33,7.08154506437768,18,3.86266094420601,44,9.44206008583691
"09B5M","09",Treptow-Köpenick,5M,B,"095M",O,"5","83",0,587,3,584,146,25,127,21.7465753424658,99,16.9520547945205,71,12.1575342465753,48,8.21917808219178,43,7.36301369863014,50,8.56164383561644
"09B5N","09",Treptow-Köpenick,5N,B,"095N",O,"5","83",0,573,4,569,167,29.3497363796134,131,23.0228471001757,76,13.3567662565905,83,14.5869947275923,42,7.38137082601054,30,5.27240773286468,40,7.0298769771529
"09B5P","09",Treptow-Köpenick,5P,B,"095P",O,"5","83",0,535,1,534,166,31.0861423220974,121,22.6591760299625,66,12.3595505617978,81,15.1685393258427,34,6.36704119850187,22,4.11985018726592,44,8.23970037453183
"09B5Q","09",Treptow-Köpenick,5Q,B,"095Q",O,"5","83",0,496,3,493,166,33.6713995943205,99,20.0811359026369,52,10.5476673427992,69,13.9959432048682,42,8.51926977687627,28,5.67951318458418,37,7.50507099391481
"09B5R","09",Treptow-Köpenick,5R,B,"095R",O,"5","83",0,316,3,313,101,32.2683706070287,65,20.7667731629393,27,8.62619808306709,46,14.6964856230032,37,11.8210862619808,16,5.11182108626198,21,6.70926517571885
"09B6A","09",Treptow-Köpenick,6A,B,"096A",O,"6","83",0,380,1,379,84,22.1635883905013,82,21.6358839050132,38,10.0263852242744,80,21.1081794195251,44,11.6094986807388,18,4.74934036939314,33,8.70712401055409
"09B6B","09",Treptow-Köpenick,6B,B,"096B",O,"6","83",0,479,6,473,100,21.1416490486258,124,26.215644820296,30,6.34249471458774,87,18.3932346723044,61,12.8964059196617,18,3.80549682875264,53,11.2050739957717
"09B6C","09",Treptow-Köpenick,6C,B,"096C",O,"6","83",0,498,2,496,119,23.991935483871,120,24.1935483870968,31,6.25,90,18.1451612903226,63,12.7016129032258,23,4.63709677419355,50,10.0806451612903
"09B6D","09",Treptow-Köpenick,6D,B,"096D",O,"6","83",0,373,2,371,96,25.8760107816712,100,26.9541778975741,20,5.39083557951483,67,18.0592991913747,44,11.8598382749326,13,3.50404312668464,31,8.35579514824798
"09B6E","09",Treptow-Köpenick,6E,B,"096E",O,"6","83",0,447,2,445,124,27.8651685393258,94,21.123595505618,37,8.31460674157303,72,16.1797752808989,56,12.5842696629213,21,4.71910112359551,41,9.21348314606742
"09B6F","09",Treptow-Köpenick,6F,B,"096F",O,"6","83",0,470,2,468,138,29.4871794871795,98,20.9401709401709,40,8.54700854700855,77,16.4529914529915,56,11.965811965812,22,4.7008547008547,37,7.90598290598291
"09B6G","09",Treptow-Köpenick,6G,B,"096G",O,"6","83",0,434,1,433,95,21.9399538106236,69,15.9353348729792,44,10.161662817552,99,22.8637413394919,54,12.4711316397229,15,3.46420323325635,57,13.1639722863741
"09B6H","09",Treptow-Köpenick,6H,B,"096H",O,"6","83",0,492,3,489,132,26.9938650306748,96,19.6319018404908,63,12.8834355828221,83,16.9734151329243,47,9.61145194274029,24,4.9079754601227,44,8.99795501022495
"09B6J","09",Treptow-Köpenick,6J,B,"096J",O,"6","83",0,524,3,521,164,31.4779270633397,92,17.658349328215,50,9.59692898272553,87,16.6986564299424,59,11.3243761996161,30,5.75815738963532,39,7.48560460652591
"09B6K","09",Treptow-Köpenick,6K,B,"096K",O,"6","83",0,513,1,512,142,27.734375,133,25.9765625,32,6.25,84,16.40625,63,12.3046875,15,2.9296875,43,8.3984375
"09B6L","09",Treptow-Köpenick,6L,B,"096L",O,"6","83",0,455,1,453,126,27.8145695364238,102,22.5165562913907,37,8.16777041942605,74,16.3355408388521,58,12.80353200883,25,5.51876379690949,31,6.84326710816777
"09B6M","09",Treptow-Köpenick,6M,B,"096M",O,"6","83",0,545,3,541,170,31.4232902033272,103,19.0388170055453,57,10.5360443622921,79,14.6025878003697,59,10.90573012939,40,7.39371534195933,33,6.09981515711645
"09B6N","09",Treptow-Köpenick,6N,B,"096N",O,"6","83",0,569,2,566,170,30.0353356890459,126,22.2614840989399,39,6.8904593639576,84,14.8409893992933,69,12.1908127208481,23,4.06360424028269,55,9.71731448763251
"09B6P","09",Treptow-Köpenick,6P,B,"096P",O,"6","83",0,552,3,548,205,37.4087591240876,88,16.0583941605839,33,6.02189781021898,57,10.4014598540146,84,15.3284671532847,32,5.83941605839416,49,8.94160583941606
"09B6Q","09",Treptow-Köpenick,6Q,B,"096Q",O,"6","83",0,556,3,552,208,37.6811594202899,88,15.9420289855072,33,5.97826086956522,58,10.5072463768116,86,15.5797101449275,33,5.97826086956522,46,8.33333333333333
"09B7A","09",Treptow-Köpenick,7A,B,"097A",O,"7","83",0,572,4,567,197,34.7442680776014,121,21.3403880070547,46,8.11287477954145,92,16.2257495590829,45,7.93650793650794,16,2.82186948853616,50,8.81834215167548
"09B7B","09",Treptow-Köpenick,7B,B,"097B",O,"7","83",0,481,4,476,136,28.5714285714286,108,22.6890756302521,51,10.7142857142857,91,19.1176470588235,43,9.03361344537815,12,2.52100840336134,35,7.35294117647059
"09B7C","09",Treptow-Köpenick,7C,B,"097C",O,"7","83",0,576,4,571,195,34.1506129597198,115,20.1401050788091,70,12.2591943957968,87,15.2364273204904,47,8.23117338003503,17,2.97723292469352,40,7.00525394045534
"09B7D","09",Treptow-Köpenick,7D,B,"097D",O,"7","83",0,492,4,487,123,25.2566735112936,109,22.3819301848049,60,12.3203285420945,95,19.5071868583162,45,9.24024640657084,9,1.84804928131417,46,9.44558521560575
"09B7E","09",Treptow-Köpenick,7E,B,"097E",O,"7","83",0,439,4,434,122,28.110599078341,80,18.4331797235023,55,12.6728110599078,85,19.5852534562212,43,9.90783410138249,15,3.45622119815668,34,7.83410138248848
"09B7F","09",Treptow-Köpenick,7F,B,"097F",O,"7","83",0,502,6,495,154,31.1111111111111,87,17.5757575757576,92,18.5858585858586,81,16.3636363636364,36,7.27272727272727,15,3.03030303030303,30,6.06060606060606
"09B7G","09",Treptow-Köpenick,7G,B,"097G",O,"7","83",0,479,4,475,129,27.1578947368421,98,20.6315789473684,56,11.7894736842105,98,20.6315789473684,46,9.68421052631579,14,2.94736842105263,34,7.1578947368421
"09B7H","09",Treptow-Köpenick,7H,B,"097H",O,"7","83",0,522,3,519,166,31.9845857418112,101,19.4605009633911,57,10.9826589595376,100,19.2678227360308,44,8.47784200385356,19,3.66088631984586,32,6.16570327552987
"09B7J","09",Treptow-Köpenick,7J,B,"097J",O,"7","83",0,610,2,608,208,34.2105263157895,111,18.2565789473684,91,14.9671052631579,83,13.6513157894737,43,7.07236842105263,27,4.44078947368421,45,7.40131578947368
"09B7K","09",Treptow-Köpenick,7K,B,"097K",O,"7","83",0,278,2,276,85,30.7971014492754,48,17.3913043478261,50,18.1159420289855,50,18.1159420289855,18,6.52173913043478,7,2.53623188405797,18,6.52173913043478
"09B7L","09",Treptow-Köpenick,7L,B,"097L",O,"7","83",0,536,2,534,164,30.7116104868914,104,19.4756554307116,79,14.7940074906367,95,17.7902621722846,33,6.17977528089888,20,3.74531835205993,39,7.30337078651685
"09B7M","09",Treptow-Köpenick,7M,B,"097M",O,"7","83",0,555,2,553,159,28.75226039783,103,18.625678119349,96,17.3598553345389,95,17.1790235081374,36,6.50994575045208,16,2.89330922242315,48,8.67992766726944
"09B7N","09",Treptow-Köpenick,7N,B,"097N",O,"7","83",0,605,3,602,208,34.5514950166113,113,18.7707641196013,67,11.1295681063123,103,17.109634551495,46,7.64119601328904,28,4.65116279069767,37,6.14617940199336
"09B7P","09",Treptow-Köpenick,7P,B,"097P",O,"7","83",0,639,2,637,234,36.734693877551,113,17.7394034536892,75,11.7739403453689,95,14.9136577708006,57,8.94819466248038,32,5.02354788069074,31,4.86656200941915
"09B7Q","09",Treptow-Köpenick,7Q,B,"097Q",O,"7","83",0,612,2,610,225,36.8852459016393,109,17.8688524590164,72,11.8032786885246,94,15.4098360655738,51,8.36065573770492,26,4.26229508196721,33,5.40983606557377
"09B7R","09",Treptow-Köpenick,7R,B,"097R",O,"7","83",0,584,1,583,220,37.7358490566038,94,16.1234991423671,62,10.6346483704974,90,15.4373927958834,52,8.91938250428817,25,4.28816466552316,40,6.86106346483705
"09B7S","09",Treptow-Köpenick,7S,B,"097S",O,"7","83",0,287,1,286,116,40.5594405594406,39,13.6363636363636,29,10.1398601398601,39,13.6363636363636,29,10.1398601398601,16,5.59440559440559,18,6.29370629370629
"09W101","09",Treptow-Köpenick,"101",W,"091A",O,"1","83",1003,378,1,377,43,11.4058355437666,38,10.079575596817,94,24.9336870026525,118,31.2997347480106,28,7.42705570291777,3,0.795755968169761,53,14.0583554376658
"09W102","09",Treptow-Köpenick,"102",W,"091B",O,"1","83",1002,407,2,405,40,9.87654320987654,51,12.5925925925926,136,33.5802469135802,99,24.4444444444444,32,7.90123456790123,6,1.48148148148148,41,10.1234567901235
"09W103","09",Treptow-Köpenick,"103",W,"091C",O,"1","83",1051,460,2,458,44,9.60698689956332,55,12.0087336244541,150,32.7510917030568,123,26.8558951965066,28,6.11353711790393,7,1.52838427947598,51,11.1353711790393
"09W104","09",Treptow-Köpenick,"104",W,"091D",O,"1","83",1060,378,2,376,52,13.8297872340426,48,12.7659574468085,119,31.6489361702128,76,20.2127659574468,20,5.31914893617021,14,3.72340425531915,47,12.5
"09W105","09",Treptow-Köpenick,"105",W,"091B",O,"1","83",863,363,2,361,38,10.5263157894737,45,12.4653739612188,114,31.5789473684211,86,23.8227146814404,19,5.26315789473684,9,2.49307479224377,50,13.8504155124654
"09W106","09",Treptow-Köpenick,"106",W,"091A",O,"1","83",907,362,1,361,37,10.2493074792244,43,11.9113573407202,135,37.3961218836565,82,22.7146814404432,12,3.32409972299169,7,1.93905817174515,45,12.4653739612188
"09W107","09",Treptow-Köpenick,"107",W,"091C",O,"1","83",904,360,1,359,28,7.79944289693593,40,11.142061281337,132,36.7688022284123,82,22.8412256267409,16,4.45682451253482,10,2.78551532033426,51,14.2061281337047
"09W108","09",Treptow-Köpenick,"108",W,"091E",O,"1","83",782,350,5,345,33,9.56521739130435,41,11.8840579710145,115,33.3333333333333,82,23.768115942029,10,2.89855072463768,11,3.18840579710145,53,15.3623188405797
"09W109","09",Treptow-Köpenick,"109",W,"091E",O,"1","83",784,319,4,315,13,4.12698412698413,24,7.61904761904762,110,34.9206349206349,106,33.6507936507937,9,2.85714285714286,6,1.9047619047619,47,14.9206349206349
"09W110","09",Treptow-Köpenick,"110",W,"091F",O,"1","83",881,290,2,288,26,9.02777777777778,37,12.8472222222222,94,32.6388888888889,62,21.5277777777778,16,5.55555555555556,9,3.125,44,15.2777777777778
"09W111","09",Treptow-Köpenick,"111",W,"091G",O,"1","83",848,299,4,295,47,15.9322033898305,41,13.8983050847458,67,22.7118644067797,67,22.7118644067797,28,9.49152542372881,4,1.35593220338983,41,13.8983050847458
"09W112","09",Treptow-Köpenick,"112",W,"091F",O,"1","83",852,354,5,348,40,11.4942528735632,60,17.2413793103448,99,28.448275862069,70,20.1149425287356,26,7.47126436781609,12,3.44827586206897,41,11.7816091954023
"09W113","09",Treptow-Köpenick,"113",W,"091G",O,"1","83",948,318,5,312,61,19.5512820512821,42,13.4615384615385,32,10.2564102564103,55,17.6282051282051,60,19.2307692307692,11,3.52564102564103,51,16.3461538461538
"09W114","09",Treptow-Köpenick,"114",W,"091H",O,"1","83",948,296,5,290,79,27.2413793103448,37,12.7586206896552,21,7.24137931034483,53,18.2758620689655,47,16.2068965517241,9,3.10344827586207,44,15.1724137931034
"09W115","09",Treptow-Köpenick,"115",W,"091K",O,"1","83",930,312,3,308,58,18.8311688311688,48,15.5844155844156,37,12.012987012987,54,17.5324675324675,62,20.1298701298701,3,0.974025974025974,46,14.9350649350649
"09W116","09",Treptow-Köpenick,"116",W,"091H",O,"1","83",913,339,2,336,62,18.452380952381,52,15.4761904761905,43,12.797619047619,87,25.8928571428571,40,11.9047619047619,8,2.38095238095238,44,13.0952380952381
"09W117","09",Treptow-Köpenick,"117",W,"091J",O,"1","83",890,333,7,325,54,16.6153846153846,39,12,50,15.3846153846154,71,21.8461538461538,50,15.3846153846154,11,3.38461538461538,50,15.3846153846154
"09W118","09",Treptow-Köpenick,"118",W,"091K",O,"1","83",877,237,3,233,55,23.6051502145923,37,15.8798283261803,21,9.01287553648069,43,18.4549356223176,46,19.7424892703863,7,3.00429184549356,24,10.3004291845494
"09W119","09",Treptow-Köpenick,"119",W,"091L",O,"1","83",880,299,3,295,53,17.9661016949153,45,15.2542372881356,45,15.2542372881356,60,20.3389830508475,36,12.2033898305085,9,3.05084745762712,47,15.9322033898305
"09W120","09",Treptow-Köpenick,"120",W,"091J",O,"1","83",934,275,5,269,45,16.728624535316,33,12.2676579925651,41,15.2416356877323,59,21.9330855018587,37,13.7546468401487,6,2.23048327137546,48,17.8438661710037
"09W121","09",Treptow-Köpenick,"121",W,"091L",O,"1","83",1047,353,1,351,45,12.8205128205128,46,13.1054131054131,96,27.3504273504274,82,23.3618233618234,28,7.97720797720798,9,2.56410256410256,45,12.8205128205128
"09W122","09",Treptow-Köpenick,"122",W,"091M",O,"1","83",1025,441,5,435,65,14.9425287356322,65,14.9425287356322,94,21.6091954022989,91,20.9195402298851,46,10.5747126436782,15,3.44827586206897,59,13.5632183908046
"09W123","09",Treptow-Köpenick,"123",W,"091N",O,"1","83",1054,397,6,390,86,22.0512820512821,67,17.1794871794872,30,7.69230769230769,69,17.6923076923077,76,19.4871794871795,9,2.30769230769231,53,13.5897435897436
"09W124","09",Treptow-Köpenick,"124",W,"091P",O,"1","83",1050,423,4,418,95,22.7272727272727,92,22.0095693779904,34,8.13397129186603,79,18.8995215311005,65,15.5502392344498,9,2.15311004784689,44,10.5263157894737
"09W125","09",Treptow-Köpenick,"125",W,"091P",O,"1","83",968,371,7,363,63,17.3553719008264,54,14.8760330578512,65,17.9063360881543,75,20.6611570247934,47,12.9476584022039,10,2.75482093663912,49,13.4986225895317
"09W126","09",Treptow-Köpenick,"126",W,"091Q",O,"1","83",963,357,6,350,73,20.8571428571429,65,18.5714285714286,54,15.4285714285714,61,17.4285714285714,35,10,14,4,48,13.7142857142857
"09W127","09",Treptow-Köpenick,"127",W,"091M",O,"1","83",891,354,2,351,41,11.6809116809117,57,16.2393162393162,77,21.9373219373219,80,22.7920227920228,35,9.97150997150997,17,4.84330484330484,44,12.5356125356125
"09W128","09",Treptow-Köpenick,"128",W,"091Q",O,"1","83",950,359,4,354,61,17.2316384180791,67,18.9265536723164,55,15.5367231638418,73,20.6214689265537,36,10.1694915254237,13,3.67231638418079,49,13.8418079096045
"09W129","09",Treptow-Köpenick,"129",W,"091R",O,"1","83",963,401,6,394,75,19.0355329949239,63,15.989847715736,67,17.005076142132,73,18.5279187817259,52,13.1979695431472,11,2.79187817258883,53,13.4517766497462
"09W130","09",Treptow-Köpenick,"130",W,"091R",O,"1","83",977,347,2,344,57,16.5697674418605,61,17.7325581395349,50,14.5348837209302,77,22.3837209302326,35,10.1744186046512,12,3.48837209302326,52,15.1162790697674
"09W201","09",Treptow-Köpenick,"201",W,"092A",O,"2","83",910,293,3,289,77,26.643598615917,33,11.4186851211073,44,15.2249134948097,28,9.68858131487889,46,15.916955017301,18,6.22837370242214,43,14.878892733564
"09W202","09",Treptow-Köpenick,"202",W,"092A",O,"2","83",923,281,3,277,34,12.2743682310469,39,14.0794223826715,36,12.9963898916967,53,19.1335740072202,53,19.1335740072202,9,3.24909747292419,53,19.1335740072202
"09W203","09",Treptow-Köpenick,"203",W,"092B",O,"2","83",935,316,4,311,35,11.2540192926045,52,16.7202572347267,47,15.112540192926,71,22.8295819935691,44,14.1479099678457,11,3.53697749196141,51,16.3987138263666
"09W204","09",Treptow-Köpenick,"204",W,"092B",O,"2","83",918,320,5,314,40,12.7388535031847,39,12.4203821656051,41,13.0573248407643,69,21.9745222929936,58,18.4713375796178,14,4.45859872611465,53,16.8789808917197
"09W205","09",Treptow-Köpenick,"205",W,"092C",O,"2","83",912,295,2,293,46,15.6996587030717,43,14.6757679180887,45,15.358361774744,65,22.1843003412969,34,11.6040955631399,13,4.43686006825939,47,16.0409556313993
"09W206","09",Treptow-Köpenick,"206",W,"092C",O,"2","83",925,378,6,372,55,14.7849462365591,60,16.1290322580645,45,12.0967741935484,76,20.4301075268817,65,17.4731182795699,7,1.88172043010753,64,17.2043010752688
"09W207","09",Treptow-Köpenick,"207",W,"092D",O,"2","83",926,387,1,386,74,19.1709844559585,84,21.7616580310881,52,13.4715025906736,67,17.3575129533679,51,13.2124352331606,10,2.59067357512953,48,12.4352331606218
"09W208","09",Treptow-Köpenick,"208",W,"092D",O,"2","83",930,341,2,339,63,18.5840707964602,49,14.4542772861357,68,20.0589970501475,61,17.9941002949853,43,12.6843657817109,13,3.83480825958702,42,12.3893805309735
"09W209","09",Treptow-Köpenick,"209",W,"092E",O,"2","83",986,323,3,320,36,11.25,48,15,62,19.375,70,21.875,49,15.3125,10,3.125,45,14.0625
"09W210","09",Treptow-Köpenick,"210",W,"092F",O,"2","83",832,259,2,257,37,14.3968871595331,34,13.2295719844358,45,17.5097276264591,54,21.011673151751,36,14.0077821011673,9,3.50194552529183,42,16.3424124513619
"09W211","09",Treptow-Köpenick,"211",W,"092E",O,"2","83",846,285,5,280,41,14.6428571428571,42,15,60,21.4285714285714,51,18.2142857142857,31,11.0714285714286,12,4.28571428571429,43,15.3571428571429
"09W212","09",Treptow-Köpenick,"212",W,"092G",O,"2","83",897,310,4,306,44,14.3790849673203,63,20.5882352941176,49,16.0130718954248,55,17.9738562091503,47,15.359477124183,10,3.26797385620915,38,12.4183006535948
"09W213","09",Treptow-Köpenick,"213",W,"092G",O,"2","83",939,325,2,323,55,17.0278637770898,54,16.71826625387,18,5.57275541795666,57,17.6470588235294,72,22.2910216718266,6,1.85758513931889,61,18.8854489164087
"09W214","09",Treptow-Köpenick,"214",W,"092F",O,"2","83",891,291,4,287,36,12.5435540069686,42,14.6341463414634,53,18.4668989547038,57,19.8606271777003,42,14.6341463414634,10,3.48432055749129,47,16.3763066202091
"09W215","09",Treptow-Köpenick,"215",W,"092H",O,"2","83",878,328,2,326,49,15.0306748466258,50,15.3374233128834,61,18.7116564417178,59,18.0981595092025,44,13.4969325153374,12,3.68098159509202,51,15.6441717791411
"09W216","09",Treptow-Köpenick,"216",W,"092H",O,"2","83",872,275,2,272,45,16.5441176470588,46,16.9117647058824,39,14.3382352941176,38,13.9705882352941,45,16.5441176470588,11,4.04411764705882,48,17.6470588235294
"09W217","09",Treptow-Köpenick,"217",W,"092J",O,"2","83",867,226,2,223,41,18.3856502242152,36,16.1434977578475,31,13.9013452914798,36,16.1434977578475,36,16.1434977578475,8,3.58744394618834,35,15.695067264574
"09W218","09",Treptow-Köpenick,"218",W,"092J",O,"2","83",981,335,1,333,93,27.9279279279279,40,12.012012012012,52,15.6156156156156,33,9.90990990990991,45,13.5135135135135,21,6.30630630630631,49,14.7147147147147
"09W219","09",Treptow-Köpenick,"219",W,"092K",O,"2","83",965,321,3,317,74,23.3438485804416,49,15.4574132492114,53,16.7192429022082,49,15.4574132492114,46,14.5110410094637,16,5.04731861198738,30,9.46372239747634
"09W220","09",Treptow-Köpenick,"220",W,"092K",O,"2","83",1010,375,4,370,69,18.6486486486486,56,15.1351351351351,55,14.8648648648649,69,18.6486486486486,61,16.4864864864865,14,3.78378378378378,46,12.4324324324324
"09W221","09",Treptow-Köpenick,"221",W,"092L",O,"2","83",928,379,5,373,87,23.3243967828418,71,19.0348525469169,42,11.2600536193029,69,18.4986595174263,47,12.6005361930295,8,2.14477211796247,49,13.1367292225201
"09W222","09",Treptow-Köpenick,"222",W,"092L",O,"2","83",1019,402,3,398,77,19.3467336683417,61,15.3266331658291,56,14.070351758794,74,18.5929648241206,65,16.3316582914573,10,2.51256281407035,55,13.8190954773869
"09W223","09",Treptow-Köpenick,"223",W,"092M",O,"2","83",849,326,2,323,61,18.8854489164087,48,14.8606811145511,54,16.71826625387,54,16.71826625387,51,15.7894736842105,9,2.78637770897833,46,14.2414860681115
"09W224","09",Treptow-Köpenick,"224",W,"092M",O,"2","83",855,302,4,297,48,16.1616161616162,41,13.8047138047138,58,19.5286195286195,58,19.5286195286195,44,14.8148148148148,3,1.01010101010101,45,15.1515151515152
"09W225","09",Treptow-Köpenick,"225",W,"092N",O,"2","83",836,272,4,267,65,24.3445692883895,49,18.3520599250936,35,13.1086142322097,36,13.4831460674157,38,14.2322097378277,13,4.8689138576779,31,11.6104868913858
"09W226","09",Treptow-Köpenick,"226",W,"092P",O,"2","83",836,270,3,266,72,27.0676691729323,39,14.6616541353383,37,13.9097744360902,37,13.9097744360902,35,13.1578947368421,9,3.38345864661654,37,13.9097744360902
"09W227","09",Treptow-Köpenick,"227",W,"092P",O,"2","83",926,420,3,416,85,20.4326923076923,64,15.3846153846154,77,18.5096153846154,75,18.0288461538462,51,12.2596153846154,12,2.88461538461538,52,12.5
"09W228","09",Treptow-Köpenick,"228",W,"092N",O,"2","83",828,295,1,293,79,26.962457337884,51,17.4061433447099,37,12.6279863481229,48,16.382252559727,43,14.6757679180887,7,2.38907849829352,28,9.55631399317406
"09W229","09",Treptow-Köpenick,"229",W,"092Q",O,"2","83",850,318,4,313,75,23.961661341853,62,19.8083067092652,34,10.8626198083067,54,17.2523961661342,51,16.2939297124601,8,2.55591054313099,29,9.26517571884984
"09W230","09",Treptow-Köpenick,"230",W,"092Q",O,"2","83",864,319,4,314,75,23.8853503184713,58,18.4713375796178,34,10.828025477707,55,17.515923566879,50,15.9235668789809,8,2.54777070063694,34,10.828025477707
"09W301","09",Treptow-Köpenick,"301",W,"093A",O,"3","83",1033,350,6,343,130,37.9008746355685,53,15.4518950437318,40,11.6618075801749,44,12.8279883381924,34,9.91253644314869,14,4.08163265306122,28,8.16326530612245
"09W302","09",Treptow-Köpenick,"302",W,"093A",O,"3","83",1002,362,4,357,123,34.453781512605,59,16.5266106442577,32,8.96358543417367,46,12.8851540616246,59,16.5266106442577,13,3.64145658263305,25,7.00280112044818
"09W303","09",Treptow-Köpenick,"303",W,"093B",O,"3","83",1076,342,2,339,79,23.3038348082596,71,20.9439528023599,48,14.1592920353982,54,15.929203539823,39,11.5044247787611,7,2.06489675516224,41,12.094395280236
"09W304","09",Treptow-Köpenick,"304",W,"093B",O,"3","83",964,361,5,355,95,26.7605633802817,84,23.6619718309859,12,3.38028169014084,59,16.6197183098592,66,18.5915492957746,8,2.25352112676056,31,8.73239436619718
"09W305","09",Treptow-Köpenick,"305",W,"093C",O,"3","83",907,355,3,351,82,23.3618233618234,63,17.9487179487179,30,8.54700854700855,46,13.1054131054131,71,20.2279202279202,14,3.98860398860399,45,12.8205128205128
"09W306","09",Treptow-Köpenick,"306",W,"093C",O,"3","83",910,366,4,361,77,21.3296398891967,76,21.0526315789474,31,8.58725761772853,43,11.9113573407202,70,19.3905817174515,18,4.98614958448753,46,12.7423822714681
"09W307","09",Treptow-Köpenick,"307",W,"093G",O,"3","83",905,335,4,330,67,20.3030303030303,63,19.0909090909091,37,11.2121212121212,59,17.8787878787879,48,14.5454545454545,10,3.03030303030303,46,13.9393939393939
"09W308","09",Treptow-Köpenick,"308",W,"093D",O,"3","83",894,348,2,345,95,27.536231884058,101,29.2753623188406,14,4.05797101449275,39,11.304347826087,58,16.8115942028986,4,1.15942028985507,34,9.85507246376812
"09W309","09",Treptow-Köpenick,"309",W,"093D",O,"3","83",859,365,4,361,72,19.9445983379501,92,25.4847645429363,20,5.54016620498615,59,16.3434903047091,70,19.3905817174515,11,3.04709141274238,37,10.2493074792244
"09W310","09",Treptow-Köpenick,"310",W,"093E",O,"3","83",849,365,5,360,122,33.8888888888889,79,21.9444444444444,14,3.88888888888889,27,7.5,70,19.4444444444444,10,2.77777777777778,38,10.5555555555556
"09W311","09",Treptow-Köpenick,"311",W,"093F",O,"3","83",1040,399,2,397,134,33.7531486146096,74,18.639798488665,34,8.56423173803526,30,7.55667506297229,73,18.3879093198992,15,3.77833753148615,37,9.31989924433249
"09W312","09",Treptow-Köpenick,"312",W,"093K",O,"3","83",986,360,2,358,91,25.4189944134078,61,17.0391061452514,44,12.2905027932961,49,13.6871508379888,53,14.804469273743,13,3.63128491620112,47,13.1284916201117
"09W313","09",Treptow-Köpenick,"313",W,"093E",O,"3","83",995,379,2,377,123,32.6259946949602,65,17.2413793103448,39,10.3448275862069,29,7.69230769230769,64,16.9761273209549,16,4.24403183023873,41,10.8753315649867
"09W314","09",Treptow-Köpenick,"314",W,"093G",O,"3","83",813,303,2,301,68,22.5913621262458,62,20.5980066445183,32,10.6312292358804,53,17.6079734219269,44,14.6179401993355,8,2.6578073089701,34,11.2956810631229
"09W315","09",Treptow-Köpenick,"315",W,"093H",O,"3","83",823,360,3,357,83,23.249299719888,77,21.5686274509804,48,13.4453781512605,45,12.6050420168067,54,15.1260504201681,12,3.36134453781513,38,10.6442577030812
"09W316","09",Treptow-Köpenick,"316",W,"093J",O,"3","83",815,339,2,337,85,25.2225519287834,65,19.2878338278932,31,9.19881305637982,50,14.8367952522255,61,18.1008902077151,7,2.07715133531157,38,11.2759643916914
"09W317","09",Treptow-Köpenick,"317",W,"093H",O,"3","83",1069,334,3,331,78,23.5649546827795,91,27.4924471299094,33,9.96978851963746,43,12.9909365558912,44,13.2930513595166,5,1.51057401812689,37,11.178247734139
"09W318","09",Treptow-Köpenick,"318",W,"093J",O,"3","83",908,352,2,350,69,19.7142857142857,69,19.7142857142857,40,11.4285714285714,63,18,53,15.1428571428571,9,2.57142857142857,47,13.4285714285714
"09W319","09",Treptow-Köpenick,"319",W,"093K",O,"3","83",882,337,4,333,59,17.7177177177177,54,16.2162162162162,40,12.012012012012,56,16.8168168168168,72,21.6216216216216,15,4.5045045045045,37,11.1111111111111
"09W320","09",Treptow-Köpenick,"320",W,"093L",O,"3","83",1031,344,4,339,42,12.3893805309735,49,14.4542772861357,70,20.6489675516224,69,20.353982300885,48,14.1592920353982,11,3.24483775811209,50,14.7492625368732
"09W321","09",Treptow-Köpenick,"321",W,"093L",O,"3","83",1043,393,3,389,60,15.4241645244216,67,17.2236503856041,79,20.3084832904884,73,18.7660668380463,50,12.853470437018,16,4.11311053984576,44,11.3110539845758
"09W322","09",Treptow-Köpenick,"322",W,"093M",O,"3","83",1018,366,4,361,55,15.2354570637119,53,14.6814404432133,75,20.7756232686981,66,18.2825484764543,52,14.404432132964,11,3.04709141274238,49,13.5734072022161
"09W323","09",Treptow-Köpenick,"323",W,"093N",O,"3","83",962,356,1,354,63,17.7966101694915,71,20.0564971751412,49,13.8418079096045,62,17.5141242937853,58,16.3841807909604,8,2.25988700564972,43,12.1468926553672
"09W324","09",Treptow-Köpenick,"324",W,"093N",O,"3","83",980,326,4,321,59,18.380062305296,59,18.380062305296,32,9.96884735202492,61,19.0031152647975,53,16.5109034267913,12,3.73831775700935,45,14.018691588785
"09W325","09",Treptow-Köpenick,"325",W,"093P",O,"3","83",923,336,3,332,72,21.6867469879518,64,19.2771084337349,36,10.8433734939759,59,17.7710843373494,51,15.3614457831325,7,2.10843373493976,43,12.9518072289157
"09W326","09",Treptow-Köpenick,"326",W,"093Q",O,"3","83",926,326,3,322,76,23.6024844720497,52,16.1490683229814,21,6.52173913043478,68,21.1180124223602,60,18.6335403726708,7,2.17391304347826,38,11.8012422360248
"09W327","09",Treptow-Köpenick,"327",W,"093P",O,"3","83",1042,392,4,387,100,25.8397932816537,87,22.4806201550388,37,9.56072351421188,49,12.6614987080103,72,18.6046511627907,8,2.0671834625323,34,8.78552971576227
"09W328","09",Treptow-Köpenick,"328",W,"093Q",O,"3","83",1034,406,3,402,113,28.1094527363184,77,19.1542288557214,36,8.95522388059701,63,15.6716417910448,69,17.1641791044776,7,1.74129353233831,37,9.20398009950249
"09W329","09",Treptow-Köpenick,"329",W,"093R",O,"3","83",1039,365,2,362,95,26.2430939226519,63,17.4033149171271,66,18.232044198895,29,8.01104972375691,37,10.2209944751381,21,5.80110497237569,51,14.0883977900552
"09W330","09",Treptow-Köpenick,"330",W,"093R",O,"3","83",1019,358,2,355,94,26.4788732394366,66,18.5915492957746,69,19.4366197183099,26,7.32394366197183,34,9.57746478873239,21,5.91549295774648,45,12.6760563380282
"09W401","09",Treptow-Köpenick,"401",W,"094B",O,"4","83",974,389,2,386,130,33.6787564766839,60,15.5440414507772,27,6.99481865284974,40,10.3626943005181,83,21.5025906735751,17,4.40414507772021,29,7.51295336787565
"09W402","09",Treptow-Köpenick,"402",W,"094A",O,"4","83",979,401,2,398,155,38.9447236180905,69,17.3366834170854,32,8.04020100502512,27,6.78391959798995,66,16.5829145728643,10,2.51256281407035,39,9.79899497487437
"09W403","09",Treptow-Köpenick,"403",W,"094A",O,"4","83",976,359,3,355,131,36.9014084507042,60,16.9014084507042,26,7.32394366197183,23,6.47887323943662,67,18.8732394366197,15,4.22535211267606,33,9.29577464788732
"09W404","09",Treptow-Köpenick,"404",W,"094B",O,"4","83",979,404,2,401,152,37.9052369077307,59,14.713216957606,22,5.48628428927681,35,8.7281795511222,87,21.6957605985037,10,2.49376558603491,36,8.97755610972569
"09W405","09",Treptow-Köpenick,"405",W,"094C",O,"4","83",977,403,5,397,139,35.0125944584383,49,12.3425692695214,20,5.03778337531486,46,11.5869017632242,72,18.1360201511335,19,4.78589420654912,52,13.0982367758186
"09W406","09",Treptow-Köpenick,"406",W,"094C",O,"4","83",978,366,2,364,137,37.6373626373626,52,14.2857142857143,20,5.49450549450549,40,10.989010989011,77,21.1538461538462,10,2.74725274725275,28,7.69230769230769
"09W407","09",Treptow-Köpenick,"407",W,"094E",O,"4","83",978,371,2,369,123,33.3333333333333,67,18.1571815718157,30,8.13008130081301,40,10.840108401084,67,18.1571815718157,14,3.7940379403794,28,7.58807588075881
"09W408","09",Treptow-Köpenick,"408",W,"094D",O,"4","83",987,381,4,377,128,33.9522546419098,64,16.9761273209549,11,2.91777188328912,47,12.4668435013263,86,22.8116710875332,11,2.91777188328912,30,7.95755968169761
"09W409","09",Treptow-Köpenick,"409",W,"094F",O,"4","83",983,333,1,332,108,32.5301204819277,64,19.2771084337349,8,2.40963855421687,31,9.33734939759036,82,24.6987951807229,7,2.10843373493976,32,9.63855421686747
"09W410","09",Treptow-Köpenick,"410",W,"094D",O,"4","83",861,310,3,307,94,30.6188925081433,47,15.3094462540717,15,4.88599348534202,41,13.3550488599349,59,19.2182410423453,13,4.23452768729642,38,12.3778501628664
"09W411","09",Treptow-Köpenick,"411",W,"094E",O,"4","83",864,373,8,365,110,30.1369863013699,53,14.5205479452055,8,2.19178082191781,35,9.58904109589041,112,30.6849315068493,7,1.91780821917808,40,10.958904109589
"09W412","09",Treptow-Köpenick,"412",W,"094F",O,"4","83",864,381,3,378,129,34.1269841269841,60,15.8730158730159,10,2.64550264550265,30,7.93650793650794,89,23.5449735449735,15,3.96825396825397,45,11.9047619047619
"09W413","09",Treptow-Köpenick,"413",W,"094G",O,"4","83",863,306,2,304,96,31.5789473684211,42,13.8157894736842,5,1.64473684210526,21,6.90789473684211,89,29.2763157894737,12,3.94736842105263,39,12.8289473684211
"09W414","09",Treptow-Köpenick,"414",W,"094H",O,"4","83",861,280,1,279,86,30.8243727598566,34,12.1863799283154,8,2.8673835125448,28,10.0358422939068,75,26.8817204301075,10,3.584229390681,38,13.6200716845878
"09W415","09",Treptow-Köpenick,"415",W,"094M",O,"4","83",874,204,4,200,58,29,22,11,10,5,9,4.5,66,33,11,5.5,24,12
"09W416","09",Treptow-Köpenick,"416",W,"094J",O,"4","83",1009,436,4,432,144,33.3333333333333,62,14.3518518518519,45,10.4166666666667,54,12.5,76,17.5925925925926,15,3.47222222222222,36,8.33333333333333
"09W417","09",Treptow-Köpenick,"417",W,"094J",O,"4","83",955,383,1,382,142,37.17277486911,61,15.9685863874346,32,8.37696335078534,43,11.2565445026178,71,18.586387434555,13,3.40314136125654,20,5.23560209424084
"09W418","09",Treptow-Köpenick,"418",W,"094H",O,"4","83",957,364,3,361,124,34.3490304709141,55,15.2354570637119,28,7.75623268698061,36,9.97229916897507,69,19.1135734072022,16,4.43213296398892,33,9.14127423822715
"09W419","09",Treptow-Köpenick,"419",W,"094K",O,"4","83",899,220,5,215,47,21.8604651162791,37,17.2093023255814,3,1.3953488372093,23,10.6976744186047,70,32.5581395348837,2,0.930232558139535,33,15.3488372093023
"09W420","09",Treptow-Köpenick,"420",W,"094K",O,"4","83",915,317,5,312,80,25.6410256410256,52,16.6666666666667,6,1.92307692307692,44,14.1025641025641,88,28.2051282051282,6,1.92307692307692,36,11.5384615384615
"09W421","09",Treptow-Köpenick,"421",W,"094L",O,"4","83",893,307,9,298,90,30.2013422818792,46,15.4362416107383,10,3.35570469798658,22,7.38255033557047,85,28.5234899328859,11,3.69127516778524,34,11.4093959731544
"09W422","09",Treptow-Köpenick,"422",W,"094L",O,"4","83",1031,327,5,322,106,32.9192546583851,49,15.2173913043478,5,1.5527950310559,37,11.4906832298137,87,27.0186335403727,14,4.34782608695652,24,7.45341614906832
"09W423","09",Treptow-Köpenick,"423",W,"094G",O,"4","83",980,299,3,295,85,28.8135593220339,34,11.5254237288136,4,1.35593220338983,29,9.83050847457627,100,33.8983050847458,1,0.338983050847458,42,14.2372881355932
"09W424","09",Treptow-Köpenick,"424",W,"094M",O,"4","83",974,371,3,367,131,35.6948228882834,61,16.6212534059946,21,5.72207084468665,43,11.716621253406,69,18.8010899182561,17,4.63215258855586,25,6.81198910081744
"09W425","09",Treptow-Köpenick,"425",W,"094N",O,"4","83",967,351,3,347,122,35.1585014409222,62,17.8674351585014,26,7.49279538904899,43,12.3919308357349,50,14.4092219020173,18,5.18731988472623,26,7.49279538904899
"09W426","09",Treptow-Köpenick,"426",W,"094P",O,"4","83",972,370,2,367,136,37.0572207084469,62,16.8937329700272,21,5.72207084468665,40,10.8991825613079,73,19.8910081743869,16,4.35967302452316,19,5.17711171662125
"09W427","09",Treptow-Köpenick,"427",W,"094P",O,"4","83",971,359,2,356,133,37.3595505617978,53,14.8876404494382,18,5.0561797752809,32,8.98876404494382,83,23.314606741573,12,3.37078651685393,25,7.02247191011236
"09W428","09",Treptow-Köpenick,"428",W,"094N",O,"4","83",1034,355,6,348,119,34.1954022988506,55,15.8045977011494,34,9.77011494252874,39,11.2068965517241,51,14.6551724137931,14,4.02298850574713,36,10.3448275862069
"09W429","09",Treptow-Köpenick,"429",W,"094Q",O,"4","83",1035,442,5,436,151,34.6330275229358,69,15.8256880733945,39,8.94495412844037,44,10.0917431192661,69,15.8256880733945,23,5.27522935779817,41,9.40366972477064
"09W430","09",Treptow-Köpenick,"430",W,"094R",O,"4","83",967,426,4,421,133,31.5914489311164,73,17.3396674584323,24,5.70071258907363,56,13.3016627078385,89,21.1401425178147,17,4.03800475059382,29,6.88836104513064
"09W431","09",Treptow-Köpenick,"431",W,"094S",O,"4","83",972,351,1,349,120,34.3839541547278,49,14.0401146131805,9,2.57879656160458,36,10.3151862464183,95,27.2206303724928,10,2.86532951289398,30,8.59598853868195
"09W432","09",Treptow-Köpenick,"432",W,"094S",O,"4","83",937,342,2,339,105,30.9734513274336,60,17.6991150442478,19,5.6047197640118,51,15.0442477876106,65,19.1740412979351,11,3.24483775811209,28,8.25958702064897
"09W433","09",Treptow-Köpenick,"433",W,"094R",O,"4","83",1036,411,1,409,138,33.7408312958435,60,14.6699266503667,12,2.93398533007335,62,15.158924205379,102,24.9388753056235,16,3.9119804400978,19,4.64547677261614
"09W501","09",Treptow-Köpenick,"501",W,"095A",O,"5","83",976,328,2,326,90,27.6073619631902,56,17.1779141104294,41,12.5766871165644,50,15.3374233128834,52,15.9509202453988,16,4.9079754601227,21,6.44171779141104
"09W502","09",Treptow-Köpenick,"502",W,"095B",O,"5","83",971,341,5,336,80,23.8095238095238,55,16.3690476190476,38,11.3095238095238,53,15.7738095238095,62,18.452380952381,11,3.27380952380952,37,11.0119047619048
"09W503","09",Treptow-Köpenick,"503",W,"095B",O,"5","83",992,382,5,377,76,20.159151193634,70,18.5676392572944,55,14.5888594164456,65,17.2413793103448,61,16.1803713527851,15,3.97877984084881,35,9.28381962864722
"09W504","09",Treptow-Köpenick,"504",W,"095C",O,"5","83",993,399,6,393,74,18.8295165394402,55,13.9949109414758,49,12.4681933842239,74,18.8295165394402,64,16.2849872773537,17,4.32569974554707,60,15.2671755725191
"09W505","09",Treptow-Köpenick,"505",W,"095C",O,"5","83",954,316,7,309,69,22.3300970873786,58,18.7702265372168,20,6.47249190938511,46,14.8867313915858,71,22.9773462783171,5,1.61812297734628,40,12.9449838187702
"09W506","09",Treptow-Köpenick,"506",W,"095D",O,"5","83",961,360,8,352,83,23.5795454545455,54,15.3409090909091,39,11.0795454545455,50,14.2045454545455,68,19.3181818181818,11,3.125,47,13.3522727272727
"09W507","09",Treptow-Köpenick,"507",W,"095E",O,"5","83",966,305,9,296,66,22.2972972972973,67,22.6351351351351,9,3.04054054054054,40,13.5135135135135,75,25.3378378378378,9,3.04054054054054,30,10.1351351351351
"09W508","09",Treptow-Köpenick,"508",W,"095E",O,"5","83",939,268,6,262,48,18.3206106870229,43,16.412213740458,15,5.72519083969466,37,14.1221374045802,64,24.4274809160305,7,2.67175572519084,48,18.3206106870229
"09W509","09",Treptow-Köpenick,"509",W,"095D",O,"5","83",950,323,5,318,100,31.4465408805031,47,14.7798742138365,30,9.43396226415094,46,14.4654088050314,54,16.9811320754717,14,4.40251572327044,27,8.49056603773585
"09W510","09",Treptow-Köpenick,"510",W,"095F",O,"5","83",989,363,3,360,99,27.5,60,16.6666666666667,28,7.77777777777778,49,13.6111111111111,81,22.5,11,3.05555555555556,32,8.88888888888889
"09W511","09",Treptow-Köpenick,"511",W,"095G",O,"5","83",977,387,9,378,83,21.957671957672,84,22.2222222222222,54,14.2857142857143,47,12.4338624338624,58,15.3439153439153,12,3.17460317460317,40,10.5820105820106
"09W512","09",Treptow-Köpenick,"512",W,"095G",O,"5","83",955,333,2,331,75,22.6586102719033,57,17.2205438066465,39,11.7824773413897,49,14.8036253776435,71,21.4501510574018,10,3.02114803625378,30,9.06344410876133
"09W513","09",Treptow-Köpenick,"513",W,"095F",O,"5","83",943,304,2,302,65,21.523178807947,52,17.2185430463576,41,13.5761589403974,40,13.2450331125828,56,18.5430463576159,8,2.64900662251656,40,13.2450331125828
"09W514","09",Treptow-Köpenick,"514",W,"095H",O,"5","83",1044,342,3,339,74,21.8289085545723,49,14.4542772861357,42,12.3893805309735,51,15.0442477876106,75,22.1238938053097,12,3.53982300884956,36,10.6194690265487
"09W515","09",Treptow-Köpenick,"515",W,"095A",O,"5","83",1033,418,2,416,130,31.25,70,16.8269230769231,31,7.45192307692308,53,12.7403846153846,77,18.5096153846154,18,4.32692307692308,37,8.89423076923077
"09W516","09",Treptow-Köpenick,"516",W,"095J",O,"5","83",968,382,7,375,68,18.1333333333333,71,18.9333333333333,55,14.6666666666667,58,15.4666666666667,66,17.6,14,3.73333333333333,43,11.4666666666667
"09W517","09",Treptow-Köpenick,"517",W,"095J",O,"5","83",940,350,2,347,70,20.1729106628242,52,14.985590778098,40,11.5273775216138,62,17.8674351585014,54,15.5619596541787,19,5.47550432276657,50,14.4092219020173
"09W518","09",Treptow-Köpenick,"518",W,"095K",O,"5","83",967,332,4,328,67,20.4268292682927,64,19.5121951219512,40,12.1951219512195,48,14.6341463414634,65,19.8170731707317,11,3.35365853658537,33,10.0609756097561
"09W519","09",Treptow-Köpenick,"519",W,"095H",O,"5","83",972,347,3,344,78,22.6744186046512,74,21.5116279069767,42,12.2093023255814,59,17.1511627906977,66,19.1860465116279,5,1.45348837209302,20,5.81395348837209
"09W520","09",Treptow-Köpenick,"520",W,"095K",O,"5","83",958,320,3,317,62,19.5583596214511,59,18.6119873817035,29,9.14826498422713,46,14.5110410094637,62,19.5583596214511,14,4.41640378548896,45,14.1955835962145
"09W521","09",Treptow-Köpenick,"521",W,"095L",O,"5","83",970,301,4,297,62,20.8754208754209,52,17.5084175084175,36,12.1212121212121,36,12.1212121212121,70,23.5690235690236,14,4.71380471380471,27,9.09090909090909
"09W522","09",Treptow-Köpenick,"522",W,"095L",O,"5","83",855,446,3,443,156,35.2144469525959,63,14.2212189616253,42,9.48081264108352,64,14.4469525959368,53,11.9638826185102,28,6.32054176072235,37,8.35214446952596
"09W523","09",Treptow-Köpenick,"523",W,"095M",O,"5","83",1048,396,5,391,106,27.1099744245524,92,23.5294117647059,31,7.92838874680307,43,10.997442455243,78,19.9488491048593,11,2.81329923273657,30,7.67263427109974
"09W524","09",Treptow-Köpenick,"524",W,"095M",O,"5","83",1060,412,5,406,106,26.1083743842365,75,18.4729064039409,74,18.2266009852217,52,12.807881773399,36,8.86699507389163,30,7.38916256157635,33,8.12807881773399
"09W525","09",Treptow-Köpenick,"525",W,"095N",O,"5","83",1059,456,5,450,128,28.4444444444444,76,16.8888888888889,57,12.6666666666667,56,12.4444444444444,70,15.5555555555556,28,6.22222222222222,35,7.77777777777778
"09W526","09",Treptow-Köpenick,"526",W,"095N",O,"5","83",1048,434,4,429,114,26.5734265734266,72,16.7832167832168,64,14.9184149184149,56,13.0536130536131,63,14.6853146853147,20,4.66200466200466,40,9.32400932400932
"09W527","09",Treptow-Köpenick,"527",W,"095P",O,"5","83",1065,409,4,404,143,35.3960396039604,77,19.0594059405941,31,7.67326732673267,56,13.8613861386139,49,12.1287128712871,21,5.1980198019802,27,6.68316831683168
"09W528","09",Treptow-Köpenick,"528",W,"095Q",O,"5","83",904,420,3,416,137,32.9326923076923,87,20.9134615384615,28,6.73076923076923,56,13.4615384615385,62,14.9038461538462,20,4.80769230769231,26,6.25
"09W529","09",Treptow-Köpenick,"529",W,"095P",O,"5","83",794,363,6,356,115,32.3033707865169,61,17.1348314606742,47,13.2022471910112,42,11.7977528089888,55,15.4494382022472,10,2.80898876404494,26,7.30337078651685
"09W530","09",Treptow-Köpenick,"530",W,"095Q",O,"5","83",698,303,1,301,104,34.5514950166113,58,19.2691029900332,18,5.98006644518272,41,13.6212624584718,44,14.6179401993355,17,5.64784053156146,19,6.31229235880399
"09W531","09",Treptow-Köpenick,"531",W,"095R",O,"5","83",700,307,3,303,102,33.6633663366337,48,15.8415841584158,32,10.5610561056106,21,6.93069306930693,45,14.8514851485149,23,7.59075907590759,32,10.5610561056106
"09W532","09",Treptow-Köpenick,"532",W,"095R",O,"5","83",399,212,0,211,86,40.7582938388626,34,16.1137440758294,21,9.95260663507109,12,5.68720379146919,31,14.6919431279621,13,6.16113744075829,14,6.63507109004739
"09W601","09",Treptow-Köpenick,"601",W,"096A",O,"6","83",1022,372,4,367,115,31.3351498637602,61,16.6212534059946,29,7.90190735694823,42,11.4441416893733,76,20.708446866485,11,2.99727520435967,33,8.99182561307902
"09W602","09",Treptow-Köpenick,"602",W,"096B",O,"6","83",1017,350,5,344,83,24.1279069767442,85,24.7093023255814,19,5.52325581395349,43,12.5,69,20.0581395348837,13,3.77906976744186,32,9.30232558139535
"09W603","09",Treptow-Köpenick,"603",W,"096C",O,"6","83",1002,351,4,346,89,25.7225433526012,78,22.5433526011561,18,5.20231213872832,49,14.1618497109827,79,22.8323699421965,12,3.46820809248555,21,6.06936416184971
"09W604","09",Treptow-Köpenick,"604",W,"096C",O,"6","83",1005,331,4,326,74,22.6993865030675,69,21.1656441717791,11,3.37423312883436,57,17.4846625766871,80,24.5398773006135,11,3.37423312883436,24,7.36196319018405
"09W605","09",Treptow-Köpenick,"605",W,"096B",O,"6","83",992,399,2,397,95,23.9294710327456,107,26.9521410579345,10,2.51889168765743,75,18.8916876574307,78,19.647355163728,12,3.02267002518892,20,5.03778337531486
"09W606","09",Treptow-Köpenick,"606",W,"096A",O,"6","83",929,343,5,338,89,26.3313609467456,72,21.301775147929,21,6.21301775147929,45,13.3136094674556,71,21.0059171597633,11,3.25443786982249,29,8.57988165680473
"09W607","09",Treptow-Köpenick,"607",W,"096D",O,"6","83",865,306,4,302,85,28.1456953642384,64,21.1920529801325,8,2.64900662251656,53,17.5496688741722,63,20.8609271523179,7,2.31788079470199,22,7.28476821192053
"09W608","09",Treptow-Köpenick,"608",W,"096D",O,"6","83",895,284,4,280,59,21.0714285714286,59,21.0714285714286,8,2.85714285714286,58,20.7142857142857,61,21.7857142857143,5,1.78571428571429,30,10.7142857142857
"09W609","09",Treptow-Köpenick,"609",W,"096E",O,"6","83",862,322,5,317,50,15.7728706624606,49,15.4574132492114,10,3.15457413249211,57,17.981072555205,98,30.9148264984227,6,1.89274447949527,47,14.8264984227129
"09W610","09",Treptow-Köpenick,"610",W,"096F",O,"6","83",877,314,6,308,71,23.0519480519481,62,20.1298701298701,8,2.5974025974026,49,15.9090909090909,74,24.025974025974,6,1.94805194805195,38,12.3376623376623
"09W611","09",Treptow-Köpenick,"611",W,"096G",O,"6","83",988,347,2,345,53,15.3623188405797,69,20,36,10.4347826086957,62,17.9710144927536,72,20.8695652173913,14,4.05797101449275,39,11.304347826087
"09W612","09",Treptow-Köpenick,"612",W,"096G",O,"6","83",979,301,6,295,55,18.6440677966102,46,15.5932203389831,16,5.42372881355932,37,12.5423728813559,82,27.7966101694915,12,4.06779661016949,47,15.9322033898305
"09W613","09",Treptow-Köpenick,"613",W,"096H",O,"6","83",984,298,3,295,64,21.6949152542373,47,15.9322033898305,32,10.8474576271186,50,16.9491525423729,65,22.0338983050847,12,4.06779661016949,25,8.47457627118644
"09W614","09",Treptow-Köpenick,"614",W,"096H",O,"6","83",1040,394,7,387,106,27.390180878553,79,20.4134366925065,29,7.49354005167959,42,10.8527131782946,89,22.9974160206718,13,3.35917312661499,29,7.49354005167959
"09W615","09",Treptow-Köpenick,"615",W,"096J",O,"6","83",1025,340,2,338,104,30.7692307692308,49,14.4970414201183,26,7.69230769230769,39,11.5384615384615,78,23.0769230769231,13,3.84615384615385,29,8.57988165680473
"09W616","09",Treptow-Köpenick,"616",W,"096F",O,"6","83",1026,447,4,443,127,28.6681715575621,90,20.3160270880361,20,4.51467268623025,64,14.4469525959368,98,22.1218961625282,16,3.6117381489842,28,6.32054176072235
"09W617","09",Treptow-Köpenick,"617",W,"096K",O,"6","83",1046,365,4,361,99,27.4238227146814,84,23.2686980609418,18,4.98614958448753,52,14.404432132964,72,19.9445983379501,16,4.43213296398892,20,5.54016620498615
"09W618","09",Treptow-Köpenick,"618",W,"096K",O,"6","83",1036,396,4,392,133,33.9285714285714,77,19.6428571428571,16,4.08163265306122,55,14.030612244898,81,20.6632653061225,7,1.78571428571429,23,5.86734693877551
"09W619","09",Treptow-Köpenick,"619",W,"096E",O,"6","83",971,390,4,386,118,30.5699481865285,74,19.1709844559585,28,7.25388601036269,54,13.9896373056995,77,19.9481865284974,14,3.62694300518135,21,5.44041450777202
"09W620","09",Treptow-Köpenick,"620",W,"096J",O,"6","83",768,310,1,309,100,32.3624595469256,47,15.210355987055,21,6.79611650485437,48,15.5339805825243,56,18.1229773462783,18,5.8252427184466,19,6.14886731391586
"09W621","09",Treptow-Köpenick,"621",W,"096L",O,"6","83",806,325,3,322,109,33.8509316770186,53,16.4596273291925,23,7.14285714285714,48,14.9068322981366,53,16.4596273291925,19,5.90062111801242,17,5.27950310559006
"09W622","09",Treptow-Köpenick,"622",W,"096L",O,"6","83",1041,337,3,334,79,23.6526946107784,55,16.4670658682635,18,5.38922155688623,66,19.7604790419162,78,23.3532934131737,10,2.9940119760479,28,8.38323353293413
"09W623","09",Treptow-Köpenick,"623",W,"096M",O,"6","83",1036,393,6,387,115,29.7157622739018,65,16.7958656330749,27,6.97674418604651,63,16.2790697674419,73,18.8630490956072,17,4.39276485788114,27,6.97674418604651
"09W624","09",Treptow-Köpenick,"624",W,"096M",O,"6","83",873,353,2,351,111,31.6239316239316,55,15.6695156695157,36,10.2564102564103,49,13.960113960114,52,14.8148148148148,21,5.98290598290598,27,7.69230769230769
"09W625","09",Treptow-Köpenick,"625",W,"096N",O,"6","83",931,356,3,353,117,33.1444759206799,57,16.1473087818697,11,3.11614730878187,41,11.614730878187,89,25.2124645892351,14,3.96600566572238,24,6.79886685552408
"09W626","09",Treptow-Köpenick,"626",W,"096N",O,"6","83",925,371,1,370,131,35.4054054054054,57,15.4054054054054,25,6.75675675675676,48,12.972972972973,79,21.3513513513514,11,2.97297297297297,19,5.13513513513514
"09W627","09",Treptow-Köpenick,"627",W,"096P",O,"6","83",926,415,5,409,140,34.2298288508557,68,16.6259168704156,18,4.40097799511002,52,12.7139364303178,91,22.2493887530562,16,3.9119804400978,24,5.8679706601467
"09W628","09",Treptow-Köpenick,"628",W,"096P",O,"6","83",931,392,1,390,125,32.0512820512821,41,10.5128205128205,20,5.12820512820513,40,10.2564102564103,123,31.5384615384615,14,3.58974358974359,27,6.92307692307692
"09W629","09",Treptow-Köpenick,"629",W,"096Q",O,"6","83",919,384,3,380,147,38.6842105263158,42,11.0526315789474,13,3.42105263157895,34,8.94736842105263,92,24.2105263157895,25,6.57894736842105,27,7.10526315789474
"09W630","09",Treptow-Köpenick,"630",W,"096Q",O,"6","83",961,413,5,407,147,36.1179361179361,73,17.9361179361179,19,4.66830466830467,33,8.10810810810811,100,24.5700245700246,21,5.15970515970516,14,3.43980343980344
"09W701","09",Treptow-Köpenick,"701",W,"097A",O,"7","83",947,387,1,385,127,32.987012987013,73,18.961038961039,32,8.31168831168831,52,13.5064935064935,70,18.1818181818182,10,2.5974025974026,21,5.45454545454545
"09W702","09",Treptow-Köpenick,"702",W,"097D",O,"7","83",933,368,8,359,76,21.1699164345404,81,22.5626740947075,31,8.63509749303621,57,15.8774373259053,61,16.991643454039,13,3.62116991643454,40,11.142061281337
"09W703","09",Treptow-Köpenick,"703",W,"097B",O,"7","83",927,343,3,339,95,28.023598820059,71,20.9439528023599,29,8.55457227138643,50,14.7492625368732,60,17.6991150442478,11,3.24483775811209,23,6.78466076696165
"09W704","09",Treptow-Köpenick,"704",W,"097B",O,"7","83",940,293,4,288,80,27.7777777777778,69,23.9583333333333,19,6.59722222222222,36,12.5,54,18.75,9,3.125,21,7.29166666666667
"09W705","09",Treptow-Köpenick,"705",W,"097A",O,"7","83",935,399,2,396,122,30.8080808080808,77,19.4444444444444,25,6.31313131313131,54,13.6363636363636,84,21.2121212121212,12,3.03030303030303,22,5.55555555555556
"09W706","09",Treptow-Köpenick,"706",W,"097C",O,"7","83",933,389,3,385,130,33.7662337662338,71,18.4415584415584,48,12.4675324675325,55,14.2857142857143,54,14.025974025974,13,3.37662337662338,14,3.63636363636364
"09W707","09",Treptow-Köpenick,"707",W,"097C",O,"7","83",938,411,5,405,125,30.8641975308642,79,19.5061728395062,44,10.8641975308642,53,13.0864197530864,61,15.0617283950617,15,3.7037037037037,28,6.91358024691358
"09W708","09",Treptow-Köpenick,"708",W,"097E",O,"7","83",940,373,7,366,93,25.4098360655738,76,20.7650273224044,30,8.19672131147541,55,15.0273224043716,66,18.0327868852459,12,3.27868852459016,34,9.2896174863388
"09W709","09",Treptow-Köpenick,"709",W,"097D",O,"7","83",927,355,6,348,96,27.5862068965517,60,17.2413793103448,36,10.3448275862069,64,18.3908045977011,41,11.7816091954023,10,2.8735632183908,41,11.7816091954023
"09W710","09",Treptow-Köpenick,"710",W,"097F",O,"7","83",976,481,1,480,139,28.9583333333333,85,17.7083333333333,83,17.2916666666667,76,15.8333333333333,52,10.8333333333333,7,1.45833333333333,38,7.91666666666667
"09W711","09",Treptow-Köpenick,"711",W,"097E",O,"7","83",988,418,3,415,106,25.5421686746988,92,22.1686746987952,43,10.3614457831325,61,14.6987951807229,62,14.9397590361446,17,4.09638554216868,34,8.19277108433735
"09W712","09",Treptow-Köpenick,"712",W,"097F",O,"7","83",861,379,7,372,94,25.2688172043011,38,10.2150537634409,53,14.247311827957,79,21.2365591397849,58,15.5913978494624,11,2.95698924731183,39,10.4838709677419
"09W713","09",Treptow-Köpenick,"713",W,"097G",O,"7","83",860,324,5,319,78,24.4514106583072,62,19.435736677116,42,13.166144200627,67,21.0031347962382,52,16.3009404388715,4,1.25391849529781,14,4.38871473354232
"09W714","09",Treptow-Köpenick,"714",W,"097G",O,"7","83",874,328,8,320,71,22.1875,55,17.1875,37,11.5625,53,16.5625,54,16.875,15,4.6875,35,10.9375
"09W715","09",Treptow-Köpenick,"715",W,"097H",O,"7","83",1007,392,3,389,90,23.1362467866324,80,20.5655526992288,61,15.681233933162,76,19.5372750642674,55,14.1388174807198,8,2.05655526992288,19,4.88431876606684
"09W716","09",Treptow-Köpenick,"716",W,"097J",O,"7","83",1004,355,1,354,98,27.683615819209,64,18.0790960451977,43,12.1468926553672,72,20.3389830508475,45,12.7118644067797,12,3.38983050847458,20,5.64971751412429
"09W717","09",Treptow-Köpenick,"717",W,"097H",O,"7","83",1037,369,7,362,75,20.7182320441989,72,19.8895027624309,40,11.0497237569061,88,24.3093922651934,53,14.6408839779006,5,1.38121546961326,29,8.01104972375691
"09W718","09",Treptow-Köpenick,"718",W,"097K",O,"7","83",1061,401,5,396,82,20.7070707070707,66,16.6666666666667,76,19.1919191919192,95,23.989898989899,37,9.34343434343434,18,4.54545454545455,22,5.55555555555556
"09W719","09",Treptow-Köpenick,"719",W,"097L",O,"7","83",997,416,4,412,99,24.0291262135922,54,13.1067961165049,75,18.2038834951456,92,22.3300970873786,45,10.9223300970874,16,3.88349514563107,31,7.52427184466019
"09W720","09",Treptow-Köpenick,"720",W,"097J",O,"7","83",993,403,4,398,70,17.5879396984925,52,13.0653266331658,98,24.6231155778894,79,19.8492462311558,52,13.0653266331658,13,3.26633165829146,34,8.5427135678392
"09W721","09",Treptow-Köpenick,"721",W,"097L",O,"7","83",1007,350,3,346,79,22.8323699421965,74,21.3872832369942,59,17.0520231213873,69,19.9421965317919,33,9.53757225433526,6,1.73410404624277,26,7.51445086705202
"09W722","09",Treptow-Köpenick,"722",W,"097M",O,"7","83",969,410,4,405,100,24.6913580246914,64,15.8024691358025,48,11.8518518518519,89,21.9753086419753,59,14.5679012345679,11,2.71604938271605,34,8.39506172839506
"09W723","09",Treptow-Köpenick,"723",W,"097M",O,"7","83",964,437,4,432,100,23.1481481481481,80,18.5185185185185,75,17.3611111111111,78,18.0555555555556,49,11.3425925925926,19,4.39814814814815,31,7.17592592592593
"09W724","09",Treptow-Köpenick,"724",W,"097N",O,"7","83",1007,415,7,407,108,26.5356265356265,61,14.987714987715,64,15.7248157248157,71,17.4447174447174,59,14.4963144963145,13,3.19410319410319,31,7.61670761670762
"09W725","09",Treptow-Köpenick,"725",W,"097N",O,"7","83",1045,422,6,415,127,30.6024096385542,71,17.1084337349398,37,8.91566265060241,52,12.5301204819277,71,17.1084337349398,22,5.30120481927711,35,8.43373493975904
"09W726","09",Treptow-Köpenick,"726",W,"097P",O,"7","83",1036,417,2,414,148,35.7487922705314,62,14.975845410628,33,7.97101449275362,41,9.90338164251208,85,20.5314009661836,19,4.58937198067633,26,6.28019323671498
"09W727","09",Treptow-Köpenick,"727",W,"097P",O,"7","83",1036,403,1,401,137,34.1645885286783,58,14.4638403990025,38,9.47630922693267,62,15.4613466334165,74,18.4538653366584,16,3.99002493765586,16,3.99002493765586
"09W728","09",Treptow-Köpenick,"728",W,"097Q",O,"7","83",1045,455,4,450,148,32.8888888888889,75,16.6666666666667,50,11.1111111111111,60,13.3333333333333,75,16.6666666666667,20,4.44444444444444,22,4.88888888888889
"09W729","09",Treptow-Köpenick,"729",W,"097Q",O,"7","83",1047,418,2,415,135,32.5301204819277,73,17.5903614457831,53,12.7710843373494,36,8.67469879518072,69,16.6265060240964,15,3.6144578313253,34,8.19277108433735
"09W730","09",Treptow-Köpenick,"730",W,"097R",O,"7","83",1046,435,4,430,158,36.7441860465116,59,13.7209302325581,43,10,49,11.3953488372093,80,18.6046511627907,23,5.34883720930233,18,4.18604651162791
"09W731","09",Treptow-Köpenick,"731",W,"097R",O,"7","83",1064,413,3,409,154,37.6528117359413,62,15.158924205379,42,10.2689486552567,48,11.7359413202934,62,15.158924205379,18,4.40097799511002,23,5.62347188264059
"09W732","09",Treptow-Köpenick,"732",W,"097S",O,"7","83",1072,443,4,438,155,35.3881278538813,54,12.3287671232877,48,10.958904109589,50,11.4155251141553,80,18.2648401826484,25,5.70776255707763,26,5.93607305936073
10B1A,"10",Marzahn-Hellersdorf,1A,B,101A,O,"1","84",0,364,2,361,94,26.0387811634349,58,16.0664819944598,21,5.81717451523546,40,11.0803324099723,84,23.2686980609418,8,2.21606648199446,56,15.5124653739612
10B1B,"10",Marzahn-Hellersdorf,1B,B,101B,O,"1","84",0,404,2,401,104,25.9351620947631,70,17.4563591022444,27,6.73316708229426,70,17.4563591022444,67,16.7082294264339,7,1.74563591022444,56,13.9650872817955
10B1C,"10",Marzahn-Hellersdorf,1C,B,101C,O,"1","84",0,326,2,323,77,23.8390092879257,54,16.71826625387,12,3.71517027863777,56,17.3374613003096,64,19.8142414860681,5,1.54798761609907,55,17.0278637770898
10B1D,"10",Marzahn-Hellersdorf,1D,B,101D,O,"1","84",0,349,1,347,82,23.6311239193084,70,20.1729106628242,15,4.32276657060519,51,14.6974063400576,64,18.4438040345821,8,2.30547550432277,57,16.4265129682997
10B1E,"10",Marzahn-Hellersdorf,1E,B,101E,O,"1","84",0,413,2,410,90,21.9512195121951,75,18.2926829268293,19,4.63414634146341,89,21.7073170731707,61,14.8780487804878,6,1.46341463414634,70,17.0731707317073
10B1F,"10",Marzahn-Hellersdorf,1F,B,101F,O,"1","84",0,308,2,305,69,22.6229508196721,56,18.3606557377049,14,4.59016393442623,53,17.3770491803279,66,21.6393442622951,8,2.62295081967213,39,12.7868852459016
10B1G,"10",Marzahn-Hellersdorf,1G,B,101G,O,"1","84",0,283,5,277,56,20.2166064981949,39,14.0794223826715,12,4.33212996389892,48,17.3285198555957,71,25.6317689530686,9,3.24909747292419,42,15.1624548736462
10B1H,"10",Marzahn-Hellersdorf,1H,B,101H,O,"1","84",0,383,2,380,107,28.1578947368421,46,12.1052631578947,15,3.94736842105263,71,18.6842105263158,81,21.3157894736842,10,2.63157894736842,50,13.1578947368421
10B1J,"10",Marzahn-Hellersdorf,1J,B,101J,O,"1","84",0,354,5,348,97,27.8735632183908,56,16.0919540229885,9,2.58620689655172,63,18.1034482758621,71,20.4022988505747,8,2.29885057471264,44,12.6436781609195
10B1K,"10",Marzahn-Hellersdorf,1K,B,101K,O,"1","84",0,442,0,441,124,28.1179138321995,85,19.2743764172336,21,4.76190476190476,91,20.6349206349206,78,17.687074829932,8,1.8140589569161,34,7.70975056689342
10B1L,"10",Marzahn-Hellersdorf,1L,B,101L,O,"1","84",0,351,2,348,89,25.5747126436782,66,18.9655172413793,16,4.59770114942529,72,20.6896551724138,67,19.2528735632184,6,1.72413793103448,32,9.19540229885057
10B1M,"10",Marzahn-Hellersdorf,1M,B,101M,O,"1","84",0,350,2,347,86,24.7838616714697,66,19.0201729106628,16,4.61095100864553,71,20.4610951008646,70,20.1729106628242,6,1.72910662824208,32,9.22190201729107
10B1N,"10",Marzahn-Hellersdorf,1N,B,101N,O,"1","84",0,469,5,463,114,24.622030237581,84,18.1425485961123,23,4.96760259179266,94,20.3023758099352,94,20.3023758099352,3,0.647948164146868,51,11.0151187904968
10B2A,"10",Marzahn-Hellersdorf,2A,B,102A,O,"2","84",0,449,7,442,123,27.8280542986425,88,19.9095022624434,15,3.39366515837104,93,21.0407239819005,57,12.89592760181,11,2.48868778280543,55,12.4434389140271
10B2B,"10",Marzahn-Hellersdorf,2B,B,102B,O,"2","84",0,468,2,466,131,28.1115879828326,98,21.0300429184549,20,4.29184549356223,86,18.4549356223176,51,10.9442060085837,6,1.28755364806867,74,15.8798283261803
10B2C,"10",Marzahn-Hellersdorf,2C,B,102C,O,"2","84",0,453,5,448,128,28.5714285714286,85,18.9732142857143,18,4.01785714285714,94,20.9821428571429,61,13.6160714285714,12,2.67857142857143,50,11.1607142857143
10B2D,"10",Marzahn-Hellersdorf,2D,B,102D,O,"2","84",0,383,6,377,92,24.4031830238727,55,14.5888594164456,23,6.10079575596817,73,19.3633952254642,62,16.4456233421751,13,3.44827586206897,59,15.6498673740053
10B2E,"10",Marzahn-Hellersdorf,2E,B,102E,O,"2","84",0,460,2,457,131,28.6652078774617,84,18.3807439824945,21,4.59518599562363,75,16.4113785557987,74,16.1925601750547,12,2.62582056892779,60,13.1291028446389
10B2F,"10",Marzahn-Hellersdorf,2F,B,102F,O,"2","84",0,449,1,447,130,29.082774049217,94,21.0290827740492,14,3.13199105145414,84,18.7919463087248,64,14.3176733780761,10,2.23713646532438,51,11.4093959731544
10B2G,"10",Marzahn-Hellersdorf,2G,B,102G,O,"2","84",0,330,3,326,95,29.1411042944785,69,21.1656441717791,12,3.68098159509202,69,21.1656441717791,41,12.5766871165644,5,1.53374233128834,35,10.7361963190184
10B2H,"10",Marzahn-Hellersdorf,2H,B,102H,O,"2","84",0,331,4,326,96,29.4478527607362,64,19.6319018404908,12,3.68098159509202,67,20.5521472392638,34,10.4294478527607,4,1.22699386503067,49,15.0306748466258
10B2J,"10",Marzahn-Hellersdorf,2J,B,102J,O,"2","84",0,467,5,461,125,27.114967462039,75,16.2689804772234,25,5.42299349240781,101,21.9088937093275,72,15.6182212581345,8,1.7353579175705,55,11.9305856832972
10B2K,"10",Marzahn-Hellersdorf,2K,B,102K,O,"2","84",0,343,3,340,107,31.4705882352941,69,20.2941176470588,15,4.41176470588235,63,18.5294117647059,44,12.9411764705882,12,3.52941176470588,30,8.82352941176471
10B2L,"10",Marzahn-Hellersdorf,2L,B,102L,O,"2","84",0,264,1,263,91,34.6007604562738,52,19.7718631178707,11,4.18250950570342,44,16.7300380228137,29,11.0266159695817,11,4.18250950570342,25,9.50570342205323
10B2M,"10",Marzahn-Hellersdorf,2M,B,102M,O,"2","84",0,459,3,456,146,32.0175438596491,79,17.3245614035088,25,5.48245614035088,91,19.9561403508772,57,12.5,15,3.28947368421053,43,9.42982456140351
10B2N,"10",Marzahn-Hellersdorf,2N,B,102N,O,"2","84",0,454,4,450,140,31.1111111111111,92,20.4444444444444,27,6,86,19.1111111111111,50,11.1111111111111,13,2.88888888888889,42,9.33333333333333
10B2P,"10",Marzahn-Hellersdorf,2P,B,102P,O,"2","84",0,452,4,448,132,29.4642857142857,80,17.8571428571429,20,4.46428571428571,99,22.0982142857143,68,15.1785714285714,10,2.23214285714286,39,8.70535714285714
10B2Q,"10",Marzahn-Hellersdorf,2Q,B,102Q,O,"2","84",0,360,1,359,117,32.5905292479109,72,20.0557103064067,15,4.17827298050139,67,18.6629526462396,55,15.3203342618384,5,1.39275766016713,28,7.79944289693593
10B2R,"10",Marzahn-Hellersdorf,2R,B,102R,O,"2","84",0,405,1,404,134,33.1683168316832,82,20.2970297029703,16,3.96039603960396,77,19.0594059405941,52,12.8712871287129,12,2.97029702970297,31,7.67326732673267
10B2S,"10",Marzahn-Hellersdorf,2S,B,102S,O,"2","84",0,405,0,405,123,30.3703703703704,82,20.2469135802469,14,3.45679012345679,87,21.4814814814815,49,12.0987654320988,15,3.7037037037037,35,8.64197530864197
10B3A,"10",Marzahn-Hellersdorf,3A,B,103A,O,"3","84",0,561,7,553,201,36.3471971066908,85,15.370705244123,33,5.96745027124774,89,16.0940325497288,54,9.76491862567812,19,3.43580470162749,72,13.0198915009042
10B3B,"10",Marzahn-Hellersdorf,3B,B,103B,O,"3","84",0,237,4,233,51,21.8884120171674,35,15.0214592274678,7,3.00429184549356,36,15.450643776824,44,18.8841201716738,10,4.29184549356223,50,21.4592274678112
10B3C,"10",Marzahn-Hellersdorf,3C,B,103C,O,"3","84",0,233,2,231,51,22.0779220779221,33,14.2857142857143,10,4.32900432900433,37,16.017316017316,49,21.2121212121212,8,3.46320346320346,43,18.6147186147186
10B3D,"10",Marzahn-Hellersdorf,3D,B,103D,O,"3","84",0,271,5,266,51,19.1729323308271,49,18.4210526315789,12,4.51127819548872,38,14.2857142857143,51,19.1729323308271,4,1.50375939849624,61,22.9323308270677
10B3E,"10",Marzahn-Hellersdorf,3E,B,103E,O,"3","84",0,309,3,306,68,22.2222222222222,51,16.6666666666667,16,5.22875816993464,45,14.7058823529412,68,22.2222222222222,7,2.28758169934641,51,16.6666666666667
10B3F,"10",Marzahn-Hellersdorf,3F,B,103F,O,"3","84",0,410,2,408,90,22.0588235294118,57,13.9705882352941,35,8.57843137254902,66,16.1764705882353,77,18.8725490196078,16,3.92156862745098,67,16.421568627451
10B3G,"10",Marzahn-Hellersdorf,3G,B,103G,O,"3","84",0,317,2,315,75,23.8095238095238,45,14.2857142857143,25,7.93650793650794,57,18.0952380952381,58,18.4126984126984,8,2.53968253968254,47,14.9206349206349
10B3H,"10",Marzahn-Hellersdorf,3H,B,103H,O,"3","84",0,326,3,323,74,22.9102167182663,51,15.7894736842105,20,6.19195046439629,56,17.3374613003096,66,20.4334365325077,6,1.85758513931889,50,15.4798761609907
10B3J,"10",Marzahn-Hellersdorf,3J,B,103J,O,"3","84",0,391,4,387,112,28.9405684754522,61,15.7622739018088,18,4.65116279069767,69,17.8294573643411,72,18.6046511627907,4,1.03359173126615,51,13.1782945736434
10B3K,"10",Marzahn-Hellersdorf,3K,B,103K,O,"3","84",0,409,4,405,107,26.4197530864197,64,15.8024691358025,19,4.69135802469136,77,19.0123456790123,84,20.7407407407407,10,2.46913580246914,44,10.8641975308642
10B3L,"10",Marzahn-Hellersdorf,3L,B,103L,O,"3","84",0,490,3,486,100,20.5761316872428,92,18.9300411522634,30,6.17283950617284,109,22.4279835390947,82,16.8724279835391,14,2.88065843621399,59,12.1399176954733
10B3M,"10",Marzahn-Hellersdorf,3M,B,103M,O,"3","84",0,409,7,401,104,25.9351620947631,83,20.6982543640898,16,3.99002493765586,64,15.9600997506234,68,16.9576059850374,9,2.24438902743142,57,14.214463840399
10B3N,"10",Marzahn-Hellersdorf,3N,B,103N,O,"3","84",0,371,5,365,103,28.2191780821918,75,20.5479452054795,15,4.10958904109589,56,15.3424657534247,58,15.8904109589041,11,3.01369863013699,47,12.8767123287671
10B3P,"10",Marzahn-Hellersdorf,3P,B,103P,O,"3","84",0,384,6,378,106,28.042328042328,66,17.4603174603175,15,3.96825396825397,72,19.047619047619,76,20.1058201058201,7,1.85185185185185,36,9.52380952380952
10B3Q,"10",Marzahn-Hellersdorf,3Q,B,103Q,O,"3","84",0,368,4,364,108,29.6703296703297,68,18.6813186813187,14,3.84615384615385,62,17.032967032967,65,17.8571428571429,11,3.02197802197802,36,9.89010989010989
10B4A,"10",Marzahn-Hellersdorf,4A,B,104A,O,"4","84",0,443,0,442,190,42.9864253393665,64,14.4796380090498,26,5.88235294117647,48,10.8597285067873,51,11.5384615384615,14,3.16742081447964,49,11.0859728506787
10B4B,"10",Marzahn-Hellersdorf,4B,B,104B,O,"4","84",0,429,3,425,118,27.7647058823529,84,19.7647058823529,26,6.11764705882353,89,20.9411764705882,45,10.5882352941176,11,2.58823529411765,52,12.2352941176471
10B4C,"10",Marzahn-Hellersdorf,4C,B,104C,O,"4","84",0,430,2,427,124,29.03981264637,83,19.4379391100703,23,5.3864168618267,94,22.0140515222482,47,11.0070257611241,10,2.34192037470726,46,10.7728337236534
10B4D,"10",Marzahn-Hellersdorf,4D,B,104D,O,"4","84",0,360,5,354,109,30.7909604519774,58,16.3841807909604,22,6.21468926553672,69,19.4915254237288,37,10.4519774011299,6,1.69491525423729,53,14.9717514124294
10B4E,"10",Marzahn-Hellersdorf,4E,B,104E,O,"4","84",0,526,6,519,145,27.9383429672447,90,17.3410404624277,22,4.23892100192678,111,21.3872832369942,67,12.9094412331407,13,2.50481695568401,71,13.6801541425819
10B4F,"10",Marzahn-Hellersdorf,4F,B,104F,O,"4","84",0,408,5,403,112,27.7915632754342,70,17.3697270471464,11,2.72952853598015,78,19.3548387096774,59,14.6401985111663,8,1.98511166253102,65,16.1290322580645
10B4G,"10",Marzahn-Hellersdorf,4G,B,104G,O,"4","84",0,499,4,495,198,40,78,15.7575757575758,26,5.25252525252525,85,17.1717171717172,55,11.1111111111111,11,2.22222222222222,42,8.48484848484849
10B4H,"10",Marzahn-Hellersdorf,4H,B,104H,O,"4","84",0,394,1,392,164,41.8367346938776,73,18.6224489795918,31,7.90816326530612,50,12.7551020408163,36,9.18367346938776,4,1.02040816326531,34,8.6734693877551
10B4J,"10",Marzahn-Hellersdorf,4J,B,104J,O,"4","84",0,346,3,342,131,38.3040935672515,57,16.6666666666667,25,7.30994152046784,49,14.327485380117,38,11.1111111111111,7,2.04678362573099,35,10.233918128655
10B4K,"10",Marzahn-Hellersdorf,4K,B,104K,O,"4","84",0,524,4,519,216,41.6184971098266,85,16.3776493256262,27,5.20231213872832,79,15.2215799614644,64,12.3314065510597,10,1.92678227360308,38,7.32177263969171
10B4L,"10",Marzahn-Hellersdorf,4L,B,104L,O,"4","84",0,432,4,427,162,37.9391100702576,66,15.4566744730679,19,4.44964871194379,66,15.4566744730679,56,13.1147540983607,12,2.81030444964871,46,10.7728337236534
10B4M,"10",Marzahn-Hellersdorf,4M,B,104M,O,"4","84",0,473,5,467,180,38.5438972162741,78,16.7023554603854,29,6.20985010706638,69,14.7751605995717,53,11.3490364025696,14,2.99785867237687,44,9.42184154175589
10B4N,"10",Marzahn-Hellersdorf,4N,B,104N,O,"4","84",0,405,2,402,160,39.8009950248756,73,18.1592039800995,36,8.95522388059701,53,13.1840796019901,31,7.71144278606965,13,3.23383084577114,36,8.95522388059701
10B4P,"10",Marzahn-Hellersdorf,4P,B,104P,O,"4","84",0,364,2,361,157,43.4903047091413,57,15.7894736842105,29,8.03324099722992,47,13.0193905817175,31,8.58725761772853,11,3.04709141274238,29,8.03324099722992
10B4Q,"10",Marzahn-Hellersdorf,4Q,B,104Q,O,"4","84",0,380,2,377,160,42.4403183023873,54,14.3236074270557,30,7.95755968169761,49,12.9973474801061,39,10.3448275862069,11,2.91777188328912,34,9.01856763925729
10B4R,"10",Marzahn-Hellersdorf,4R,B,104R,O,"4","84",0,459,2,456,179,39.2543859649123,78,17.1052631578947,57,12.5,51,11.1842105263158,38,8.33333333333333,15,3.28947368421053,38,8.33333333333333
10B4S,"10",Marzahn-Hellersdorf,4S,B,104S,O,"4","84",0,644,3,640,323,50.46875,95,14.84375,62,9.6875,70,10.9375,46,7.1875,14,2.1875,30,4.6875
10B4T,"10",Marzahn-Hellersdorf,4T,B,104T,O,"4","84",0,405,4,400,188,47,64,16,45,11.25,44,11,26,6.5,13,3.25,20,5
10B4V,"10",Marzahn-Hellersdorf,4V,B,104V,O,"4","84",0,377,1,376,188,50,63,16.7553191489362,27,7.18085106382979,42,11.1702127659574,30,7.97872340425532,5,1.32978723404255,21,5.58510638297872
10B4W,"10",Marzahn-Hellersdorf,4W,B,104W,O,"4","84",0,349,1,348,147,42.2413793103448,63,18.1034482758621,31,8.9080459770115,42,12.0689655172414,35,10.0574712643678,10,2.8735632183908,20,5.74712643678161
10B4X,"10",Marzahn-Hellersdorf,4X,B,104X,O,"4","84",0,641,3,638,289,45.2978056426332,105,16.4576802507837,64,10.0313479623824,67,10.5015673981191,59,9.24764890282132,18,2.82131661442006,36,5.64263322884013
10B4Y,"10",Marzahn-Hellersdorf,4Y,B,104Y,O,"4","84",0,627,3,624,288,46.1538461538462,99,15.8653846153846,45,7.21153846153846,90,14.4230769230769,54,8.65384615384615,7,1.12179487179487,41,6.57051282051282
10B5A,"10",Marzahn-Hellersdorf,5A,B,105A,O,"5","84",0,353,2,351,136,38.7464387464387,62,17.6638176638177,30,8.54700854700855,46,13.1054131054131,29,8.26210826210826,12,3.41880341880342,36,10.2564102564103
10B5B,"10",Marzahn-Hellersdorf,5B,B,105B,O,"5","84",0,365,1,364,148,40.6593406593407,63,17.3076923076923,26,7.14285714285714,40,10.989010989011,36,9.89010989010989,12,3.2967032967033,39,10.7142857142857
10B5C,"10",Marzahn-Hellersdorf,5C,B,105C,O,"5","84",0,356,1,355,134,37.7464788732394,73,20.5633802816901,34,9.57746478873239,47,13.2394366197183,35,9.85915492957746,4,1.12676056338028,28,7.88732394366197
10B5D,"10",Marzahn-Hellersdorf,5D,B,105D,O,"5","84",0,370,1,369,141,38.2113821138211,74,20.0542005420054,25,6.77506775067751,48,13.0081300813008,42,11.3821138211382,12,3.2520325203252,27,7.31707317073171
10B5E,"10",Marzahn-Hellersdorf,5E,B,105E,O,"5","84",0,393,1,392,146,37.2448979591837,77,19.6428571428571,20,5.10204081632653,52,13.265306122449,46,11.734693877551,17,4.33673469387755,34,8.6734693877551
10B5F,"10",Marzahn-Hellersdorf,5F,B,105F,O,"5","84",0,387,1,386,170,44.0414507772021,66,17.0984455958549,24,6.21761658031088,39,10.1036269430052,35,9.06735751295337,13,3.36787564766839,39,10.1036269430052
10B5G,"10",Marzahn-Hellersdorf,5G,B,105G,O,"5","84",0,398,1,397,181,45.5919395465995,67,16.8765743073048,28,7.05289672544081,44,11.0831234256927,30,7.55667506297229,12,3.02267002518892,35,8.81612090680101
10B5H,"10",Marzahn-Hellersdorf,5H,B,105H,O,"5","84",0,346,2,344,138,40.1162790697674,58,16.8604651162791,31,9.01162790697674,40,11.6279069767442,24,6.97674418604651,17,4.94186046511628,36,10.4651162790698
10B5J,"10",Marzahn-Hellersdorf,5J,B,105J,O,"5","84",0,461,1,460,149,32.3913043478261,104,22.6086956521739,35,7.60869565217391,60,13.0434782608696,27,5.8695652173913,27,5.8695652173913,58,12.6086956521739
10B5K,"10",Marzahn-Hellersdorf,5K,B,105K,O,"5","84",0,629,3,626,223,35.6230031948882,121,19.3290734824281,72,11.5015974440895,89,14.2172523961661,59,9.42492012779553,24,3.83386581469649,38,6.0702875399361
10B5L,"10",Marzahn-Hellersdorf,5L,B,105L,O,"5","84",0,335,3,332,123,37.0481927710843,57,17.1686746987952,30,9.03614457831325,48,14.4578313253012,31,9.33734939759036,14,4.21686746987952,29,8.73493975903614
10B5M,"10",Marzahn-Hellersdorf,5M,B,105M,O,"5","84",0,306,3,303,116,38.2838283828383,43,14.1914191419142,25,8.25082508250825,42,13.8613861386139,31,10.2310231023102,12,3.96039603960396,34,11.2211221122112
10B5N,"10",Marzahn-Hellersdorf,5N,B,105N,O,"5","84",0,338,4,334,114,34.1317365269461,61,18.2634730538922,34,10.1796407185629,57,17.0658682634731,30,8.98203592814371,15,4.49101796407186,23,6.88622754491018
10B5P,"10",Marzahn-Hellersdorf,5P,B,105P,O,"5","84",0,347,1,346,168,48.5549132947977,47,13.5838150289017,24,6.9364161849711,42,12.1387283236994,28,8.09248554913295,13,3.75722543352601,24,6.9364161849711
10B5Q,"10",Marzahn-Hellersdorf,5Q,B,105Q,O,"5","84",0,312,1,311,136,43.7299035369775,56,18.0064308681672,23,7.39549839228296,33,10.6109324758842,27,8.68167202572347,13,4.18006430868167,23,7.39549839228296
10B5R,"10",Marzahn-Hellersdorf,5R,B,105R,O,"5","84",0,307,1,306,130,42.483660130719,52,16.9934640522876,24,7.84313725490196,36,11.7647058823529,29,9.47712418300654,15,4.90196078431373,20,6.5359477124183
10B5S,"10",Marzahn-Hellersdorf,5S,B,105S,O,"5","84",0,383,1,382,148,38.7434554973822,62,16.2303664921466,35,9.16230366492147,56,14.6596858638743,24,6.282722513089,19,4.9738219895288,38,9.94764397905759
10B5T,"10",Marzahn-Hellersdorf,5T,B,105T,O,"5","84",0,617,1,616,272,44.1558441558442,86,13.961038961039,49,7.95454545454545,74,12.012987012987,69,11.2012987012987,29,4.70779220779221,37,6.00649350649351
10B5V,"10",Marzahn-Hellersdorf,5V,B,105V,O,"5","84",0,327,2,324,130,40.1234567901235,43,13.2716049382716,32,9.87654320987654,42,12.962962962963,37,11.4197530864198,15,4.62962962962963,25,7.71604938271605
10B5W,"10",Marzahn-Hellersdorf,5W,B,105W,O,"5","84",0,355,2,353,172,48.7252124645892,50,14.1643059490085,24,6.79886685552408,37,10.4815864022663,27,7.64872521246459,21,5.94900849858357,22,6.23229461756374
10B5X,"10",Marzahn-Hellersdorf,5X,B,105X,O,"5","84",0,312,1,311,135,43.4083601286174,52,16.7202572347267,21,6.7524115755627,43,13.8263665594855,34,10.9324758842444,12,3.85852090032154,14,4.5016077170418
10B5Y,"10",Marzahn-Hellersdorf,5Y,B,105Y,O,"5","84",0,336,1,335,133,39.7014925373134,50,14.9253731343284,40,11.9402985074627,45,13.4328358208955,22,6.56716417910448,12,3.58208955223881,33,9.85074626865672
10B5ZA,"10",Marzahn-Hellersdorf,5ZA,B,105ZA,O,"5","84",0,645,1,644,289,44.8757763975155,95,14.7515527950311,49,7.60869565217391,87,13.5093167701863,57,8.85093167701863,26,4.03726708074534,41,6.36645962732919
10B5ZB,"10",Marzahn-Hellersdorf,5ZB,B,105ZB,O,"5","84",0,466,5,461,200,43.3839479392625,75,16.2689804772234,39,8.45986984815618,52,11.2798264642082,55,11.9305856832972,22,4.77223427331887,18,3.90455531453362
10B5ZC,"10",Marzahn-Hellersdorf,5ZC,B,105ZC,O,"5","84",0,618,1,617,289,46.839546191248,101,16.3695299837925,39,6.32090761750405,60,9.72447325769854,80,12.9659643435981,20,3.24149108589951,28,4.53808752025932
10B5ZD,"10",Marzahn-Hellersdorf,5ZD,B,105ZD,O,"5","84",0,625,0,625,288,46.08,97,15.52,42,6.72,70,11.2,78,12.48,24,3.84,26,4.16
10B5ZE,"10",Marzahn-Hellersdorf,5ZE,B,105ZE,O,"5","84",0,647,0,647,296,45.7496136012365,102,15.7650695517774,55,8.50077279752705,56,8.65533230293663,76,11.7465224111283,30,4.63678516228748,32,4.94590417310665
10B5ZF,"10",Marzahn-Hellersdorf,5ZF,B,105ZF,O,"5","84",0,534,1,533,202,37.8986866791745,121,22.7016885553471,44,8.25515947467167,73,13.6960600375235,56,10.5065666041276,12,2.25140712945591,25,4.69043151969981
10B5ZG,"10",Marzahn-Hellersdorf,5ZG,B,105ZG,O,"5","84",0,545,1,544,217,39.8897058823529,106,19.4852941176471,55,10.1102941176471,66,12.1323529411765,45,8.27205882352941,21,3.86029411764706,34,6.25
10B6A,"10",Marzahn-Hellersdorf,6A,B,106A,O,"6","84",0,277,3,273,86,31.5018315018315,42,15.3846153846154,16,5.86080586080586,43,15.7509157509158,31,11.3553113553114,9,3.2967032967033,46,16.8498168498169
10B6B,"10",Marzahn-Hellersdorf,6B,B,106B,O,"6","84",0,437,4,432,153,35.4166666666667,68,15.7407407407407,22,5.09259259259259,71,16.4351851851852,52,12.037037037037,10,2.31481481481481,56,12.962962962963
10B6C,"10",Marzahn-Hellersdorf,6C,B,106C,O,"6","84",0,385,3,381,147,38.5826771653543,59,15.4855643044619,14,3.6745406824147,63,16.5354330708661,44,11.5485564304462,7,1.83727034120735,47,12.3359580052493
10B6D,"10",Marzahn-Hellersdorf,6D,B,106D,O,"6","84",0,365,6,358,104,29.0502793296089,59,16.4804469273743,15,4.18994413407821,54,15.0837988826816,74,20.6703910614525,6,1.67597765363128,46,12.8491620111732
10B6E,"10",Marzahn-Hellersdorf,6E,B,106E,O,"6","84",0,322,4,317,109,34.384858044164,52,16.403785488959,18,5.6782334384858,45,14.1955835962145,54,17.0347003154574,6,1.89274447949527,33,10.410094637224
10B6F,"10",Marzahn-Hellersdorf,6F,B,106F,O,"6","84",0,414,3,410,146,35.609756097561,66,16.0975609756098,21,5.1219512195122,56,13.6585365853659,56,13.6585365853659,4,0.975609756097561,61,14.8780487804878
10B6G,"10",Marzahn-Hellersdorf,6G,B,106G,O,"6","84",0,402,2,399,138,34.5864661654135,71,17.7944862155388,18,4.51127819548872,59,14.7869674185464,62,15.5388471177945,6,1.50375939849624,45,11.2781954887218
10B6H,"10",Marzahn-Hellersdorf,6H,B,106H,O,"6","84",0,325,2,323,101,31.2693498452012,54,16.71826625387,17,5.26315789473684,50,15.4798761609907,51,15.7894736842105,7,2.1671826625387,43,13.312693498452
10B6J,"10",Marzahn-Hellersdorf,6J,B,106J,O,"6","84",0,369,1,368,137,37.2282608695652,70,19.0217391304348,28,7.60869565217391,58,15.7608695652174,35,9.51086956521739,10,2.71739130434783,30,8.15217391304348
10B6K,"10",Marzahn-Hellersdorf,6K,B,106K,O,"6","84",0,558,5,553,231,41.7721518987342,91,16.4556962025316,49,8.86075949367089,67,12.1157323688969,58,10.4882459312839,20,3.61663652802893,37,6.69077757685353
10B6L,"10",Marzahn-Hellersdorf,6L,B,106L,O,"6","84",0,453,6,447,180,40.2684563758389,72,16.1073825503356,16,3.57941834451902,78,17.4496644295302,46,10.2908277404922,15,3.35570469798658,40,8.94854586129754
10B6M,"10",Marzahn-Hellersdorf,6M,B,106M,O,"6","84",0,381,2,379,137,36.1477572559367,66,17.4142480211082,17,4.48548812664908,67,17.6781002638522,41,10.8179419525066,9,2.37467018469657,42,11.0817941952507
10B6N,"10",Marzahn-Hellersdorf,6N,B,106N,O,"6","84",0,292,1,291,106,36.426116838488,51,17.5257731958763,14,4.81099656357388,51,17.5257731958763,34,11.6838487972509,6,2.06185567010309,29,9.96563573883162
10B6P,"10",Marzahn-Hellersdorf,6P,B,106P,O,"6","84",0,373,4,369,121,32.7913279132791,61,16.5311653116531,25,6.77506775067751,65,17.6151761517615,51,13.8211382113821,7,1.8970189701897,39,10.5691056910569
10B6Q,"10",Marzahn-Hellersdorf,6Q,B,106Q,O,"6","84",0,418,2,416,145,34.8557692307692,86,20.6730769230769,18,4.32692307692308,61,14.6634615384615,53,12.7403846153846,11,2.64423076923077,42,10.0961538461538
10B6R,"10",Marzahn-Hellersdorf,6R,B,106R,O,"6","84",0,455,3,452,153,33.8495575221239,78,17.2566371681416,30,6.63716814159292,88,19.4690265486726,46,10.1769911504425,20,4.42477876106195,37,8.1858407079646
10B6S,"10",Marzahn-Hellersdorf,6S,B,106S,O,"6","84",0,345,4,341,134,39.2961876832845,47,13.782991202346,34,9.97067448680352,48,14.0762463343109,43,12.6099706744868,12,3.51906158357771,23,6.74486803519062
10W101,"10",Marzahn-Hellersdorf,"101",W,101A,O,"1","84",919,330,5,324,76,23.4567901234568,42,12.962962962963,7,2.16049382716049,38,11.7283950617284,98,30.2469135802469,5,1.54320987654321,58,17.9012345679012
10W102,"10",Marzahn-Hellersdorf,"102",W,101A,O,"1","84",949,313,6,306,72,23.5294117647059,34,11.1111111111111,9,2.94117647058824,42,13.7254901960784,100,32.6797385620915,5,1.63398692810458,44,14.3790849673203
10W103,"10",Marzahn-Hellersdorf,"103",W,101A,O,"1","84",1015,328,5,322,71,22.0496894409938,41,12.7329192546584,10,3.1055900621118,46,14.2857142857143,100,31.055900621118,5,1.5527950310559,49,15.2173913043478
10W104,"10",Marzahn-Hellersdorf,"104",W,101B,O,"1","84",829,278,2,275,56,20.3636363636364,42,15.2727272727273,8,2.90909090909091,37,13.4545454545455,77,28,5,1.81818181818182,50,18.1818181818182
10W105,"10",Marzahn-Hellersdorf,"105",W,101B,O,"1","84",876,271,3,267,50,18.7265917602996,36,13.4831460674157,13,4.8689138576779,38,14.2322097378277,75,28.0898876404494,7,2.62172284644195,48,17.9775280898876
10W106,"10",Marzahn-Hellersdorf,"106",W,101B,O,"1","84",1103,356,5,350,75,21.4285714285714,50,14.2857142857143,14,4,52,14.8571428571429,106,30.2857142857143,8,2.28571428571429,45,12.8571428571429
10W107,"10",Marzahn-Hellersdorf,"107",W,101C,O,"1","84",780,254,4,249,46,18.4738955823293,25,10.0401606425703,8,3.21285140562249,41,16.4658634538153,91,36.5461847389558,6,2.40963855421687,32,12.85140562249
10W108,"10",Marzahn-Hellersdorf,"108",W,101C,O,"1","84",743,238,4,233,47,20.1716738197425,28,12.0171673819742,8,3.43347639484979,38,16.3090128755365,81,34.7639484978541,6,2.57510729613734,25,10.7296137339056
10W109,"10",Marzahn-Hellersdorf,"109",W,101C,O,"1","84",798,218,4,213,44,20.6572769953052,20,9.38967136150235,7,3.28638497652582,31,14.5539906103286,80,37.5586854460094,6,2.8169014084507,25,11.7370892018779
10W110,"10",Marzahn-Hellersdorf,"110",W,101D,O,"1","84",1008,314,8,305,64,20.983606557377,43,14.0983606557377,7,2.29508196721311,44,14.4262295081967,92,30.1639344262295,7,2.29508196721311,48,15.7377049180328
10W111,"10",Marzahn-Hellersdorf,"111",W,101D,O,"1","84",1063,263,2,260,52,20,34,13.0769230769231,3,1.15384615384615,40,15.3846153846154,90,34.6153846153846,5,1.92307692307692,36,13.8461538461538
10W112,"10",Marzahn-Hellersdorf,"112",W,101E,O,"1","84",1081,253,1,251,51,20.3187250996016,43,17.1314741035857,4,1.59362549800797,37,14.7410358565737,78,31.0756972111554,5,1.99203187250996,33,13.1474103585657
10W113,"10",Marzahn-Hellersdorf,"113",W,101E,O,"1","84",1098,298,3,294,60,20.4081632653061,53,18.0272108843537,10,3.40136054421769,44,14.9659863945578,85,28.9115646258503,6,2.04081632653061,36,12.2448979591837
10W114,"10",Marzahn-Hellersdorf,"114",W,101F,O,"1","84",1088,270,2,267,51,19.1011235955056,36,13.4831460674157,5,1.87265917602996,42,15.7303370786517,93,34.8314606741573,6,2.24719101123596,34,12.7340823970037
10W115,"10",Marzahn-Hellersdorf,"115",W,101F,O,"1","84",921,245,5,239,55,23.0125523012552,25,10.4602510460251,9,3.76569037656904,31,12.9707112970711,83,34.7280334728033,7,2.92887029288703,29,12.1338912133891
10W116,"10",Marzahn-Hellersdorf,"116",W,101G,O,"1","84",951,255,3,251,43,17.1314741035857,27,10.7569721115538,11,4.38247011952191,36,14.3426294820717,90,35.8565737051793,9,3.58565737051793,35,13.9442231075697
10W117,"10",Marzahn-Hellersdorf,"117",W,101G,O,"1","84",952,276,8,267,52,19.4756554307116,29,10.8614232209738,11,4.11985018726592,36,13.4831460674157,89,33.3333333333333,9,3.37078651685393,41,15.3558052434457
10W118,"10",Marzahn-Hellersdorf,"118",W,101H,O,"1","84",899,246,1,245,52,21.2244897959184,30,12.2448979591837,9,3.6734693877551,40,16.3265306122449,81,33.0612244897959,7,2.85714285714286,26,10.6122448979592
10W119,"10",Marzahn-Hellersdorf,"119",W,101H,O,"1","84",906,234,2,232,53,22.8448275862069,35,15.0862068965517,12,5.17241379310345,25,10.7758620689655,67,28.8793103448276,9,3.87931034482759,31,13.3620689655172
10W120,"10",Marzahn-Hellersdorf,"120",W,101H,O,"1","84",873,230,4,226,57,25.2212389380531,38,16.8141592920354,7,3.09734513274336,30,13.2743362831858,66,29.2035398230088,8,3.53982300884956,20,8.84955752212389
10W121,"10",Marzahn-Hellersdorf,"121",W,101J,O,"1","84",897,262,3,259,51,19.6911196911197,30,11.5830115830116,7,2.7027027027027,53,20.4633204633205,88,33.976833976834,5,1.93050193050193,25,9.65250965250965
10W122,"10",Marzahn-Hellersdorf,"122",W,101J,O,"1","84",906,251,5,246,63,25.609756097561,45,18.2926829268293,6,2.4390243902439,35,14.2276422764228,69,28.0487804878049,8,3.2520325203252,20,8.13008130081301
10W123,"10",Marzahn-Hellersdorf,"123",W,101J,O,"1","84",883,255,5,250,49,19.6,45,18,8,3.2,46,18.4,72,28.8,4,1.6,26,10.4
10W124,"10",Marzahn-Hellersdorf,"124",W,101K,O,"1","84",1197,490,7,483,149,30.8488612836439,71,14.6997929606625,15,3.1055900621118,57,11.8012422360248,138,28.5714285714286,12,2.48447204968944,41,8.48861283643892
10W125,"10",Marzahn-Hellersdorf,"125",W,101K,O,"1","84",1068,385,3,382,108,28.2722513089005,36,9.42408376963351,14,3.66492146596859,56,14.6596858638743,124,32.4607329842932,14,3.66492146596859,30,7.85340314136126
10W126,"10",Marzahn-Hellersdorf,"126",W,101L,O,"1","84",1062,320,2,318,79,24.8427672955975,35,11.0062893081761,8,2.51572327044025,47,14.7798742138365,107,33.6477987421384,7,2.20125786163522,35,11.0062893081761
10W127,"10",Marzahn-Hellersdorf,"127",W,101L,O,"1","84",1058,266,6,260,54,20.7692307692308,40,15.3846153846154,7,2.69230769230769,36,13.8461538461538,96,36.9230769230769,4,1.53846153846154,23,8.84615384615385
10W128,"10",Marzahn-Hellersdorf,"128",W,101M,O,"1","84",1065,306,1,305,66,21.6393442622951,44,14.4262295081967,3,0.983606557377049,52,17.0491803278689,104,34.0983606557377,4,1.31147540983607,32,10.4918032786885
10W129,"10",Marzahn-Hellersdorf,"129",W,101M,O,"1","84",1065,303,2,301,67,22.2591362126246,55,18.2724252491694,6,1.99335548172757,57,18.936877076412,97,32.2259136212625,2,0.664451827242525,17,5.64784053156146
10W130,"10",Marzahn-Hellersdorf,"130",W,101N,O,"1","84",1062,275,2,273,59,21.6117216117216,32,11.7216117216117,7,2.56410256410256,42,15.3846153846154,98,35.8974358974359,8,2.93040293040293,27,9.89010989010989
10W131,"10",Marzahn-Hellersdorf,"131",W,101N,O,"1","84",1059,243,3,240,37,15.4166666666667,39,16.25,6,2.5,36,15,90,37.5,8,3.33333333333333,24,10
10W132,"10",Marzahn-Hellersdorf,"132",W,101N,O,"1","84",1053,256,4,252,45,17.8571428571429,51,20.2380952380952,3,1.19047619047619,31,12.3015873015873,92,36.5079365079365,5,1.98412698412698,25,9.92063492063492
10W201,"10",Marzahn-Hellersdorf,"201",W,102A,O,"2","84",1146,328,8,320,75,23.4375,47,14.6875,13,4.0625,54,16.875,85,26.5625,8,2.5,38,11.875
10W202,"10",Marzahn-Hellersdorf,"202",W,102A,O,"2","84",1056,280,6,273,66,24.1758241758242,52,19.047619047619,8,2.93040293040293,36,13.1868131868132,69,25.2747252747253,5,1.83150183150183,37,13.5531135531136
10W203,"10",Marzahn-Hellersdorf,"203",W,102B,O,"2","84",1017,317,6,310,73,23.5483870967742,66,21.2903225806452,12,3.87096774193548,43,13.8709677419355,57,18.3870967741935,8,2.58064516129032,51,16.4516129032258
10W204,"10",Marzahn-Hellersdorf,"204",W,102B,O,"2","84",1055,292,6,285,60,21.0526315789474,36,12.6315789473684,14,4.91228070175439,45,15.7894736842105,88,30.8771929824561,6,2.10526315789474,36,12.6315789473684
10W205,"10",Marzahn-Hellersdorf,"205",W,102C,O,"2","84",1072,310,7,302,72,23.841059602649,59,19.5364238410596,9,2.98013245033113,49,16.2251655629139,64,21.1920529801325,6,1.98675496688742,43,14.2384105960265
10W206,"10",Marzahn-Hellersdorf,"206",W,102C,O,"2","84",1081,316,8,307,59,19.2182410423453,43,14.0065146579805,14,4.56026058631922,57,18.5667752442997,77,25.0814332247557,6,1.95439739413681,51,16.6123778501629
10W207,"10",Marzahn-Hellersdorf,"207",W,102D,O,"2","84",1089,349,6,342,73,21.3450292397661,49,14.327485380117,20,5.84795321637427,56,16.374269005848,97,28.3625730994152,8,2.33918128654971,39,11.4035087719298
10W208,"10",Marzahn-Hellersdorf,"208",W,102D,O,"2","84",1018,321,6,314,63,20.0636942675159,42,13.3757961783439,18,5.73248407643312,53,16.8789808917197,87,27.7070063694268,7,2.22929936305732,44,14.0127388535032
10W209,"10",Marzahn-Hellersdorf,"209",W,102E,O,"2","84",1022,357,6,350,89,25.4285714285714,66,18.8571428571429,11,3.14285714285714,39,11.1428571428571,101,28.8571428571429,9,2.57142857142857,35,10
10W210,"10",Marzahn-Hellersdorf,"210",W,102E,O,"2","84",988,324,4,319,80,25.0783699059561,52,16.3009404388715,14,4.38871473354232,42,13.166144200627,96,30.0940438871473,7,2.19435736677116,28,8.77742946708464
10W211,"10",Marzahn-Hellersdorf,"211",W,102F,O,"2","84",1011,346,1,344,85,24.7093023255814,37,10.7558139534884,13,3.77906976744186,42,12.2093023255814,108,31.3953488372093,4,1.16279069767442,55,15.9883720930233
10W212,"10",Marzahn-Hellersdorf,"212",W,102F,O,"2","84",891,288,4,283,80,28.2685512367491,45,15.9010600706714,9,3.18021201413428,39,13.7809187279152,68,24.0282685512367,8,2.82685512367491,34,12.0141342756184
10W213,"10",Marzahn-Hellersdorf,"213",W,102G,O,"2","84",899,289,4,284,73,25.7042253521127,45,15.8450704225352,10,3.52112676056338,46,16.1971830985916,71,25,7,2.46478873239437,32,11.2676056338028
10W214,"10",Marzahn-Hellersdorf,"214",W,102G,O,"2","84",894,328,1,326,81,24.8466257668712,63,19.3251533742331,11,3.37423312883436,65,19.9386503067485,65,19.9386503067485,10,3.06748466257669,31,9.50920245398773
10W215,"10",Marzahn-Hellersdorf,"215",W,102H,O,"2","84",889,285,1,283,70,24.7349823321555,58,20.4946996466431,11,3.886925795053,53,18.7279151943463,57,20.1413427561837,8,2.82685512367491,26,9.18727915194346
10W216,"10",Marzahn-Hellersdorf,"216",W,102H,O,"2","84",845,226,2,223,52,23.3183856502242,47,21.0762331838565,10,4.48430493273543,34,15.2466367713004,48,21.52466367713,6,2.69058295964126,26,11.6591928251121
10W217,"10",Marzahn-Hellersdorf,"217",W,102J,O,"2","84",869,246,5,240,48,20,41,17.0833333333333,6,2.5,39,16.25,76,31.6666666666667,6,2.5,24,10
10W218,"10",Marzahn-Hellersdorf,"218",W,102J,O,"2","84",869,249,4,244,49,20.0819672131148,38,15.5737704918033,11,4.50819672131148,46,18.8524590163934,72,29.5081967213115,7,2.86885245901639,21,8.60655737704918
10W219,"10",Marzahn-Hellersdorf,"219",W,102J,O,"2","84",820,280,6,273,62,22.7106227106227,42,15.3846153846154,9,3.2967032967033,48,17.5824175824176,68,24.9084249084249,7,2.56410256410256,37,13.5531135531136
10W220,"10",Marzahn-Hellersdorf,"220",W,102K,O,"2","84",826,253,4,248,48,19.3548387096774,33,13.3064516129032,15,6.04838709677419,50,20.1612903225806,66,26.6129032258064,9,3.62903225806452,27,10.8870967741935
10W221,"10",Marzahn-Hellersdorf,"221",W,102K,O,"2","84",1102,384,3,381,87,22.8346456692913,70,18.3727034120735,24,6.2992125984252,61,16.010498687664,87,22.8346456692913,6,1.5748031496063,46,12.0734908136483
10W222,"10",Marzahn-Hellersdorf,"222",W,102L,O,"2","84",1233,437,5,432,133,30.787037037037,71,16.4351851851852,16,3.7037037037037,56,12.962962962963,103,23.8425925925926,20,4.62962962962963,33,7.63888888888889
10W223,"10",Marzahn-Hellersdorf,"223",W,102M,O,"2","84",879,332,3,328,99,30.1829268292683,53,16.1585365853659,12,3.65853658536585,52,15.8536585365854,68,20.7317073170732,11,3.35365853658537,33,10.0609756097561
10W224,"10",Marzahn-Hellersdorf,"224",W,102M,O,"2","84",934,316,4,311,89,28.6173633440514,57,18.3279742765273,17,5.46623794212219,48,15.4340836012862,67,21.5434083601286,11,3.53697749196141,22,7.07395498392283
10W225,"10",Marzahn-Hellersdorf,"225",W,102N,O,"2","84",954,282,1,280,74,26.4285714285714,43,15.3571428571429,16,5.71428571428571,56,20,63,22.5,8,2.85714285714286,20,7.14285714285714
10W226,"10",Marzahn-Hellersdorf,"226",W,102N,O,"2","84",925,346,8,338,99,29.2899408284024,79,23.3727810650888,10,2.9585798816568,44,13.0177514792899,66,19.5266272189349,8,2.36686390532544,32,9.46745562130178
10W227,"10",Marzahn-Hellersdorf,"227",W,102P,O,"2","84",995,332,7,325,89,27.3846153846154,61,18.7692307692308,8,2.46153846153846,59,18.1538461538462,76,23.3846153846154,10,3.07692307692308,22,6.76923076923077
10W228,"10",Marzahn-Hellersdorf,"228",W,102P,O,"2","84",938,310,4,306,90,29.4117647058824,56,18.3006535947712,11,3.59477124183007,53,17.3202614379085,71,23.202614379085,8,2.61437908496732,17,5.55555555555556
10W229,"10",Marzahn-Hellersdorf,"229",W,102Q,O,"2","84",766,220,5,215,56,26.046511627907,37,17.2093023255814,3,1.3953488372093,40,18.6046511627907,63,29.3023255813954,3,1.3953488372093,13,6.04651162790698
10W230,"10",Marzahn-Hellersdorf,"230",W,102Q,O,"2","84",1010,328,4,324,93,28.7037037037037,67,20.679012345679,6,1.85185185185185,41,12.6543209876543,91,28.0864197530864,7,2.16049382716049,19,5.8641975308642
10W231,"10",Marzahn-Hellersdorf,"231",W,102R,O,"2","84",1022,349,3,346,89,25.7225433526012,74,21.3872832369942,19,5.49132947976879,59,17.0520231213873,78,22.5433526011561,8,2.3121387283237,19,5.49132947976879
10W232,"10",Marzahn-Hellersdorf,"232",W,102R,O,"2","84",997,292,3,289,62,21.4532871972318,47,16.2629757785467,9,3.11418685121107,48,16.6089965397924,95,32.8719723183391,8,2.7681660899654,20,6.9204152249135
10W233,"10",Marzahn-Hellersdorf,"233",W,102S,O,"2","84",1003,259,3,256,65,25.390625,45,17.578125,7,2.734375,48,18.75,77,30.078125,4,1.5625,10,3.90625
10W234,"10",Marzahn-Hellersdorf,"234",W,102S,O,"2","84",985,229,1,228,70,30.7017543859649,47,20.6140350877193,8,3.50877192982456,36,15.7894736842105,50,21.9298245614035,4,1.75438596491228,13,5.70175438596491
10W301,"10",Marzahn-Hellersdorf,"301",W,103A,O,"3","84",708,285,4,281,78,27.7580071174377,39,13.8790035587189,10,3.55871886120996,49,17.4377224199288,50,17.7935943060498,11,3.91459074733096,44,15.6583629893238
10W302,"10",Marzahn-Hellersdorf,"302",W,103A,O,"3","84",771,322,9,313,105,33.5463258785943,48,15.3354632587859,14,4.47284345047923,41,13.0990415335463,52,16.6134185303514,6,1.91693290734824,47,15.0159744408946
10W303,"10",Marzahn-Hellersdorf,"303",W,103A,O,"3","84",775,310,6,304,97,31.9078947368421,46,15.1315789473684,12,3.94736842105263,46,15.1315789473684,53,17.4342105263158,9,2.96052631578947,41,13.4868421052632
10W304,"10",Marzahn-Hellersdorf,"304",W,103B,O,"3","84",1067,286,5,281,53,18.8612099644128,34,12.0996441281139,7,2.49110320284698,37,13.1672597864769,89,31.6725978647687,9,3.20284697508897,52,18.5053380782918
10W305,"10",Marzahn-Hellersdorf,"305",W,103B,O,"3","84",878,243,4,239,47,19.6652719665272,28,11.7154811715481,7,2.92887029288703,30,12.5523012552301,78,32.6359832635983,9,3.76569037656904,40,16.7364016736402
10W306,"10",Marzahn-Hellersdorf,"306",W,103C,O,"3","84",1041,289,6,283,58,20.4946996466431,32,11.3074204946996,9,3.18021201413428,35,12.3674911660777,98,34.6289752650177,9,3.18021201413428,42,14.8409893992933
10W307,"10",Marzahn-Hellersdorf,"307",W,103C,O,"3","84",1040,278,4,274,52,18.978102189781,28,10.2189781021898,10,3.64963503649635,31,11.3138686131387,104,37.956204379562,7,2.55474452554745,42,15.3284671532847
10W308,"10",Marzahn-Hellersdorf,"308",W,103D,O,"3","84",1000,208,2,206,32,15.5339805825243,22,10.6796116504854,6,2.9126213592233,27,13.1067961165049,77,37.378640776699,6,2.9126213592233,36,17.4757281553398
10W309,"10",Marzahn-Hellersdorf,"309",W,103D,O,"3","84",869,214,4,210,35,16.6666666666667,28,13.3333333333333,6,2.85714285714286,36,17.1428571428571,64,30.4761904761905,5,2.38095238095238,36,17.1428571428571
10W310,"10",Marzahn-Hellersdorf,"310",W,103E,O,"3","84",874,211,3,207,37,17.8743961352657,29,14.0096618357488,6,2.89855072463768,32,15.4589371980676,60,28.9855072463768,7,3.38164251207729,36,17.3913043478261
10W311,"10",Marzahn-Hellersdorf,"311",W,103E,O,"3","84",814,217,4,212,46,21.6981132075472,29,13.6792452830189,8,3.77358490566038,26,12.2641509433962,58,27.3584905660377,9,4.24528301886792,36,16.9811320754717
10W312,"10",Marzahn-Hellersdorf,"312",W,103E,O,"3","84",746,286,7,278,75,26.978417266187,33,11.8705035971223,18,6.47482014388489,30,10.7913669064748,76,27.3381294964029,5,1.79856115107914,41,14.7482014388489
10W313,"10",Marzahn-Hellersdorf,"313",W,103F,O,"3","84",812,255,2,252,52,20.6349206349206,28,11.1111111111111,14,5.55555555555556,23,9.12698412698413,73,28.968253968254,8,3.17460317460317,54,21.4285714285714
10W314,"10",Marzahn-Hellersdorf,"314",W,103F,O,"3","84",838,246,3,242,54,22.3140495867769,32,13.2231404958678,9,3.71900826446281,33,13.6363636363636,68,28.099173553719,5,2.06611570247934,41,16.9421487603306
10W315,"10",Marzahn-Hellersdorf,"315",W,103F,O,"3","84",820,242,2,240,56,23.3333333333333,30,12.5,10,4.16666666666667,33,13.75,70,29.1666666666667,5,2.08333333333333,36,15
10W316,"10",Marzahn-Hellersdorf,"316",W,103G,O,"3","84",864,262,2,260,59,22.6923076923077,30,11.5384615384615,14,5.38461538461539,28,10.7692307692308,78,30,8,3.07692307692308,43,16.5384615384615
10W317,"10",Marzahn-Hellersdorf,"317",W,103G,O,"3","84",1235,384,2,382,89,23.2984293193717,49,12.8272251308901,19,4.9738219895288,51,13.3507853403141,114,29.8429319371728,11,2.87958115183246,49,12.8272251308901
10W318,"10",Marzahn-Hellersdorf,"318",W,103H,O,"3","84",842,269,2,267,52,19.4756554307116,42,15.7303370786517,13,4.8689138576779,35,13.1086142322097,73,27.3408239700375,11,4.11985018726592,41,15.3558052434457
10W319,"10",Marzahn-Hellersdorf,"319",W,103H,O,"3","84",775,199,4,195,51,26.1538461538462,24,12.3076923076923,8,4.1025641025641,24,12.3076923076923,56,28.7179487179487,6,3.07692307692308,26,13.3333333333333
10W320,"10",Marzahn-Hellersdorf,"320",W,103H,O,"3","84",869,170,2,168,34,20.2380952380952,20,11.9047619047619,6,3.57142857142857,23,13.6904761904762,58,34.5238095238095,4,2.38095238095238,23,13.6904761904762
10W321,"10",Marzahn-Hellersdorf,"321",W,103J,O,"3","84",935,270,5,265,64,24.1509433962264,36,13.5849056603774,10,3.77358490566038,36,13.5849056603774,79,29.811320754717,5,1.88679245283019,35,13.2075471698113
10W322,"10",Marzahn-Hellersdorf,"322",W,103J,O,"3","84",859,256,4,252,70,27.7777777777778,33,13.0952380952381,7,2.77777777777778,31,12.3015873015873,72,28.5714285714286,4,1.58730158730159,35,13.8888888888889
10W323,"10",Marzahn-Hellersdorf,"323",W,103J,O,"3","84",862,262,3,259,57,22.007722007722,42,16.2162162162162,6,2.31660231660232,32,12.3552123552124,84,32.4324324324324,10,3.86100386100386,28,10.8108108108108
10W324,"10",Marzahn-Hellersdorf,"324",W,103K,O,"3","84",847,251,4,247,53,21.4574898785425,37,14.9797570850202,7,2.83400809716599,31,12.5506072874494,86,34.8178137651822,11,4.45344129554656,22,8.90688259109312
10W325,"10",Marzahn-Hellersdorf,"325",W,103K,O,"3","84",883,251,5,246,55,22.3577235772358,32,13.0081300813008,9,3.65853658536585,32,13.0081300813008,85,34.5528455284553,7,2.84552845528455,26,10.5691056910569
10W326,"10",Marzahn-Hellersdorf,"326",W,103K,O,"3","84",837,235,4,231,52,22.5108225108225,33,14.2857142857143,8,3.46320346320346,34,14.7186147186147,76,32.9004329004329,6,2.5974025974026,22,9.52380952380952
10W327,"10",Marzahn-Hellersdorf,"327",W,103L,O,"3","84",859,226,3,223,51,22.8699551569507,34,15.2466367713004,9,4.03587443946188,36,16.1434977578475,70,31.390134529148,5,2.24215246636771,18,8.07174887892377
10W328,"10",Marzahn-Hellersdorf,"328",W,103L,O,"3","84",1179,369,3,366,86,23.4972677595628,46,12.568306010929,17,4.6448087431694,59,16.120218579235,111,30.327868852459,9,2.45901639344262,38,10.3825136612022
10W329,"10",Marzahn-Hellersdorf,"329",W,103L,O,"3","84",1151,296,7,289,58,20.0692041522491,49,16.9550173010381,12,4.1522491349481,50,17.3010380622837,87,30.1038062283737,3,1.03806228373702,30,10.3806228373702
10W330,"10",Marzahn-Hellersdorf,"330",W,103M,O,"3","84",847,243,3,240,71,29.5833333333333,34,14.1666666666667,8,3.33333333333333,33,13.75,67,27.9166666666667,6,2.5,21,8.75
10W331,"10",Marzahn-Hellersdorf,"331",W,103M,O,"3","84",1058,319,3,316,89,28.1645569620253,45,14.2405063291139,11,3.48101265822785,43,13.6075949367089,91,28.7974683544304,6,1.89873417721519,31,9.81012658227848
10W332,"10",Marzahn-Hellersdorf,"332",W,103N,O,"3","84",913,259,6,253,76,30.0395256916996,36,14.2292490118577,8,3.16205533596838,30,11.8577075098814,67,26.4822134387352,10,3.95256916996047,26,10.2766798418972
10W333,"10",Marzahn-Hellersdorf,"333",W,103N,O,"3","84",886,257,6,251,69,27.4900398406374,36,14.3426294820717,8,3.18725099601594,42,16.7330677290837,78,31.0756972111554,6,2.39043824701195,12,4.7808764940239
10W334,"10",Marzahn-Hellersdorf,"334",W,103P,O,"3","84",863,237,3,234,67,28.6324786324786,37,15.8119658119658,8,3.41880341880342,32,13.6752136752137,72,30.7692307692308,4,1.70940170940171,14,5.98290598290598
10W335,"10",Marzahn-Hellersdorf,"335",W,103P,O,"3","84",919,259,3,256,70,27.34375,43,16.796875,10,3.90625,28,10.9375,74,28.90625,5,1.953125,26,10.15625
10W336,"10",Marzahn-Hellersdorf,"336",W,103Q,O,"3","84",909,243,2,241,60,24.896265560166,47,19.5020746887967,9,3.7344398340249,28,11.6182572614108,71,29.4605809128631,4,1.6597510373444,22,9.12863070539419
10W337,"10",Marzahn-Hellersdorf,"337",W,103Q,O,"3","84",863,263,2,261,60,22.9885057471264,51,19.5402298850575,5,1.91570881226054,37,14.176245210728,74,28.3524904214559,8,3.06513409961686,26,9.96168582375479
10W401,"10",Marzahn-Hellersdorf,"401",W,104A,O,"4","84",726,280,4,275,99,36,33,12,23,8.36363636363636,29,10.5454545454545,41,14.9090909090909,9,3.27272727272727,41,14.9090909090909
10W402,"10",Marzahn-Hellersdorf,"402",W,104A,O,"4","84",771,276,1,274,108,39.4160583941606,36,13.1386861313869,17,6.2043795620438,26,9.48905109489051,51,18.6131386861314,8,2.91970802919708,28,10.2189781021898
10W403,"10",Marzahn-Hellersdorf,"403",W,104B,O,"4","84",905,330,6,323,81,25.077399380805,48,14.8606811145511,18,5.57275541795666,60,18.5758513931889,66,20.4334365325077,6,1.85758513931889,44,13.6222910216718
10W404,"10",Marzahn-Hellersdorf,"404",W,104B,O,"4","84",940,355,6,348,77,22.1264367816092,50,14.367816091954,22,6.32183908045977,66,18.9655172413793,76,21.8390804597701,7,2.01149425287356,50,14.367816091954
10W405,"10",Marzahn-Hellersdorf,"405",W,104C,O,"4","84",895,280,6,273,74,27.1062271062271,44,16.1172161172161,9,3.2967032967033,52,19.047619047619,48,17.5824175824176,7,2.56410256410256,39,14.2857142857143
10W406,"10",Marzahn-Hellersdorf,"406",W,104C,O,"4","84",908,278,5,272,53,19.4852941176471,42,15.4411764705882,13,4.77941176470588,57,20.9558823529412,57,20.9558823529412,7,2.57352941176471,43,15.8088235294118
10W407,"10",Marzahn-Hellersdorf,"407",W,104D,O,"4","84",944,339,4,333,79,23.7237237237237,43,12.9129129129129,13,3.9039039039039,63,18.9189189189189,77,23.1231231231231,12,3.6036036036036,46,13.8138138138138
10W408,"10",Marzahn-Hellersdorf,"408",W,104D,O,"4","84",932,324,4,318,62,19.4968553459119,54,16.9811320754717,16,5.0314465408805,71,22.3270440251572,61,19.1823899371069,9,2.83018867924528,45,14.1509433962264
10W409,"10",Marzahn-Hellersdorf,"409",W,104E,O,"4","84",1281,439,6,431,107,24.8259860788863,72,16.7053364269142,14,3.24825986078886,91,21.1136890951276,92,21.3457076566125,9,2.08816705336427,46,10.6728538283063
10W410,"10",Marzahn-Hellersdorf,"410",W,104E,O,"4","84",1278,356,7,347,87,25.0720461095101,53,15.2737752161383,11,3.1700288184438,64,18.4438040345821,81,23.342939481268,7,2.01729106628242,44,12.6801152737752
10W411,"10",Marzahn-Hellersdorf,"411",W,104F,O,"4","84",959,333,3,329,89,27.0516717325228,54,16.4133738601824,6,1.82370820668693,61,18.5410334346505,72,21.8844984802432,6,1.82370820668693,41,12.4620060790274
10W412,"10",Marzahn-Hellersdorf,"412",W,104F,O,"4","84",909,322,3,318,76,23.8993710691824,44,13.8364779874214,7,2.20125786163522,60,18.8679245283019,81,25.4716981132075,8,2.51572327044025,42,13.2075471698113
10W413,"10",Marzahn-Hellersdorf,"413",W,104G,O,"4","84",931,313,2,310,70,22.5806451612903,38,12.258064516129,10,3.2258064516129,60,19.3548387096774,84,27.0967741935484,8,2.58064516129032,40,12.9032258064516
10W414,"10",Marzahn-Hellersdorf,"414",W,104G,O,"4","84",1013,384,1,382,131,34.2931937172775,59,15.4450261780105,18,4.71204188481675,51,13.3507853403141,80,20.9424083769633,9,2.35602094240838,34,8.90052356020942
10W415,"10",Marzahn-Hellersdorf,"415",W,104H,O,"4","84",973,361,1,359,135,37.6044568245125,51,14.2061281337047,21,5.84958217270195,42,11.6991643454039,66,18.3844011142061,15,4.17827298050139,29,8.07799442896936
10W416,"10",Marzahn-Hellersdorf,"416",W,104J,O,"4","84",960,370,3,366,132,36.0655737704918,59,16.120218579235,20,5.46448087431694,55,15.0273224043716,62,16.9398907103825,13,3.55191256830601,25,6.83060109289618
10W417,"10",Marzahn-Hellersdorf,"417",W,104K,O,"4","84",1031,337,2,334,114,34.1317365269461,56,16.7664670658683,17,5.08982035928144,48,14.3712574850299,71,21.2574850299401,10,2.9940119760479,18,5.38922155688623
10W418,"10",Marzahn-Hellersdorf,"418",W,104K,O,"4","84",966,241,3,237,54,22.7848101265823,40,16.8776371308017,15,6.32911392405063,32,13.5021097046413,64,27.0042194092827,5,2.10970464135021,27,11.3924050632911
10W419,"10",Marzahn-Hellersdorf,"419",W,104L,O,"4","84",999,298,6,291,74,25.4295532646048,49,16.8384879725086,19,6.52920962199313,40,13.745704467354,62,21.3058419243986,12,4.12371134020619,35,12.0274914089347
10W420,"10",Marzahn-Hellersdorf,"420",W,104L,O,"4","84",897,403,3,399,160,40.1002506265664,47,11.7794486215539,14,3.50877192982456,47,11.7794486215539,80,20.0501253132832,16,4.01002506265664,35,8.7719298245614
10W421,"10",Marzahn-Hellersdorf,"421",W,104M,O,"4","84",989,322,4,317,104,32.807570977918,47,14.8264984227129,15,4.73186119873817,42,13.2492113564669,69,21.7665615141956,12,3.78548895899054,28,8.83280757097792
10W422,"10",Marzahn-Hellersdorf,"422",W,104M,O,"4","84",860,231,2,228,69,30.2631578947368,33,14.4736842105263,20,8.7719298245614,34,14.9122807017544,43,18.859649122807,8,3.50877192982456,21,9.21052631578947
10W423,"10",Marzahn-Hellersdorf,"423",W,104N,O,"4","84",1082,355,4,350,129,36.8571428571429,47,13.4285714285714,34,9.71428571428571,45,12.8571428571429,56,16,14,4,25,7.14285714285714
10W424,"10",Marzahn-Hellersdorf,"424",W,104P,O,"4","84",992,381,1,379,148,39.0501319261214,53,13.9841688654354,26,6.86015831134565,50,13.1926121372032,67,17.6781002638522,12,3.16622691292876,23,6.06860158311346
10W425,"10",Marzahn-Hellersdorf,"425",W,104Q,O,"4","84",1120,479,4,474,161,33.9662447257384,78,16.4556962025316,37,7.80590717299578,60,12.6582278481013,79,16.6666666666667,23,4.85232067510549,36,7.59493670886076
10W426,"10",Marzahn-Hellersdorf,"426",W,104R,O,"4","84",927,312,3,308,103,33.4415584415584,47,15.2597402597403,35,11.3636363636364,30,9.74025974025974,59,19.1558441558442,17,5.51948051948052,17,5.51948051948052
10W427,"10",Marzahn-Hellersdorf,"427",W,104R,O,"4","84",880,332,4,327,112,34.2507645259939,48,14.6788990825688,45,13.7614678899083,39,11.9266055045872,36,11.0091743119266,17,5.19877675840979,30,9.1743119266055
10W428,"10",Marzahn-Hellersdorf,"428",W,104S,O,"4","84",909,360,2,357,144,40.3361344537815,49,13.7254901960784,32,8.96358543417367,43,12.0448179271709,58,16.2464985994398,16,4.48179271708683,15,4.20168067226891
10W429,"10",Marzahn-Hellersdorf,"429",W,104T,O,"4","84",1031,358,1,356,153,42.9775280898876,54,15.1685393258427,36,10.1123595505618,30,8.42696629213483,45,12.6404494382022,15,4.21348314606742,23,6.46067415730337
10W430,"10",Marzahn-Hellersdorf,"430",W,104S,O,"4","84",973,440,1,438,196,44.7488584474886,68,15.5251141552511,39,8.9041095890411,45,10.2739726027397,51,11.6438356164384,17,3.88127853881279,22,5.02283105022831
10W431,"10",Marzahn-Hellersdorf,"431",W,104V,O,"4","84",985,411,1,409,175,42.7872860635697,70,17.1149144254279,36,8.80195599022005,45,11.0024449877751,52,12.7139364303178,14,3.42298288508557,17,4.15647921760391
10W432,"10",Marzahn-Hellersdorf,"432",W,104W,O,"4","84",927,361,0,360,153,42.5,58,16.1111111111111,33,9.16666666666667,43,11.9444444444444,44,12.2222222222222,14,3.88888888888889,15,4.16666666666667
10W433,"10",Marzahn-Hellersdorf,"433",W,104X,O,"4","84",939,359,0,358,154,43.0167597765363,53,14.804469273743,29,8.10055865921788,39,10.8938547486034,51,14.2458100558659,17,4.74860335195531,15,4.18994413407821
10W434,"10",Marzahn-Hellersdorf,"434",W,104X,O,"4","84",892,353,1,351,142,40.4558404558405,53,15.0997150997151,26,7.40740740740741,35,9.97150997150997,54,15.3846153846154,19,5.41310541310541,22,6.26780626780627
10W435,"10",Marzahn-Hellersdorf,"435",W,104Y,O,"4","84",1072,434,1,432,192,44.4444444444444,48,11.1111111111111,26,6.01851851851852,47,10.8796296296296,74,17.1296296296296,18,4.16666666666667,27,6.25
10W436,"10",Marzahn-Hellersdorf,"436",W,104Y,O,"4","84",906,350,4,345,147,42.6086956521739,54,15.6521739130435,23,6.66666666666667,43,12.463768115942,44,12.7536231884058,15,4.34782608695652,19,5.50724637681159
10W501,"10",Marzahn-Hellersdorf,"501",W,105A,O,"5","84",939,377,2,374,142,37.9679144385027,53,14.1711229946524,22,5.88235294117647,46,12.2994652406417,62,16.5775401069519,13,3.47593582887701,36,9.62566844919786
10W502,"10",Marzahn-Hellersdorf,"502",W,105B,O,"5","84",865,336,4,332,123,37.0481927710843,48,14.4578313253012,20,6.02409638554217,40,12.0481927710843,57,17.1686746987952,11,3.31325301204819,33,9.93975903614458
10W503,"10",Marzahn-Hellersdorf,"503",W,105C,O,"5","84",905,340,3,337,124,36.7952522255193,47,13.946587537092,16,4.74777448071217,36,10.6824925816024,60,17.8041543026706,11,3.26409495548961,43,12.7596439169139
10W504,"10",Marzahn-Hellersdorf,"504",W,105D,O,"5","84",865,291,1,289,107,37.0242214532872,39,13.4948096885813,18,6.22837370242214,29,10.0346020761246,55,19.0311418685121,11,3.80622837370242,30,10.3806228373702
10W505,"10",Marzahn-Hellersdorf,"505",W,105E,O,"5","84",848,273,1,271,98,36.1623616236162,34,12.5461254612546,21,7.74907749077491,24,8.85608856088561,51,18.8191881918819,10,3.690036900369,33,12.1771217712177
10W506,"10",Marzahn-Hellersdorf,"506",W,105F,O,"5","84",904,355,3,351,139,39.6011396011396,54,15.3846153846154,24,6.83760683760684,28,7.97720797720798,62,17.6638176638177,10,2.84900284900285,34,9.68660968660969
10W507,"10",Marzahn-Hellersdorf,"507",W,105G,O,"5","84",1000,416,2,413,174,42.1307506053269,61,14.7699757869249,27,6.53753026634383,25,6.05326876513317,71,17.1912832929782,11,2.6634382566586,44,10.6537530266344
10W508,"10",Marzahn-Hellersdorf,"508",W,105H,O,"5","84",1001,454,2,451,174,38.5809312638581,78,17.2949002217295,31,6.87361419068736,33,7.31707317073171,73,16.1862527716186,15,3.32594235033259,47,10.4212860310421
10W509,"10",Marzahn-Hellersdorf,"509",W,105J,O,"5","84",1170,398,3,394,110,27.9187817258883,62,15.7360406091371,38,9.64467005076142,56,14.2131979695431,72,18.2741116751269,12,3.04568527918782,44,11.1675126903553
10W510,"10",Marzahn-Hellersdorf,"510",W,105K,O,"5","84",874,332,1,330,99,30,58,17.5757575757576,39,11.8181818181818,43,13.030303030303,50,15.1515151515152,12,3.63636363636364,29,8.78787878787879
10W511,"10",Marzahn-Hellersdorf,"511",W,105K,O,"5","84",868,327,2,324,100,30.8641975308642,52,16.0493827160494,34,10.4938271604938,43,13.2716049382716,51,15.7407407407407,12,3.7037037037037,32,9.87654320987654
10W512,"10",Marzahn-Hellersdorf,"512",W,105L,O,"5","84",881,301,2,298,102,34.2281879194631,45,15.1006711409396,20,6.71140939597315,38,12.751677852349,44,14.7651006711409,12,4.02684563758389,37,12.4161073825503
10W513,"10",Marzahn-Hellersdorf,"513",W,105M,O,"5","84",888,297,3,293,102,34.8122866894198,44,15.0170648464164,21,7.16723549488055,36,12.2866894197952,39,13.3105802047782,15,5.11945392491468,36,12.2866894197952
10W514,"10",Marzahn-Hellersdorf,"514",W,105N,O,"5","84",855,342,3,338,100,29.585798816568,69,20.414201183432,40,11.8343195266272,43,12.7218934911243,44,13.0177514792899,13,3.84615384615385,29,8.57988165680473
10W515,"10",Marzahn-Hellersdorf,"515",W,105P,O,"5","84",904,340,4,336,138,41.0714285714286,53,15.7738095238095,24,7.14285714285714,36,10.7142857142857,48,14.2857142857143,12,3.57142857142857,25,7.44047619047619
10W516,"10",Marzahn-Hellersdorf,"516",W,105Q,O,"5","84",865,341,1,340,133,39.1176470588235,48,14.1176470588235,23,6.76470588235294,38,11.1764705882353,66,19.4117647058824,14,4.11764705882353,18,5.29411764705882
10W517,"10",Marzahn-Hellersdorf,"517",W,105R,O,"5","84",863,343,1,342,134,39.1812865497076,54,15.7894736842105,23,6.72514619883041,37,10.8187134502924,65,19.0058479532164,14,4.09356725146199,15,4.3859649122807
10W518,"10",Marzahn-Hellersdorf,"518",W,105S,O,"5","84",886,324,3,321,115,35.8255451713396,65,20.2492211838006,42,13.0841121495327,27,8.41121495327103,35,10.9034267912773,16,4.98442367601246,21,6.54205607476635
10W519,"10",Marzahn-Hellersdorf,"519",W,105T,O,"5","84",912,397,1,396,141,35.6060606060606,66,16.6666666666667,16,4.04040404040404,48,12.1212121212121,81,20.4545454545455,20,5.05050505050505,24,6.06060606060606
10W520,"10",Marzahn-Hellersdorf,"520",W,105T,O,"5","84",869,399,1,398,190,47.7386934673367,65,16.3316582914573,17,4.2713567839196,23,5.77889447236181,64,16.0804020100502,17,4.2713567839196,22,5.52763819095477
10W521,"10",Marzahn-Hellersdorf,"521",W,105V,O,"5","84",934,424,5,419,170,40.5727923627685,79,18.854415274463,24,5.72792362768496,47,11.2171837708831,61,14.5584725536993,15,3.5799522673031,23,5.48926014319809
10W522,"10",Marzahn-Hellersdorf,"522",W,105W,O,"5","84",934,336,3,333,131,39.3393393393393,52,15.6156156156156,16,4.8048048048048,34,10.2102102102102,56,16.8168168168168,16,4.8048048048048,28,8.40840840840841
10W523,"10",Marzahn-Hellersdorf,"523",W,105X,O,"5","84",932,377,2,375,145,38.6666666666667,71,18.9333333333333,17,4.53333333333333,44,11.7333333333333,53,14.1333333333333,19,5.06666666666667,26,6.93333333333333
10W524,"10",Marzahn-Hellersdorf,"524",W,105Y,O,"5","84",938,372,4,368,114,30.9782608695652,63,17.1195652173913,31,8.42391304347826,48,13.0434782608696,63,17.1195652173913,19,5.16304347826087,30,8.15217391304348
10W525,"10",Marzahn-Hellersdorf,"525",W,105ZA,O,"5","84",927,382,2,380,154,40.5263157894737,63,16.5789473684211,23,6.05263157894737,45,11.8421052631579,56,14.7368421052632,18,4.73684210526316,21,5.52631578947368
10W526,"10",Marzahn-Hellersdorf,"526",W,105ZA,O,"5","84",932,378,4,373,156,41.8230563002681,54,14.4772117962466,26,6.97050938337802,44,11.7962466487936,59,15.8176943699732,17,4.55764075067024,17,4.55764075067024
10W527,"10",Marzahn-Hellersdorf,"527",W,105ZB,O,"5","84",1138,422,2,419,187,44.6300715990453,46,10.9785202863962,18,4.29594272076372,48,11.4558472553699,74,17.6610978520286,17,4.05727923627685,29,6.92124105011933
10W528,"10",Marzahn-Hellersdorf,"528",W,105ZC,O,"5","84",858,341,3,337,148,43.9169139465875,49,14.540059347181,19,5.6379821958457,29,8.6053412462908,57,16.9139465875371,19,5.6379821958457,16,4.74777448071217
10W529,"10",Marzahn-Hellersdorf,"529",W,105ZC,O,"5","84",936,428,7,420,181,43.0952380952381,72,17.1428571428571,22,5.23809523809524,43,10.2380952380952,69,16.4285714285714,15,3.57142857142857,18,4.28571428571429
10W530,"10",Marzahn-Hellersdorf,"530",W,105ZD,O,"5","84",895,355,3,351,167,47.5783475783476,46,13.1054131054131,21,5.98290598290598,34,9.68660968660969,60,17.0940170940171,12,3.41880341880342,11,3.13390313390313
10W531,"10",Marzahn-Hellersdorf,"531",W,105ZD,O,"5","84",861,335,3,331,149,45.0151057401813,45,13.595166163142,18,5.4380664652568,28,8.45921450151057,57,17.2205438066465,20,6.04229607250755,14,4.22960725075529
10W532,"10",Marzahn-Hellersdorf,"532",W,105ZE,O,"5","84",895,367,3,363,162,44.6280991735537,49,13.4986225895317,26,7.16253443526171,28,7.71349862258953,59,16.2534435261708,22,6.06060606060606,17,4.6831955922865
10W533,"10",Marzahn-Hellersdorf,"533",W,105ZE,O,"5","84",905,380,4,375,169,45.0666666666667,48,12.8,25,6.66666666666667,35,9.33333333333333,60,16,15,4,23,6.13333333333333
10W534,"10",Marzahn-Hellersdorf,"534",W,105ZF,O,"5","84",854,302,2,299,101,33.7792642140468,51,17.056856187291,18,6.02006688963211,44,14.7157190635452,57,19.0635451505017,12,4.0133779264214,16,5.35117056856187
10W535,"10",Marzahn-Hellersdorf,"535",W,105ZF,O,"5","84",868,345,2,342,126,36.8421052631579,43,12.5730994152047,25,7.30994152046784,49,14.327485380117,59,17.2514619883041,11,3.21637426900585,29,8.47953216374269
10W536,"10",Marzahn-Hellersdorf,"536",W,105ZG,O,"5","84",843,337,1,335,132,39.4029850746269,38,11.3432835820896,26,7.76119402985075,44,13.134328358209,61,18.2089552238806,12,3.58208955223881,22,6.56716417910448
10W537,"10",Marzahn-Hellersdorf,"537",W,105ZG,O,"5","84",854,337,2,334,135,40.4191616766467,38,11.377245508982,24,7.18562874251497,37,11.0778443113772,67,20.059880239521,14,4.19161676646707,19,5.68862275449102
10W601,"10",Marzahn-Hellersdorf,"601",W,106A,O,"6","84",1293,439,5,433,134,30.9468822170901,50,11.5473441108545,18,4.15704387990762,50,11.5473441108545,107,24.7113163972286,9,2.07852193995381,65,15.0115473441109
10W602,"10",Marzahn-Hellersdorf,"602",W,106B,O,"6","84",1286,389,9,379,110,29.023746701847,38,10.0263852242744,19,5.0131926121372,55,14.5118733509235,107,28.2321899736148,3,0.79155672823219,47,12.401055408971
10W603,"10",Marzahn-Hellersdorf,"603",W,106B,O,"6","84",948,286,8,277,82,29.6028880866426,38,13.7184115523466,14,5.05415162454874,30,10.8303249097473,69,24.9097472924188,8,2.88808664259928,36,12.9963898916967
10W604,"10",Marzahn-Hellersdorf,"604",W,106C,O,"6","84",952,310,6,303,95,31.3531353135314,43,14.1914191419142,15,4.95049504950495,36,11.8811881188119,65,21.4521452145215,8,2.64026402640264,41,13.5313531353135
10W605,"10",Marzahn-Hellersdorf,"605",W,106C,O,"6","84",931,278,4,273,81,29.6703296703297,38,13.9194139194139,11,4.02930402930403,33,12.0879120879121,66,24.1758241758242,6,2.1978021978022,38,13.9194139194139
10W606,"10",Marzahn-Hellersdorf,"606",W,106D,O,"6","84",935,280,5,274,70,25.5474452554745,39,14.2335766423358,10,3.64963503649635,33,12.043795620438,75,27.3722627737226,7,2.55474452554745,40,14.5985401459854
10W607,"10",Marzahn-Hellersdorf,"607",W,106D,O,"6","84",1132,327,3,323,60,18.5758513931889,45,13.9318885448916,14,4.3343653250774,44,13.6222910216718,96,29.7213622291022,3,0.928792569659443,61,18.8854489164087
10W608,"10",Marzahn-Hellersdorf,"608",W,106E,O,"6","84",940,293,4,288,71,24.6527777777778,45,15.625,8,2.77777777777778,38,13.1944444444444,80,27.7777777777778,8,2.77777777777778,38,13.1944444444444
10W609,"10",Marzahn-Hellersdorf,"609",W,106E,O,"6","84",823,295,2,293,88,30.0341296928328,38,12.9692832764505,15,5.11945392491468,32,10.9215017064846,74,25.2559726962457,10,3.41296928327645,36,12.2866894197952
10W610,"10",Marzahn-Hellersdorf,"610",W,106F,O,"6","84",884,285,2,283,74,26.1484098939929,32,11.3074204946996,13,4.59363957597173,34,12.0141342756184,82,28.9752650176678,8,2.82685512367491,40,14.1342756183746
10W611,"10",Marzahn-Hellersdorf,"611",W,106F,O,"6","84",845,190,3,187,44,23.5294117647059,20,10.6951871657754,9,4.81283422459893,31,16.5775401069519,54,28.8770053475936,3,1.60427807486631,26,13.903743315508
10W612,"10",Marzahn-Hellersdorf,"612",W,106F,O,"6","84",787,219,4,215,53,24.6511627906977,28,13.0232558139535,13,6.04651162790698,19,8.83720930232558,62,28.8372093023256,7,3.25581395348837,33,15.3488372093023
10W613,"10",Marzahn-Hellersdorf,"613",W,106G,O,"6","84",784,225,3,222,61,27.4774774774775,31,13.963963963964,13,5.85585585585586,20,9.00900900900901,62,27.9279279279279,6,2.7027027027027,29,13.0630630630631
10W614,"10",Marzahn-Hellersdorf,"614",W,106G,O,"6","84",803,220,2,218,56,25.6880733944954,32,14.6788990825688,11,5.04587155963303,21,9.63302752293578,70,32.1100917431193,4,1.8348623853211,24,11.0091743119266
10W615,"10",Marzahn-Hellersdorf,"615",W,106G,O,"6","84",836,237,3,234,53,22.6495726495727,28,11.965811965812,7,2.99145299145299,25,10.6837606837607,82,35.042735042735,8,3.41880341880342,31,13.2478632478632
10W616,"10",Marzahn-Hellersdorf,"616",W,106H,O,"6","84",832,270,5,265,69,26.0377358490566,39,14.7169811320755,6,2.26415094339623,30,11.3207547169811,86,32.4528301886792,5,1.88679245283019,30,11.3207547169811
10W617,"10",Marzahn-Hellersdorf,"617",W,106H,O,"6","84",850,310,5,305,92,30.1639344262295,48,15.7377049180328,11,3.60655737704918,34,11.1475409836066,83,27.2131147540984,5,1.63934426229508,32,10.4918032786885
10W618,"10",Marzahn-Hellersdorf,"618",W,106J,O,"6","84",1004,382,3,379,126,33.245382585752,58,15.3034300791557,21,5.54089709762533,45,11.8733509234828,82,21.6358839050132,11,2.9023746701847,36,9.49868073878628
10W619,"10",Marzahn-Hellersdorf,"619",W,106K,O,"6","84",988,340,7,333,94,28.2282282282282,48,14.4144144144144,16,4.8048048048048,46,13.8138138138138,81,24.3243243243243,12,3.6036036036036,36,10.8108108108108
10W620,"10",Marzahn-Hellersdorf,"620",W,106K,O,"6","84",876,331,4,327,123,37.6146788990826,51,15.5963302752294,20,6.11620795107034,33,10.0917431192661,55,16.8195718654434,13,3.97553516819572,32,9.78593272171254
10W621,"10",Marzahn-Hellersdorf,"621",W,106L,O,"6","84",870,288,3,285,100,35.0877192982456,45,15.7894736842105,11,3.85964912280702,42,14.7368421052632,59,20.7017543859649,6,2.10526315789474,22,7.71929824561404
10W622,"10",Marzahn-Hellersdorf,"622",W,106L,O,"6","84",1137,304,7,297,89,29.96632996633,44,14.8148148148148,11,3.7037037037037,45,15.1515151515152,67,22.5589225589226,9,3.03030303030303,32,10.7744107744108
10W623,"10",Marzahn-Hellersdorf,"623",W,106M,O,"6","84",1147,379,4,375,122,32.5333333333333,59,15.7333333333333,15,4,54,14.4,92,24.5333333333333,10,2.66666666666667,23,6.13333333333333
10W624,"10",Marzahn-Hellersdorf,"624",W,106M,O,"6","84",838,243,3,240,71,29.5833333333333,37,15.4166666666667,10,4.16666666666667,35,14.5833333333333,59,24.5833333333333,4,1.66666666666667,24,10
10W625,"10",Marzahn-Hellersdorf,"625",W,106N,O,"6","84",836,254,3,251,77,30.6772908366534,33,13.1474103585657,10,3.98406374501992,36,14.3426294820717,65,25.8964143426295,3,1.19521912350598,27,10.7569721115538
10W626,"10",Marzahn-Hellersdorf,"626",W,106N,O,"6","84",829,261,4,257,77,29.9610894941634,29,11.284046692607,9,3.50194552529183,36,14.0077821011673,72,28.0155642023346,4,1.55642023346304,30,11.6731517509728
10W627,"10",Marzahn-Hellersdorf,"627",W,106P,O,"6","84",882,303,5,298,78,26.1744966442953,35,11.744966442953,8,2.68456375838926,50,16.7785234899329,84,28.1879194630872,11,3.69127516778524,32,10.738255033557
10W628,"10",Marzahn-Hellersdorf,"628",W,106P,O,"6","84",800,220,2,218,52,23.8532110091743,36,16.5137614678899,6,2.75229357798165,44,20.1834862385321,60,27.5229357798165,7,3.21100917431193,13,5.96330275229358
10W629,"10",Marzahn-Hellersdorf,"629",W,106Q,O,"6","84",779,250,1,249,64,25.7028112449799,45,18.0722891566265,10,4.01606425702811,49,19.6787148594378,63,25.3012048192771,7,2.81124497991968,11,4.41767068273092
10W630,"10",Marzahn-Hellersdorf,"630",W,106Q,O,"6","84",930,337,1,336,97,28.8690476190476,61,18.1547619047619,16,4.76190476190476,58,17.2619047619048,80,23.8095238095238,5,1.48809523809524,19,5.65476190476191
10W631,"10",Marzahn-Hellersdorf,"631",W,106R,O,"6","84",934,228,2,226,60,26.5486725663717,40,17.6991150442478,10,4.42477876106195,34,15.0442477876106,58,25.6637168141593,4,1.76991150442478,20,8.84955752212389
10W632,"10",Marzahn-Hellersdorf,"632",W,106R,O,"6","84",896,394,1,393,134,34.0966921119593,61,15.5216284987277,28,7.12468193384224,55,13.9949109414758,65,16.5394402035623,17,4.32569974554707,33,8.3969465648855
10W633,"10",Marzahn-Hellersdorf,"633",W,106S,O,"6","84",1230,491,1,490,186,37.9591836734694,73,14.8979591836735,32,6.53061224489796,65,13.265306122449,83,16.9387755102041,21,4.28571428571429,30,6.12244897959184
11B1A,"11",Lichtenberg,1A,B,111A,O,"1","85",0,502,3,498,229,45.9839357429719,74,14.859437751004,23,4.61847389558233,63,12.6506024096386,59,11.8473895582329,5,1.00401606425703,45,9.03614457831325
11B1B,"11",Lichtenberg,1B,B,111B,O,"1","85",0,500,2,498,229,45.9839357429719,73,14.6586345381526,24,4.81927710843374,63,12.6506024096386,59,11.8473895582329,6,1.20481927710843,44,8.83534136546185
11B1C,"11",Lichtenberg,1C,B,111C,O,"1","85",0,379,5,374,162,43.3155080213904,39,10.427807486631,25,6.68449197860963,31,8.28877005347594,55,14.7058823529412,20,5.3475935828877,42,11.2299465240642
11B1D,"11",Lichtenberg,1D,B,111D,O,"1","85",0,355,3,352,109,30.9659090909091,62,17.6136363636364,15,4.26136363636364,67,19.0340909090909,47,13.3522727272727,6,1.70454545454545,46,13.0681818181818
11B1E,"11",Lichtenberg,1E,B,111E,O,"1","85",0,284,3,281,102,36.2989323843416,41,14.5907473309609,12,4.27046263345196,49,17.4377224199288,36,12.8113879003559,5,1.77935943060498,36,12.8113879003559
11B1F,"11",Lichtenberg,1F,B,111F,O,"1","85",0,312,1,311,118,37.9421221864952,39,12.540192926045,16,5.14469453376206,56,18.0064308681672,42,13.5048231511254,5,1.60771704180064,35,11.2540192926045
11B1G,"11",Lichtenberg,1G,B,111G,O,"1","85",0,307,1,306,109,35.6209150326797,40,13.0718954248366,13,4.2483660130719,58,18.9542483660131,46,15.0326797385621,4,1.30718954248366,36,11.7647058823529
11B1H,"11",Lichtenberg,1H,B,111H,O,"1","85",0,296,2,294,103,35.0340136054422,43,14.6258503401361,9,3.06122448979592,52,17.687074829932,48,16.3265306122449,3,1.02040816326531,36,12.2448979591837
11B1K,"11",Lichtenberg,1K,B,111K,O,"1","85",0,311,2,309,107,34.6278317152104,41,13.2686084142395,15,4.85436893203883,57,18.4466019417476,48,15.5339805825243,4,1.29449838187702,37,11.9741100323625
11B1L,"11",Lichtenberg,1L,B,111L,O,"1","85",0,284,1,283,87,30.7420494699647,34,12.0141342756184,12,4.24028268551237,52,18.3745583038869,50,17.6678445229682,5,1.76678445229682,43,15.1943462897526
11B1M,"11",Lichtenberg,1M,B,111M,O,"1","85",0,298,2,296,96,32.4324324324324,42,14.1891891891892,11,3.71621621621622,48,16.2162162162162,53,17.9054054054054,6,2.02702702702703,40,13.5135135135135
11B1N,"11",Lichtenberg,1N,B,111N,O,"1","85",0,363,4,359,151,42.0612813370474,42,11.6991643454039,22,6.12813370473538,43,11.9777158774373,53,14.7632311977716,14,3.89972144846797,34,9.47075208913649
11B1P,"11",Lichtenberg,1P,B,111P,O,"1","85",0,317,4,313,119,38.0191693290735,47,15.0159744408946,15,4.79233226837061,55,17.5718849840256,43,13.7380191693291,5,1.59744408945687,29,9.26517571884984
11B1R,"11",Lichtenberg,1R,B,111R,O,"1","85",0,440,5,435,147,33.7931034482759,83,19.0804597701149,17,3.90804597701149,82,18.8505747126437,58,13.3333333333333,10,2.29885057471264,38,8.73563218390805
11B1S,"11",Lichtenberg,1S,B,111S,O,"1","85",0,350,5,345,130,37.6811594202899,65,18.8405797101449,12,3.47826086956522,59,17.1014492753623,50,14.4927536231884,5,1.44927536231884,24,6.95652173913043
11B1T,"11",Lichtenberg,1T,B,111T,O,"1","85",0,300,1,299,103,34.4481605351171,53,17.7257525083612,12,4.0133779264214,64,21.4046822742475,45,15.0501672240803,3,1.00334448160535,19,6.35451505016722
11B1U,"11",Lichtenberg,1U,B,111U,O,"1","85",0,323,1,322,111,34.472049689441,58,18.0124223602484,13,4.03726708074534,68,21.1180124223602,49,15.2173913043478,3,0.93167701863354,20,6.2111801242236
11B1W,"11",Lichtenberg,1W,B,111W,O,"1","85",0,367,2,364,120,32.967032967033,74,20.3296703296703,20,5.49450549450549,60,16.4835164835165,39,10.7142857142857,7,1.92307692307692,44,12.0879120879121
11B1X,"11",Lichtenberg,1X,B,111X,O,"1","85",0,504,1,502,186,37.0517928286853,106,21.1155378486056,15,2.98804780876494,94,18.7250996015936,61,12.1513944223108,10,1.99203187250996,30,5.97609561752988
11B2A,"11",Lichtenberg,2A,B,112A,O,"2","85",0,457,2,455,184,40.4395604395604,61,13.4065934065934,16,3.51648351648352,67,14.7252747252747,58,12.7472527472527,16,3.51648351648352,53,11.6483516483516
11B2B,"11",Lichtenberg,2B,B,112B,O,"2","85",0,384,6,378,124,32.8042328042328,65,17.1957671957672,18,4.76190476190476,66,17.4603174603175,51,13.4920634920635,11,2.91005291005291,43,11.3756613756614
11B2C,"11",Lichtenberg,2C,B,112C,O,"2","85",0,376,1,375,140,37.3333333333333,46,12.2666666666667,16,4.26666666666667,64,17.0666666666667,50,13.3333333333333,5,1.33333333333333,54,14.4
11B2D,"11",Lichtenberg,2D,B,112D,O,"2","85",0,406,1,405,158,39.0123456790123,53,13.0864197530864,21,5.18518518518519,65,16.0493827160494,54,13.3333333333333,5,1.23456790123457,49,12.0987654320988
11B2E,"11",Lichtenberg,2E,B,112E,O,"2","85",0,651,2,649,271,41.7565485362096,91,14.0215716486903,46,7.08782742681048,113,17.4114021571649,62,9.55315870570108,16,2.4653312788906,50,7.70416024653313
11B2F,"11",Lichtenberg,2F,B,112F,O,"2","85",0,665,2,663,245,36.9532428355958,86,12.9713423831071,40,6.03318250377074,136,20.5128205128205,84,12.6696832579186,13,1.96078431372549,59,8.89894419306184
11B2G,"11",Lichtenberg,2G,B,112G,O,"2","85",0,359,1,357,132,36.9747899159664,51,14.2857142857143,26,7.28291316526611,68,19.047619047619,42,11.7647058823529,7,1.96078431372549,31,8.68347338935574
11B2H,"11",Lichtenberg,2H,B,112H,O,"2","85",0,570,2,568,224,39.4366197183099,84,14.7887323943662,49,8.62676056338028,114,20.0704225352113,50,8.80281690140845,18,3.16901408450704,29,5.1056338028169
11B2K,"11",Lichtenberg,2K,B,112K,O,"2","85",0,560,3,557,197,35.3680430879713,91,16.3375224416517,52,9.33572710951526,115,20.6463195691203,43,7.71992818671454,17,3.05206463195691,42,7.54039497307002
11B2L,"11",Lichtenberg,2L,B,112L,O,"2","85",0,487,2,485,181,37.319587628866,78,16.0824742268041,39,8.04123711340206,92,18.9690721649485,39,8.04123711340206,15,3.09278350515464,41,8.45360824742268
11B2M,"11",Lichtenberg,2M,B,112M,O,"2","85",0,438,2,436,157,36.0091743119266,70,16.0550458715596,32,7.3394495412844,81,18.5779816513761,46,10.5504587155963,11,2.52293577981651,39,8.94495412844037
11B2N,"11",Lichtenberg,2N,B,112N,O,"2","85",0,439,2,437,134,30.6636155606407,76,17.3913043478261,50,11.441647597254,73,16.7048054919908,54,12.3569794050343,7,1.60183066361556,43,9.83981693363844
11B2P,"11",Lichtenberg,2P,B,112P,O,"2","85",0,442,2,440,130,29.5454545454545,78,17.7272727272727,57,12.9545454545455,64,14.5454545454545,41,9.31818181818182,18,4.09090909090909,52,11.8181818181818
11B2R,"11",Lichtenberg,2R,B,112R,O,"2","85",0,516,3,513,180,35.0877192982456,77,15.009746588694,84,16.374269005848,66,12.8654970760234,30,5.84795321637427,20,3.89863547758285,56,10.916179337232
11B2S,"11",Lichtenberg,2S,B,112S,O,"2","85",0,405,1,404,115,28.4653465346535,80,19.8019801980198,34,8.41584158415842,70,17.3267326732673,43,10.6435643564356,20,4.95049504950495,42,10.3960396039604
11B2T,"11",Lichtenberg,2T,B,112T,O,"2","85",0,418,2,416,123,29.5673076923077,81,19.4711538461538,40,9.61538461538462,71,17.0673076923077,51,12.2596153846154,15,3.60576923076923,35,8.41346153846154
11B2U,"11",Lichtenberg,2U,B,112U,O,"2","85",0,510,1,509,190,37.328094302554,86,16.8958742632613,31,6.09037328094303,91,17.8781925343811,46,9.03732809430256,15,2.94695481335953,50,9.82318271119843
11B2W,"11",Lichtenberg,2W,B,112W,O,"2","85",0,565,3,562,193,34.3416370106762,94,16.7259786476868,35,6.22775800711744,95,16.9039145907473,67,11.9217081850534,17,3.02491103202847,61,10.8540925266904
11B3A,"11",Lichtenberg,3A,B,113A,O,"3","85",0,468,2,465,107,23.010752688172,110,23.6559139784946,36,7.74193548387097,89,19.1397849462366,46,9.89247311827957,16,3.44086021505376,61,13.1182795698925
11B3B,"11",Lichtenberg,3B,B,113B,O,"3","85",0,421,1,419,96,22.9116945107399,84,20.0477326968974,41,9.78520286396181,78,18.6157517899761,43,10.2625298329356,21,5.01193317422434,56,13.3651551312649
11B3C,"11",Lichtenberg,3C,B,113C,O,"3","85",0,408,2,405,88,21.7283950617284,78,19.2592592592593,34,8.39506172839506,86,21.2345679012346,41,10.1234567901235,22,5.4320987654321,56,13.8271604938272
11B3D,"11",Lichtenberg,3D,B,113D,O,"3","85",0,392,3,389,96,24.6786632390745,88,22.6221079691517,21,5.39845758354756,81,20.8226221079692,39,10.025706940874,16,4.11311053984576,48,12.3393316195373
11B3E,"11",Lichtenberg,3E,B,113E,O,"3","85",0,372,3,369,112,30.3523035230352,63,17.0731707317073,20,5.42005420054201,63,17.0731707317073,49,13.2791327913279,8,2.1680216802168,54,14.6341463414634
11B3F,"11",Lichtenberg,3F,B,113F,O,"3","85",0,459,3,456,103,22.5877192982456,117,25.6578947368421,34,7.45614035087719,94,20.6140350877193,44,9.64912280701754,13,2.85087719298246,51,11.1842105263158
11B3G,"11",Lichtenberg,3G,B,113G,O,"3","85",0,407,3,404,97,24.009900990099,89,22.029702970297,24,5.94059405940594,98,24.2574257425743,41,10.1485148514851,11,2.72277227722772,44,10.8910891089109
11B3H,"11",Lichtenberg,3H,B,113H,O,"3","85",0,359,4,355,92,25.9154929577465,77,21.6901408450704,18,5.07042253521127,84,23.6619718309859,36,10.1408450704225,10,2.8169014084507,38,10.7042253521127
11B3K,"11",Lichtenberg,3K,B,113K,O,"3","85",0,462,4,458,114,24.8908296943231,109,23.7991266375546,32,6.98689956331878,101,22.0524017467249,43,9.38864628820961,12,2.62008733624454,47,10.2620087336245
11B3L,"11",Lichtenberg,3L,B,113L,O,"3","85",0,432,2,430,105,24.4186046511628,86,20,27,6.27906976744186,108,25.1162790697674,43,10,8,1.86046511627907,53,12.3255813953488
11B3M,"11",Lichtenberg,3M,B,113M,O,"3","85",0,388,3,385,76,19.7402597402597,82,21.2987012987013,33,8.57142857142857,90,23.3766233766234,37,9.61038961038961,9,2.33766233766234,58,15.0649350649351
11B3N,"11",Lichtenberg,3N,B,113N,O,"3","85",0,418,3,415,93,22.4096385542169,89,21.4457831325301,51,12.289156626506,84,20.2409638554217,36,8.67469879518072,12,2.89156626506024,50,12.0481927710843
11B3P,"11",Lichtenberg,3P,B,113P,O,"3","85",0,409,5,404,88,21.7821782178218,78,19.3069306930693,70,17.3267326732673,64,15.8415841584158,28,6.93069306930693,19,4.7029702970297,57,14.1089108910891
11B3R,"11",Lichtenberg,3R,B,113R,O,"3","85",0,432,2,430,110,25.5813953488372,82,19.0697674418605,54,12.5581395348837,95,22.093023255814,24,5.58139534883721,16,3.72093023255814,49,11.3953488372093
11B3S,"11",Lichtenberg,3S,B,113S,O,"3","85",0,410,2,408,55,13.4803921568627,59,14.4607843137255,100,24.5098039215686,75,18.3823529411765,24,5.88235294117647,10,2.45098039215686,85,20.8333333333333
11B3T,"11",Lichtenberg,3T,B,113T,O,"3","85",0,399,1,398,79,19.8492462311558,84,21.105527638191,44,11.0552763819095,96,24.1206030150754,44,11.0552763819095,13,3.26633165829146,38,9.54773869346734
11B3U,"11",Lichtenberg,3U,B,113U,O,"3","85",0,377,1,376,76,20.2127659574468,80,21.2765957446809,34,9.04255319148936,94,25,43,11.436170212766,13,3.45744680851064,36,9.57446808510638
11B3W,"11",Lichtenberg,3W,B,113W,O,"3","85",0,362,2,360,84,23.3333333333333,77,21.3888888888889,25,6.94444444444444,92,25.5555555555556,41,11.3888888888889,11,3.05555555555556,30,8.33333333333333
11B3X,"11",Lichtenberg,3X,B,113X,O,"3","85",0,453,3,450,103,22.8888888888889,90,20,46,10.2222222222222,93,20.6666666666667,55,12.2222222222222,21,4.66666666666667,42,9.33333333333333
11B4A,"11",Lichtenberg,4A,B,114A,O,"4","85",0,622,5,617,116,18.8006482982172,109,17.6661264181524,105,17.0178282009724,148,23.9870340356564,55,8.91410048622366,11,1.78282009724473,73,11.8314424635332
11B4B,"11",Lichtenberg,4B,B,114B,O,"4","85",0,437,3,434,97,22.3502304147465,94,21.6589861751152,40,9.21658986175115,95,21.889400921659,41,9.44700460829493,10,2.30414746543779,57,13.1336405529954
11B4C,"11",Lichtenberg,4C,B,114C,O,"4","85",0,432,3,429,95,22.1445221445221,97,22.6107226107226,30,6.99300699300699,97,22.6107226107226,46,10.7226107226107,14,3.26340326340326,50,11.6550116550117
11B4D,"11",Lichtenberg,4D,B,114D,O,"4","85",0,399,4,395,86,21.7721518987342,84,21.2658227848101,42,10.6329113924051,83,21.0126582278481,40,10.126582278481,13,3.29113924050633,47,11.8987341772152
11B4E,"11",Lichtenberg,4E,B,114E,O,"4","85",0,393,7,385,92,23.8961038961039,94,24.4155844155844,38,9.87012987012987,66,17.1428571428571,27,7.01298701298701,13,3.37662337662338,55,14.2857142857143
11B4F,"11",Lichtenberg,4F,B,114F,O,"4","85",0,449,3,445,74,16.6292134831461,97,21.7977528089888,76,17.0786516853933,92,20.6741573033708,41,9.21348314606742,13,2.92134831460674,52,11.685393258427
11B4G,"11",Lichtenberg,4G,B,114G,O,"4","85",0,432,1,430,90,20.9302325581395,81,18.8372093023256,70,16.2790697674419,94,21.8604651162791,35,8.13953488372093,15,3.48837209302326,45,10.4651162790698
11B4H,"11",Lichtenberg,4H,B,114H,O,"4","85",0,507,1,505,81,16.039603960396,99,19.6039603960396,116,22.970297029703,103,20.3960396039604,28,5.54455445544555,20,3.96039603960396,58,11.4851485148515
11B4K,"11",Lichtenberg,4K,B,114K,O,"4","85",0,484,5,479,64,13.3611691022964,68,14.19624217119,150,31.3152400835073,84,17.5365344467641,26,5.42797494780793,13,2.71398747390397,74,15.4488517745303
11B4L,"11",Lichtenberg,4L,B,114L,O,"4","85",0,475,2,473,90,19.0274841437632,77,16.2790697674419,91,19.2389006342495,113,23.8900634249471,25,5.28541226215645,22,4.65116279069767,55,11.6279069767442
11B4M,"11",Lichtenberg,4M,B,114M,O,"4","85",0,404,2,402,71,17.6616915422886,68,16.9154228855721,83,20.6467661691542,84,20.8955223880597,31,7.71144278606965,15,3.73134328358209,50,12.4378109452736
11B4N,"11",Lichtenberg,4N,B,114N,O,"4","85",0,353,2,351,46,13.1054131054131,54,15.3846153846154,88,25.0712250712251,74,21.0826210826211,22,6.26780626780627,10,2.84900284900285,57,16.2393162393162
11B4P,"11",Lichtenberg,4P,B,114P,O,"4","85",0,462,1,461,72,15.6182212581345,79,17.1366594360087,120,26.0303687635575,101,21.9088937093275,18,3.90455531453362,18,3.90455531453362,53,11.4967462039046
11B4R,"11",Lichtenberg,4R,B,114R,O,"4","85",0,402,1,401,59,14.713216957606,61,15.211970074813,100,24.9376558603491,81,20.1995012468828,26,6.48379052369077,20,4.98753117206983,54,13.4663341645885
11B4S,"11",Lichtenberg,4S,B,114S,O,"4","85",0,432,2,430,83,19.3023255813953,85,19.7674418604651,41,9.53488372093023,115,26.7441860465116,47,10.9302325581395,12,2.7906976744186,47,10.9302325581395
11B4T,"11",Lichtenberg,4T,B,114T,O,"4","85",0,433,1,432,83,19.212962962963,99,22.9166666666667,51,11.8055555555556,111,25.6944444444444,41,9.49074074074074,11,2.5462962962963,36,8.33333333333333
11B4U,"11",Lichtenberg,4U,B,114U,O,"4","85",0,378,3,375,58,15.4666666666667,64,17.0666666666667,73,19.4666666666667,105,28,28,7.46666666666667,8,2.13333333333333,39,10.4
11B4W,"11",Lichtenberg,4W,B,114W,O,"4","85",0,476,2,474,71,14.9789029535865,83,17.5105485232068,132,27.8481012658228,98,20.6751054852321,25,5.27426160337553,19,4.0084388185654,46,9.70464135021097
11B4X,"11",Lichtenberg,4X,B,114X,O,"4","85",0,502,3,499,54,10.8216432865731,62,12.4248496993988,177,35.4709418837675,106,21.2424849699399,24,4.80961923847695,19,3.80761523046092,57,11.4228456913828
11B5A,"11",Lichtenberg,5A,B,115A,O,"5","85",0,475,5,469,66,14.0724946695096,63,13.4328358208955,121,25.7995735607676,81,17.27078891258,26,5.54371002132196,12,2.55863539445629,100,21.3219616204691
11B5B,"11",Lichtenberg,5B,B,115B,O,"5","85",0,532,2,529,87,16.4461247637051,83,15.6899810964083,115,21.7391304347826,92,17.3913043478261,40,7.56143667296786,20,3.78071833648393,92,17.3913043478261
11B5C,"11",Lichtenberg,5C,B,115C,O,"5","85",0,405,3,401,87,21.6957605985037,67,16.7082294264339,55,13.715710723192,73,18.2044887780549,46,11.4713216957606,12,2.9925187032419,61,15.211970074813
11B5D,"11",Lichtenberg,5D,B,115D,O,"5","85",0,494,4,490,120,24.4897959183673,89,18.1632653061225,45,9.18367346938776,104,21.2244897959184,56,11.4285714285714,12,2.44897959183673,64,13.0612244897959
11B5E,"11",Lichtenberg,5E,B,115E,O,"5","85",0,452,5,447,100,22.3713646532438,82,18.34451901566,47,10.5145413870246,99,22.1476510067114,42,9.39597315436242,11,2.46085011185682,66,14.7651006711409
11B5F,"11",Lichtenberg,5F,B,115F,O,"5","85",0,385,2,383,55,14.3603133159269,49,12.7937336814621,95,24.8041775456919,84,21.9321148825065,21,5.48302872062663,14,3.65535248041775,65,16.9712793733681
11B5G,"11",Lichtenberg,5G,B,115G,O,"5","85",0,406,1,405,61,15.0617283950617,53,13.0864197530864,105,25.9259259259259,86,21.2345679012346,25,6.17283950617284,13,3.20987654320988,62,15.3086419753086
11B5H,"11",Lichtenberg,5H,B,115H,O,"5","85",0,511,4,507,96,18.9349112426036,75,14.792899408284,109,21.4990138067061,104,20.5128205128205,42,8.28402366863905,12,2.36686390532544,69,13.6094674556213
11B5K,"11",Lichtenberg,5K,B,115K,O,"5","85",0,469,3,466,96,20.6008583690987,80,17.1673819742489,81,17.381974248927,98,21.0300429184549,42,9.01287553648069,10,2.14592274678112,59,12.6609442060086
11B5L,"11",Lichtenberg,5L,B,115L,O,"5","85",0,566,5,561,138,24.5989304812834,106,18.8948306595365,40,7.1301247771836,142,25.3119429590018,56,9.98217468805704,16,2.85204991087344,63,11.2299465240642
11B5M,"11",Lichtenberg,5M,B,115M,O,"5","85",0,391,3,388,96,24.7422680412371,70,18.0412371134021,35,9.02061855670103,97,25,38,9.79381443298969,10,2.57731958762887,42,10.8247422680412
11B5N,"11",Lichtenberg,5N,B,115N,O,"5","85",0,464,3,461,118,25.5965292841649,88,19.0889370932755,25,5.42299349240781,129,27.9826464208243,45,9.76138828633406,13,2.81995661605206,43,9.32754880694143
11B5P,"11",Lichtenberg,5P,B,115P,O,"5","85",0,394,5,389,52,13.3676092544987,39,10.025706940874,130,33.4190231362468,75,19.280205655527,18,4.62724935732648,12,3.08483290488432,63,16.1953727506427
11B5R,"11",Lichtenberg,5R,B,115R,O,"5","85",0,500,1,499,63,12.625250501002,62,12.4248496993988,183,36.6733466933868,81,16.2324649298597,16,3.2064128256513,18,3.60721442885772,76,15.2304609218437
11B5S,"11",Lichtenberg,5S,B,115S,O,"5","85",0,479,3,476,72,15.1260504201681,75,15.7563025210084,124,26.0504201680672,97,20.3781512605042,29,6.09243697478992,16,3.36134453781513,63,13.2352941176471
11B5T,"11",Lichtenberg,5T,B,115T,O,"5","85",0,451,2,449,97,21.6035634743875,84,18.7082405345212,49,10.913140311804,108,24.0534521158129,43,9.57683741648107,17,3.78619153674833,51,11.358574610245
11B5U,"11",Lichtenberg,5U,B,115U,O,"5","85",0,479,1,478,115,24.0585774058577,84,17.5732217573222,41,8.57740585774059,117,24.4769874476987,46,9.6234309623431,20,4.18410041841004,55,11.5062761506276
11B5W,"11",Lichtenberg,5W,B,115W,O,"5","85",0,363,4,359,84,23.3983286908078,70,19.4986072423398,31,8.63509749303621,85,23.6768802228412,41,11.4206128133705,10,2.78551532033426,38,10.5849582172702
11B5X,"11",Lichtenberg,5X,B,115X,O,"5","85",0,367,8,358,89,24.8603351955307,73,20.391061452514,36,10.0558659217877,64,17.877094972067,40,11.1731843575419,13,3.63128491620112,43,12.0111731843575
11B6A,"11",Lichtenberg,6A,B,116A,O,"6","85",0,574,6,568,143,25.1760563380282,88,15.4929577464789,138,24.2957746478873,88,15.4929577464789,20,3.52112676056338,23,4.04929577464789,68,11.9718309859155
11B6B,"11",Lichtenberg,6B,B,116B,O,"6","85",0,676,7,669,161,24.0657698056801,109,16.2929745889387,58,8.66965620328849,187,27.9521674140508,59,8.81913303437967,13,1.94319880418535,82,12.2571001494768
11B6C,"11",Lichtenberg,6C,B,116C,O,"6","85",0,395,3,391,63,16.1125319693095,61,15.6010230179028,45,11.5089514066496,101,25.8312020460358,37,9.46291560102302,10,2.55754475703325,74,18.925831202046
11B6D,"11",Lichtenberg,6D,B,116D,O,"6","85",0,412,1,410,94,22.9268292682927,80,19.5121951219512,32,7.80487804878049,94,22.9268292682927,43,10.4878048780488,8,1.95121951219512,59,14.390243902439
11B6E,"11",Lichtenberg,6E,B,116E,O,"6","85",0,530,2,527,121,22.9601518026565,107,20.303605313093,41,7.77988614800759,114,21.6318785578748,58,11.0056925996205,10,1.89753320683112,76,14.4212523719165
11B6F,"11",Lichtenberg,6F,B,116F,O,"6","85",0,491,2,489,93,19.0184049079755,87,17.7914110429448,74,15.1329243353783,96,19.6319018404908,55,11.2474437627812,22,4.49897750511247,62,12.678936605317
11B6G,"11",Lichtenberg,6G,B,116G,O,"6","85",0,673,2,671,198,29.5081967213115,114,16.9895678092399,54,8.04769001490313,139,20.7153502235469,52,7.74962742175857,22,3.27868852459016,92,13.7108792846498
11B6H,"11",Lichtenberg,6H,B,116H,O,"6","85",0,478,3,475,96,20.2105263157895,78,16.4210526315789,105,22.1052631578947,67,14.1052631578947,43,9.05263157894737,31,6.52631578947368,55,11.5789473684211
11B6K,"11",Lichtenberg,6K,B,116K,O,"6","85",0,447,4,443,102,23.0248306997743,60,13.5440180586907,84,18.961625282167,80,18.058690744921,31,6.99774266365688,28,6.32054176072235,58,13.0925507900677
11B6L,"11",Lichtenberg,6L,B,116L,O,"6","85",0,544,2,542,143,26.3837638376384,98,18.0811808118081,102,18.8191881918819,88,16.2361623616236,33,6.08856088560886,26,4.7970479704797,52,9.59409594095941
11B6M,"11",Lichtenberg,6M,B,116M,O,"6","85",0,543,3,540,135,25,81,15,132,24.4444444444444,72,13.3333333333333,40,7.40740740740741,25,4.62962962962963,55,10.1851851851852
11B6N,"11",Lichtenberg,6N,B,116N,O,"6","85",0,509,1,508,126,24.8031496062992,67,13.1889763779528,118,23.2283464566929,85,16.7322834645669,42,8.26771653543307,24,4.7244094488189,46,9.05511811023622
11B6P,"11",Lichtenberg,6P,B,116P,O,"6","85",0,551,1,550,115,20.9090909090909,101,18.3636363636364,107,19.4545454545455,121,22,25,4.54545454545455,23,4.18181818181818,58,10.5454545454545
11B6R,"11",Lichtenberg,6R,B,116R,O,"6","85",0,558,1,557,124,22.262118491921,123,22.0825852782765,103,18.491921005386,116,20.8258527827648,29,5.2064631956912,21,3.77019748653501,41,7.36086175942549
11B6S,"11",Lichtenberg,6S,B,116S,O,"6","85",0,518,1,517,139,26.8858800773694,97,18.7620889748549,104,20.1160541586073,91,17.6015473887814,27,5.22243713733075,28,5.41586073500967,31,5.99613152804642
11B6T,"11",Lichtenberg,6T,B,116T,O,"6","85",0,543,0,543,125,23.0202578268877,72,13.2596685082873,125,23.0202578268877,98,18.0478821362799,45,8.28729281767956,29,5.34069981583794,49,9.02394106813996
11B6U,"11",Lichtenberg,6U,B,116U,O,"6","85",0,539,0,539,122,22.6345083487941,116,21.5213358070501,96,17.8107606679035,106,19.6660482374768,33,6.12244897959184,19,3.52504638218924,47,8.71985157699443
11B6W,"11",Lichtenberg,6W,B,116W,O,"6","85",0,543,3,540,156,28.8888888888889,96,17.7777777777778,128,23.7037037037037,69,12.7777777777778,30,5.55555555555556,25,4.62962962962963,36,6.66666666666667
11W101,"11",Lichtenberg,"101",W,111A,O,"1","85",1027,346,4,342,118,34.5029239766082,45,13.1578947368421,11,3.21637426900585,31,9.06432748538012,88,25.7309941520468,3,0.87719298245614,46,13.4502923976608
11W102,"11",Lichtenberg,"102",W,111B,O,"1","85",1110,487,3,484,209,43.1818181818182,55,11.3636363636364,29,5.99173553719008,45,9.29752066115702,97,20.0413223140496,17,3.51239669421488,32,6.61157024793388
11W103,"11",Lichtenberg,"103",W,111C,O,"1","85",731,283,3,280,108,38.5714285714286,28,10,17,6.07142857142857,26,9.28571428571429,59,21.0714285714286,10,3.57142857142857,32,11.4285714285714
11W104,"11",Lichtenberg,"104",W,111C,O,"1","85",830,326,3,323,129,39.938080495356,32,9.90712074303406,20,6.19195046439629,27,8.35913312693498,65,20.1238390092879,12,3.71517027863777,38,11.7647058823529
11W105,"11",Lichtenberg,"105",W,111D,O,"1","85",942,271,2,269,78,28.996282527881,38,14.1263940520446,12,4.46096654275093,20,7.43494423791822,86,31.9702602230483,3,1.11524163568773,32,11.8959107806691
11W106,"11",Lichtenberg,"106",W,111A,O,"1","85",993,380,5,375,148,39.4666666666667,56,14.9333333333333,15,4,35,9.33333333333333,87,23.2,7,1.86666666666667,27,7.2
11W107,"11",Lichtenberg,"107",W,111E,O,"1","85",922,251,2,249,61,24.4979919678715,30,12.0481927710843,10,4.01606425702811,37,14.859437751004,67,26.9076305220884,7,2.81124497991968,37,14.859437751004
11W108,"11",Lichtenberg,"108",W,111E,O,"1","85",985,187,0,187,58,31.0160427807487,24,12.8342245989305,3,1.60427807486631,22,11.7647058823529,59,31.5508021390374,4,2.13903743315508,17,9.09090909090909
11W109,"11",Lichtenberg,"109",W,111B,O,"1","85",833,369,4,365,145,39.7260273972603,45,12.3287671232877,20,5.47945205479452,46,12.6027397260274,70,19.1780821917808,16,4.38356164383562,23,6.3013698630137
11W110,"11",Lichtenberg,"110",W,111F,O,"1","85",969,328,5,323,95,29.4117647058824,36,11.1455108359133,13,4.02476780185759,47,14.5510835913313,94,29.1021671826625,6,1.85758513931889,32,9.90712074303406
11W111,"11",Lichtenberg,"111",W,111F,O,"1","85",648,163,2,161,52,32.2981366459627,10,6.2111801242236,8,4.96894409937888,24,14.9068322981366,55,34.1614906832298,2,1.24223602484472,10,6.2111801242236
11W112,"11",Lichtenberg,"112",W,111G,O,"1","85",676,217,1,216,87,40.2777777777778,21,9.72222222222222,7,3.24074074074074,30,13.8888888888889,53,24.537037037037,3,1.38888888888889,15,6.94444444444444
11W113,"11",Lichtenberg,"113",W,111G,O,"1","85",824,225,2,222,72,32.4324324324324,29,13.0630630630631,11,4.95495495495495,20,9.00900900900901,68,30.6306306306306,1,0.45045045045045,21,9.45945945945946
11W114,"11",Lichtenberg,"114",W,111H,O,"1","85",861,335,5,329,115,34.9544072948328,61,18.5410334346505,7,2.12765957446809,49,14.8936170212766,71,21.580547112462,0,0,26,7.90273556231003
11W115,"11",Lichtenberg,"115",W,111K,O,"1","85",934,372,6,366,135,36.8852459016393,52,14.207650273224,7,1.91256830601093,46,12.568306010929,68,18.5792349726776,5,1.36612021857923,53,14.4808743169399
11W116,"11",Lichtenberg,"116",W,111K,O,"1","85",780,268,4,263,89,33.8403041825095,34,12.9277566539924,7,2.6615969581749,33,12.5475285171103,71,26.9961977186312,6,2.28136882129278,23,8.74524714828897
11W117,"11",Lichtenberg,"117",W,111L,O,"1","85",844,203,3,199,55,27.6381909547739,23,11.5577889447236,5,2.51256281407035,26,13.0653266331658,67,33.6683417085427,6,3.01507537688442,17,8.5427135678392
11W118,"11",Lichtenberg,"118",W,111H,O,"1","85",924,234,5,228,62,27.1929824561404,26,11.4035087719298,9,3.94736842105263,40,17.5438596491228,55,24.1228070175439,1,0.43859649122807,35,15.3508771929825
11W119,"11",Lichtenberg,"119",W,111M,O,"1","85",910,265,5,259,64,24.7104247104247,26,10.03861003861,10,3.86100386100386,43,16.6023166023166,75,28.957528957529,4,1.54440154440154,37,14.2857142857143
11W120,"11",Lichtenberg,"120",W,111N,O,"1","85",1043,416,4,412,120,29.126213592233,43,10.4368932038835,20,4.85436893203883,57,13.8349514563107,105,25.4854368932039,13,3.15533980582524,54,13.1067961165049
11W121,"11",Lichtenberg,"121",W,111P,O,"1","85",929,313,1,312,100,32.0512820512821,39,12.5,13,4.16666666666667,37,11.8589743589744,74,23.7179487179487,13,4.16666666666667,36,11.5384615384615
11W122,"11",Lichtenberg,"122",W,111L,O,"1","85",912,306,4,302,82,27.1523178807947,30,9.93377483443709,7,2.31788079470199,36,11.9205298013245,90,29.8013245033113,11,3.64238410596026,46,15.2317880794702
11W123,"11",Lichtenberg,"123",W,111M,O,"1","85",1000,250,1,248,74,29.8387096774194,43,17.3387096774194,9,3.62903225806452,31,12.5,69,27.8225806451613,3,1.20967741935484,19,7.66129032258065
11W124,"11",Lichtenberg,"124",W,111P,O,"1","85",901,324,1,323,111,34.3653250773994,42,13.0030959752322,7,2.1671826625387,47,14.5510835913313,86,26.625386996904,6,1.85758513931889,24,7.43034055727554
11W125,"11",Lichtenberg,"125",W,111N,O,"1","85",881,288,2,285,77,27.0175438596491,30,10.5263157894737,5,1.75438596491228,36,12.6315789473684,83,29.1228070175439,11,3.85964912280702,43,15.0877192982456
11W126,"11",Lichtenberg,"126",W,111R,O,"1","85",959,278,1,277,90,32.4909747292419,37,13.3574007220217,7,2.52707581227437,40,14.4404332129964,73,26.3537906137184,4,1.44404332129964,26,9.38628158844765
11W127,"11",Lichtenberg,"127",W,111D,O,"1","85",870,299,7,292,85,29.1095890410959,37,12.6712328767123,8,2.73972602739726,47,16.0958904109589,80,27.3972602739726,9,3.08219178082192,26,8.9041095890411
11W128,"11",Lichtenberg,"128",W,111R,O,"1","85",856,240,1,239,88,36.8200836820084,32,13.3891213389121,11,4.60251046025105,30,12.5523012552301,58,24.2677824267782,3,1.25523012552301,17,7.11297071129707
11W129,"11",Lichtenberg,"129",W,111S,O,"1","85",680,194,1,193,75,38.860103626943,30,15.5440414507772,9,4.66321243523316,22,11.3989637305699,43,22.279792746114,3,1.55440414507772,11,5.69948186528497
11W130,"11",Lichtenberg,"130",W,111S,O,"1","85",893,299,5,294,84,28.5714285714286,51,17.3469387755102,8,2.72108843537415,42,14.2857142857143,68,23.1292517006803,3,1.02040816326531,38,12.9251700680272
11W131,"11",Lichtenberg,"131",W,111T,O,"1","85",777,238,2,236,84,35.5932203389831,42,17.7966101694915,6,2.54237288135593,26,11.0169491525424,53,22.4576271186441,5,2.11864406779661,20,8.47457627118644
11W132,"11",Lichtenberg,"132",W,111T,O,"1","85",923,325,2,322,109,33.8509316770186,46,14.2857142857143,10,3.1055900621118,42,13.0434782608696,72,22.360248447205,6,1.86335403726708,37,11.4906832298137
11W133,"11",Lichtenberg,"133",W,111U,O,"1","85",968,232,3,229,68,29.6943231441048,21,9.1703056768559,5,2.18340611353712,40,17.4672489082969,79,34.4978165938865,3,1.31004366812227,13,5.67685589519651
11W134,"11",Lichtenberg,"134",W,111U,O,"1","85",865,261,7,254,67,26.3779527559055,36,14.1732283464567,10,3.93700787401575,51,20.0787401574803,72,28.3464566929134,8,3.1496062992126,10,3.93700787401575
11W135,"11",Lichtenberg,"135",W,111W,O,"1","85",766,273,3,269,70,26.0223048327138,36,13.3828996282528,14,5.20446096654275,40,14.8698884758364,66,24.5353159851301,10,3.71747211895911,33,12.2676579925651
11W136,"11",Lichtenberg,"136",W,111W,O,"1","85",939,313,6,307,116,37.785016286645,49,15.9609120521173,6,1.95439739413681,43,14.0065146579805,64,20.8469055374593,9,2.93159609120521,20,6.51465798045603
11W137,"11",Lichtenberg,"137",W,111X,O,"1","85",863,260,1,258,82,31.7829457364341,41,15.8914728682171,8,3.10077519379845,25,9.68992248062016,79,30.6201550387597,8,3.10077519379845,15,5.81395348837209
11W138,"11",Lichtenberg,"138",W,111X,O,"1","85",841,323,3,320,104,32.5,49,15.3125,18,5.625,61,19.0625,59,18.4375,2,0.625,27,8.4375
11W201,"11",Lichtenberg,"201",W,112A,O,"2","85",900,298,1,296,115,38.8513513513513,35,11.8243243243243,18,6.08108108108108,27,9.12162162162162,69,23.3108108108108,8,2.7027027027027,24,8.10810810810811
11W202,"11",Lichtenberg,"202",W,112A,O,"2","85",908,285,4,281,79,28.1138790035587,36,12.8113879003559,14,4.98220640569395,29,10.3202846975089,80,28.4697508896797,7,2.49110320284698,36,12.8113879003559
11W203,"11",Lichtenberg,"203",W,112B,O,"2","85",983,271,1,270,72,26.6666666666667,40,14.8148148148148,5,1.85185185185185,39,14.4444444444444,67,24.8148148148148,7,2.59259259259259,40,14.8148148148148
11W204,"11",Lichtenberg,"204",W,112B,O,"2","85",850,228,1,227,57,25.1101321585903,27,11.8942731277533,5,2.20264317180617,34,14.9779735682819,63,27.7533039647577,6,2.6431718061674,35,15.4185022026432
11W205,"11",Lichtenberg,"205",W,112C,O,"2","85",864,269,3,266,75,28.1954887218045,31,11.6541353383459,10,3.7593984962406,39,14.6616541353383,70,26.3157894736842,7,2.63157894736842,34,12.781954887218
11W206,"11",Lichtenberg,"206",W,112C,O,"2","85",866,307,1,306,115,37.5816993464052,39,12.7450980392157,20,6.5359477124183,37,12.0915032679739,51,16.6666666666667,9,2.94117647058824,35,11.437908496732
11W207,"11",Lichtenberg,"207",W,112D,O,"2","85",854,272,7,265,81,30.5660377358491,32,12.0754716981132,9,3.39622641509434,36,13.5849056603774,71,26.7924528301887,6,2.26415094339623,30,11.3207547169811
11W208,"11",Lichtenberg,"208",W,112D,O,"2","85",838,248,5,242,66,27.2727272727273,37,15.2892561983471,12,4.95867768595041,24,9.91735537190083,60,24.7933884297521,10,4.13223140495868,33,13.6363636363636
11W209,"11",Lichtenberg,"209",W,112E,O,"2","85",954,353,1,351,156,44.4444444444444,46,13.1054131054131,21,5.98290598290598,42,11.965811965812,47,13.3903133903134,12,3.41880341880342,27,7.69230769230769
11W210,"11",Lichtenberg,"210",W,112E,O,"2","85",1041,414,4,409,171,41.8092909535452,53,12.958435207824,18,4.40097799511002,54,13.2029339853301,70,17.1149144254279,14,3.42298288508557,29,7.09046454767726
11W211,"11",Lichtenberg,"211",W,112F,O,"2","85",738,197,2,194,56,28.8659793814433,23,11.8556701030928,8,4.12371134020619,37,19.0721649484536,40,20.6185567010309,6,3.09278350515464,24,12.3711340206186
11W212,"11",Lichtenberg,"212",W,112F,O,"2","85",941,311,2,309,117,37.8640776699029,32,10.3559870550162,12,3.88349514563107,51,16.504854368932,67,21.6828478964401,4,1.29449838187702,26,8.41423948220065
11W213,"11",Lichtenberg,"213",W,112F,O,"2","85",855,301,3,297,143,48.1481481481481,34,11.4478114478114,8,2.69360269360269,39,13.1313131313131,43,14.4781144781145,7,2.35690235690236,23,7.74410774410774
11W214,"11",Lichtenberg,"214",W,112H,O,"2","85",973,405,6,398,151,37.9396984924623,53,13.3165829145729,17,4.2713567839196,52,13.0653266331658,74,18.5929648241206,15,3.76884422110553,36,9.04522613065327
11W215,"11",Lichtenberg,"215",W,112G,O,"2","85",691,242,2,239,85,35.5648535564854,33,13.8075313807531,18,7.53138075313808,28,11.7154811715481,39,16.3179916317992,11,4.60251046025105,25,10.4602510460251
11W216,"11",Lichtenberg,"216",W,112G,O,"2","85",706,187,2,184,48,26.0869565217391,25,13.5869565217391,15,8.15217391304348,29,15.7608695652174,36,19.5652173913043,8,4.34782608695652,23,12.5
11W217,"11",Lichtenberg,"217",W,112K,O,"2","85",902,393,4,388,146,37.6288659793814,50,12.8865979381443,35,9.02061855670103,50,12.8865979381443,58,14.9484536082474,20,5.15463917525773,29,7.47422680412371
11W218,"11",Lichtenberg,"218",W,112H,O,"2","85",951,393,3,389,151,38.8174807197943,61,15.681233933162,22,5.65552699228792,54,13.8817480719794,65,16.7095115681234,9,2.31362467866324,27,6.94087403598972
11W219,"11",Lichtenberg,"219",W,112M,O,"2","85",780,221,3,218,57,26.1467889908257,31,14.2201834862385,11,5.04587155963303,36,16.5137614678899,53,24.3119266055046,6,2.75229357798165,24,11.0091743119266
11W220,"11",Lichtenberg,"220",W,112U,O,"2","85",930,378,6,371,147,39.622641509434,40,10.7816711590297,22,5.92991913746631,42,11.3207547169811,70,18.8679245283019,10,2.69541778975741,40,10.7816711590297
11W221,"11",Lichtenberg,"221",W,112K,O,"2","85",1013,348,2,345,128,37.1014492753623,49,14.2028985507246,27,7.82608695652174,54,15.6521739130435,53,15.3623188405797,9,2.60869565217391,25,7.2463768115942
11W222,"11",Lichtenberg,"222",W,112L,O,"2","85",879,329,2,327,110,33.6391437308869,51,15.5963302752294,19,5.81039755351682,53,16.2079510703364,62,18.960244648318,4,1.22324159021407,28,8.56269113149847
11W223,"11",Lichtenberg,"223",W,112M,O,"2","85",892,270,5,265,79,29.811320754717,64,24.1509433962264,7,2.64150943396226,41,15.4716981132075,48,18.1132075471698,5,1.88679245283019,21,7.92452830188679
11W224,"11",Lichtenberg,"224",W,112N,O,"2","85",755,265,2,263,78,29.6577946768061,38,14.4486692015209,20,7.60456273764259,47,17.8707224334601,49,18.6311787072243,7,2.6615969581749,24,9.1254752851711
11W225,"11",Lichtenberg,"225",W,112L,O,"2","85",831,251,6,245,73,29.7959183673469,30,12.2448979591837,11,4.48979591836735,61,24.8979591836735,48,19.5918367346939,4,1.63265306122449,18,7.34693877551021
11W226,"11",Lichtenberg,"226",W,112R,O,"2","85",907,384,5,379,150,39.5778364116095,63,16.622691292876,34,8.97097625329815,49,12.9287598944591,52,13.7203166226913,9,2.37467018469657,22,5.80474934036939
11W227,"11",Lichtenberg,"227",W,112N,O,"2","85",888,348,4,344,132,38.3720930232558,51,14.8255813953488,16,4.65116279069767,57,16.5697674418605,52,15.1162790697674,7,2.03488372093023,29,8.43023255813953
11W228,"11",Lichtenberg,"228",W,112T,O,"2","85",796,268,1,267,81,30.3370786516854,38,14.2322097378277,21,7.86516853932584,48,17.9775280898876,46,17.2284644194757,9,3.37078651685393,24,8.98876404494382
11W229,"11",Lichtenberg,"229",W,112U,O,"2","85",1059,390,5,385,133,34.5454545454545,64,16.6233766233766,18,4.67532467532468,49,12.7272727272727,64,16.6233766233766,18,4.67532467532468,39,10.1298701298701
11W230,"11",Lichtenberg,"230",W,112P,O,"2","85",849,342,4,338,100,29.585798816568,39,11.5384615384615,34,10.0591715976331,48,14.2011834319527,71,21.0059171597633,11,3.25443786982249,35,10.3550295857988
11W231,"11",Lichtenberg,"231",W,112P,O,"2","85",1020,346,1,345,114,33.0434782608696,58,16.8115942028986,31,8.98550724637681,52,15.0724637681159,55,15.9420289855072,9,2.60869565217391,26,7.53623188405797
11W232,"11",Lichtenberg,"232",W,112S,O,"2","85",895,268,3,265,73,27.5471698113208,48,18.1132075471698,19,7.16981132075472,47,17.7358490566038,56,21.1320754716981,5,1.88679245283019,17,6.41509433962264
11W233,"11",Lichtenberg,"233",W,112R,O,"2","85",833,296,0,296,77,26.0135135135135,51,17.2297297297297,55,18.5810810810811,42,14.1891891891892,37,12.5,12,4.05405405405405,22,7.43243243243243
11W234,"11",Lichtenberg,"234",W,112S,O,"2","85",815,246,3,243,65,26.7489711934156,43,17.6954732510288,11,4.52674897119342,43,17.6954732510288,51,20.9876543209877,2,0.823045267489712,28,11.522633744856
11W235,"11",Lichtenberg,"235",W,112T,O,"2","85",968,290,5,285,66,23.1578947368421,58,20.3508771929825,17,5.96491228070175,52,18.2456140350877,55,19.2982456140351,8,2.80701754385965,29,10.1754385964912
11W236,"11",Lichtenberg,"236",W,112W,O,"2","85",939,358,1,357,115,32.2128851540616,41,11.484593837535,16,4.48179271708683,65,18.2072829131653,66,18.4873949579832,5,1.40056022408964,49,13.7254901960784
11W237,"11",Lichtenberg,"237",W,112W,O,"2","85",845,259,2,257,80,31.1284046692607,51,19.8443579766537,15,5.83657587548638,31,12.0622568093385,45,17.5097276264591,11,4.28015564202335,24,9.33852140077821
11W301,"11",Lichtenberg,"301",W,113A,O,"3","85",972,348,10,338,63,18.6390532544379,60,17.7514792899408,14,4.14201183431953,55,16.2721893491124,80,23.6686390532544,6,1.77514792899408,60,17.7514792899408
11W302,"11",Lichtenberg,"302",W,113F,O,"3","85",886,281,3,278,69,24.8201438848921,53,19.0647482014388,21,7.55395683453237,46,16.5467625899281,46,16.5467625899281,8,2.87769784172662,35,12.589928057554
11W303,"11",Lichtenberg,"303",W,113F,O,"3","85",945,293,4,289,69,23.8754325259516,68,23.5294117647059,10,3.46020761245675,57,19.7231833910035,44,15.2249134948097,7,2.42214532871972,34,11.7647058823529
11W304,"11",Lichtenberg,"304",W,113G,O,"3","85",836,236,3,233,45,19.31330472103,47,20.1716738197425,17,7.29613733905579,46,19.7424892703863,35,15.0214592274678,6,2.57510729613734,37,15.8798283261803
11W305,"11",Lichtenberg,"305",W,113K,O,"3","85",870,254,6,248,65,26.2096774193548,45,18.1451612903226,16,6.45161290322581,43,17.3387096774194,38,15.3225806451613,5,2.01612903225806,36,14.5161290322581
11W306,"11",Lichtenberg,"306",W,113K,O,"3","85",872,239,3,236,56,23.728813559322,40,16.9491525423729,21,8.89830508474576,39,16.5254237288136,44,18.6440677966102,8,3.38983050847458,28,11.864406779661
11W307,"11",Lichtenberg,"307",W,113G,O,"3","85",856,238,2,236,53,22.4576271186441,41,17.3728813559322,12,5.08474576271187,47,19.9152542372881,48,20.3389830508475,6,2.54237288135593,29,12.2881355932203
11W308,"11",Lichtenberg,"308",W,113L,O,"3","85",752,218,2,216,50,23.1481481481481,33,15.2777777777778,11,5.09259259259259,41,18.9814814814815,45,20.8333333333333,6,2.77777777777778,30,13.8888888888889
11W309,"11",Lichtenberg,"309",W,113A,O,"3","85",942,340,2,338,82,24.2603550295858,52,15.3846153846154,26,7.69230769230769,58,17.1597633136095,68,20.1183431952663,13,3.84615384615385,39,11.5384615384615
11W310,"11",Lichtenberg,"310",W,113B,O,"3","85",943,325,1,324,83,25.6172839506173,66,20.3703703703704,32,9.87654320987654,43,13.2716049382716,48,14.8148148148148,11,3.39506172839506,41,12.6543209876543
11W311,"11",Lichtenberg,"311",W,113C,O,"3","85",823,300,1,298,78,26.1744966442953,51,17.1140939597315,32,10.738255033557,33,11.0738255033557,52,17.4496644295302,8,2.68456375838926,44,14.7651006711409
11W312,"11",Lichtenberg,"312",W,113B,O,"3","85",841,281,3,277,59,21.2996389891697,39,14.0794223826715,18,6.49819494584837,55,19.85559566787,58,20.9386281588448,7,2.52707581227437,41,14.8014440433213
11W313,"11",Lichtenberg,"313",W,113C,O,"3","85",998,306,2,303,82,27.0627062706271,42,13.8613861386139,23,7.59075907590759,49,16.1716171617162,61,20.1320132013201,10,3.3003300330033,36,11.8811881188119
11W314,"11",Lichtenberg,"314",W,113D,O,"3","85",879,245,3,241,58,24.0663900414938,40,16.597510373444,19,7.88381742738589,51,21.1618257261411,44,18.2572614107884,5,2.0746887966805,24,9.95850622406639
11W315,"11",Lichtenberg,"315",W,113D,O,"3","85",876,271,5,265,73,27.5471698113208,46,17.3584905660377,18,6.79245283018868,48,18.1132075471698,52,19.622641509434,8,3.0188679245283,20,7.54716981132075
11W316,"11",Lichtenberg,"316",W,113E,O,"3","85",999,355,5,349,110,31.5186246418338,51,14.6131805157593,17,4.87106017191977,45,12.8939828080229,78,22.3495702005731,15,4.29799426934097,33,9.45558739255014
11W317,"11",Lichtenberg,"317",W,113E,O,"3","85",950,343,3,339,101,29.7935103244838,45,13.2743362831858,10,2.94985250737463,44,12.9793510324484,86,25.3687315634218,14,4.12979351032448,39,11.5044247787611
11W318,"11",Lichtenberg,"318",W,113H,O,"3","85",857,308,5,303,62,20.4620462046205,61,20.1320132013201,19,6.27062706270627,55,18.1518151815182,56,18.4818481848185,5,1.65016501650165,45,14.8514851485149
11W319,"11",Lichtenberg,"319",W,113H,O,"3","85",872,265,1,264,54,20.4545454545455,55,20.8333333333333,14,5.3030303030303,55,20.8333333333333,48,18.1818181818182,5,1.89393939393939,33,12.5
11W320,"11",Lichtenberg,"320",W,113L,O,"3","85",1017,294,3,291,61,20.9621993127148,53,18.213058419244,28,9.62199312714777,59,20.2749140893471,47,16.1512027491409,8,2.74914089347079,35,12.0274914089347
11W321,"11",Lichtenberg,"321",W,113N,O,"3","85",991,291,6,285,64,22.4561403508772,37,12.9824561403509,8,2.80701754385965,46,16.140350877193,73,25.6140350877193,12,4.21052631578947,45,15.7894736842105
11W322,"11",Lichtenberg,"322",W,113M,O,"3","85",786,226,3,223,50,22.4215246636771,40,17.9372197309417,14,6.2780269058296,51,22.8699551569507,37,16.5919282511211,6,2.69058295964126,25,11.2107623318386
11W323,"11",Lichtenberg,"323",W,113M,O,"3","85",923,269,5,264,63,23.8636363636364,42,15.9090909090909,21,7.95454545454545,49,18.5606060606061,52,19.6969696969697,5,1.89393939393939,32,12.1212121212121
11W324,"11",Lichtenberg,"324",W,113N,O,"3","85",877,167,3,164,34,20.7317073170732,29,17.6829268292683,29,17.6829268292683,26,15.8536585365854,24,14.6341463414634,5,3.04878048780488,17,10.3658536585366
11W325,"11",Lichtenberg,"325",W,113P,O,"3","85",714,233,0,233,41,17.5965665236052,28,12.0171673819742,68,29.1845493562232,41,17.5965665236052,13,5.5793991416309,11,4.72103004291846,31,13.3047210300429
11W326,"11",Lichtenberg,"326",W,113P,O,"3","85",1027,194,4,190,40,21.0526315789474,35,18.4210526315789,30,15.7894736842105,32,16.8421052631579,28,14.7368421052632,6,3.15789473684211,19,10
11W327,"11",Lichtenberg,"327",W,113R,O,"3","85",952,370,2,368,96,26.0869565217391,74,20.1086956521739,26,7.06521739130435,73,19.8369565217391,48,13.0434782608696,11,2.98913043478261,40,10.8695652173913
11W328,"11",Lichtenberg,"328",W,113R,O,"3","85",647,274,2,271,70,25.830258302583,48,17.7121771217712,48,17.7121771217712,29,10.7011070110701,31,11.4391143911439,11,4.0590405904059,34,12.5461254612546
11W329,"11",Lichtenberg,"329",W,113S,O,"3","85",853,331,3,327,59,18.0428134556575,46,14.0672782874618,51,15.5963302752294,71,21.7125382262997,47,14.3730886850153,9,2.75229357798165,44,13.4556574923547
11W330,"11",Lichtenberg,"330",W,113S,O,"3","85",789,218,0,218,29,13.302752293578,20,9.1743119266055,49,22.4770642201835,51,23.394495412844,33,15.1376146788991,3,1.37614678899083,33,15.1376146788991
11W331,"11",Lichtenberg,"331",W,113T,O,"3","85",849,230,1,229,43,18.7772925764192,33,14.410480349345,32,13.9737991266376,55,24.0174672489083,38,16.5938864628821,6,2.62008733624454,22,9.60698689956332
11W332,"11",Lichtenberg,"332",W,113U,O,"3","85",797,204,2,202,54,26.7326732673267,30,14.8514851485149,19,9.40594059405941,37,18.3168316831683,39,19.3069306930693,5,2.47524752475248,18,8.91089108910891
11W333,"11",Lichtenberg,"333",W,113T,O,"3","85",789,273,2,271,66,24.3542435424354,47,17.3431734317343,14,5.16605166051661,75,27.6752767527675,47,17.3431734317343,4,1.4760147601476,18,6.64206642066421
11W334,"11",Lichtenberg,"334",W,113U,O,"3","85",700,227,2,225,60,26.6666666666667,39,17.3333333333333,11,4.88888888888889,57,25.3333333333333,41,18.2222222222222,4,1.77777777777778,13,5.77777777777778
11W335,"11",Lichtenberg,"335",W,113W,O,"3","85",898,216,0,216,48,22.2222222222222,32,14.8148148148148,14,6.48148148148148,40,18.5185185185185,44,20.3703703703704,9,4.16666666666667,29,13.4259259259259
11W336,"11",Lichtenberg,"336",W,113W,O,"3","85",927,320,4,316,70,22.1518987341772,54,17.0886075949367,19,6.0126582278481,69,21.8354430379747,57,18.0379746835443,8,2.53164556962025,39,12.3417721518987
11W337,"11",Lichtenberg,"337",W,113X,O,"3","85",667,197,1,196,46,23.469387755102,29,14.7959183673469,19,9.69387755102041,24,12.2448979591837,52,26.530612244898,6,3.06122448979592,20,10.2040816326531
11W338,"11",Lichtenberg,"338",W,113X,O,"3","85",816,234,6,228,41,17.9824561403509,49,21.4912280701754,30,13.1578947368421,30,13.1578947368421,39,17.1052631578947,9,3.94736842105263,30,13.1578947368421
11W339,"11",Lichtenberg,"339",W,113X,O,"3","85",768,310,5,305,79,25.9016393442623,39,12.7868852459016,18,5.9016393442623,49,16.0655737704918,68,22.2950819672131,8,2.62295081967213,44,14.4262295081967
11W401,"11",Lichtenberg,"401",W,114A,O,"4","85",871,320,3,317,67,21.1356466876972,50,15.7728706624606,39,12.3028391167192,64,20.1892744479495,42,13.2492113564669,7,2.20820189274448,48,15.1419558359621
11W402,"11",Lichtenberg,"402",W,114A,O,"4","85",926,353,4,349,81,23.2091690544413,56,16.0458452722063,39,11.1747851002865,68,19.4842406876791,49,14.0401146131805,8,2.29226361031519,48,13.7535816618911
11W403,"11",Lichtenberg,"403",W,114B,O,"4","85",958,328,2,326,64,19.6319018404908,67,20.5521472392638,26,7.97546012269939,67,20.5521472392638,52,15.9509202453988,6,1.84049079754601,44,13.4969325153374
11W404,"11",Lichtenberg,"404",W,114B,O,"4","85",802,332,3,329,72,21.8844984802432,55,16.7173252279635,36,10.9422492401216,60,18.2370820668693,53,16.1094224924012,8,2.43161094224924,45,13.677811550152
11W405,"11",Lichtenberg,"405",W,114C,O,"4","85",977,354,4,350,80,22.8571428571429,75,21.4285714285714,22,6.28571428571429,74,21.1428571428571,50,14.2857142857143,7,2,42,12
11W406,"11",Lichtenberg,"406",W,114C,O,"4","85",825,293,5,288,66,22.9166666666667,49,17.0138888888889,20,6.94444444444444,52,18.0555555555556,57,19.7916666666667,5,1.73611111111111,39,13.5416666666667
11W407,"11",Lichtenberg,"407",W,114D,O,"4","85",912,299,2,297,57,19.1919191919192,53,17.8451178451178,27,9.09090909090909,62,20.8754208754209,58,19.5286195286195,5,1.68350168350168,35,11.7845117845118
11W408,"11",Lichtenberg,"408",W,114F,O,"4","85",805,270,2,268,53,19.7761194029851,43,16.044776119403,28,10.4477611940298,65,24.2537313432836,34,12.6865671641791,9,3.35820895522388,36,13.4328358208955
11W409,"11",Lichtenberg,"409",W,114D,O,"4","85",781,254,2,252,44,17.4603174603175,52,20.6349206349206,24,9.52380952380952,56,22.2222222222222,49,19.4444444444444,3,1.19047619047619,24,9.52380952380952
11W410,"11",Lichtenberg,"410",W,114E,O,"4","85",877,264,3,261,52,19.9233716475096,46,17.6245210727969,24,9.19540229885057,49,18.7739463601533,43,16.4750957854406,7,2.68199233716475,40,15.3256704980843
11W411,"11",Lichtenberg,"411",W,114E,O,"4","85",849,271,3,268,43,16.044776119403,44,16.4179104477612,38,14.1791044776119,46,17.1641791044776,53,19.7761194029851,8,2.98507462686567,36,13.4328358208955
11W412,"11",Lichtenberg,"412",W,114F,O,"4","85",897,285,3,282,56,19.8581560283688,40,14.1843971631206,36,12.7659574468085,66,23.4042553191489,35,12.4113475177305,9,3.19148936170213,40,14.1843971631206
11W413,"11",Lichtenberg,"413",W,114G,O,"4","85",786,284,3,281,61,21.7081850533808,50,17.7935943060498,27,9.6085409252669,49,17.4377224199288,42,14.9466192170818,8,2.84697508896797,44,15.6583629893238
11W414,"11",Lichtenberg,"414",W,114H,O,"4","85",871,314,4,310,46,14.8387096774194,49,15.8064516129032,62,20,70,22.5806451612903,29,9.35483870967742,7,2.25806451612903,47,15.1612903225806
11W415,"11",Lichtenberg,"415",W,114G,O,"4","85",1044,310,4,306,61,19.9346405228758,45,14.7058823529412,34,11.1111111111111,69,22.5490196078431,47,15.359477124183,10,3.26797385620915,40,13.0718954248366
11W416,"11",Lichtenberg,"416",W,114H,O,"4","85",966,371,1,370,78,21.0810810810811,60,16.2162162162162,83,22.4324324324324,55,14.8648648648649,21,5.67567567567568,22,5.94594594594595,51,13.7837837837838
11W417,"11",Lichtenberg,"417",W,114K,O,"4","85",901,276,2,274,46,16.7883211678832,25,9.12408759124088,39,14.2335766423358,73,26.6423357664234,40,14.5985401459854,10,3.64963503649635,41,14.963503649635
11W418,"11",Lichtenberg,"418",W,114M,O,"4","85",719,292,2,289,78,26.9896193771626,46,15.916955017301,66,22.8373702422145,32,11.0726643598616,17,5.88235294117647,15,5.19031141868512,35,12.1107266435986
11W419,"11",Lichtenberg,"419",W,114L,O,"4","85",920,328,4,324,58,17.9012345679012,43,13.2716049382716,17,5.24691358024691,107,33.0246913580247,49,15.1234567901235,4,1.23456790123457,46,14.1975308641975
11W420,"11",Lichtenberg,"420",W,114M,O,"4","85",904,279,2,276,47,17.0289855072464,38,13.768115942029,45,16.304347826087,53,19.2028985507246,39,14.1304347826087,11,3.98550724637681,43,15.5797101449275
11W421,"11",Lichtenberg,"421",W,114L,O,"4","85",790,262,1,260,48,18.4615384615385,35,13.4615384615385,55,21.1538461538462,60,23.0769230769231,30,11.5384615384615,6,2.30769230769231,26,10
11W422,"11",Lichtenberg,"422",W,114N,O,"4","85",622,228,2,225,45,20,30,13.3333333333333,44,19.5555555555556,47,20.8888888888889,26,11.5555555555556,5,2.22222222222222,28,12.4444444444444
11W423,"11",Lichtenberg,"423",W,114N,O,"4","85",895,340,4,335,47,14.0298507462687,44,13.134328358209,73,21.7910447761194,57,17.0149253731343,49,14.6268656716418,11,3.28358208955224,54,16.1194029850746
11W424,"11",Lichtenberg,"424",W,114P,O,"4","85",905,306,3,302,48,15.8940397350993,45,14.9006622516556,76,25.1655629139073,62,20.5298013245033,20,6.62251655629139,11,3.64238410596026,40,13.2450331125828
11W425,"11",Lichtenberg,"425",W,114K,O,"4","85",858,306,1,304,48,15.7894736842105,41,13.4868421052632,72,23.6842105263158,67,22.0394736842105,23,7.56578947368421,12,3.94736842105263,41,13.4868421052632
11W426,"11",Lichtenberg,"426",W,114P,O,"4","85",873,266,1,264,33,12.5,33,12.5,70,26.5151515151515,64,24.2424242424242,25,9.46969696969697,10,3.78787878787879,29,10.9848484848485
11W427,"11",Lichtenberg,"427",W,114R,O,"4","85",799,269,2,267,39,14.6067415730337,32,11.9850187265918,52,19.4756554307116,61,22.8464419475655,33,12.3595505617978,5,1.87265917602996,45,16.8539325842697
11W428,"11",Lichtenberg,"428",W,114R,O,"4","85",813,288,5,283,40,14.1342756183746,35,12.3674911660777,62,21.9081272084806,67,23.6749116607774,31,10.9540636042403,7,2.47349823321555,41,14.4876325088339
11W429,"11",Lichtenberg,"429",W,114S,O,"4","85",974,304,4,300,62,20.6666666666667,57,19,27,9,69,23,55,18.3333333333333,6,2,24,8
11W430,"11",Lichtenberg,"430",W,114S,O,"4","85",933,267,2,265,54,20.377358490566,41,15.4716981132075,26,9.81132075471698,65,24.5283018867925,52,19.622641509434,7,2.64150943396226,20,7.54716981132075
11W431,"11",Lichtenberg,"431",W,114T,O,"4","85",900,328,8,320,76,23.75,59,18.4375,25,7.8125,74,23.125,48,15,10,3.125,28,8.75
11W432,"11",Lichtenberg,"432",W,114T,O,"4","85",913,317,7,310,65,20.9677419354839,55,17.741935483871,27,8.70967741935484,72,23.2258064516129,55,17.741935483871,8,2.58064516129032,28,9.03225806451613
11W433,"11",Lichtenberg,"433",W,114U,O,"4","85",883,262,3,259,55,21.2355212355212,43,16.6023166023166,21,8.10810810810811,63,24.3243243243243,51,19.6911196911197,7,2.7027027027027,19,7.33590733590734
11W434,"11",Lichtenberg,"434",W,114W,O,"4","85",860,314,3,311,55,17.6848874598071,67,21.5434083601286,40,12.8617363344051,73,23.4726688102894,37,11.8971061093248,12,3.85852090032154,27,8.68167202572347
11W435,"11",Lichtenberg,"435",W,114U,O,"4","85",918,300,5,295,63,21.3559322033898,54,18.3050847457627,24,8.13559322033898,70,23.728813559322,51,17.2881355932203,9,3.05084745762712,24,8.13559322033898
11W436,"11",Lichtenberg,"436",W,114W,O,"4","85",844,349,1,348,34,9.77011494252874,40,11.4942528735632,123,35.3448275862069,78,22.4137931034483,17,4.88505747126437,8,2.29885057471264,48,13.7931034482759
11W437,"11",Lichtenberg,"437",W,114X,O,"4","85",918,382,4,378,29,7.67195767195767,44,11.6402116402116,143,37.8306878306878,94,24.8677248677249,18,4.76190476190476,8,2.11640211640212,42,11.1111111111111
11W438,"11",Lichtenberg,"438",W,114X,O,"4","85",945,418,0,418,39,9.33014354066986,50,11.9617224880383,128,30.622009569378,125,29.9043062200957,21,5.02392344497608,12,2.87081339712919,43,10.2870813397129
11W501,"11",Lichtenberg,"501",W,115A,O,"5","85",759,269,3,265,37,13.9622641509434,28,10.5660377358491,55,20.7547169811321,51,19.2452830188679,29,10.9433962264151,12,4.52830188679245,53,20
11W502,"11",Lichtenberg,"502",W,115B,O,"5","85",969,364,4,359,43,11.9777158774373,43,11.9777158774373,69,19.2200557103064,78,21.7270194986072,53,14.7632311977716,10,2.78551532033426,63,17.5487465181058
11W503,"11",Lichtenberg,"503",W,115C,O,"5","85",906,301,6,294,56,19.047619047619,43,14.6258503401361,22,7.48299319727891,59,20.0680272108844,60,20.4081632653061,10,3.40136054421769,44,14.9659863945578
11W504,"11",Lichtenberg,"504",W,115D,O,"5","85",1021,355,5,349,85,24.3553008595989,55,15.7593123209169,20,5.73065902578797,53,15.1862464183381,78,22.3495702005731,7,2.00573065902579,51,14.6131805157593
11W505,"11",Lichtenberg,"505",W,115D,O,"5","85",943,372,9,362,87,24.0331491712707,68,18.7845303867403,23,6.353591160221,53,14.6408839779006,87,24.0331491712707,6,1.65745856353591,38,10.4972375690608
11W506,"11",Lichtenberg,"506",W,115E,O,"5","85",879,223,3,219,47,21.4611872146119,34,15.5251141552511,13,5.93607305936073,32,14.6118721461187,48,21.9178082191781,6,2.73972602739726,39,17.8082191780822
11W507,"11",Lichtenberg,"507",W,115E,O,"5","85",884,213,2,210,49,23.3333333333333,25,11.9047619047619,15,7.14285714285714,42,20,43,20.4761904761905,6,2.85714285714286,30,14.2857142857143
11W508,"11",Lichtenberg,"508",W,115A,O,"5","85",841,313,2,310,50,16.1290322580645,35,11.2903225806452,49,15.8064516129032,69,22.258064516129,41,13.2258064516129,8,2.58064516129032,58,18.7096774193548
11W509,"11",Lichtenberg,"509",W,115B,O,"5","85",934,336,3,332,65,19.578313253012,59,17.7710843373494,41,12.3493975903614,65,19.578313253012,50,15.0602409638554,9,2.71084337349398,43,12.9518072289157
11W510,"11",Lichtenberg,"510",W,115C,O,"5","85",836,277,4,272,61,22.4264705882353,51,18.75,24,8.82352941176471,50,18.3823529411765,45,16.5441176470588,9,3.30882352941176,32,11.7647058823529
11W511,"11",Lichtenberg,"511",W,115K,O,"5","85",917,331,1,329,64,19.4528875379939,54,16.4133738601824,43,13.0699088145897,71,21.580547112462,46,13.9817629179331,8,2.43161094224924,43,13.0699088145897
11W512,"11",Lichtenberg,"512",W,115L,O,"5","85",1026,379,10,368,107,29.0760869565217,54,14.6739130434783,29,7.8804347826087,77,20.9239130434783,61,16.5760869565217,5,1.35869565217391,35,9.51086956521739
11W513,"11",Lichtenberg,"513",W,115L,O,"5","85",1040,412,5,407,103,25.3071253071253,69,16.953316953317,23,5.65110565110565,87,21.3759213759214,62,15.2334152334152,8,1.96560196560197,55,13.5135135135135
11W514,"11",Lichtenberg,"514",W,115F,O,"5","85",611,209,1,208,24,11.5384615384615,23,11.0576923076923,50,24.0384615384615,52,25,23,11.0576923076923,6,2.88461538461538,30,14.4230769230769
11W515,"11",Lichtenberg,"515",W,115G,O,"5","85",808,270,1,269,33,12.2676579925651,27,10.0371747211896,61,22.6765799256506,61,22.6765799256506,42,15.6133828996283,6,2.23048327137546,39,14.4981412639405
11W516,"11",Lichtenberg,"516",W,115H,O,"5","85",899,313,3,310,55,17.741935483871,40,12.9032258064516,50,16.1290322580645,64,20.6451612903226,55,17.741935483871,6,1.93548387096774,40,12.9032258064516
11W517,"11",Lichtenberg,"517",W,115K,O,"5","85",857,341,4,337,73,21.6617210682493,53,15.727002967359,41,12.1661721068249,70,20.7715133531157,46,13.6498516320475,10,2.9673590504451,44,13.0563798219585
11W518,"11",Lichtenberg,"518",W,115M,O,"5","85",787,270,3,267,60,22.4719101123595,45,16.8539325842697,25,9.36329588014981,62,23.2209737827715,40,14.9812734082397,6,2.24719101123596,29,10.8614232209738
11W519,"11",Lichtenberg,"519",W,115M,O,"5","85",838,290,5,285,69,24.2105263157895,47,16.4912280701754,22,7.71929824561404,64,22.4561403508772,44,15.4385964912281,6,2.10526315789474,33,11.5789473684211
11W520,"11",Lichtenberg,"520",W,115N,O,"5","85",933,317,2,315,67,21.2698412698413,57,18.0952380952381,17,5.3968253968254,66,20.952380952381,60,19.047619047619,11,3.49206349206349,37,11.7460317460317
11W521,"11",Lichtenberg,"521",W,115N,O,"5","85",913,299,1,298,62,20.8053691275168,62,20.8053691275168,12,4.02684563758389,70,23.489932885906,53,17.7852348993289,9,3.02013422818792,30,10.0671140939597
11W522,"11",Lichtenberg,"522",W,115F,O,"5","85",818,260,3,257,35,13.6186770428016,36,14.0077821011673,49,19.0661478599222,69,26.8482490272374,29,11.284046692607,8,3.11284046692607,31,12.0622568093385
11W523,"11",Lichtenberg,"523",W,115G,O,"5","85",738,281,1,280,50,17.8571428571429,39,13.9285714285714,42,15,60,21.4285714285714,38,13.5714285714286,11,3.92857142857143,40,14.2857142857143
11W524,"11",Lichtenberg,"524",W,115H,O,"5","85",915,315,4,311,59,18.9710610932476,52,16.7202572347267,35,11.2540192926045,64,20.5787781350482,51,16.3987138263666,14,4.5016077170418,36,11.5755627009646
11W525,"11",Lichtenberg,"525",W,115P,O,"5","85",867,309,6,303,55,18.1518151815182,27,8.91089108910891,75,24.7524752475248,67,22.1122112211221,41,13.5313531353135,9,2.97029702970297,29,9.57095709570957
11W526,"11",Lichtenberg,"526",W,115P,O,"5","85",676,251,1,250,28,11.2,27,10.8,68,27.2,65,26,27,10.8,5,2,30,12
11W527,"11",Lichtenberg,"527",W,115S,O,"5","85",880,314,2,312,53,16.9871794871795,41,13.1410256410256,84,26.9230769230769,62,19.8717948717949,35,11.2179487179487,10,3.2051282051282,27,8.65384615384615
11W528,"11",Lichtenberg,"528",W,115S,O,"5","85",976,350,4,346,68,19.6531791907514,56,16.1849710982659,54,15.606936416185,78,22.5433526011561,46,13.2947976878613,13,3.75722543352601,31,8.95953757225434
11W529,"11",Lichtenberg,"529",W,115R,O,"5","85",839,310,1,309,44,14.2394822006472,33,10.6796116504854,104,33.6569579288026,60,19.4174757281553,27,8.7378640776699,8,2.58899676375405,33,10.6796116504854
11W530,"11",Lichtenberg,"530",W,115R,O,"5","85",825,314,1,313,47,15.0159744408946,42,13.4185303514377,99,31.629392971246,52,16.6134185303514,31,9.90415335463259,12,3.83386581469649,30,9.58466453674121
11W531,"11",Lichtenberg,"531",W,115T,O,"5","85",899,297,4,293,63,21.5017064846416,48,16.382252559727,38,12.9692832764505,52,17.7474402730375,56,19.1126279863481,10,3.41296928327645,26,8.87372013651877
11W532,"11",Lichtenberg,"532",W,115U,O,"5","85",962,302,2,300,68,22.6666666666667,60,20,23,7.66666666666667,64,21.3333333333333,54,18,6,2,25,8.33333333333333
11W533,"11",Lichtenberg,"533",W,115T,O,"5","85",920,326,4,322,71,22.0496894409938,61,18.944099378882,28,8.69565217391304,63,19.5652173913043,59,18.3229813664596,9,2.79503105590062,31,9.62732919254658
11W534,"11",Lichtenberg,"534",W,115U,O,"5","85",915,276,3,273,64,23.4432234432234,50,18.3150183150183,16,5.86080586080586,49,17.9487179487179,61,22.3443223443223,7,2.56410256410256,26,9.52380952380952
11W535,"11",Lichtenberg,"535",W,115W,O,"5","85",824,287,5,282,62,21.9858156028369,60,21.2765957446809,19,6.73758865248227,61,21.6312056737589,50,17.7304964539007,8,2.83687943262411,22,7.80141843971631
11W536,"11",Lichtenberg,"536",W,115W,O,"5","85",794,237,4,233,49,21.0300429184549,48,20.6008583690987,17,7.29613733905579,51,21.8884120171674,45,19.31330472103,6,2.57510729613734,17,7.29613733905579
11W537,"11",Lichtenberg,"537",W,115X,O,"5","85",830,241,3,238,54,22.6890756302521,45,18.9075630252101,19,7.98319327731092,51,21.4285714285714,45,18.9075630252101,9,3.78151260504202,15,6.30252100840336
11W538,"11",Lichtenberg,"538",W,115X,O,"5","85",855,265,4,261,60,22.9885057471264,51,19.5402298850575,18,6.89655172413793,59,22.6053639846743,45,17.2413793103448,12,4.59770114942529,16,6.13026819923372
11W601,"11",Lichtenberg,"601",W,116A,O,"6","85",944,427,2,425,106,24.9411764705882,71,16.7058823529412,71,16.7058823529412,70,16.4705882352941,33,7.76470588235294,21,4.94117647058823,53,12.4705882352941
11W602,"11",Lichtenberg,"602",W,116A,O,"6","85",945,379,3,376,61,16.2234042553191,64,17.0212765957447,111,29.5212765957447,58,15.4255319148936,23,6.11702127659574,18,4.78723404255319,41,10.9042553191489
11W603,"11",Lichtenberg,"603",W,116M,O,"6","85",839,465,5,460,122,26.5217391304348,75,16.304347826087,155,33.695652173913,34,7.39130434782609,17,3.69565217391304,21,4.56521739130435,36,7.82608695652174
11W604,"11",Lichtenberg,"604",W,116B,O,"6","85",919,265,4,261,49,18.7739463601533,37,14.176245210728,19,7.27969348659004,62,23.7547892720307,51,19.5402298850575,10,3.83141762452107,33,12.6436781609195
11W605,"11",Lichtenberg,"605",W,116B,O,"6","85",975,328,4,324,66,20.3703703703704,69,21.2962962962963,26,8.02469135802469,71,21.9135802469136,58,17.9012345679012,7,2.16049382716049,27,8.33333333333333
11W606,"11",Lichtenberg,"606",W,116C,O,"6","85",846,282,4,277,47,16.9675090252708,61,22.0216606498195,16,5.77617328519856,47,16.9675090252708,50,18.0505415162455,5,1.80505415162455,51,18.4115523465704
11W607,"11",Lichtenberg,"607",W,116C,O,"6","85",762,250,3,246,43,17.479674796748,32,13.0081300813008,32,13.0081300813008,51,20.7317073170732,42,17.0731707317073,4,1.6260162601626,42,17.0731707317073
11W608,"11",Lichtenberg,"608",W,116D,O,"6","85",711,219,3,216,39,18.0555555555556,33,15.2777777777778,27,12.5,46,21.2962962962963,39,18.0555555555556,3,1.38888888888889,29,13.4259259259259
11W609,"11",Lichtenberg,"609",W,116D,O,"6","85",864,294,5,289,69,23.8754325259516,48,16.6089965397924,22,7.61245674740484,71,24.5674740484429,51,17.6470588235294,5,1.73010380622837,23,7.95847750865052
11W610,"11",Lichtenberg,"610",W,116E,O,"6","85",958,312,2,310,88,28.3870967741935,69,22.258064516129,6,1.93548387096774,67,21.6129032258065,39,12.5806451612903,6,1.93548387096774,35,11.2903225806452
11W611,"11",Lichtenberg,"611",W,116E,O,"6","85",950,269,2,267,53,19.8501872659176,44,16.4794007490637,27,10.1123595505618,56,20.9737827715356,50,18.7265917602996,12,4.49438202247191,25,9.36329588014981
11W612,"11",Lichtenberg,"612",W,116F,O,"6","85",917,265,0,265,82,30.9433962264151,51,19.2452830188679,20,7.54716981132075,39,14.7169811320755,42,15.8490566037736,7,2.64150943396226,24,9.05660377358491
11W613,"11",Lichtenberg,"613",W,116H,O,"6","85",797,297,3,294,69,23.469387755102,40,13.6054421768707,36,12.2448979591837,48,16.3265306122449,52,17.687074829932,7,2.38095238095238,42,14.2857142857143
11W614,"11",Lichtenberg,"614",W,116H,O,"6","85",1006,375,1,374,75,20.0534759358289,40,10.6951871657754,57,15.2406417112299,62,16.5775401069519,72,19.2513368983957,21,5.61497326203209,47,12.5668449197861
11W615,"11",Lichtenberg,"615",W,116F,O,"6","85",787,279,1,278,67,24.1007194244604,44,15.8273381294964,55,19.7841726618705,47,16.9064748201439,24,8.63309352517986,4,1.43884892086331,37,13.3093525179856
11W616,"11",Lichtenberg,"616",W,116G,O,"6","85",954,375,1,374,98,26.2032085561497,59,15.7754010695187,44,11.7647058823529,71,18.9839572192513,54,14.4385026737968,18,4.81283422459893,30,8.02139037433155
11W617,"11",Lichtenberg,"617",W,116G,O,"6","85",1053,362,6,356,99,27.8089887640449,77,21.6292134831461,24,6.74157303370786,63,17.6966292134831,55,15.4494382022472,9,2.52808988764045,29,8.14606741573034
11W618,"11",Lichtenberg,"618",W,116K,O,"6","85",791,371,0,371,91,24.5283018867925,56,15.0943396226415,51,13.7466307277628,79,21.2938005390836,37,9.97304582210243,9,2.42587601078167,48,12.9380053908356
11W619,"11",Lichtenberg,"619",W,116K,O,"6","85",782,304,0,304,45,14.8026315789474,66,21.7105263157895,53,17.4342105263158,51,16.7763157894737,28,9.21052631578947,17,5.59210526315789,44,14.4736842105263
11W620,"11",Lichtenberg,"620",W,116S,O,"6","85",877,370,4,365,96,26.3013698630137,72,19.7260273972603,63,17.2602739726027,56,15.3424657534247,40,10.958904109589,14,3.83561643835616,24,6.57534246575342
11W621,"11",Lichtenberg,"621",W,116S,O,"6","85",809,347,2,344,103,29.9418604651163,63,18.3139534883721,52,15.1162790697674,60,17.4418604651163,20,5.81395348837209,19,5.52325581395349,27,7.84883720930233
11W622,"11",Lichtenberg,"622",W,116L,O,"6","85",755,381,1,380,131,34.4736842105263,66,17.3684210526316,52,13.6842105263158,44,11.5789473684211,25,6.57894736842105,25,6.57894736842105,37,9.73684210526316
11W623,"11",Lichtenberg,"623",W,116L,O,"6","85",861,390,7,382,96,25.130890052356,64,16.7539267015707,78,20.4188481675393,58,15.1832460732984,29,7.59162303664921,24,6.282722513089,33,8.63874345549738
11W624,"11",Lichtenberg,"624",W,116P,O,"6","85",837,315,2,313,66,21.0862619808307,42,13.4185303514377,44,14.0575079872204,71,22.6837060702875,40,12.779552715655,11,3.51437699680511,39,12.4600638977636
11W625,"11",Lichtenberg,"625",W,116P,O,"6","85",896,387,2,384,60,15.625,55,14.3229166666667,86,22.3958333333333,78,20.3125,51,13.28125,10,2.60416666666667,44,11.4583333333333
11W626,"11",Lichtenberg,"626",W,116R,O,"6","85",863,406,1,404,70,17.3267326732673,64,15.8415841584158,77,19.0594059405941,93,23.019801980198,31,7.67326732673267,15,3.71287128712871,54,13.3663366336634
11W627,"11",Lichtenberg,"627",W,116R,O,"6","85",913,384,0,383,84,21.9321148825065,74,19.3211488250653,71,18.5378590078329,67,17.4934725848564,36,9.39947780678851,14,3.65535248041775,37,9.66057441253264
11W628,"11",Lichtenberg,"628",W,116U,O,"6","85",783,336,1,334,46,13.7724550898204,71,21.2574850299401,58,17.3652694610778,71,21.2574850299401,40,11.9760479041916,9,2.69461077844311,39,11.6766467065868
11W629,"11",Lichtenberg,"629",W,116U,O,"6","85",929,409,3,405,83,20.4938271604938,71,17.5308641975309,45,11.1111111111111,72,17.7777777777778,71,17.5308641975309,15,3.7037037037037,48,11.8518518518519
11W630,"11",Lichtenberg,"630",W,116N,O,"6","85",797,327,1,326,72,22.0858895705521,58,17.7914110429448,61,18.7116564417178,54,16.5644171779141,39,11.9631901840491,18,5.52147239263804,24,7.36196319018405
11W631,"11",Lichtenberg,"631",W,116N,O,"6","85",731,291,1,290,65,22.4137931034483,48,16.551724137931,56,19.3103448275862,59,20.3448275862069,30,10.3448275862069,13,4.48275862068965,19,6.55172413793103
11W632,"11",Lichtenberg,"632",W,116T,O,"6","85",779,348,3,345,73,21.1594202898551,59,17.1014492753623,76,22.0289855072464,59,17.1014492753623,30,8.69565217391304,16,4.63768115942029,32,9.27536231884058
11W633,"11",Lichtenberg,"633",W,116M,O,"6","85",921,366,0,366,80,21.8579234972678,69,18.8524590163934,62,16.9398907103825,50,13.6612021857924,50,13.6612021857924,20,5.46448087431694,35,9.56284153005464
11W634,"11",Lichtenberg,"634",W,116T,O,"6","85",861,357,2,355,77,21.6901408450704,57,16.056338028169,73,20.5633802816901,73,20.5633802816901,32,9.01408450704225,13,3.66197183098592,30,8.45070422535211
11W635,"11",Lichtenberg,"635",W,116W,O,"6","85",856,363,2,360,72,20,58,16.1111111111111,67,18.6111111111111,80,22.2222222222222,37,10.2777777777778,11,3.05555555555556,35,9.72222222222222
11W636,"11",Lichtenberg,"636",W,116W,O,"6","85",667,286,0,285,97,34.0350877192982,45,15.7894736842105,66,23.1578947368421,22,7.71929824561404,21,7.36842105263158,15,5.26315789473684,19,6.66666666666667
12B1A,"12",Reinickendorf,1A,B,121A,W,"1","76",0,513,1,512,212,41.40625,108,21.09375,68,13.28125,33,6.4453125,34,6.640625,14,2.734375,43,8.3984375
12B1B,"12",Reinickendorf,1B,B,121B,W,"1","76",0,324,5,319,113,35.423197492163,51,15.987460815047,52,16.3009404388715,23,7.21003134796238,28,8.77742946708464,12,3.76175548589342,40,12.5391849529781
12B1C,"12",Reinickendorf,1C,B,121C,W,"1","76",0,364,3,360,89,24.7222222222222,66,18.3333333333333,76,21.1111111111111,35,9.72222222222222,23,6.38888888888889,11,3.05555555555556,60,16.6666666666667
12B1D,"12",Reinickendorf,1D,B,121D,W,"1","76",0,413,3,409,150,36.6748166259169,91,22.2493887530562,43,10.5134474327628,25,6.11246943765281,43,10.5134474327628,5,1.22249388753056,52,12.7139364303178
12B1E,"12",Reinickendorf,1E,B,121E,W,"1","76",0,463,6,456,175,38.3771929824561,98,21.4912280701754,54,11.8421052631579,30,6.57894736842105,35,7.67543859649123,12,2.63157894736842,52,11.4035087719298
12B1F,"12",Reinickendorf,1F,B,121F,W,"1","76",0,465,8,456,170,37.280701754386,77,16.8859649122807,67,14.6929824561404,28,6.14035087719298,47,10.3070175438596,15,3.28947368421053,52,11.4035087719298
12B1G,"12",Reinickendorf,1G,B,121G,W,"1","76",0,270,3,267,113,42.3220973782771,53,19.8501872659176,30,11.2359550561798,9,3.37078651685393,25,9.36329588014981,7,2.62172284644195,30,11.2359550561798
12B1H,"12",Reinickendorf,1H,B,121H,W,"1","76",0,402,4,398,170,42.713567839196,85,21.356783919598,41,10.3015075376884,18,4.52261306532663,39,9.79899497487437,9,2.26130653266332,36,9.04522613065327
12B1J,"12",Reinickendorf,1J,B,121J,W,"1","76",0,411,4,407,158,38.8206388206388,85,20.8845208845209,44,10.8108108108108,38,9.33660933660934,36,8.84520884520884,7,1.71990171990172,39,9.58230958230958
12B1K,"12",Reinickendorf,1K,B,121K,W,"1","76",0,426,3,423,167,39.4799054373522,90,21.2765957446809,56,13.2387706855792,37,8.74704491725768,31,7.32860520094563,11,2.60047281323877,31,7.32860520094563
12B1L,"12",Reinickendorf,1L,B,121L,W,"1","76",0,326,3,323,122,37.7708978328173,66,20.4334365325077,42,13.0030959752322,27,8.35913312693498,27,8.35913312693498,14,4.3343653250774,25,7.73993808049536
12B1M,"12",Reinickendorf,1M,B,121M,W,"1","76",0,400,2,398,135,33.9195979899498,77,19.3467336683417,61,15.3266331658291,38,9.54773869346734,30,7.53768844221105,17,4.2713567839196,40,10.0502512562814
12B1N,"12",Reinickendorf,1N,B,121N,W,"1","76",0,333,3,329,121,36.7781155015198,52,15.8054711246201,41,12.4620060790274,29,8.81458966565349,33,10.0303951367781,16,4.86322188449848,37,11.2462006079027
12B1P,"12",Reinickendorf,1P,B,121P,W,"1","76",0,304,0,303,86,28.3828382838284,58,19.1419141914191,47,15.5115511551155,34,11.2211221122112,26,8.58085808580858,16,5.28052805280528,36,11.8811881188119
12B1Q,"12",Reinickendorf,1Q,B,121Q,W,"1","76",0,224,1,222,80,36.036036036036,43,19.3693693693694,34,15.3153153153153,20,9.00900900900901,16,7.20720720720721,9,4.05405405405405,20,9.00900900900901
12B1R,"12",Reinickendorf,1R,B,121R,W,"1","76",0,201,1,199,85,42.713567839196,47,23.6180904522613,19,9.54773869346734,16,8.04020100502512,20,10.0502512562814,3,1.50753768844221,9,4.52261306532663
12B2A,"12",Reinickendorf,2A,B,122A,W,"2","76",0,540,4,536,221,41.2313432835821,119,22.2014925373134,54,10.0746268656716,16,2.98507462686567,47,8.76865671641791,20,3.73134328358209,59,11.0074626865672
12B2B,"12",Reinickendorf,2B,B,122B,W,"2","76",0,350,2,348,140,40.2298850574713,75,21.551724137931,28,8.04597701149425,17,4.88505747126437,30,8.62068965517241,14,4.02298850574713,44,12.6436781609195
12B2C,"12",Reinickendorf,2C,B,122C,W,"2","76",0,275,1,274,106,38.6861313868613,56,20.4379562043796,27,9.85401459854015,13,4.74452554744525,22,8.02919708029197,11,4.01459854014599,39,14.2335766423358
12B2D,"12",Reinickendorf,2D,B,122D,W,"2","76",0,635,3,631,269,42.6307448494453,143,22.662440570523,49,7.76545166402536,28,4.43740095087163,55,8.71632329635499,24,3.80348652931854,63,9.98415213946117
12B2E,"12",Reinickendorf,2E,B,122E,W,"2","76",0,388,1,386,183,47.4093264248705,67,17.3575129533679,39,10.1036269430052,11,2.84974093264249,34,8.80829015544041,22,5.69948186528497,30,7.7720207253886
12B2F,"12",Reinickendorf,2F,B,122F,W,"2","76",0,556,5,550,218,39.6363636363636,125,22.7272727272727,61,11.0909090909091,22,4,54,9.81818181818182,24,4.36363636363636,46,8.36363636363636
12B2G,"12",Reinickendorf,2G,B,122G,W,"2","76",0,218,2,215,72,33.4883720930233,48,22.3255813953488,20,9.30232558139535,10,4.65116279069767,25,11.6279069767442,8,3.72093023255814,32,14.8837209302326
12B2H,"12",Reinickendorf,2H,B,122H,W,"2","76",0,487,4,483,189,39.1304347826087,101,20.9109730848861,38,7.86749482401656,25,5.175983436853,51,10.5590062111801,22,4.55486542443064,57,11.8012422360248
12B2J,"12",Reinickendorf,2J,B,122J,W,"2","76",0,422,3,419,169,40.3341288782816,85,20.2863961813842,31,7.39856801909308,27,6.44391408114559,36,8.59188544152745,20,4.77326968973747,51,12.1718377088305
12B2K,"12",Reinickendorf,2K,B,122K,W,"2","76",0,338,3,335,124,37.0149253731343,79,23.5820895522388,36,10.7462686567164,25,7.46268656716418,29,8.65671641791045,12,3.58208955223881,30,8.95522388059701
12B2L,"12",Reinickendorf,2L,B,122L,W,"2","76",0,317,2,315,111,35.2380952380952,73,23.1746031746032,38,12.0634920634921,19,6.03174603174603,30,9.52380952380952,15,4.76190476190476,29,9.20634920634921
12B2M,"12",Reinickendorf,2M,B,122M,W,"2","76",0,532,3,529,227,42.9111531190926,116,21.9281663516068,50,9.45179584120983,23,4.34782608695652,52,9.82986767485822,21,3.96975425330813,40,7.56143667296786
12B2N,"12",Reinickendorf,2N,B,122N,W,"2","76",0,232,2,230,88,38.2608695652174,44,19.1304347826087,28,12.1739130434783,11,4.78260869565217,25,10.8695652173913,12,5.21739130434783,22,9.56521739130435
12B2P,"12",Reinickendorf,2P,B,122P,W,"2","76",0,264,0,264,117,44.3181818181818,54,20.4545454545455,26,9.84848484848485,11,4.16666666666667,26,9.84848484848485,7,2.65151515151515,23,8.71212121212121
12B2Q,"12",Reinickendorf,2Q,B,122Q,W,"2","76",0,271,0,271,119,43.9114391143911,56,20.6642066420664,28,10.3321033210332,10,3.690036900369,27,9.96309963099631,7,2.5830258302583,24,8.85608856088561
12B2R,"12",Reinickendorf,2R,B,122R,W,"2","76",0,241,1,240,87,36.25,45,18.75,27,11.25,19,7.91666666666667,28,11.6666666666667,9,3.75,25,10.4166666666667
12B2S,"12",Reinickendorf,2S,B,122S,W,"2","76",0,239,1,238,87,36.5546218487395,45,18.9075630252101,27,11.3445378151261,19,7.98319327731092,28,11.7647058823529,9,3.78151260504202,23,9.66386554621849
12B2T,"12",Reinickendorf,2T,B,122T,W,"2","76",0,379,9,370,158,42.7027027027027,73,19.7297297297297,46,12.4324324324324,17,4.59459459459459,32,8.64864864864865,15,4.05405405405405,29,7.83783783783784
12B2U,"12",Reinickendorf,2U,B,122U,W,"2","76",0,265,1,264,113,42.8030303030303,59,22.3484848484848,26,9.84848484848485,12,4.54545454545455,26,9.84848484848485,12,4.54545454545455,16,6.06060606060606
12B3A,"12",Reinickendorf,3A,B,123A,W,"3","76",0,361,2,359,177,49.3036211699164,65,18.1058495821727,40,11.142061281337,6,1.67130919220056,20,5.57103064066852,21,5.84958217270195,30,8.35654596100279
12B3B,"12",Reinickendorf,3B,B,123B,W,"3","76",0,339,3,336,151,44.9404761904762,67,19.9404761904762,33,9.82142857142857,7,2.08333333333333,22,6.54761904761905,15,4.46428571428571,41,12.202380952381
12B3C,"12",Reinickendorf,3C,B,123C,W,"3","76",0,391,4,387,177,45.7364341085271,78,20.1550387596899,39,10.077519379845,8,2.0671834625323,26,6.71834625322997,17,4.39276485788114,42,10.8527131782946
12B3D,"12",Reinickendorf,3D,B,123D,W,"3","76",0,364,1,363,147,40.495867768595,73,20.1101928374656,59,16.2534435261708,15,4.13223140495868,14,3.85674931129477,26,7.16253443526171,29,7.98898071625344
12B3E,"12",Reinickendorf,3E,B,123E,W,"3","76",0,451,4,447,193,43.1767337807606,71,15.8836689038031,53,11.8568232662192,17,3.80313199105145,36,8.05369127516778,36,8.05369127516778,41,9.17225950782998
12B3F,"12",Reinickendorf,3F,B,123F,W,"3","76",0,408,2,406,173,42.6108374384236,77,18.9655172413793,65,16.0098522167488,11,2.70935960591133,20,4.92610837438424,28,6.89655172413793,32,7.88177339901478
12B3G,"12",Reinickendorf,3G,B,123G,W,"3","76",0,379,1,377,170,45.0928381962865,79,20.9549071618037,48,12.7320954907162,8,2.12201591511936,20,5.30503978779841,22,5.83554376657825,30,7.95755968169761
12B3H,"12",Reinickendorf,3H,B,123H,W,"3","76",0,385,1,383,175,45.6919060052219,81,21.1488250652742,50,13.0548302872063,12,3.1331592689295,17,4.43864229765013,23,6.00522193211488,25,6.52741514360313
12B3J,"12",Reinickendorf,3J,B,123J,W,"3","76",0,351,1,349,148,42.4068767908309,71,20.3438395415473,55,15.7593123209169,13,3.72492836676218,14,4.01146131805158,24,6.87679083094556,24,6.87679083094556
12B3K,"12",Reinickendorf,3K,B,123K,W,"3","76",0,425,2,422,201,47.6303317535545,75,17.7725118483412,49,11.6113744075829,6,1.4218009478673,33,7.81990521327014,33,7.81990521327014,25,5.92417061611374
12B3L,"12",Reinickendorf,3L,B,123L,W,"3","76",0,432,2,429,205,47.7855477855478,94,21.9114219114219,48,11.1888111888112,11,2.56410256410256,21,4.89510489510489,22,5.12820512820513,28,6.52680652680653
12B3M,"12",Reinickendorf,3M,B,123M,W,"3","76",0,448,2,445,201,45.1685393258427,97,21.7977528089888,56,12.5842696629213,11,2.47191011235955,23,5.1685393258427,25,5.61797752808989,32,7.19101123595506
12B3N,"12",Reinickendorf,3N,B,123N,W,"3","76",0,421,2,419,202,48.2100238663485,75,17.8997613365155,49,11.6945107398568,6,1.43198090692124,33,7.87589498806683,33,7.87589498806683,21,5.01193317422434
12B3P,"12",Reinickendorf,3P,B,123P,W,"3","76",0,343,1,342,130,38.0116959064327,68,19.8830409356725,55,16.0818713450292,18,5.26315789473684,15,4.3859649122807,24,7.01754385964912,32,9.35672514619883
12B3Q,"12",Reinickendorf,3Q,B,123Q,W,"3","76",0,480,3,477,225,47.1698113207547,114,23.8993710691824,60,12.5786163522013,13,2.72536687631027,26,5.45073375262055,23,4.82180293501048,16,3.35429769392034
12B3R,"12",Reinickendorf,3R,B,123R,W,"3","76",0,243,1,242,93,38.4297520661157,49,20.2479338842975,39,16.1157024793388,12,4.95867768595041,11,4.54545454545455,16,6.61157024793388,22,9.09090909090909
12B3S,"12",Reinickendorf,3S,B,123S,W,"3","76",0,252,1,251,97,38.6454183266932,54,21.5139442231076,38,15.1394422310757,10,3.98406374501992,12,4.7808764940239,16,6.37450199203187,24,9.56175298804781
12B3T,"12",Reinickendorf,3T,B,123T,W,"3","76",0,423,1,422,188,44.5497630331754,88,20.8530805687204,69,16.3507109004739,10,2.3696682464455,20,4.739336492891,21,4.97630331753555,26,6.16113744075829
12B3U,"12",Reinickendorf,3U,B,123U,W,"3","76",0,303,4,299,111,37.123745819398,72,24.0802675585284,23,7.69230769230769,11,3.67892976588629,46,15.3846153846154,10,3.34448160535117,26,8.69565217391304
12B3V,"12",Reinickendorf,3V,B,123V,W,"3","76",0,418,3,415,163,39.2771084337349,96,23.1325301204819,41,9.87951807228916,16,3.85542168674699,44,10.6024096385542,18,4.33734939759036,37,8.91566265060241
12B3W,"12",Reinickendorf,3W,B,123W,W,"3","76",0,445,3,442,174,39.3665158371041,99,22.3981900452489,53,11.9909502262443,17,3.84615384615385,37,8.3710407239819,23,5.20361990950226,39,8.82352941176471
12B3X,"12",Reinickendorf,3X,B,123X,W,"3","76",0,368,0,368,168,45.6521739130435,78,21.195652173913,62,16.8478260869565,9,2.44565217391304,17,4.6195652173913,18,4.89130434782609,16,4.34782608695652
12B3Y,"12",Reinickendorf,3Y,B,123Y,W,"3","76",0,356,2,354,147,41.5254237288136,72,20.3389830508475,70,19.774011299435,13,3.67231638418079,16,4.51977401129944,18,5.08474576271187,18,5.08474576271187
12B3Z,"12",Reinickendorf,3Z,B,123Z,W,"3","76",0,397,1,396,196,49.4949494949495,87,21.969696969697,47,11.8686868686869,9,2.27272727272727,19,4.7979797979798,21,5.3030303030303,17,4.29292929292929
12B3ZA,"12",Reinickendorf,3ZA,B,123ZA,W,"3","76",0,380,1,379,197,51.9788918205805,72,18.9973614775726,49,12.9287598944591,6,1.58311345646438,22,5.80474934036939,26,6.86015831134565,7,1.84696569920844
12B3ZB,"12",Reinickendorf,3ZB,B,123ZB,W,"3","76",0,249,0,249,125,50.2008032128514,57,22.8915662650602,30,12.0481927710843,5,2.00803212851406,13,5.22088353413655,14,5.62248995983936,5,2.00803212851406
12B3ZC,"12",Reinickendorf,3ZC,B,123ZC,W,"3","76",0,314,0,314,131,41.7197452229299,68,21.656050955414,55,17.515923566879,13,4.14012738853503,14,4.45859872611465,20,6.36942675159236,13,4.14012738853503
12B4A,"12",Reinickendorf,4A,B,124A,W,"4","76",0,282,3,279,119,42.6523297491039,55,19.7132616487455,36,12.9032258064516,6,2.1505376344086,22,7.88530465949821,12,4.3010752688172,29,10.3942652329749
12B4B,"12",Reinickendorf,4B,B,124B,W,"4","76",0,397,2,395,161,40.7594936708861,75,18.9873417721519,79,20,8,2.0253164556962,16,4.05063291139241,23,5.82278481012658,33,8.35443037974684
12B4C,"12",Reinickendorf,4C,B,124C,W,"4","76",0,262,1,260,111,42.6923076923077,54,20.7692307692308,32,12.3076923076923,7,2.69230769230769,16,6.15384615384615,12,4.61538461538462,28,10.7692307692308
12B4D,"12",Reinickendorf,4D,B,124D,W,"4","76",0,347,2,344,117,34.0116279069767,76,22.093023255814,21,6.1046511627907,20,5.81395348837209,43,12.5,20,5.81395348837209,47,13.6627906976744
12B4E,"12",Reinickendorf,4E,B,124E,W,"4","76",0,346,2,343,133,38.7755102040816,65,18.9504373177843,49,14.2857142857143,16,4.66472303206997,18,5.24781341107872,20,5.83090379008746,42,12.2448979591837
12B4F,"12",Reinickendorf,4F,B,124F,W,"4","76",0,487,2,484,226,46.6942148760331,91,18.801652892562,55,11.3636363636364,22,4.54545454545455,28,5.78512396694215,20,4.13223140495868,42,8.67768595041322
12B4G,"12",Reinickendorf,4G,B,124G,W,"4","76",0,370,2,367,151,41.1444141689373,73,19.8910081743869,55,14.9863760217984,15,4.08719346049046,21,5.72207084468665,20,5.44959128065395,32,8.71934604904632
12B4H,"12",Reinickendorf,4H,B,124H,W,"4","76",0,581,2,578,263,45.5017301038062,119,20.5882352941176,77,13.3217993079585,18,3.11418685121107,32,5.5363321799308,26,4.49826989619377,43,7.43944636678201
12B4J,"12",Reinickendorf,4J,B,124J,W,"4","76",0,323,2,320,148,46.25,65,20.3125,29,9.0625,10,3.125,21,6.5625,18,5.625,29,9.0625
12B4K,"12",Reinickendorf,4K,B,124K,W,"4","76",0,355,2,352,143,40.625,68,19.3181818181818,52,14.7727272727273,16,4.54545454545455,18,5.11363636363636,19,5.39772727272727,36,10.2272727272727
12B4L,"12",Reinickendorf,4L,B,124L,W,"4","76",0,516,2,513,245,47.7582846003899,98,19.1033138401559,59,11.5009746588694,23,4.48343079922027,30,5.84795321637427,21,4.09356725146199,37,7.21247563352826
12B4M,"12",Reinickendorf,4M,B,124M,W,"4","76",0,348,3,345,135,39.1304347826087,70,20.2898550724638,48,13.9130434782609,12,3.47826086956522,33,9.56521739130435,15,4.34782608695652,32,9.27536231884058
12B4N,"12",Reinickendorf,4N,B,124N,W,"4","76",0,324,1,323,94,29.1021671826625,76,23.5294117647059,54,16.71826625387,17,5.26315789473684,29,8.97832817337461,18,5.57275541795666,35,10.8359133126935
12B4P,"12",Reinickendorf,4P,B,124P,W,"4","76",0,293,2,291,106,36.426116838488,65,22.3367697594502,31,10.6529209621993,11,3.78006872852234,30,10.3092783505155,18,6.18556701030928,30,10.3092783505155
12B4Q,"12",Reinickendorf,4Q,B,124Q,W,"4","76",0,506,6,500,216,43.2,135,27,55,11,12,2.4,25,5,22,4.4,35,7
12B4R,"12",Reinickendorf,4R,B,124R,W,"4","76",0,305,2,303,118,38.9438943894389,62,20.4620462046205,42,13.8613861386139,11,3.63036303630363,28,9.24092409240924,13,4.29042904290429,29,9.57095709570957
12B4S,"12",Reinickendorf,4S,B,124S,W,"4","76",0,336,3,333,160,48.048048048048,68,20.4204204204204,27,8.10810810810811,11,3.3033033033033,19,5.70570570570571,21,6.30630630630631,27,8.10810810810811
12B4T,"12",Reinickendorf,4T,B,124T,W,"4","76",0,261,2,259,95,36.6795366795367,58,22.3938223938224,28,10.8108108108108,10,3.86100386100386,26,10.03861003861,16,6.17760617760618,26,10.03861003861
12B4U,"12",Reinickendorf,4U,B,124U,W,"4","76",0,531,3,528,236,44.6969696969697,98,18.5606060606061,80,15.1515151515152,12,2.27272727272727,44,8.33333333333333,28,5.3030303030303,30,5.68181818181818
12B4V,"12",Reinickendorf,4V,B,124V,W,"4","76",0,252,1,251,111,44.2231075697211,48,19.1235059760956,38,15.1394422310757,5,1.99203187250996,21,8.36653386454183,14,5.57768924302789,14,5.57768924302789
12B4W,"12",Reinickendorf,4W,B,124W,W,"4","76",0,306,4,302,132,43.7086092715232,72,23.841059602649,34,11.2582781456954,4,1.32450331125828,28,9.27152317880795,11,3.64238410596026,21,6.95364238410596
12B4X,"12",Reinickendorf,4X,B,124X,W,"4","76",0,270,1,269,88,32.7137546468402,65,24.1635687732342,45,16.728624535316,13,4.83271375464684,23,8.55018587360595,16,5.94795539033457,19,7.0631970260223
12B4Y,"12",Reinickendorf,4Y,B,124Y,W,"4","76",0,311,2,309,133,43.042071197411,63,20.3883495145631,48,15.5339805825243,13,4.20711974110032,18,5.8252427184466,17,5.50161812297735,17,5.50161812297735
12B4Z,"12",Reinickendorf,4Z,B,124Z,W,"4","76",0,319,2,317,143,45.1104100946372,76,23.9747634069401,37,11.6719242902208,10,3.15457413249211,23,7.25552050473186,16,5.04731861198738,12,3.78548895899054
12B4ZA,"12",Reinickendorf,4ZA,B,124ZA,W,"4","76",0,289,1,288,133,46.1805555555556,64,22.2222222222222,31,10.7638888888889,9,3.125,21,7.29166666666667,13,4.51388888888889,17,5.90277777777778
12B4ZB,"12",Reinickendorf,4ZB,B,124ZB,W,"4","76",0,253,1,252,107,42.4603174603175,53,21.031746031746,35,13.8888888888889,6,2.38095238095238,23,9.12698412698413,15,5.95238095238095,13,5.15873015873016
12B4ZC,"12",Reinickendorf,4ZC,B,124ZC,W,"4","76",0,291,1,290,107,36.8965517241379,69,23.7931034482759,45,15.5172413793103,14,4.82758620689655,23,7.93103448275862,17,5.86206896551724,15,5.17241379310345
12B5A,"12",Reinickendorf,5A,B,125A,W,"5","76",0,263,3,259,116,44.7876447876448,46,17.7606177606178,36,13.8996138996139,4,1.54440154440154,20,7.72200772200772,10,3.86100386100386,27,10.4247104247104
12B5B,"12",Reinickendorf,5B,B,125B,W,"5","76",0,282,1,281,115,40.9252669039146,50,17.7935943060498,27,9.6085409252669,8,2.84697508896797,37,13.1672597864769,15,5.33807829181495,29,10.3202846975089
12B5C,"12",Reinickendorf,5C,B,125C,W,"5","76",0,380,4,376,173,46.0106382978723,68,18.0851063829787,55,14.6276595744681,7,1.86170212765957,27,7.18085106382979,14,3.72340425531915,32,8.51063829787234
12B5D,"12",Reinickendorf,5D,B,125D,W,"5","76",0,422,3,419,195,46.5393794749403,100,23.8663484486874,17,4.05727923627685,12,2.86396181384248,45,10.7398568019093,14,3.34128878281623,36,8.59188544152745
12B5E,"12",Reinickendorf,5E,B,125E,W,"5","76",0,503,3,500,248,49.6,104,20.8,20,4,10,2,59,11.8,17,3.4,42,8.4
12B5F,"12",Reinickendorf,5F,B,125F,W,"5","76",0,546,2,544,242,44.4852941176471,114,20.9558823529412,37,6.80147058823529,15,2.75735294117647,77,14.1544117647059,26,4.77941176470588,33,6.06617647058824
12B5G,"12",Reinickendorf,5G,B,125G,W,"5","76",0,397,1,396,173,43.6868686868687,97,24.4949494949495,15,3.78787878787879,12,3.03030303030303,53,13.3838383838384,16,4.04040404040404,30,7.57575757575758
12B5H,"12",Reinickendorf,5H,B,125H,W,"5","76",0,287,5,282,105,37.2340425531915,77,27.3049645390071,10,3.54609929078014,9,3.19148936170213,31,10.9929078014184,8,2.83687943262411,42,14.8936170212766
12B5J,"12",Reinickendorf,5J,B,125J,W,"5","76",0,470,3,467,215,46.0385438972163,113,24.1970021413276,25,5.35331905781585,19,4.06852248394004,33,7.06638115631692,20,4.28265524625268,42,8.99357601713062
12B5K,"12",Reinickendorf,5K,B,125K,W,"5","76",0,373,2,371,181,48.7870619946092,80,21.5633423180593,20,5.39083557951483,15,4.04312668463612,37,9.97304582210243,15,4.04312668463612,23,6.19946091644205
12B5L,"12",Reinickendorf,5L,B,125L,W,"5","76",0,416,5,411,197,47.9318734793187,87,21.1678832116788,18,4.37956204379562,10,2.4330900243309,48,11.6788321167883,15,3.64963503649635,36,8.75912408759124
12B5M,"12",Reinickendorf,5M,B,125M,W,"5","76",0,447,2,445,211,47.4157303370787,104,23.3707865168539,24,5.39325842696629,20,4.49438202247191,37,8.31460674157303,19,4.26966292134831,30,6.74157303370786
12B5N,"12",Reinickendorf,5N,B,125N,W,"5","76",0,207,1,206,97,47.0873786407767,47,22.8155339805825,11,5.33980582524272,12,5.8252427184466,20,9.70873786407767,9,4.36893203883495,10,4.85436893203883
12B5P,"12",Reinickendorf,5P,B,125P,W,"5","76",0,349,3,346,166,47.9768786127168,67,19.364161849711,50,14.4508670520231,7,2.02312138728324,29,8.38150289017341,13,3.75722543352601,14,4.04624277456647
12B5Q,"12",Reinickendorf,5Q,B,125Q,W,"5","76",0,94,0,94,43,45.7446808510638,26,27.6595744680851,3,3.19148936170213,2,2.12765957446809,13,13.8297872340426,3,3.19148936170213,4,4.25531914893617
12B6A,"12",Reinickendorf,6A,B,126A,W,"6","76",0,375,1,373,184,49.3297587131367,59,15.8176943699732,52,13.941018766756,9,2.41286863270777,12,3.2171581769437,24,6.4343163538874,33,8.84718498659517
12B6B,"12",Reinickendorf,6B,B,126B,W,"6","76",0,318,1,316,167,52.8481012658228,40,12.6582278481013,44,13.9240506329114,6,1.89873417721519,7,2.21518987341772,22,6.9620253164557,30,9.49367088607595
12B6C,"12",Reinickendorf,6C,B,126C,W,"6","76",0,385,1,383,176,45.9530026109661,76,19.8433420365535,44,11.4882506527415,10,2.61096605744125,31,8.09399477806789,11,2.87206266318538,35,9.13838120104439
12B6D,"12",Reinickendorf,6D,B,126D,W,"6","76",0,402,1,401,189,47.1321695760599,70,17.4563591022444,62,15.4613466334165,12,2.9925187032419,12,2.9925187032419,33,8.22942643391521,23,5.7356608478803
12B6E,"12",Reinickendorf,6E,B,126E,W,"6","76",0,345,2,343,172,50.1457725947522,61,17.7842565597668,49,14.2857142857143,9,2.62390670553936,14,4.08163265306122,18,5.24781341107872,20,5.83090379008746
12B6F,"12",Reinickendorf,6F,B,126F,W,"6","76",0,368,1,367,162,44.141689373297,62,16.8937329700272,56,15.2588555858311,14,3.81471389645777,10,2.72479564032698,32,8.71934604904632,31,8.44686648501362
12B6G,"12",Reinickendorf,6G,B,126G,W,"6","76",0,350,1,349,183,52.4355300859599,56,16.0458452722063,31,8.88252148997135,20,5.73065902578797,12,3.43839541547278,31,8.88252148997135,16,4.58452722063037
12B6H,"12",Reinickendorf,6H,B,126H,W,"6","76",0,345,2,343,171,49.8542274052478,61,17.7842565597668,48,13.9941690962099,8,2.33236151603499,14,4.08163265306122,23,6.70553935860058,18,5.24781341107872
12B6J,"12",Reinickendorf,6J,B,126J,W,"6","76",0,476,5,471,222,47.1337579617834,79,16.7728237791932,79,16.7728237791932,8,1.69851380042463,22,4.67091295116773,32,6.79405520169851,29,6.15711252653928
12B6K,"12",Reinickendorf,6K,B,126K,W,"6","76",0,351,1,350,168,48,58,16.5714285714286,41,11.7142857142857,14,4,18,5.14285714285714,32,9.14285714285714,19,5.42857142857143
12B6L,"12",Reinickendorf,6L,B,126L,W,"6","76",0,335,3,332,166,50,65,19.578313253012,41,12.3493975903614,8,2.40963855421687,15,4.51807228915663,24,7.2289156626506,13,3.91566265060241
12B6M,"12",Reinickendorf,6M,B,126M,W,"6","76",0,380,2,378,160,42.3280423280423,87,23.015873015873,39,10.3174603174603,10,2.64550264550265,26,6.87830687830688,34,8.99470899470899,22,5.82010582010582
12B6N,"12",Reinickendorf,6N,B,126N,W,"6","76",0,398,1,397,193,48.6146095717884,67,16.8765743073048,47,11.8387909319899,15,3.77833753148615,20,5.03778337531486,37,9.31989924433249,18,4.53400503778338
12B6P,"12",Reinickendorf,6P,B,126P,W,"6","76",0,279,0,279,125,44.8028673835125,54,19.3548387096774,42,15.0537634408602,9,3.2258064516129,10,3.584229390681,21,7.52688172043011,18,6.45161290322581
12B6Q,"12",Reinickendorf,6Q,B,126Q,W,"6","76",0,342,1,341,168,49.266862170088,63,18.475073313783,47,13.782991202346,9,2.63929618768328,17,4.98533724340176,21,6.158357771261,16,4.69208211143695
12B6R,"12",Reinickendorf,6R,B,126R,W,"6","76",0,381,0,381,177,46.4566929133858,71,18.6351706036745,63,16.5354330708661,11,2.88713910761155,20,5.249343832021,30,7.8740157480315,9,2.36220472440945
12B6S,"12",Reinickendorf,6S,B,126S,W,"6","76",0,246,2,244,113,46.3114754098361,46,18.8524590163934,40,16.3934426229508,10,4.0983606557377,6,2.45901639344262,19,7.78688524590164,10,4.0983606557377
12B6T,"12",Reinickendorf,6T,B,126T,W,"6","76",0,380,1,379,178,46.9656992084433,75,19.7889182058047,64,16.8865435356201,16,4.22163588390501,17,4.48548812664908,13,3.43007915567282,16,4.22163588390501
12B6U,"12",Reinickendorf,6U,B,126U,W,"6","76",0,301,1,300,131,43.6666666666667,54,18,63,21,12,4,14,4.66666666666667,20,6.66666666666667,6,2
12B6V,"12",Reinickendorf,6V,B,126V,W,"6","76",0,388,2,386,179,46.3730569948187,80,20.7253886010363,51,13.2124352331606,9,2.33160621761658,14,3.62694300518135,31,8.03108808290155,22,5.69948186528497
12B6W,"12",Reinickendorf,6W,B,126W,W,"6","76",0,300,3,297,136,45.7912457912458,62,20.8754208754209,44,14.8148148148148,12,4.04040404040404,16,5.38720538720539,18,6.06060606060606,9,3.03030303030303
12B6X,"12",Reinickendorf,6X,B,126X,W,"6","76",0,426,1,425,200,47.0588235294118,99,23.2941176470588,43,10.1176470588235,14,3.29411764705882,26,6.11764705882353,20,4.70588235294118,23,5.41176470588235
12B6Y,"12",Reinickendorf,6Y,B,126Y,W,"6","76",0,276,2,274,127,46.3503649635037,58,21.1678832116788,41,14.963503649635,11,4.01459854014599,15,5.47445255474453,16,5.83941605839416,6,2.18978102189781
12B6Z,"12",Reinickendorf,6Z,B,126Z,W,"6","76",0,301,2,299,151,50.5016722408027,62,20.7357859531773,40,13.3779264214047,7,2.34113712374582,17,5.68561872909699,10,3.34448160535117,12,4.0133779264214
12B6ZA,"12",Reinickendorf,6ZA,B,126ZA,W,"6","76",0,427,4,423,154,36.4066193853428,108,25.531914893617,65,15.3664302600473,19,4.49172576832151,26,6.14657210401891,19,4.49172576832151,32,7.56501182033097
12B6ZB,"12",Reinickendorf,6ZB,B,126ZB,W,"6","76",0,418,1,417,203,48.6810551558753,76,18.2254196642686,57,13.6690647482014,13,3.11750599520384,10,2.39808153477218,41,9.83213429256595,17,4.07673860911271
12B6ZC,"12",Reinickendorf,6ZC,B,126ZC,W,"6","76",0,276,1,275,118,42.9090909090909,55,20,59,21.4545454545455,5,1.81818181818182,11,4,18,6.54545454545455,9,3.27272727272727
12B6ZD,"12",Reinickendorf,6ZD,B,126ZD,W,"6","76",0,173,1,172,74,43.0232558139535,35,20.3488372093023,38,22.093023255814,3,1.74418604651163,7,4.06976744186047,11,6.3953488372093,4,2.32558139534884
12B6ZE,"12",Reinickendorf,6ZE,B,126ZE,W,"6","76",0,275,1,274,127,46.3503649635037,54,19.7080291970803,44,16.0583941605839,10,3.64963503649635,8,2.91970802919708,22,8.02919708029197,9,3.28467153284672
12B6ZF,"12",Reinickendorf,6ZF,B,126ZF,W,"6","76",0,303,1,302,150,49.6688741721854,59,19.5364238410596,44,14.5695364238411,11,3.64238410596026,14,4.63576158940397,13,4.3046357615894,11,3.64238410596026
12W101,"12",Reinickendorf,"101",W,121A,W,"1","76",1047,330,1,328,102,31.0975609756098,68,20.7317073170732,42,12.8048780487805,15,4.57317073170732,45,13.719512195122,11,3.35365853658537,45,13.719512195122
12W102,"12",Reinickendorf,"102",W,121A,W,"1","76",910,268,6,261,85,32.5670498084291,37,14.176245210728,38,14.5593869731801,16,6.13026819923372,39,14.9425287356322,8,3.06513409961686,38,14.5593869731801
12W103,"12",Reinickendorf,"103",W,121B,W,"1","76",768,231,1,230,78,33.9130434782609,38,16.5217391304348,24,10.4347826086957,17,7.39130434782609,33,14.3478260869565,9,3.91304347826087,31,13.4782608695652
12W104,"12",Reinickendorf,"104",W,121B,W,"1","76",835,284,2,282,87,30.8510638297872,55,19.5035460992908,42,14.8936170212766,22,7.80141843971631,39,13.8297872340426,5,1.77304964539007,32,11.3475177304965
12W105,"12",Reinickendorf,"105",W,121C,W,"1","76",962,232,5,227,52,22.9074889867841,42,18.5022026431718,39,17.1806167400881,29,12.7753303964758,36,15.8590308370044,9,3.9647577092511,20,8.81057268722467
12W106,"12",Reinickendorf,"106",W,121L,W,"1","76",1041,320,6,313,98,31.3099041533546,59,18.8498402555911,44,14.0575079872204,28,8.94568690095847,33,10.5431309904153,12,3.83386581469649,39,12.4600638977636
12W107,"12",Reinickendorf,"107",W,121D,W,"1","76",857,344,7,337,133,39.4658753709199,69,20.4747774480712,20,5.93471810089021,13,3.85756676557863,54,16.0237388724036,7,2.07715133531157,41,12.1661721068249
12W108,"12",Reinickendorf,"108",W,121D,W,"1","76",1072,409,5,403,182,45.1612903225806,79,19.6029776674938,31,7.69230769230769,18,4.46650124069479,46,11.4143920595534,5,1.24069478908189,42,10.4218362282878
12W109,"12",Reinickendorf,"109",W,121E,W,"1","76",906,229,2,226,65,28.7610619469027,39,17.2566371681416,24,10.6194690265487,18,7.9646017699115,42,18.5840707964602,8,3.53982300884956,30,13.2743362831858
12W110,"12",Reinickendorf,"110",W,121E,W,"1","76",1082,280,3,276,90,32.6086956521739,39,14.1304347826087,28,10.1449275362319,25,9.05797101449275,55,19.9275362318841,7,2.53623188405797,32,11.5942028985507
12W111,"12",Reinickendorf,"111",W,121F,W,"1","76",978,299,5,294,64,21.7687074829932,50,17.0068027210884,45,15.3061224489796,43,14.6258503401361,46,15.6462585034014,11,3.74149659863946,35,11.9047619047619
12W112,"12",Reinickendorf,"112",W,121G,W,"1","76",862,267,3,264,97,36.7424242424242,54,20.4545454545455,28,10.6060606060606,16,6.06060606060606,28,10.6060606060606,7,2.65151515151515,34,12.8787878787879
12W113,"12",Reinickendorf,"113",W,121H,W,"1","76",713,220,4,216,83,38.4259259259259,38,17.5925925925926,23,10.6481481481481,14,6.48148148148148,32,14.8148148148148,9,4.16666666666667,17,7.87037037037037
12W114,"12",Reinickendorf,"114",W,121H,W,"1","76",887,237,4,233,79,33.9055793991416,45,19.31330472103,21,9.01287553648069,14,6.00858369098712,37,15.8798283261803,7,3.00429184549356,30,12.8755364806867
12W115,"12",Reinickendorf,"115",W,121J,W,"1","76",990,282,5,277,72,25.9927797833935,63,22.7436823104693,36,12.9963898916967,19,6.85920577617329,47,16.9675090252708,11,3.97111913357401,29,10.4693140794224
12W116,"12",Reinickendorf,"116",W,121C,W,"1","76",1075,341,7,334,105,31.437125748503,68,20.3592814371257,48,14.3712574850299,31,9.2814371257485,47,14.0718562874251,7,2.09580838323353,28,8.38323353293413
12W117,"12",Reinickendorf,"117",W,121J,W,"1","76",1067,288,2,286,96,33.5664335664336,59,20.6293706293706,33,11.5384615384615,27,9.44055944055944,26,9.09090909090909,7,2.44755244755245,38,13.2867132867133
12W118,"12",Reinickendorf,"118",W,121K,W,"1","76",1091,277,6,271,81,29.8892988929889,65,23.9852398523985,25,9.22509225092251,22,8.11808118081181,34,12.5461254612546,11,4.0590405904059,33,12.1771217712177
12W119,"12",Reinickendorf,"119",W,121L,W,"1","76",793,239,4,235,62,26.3829787234043,46,19.5744680851064,26,11.063829787234,33,14.0425531914894,33,14.0425531914894,7,2.97872340425532,28,11.9148936170213
12W120,"12",Reinickendorf,"120",W,121N,W,"1","76",950,297,4,293,105,35.8361774744027,43,14.6757679180887,37,12.6279863481229,23,7.84982935153584,43,14.6757679180887,8,2.73037542662116,34,11.6040955631399
12W121,"12",Reinickendorf,"121",W,121M,W,"1","76",1074,307,6,301,99,32.890365448505,56,18.6046511627907,43,14.2857142857143,25,8.30564784053156,38,12.624584717608,11,3.65448504983389,29,9.63455149501661
12W122,"12",Reinickendorf,"122",W,121K,W,"1","76",1067,308,5,303,84,27.7227722772277,75,24.7524752475248,37,12.2112211221122,38,12.5412541254125,31,10.2310231023102,6,1.98019801980198,32,10.5610561056106
12W123,"12",Reinickendorf,"123",W,121F,W,"1","76",1076,264,7,257,96,37.3540856031128,53,20.6225680933852,18,7.00389105058366,17,6.6147859922179,39,15.1750972762646,8,3.11284046692607,26,10.1167315175097
12W124,"12",Reinickendorf,"124",W,121P,W,"1","76",1059,271,2,269,97,36.0594795539033,43,15.9851301115242,32,11.8959107806691,29,10.7806691449814,44,16.3568773234201,5,1.85873605947955,19,7.0631970260223
12W125,"12",Reinickendorf,"125",W,121P,W,"1","76",748,215,3,212,71,33.4905660377358,39,18.3962264150943,33,15.5660377358491,23,10.8490566037736,24,11.3207547169811,7,3.30188679245283,15,7.07547169811321
12W126,"12",Reinickendorf,"126",W,121Q,W,"1","76",1045,303,4,299,88,29.4314381270903,51,17.056856187291,47,15.7190635451505,42,14.0468227424749,38,12.7090301003344,12,4.0133779264214,21,7.02341137123746
12W127,"12",Reinickendorf,"127",W,121M,W,"1","76",939,251,2,249,84,33.7349397590361,43,17.2690763052209,36,14.4578313253012,31,12.4497991967871,35,14.0562248995984,7,2.81124497991968,13,5.22088353413655
12W128,"12",Reinickendorf,"128",W,121N,W,"1","76",759,213,2,211,69,32.7014218009479,39,18.4834123222749,26,12.3222748815166,26,12.3222748815166,32,15.1658767772512,5,2.3696682464455,14,6.63507109004739
12W129,"12",Reinickendorf,"129",W,121R,W,"1","76",1080,265,3,262,93,35.4961832061069,51,19.4656488549618,26,9.9236641221374,17,6.48854961832061,45,17.175572519084,7,2.67175572519084,23,8.77862595419847
12W201,"12",Reinickendorf,"201",W,122A,W,"2","76",1054,350,1,349,128,36.676217765043,65,18.6246418338109,27,7.73638968481375,24,6.87679083094556,61,17.4785100286533,12,3.43839541547278,32,9.16905444126074
12W202,"12",Reinickendorf,"202",W,122B,W,"2","76",1125,322,4,318,133,41.8238993710692,60,18.8679245283019,21,6.60377358490566,13,4.08805031446541,40,12.5786163522013,11,3.45911949685535,40,12.5786163522013
12W203,"12",Reinickendorf,"203",W,122E,W,"2","76",1055,421,9,411,157,38.1995133819951,91,22.1411192214112,42,10.2189781021898,19,4.62287104622871,34,8.27250608272506,29,7.05596107055961,39,9.48905109489051
12W204,"12",Reinickendorf,"204",W,122F,W,"2","76",1020,399,5,393,176,44.7837150127226,64,16.2849872773537,42,10.6870229007634,13,3.30788804071247,36,9.16030534351145,26,6.61577608142494,36,9.16030534351145
12W205,"12",Reinickendorf,"205",W,122F,W,"2","76",1056,378,5,372,131,35.2150537634409,76,20.4301075268817,56,15.0537634408602,14,3.76344086021505,34,9.13978494623656,17,4.56989247311828,44,11.8279569892473
12W206,"12",Reinickendorf,"206",W,122G,W,"2","76",888,255,3,251,85,33.8645418326693,53,21.1155378486056,35,13.9442231075697,13,5.1792828685259,21,8.36653386454183,8,3.18725099601594,36,14.3426294820717
12W207,"12",Reinickendorf,"207",W,122H,W,"2","76",1063,338,11,326,116,35.5828220858896,63,19.3251533742331,26,7.97546012269939,20,6.13496932515337,52,15.9509202453988,11,3.37423312883436,38,11.6564417177914
12W208,"12",Reinickendorf,"208",W,122H,W,"2","76",1033,282,7,274,85,31.021897810219,65,23.7226277372263,13,4.74452554744525,28,10.2189781021898,49,17.8832116788321,7,2.55474452554745,27,9.85401459854015
12W209,"12",Reinickendorf,"209",W,122J,W,"2","76",1042,264,4,259,87,33.5907335907336,38,14.6718146718147,28,10.8108108108108,16,6.17760617760618,47,18.1467181467181,9,3.47490347490348,34,13.1274131274131
12W210,"12",Reinickendorf,"210",W,122D,W,"2","76",1016,282,5,276,97,35.1449275362319,51,18.4782608695652,20,7.2463768115942,22,7.97101449275362,48,17.3913043478261,8,2.89855072463768,30,10.8695652173913
12W211,"12",Reinickendorf,"211",W,122D,W,"2","76",977,306,4,301,107,35.5481727574751,54,17.9401993355482,20,6.64451827242525,19,6.31229235880399,59,19.6013289036545,11,3.65448504983389,31,10.2990033222591
12W212,"12",Reinickendorf,"212",W,122M,W,"2","76",967,256,2,253,102,40.3162055335968,52,20.5533596837945,8,3.16205533596838,16,6.32411067193676,48,18.9723320158103,7,2.76679841897233,20,7.90513833992095
12W213,"12",Reinickendorf,"213",W,122M,W,"2","76",995,321,5,315,108,34.2857142857143,56,17.7777777777778,26,8.25396825396825,15,4.76190476190476,58,18.4126984126984,10,3.17460317460317,42,13.3333333333333
12W214,"12",Reinickendorf,"214",W,122N,W,"2","76",967,302,5,296,116,39.1891891891892,56,18.9189189189189,17,5.74324324324324,14,4.72972972972973,61,20.6081081081081,11,3.71621621621622,21,7.09459459459459
12W215,"12",Reinickendorf,"215",W,122Q,W,"2","76",1046,326,5,320,108,33.75,79,24.6875,18,5.625,16,5,59,18.4375,12,3.75,28,8.75
12W216,"12",Reinickendorf,"216",W,122J,W,"2","76",1043,311,3,308,99,32.1428571428571,57,18.5064935064935,38,12.3376623376623,23,7.46753246753247,43,13.961038961039,10,3.24675324675325,38,12.3376623376623
12W217,"12",Reinickendorf,"217",W,122R,W,"2","76",1050,306,6,300,90,30,51,17,45,15,22,7.33333333333333,55,18.3333333333333,15,5,22,7.33333333333333
12W218,"12",Reinickendorf,"218",W,122T,W,"2","76",953,198,1,197,56,28.4263959390863,44,22.3350253807107,17,8.62944162436548,14,7.10659898477157,43,21.8274111675127,5,2.53807106598985,18,9.13705583756345
12W219,"12",Reinickendorf,"219",W,122T,W,"2","76",986,318,9,309,121,39.1585760517799,56,18.1229773462783,27,8.7378640776699,14,4.53074433656958,43,13.915857605178,13,4.20711974110032,35,11.3268608414239
12W220,"12",Reinickendorf,"220",W,122K,W,"2","76",833,189,2,187,44,23.5294117647059,33,17.6470588235294,22,11.7647058823529,20,10.6951871657754,43,22.9946524064171,8,4.27807486631016,17,9.09090909090909
12W221,"12",Reinickendorf,"221",W,122S,W,"2","76",1049,267,5,262,78,29.7709923664122,58,22.1374045801527,29,11.0687022900763,14,5.34351145038168,52,19.8473282442748,9,3.43511450381679,22,8.3969465648855
12W222,"12",Reinickendorf,"222",W,122L,W,"2","76",873,237,2,235,62,26.3829787234043,41,17.4468085106383,29,12.3404255319149,29,12.3404255319149,40,17.0212765957447,7,2.97872340425532,27,11.4893617021277
12W223,"12",Reinickendorf,"223",W,122L,W,"2","76",561,267,8,259,112,43.2432432432432,66,25.4826254826255,20,7.72200772200772,6,2.31660231660232,30,11.5830115830116,8,3.08880308880309,17,6.56370656370656
12W224,"12",Reinickendorf,"224",W,122L,W,"2","76",320,134,1,133,57,42.8571428571429,26,19.5488721804511,11,8.27067669172932,4,3.00751879699248,20,15.0375939849624,9,6.76691729323308,6,4.51127819548872
12W225,"12",Reinickendorf,"225",W,122C,W,"2","76",1095,292,9,282,96,34.0425531914894,66,23.4042553191489,37,13.1205673758865,10,3.54609929078014,35,12.4113475177305,9,3.19148936170213,29,10.2836879432624
12W226,"12",Reinickendorf,"226",W,122P,W,"2","76",1048,291,4,287,108,37.6306620209059,64,22.2996515679443,18,6.27177700348432,10,3.48432055749129,60,20.9059233449477,11,3.83275261324042,16,5.57491289198606
12W227,"12",Reinickendorf,"227",W,122K,W,"2","76",1052,245,1,244,66,27.0491803278689,46,18.8524590163934,32,13.1147540983607,25,10.2459016393443,51,20.9016393442623,9,3.68852459016393,15,6.14754098360656
12W228,"12",Reinickendorf,"228",W,122A,W,"2","76",937,366,4,362,161,44.475138121547,71,19.6132596685083,36,9.94475138121547,20,5.52486187845304,43,11.878453038674,8,2.20994475138122,23,6.353591160221
12W229,"12",Reinickendorf,"229",W,122U,W,"2","76",1035,275,2,273,114,41.7582417582418,55,20.1465201465201,15,5.49450549450549,16,5.86080586080586,57,20.8791208791209,7,2.56410256410256,9,3.2967032967033
12W301,"12",Reinickendorf,"301",W,123A,W,"3","76",968,440,3,436,181,41.5137614678899,86,19.7247706422018,55,12.6146788990826,9,2.06422018348624,37,8.48623853211009,27,6.19266055045872,41,9.40366972477064
12W302,"12",Reinickendorf,"302",W,123B,W,"3","76",910,394,2,391,148,37.8516624040921,72,18.4143222506394,63,16.1125319693095,14,3.58056265984655,32,8.18414322250639,23,5.88235294117647,39,9.97442455242967
12W303,"12",Reinickendorf,"303",W,123C,W,"3","76",1065,445,5,439,177,40.3189066059225,77,17.5398633257403,47,10.7061503416856,13,2.96127562642369,57,12.9840546697039,25,5.69476082004556,43,9.79498861047836
12W304,"12",Reinickendorf,"304",W,123D,W,"3","76",1064,427,1,425,153,36,85,20,57,13.4117647058824,18,4.23529411764706,36,8.47058823529412,40,9.41176470588235,36,8.47058823529412
12W305,"12",Reinickendorf,"305",W,123E,W,"3","76",1040,392,2,389,170,43.7017994858612,75,19.280205655527,45,11.5681233933162,8,2.05655526992288,32,8.22622107969152,25,6.426735218509,34,8.74035989717224
12W306,"12",Reinickendorf,"306",W,123F,W,"3","76",1097,474,1,472,175,37.0762711864407,98,20.7627118644068,59,12.5,11,2.33050847457627,47,9.95762711864407,40,8.47457627118644,42,8.89830508474576
12W307,"12",Reinickendorf,"307",W,123G,W,"3","76",920,374,2,371,155,41.7789757412399,71,19.1374663072776,48,12.9380053908356,9,2.42587601078167,35,9.43396226415094,21,5.66037735849057,32,8.62533692722372
12W308,"12",Reinickendorf,"308",W,123H,W,"3","76",1018,390,3,386,151,39.119170984456,77,19.9481865284974,55,14.2487046632124,15,3.8860103626943,34,8.80829015544041,22,5.69948186528497,32,8.29015544041451
12W309,"12",Reinickendorf,"309",W,123J,W,"3","76",1031,361,3,357,140,39.2156862745098,73,20.4481792717087,44,12.3249299719888,14,3.92156862745098,32,8.96358543417367,22,6.1624649859944,32,8.96358543417367
12W310,"12",Reinickendorf,"310",W,123K,W,"3","76",1133,456,2,453,194,42.8256070640177,79,17.439293598234,63,13.9072847682119,18,3.97350993377483,41,9.05077262693157,29,6.40176600441501,29,6.40176600441501
12W311,"12",Reinickendorf,"311",W,123L,W,"3","76",1055,382,2,379,147,38.7862796833773,87,22.9551451187335,48,12.664907651715,11,2.9023746701847,40,10.5540897097625,21,5.54089709762533,25,6.59630606860158
12W312,"12",Reinickendorf,"312",W,123M,W,"3","76",1078,386,1,384,160,41.6666666666667,68,17.7083333333333,52,13.5416666666667,13,3.38541666666667,43,11.1979166666667,25,6.51041666666667,23,5.98958333333333
12W313,"12",Reinickendorf,"313",W,123N,W,"3","76",1139,482,3,478,202,42.2594142259414,94,19.6652719665272,73,15.2719665271967,17,3.55648535564854,33,6.90376569037657,31,6.48535564853557,28,5.85774058577406
12W314,"12",Reinickendorf,"314",W,123P,W,"3","76",1063,408,4,403,164,40.6947890818859,94,23.3250620347395,48,11.9106699751861,17,4.21836228287841,25,6.20347394540943,20,4.96277915632754,35,8.6848635235732
12W315,"12",Reinickendorf,"315",W,123Q,W,"3","76",1174,454,4,449,200,44.543429844098,94,20.9354120267261,43,9.57683741648107,10,2.2271714922049,45,10.022271714922,31,6.90423162583519,26,5.79064587973274
12W316,"12",Reinickendorf,"316",W,123R,W,"3","76",782,278,3,274,83,30.2919708029197,59,21.5328467153285,45,16.4233576642336,22,8.02919708029197,29,10.5839416058394,14,5.10948905109489,22,8.02919708029197
12W317,"12",Reinickendorf,"317",W,123S,W,"3","76",1001,343,1,341,119,34.8973607038123,88,25.8064516129032,42,12.316715542522,17,4.98533724340176,40,11.7302052785924,15,4.39882697947214,20,5.86510263929619
12W318,"12",Reinickendorf,"318",W,123T,W,"3","76",1177,496,5,490,194,39.5918367346939,78,15.9183673469388,81,16.530612244898,25,5.10204081632653,31,6.3265306122449,46,9.38775510204082,35,7.14285714285714
12W319,"12",Reinickendorf,"319",W,123U,W,"3","76",1088,342,5,336,125,37.202380952381,80,23.8095238095238,18,5.35714285714286,16,4.76190476190476,56,16.6666666666667,14,4.16666666666667,27,8.03571428571429
12W320,"12",Reinickendorf,"320",W,123V,W,"3","76",1019,288,6,281,102,36.2989323843416,57,20.2846975088968,22,7.82918149466192,16,5.69395017793594,47,16.7259786476868,7,2.49110320284698,30,10.6761565836299
12W321,"12",Reinickendorf,"321",W,123W,W,"3","76",887,297,5,291,100,34.3642611683849,60,20.6185567010309,24,8.24742268041237,17,5.84192439862543,45,15.4639175257732,16,5.49828178694158,29,9.96563573883162
12W322,"12",Reinickendorf,"322",W,123W,W,"3","76",1113,355,4,350,110,31.4285714285714,75,21.4285714285714,40,11.4285714285714,26,7.42857142857143,60,17.1428571428571,15,4.28571428571429,24,6.85714285714286
12W323,"12",Reinickendorf,"323",W,123X,W,"3","76",1064,469,3,465,197,42.3655913978495,98,21.0752688172043,43,9.24731182795699,16,3.44086021505376,53,11.3978494623656,24,5.16129032258065,34,7.31182795698925
12W324,"12",Reinickendorf,"324",W,123U,W,"3","76",250,111,2,108,44,40.7407407407407,28,25.9259259259259,13,12.037037037037,6,5.55555555555556,6,5.55555555555556,6,5.55555555555556,5,4.62962962962963
12W325,"12",Reinickendorf,"325",W,123Y,W,"3","76",990,326,2,323,113,34.984520123839,87,26.9349845201238,43,13.312693498452,14,4.3343653250774,37,11.4551083591331,10,3.09597523219814,19,5.88235294117647
12W326,"12",Reinickendorf,"326",W,123Z,W,"3","76",1028,402,2,399,163,40.8521303258145,85,21.3032581453634,59,14.7869674185464,12,3.00751879699248,38,9.52380952380952,24,6.01503759398496,18,4.51127819548872
12W327,"12",Reinickendorf,"327",W,123ZA,W,"3","76",1055,429,2,426,196,46.0093896713615,91,21.3615023474178,51,11.9718309859155,6,1.40845070422535,38,8.92018779342723,29,6.8075117370892,15,3.52112676056338
12W328,"12",Reinickendorf,"328",W,123ZB,W,"3","76",665,241,0,241,105,43.5684647302905,54,22.4066390041494,32,13.2780082987552,6,2.4896265560166,24,9.95850622406639,14,5.80912863070539,6,2.4896265560166
12W329,"12",Reinickendorf,"329",W,123V,W,"3","76",958,276,4,272,97,35.6617647058824,57,20.9558823529412,26,9.55882352941176,16,5.88235294117647,47,17.2794117647059,11,4.04411764705882,18,6.61764705882353
12W330,"12",Reinickendorf,"330",W,123ZC,W,"3","76",1083,356,1,355,118,33.2394366197183,87,24.5070422535211,57,16.056338028169,24,6.76056338028169,40,11.2676056338028,16,4.50704225352113,13,3.66197183098592
12W401,"12",Reinickendorf,"401",W,124A,W,"4","76",1030,342,3,338,137,40.5325443786982,63,18.6390532544379,26,7.69230769230769,16,4.73372781065089,36,10.6508875739645,14,4.14201183431953,46,13.6094674556213
12W402,"12",Reinickendorf,"402",W,124B,W,"4","76",1143,408,3,404,143,35.3960396039604,70,17.3267326732673,62,15.3465346534653,26,6.43564356435644,44,10.8910891089109,16,3.96039603960396,43,10.6435643564356
12W403,"12",Reinickendorf,"403",W,124C,W,"4","76",915,300,2,297,106,35.6902356902357,57,19.1919191919192,37,12.4579124579125,15,5.05050505050505,37,12.4579124579125,13,4.37710437710438,32,10.7744107744108
12W404,"12",Reinickendorf,"404",W,124D,W,"4","76",1022,279,8,270,90,33.3333333333333,50,18.5185185185185,19,7.03703703703704,10,3.7037037037037,50,18.5185185185185,13,4.81481481481481,38,14.0740740740741
12W405,"12",Reinickendorf,"405",W,124D,W,"4","76",1044,341,3,337,103,30.5637982195846,67,19.8813056379822,30,8.90207715133531,18,5.34124629080119,61,18.1008902077151,9,2.67062314540059,49,14.540059347181
12W406,"12",Reinickendorf,"406",W,124E,W,"4","76",1157,418,4,413,133,32.2033898305085,87,21.0653753026634,53,12.8329297820823,28,6.77966101694915,41,9.9273607748184,20,4.84261501210654,51,12.3486682808717
12W407,"12",Reinickendorf,"407",W,124F,W,"4","76",1169,459,1,457,153,33.4792122538293,100,21.8818380743982,74,16.1925601750547,23,5.0328227571116,43,9.40919037199125,22,4.81400437636762,42,9.19037199124726
12W408,"12",Reinickendorf,"408",W,124G,W,"4","76",1197,521,2,518,196,37.8378378378378,107,20.6563706563707,80,15.4440154440154,27,5.21235521235521,38,7.33590733590734,26,5.01930501930502,44,8.49420849420849
12W409,"12",Reinickendorf,"409",W,124H,W,"4","76",884,353,5,348,146,41.9540229885057,66,18.9655172413793,32,9.19540229885057,13,3.73563218390805,32,9.19540229885057,30,8.62068965517241,29,8.33333333333333
12W410,"12",Reinickendorf,"410",W,124H,W,"4","76",994,407,11,395,175,44.3037974683544,100,25.3164556962025,19,4.81012658227848,6,1.51898734177215,49,12.4050632911392,24,6.07594936708861,22,5.56962025316456
12W411,"12",Reinickendorf,"411",W,124J,W,"4","76",1135,420,3,417,190,45.5635491606715,84,20.1438848920863,29,6.95443645083933,14,3.35731414868106,45,10.7913669064748,16,3.83693045563549,39,9.35251798561151
12W412,"12",Reinickendorf,"412",W,124K,W,"4","76",1227,501,6,495,172,34.7474747474747,107,21.6161616161616,62,12.5252525252525,22,4.44444444444444,62,12.5252525252525,20,4.04040404040404,50,10.1010101010101
12W413,"12",Reinickendorf,"413",W,124L,W,"4","76",1271,440,3,437,186,42.5629290617849,82,18.7643020594966,62,14.187643020595,18,4.11899313501144,40,9.1533180778032,17,3.89016018306636,32,7.32265446224256
12W414,"12",Reinickendorf,"414",W,124M,W,"4","76",1226,437,4,433,156,36.0277136258661,89,20.554272517321,69,15.9353348729792,16,3.69515011547344,46,10.6235565819861,16,3.69515011547344,41,9.46882217090069
12W415,"12",Reinickendorf,"415",W,124N,W,"4","76",1212,458,2,456,142,31.140350877193,77,16.8859649122807,85,18.640350877193,24,5.26315789473684,47,10.3070175438596,19,4.16666666666667,62,13.5964912280702
12W416,"12",Reinickendorf,"416",W,124P,W,"4","76",1174,427,10,417,133,31.89448441247,86,20.6235011990408,43,10.3117505995204,21,5.03597122302158,62,14.8681055155875,14,3.35731414868106,58,13.9088729016787
12W417,"12",Reinickendorf,"417",W,124Q,W,"4","76",1277,412,7,405,151,37.2839506172839,97,23.9506172839506,49,12.0987654320988,11,2.71604938271605,47,11.6049382716049,20,4.93827160493827,30,7.40740740740741
12W418,"12",Reinickendorf,"418",W,124R,W,"4","76",1074,320,3,317,104,32.807570977918,73,23.0283911671924,39,12.3028391167192,19,5.99369085173502,52,16.403785488959,10,3.15457413249211,20,6.30914826498423
12W419,"12",Reinickendorf,"419",W,124S,W,"4","76",1186,418,9,409,178,43.520782396088,82,20.0488997555012,41,10.0244498777506,16,3.9119804400978,50,12.2249388753056,11,2.68948655256724,31,7.57946210268949
12W420,"12",Reinickendorf,"420",W,124T,W,"4","76",1044,400,8,392,135,34.4387755102041,72,18.3673469387755,42,10.7142857142857,22,5.61224489795918,65,16.5816326530612,18,4.59183673469388,38,9.69387755102041
12W421,"12",Reinickendorf,"421",W,124U,W,"4","76",1089,485,8,476,226,47.4789915966387,77,16.1764705882353,44,9.2436974789916,20,4.20168067226891,57,11.9747899159664,18,3.78151260504202,34,7.14285714285714
12W422,"12",Reinickendorf,"422",W,124U,W,"4","76",1176,436,4,432,168,38.8888888888889,91,21.0648148148148,42,9.72222222222222,19,4.39814814814815,56,12.962962962963,23,5.32407407407407,33,7.63888888888889
12W423,"12",Reinickendorf,"423",W,124V,W,"4","76",1066,399,5,394,142,36.0406091370558,85,21.5736040609137,51,12.9441624365482,16,4.06091370558376,47,11.9289340101523,21,5.32994923857868,32,8.12182741116751
12W424,"12",Reinickendorf,"424",W,124W,W,"4","76",1082,324,5,319,138,43.2601880877743,61,19.1222570532915,27,8.46394984326019,9,2.82131661442006,42,13.166144200627,16,5.01567398119122,26,8.15047021943574
12W425,"12",Reinickendorf,"425",W,124X,W,"4","76",1048,309,4,305,111,36.3934426229508,61,20,42,13.7704918032787,19,6.22950819672131,36,11.8032786885246,13,4.26229508196721,23,7.54098360655738
12W426,"12",Reinickendorf,"426",W,124Y,W,"4","76",1056,421,2,419,174,41.527446300716,87,20.763723150358,57,13.6038186157518,18,4.29594272076372,35,8.35322195704057,28,6.68257756563246,20,4.77326968973747
12W427,"12",Reinickendorf,"427",W,124Z,W,"4","76",1091,334,5,329,127,38.6018237082067,76,23.1003039513678,37,11.2462006079027,15,4.55927051671733,47,14.2857142857143,12,3.64741641337386,15,4.55927051671733
12W428,"12",Reinickendorf,"428",W,124ZA,W,"4","76",1171,332,5,327,126,38.5321100917431,67,20.4892966360856,38,11.6207951070336,15,4.58715596330275,46,14.0672782874618,19,5.81039755351682,16,4.89296636085627
12W429,"12",Reinickendorf,"429",W,124ZB,W,"4","76",1091,394,6,388,138,35.5670103092784,80,20.6185567010309,51,13.1443298969072,17,4.38144329896907,49,12.6288659793814,18,4.63917525773196,35,9.02061855670103
12W430,"12",Reinickendorf,"430",W,124ZC,W,"4","76",1175,360,7,353,132,37.3937677053824,78,22.0963172804533,42,11.8980169971671,20,5.6657223796034,48,13.5977337110482,14,3.96600566572238,19,5.38243626062323
12W501,"12",Reinickendorf,"501",W,125A,W,"5","76",696,315,2,312,112,35.8974358974359,62,19.8717948717949,46,14.7435897435897,14,4.48717948717949,32,10.2564102564103,12,3.84615384615385,34,10.8974358974359
12W502,"12",Reinickendorf,"502",W,125B,W,"5","76",955,360,2,357,145,40.6162464985994,63,17.6470588235294,36,10.0840336134454,12,3.36134453781513,52,14.5658263305322,16,4.48179271708683,33,9.2436974789916
12W503,"12",Reinickendorf,"503",W,125C,W,"5","76",984,361,4,357,136,38.0952380952381,68,19.047619047619,47,13.1652661064426,11,3.0812324929972,41,11.484593837535,17,4.76190476190476,37,10.3641456582633
12W504,"12",Reinickendorf,"504",W,125D,W,"5","76",1067,299,9,290,97,33.448275862069,55,18.9655172413793,14,4.82758620689655,17,5.86206896551724,56,19.3103448275862,18,6.20689655172414,33,11.3793103448276
12W505,"12",Reinickendorf,"505",W,125D,W,"5","76",1014,344,6,338,143,42.3076923076923,74,21.8934911242604,12,3.55029585798817,6,1.77514792899408,59,17.4556213017751,7,2.07100591715976,37,10.9467455621302
12W506,"12",Reinickendorf,"506",W,125E,W,"5","76",849,304,5,298,116,38.9261744966443,71,23.8255033557047,12,4.02684563758389,12,4.02684563758389,50,16.7785234899329,17,5.70469798657718,20,6.71140939597315
12W507,"12",Reinickendorf,"507",W,125E,W,"5","76",1028,282,5,277,92,33.2129963898917,56,20.2166064981949,10,3.6101083032491,12,4.33212996389892,52,18.7725631768953,7,2.52707581227437,48,17.3285198555957
12W508,"12",Reinickendorf,"508",W,125E,W,"5","76",606,182,2,179,55,30.7262569832402,35,19.5530726256983,15,8.37988826815642,9,5.02793296089385,37,20.6703910614525,4,2.23463687150838,24,13.4078212290503
12W509,"12",Reinickendorf,"509",W,125F,W,"5","76",948,260,0,259,94,36.2934362934363,53,20.4633204633205,9,3.47490347490348,18,6.94980694980695,62,23.9382239382239,1,0.386100386100386,22,8.49420849420849
12W510,"12",Reinickendorf,"510",W,125F,W,"5","76",1001,261,6,255,90,35.2941176470588,50,19.6078431372549,8,3.13725490196078,10,3.92156862745098,59,23.1372549019608,13,5.09803921568627,25,9.80392156862745
12W511,"12",Reinickendorf,"511",W,125G,W,"5","76",860,193,3,190,44,23.1578947368421,51,26.8421052631579,12,6.31578947368421,14,7.36842105263158,40,21.0526315789474,7,3.68421052631579,22,11.5789473684211
12W512,"12",Reinickendorf,"512",W,125G,W,"5","76",972,327,3,323,115,35.6037151702786,71,21.9814241486068,30,9.28792569659443,14,4.3343653250774,56,17.3374613003096,7,2.1671826625387,30,9.28792569659443
12W513,"12",Reinickendorf,"513",W,125H,W,"5","76",1064,244,3,241,91,37.7593360995851,56,23.2365145228216,9,3.7344398340249,9,3.7344398340249,41,17.0124481327801,10,4.149377593361,25,10.3734439834025
12W514,"12",Reinickendorf,"514",W,125H,W,"5","76",951,208,9,199,64,32.1608040201005,54,27.1356783919598,14,7.03517587939699,6,3.01507537688442,33,16.5829145728643,4,2.01005025125628,24,12.0603015075377
12W515,"12",Reinickendorf,"515",W,125F,W,"5","76",1037,300,6,294,98,33.3333333333333,74,25.1700680272109,14,4.76190476190476,14,4.76190476190476,61,20.7482993197279,9,3.06122448979592,24,8.16326530612245
12W516,"12",Reinickendorf,"516",W,125G,W,"5","76",784,223,5,218,67,30.7339449541284,50,22.9357798165138,10,4.58715596330275,13,5.96330275229358,48,22.0183486238532,8,3.6697247706422,22,10.0917431192661
12W517,"12",Reinickendorf,"517",W,125J,W,"5","76",992,253,2,251,105,41.8326693227092,54,21.5139442231076,11,4.38247011952191,9,3.58565737051793,41,16.3346613545817,7,2.78884462151394,24,9.56175298804781
12W518,"12",Reinickendorf,"518",W,125J,W,"5","76",1026,321,4,317,128,40.3785488958991,77,24.2902208201893,18,5.6782334384858,10,3.15457413249211,48,15.1419558359621,19,5.99369085173502,17,5.36277602523659
12W519,"12",Reinickendorf,"519",W,125K,W,"5","76",997,283,1,282,122,43.2624113475177,71,25.177304964539,9,3.19148936170213,12,4.25531914893617,34,12.0567375886525,16,5.67375886524823,18,6.38297872340426
12W520,"12",Reinickendorf,"520",W,125L,W,"5","76",988,205,7,197,66,33.502538071066,46,23.3502538071066,8,4.06091370558376,12,6.09137055837564,37,18.7817258883249,5,2.53807106598985,23,11.6751269035533
12W521,"12",Reinickendorf,"521",W,125M,W,"5","76",1008,303,0,302,131,43.3774834437086,50,16.5562913907285,29,9.60264900662252,14,4.63576158940397,36,11.9205298013245,15,4.96688741721854,27,8.94039735099338
12W522,"12",Reinickendorf,"522",W,125M,W,"5","76",945,227,2,225,72,32,58,25.7777777777778,8,3.55555555555556,14,6.22222222222222,53,23.5555555555556,4,1.77777777777778,16,7.11111111111111
12W523,"12",Reinickendorf,"523",W,125L,W,"5","76",1059,309,5,304,123,40.4605263157895,67,22.0394736842105,11,3.61842105263158,17,5.59210526315789,57,18.75,12,3.94736842105263,17,5.59210526315789
12W524,"12",Reinickendorf,"524",W,125L,W,"5","76",1057,273,6,267,107,40.0749063670412,66,24.7191011235955,7,2.62172284644195,14,5.2434456928839,54,20.2247191011236,6,2.24719101123596,13,4.8689138576779
12W525,"12",Reinickendorf,"525",W,125N,W,"5","76",865,292,1,291,145,49.8281786941581,51,17.5257731958763,22,7.56013745704467,12,4.12371134020619,26,8.93470790378007,11,3.78006872852234,24,8.24742268041237
12W526,"12",Reinickendorf,"526",W,125K,W,"5","76",1041,314,10,304,118,38.8157894736842,55,18.0921052631579,13,4.27631578947368,13,4.27631578947368,63,20.7236842105263,10,3.28947368421053,32,10.5263157894737
12W527,"12",Reinickendorf,"527",W,125P,W,"5","76",983,378,1,377,150,39.7877984084881,82,21.7506631299735,55,14.5888594164456,15,3.97877984084881,45,11.9363395225464,17,4.50928381962865,13,3.44827586206897
12W528,"12",Reinickendorf,"528",W,125Q,W,"5","76",795,168,3,165,53,32.1212121212121,46,27.8787878787879,10,6.06060606060606,9,5.45454545454545,37,22.4242424242424,4,2.42424242424242,6,3.63636363636364
12W601,"12",Reinickendorf,"601",W,126A,W,"6","76",391,200,2,196,66,33.6734693877551,26,13.265306122449,21,10.7142857142857,19,9.69387755102041,13,6.63265306122449,10,5.10204081632653,41,20.9183673469388
12W602,"12",Reinickendorf,"602",W,126B,W,"6","76",899,422,3,417,183,43.8848920863309,79,18.9448441247002,55,13.189448441247,15,3.59712230215827,24,5.75539568345324,27,6.47482014388489,34,8.15347721822542
12W603,"12",Reinickendorf,"603",W,126C,W,"6","76",893,324,2,320,137,42.8125,51,15.9375,49,15.3125,7,2.1875,14,4.375,29,9.0625,33,10.3125
12W604,"12",Reinickendorf,"604",W,126D,W,"6","76",1041,461,0,459,172,37.4727668845316,94,20.479302832244,73,15.9041394335512,21,4.57516339869281,23,5.01089324618736,44,9.58605664488017,32,6.97167755991285
12W605,"12",Reinickendorf,"605",W,126E,W,"6","76",874,370,0,369,157,42.5474254742547,58,15.7181571815718,58,15.7181571815718,13,3.5230352303523,38,10.2981029810298,28,7.58807588075881,17,4.6070460704607
12W606,"12",Reinickendorf,"606",W,126F,W,"6","76",906,415,4,409,193,47.1882640586797,57,13.9364303178484,70,17.1149144254279,9,2.20048899755501,21,5.13447432762836,31,7.57946210268949,28,6.84596577017115
12W607,"12",Reinickendorf,"607",W,126G,W,"6","76",989,408,3,404,176,43.5643564356436,53,13.1188118811881,66,16.3366336633663,17,4.20792079207921,48,11.8811881188119,24,5.94059405940594,20,4.95049504950495
12W608,"12",Reinickendorf,"608",W,126H,W,"6","76",868,370,1,368,168,45.6521739130435,81,22.0108695652174,53,14.4021739130435,9,2.44565217391304,11,2.98913043478261,26,7.06521739130435,20,5.43478260869565
12W609,"12",Reinickendorf,"609",W,126J,W,"6","76",977,354,1,352,180,51.1363636363636,58,16.4772727272727,51,14.4886363636364,10,2.84090909090909,21,5.96590909090909,18,5.11363636363636,14,3.97727272727273
12W610,"12",Reinickendorf,"610",W,126K,W,"6","76",969,391,2,388,152,39.1752577319588,61,15.7216494845361,71,18.2989690721649,22,5.67010309278351,25,6.44329896907216,32,8.24742268041237,25,6.44329896907216
12W611,"12",Reinickendorf,"611",W,126L,W,"6","76",907,406,2,403,163,40.4466501240695,71,17.6178660049628,55,13.6476426799007,13,3.2258064516129,33,8.18858560794045,41,10.1736972704715,27,6.69975186104218
12W612,"12",Reinickendorf,"612",W,126M,W,"6","76",985,365,3,361,156,43.213296398892,60,16.6204986149584,54,14.9584487534626,9,2.49307479224377,28,7.75623268698061,30,8.31024930747922,24,6.64819944598338
12W613,"12",Reinickendorf,"613",W,126N,W,"6","76",1079,472,2,469,196,41.7910447761194,76,16.2046908315565,88,18.7633262260128,16,3.41151385927505,40,8.52878464818763,31,6.60980810234542,22,4.6908315565032
12W614,"12",Reinickendorf,"614",W,126P,W,"6","76",757,283,2,280,103,36.7857142857143,56,20,45,16.0714285714286,13,4.64285714285714,27,9.64285714285714,19,6.78571428571429,17,6.07142857142857
12W615,"12",Reinickendorf,"615",W,126Q,W,"6","76",915,357,2,354,159,44.9152542372881,71,20.0564971751412,58,16.3841807909604,9,2.54237288135593,29,8.19209039548022,16,4.51977401129944,12,3.38983050847458
12W616,"12",Reinickendorf,"616",W,126R,W,"6","76",997,413,1,411,177,43.0656934306569,75,18.2481751824818,78,18.978102189781,16,3.89294403892944,33,8.02919708029197,20,4.8661800486618,12,2.91970802919708
12W617,"12",Reinickendorf,"617",W,126S,W,"6","76",690,289,1,287,108,37.6306620209059,58,20.2090592334495,59,20.5574912891986,17,5.92334494773519,12,4.18118466898955,15,5.22648083623693,18,6.27177700348432
12W618,"12",Reinickendorf,"618",W,126T,W,"6","76",944,347,2,344,136,39.5348837209302,80,23.2558139534884,48,13.953488372093,11,3.19767441860465,23,6.68604651162791,20,5.81395348837209,26,7.55813953488372
12W619,"12",Reinickendorf,"619",W,126U,W,"6","76",977,471,4,466,187,40.1287553648069,96,20.6008583690987,78,16.7381974248927,22,4.72103004291846,33,7.08154506437768,31,6.65236051502146,19,4.07725321888412
12W620,"12",Reinickendorf,"620",W,126V,W,"6","76",964,404,2,401,165,41.1471321695761,70,17.4563591022444,71,17.7057356608479,18,4.48877805486284,41,10.2244389027431,23,5.7356608478803,13,3.24189526184539
12W621,"12",Reinickendorf,"621",W,126W,W,"6","76",921,412,4,407,142,34.8894348894349,91,22.3587223587224,83,20.3931203931204,20,4.91400491400491,23,5.65110565110565,22,5.40540540540541,26,6.38820638820639
12W622,"12",Reinickendorf,"622",W,126X,W,"6","76",1080,443,3,439,196,44.6469248291572,78,17.7676537585421,62,14.123006833713,10,2.27790432801822,36,8.2004555808656,35,7.97266514806378,22,5.01138952164009
12W623,"12",Reinickendorf,"623",W,126Y,W,"6","76",877,405,5,399,143,35.8395989974937,85,21.3032581453634,75,18.796992481203,14,3.50877192982456,21,5.26315789473684,40,10.0250626566416,21,5.26315789473684
12W624,"12",Reinickendorf,"624",W,126Z,W,"6","76",1132,543,2,540,254,47.037037037037,109,20.1851851851852,62,11.4814814814815,5,0.925925925925926,50,9.25925925925926,29,5.37037037037037,31,5.74074074074074
12W625,"12",Reinickendorf,"625",W,126ZA,W,"6","76",1118,425,5,419,140,33.4128878281623,108,25.7756563245823,37,8.83054892601432,23,5.48926014319809,44,10.5011933174224,32,7.63723150357995,35,8.35322195704057
12W626,"12",Reinickendorf,"626",W,126ZB,W,"6","76",1007,366,0,365,161,44.1095890410959,83,22.7397260273973,46,12.6027397260274,12,3.28767123287671,27,7.3972602739726,22,6.02739726027397,14,3.83561643835616
12W627,"12",Reinickendorf,"627",W,126ZC,W,"6","76",833,340,3,336,110,32.7380952380952,70,20.8333333333333,78,23.2142857142857,16,4.76190476190476,26,7.73809523809524,17,5.05952380952381,19,5.65476190476191
12W628,"12",Reinickendorf,"628",W,126A,W,"6","76",526,234,1,232,111,47.8448275862069,40,17.2413793103448,36,15.5172413793103,7,3.01724137931034,14,6.03448275862069,18,7.75862068965517,6,2.58620689655172
12W629,"12",Reinickendorf,"629",W,126ZD,W,"6","76",521,214,2,211,69,32.7014218009479,44,20.8530805687204,49,23.2227488151659,10,4.739336492891,16,7.58293838862559,11,5.21327014218009,12,5.68720379146919
12W630,"12",Reinickendorf,"630",W,126ZE,W,"6","76",781,308,2,305,114,37.3770491803279,61,20,56,18.3606557377049,17,5.57377049180328,22,7.21311475409836,19,6.22950819672131,16,5.24590163934426
12W631,"12",Reinickendorf,"631",W,126ZF,W,"6","76",815,304,2,301,132,43.8538205980066,66,21.9269102990033,44,14.6179401993355,9,2.99003322259136,24,7.9734219269103,14,4.65116279069767,12,3.98671096345515
,,,,,,,,,,,,,,,,,,,,,,,,,,
