Stimmart,Adresse,Bezirksnummer,Bezirksname,Wahlbezirk,Wahlbezirksart,Briefwahlbezirk,"Abgeordneten-
hauswahlkreis","Bundestags-
wahlkreis",OstWest,Wahlberechtigte insgesamt,Wahlberechtigte A1,Wahlberechtigte A2,Wahlberechtigte A3,Wählende,Wählende B1,Gültige Stimmen,Ungültige Stimmen,SPD,CDU,GRÜNE,DIE LINKE,AfD,FDP,Die PARTEI,Tierschutzpartei,PIRATEN,Graue Panther,NPD,Gesundheitsforschung,LKR,DKP,SGP,BüSo,MENSCHLICHE WELT,B*,ÖDP,dieBasis,Bildet Berlin!,DL,Deutsche Konservative,Die Grauen,Neue Demokraten,REP,du.,BÜNDNIS21,DIE FRAUEN,FREIE WÄHLER,Klimaliste Berlin,LD,MIETERPARTEI,Die Humanisten,Team Todenhöfer,Volt
Zweitstimme,"01W100","01",Mitte,"100",W,1A,1,75,W,1650,1071,579,0,431,13,428,3,68,102,112,28,23,40,9,8,3,0,0,2,1,1,0,1,0,0,0,3,0,0,0,0,0,0,2,2,0,0,0,0,0,1,10,12
Zweitstimme,"01W101","01",Mitte,"101",W,1B,1,75,O,960,556,404,0,332,8,330,1,57,71,105,26,8,30,12,4,1,1,0,1,0,0,0,0,0,0,0,1,1,0,0,1,0,0,0,0,0,0,0,0,1,0,0,10
Zweitstimme,"01W102","01",Mitte,"102",W,1B,1,75,O,1240,755,485,0,385,13,382,3,56,82,91,58,26,34,2,12,1,1,2,1,0,0,0,1,0,0,0,2,0,0,0,0,0,0,4,0,0,2,2,0,2,1,1,1
Zweitstimme,"01W103","01",Mitte,"103",W,1C,1,75,O,1011,593,418,0,276,12,276,0,42,58,79,28,11,34,2,4,0,0,0,0,0,0,0,0,0,0,0,4,1,0,0,0,0,0,1,0,0,0,0,0,0,0,0,12
Zweitstimme,"01W104","01",Mitte,"104",W,1D,1,75,O,1257,787,470,0,513,17,511,2,97,105,150,54,15,45,2,8,1,1,0,1,0,2,0,0,0,0,1,2,0,0,0,3,0,0,0,0,0,1,1,0,0,1,2,19
Zweitstimme,"01W105","01",Mitte,"105",W,1D,1,75,O,997,668,329,0,385,6,383,2,78,80,100,46,24,27,4,6,3,0,0,1,0,0,1,0,0,0,0,3,0,0,0,0,0,0,2,0,0,0,1,0,0,0,0,7
Zweitstimme,"01W106","01",Mitte,"106",W,1E,1,75,O,1437,883,554,0,576,18,576,0,84,141,151,76,22,69,5,4,3,0,0,0,0,2,0,0,0,0,0,6,0,0,0,0,0,0,0,0,0,0,1,0,2,0,3,7
Zweitstimme,"01W107","01",Mitte,"107",W,1F,1,75,O,1084,754,330,0,434,19,430,4,52,92,128,64,26,37,1,3,2,1,0,1,0,0,1,0,0,0,0,4,0,0,0,0,0,0,2,0,0,1,0,0,1,0,0,14
Zweitstimme,"01W108","01",Mitte,"108",W,1E,1,75,O,1052,667,385,0,363,8,359,4,61,100,69,48,15,30,3,4,0,0,0,1,0,1,0,0,0,0,1,5,0,0,0,1,0,0,0,0,0,0,2,0,1,0,1,16
Zweitstimme,"01W109","01",Mitte,"109",W,1G,1,75,W,1080,779,301,0,308,2,306,1,69,93,39,35,37,9,4,5,2,0,0,0,0,0,0,0,0,0,0,2,0,0,0,2,0,0,1,0,0,1,1,0,2,0,1,3
Zweitstimme,"01W110","01",Mitte,"110",W,1G,1,75,W,1245,776,469,0,544,21,542,1,74,101,196,73,19,33,8,10,0,0,1,1,0,1,0,0,0,0,0,2,1,0,0,1,0,0,0,1,0,0,3,0,2,1,2,12
Zweitstimme,"01W111","01",Mitte,"111",W,1H,1,75,O,1032,677,355,0,418,8,417,1,67,58,155,63,13,25,4,10,1,0,0,0,0,0,0,0,0,3,1,5,0,0,0,0,0,0,0,0,0,1,1,0,0,0,1,9
Zweitstimme,"01W112","01",Mitte,"112",W,1F,1,75,O,1151,779,372,0,499,13,493,4,71,74,150,87,28,30,13,5,0,1,0,1,0,7,0,0,0,2,0,3,0,0,0,0,0,0,0,0,0,1,1,0,1,1,1,16
Zweitstimme,"01W113","01",Mitte,"113",W,1I,1,75,O,1456,977,479,0,642,6,641,0,116,97,214,100,25,34,14,5,1,1,0,0,0,0,1,0,0,0,0,9,1,0,0,0,0,0,1,0,0,1,4,0,0,0,1,16
Zweitstimme,"01W114","01",Mitte,"114",W,1H,1,75,O,1427,957,470,0,547,17,544,3,78,77,181,95,20,34,18,9,2,0,1,0,0,1,0,0,0,0,3,7,0,0,0,1,0,0,1,0,0,1,2,0,0,4,2,7
Zweitstimme,"01W115","01",Mitte,"115",W,1J,1,75,O,860,634,226,0,360,6,360,0,53,73,72,55,39,26,5,5,0,3,0,2,0,0,0,0,0,0,0,3,0,0,0,1,0,0,2,0,0,2,3,0,3,3,1,9
Zweitstimme,"01W116","01",Mitte,"116",W,1J,1,75,O,704,478,226,0,286,7,285,1,41,58,76,45,24,22,1,2,0,1,0,0,0,1,0,0,0,0,0,2,0,0,0,2,0,0,0,0,0,1,0,0,1,0,0,8
Zweitstimme,"01W117","01",Mitte,"117",W,1I,1,75,O,1319,867,452,0,554,26,551,1,71,78,212,98,22,29,10,5,2,0,0,2,0,0,0,0,0,0,0,3,0,0,0,2,0,0,0,0,0,1,3,0,1,1,1,10
Zweitstimme,"01W118","01",Mitte,"118",W,1K,1,75,O,1323,844,479,0,534,14,530,4,80,86,180,94,10,31,8,4,1,1,0,1,0,2,0,0,0,2,1,4,0,0,0,0,0,0,0,0,0,2,2,0,1,2,0,18
Zweitstimme,"01W119","01",Mitte,"119",W,1L,1,75,O,909,579,330,0,352,15,347,5,45,62,113,63,14,18,3,2,0,0,0,0,0,1,0,0,0,0,1,3,0,0,0,1,0,0,3,0,0,0,1,0,0,0,1,16
Zweitstimme,"01W120","01",Mitte,"120",W,1K,1,75,O,1011,677,334,0,407,19,401,5,49,55,135,60,36,24,9,6,0,1,0,0,0,3,1,0,0,1,0,4,0,0,0,1,0,0,2,0,0,0,1,0,1,0,1,11
Zweitstimme,"01W121","01",Mitte,"121",W,1L,1,75,O,1011,662,349,0,404,16,403,1,63,56,145,59,16,22,5,3,1,1,0,1,0,0,0,0,0,1,0,1,0,0,0,0,0,0,0,0,0,0,2,0,15,1,0,11
Zweitstimme,"01W122","01",Mitte,"122",W,1M,1,75,O,1108,718,390,0,440,17,440,0,61,80,139,86,11,37,7,4,0,0,0,0,0,1,0,0,0,1,0,2,0,0,0,0,0,0,2,0,0,0,0,0,0,1,0,8
Zweitstimme,"01W123","01",Mitte,"123",W,1M,1,75,O,920,623,297,0,385,11,384,1,51,69,128,57,6,36,8,8,1,0,0,1,0,1,0,0,0,0,0,4,0,0,0,2,0,0,1,0,0,0,0,0,0,1,0,10
Zweitstimme,"01W124","01",Mitte,"124",W,1A,1,75,W,1265,944,321,0,371,8,369,2,60,81,101,43,29,25,2,3,1,0,1,0,0,0,0,0,0,0,0,2,0,0,0,0,0,0,2,0,0,1,2,0,0,1,5,10
Zweitstimme,"01W125","01",Mitte,"125",W,1C,1,75,O,1466,920,546,0,478,12,477,1,89,87,126,67,30,30,8,9,2,0,0,0,1,5,0,0,0,0,1,3,0,0,0,3,0,0,1,0,0,0,5,0,1,0,2,7
Zweitstimme,"01B1A","01",Mitte,1A,B,1A,1,75,W,0,0,0,0,790,790,787,2,103,216,211,48,27,96,14,13,3,1,1,0,0,0,1,0,0,0,1,3,0,0,0,3,0,0,1,0,0,1,2,0,1,2,11,28
Zweitstimme,"01B1B","01",Mitte,1B,B,1B,1,75,O,0,0,0,0,808,808,804,2,135,232,231,55,28,82,7,4,2,0,0,1,0,1,0,0,0,0,1,1,0,0,0,1,0,0,0,0,0,0,4,0,2,1,4,12
Zweitstimme,"01B1C","01",Mitte,1C,B,1C,1,75,O,0,0,0,0,839,839,836,3,107,189,264,73,24,101,10,15,3,0,0,3,0,2,1,0,0,1,0,5,1,0,0,1,0,0,2,0,0,4,3,0,0,1,1,25
Zweitstimme,"01B1D","01",Mitte,1D,B,1D,1,75,O,0,0,0,0,709,709,708,1,108,160,208,96,15,67,13,5,1,0,0,3,0,0,0,0,0,1,0,2,0,0,0,1,0,0,1,0,0,1,3,0,1,1,1,20
Zweitstimme,"01B1E","01",Mitte,1E,B,1E,1,75,O,0,0,0,0,822,822,820,2,149,231,184,63,37,86,12,11,2,0,0,0,0,1,0,0,0,1,0,3,0,0,0,0,0,0,1,0,0,0,4,0,3,4,3,25
Zweitstimme,"01B1F","01",Mitte,1F,B,1F,1,75,O,0,0,0,0,616,616,615,1,84,140,196,92,13,42,6,11,1,0,0,1,0,0,1,0,0,0,0,4,1,0,0,2,0,0,3,0,0,3,2,0,0,0,0,13
Zweitstimme,"01B1G","01",Mitte,1G,B,1G,1,75,W,0,0,0,0,662,662,659,3,143,159,159,69,40,39,9,10,1,2,0,1,0,1,0,0,0,0,0,2,1,0,0,1,0,0,0,1,0,0,4,0,1,1,1,14
Zweitstimme,"01B1H","01",Mitte,1H,B,1H,1,75,O,0,0,0,0,722,722,720,2,91,144,254,102,13,55,8,4,1,4,0,1,0,0,2,0,0,1,0,4,2,0,0,1,0,0,4,0,0,0,5,0,1,3,1,19
Zweitstimme,"01B1I","01",Mitte,1I,B,1I,1,75,O,0,0,0,0,829,829,829,0,113,151,315,113,18,59,8,7,2,0,0,0,0,0,0,0,0,0,0,5,0,0,0,1,0,0,3,0,0,1,5,0,1,1,1,25
Zweitstimme,"01B1J","01",Mitte,1J,B,1J,1,75,O,0,0,0,0,403,403,403,0,58,84,102,61,20,38,7,7,0,2,0,1,1,0,0,0,0,0,0,0,0,0,0,2,0,0,1,0,0,0,1,0,2,0,2,14
Zweitstimme,"01B1K","01",Mitte,1K,B,1K,1,75,O,0,0,0,0,715,715,715,0,82,118,301,84,18,47,7,11,2,0,0,1,0,2,0,0,0,0,1,4,2,0,0,1,0,0,1,0,0,0,5,0,1,0,0,27
Zweitstimme,"01B1L","01",Mitte,1L,B,1L,1,75,O,0,0,0,0,589,589,584,2,89,96,221,71,13,37,7,6,0,1,0,1,0,0,0,0,0,1,0,7,1,0,0,2,0,0,1,0,0,1,3,0,6,2,0,18
Zweitstimme,"01B1M","01",Mitte,1M,B,1M,1,75,O,0,0,0,0,588,588,587,1,82,133,196,59,7,65,7,6,1,3,0,1,0,1,0,0,0,1,0,3,0,0,0,0,0,0,1,0,0,1,1,0,2,0,0,17
Zweitstimme,"01W200","01",Mitte,"200",W,2A,2,75,O,851,616,235,0,320,1,313,7,61,104,24,44,36,21,2,4,1,1,1,1,0,0,1,0,0,0,0,2,0,0,0,2,0,0,0,0,0,1,1,0,1,1,2,2
Zweitstimme,"01W201","01",Mitte,"201",W,2A,2,75,O,1207,772,435,0,417,7,414,2,54,129,56,64,39,41,5,7,1,1,0,0,0,3,0,0,0,0,0,1,0,0,0,1,0,0,1,0,0,1,0,0,1,1,2,6
Zweitstimme,"01W202","01",Mitte,"202",W,2B,2,75,O,1136,720,416,0,380,7,377,3,65,117,41,52,34,38,4,4,2,3,0,2,0,1,0,0,0,1,0,0,1,0,0,1,0,0,2,1,0,0,3,0,0,2,1,2
Zweitstimme,"01W203","01",Mitte,"203",W,2B,2,75,O,1541,973,568,0,461,8,454,7,84,146,65,53,47,31,3,3,0,3,1,0,0,0,0,0,0,1,0,1,0,0,0,1,0,0,1,0,0,0,0,0,3,1,4,6
Zweitstimme,"01W204","01",Mitte,"204",W,2C,2,75,O,1550,932,618,0,449,7,447,1,64,143,78,68,34,37,5,2,0,1,0,0,0,2,0,0,0,0,0,1,1,0,0,0,0,0,0,0,0,1,1,0,0,0,2,7
Zweitstimme,"01W205","01",Mitte,"205",W,2C,2,75,O,1189,866,323,0,450,3,448,2,84,107,69,93,44,15,4,10,1,2,0,0,1,2,0,0,0,0,1,2,0,0,0,1,0,0,0,0,0,1,1,0,1,2,3,4
Zweitstimme,"01W206","01",Mitte,"206",W,2D,2,75,O,1291,884,407,0,415,10,412,3,77,94,72,76,32,32,4,6,1,1,2,0,0,3,0,0,0,0,0,5,0,0,0,1,0,0,1,0,0,1,1,0,2,0,0,1
Zweitstimme,"01W207","01",Mitte,"207",W,2D,2,75,O,1050,693,357,0,358,0,356,2,76,71,56,85,42,8,5,4,1,1,0,0,0,1,0,0,0,0,0,0,0,0,0,0,0,0,0,0,0,1,1,0,0,1,0,3
Zweitstimme,"01W208","01",Mitte,"208",W,2E,2,75,O,910,591,319,0,372,20,371,1,62,77,116,48,11,30,4,6,1,0,0,0,0,0,0,0,0,1,0,3,0,0,0,1,0,0,0,0,0,0,0,0,0,0,1,10
Zweitstimme,"01W209","01",Mitte,"209",W,2E,2,75,O,1157,780,377,0,483,19,480,3,56,71,158,99,23,26,8,10,1,0,0,3,0,1,0,0,0,2,1,1,0,0,0,1,0,0,0,1,0,0,2,0,2,3,2,9
Zweitstimme,"01W210","01",Mitte,"210",W,2F,2,75,O,1152,800,352,0,448,14,443,5,63,76,128,78,24,40,7,4,0,1,0,1,0,0,1,0,0,0,1,4,0,0,0,0,0,0,1,1,0,0,1,0,0,1,4,7
Zweitstimme,"01W211","01",Mitte,"211",W,2F,2,75,O,847,624,223,0,319,4,317,0,37,51,89,62,34,16,10,4,3,2,0,0,0,0,0,0,0,0,0,4,0,0,0,1,0,0,0,0,0,0,2,0,0,0,0,2
Zweitstimme,"01W212","01",Mitte,"212",W,2G,2,75,O,859,566,293,0,340,7,339,1,44,56,114,53,24,23,5,1,1,1,0,0,0,3,0,0,0,0,0,2,0,0,0,0,0,0,0,0,0,0,1,0,1,1,0,9
Zweitstimme,"01W213","01",Mitte,"213",W,2G,2,75,O,595,418,177,0,174,5,170,3,23,31,40,32,14,9,1,7,1,0,0,0,0,0,0,0,0,0,3,3,0,0,0,0,0,0,1,0,0,0,0,0,1,0,0,4
Zweitstimme,"01W214","01",Mitte,"214",W,2G,2,75,O,818,586,232,0,214,2,208,5,34,45,33,36,17,19,2,4,0,0,0,1,0,0,0,0,0,0,2,2,0,0,0,3,0,0,0,1,0,0,0,0,1,0,3,5
Zweitstimme,"01W215","01",Mitte,"215",W,2H,2,75,O,939,660,279,0,376,7,372,3,84,100,35,77,39,13,2,7,0,0,0,0,0,1,2,0,0,1,0,3,0,0,0,3,0,0,2,0,0,0,0,0,0,1,0,2
Zweitstimme,"01W216","01",Mitte,"216",W,2H,2,75,O,909,609,300,0,375,8,374,1,79,95,38,74,43,12,7,7,1,3,1,3,0,2,0,0,0,0,0,2,0,0,0,2,0,0,1,0,0,0,0,0,1,0,2,1
Zweitstimme,"01W217","01",Mitte,"217",W,2I,2,75,O,997,719,278,0,286,5,278,8,60,66,33,65,28,9,1,8,1,1,0,1,0,1,0,0,0,0,0,0,0,0,0,0,0,0,1,0,0,0,0,0,0,0,0,3
Zweitstimme,"01W218","01",Mitte,"218",W,2I,2,75,O,939,693,246,0,336,2,335,1,78,87,23,67,44,7,2,9,0,1,0,2,0,0,0,0,0,2,0,3,0,0,0,0,0,0,1,2,0,0,1,0,1,0,3,2
Zweitstimme,"01W219","01",Mitte,"219",W,2I,2,75,O,751,563,188,0,245,3,243,2,49,47,29,50,33,8,5,9,3,0,0,0,0,0,0,0,0,0,0,1,0,0,0,2,0,0,0,0,0,0,2,0,1,2,0,2
Zweitstimme,"01W220","01",Mitte,"220",W,2J,2,75,O,1119,734,385,0,355,11,349,6,65,90,68,70,17,14,2,4,3,2,0,0,0,0,0,0,0,0,0,6,0,0,0,0,0,0,1,0,0,0,1,0,0,2,1,3
Zweitstimme,"01W221","01",Mitte,"221",W,2K,2,75,O,1448,955,493,0,534,17,529,1,98,125,99,58,37,65,6,8,1,0,2,2,0,2,0,0,0,0,1,6,0,0,0,2,0,0,0,0,0,1,4,0,0,0,1,11
Zweitstimme,"01W222","01",Mitte,"222",W,2K,2,75,O,820,581,239,0,303,6,299,4,59,62,29,78,26,7,9,7,2,2,1,0,1,4,0,0,0,0,0,2,0,0,0,0,0,0,1,0,0,0,2,0,1,0,4,2
Zweitstimme,"01W223","01",Mitte,"223",W,2L,2,75,O,1535,925,610,0,528,8,525,3,100,111,123,87,44,21,7,6,0,2,0,0,0,3,1,0,0,0,0,4,1,0,0,0,0,0,0,0,0,1,3,0,2,2,3,4
Zweitstimme,"01W224","01",Mitte,"224",W,2M,2,75,O,1283,848,435,0,442,12,441,1,92,103,56,96,42,9,5,13,0,1,1,2,0,3,2,0,0,0,0,3,0,0,0,0,0,0,0,0,0,0,1,0,2,2,1,7
Zweitstimme,"01W225","01",Mitte,"225",W,2M,2,75,O,1324,812,512,0,437,12,432,5,92,120,53,78,42,12,3,11,1,1,1,3,0,5,2,0,0,0,0,1,0,0,0,3,0,0,0,0,0,0,0,0,3,0,0,1
Zweitstimme,"01W226","01",Mitte,"226",W,2J,2,75,O,687,482,205,0,193,4,192,1,29,42,24,47,20,3,3,1,2,2,1,1,0,0,0,0,0,0,1,2,0,0,0,0,0,0,2,0,0,3,0,0,2,1,2,4
Zweitstimme,"01W227","01",Mitte,"227",W,2N,2,75,O,1496,953,543,0,561,15,553,8,102,83,163,90,32,30,8,15,3,2,0,0,0,1,1,0,0,0,1,0,0,0,0,2,0,0,2,0,0,0,3,0,1,2,6,6
Zweitstimme,"01W228","01",Mitte,"228",W,2L,2,75,O,1190,711,479,0,416,8,414,2,96,103,101,37,21,38,2,3,0,1,0,0,0,1,0,0,0,1,0,4,0,0,0,1,0,0,0,0,0,0,0,0,0,0,4,1
Zweitstimme,"01W229","01",Mitte,"229",W,2N,2,75,O,1050,654,396,0,375,11,369,5,67,65,115,53,15,25,10,3,0,0,0,1,0,1,1,0,0,0,0,1,0,0,0,0,0,0,1,0,0,0,3,0,2,0,2,4
Zweitstimme,"01B2A","01",Mitte,2A,B,2A,2,75,O,0,0,0,0,594,594,592,2,97,218,86,79,27,49,5,4,1,4,0,0,0,2,1,0,0,0,0,2,1,0,0,0,0,0,4,0,0,0,2,0,1,2,4,3
Zweitstimme,"01B2B","01",Mitte,2B,B,2B,2,75,O,0,0,0,0,878,878,873,5,135,281,131,135,65,70,8,11,3,1,1,6,0,0,1,0,0,0,0,3,0,0,0,1,0,0,1,0,0,1,1,0,3,3,4,8
Zweitstimme,"01B2C","01",Mitte,2C,B,2C,2,75,O,0,0,0,0,840,840,840,0,154,229,139,133,42,83,9,20,1,1,0,1,1,3,0,2,0,2,0,3,0,0,0,4,0,0,6,0,0,0,2,0,1,1,1,2
Zweitstimme,"01B2D","01",Mitte,2D,B,2D,2,75,O,0,0,0,0,690,690,689,1,144,171,97,155,50,28,8,3,1,8,0,1,1,8,0,1,0,0,0,1,0,0,0,2,0,0,1,0,0,0,1,0,1,1,0,6
Zweitstimme,"01B2E","01",Mitte,2E,B,2E,2,75,O,0,0,0,0,596,596,593,3,84,93,212,83,21,49,10,8,2,1,0,0,0,1,0,0,0,0,0,3,0,0,0,3,0,0,1,0,0,1,3,0,0,0,0,18
Zweitstimme,"01B2F","01",Mitte,2F,B,2F,2,75,O,0,0,0,0,500,500,500,0,62,83,170,84,16,42,9,5,0,1,0,1,0,3,0,0,0,1,1,0,0,0,0,0,0,0,1,0,0,1,2,0,1,3,0,14
Zweitstimme,"01B2G","01",Mitte,2G,B,2G,2,75,O,0,0,0,0,604,604,598,3,97,137,151,96,36,48,5,5,0,1,0,3,1,0,1,0,0,1,0,2,1,0,0,0,0,0,2,0,0,2,0,0,0,0,2,7
Zweitstimme,"01B2H","01",Mitte,2H,B,2H,2,75,O,0,0,0,0,519,519,515,4,117,138,47,143,23,11,7,7,0,0,0,0,0,2,0,0,0,0,0,0,0,0,0,4,0,0,0,0,0,2,1,0,1,2,0,10
Zweitstimme,"01B2I","01",Mitte,2I,B,2I,2,75,O,0,0,0,0,633,633,633,0,125,182,61,136,55,20,11,13,1,1,0,1,0,1,1,0,0,0,2,2,1,0,0,5,0,0,1,0,0,3,1,0,1,3,0,6
Zweitstimme,"01B2J","01",Mitte,2J,B,2J,2,75,O,0,0,0,0,526,526,519,7,73,111,93,124,39,27,4,14,2,3,0,0,0,2,0,1,0,0,0,3,1,0,0,4,0,0,2,0,0,1,2,0,1,2,0,10
Zweitstimme,"01B2K","01",Mitte,2K,B,2K,2,75,O,0,0,0,0,643,643,643,0,100,167,132,99,29,77,7,10,1,0,0,0,0,1,0,0,0,0,0,1,0,0,0,3,0,0,2,0,0,1,1,0,0,1,3,8
Zweitstimme,"01B2L","01",Mitte,2L,B,2L,2,75,O,0,0,0,0,969,969,968,1,162,231,236,146,51,65,10,17,6,1,1,1,0,3,0,0,0,0,0,7,2,0,0,5,0,0,0,0,0,1,1,0,1,1,3,17
Zweitstimme,"01B2M","01",Mitte,2M,B,2M,2,75,O,0,0,0,0,849,849,846,3,180,229,102,177,58,26,15,21,4,4,1,0,0,3,0,0,0,0,4,3,0,0,0,1,0,0,4,0,0,0,1,0,1,2,2,8
Zweitstimme,"01B2N","01",Mitte,2N,B,2N,2,75,O,0,0,0,0,828,828,827,1,103,177,285,117,26,45,17,14,1,0,0,2,0,0,0,0,0,0,1,5,0,0,0,2,0,0,3,0,0,0,2,0,0,2,3,22
Zweitstimme,"01W300","01",Mitte,"300",W,3A,3,75,W,1194,911,283,0,356,8,353,2,48,38,93,78,18,18,13,9,3,2,0,1,0,2,0,0,0,2,0,5,0,0,0,1,0,0,1,2,0,3,3,0,1,0,5,7
Zweitstimme,"01W301","01",Mitte,"301",W,3A,3,75,W,960,670,290,0,332,8,332,0,51,40,94,58,22,19,11,11,4,0,0,0,0,0,1,0,0,0,1,5,0,0,0,0,0,0,2,1,0,0,0,0,1,1,2,8
Zweitstimme,"01W302","01",Mitte,"302",W,3B,3,75,W,1127,894,233,0,395,9,389,6,62,62,105,58,32,21,6,12,3,0,1,1,0,2,1,1,0,1,0,3,0,0,0,0,0,0,0,0,0,0,3,0,1,3,4,7
Zweitstimme,"01W303","01",Mitte,"303",W,3B,3,75,W,897,698,199,0,296,7,289,7,51,50,74,49,24,11,7,2,1,0,0,1,0,1,0,0,0,0,0,1,1,0,0,1,0,0,1,0,0,0,1,0,1,0,7,5
Zweitstimme,"01W304","01",Mitte,"304",W,3B,3,75,W,874,672,202,0,393,7,392,1,68,77,117,53,19,28,7,5,0,0,0,1,0,0,0,0,0,0,0,3,0,0,0,0,0,0,1,0,0,0,1,0,2,0,2,8
Zweitstimme,"01W305","01",Mitte,"305",W,3C,3,75,W,1027,648,379,0,388,6,385,3,72,84,116,52,21,13,5,9,0,1,0,0,0,0,0,0,0,0,0,2,0,0,0,1,0,0,0,0,0,1,1,0,2,0,3,2
Zweitstimme,"01W306","01",Mitte,"306",W,3D,3,75,W,1322,804,518,0,479,15,478,1,82,62,187,70,19,17,4,12,2,0,0,1,0,0,0,0,0,1,2,2,0,0,0,3,0,0,3,0,0,2,1,0,3,0,0,5
Zweitstimme,"01W307","01",Mitte,"307",W,3C,3,75,W,1146,712,434,0,412,11,409,3,75,99,105,48,19,28,4,13,0,0,0,0,0,0,0,0,0,1,1,3,0,0,0,1,0,0,3,0,0,0,2,0,0,3,2,2
Zweitstimme,"01W308","01",Mitte,"308",W,3D,3,75,W,1124,726,398,0,497,21,493,2,87,79,180,70,24,18,3,10,1,2,0,0,0,1,0,0,0,1,1,3,0,0,0,0,0,0,1,0,0,0,1,0,1,1,2,7
Zweitstimme,"01W309","01",Mitte,"309",W,3E,3,75,W,1260,760,500,0,488,11,488,0,76,84,167,62,24,29,14,8,1,2,0,0,0,1,0,0,0,1,1,4,1,0,0,1,0,0,1,0,0,1,1,0,2,0,2,5
Zweitstimme,"01W310","01",Mitte,"310",W,3E,3,75,W,921,607,314,0,329,6,324,3,60,73,93,47,13,17,2,5,1,1,0,0,0,0,0,0,0,0,0,1,4,0,0,1,0,0,1,0,0,0,3,0,0,1,1,0
Zweitstimme,"01W311","01",Mitte,"311",W,3F,3,75,W,1006,609,397,0,383,11,382,1,74,55,139,58,17,20,2,6,3,0,0,0,0,0,0,0,0,1,1,1,0,0,0,1,0,0,0,0,0,0,0,0,0,0,1,3
Zweitstimme,"01W312","01",Mitte,"312",W,3F,3,75,W,777,516,261,0,291,4,288,3,55,46,96,52,13,4,1,7,1,0,0,0,0,0,0,0,0,1,1,2,0,0,0,0,0,0,1,0,0,2,1,0,1,1,0,3
Zweitstimme,"01W313","01",Mitte,"313",W,3F,3,75,W,829,555,274,0,302,4,302,0,58,56,107,43,11,12,4,2,1,0,0,0,0,0,0,0,0,1,0,1,0,0,0,0,0,0,0,0,0,0,0,0,1,1,0,4
Zweitstimme,"01W314","01",Mitte,"314",W,3G,3,75,W,1060,789,271,0,380,11,372,8,74,113,73,54,12,21,4,4,0,0,2,0,1,1,0,0,0,0,0,1,0,0,0,0,0,0,0,0,0,1,1,0,0,0,6,4
Zweitstimme,"01W315","01",Mitte,"315",W,3G,3,75,W,792,585,207,0,282,6,280,1,59,48,84,35,24,11,3,3,0,1,0,1,0,1,0,0,0,0,0,1,0,0,0,1,0,0,0,0,0,1,1,0,2,1,0,3
Zweitstimme,"01W316","01",Mitte,"316",W,3H,3,75,W,1311,1023,288,0,382,4,376,6,80,120,34,42,44,17,4,8,1,2,0,1,0,1,0,0,0,1,0,2,1,0,0,0,0,0,0,0,0,1,0,0,0,0,12,5
Zweitstimme,"01W317","01",Mitte,"317",W,3I,3,75,W,908,639,269,0,332,8,327,4,60,58,93,54,15,17,5,4,2,0,0,0,0,4,0,0,0,0,1,2,0,0,0,0,0,0,0,0,0,0,1,0,1,1,3,6
Zweitstimme,"01W318","01",Mitte,"318",W,3I,3,75,W,1056,683,373,0,405,6,404,1,81,98,93,56,19,29,3,10,0,0,0,0,1,0,0,0,0,0,0,3,0,0,0,1,0,0,1,0,0,2,2,0,0,0,1,4
Zweitstimme,"01W319","01",Mitte,"319",W,3I,3,75,W,973,607,366,0,354,4,351,3,67,77,100,38,24,19,3,7,3,1,0,0,0,0,0,0,0,0,0,2,0,0,0,0,0,0,0,0,0,1,0,0,0,0,4,5
Zweitstimme,"01W320","01",Mitte,"320",W,3J,3,75,W,557,372,185,0,285,4,282,2,62,79,85,19,11,14,1,3,2,0,0,0,0,0,0,0,0,0,2,0,0,0,0,0,0,0,0,0,0,0,1,0,0,0,0,3
Zweitstimme,"01W321","01",Mitte,"321",W,3J,3,75,W,1075,756,319,0,437,9,431,5,83,143,77,40,33,31,6,6,1,0,2,0,0,0,0,0,0,0,1,0,0,0,0,0,0,0,0,0,0,0,0,0,1,0,2,5
Zweitstimme,"01W322","01",Mitte,"322",W,3J,3,75,W,1074,795,279,0,357,9,356,1,83,117,56,29,20,29,2,4,2,1,0,0,0,0,0,2,0,0,0,1,1,0,0,0,0,0,0,0,0,0,0,0,1,0,2,6
Zweitstimme,"01W323","01",Mitte,"323",W,3H,3,75,W,1138,773,365,0,451,10,447,4,82,151,93,40,31,24,1,8,3,1,0,0,0,0,0,0,0,0,1,2,0,0,0,0,0,0,0,0,0,1,1,0,1,1,0,6
Zweitstimme,"01W324","01",Mitte,"324",W,3K,3,75,W,1497,1025,472,0,393,13,387,5,76,115,61,41,26,42,4,5,2,0,0,0,0,0,0,0,0,0,0,2,0,0,0,0,0,0,0,0,0,1,1,0,0,2,4,5
Zweitstimme,"01W325","01",Mitte,"325",W,3L,3,75,W,1016,810,206,0,354,4,351,2,77,97,67,56,12,18,4,6,0,0,0,0,0,0,0,0,0,0,0,1,0,0,0,0,0,0,0,0,0,1,0,0,0,2,1,9
Zweitstimme,"01W326","01",Mitte,"326",W,3L,3,75,W,1503,1086,417,0,569,9,560,6,113,105,157,76,35,35,13,2,2,0,0,1,0,2,1,0,0,0,0,1,0,0,0,0,0,0,1,0,0,0,2,0,2,1,1,10
Zweitstimme,"01W327","01",Mitte,"327",W,3K,3,75,W,1513,1082,431,0,568,21,565,3,99,95,174,98,18,32,8,9,2,0,1,0,0,1,0,0,0,0,0,3,2,0,0,1,0,0,0,2,0,0,4,0,0,0,1,15
Zweitstimme,"01B3A","01",Mitte,3A,B,3A,3,75,W,0,0,0,0,495,495,492,3,73,84,166,90,11,20,10,13,1,2,0,0,1,0,0,0,0,2,1,2,1,0,0,1,0,0,2,0,0,1,1,0,2,0,1,7
Zweitstimme,"01B3B","01",Mitte,3B,B,3B,3,75,W,0,0,0,0,562,562,560,2,90,100,190,82,14,32,9,13,1,0,0,1,0,0,1,0,0,0,0,2,0,0,0,1,0,0,2,1,0,2,5,0,1,2,4,7
Zweitstimme,"01B3C","01",Mitte,3C,B,3C,3,75,W,0,0,0,0,750,750,743,7,152,189,223,58,19,46,12,9,0,2,0,0,0,0,1,0,0,0,1,1,0,0,0,3,0,0,1,1,0,0,3,0,5,0,2,15
Zweitstimme,"01B3D","01",Mitte,3D,B,3D,3,75,W,0,0,0,0,811,811,809,2,161,133,288,101,17,33,17,11,3,0,0,0,0,1,2,0,0,1,2,7,1,0,0,3,0,0,1,0,0,3,0,0,4,0,3,17
Zweitstimme,"01B3E","01",Mitte,3E,B,3E,3,75,W,0,0,0,0,726,726,723,2,138,125,253,82,15,37,13,12,4,2,0,0,1,0,0,0,0,0,0,2,1,0,0,1,0,0,2,0,0,2,1,0,3,2,1,26
Zweitstimme,"01B3F","01",Mitte,3F,B,3F,3,75,W,0,0,0,0,819,819,818,1,164,185,257,73,25,53,11,12,4,1,1,1,0,2,0,0,0,0,0,4,0,0,0,2,0,0,1,0,0,0,5,0,3,1,3,10
Zweitstimme,"01B3G","01",Mitte,3G,B,3G,3,75,W,0,0,0,0,418,418,417,1,81,73,123,55,19,27,5,11,2,0,0,2,0,0,0,0,0,0,0,1,0,0,0,3,0,0,2,0,0,0,2,0,1,1,0,9
Zweitstimme,"01B3H","01",Mitte,3H,B,3H,3,75,W,0,0,0,0,556,556,555,1,117,179,95,52,28,38,10,4,4,0,0,1,0,1,0,0,0,1,1,0,0,0,0,0,0,0,1,0,0,4,2,0,3,0,3,11
Zweitstimme,"01B3I","01",Mitte,3I,B,3I,3,75,W,0,0,0,0,909,909,906,3,170,241,249,88,35,55,12,13,7,2,0,0,0,0,0,1,0,2,1,0,2,0,0,2,0,0,1,0,0,2,5,0,3,1,0,14
Zweitstimme,"01B3J","01",Mitte,3J,B,3J,3,75,W,0,0,0,0,682,682,675,7,114,229,146,45,40,67,3,13,1,0,0,0,0,0,1,0,0,1,0,0,0,0,0,1,0,0,2,0,0,1,0,0,1,1,3,6
Zweitstimme,"01B3K","01",Mitte,3K,B,3K,3,75,W,0,0,0,0,789,789,787,2,88,196,223,76,36,102,5,12,2,2,0,0,0,0,0,0,0,1,0,2,0,0,0,1,0,0,5,1,0,8,1,0,0,2,5,19
Zweitstimme,"01B3L","01",Mitte,3L,B,3L,3,75,W,0,0,0,0,545,545,542,2,102,130,148,58,16,47,11,5,2,1,0,1,0,2,1,0,0,1,2,0,1,0,0,0,0,0,0,0,0,0,2,0,1,1,1,9
Zweitstimme,"01W400","01",Mitte,"400",W,4A,4,75,W,1208,930,278,0,380,8,375,4,42,71,111,60,29,13,7,5,5,1,2,0,0,0,0,0,0,1,1,4,0,0,0,1,0,0,2,0,0,0,2,0,3,2,8,5
Zweitstimme,"01W401","01",Mitte,"401",W,4A,4,75,W,911,699,212,0,353,3,345,8,40,44,112,65,25,10,11,11,5,0,0,0,0,0,0,0,0,0,0,3,0,0,0,0,0,0,4,1,0,0,3,0,1,1,2,7
Zweitstimme,"01W402","01",Mitte,"402",W,4B,4,75,W,1307,1050,257,0,445,15,438,7,66,53,136,78,33,18,9,13,0,1,2,0,0,0,0,0,0,0,2,2,1,0,0,1,0,0,2,1,0,0,1,0,1,2,7,9
Zweitstimme,"01W403","01",Mitte,"403",W,4C,4,75,W,930,680,250,0,357,4,355,2,58,45,144,61,13,11,7,5,0,0,0,0,1,0,1,0,0,0,0,2,0,0,0,0,0,0,0,0,0,0,3,0,0,0,0,4
Zweitstimme,"01W404","01",Mitte,"404",W,4C,4,75,W,713,525,188,0,245,5,243,2,34,46,69,55,10,11,5,1,2,0,0,0,0,0,0,0,0,0,0,0,0,0,0,1,0,0,1,0,0,2,0,0,0,0,2,4
Zweitstimme,"01W405","01",Mitte,"405",W,4B,4,75,W,866,660,206,0,302,4,301,1,61,39,87,52,19,19,8,3,2,1,0,0,0,1,0,0,0,0,0,0,0,0,0,0,0,0,0,0,0,0,0,0,2,1,3,3
Zweitstimme,"01W406","01",Mitte,"406",W,4D,4,75,W,814,592,222,0,284,10,284,0,54,29,104,52,16,8,2,8,1,0,0,0,0,0,0,0,0,1,0,0,0,0,0,0,0,0,3,0,0,0,1,0,1,0,3,1
Zweitstimme,"01W407","01",Mitte,"407",W,4D,4,75,W,1140,855,285,0,429,7,423,6,58,86,150,56,21,11,8,12,0,1,0,1,0,0,0,0,0,1,0,3,0,0,0,1,0,0,1,0,0,2,4,0,1,0,2,4
Zweitstimme,"01W408","01",Mitte,"408",W,4E,4,75,W,963,685,278,0,389,9,387,1,75,49,139,61,12,16,4,7,1,2,0,0,0,0,0,0,0,1,0,5,0,0,0,3,0,0,2,0,0,1,4,0,0,0,2,3
Zweitstimme,"01W409","01",Mitte,"409",W,4C,4,75,W,952,704,248,0,387,7,378,7,65,64,109,73,22,7,6,8,2,1,0,0,0,2,0,1,0,0,0,0,0,0,0,1,0,0,0,0,0,2,4,0,0,1,4,6
Zweitstimme,"01W410","01",Mitte,"410",W,4E,4,75,W,1276,902,374,0,513,19,506,6,61,85,179,88,16,20,7,12,1,2,0,1,0,1,0,0,0,2,0,4,0,0,0,0,0,0,1,0,0,2,4,0,0,4,4,12
Zweitstimme,"01W411","01",Mitte,"411",W,4F,4,75,W,1093,826,267,0,403,6,401,2,53,66,134,68,14,25,3,10,3,0,0,1,0,0,0,0,0,0,1,2,1,0,0,1,0,0,0,1,0,0,3,0,1,1,4,9
Zweitstimme,"01W412","01",Mitte,"412",W,4F,4,75,W,868,609,259,0,345,6,339,6,71,47,110,61,21,5,4,4,0,1,0,0,0,0,0,0,0,0,1,3,1,0,0,1,0,0,0,0,0,0,1,0,0,0,2,6
Zweitstimme,"01W413","01",Mitte,"413",W,4F,4,75,W,802,613,189,0,267,2,264,2,39,51,72,57,9,5,4,4,0,1,0,0,0,2,1,0,0,1,2,2,0,0,0,1,0,0,0,0,0,1,0,0,0,3,7,2
Zweitstimme,"01W414","01",Mitte,"414",W,4G,4,75,W,821,605,216,0,322,5,321,1,47,45,114,55,14,11,5,6,4,2,0,0,0,0,0,0,0,1,0,1,1,0,0,1,0,0,1,0,0,0,0,0,0,2,4,7
Zweitstimme,"01W415","01",Mitte,"415",W,4H,4,75,W,835,650,185,0,357,7,355,0,47,46,138,63,18,12,7,7,0,0,0,0,0,0,3,0,0,1,0,0,1,0,0,0,0,0,2,0,0,1,1,0,2,0,2,4
Zweitstimme,"01W416","01",Mitte,"416",W,4I,4,75,W,990,738,252,0,369,4,365,4,66,67,104,59,11,17,3,11,3,0,0,0,0,1,1,1,0,0,0,6,2,0,0,1,0,0,1,0,0,1,1,0,1,2,4,2
Zweitstimme,"01W417","01",Mitte,"417",W,4I,4,75,W,1117,817,300,0,366,14,362,2,54,79,111,46,8,12,8,12,1,1,1,1,0,0,2,0,0,1,0,5,0,0,0,0,0,0,2,0,0,0,3,0,0,1,8,6
Zweitstimme,"01W418","01",Mitte,"418",W,4J,4,75,W,1129,825,304,0,356,5,351,3,66,63,92,59,22,13,4,1,1,2,0,0,2,0,0,0,0,0,1,3,1,0,0,0,0,0,2,0,0,0,2,0,1,1,7,8
Zweitstimme,"01W419","01",Mitte,"419",W,4H,4,75,W,1242,898,344,0,499,11,492,4,71,61,178,104,24,19,5,4,1,0,0,0,0,4,0,0,0,0,0,1,0,0,0,1,0,0,0,1,0,0,1,0,1,1,5,10
Zweitstimme,"01W420","01",Mitte,"420",W,4K,4,75,W,886,650,236,0,353,16,353,0,44,60,117,61,13,16,8,9,2,0,0,0,0,0,2,0,0,0,0,2,1,0,0,0,0,0,1,0,0,0,7,0,0,0,1,9
Zweitstimme,"01W421","01",Mitte,"421",W,4K,4,75,W,790,611,179,0,298,9,296,2,50,88,55,34,22,10,5,7,1,2,0,2,0,1,0,0,0,1,2,2,0,0,0,2,0,0,0,0,0,0,2,0,1,0,5,4
Zweitstimme,"01W422","01",Mitte,"422",W,4G,4,75,W,971,700,271,0,341,10,340,1,36,64,122,54,13,13,10,8,2,0,0,0,0,0,1,0,0,0,1,0,0,0,0,0,0,0,2,0,0,1,1,0,0,1,7,4
Zweitstimme,"01W423","01",Mitte,"423",W,4J,4,75,W,932,738,194,0,313,8,309,3,66,85,54,33,32,11,2,11,2,0,0,0,0,0,0,0,0,1,0,1,1,0,0,1,0,0,0,0,0,1,2,0,1,0,4,1
Zweitstimme,"01W424","01",Mitte,"424",W,4L,4,75,W,1201,845,356,0,391,12,389,2,62,62,115,75,24,11,10,5,1,1,0,0,0,0,0,0,0,0,0,3,1,0,0,1,0,0,1,0,0,0,0,0,1,5,4,7
Zweitstimme,"01W425","01",Mitte,"425",W,4M,4,75,W,1267,910,357,0,479,8,473,5,65,53,146,112,30,16,11,12,0,2,0,0,0,0,2,0,0,1,0,1,1,0,0,0,0,0,1,1,0,2,3,0,0,3,3,8
Zweitstimme,"01W426","01",Mitte,"426",W,4M,4,75,W,1213,837,376,0,392,6,389,2,44,39,140,94,22,7,13,5,0,1,0,0,0,0,0,0,0,1,0,2,0,0,0,0,0,0,1,2,0,0,5,0,1,1,2,9
Zweitstimme,"01W427","01",Mitte,"427",W,4L,4,75,W,896,655,241,0,319,3,315,3,52,42,80,65,22,18,6,6,1,1,2,0,0,1,2,0,0,1,0,2,0,0,0,0,0,0,0,0,0,0,3,0,1,0,4,6
Zweitstimme,"01W428","01",Mitte,"428",W,4L,4,75,W,791,604,187,0,311,0,310,1,52,42,94,70,19,5,7,5,2,1,0,0,0,0,0,0,0,1,2,0,0,0,0,0,0,0,0,0,0,0,0,0,0,1,4,5
Zweitstimme,"01B4A","01",Mitte,4A,B,4A,4,75,W,0,0,0,0,421,421,419,2,54,48,163,59,19,17,9,13,4,2,0,0,0,0,1,0,0,2,0,2,1,0,0,3,0,0,1,1,0,0,3,0,5,4,1,7
Zweitstimme,"01B4B","01",Mitte,4B,B,4B,4,75,W,0,0,0,0,394,394,393,1,56,40,160,65,11,21,11,10,3,1,0,0,1,1,0,0,0,0,0,0,0,0,0,0,0,0,0,0,0,0,3,0,0,1,1,8
Zweitstimme,"01B4C","01",Mitte,4C,B,4C,4,75,W,0,0,0,0,594,594,592,2,81,102,209,94,16,25,12,6,2,1,0,2,0,2,0,0,0,2,1,3,1,0,0,2,0,0,1,0,0,1,9,0,2,1,8,9
Zweitstimme,"01B4D","01",Mitte,4D,B,4D,4,75,W,0,0,0,0,457,457,450,2,50,74,205,54,11,17,6,12,1,1,0,1,0,0,0,0,0,0,1,3,0,0,0,1,0,0,1,0,0,1,0,0,0,0,2,9
Zweitstimme,"01B4E","01",Mitte,4E,B,4E,4,75,W,0,0,0,0,569,569,569,0,80,82,252,78,9,18,11,9,1,2,0,0,0,0,0,0,0,0,2,6,1,0,0,1,0,0,2,0,0,0,1,0,0,0,1,13
Zweitstimme,"01B4F","01",Mitte,4F,B,4F,4,75,W,0,0,0,0,652,652,645,2,99,100,243,89,27,32,15,8,3,2,0,1,0,0,0,0,0,1,2,3,1,0,0,0,0,0,1,0,0,0,0,0,1,2,2,13
Zweitstimme,"01B4G","01",Mitte,4G,B,4G,4,75,W,0,0,0,0,430,430,429,0,48,61,174,65,7,17,6,6,10,0,0,0,0,0,0,0,0,2,1,3,1,0,0,1,0,0,0,0,0,1,4,0,1,0,3,18
Zweitstimme,"01B4H","01",Mitte,4H,B,4H,4,75,W,0,0,0,0,461,461,456,1,69,69,172,74,16,25,10,12,2,1,0,0,0,0,0,0,0,0,0,0,0,0,0,0,0,0,1,0,0,1,3,0,0,0,1,0
Zweitstimme,"01B4I","01",Mitte,4I,B,4I,4,75,W,0,0,0,0,466,466,464,2,61,81,182,61,9,20,11,7,2,3,0,1,0,0,0,0,0,0,0,1,1,0,0,0,0,0,2,0,0,2,3,0,2,0,5,10
Zweitstimme,"01B4J","01",Mitte,4J,B,4J,4,75,W,0,0,0,0,434,434,431,3,75,83,133,49,29,23,11,7,4,1,0,0,1,0,0,0,0,0,0,1,2,0,0,1,0,0,1,1,0,0,3,0,1,0,1,4
Zweitstimme,"01B4K","01",Mitte,4K,B,4K,4,75,W,0,0,0,0,354,354,353,1,48,51,136,47,21,17,9,5,1,2,0,1,0,2,0,0,0,0,3,3,0,0,0,0,0,0,0,0,0,1,0,0,0,0,0,6
Zweitstimme,"01B4L","01",Mitte,4L,B,4L,4,75,W,0,0,0,0,720,720,718,2,105,118,240,130,26,25,15,18,2,2,1,1,0,1,2,0,0,1,2,3,0,0,0,0,0,0,3,0,0,0,4,0,3,1,1,14
Zweitstimme,"01B4M","01",Mitte,4M,B,4M,4,75,W,0,0,0,0,677,677,674,3,84,83,268,130,21,23,8,18,3,1,0,1,0,1,0,0,0,1,1,3,1,0,0,1,0,0,4,1,0,0,5,0,4,1,1,10
Zweitstimme,"01W500","01",Mitte,"500",W,5A,5,75,W,955,661,294,0,273,2,267,3,56,77,25,26,32,19,3,7,4,4,0,3,0,0,0,0,0,0,0,2,1,0,0,5,0,0,0,0,0,0,1,0,0,0,1,1
Zweitstimme,"01W501","01",Mitte,"501",W,5A,5,75,W,772,561,211,0,270,3,267,3,68,82,27,22,28,15,3,7,2,1,0,1,0,2,0,0,0,0,1,2,0,0,0,2,0,0,2,0,0,0,1,0,1,0,0,0
Zweitstimme,"01W502","01",Mitte,"502",W,5A,5,75,W,476,371,105,0,142,0,138,4,38,44,12,16,19,2,3,0,1,0,0,0,0,0,0,0,0,0,1,0,0,0,0,0,0,0,0,0,0,0,0,0,1,0,0,1
Zweitstimme,"01W503","01",Mitte,"503",W,5B,5,75,W,972,748,224,0,380,0,375,4,107,152,19,29,41,7,5,3,2,2,0,0,0,0,0,0,0,0,0,3,0,0,0,1,0,0,1,0,0,0,0,0,1,0,1,1
Zweitstimme,"01W504","01",Mitte,"504",W,5B,5,75,W,649,494,155,0,179,0,176,3,32,47,21,21,20,7,7,10,3,1,0,1,0,0,0,0,0,0,0,0,0,0,0,0,0,0,0,1,0,0,0,0,0,0,4,1
Zweitstimme,"01W505","01",Mitte,"505",W,5B,5,75,W,873,687,186,0,286,5,282,4,52,62,60,36,33,11,2,7,3,3,0,1,0,0,0,0,0,0,0,1,1,0,0,1,0,0,0,0,0,0,0,0,0,1,8,0
Zweitstimme,"01W506","01",Mitte,"506",W,5C,5,75,W,946,700,246,0,354,3,349,4,72,140,31,22,41,13,4,10,1,1,1,0,0,0,0,0,0,0,0,1,0,0,0,4,0,0,0,0,0,0,1,0,0,2,4,1
Zweitstimme,"01W507","01",Mitte,"507",W,5C,5,75,W,1342,913,429,0,373,2,371,2,72,96,63,44,47,20,6,6,4,1,0,0,0,0,0,0,0,0,0,3,0,0,0,0,0,0,0,1,0,0,1,0,1,2,3,1
Zweitstimme,"01W508","01",Mitte,"508",W,5D,5,75,W,1121,730,391,0,419,9,405,7,99,107,57,40,46,10,9,12,3,1,1,0,0,0,0,1,0,0,0,1,0,0,0,3,0,0,3,1,0,1,2,0,2,1,4,1
Zweitstimme,"01W509","01",Mitte,"509",W,5D,5,75,W,1104,877,227,0,347,0,339,4,62,114,45,30,45,13,3,8,0,0,1,0,0,0,0,0,0,0,0,0,0,0,0,3,0,0,1,0,0,1,1,0,0,1,9,2
Zweitstimme,"01W510","01",Mitte,"510",W,5E,5,75,W,992,785,207,0,317,2,311,5,52,92,21,34,61,12,6,16,0,3,0,2,0,0,0,0,0,0,0,2,1,0,0,1,0,0,2,0,0,1,0,0,2,1,2,0
Zweitstimme,"01W511","01",Mitte,"511",W,5F,5,75,W,1054,817,237,0,300,0,295,4,60,90,18,17,67,10,3,13,1,2,1,0,0,0,0,0,0,0,0,3,0,0,0,2,0,0,0,0,0,1,0,0,0,0,7,0
Zweitstimme,"01W512","01",Mitte,"512",W,5G,5,75,W,1057,847,210,0,237,2,236,1,43,40,47,43,32,6,3,9,0,1,0,1,0,2,0,0,0,0,1,1,0,0,0,1,0,0,4,0,0,0,0,0,0,0,1,1
Zweitstimme,"01W513","01",Mitte,"513",W,5H,5,75,W,1284,971,313,0,420,6,417,2,70,52,110,98,28,14,5,14,5,2,0,0,0,0,0,0,0,0,0,3,0,0,0,0,0,0,2,1,0,0,0,0,2,2,4,5
Zweitstimme,"01W514","01",Mitte,"514",W,5H,5,75,W,963,735,228,0,321,1,319,2,40,80,63,64,29,3,6,9,0,2,0,1,0,2,0,0,0,1,0,3,0,0,0,2,0,0,1,0,0,0,4,0,1,1,3,4
Zweitstimme,"01W515","01",Mitte,"515",W,5I,5,75,W,1247,934,313,0,386,5,381,4,50,85,85,58,44,10,12,13,3,2,1,1,0,0,0,1,0,0,0,0,0,0,0,1,0,0,2,0,0,1,3,0,2,1,1,5
Zweitstimme,"01W516","01",Mitte,"516",W,5I,5,75,W,919,709,210,0,271,2,270,1,46,52,62,42,17,15,8,7,3,1,0,0,0,2,0,0,0,1,0,2,0,0,0,0,0,0,1,0,0,0,2,0,2,0,5,2
Zweitstimme,"01W517","01",Mitte,"517",W,5E,5,75,W,1286,955,331,0,389,2,387,2,81,63,92,61,43,13,6,10,0,0,0,1,0,0,0,0,0,1,0,3,0,0,0,2,0,0,1,0,0,0,2,0,1,1,2,4
Zweitstimme,"01W518","01",Mitte,"518",W,5J,5,75,W,1259,986,273,0,350,4,342,6,50,56,96,79,14,8,7,7,1,1,0,1,0,1,0,0,0,0,0,4,1,0,0,0,0,0,1,0,0,0,6,0,1,0,4,4
Zweitstimme,"01W519","01",Mitte,"519",W,5J,5,75,W,1362,1025,337,0,509,9,506,3,75,69,141,120,34,11,7,5,7,2,0,0,0,4,1,0,0,1,1,5,0,0,0,1,0,0,0,0,0,0,2,0,0,0,13,7
Zweitstimme,"01W520","01",Mitte,"520",W,5F,5,75,W,1330,889,441,0,387,6,386,1,53,48,119,90,14,5,11,12,2,1,0,1,0,0,0,0,0,2,1,2,1,0,0,2,0,0,0,0,0,1,5,0,1,1,8,6
Zweitstimme,"01W521","01",Mitte,"521",W,5G,5,75,W,1018,764,254,0,161,0,156,5,35,40,15,21,30,4,3,2,0,2,0,0,0,0,0,0,0,0,0,1,0,0,0,2,0,0,0,0,0,0,0,0,0,0,1,0
Zweitstimme,"01W522","01",Mitte,"522",W,5K,5,75,W,848,588,260,0,312,7,310,2,53,76,75,44,23,15,3,8,3,1,0,0,0,0,0,0,0,0,0,2,0,0,0,0,0,0,1,0,0,0,2,0,0,2,1,1
Zweitstimme,"01W523","01",Mitte,"523",W,5K,5,75,W,654,410,244,0,174,0,170,4,36,73,17,12,13,5,1,7,0,0,0,0,1,0,0,0,0,0,1,0,0,0,0,0,0,0,0,0,0,0,1,0,1,0,1,1
Zweitstimme,"01W524","01",Mitte,"524",W,5K,5,75,W,833,566,267,0,246,3,242,4,32,45,81,37,21,7,4,1,1,0,0,0,0,1,1,1,0,0,0,1,0,0,0,0,0,0,0,0,0,0,0,0,1,0,0,8
Zweitstimme,"01W525","01",Mitte,"525",W,5L,5,75,W,786,575,211,0,268,4,264,3,37,20,82,67,14,12,5,4,3,2,0,0,0,0,0,0,0,3,0,2,1,0,0,0,0,0,0,0,0,0,5,0,0,1,3,3
Zweitstimme,"01W526","01",Mitte,"526",W,5L,5,75,W,1414,890,524,0,438,8,432,6,40,52,144,93,33,12,5,15,1,3,0,1,0,3,1,0,0,0,0,4,0,0,0,3,0,0,2,0,0,0,2,0,0,3,5,10
Zweitstimme,"01B5A","01",Mitte,5A,B,5A,5,75,W,0,0,0,0,538,538,533,5,110,183,83,38,52,20,8,18,2,4,0,1,0,1,0,0,0,1,0,2,1,0,0,2,0,0,0,0,0,0,0,0,2,0,1,4
Zweitstimme,"01B5B","01",Mitte,5B,B,5B,5,75,W,0,0,0,0,503,503,499,4,113,153,92,41,37,21,8,12,1,1,0,4,0,1,0,0,0,0,0,0,0,0,0,4,0,0,2,0,0,1,1,0,1,1,1,4
Zweitstimme,"01B5C","01",Mitte,5C,B,5C,5,75,W,0,0,0,0,617,617,613,4,127,234,101,47,32,19,11,19,3,0,0,4,0,1,0,1,0,1,1,0,0,0,0,0,0,0,1,2,0,2,0,0,0,0,0,7
Zweitstimme,"01B5D","01",Mitte,5D,B,5D,5,75,W,0,0,0,0,552,552,548,4,139,171,82,47,39,12,7,19,4,1,1,0,0,2,0,0,0,0,1,5,0,0,0,4,0,0,1,0,0,2,2,0,3,1,3,2
Zweitstimme,"01B5E","01",Mitte,5E,B,5E,5,75,W,0,0,0,0,468,468,466,2,78,147,87,62,32,14,7,14,3,3,0,1,1,0,0,0,0,0,0,3,0,0,0,1,0,0,0,0,0,3,3,0,2,2,1,2
Zweitstimme,"01B5F","01",Mitte,5F,B,5F,5,75,W,0,0,0,0,601,601,600,1,103,118,174,93,20,19,10,22,1,5,1,2,0,1,0,0,0,3,0,1,1,0,0,1,0,0,1,0,0,0,4,0,5,2,5,8
Zweitstimme,"01B5G","01",Mitte,5G,B,5G,5,75,W,0,0,0,0,399,399,395,3,86,97,74,47,40,9,6,17,0,5,1,0,0,1,0,0,0,0,1,0,1,0,0,5,0,0,1,1,0,0,1,0,1,0,0,1
Zweitstimme,"01B5H","01",Mitte,5H,B,5H,5,75,W,0,0,0,0,478,478,477,1,80,91,147,79,30,10,8,13,0,1,1,0,1,1,0,0,0,1,0,0,0,0,0,2,0,0,1,0,0,1,0,0,0,3,1,6
Zweitstimme,"01B5I","01",Mitte,5I,B,5I,5,75,W,0,0,0,0,473,473,467,6,97,104,109,67,32,10,9,7,1,2,0,1,0,2,0,0,0,0,0,2,0,0,0,5,0,0,1,0,0,1,1,0,2,0,6,8
Zweitstimme,"01B5J","01",Mitte,5J,B,5J,5,75,W,0,0,0,0,542,542,539,3,63,52,225,111,22,11,5,15,1,1,0,2,0,2,0,0,0,3,0,2,0,0,0,2,0,0,2,0,0,1,8,0,1,1,2,7
Zweitstimme,"01B5K","01",Mitte,5K,B,5K,5,75,W,0,0,0,0,695,695,691,3,125,216,163,71,37,29,3,17,0,4,0,3,0,1,2,0,0,0,0,3,0,0,0,1,0,0,1,0,0,0,3,0,2,1,0,9
Zweitstimme,"01B5L","01",Mitte,5L,B,5L,5,75,W,0,0,0,0,677,677,676,1,110,66,261,127,24,17,21,11,0,3,0,3,0,2,0,0,0,1,0,2,0,0,0,1,0,0,3,0,0,2,8,0,3,3,0,8
Zweitstimme,"01W600","01",Mitte,"600",W,6A,6,75,W,1326,1025,301,0,346,8,343,2,42,44,97,77,21,12,11,11,2,1,0,0,0,1,0,0,0,0,0,1,0,0,0,1,0,0,2,0,0,1,4,0,0,2,10,3
Zweitstimme,"01W601","01",Mitte,"601",W,6B,6,75,W,798,629,169,0,300,5,298,2,61,82,57,41,17,7,5,3,1,0,1,1,0,0,0,0,0,0,0,5,2,0,0,2,0,0,1,0,0,0,1,0,2,1,6,2
Zweitstimme,"01W602","01",Mitte,"602",W,6B,6,75,W,1110,812,298,0,479,13,474,4,80,53,134,95,44,14,8,17,2,2,0,1,0,1,0,0,0,0,1,1,0,0,0,1,0,0,1,1,0,2,4,0,1,2,3,6
Zweitstimme,"01W603","01",Mitte,"603",W,6A,6,75,W,838,660,178,0,290,4,287,3,46,27,89,72,12,8,11,6,1,1,1,0,0,0,0,0,0,3,0,2,0,0,0,0,0,0,1,0,0,0,0,0,1,1,4,1
Zweitstimme,"01W604","01",Mitte,"604",W,6C,6,75,W,836,700,136,0,217,3,216,1,45,42,40,37,24,2,2,5,0,0,1,1,0,1,0,0,0,0,1,4,0,0,0,1,0,0,2,0,0,0,1,0,0,0,7,0
Zweitstimme,"01W605","01",Mitte,"605",W,6D,6,75,W,998,780,218,0,298,5,294,4,39,59,69,62,25,8,4,5,2,0,1,0,0,2,0,0,0,1,0,2,0,0,0,2,0,0,2,1,0,1,1,0,1,0,5,2
Zweitstimme,"01W606","01",Mitte,"606",W,6D,6,75,W,764,568,196,0,254,3,239,8,30,38,60,33,31,4,2,13,3,0,1,0,0,0,0,0,0,1,3,1,0,0,0,0,0,0,4,1,0,1,4,0,1,2,2,4
Zweitstimme,"01W607","01",Mitte,"607",W,6E,6,75,W,790,651,139,0,191,5,188,2,22,21,56,54,14,2,5,3,2,0,0,1,0,0,0,0,0,1,0,0,0,0,0,0,0,0,1,0,0,0,0,0,2,0,2,2
Zweitstimme,"01W608","01",Mitte,"608",W,6C,6,75,W,990,792,198,0,292,3,286,6,33,38,78,76,13,5,7,10,0,1,0,1,0,2,0,0,0,1,0,2,1,0,0,1,0,0,5,0,0,0,3,0,0,0,5,4
Zweitstimme,"01W609","01",Mitte,"609",W,6F,6,75,W,1117,871,246,0,337,5,333,3,53,42,81,86,19,10,13,4,0,1,0,1,0,3,1,0,0,1,0,2,1,0,0,0,0,0,2,0,0,0,3,0,1,0,5,4
Zweitstimme,"01W610","01",Mitte,"610",W,6F,6,75,W,1142,897,245,0,309,5,308,1,45,40,77,81,16,11,5,6,0,2,0,1,0,0,1,0,0,2,0,2,1,0,0,2,0,0,3,0,0,0,3,0,0,0,7,3
Zweitstimme,"01W611","01",Mitte,"611",W,6G,6,75,W,1292,984,308,0,356,7,350,4,50,36,96,91,18,12,9,7,1,0,0,0,0,0,0,0,0,0,0,5,1,0,0,0,0,0,3,0,0,0,2,0,2,0,13,4
Zweitstimme,"01W612","01",Mitte,"612",W,6E,6,75,W,1000,784,216,0,248,2,242,5,41,24,68,68,6,8,7,6,1,0,0,1,0,1,0,0,0,0,0,1,0,0,0,1,0,0,0,0,0,0,2,0,1,0,3,3
Zweitstimme,"01W613","01",Mitte,"613",W,6H,6,75,W,1346,1000,346,0,392,2,387,5,41,61,137,82,14,9,8,15,1,0,1,0,0,0,0,0,0,0,0,1,0,0,0,0,0,0,0,0,0,1,3,0,2,2,5,4
Zweitstimme,"01W614","01",Mitte,"614",W,6H,6,75,W,1154,847,307,0,464,11,454,9,60,98,96,74,45,14,9,17,2,0,0,3,0,2,3,1,0,2,0,6,0,0,0,4,0,0,3,0,0,1,3,0,0,3,3,5
Zweitstimme,"01W615","01",Mitte,"615",W,6G,6,75,W,881,694,187,0,217,2,216,1,33,31,53,66,8,6,1,5,0,0,0,0,1,2,0,0,0,0,1,1,0,0,0,0,0,0,0,0,0,0,0,0,1,0,5,2
Zweitstimme,"01W616","01",Mitte,"616",W,6I,6,75,W,1027,782,245,0,349,6,343,3,39,25,115,92,15,4,17,12,2,0,0,0,0,3,0,0,0,1,1,4,2,0,0,1,0,0,2,1,0,1,1,0,0,1,2,2
Zweitstimme,"01W617","01",Mitte,"617",W,6I,6,75,W,929,707,222,0,313,2,308,5,49,33,105,63,18,5,7,8,3,1,0,1,0,0,0,0,0,1,1,1,0,0,0,0,0,0,3,0,0,0,1,0,0,0,1,7
Zweitstimme,"01W618","01",Mitte,"618",W,6J,6,75,W,1437,1161,276,0,496,9,496,0,104,74,145,95,18,8,14,5,0,1,0,1,0,1,0,1,0,1,2,6,0,0,0,0,0,0,1,0,0,1,1,0,1,3,6,7
Zweitstimme,"01W619","01",Mitte,"619",W,6J,6,75,W,1117,825,292,0,391,8,384,5,69,66,92,74,24,9,9,10,1,0,1,0,0,1,0,0,0,2,0,5,0,0,0,1,0,0,2,0,0,0,1,0,3,1,5,8
Zweitstimme,"01W620","01",Mitte,"620",W,6K,6,75,W,1025,774,251,0,262,2,261,1,24,42,85,60,13,8,6,5,2,1,0,3,0,0,1,0,0,0,1,1,1,0,0,0,0,0,0,0,0,0,3,0,1,0,4,0
Zweitstimme,"01W621","01",Mitte,"621",W,6K,6,75,W,969,777,192,0,198,2,195,3,35,28,50,51,3,5,3,5,0,0,0,0,0,0,0,0,0,0,0,0,0,0,0,0,0,0,2,0,0,0,5,0,0,1,6,1
Zweitstimme,"01W622","01",Mitte,"622",W,6L,6,75,W,640,502,138,0,159,3,159,0,23,27,39,34,17,6,0,5,1,0,0,0,0,0,0,0,0,0,0,1,0,0,0,1,0,0,1,0,0,0,0,0,0,0,2,2
Zweitstimme,"01W623","01",Mitte,"623",W,6L,6,75,W,898,667,231,0,267,7,262,5,32,39,85,52,10,15,5,4,2,0,0,0,0,1,0,0,0,0,0,3,1,0,0,0,0,0,2,0,0,0,3,0,1,0,3,4
Zweitstimme,"01W624","01",Mitte,"624",W,6M,6,75,W,1230,993,237,0,309,6,304,5,65,59,71,45,23,4,10,8,2,1,0,1,0,3,0,0,0,0,0,0,0,0,0,0,0,0,1,0,0,0,3,0,0,2,4,2
Zweitstimme,"01W625","01",Mitte,"625",W,6M,6,75,W,969,792,177,0,315,0,306,5,61,57,67,54,22,14,5,6,2,0,0,0,0,1,0,0,0,0,0,3,1,0,0,0,0,0,1,0,0,1,2,0,0,2,4,3
Zweitstimme,"01B6A","01",Mitte,6A,B,6A,6,75,W,0,0,0,0,417,417,414,3,52,69,120,95,21,7,7,15,3,1,0,0,0,1,1,0,0,2,1,2,1,0,0,1,0,0,2,1,0,1,1,0,2,3,1,4
Zweitstimme,"01B6B","01",Mitte,6B,B,6B,6,75,W,0,0,0,0,394,394,389,1,62,73,110,77,14,7,16,9,0,3,0,1,0,0,0,0,0,1,0,1,1,0,0,2,0,0,0,0,0,1,4,0,1,1,0,5
Zweitstimme,"01B6C","01",Mitte,6C,B,6C,6,75,W,0,0,0,0,294,294,291,1,39,29,95,59,17,5,9,13,4,2,0,0,0,2,0,0,0,2,1,0,0,0,0,0,0,0,3,0,0,0,1,0,0,1,2,7
Zweitstimme,"01B6D","01",Mitte,6D,B,6D,6,75,W,0,0,0,0,361,361,359,2,68,71,80,70,21,9,3,14,1,2,0,0,0,1,1,0,0,1,0,0,1,0,0,1,0,0,3,0,0,0,0,0,1,1,5,5
Zweitstimme,"01B6E","01",Mitte,6E,B,6E,6,75,W,0,0,0,0,312,312,311,0,40,33,109,71,9,7,6,7,1,1,0,1,0,1,0,0,0,0,0,3,2,0,0,0,0,0,6,0,0,0,2,0,2,0,7,3
Zweitstimme,"01B6F","01",Mitte,6F,B,6F,6,75,W,0,0,0,0,448,448,446,2,50,54,149,108,24,17,10,8,1,3,0,0,0,0,1,0,0,0,0,1,0,0,0,1,0,0,4,0,0,0,3,0,0,2,1,9
Zweitstimme,"01B6G","01",Mitte,6G,B,6G,6,75,W,0,0,0,0,436,436,433,3,76,63,125,88,20,13,13,10,0,1,1,0,0,2,2,0,0,0,0,0,0,0,0,2,0,0,2,0,0,0,5,0,2,1,2,5
Zweitstimme,"01B6H","01",Mitte,6H,B,6H,6,75,W,0,0,0,0,580,580,579,1,73,89,202,113,20,14,13,16,5,0,0,0,0,3,1,0,0,1,2,4,0,0,0,2,0,0,5,0,0,0,6,0,3,0,1,6
Zweitstimme,"01B6I","01",Mitte,6I,B,6I,6,75,W,0,0,0,0,416,416,413,3,39,38,151,93,14,20,11,19,2,0,1,1,0,2,0,0,0,0,0,1,0,0,0,1,0,0,4,0,0,0,4,0,2,2,1,7
Zweitstimme,"01B6J","01",Mitte,6J,B,6J,6,75,W,0,0,0,0,506,506,500,5,73,87,157,87,19,17,13,7,3,1,0,1,0,0,0,0,0,4,0,3,1,0,0,5,0,0,0,0,0,0,2,0,1,0,4,15
Zweitstimme,"01B6K","01",Mitte,6K,B,6K,6,75,W,0,0,0,0,405,405,403,2,50,47,134,112,7,12,8,8,3,2,0,2,0,0,0,0,0,1,1,2,0,0,0,0,0,0,2,0,0,1,4,0,0,2,2,3
Zweitstimme,"01B6L","01",Mitte,6L,B,6L,6,75,W,0,0,0,0,328,328,328,0,54,47,112,63,17,10,5,4,1,1,0,0,0,1,0,0,0,2,1,2,0,0,0,1,0,0,3,0,0,1,1,0,2,0,0,0
Zweitstimme,"01B6M","01",Mitte,6M,B,6M,6,75,W,0,0,0,0,354,354,354,0,55,54,93,78,13,22,7,6,1,2,2,1,0,0,0,0,0,3,0,2,0,0,0,1,0,0,1,0,0,0,3,0,2,1,0,7
Zweitstimme,"01W700","01",Mitte,"700",W,7A,7,75,W,854,672,182,0,224,5,220,4,32,38,61,45,12,8,2,10,1,0,0,0,0,0,0,0,0,0,0,1,0,0,0,2,0,0,0,0,0,1,1,0,1,0,4,1
Zweitstimme,"01W701","01",Mitte,"701",W,7A,7,75,W,1221,808,413,0,392,4,379,1,42,46,124,99,22,5,18,9,2,1,0,0,0,0,0,0,0,2,0,1,0,0,0,0,0,0,1,0,0,1,0,0,0,1,2,3
Zweitstimme,"01W702","01",Mitte,"702",W,7B,7,75,W,1029,809,220,0,307,2,305,2,51,59,83,58,18,6,3,8,3,1,0,1,0,0,0,0,0,1,0,1,1,0,0,0,0,0,0,0,0,0,1,0,0,0,5,5
Zweitstimme,"01W703","01",Mitte,"703",W,7B,7,75,W,1055,777,278,0,354,3,348,6,75,71,87,58,22,10,2,5,2,1,0,1,0,2,0,0,0,1,0,0,0,0,0,1,0,0,1,0,0,0,0,0,1,0,4,4
Zweitstimme,"01W704","01",Mitte,"704",W,7C,7,75,W,810,582,228,0,247,3,244,3,34,33,77,65,6,5,2,8,2,0,0,0,0,0,1,0,0,1,0,2,1,0,0,0,0,0,0,0,0,0,0,0,0,1,1,5
Zweitstimme,"01W705","01",Mitte,"705",W,7C,7,75,W,921,631,290,0,313,5,312,1,39,24,114,75,12,8,8,8,1,0,0,1,0,1,0,0,0,3,0,5,0,0,0,0,0,0,1,0,0,0,2,0,1,3,0,6
Zweitstimme,"01W706","01",Mitte,"706",W,7D,7,75,W,1176,814,362,0,418,6,414,3,51,44,154,88,21,13,5,9,7,0,0,0,0,0,1,0,0,2,0,2,1,0,0,1,0,0,1,0,0,0,1,0,1,0,3,9
Zweitstimme,"01W707","01",Mitte,"707",W,7D,7,75,W,1158,844,314,0,397,5,394,3,53,31,142,86,18,16,12,7,1,3,0,0,0,1,2,0,0,0,0,5,0,0,0,2,0,0,3,1,0,0,2,0,1,0,1,7
Zweitstimme,"01W708","01",Mitte,"708",W,7E,7,75,W,1061,808,253,0,339,0,335,2,41,58,99,65,21,18,9,7,1,3,0,0,0,2,0,0,0,0,1,1,0,0,0,0,0,0,1,0,0,0,2,0,0,0,6,0
Zweitstimme,"01W709","01",Mitte,"709",W,7E,7,75,W,1147,870,277,0,385,3,384,1,67,52,104,76,22,16,13,6,2,0,0,0,1,0,0,0,0,0,1,4,2,0,0,1,0,0,3,0,0,2,0,0,1,0,7,4
Zweitstimme,"01W710","01",Mitte,"710",W,7F,7,75,W,1287,1003,284,0,388,3,386,2,55,58,117,76,17,18,6,8,1,0,0,0,0,0,0,0,0,1,0,1,0,0,0,3,0,0,2,0,0,2,2,0,0,3,9,7
Zweitstimme,"01W711","01",Mitte,"711",W,7F,7,75,W,1165,834,331,0,353,7,348,3,45,48,119,73,19,5,6,7,4,0,0,1,0,1,1,0,0,0,0,4,0,0,0,0,0,0,3,0,0,0,0,0,1,0,4,7
Zweitstimme,"01W712","01",Mitte,"712",W,7G,7,75,W,1383,1094,289,0,417,7,415,1,63,54,124,80,21,13,10,8,3,0,0,0,0,4,0,0,0,1,2,8,0,0,0,3,0,0,0,0,0,0,1,0,0,1,13,6
Zweitstimme,"01W713","01",Mitte,"713",W,7G,7,75,W,875,636,239,0,253,3,249,4,51,50,54,37,23,10,4,8,1,1,0,1,0,0,0,0,0,0,0,1,0,0,0,0,0,0,0,0,0,0,2,0,0,0,3,3
Zweitstimme,"01W714","01",Mitte,"714",W,7H,7,75,W,1071,868,203,0,314,5,310,4,47,62,79,63,23,10,3,4,1,3,0,0,0,1,0,0,0,0,0,1,0,0,0,0,0,0,1,0,0,1,1,0,1,0,6,3
Zweitstimme,"01W715","01",Mitte,"715",W,7H,7,75,W,1149,906,243,0,303,3,300,3,38,77,64,54,30,10,6,4,1,1,1,2,0,0,0,0,0,0,1,3,0,0,0,0,0,0,2,0,0,0,0,0,0,0,5,1
Zweitstimme,"01W716","01",Mitte,"716",W,7I,7,75,W,948,762,186,0,303,8,297,5,54,83,57,39,19,15,6,3,1,0,0,0,0,1,0,0,0,2,1,0,1,0,0,1,0,0,0,0,0,0,1,0,0,0,11,2
Zweitstimme,"01W717","01",Mitte,"717",W,7I,7,75,W,1123,917,206,0,341,6,335,6,73,81,49,55,24,13,4,8,3,1,0,2,0,2,1,0,0,0,1,5,0,0,0,0,0,0,0,0,0,0,0,0,1,0,10,2
Zweitstimme,"01W718","01",Mitte,"718",W,7J,7,75,W,848,767,81,0,250,2,242,8,50,53,41,40,14,9,1,7,1,2,0,0,0,1,1,0,0,1,0,3,0,0,0,0,0,0,3,0,0,0,0,0,1,0,13,1
Zweitstimme,"01W719","01",Mitte,"719",W,7K,7,75,W,940,836,104,0,237,5,232,4,56,71,15,28,25,10,0,4,1,1,0,2,0,0,0,0,0,0,0,1,0,0,0,2,0,0,2,0,0,0,0,0,0,0,13,1
Zweitstimme,"01W720","01",Mitte,"720",W,7L,7,75,W,1326,1051,275,0,482,3,477,3,79,139,91,62,38,19,10,10,2,0,0,1,1,1,0,0,0,1,0,6,1,0,0,1,0,0,0,0,0,0,0,0,1,1,8,5
Zweitstimme,"01W721","01",Mitte,"721",W,7J,7,75,W,1496,1173,323,0,391,4,386,5,82,77,98,45,17,26,7,8,3,0,0,0,0,1,0,0,0,0,0,3,0,0,0,1,0,0,0,0,0,0,2,0,0,1,9,6
Zweitstimme,"01W722","01",Mitte,"722",W,7K,7,75,W,990,827,163,0,354,9,349,2,73,61,64,61,33,12,6,11,8,0,0,0,0,2,0,0,0,0,2,3,0,0,0,2,0,0,1,0,0,0,0,0,1,1,4,4
Zweitstimme,"01W723","01",Mitte,"723",W,7M,7,75,W,1307,1031,276,0,444,11,434,10,82,93,80,83,44,13,5,14,1,0,0,0,0,0,0,0,0,0,0,3,0,0,0,2,0,0,0,0,0,0,4,0,1,0,5,4
Zweitstimme,"01W724","01",Mitte,"724",W,7M,7,75,W,865,678,187,0,243,2,243,0,45,62,40,34,27,7,4,3,1,1,0,1,0,0,1,0,0,1,0,6,0,0,0,0,0,0,1,0,0,1,1,0,1,0,5,1
Zweitstimme,"01W725","01",Mitte,"725",W,7L,7,75,W,1066,881,185,0,283,3,280,3,65,61,44,42,27,10,6,4,3,3,0,1,1,0,0,0,0,1,0,1,0,0,0,2,0,0,0,0,0,0,2,0,0,0,6,1
Zweitstimme,"01B7A","01",Mitte,7A,B,7A,7,75,W,0,0,0,0,528,528,525,2,65,61,204,112,18,13,11,11,1,0,0,0,0,0,0,0,0,6,1,3,0,0,0,2,0,0,2,0,0,0,3,0,0,0,7,5
Zweitstimme,"01B7B","01",Mitte,7B,B,7B,7,75,W,0,0,0,0,460,460,456,4,69,89,155,67,21,14,6,11,0,2,0,1,0,1,5,0,0,0,1,0,0,0,0,1,0,0,1,1,0,0,5,0,0,1,2,3
Zweitstimme,"01B7C","01",Mitte,7C,B,7C,7,75,W,0,0,0,0,452,452,450,2,78,38,190,77,14,12,7,11,0,0,2,0,0,1,0,0,0,2,1,1,0,0,0,0,0,0,0,0,0,1,6,0,1,1,0,7
Zweitstimme,"01B7D","01",Mitte,7D,B,7D,7,75,W,0,0,0,0,610,610,606,4,83,81,264,87,15,13,12,8,3,2,0,0,0,1,1,0,0,1,2,1,1,0,0,2,0,0,3,0,0,0,2,0,2,2,4,16
Zweitstimme,"01B7E","01",Mitte,7E,B,7E,7,75,W,0,0,0,0,486,486,484,2,55,58,203,90,13,16,13,11,3,3,0,2,0,4,0,0,0,1,0,1,0,0,0,0,0,0,0,0,0,1,5,0,0,1,2,2
Zweitstimme,"01B7F","01",Mitte,7F,B,7F,7,75,W,0,0,0,0,537,537,532,4,70,86,178,113,16,17,9,8,0,2,0,0,0,0,0,0,0,3,0,5,1,0,0,3,0,0,5,0,0,0,0,0,0,2,3,11
Zweitstimme,"01B7G","01",Mitte,7G,B,7G,7,75,W,0,0,0,0,452,452,450,2,75,85,131,85,14,18,7,8,2,2,0,3,0,3,0,0,0,0,0,1,1,0,0,2,0,0,2,0,0,0,0,0,1,0,5,5
Zweitstimme,"01B7H","01",Mitte,7H,B,7H,7,75,W,0,0,0,0,376,376,375,1,58,81,100,60,26,15,4,11,2,1,0,0,0,1,0,0,0,1,0,1,0,0,0,1,0,0,1,0,0,0,2,0,0,0,6,4
Zweitstimme,"01B7I","01",Mitte,7I,B,7I,7,75,W,0,0,0,0,345,345,344,1,63,84,83,43,17,17,4,9,1,2,0,1,0,1,0,0,0,3,0,2,1,0,0,1,0,0,0,0,0,0,2,0,4,0,1,5
Zweitstimme,"01B7J","01",Mitte,7J,B,7J,7,75,W,0,0,0,0,357,357,354,1,61,79,111,41,10,17,7,7,4,0,0,2,0,0,0,0,0,1,0,0,0,0,0,0,0,0,3,0,0,0,0,0,0,4,1,6
Zweitstimme,"01B7K","01",Mitte,7K,B,7K,7,75,W,0,0,0,0,224,224,223,1,40,44,60,28,10,11,4,8,1,1,0,0,0,1,0,1,0,0,0,0,0,0,0,1,0,0,0,0,0,2,3,0,1,1,5,1
Zweitstimme,"01B7L","01",Mitte,7L,B,7L,7,75,W,0,0,0,0,417,417,413,3,91,80,92,59,20,19,10,15,2,1,1,0,0,1,0,0,0,2,0,2,1,0,0,3,0,0,1,0,0,1,6,0,0,1,1,4
Zweitstimme,"01B7M","01",Mitte,7M,B,7M,7,75,W,0,0,0,0,397,397,394,3,82,74,95,51,30,10,9,12,1,4,0,4,0,1,0,0,0,0,0,3,0,0,0,1,0,0,1,0,0,2,2,0,3,1,3,5
Zweitstimme,"02W101","02",Friedrichshain-Kreuzberg,"101",W,1A,1,83,W,1058,878,180,0,375,5,370,4,87,82,69,53,21,15,6,2,1,0,0,2,0,0,0,0,0,0,2,5,0,0,0,1,0,0,1,0,0,0,3,0,0,4,11,5
Zweitstimme,"02W102","02",Friedrichshain-Kreuzberg,"102",W,1B,1,83,W,1208,993,215,0,354,6,348,5,74,77,76,41,25,14,8,10,4,0,1,0,1,0,0,0,0,0,0,3,0,0,0,2,0,0,0,1,0,0,4,0,1,1,3,2
Zweitstimme,"02W103","02",Friedrichshain-Kreuzberg,"103",W,1C,1,83,W,1034,885,149,0,305,6,299,6,74,92,38,39,14,8,1,9,0,0,0,0,0,0,0,0,0,0,0,0,1,0,0,1,0,0,0,1,0,0,1,0,1,0,16,3
Zweitstimme,"02W104","02",Friedrichshain-Kreuzberg,"104",W,1D,1,83,W,713,571,142,0,208,0,207,1,52,52,50,20,7,12,2,4,0,2,0,0,0,0,0,0,0,0,0,1,0,0,0,0,0,0,0,0,0,0,0,0,1,0,2,2
Zweitstimme,"02W105","02",Friedrichshain-Kreuzberg,"105",W,1E,1,83,W,1020,820,200,0,300,1,298,2,48,71,47,65,19,11,7,7,1,1,0,2,0,1,1,0,0,1,0,0,1,0,0,0,0,0,3,1,0,0,3,0,1,0,5,2
Zweitstimme,"02W106","02",Friedrichshain-Kreuzberg,"106",W,1F,1,83,W,1460,1143,317,0,377,7,373,3,61,84,98,75,14,11,5,3,1,2,0,0,0,0,0,1,0,0,0,2,0,0,0,0,0,0,4,1,0,1,0,0,1,0,9,0
Zweitstimme,"02W107","02",Friedrichshain-Kreuzberg,"107",W,1G,1,83,W,610,476,134,0,229,3,228,1,45,42,77,31,5,14,5,2,0,0,0,0,0,0,0,0,0,1,0,0,0,0,0,1,0,0,2,0,0,0,0,0,0,0,2,1
Zweitstimme,"02W108","02",Friedrichshain-Kreuzberg,"108",W,1G,1,83,W,752,406,346,0,237,16,236,1,41,54,65,17,8,24,2,9,2,0,0,0,0,0,0,0,0,0,0,0,0,0,0,1,0,0,0,1,0,1,2,0,0,0,0,9
Zweitstimme,"02W109","02",Friedrichshain-Kreuzberg,"109",W,1H,1,83,W,1182,821,361,0,496,20,487,9,85,63,183,104,9,7,7,6,2,0,0,0,0,1,1,0,0,0,0,8,0,0,0,1,0,0,1,1,0,0,3,0,0,0,1,4
Zweitstimme,"02W110","02",Friedrichshain-Kreuzberg,"110",W,1J,1,83,W,1084,651,433,0,358,15,357,1,54,49,135,64,8,16,7,5,1,0,0,0,0,0,1,0,0,1,0,5,0,0,0,0,0,0,0,1,0,1,3,0,1,1,0,4
Zweitstimme,"02W111","02",Friedrichshain-Kreuzberg,"111",W,1K,1,83,W,1113,793,320,0,439,16,437,2,65,43,159,109,20,10,5,7,0,2,0,1,0,0,0,0,0,1,0,2,0,0,0,0,0,0,1,0,0,0,4,0,1,0,1,6
Zweitstimme,"02W112","02",Friedrichshain-Kreuzberg,"112",W,1L,1,83,W,1297,871,426,0,458,14,455,3,74,48,154,109,16,14,11,5,2,0,0,1,0,1,0,0,0,1,0,5,0,0,0,0,0,0,6,1,0,0,1,0,0,0,1,5
Zweitstimme,"02W113","02",Friedrichshain-Kreuzberg,"113",W,1M,1,83,W,945,602,343,0,405,13,401,4,69,48,164,75,4,15,10,4,0,1,0,0,0,0,0,0,0,3,0,1,0,0,0,0,0,0,2,0,0,0,1,0,0,0,2,2
Zweitstimme,"02W114","02",Friedrichshain-Kreuzberg,"114",W,1N,1,83,W,805,527,278,0,337,6,335,1,49,34,132,64,6,16,9,13,0,0,0,0,0,0,0,0,0,1,0,4,0,0,0,0,0,0,0,0,0,1,1,0,0,1,2,2
Zweitstimme,"02W115","02",Friedrichshain-Kreuzberg,"115",W,1N,1,83,W,814,544,270,0,356,10,352,3,55,26,146,79,2,5,8,5,1,0,0,0,0,2,1,0,0,0,0,4,0,0,0,1,0,0,1,1,0,0,7,0,0,1,3,4
Zweitstimme,"02W116","02",Friedrichshain-Kreuzberg,"116",W,1P,1,83,W,1015,679,336,0,429,12,421,8,64,43,148,101,17,14,9,5,2,0,0,3,0,1,0,0,0,0,0,4,0,0,0,0,0,0,1,0,0,1,1,0,1,0,4,2
Zweitstimme,"02W117","02",Friedrichshain-Kreuzberg,"117",W,1Q,1,83,W,1044,715,329,0,424,14,422,1,56,37,160,103,16,9,12,6,3,0,0,0,0,0,2,0,0,0,0,4,0,0,0,1,0,0,0,0,0,0,4,0,0,0,1,8
Zweitstimme,"02W118","02",Friedrichshain-Kreuzberg,"118",W,1R,1,83,W,670,476,194,0,265,10,263,2,42,38,83,59,8,5,5,8,2,0,0,0,0,0,0,0,0,0,0,2,0,0,0,0,0,0,2,0,0,0,2,0,0,1,1,5
Zweitstimme,"02W119","02",Friedrichshain-Kreuzberg,"119",W,1S,1,83,W,823,549,274,0,353,23,352,1,50,39,129,81,10,13,9,6,1,0,0,0,0,1,0,0,0,0,1,2,0,0,0,0,0,0,1,0,0,1,3,0,1,0,1,3
Zweitstimme,"02W120","02",Friedrichshain-Kreuzberg,"120",W,1T,1,83,W,802,572,230,0,339,11,337,2,49,55,117,70,9,6,8,2,1,0,0,1,0,2,0,0,0,0,2,3,0,0,0,0,0,0,3,0,0,1,3,0,1,0,1,3
Zweitstimme,"02W121","02",Friedrichshain-Kreuzberg,"121",W,1U,1,83,W,855,600,255,0,375,14,373,1,60,45,123,76,7,12,12,5,1,1,0,0,0,0,0,0,0,1,0,7,1,0,0,2,0,0,2,0,0,1,7,0,0,1,3,6
Zweitstimme,"02W122","02",Friedrichshain-Kreuzberg,"122",W,1V,1,83,W,1025,715,310,0,410,14,405,3,58,37,164,95,9,9,3,3,1,0,0,3,0,0,0,0,0,0,0,6,0,0,0,0,0,0,2,1,0,0,5,0,0,3,4,2
Zweitstimme,"02W123","02",Friedrichshain-Kreuzberg,"123",W,1R,1,83,W,714,481,233,0,289,16,289,0,54,29,110,49,7,12,8,5,1,1,0,0,0,0,0,1,0,0,0,1,0,0,0,0,0,0,0,0,0,0,3,0,0,1,2,5
Zweitstimme,"02W124","02",Friedrichshain-Kreuzberg,"124",W,1W,1,83,W,1284,840,444,0,560,27,557,3,93,61,226,92,25,12,8,3,3,0,0,0,1,0,0,0,0,0,0,2,0,0,0,0,0,0,2,1,0,0,8,0,2,0,4,14
Zweitstimme,"02W125","02",Friedrichshain-Kreuzberg,"125",W,1X,1,83,W,1321,817,504,0,618,13,611,6,79,61,304,111,9,10,14,3,1,0,0,0,0,0,1,0,0,0,0,9,0,0,0,0,0,0,1,1,0,0,3,0,0,0,1,3
Zweitstimme,"02W126","02",Friedrichshain-Kreuzberg,"126",W,1Y,1,83,W,903,604,299,0,425,20,425,0,67,41,170,83,6,13,15,3,3,0,0,0,0,0,0,0,0,0,0,2,0,0,0,0,0,0,1,0,0,1,5,0,0,1,2,12
Zweitstimme,"02W127","02",Friedrichshain-Kreuzberg,"127",W,1Z,1,83,W,850,564,286,0,331,5,330,0,48,31,139,60,10,9,5,8,1,0,0,1,0,0,0,0,0,0,1,1,0,0,0,2,0,0,1,0,0,0,3,0,1,0,4,5
Zweitstimme,"02W128","02",Friedrichshain-Kreuzberg,"128",W,1AA,1,83,W,1213,751,462,0,430,22,430,0,60,34,191,88,7,11,5,4,0,1,0,1,0,0,0,0,0,0,1,1,0,0,0,0,0,0,5,0,0,0,9,0,4,1,3,4
Zweitstimme,"02W129","02",Friedrichshain-Kreuzberg,"129",W,1AB,1,83,W,1223,700,523,0,498,22,498,0,89,85,192,54,10,30,5,6,2,2,0,0,0,1,1,0,0,0,1,2,1,0,0,0,0,0,2,1,0,1,4,0,1,0,2,6
Zweitstimme,"02B1A","02",Friedrichshain-Kreuzberg,1A,B,1A,1,83,W,0,0,0,0,163,163,163,0,30,28,53,26,4,7,1,2,1,0,0,0,0,0,0,0,0,1,0,1,0,0,0,0,0,0,0,0,0,0,0,0,1,0,0,8
Zweitstimme,"02B1AA","02",Friedrichshain-Kreuzberg,1AA,B,1AA,1,83,W,0,0,0,0,387,387,385,2,53,40,172,58,7,11,8,8,4,2,0,0,0,0,0,0,0,0,3,2,0,0,0,0,0,0,3,1,0,2,2,0,1,0,1,7
Zweitstimme,"02B1AB","02",Friedrichshain-Kreuzberg,1AB,B,1AB,1,83,W,0,0,0,0,462,462,460,2,63,99,180,44,7,27,7,9,0,3,0,0,0,0,1,0,0,2,0,0,0,0,0,0,0,0,0,0,0,1,5,0,2,1,0,9
Zweitstimme,"02B1B","02",Friedrichshain-Kreuzberg,1B,B,1B,1,83,W,0,0,0,0,183,183,183,0,27,55,57,23,4,10,1,1,0,0,0,0,0,0,0,0,0,0,0,1,0,0,0,0,0,0,1,0,0,1,0,0,0,1,0,1
Zweitstimme,"02B1C","02",Friedrichshain-Kreuzberg,1C,B,1C,1,83,W,0,0,0,0,122,122,122,0,28,29,27,13,9,4,1,1,2,1,0,1,0,0,0,0,0,0,0,0,0,0,0,0,0,0,1,0,0,0,0,0,1,0,1,3
Zweitstimme,"02B1D","02",Friedrichshain-Kreuzberg,1D,B,1D,1,83,W,0,0,0,0,119,119,119,0,15,25,39,18,6,9,0,1,0,0,0,0,0,0,0,0,0,0,0,1,0,0,0,0,0,0,2,0,0,0,1,0,0,0,0,2
Zweitstimme,"02B1E","02",Friedrichshain-Kreuzberg,1E,B,1E,1,83,W,0,0,0,0,171,171,169,2,34,46,31,36,2,6,2,2,0,0,0,0,0,0,0,0,0,2,0,1,0,0,0,0,0,0,1,0,0,1,3,0,1,0,0,1
Zweitstimme,"02B1F","02",Friedrichshain-Kreuzberg,1F,B,1F,1,83,W,0,0,0,0,272,272,269,3,47,71,64,48,7,13,0,2,0,1,0,0,0,2,0,0,0,1,0,1,1,0,0,2,0,0,2,0,0,1,1,0,0,0,1,4
Zweitstimme,"02B1G","02",Friedrichshain-Kreuzberg,1G,B,1G,1,83,W,0,0,0,0,423,423,421,2,55,105,142,29,17,46,1,5,0,2,0,0,0,0,0,0,0,0,0,1,2,0,0,1,0,0,0,0,0,0,0,0,0,0,2,13
Zweitstimme,"02B1H","02",Friedrichshain-Kreuzberg,1H,B,1H,1,83,W,0,0,0,0,313,313,313,0,42,38,143,48,11,8,5,5,0,0,0,0,0,0,0,0,0,0,0,1,1,0,0,0,0,0,0,0,0,0,2,0,1,0,3,5
Zweitstimme,"02B1J","02",Friedrichshain-Kreuzberg,1J,B,1J,1,83,W,0,0,0,0,374,374,374,0,67,56,146,53,7,17,11,3,1,2,0,1,0,1,0,0,0,0,0,0,1,0,0,2,0,0,0,0,0,1,1,0,1,0,0,3
Zweitstimme,"02B1K","02",Friedrichshain-Kreuzberg,1K,B,1K,1,83,W,0,0,0,0,271,271,271,0,33,28,120,51,7,11,5,4,1,1,0,1,0,0,0,0,0,0,0,0,0,0,0,0,0,0,4,0,0,0,2,0,0,0,2,1
Zweitstimme,"02B1L","02",Friedrichshain-Kreuzberg,1L,B,1L,1,83,W,0,0,0,0,368,368,368,0,61,57,126,64,6,16,9,4,1,0,0,0,0,0,0,0,0,3,0,1,0,0,0,1,0,0,3,0,0,0,4,0,5,0,0,7
Zweitstimme,"02B1M","02",Friedrichshain-Kreuzberg,1M,B,1M,1,83,W,0,0,0,0,287,287,287,0,39,37,126,38,2,19,7,6,0,0,0,0,0,1,0,0,0,1,0,0,1,0,0,0,0,0,2,0,0,0,2,0,0,0,0,6
Zweitstimme,"02B1N","02",Friedrichshain-Kreuzberg,1N,B,1N,1,83,W,0,0,0,0,488,488,488,0,80,54,209,73,10,23,9,8,1,2,0,0,0,2,0,0,0,0,0,3,0,0,0,1,0,0,2,0,0,1,5,0,1,0,2,2
Zweitstimme,"02B1P","02",Friedrichshain-Kreuzberg,1P,B,1P,1,83,W,0,0,0,0,301,301,301,0,39,29,123,63,2,9,10,8,1,1,0,0,0,0,0,0,0,0,0,3,0,0,0,1,0,0,1,0,0,1,3,0,3,0,0,4
Zweitstimme,"02B1Q","02",Friedrichshain-Kreuzberg,1Q,B,1Q,1,83,W,0,0,0,0,274,274,273,1,37,24,120,51,4,12,6,4,2,0,0,0,0,1,0,0,0,0,0,3,0,0,0,0,0,0,0,0,0,0,1,0,1,0,1,6
Zweitstimme,"02B1R","02",Friedrichshain-Kreuzberg,1R,B,1R,1,83,W,0,0,0,0,346,346,346,0,60,47,141,44,7,11,8,7,0,0,0,1,0,0,0,0,0,1,0,5,0,0,0,0,0,0,1,0,0,0,3,0,1,0,1,8
Zweitstimme,"02B1S","02",Friedrichshain-Kreuzberg,1S,B,1S,1,83,W,0,0,0,0,229,229,228,1,42,30,89,32,4,5,6,4,1,0,0,0,0,0,0,0,0,0,1,2,0,0,0,1,0,0,0,0,0,0,2,0,0,2,2,5
Zweitstimme,"02B1T","02",Friedrichshain-Kreuzberg,1T,B,1T,1,83,W,0,0,0,0,189,189,189,0,37,17,73,40,2,5,2,2,0,1,0,1,0,0,0,0,0,0,0,4,1,0,0,0,0,0,0,0,0,0,1,0,0,0,1,2
Zweitstimme,"02B1U","02",Friedrichshain-Kreuzberg,1U,B,1U,1,83,W,0,0,0,0,215,215,214,1,30,23,94,42,6,7,1,2,1,0,0,0,0,0,0,0,0,0,0,1,0,0,0,0,0,0,0,0,0,0,4,0,0,1,0,2
Zweitstimme,"02B1V","02",Friedrichshain-Kreuzberg,1V,B,1V,1,83,W,0,0,0,0,273,273,273,0,45,25,110,44,6,8,10,6,1,0,0,1,0,0,0,0,0,0,1,1,0,0,0,0,0,0,2,0,0,0,1,0,3,0,3,6
Zweitstimme,"02B1W","02",Friedrichshain-Kreuzberg,1W,B,1W,1,83,W,0,0,0,0,371,371,371,0,57,51,148,57,8,14,8,7,1,2,0,0,0,0,0,0,0,0,1,5,1,0,0,0,0,0,1,0,0,1,4,0,1,0,2,2
Zweitstimme,"02B1X","02",Friedrichshain-Kreuzberg,1X,B,1X,1,83,W,0,0,0,0,454,454,454,0,72,45,221,68,4,9,8,8,0,1,1,0,0,1,0,0,0,0,0,8,0,0,0,0,0,0,0,0,0,0,5,0,0,1,0,2
Zweitstimme,"02B1Y","02",Friedrichshain-Kreuzberg,1Y,B,1Y,1,83,W,0,0,0,0,262,262,261,1,38,35,106,40,3,15,4,2,0,2,0,0,1,0,0,0,0,0,0,0,0,0,0,0,0,0,0,0,0,1,2,0,5,1,0,6
Zweitstimme,"02B1Z","02",Friedrichshain-Kreuzberg,1Z,B,1Z,1,83,W,0,0,0,0,250,250,250,0,30,34,113,36,4,13,2,4,1,0,0,0,0,1,0,0,0,0,1,0,0,0,0,0,0,0,1,0,0,0,3,0,1,1,1,4
Zweitstimme,"02W201","02",Friedrichshain-Kreuzberg,"201",W,2A,2,83,W,854,630,224,0,381,12,379,2,40,45,149,88,8,8,7,12,3,1,0,1,0,0,1,0,0,0,1,0,0,0,0,0,0,0,4,0,0,1,1,0,2,1,3,3
Zweitstimme,"02W202","02",Friedrichshain-Kreuzberg,"202",W,2B,2,83,W,1057,766,291,0,474,14,464,3,45,28,163,151,13,7,18,9,2,1,0,0,0,1,0,0,0,1,1,7,0,0,0,0,0,0,2,0,0,0,0,0,2,0,2,11
Zweitstimme,"02W203","02",Friedrichshain-Kreuzberg,"203",W,2C,2,83,W,892,631,261,0,378,7,376,2,39,24,121,131,7,7,12,4,0,1,0,0,0,0,1,0,0,3,0,4,0,0,0,4,0,0,2,1,0,0,2,0,2,1,5,5
Zweitstimme,"02W204","02",Friedrichshain-Kreuzberg,"204",W,2D,2,83,W,1024,761,263,0,403,13,395,8,39,28,176,103,11,5,7,4,3,0,0,0,0,0,1,0,0,0,0,2,0,0,0,0,0,0,3,0,0,0,5,0,3,0,2,3
Zweitstimme,"02W205","02",Friedrichshain-Kreuzberg,"205",W,2E,2,83,W,997,745,252,0,403,0,402,1,52,23,144,112,11,5,14,8,2,0,0,0,0,2,0,0,0,1,0,4,0,0,0,0,0,0,1,0,0,0,6,0,2,1,5,9
Zweitstimme,"02W206","02",Friedrichshain-Kreuzberg,"206",W,2F,2,83,W,945,700,245,0,399,9,398,1,47,41,144,111,4,11,9,8,1,1,1,1,0,0,1,0,0,0,0,2,0,0,0,0,0,0,2,0,0,0,5,0,1,1,7,0
Zweitstimme,"02W207","02",Friedrichshain-Kreuzberg,"207",W,2G,2,83,W,1338,1023,315,0,565,13,557,8,76,45,221,129,16,9,17,19,0,0,0,0,1,3,0,0,0,0,0,6,1,0,0,1,0,0,0,2,0,1,2,0,1,0,1,6
Zweitstimme,"02W208","02",Friedrichshain-Kreuzberg,"208",W,2H,2,83,W,1115,800,315,0,505,17,502,3,71,62,196,117,10,11,10,5,0,0,1,0,0,0,0,0,0,1,1,1,1,0,0,0,0,0,1,0,0,1,6,0,0,1,3,3
Zweitstimme,"02W209","02",Friedrichshain-Kreuzberg,"209",W,2J,2,83,W,1121,792,329,0,434,11,414,2,48,48,146,92,9,12,14,11,2,1,0,0,0,2,2,0,0,1,0,2,0,0,0,3,0,0,1,0,0,2,6,0,0,3,1,8
Zweitstimme,"02W210","02",Friedrichshain-Kreuzberg,"210",W,2K,2,83,W,1107,759,348,0,384,13,381,3,44,38,141,107,10,6,12,6,1,0,0,0,0,0,1,0,0,1,0,1,1,0,0,0,0,0,5,0,0,0,2,0,0,0,2,3
Zweitstimme,"02W211","02",Friedrichshain-Kreuzberg,"211",W,2L,2,83,W,1102,771,331,0,426,23,421,3,60,43,137,115,9,7,11,10,3,0,0,1,0,0,2,0,0,3,0,5,0,0,0,1,0,0,3,0,0,0,3,0,0,2,2,4
Zweitstimme,"02W212","02",Friedrichshain-Kreuzberg,"212",W,2M,2,83,W,905,648,257,0,415,10,412,2,47,30,181,105,7,7,13,2,0,0,0,0,0,2,0,0,0,4,0,3,1,0,0,1,0,0,0,0,0,0,0,0,0,0,6,3
Zweitstimme,"02W213","02",Friedrichshain-Kreuzberg,"213",W,2N,2,83,W,1097,807,290,0,411,7,408,3,55,56,139,105,13,10,9,2,1,0,0,0,0,2,1,0,0,1,0,3,1,0,0,0,0,0,2,0,0,0,3,0,2,0,2,1
Zweitstimme,"02W214","02",Friedrichshain-Kreuzberg,"214",W,2P,2,83,W,922,724,198,0,290,6,290,0,47,53,86,66,4,7,4,4,1,0,1,1,0,0,1,0,0,0,0,0,0,0,0,1,0,0,3,0,0,0,3,0,0,0,5,3
Zweitstimme,"02W215","02",Friedrichshain-Kreuzberg,"215",W,2Q,2,83,W,890,768,122,0,327,8,321,5,52,95,48,73,9,3,8,4,3,0,0,1,0,0,0,0,0,0,0,0,0,0,0,2,0,0,0,0,0,0,1,0,2,2,16,2
Zweitstimme,"02W216","02",Friedrichshain-Kreuzberg,"216",W,2Q,2,83,W,840,564,276,0,435,20,432,3,65,20,143,134,13,6,19,6,3,1,0,1,0,0,0,0,0,0,0,5,0,0,0,0,0,0,3,0,0,0,6,0,1,0,2,4
Zweitstimme,"02W217","02",Friedrichshain-Kreuzberg,"217",W,2R,2,83,W,1041,712,329,0,408,17,403,5,60,40,162,92,4,12,10,3,0,0,1,0,0,1,0,0,0,0,0,2,0,0,0,1,0,0,3,0,0,0,1,0,3,0,3,5
Zweitstimme,"02W218","02",Friedrichshain-Kreuzberg,"218",W,2S,2,83,W,1153,800,353,0,570,21,567,3,59,63,239,129,11,17,13,8,2,0,0,0,0,2,0,0,0,1,0,8,0,0,0,0,0,0,4,1,0,0,2,0,1,0,4,3
Zweitstimme,"02W219","02",Friedrichshain-Kreuzberg,"219",W,2T,2,83,W,930,665,265,0,365,12,363,2,61,49,132,79,5,4,14,2,2,0,0,0,0,0,0,0,0,1,0,3,0,0,0,0,0,0,2,0,0,0,3,0,0,1,4,1
Zweitstimme,"02W220","02",Friedrichshain-Kreuzberg,"220",W,2U,2,83,W,1116,769,347,0,463,16,454,9,52,43,181,113,13,9,15,4,2,3,0,0,0,2,1,0,0,0,0,6,0,0,0,0,0,0,3,0,0,0,5,0,0,1,0,1
Zweitstimme,"02W221","02",Friedrichshain-Kreuzberg,"221",W,2V,2,83,W,899,656,243,0,324,16,323,1,42,23,120,93,8,6,6,7,2,0,0,0,0,0,0,0,0,1,0,1,0,0,0,1,0,0,5,0,0,0,1,0,1,1,1,4
Zweitstimme,"02W222","02",Friedrichshain-Kreuzberg,"222",W,2W,2,83,W,1092,834,258,0,475,16,462,13,58,56,162,117,10,7,9,6,2,0,0,0,0,4,0,0,0,0,0,5,0,0,0,0,0,0,3,0,0,0,5,0,0,1,10,7
Zweitstimme,"02W223","02",Friedrichshain-Kreuzberg,"223",W,2X,2,83,W,833,701,132,0,231,3,229,2,18,47,55,56,6,3,1,4,0,0,0,0,0,0,1,0,0,0,0,0,0,0,0,2,0,0,1,0,0,0,1,0,0,0,33,1
Zweitstimme,"02W224","02",Friedrichshain-Kreuzberg,"224",W,2Y,2,83,W,919,644,275,0,371,12,370,1,65,34,151,73,13,6,9,4,1,0,0,1,0,2,0,0,0,0,0,3,0,0,0,0,0,0,1,0,0,0,1,0,1,0,2,3
Zweitstimme,"02W225","02",Friedrichshain-Kreuzberg,"225",W,2Y,2,83,W,699,439,260,0,293,15,292,0,54,28,99,66,13,11,4,4,1,1,0,0,0,0,0,0,0,0,1,2,0,0,0,0,0,0,1,0,0,0,2,0,0,0,1,4
Zweitstimme,"02W226","02",Friedrichshain-Kreuzberg,"226",W,2Z,2,83,W,1292,798,494,0,551,15,550,0,79,64,204,125,9,19,16,7,2,3,0,0,1,1,0,0,0,0,0,5,0,0,0,0,0,0,3,0,0,1,0,0,1,1,3,6
Zweitstimme,"02B2A","02",Friedrichshain-Kreuzberg,2A,B,2A,2,83,W,0,0,0,0,206,206,206,0,28,16,86,48,3,7,4,3,1,0,0,1,0,0,0,0,0,0,0,0,1,0,0,0,0,0,1,0,0,0,3,0,2,0,0,2
Zweitstimme,"02B2B","02",Friedrichshain-Kreuzberg,2B,B,2B,2,83,W,0,0,0,0,245,245,245,0,17,22,100,68,1,9,13,3,0,0,0,0,0,0,0,0,0,0,0,1,0,0,0,0,0,0,3,0,0,0,4,0,0,1,0,3
Zweitstimme,"02B2C","02",Friedrichshain-Kreuzberg,2C,B,2C,2,83,W,0,0,0,0,235,235,234,1,29,20,94,62,3,8,4,3,1,0,0,0,0,0,0,0,0,2,0,0,0,0,0,1,0,0,1,0,0,0,2,0,1,0,0,3
Zweitstimme,"02B2D","02",Friedrichshain-Kreuzberg,2D,B,2D,2,83,W,0,0,0,0,214,214,214,0,22,12,84,68,0,5,9,5,0,0,0,0,0,0,0,0,0,0,0,0,0,0,0,1,0,0,2,0,0,0,2,0,1,0,1,2
Zweitstimme,"02B2E","02",Friedrichshain-Kreuzberg,2E,B,2E,2,83,W,0,0,0,0,225,225,224,1,28,14,86,66,2,5,10,4,1,0,0,0,0,2,0,0,0,1,0,0,0,0,0,0,0,0,1,0,0,0,2,0,0,0,0,2
Zweitstimme,"02B2F","02",Friedrichshain-Kreuzberg,2F,B,2F,2,83,W,0,0,0,0,213,213,212,1,20,18,84,66,3,10,2,2,0,1,0,0,0,0,0,0,0,0,0,0,0,0,0,0,0,0,0,0,0,0,2,0,1,0,2,1
Zweitstimme,"02B2G","02",Friedrichshain-Kreuzberg,2G,B,2G,2,83,W,0,0,0,0,261,261,260,1,19,34,108,61,3,10,8,3,1,0,0,0,0,0,0,0,0,2,1,1,0,0,0,1,0,0,1,0,0,0,1,0,0,1,2,3
Zweitstimme,"02B2H","02",Friedrichshain-Kreuzberg,2H,B,2H,2,83,W,0,0,0,0,268,268,268,0,32,32,111,55,4,14,7,3,3,0,0,0,0,0,0,0,0,1,0,1,0,0,0,0,0,0,1,0,0,0,3,0,0,0,0,1
Zweitstimme,"02B2J","02",Friedrichshain-Kreuzberg,2J,B,2J,2,83,W,0,0,0,0,274,274,274,0,31,22,111,67,6,6,4,7,1,2,0,0,0,2,1,0,0,0,0,1,0,0,0,0,0,0,1,0,0,1,1,0,0,0,6,4
Zweitstimme,"02B2K","02",Friedrichshain-Kreuzberg,2K,B,2K,2,83,W,0,0,0,0,303,303,303,0,24,20,135,87,2,5,3,2,2,2,0,1,0,0,0,0,0,0,0,1,0,0,0,1,0,0,6,0,0,1,6,0,0,0,2,3
Zweitstimme,"02B2L","02",Friedrichshain-Kreuzberg,2L,B,2L,2,83,W,0,0,0,0,263,263,263,0,31,14,116,71,3,8,7,3,0,0,0,0,0,3,0,0,0,0,0,1,0,0,0,0,0,0,2,0,0,0,0,0,0,0,1,3
Zweitstimme,"02B2M","02",Friedrichshain-Kreuzberg,2M,B,2M,2,83,W,0,0,0,0,225,225,225,0,39,17,95,44,4,3,9,3,1,0,0,0,0,0,0,0,0,1,0,0,0,0,0,0,0,0,2,0,0,1,2,0,0,0,1,3
Zweitstimme,"02B2N","02",Friedrichshain-Kreuzberg,2N,B,2N,2,83,W,0,0,0,0,247,247,247,0,26,19,107,60,4,5,8,7,0,0,0,0,0,1,0,0,0,1,0,0,0,0,0,0,0,0,0,0,0,0,3,0,3,0,1,2
Zweitstimme,"02B2P","02",Friedrichshain-Kreuzberg,2P,B,2P,2,83,W,0,0,0,0,164,164,164,0,22,11,57,43,6,8,2,3,2,0,0,0,0,1,0,0,0,0,0,0,0,0,0,0,0,0,2,0,0,0,2,0,0,0,3,2
Zweitstimme,"02B2Q","02",Friedrichshain-Kreuzberg,2Q,B,2Q,2,83,W,0,0,0,0,328,328,328,0,51,33,112,76,6,15,7,5,1,1,0,0,0,0,1,0,0,0,0,5,0,0,0,0,0,0,1,0,0,0,4,0,1,1,6,2
Zweitstimme,"02B2R","02",Friedrichshain-Kreuzberg,2R,B,2R,2,83,W,0,0,0,0,278,278,278,0,29,27,139,45,3,10,8,6,0,0,0,0,0,0,1,0,0,0,0,0,0,0,0,0,0,0,4,0,0,0,1,0,0,1,2,2
Zweitstimme,"02B2S","02",Friedrichshain-Kreuzberg,2S,B,2S,2,83,W,0,0,0,0,305,305,305,0,34,32,139,68,2,3,7,4,0,0,0,0,0,2,0,0,0,0,0,1,0,0,0,0,0,0,2,0,0,0,4,0,2,2,0,3
Zweitstimme,"02B2T","02",Friedrichshain-Kreuzberg,2T,B,2T,2,83,W,0,0,0,0,225,225,225,0,35,21,86,43,7,7,4,1,1,0,0,0,0,6,1,0,0,0,0,2,1,0,0,0,0,0,1,0,0,0,2,0,0,1,1,5
Zweitstimme,"02B2U","02",Friedrichshain-Kreuzberg,2U,B,2U,2,83,W,0,0,0,0,301,301,301,0,27,34,139,50,4,8,14,5,3,0,0,0,0,0,0,0,0,0,1,2,1,0,0,0,0,0,3,0,0,0,2,0,1,1,1,5
Zweitstimme,"02B2V","02",Friedrichshain-Kreuzberg,2V,B,2V,2,83,W,0,0,0,0,192,192,191,1,17,11,88,42,1,7,7,1,3,0,0,0,0,1,0,0,0,0,1,0,0,0,0,0,0,0,3,0,0,0,4,0,0,0,1,4
Zweitstimme,"02B2W","02",Friedrichshain-Kreuzberg,2W,B,2W,2,83,W,0,0,0,0,208,208,208,0,24,18,101,35,3,7,9,1,1,0,0,0,0,1,0,0,0,1,0,0,0,0,0,0,0,0,2,0,0,0,4,0,0,0,0,1
Zweitstimme,"02B2X","02",Friedrichshain-Kreuzberg,2X,B,2X,2,83,W,0,0,0,0,119,119,119,0,13,29,39,20,0,5,6,3,0,0,0,0,0,0,0,0,0,1,0,1,0,0,0,0,0,0,0,0,0,1,0,0,1,0,0,0
Zweitstimme,"02B2Y","02",Friedrichshain-Kreuzberg,2Y,B,2Y,2,83,W,0,0,0,0,468,468,467,1,75,55,188,87,6,15,10,5,2,0,0,0,1,1,0,0,0,1,1,1,0,0,0,0,0,0,1,0,0,1,7,0,0,0,2,8
Zweitstimme,"02B2Z","02",Friedrichshain-Kreuzberg,2Z,B,2Z,2,83,W,0,0,0,0,440,440,436,3,80,57,169,75,7,15,15,1,1,0,0,1,0,0,0,0,0,0,1,3,0,0,0,0,0,0,0,0,0,0,5,0,2,0,0,4
Zweitstimme,"02W301","02",Friedrichshain-Kreuzberg,"301",W,3A,3,83,W,1089,749,340,0,510,13,506,4,66,42,217,113,8,15,12,9,2,1,0,0,0,1,0,0,0,0,1,3,0,0,0,0,0,0,3,1,0,1,4,0,3,0,0,4
Zweitstimme,"02W302","02",Friedrichshain-Kreuzberg,"302",W,3B,3,83,W,1201,755,446,0,551,0,548,3,85,82,234,83,10,15,4,6,3,1,0,1,0,2,0,0,0,0,0,4,0,0,0,0,0,0,5,0,0,0,5,0,0,0,4,4
Zweitstimme,"02W303","02",Friedrichshain-Kreuzberg,"303",W,3C,3,83,W,1175,824,351,0,452,17,448,4,62,45,158,105,16,11,10,12,1,1,0,0,0,4,0,0,0,2,2,4,0,0,0,0,0,0,1,1,0,0,7,0,0,0,4,2
Zweitstimme,"02W304","02",Friedrichshain-Kreuzberg,"304",W,3D,3,83,W,1091,762,329,0,468,16,464,4,60,44,203,104,4,14,11,5,0,0,0,0,0,1,1,0,0,0,0,5,0,0,0,1,0,0,3,0,0,0,2,0,2,0,0,4
Zweitstimme,"02W305","02",Friedrichshain-Kreuzberg,"305",W,3E,3,83,W,1096,754,342,0,471,13,468,3,72,33,194,112,8,9,12,5,2,2,0,0,0,0,0,0,0,1,1,2,0,0,0,1,0,0,1,0,0,0,3,0,0,0,3,7
Zweitstimme,"02W306","02",Friedrichshain-Kreuzberg,"306",W,3F,3,83,W,1029,743,286,0,424,4,422,2,66,50,146,93,21,11,5,5,2,2,0,0,0,1,2,0,0,1,0,3,1,0,0,2,0,0,2,0,0,0,2,0,2,0,2,3
Zweitstimme,"02W307","02",Friedrichshain-Kreuzberg,"307",W,3G,3,83,W,808,682,126,0,249,6,246,3,44,53,66,46,9,3,6,2,0,0,0,0,0,0,0,0,0,0,0,2,0,0,0,3,0,0,0,0,0,0,2,0,0,1,9,0
Zweitstimme,"02W308","02",Friedrichshain-Kreuzberg,"308",W,3H,3,83,W,1195,939,256,0,405,7,392,3,75,92,88,66,28,8,6,7,0,0,0,0,0,0,0,0,0,0,0,2,0,0,0,0,0,0,3,0,0,1,1,0,1,0,6,8
Zweitstimme,"02W309","02",Friedrichshain-Kreuzberg,"309",W,3J,3,83,W,801,646,155,0,256,3,252,3,45,49,69,42,9,6,3,6,0,2,0,0,0,0,1,0,0,0,0,2,0,0,0,0,0,0,1,0,0,0,1,0,3,3,6,4
Zweitstimme,"02W310","02",Friedrichshain-Kreuzberg,"310",W,3K,3,83,W,1231,975,256,0,423,0,420,3,97,90,99,64,27,9,2,6,0,1,0,1,0,2,0,0,0,0,2,3,1,0,0,0,0,0,0,0,0,0,0,0,1,0,8,7
Zweitstimme,"02W311","02",Friedrichshain-Kreuzberg,"311",W,3L,3,83,W,1168,941,227,0,425,7,420,5,97,98,95,57,26,14,5,3,2,0,0,0,0,1,0,0,0,0,1,2,0,0,0,2,0,0,1,0,0,2,4,0,1,0,6,3
Zweitstimme,"02W312","02",Friedrichshain-Kreuzberg,"312",W,3M,3,83,W,763,620,143,0,272,7,268,4,47,66,55,42,11,7,5,4,2,1,0,2,0,0,3,0,0,1,0,3,0,0,0,1,0,0,1,2,0,2,2,0,1,0,8,2
Zweitstimme,"02W313","02",Friedrichshain-Kreuzberg,"313",W,3M,3,83,W,826,656,170,0,262,9,258,4,61,70,39,35,21,4,3,8,0,0,0,1,0,0,0,0,0,0,0,0,0,0,0,1,0,0,0,0,0,3,0,0,4,0,8,0
Zweitstimme,"02W314","02",Friedrichshain-Kreuzberg,"314",W,3N,3,83,W,1182,988,194,0,331,2,327,4,80,111,35,51,10,8,4,8,2,2,0,1,0,0,0,0,0,0,0,1,1,0,0,0,0,0,0,0,0,1,2,0,0,1,6,3
Zweitstimme,"02W315","02",Friedrichshain-Kreuzberg,"315",W,3P,3,83,W,948,778,170,0,264,10,260,4,60,51,49,47,12,6,4,5,1,0,0,0,0,0,0,0,0,0,0,1,0,0,0,1,0,0,1,0,0,0,2,0,3,0,16,1
Zweitstimme,"02W316","02",Friedrichshain-Kreuzberg,"316",W,3Q,3,83,W,1205,1025,180,0,321,6,318,3,73,93,34,64,19,4,4,4,0,1,0,0,0,3,0,0,0,1,0,0,0,0,0,1,0,0,1,0,0,1,1,0,2,3,7,2
Zweitstimme,"02W317","02",Friedrichshain-Kreuzberg,"317",W,3R,3,83,W,1258,997,261,0,437,13,434,3,51,49,123,144,9,7,17,6,2,0,0,0,0,2,0,0,0,1,0,3,1,0,0,0,0,0,4,0,0,0,2,0,0,2,4,7
Zweitstimme,"02W318","02",Friedrichshain-Kreuzberg,"318",W,3S,3,83,W,919,700,219,0,281,6,280,1,49,32,83,78,1,4,6,6,2,1,0,0,0,0,1,0,0,0,0,2,0,0,0,0,0,0,3,0,0,0,1,0,1,1,6,3
Zweitstimme,"02W319","02",Friedrichshain-Kreuzberg,"319",W,3T,3,83,W,948,695,253,0,439,22,431,8,58,47,139,123,6,7,15,9,2,1,0,0,0,1,0,0,0,3,1,4,0,0,0,2,0,0,2,0,0,0,3,0,0,0,4,4
Zweitstimme,"02W320","02",Friedrichshain-Kreuzberg,"320",W,3U,3,83,W,1033,799,234,0,369,6,363,0,44,49,114,103,10,5,7,5,3,1,0,1,0,3,2,0,0,1,1,2,0,0,0,0,0,0,2,1,0,0,4,0,0,0,4,1
Zweitstimme,"02W321","02",Friedrichshain-Kreuzberg,"321",W,3V,3,83,W,908,724,184,0,381,10,379,2,44,50,91,132,17,3,14,3,2,0,0,0,0,2,1,0,0,1,0,2,0,0,0,0,0,0,2,1,0,0,4,0,1,2,5,2
Zweitstimme,"02W322","02",Friedrichshain-Kreuzberg,"322",W,3W,3,83,W,981,808,173,0,306,1,304,2,58,45,70,78,13,3,13,2,2,0,0,0,0,2,0,0,0,0,0,2,0,0,0,0,0,0,0,0,0,0,1,0,0,0,11,4
Zweitstimme,"02W323","02",Friedrichshain-Kreuzberg,"323",W,3X,3,83,W,1113,842,271,0,476,12,471,5,64,51,157,122,10,12,13,5,0,0,0,0,0,0,1,0,0,0,2,5,0,0,0,0,0,0,2,0,0,0,3,0,3,0,16,5
Zweitstimme,"02W324","02",Friedrichshain-Kreuzberg,"324",W,3Y,3,83,W,1134,841,293,0,518,9,512,6,69,49,178,161,8,5,12,6,1,0,0,1,1,2,0,0,0,0,0,2,0,0,0,1,0,0,4,0,0,0,1,0,0,1,5,5
Zweitstimme,"02W325","02",Friedrichshain-Kreuzberg,"325",W,3Z,3,83,W,1111,870,241,0,391,5,387,3,59,80,101,77,10,6,11,16,0,4,0,0,0,1,0,0,0,0,0,5,0,0,0,0,0,0,1,0,0,0,5,0,1,0,6,4
Zweitstimme,"02W326","02",Friedrichshain-Kreuzberg,"326",W,3AA,3,83,W,1078,776,302,0,501,17,496,5,71,45,175,140,7,7,12,2,2,1,0,1,0,1,1,0,0,1,1,9,0,0,0,0,0,0,6,0,0,0,2,0,4,1,2,5
Zweitstimme,"02W327","02",Friedrichshain-Kreuzberg,"327",W,3AB,3,83,W,879,612,267,0,343,11,342,1,46,24,122,89,4,11,18,7,0,0,0,0,0,0,2,0,0,1,0,2,0,0,0,0,0,0,1,0,0,0,4,0,0,1,5,5
Zweitstimme,"02B3A","02",Friedrichshain-Kreuzberg,3A,B,3A,3,83,W,0,0,0,0,304,304,304,0,41,21,147,52,6,17,4,3,0,1,0,1,0,0,0,0,0,2,0,2,0,0,0,0,0,0,1,0,0,0,2,0,0,0,0,4
Zweitstimme,"02B3AA","02",Friedrichshain-Kreuzberg,3AA,B,3AA,3,83,W,0,0,0,0,260,260,259,1,38,13,118,53,1,5,5,2,0,0,0,0,0,1,0,0,0,2,0,5,0,0,0,0,0,0,2,0,0,0,6,0,2,0,2,4
Zweitstimme,"02B3AB","02",Friedrichshain-Kreuzberg,3AB,B,3AB,3,83,W,0,0,0,0,236,236,236,0,37,25,94,47,5,9,8,1,1,1,0,0,0,0,0,0,0,0,0,2,0,0,0,0,0,0,1,0,0,0,2,0,0,0,1,2
Zweitstimme,"02B3B","02",Friedrichshain-Kreuzberg,3B,B,3B,3,83,W,0,0,0,0,381,381,379,2,59,74,149,54,4,14,8,3,1,0,0,0,0,0,0,0,0,0,1,3,0,0,0,1,0,0,2,0,0,0,0,0,0,1,0,5
Zweitstimme,"02B3C","02",Friedrichshain-Kreuzberg,3C,B,3C,3,83,W,0,0,0,0,301,301,301,0,52,32,114,59,10,6,5,6,2,0,1,0,0,2,0,0,0,1,0,1,0,0,0,1,0,0,2,0,0,0,1,0,0,1,0,5
Zweitstimme,"02B3D","02",Friedrichshain-Kreuzberg,3D,B,3D,3,83,W,0,0,0,0,271,271,270,1,30,31,127,39,1,17,5,3,0,0,0,0,0,0,0,0,0,0,0,1,0,0,0,0,0,0,2,0,0,0,3,0,2,0,0,9
Zweitstimme,"02B3E","02",Friedrichshain-Kreuzberg,3E,B,3E,3,83,W,0,0,0,0,302,302,301,1,39,25,156,44,3,13,8,1,1,0,0,1,0,0,0,0,0,1,0,2,1,0,0,0,0,0,0,0,0,0,2,0,0,0,1,3
Zweitstimme,"02B3F","02",Friedrichshain-Kreuzberg,3F,B,3F,3,83,W,0,0,0,0,253,253,251,2,38,26,106,50,3,5,7,3,0,0,0,0,0,0,0,0,0,1,0,0,1,0,0,1,0,0,1,1,0,0,1,0,3,0,0,4
Zweitstimme,"02B3G","02",Friedrichshain-Kreuzberg,3G,B,3G,3,83,W,0,0,0,0,103,103,103,0,17,8,32,20,7,2,2,3,2,0,0,0,0,0,0,0,0,1,0,0,1,0,0,0,0,0,0,0,0,0,1,0,0,1,3,3
Zweitstimme,"02B3H","02",Friedrichshain-Kreuzberg,3H,B,3H,3,83,W,0,0,0,0,220,220,220,0,37,30,71,33,9,17,3,8,0,1,0,0,0,0,0,0,0,1,0,0,0,0,0,0,0,0,1,0,0,0,2,0,1,0,3,3
Zweitstimme,"02B3J","02",Friedrichshain-Kreuzberg,3J,B,3J,3,83,W,0,0,0,0,130,130,130,0,18,24,49,19,3,4,1,4,0,2,0,0,0,0,0,0,0,0,0,0,0,0,0,0,0,0,2,0,0,0,2,0,0,0,0,2
Zweitstimme,"02B3K","02",Friedrichshain-Kreuzberg,3K,B,3K,3,83,W,0,0,0,0,227,227,226,1,52,58,69,17,5,11,2,2,1,0,0,0,0,0,0,0,0,0,0,0,0,0,0,0,0,0,0,0,0,3,0,0,0,2,3,1
Zweitstimme,"02B3L","02",Friedrichshain-Kreuzberg,3L,B,3L,3,83,W,0,0,0,0,180,180,179,1,32,29,65,17,12,6,3,3,0,0,0,1,0,0,0,0,0,0,0,1,0,0,0,0,0,0,0,0,0,0,3,0,1,1,2,3
Zweitstimme,"02B3M","02",Friedrichshain-Kreuzberg,3M,B,3M,3,83,W,0,0,0,0,259,259,257,2,38,39,69,47,12,11,6,9,3,2,1,1,0,1,0,0,0,1,0,1,0,0,0,0,0,0,3,0,0,1,5,0,0,0,3,4
Zweitstimme,"02B3N","02",Friedrichshain-Kreuzberg,3N,B,3N,3,83,W,0,0,0,0,173,173,171,1,42,46,21,23,11,5,2,4,1,1,0,0,0,0,0,0,0,0,0,1,0,0,0,0,0,0,0,0,0,0,1,0,0,0,10,3
Zweitstimme,"02B3P","02",Friedrichshain-Kreuzberg,3P,B,3P,3,83,W,0,0,0,0,142,142,142,0,19,33,39,32,7,0,0,4,1,0,0,0,0,1,0,0,0,0,0,0,0,0,0,0,0,0,0,0,0,0,1,0,0,0,4,1
Zweitstimme,"02B3Q","02",Friedrichshain-Kreuzberg,3Q,B,3Q,3,83,W,0,0,0,0,147,147,146,1,28,34,32,24,6,4,4,4,0,1,0,0,0,1,0,0,0,1,0,0,0,0,0,0,0,0,1,0,0,1,0,0,0,0,1,4
Zweitstimme,"02B3R","02",Friedrichshain-Kreuzberg,3R,B,3R,3,83,W,0,0,0,0,209,209,209,0,20,20,76,68,0,3,7,8,0,0,0,0,0,1,0,0,0,0,0,1,0,0,0,0,0,0,1,0,0,0,1,0,1,0,1,1
Zweitstimme,"02B3S","02",Friedrichshain-Kreuzberg,3S,B,3S,3,83,W,0,0,0,0,191,191,189,2,21,19,88,42,4,2,5,3,0,1,0,0,0,1,0,0,0,0,0,0,0,0,0,0,0,0,0,0,0,0,1,0,1,0,0,1
Zweitstimme,"02B3T","02",Friedrichshain-Kreuzberg,3T,B,3T,3,83,W,0,0,0,0,211,211,210,1,29,19,91,44,2,2,11,2,2,1,0,0,0,0,0,0,0,0,1,1,0,0,0,0,0,0,2,0,0,0,0,0,1,0,1,1
Zweitstimme,"02B3U","02",Friedrichshain-Kreuzberg,3U,B,3U,3,83,W,0,0,0,0,194,194,192,2,19,11,80,60,3,2,7,4,0,0,0,0,0,0,1,0,0,0,0,0,0,0,0,0,0,0,0,0,0,0,3,0,0,0,1,1
Zweitstimme,"02B3V","02",Friedrichshain-Kreuzberg,3V,B,3V,3,83,W,0,0,0,0,163,163,163,0,21,12,61,41,1,2,11,2,0,0,0,0,0,1,0,0,0,1,0,1,0,0,0,0,0,0,0,0,0,0,5,0,1,0,3,0
Zweitstimme,"02B3W","02",Friedrichshain-Kreuzberg,3W,B,3W,3,83,W,0,0,0,0,158,158,158,0,11,19,55,49,1,1,3,7,0,1,0,0,0,0,0,0,0,0,0,2,0,0,0,0,0,0,3,0,0,2,2,0,0,0,0,2
Zweitstimme,"02B3X","02",Friedrichshain-Kreuzberg,3X,B,3X,3,83,W,0,0,0,0,233,233,233,0,25,21,81,71,5,4,10,2,0,0,0,0,0,3,0,0,0,0,0,1,0,0,0,0,0,0,3,1,0,0,0,0,1,2,1,2
Zweitstimme,"02B3Y","02",Friedrichshain-Kreuzberg,3Y,B,3Y,3,83,W,0,0,0,0,255,255,252,2,29,23,105,61,5,5,7,0,2,0,0,0,0,0,2,0,0,2,0,0,0,0,0,0,0,0,2,0,0,0,0,0,2,0,2,5
Zweitstimme,"02B3Z","02",Friedrichshain-Kreuzberg,3Z,B,3Z,3,83,W,0,0,0,0,197,197,196,1,44,28,65,35,3,2,7,5,0,1,0,1,0,0,0,0,0,1,0,0,0,0,0,0,0,0,1,0,0,0,1,0,1,0,0,1
Zweitstimme,"02W401","02",Friedrichshain-Kreuzberg,"401",W,4A,4,83,O,1117,831,286,0,341,1,340,1,58,62,40,93,39,11,2,11,1,1,0,0,0,1,2,0,0,0,0,7,1,0,0,1,0,0,1,0,0,2,0,0,2,2,0,3
Zweitstimme,"02W402","02",Friedrichshain-Kreuzberg,"402",W,4B,4,83,O,1107,832,275,0,446,5,440,5,86,109,50,100,56,13,2,1,2,4,1,0,0,0,0,0,0,0,0,1,0,0,0,3,0,0,0,2,0,1,1,0,2,1,3,2
Zweitstimme,"02W403","02",Friedrichshain-Kreuzberg,"403",W,4C,4,83,O,1244,904,340,0,337,0,329,8,73,55,44,78,34,13,7,7,2,0,0,2,0,2,1,0,0,0,0,2,2,0,0,0,0,0,0,0,0,0,1,0,4,1,1,0
Zweitstimme,"02W404","02",Friedrichshain-Kreuzberg,"404",W,4D,4,83,O,1071,766,305,0,378,5,376,1,78,79,41,76,51,11,8,8,2,5,1,1,0,2,0,1,0,0,0,1,0,0,0,1,0,0,1,0,0,1,0,0,1,0,3,4
Zweitstimme,"02W405","02",Friedrichshain-Kreuzberg,"405",W,4E,4,83,O,869,535,334,0,327,9,323,4,56,59,61,80,18,18,6,4,0,1,0,1,0,1,1,0,0,1,0,4,0,0,0,2,0,0,0,0,0,1,0,0,2,1,1,5
Zweitstimme,"02W406","02",Friedrichshain-Kreuzberg,"406",W,4F,4,83,O,979,693,286,0,386,6,385,0,66,65,79,82,42,8,8,7,3,1,2,2,0,0,0,0,0,1,0,4,1,0,0,0,0,0,0,1,0,1,1,0,1,2,1,7
Zweitstimme,"02W407","02",Friedrichshain-Kreuzberg,"407",W,4G,4,83,O,783,567,216,0,295,7,294,1,46,46,80,63,16,8,5,7,4,2,0,1,0,0,1,0,0,0,1,2,1,0,0,4,0,0,0,0,0,0,2,0,0,1,0,4
Zweitstimme,"02W408","02",Friedrichshain-Kreuzberg,"408",W,4H,4,83,O,856,539,317,0,304,4,302,2,48,41,85,59,12,19,5,6,4,1,3,0,0,0,1,0,0,2,2,4,1,0,0,0,0,0,0,0,0,0,1,0,0,0,1,7
Zweitstimme,"02W409","02",Friedrichshain-Kreuzberg,"409",W,4J,4,83,O,1051,686,365,0,334,4,331,3,68,67,71,56,27,8,5,15,2,1,1,0,0,2,0,0,0,0,0,1,0,0,0,1,0,0,0,0,0,0,0,0,1,1,0,4
Zweitstimme,"02W410","02",Friedrichshain-Kreuzberg,"410",W,4K,4,83,O,1024,586,438,0,438,10,437,1,57,76,150,73,19,25,9,10,1,2,0,0,0,2,1,0,0,0,0,0,0,0,0,1,0,0,0,1,0,0,2,0,0,0,0,8
Zweitstimme,"02W411","02",Friedrichshain-Kreuzberg,"411",W,4L,4,83,O,1129,773,356,0,441,4,435,6,87,90,76,101,29,15,6,9,1,1,1,0,0,3,0,1,0,2,0,1,1,0,0,0,0,0,2,0,0,1,2,0,3,1,0,2
Zweitstimme,"02W412","02",Friedrichshain-Kreuzberg,"412",W,4M,4,83,O,1059,665,394,0,396,7,393,3,54,61,98,101,26,8,4,14,3,0,0,2,0,1,1,1,0,1,0,0,1,0,0,1,0,0,1,0,0,2,1,0,0,1,2,9
Zweitstimme,"02W413","02",Friedrichshain-Kreuzberg,"413",W,4N,4,83,O,915,592,323,0,352,15,351,1,57,38,104,90,17,9,10,8,0,1,0,0,0,0,0,0,0,0,0,4,1,0,0,3,0,0,2,0,0,0,0,0,0,0,1,6
Zweitstimme,"02W414","02",Friedrichshain-Kreuzberg,"414",W,4P,4,83,O,941,574,367,0,315,15,315,0,58,39,96,56,13,13,9,8,0,1,0,0,1,0,0,0,0,1,1,1,1,0,0,2,0,0,0,0,0,0,1,0,2,1,5,6
Zweitstimme,"02W415","02",Friedrichshain-Kreuzberg,"415",W,4Q,4,83,O,1145,784,361,0,466,16,465,1,70,68,111,113,44,13,12,7,3,1,0,1,1,2,0,1,0,0,0,1,0,0,0,2,0,0,1,0,0,0,1,0,3,0,1,9
Zweitstimme,"02W416","02",Friedrichshain-Kreuzberg,"416",W,4R,4,83,O,1297,858,439,0,479,10,475,4,78,91,98,116,28,8,15,14,1,0,1,0,0,2,1,0,0,1,0,2,0,0,0,2,0,0,0,2,0,1,0,0,2,1,4,7
Zweitstimme,"02W417","02",Friedrichshain-Kreuzberg,"417",W,4S,4,83,O,1046,737,309,0,394,8,390,4,53,70,94,99,21,12,7,10,5,1,1,1,0,2,2,0,0,1,0,2,0,0,0,2,0,0,1,0,0,0,2,0,2,0,0,2
Zweitstimme,"02W418","02",Friedrichshain-Kreuzberg,"418",W,4T,4,83,O,1153,826,327,0,346,0,340,6,61,83,34,69,52,5,7,14,2,1,0,1,0,1,0,0,0,0,0,1,0,0,0,2,0,0,0,0,0,0,1,0,2,0,3,1
Zweitstimme,"02W419","02",Friedrichshain-Kreuzberg,"419",W,4U,4,83,O,1283,907,376,0,430,7,425,3,71,95,63,98,45,10,5,9,3,0,1,1,0,1,0,1,0,1,0,1,0,0,0,4,0,0,0,0,0,2,1,0,1,1,2,9
Zweitstimme,"02W420","02",Friedrichshain-Kreuzberg,"420",W,4V,4,83,O,776,583,193,0,258,2,257,0,39,67,29,42,32,10,8,6,1,2,0,0,0,2,0,1,0,0,1,1,0,0,0,0,0,0,2,1,0,1,0,0,2,0,5,5
Zweitstimme,"02W421","02",Friedrichshain-Kreuzberg,"421",W,4W,4,83,O,924,686,238,0,289,4,286,3,49,65,48,46,36,6,5,5,1,2,0,0,0,4,1,0,0,0,0,3,0,0,0,2,0,0,1,1,0,1,2,0,5,0,2,1
Zweitstimme,"02W422","02",Friedrichshain-Kreuzberg,"422",W,4X,4,83,O,816,579,237,0,298,4,294,2,45,68,64,46,19,21,4,5,3,2,0,1,0,1,0,0,0,0,0,2,0,0,0,2,0,0,0,0,0,0,1,0,3,0,2,5
Zweitstimme,"02W423","02",Friedrichshain-Kreuzberg,"423",W,4Y,4,83,O,1097,821,276,0,366,1,365,1,59,63,62,67,47,13,7,11,3,2,0,2,1,2,0,0,0,0,2,1,1,0,0,4,0,0,2,0,0,1,3,0,1,2,7,2
Zweitstimme,"02W424","02",Friedrichshain-Kreuzberg,"424",W,4Z,4,83,O,855,573,282,0,316,6,315,1,59,70,60,57,32,7,5,4,4,2,0,0,0,2,1,0,0,0,0,1,0,0,0,0,0,0,3,0,0,2,0,0,1,0,2,3
Zweitstimme,"02W425","02",Friedrichshain-Kreuzberg,"425",W,4AA,4,83,O,1160,729,431,0,464,8,462,1,60,58,140,115,20,15,16,12,3,1,0,1,0,0,1,0,0,0,1,2,0,0,0,1,0,0,2,0,0,0,6,0,0,0,0,8
Zweitstimme,"02W426","02",Friedrichshain-Kreuzberg,"426",W,4AB,4,83,O,1130,698,432,0,443,7,441,2,71,43,139,107,17,12,13,5,2,0,0,1,0,0,0,0,0,2,0,4,0,0,0,0,0,0,3,0,0,2,6,0,2,2,1,9
Zweitstimme,"02W427","02",Friedrichshain-Kreuzberg,"427",W,4AC,4,83,O,1047,740,307,0,344,2,340,4,52,58,87,76,25,7,10,6,1,0,0,0,0,1,1,0,0,3,1,1,0,0,0,1,0,0,0,0,0,0,2,0,0,0,1,7
Zweitstimme,"02B4A","02",Friedrichshain-Kreuzberg,4A,B,4A,4,83,O,0,0,0,0,252,252,250,2,43,54,35,66,17,11,2,6,1,0,0,1,0,4,0,0,0,1,0,2,0,0,0,1,0,0,1,0,0,0,1,0,1,2,1,0
Zweitstimme,"02B4AA","02",Friedrichshain-Kreuzberg,4AA,B,4AA,4,83,O,0,0,0,0,387,387,387,0,43,46,147,74,13,13,10,7,4,1,0,0,0,2,0,0,0,0,1,2,1,0,0,3,0,0,4,0,0,0,4,0,0,2,0,10
Zweitstimme,"02B4AB","02",Friedrichshain-Kreuzberg,4AB,B,4AB,4,83,O,0,0,0,0,397,397,395,2,49,62,141,79,7,17,9,8,1,0,0,0,0,2,0,0,0,0,1,3,0,0,0,0,0,0,0,0,0,1,6,0,1,2,2,4
Zweitstimme,"02B4AC","02",Friedrichshain-Kreuzberg,4AC,B,4AC,4,83,O,0,0,0,0,267,267,267,0,49,63,81,30,6,10,3,2,2,1,0,1,0,0,0,0,0,0,0,2,0,0,0,0,0,0,0,0,0,1,3,0,1,1,1,10
Zweitstimme,"02B4B","02",Friedrichshain-Kreuzberg,4B,B,4B,4,83,O,0,0,0,0,251,251,250,1,48,72,19,77,21,3,2,1,0,0,0,0,0,2,0,0,0,0,1,0,1,0,0,0,0,0,0,0,0,0,0,0,0,0,0,3
Zweitstimme,"02B4C","02",Friedrichshain-Kreuzberg,4C,B,4C,4,83,O,0,0,0,0,308,308,305,3,70,69,40,70,17,8,4,9,0,1,0,2,0,4,0,1,0,1,0,3,0,0,0,0,0,0,1,0,0,0,2,0,0,1,2,0
Zweitstimme,"02B4D","02",Friedrichshain-Kreuzberg,4D,B,4D,4,83,O,0,0,0,0,282,282,282,0,44,67,23,68,33,10,3,11,0,1,0,3,0,0,2,0,0,0,1,2,1,0,0,1,0,0,1,0,0,2,1,0,1,2,1,4
Zweitstimme,"02B4E","02",Friedrichshain-Kreuzberg,4E,B,4E,4,83,O,0,0,0,0,303,303,301,2,53,50,86,67,17,7,4,5,0,0,0,0,0,1,0,1,0,0,0,0,0,0,0,0,0,0,0,0,0,0,2,0,2,0,0,6
Zweitstimme,"02B4F","02",Friedrichshain-Kreuzberg,4F,B,4F,4,83,O,0,0,0,0,250,250,249,1,37,29,69,55,11,14,6,9,1,3,0,2,0,0,0,0,0,0,1,1,2,0,0,2,0,0,0,0,0,0,1,0,1,0,1,4
Zweitstimme,"02B4G","02",Friedrichshain-Kreuzberg,4G,B,4G,4,83,O,0,0,0,0,203,203,203,0,31,25,54,45,13,5,4,8,2,0,0,0,0,1,0,0,0,0,1,1,0,0,0,0,0,0,4,0,0,0,2,0,1,0,0,6
Zweitstimme,"02B4H","02",Friedrichshain-Kreuzberg,4H,B,4H,4,83,O,0,0,0,0,285,285,285,0,51,51,77,40,9,26,7,11,0,0,0,0,1,0,1,0,0,0,0,0,0,0,0,1,0,0,0,0,0,0,2,0,1,0,0,7
Zweitstimme,"02B4J","02",Friedrichshain-Kreuzberg,4J,B,4J,4,83,O,0,0,0,0,331,331,327,4,74,67,73,54,17,10,5,9,2,0,0,0,0,0,0,0,0,0,0,5,0,0,0,4,0,0,0,0,0,0,3,0,2,0,0,2
Zweitstimme,"02B4K","02",Friedrichshain-Kreuzberg,4K,B,4K,4,83,O,0,0,0,0,407,407,407,0,73,75,159,29,9,24,9,8,2,1,0,2,0,0,0,0,0,0,0,0,0,0,0,1,0,0,0,0,0,0,2,0,1,0,4,8
Zweitstimme,"02B4L","02",Friedrichshain-Kreuzberg,4L,B,4L,4,83,O,0,0,0,0,322,322,320,2,62,62,55,80,23,13,2,6,1,4,0,0,0,1,1,0,0,0,1,0,1,0,0,2,0,0,1,0,0,0,0,0,2,0,1,2
Zweitstimme,"02B4M","02",Friedrichshain-Kreuzberg,4M,B,4M,4,83,O,0,0,0,0,362,362,360,2,61,46,102,95,20,9,6,8,1,1,0,2,0,1,1,0,0,0,0,0,2,0,0,0,0,0,0,1,0,0,0,0,0,1,0,3
Zweitstimme,"02B4N","02",Friedrichshain-Kreuzberg,4N,B,4N,4,83,O,0,0,0,0,280,280,280,0,52,43,74,69,7,7,7,6,0,0,0,0,0,1,0,0,0,1,0,2,0,0,0,0,0,0,0,1,0,0,4,0,1,0,0,5
Zweitstimme,"02B4P","02",Friedrichshain-Kreuzberg,4P,B,4P,4,83,O,0,0,0,0,319,319,318,1,46,39,124,47,12,18,6,9,1,0,0,0,0,2,0,0,0,1,1,0,0,0,0,2,0,0,2,0,0,0,0,0,1,1,1,5
Zweitstimme,"02B4Q","02",Friedrichshain-Kreuzberg,4Q,B,4Q,4,83,O,0,0,0,0,322,322,320,1,59,45,84,66,16,12,12,8,1,1,0,1,0,0,0,0,0,1,0,0,1,0,0,0,0,0,3,0,0,2,2,0,0,0,1,5
Zweitstimme,"02B4R","02",Friedrichshain-Kreuzberg,4R,B,4R,4,83,O,0,0,0,0,396,396,395,1,76,73,73,90,21,9,9,8,4,2,1,1,0,3,0,1,0,0,0,5,1,0,0,1,0,0,1,2,0,1,1,0,0,0,3,9
Zweitstimme,"02B4S","02",Friedrichshain-Kreuzberg,4S,B,4S,4,83,O,0,0,0,0,273,273,269,4,39,49,78,52,16,10,4,6,0,1,0,0,0,4,1,0,0,0,0,1,0,0,0,2,0,0,1,0,0,0,1,0,0,0,0,4
Zweitstimme,"02B4T","02",Friedrichshain-Kreuzberg,4T,B,4T,4,83,O,0,0,0,0,290,290,289,1,75,55,26,93,18,6,2,6,0,0,0,0,0,1,0,0,0,1,0,1,0,0,0,1,0,0,0,0,0,2,1,0,0,0,0,1
Zweitstimme,"02B4U","02",Friedrichshain-Kreuzberg,4U,B,4U,4,83,O,0,0,0,0,334,334,334,0,55,80,54,89,18,11,4,9,0,3,0,1,0,0,0,0,0,0,2,0,0,0,0,1,0,0,1,0,0,1,0,0,0,0,1,4
Zweitstimme,"02B4V","02",Friedrichshain-Kreuzberg,4V,B,4V,4,83,O,0,0,0,0,171,171,171,0,36,34,30,33,13,9,2,4,0,1,0,1,0,0,0,0,0,0,0,1,0,0,0,0,0,0,0,1,0,1,0,0,1,0,0,4
Zweitstimme,"02B4W","02",Friedrichshain-Kreuzberg,4W,B,4W,4,83,O,0,0,0,0,213,213,209,4,45,51,26,44,10,15,4,6,2,1,0,1,0,0,0,0,0,0,0,0,0,0,0,0,0,0,0,0,0,1,0,0,1,1,0,1
Zweitstimme,"02B4X","02",Friedrichshain-Kreuzberg,4X,B,4X,4,83,O,0,0,0,0,214,214,213,1,26,42,63,30,8,19,2,6,0,0,0,2,0,0,0,0,0,0,0,0,0,0,0,1,0,0,0,1,0,0,1,0,2,0,1,9
Zweitstimme,"02B4Y","02",Friedrichshain-Kreuzberg,4Y,B,4Y,4,83,O,0,0,0,0,249,249,248,1,37,61,34,56,21,12,3,10,2,0,0,0,0,1,0,0,0,0,0,0,1,0,0,1,0,0,0,0,0,0,1,0,2,0,1,5
Zweitstimme,"02B4Z","02",Friedrichshain-Kreuzberg,4Z,B,4Z,4,83,O,0,0,0,0,251,251,251,0,50,36,54,60,12,16,5,5,0,0,0,1,0,4,0,0,0,0,0,1,0,0,0,0,0,0,0,0,0,2,2,0,0,0,1,2
Zweitstimme,"02W501","02",Friedrichshain-Kreuzberg,"501",W,5A,5,83,O,922,629,293,0,357,10,355,2,47,43,120,71,24,5,12,9,3,1,0,1,0,2,0,0,0,1,0,4,0,0,0,1,0,0,1,1,0,1,4,0,1,0,0,3
Zweitstimme,"02W502","02",Friedrichshain-Kreuzberg,"502",W,5B,5,83,O,1270,837,433,0,435,11,433,2,61,62,129,103,30,5,7,10,1,1,0,3,0,0,0,0,0,0,1,2,0,0,0,0,0,0,2,0,0,0,3,0,0,0,2,11
Zweitstimme,"02W503","02",Friedrichshain-Kreuzberg,"503",W,5C,5,83,O,1218,854,364,0,418,12,416,1,51,40,116,101,40,17,13,19,3,0,1,2,0,0,0,0,0,2,0,6,0,0,0,0,0,0,0,0,0,0,1,0,1,1,0,2
Zweitstimme,"02W504","02",Friedrichshain-Kreuzberg,"504",W,5D,5,83,O,1059,701,358,0,413,4,409,4,61,49,112,102,21,11,19,14,2,1,1,0,0,2,1,0,0,0,0,0,0,0,0,2,0,0,2,0,0,0,1,0,1,0,0,7
Zweitstimme,"02W505","02",Friedrichshain-Kreuzberg,"505",W,5E,5,83,O,1236,783,453,0,514,8,513,0,101,55,180,85,20,18,16,13,2,2,0,0,0,0,0,0,0,1,1,1,0,0,0,0,0,0,2,1,0,1,2,0,2,2,1,7
Zweitstimme,"02W506","02",Friedrichshain-Kreuzberg,"506",W,5F,5,83,O,1123,775,348,0,438,2,434,4,58,38,137,102,26,14,14,13,5,1,0,2,0,0,1,0,0,1,0,7,0,0,0,0,0,0,5,1,0,0,2,0,0,1,2,4
Zweitstimme,"02W507","02",Friedrichshain-Kreuzberg,"507",W,5G,5,83,O,1206,733,473,0,383,14,381,2,52,35,129,89,23,10,15,9,0,2,0,0,0,2,1,0,0,0,0,2,0,0,0,0,0,0,0,0,0,0,4,0,0,2,2,4
Zweitstimme,"02W508","02",Friedrichshain-Kreuzberg,"508",W,5H,5,83,O,1261,876,385,0,407,6,403,4,71,40,106,89,39,12,6,9,1,1,0,1,0,2,0,0,0,0,0,3,0,0,0,5,0,0,0,1,0,1,4,0,1,1,0,10
Zweitstimme,"02W509","02",Friedrichshain-Kreuzberg,"509",W,5J,5,83,O,1009,695,314,0,427,4,425,0,58,48,140,97,21,10,17,10,2,1,0,0,0,1,0,0,0,0,0,5,0,0,0,1,0,0,3,0,0,1,3,0,2,1,0,4
Zweitstimme,"02W510","02",Friedrichshain-Kreuzberg,"510",W,5K,5,83,O,930,641,289,0,284,2,284,0,46,28,91,65,10,9,13,5,0,0,1,1,0,1,0,0,0,0,1,2,1,0,0,0,0,0,0,0,0,0,0,0,6,0,0,4
Zweitstimme,"02W511","02",Friedrichshain-Kreuzberg,"511",W,5L,5,83,O,792,508,284,0,284,7,283,1,47,29,107,49,4,6,10,7,4,0,0,1,1,0,0,0,0,1,1,1,0,0,0,0,0,0,0,0,0,1,4,0,1,1,0,8
Zweitstimme,"02W512","02",Friedrichshain-Kreuzberg,"512",W,5L,5,83,O,934,644,290,0,415,2,414,1,45,41,119,116,26,14,14,14,3,0,0,1,0,1,0,1,0,0,1,2,0,0,0,3,0,0,1,0,0,0,0,0,2,2,0,8
Zweitstimme,"02W513","02",Friedrichshain-Kreuzberg,"513",W,5M,5,83,O,1200,755,445,0,488,8,486,2,73,26,181,121,17,13,19,11,0,2,0,0,0,1,0,0,0,1,0,2,0,0,0,1,0,0,5,0,0,0,3,0,1,0,2,7
Zweitstimme,"02W514","02",Friedrichshain-Kreuzberg,"514",W,5N,5,83,O,968,655,313,0,383,2,379,4,54,40,130,89,13,7,12,9,5,1,0,0,0,0,0,0,0,3,2,3,0,0,0,0,0,0,1,1,0,0,4,0,2,1,0,2
Zweitstimme,"02W515","02",Friedrichshain-Kreuzberg,"515",W,5P,5,83,O,1025,656,369,0,359,6,358,1,39,34,128,86,10,13,14,12,2,0,0,1,0,2,1,0,0,2,0,0,0,0,0,0,0,0,3,0,0,0,3,0,1,3,0,4
Zweitstimme,"02W516","02",Friedrichshain-Kreuzberg,"516",W,5Q,5,83,O,987,632,355,0,343,9,341,2,45,44,99,88,20,14,6,6,1,1,1,0,0,0,0,0,0,1,0,1,1,0,0,1,0,0,1,0,0,0,2,0,1,0,2,6
Zweitstimme,"02W517","02",Friedrichshain-Kreuzberg,"517",W,5R,5,83,O,1233,775,458,0,466,12,465,1,44,44,154,115,18,15,15,12,4,1,0,1,0,1,1,0,0,2,1,2,0,0,0,1,0,0,5,0,0,0,3,0,2,2,2,20
Zweitstimme,"02W518","02",Friedrichshain-Kreuzberg,"518",W,5S,5,83,O,1194,726,468,0,367,6,366,1,35,41,117,96,16,15,10,9,2,2,0,0,0,0,0,0,0,0,0,2,0,0,0,0,0,0,1,0,0,0,3,0,4,3,2,8
Zweitstimme,"02W519","02",Friedrichshain-Kreuzberg,"519",W,5T,5,83,O,1017,631,386,0,396,2,394,1,56,46,133,88,18,14,7,8,1,1,0,1,0,1,0,0,0,2,1,0,0,0,0,0,0,0,3,0,0,1,9,0,0,0,0,4
Zweitstimme,"02W520","02",Friedrichshain-Kreuzberg,"520",W,5U,5,83,O,1211,818,393,0,497,10,496,1,61,57,146,122,26,17,15,16,4,1,1,0,0,0,0,0,0,3,0,4,1,0,0,0,0,0,0,0,0,1,3,0,2,1,3,12
Zweitstimme,"02W521","02",Friedrichshain-Kreuzberg,"521",W,5V,5,83,O,1027,665,362,0,388,7,384,1,50,44,137,78,24,14,7,5,4,0,0,2,0,0,0,0,0,0,0,3,2,0,0,2,0,0,0,0,0,1,1,0,2,2,0,6
Zweitstimme,"02W522","02",Friedrichshain-Kreuzberg,"522",W,5W,5,83,O,1180,827,353,0,401,2,401,0,40,34,127,114,24,10,16,17,2,0,0,1,0,0,1,0,0,1,1,0,0,0,0,1,0,0,2,0,0,1,2,0,2,0,1,4
Zweitstimme,"02W523","02",Friedrichshain-Kreuzberg,"523",W,5X,5,83,O,1044,755,289,0,408,4,405,3,63,36,122,97,24,7,13,10,1,1,0,0,0,3,0,0,0,1,0,4,0,0,0,4,0,0,6,0,0,0,3,0,3,1,2,4
Zweitstimme,"02W524","02",Friedrichshain-Kreuzberg,"524",W,5Y,5,83,O,1029,698,331,0,360,4,360,0,60,45,96,78,32,7,14,5,0,2,0,1,0,2,0,0,0,1,0,3,0,0,0,0,0,0,0,0,0,1,1,0,1,1,3,7
Zweitstimme,"02W525","02",Friedrichshain-Kreuzberg,"525",W,5Z,5,83,O,990,689,301,0,405,4,402,2,35,53,130,92,17,13,15,16,3,1,1,2,0,4,0,0,0,0,0,3,0,0,0,1,0,0,1,0,0,1,3,0,3,0,1,7
Zweitstimme,"02W526","02",Friedrichshain-Kreuzberg,"526",W,5AA,5,83,O,1160,800,360,0,494,5,490,4,60,55,178,110,10,21,17,15,3,0,1,0,0,0,1,0,0,1,0,2,0,0,0,1,0,0,2,1,0,0,5,0,1,0,0,6
Zweitstimme,"02B5A","02",Friedrichshain-Kreuzberg,5A,B,5A,5,83,O,0,0,0,0,283,283,281,1,34,22,119,53,7,11,9,9,3,1,0,0,0,1,0,0,0,0,1,0,0,0,0,1,0,0,1,0,0,0,1,0,3,2,0,3
Zweitstimme,"02B5AA","02",Friedrichshain-Kreuzberg,5AA,B,5AA,5,83,O,0,0,0,0,323,323,320,3,43,38,127,66,3,16,6,4,0,2,0,0,0,0,0,1,0,0,0,1,1,0,0,2,0,0,0,0,0,0,2,0,2,1,0,5
Zweitstimme,"02B5B","02",Friedrichshain-Kreuzberg,5B,B,5B,5,83,O,0,0,0,0,386,386,386,0,65,45,132,59,18,14,7,14,3,0,0,0,0,0,0,0,0,0,0,4,1,0,0,0,0,0,3,0,0,1,4,0,2,2,2,10
Zweitstimme,"02B5C","02",Friedrichshain-Kreuzberg,5C,B,5C,5,83,O,0,0,0,0,320,320,316,4,37,34,116,67,12,8,11,9,2,1,0,0,0,1,0,0,0,2,0,0,2,0,0,3,0,0,0,0,0,0,2,0,2,0,2,5
Zweitstimme,"02B5D","02",Friedrichshain-Kreuzberg,5D,B,5D,5,83,O,0,0,0,0,318,318,318,0,56,40,106,50,7,14,11,5,0,0,1,0,0,0,0,0,0,0,1,3,0,0,0,4,0,0,5,0,0,1,5,0,2,2,0,5
Zweitstimme,"02B5E","02",Friedrichshain-Kreuzberg,5E,B,5E,5,83,O,0,0,0,0,411,411,410,1,61,55,154,78,6,17,10,5,2,0,0,0,0,2,0,0,0,0,0,0,1,0,0,2,0,0,0,0,0,0,8,0,1,1,0,7
Zweitstimme,"02B5F","02",Friedrichshain-Kreuzberg,5F,B,5F,5,83,O,0,0,0,0,309,309,308,1,55,39,106,69,9,5,5,5,1,0,0,0,0,0,0,0,0,1,1,1,0,0,0,0,0,0,0,0,0,0,3,0,1,1,0,6
Zweitstimme,"02B5G","02",Friedrichshain-Kreuzberg,5G,B,5G,5,83,O,0,0,0,0,416,416,415,1,61,46,151,70,12,23,8,18,4,0,0,2,0,0,1,0,0,1,0,4,0,0,0,0,0,0,1,1,0,0,2,0,1,1,1,7
Zweitstimme,"02B5H","02",Friedrichshain-Kreuzberg,5H,B,5H,5,83,O,0,0,0,0,339,339,338,0,73,42,82,84,12,8,7,11,2,0,0,0,0,0,1,0,0,2,1,1,0,0,0,0,0,0,0,1,0,0,0,0,1,2,1,7
Zweitstimme,"02B5J","02",Friedrichshain-Kreuzberg,5J,B,5J,5,83,O,0,0,0,0,281,281,281,0,41,23,104,48,10,7,13,13,5,1,0,1,1,0,0,0,0,1,0,2,0,0,0,2,0,0,0,0,0,0,3,0,3,0,0,3
Zweitstimme,"02B5K","02",Friedrichshain-Kreuzberg,5K,B,5K,5,83,O,0,0,0,0,259,259,258,1,44,26,83,50,11,12,4,8,1,0,0,0,0,1,0,0,0,4,0,0,0,0,0,0,0,0,1,0,0,0,4,0,2,0,1,6
Zweitstimme,"02B5L","02",Friedrichshain-Kreuzberg,5L,B,5L,5,83,O,0,0,0,0,530,530,527,3,64,70,211,97,13,20,11,8,1,1,0,1,0,2,0,0,0,2,0,2,1,0,0,2,0,0,0,0,0,0,2,0,4,1,0,14
Zweitstimme,"02B5M","02",Friedrichshain-Kreuzberg,5M,B,5M,5,83,O,0,0,0,0,390,390,388,2,62,43,144,76,6,13,10,5,2,1,1,1,0,0,0,0,0,4,0,3,1,0,0,0,0,0,1,0,0,0,4,0,4,1,0,6
Zweitstimme,"02B5N","02",Friedrichshain-Kreuzberg,5N,B,5N,5,83,O,0,0,0,0,279,279,278,1,27,32,102,66,5,9,5,9,3,1,0,0,0,0,0,0,0,3,0,0,1,0,0,1,0,0,0,0,0,0,8,0,1,0,1,4
Zweitstimme,"02B5P","02",Friedrichshain-Kreuzberg,5P,B,5P,5,83,O,0,0,0,0,341,341,339,1,30,29,144,72,2,11,11,10,4,0,0,0,0,0,1,0,0,1,1,3,0,0,0,1,0,0,3,0,0,1,5,0,3,1,0,6
Zweitstimme,"02B5Q","02",Friedrichshain-Kreuzberg,5Q,B,5Q,5,83,O,0,0,0,0,317,317,317,0,34,51,119,58,17,12,6,4,1,1,0,0,1,0,0,0,0,0,1,2,0,0,0,0,0,0,0,0,0,2,1,0,0,0,1,6
Zweitstimme,"02B5R","02",Friedrichshain-Kreuzberg,5R,B,5R,5,83,O,0,0,0,0,406,406,406,0,50,42,154,86,5,18,14,13,2,0,0,1,0,1,0,0,0,1,1,2,1,0,0,1,0,0,2,0,0,0,3,0,2,5,0,2
Zweitstimme,"02B5S","02",Friedrichshain-Kreuzberg,5S,B,5S,5,83,O,0,0,0,0,420,420,418,1,48,56,154,80,16,16,11,14,2,1,1,1,0,2,0,0,0,0,1,0,2,0,0,1,0,0,1,0,0,0,2,0,1,2,0,6
Zweitstimme,"02B5T","02",Friedrichshain-Kreuzberg,5T,B,5T,5,83,O,0,0,0,0,353,353,353,0,39,44,139,70,5,24,6,9,0,0,0,2,0,0,0,0,0,0,1,3,0,0,0,1,0,0,1,0,0,1,3,0,0,1,0,4
Zweitstimme,"02B5U","02",Friedrichshain-Kreuzberg,5U,B,5U,5,83,O,0,0,0,0,350,350,348,2,36,44,120,91,10,5,10,11,1,4,0,0,0,0,0,0,0,1,2,0,1,0,0,0,0,0,0,1,0,1,2,0,1,0,1,6
Zweitstimme,"02B5V","02",Friedrichshain-Kreuzberg,5V,B,5V,5,83,O,0,0,0,0,313,313,311,2,46,35,112,58,10,21,8,7,3,0,0,0,0,0,0,0,0,1,1,0,0,0,0,0,0,0,0,0,0,0,2,0,1,0,0,6
Zweitstimme,"02B5W","02",Friedrichshain-Kreuzberg,5W,B,5W,5,83,O,0,0,0,0,323,323,323,0,38,34,123,61,15,7,15,11,2,0,0,0,0,0,0,0,0,1,0,3,1,0,0,0,0,0,2,0,0,0,1,0,3,1,1,4
Zweitstimme,"02B5X","02",Friedrichshain-Kreuzberg,5X,B,5X,5,83,O,0,0,0,0,270,270,269,1,37,42,75,62,10,9,7,4,1,2,0,0,0,0,1,0,0,1,3,2,0,0,0,1,0,0,2,0,0,0,2,0,1,1,1,5
Zweitstimme,"02B5Y","02",Friedrichshain-Kreuzberg,5Y,B,5Y,5,83,O,0,0,0,0,298,298,297,1,39,40,96,73,10,11,6,7,2,1,0,0,0,0,0,0,0,0,0,1,0,0,0,0,0,0,1,0,0,1,3,0,1,1,2,2
Zweitstimme,"02B5Z","02",Friedrichshain-Kreuzberg,5Z,B,5Z,5,83,O,0,0,0,0,273,273,272,1,31,34,96,60,3,12,13,8,4,1,0,0,0,0,0,0,0,1,0,0,0,0,0,0,0,0,0,0,0,0,1,0,0,0,1,7
Zweitstimme,"02W601","02",Friedrichshain-Kreuzberg,"601",W,6A,6,83,O,1306,842,464,0,560,14,559,0,101,143,159,36,19,56,8,17,2,1,0,0,0,0,0,0,0,0,0,2,0,0,0,0,0,0,2,1,0,0,2,0,2,1,1,6
Zweitstimme,"02W602","02",Friedrichshain-Kreuzberg,"602",W,6B,6,83,O,884,566,318,0,411,0,408,3,85,101,98,54,18,27,5,10,1,0,0,0,0,0,0,0,0,0,1,1,1,0,0,2,0,0,0,1,0,1,1,0,0,1,0,0
Zweitstimme,"02W603","02",Friedrichshain-Kreuzberg,"603",W,6C,6,83,O,1097,711,386,0,437,13,435,1,57,76,178,47,11,17,9,6,1,2,0,2,0,0,0,0,0,0,4,6,0,0,0,1,0,0,1,1,0,0,4,0,0,1,1,10
Zweitstimme,"02W604","02",Friedrichshain-Kreuzberg,"604",W,6D,6,83,O,1003,729,274,0,318,14,315,3,51,65,60,58,40,6,10,6,0,0,3,2,0,0,0,0,0,0,0,1,0,0,0,1,0,0,0,0,0,0,2,0,4,1,2,3
Zweitstimme,"02W605","02",Friedrichshain-Kreuzberg,"605",W,6E,6,83,O,1217,850,367,0,435,11,434,1,60,39,145,85,31,18,19,9,1,2,0,0,0,0,0,0,0,0,0,1,1,0,0,2,0,0,1,0,0,0,3,0,2,2,1,12
Zweitstimme,"02W606","02",Friedrichshain-Kreuzberg,"606",W,6F,6,83,O,778,520,258,0,274,10,274,0,28,15,114,60,6,16,14,7,0,0,0,0,0,0,0,0,0,1,0,1,0,0,0,0,0,0,2,0,0,0,4,0,3,0,0,3
Zweitstimme,"02W607","02",Friedrichshain-Kreuzberg,"607",W,6G,6,83,O,849,539,310,0,408,8,408,0,54,64,174,48,4,18,15,9,2,0,0,1,0,0,0,0,0,0,1,1,0,0,0,0,0,0,1,0,0,0,2,0,0,0,2,12
Zweitstimme,"02W608","02",Friedrichshain-Kreuzberg,"608",W,6H,6,83,O,1178,755,423,0,430,10,427,3,52,29,154,97,18,13,16,20,2,1,0,1,0,1,1,0,0,0,0,5,0,0,0,0,0,0,5,0,0,0,2,0,1,0,3,6
Zweitstimme,"02W609","02",Friedrichshain-Kreuzberg,"609",W,6J,6,83,O,1097,693,404,0,410,10,409,0,54,49,140,95,17,14,10,7,2,2,0,0,0,3,0,0,0,2,1,2,0,0,0,1,0,0,1,0,0,0,1,0,1,0,0,7
Zweitstimme,"02W610","02",Friedrichshain-Kreuzberg,"610",W,6K,6,83,O,1247,852,395,0,567,7,562,5,75,81,151,148,20,19,18,21,1,2,0,1,0,2,0,0,0,0,1,3,0,0,0,0,0,0,3,0,0,0,4,0,0,0,2,10
Zweitstimme,"02W611","02",Friedrichshain-Kreuzberg,"611",W,6L,6,83,O,952,612,340,0,380,0,380,0,59,28,136,87,17,13,11,10,2,3,0,0,1,3,0,0,0,1,0,0,0,0,0,0,0,0,0,0,0,0,1,0,1,0,0,7
Zweitstimme,"02W612","02",Friedrichshain-Kreuzberg,"612",W,6M,6,83,O,1037,655,382,0,394,7,387,6,43,41,126,107,9,11,17,8,1,0,0,0,0,0,1,0,0,2,0,3,0,0,0,0,0,0,1,0,0,0,0,0,6,3,0,8
Zweitstimme,"02W613","02",Friedrichshain-Kreuzberg,"613",W,6N,6,83,O,1177,696,481,0,420,11,416,3,47,43,168,73,7,30,6,10,2,1,0,0,0,1,0,0,0,1,0,2,0,0,0,1,0,0,2,2,0,0,3,0,0,0,1,16
Zweitstimme,"02W614","02",Friedrichshain-Kreuzberg,"614",W,6P,6,83,O,1193,831,362,0,509,2,501,4,80,62,137,126,18,19,14,14,6,2,0,0,0,1,0,0,0,2,0,4,0,0,0,2,0,0,3,0,0,0,2,0,1,3,1,4
Zweitstimme,"02W615","02",Friedrichshain-Kreuzberg,"615",W,6Q,6,83,O,733,515,218,0,261,2,260,1,17,30,78,63,23,10,14,6,0,1,0,0,0,2,0,0,0,4,0,2,0,0,0,1,0,0,1,0,0,1,1,0,1,1,0,4
Zweitstimme,"02W616","02",Friedrichshain-Kreuzberg,"616",W,6R,6,83,O,1177,843,334,0,495,3,493,2,52,53,172,113,25,21,17,18,2,0,0,0,0,2,0,0,0,2,0,3,1,0,0,1,0,0,1,0,0,1,1,0,0,2,1,5
Zweitstimme,"02W617","02",Friedrichshain-Kreuzberg,"617",W,6S,6,83,O,1130,739,391,0,426,6,424,2,47,34,158,116,19,9,8,10,3,1,0,1,0,1,0,0,0,2,1,3,0,0,0,0,0,0,1,0,0,2,3,0,0,0,0,5
Zweitstimme,"02W618","02",Friedrichshain-Kreuzberg,"618",W,6T,6,83,O,968,669,299,0,378,8,375,0,52,34,141,89,11,8,9,11,2,0,0,3,0,2,1,0,0,1,0,1,2,0,0,1,0,0,1,0,0,0,4,0,0,0,0,2
Zweitstimme,"02W619","02",Friedrichshain-Kreuzberg,"619",W,6U,6,83,O,818,528,290,0,312,14,310,2,28,29,115,74,13,7,15,6,4,0,0,0,0,0,0,0,0,3,0,3,0,0,0,1,0,0,6,0,0,0,2,0,0,1,1,2
Zweitstimme,"02W620","02",Friedrichshain-Kreuzberg,"620",W,6V,6,83,O,1027,650,377,0,355,9,352,2,34,36,123,97,10,14,14,7,1,2,0,1,0,0,1,0,0,2,0,3,0,0,0,0,0,0,2,0,0,0,0,0,0,0,1,4
Zweitstimme,"02W621","02",Friedrichshain-Kreuzberg,"621",W,6W,6,83,O,785,531,254,0,282,4,281,1,24,27,94,83,13,13,10,6,0,0,0,1,0,0,0,0,0,0,0,2,0,0,0,0,0,0,1,0,0,0,3,0,1,0,2,1
Zweitstimme,"02W622","02",Friedrichshain-Kreuzberg,"622",W,6X,6,83,O,993,657,336,0,332,9,328,4,48,36,119,67,12,10,8,7,1,1,0,0,0,0,2,0,0,1,1,1,1,0,0,0,0,0,1,0,0,0,3,0,1,3,1,4
Zweitstimme,"02W623","02",Friedrichshain-Kreuzberg,"623",W,6Y,6,83,O,885,543,342,0,315,6,314,1,51,23,117,78,8,8,5,10,2,0,0,1,0,2,0,0,0,3,3,0,0,0,0,0,0,0,0,0,0,0,2,0,0,0,0,1
Zweitstimme,"02W624","02",Friedrichshain-Kreuzberg,"624",W,6Z,6,83,O,887,563,324,0,315,6,315,0,38,22,121,87,8,7,6,11,1,0,0,0,0,0,0,0,0,1,0,1,1,0,0,0,0,0,1,1,0,0,2,0,0,1,0,6
Zweitstimme,"02W625","02",Friedrichshain-Kreuzberg,"625",W,6AA,6,83,O,686,437,249,0,272,14,272,0,35,14,107,65,13,2,12,6,1,1,0,0,0,3,0,0,0,0,1,1,0,0,0,0,0,0,1,0,0,0,3,0,1,0,0,6
Zweitstimme,"02W626","02",Friedrichshain-Kreuzberg,"626",W,6AA,6,83,O,967,618,349,0,367,14,365,2,30,43,141,80,18,15,14,3,5,0,0,0,0,0,0,1,0,0,0,3,0,0,0,1,0,0,1,0,0,0,1,0,1,0,1,7
Zweitstimme,"02W627","02",Friedrichshain-Kreuzberg,"627",W,6G,6,83,O,757,534,223,0,320,3,318,2,48,42,91,83,16,5,6,7,0,0,1,0,0,0,0,0,0,1,0,1,0,0,0,2,0,0,3,0,0,0,1,0,1,2,1,7
Zweitstimme,"02W628","02",Friedrichshain-Kreuzberg,"628",W,6AB,6,83,O,901,572,329,0,350,10,348,1,52,51,141,50,11,18,7,4,1,0,0,0,0,1,0,0,0,0,0,1,0,0,0,0,0,0,1,0,0,2,1,0,1,2,1,3
Zweitstimme,"02B6A","02",Friedrichshain-Kreuzberg,6A,B,6A,6,83,O,0,0,0,0,457,457,456,1,66,122,143,44,21,35,9,2,0,0,0,0,0,1,0,0,0,2,1,2,0,0,0,0,0,0,0,0,0,0,1,0,0,0,0,7
Zweitstimme,"02B6AA","02",Friedrichshain-Kreuzberg,6AA,B,6AA,6,83,O,0,0,0,0,488,488,485,3,65,48,204,94,11,21,12,7,4,0,0,0,0,0,1,0,0,3,0,1,0,0,0,0,0,0,1,1,0,1,1,0,1,2,1,6
Zweitstimme,"02B6AB","02",Friedrichshain-Kreuzberg,6AB,B,6AB,6,83,O,0,0,0,0,278,278,278,0,37,47,103,32,7,21,6,10,2,2,0,0,0,0,0,0,0,0,0,0,0,0,0,0,0,0,0,0,0,0,2,0,0,0,2,7
Zweitstimme,"02B6B","02",Friedrichshain-Kreuzberg,6B,B,6B,6,83,O,0,0,0,0,289,289,288,1,63,63,73,32,17,21,6,0,1,0,0,0,0,0,0,0,0,0,0,0,1,0,0,0,0,0,1,0,0,0,1,0,1,0,0,8
Zweitstimme,"02B6C","02",Friedrichshain-Kreuzberg,6C,B,6C,6,83,O,0,0,0,0,347,347,346,1,35,63,145,43,8,18,5,4,1,0,0,1,0,0,0,0,0,0,2,0,0,0,0,0,0,0,3,0,0,1,3,0,1,0,1,12
Zweitstimme,"02B6D","02",Friedrichshain-Kreuzberg,6D,B,6D,6,83,O,0,0,0,0,236,236,236,0,38,28,66,51,10,15,6,6,1,0,1,1,0,0,1,0,0,1,0,0,0,0,0,0,0,0,0,0,0,0,1,0,0,5,0,5
Zweitstimme,"02B6E","02",Friedrichshain-Kreuzberg,6E,B,6E,6,83,O,0,0,0,0,319,319,319,0,32,33,122,59,6,12,9,17,1,0,0,0,0,0,0,0,0,1,1,1,0,0,0,0,0,0,3,0,0,0,5,0,1,2,1,13
Zweitstimme,"02B6F","02",Friedrichshain-Kreuzberg,6F,B,6F,6,83,O,0,0,0,0,234,234,234,0,23,24,107,47,8,5,9,3,1,0,0,0,0,0,0,0,0,1,2,0,0,0,0,0,0,0,0,0,0,0,2,0,1,0,0,1
Zweitstimme,"02B6G","02",Friedrichshain-Kreuzberg,6G,B,6G,6,83,O,0,0,0,0,477,477,474,2,59,75,191,69,9,28,7,2,5,1,0,1,0,2,0,0,0,3,0,2,0,0,0,1,0,0,0,0,0,2,2,0,2,0,2,11
Zweitstimme,"02B6H","02",Friedrichshain-Kreuzberg,6H,B,6H,6,83,O,0,0,0,0,377,377,376,1,36,23,175,85,6,14,14,8,2,0,0,0,0,1,0,0,0,0,0,0,0,0,0,0,0,0,2,0,0,0,2,0,0,0,2,6
Zweitstimme,"02B6J","02",Friedrichshain-Kreuzberg,6J,B,6J,6,83,O,0,0,0,0,355,355,353,2,40,46,135,76,7,10,6,7,2,2,1,0,0,2,0,1,0,1,0,1,0,0,0,0,0,0,2,1,0,0,0,0,4,1,1,7
Zweitstimme,"02B6K","02",Friedrichshain-Kreuzberg,6K,B,6K,6,83,O,0,0,0,0,353,353,350,2,47,60,96,89,11,6,10,6,1,0,0,3,0,2,0,0,0,2,0,2,0,0,0,1,0,0,1,0,0,2,5,0,2,0,0,4
Zweitstimme,"02B6L","02",Friedrichshain-Kreuzberg,6L,B,6L,6,83,O,0,0,0,0,298,298,298,0,36,32,124,63,4,18,2,8,0,1,0,0,0,1,0,0,0,0,0,3,0,0,0,0,0,0,1,0,0,1,1,0,0,0,0,3
Zweitstimme,"02B6M","02",Friedrichshain-Kreuzberg,6M,B,6M,6,83,O,0,0,0,0,345,345,343,2,40,24,157,59,6,12,12,15,0,1,0,0,1,0,0,0,0,0,1,2,1,0,0,0,0,0,3,0,0,0,3,0,1,1,0,4
Zweitstimme,"02B6N","02",Friedrichshain-Kreuzberg,6N,B,6N,6,83,O,0,0,0,0,444,444,443,1,66,34,210,52,4,29,5,9,4,2,0,1,0,0,0,0,0,1,1,1,0,0,0,1,0,0,1,0,0,1,3,0,0,0,0,18
Zweitstimme,"02B6P","02",Friedrichshain-Kreuzberg,6P,B,6P,6,83,O,0,0,0,0,337,337,335,2,51,42,119,67,10,9,10,9,1,1,0,0,1,0,0,1,0,1,0,0,1,0,0,0,0,0,3,0,0,0,2,0,1,0,1,5
Zweitstimme,"02B6Q","02",Friedrichshain-Kreuzberg,6Q,B,6Q,6,83,O,0,0,0,0,201,201,201,0,26,20,78,29,15,9,9,1,1,1,0,0,0,0,0,0,0,0,2,3,0,0,0,0,0,0,0,0,0,2,2,0,0,0,0,3
Zweitstimme,"02B6R","02",Friedrichshain-Kreuzberg,6R,B,6R,6,83,O,0,0,0,0,307,307,306,1,41,34,122,62,4,8,11,7,1,0,0,0,0,0,0,0,0,0,1,1,0,0,0,0,0,0,3,1,0,2,3,0,1,0,0,4
Zweitstimme,"02B6S","02",Friedrichshain-Kreuzberg,6S,B,6S,6,83,O,0,0,0,0,347,347,347,0,46,31,138,73,8,13,15,10,0,0,0,1,0,0,1,0,0,0,0,0,0,0,0,0,0,0,1,0,0,1,3,0,3,0,0,3
Zweitstimme,"02B6T","02",Friedrichshain-Kreuzberg,6T,B,6T,6,83,O,0,0,0,0,267,267,267,0,31,17,103,65,8,9,10,4,1,0,0,0,0,0,0,0,0,4,0,0,2,0,0,0,0,0,1,0,0,1,2,0,0,1,0,8
Zweitstimme,"02B6U","02",Friedrichshain-Kreuzberg,6U,B,6U,6,83,O,0,0,0,0,248,248,247,1,32,20,101,60,2,8,7,5,0,0,0,0,0,0,0,0,0,0,0,1,1,0,0,0,0,0,2,0,0,0,2,0,1,1,0,4
Zweitstimme,"02B6V","02",Friedrichshain-Kreuzberg,6V,B,6V,6,83,O,0,0,0,0,334,334,330,4,38,19,140,75,5,10,11,9,0,1,0,0,0,1,0,0,0,4,1,1,0,0,0,1,0,0,5,0,0,0,2,0,1,1,0,5
Zweitstimme,"02B6W","02",Friedrichshain-Kreuzberg,6W,B,6W,6,83,O,0,0,0,0,223,223,223,0,14,26,91,58,2,7,8,5,1,0,0,0,0,0,0,0,0,1,0,2,0,0,0,0,0,0,2,0,0,0,2,0,0,0,0,4
Zweitstimme,"02B6X","02",Friedrichshain-Kreuzberg,6X,B,6X,6,83,O,0,0,0,0,294,294,293,1,28,32,128,45,10,16,7,6,1,0,0,1,0,1,2,0,0,1,0,2,0,0,0,1,0,0,0,0,0,0,4,0,1,1,0,6
Zweitstimme,"02B6Y","02",Friedrichshain-Kreuzberg,6Y,B,6Y,6,83,O,0,0,0,0,309,309,307,2,33,24,126,72,9,12,11,6,0,0,0,1,0,1,0,0,0,0,1,0,1,0,0,0,0,0,2,0,0,0,2,0,2,1,0,3
Zweitstimme,"02B6Z","02",Friedrichshain-Kreuzberg,6Z,B,6Z,6,83,O,0,0,0,0,251,251,251,0,20,22,102,60,7,7,9,4,2,0,0,1,0,0,0,0,0,1,0,0,1,0,0,0,0,0,1,0,0,1,5,0,1,0,0,7
Zweitstimme,"03W100","03",Pankow,"100",W,1A,1,76,O,1365,934,431,0,496,6,492,4,68,118,110,70,61,16,7,14,2,2,1,1,0,0,1,0,0,0,1,8,1,0,0,4,0,0,1,0,0,0,2,0,1,0,0,3
Zweitstimme,"03W101","03",Pankow,"101",W,1A,1,76,O,878,574,304,0,285,4,285,0,43,75,27,36,46,11,4,16,0,0,0,0,0,0,0,1,0,0,1,5,0,0,0,6,0,0,0,2,0,4,2,0,1,2,0,3
Zweitstimme,"03W102","03",Pankow,"102",W,1B,1,76,O,1661,1054,607,0,528,6,518,9,85,144,66,83,87,11,7,8,5,2,0,2,0,0,0,0,0,0,1,5,1,0,0,1,0,0,1,0,0,5,1,0,1,0,1,1
Zweitstimme,"03W103","03",Pankow,"103",W,1C,1,76,O,1520,1221,299,0,395,3,391,4,57,108,25,47,96,13,2,12,1,1,8,3,0,0,2,0,0,0,0,2,2,0,0,3,0,0,0,1,0,2,2,0,0,2,1,1
Zweitstimme,"03W104","03",Pankow,"104",W,1D,1,76,O,1434,1045,389,0,366,1,362,4,56,110,8,46,96,10,1,12,1,5,2,1,0,0,0,0,0,0,0,5,1,0,0,1,0,0,1,0,0,1,1,0,2,1,0,1
Zweitstimme,"03W105","03",Pankow,"105",W,1D,1,76,O,1038,769,269,0,419,3,413,6,79,116,18,71,90,5,3,7,1,7,0,2,0,3,0,0,0,0,0,2,2,0,0,2,0,0,0,0,0,2,0,0,0,1,1,1
Zweitstimme,"03W106","03",Pankow,"106",W,1E,1,76,O,1304,1121,183,0,359,0,359,0,50,76,19,49,122,4,3,15,4,1,1,2,0,0,0,0,0,0,0,1,1,0,0,6,0,0,0,0,0,0,0,0,3,0,1,1
Zweitstimme,"03W107","03",Pankow,"107",W,1E,1,76,O,881,721,160,0,297,0,290,7,46,60,14,37,92,7,1,9,1,2,0,5,0,1,0,1,0,0,0,3,0,0,0,7,0,0,1,0,0,0,0,0,2,0,0,1
Zweitstimme,"03W108","03",Pankow,"108",W,1C,1,76,O,1321,1069,252,0,478,3,468,10,98,107,15,64,124,14,7,11,3,2,2,1,0,3,0,0,0,0,0,3,0,0,0,5,0,0,1,1,0,2,0,0,2,1,1,1
Zweitstimme,"03W109","03",Pankow,"109",W,1G,1,76,O,1471,1015,456,0,568,3,564,4,66,200,36,56,153,11,7,16,1,2,2,1,0,0,0,0,0,0,0,0,0,0,0,5,0,0,0,1,0,1,0,0,1,0,0,5
Zweitstimme,"03W110","03",Pankow,"110",W,1G,1,76,O,1400,1071,329,0,495,5,488,4,71,130,43,44,118,19,9,18,0,1,2,3,0,0,2,1,0,0,1,1,3,0,0,6,0,0,2,1,0,2,0,0,3,3,1,4
Zweitstimme,"03W111","03",Pankow,"111",W,1I,1,76,O,1360,905,455,0,515,9,512,3,82,187,37,51,94,25,4,11,1,0,0,0,0,0,0,0,0,0,0,3,1,0,0,7,0,0,0,0,0,1,0,0,3,1,1,3
Zweitstimme,"03W112","03",Pankow,"112",W,1I,1,76,O,1175,832,343,0,415,0,411,4,70,143,33,41,84,13,1,12,2,1,0,3,0,0,0,0,0,0,1,1,0,0,0,0,0,0,1,0,0,2,0,0,2,0,0,1
Zweitstimme,"03W113","03",Pankow,"113",W,1K,1,76,O,1488,906,582,0,541,5,535,6,73,216,42,52,89,14,7,14,3,3,1,1,0,1,0,0,0,0,2,6,1,0,0,5,0,0,1,0,0,0,1,0,1,0,2,0
Zweitstimme,"03W114","03",Pankow,"114",W,1K,1,76,O,999,596,403,0,411,5,406,5,57,157,38,41,80,15,4,7,0,1,0,1,0,1,0,0,0,0,0,0,0,0,0,2,0,0,0,0,0,0,0,0,0,0,1,1
Zweitstimme,"03W115","03",Pankow,"115",W,1H,1,76,O,988,631,357,0,406,3,402,4,63,146,51,44,56,14,4,8,1,2,0,3,0,0,0,0,0,0,0,3,1,0,0,2,0,0,0,0,0,0,1,0,1,1,0,1
Zweitstimme,"03W116","03",Pankow,"116",W,1F,1,76,O,1547,1010,537,0,507,5,500,7,73,145,47,36,116,25,3,19,3,5,1,3,0,1,0,0,0,0,1,8,0,0,0,4,0,0,0,0,0,2,0,0,3,1,2,2
Zweitstimme,"03W117","03",Pankow,"117",W,1F,1,76,O,1383,1049,334,0,445,1,435,10,69,116,37,38,110,8,8,16,2,2,0,1,0,1,0,0,0,0,0,6,1,0,0,8,0,0,4,0,0,1,0,0,2,0,2,3
Zweitstimme,"03W118","03",Pankow,"118",W,1H,1,76,O,1369,741,628,0,441,4,439,2,61,157,49,41,81,19,3,12,1,1,1,3,0,1,0,0,0,0,0,1,0,0,0,1,0,0,0,0,0,0,1,0,0,1,3,2
Zweitstimme,"03W119","03",Pankow,"119",W,1L,1,76,O,1404,967,437,0,518,5,514,4,65,171,39,47,117,21,7,17,4,3,2,0,0,0,0,0,0,0,1,11,0,0,0,4,0,0,1,0,0,1,0,0,0,1,0,2
Zweitstimme,"03W120","03",Pankow,"120",W,1N,1,76,O,1159,803,356,0,515,11,511,4,70,184,58,44,90,18,9,13,2,2,0,1,1,0,1,0,0,0,0,2,2,0,0,5,0,0,2,0,0,1,0,0,0,1,1,4
Zweitstimme,"03W121","03",Pankow,"121",W,1N,1,76,O,1254,836,418,0,508,8,502,6,87,155,65,43,85,23,10,10,1,2,0,3,0,1,0,0,0,0,1,3,0,0,0,2,0,0,0,0,0,1,0,0,2,1,2,5
Zweitstimme,"03W122","03",Pankow,"122",W,1M,1,76,O,1261,735,526,0,494,0,492,2,63,189,53,58,73,21,4,14,1,3,0,1,0,2,0,0,0,1,0,1,1,0,0,2,0,0,0,1,0,0,0,0,0,1,1,2
Zweitstimme,"03W123","03",Pankow,"123",W,1L,1,76,O,1285,912,373,0,559,7,559,0,93,200,52,47,100,23,2,17,3,4,0,1,0,2,0,0,0,0,2,4,0,0,0,2,0,0,1,0,0,1,0,0,0,2,1,2
Zweitstimme,"03W124","03",Pankow,"124",W,1H,1,76,O,1109,711,398,0,495,3,491,4,78,183,48,54,75,18,0,7,1,2,0,4,0,1,0,0,0,1,1,6,1,0,0,3,0,0,0,0,0,2,0,0,0,3,0,3
Zweitstimme,"03W125","03",Pankow,"125",W,1M,1,76,O,1277,831,446,0,545,6,541,4,82,193,36,50,126,10,4,14,0,2,1,3,0,1,0,0,0,0,0,7,0,0,0,6,0,0,0,0,0,2,0,0,0,2,1,1
Zweitstimme,"03W126","03",Pankow,"126",W,1N,1,76,O,1096,735,361,0,433,2,428,5,53,164,36,42,81,21,5,8,2,1,0,2,0,2,0,0,0,0,0,5,0,0,0,2,0,0,0,0,0,1,0,0,0,0,1,2
Zweitstimme,"03B1A","03",Pankow,1A,B,1A,1,76,O,0,0,0,0,641,641,639,1,106,168,118,90,54,22,9,19,3,7,0,3,0,0,0,0,0,0,1,10,1,0,0,8,0,0,4,0,0,4,9,0,0,0,2,1
Zweitstimme,"03B1B","03",Pankow,1B,B,1B,1,76,O,0,0,0,0,539,539,537,2,96,155,74,82,50,18,6,17,2,2,0,1,0,1,0,0,0,0,1,9,0,0,0,5,0,0,1,0,0,5,1,0,6,1,1,3
Zweitstimme,"03B1C","03",Pankow,1C,B,1C,1,76,O,0,0,0,0,470,470,467,3,85,132,32,68,87,12,7,16,1,3,1,3,0,0,0,0,0,0,0,2,0,0,0,2,0,0,1,0,0,2,0,0,5,0,3,5
Zweitstimme,"03B1D","03",Pankow,1D,B,1D,1,76,O,0,0,0,0,577,577,576,1,124,178,35,88,88,11,2,12,0,5,1,2,0,1,0,0,0,0,1,2,2,0,0,4,0,0,0,1,0,3,0,0,8,1,1,6
Zweitstimme,"03B1E","03",Pankow,1E,B,1E,1,76,O,0,0,0,0,344,344,339,5,68,97,18,40,62,11,6,8,3,1,1,4,0,1,2,0,0,1,0,7,2,0,0,3,0,0,0,0,0,0,0,0,3,0,1,0
Zweitstimme,"03B1F","03",Pankow,1F,B,1F,1,76,O,0,0,0,0,770,770,767,3,133,231,55,72,142,23,14,43,5,3,4,4,0,0,0,0,0,0,0,2,1,0,0,8,0,0,5,0,0,3,0,0,9,1,3,6
Zweitstimme,"03B1G","03",Pankow,1G,B,1G,1,76,O,0,0,0,0,698,698,695,2,138,242,32,78,119,13,6,31,2,3,1,6,0,2,0,0,0,0,0,0,2,0,0,3,0,0,1,0,0,4,0,0,9,1,1,1
Zweitstimme,"03B1H","03",Pankow,1H,B,1H,1,76,O,0,0,0,0,1266,1266,1259,6,221,484,152,143,116,44,21,19,1,10,1,6,1,1,0,1,0,0,0,10,4,0,0,4,0,0,1,0,0,3,2,0,3,1,4,6
Zweitstimme,"03B1I","03",Pankow,1I,B,1I,1,76,O,0,0,0,0,731,731,729,2,118,265,81,68,97,32,9,21,2,1,1,9,1,5,0,0,0,0,1,4,2,0,0,3,0,0,0,0,0,3,0,0,4,0,0,2
Zweitstimme,"03B1K","03",Pankow,1K,B,1K,1,76,O,0,0,0,0,923,923,921,2,149,397,73,97,95,33,4,21,1,1,1,7,1,3,2,0,0,0,2,5,4,0,0,10,0,0,1,1,0,2,2,0,1,1,2,5
Zweitstimme,"03B1L","03",Pankow,1L,B,1L,1,76,O,0,0,0,0,713,713,709,4,123,285,60,64,77,32,12,21,1,4,2,2,0,0,0,0,0,1,0,4,1,0,0,5,0,0,2,0,0,4,0,0,3,2,2,2
Zweitstimme,"03B1M","03",Pankow,1M,B,1M,1,76,O,0,0,0,0,872,872,868,2,147,341,76,91,88,39,9,22,2,4,0,8,1,6,0,0,0,0,0,4,0,0,0,18,0,0,0,0,0,4,1,0,6,0,0,1
Zweitstimme,"03B1N","03",Pankow,1N,B,1N,1,76,O,0,0,0,0,1016,1016,1013,2,167,399,141,94,94,45,12,17,3,5,1,5,0,0,0,0,0,0,0,6,0,0,0,6,0,0,1,0,0,3,1,0,4,1,3,5
Zweitstimme,"03W200","03",Pankow,"200",W,2D,2,76,O,1400,841,559,0,529,4,526,3,79,196,76,37,73,31,5,7,0,3,0,1,0,0,1,0,0,1,1,6,1,0,0,3,0,0,1,0,0,1,0,0,0,1,0,2
Zweitstimme,"03W201","03",Pankow,"201",W,2A,2,76,O,633,530,103,0,380,2,373,6,44,129,6,28,115,19,2,9,1,2,1,2,0,1,1,0,0,0,0,2,0,0,0,6,0,0,2,0,0,2,0,0,0,1,0,0
Zweitstimme,"03W202","03",Pankow,"202",W,2A,2,76,O,855,637,218,0,408,7,403,5,56,143,50,34,86,9,2,8,1,3,0,3,0,0,0,0,0,1,0,1,1,0,0,0,0,0,0,0,0,1,1,0,1,0,0,2
Zweitstimme,"03W203","03",Pankow,"203",W,2B,2,76,O,1366,938,428,0,491,7,482,8,83,162,22,54,95,19,3,19,1,3,4,0,0,0,0,0,0,0,0,3,2,0,0,5,0,0,0,0,0,3,0,0,3,0,0,1
Zweitstimme,"03W204","03",Pankow,"204",W,2C,2,76,O,1163,771,392,0,397,7,387,9,63,138,30,39,70,20,5,4,1,1,0,2,0,0,0,1,0,1,0,3,2,0,0,3,0,0,1,0,0,1,0,0,0,0,0,2
Zweitstimme,"03W205","03",Pankow,"205",W,2C,2,76,O,1420,899,521,0,441,6,438,3,68,142,36,40,89,18,10,11,4,3,0,3,0,0,0,0,0,1,0,2,1,0,0,4,0,0,0,1,0,1,1,0,1,0,0,2
Zweitstimme,"03W206","03",Pankow,"206",W,2D,2,76,O,1423,880,543,0,519,10,513,6,85,175,53,42,111,17,5,8,0,1,0,0,0,0,0,0,0,0,0,4,0,0,0,3,0,0,1,0,0,0,0,0,2,0,1,5
Zweitstimme,"03W207","03",Pankow,"207",W,2F,2,76,O,1199,861,338,0,461,3,458,3,88,120,46,60,76,18,4,15,1,1,2,4,0,0,0,0,0,1,1,4,0,0,0,4,0,0,3,0,0,0,0,0,1,0,7,2
Zweitstimme,"03W208","03",Pankow,"208",W,2L,2,76,O,1462,988,474,0,536,0,528,8,107,149,59,75,82,16,5,12,0,3,0,0,1,1,0,0,0,0,0,2,0,0,0,4,0,0,1,1,0,2,0,0,2,0,3,3
Zweitstimme,"03W209","03",Pankow,"209",W,2K,2,76,O,1503,1016,487,0,552,10,549,3,92,118,83,63,93,23,12,20,3,3,2,2,0,1,1,0,0,0,1,7,1,0,0,6,0,0,0,0,0,1,4,0,3,4,1,5
Zweitstimme,"03W210","03",Pankow,"210",W,2M,2,76,O,1208,762,446,0,469,7,469,0,97,148,53,56,58,23,5,11,1,0,0,0,0,1,0,0,0,1,0,5,0,0,0,1,0,0,0,0,0,2,3,0,0,2,1,1
Zweitstimme,"03W211","03",Pankow,"211",W,2F,2,76,O,1405,827,578,0,527,3,523,4,105,178,61,53,59,28,3,11,0,2,2,3,0,0,0,0,0,0,2,2,0,0,0,9,0,0,0,0,0,1,2,0,0,1,0,1
Zweitstimme,"03W212","03",Pankow,"212",W,2G,2,76,O,1431,904,527,0,509,10,505,4,80,114,107,72,50,22,10,13,4,3,0,1,0,0,1,0,0,0,2,3,2,0,0,2,0,0,1,2,0,4,2,0,0,2,2,6
Zweitstimme,"03W213","03",Pankow,"213",W,2H,2,76,O,1466,928,538,0,592,8,588,4,87,141,136,89,61,22,10,5,1,3,0,1,0,1,1,1,0,2,1,8,1,0,0,1,0,0,1,0,0,5,0,0,1,1,1,7
Zweitstimme,"03W214","03",Pankow,"214",W,2H,2,76,O,1387,787,600,0,486,13,484,1,66,89,103,94,54,27,6,12,0,2,0,2,0,2,1,0,0,0,2,9,0,0,0,0,0,0,2,2,0,2,0,0,2,1,4,2
Zweitstimme,"03W215","03",Pankow,"215",W,2E,2,76,O,1334,860,474,0,449,4,445,3,90,132,39,36,96,14,8,12,0,0,0,1,0,1,1,0,0,0,0,6,0,0,0,3,0,0,0,0,0,1,0,0,1,0,3,1
Zweitstimme,"03W216","03",Pankow,"216",W,2I,2,76,O,1529,985,544,0,541,3,534,7,109,135,73,61,95,23,7,10,1,2,0,1,0,0,0,0,0,0,0,8,0,0,0,1,0,0,0,0,0,0,0,0,2,2,1,3
Zweitstimme,"03W217","03",Pankow,"217",W,2I,2,76,O,1360,900,460,0,523,1,516,7,94,106,93,73,81,18,10,12,1,1,0,1,0,0,0,0,0,1,0,8,0,0,0,8,0,0,0,0,0,1,0,0,1,2,1,4
Zweitstimme,"03W218","03",Pankow,"218",W,2E,2,76,O,1223,769,454,0,479,7,478,1,88,140,65,60,75,20,5,8,0,2,1,1,0,1,0,0,0,0,0,1,1,0,0,2,0,0,0,0,0,2,0,0,2,0,2,2
Zweitstimme,"03W219","03",Pankow,"219",W,2K,2,76,O,1457,938,519,0,569,7,560,5,105,170,67,67,97,21,0,17,1,2,2,1,0,0,1,0,0,0,0,1,0,0,0,2,0,0,0,0,0,1,1,0,1,0,2,1
Zweitstimme,"03W220","03",Pankow,"220",W,2N,2,76,O,1434,863,571,0,569,11,566,3,77,127,130,82,77,23,7,13,3,2,1,1,0,3,0,0,0,0,0,3,1,0,0,2,0,0,2,0,0,1,4,0,1,1,0,5
Zweitstimme,"03W221","03",Pankow,"221",W,2M,2,76,O,1224,703,521,0,425,5,421,4,74,117,68,57,52,15,7,6,3,1,1,3,0,1,0,0,0,0,1,6,1,0,0,2,0,0,0,0,0,0,1,0,1,0,2,2
Zweitstimme,"03W222","03",Pankow,"222",W,2B,2,76,O,1304,990,314,0,517,2,512,5,79,147,25,58,122,18,6,21,3,5,0,3,1,0,0,0,0,0,3,2,2,0,0,4,0,0,1,0,0,3,0,0,3,1,2,3
Zweitstimme,"03W223","03",Pankow,"223",W,2G,2,76,O,1352,854,498,0,478,0,473,5,84,134,53,60,89,21,7,3,0,5,0,2,0,0,0,0,0,0,0,5,1,0,0,0,0,0,0,0,0,2,1,0,1,0,0,5
Zweitstimme,"03W224","03",Pankow,"224",W,2L,2,76,O,1215,779,436,0,444,4,442,2,84,107,90,49,47,22,8,9,1,0,0,0,1,0,0,0,0,0,0,5,2,0,0,2,0,0,0,0,0,1,1,0,1,1,3,8
Zweitstimme,"03B2A","03",Pankow,2A,B,2A,2,76,O,0,0,0,0,397,397,395,2,61,112,66,34,54,21,4,17,0,4,0,2,0,0,0,0,0,0,0,5,0,0,0,4,0,0,1,0,0,3,2,0,0,2,3,0
Zweitstimme,"03B2B","03",Pankow,2B,B,2B,2,76,O,0,0,0,0,655,655,650,5,126,205,61,68,87,22,9,25,0,12,2,4,1,0,0,0,0,0,0,4,3,0,0,5,0,0,1,0,0,5,2,0,2,2,1,3
Zweitstimme,"03B2C","03",Pankow,2C,B,2C,2,76,O,0,0,0,0,785,785,784,1,120,278,74,90,103,26,10,30,3,8,1,3,0,2,0,0,0,0,1,5,0,0,0,10,0,0,0,0,0,4,0,0,9,2,2,3
Zweitstimme,"03B2D","03",Pankow,2D,B,2D,2,76,O,0,0,0,0,982,982,977,3,175,400,129,72,79,51,14,16,0,9,1,2,2,0,0,0,0,0,2,5,1,0,0,4,0,0,0,0,0,2,1,0,1,3,4,4
Zweitstimme,"03B2E","03",Pankow,2E,B,2E,2,76,O,0,0,0,0,819,819,816,3,159,261,88,102,90,39,10,14,2,6,0,5,0,3,0,0,0,1,1,2,1,0,0,3,0,0,2,0,0,3,1,0,10,0,3,10
Zweitstimme,"03B2F","03",Pankow,2F,B,2F,2,76,O,0,0,0,0,831,831,829,2,147,296,108,91,69,56,14,11,2,3,0,1,1,0,0,1,0,0,1,1,0,0,0,3,0,0,3,0,0,5,2,0,2,0,4,8
Zweitstimme,"03B2G","03",Pankow,2G,B,2G,2,76,O,0,0,0,0,925,925,919,6,162,275,178,120,84,33,8,13,1,5,0,5,1,0,0,1,0,0,3,5,0,0,0,5,0,0,1,1,0,3,1,0,2,0,2,10
Zweitstimme,"03B2H","03",Pankow,2H,B,2H,2,76,O,0,0,0,0,1019,1019,1018,1,179,245,213,164,62,50,15,19,6,2,0,2,1,3,2,1,0,2,2,11,0,0,0,2,0,0,2,1,0,9,4,0,7,2,1,11
Zweitstimme,"03B2I","03",Pankow,2I,B,2I,2,76,O,0,0,0,0,884,884,877,4,180,226,139,117,71,40,15,26,4,7,0,6,0,1,0,0,0,0,3,8,2,0,0,6,0,0,2,0,0,3,3,0,5,1,1,11
Zweitstimme,"03B2K","03",Pankow,2K,B,2K,2,76,O,0,0,0,0,887,887,880,5,148,245,120,109,92,55,17,14,2,6,1,8,0,5,0,1,0,1,2,10,2,0,0,10,0,0,1,1,0,9,4,0,0,2,7,8
Zweitstimme,"03B2L","03",Pankow,2L,B,2L,2,76,O,0,0,0,0,812,812,809,3,169,250,139,95,60,36,15,12,1,7,0,4,0,0,0,0,0,0,0,1,0,0,0,5,0,0,0,1,0,1,1,0,1,3,2,6
Zweitstimme,"03B2M","03",Pankow,2M,B,2M,2,76,O,0,0,0,0,873,873,871,2,171,267,158,102,55,33,7,26,2,6,0,1,1,2,0,0,0,0,0,6,1,0,0,5,0,0,1,0,0,3,3,0,1,2,1,17
Zweitstimme,"03B2N","03",Pankow,2N,B,2N,2,76,O,0,0,0,0,508,508,508,0,70,143,108,75,29,31,7,15,2,2,0,1,0,2,1,0,0,0,1,2,2,0,0,6,0,0,1,0,0,0,1,0,0,3,1,5
Zweitstimme,"03W300","03",Pankow,"300",W,3A,3,76,O,1291,765,526,0,427,4,420,4,70,131,45,52,79,19,3,7,1,2,0,2,0,1,0,0,0,0,0,2,0,0,0,0,0,0,0,0,0,1,1,0,0,0,0,4
Zweitstimme,"03W301","03",Pankow,"301",W,3A,3,76,O,1318,792,526,0,493,5,491,2,95,142,69,52,72,17,2,9,1,2,0,3,0,1,2,0,0,0,1,11,2,0,0,3,0,0,0,0,0,0,0,0,3,1,1,2
Zweitstimme,"03W302","03",Pankow,"302",W,3E,3,76,O,1540,1106,434,0,484,2,477,7,70,127,35,62,106,10,11,22,1,2,3,1,1,1,0,0,0,1,1,6,0,0,0,4,0,0,0,0,0,2,1,0,4,0,0,6
Zweitstimme,"03W303","03",Pankow,"303",W,3C,3,76,O,1339,990,349,0,364,1,361,3,61,88,19,50,81,11,5,15,4,2,3,4,0,1,0,0,0,0,1,4,1,0,0,1,0,0,1,1,0,0,0,0,3,1,2,2
Zweitstimme,"03W304","03",Pankow,"304",W,3B,3,76,O,1349,913,436,0,530,3,522,8,114,141,54,68,84,14,3,14,1,5,1,0,0,3,2,0,0,0,0,9,2,0,0,1,0,0,0,0,0,0,1,0,2,1,0,2
Zweitstimme,"03W305","03",Pankow,"305",W,3B,3,76,O,1461,953,508,0,559,6,555,4,86,131,97,91,81,14,13,13,1,2,0,2,0,1,0,1,0,0,0,3,0,0,0,4,0,0,1,1,0,1,0,0,2,1,2,7
Zweitstimme,"03W306","03",Pankow,"306",W,3D,3,76,O,1788,1066,722,0,637,12,634,3,121,159,121,84,71,27,13,12,2,2,0,0,1,0,0,1,0,1,0,2,3,0,0,3,0,0,0,1,0,3,1,0,2,0,0,4
Zweitstimme,"03W307","03",Pankow,"307",W,3E,3,76,O,1371,927,444,0,578,6,573,5,99,112,99,100,74,13,7,24,4,1,1,1,0,4,0,0,0,0,1,13,1,0,0,4,0,0,0,0,0,0,1,0,5,1,1,7
Zweitstimme,"03W308","03",Pankow,"308",W,3F,3,76,O,1443,934,509,0,558,3,552,6,87,105,119,88,74,20,11,14,3,3,0,0,0,0,2,1,0,0,1,3,0,0,0,2,0,0,2,0,0,3,1,0,3,2,3,5
Zweitstimme,"03W309","03",Pankow,"309",W,3I,3,76,O,1330,914,416,0,523,3,521,2,85,89,123,95,53,15,15,12,2,1,0,3,0,1,0,0,0,0,2,7,0,0,0,2,0,0,2,1,0,1,1,0,2,3,0,6
Zweitstimme,"03W310","03",Pankow,"310",W,3I,3,76,O,1399,954,445,0,587,5,585,2,85,92,158,114,46,15,21,12,3,3,1,1,0,2,0,0,0,0,1,6,1,0,0,1,0,0,1,0,0,2,2,0,2,4,2,10
Zweitstimme,"03W311","03",Pankow,"311",W,3D,3,76,O,1536,908,628,0,520,12,516,4,83,92,135,96,41,14,10,10,2,0,0,3,0,4,0,0,0,0,0,9,1,0,0,2,0,0,2,0,0,0,2,0,3,0,0,7
Zweitstimme,"03W312","03",Pankow,"312",W,3H,3,76,O,1391,932,459,0,645,5,641,3,102,96,189,147,43,15,6,11,2,1,0,0,0,0,1,0,0,0,0,4,2,0,0,2,0,0,1,1,0,3,1,0,2,1,3,8
Zweitstimme,"03W313","03",Pankow,"313",W,3G,3,76,O,1417,879,538,0,558,10,556,2,98,127,126,77,31,30,8,14,1,4,1,2,0,1,0,1,0,0,3,13,1,0,0,1,0,0,2,1,0,1,0,0,2,2,1,8
Zweitstimme,"03W314","03",Pankow,"314",W,3K,3,76,O,1435,899,536,0,403,4,399,4,63,66,133,73,20,15,8,5,0,0,0,0,0,2,1,0,0,0,0,4,1,0,0,0,0,0,1,0,0,0,1,0,1,0,0,5
Zweitstimme,"03W315","03",Pankow,"315",W,3K,3,76,O,1193,757,436,0,516,9,510,5,73,58,156,113,39,12,13,11,3,2,0,0,0,2,1,0,0,0,1,9,0,0,0,4,0,0,1,0,0,0,0,0,2,1,3,6
Zweitstimme,"03W316","03",Pankow,"316",W,3M,3,76,O,1252,784,468,0,489,5,486,3,82,71,139,99,44,11,9,7,3,2,1,0,0,0,0,0,0,0,1,4,1,0,0,1,0,0,0,0,0,1,1,0,3,0,1,5
Zweitstimme,"03W317","03",Pankow,"317",W,3L,3,76,O,1654,1012,642,0,610,11,608,2,87,90,211,99,44,15,11,12,1,1,1,3,0,1,1,0,0,0,0,8,2,0,0,0,0,0,1,0,0,2,3,0,2,1,1,11
Zweitstimme,"03W318","03",Pankow,"318",W,3M,3,76,O,1198,796,402,0,490,2,482,8,72,87,138,92,29,14,8,9,1,4,1,1,0,2,1,0,0,0,0,5,2,0,0,0,0,0,1,0,0,1,2,0,5,2,1,4
Zweitstimme,"03W319","03",Pankow,"319",W,3C,3,76,O,1413,983,430,0,521,4,514,6,75,115,46,87,118,14,10,12,1,6,0,2,0,0,0,0,0,0,0,9,3,0,0,4,0,0,1,0,0,0,0,0,7,0,4,0
Zweitstimme,"03W320","03",Pankow,"320",W,3G,3,76,O,1301,857,444,0,497,7,494,3,87,96,119,82,46,24,6,7,1,4,0,1,0,1,0,0,0,0,1,4,1,0,0,5,0,0,0,0,0,2,1,0,2,0,0,4
Zweitstimme,"03W321","03",Pankow,"321",W,3F,3,76,O,1282,876,406,0,501,4,495,6,89,99,77,97,65,15,10,13,2,1,1,3,0,0,0,0,0,1,0,5,0,0,0,3,0,0,1,0,0,0,2,0,4,1,2,4
Zweitstimme,"03W322","03",Pankow,"322",W,3H,3,76,O,1214,767,447,0,497,4,494,3,76,74,151,91,33,15,15,13,0,3,0,0,0,2,0,0,0,1,1,6,0,0,0,1,0,0,0,0,0,2,0,0,1,1,0,8
Zweitstimme,"03W323","03",Pankow,"323",W,3L,3,76,O,1118,653,465,0,424,5,422,2,71,74,138,57,16,19,10,16,1,0,0,0,0,0,0,0,0,0,1,2,0,0,0,0,0,0,1,0,0,1,2,0,0,2,1,10
Zweitstimme,"03B3A","03",Pankow,3A,B,3A,3,76,O,0,0,0,0,969,969,966,3,166,295,130,129,120,35,16,16,1,3,3,5,0,3,0,1,0,0,0,6,2,0,0,3,0,0,1,0,0,10,6,0,3,3,3,6
Zweitstimme,"03B3B","03",Pankow,3B,B,3B,3,76,O,0,0,0,0,835,835,824,8,166,206,151,118,81,30,14,11,3,4,1,3,0,3,0,0,0,2,0,7,2,0,0,5,0,0,1,0,0,3,0,0,7,1,1,4
Zweitstimme,"03B3C","03",Pankow,3C,B,3C,3,76,O,0,0,0,0,684,684,676,8,146,158,79,111,80,20,7,18,1,2,1,1,0,4,1,1,0,0,1,5,3,0,0,3,0,0,2,1,0,9,1,0,11,2,1,7
Zweitstimme,"03B3D","03",Pankow,3D,B,3D,3,76,O,0,0,0,0,1208,1208,1201,7,220,255,291,192,84,41,16,28,6,3,1,2,0,7,0,0,0,0,8,4,1,0,0,2,0,0,2,1,0,5,5,0,11,0,0,16
Zweitstimme,"03B3E","03",Pankow,3E,B,3E,3,76,O,0,0,0,0,779,779,775,4,140,164,133,133,76,35,15,30,3,3,2,2,1,4,0,0,0,0,1,3,0,0,0,6,0,0,0,0,0,4,0,0,13,0,2,5
Zweitstimme,"03B3F","03",Pankow,3F,B,3F,3,76,O,0,0,0,0,828,828,826,2,141,158,198,144,57,32,17,20,2,3,2,5,0,2,0,0,0,1,4,2,3,0,0,6,0,0,2,1,0,3,2,0,11,5,0,5
Zweitstimme,"03B3G","03",Pankow,3G,B,3G,3,76,O,0,0,0,0,895,895,886,8,144,228,204,147,39,44,16,14,3,6,0,3,1,4,0,0,0,0,2,3,1,0,0,8,0,0,0,0,0,3,2,0,3,2,0,9
Zweitstimme,"03B3H","03",Pankow,3H,B,3H,3,76,O,0,0,0,0,825,825,821,4,147,134,234,151,37,40,12,14,3,4,0,2,0,1,0,0,0,1,0,2,2,0,0,2,0,0,2,1,0,3,1,0,3,3,1,21
Zweitstimme,"03B3I","03",Pankow,3I,B,3I,3,76,O,0,0,0,0,786,786,782,4,131,145,222,125,38,25,20,18,1,3,3,4,0,2,2,1,0,2,2,2,1,0,0,5,0,0,2,1,0,2,2,0,7,3,0,13
Zweitstimme,"03B3K","03",Pankow,3K,B,3K,3,76,O,0,0,0,0,895,895,892,0,164,130,298,180,28,18,16,10,1,1,1,0,0,2,0,1,0,2,0,11,1,0,0,4,0,0,2,1,0,2,5,0,3,0,2,9
Zweitstimme,"03B3L","03",Pankow,3L,B,3L,3,76,O,0,0,0,0,1017,1017,1016,1,153,158,357,165,33,36,22,32,3,0,0,1,0,1,2,0,0,1,4,10,1,0,0,2,0,0,3,0,0,1,5,0,4,1,3,18
Zweitstimme,"03B3M","03",Pankow,3M,B,3M,3,76,O,0,0,0,0,795,795,792,3,135,122,245,126,32,31,15,22,5,2,0,2,0,6,1,0,0,3,0,9,3,0,0,1,0,0,3,1,0,2,3,0,3,1,3,16
Zweitstimme,"03W400","03",Pankow,"400",W,4C,4,76,O,1547,1096,451,0,534,7,525,9,97,123,69,88,88,14,10,9,1,3,1,1,0,1,0,0,0,0,1,8,0,0,0,1,0,0,1,0,0,0,2,0,3,1,1,2
Zweitstimme,"03W401","03",Pankow,"401",W,4E,4,76,O,1418,1086,332,0,514,0,510,4,102,110,42,88,99,8,8,20,1,4,2,4,0,0,1,0,0,1,1,2,1,0,0,5,0,0,1,0,0,2,0,0,4,2,0,2
Zweitstimme,"03W402","03",Pankow,"402",W,4E,4,76,O,1448,957,491,0,526,8,521,5,86,132,59,92,82,8,14,13,1,2,1,4,0,3,0,0,0,2,0,6,2,0,0,5,0,0,2,0,0,1,1,0,2,2,0,1
Zweitstimme,"03W403","03",Pankow,"403",W,4F,4,76,O,1513,1007,506,0,535,10,532,3,80,95,108,114,60,22,7,13,0,3,0,0,0,0,0,0,0,0,1,8,1,0,0,7,0,0,2,0,0,0,1,0,0,0,0,10
Zweitstimme,"03W404","03",Pankow,"404",W,4H,4,76,O,1510,1021,489,0,592,11,590,2,96,121,150,98,51,24,12,7,2,1,0,2,1,2,0,0,0,0,0,9,0,0,0,1,0,0,1,0,0,0,2,0,0,1,3,6
Zweitstimme,"03W405","03",Pankow,"405",W,4G,4,76,O,1539,1147,392,0,508,6,502,6,88,113,69,70,80,10,19,20,4,3,0,1,0,3,1,0,0,1,0,5,2,0,0,2,0,0,2,0,0,2,0,0,3,4,0,0
Zweitstimme,"03W406","03",Pankow,"406",W,4I,4,76,O,1713,1254,459,0,654,7,647,6,131,183,56,91,91,21,13,23,3,3,0,6,0,0,0,0,0,0,1,7,3,0,0,4,0,0,2,0,0,1,1,0,1,0,0,6
Zweitstimme,"03W407","03",Pankow,"407",W,4L,4,76,O,1489,1087,402,0,520,10,514,6,92,124,22,70,119,10,16,25,0,4,1,6,0,2,0,0,0,0,1,4,2,0,0,4,0,0,3,0,0,3,2,0,1,2,0,1
Zweitstimme,"03W408","03",Pankow,"408",W,4K,4,76,O,1681,1307,374,0,590,4,582,8,158,137,34,73,103,18,8,19,1,1,2,2,0,4,0,0,0,0,0,8,0,0,0,4,0,0,0,1,0,2,1,0,2,1,1,2
Zweitstimme,"03W409","03",Pankow,"409",W,4D,4,76,O,1602,1070,532,0,553,3,544,9,94,183,57,56,90,12,9,18,1,4,0,0,0,0,1,0,0,0,2,6,1,0,0,4,0,0,0,0,0,0,1,0,0,0,1,4
Zweitstimme,"03W410","03",Pankow,"410",W,4G,4,76,O,1281,894,387,0,439,4,430,8,54,59,79,87,68,14,20,21,2,3,0,1,0,2,0,0,0,0,0,6,1,0,0,1,0,0,4,1,0,2,1,0,2,1,0,1
Zweitstimme,"03W411","03",Pankow,"411",W,4D,4,76,O,1629,1046,583,0,623,6,622,1,77,228,45,54,128,23,13,20,4,4,0,1,0,0,0,1,0,0,1,4,2,0,0,9,0,0,0,0,0,1,2,0,2,0,0,3
Zweitstimme,"03W412","03",Pankow,"412",W,4C,4,76,O,1508,903,605,0,519,8,516,3,54,189,47,51,115,19,4,14,2,4,0,1,0,0,1,0,0,0,0,2,1,0,0,4,0,0,0,1,0,1,0,0,1,0,0,5
Zweitstimme,"03W413","03",Pankow,"413",W,4B,4,76,O,1454,896,558,0,534,5,528,6,85,181,32,53,115,20,3,16,4,1,1,4,0,3,1,0,0,0,0,2,0,0,0,2,0,0,1,1,0,2,0,0,1,0,0,0
Zweitstimme,"03W414","03",Pankow,"414",W,4B,4,76,O,1492,821,671,0,587,4,577,10,80,223,46,54,103,27,3,6,1,2,1,4,1,2,0,0,0,0,1,8,1,0,0,6,0,0,0,0,0,5,0,0,0,0,0,3
Zweitstimme,"03W415","03",Pankow,"415",W,4A,4,76,O,1370,885,485,0,566,9,562,4,87,219,61,58,85,14,6,14,2,3,0,2,1,2,0,0,0,0,0,2,0,0,0,2,0,0,0,0,0,0,0,0,0,0,0,4
Zweitstimme,"03W416","03",Pankow,"416",W,4F,4,76,O,1330,877,453,0,519,9,516,3,97,160,78,71,60,12,6,10,2,1,0,3,0,0,1,0,0,0,2,4,0,0,0,1,0,0,0,0,0,0,2,0,3,1,0,2
Zweitstimme,"03W417","03",Pankow,"417",W,4K,4,76,O,1554,1060,494,0,469,7,465,4,102,120,45,61,90,7,8,15,0,0,1,1,0,1,0,0,0,0,0,3,0,0,0,5,0,0,1,0,0,1,0,0,1,1,0,2
Zweitstimme,"03W418","03",Pankow,"418",W,4A,4,76,O,1422,995,427,0,511,7,505,6,75,201,32,38,98,16,6,13,0,3,0,2,0,1,0,1,0,0,0,1,1,0,0,6,0,0,0,3,0,3,2,0,0,0,3,0
Zweitstimme,"03B4A","03",Pankow,4A,B,4A,4,76,O,0,0,0,0,803,803,800,3,136,330,71,101,81,27,4,9,3,2,1,1,0,1,0,0,0,3,7,3,1,0,0,9,0,0,1,1,0,3,2,0,0,1,1,1
Zweitstimme,"03B4B","03",Pankow,4B,B,4B,4,76,O,0,0,0,0,1127,1127,1125,2,217,424,83,118,149,45,12,32,6,8,0,0,0,4,1,1,0,0,1,3,0,0,0,7,0,0,2,0,0,2,1,0,1,2,0,6
Zweitstimme,"03B4C","03",Pankow,4C,B,4C,4,76,O,0,0,0,0,912,912,907,5,187,260,124,118,77,45,11,24,2,6,1,5,0,2,2,0,0,0,1,4,2,0,0,10,0,0,0,0,0,8,3,0,2,0,1,12
Zweitstimme,"03B4D","03",Pankow,4D,B,4D,4,76,O,0,0,0,0,1004,1004,999,4,168,355,127,132,106,35,11,16,5,2,0,1,0,6,0,1,0,0,0,3,5,0,0,4,0,0,4,1,0,4,3,0,0,0,3,7
Zweitstimme,"03B4E","03",Pankow,4E,B,4E,4,76,O,0,0,0,0,739,739,731,8,123,175,100,146,59,20,20,38,2,6,0,2,0,0,0,0,0,1,1,6,1,0,0,3,0,0,4,0,0,5,4,0,4,4,3,4
Zweitstimme,"03B4F","03",Pankow,4F,B,4F,4,76,O,0,0,0,0,849,849,846,3,168,194,171,153,46,29,20,18,1,5,1,7,1,1,0,0,0,1,1,6,0,0,0,3,0,0,4,1,0,3,6,0,3,0,0,3
Zweitstimme,"03B4G","03",Pankow,4G,B,4G,4,76,O,0,0,0,0,693,693,691,2,107,158,130,120,62,27,20,24,3,3,2,5,1,2,0,0,0,1,1,3,0,0,0,5,0,0,1,2,0,3,1,0,2,0,2,6
Zweitstimme,"03B4H","03",Pankow,4H,B,4H,4,76,O,0,0,0,0,421,421,419,2,87,58,116,81,19,22,5,8,1,0,0,2,0,0,0,1,0,2,0,2,0,0,0,3,0,0,2,0,0,0,1,0,3,0,0,6
Zweitstimme,"03B4I","03",Pankow,4I,B,4I,4,76,O,0,0,0,0,490,490,484,6,95,136,63,89,33,10,10,10,3,2,1,1,0,0,0,0,0,2,1,6,1,0,0,6,0,0,0,0,0,1,0,0,3,2,4,5
Zweitstimme,"03B4K","03",Pankow,4K,B,4K,4,76,O,0,0,0,0,745,745,736,9,193,196,75,110,80,19,9,23,4,6,2,4,0,1,0,0,0,1,0,2,0,0,0,3,0,0,0,0,0,2,0,0,3,0,2,1
Zweitstimme,"03B4L","03",Pankow,4L,B,4L,4,76,O,0,0,0,0,347,347,344,3,75,87,24,71,42,11,6,12,1,5,0,0,0,2,0,0,0,0,0,1,0,0,0,1,0,0,1,0,0,0,0,0,2,0,0,3
Zweitstimme,"03W500","03",Pankow,"500",W,5E,5,76,O,1316,788,528,0,426,6,418,3,76,73,110,73,40,11,7,8,1,2,0,2,0,1,0,0,0,0,1,4,1,0,0,2,0,0,1,1,0,0,0,0,1,0,0,3
Zweitstimme,"03W501","03",Pankow,"501",W,5G,5,76,O,1656,1029,627,0,586,5,582,3,108,121,63,117,86,12,13,18,2,2,0,2,0,6,1,1,0,0,2,12,0,0,0,2,0,0,4,0,0,0,0,0,3,3,1,3
Zweitstimme,"03W502","03",Pankow,"502",W,5E,5,76,O,1285,846,439,0,541,7,537,3,94,83,130,106,49,13,14,19,3,4,0,5,0,0,0,0,0,0,0,2,1,0,0,3,0,0,2,0,0,1,1,0,2,1,1,3
Zweitstimme,"03W503","03",Pankow,"503",W,5H,5,76,O,1362,887,475,0,536,14,528,8,113,113,115,82,47,8,6,8,4,2,0,4,0,2,0,1,0,2,0,5,0,0,0,5,0,0,1,1,0,0,1,0,1,0,1,6
Zweitstimme,"03W504","03",Pankow,"504",W,5I,5,76,O,1374,885,489,0,547,11,545,2,97,68,202,85,28,15,11,12,0,2,0,0,0,1,0,3,0,0,2,5,0,0,0,0,0,0,1,0,0,2,2,0,5,0,2,2
Zweitstimme,"03W505","03",Pankow,"505",W,5K,5,76,O,1395,936,459,0,432,3,427,5,71,92,103,73,37,13,10,8,2,1,0,2,0,1,0,0,0,0,0,4,0,0,0,2,0,0,1,0,0,1,1,0,1,0,0,4
Zweitstimme,"03W506","03",Pankow,"506",W,5M,5,76,O,1724,969,755,0,509,7,502,6,78,83,112,86,66,25,4,10,1,1,0,3,0,5,0,0,0,1,1,6,2,0,0,0,0,0,2,0,0,2,3,0,2,3,2,4
Zweitstimme,"03W507","03",Pankow,"507",W,5L,5,76,O,1568,1041,527,0,545,7,532,13,103,113,74,98,72,16,10,15,1,2,0,3,0,1,2,0,0,0,0,3,3,0,0,1,0,0,3,0,0,2,1,0,2,3,3,1
Zweitstimme,"03W508","03",Pankow,"508",W,5I,5,76,O,1425,926,499,0,473,2,467,6,76,100,72,103,58,10,8,15,2,3,2,2,0,1,0,0,0,0,1,8,0,0,0,3,0,0,0,0,0,0,0,0,0,0,0,3
Zweitstimme,"03W509","03",Pankow,"509",W,5F,5,76,O,1451,903,548,0,429,5,420,8,76,84,54,81,69,6,10,9,1,1,0,1,2,0,0,0,0,0,1,7,0,0,0,2,0,0,0,1,0,1,0,0,3,1,3,7
Zweitstimme,"03W510","03",Pankow,"510",W,5F,5,76,O,1449,969,480,0,477,7,471,6,82,104,60,77,82,12,10,11,4,3,1,1,0,1,0,0,0,0,1,6,0,0,0,3,0,0,0,0,0,3,0,0,4,0,1,5
Zweitstimme,"03W511","03",Pankow,"511",W,5D,5,76,O,1334,840,494,0,530,5,526,3,97,85,134,109,41,8,19,7,1,2,0,0,0,2,2,1,0,0,0,8,1,0,0,1,0,0,2,0,0,0,0,0,2,0,2,2
Zweitstimme,"03W512","03",Pankow,"512",W,5D,5,76,O,1433,1046,387,0,555,2,547,7,90,88,84,102,95,8,8,18,2,1,3,2,0,3,1,0,0,2,0,9,1,0,0,7,0,0,3,0,0,3,6,0,4,1,2,4
Zweitstimme,"03W513","03",Pankow,"513",W,5C,5,76,O,1421,996,425,0,626,2,619,5,113,129,82,113,95,24,9,18,3,2,2,1,0,2,1,1,0,0,0,5,1,0,0,3,0,0,0,0,0,2,3,0,1,1,1,7
Zweitstimme,"03W514","03",Pankow,"514",W,5A,5,76,O,1476,1100,376,0,499,7,490,8,76,112,68,76,78,11,9,17,3,6,0,2,0,1,0,0,0,0,1,6,0,0,0,4,0,0,1,0,0,2,3,0,3,0,2,9
Zweitstimme,"03W515","03",Pankow,"515",W,5B,5,76,O,1483,980,503,0,562,2,554,8,90,163,72,59,82,21,8,22,6,2,1,3,1,1,0,0,0,0,2,1,1,0,0,1,0,0,1,0,0,1,2,0,2,2,2,8
Zweitstimme,"03W516","03",Pankow,"516",W,5B,5,76,O,1621,1010,611,0,632,5,626,6,121,189,63,73,95,27,6,20,4,6,0,2,0,2,0,0,0,0,0,5,0,0,0,3,0,0,0,1,0,1,0,0,0,3,1,4
Zweitstimme,"03W517","03",Pankow,"517",W,5A,5,76,O,1417,901,516,0,565,8,562,3,88,167,40,62,132,20,5,16,2,0,2,0,0,1,3,0,0,0,1,4,1,0,0,4,0,0,2,1,0,2,1,0,0,2,3,3
Zweitstimme,"03W518","03",Pankow,"518",W,5C,5,76,O,1253,842,411,0,459,5,456,3,64,78,96,114,40,7,14,17,0,3,1,1,0,1,0,0,0,1,1,5,0,0,0,3,0,0,1,1,0,2,2,0,0,2,0,2
Zweitstimme,"03W519","03",Pankow,"519",W,5H,5,76,O,1361,841,520,0,472,13,468,3,91,66,102,82,53,10,14,13,0,2,0,0,0,5,0,0,0,0,0,9,0,0,0,4,0,0,1,0,0,1,2,0,4,2,2,5
Zweitstimme,"03W520","03",Pankow,"520",W,5K,5,76,O,1370,837,533,0,470,13,470,0,58,62,128,100,50,18,12,12,1,1,0,0,0,1,0,0,0,0,0,10,0,0,0,0,0,0,1,0,0,2,2,0,1,2,2,7
Zweitstimme,"03B5A","03",Pankow,5A,B,5A,5,76,O,0,0,0,0,762,762,757,5,139,209,86,107,101,28,11,24,2,7,2,3,0,0,0,0,0,1,0,2,1,0,0,13,0,0,1,0,0,9,0,0,1,3,0,7
Zweitstimme,"03B5B","03",Pankow,5B,B,5B,5,76,O,0,0,0,0,997,997,992,5,174,337,115,144,97,43,15,25,2,6,0,6,0,1,0,0,0,4,0,1,1,0,0,8,0,0,0,0,0,2,1,0,3,1,0,6
Zweitstimme,"03B5C","03",Pankow,5C,B,5C,5,76,O,0,0,0,0,715,715,711,4,113,132,146,150,56,24,16,15,0,13,0,3,0,0,1,0,0,0,4,3,1,0,0,7,0,0,2,0,0,2,2,0,4,2,3,12
Zweitstimme,"03B5D","03",Pankow,5D,B,5D,5,76,O,0,0,0,0,758,758,752,6,134,147,168,128,48,15,22,14,4,8,0,3,0,3,0,0,0,0,1,6,2,0,0,9,0,0,2,0,0,2,5,0,10,3,4,14
Zweitstimme,"03B5E","03",Pankow,5E,B,5E,5,76,O,0,0,0,0,846,846,838,5,179,138,207,157,40,25,15,24,3,5,1,0,0,2,0,0,0,0,6,3,0,0,0,2,0,0,3,1,0,4,2,0,2,1,3,15
Zweitstimme,"03B5F","03",Pankow,5F,B,5F,5,76,O,0,0,0,0,899,899,888,11,169,179,158,160,77,31,17,32,1,5,2,3,1,5,0,0,0,2,1,3,2,0,0,7,0,0,5,0,0,8,3,0,1,2,1,13
Zweitstimme,"03B5G","03",Pankow,5G,B,5G,5,76,O,0,0,0,0,556,556,549,6,99,116,81,130,51,18,6,17,0,5,1,2,0,3,1,0,0,0,0,2,2,0,0,2,0,0,4,0,0,3,0,0,0,0,2,4
Zweitstimme,"03B5H","03",Pankow,5H,B,5H,5,76,O,0,0,0,0,849,849,846,3,139,149,211,171,53,26,20,17,3,5,1,1,1,4,0,1,0,1,1,6,0,0,0,4,0,0,2,1,0,8,2,0,4,0,1,14
Zweitstimme,"03B5I","03",Pankow,5I,B,5I,5,76,O,0,0,0,0,864,864,860,4,145,126,252,174,43,30,21,20,4,2,0,2,0,3,1,0,0,0,3,6,1,0,0,3,0,0,3,0,0,5,6,0,3,2,1,4
Zweitstimme,"03B5K","03",Pankow,5K,B,5K,5,76,O,0,0,0,0,873,873,870,1,152,174,226,141,43,33,22,15,3,4,0,3,0,7,2,0,0,0,2,3,2,0,0,4,0,0,4,0,0,2,3,0,2,6,2,15
Zweitstimme,"03B5L","03",Pankow,5L,B,5L,5,76,O,0,0,0,0,584,584,580,4,86,121,120,93,54,20,9,25,3,5,3,2,0,1,1,0,0,3,1,1,2,0,0,6,0,0,7,0,0,3,2,0,6,1,1,4
Zweitstimme,"03B5M","03",Pankow,5M,B,5M,5,76,O,0,0,0,0,653,653,648,2,100,132,186,96,23,31,13,18,3,1,0,5,0,1,0,0,0,0,0,4,3,0,0,4,0,0,1,0,0,1,6,0,8,2,0,10
Zweitstimme,"03W600","03",Pankow,"600",W,6A,6,76,O,1203,748,455,0,446,12,440,6,64,52,150,77,27,14,13,15,1,0,0,0,0,1,1,1,0,0,1,4,0,0,0,1,0,0,2,0,0,2,2,0,4,1,3,4
Zweitstimme,"03W601","03",Pankow,"601",W,6A,6,76,O,1316,854,462,0,385,8,382,3,59,50,110,79,23,13,6,7,4,0,1,0,0,3,0,0,0,1,1,3,0,0,0,3,0,0,2,1,0,1,0,0,2,0,2,11
Zweitstimme,"03W602","03",Pankow,"602",W,6D,6,76,O,1503,904,599,0,500,14,496,3,77,48,166,100,27,16,9,7,2,2,0,0,0,0,1,0,0,1,0,5,1,0,0,3,0,0,6,0,0,0,4,0,3,1,1,16
Zweitstimme,"03W603","03",Pankow,"603",W,6C,6,76,O,1127,748,379,0,492,9,489,3,69,62,166,109,27,14,8,8,2,3,0,0,0,0,1,0,0,0,0,4,0,0,0,2,0,0,0,0,0,2,3,0,1,1,0,7
Zweitstimme,"03W604","03",Pankow,"604",W,6C,6,76,O,1380,875,505,0,587,12,582,4,88,69,191,125,24,26,14,14,0,2,0,0,0,1,0,0,0,1,0,6,1,0,0,0,0,0,5,0,0,0,1,0,2,3,2,7
Zweitstimme,"03W605","03",Pankow,"605",W,6B,6,76,O,1125,737,388,0,458,11,455,3,59,39,172,89,26,20,9,8,3,0,0,0,0,0,0,0,0,3,1,4,0,0,0,2,0,0,0,0,0,4,7,0,1,0,1,7
Zweitstimme,"03W606","03",Pankow,"606",W,6E,6,76,O,1223,781,442,0,497,6,495,2,77,82,170,84,20,18,11,8,3,1,0,0,0,0,1,0,0,1,0,5,0,0,0,1,0,0,0,0,0,1,0,0,1,0,0,11
Zweitstimme,"03W607","03",Pankow,"607",W,6F,6,76,O,1374,939,435,0,579,18,577,2,73,64,232,107,25,15,20,13,2,0,0,2,0,0,0,0,0,2,1,7,0,0,0,3,0,0,1,0,0,0,2,0,0,0,1,7
Zweitstimme,"03W608","03",Pankow,"608",W,6G,6,76,O,1582,997,585,0,611,14,608,1,82,75,264,110,12,17,13,8,2,0,1,1,0,0,0,0,0,0,0,4,0,0,0,1,0,0,0,0,0,1,3,0,0,1,2,11
Zweitstimme,"03W609","03",Pankow,"609",W,6H,6,76,O,932,650,282,0,395,10,393,2,54,42,146,83,20,21,5,1,2,2,1,2,0,1,0,0,0,0,0,5,0,0,0,1,0,0,0,0,0,0,3,0,1,0,0,3
Zweitstimme,"03W610","03",Pankow,"610",W,6I,6,76,O,1092,750,342,0,456,8,453,3,62,60,130,116,23,23,4,9,4,0,0,1,0,1,1,0,0,1,0,5,0,0,0,1,0,0,0,0,0,0,1,0,3,0,0,8
Zweitstimme,"03W611","03",Pankow,"611",W,6H,6,76,O,1239,794,445,0,439,9,436,2,47,61,134,96,22,21,14,12,1,0,0,0,0,0,0,0,0,1,0,3,1,0,0,2,0,0,0,1,0,2,3,0,2,1,1,11
Zweitstimme,"03W612","03",Pankow,"612",W,6I,6,76,O,1327,805,522,0,505,14,502,3,67,71,178,89,23,27,6,13,2,0,0,0,0,2,0,0,0,1,0,4,1,0,0,2,0,0,1,0,0,0,5,0,1,2,1,6
Zweitstimme,"03W613","03",Pankow,"613",W,6N,6,76,O,1488,884,604,0,501,20,499,2,67,53,165,115,24,24,15,3,5,1,0,0,0,4,0,0,0,0,1,8,0,0,0,0,0,0,2,0,0,1,2,0,1,0,1,7
Zweitstimme,"03W614","03",Pankow,"614",W,6K,6,76,O,1192,744,448,0,469,11,469,0,65,48,184,94,15,17,11,7,3,0,1,0,0,3,0,1,0,1,1,6,0,0,0,1,0,0,2,0,0,1,0,0,0,0,0,8
Zweitstimme,"03W615","03",Pankow,"615",W,6N,6,76,O,889,571,318,0,378,12,374,2,50,49,142,75,17,11,9,3,2,0,0,0,0,0,0,0,0,0,2,3,0,0,0,0,0,0,0,0,0,0,3,0,1,1,0,6
Zweitstimme,"03W616","03",Pankow,"616",W,6M,6,76,O,776,524,252,0,328,7,326,2,43,30,110,83,9,21,6,8,1,1,0,0,0,1,0,0,0,1,1,5,0,0,0,0,0,0,0,0,0,0,0,0,1,0,0,5
Zweitstimme,"03W617","03",Pankow,"617",W,6M,6,76,O,1575,1001,574,0,609,17,606,3,80,59,190,145,29,30,17,15,2,2,0,0,0,3,2,0,0,2,1,2,4,0,0,0,0,0,1,0,0,0,4,0,2,1,2,13
Zweitstimme,"03W618","03",Pankow,"618",W,6P,6,76,O,822,528,294,0,346,16,340,4,47,35,142,57,10,18,7,5,0,1,0,1,0,0,2,0,0,0,0,5,1,0,0,2,0,0,0,0,0,0,0,0,0,1,0,6
Zweitstimme,"03W619","03",Pankow,"619",W,6L,6,76,O,946,598,348,0,354,9,353,0,46,31,127,88,9,14,9,4,3,0,0,1,1,0,0,0,0,0,0,14,1,0,0,0,0,0,1,0,0,0,0,0,1,1,0,2
Zweitstimme,"03W620","03",Pankow,"620",W,6L,6,76,O,1408,829,579,0,536,16,536,0,72,69,202,97,16,23,10,7,0,2,0,1,0,3,0,0,0,2,1,9,0,0,0,0,0,0,1,0,0,0,5,0,2,4,2,8
Zweitstimme,"03W621","03",Pankow,"621",W,6B,6,76,O,1296,772,524,0,403,8,402,1,45,48,143,93,21,10,10,8,1,0,0,0,0,1,0,0,0,1,2,6,0,0,0,0,0,0,2,0,0,0,0,0,2,3,0,6
Zweitstimme,"03W622","03",Pankow,"622",W,6P,6,76,O,1188,752,436,0,436,13,433,2,64,42,165,86,15,19,12,5,0,2,0,2,0,0,0,0,0,1,2,7,1,0,0,0,0,0,0,0,0,0,0,0,2,0,1,7
Zweitstimme,"03W623","03",Pankow,"623",W,6K,6,76,O,1191,755,436,0,484,15,480,4,58,47,174,116,14,19,10,8,1,0,0,0,0,4,0,0,0,2,0,11,2,0,0,0,0,0,1,1,0,0,1,0,1,3,1,6
Zweitstimme,"03W624","03",Pankow,"624",W,6E,6,76,O,1355,813,542,0,502,19,500,1,55,37,225,113,9,19,7,5,1,1,0,0,0,1,0,0,0,0,0,3,1,0,0,1,0,0,3,0,0,0,3,0,0,0,0,16
Zweitstimme,"03B6A","03",Pankow,6A,B,6A,6,76,O,0,0,0,0,796,796,793,3,114,107,277,156,28,33,12,18,2,2,2,0,0,0,0,0,0,1,0,3,0,0,0,1,0,0,4,1,0,1,3,0,4,1,1,22
Zweitstimme,"03B6B","03",Pankow,6B,B,6B,6,76,O,0,0,0,0,809,809,807,2,101,95,334,141,18,25,18,18,3,1,0,1,0,4,1,0,0,1,0,7,0,0,0,3,0,0,8,1,0,5,7,0,4,0,0,11
Zweitstimme,"03B6C","03",Pankow,6C,B,6C,6,76,O,0,0,0,0,801,801,798,3,93,109,300,143,26,35,19,19,0,3,0,0,0,1,0,0,0,2,1,3,0,0,0,1,0,0,5,2,0,5,13,0,2,4,1,11
Zweitstimme,"03B6D","03",Pankow,6D,B,6D,6,76,O,0,0,0,0,527,527,526,0,80,65,208,87,13,23,10,13,3,0,0,1,0,0,0,0,0,0,2,2,1,0,0,2,0,0,1,0,0,3,1,0,1,1,1,8
Zweitstimme,"03B6E","03",Pankow,6E,B,6E,6,76,O,0,0,0,0,849,849,848,1,109,112,361,131,22,34,14,19,3,2,1,0,0,0,0,0,0,0,1,11,0,0,0,3,0,0,0,0,0,1,5,0,2,2,0,15
Zweitstimme,"03B6F","03",Pankow,6F,B,6F,6,76,O,0,0,0,0,377,377,376,1,36,46,165,56,9,20,10,5,1,0,0,0,0,3,0,0,0,0,0,3,1,0,0,0,0,0,1,0,0,0,1,0,1,1,1,16
Zweitstimme,"03B6G","03",Pankow,6G,B,6G,6,76,O,0,0,0,0,683,683,681,2,72,87,295,118,17,31,13,10,2,1,0,1,0,1,0,0,0,0,1,2,1,0,0,2,0,0,1,0,0,0,5,0,3,3,3,12
Zweitstimme,"03B6H","03",Pankow,6H,B,6H,6,76,O,0,0,0,0,642,642,642,0,88,101,238,110,19,31,14,9,3,0,0,0,0,0,0,1,0,0,2,3,0,0,0,0,0,0,1,0,0,0,2,0,2,3,0,15
Zweitstimme,"03B6I","03",Pankow,6I,B,6I,6,76,O,0,0,0,0,747,747,745,1,88,119,288,117,16,50,10,13,0,0,1,0,0,3,0,0,0,1,2,6,0,0,0,2,0,0,2,1,0,0,6,0,0,0,3,17
Zweitstimme,"03B6K","03",Pankow,6K,B,6K,6,76,O,0,0,0,0,793,793,790,3,109,108,279,174,20,20,13,18,0,4,0,2,1,5,0,0,0,1,0,8,0,0,0,2,0,0,4,0,0,0,2,0,1,0,0,19
Zweitstimme,"03B6L","03",Pankow,6L,B,6L,6,76,O,0,0,0,0,804,804,803,1,109,71,361,135,25,38,10,13,5,1,0,1,0,0,0,0,0,1,0,7,0,0,0,1,0,0,2,0,0,3,4,0,3,1,0,12
Zweitstimme,"03B6M","03",Pankow,6M,B,6M,6,76,O,0,0,0,0,724,724,722,2,88,103,286,128,21,36,12,9,1,1,0,1,0,0,0,0,0,2,4,4,1,0,0,1,0,0,3,0,0,0,6,0,1,1,1,12
Zweitstimme,"03B6N","03",Pankow,6N,B,6N,6,76,O,0,0,0,0,785,785,783,2,100,96,322,124,20,41,18,7,3,0,0,2,1,1,0,0,0,1,0,2,0,0,0,1,0,0,2,1,0,0,8,0,5,0,0,28
Zweitstimme,"03B6P","03",Pankow,6P,B,6P,6,76,O,0,0,0,0,642,642,642,0,92,72,262,85,17,49,13,8,2,2,0,0,0,0,0,1,0,0,1,3,0,0,0,3,0,0,1,0,0,2,8,0,3,0,0,18
Zweitstimme,"03W700","03",Pankow,"700",W,7C,7,76,O,1240,861,379,0,531,10,529,2,86,70,174,84,41,18,12,11,2,2,0,1,0,1,0,0,0,0,0,11,1,0,0,2,0,0,0,0,0,0,1,0,2,4,0,6
Zweitstimme,"03W701","03",Pankow,"701",W,7A,7,76,O,1359,883,476,0,460,4,456,4,75,75,92,76,54,21,13,20,0,1,0,1,0,3,0,0,0,3,0,2,0,0,0,1,0,0,0,2,0,0,1,0,5,1,2,8
Zweitstimme,"03W702","03",Pankow,"702",W,7A,7,76,O,1109,752,357,0,446,11,445,1,82,68,128,65,53,10,7,8,3,1,1,0,1,0,0,0,0,1,0,6,0,0,0,1,0,0,1,0,0,1,2,0,0,0,1,5
Zweitstimme,"03W703","03",Pankow,"703",W,7B,7,76,O,1348,922,426,0,493,13,487,6,78,86,106,78,62,20,12,10,4,1,0,1,1,0,0,0,0,0,1,9,1,0,0,0,0,0,1,0,0,2,0,0,0,2,4,8
Zweitstimme,"03W704","03",Pankow,"704",W,7C,7,76,O,1338,1035,303,0,485,9,477,8,75,92,68,89,75,14,17,13,4,1,0,2,0,1,0,2,0,1,1,6,3,0,0,3,0,0,0,0,0,0,0,0,2,1,2,5
Zweitstimme,"03W705","03",Pankow,"705",W,7D,7,76,O,1092,751,341,0,465,8,462,1,75,85,106,59,60,20,13,12,1,0,0,2,0,1,1,0,0,0,2,5,1,0,0,4,0,0,2,0,0,0,0,0,3,0,2,8
Zweitstimme,"03W706","03",Pankow,"706",W,7I,7,83,O,1340,906,434,0,416,6,409,6,66,75,52,95,56,6,12,17,0,3,0,2,0,1,0,0,0,0,2,2,3,0,0,2,0,0,1,1,0,1,3,0,2,0,5,2
Zweitstimme,"03W707","03",Pankow,"707",W,7K,7,83,O,1453,931,522,0,436,12,436,0,63,68,106,105,27,19,6,11,2,4,0,4,0,0,0,0,0,1,1,7,1,0,0,1,0,0,2,0,0,0,2,0,1,0,0,5
Zweitstimme,"03W708","03",Pankow,"708",W,7M,7,83,O,1335,869,466,0,484,12,480,4,72,67,135,91,36,23,14,14,3,0,2,2,0,1,0,0,0,0,1,3,0,0,0,4,0,0,1,0,0,1,1,0,0,1,1,7
Zweitstimme,"03W709","03",Pankow,"709",W,7M,7,83,O,1445,980,465,0,514,12,511,2,80,75,114,114,40,19,15,21,6,4,2,1,0,0,1,0,0,0,3,2,0,0,0,1,0,0,2,0,0,1,1,0,1,2,2,4
Zweitstimme,"03W710","03",Pankow,"710",W,7L,7,83,O,1559,1080,479,0,538,1,532,5,86,94,87,113,74,5,7,24,2,3,2,1,2,2,0,0,0,2,0,7,1,0,0,4,0,0,2,0,0,0,5,0,1,1,2,5
Zweitstimme,"03W711","03",Pankow,"711",W,7I,7,83,O,1459,981,478,0,456,6,455,1,74,76,90,83,54,16,12,12,2,1,2,4,0,3,1,0,0,1,0,8,0,0,0,3,0,0,1,0,0,1,3,0,3,2,0,3
Zweitstimme,"03W712","03",Pankow,"712",W,7F,7,76,O,1496,942,554,0,487,5,482,5,67,74,119,100,38,12,11,16,2,2,0,2,0,1,0,3,0,1,0,18,0,0,0,2,0,0,1,1,0,0,2,0,3,2,1,4
Zweitstimme,"03W713","03",Pankow,"713",W,7H,7,76,O,1155,697,458,0,430,7,426,3,58,61,147,84,16,20,8,4,5,0,0,2,0,0,0,1,0,1,1,2,0,0,0,0,0,0,1,0,0,0,5,0,0,1,0,9
Zweitstimme,"03W714","03",Pankow,"714",W,7G,7,76,O,1142,682,460,0,424,17,419,4,63,69,105,93,34,11,8,10,0,1,1,0,0,1,0,0,0,0,1,7,0,0,0,2,0,0,1,0,0,0,1,0,1,1,1,8
Zweitstimme,"03W715","03",Pankow,"715",W,7F,7,76,O,1040,718,322,0,414,4,411,3,68,57,109,86,25,7,14,15,1,1,0,1,0,1,0,0,0,1,0,5,1,0,0,2,0,0,0,1,0,1,2,0,3,3,3,4
Zweitstimme,"03W716","03",Pankow,"716",W,7E,7,76,O,1325,825,500,0,490,3,487,3,63,62,187,97,22,9,14,9,1,3,0,0,0,2,0,0,0,1,1,2,0,0,0,1,0,0,4,0,0,0,0,0,0,0,3,6
Zweitstimme,"03W717","03",Pankow,"717",W,7G,7,76,O,1278,787,491,0,436,14,434,2,84,50,127,96,19,13,4,6,3,0,1,1,0,3,0,1,0,0,2,2,0,0,0,0,0,0,0,0,0,3,1,0,2,1,2,13
Zweitstimme,"03W718","03",Pankow,"718",W,7B,7,76,O,1364,927,437,0,533,8,527,6,79,83,138,90,68,20,12,8,2,0,0,3,0,0,0,0,0,0,0,4,1,0,0,1,0,0,2,0,0,1,1,0,1,3,0,10
Zweitstimme,"03W719","03",Pankow,"719",W,7D,7,76,O,1287,948,339,0,502,7,500,2,61,84,118,99,57,13,18,13,4,2,2,0,0,1,2,0,0,0,1,8,1,0,0,1,0,0,1,0,0,0,6,0,0,0,2,6
Zweitstimme,"03W720","03",Pankow,"720",W,7H,7,76,O,1312,848,464,0,497,21,496,1,74,43,187,102,19,16,9,12,1,1,0,1,0,1,0,0,0,0,1,14,0,0,0,0,0,0,1,0,0,1,0,0,1,0,3,9
Zweitstimme,"03W721","03",Pankow,"721",W,7E,7,76,O,1113,727,386,0,403,13,399,2,48,73,107,82,34,10,10,10,5,1,1,0,1,2,0,0,0,1,0,4,0,0,0,0,0,0,1,1,0,1,2,0,0,1,1,3
Zweitstimme,"03W722","03",Pankow,"722",W,7K,7,83,O,992,612,380,0,310,7,310,0,44,51,76,75,33,5,2,8,2,1,1,1,0,1,0,0,0,0,0,2,0,0,0,3,0,0,0,0,0,1,0,0,1,0,0,3
Zweitstimme,"03B7A","03",Pankow,7A,B,7A,7,76,O,0,0,0,0,722,722,722,0,112,127,241,87,41,32,15,24,3,5,0,1,0,0,0,0,0,0,0,5,1,0,0,2,0,0,2,0,0,4,3,0,3,2,1,11
Zweitstimme,"03B7B","03",Pankow,7B,B,7B,7,76,O,0,0,0,0,757,757,752,5,107,143,205,122,42,33,20,21,3,4,2,1,0,0,0,0,0,1,0,4,4,0,0,9,0,0,4,0,0,4,3,0,5,2,3,10
Zweitstimme,"03B7C","03",Pankow,7C,B,7C,7,76,O,0,0,0,0,581,581,580,1,94,122,151,92,29,21,16,10,0,2,1,5,1,1,1,0,0,0,1,4,3,0,0,6,0,0,0,0,0,3,8,0,2,1,1,5
Zweitstimme,"03B7D","03",Pankow,7D,B,7D,7,76,O,0,0,0,0,579,579,577,2,100,87,151,104,45,21,16,11,2,0,0,1,0,1,2,0,0,1,0,6,1,0,0,6,0,0,3,2,0,1,6,0,4,0,1,5
Zweitstimme,"03B7E","03",Pankow,7E,B,7E,7,76,O,0,0,0,0,786,786,785,1,107,119,266,142,30,31,16,23,5,0,0,1,0,0,1,1,0,4,0,6,0,0,0,2,0,0,3,1,0,2,9,0,6,0,0,10
Zweitstimme,"03B7F","03",Pankow,7F,B,7F,7,76,O,0,0,0,0,771,771,769,2,127,118,222,169,33,20,8,22,2,5,0,1,0,0,0,0,0,3,0,6,1,0,0,5,0,0,4,1,0,3,5,0,3,1,1,9
Zweitstimme,"03B7G","03",Pankow,7G,B,7G,7,76,O,0,0,0,0,814,814,810,4,118,123,301,123,32,37,15,14,3,6,2,0,0,0,0,0,0,0,2,6,3,0,0,4,0,0,4,1,0,3,3,0,2,1,0,7
Zweitstimme,"03B7H","03",Pankow,7H,B,7H,7,76,O,0,0,0,0,818,818,817,1,91,103,324,148,20,51,10,13,6,0,0,2,0,2,1,0,0,1,1,7,0,0,0,0,0,0,1,0,0,4,5,0,8,2,1,16
Zweitstimme,"03B7I","03",Pankow,7I,B,7I,7,83,O,0,0,0,0,815,815,815,0,110,180,163,171,46,37,23,39,2,2,0,3,0,2,0,0,0,0,0,4,1,0,0,6,0,0,0,0,0,5,3,0,4,3,2,9
Zweitstimme,"03B7K","03",Pankow,7K,B,7K,7,83,O,0,0,0,0,789,789,788,1,123,122,240,145,37,39,16,29,3,2,0,0,0,2,0,0,0,0,2,5,0,0,0,4,0,0,0,0,0,2,3,0,4,1,0,9
Zweitstimme,"03B7L","03",Pankow,7L,B,7L,7,83,O,0,0,0,0,548,548,547,1,71,118,124,103,32,23,16,15,3,2,1,2,1,2,0,0,0,0,2,6,0,0,0,3,0,0,1,0,0,0,3,0,2,2,3,12
Zweitstimme,"03B7M","03",Pankow,7M,B,7M,7,83,O,0,0,0,0,847,847,846,1,112,114,263,183,28,21,39,19,3,2,1,2,0,1,0,0,0,0,4,7,4,0,0,1,0,0,3,1,0,6,2,0,7,3,3,17
Zweitstimme,"03W800","03",Pankow,"800",W,8I,8,83,O,1670,1223,447,0,584,6,577,7,93,113,53,125,101,15,15,17,3,3,1,4,0,4,0,0,0,1,0,7,1,0,0,5,0,0,0,1,0,2,2,0,3,1,3,4
Zweitstimme,"03W801","03",Pankow,"801",W,8K,8,83,O,1016,669,347,0,375,11,372,2,59,54,125,59,19,19,10,4,4,0,0,2,0,0,0,0,0,0,0,6,0,0,0,0,0,0,1,0,0,1,2,0,1,1,0,5
Zweitstimme,"03W802","03",Pankow,"802",W,8I,8,83,O,1118,737,381,0,467,16,464,3,52,52,166,106,22,18,5,14,4,1,1,0,0,0,0,0,0,1,0,7,0,0,0,3,0,0,0,0,0,0,0,0,0,2,1,9
Zweitstimme,"03W803","03",Pankow,"803",W,8K,8,83,O,1278,818,460,0,535,19,532,2,71,73,200,95,25,29,9,10,2,1,0,1,0,0,0,0,0,1,1,4,0,0,0,0,0,0,0,0,0,0,2,0,3,1,0,4
Zweitstimme,"03W804","03",Pankow,"804",W,8M,8,83,O,764,512,252,0,327,7,327,0,41,49,114,66,11,6,5,7,3,1,0,2,0,2,0,0,0,1,1,6,0,0,0,1,0,0,1,0,0,0,0,0,2,1,2,5
Zweitstimme,"03W805","03",Pankow,"805",W,8L,8,83,O,790,505,285,0,327,13,327,0,41,26,133,69,15,14,2,4,1,0,0,0,0,0,1,0,0,1,0,7,1,0,0,0,0,0,2,0,0,0,3,0,0,2,0,5
Zweitstimme,"03W806","03",Pankow,"806",W,8M,8,83,O,1330,787,543,0,470,20,470,0,70,72,164,73,15,33,8,7,0,1,0,0,0,3,0,0,0,1,1,5,0,0,0,0,0,0,0,0,0,0,2,0,1,2,2,10
Zweitstimme,"03W807","03",Pankow,"807",W,8N,8,83,O,1044,649,395,0,427,13,425,2,59,52,175,63,13,26,4,9,1,0,0,0,0,1,0,0,0,0,1,8,1,0,0,0,0,0,1,0,0,0,0,0,0,2,1,8
Zweitstimme,"03W808","03",Pankow,"808",W,8P,8,83,O,1169,697,472,0,468,16,467,1,49,61,166,93,19,27,10,11,2,0,0,4,0,0,1,0,0,0,1,1,0,0,0,0,0,0,1,0,0,0,2,0,1,0,2,16
Zweitstimme,"03W809","03",Pankow,"809",W,8P,8,83,O,1189,855,334,0,455,9,447,6,98,88,60,84,45,16,11,16,2,1,1,1,0,2,0,0,0,1,0,1,0,0,0,1,0,0,2,1,0,2,0,0,3,0,1,10
Zweitstimme,"03W810","03",Pankow,"810",W,8L,8,83,O,1335,807,528,0,496,20,494,2,59,72,186,91,16,23,5,7,3,0,0,3,0,0,0,0,0,0,7,5,0,0,0,0,0,0,0,0,0,0,4,0,0,0,1,12
Zweitstimme,"03W811","03",Pankow,"811",W,8F,8,76,O,1388,816,572,0,496,13,494,2,70,63,151,112,21,16,20,11,1,1,0,0,0,3,0,0,0,2,1,6,2,0,0,0,0,0,0,0,0,0,4,0,3,1,0,6
Zweitstimme,"03W812","03",Pankow,"812",W,8E,8,76,O,1146,683,463,0,438,16,437,1,61,96,124,76,14,17,9,4,3,1,0,0,0,0,1,0,0,1,1,5,1,0,0,0,0,0,1,0,0,0,4,0,1,1,0,16
Zweitstimme,"03W813","03",Pankow,"813",W,8E,8,76,O,1115,674,441,0,425,18,423,2,59,52,145,89,20,16,9,6,1,0,0,0,0,0,0,1,0,0,0,1,0,0,0,0,0,0,1,0,0,0,3,0,1,4,1,14
Zweitstimme,"03W814","03",Pankow,"814",W,8G,8,76,O,1520,970,550,0,615,29,611,4,66,85,208,132,21,42,11,3,3,0,0,1,0,2,1,0,0,1,1,8,0,0,0,1,0,0,2,0,0,1,2,0,2,0,2,16
Zweitstimme,"03W815","03",Pankow,"815",W,8D,8,76,O,1566,929,637,0,586,19,585,1,64,58,216,145,16,22,10,7,2,1,0,0,0,2,0,0,0,1,1,7,0,0,0,1,0,0,0,0,0,1,6,0,1,2,1,21
Zweitstimme,"03W816","03",Pankow,"816",W,8A,8,76,O,1006,714,292,0,454,9,451,3,83,44,145,105,13,13,12,7,2,1,0,0,0,0,0,0,0,2,1,4,0,0,0,0,0,0,0,0,0,2,2,0,2,1,1,11
Zweitstimme,"03W817","03",Pankow,"817",W,8A,8,76,O,1279,793,486,0,422,14,421,1,65,46,153,90,15,23,9,5,2,0,0,0,0,1,0,0,0,1,1,5,0,0,0,0,0,0,0,0,0,0,1,0,0,1,0,3
Zweitstimme,"03W818","03",Pankow,"818",W,8C,8,76,O,1293,768,525,0,461,16,458,0,67,67,139,108,19,21,8,10,1,0,0,1,0,0,0,0,0,0,0,1,0,0,0,1,0,0,1,0,0,0,1,0,2,0,1,10
Zweitstimme,"03W819","03",Pankow,"819",W,8C,8,76,O,960,621,339,0,391,10,389,2,55,31,145,80,11,22,8,8,3,0,0,0,0,2,2,0,0,1,0,5,0,0,0,0,0,0,0,0,0,0,4,0,1,1,1,9
Zweitstimme,"03W820","03",Pankow,"820",W,8B,8,76,O,1139,689,450,0,417,12,415,2,63,49,156,74,16,17,9,6,1,2,0,2,0,0,0,0,0,1,0,5,0,0,0,0,0,0,2,0,0,0,1,0,0,2,2,7
Zweitstimme,"03W821","03",Pankow,"821",W,8F,8,76,O,1063,650,413,0,373,12,370,3,47,39,118,87,15,16,9,6,3,0,0,0,0,1,0,0,0,0,1,12,0,0,0,1,0,0,0,0,0,0,2,0,2,0,1,10
Zweitstimme,"03W822","03",Pankow,"822",W,8H,8,76,O,1257,738,519,0,439,22,439,0,62,79,138,64,18,34,7,8,5,0,0,1,0,0,0,0,0,0,0,4,1,0,0,0,0,0,1,0,0,0,4,0,0,1,2,10
Zweitstimme,"03W823","03",Pankow,"823",W,8B,8,76,O,1298,798,500,0,535,15,531,2,91,90,151,112,15,20,9,10,2,0,0,1,0,1,0,0,0,0,1,9,0,0,0,0,0,0,2,0,0,0,0,0,2,1,2,12
Zweitstimme,"03B8A","03",Pankow,8A,B,8A,8,76,O,0,0,0,0,678,678,678,0,91,82,289,101,12,34,17,11,2,0,0,1,0,0,0,0,0,1,1,8,0,0,0,3,0,0,1,0,0,0,2,0,2,1,1,18
Zweitstimme,"03B8B","03",Pankow,8B,B,8B,8,76,O,0,0,0,0,819,819,818,1,113,122,315,129,16,42,11,15,5,1,0,0,0,2,0,0,0,2,0,12,2,0,0,2,0,0,4,1,0,1,3,0,1,3,1,15
Zweitstimme,"03B8C","03",Pankow,8C,B,8C,8,76,O,0,0,0,0,758,758,758,0,84,121,281,125,20,58,15,10,1,0,0,0,0,3,0,0,0,1,1,7,0,0,0,0,0,0,2,0,0,1,5,0,4,1,0,18
Zweitstimme,"03B8D","03",Pankow,8D,B,8D,8,76,O,0,0,0,0,567,567,565,2,63,78,214,109,6,40,5,6,1,1,0,3,0,1,0,0,0,1,0,4,0,0,0,3,0,0,0,2,0,0,2,0,4,0,0,22
Zweitstimme,"03B8E","03",Pankow,8E,B,8E,8,76,O,0,0,0,0,798,798,798,0,114,126,270,152,18,65,7,6,2,1,2,1,0,4,0,0,0,1,1,7,1,0,0,1,0,0,4,0,0,1,0,0,3,2,0,9
Zweitstimme,"03B8F","03",Pankow,8F,B,8F,8,76,O,0,0,0,0,867,867,866,1,101,119,315,170,26,57,15,11,2,0,0,0,0,3,0,0,0,0,1,9,0,0,0,1,0,0,2,0,0,1,7,0,1,1,0,24
Zweitstimme,"03B8G","03",Pankow,8G,B,8G,8,76,O,0,0,0,0,450,450,449,1,46,58,184,65,9,37,7,6,1,3,1,1,0,1,0,0,0,0,1,3,0,0,0,0,0,0,1,0,0,4,4,0,2,2,0,13
Zweitstimme,"03B8H","03",Pankow,8H,B,8H,8,76,O,0,0,0,0,459,459,458,1,58,92,156,53,16,47,3,4,0,1,0,0,0,2,0,1,0,1,0,0,0,0,0,1,0,0,1,0,0,0,5,0,1,1,0,15
Zweitstimme,"03B8I","03",Pankow,8I,B,8I,8,83,O,0,0,0,0,727,727,725,2,118,133,173,159,58,15,9,15,5,4,0,2,0,2,0,0,0,0,0,5,0,0,0,4,0,0,2,0,0,3,1,0,8,1,1,7
Zweitstimme,"03B8K","03",Pankow,8K,B,8K,8,83,O,0,0,0,0,696,696,693,2,90,106,279,100,18,49,14,7,0,1,0,2,0,0,0,0,0,0,1,3,0,0,0,2,0,0,2,1,0,0,3,0,3,0,2,10
Zweitstimme,"03B8L","03",Pankow,8L,B,8L,8,83,O,0,0,0,0,697,697,697,0,88,94,298,107,16,45,9,11,0,1,0,0,0,1,0,0,0,2,1,2,0,0,0,0,0,0,3,0,0,0,1,0,2,0,2,14
Zweitstimme,"03B8M","03",Pankow,8M,B,8M,8,83,O,0,0,0,0,699,699,696,3,85,84,290,109,11,48,12,11,1,1,2,1,0,0,0,0,0,2,1,3,0,0,0,0,0,0,1,0,0,1,5,0,4,0,1,23
Zweitstimme,"03B8N","03",Pankow,8N,B,8N,8,83,O,0,0,0,0,447,447,446,1,57,61,176,74,8,35,1,8,0,0,0,1,0,1,0,0,0,2,1,4,0,0,0,0,0,0,2,0,0,1,2,0,0,0,0,12
Zweitstimme,"03B8P","03",Pankow,8P,B,8P,8,83,O,0,0,0,0,707,707,704,3,108,130,187,133,33,54,10,10,2,1,0,1,1,2,0,0,0,1,3,4,0,0,0,1,0,0,1,0,0,1,5,0,2,1,4,9
Zweitstimme,"03W900","03",Pankow,"900",W,9C,9,76,O,1258,796,462,0,499,16,493,4,73,98,133,69,41,30,12,13,0,0,0,2,0,1,1,0,0,0,0,5,1,0,0,1,0,0,1,0,0,0,1,0,1,1,1,8
Zweitstimme,"03W901","03",Pankow,"901",W,9A,9,76,O,1321,946,375,0,597,8,592,5,82,98,150,133,42,22,26,8,0,2,0,0,0,2,1,0,0,2,2,2,0,0,0,3,0,0,1,0,0,1,4,0,4,1,0,6
Zweitstimme,"03W902","03",Pankow,"902",W,9C,9,76,O,1380,1046,334,0,607,8,600,7,124,138,36,98,110,23,11,14,1,5,2,2,1,1,1,1,0,0,0,8,0,0,0,9,0,0,1,1,0,4,1,0,2,0,2,4
Zweitstimme,"03W903","03",Pankow,"903",W,9B,9,76,O,1277,825,452,0,517,10,517,0,83,69,172,76,43,21,6,12,3,1,0,0,0,1,0,0,0,0,0,16,0,0,0,1,0,0,2,0,0,1,1,0,3,1,0,5
Zweitstimme,"03W904","03",Pankow,"904",W,9B,9,76,O,1343,854,489,0,497,0,494,3,86,85,131,79,33,22,14,16,0,0,0,4,0,4,0,2,0,0,1,5,0,0,0,0,0,0,2,0,0,3,0,0,0,0,2,5
Zweitstimme,"03W905","03",Pankow,"905",W,9D,9,83,O,1244,876,368,0,442,0,435,7,102,106,32,77,59,12,10,12,1,2,0,2,0,1,0,0,0,0,1,5,0,0,0,1,0,0,0,0,0,2,2,0,2,1,1,4
Zweitstimme,"03W906","03",Pankow,"906",W,9G,9,83,O,1045,718,327,0,351,5,345,6,59,95,16,53,70,9,9,11,1,3,0,0,0,0,0,0,0,0,1,6,0,0,0,2,0,0,0,0,0,4,0,0,4,1,1,0
Zweitstimme,"03W907","03",Pankow,"907",W,9F,9,83,O,1063,742,321,0,371,4,361,8,68,88,19,48,85,10,9,11,2,1,1,3,0,1,0,0,0,0,0,4,1,0,0,4,0,0,0,0,0,1,0,0,2,0,0,3
Zweitstimme,"03W908","03",Pankow,"908",W,9E,9,83,O,1473,1119,354,0,479,2,462,16,99,123,41,76,64,7,5,18,1,0,4,6,1,1,1,0,0,0,1,4,0,0,0,5,0,0,0,0,0,1,1,0,1,0,0,2
Zweitstimme,"03W909","03",Pankow,"909",W,9E,9,83,O,982,657,325,0,419,5,416,3,70,120,52,50,70,10,5,12,0,2,0,1,0,3,3,0,0,0,0,5,1,0,0,1,0,0,2,0,0,0,1,0,3,1,1,3
Zweitstimme,"03W910","03",Pankow,"910",W,9H,9,83,O,1075,855,220,0,302,0,299,3,59,62,29,64,47,10,5,10,3,0,0,0,0,3,0,0,0,0,0,0,0,0,0,2,0,0,1,0,0,0,0,0,1,1,2,0
Zweitstimme,"03W911","03",Pankow,"911",W,9P,9,83,O,1337,944,393,0,476,18,472,4,72,55,127,103,54,13,15,10,1,1,0,1,0,1,2,0,0,0,0,3,0,0,0,4,0,0,1,0,0,0,1,0,3,0,2,3
Zweitstimme,"03W912","03",Pankow,"912",W,9H,9,83,O,1416,943,473,0,479,15,476,1,74,73,116,103,47,11,9,13,2,0,0,2,0,1,1,0,0,1,0,3,0,0,0,1,0,0,2,1,0,1,1,0,4,1,0,9
Zweitstimme,"03W913","03",Pankow,"913",W,9I,9,83,O,864,589,275,0,300,3,296,4,39,60,60,58,32,15,5,7,2,0,0,1,0,0,0,0,0,1,0,2,2,0,0,0,0,0,0,0,0,2,0,0,4,1,2,3
Zweitstimme,"03W914","03",Pankow,"914",W,9L,9,83,O,1162,681,481,0,373,14,373,0,57,45,118,70,21,18,9,8,2,0,0,0,0,0,1,0,0,0,1,7,0,0,0,1,0,0,1,0,0,0,1,0,0,2,1,10
Zweitstimme,"03W915","03",Pankow,"915",W,9K,9,83,O,835,559,276,0,302,3,298,2,62,52,75,53,27,3,4,7,1,0,0,4,0,0,0,1,0,1,0,3,0,0,0,1,0,0,0,0,0,0,1,0,1,0,1,1
Zweitstimme,"03W916","03",Pankow,"916",W,9L,9,83,O,1290,761,529,0,502,18,502,0,60,69,192,95,14,22,5,13,2,1,0,0,0,2,0,0,0,1,0,5,0,0,0,0,0,0,3,0,0,0,3,0,0,0,1,14
Zweitstimme,"03W917","03",Pankow,"917",W,9N,9,83,O,1518,887,631,0,544,9,544,0,82,50,211,97,30,28,12,9,1,1,0,0,0,1,0,0,0,2,0,3,2,0,0,0,0,0,0,0,0,0,1,0,1,2,1,10
Zweitstimme,"03W918","03",Pankow,"918",W,9M,9,83,O,1420,823,597,0,529,18,525,4,101,61,171,96,24,20,7,13,4,1,0,1,0,1,0,0,0,0,1,4,1,0,0,4,0,0,1,0,0,0,3,0,0,1,4,6
Zweitstimme,"03W919","03",Pankow,"919",W,9M,9,83,O,1156,667,489,0,460,17,459,1,97,48,153,91,15,16,6,9,1,0,0,1,0,2,0,0,0,0,1,8,0,0,0,1,0,0,2,0,0,1,0,0,0,0,1,6
Zweitstimme,"03W920","03",Pankow,"920",W,9F,9,83,O,1085,771,314,0,339,1,334,5,80,81,15,59,60,14,5,5,1,2,1,1,0,0,0,0,0,0,0,1,2,0,0,4,0,0,0,0,0,0,1,0,1,1,0,0
Zweitstimme,"03W921","03",Pankow,"921",W,9G,9,83,O,1089,771,318,0,370,3,361,9,55,48,67,80,52,11,8,11,2,1,0,2,1,0,0,0,0,0,0,7,0,0,0,5,0,0,1,0,0,2,4,0,0,1,1,2
Zweitstimme,"03W922","03",Pankow,"922",W,9Q,9,83,O,1660,889,771,0,663,30,662,1,162,132,185,79,25,39,3,7,1,0,0,1,0,1,1,0,0,1,2,3,0,0,0,2,0,0,3,0,0,1,2,0,0,0,0,12
Zweitstimme,"03W923","03",Pankow,"923",W,9D,9,83,O,597,474,123,0,146,2,143,3,59,27,5,31,8,5,0,3,0,0,0,0,0,0,0,0,0,0,0,0,0,0,0,3,0,0,0,0,0,0,0,0,0,0,1,1
Zweitstimme,"03W924","03",Pankow,"924",W,9I,9,83,O,1339,743,596,0,406,20,402,4,50,47,123,101,23,10,6,4,3,5,0,2,1,1,1,0,0,0,0,8,0,0,0,1,0,0,1,1,0,2,5,0,2,0,1,4
Zweitstimme,"03W925","03",Pankow,"925",W,9N,9,83,O,1256,743,513,0,436,14,435,1,55,70,159,60,14,30,11,7,0,1,0,1,0,0,1,0,0,0,0,6,0,0,0,0,0,0,1,1,0,2,1,0,1,1,1,12
Zweitstimme,"03W926","03",Pankow,"926",W,9K,9,83,O,1368,920,448,0,503,17,494,6,63,61,131,107,47,20,16,18,6,0,0,1,0,2,0,0,0,0,0,6,2,0,0,1,0,0,0,0,0,3,2,0,2,0,0,6
Zweitstimme,"03B9A","03",Pankow,9A,B,9A,9,76,O,0,0,0,0,383,383,382,0,51,61,112,79,25,2,9,4,1,3,0,1,0,0,0,1,0,1,1,5,3,0,0,1,0,0,2,0,0,2,3,0,5,1,1,8
Zweitstimme,"03B9B","03",Pankow,9B,B,9B,9,76,O,0,0,0,0,841,841,838,3,120,169,222,158,46,30,14,14,5,3,0,2,0,2,0,0,0,2,2,6,0,0,0,2,0,0,2,0,0,1,4,0,7,2,1,24
Zweitstimme,"03B9C","03",Pankow,9C,B,9C,9,76,O,0,0,0,0,703,703,701,1,129,166,124,131,62,20,15,20,1,0,1,4,0,2,0,0,0,1,0,2,1,0,0,8,0,0,0,0,0,1,4,0,6,0,0,3
Zweitstimme,"03B9D","03",Pankow,9D,B,9D,9,83,O,0,0,0,0,431,431,430,0,123,91,29,84,38,15,11,11,2,2,0,1,0,1,0,0,0,0,1,2,2,0,0,7,0,0,0,2,0,3,0,0,2,0,2,1
Zweitstimme,"03B9E","03",Pankow,9E,B,9E,9,83,O,0,0,0,0,596,596,594,2,118,129,70,119,66,29,12,18,3,3,1,1,1,1,0,0,0,0,0,2,1,0,0,4,0,0,1,0,0,4,2,0,2,1,2,4
Zweitstimme,"03B9F","03",Pankow,9F,B,9F,9,83,O,0,0,0,0,573,573,572,1,158,141,38,116,60,16,2,14,2,4,2,0,0,1,1,0,0,0,0,2,0,0,0,7,0,0,0,0,0,2,1,0,1,1,1,2
Zweitstimme,"03B9G","03",Pankow,9G,B,9G,9,83,O,0,0,0,0,587,587,586,1,137,123,64,116,55,22,9,15,2,8,3,3,1,1,0,0,0,0,0,1,2,0,0,4,0,0,1,1,0,2,2,0,4,1,2,7
Zweitstimme,"03B9H","03",Pankow,9H,B,9H,9,83,O,0,0,0,0,591,591,589,2,101,118,117,104,29,35,16,20,7,2,2,4,1,1,0,0,0,1,1,0,0,0,0,6,0,0,1,1,0,2,2,0,6,2,2,8
Zweitstimme,"03B9I","03",Pankow,9I,B,9I,9,83,O,0,0,0,0,769,769,768,1,119,91,265,147,35,23,14,22,4,3,0,4,0,5,0,0,0,0,3,7,0,0,0,0,0,0,1,1,0,1,2,0,5,3,1,12
Zweitstimme,"03B9K","03",Pankow,9K,B,9K,9,83,O,0,0,0,0,633,633,631,1,74,98,194,126,32,31,21,18,3,3,0,0,0,1,0,0,0,2,1,3,0,0,0,2,0,0,0,0,0,0,3,0,5,0,4,10
Zweitstimme,"03B9L","03",Pankow,9L,B,9L,9,83,O,0,0,0,0,882,882,880,2,106,132,340,151,25,38,16,19,2,1,0,0,0,1,0,0,0,0,3,3,1,0,0,3,0,0,1,1,0,1,8,0,6,3,2,17
Zweitstimme,"03B9M","03",Pankow,9M,B,9M,9,83,O,0,0,0,0,961,961,958,3,132,136,360,181,25,40,16,22,1,1,0,2,0,2,2,0,0,0,1,7,0,0,0,0,0,0,4,1,0,1,1,0,3,2,1,17
Zweitstimme,"03B9N","03",Pankow,9N,B,9N,9,83,O,0,0,0,0,994,994,992,1,155,155,387,151,25,53,9,10,2,2,1,1,0,3,0,0,0,1,2,4,1,0,0,3,0,0,2,0,0,0,8,0,3,1,1,12
Zweitstimme,"03B9P","03",Pankow,9P,B,9P,9,83,O,0,0,0,0,334,334,333,1,52,52,103,62,17,9,3,11,2,1,0,2,0,0,0,0,0,1,0,1,0,0,0,1,0,0,4,0,0,0,1,0,2,1,2,6
Zweitstimme,"03B9Q","03",Pankow,9Q,B,9Q,9,83,O,0,0,0,0,677,677,677,0,163,125,197,74,24,50,10,6,0,2,1,0,0,2,0,0,0,0,1,0,0,0,0,3,0,0,0,0,0,1,1,0,4,1,0,12
Zweitstimme,"04W101","04",Charlottenburg-Wilmersdorf,"101",W,1A,1,78,W,1114,832,282,0,324,1,322,2,63,91,39,23,46,18,8,15,0,5,0,0,0,0,0,0,0,0,0,2,1,0,0,1,1,0,0,0,0,3,1,0,1,0,2,2
Zweitstimme,"04W102","04",Charlottenburg-Wilmersdorf,"102",W,1B,1,78,W,660,507,153,0,155,1,155,0,46,28,26,9,20,10,0,6,0,0,0,0,0,0,0,0,0,0,1,0,0,0,0,2,0,0,0,0,0,1,0,0,2,0,2,2
Zweitstimme,"04W103","04",Charlottenburg-Wilmersdorf,"103",W,1C,1,78,W,1238,899,339,0,406,5,397,8,76,141,39,32,58,18,0,10,0,4,1,3,0,0,1,0,0,1,0,1,2,0,0,0,0,0,0,1,0,1,0,0,0,1,5,2
Zweitstimme,"04W104","04",Charlottenburg-Wilmersdorf,"104",W,1D,1,78,W,1032,851,181,0,279,0,275,4,59,94,13,19,42,15,3,4,3,1,0,2,0,0,0,0,0,0,1,3,1,0,0,2,1,0,0,0,0,0,1,0,0,0,11,0
Zweitstimme,"04W105","04",Charlottenburg-Wilmersdorf,"105",W,1E,1,78,W,1118,927,191,0,316,2,304,12,74,96,29,23,37,13,4,9,3,1,0,0,0,0,0,0,0,0,0,3,0,0,1,1,0,0,0,0,0,0,0,0,2,1,4,3
Zweitstimme,"04W106","04",Charlottenburg-Wilmersdorf,"106",W,1F,1,78,W,990,743,247,0,253,2,249,4,61,61,34,22,34,13,1,7,2,1,1,1,0,1,0,0,0,0,0,3,0,0,0,1,0,0,0,0,0,0,1,0,1,0,3,1
Zweitstimme,"04W107","04",Charlottenburg-Wilmersdorf,"107",W,1G,1,78,W,1155,904,251,0,336,2,332,4,64,131,17,17,60,21,3,8,1,1,2,0,0,0,0,0,0,0,0,2,1,0,0,0,1,0,0,0,0,1,0,0,0,0,2,0
Zweitstimme,"04W108","04",Charlottenburg-Wilmersdorf,"108",W,1H,1,78,W,459,351,108,0,160,0,157,3,35,57,15,10,22,4,1,6,0,0,2,1,0,0,0,0,0,0,0,2,0,0,0,0,0,0,1,0,0,0,0,0,0,0,0,1
Zweitstimme,"04W109","04",Charlottenburg-Wilmersdorf,"109",W,1I,1,78,W,1061,849,212,0,263,1,259,3,44,92,21,16,48,14,1,8,3,2,1,1,0,0,0,0,0,0,0,3,0,0,0,1,0,0,0,0,0,0,0,0,0,0,3,1
Zweitstimme,"04W110","04",Charlottenburg-Wilmersdorf,"110",W,1J,1,78,W,1151,860,291,0,344,4,337,7,95,113,26,17,46,14,1,10,0,6,2,2,0,0,1,0,0,0,0,1,0,0,0,0,0,0,0,0,0,0,0,0,0,0,1,2
Zweitstimme,"04W111","04",Charlottenburg-Wilmersdorf,"111",W,1H,1,78,W,981,777,204,0,285,1,279,5,56,104,17,14,42,20,2,5,0,1,0,1,1,0,0,0,0,0,0,2,1,0,0,4,2,0,0,0,0,1,0,0,1,0,4,1
Zweitstimme,"04W112","04",Charlottenburg-Wilmersdorf,"112",W,1K,1,78,W,1137,868,269,0,415,5,410,5,96,81,80,47,39,19,5,12,0,1,1,0,0,1,0,0,0,1,0,4,1,0,1,1,0,0,3,0,0,1,2,0,4,2,7,1
Zweitstimme,"04W113","04",Charlottenburg-Wilmersdorf,"113",W,1L,1,78,W,1297,923,374,0,492,0,487,3,93,111,108,57,36,29,10,15,0,4,0,0,0,1,0,0,0,1,1,4,0,0,0,2,1,0,1,0,0,0,0,0,1,1,5,6
Zweitstimme,"04W114","04",Charlottenburg-Wilmersdorf,"114",W,1M,1,78,W,1151,783,368,0,402,7,396,6,75,82,99,41,36,17,9,11,0,1,0,4,0,1,0,0,0,0,0,4,0,0,1,0,0,0,1,0,0,1,0,0,2,1,8,2
Zweitstimme,"04W115","04",Charlottenburg-Wilmersdorf,"115",W,1N,1,78,W,1126,775,351,0,427,3,426,1,74,73,122,65,30,18,4,15,2,2,2,0,0,0,0,0,0,0,1,4,1,0,0,0,0,0,1,0,0,0,1,0,2,1,3,5
Zweitstimme,"04W116","04",Charlottenburg-Wilmersdorf,"116",W,1P,1,78,W,1244,869,375,0,487,11,485,2,86,97,151,40,36,29,11,15,2,0,0,0,0,2,0,0,0,1,0,3,0,0,0,0,0,0,0,0,0,1,1,0,3,0,2,5
Zweitstimme,"04W117","04",Charlottenburg-Wilmersdorf,"117",W,1Q,1,78,W,1047,677,370,0,327,3,325,2,74,75,61,27,27,31,3,8,1,3,0,1,0,0,0,0,0,0,0,3,0,0,0,0,0,0,1,0,0,0,1,0,0,0,2,7
Zweitstimme,"04W118","04",Charlottenburg-Wilmersdorf,"118",W,1R,1,78,W,1155,772,383,0,328,0,325,3,74,62,94,35,22,15,1,3,1,0,0,2,0,0,0,0,0,0,0,3,0,0,0,1,1,0,1,0,0,0,1,0,0,1,3,5
Zweitstimme,"04W119","04",Charlottenburg-Wilmersdorf,"119",W,1S,1,78,W,1199,846,353,0,403,4,401,1,83,67,99,70,26,24,6,9,1,1,0,0,0,0,0,0,0,0,0,4,0,0,0,1,1,0,0,0,0,0,2,0,0,0,3,4
Zweitstimme,"04W801","04",Charlottenburg-Wilmersdorf,"801",W,8A,1,80,W,982,624,358,0,323,0,318,5,68,93,72,37,17,20,0,1,1,1,0,0,0,0,0,0,0,0,1,2,0,0,0,0,0,0,0,2,0,0,0,0,0,0,0,3
Zweitstimme,"04W802","04",Charlottenburg-Wilmersdorf,"802",W,8B,1,80,W,1315,754,561,0,357,3,352,5,63,89,91,33,26,15,3,11,0,1,0,0,2,0,1,0,0,1,0,1,0,0,0,0,1,0,0,0,0,0,1,0,2,2,1,8
Zweitstimme,"04W803","04",Charlottenburg-Wilmersdorf,"803",W,8C,1,80,W,1151,756,395,0,339,2,338,1,74,73,67,40,29,21,5,7,1,1,0,0,0,1,0,0,0,0,0,2,2,0,0,0,0,0,2,0,0,2,2,0,0,1,5,3
Zweitstimme,"04W804","04",Charlottenburg-Wilmersdorf,"804",W,8D,1,80,W,1071,761,310,0,366,7,364,2,58,97,73,35,40,24,3,7,5,0,0,0,0,0,0,0,0,0,1,2,0,0,0,0,0,0,0,0,0,2,1,0,1,0,7,8
Zweitstimme,"04W805","04",Charlottenburg-Wilmersdorf,"805",W,8E,1,80,W,936,659,277,0,307,2,303,4,66,68,76,31,19,14,5,4,3,2,0,0,0,0,0,0,0,0,0,5,0,0,0,2,0,0,1,0,0,1,0,0,0,3,1,2
Zweitstimme,"04W806","04",Charlottenburg-Wilmersdorf,"806",W,8F,1,80,W,1227,770,457,0,363,0,360,0,78,68,102,46,10,19,9,9,1,0,0,0,0,1,0,0,0,1,1,5,0,0,0,0,0,0,0,2,0,1,0,0,0,1,1,5
Zweitstimme,"04W807","04",Charlottenburg-Wilmersdorf,"807",W,8G,1,80,W,1130,736,394,0,331,7,327,3,50,77,83,47,24,13,3,9,1,0,1,1,0,0,0,0,0,0,0,2,0,0,0,1,0,0,2,0,0,1,2,0,2,1,5,2
Zweitstimme,"04B1A","04",Charlottenburg-Wilmersdorf,1A,B,1A,1,78,W,0,0,0,0,253,253,252,1,57,92,27,13,21,21,2,10,0,1,0,0,0,0,1,0,0,0,0,0,0,0,0,0,0,0,1,0,0,0,0,0,2,1,1,2
Zweitstimme,"04B1B","04",Charlottenburg-Wilmersdorf,1B,B,1B,1,78,W,0,0,0,0,132,132,131,1,31,41,27,7,3,8,1,5,1,0,0,0,0,0,0,0,0,0,0,0,0,0,0,2,1,0,0,0,0,1,1,0,0,0,1,1
Zweitstimme,"04B1C","04",Charlottenburg-Wilmersdorf,1C,B,1C,1,78,W,0,0,0,0,305,305,305,0,70,141,23,4,23,11,9,8,1,3,0,0,0,0,0,0,0,0,1,1,0,0,0,3,0,0,0,0,0,1,0,0,4,0,1,1
Zweitstimme,"04B1D","04",Charlottenburg-Wilmersdorf,1D,B,1D,1,78,W,0,0,0,0,163,163,161,2,28,70,9,2,16,6,1,6,3,0,1,3,0,1,0,0,0,0,0,5,0,0,1,0,0,0,2,0,0,0,0,0,3,0,4,0
Zweitstimme,"04B1E","04",Charlottenburg-Wilmersdorf,1E,B,1E,1,78,W,0,0,0,0,167,167,165,2,41,53,13,13,13,7,5,6,1,1,1,0,0,0,0,0,0,0,0,3,1,0,0,0,0,0,2,0,0,1,1,0,1,2,0,0
Zweitstimme,"04B1F","04",Charlottenburg-Wilmersdorf,1F,B,1F,1,78,W,0,0,0,0,218,218,215,1,58,77,19,14,15,9,2,11,0,3,0,1,0,0,0,0,0,0,0,0,0,0,0,2,0,0,0,0,0,0,0,0,0,1,2,1
Zweitstimme,"04B1G","04",Charlottenburg-Wilmersdorf,1G,B,1G,1,78,W,0,0,0,0,216,216,212,4,52,96,13,11,16,10,1,6,1,1,0,1,0,0,0,0,0,0,0,0,0,0,0,0,0,0,0,0,0,1,0,0,0,1,0,2
Zweitstimme,"04B1H","04",Charlottenburg-Wilmersdorf,1H,B,1H,1,78,W,0,0,0,0,269,269,269,0,66,102,12,14,32,18,3,8,0,4,0,0,0,0,0,1,0,0,0,2,0,0,0,1,0,0,0,0,0,0,0,0,0,2,2,2
Zweitstimme,"04B1I","04",Charlottenburg-Wilmersdorf,1I,B,1I,1,78,W,0,0,0,0,180,180,177,0,37,66,14,14,23,5,3,5,2,2,0,0,0,0,0,0,0,0,0,2,0,0,0,0,0,0,0,0,0,0,0,0,1,0,2,1
Zweitstimme,"04B1J","04",Charlottenburg-Wilmersdorf,1J,B,1J,1,78,W,0,0,0,0,259,259,257,2,61,109,20,11,19,10,2,6,3,1,0,4,0,0,0,0,0,0,0,2,0,0,0,2,0,0,0,0,0,1,0,0,1,1,3,1
Zweitstimme,"04B1K","04",Charlottenburg-Wilmersdorf,1K,B,1K,1,78,W,0,0,0,0,235,235,234,1,59,61,59,19,15,5,4,3,1,1,0,0,0,0,0,0,0,0,0,1,0,0,0,0,0,0,0,0,0,1,0,0,2,1,0,2
Zweitstimme,"04B1L","04",Charlottenburg-Wilmersdorf,1L,B,1L,1,78,W,0,0,0,0,336,336,336,0,54,81,107,31,13,18,4,11,1,1,0,0,0,0,0,0,0,0,1,1,1,0,0,5,0,0,0,0,0,0,0,0,0,1,5,1
Zweitstimme,"04B1M","04",Charlottenburg-Wilmersdorf,1M,B,1M,1,78,W,0,0,0,0,333,333,332,1,71,57,101,42,16,22,4,7,0,0,0,0,0,0,0,0,0,1,0,2,0,0,0,0,0,0,1,0,0,0,1,0,0,2,0,5
Zweitstimme,"04B1N","04",Charlottenburg-Wilmersdorf,1N,B,1N,1,78,W,0,0,0,0,319,319,317,2,66,49,115,26,9,21,3,12,1,2,0,0,0,0,0,0,0,1,0,0,0,0,0,0,0,0,1,0,0,0,3,0,3,0,1,4
Zweitstimme,"04B1P","04",Charlottenburg-Wilmersdorf,1P,B,1P,1,78,W,0,0,0,0,337,337,335,1,65,73,98,41,5,20,5,6,2,3,0,1,0,0,0,0,0,0,0,0,0,0,0,2,0,0,1,0,0,2,0,0,1,2,2,6
Zweitstimme,"04B1Q","04",Charlottenburg-Wilmersdorf,1Q,B,1Q,1,78,W,0,0,0,0,337,337,336,1,56,105,82,29,11,28,2,8,0,0,0,1,0,0,0,0,0,0,0,1,0,0,0,2,0,0,0,0,0,0,2,0,1,2,3,3
Zweitstimme,"04B1R","04",Charlottenburg-Wilmersdorf,1R,B,1R,1,78,W,0,0,0,0,344,344,343,1,64,107,70,32,16,17,6,9,3,2,0,2,0,0,0,0,0,0,0,0,0,0,0,2,1,0,1,0,0,2,0,0,2,1,1,5
Zweitstimme,"04B1S","04",Charlottenburg-Wilmersdorf,1S,B,1S,1,78,W,0,0,0,0,328,328,324,3,64,64,105,34,15,20,5,4,2,1,0,0,0,1,0,0,0,0,0,2,0,0,0,0,1,0,0,0,0,0,1,0,0,0,0,5
Zweitstimme,"04B8A","04",Charlottenburg-Wilmersdorf,8A,B,8A,1,80,W,0,0,0,0,340,340,339,1,78,92,82,31,12,23,2,5,0,0,0,0,0,1,0,0,0,0,0,2,1,0,0,0,0,0,0,0,0,2,0,0,1,1,0,6
Zweitstimme,"04B8B","04",Charlottenburg-Wilmersdorf,8B,B,8B,1,80,W,0,0,0,0,514,514,514,0,110,152,131,35,23,28,2,8,1,1,0,0,0,1,0,0,0,0,0,2,0,0,0,2,0,0,3,0,0,3,1,0,1,0,1,9
Zweitstimme,"04B8C","04",Charlottenburg-Wilmersdorf,8C,B,8C,1,80,W,0,0,0,0,353,353,349,4,89,113,72,25,9,11,5,6,0,4,0,0,1,0,0,0,0,0,0,1,0,0,0,1,0,0,0,0,0,4,1,0,0,0,1,6
Zweitstimme,"04B8D","04",Charlottenburg-Wilmersdorf,8D,B,8D,1,80,W,0,0,0,0,275,275,273,2,49,74,69,22,14,21,5,6,1,1,1,0,0,0,0,0,0,0,2,0,0,0,2,0,0,0,0,0,0,0,1,0,1,2,0,2
Zweitstimme,"04B8E","04",Charlottenburg-Wilmersdorf,8E,B,8E,1,80,W,0,0,0,0,263,263,263,0,53,79,53,18,20,16,4,6,1,2,0,0,0,0,0,0,0,0,0,2,1,0,0,0,1,0,0,0,0,3,0,0,0,1,0,3
Zweitstimme,"04B8F","04",Charlottenburg-Wilmersdorf,8F,B,8F,1,80,W,0,0,0,0,415,415,410,5,79,99,119,34,19,26,5,9,1,2,0,0,0,0,0,0,0,0,2,5,0,0,0,3,0,0,2,0,0,0,1,0,1,1,0,2
Zweitstimme,"04B8G","04",Charlottenburg-Wilmersdorf,8G,B,8G,1,80,W,0,0,0,0,358,358,358,0,64,83,112,31,19,14,5,9,1,1,0,0,0,0,0,0,0,0,0,2,0,0,1,2,0,0,0,1,0,1,1,0,1,0,3,7
Zweitstimme,"04W201","04",Charlottenburg-Wilmersdorf,"201",W,2A,2,80,W,921,520,401,0,323,5,320,3,72,111,71,8,22,21,2,4,0,0,0,0,0,0,0,0,0,0,0,2,0,0,0,0,0,0,1,0,0,0,2,0,0,0,2,2
Zweitstimme,"04W202","04",Charlottenburg-Wilmersdorf,"202",W,2B,2,80,W,1078,620,458,0,362,5,361,1,78,127,60,25,23,25,10,5,1,0,0,0,0,2,0,0,0,0,0,0,0,0,0,0,0,0,0,0,0,0,0,0,0,0,0,5
Zweitstimme,"04W203","04",Charlottenburg-Wilmersdorf,"203",W,2A,2,80,W,987,599,388,0,310,6,307,3,47,107,55,22,31,35,5,2,0,0,0,0,0,0,0,0,0,0,0,1,0,0,0,0,1,0,0,0,0,0,0,0,0,0,1,0
Zweitstimme,"04W204","04",Charlottenburg-Wilmersdorf,"204",W,2C,2,80,W,1323,810,513,0,387,1,384,3,93,158,39,21,29,25,2,8,0,2,0,0,0,0,0,0,0,0,0,4,0,0,0,1,0,0,0,0,0,0,0,0,0,0,0,2
Zweitstimme,"04W205","04",Charlottenburg-Wilmersdorf,"205",W,2B,2,80,W,924,528,396,0,322,6,318,3,60,116,44,16,22,40,2,7,0,0,0,1,0,0,0,0,0,0,1,3,0,0,0,2,0,0,0,0,0,0,1,0,0,0,3,0
Zweitstimme,"04W206","04",Charlottenburg-Wilmersdorf,"206",W,2D,2,80,W,1155,724,431,0,373,4,372,1,83,136,42,20,40,25,7,6,2,0,0,0,0,1,0,0,0,0,0,3,0,0,0,1,0,0,0,0,0,0,1,0,0,0,1,4
Zweitstimme,"04W207","04",Charlottenburg-Wilmersdorf,"207",W,2E,2,80,W,1169,742,427,0,399,5,397,2,69,122,67,36,37,28,10,6,6,1,0,0,0,0,0,0,0,0,0,0,0,0,0,3,0,0,1,0,0,0,1,0,0,1,4,5
Zweitstimme,"04W208","04",Charlottenburg-Wilmersdorf,"208",W,2F,2,80,W,1224,838,386,0,246,7,242,4,58,49,52,27,24,15,3,3,2,0,0,0,0,0,0,0,0,0,0,2,0,0,0,2,0,0,0,0,0,1,0,0,0,0,0,4
Zweitstimme,"04W209","04",Charlottenburg-Wilmersdorf,"209",W,2G,2,80,W,979,590,389,0,350,6,349,1,67,108,83,21,23,21,3,5,2,0,0,1,0,0,1,0,0,0,0,6,0,0,0,0,0,0,1,0,0,3,0,0,0,0,0,4
Zweitstimme,"04W210","04",Charlottenburg-Wilmersdorf,"210",W,2H,2,80,W,1158,710,448,0,440,6,436,3,92,186,68,19,32,19,2,5,2,0,0,1,0,0,0,0,0,0,0,2,0,0,0,3,1,0,0,0,0,0,0,0,0,0,2,2
Zweitstimme,"04W211","04",Charlottenburg-Wilmersdorf,"211",W,2I,2,80,W,1081,685,396,0,435,9,428,5,97,151,67,19,26,45,7,4,1,3,0,0,0,0,0,0,0,0,3,1,0,0,0,0,0,0,0,0,0,0,0,0,1,0,3,0
Zweitstimme,"04W212","04",Charlottenburg-Wilmersdorf,"212",W,2J,2,80,W,1210,704,506,0,459,13,458,1,116,158,77,18,28,36,7,8,1,1,1,0,0,1,0,0,0,0,0,1,0,0,0,0,0,0,0,0,0,1,1,0,0,2,0,1
Zweitstimme,"04W213","04",Charlottenburg-Wilmersdorf,"213",W,2K,2,80,W,828,475,353,0,288,7,288,0,62,118,39,11,18,24,2,5,2,0,0,0,0,0,0,0,0,0,0,1,0,0,0,1,0,0,1,0,0,0,1,0,0,0,0,3
Zweitstimme,"04W214","04",Charlottenburg-Wilmersdorf,"214",W,2L,2,80,W,1266,878,388,0,416,0,410,4,84,91,92,42,40,17,11,9,2,2,0,2,0,0,1,0,0,1,1,2,0,0,0,0,0,0,1,0,0,2,1,0,0,0,1,8
Zweitstimme,"04W215","04",Charlottenburg-Wilmersdorf,"215",W,2M,2,80,W,1041,746,295,0,339,6,337,1,79,59,90,46,22,10,3,10,1,1,0,0,0,0,0,0,0,0,1,3,0,0,0,2,0,0,1,0,0,0,0,0,0,0,3,6
Zweitstimme,"04W216","04",Charlottenburg-Wilmersdorf,"216",W,2N,2,80,W,1286,784,502,0,453,13,451,2,91,174,75,19,28,39,3,4,3,3,0,0,0,0,0,0,0,0,1,2,1,0,0,0,0,0,1,0,0,0,0,0,1,1,0,5
Zweitstimme,"04W217","04",Charlottenburg-Wilmersdorf,"217",W,2P,2,80,W,1244,762,482,0,465,5,460,5,96,148,98,27,25,36,7,2,2,2,0,1,2,0,0,0,0,1,0,1,0,0,0,1,0,0,0,0,0,0,1,0,0,1,0,9
Zweitstimme,"04W218","04",Charlottenburg-Wilmersdorf,"218",W,2Q,2,80,W,1230,763,467,0,428,1,424,4,74,167,69,29,25,36,4,4,0,0,0,1,1,0,0,0,0,2,0,2,1,0,0,0,0,0,1,0,0,0,1,0,1,1,0,5
Zweitstimme,"04W219","04",Charlottenburg-Wilmersdorf,"219",W,2R,2,80,W,1176,737,439,0,386,3,384,1,92,115,54,28,30,42,5,5,1,2,0,0,0,1,0,0,0,0,0,4,0,0,0,0,0,0,0,0,0,0,0,0,1,1,0,3
Zweitstimme,"04W220","04",Charlottenburg-Wilmersdorf,"220",W,2S,2,80,W,1150,719,431,0,529,15,526,3,93,162,124,41,24,61,3,5,1,1,0,0,0,0,0,0,0,0,0,3,1,0,0,0,0,0,0,0,0,0,0,0,0,2,0,5
Zweitstimme,"04W221","04",Charlottenburg-Wilmersdorf,"221",W,2T,2,80,W,1218,741,477,0,419,6,419,0,79,130,83,29,19,40,1,7,5,1,0,3,2,0,2,0,0,0,0,2,0,0,0,1,1,0,0,0,0,1,0,0,0,1,2,10
Zweitstimme,"04W222","04",Charlottenburg-Wilmersdorf,"222",W,2U,2,80,W,1215,811,404,0,413,0,410,3,72,106,104,32,32,26,10,10,3,1,0,0,0,0,0,0,0,0,0,4,0,0,0,1,1,0,0,0,0,0,0,0,0,4,2,2
Zweitstimme,"04W223","04",Charlottenburg-Wilmersdorf,"223",W,2V,2,80,W,1095,716,379,0,362,10,359,3,69,97,77,21,29,31,3,11,1,0,0,0,1,0,0,0,0,0,0,1,0,0,0,5,0,0,2,0,0,0,0,0,3,2,4,2
Zweitstimme,"04W224","04",Charlottenburg-Wilmersdorf,"224",W,2W,2,80,W,1050,682,368,0,516,10,510,6,84,171,142,22,13,55,7,3,1,0,0,1,0,0,0,0,0,0,0,3,0,0,0,1,0,0,0,0,0,2,0,0,0,0,1,4
Zweitstimme,"04W225","04",Charlottenburg-Wilmersdorf,"225",W,2X,2,80,W,1575,1060,515,0,429,7,423,2,87,82,117,41,25,26,4,11,0,1,2,3,0,0,0,0,0,0,0,3,1,0,0,0,1,0,0,0,0,1,1,0,2,0,7,8
Zweitstimme,"04W226","04",Charlottenburg-Wilmersdorf,"226",W,2I,2,80,W,1088,635,453,0,376,7,375,1,103,114,66,22,22,31,9,1,1,0,0,0,0,0,1,0,0,0,0,0,0,0,0,0,0,0,0,0,0,0,1,0,0,1,0,3
Zweitstimme,"04W227","04",Charlottenburg-Wilmersdorf,"227",W,2Y,2,80,W,1063,620,443,0,407,5,404,2,54,161,80,12,24,51,5,5,1,1,0,0,0,0,0,0,0,1,0,6,0,0,0,0,1,0,0,0,0,1,0,0,1,0,0,0
Zweitstimme,"04B2A","04",Charlottenburg-Wilmersdorf,2A,B,2A,2,80,W,0,0,0,0,710,710,705,5,144,328,97,25,20,55,4,14,0,2,0,1,0,1,0,0,0,0,0,3,2,0,0,0,1,0,0,0,0,1,1,0,0,0,1,5
Zweitstimme,"04B2B","04",Charlottenburg-Wilmersdorf,2B,B,2B,2,80,W,0,0,0,0,767,767,760,3,167,305,112,41,20,75,14,8,1,0,0,1,1,1,0,0,0,0,2,1,1,0,0,1,2,0,1,0,0,0,0,0,1,0,1,4
Zweitstimme,"04B2C","04",Charlottenburg-Wilmersdorf,2C,B,2C,2,80,W,0,0,0,0,479,479,477,2,123,201,42,18,31,35,5,6,0,6,0,0,1,0,0,1,0,0,0,0,0,0,0,1,0,0,0,0,0,1,1,0,3,0,2,0
Zweitstimme,"04B2D","04",Charlottenburg-Wilmersdorf,2D,B,2D,2,80,W,0,0,0,0,388,388,386,2,81,159,45,19,26,34,0,8,2,2,0,0,0,1,0,0,0,0,0,0,1,0,0,4,0,0,0,0,0,1,0,0,0,0,1,2
Zweitstimme,"04B2E","04",Charlottenburg-Wilmersdorf,2E,B,2E,2,80,W,0,0,0,0,387,387,386,1,74,140,64,24,24,24,4,11,1,2,0,2,0,0,1,0,0,1,1,5,0,0,0,0,0,0,0,0,0,1,3,0,0,0,0,4
Zweitstimme,"04B2F","04",Charlottenburg-Wilmersdorf,2F,B,2F,2,80,W,0,0,0,0,343,343,341,2,95,89,82,28,16,11,5,6,0,1,1,1,0,1,0,0,0,0,0,0,0,0,0,0,0,0,2,0,0,0,0,0,2,0,0,1
Zweitstimme,"04B2G","04",Charlottenburg-Wilmersdorf,2G,B,2G,2,80,W,0,0,0,0,359,359,359,0,78,147,60,14,11,26,4,8,1,0,0,1,0,0,0,0,0,0,0,1,0,0,0,4,0,0,0,0,0,1,0,0,0,1,0,2
Zweitstimme,"04B2H","04",Charlottenburg-Wilmersdorf,2H,B,2H,2,80,W,0,0,0,0,411,411,408,3,95,175,60,17,17,20,2,9,2,1,1,2,0,1,0,0,0,0,1,0,0,0,0,0,0,0,1,0,0,1,0,0,1,0,0,2
Zweitstimme,"04B2I","04",Charlottenburg-Wilmersdorf,2I,B,2I,2,80,W,0,0,0,0,763,763,756,5,139,323,132,38,24,56,5,13,1,4,1,1,0,0,0,0,0,1,4,3,1,0,0,0,0,0,1,0,0,1,1,0,0,0,0,7
Zweitstimme,"04B2J","04",Charlottenburg-Wilmersdorf,2J,B,2J,2,80,W,0,0,0,0,461,461,460,1,88,204,62,19,22,43,4,7,1,1,0,0,0,0,0,0,0,1,0,4,0,0,0,0,0,0,0,0,0,0,0,0,1,1,0,2
Zweitstimme,"04B2K","04",Charlottenburg-Wilmersdorf,2K,B,2K,2,80,W,0,0,0,0,321,321,321,0,70,130,51,7,22,27,1,3,0,0,0,0,0,0,0,0,0,0,0,4,1,0,0,0,0,0,0,0,0,0,0,0,0,1,1,3
Zweitstimme,"04B2L","04",Charlottenburg-Wilmersdorf,2L,B,2L,2,80,W,0,0,0,0,356,356,351,5,73,88,89,22,20,21,7,14,2,3,0,2,0,0,0,0,0,0,0,0,0,0,0,2,0,0,0,0,0,1,1,0,1,1,2,2
Zweitstimme,"04B2M","04",Charlottenburg-Wilmersdorf,2M,B,2M,2,80,W,0,0,0,0,260,260,260,0,52,44,87,27,6,14,3,8,2,2,0,1,0,0,1,0,0,0,0,3,0,0,0,3,0,0,0,0,0,1,0,0,0,0,3,3
Zweitstimme,"04B2N","04",Charlottenburg-Wilmersdorf,2N,B,2N,2,80,W,0,0,0,0,448,448,446,2,94,203,62,22,24,23,2,2,0,2,0,0,0,0,0,0,0,1,1,2,0,0,0,1,1,0,0,0,0,1,0,0,0,0,1,4
Zweitstimme,"04B2P","04",Charlottenburg-Wilmersdorf,2P,B,2P,2,80,W,0,0,0,0,432,432,432,0,75,196,65,12,16,42,2,11,0,3,0,1,0,0,0,0,0,0,0,1,0,0,0,0,0,0,2,0,0,0,3,0,0,0,0,3
Zweitstimme,"04B2Q","04",Charlottenburg-Wilmersdorf,2Q,B,2Q,2,80,W,0,0,0,0,423,423,423,0,90,163,85,18,12,33,2,8,0,1,0,0,1,0,0,0,0,0,0,0,0,0,0,0,1,0,0,0,0,1,0,0,1,1,2,4
Zweitstimme,"04B2R","04",Charlottenburg-Wilmersdorf,2R,B,2R,2,80,W,0,0,0,0,405,405,403,2,105,164,62,18,11,26,2,4,2,0,0,2,0,0,0,0,0,0,0,1,0,0,0,0,0,0,0,0,0,2,1,0,0,1,0,2
Zweitstimme,"04B2S","04",Charlottenburg-Wilmersdorf,2S,B,2S,2,80,W,0,0,0,0,388,388,388,0,72,156,80,18,9,38,1,4,1,0,0,0,0,0,0,0,0,0,1,1,0,0,0,0,0,0,0,0,0,0,1,0,1,0,0,5
Zweitstimme,"04B2T","04",Charlottenburg-Wilmersdorf,2T,B,2T,2,80,W,0,0,0,0,441,441,436,5,78,182,69,17,15,44,5,11,1,0,0,0,0,0,0,0,0,0,0,0,0,0,1,0,2,0,1,0,0,3,0,0,1,2,0,4
Zweitstimme,"04B2U","04",Charlottenburg-Wilmersdorf,2U,B,2U,2,80,W,0,0,0,0,358,358,356,2,83,88,93,34,17,21,3,3,0,2,0,0,0,0,0,0,0,0,0,2,0,0,0,0,0,0,0,0,0,1,2,0,0,0,2,5
Zweitstimme,"04B2V","04",Charlottenburg-Wilmersdorf,2V,B,2V,2,80,W,0,0,0,0,332,332,332,0,67,118,48,15,12,37,7,13,1,3,0,0,0,0,0,0,0,0,2,1,0,0,0,0,0,0,0,0,0,0,1,0,1,0,0,6
Zweitstimme,"04B2W","04",Charlottenburg-Wilmersdorf,2W,B,2W,2,80,W,0,0,0,0,333,333,333,0,59,132,72,8,8,36,2,7,0,1,0,1,0,0,0,0,0,0,0,4,0,0,0,0,0,0,1,1,0,0,0,0,0,0,0,1
Zweitstimme,"04B2X","04",Charlottenburg-Wilmersdorf,2X,B,2X,2,80,W,0,0,0,0,452,452,452,0,85,108,133,30,14,42,6,8,3,4,1,1,0,0,1,0,0,0,0,2,0,0,1,2,0,0,0,0,0,2,2,0,0,2,1,4
Zweitstimme,"04B2Y","04",Charlottenburg-Wilmersdorf,2Y,B,2Y,2,80,W,0,0,0,0,408,408,406,2,77,164,72,12,14,38,7,7,0,1,0,1,0,0,0,0,0,0,1,1,0,0,0,0,1,0,0,1,0,0,3,0,2,1,0,3
Zweitstimme,"04W301","04",Charlottenburg-Wilmersdorf,"301",W,3A,3,80,W,1270,896,374,0,442,2,437,5,91,74,101,64,45,18,8,15,2,2,0,1,1,0,0,3,0,0,0,3,0,0,0,0,0,0,1,0,0,0,0,0,0,0,5,3
Zweitstimme,"04W302","04",Charlottenburg-Wilmersdorf,"302",W,3B,3,80,W,1049,719,330,0,411,5,401,10,83,83,101,43,27,23,8,7,3,1,0,0,0,0,2,0,0,0,0,3,0,0,0,1,0,0,1,0,0,0,0,0,0,4,5,6
Zweitstimme,"04W303","04",Charlottenburg-Wilmersdorf,"303",W,3C,3,80,W,1157,813,344,0,472,5,468,4,80,132,133,37,18,35,2,7,2,2,0,2,0,1,0,0,0,0,0,1,0,0,0,1,0,0,0,0,0,0,1,0,1,0,4,9
Zweitstimme,"04W304","04",Charlottenburg-Wilmersdorf,"304",W,3D,3,80,W,1039,707,332,0,427,3,422,5,79,105,104,44,28,28,7,9,1,0,0,0,0,0,0,0,0,1,1,8,0,0,0,0,0,0,1,0,0,0,2,0,0,0,0,4
Zweitstimme,"04W305","04",Charlottenburg-Wilmersdorf,"305",W,3E,3,80,W,926,633,293,0,361,8,360,1,87,56,112,54,19,6,4,7,0,0,0,0,0,0,0,0,0,0,0,2,1,0,0,0,0,0,1,0,0,1,2,0,3,0,1,4
Zweitstimme,"04W306","04",Charlottenburg-Wilmersdorf,"306",W,3F,3,80,W,1038,756,282,0,467,5,463,4,91,71,156,80,9,16,10,9,2,0,0,2,0,0,0,0,0,0,0,5,1,0,0,2,0,0,1,0,0,0,1,0,0,0,4,3
Zweitstimme,"04W307","04",Charlottenburg-Wilmersdorf,"307",W,3G,3,80,W,1186,798,388,0,473,14,469,4,84,98,141,53,26,19,10,10,2,0,0,0,0,2,0,0,0,0,3,7,0,0,0,1,1,0,0,0,0,1,0,0,0,0,4,7
Zweitstimme,"04W308","04",Charlottenburg-Wilmersdorf,"308",W,3H,3,80,W,757,457,300,0,282,4,278,4,71,73,42,24,17,19,4,9,3,2,0,0,0,3,1,0,0,0,0,7,0,0,0,0,0,0,0,0,0,0,0,0,0,1,0,2
Zweitstimme,"04W309","04",Charlottenburg-Wilmersdorf,"309",W,3I,3,80,W,1291,823,468,0,455,4,450,5,89,127,78,49,40,22,7,9,0,3,0,1,0,0,0,0,0,0,1,5,0,0,0,3,0,0,0,0,0,2,0,0,1,0,7,6
Zweitstimme,"04W310","04",Charlottenburg-Wilmersdorf,"310",W,3J,3,80,W,1135,722,413,0,440,11,437,2,97,99,105,59,25,24,4,9,2,1,0,0,0,2,0,0,0,0,0,1,0,0,0,1,0,0,1,0,0,0,0,0,0,1,1,5
Zweitstimme,"04W311","04",Charlottenburg-Wilmersdorf,"311",W,3K,3,80,W,971,624,347,0,347,7,347,0,79,77,86,33,7,27,6,6,3,2,0,0,0,0,0,0,0,0,1,6,0,0,0,0,0,0,2,0,0,0,0,0,1,1,1,9
Zweitstimme,"04W312","04",Charlottenburg-Wilmersdorf,"312",W,3E,3,80,W,791,547,244,0,286,5,284,2,68,49,89,25,13,12,8,5,2,0,0,0,0,1,0,0,0,0,0,4,0,0,0,1,0,0,0,0,0,0,1,0,1,2,1,2
Zweitstimme,"04W313","04",Charlottenburg-Wilmersdorf,"313",W,3L,3,80,W,1175,753,422,0,423,5,418,5,89,106,107,33,20,28,12,6,0,3,0,0,0,1,0,0,0,0,0,1,0,0,0,2,1,0,1,0,0,1,1,0,0,0,1,5
Zweitstimme,"04W314","04",Charlottenburg-Wilmersdorf,"314",W,3M,3,80,W,1136,726,410,0,413,9,410,3,89,72,134,57,13,22,4,9,1,0,0,0,0,0,0,0,0,0,0,4,0,0,0,0,0,0,0,0,0,0,1,0,0,0,0,4
Zweitstimme,"04W315","04",Charlottenburg-Wilmersdorf,"315",W,3N,3,80,W,1114,712,402,0,414,3,412,2,72,93,130,47,17,27,3,9,4,0,0,0,1,0,0,0,0,0,0,1,0,0,0,0,0,0,1,0,0,0,0,0,0,0,4,3
Zweitstimme,"04W316","04",Charlottenburg-Wilmersdorf,"316",W,3P,3,80,W,1169,792,377,0,481,5,476,3,120,124,100,31,23,50,8,3,2,1,0,0,0,0,0,0,0,0,0,1,0,0,0,1,0,0,1,1,0,0,2,0,0,0,1,7
Zweitstimme,"04W317","04",Charlottenburg-Wilmersdorf,"317",W,3K,3,80,W,995,653,342,0,425,9,420,2,87,128,97,32,14,33,7,6,2,1,0,0,0,0,2,0,0,1,0,1,0,0,0,0,0,0,0,0,0,0,0,0,0,0,5,4
Zweitstimme,"04W318","04",Charlottenburg-Wilmersdorf,"318",W,3Q,3,80,W,1115,686,429,0,477,9,476,1,86,71,160,68,19,38,4,11,1,1,0,1,0,0,0,0,0,2,0,2,0,0,0,1,0,0,0,1,0,0,3,0,1,0,0,6
Zweitstimme,"04W319","04",Charlottenburg-Wilmersdorf,"319",W,3R,3,80,W,905,555,350,0,367,6,365,2,82,69,125,44,11,19,7,2,0,1,0,0,0,1,0,0,0,0,0,1,0,0,0,0,0,0,0,0,0,0,0,0,0,0,0,3
Zweitstimme,"04W320","04",Charlottenburg-Wilmersdorf,"320",W,3S,3,80,W,1017,643,374,0,349,9,345,0,64,67,101,50,15,28,6,4,1,0,0,0,0,0,0,0,0,1,0,1,0,0,0,0,0,0,1,0,0,0,1,0,0,0,1,4
Zweitstimme,"04W321","04",Charlottenburg-Wilmersdorf,"321",W,3T,3,80,W,1105,739,366,0,427,0,421,5,90,92,115,31,21,45,3,10,1,0,2,0,0,0,0,0,0,1,0,0,1,0,0,0,0,0,0,0,0,0,1,0,1,0,1,6
Zweitstimme,"04W322","04",Charlottenburg-Wilmersdorf,"322",W,3U,3,80,W,1199,728,471,0,457,15,452,5,90,99,136,44,16,35,8,9,0,0,0,1,0,0,0,0,0,0,0,1,1,0,0,0,0,0,0,0,0,1,1,0,0,1,1,8
Zweitstimme,"04W323","04",Charlottenburg-Wilmersdorf,"323",W,3V,3,80,W,1108,767,341,0,398,2,395,2,80,104,104,27,21,35,1,8,1,3,0,1,0,0,0,0,0,0,0,3,0,0,0,0,0,0,0,0,0,2,2,0,0,0,0,3
Zweitstimme,"04W324","04",Charlottenburg-Wilmersdorf,"324",W,3V,3,80,W,1090,712,378,0,407,10,406,1,101,113,85,29,21,29,3,3,1,1,0,0,0,0,0,0,0,1,1,1,0,0,0,0,0,0,2,0,0,0,0,0,2,0,2,11
Zweitstimme,"04W325","04",Charlottenburg-Wilmersdorf,"325",W,3R,3,80,W,695,485,210,0,196,5,193,3,34,36,60,18,11,20,2,4,0,1,0,0,0,0,0,0,0,1,0,0,0,0,0,1,0,0,0,0,0,0,0,0,0,0,0,5
Zweitstimme,"04W326","04",Charlottenburg-Wilmersdorf,"326",W,3S,3,80,W,915,586,329,0,310,0,308,1,55,71,76,39,18,25,0,3,0,2,0,1,0,0,0,0,0,0,0,3,0,0,0,3,1,0,0,1,0,0,0,0,0,0,0,10
Zweitstimme,"04W327","04",Charlottenburg-Wilmersdorf,"327",W,3D,3,80,W,976,632,344,0,344,4,339,1,79,72,103,32,13,11,4,6,0,2,0,0,0,2,0,0,0,0,2,4,1,0,0,0,0,0,0,0,0,0,0,0,0,1,1,6
Zweitstimme,"04W328","04",Charlottenburg-Wilmersdorf,"328",W,3H,3,80,W,973,690,283,0,381,4,375,4,105,95,66,32,25,12,10,12,2,3,0,0,0,0,0,0,0,0,2,0,1,0,0,1,0,0,2,0,0,2,0,0,1,0,1,3
Zweitstimme,"04W329","04",Charlottenburg-Wilmersdorf,"329",W,3W,3,80,W,1203,809,394,0,500,11,498,2,92,108,145,77,22,12,6,12,0,2,0,0,0,0,0,0,0,0,1,8,0,0,0,1,0,0,2,0,0,0,2,0,0,1,4,3
Zweitstimme,"04B3A","04",Charlottenburg-Wilmersdorf,3A,B,3A,3,80,W,0,0,0,0,339,339,336,2,56,80,97,43,9,22,5,6,1,1,0,0,0,0,1,1,0,0,2,3,0,0,0,0,0,0,1,1,0,2,1,0,0,0,3,1
Zweitstimme,"04B3B","04",Charlottenburg-Wilmersdorf,3B,B,3B,3,80,W,0,0,0,0,303,303,300,3,78,73,74,25,13,18,3,6,0,1,0,0,0,0,0,0,0,0,0,1,1,0,0,0,0,0,0,0,0,0,1,0,1,0,1,4
Zweitstimme,"04B3C","04",Charlottenburg-Wilmersdorf,3C,B,3C,3,80,W,0,0,0,0,314,314,313,1,67,91,73,26,15,20,2,6,2,0,0,0,0,0,1,0,0,0,0,1,2,0,0,0,0,0,0,0,0,0,1,0,0,1,2,3
Zweitstimme,"04B3D","04",Charlottenburg-Wilmersdorf,3D,B,3D,3,80,W,0,0,0,0,605,605,604,0,128,153,168,46,20,47,5,10,2,0,0,0,0,0,0,0,0,0,0,2,0,0,0,1,0,0,3,1,0,2,6,0,1,0,0,9
Zweitstimme,"04B3E","04",Charlottenburg-Wilmersdorf,3E,B,3E,3,80,W,0,0,0,0,478,478,476,2,101,85,161,54,12,25,4,10,3,0,0,0,0,0,0,0,0,0,0,6,0,0,0,0,0,0,1,0,0,1,0,0,0,0,2,11
Zweitstimme,"04B3F","04",Charlottenburg-Wilmersdorf,3F,B,3F,3,80,W,0,0,0,0,262,262,262,0,50,41,93,42,6,8,3,6,0,0,0,0,0,0,0,0,0,0,0,1,0,0,0,0,0,0,0,1,0,0,4,0,0,1,2,4
Zweitstimme,"04B3G","04",Charlottenburg-Wilmersdorf,3G,B,3G,3,80,W,0,0,0,0,344,344,344,0,67,74,120,36,12,11,4,3,2,2,0,2,0,1,0,0,0,0,1,2,0,0,0,1,0,0,0,0,0,1,0,0,2,0,2,1
Zweitstimme,"04B3H","04",Charlottenburg-Wilmersdorf,3H,B,3H,3,80,W,0,0,0,0,545,545,540,5,131,155,103,58,24,25,14,8,0,1,0,0,0,2,0,0,0,0,0,4,1,0,1,0,1,0,4,0,0,2,0,0,0,1,0,5
Zweitstimme,"04B3I","04",Charlottenburg-Wilmersdorf,3I,B,3I,3,80,W,0,0,0,0,424,424,423,1,93,124,95,31,25,26,7,10,0,2,0,1,0,0,0,0,0,0,0,0,0,0,0,1,0,0,0,0,0,0,0,0,1,0,4,3
Zweitstimme,"04B3J","04",Charlottenburg-Wilmersdorf,3J,B,3J,3,80,W,0,0,0,0,363,363,361,2,63,89,105,39,17,23,3,7,2,3,0,0,0,0,1,0,0,0,0,1,0,0,0,1,0,0,0,0,0,0,0,0,0,0,0,7
Zweitstimme,"04B3K","04",Charlottenburg-Wilmersdorf,3K,B,3K,3,80,W,0,0,0,0,607,607,607,0,106,220,141,33,20,54,5,7,1,4,0,1,0,0,0,0,0,0,1,0,1,0,0,1,0,0,0,0,0,1,0,0,0,0,1,10
Zweitstimme,"04B3L","04",Charlottenburg-Wilmersdorf,3L,B,3L,3,80,W,0,0,0,0,400,400,384,16,76,130,86,27,10,36,3,4,0,0,0,0,1,0,0,0,0,0,0,1,0,0,0,1,0,0,0,0,0,1,1,0,0,1,0,6
Zweitstimme,"04B3M","04",Charlottenburg-Wilmersdorf,3M,B,3M,3,80,W,0,0,0,0,372,372,369,3,81,84,124,35,6,15,7,2,1,2,0,2,0,0,0,0,0,0,0,3,0,0,0,0,0,0,0,0,0,0,0,0,2,1,0,4
Zweitstimme,"04B3N","04",Charlottenburg-Wilmersdorf,3N,B,3N,3,80,W,0,0,0,0,374,374,371,3,77,103,103,44,11,16,4,2,2,2,0,0,0,0,0,0,0,1,0,2,0,0,0,0,0,0,0,1,0,0,1,0,0,1,0,1
Zweitstimme,"04B3P","04",Charlottenburg-Wilmersdorf,3P,B,3P,3,80,W,0,0,0,0,337,337,337,0,66,103,92,25,5,31,3,4,0,2,0,0,0,0,0,0,0,0,1,0,0,0,0,0,0,0,0,0,0,0,0,0,1,1,0,3
Zweitstimme,"04B3Q","04",Charlottenburg-Wilmersdorf,3Q,B,3Q,3,80,W,0,0,0,0,391,391,389,2,79,75,113,48,14,29,8,8,2,1,0,1,0,0,0,0,0,0,0,2,0,0,0,2,0,0,0,0,0,0,1,0,1,0,1,4
Zweitstimme,"04B3R","04",Charlottenburg-Wilmersdorf,3R,B,3R,3,80,W,0,0,0,0,500,500,499,1,101,109,172,51,8,37,2,2,0,2,0,1,1,1,0,0,0,0,0,1,1,0,0,0,0,0,0,0,0,0,2,0,1,0,0,7
Zweitstimme,"04B3S","04",Charlottenburg-Wilmersdorf,3S,B,3S,3,80,W,0,0,0,0,619,619,619,0,128,145,194,64,20,30,7,8,3,3,0,0,0,0,0,0,0,0,0,0,0,0,0,1,0,0,0,0,0,0,5,0,0,1,2,8
Zweitstimme,"04B3T","04",Charlottenburg-Wilmersdorf,3T,B,3T,3,80,W,0,0,0,0,334,334,332,2,59,99,100,24,6,19,6,4,0,1,0,0,0,1,0,0,0,2,0,0,0,0,0,1,1,0,1,0,0,2,1,0,0,0,1,4
Zweitstimme,"04B3U","04",Charlottenburg-Wilmersdorf,3U,B,3U,3,80,W,0,0,0,0,415,415,415,0,102,107,122,30,8,28,2,4,0,3,0,0,0,0,0,0,0,0,0,0,0,0,0,0,0,0,0,0,0,0,1,0,1,0,0,7
Zweitstimme,"04B3V","04",Charlottenburg-Wilmersdorf,3V,B,3V,3,80,W,0,0,0,0,656,656,655,1,108,236,131,42,22,63,10,12,2,5,0,1,0,0,0,2,0,0,0,2,1,0,0,0,0,0,0,0,0,4,0,0,1,2,0,11
Zweitstimme,"04B3W","04",Charlottenburg-Wilmersdorf,3W,B,3W,3,80,W,0,0,0,0,364,364,361,3,72,74,121,33,11,14,7,7,1,1,0,0,1,2,0,1,0,2,1,2,0,0,0,0,0,0,0,0,0,0,2,0,1,0,3,5
Zweitstimme,"04W401","04",Charlottenburg-Wilmersdorf,"401",W,4A,4,80,W,1310,803,507,0,387,4,383,3,72,81,101,47,24,22,8,7,2,0,0,1,0,2,0,0,0,3,0,2,0,0,0,1,1,0,0,1,0,0,1,0,0,2,1,4
Zweitstimme,"04W402","04",Charlottenburg-Wilmersdorf,"402",W,4B,4,80,W,1142,798,344,0,375,0,369,5,86,97,53,43,34,21,6,6,0,0,0,1,1,0,0,0,0,1,0,3,0,0,0,0,0,0,1,0,0,3,2,0,1,1,2,7
Zweitstimme,"04W403","04",Charlottenburg-Wilmersdorf,"403",W,4C,4,80,W,539,383,156,0,140,2,139,1,21,36,30,20,13,8,2,1,1,1,0,0,0,0,0,0,0,0,0,1,0,0,0,0,0,0,2,0,0,0,0,0,0,0,2,1
Zweitstimme,"04W404","04",Charlottenburg-Wilmersdorf,"404",W,4D,4,80,W,1033,750,283,0,413,5,410,3,108,94,97,38,25,25,6,5,1,0,0,2,0,0,0,0,0,0,1,0,0,0,0,0,0,0,1,0,0,1,1,0,0,0,3,2
Zweitstimme,"04W405","04",Charlottenburg-Wilmersdorf,"405",W,4E,4,80,W,1121,751,370,0,438,4,434,4,74,86,128,59,25,25,7,5,0,1,0,0,0,1,0,0,0,0,1,5,0,0,0,1,0,0,0,0,0,1,1,0,3,1,1,9
Zweitstimme,"04W406","04",Charlottenburg-Wilmersdorf,"406",W,4F,4,80,W,1136,819,317,0,354,5,349,5,69,106,67,35,25,21,6,7,3,0,0,1,0,0,0,0,0,0,1,1,0,0,0,1,0,0,0,0,0,1,0,0,2,0,1,2
Zweitstimme,"04W407","04",Charlottenburg-Wilmersdorf,"407",W,4D,4,80,W,960,659,301,0,359,11,357,2,76,76,98,44,17,22,5,6,0,0,0,1,0,1,0,0,0,0,0,2,0,0,0,0,0,0,0,0,0,0,3,0,2,1,0,3
Zweitstimme,"04W408","04",Charlottenburg-Wilmersdorf,"408",W,4G,4,80,W,1151,796,355,0,331,2,326,3,74,93,55,40,25,21,3,4,1,0,0,0,0,0,1,0,0,0,0,2,1,0,0,0,0,0,0,0,0,0,0,0,0,1,2,3
Zweitstimme,"04W409","04",Charlottenburg-Wilmersdorf,"409",W,4H,4,80,W,1263,793,470,0,441,4,436,5,86,111,105,47,25,30,4,8,2,0,0,1,0,1,1,1,0,0,1,0,0,0,0,1,0,0,0,0,0,1,2,0,1,0,0,8
Zweitstimme,"04W410","04",Charlottenburg-Wilmersdorf,"410",W,4I,4,80,W,1202,888,314,0,448,5,444,4,88,80,113,63,20,40,9,9,1,0,0,1,0,1,0,1,0,0,0,1,1,0,0,2,1,0,0,1,0,1,0,0,2,0,5,4
Zweitstimme,"04W411","04",Charlottenburg-Wilmersdorf,"411",W,4J,4,80,W,1178,785,393,0,404,7,404,0,79,108,102,41,15,34,3,4,0,0,0,0,0,0,0,0,0,2,0,3,0,0,0,0,1,0,0,0,0,1,3,0,1,0,1,6
Zweitstimme,"04W412","04",Charlottenburg-Wilmersdorf,"412",W,4K,4,80,W,1031,733,298,0,406,4,404,2,75,123,106,29,25,16,2,10,0,2,0,0,0,0,0,0,0,0,0,2,0,0,0,1,0,0,2,0,0,0,1,0,2,1,2,5
Zweitstimme,"04W413","04",Charlottenburg-Wilmersdorf,"413",W,4L,4,80,W,1116,810,306,0,462,7,461,1,103,96,112,50,26,36,4,5,1,3,0,1,0,0,0,1,0,0,0,3,0,0,0,1,0,0,0,0,0,0,2,0,4,2,4,7
Zweitstimme,"04W414","04",Charlottenburg-Wilmersdorf,"414",W,4M,4,80,W,1018,660,358,0,367,1,366,1,85,85,86,30,15,32,4,6,1,0,0,2,0,0,0,0,0,0,2,2,0,0,0,0,0,0,0,0,0,1,1,0,0,0,4,10
Zweitstimme,"04W415","04",Charlottenburg-Wilmersdorf,"415",W,4N,4,80,W,977,625,352,0,328,7,326,2,60,78,82,34,22,22,5,6,2,1,0,0,0,0,1,0,0,0,0,0,0,0,0,0,0,0,1,0,0,1,3,0,0,0,2,6
Zweitstimme,"04W416","04",Charlottenburg-Wilmersdorf,"416",W,4K,4,80,W,869,594,275,0,270,11,270,0,57,50,71,33,18,19,3,3,1,0,0,0,0,0,0,0,0,0,1,3,0,0,0,0,1,0,0,0,0,0,2,0,0,1,2,5
Zweitstimme,"04W417","04",Charlottenburg-Wilmersdorf,"417",W,4P,4,80,W,1098,783,315,0,469,12,464,5,83,135,121,30,22,43,3,9,3,1,1,0,0,0,0,1,0,0,2,2,0,0,0,2,0,0,0,0,0,0,0,0,0,1,1,4
Zweitstimme,"04W418","04",Charlottenburg-Wilmersdorf,"418",W,4Q,4,80,W,848,540,308,0,367,8,366,1,92,100,77,17,19,33,2,5,0,1,0,0,0,0,0,0,0,0,0,5,0,0,0,0,0,0,0,0,0,0,0,0,1,0,1,13
Zweitstimme,"04W419","04",Charlottenburg-Wilmersdorf,"419",W,4R,4,80,W,1245,835,410,0,496,11,491,5,83,135,127,60,8,46,3,4,3,1,0,0,0,0,0,0,0,0,0,1,2,0,0,0,1,0,0,0,0,1,1,0,1,0,3,11
Zweitstimme,"04W420","04",Charlottenburg-Wilmersdorf,"420",W,4S,4,80,W,790,578,212,0,290,8,288,2,60,87,55,21,27,24,3,4,1,1,0,0,0,0,0,0,0,0,0,0,0,0,0,0,0,0,0,1,0,0,0,0,0,0,2,2
Zweitstimme,"04W421","04",Charlottenburg-Wilmersdorf,"421",W,4S,4,80,W,959,666,293,0,328,0,326,2,68,96,56,20,23,34,5,6,1,0,0,0,0,0,0,0,0,0,0,6,0,0,0,0,0,0,1,0,0,0,2,0,1,0,2,5
Zweitstimme,"04W422","04",Charlottenburg-Wilmersdorf,"422",W,4T,4,80,W,1264,754,510,0,424,0,424,0,75,103,119,29,24,49,4,6,1,1,0,0,0,0,0,0,0,0,1,4,0,0,0,0,0,0,0,0,0,0,0,0,0,0,2,6
Zweitstimme,"04W423","04",Charlottenburg-Wilmersdorf,"423",W,4U,4,80,W,838,605,233,0,234,7,233,0,36,98,33,6,15,24,2,3,0,1,0,0,0,0,0,0,0,0,1,5,2,0,0,1,0,0,0,1,0,1,0,0,1,0,1,2
Zweitstimme,"04W424","04",Charlottenburg-Wilmersdorf,"424",W,4V,4,80,W,1182,794,388,0,448,6,444,2,99,155,65,31,24,42,2,9,0,0,0,1,0,0,0,0,0,0,0,2,1,0,0,1,0,0,0,1,0,0,0,0,0,1,1,9
Zweitstimme,"04W425","04",Charlottenburg-Wilmersdorf,"425",W,4W,4,80,W,1153,695,458,0,384,10,379,5,63,148,63,19,27,38,1,7,1,0,0,1,0,0,0,0,0,0,0,1,0,0,0,0,1,0,0,0,0,1,1,0,0,0,1,6
Zweitstimme,"04W426","04",Charlottenburg-Wilmersdorf,"426",W,4Q,4,80,W,1051,636,415,0,369,0,368,1,75,85,110,27,10,30,7,4,0,2,0,0,0,0,0,0,0,0,0,3,0,0,0,1,1,0,0,0,0,0,2,0,1,1,3,6
Zweitstimme,"04W427","04",Charlottenburg-Wilmersdorf,"427",W,4X,4,80,W,1295,824,471,0,331,3,330,0,62,91,75,28,33,17,1,9,0,1,0,0,0,0,0,0,0,0,0,3,0,0,0,0,0,0,0,1,0,1,2,0,0,0,3,3
Zweitstimme,"04W428","04",Charlottenburg-Wilmersdorf,"428",W,4Y,4,80,W,1210,785,425,0,497,7,494,3,100,122,118,52,37,24,3,8,2,4,0,0,0,1,1,0,0,0,1,4,0,0,0,0,0,0,0,0,0,2,0,0,0,0,4,11
Zweitstimme,"04W429","04",Charlottenburg-Wilmersdorf,"429",W,4C,4,80,W,876,586,290,0,363,2,360,3,75,83,97,38,20,24,2,6,0,0,0,0,0,1,0,0,0,0,1,2,0,0,0,0,0,0,1,1,0,0,0,0,0,0,1,8
Zweitstimme,"04W430","04",Charlottenburg-Wilmersdorf,"430",W,4N,4,80,W,804,528,276,0,305,6,303,2,55,77,82,23,14,38,2,3,1,0,1,1,0,1,0,0,0,0,0,2,0,0,0,0,0,0,0,0,0,0,0,0,0,2,1,0
Zweitstimme,"04B4A","04",Charlottenburg-Wilmersdorf,4A,B,4A,4,80,W,0,0,0,0,475,475,473,2,107,110,153,41,15,23,4,1,3,0,0,0,0,0,0,0,0,1,1,0,0,0,0,0,1,0,0,0,0,1,2,0,1,4,5,0
Zweitstimme,"04B4B","04",Charlottenburg-Wilmersdorf,4B,B,4B,4,80,W,0,0,0,0,324,324,319,5,94,90,63,17,14,15,5,6,1,1,0,0,0,1,0,0,0,0,0,2,0,0,0,1,0,0,0,1,0,1,0,0,1,0,2,4
Zweitstimme,"04B4C","04",Charlottenburg-Wilmersdorf,4C,B,4C,4,80,W,0,0,0,0,403,403,403,0,68,123,95,42,11,43,1,5,0,0,0,1,0,0,0,0,0,0,1,2,2,0,0,1,0,0,0,0,0,0,1,0,0,0,1,6
Zweitstimme,"04B4D","04",Charlottenburg-Wilmersdorf,4D,B,4D,4,80,W,0,0,0,0,511,511,509,2,97,136,154,44,11,31,6,8,0,0,0,0,0,1,0,0,0,0,0,2,1,0,0,0,0,0,3,0,0,0,3,0,3,1,0,8
Zweitstimme,"04B4E","04",Charlottenburg-Wilmersdorf,4E,B,4E,4,80,W,0,0,0,0,345,345,343,1,64,85,107,24,10,22,8,6,1,1,0,1,0,2,0,0,0,0,0,0,0,0,0,0,0,0,0,0,0,0,1,0,0,1,0,10
Zweitstimme,"04B4F","04",Charlottenburg-Wilmersdorf,4F,B,4F,4,80,W,0,0,0,0,286,286,284,2,55,93,70,15,7,18,0,12,2,1,1,1,1,0,0,0,0,0,0,2,1,0,0,3,0,0,0,0,0,0,0,0,0,0,0,2
Zweitstimme,"04B4G","04",Charlottenburg-Wilmersdorf,4G,B,4G,4,80,W,0,0,0,0,327,327,325,2,71,93,78,22,19,21,1,9,1,2,0,0,0,1,0,0,0,0,0,1,0,0,0,1,0,0,0,0,0,1,0,0,1,0,1,2
Zweitstimme,"04B4H","04",Charlottenburg-Wilmersdorf,4H,B,4H,4,80,W,0,0,0,0,436,436,433,3,85,114,133,34,15,32,4,2,3,0,0,0,0,0,0,0,0,0,1,2,0,0,0,2,0,0,2,0,0,0,0,0,0,0,1,3
Zweitstimme,"04B4I","04",Charlottenburg-Wilmersdorf,4I,B,4I,4,80,W,0,0,0,0,278,278,276,2,51,70,91,18,16,13,5,7,1,1,0,1,0,0,0,0,0,0,0,1,0,0,0,1,0,0,0,0,0,0,0,0,0,0,0,0
Zweitstimme,"04B4J","04",Charlottenburg-Wilmersdorf,4J,B,4J,4,80,W,0,0,0,0,365,365,348,17,55,90,129,20,6,30,3,3,1,1,0,1,0,2,0,0,0,0,0,1,0,0,0,0,0,0,0,0,0,0,0,0,1,1,1,3
Zweitstimme,"04B4K","04",Charlottenburg-Wilmersdorf,4K,B,4K,4,80,W,0,0,0,0,502,502,497,5,85,135,143,42,15,30,7,7,4,0,0,1,0,0,2,0,0,2,1,1,0,0,0,0,0,0,1,0,0,2,0,0,1,1,3,14
Zweitstimme,"04B4L","04",Charlottenburg-Wilmersdorf,4L,B,4L,4,80,W,0,0,0,0,264,264,262,2,49,66,72,23,16,22,2,4,0,1,0,1,0,0,0,0,0,0,0,2,0,0,0,1,0,0,0,0,0,0,0,0,0,0,0,3
Zweitstimme,"04B4M","04",Charlottenburg-Wilmersdorf,4M,B,4M,4,80,W,0,0,0,0,336,336,327,0,77,84,78,13,15,37,2,4,1,1,0,1,0,0,0,0,0,0,0,0,2,0,0,0,1,0,1,0,0,0,1,0,2,0,1,6
Zweitstimme,"04B4N","04",Charlottenburg-Wilmersdorf,4N,B,4N,4,80,W,0,0,0,0,561,561,558,1,128,160,131,36,16,59,5,6,0,0,0,0,0,0,0,0,0,0,0,1,0,0,0,0,0,0,2,0,0,1,0,0,0,2,2,9
Zweitstimme,"04B4P","04",Charlottenburg-Wilmersdorf,4P,B,4P,4,80,W,0,0,0,0,260,260,260,0,54,89,53,14,11,27,2,1,0,0,0,1,0,0,0,0,0,0,0,1,0,0,0,1,0,0,0,0,0,0,0,0,0,0,1,5
Zweitstimme,"04B4Q","04",Charlottenburg-Wilmersdorf,4Q,B,4Q,4,80,W,0,0,0,0,646,646,644,2,117,209,176,42,22,48,5,7,2,1,0,1,0,0,0,0,0,0,0,0,1,0,0,0,0,0,0,0,0,0,3,0,0,1,0,9
Zweitstimme,"04B4R","04",Charlottenburg-Wilmersdorf,4R,B,4R,4,80,W,0,0,0,0,357,357,356,1,75,100,71,35,10,41,4,4,1,3,0,1,0,0,0,0,0,0,1,0,0,0,0,0,0,0,2,0,0,0,0,0,1,0,2,5
Zweitstimme,"04B4S","04",Charlottenburg-Wilmersdorf,4S,B,4S,4,80,W,0,0,0,0,449,449,446,3,87,154,81,26,12,64,1,7,0,1,0,2,0,0,0,0,0,0,0,2,0,0,0,2,0,0,1,0,0,0,2,0,1,0,0,3
Zweitstimme,"04B4T","04",Charlottenburg-Wilmersdorf,4T,B,4T,4,80,W,0,0,0,0,457,457,454,2,86,167,91,30,17,36,2,12,1,1,0,0,0,0,0,0,0,0,0,1,0,0,0,0,0,0,0,0,0,0,1,0,0,0,0,9
Zweitstimme,"04B4U","04",Charlottenburg-Wilmersdorf,4U,B,4U,4,80,W,0,0,0,0,213,213,213,0,40,93,34,6,5,22,3,2,0,1,0,0,0,1,0,0,0,0,0,1,0,0,0,0,0,0,0,0,0,0,0,0,1,0,2,2
Zweitstimme,"04B4V","04",Charlottenburg-Wilmersdorf,4V,B,4V,4,80,W,0,0,0,0,359,359,359,0,84,130,74,18,9,34,0,3,0,1,0,0,0,0,0,0,0,0,0,0,0,0,0,0,0,0,0,0,0,0,0,0,1,0,1,4
Zweitstimme,"04B4W","04",Charlottenburg-Wilmersdorf,4W,B,4W,4,80,W,0,0,0,0,410,410,407,3,91,160,61,18,14,43,2,5,0,1,0,0,0,0,0,0,0,0,1,0,0,0,0,0,0,0,0,0,0,0,0,0,0,0,0,11
Zweitstimme,"04B4X","04",Charlottenburg-Wilmersdorf,4X,B,4X,4,80,W,0,0,0,0,428,428,425,3,65,147,103,20,19,39,1,5,2,0,0,0,0,0,0,0,0,1,0,1,1,0,0,0,2,0,1,0,0,1,1,0,2,0,3,11
Zweitstimme,"04B4Y","04",Charlottenburg-Wilmersdorf,4Y,B,4Y,4,80,W,0,0,0,0,395,395,393,1,95,96,110,30,3,33,2,2,2,1,0,0,0,0,0,0,0,0,0,1,0,0,1,3,0,0,0,1,0,3,1,0,0,0,0,9
Zweitstimme,"04W501","04",Charlottenburg-Wilmersdorf,"501",W,5A,5,80,W,1115,710,405,0,425,5,423,0,71,175,39,27,23,63,3,8,0,0,0,0,0,0,0,0,0,0,1,4,0,0,0,0,0,0,0,0,0,2,1,0,0,0,0,6
Zweitstimme,"04W502","04",Charlottenburg-Wilmersdorf,"502",W,5B,5,80,W,1074,660,414,0,393,6,393,0,60,195,50,12,18,50,1,3,0,0,0,0,0,0,0,0,0,0,0,2,0,0,0,0,0,0,0,0,0,0,0,0,1,0,0,1
Zweitstimme,"04W503","04",Charlottenburg-Wilmersdorf,"503",W,5C,5,80,W,1087,677,410,0,374,6,372,2,53,190,46,13,15,46,4,2,0,0,0,0,0,1,0,0,0,0,0,0,0,0,0,0,0,0,0,0,0,0,0,0,0,0,1,1
Zweitstimme,"04W504","04",Charlottenburg-Wilmersdorf,"504",W,5D,5,80,W,1233,882,351,0,422,4,418,4,78,146,74,34,22,35,8,4,2,1,1,0,0,0,0,0,0,0,0,1,0,0,0,2,1,0,0,0,0,1,0,0,2,1,2,3
Zweitstimme,"04W505","04",Charlottenburg-Wilmersdorf,"505",W,5E,5,80,W,1130,711,419,0,340,6,337,3,72,100,59,23,23,36,6,2,2,1,0,0,0,0,0,0,0,0,0,3,1,0,0,0,1,0,1,0,0,0,2,0,0,1,1,3
Zweitstimme,"04W506","04",Charlottenburg-Wilmersdorf,"506",W,5F,5,80,W,1156,748,408,0,398,9,395,2,78,123,86,23,24,39,1,8,0,0,0,1,0,0,0,0,0,0,0,2,0,0,0,0,0,0,0,4,0,0,0,0,0,0,1,5
Zweitstimme,"04W507","04",Charlottenburg-Wilmersdorf,"507",W,5G,5,80,W,900,602,298,0,304,3,301,2,68,95,51,21,18,27,4,5,1,0,0,1,0,0,0,0,0,0,0,2,0,0,0,0,0,0,0,0,0,0,1,0,0,1,0,6
Zweitstimme,"04W508","04",Charlottenburg-Wilmersdorf,"508",W,5G,5,80,W,825,558,267,0,346,4,345,1,81,95,73,27,27,25,4,6,0,0,0,0,0,0,0,0,0,0,0,3,0,0,0,2,0,0,0,0,0,1,0,0,1,0,0,0
Zweitstimme,"04W509","04",Charlottenburg-Wilmersdorf,"509",W,5H,5,80,W,1153,679,474,0,351,0,345,6,71,98,84,29,11,31,6,6,2,0,0,0,0,0,0,0,0,0,0,0,0,0,0,1,0,0,1,0,0,0,0,0,1,0,1,3
Zweitstimme,"04W510","04",Charlottenburg-Wilmersdorf,"510",W,5I,5,80,W,1107,690,417,0,398,2,394,4,69,127,64,26,36,45,4,6,0,0,0,1,0,0,0,0,0,0,0,2,0,0,0,3,0,0,2,1,0,0,0,0,1,0,3,4
Zweitstimme,"04W511","04",Charlottenburg-Wilmersdorf,"511",W,5J,5,80,W,1179,730,449,0,316,9,315,1,65,116,50,20,21,21,2,9,1,2,0,0,0,0,0,0,0,1,0,1,0,0,0,1,0,0,1,0,0,2,2,0,0,0,0,0
Zweitstimme,"04W512","04",Charlottenburg-Wilmersdorf,"512",W,5K,5,80,W,1127,800,327,0,375,6,373,2,75,142,49,23,31,28,2,6,0,0,0,2,0,0,0,0,0,0,0,4,0,0,0,1,0,0,4,1,0,0,1,0,1,0,2,1
Zweitstimme,"04W513","04",Charlottenburg-Wilmersdorf,"513",W,5J,5,80,W,883,598,285,0,311,9,308,2,61,107,38,33,25,21,5,1,0,0,0,1,0,0,0,1,0,1,2,0,0,0,0,0,1,0,0,1,0,2,1,0,2,3,0,2
Zweitstimme,"04W514","04",Charlottenburg-Wilmersdorf,"514",W,5L,5,80,W,875,534,341,0,286,3,283,2,51,98,63,12,14,28,2,7,2,0,0,0,0,0,0,0,0,0,0,2,0,0,0,0,0,0,0,0,0,0,1,0,0,1,0,2
Zweitstimme,"04W515","04",Charlottenburg-Wilmersdorf,"515",W,5M,5,80,W,851,557,294,0,280,0,278,2,54,88,56,20,11,26,3,5,0,0,0,0,0,0,2,0,0,1,0,2,0,0,0,3,0,0,0,0,0,0,0,0,2,0,0,5
Zweitstimme,"04W516","04",Charlottenburg-Wilmersdorf,"516",W,5M,5,80,W,970,588,382,0,339,5,339,0,80,93,58,30,28,28,3,2,1,1,0,0,0,1,0,0,0,0,1,2,1,0,0,1,0,0,0,0,0,1,0,0,0,0,2,6
Zweitstimme,"04W517","04",Charlottenburg-Wilmersdorf,"517",W,5N,5,80,W,753,477,276,0,242,0,239,3,45,74,50,23,19,17,2,4,1,0,0,0,0,0,0,0,0,0,0,1,0,0,0,0,0,0,0,0,0,0,0,0,0,0,1,2
Zweitstimme,"04W518","04",Charlottenburg-Wilmersdorf,"518",W,5E,5,80,W,983,631,352,0,263,3,261,2,45,82,46,16,26,22,5,7,1,1,0,0,0,0,0,0,0,1,0,1,0,0,0,0,0,0,1,0,0,1,0,0,0,2,4,0
Zweitstimme,"04W519","04",Charlottenburg-Wilmersdorf,"519",W,5P,5,80,W,1214,826,388,0,423,11,419,2,80,141,70,24,30,33,4,7,1,1,1,0,0,0,0,0,0,0,0,4,1,0,0,0,0,0,0,1,0,1,0,0,3,3,8,6
Zweitstimme,"04W520","04",Charlottenburg-Wilmersdorf,"520",W,5Q,5,80,W,1282,783,499,0,435,8,434,1,93,163,60,26,38,29,6,7,0,0,0,1,0,0,0,0,0,0,0,3,0,0,0,1,0,0,0,0,0,1,0,0,1,0,1,4
Zweitstimme,"04W521","04",Charlottenburg-Wilmersdorf,"521",W,5B,5,80,W,961,626,335,0,325,5,321,2,52,160,30,9,16,39,1,6,3,0,0,0,0,0,0,0,0,0,0,1,0,0,0,0,0,0,0,0,0,0,0,0,0,0,3,1
Zweitstimme,"04W522","04",Charlottenburg-Wilmersdorf,"522",W,5R,5,80,W,1122,713,409,0,422,7,421,0,51,210,35,15,38,61,3,0,0,1,0,2,0,0,0,0,0,0,0,1,0,0,0,0,1,0,0,0,0,1,0,0,0,0,0,2
Zweitstimme,"04W523","04",Charlottenburg-Wilmersdorf,"523",W,5S,5,80,W,1085,727,358,0,457,6,455,2,94,179,62,24,25,47,3,7,1,1,0,0,0,0,0,0,0,0,0,6,0,0,0,0,0,0,0,0,0,0,1,0,1,0,0,4
Zweitstimme,"04W524","04",Charlottenburg-Wilmersdorf,"524",W,5T,5,80,W,1173,601,572,0,354,7,353,1,39,196,37,5,24,42,0,4,1,0,0,0,0,0,0,0,0,0,1,0,0,0,0,0,0,0,0,0,0,0,0,0,0,2,0,2
Zweitstimme,"04W525","04",Charlottenburg-Wilmersdorf,"525",W,5U,5,80,W,1126,605,521,0,323,5,321,1,56,144,44,9,15,40,4,4,0,2,0,0,0,0,0,0,0,0,0,0,0,0,0,0,0,0,0,0,0,0,0,0,0,0,0,3
Zweitstimme,"04W526","04",Charlottenburg-Wilmersdorf,"526",W,5V,5,80,W,1035,662,373,0,311,7,306,3,61,102,36,17,32,40,4,3,1,2,0,1,0,0,0,0,0,0,0,1,0,0,0,1,0,0,0,0,0,0,0,0,1,1,1,2
Zweitstimme,"04W527","04",Charlottenburg-Wilmersdorf,"527",W,5N,5,80,W,813,610,203,0,287,1,282,5,53,95,33,20,29,12,7,9,4,5,0,1,0,1,1,0,0,0,0,0,0,0,0,2,0,0,2,0,0,0,0,0,0,3,4,1
Zweitstimme,"04W528","04",Charlottenburg-Wilmersdorf,"528",W,5W,5,80,W,772,489,283,0,274,2,273,1,59,90,52,19,15,26,3,6,0,0,0,0,0,0,0,1,0,0,0,0,0,0,0,0,0,0,0,0,0,0,0,0,0,0,1,1
Zweitstimme,"04W529","04",Charlottenburg-Wilmersdorf,"529",W,5L,5,80,W,1110,651,459,0,270,6,269,1,57,80,45,20,15,26,3,3,1,1,0,0,1,1,0,0,0,0,0,2,1,0,0,0,0,0,0,0,0,2,0,0,1,1,1,8
Zweitstimme,"04B5A","04",Charlottenburg-Wilmersdorf,5A,B,5A,5,80,W,0,0,0,0,353,353,352,1,52,173,35,6,13,60,2,5,0,1,0,0,0,0,0,0,0,0,0,1,0,0,0,1,0,0,0,0,0,0,0,0,1,0,0,2
Zweitstimme,"04B5B","04",Charlottenburg-Wilmersdorf,5B,B,5B,5,80,W,0,0,0,0,667,667,665,0,116,345,49,19,21,86,3,8,1,3,0,2,0,0,0,0,0,0,0,2,0,0,0,2,0,0,0,1,0,1,2,0,0,0,0,4
Zweitstimme,"04B5C","04",Charlottenburg-Wilmersdorf,5C,B,5C,5,80,W,0,0,0,0,353,353,352,1,46,187,48,9,7,41,3,1,1,0,0,0,0,0,0,0,0,0,0,3,0,0,0,0,0,0,1,0,0,1,0,0,0,0,0,4
Zweitstimme,"04B5D","04",Charlottenburg-Wilmersdorf,5D,B,5D,5,80,W,0,0,0,0,324,324,323,1,73,109,52,17,14,31,2,10,0,0,0,0,0,1,0,0,0,0,0,0,0,0,0,1,1,0,0,0,0,0,4,0,1,2,2,3
Zweitstimme,"04B5E","04",Charlottenburg-Wilmersdorf,5E,B,5E,5,80,W,0,0,0,0,693,693,691,2,136,240,145,51,19,60,5,14,0,0,0,4,0,0,0,0,0,0,0,1,0,0,0,1,1,0,0,0,0,0,0,0,1,1,0,12
Zweitstimme,"04B5F","04",Charlottenburg-Wilmersdorf,5F,B,5F,5,80,W,0,0,0,0,369,369,368,1,83,113,80,22,15,31,8,10,2,0,0,0,0,0,0,0,0,0,0,0,0,0,0,0,0,0,0,0,0,0,1,0,0,1,0,2
Zweitstimme,"04B5G","04",Charlottenburg-Wilmersdorf,5G,B,5G,5,80,W,0,0,0,0,511,511,511,0,106,171,111,30,20,45,4,8,2,2,0,0,0,0,0,0,0,0,0,1,0,0,0,1,0,0,1,0,0,0,0,0,0,1,2,6
Zweitstimme,"04B5H","04",Charlottenburg-Wilmersdorf,5H,B,5H,5,80,W,0,0,0,0,425,425,424,1,83,153,110,22,9,24,3,5,0,0,0,1,1,0,0,1,0,1,0,0,0,0,0,0,0,0,1,0,0,0,1,0,0,0,0,9
Zweitstimme,"04B5I","04",Charlottenburg-Wilmersdorf,5I,B,5I,5,80,W,0,0,0,0,386,386,386,0,82,141,76,16,18,32,2,6,0,1,0,0,0,0,0,0,0,0,1,4,1,0,0,1,0,0,0,0,0,0,1,0,1,0,0,3
Zweitstimme,"04B5J","04",Charlottenburg-Wilmersdorf,5J,B,5J,5,80,W,0,0,0,0,637,637,635,2,151,248,94,27,37,44,3,9,1,3,0,0,0,1,0,0,0,0,1,1,0,0,0,0,0,0,0,0,0,1,1,0,2,3,4,4
Zweitstimme,"04B5K","04",Charlottenburg-Wilmersdorf,5K,B,5K,5,80,W,0,0,0,0,275,275,274,1,58,74,45,21,18,26,8,8,1,0,0,1,1,1,0,0,0,1,0,2,0,0,0,1,0,0,0,0,0,3,0,0,0,0,1,4
Zweitstimme,"04B5L","04",Charlottenburg-Wilmersdorf,5L,B,5L,5,80,W,0,0,0,0,725,725,722,3,142,239,169,38,27,67,7,14,0,1,0,0,0,0,0,0,0,0,0,1,0,0,0,0,1,0,0,0,0,0,1,0,1,0,2,12
Zweitstimme,"04B5M","04",Charlottenburg-Wilmersdorf,5M,B,5M,5,80,W,0,0,0,0,631,631,628,3,157,174,154,33,30,38,6,9,2,1,0,0,0,1,1,0,0,1,1,0,0,0,0,3,1,0,1,0,0,0,0,0,0,0,3,12
Zweitstimme,"04B5N","04",Charlottenburg-Wilmersdorf,5N,B,5N,5,80,W,0,0,0,0,442,442,439,3,84,170,73,28,21,35,1,12,0,2,0,2,0,0,0,0,0,1,1,2,1,0,0,1,1,0,0,0,0,1,1,0,1,0,0,1
Zweitstimme,"04B5P","04",Charlottenburg-Wilmersdorf,5P,B,5P,5,80,W,0,0,0,0,340,340,339,1,61,134,49,18,23,28,1,11,1,1,0,0,1,1,0,0,0,0,0,1,0,0,0,1,0,0,1,0,0,1,0,0,3,1,1,1
Zweitstimme,"04B5Q","04",Charlottenburg-Wilmersdorf,5Q,B,5Q,5,80,W,0,0,0,0,450,450,442,8,86,196,73,13,12,39,3,10,1,2,0,2,0,0,0,0,0,0,0,1,0,0,0,1,0,0,0,0,0,0,0,0,1,0,0,2
Zweitstimme,"04B5R","04",Charlottenburg-Wilmersdorf,5R,B,5R,5,80,W,0,0,0,0,373,373,371,1,37,194,34,4,27,64,0,2,0,0,0,0,0,1,0,0,0,0,0,0,2,0,0,0,0,0,1,0,0,0,0,0,0,1,0,4
Zweitstimme,"04B5S","04",Charlottenburg-Wilmersdorf,5S,B,5S,5,80,W,0,0,0,0,325,325,324,1,60,164,30,10,18,22,2,5,1,0,0,0,1,0,0,0,0,0,1,4,1,0,0,1,0,0,0,0,0,0,1,0,0,0,0,3
Zweitstimme,"04B5T","04",Charlottenburg-Wilmersdorf,5T,B,5T,5,80,W,0,0,0,0,515,515,515,0,54,312,37,6,11,88,0,1,0,3,0,0,0,0,0,0,0,0,0,0,0,0,0,0,0,0,0,0,0,0,0,0,0,0,1,2
Zweitstimme,"04B5U","04",Charlottenburg-Wilmersdorf,5U,B,5U,5,80,W,0,0,0,0,470,470,468,2,74,254,43,13,20,54,3,2,0,0,0,0,0,0,0,0,0,0,1,3,0,0,0,0,0,0,0,0,0,0,1,0,0,0,0,0
Zweitstimme,"04B5V","04",Charlottenburg-Wilmersdorf,5V,B,5V,5,80,W,0,0,0,0,333,333,331,2,65,145,46,18,13,24,3,9,1,1,1,0,0,0,0,0,0,0,0,0,1,0,0,0,0,0,1,0,0,0,1,0,1,0,0,1
Zweitstimme,"04B5W","04",Charlottenburg-Wilmersdorf,5W,B,5W,5,80,W,0,0,0,0,263,263,263,0,49,89,69,13,8,29,0,3,0,1,0,0,0,0,0,0,0,0,0,0,0,0,0,1,0,0,0,0,0,0,0,0,0,0,0,1
Zweitstimme,"04W601","04",Charlottenburg-Wilmersdorf,"601",W,6A,6,80,W,1038,697,341,0,428,3,426,2,94,136,80,25,29,37,5,5,0,2,0,2,0,0,1,0,0,0,1,1,1,0,0,0,0,0,0,0,0,1,1,0,0,1,1,3
Zweitstimme,"04W602","04",Charlottenburg-Wilmersdorf,"602",W,6B,6,80,W,1055,718,337,0,422,7,419,3,85,133,74,47,17,43,0,6,0,1,0,1,0,0,0,0,0,0,0,1,0,0,0,0,0,0,1,0,0,2,2,0,1,2,0,3
Zweitstimme,"04W603","04",Charlottenburg-Wilmersdorf,"603",W,6C,6,80,W,1138,798,340,0,363,0,359,3,70,113,67,45,12,33,3,6,0,0,0,0,0,1,0,0,0,0,1,2,1,0,0,0,0,0,0,0,0,0,0,0,0,0,0,5
Zweitstimme,"04W604","04",Charlottenburg-Wilmersdorf,"604",W,6D,6,80,W,1004,720,284,0,348,0,348,0,69,111,54,31,23,26,5,7,0,0,0,0,0,0,1,0,0,0,1,3,0,0,0,1,0,0,3,0,0,3,4,0,2,0,2,2
Zweitstimme,"04W605","04",Charlottenburg-Wilmersdorf,"605",W,6D,6,80,W,1043,718,325,0,405,9,403,2,101,94,89,49,22,27,2,8,4,0,0,0,0,0,0,0,0,0,0,2,0,0,0,0,0,0,1,1,0,0,0,0,0,1,0,2
Zweitstimme,"04W606","04",Charlottenburg-Wilmersdorf,"606",W,6E,6,80,W,1227,831,396,0,459,5,454,1,102,125,99,37,23,33,8,6,1,2,0,1,1,0,0,1,0,0,0,2,0,0,0,5,0,0,1,0,0,0,1,0,2,1,0,3
Zweitstimme,"04W607","04",Charlottenburg-Wilmersdorf,"607",W,6B,6,80,W,1100,685,415,0,364,5,363,1,64,97,96,31,20,34,2,1,1,0,0,1,0,1,1,0,0,1,0,4,0,0,0,0,0,0,0,0,0,1,1,0,0,2,1,4
Zweitstimme,"04W608","04",Charlottenburg-Wilmersdorf,"608",W,6F,6,80,W,1187,787,400,0,380,8,377,3,72,106,77,38,26,33,2,6,1,0,0,0,0,1,0,0,0,0,0,0,1,0,0,0,0,0,0,0,0,0,3,0,0,0,2,9
Zweitstimme,"04W609","04",Charlottenburg-Wilmersdorf,"609",W,6A,6,80,W,1116,727,389,0,371,3,368,1,80,120,46,33,41,27,1,6,0,0,1,0,0,1,0,0,0,0,0,0,0,0,0,0,0,0,2,0,0,0,0,0,0,1,1,8
Zweitstimme,"04W610","04",Charlottenburg-Wilmersdorf,"610",W,6G,6,80,W,1144,703,441,0,440,5,439,1,93,104,118,43,30,29,2,6,0,0,0,0,0,0,1,0,0,1,0,2,1,0,0,1,0,0,0,0,0,0,2,0,0,1,0,5
Zweitstimme,"04W611","04",Charlottenburg-Wilmersdorf,"611",W,6H,6,80,W,1029,636,393,0,402,8,398,2,97,129,83,29,10,31,3,2,0,0,0,0,0,0,0,0,0,0,2,2,0,0,0,1,0,0,2,1,0,0,1,0,1,0,1,3
Zweitstimme,"04W612","04",Charlottenburg-Wilmersdorf,"612",W,6I,6,80,W,1333,856,477,0,487,1,482,5,111,148,76,46,17,44,3,10,4,1,0,0,0,0,0,0,0,1,0,3,0,0,0,1,0,0,1,0,0,4,1,0,1,0,3,7
Zweitstimme,"04W613","04",Charlottenburg-Wilmersdorf,"613",W,6J,6,80,W,1290,703,587,0,373,9,369,3,82,82,113,33,16,21,4,1,1,5,0,0,0,0,0,0,0,0,0,2,0,0,0,0,0,0,0,0,0,0,0,0,0,0,0,9
Zweitstimme,"04W614","04",Charlottenburg-Wilmersdorf,"614",W,6K,6,80,W,1115,657,458,0,315,4,314,1,67,85,58,30,12,33,6,1,2,2,0,0,0,0,0,0,0,0,1,4,0,0,0,1,0,0,0,0,0,1,0,0,0,3,0,8
Zweitstimme,"04W615","04",Charlottenburg-Wilmersdorf,"615",W,6L,6,80,W,1107,688,419,0,386,9,380,4,93,96,89,35,25,12,4,7,0,0,0,0,0,0,0,1,0,0,0,3,2,0,0,0,0,0,1,1,0,1,1,0,1,4,0,4
Zweitstimme,"04W616","04",Charlottenburg-Wilmersdorf,"616",W,6M,6,80,W,1037,614,423,0,379,3,373,6,75,59,127,49,10,27,2,10,1,2,0,0,1,0,0,0,0,0,0,3,1,0,0,2,0,0,0,0,0,0,0,0,0,0,2,2
Zweitstimme,"04W617","04",Charlottenburg-Wilmersdorf,"617",W,6N,6,80,W,1313,864,449,0,462,5,450,12,79,131,107,57,20,32,5,8,1,0,0,0,0,0,0,0,0,0,0,1,0,0,0,1,0,0,1,0,0,0,0,0,0,0,2,5
Zweitstimme,"04W618","04",Charlottenburg-Wilmersdorf,"618",W,6P,6,80,W,1125,686,439,0,385,8,377,8,91,80,101,37,25,23,3,2,1,0,0,0,0,0,0,0,0,2,0,4,0,0,0,2,0,0,0,0,0,0,0,0,0,0,2,4
Zweitstimme,"04W619","04",Charlottenburg-Wilmersdorf,"619",W,6Q,6,80,W,1077,706,371,0,401,7,398,3,105,88,83,45,24,29,5,7,0,2,0,1,0,0,0,0,0,1,0,2,0,0,0,2,0,0,0,1,0,0,0,0,0,0,0,3
Zweitstimme,"04W620","04",Charlottenburg-Wilmersdorf,"620",W,6R,6,80,W,1261,740,521,0,352,5,347,5,66,95,69,44,19,29,4,4,3,2,0,0,0,0,1,0,0,0,0,3,0,0,0,1,0,0,1,1,0,2,0,0,1,1,0,1
Zweitstimme,"04W621","04",Charlottenburg-Wilmersdorf,"621",W,6S,6,80,W,1260,842,418,0,495,10,492,2,104,118,138,39,31,27,11,2,1,2,1,0,0,0,0,0,0,1,1,2,0,0,0,1,0,0,2,0,0,1,0,0,0,1,1,8
Zweitstimme,"04W622","04",Charlottenburg-Wilmersdorf,"622",W,6T,6,80,W,1284,770,514,0,463,3,459,0,115,96,110,48,20,33,5,4,1,1,0,0,0,1,1,0,0,0,0,7,0,0,0,0,3,0,2,1,0,0,1,0,1,1,2,6
Zweitstimme,"04W623","04",Charlottenburg-Wilmersdorf,"623",W,6U,6,80,W,1231,789,442,0,467,11,464,3,116,139,85,41,22,30,4,10,1,2,0,3,0,0,0,0,0,0,0,2,0,0,0,1,0,0,1,1,0,0,0,0,0,1,2,3
Zweitstimme,"04W624","04",Charlottenburg-Wilmersdorf,"624",W,6V,6,80,W,1233,802,431,0,549,12,544,5,119,128,135,73,24,23,8,13,1,1,0,0,0,0,0,0,0,0,0,2,0,0,0,3,0,0,0,0,0,1,1,0,1,0,2,9
Zweitstimme,"04W625","04",Charlottenburg-Wilmersdorf,"625",W,6W,6,80,W,1204,813,391,0,488,13,482,5,89,125,137,50,19,21,6,12,0,1,1,2,0,0,0,0,0,0,0,3,0,0,0,2,0,0,0,0,0,0,0,0,1,3,0,10
Zweitstimme,"04W626","04",Charlottenburg-Wilmersdorf,"626",W,6X,6,80,W,1096,749,347,0,430,11,427,3,77,83,128,53,28,15,5,7,2,1,0,1,0,0,0,0,0,0,0,4,2,0,0,0,0,0,0,0,0,2,0,0,0,4,6,9
Zweitstimme,"04W627","04",Charlottenburg-Wilmersdorf,"627",W,6Y,6,80,W,930,634,296,0,267,4,263,4,59,68,44,21,29,18,3,6,2,3,0,0,0,0,0,0,0,1,0,5,0,0,0,0,0,0,0,0,0,1,0,0,0,1,1,1
Zweitstimme,"04B6A","04",Charlottenburg-Wilmersdorf,6A,B,6A,6,80,W,0,0,0,0,644,644,643,1,127,214,142,51,17,51,2,6,3,1,0,0,1,1,1,0,0,0,1,4,2,0,0,3,1,0,0,0,0,0,2,0,0,2,3,8
Zweitstimme,"04B6B","04",Charlottenburg-Wilmersdorf,6B,B,6B,6,80,W,0,0,0,0,676,676,674,2,131,207,187,40,18,64,2,6,0,2,0,1,0,1,0,0,0,0,0,2,0,0,0,2,0,0,0,0,0,0,0,0,1,1,1,8
Zweitstimme,"04B6C","04",Charlottenburg-Wilmersdorf,6C,B,6C,6,80,W,0,0,0,0,306,306,305,1,78,89,71,18,8,25,3,4,0,1,0,0,0,0,0,0,0,0,0,0,1,0,0,1,0,0,1,0,0,1,0,0,0,1,1,2
Zweitstimme,"04B6D","04",Charlottenburg-Wilmersdorf,6D,B,6D,6,80,W,0,0,0,0,537,537,536,1,104,171,128,41,22,34,7,10,1,0,0,1,0,0,0,0,0,2,0,1,1,0,0,1,0,0,0,0,0,3,1,0,0,1,2,5
Zweitstimme,"04B6E","04",Charlottenburg-Wilmersdorf,6E,B,6E,6,80,W,0,0,0,0,357,357,357,0,70,121,77,19,14,34,2,4,2,2,0,0,0,0,0,0,0,0,1,1,0,0,0,1,0,0,2,0,0,3,1,0,0,2,0,1
Zweitstimme,"04B6F","04",Charlottenburg-Wilmersdorf,6F,B,6F,6,80,W,0,0,0,0,362,362,358,3,91,106,72,29,10,34,2,4,0,0,0,2,0,0,0,0,0,0,0,1,0,0,0,0,0,0,0,0,0,0,0,0,0,0,1,6
Zweitstimme,"04B6G","04",Charlottenburg-Wilmersdorf,6G,B,6G,6,80,W,0,0,0,0,409,409,407,0,87,128,115,29,10,21,7,6,0,0,0,0,0,0,0,0,0,0,1,1,0,0,0,0,0,0,1,0,0,0,0,0,0,1,0,0
Zweitstimme,"04B6H","04",Charlottenburg-Wilmersdorf,6H,B,6H,6,80,W,0,0,0,0,359,359,357,2,69,123,97,22,7,26,1,0,1,2,0,0,0,0,0,0,0,0,2,2,0,0,0,0,0,0,0,0,0,0,0,0,1,0,0,4
Zweitstimme,"04B6I","04",Charlottenburg-Wilmersdorf,6I,B,6I,6,80,W,0,0,0,0,430,430,427,3,80,142,94,22,27,31,5,10,1,1,0,0,0,0,0,0,0,0,0,1,0,0,0,0,0,0,2,0,0,3,1,0,3,2,1,1
Zweitstimme,"04B6J","04",Charlottenburg-Wilmersdorf,6J,B,6J,6,80,W,0,0,0,0,542,542,541,1,129,142,149,36,13,41,6,4,1,2,0,1,0,0,0,0,0,2,1,5,0,0,1,0,0,0,0,0,0,3,0,0,0,0,0,5
Zweitstimme,"04B6K","04",Charlottenburg-Wilmersdorf,6K,B,6K,6,80,W,0,0,0,0,416,416,414,2,94,133,98,23,16,28,3,2,0,0,0,0,0,0,0,0,0,0,0,2,0,0,0,0,0,0,0,0,0,3,3,0,0,2,0,7
Zweitstimme,"04B6L","04",Charlottenburg-Wilmersdorf,6L,B,6L,6,80,W,0,0,0,0,383,383,382,1,85,124,68,26,19,38,5,5,1,0,0,1,0,0,0,1,0,0,0,0,0,0,0,0,1,0,1,0,0,0,1,0,0,0,2,4
Zweitstimme,"04B6M","04",Charlottenburg-Wilmersdorf,6M,B,6M,6,80,W,0,0,0,0,392,392,392,0,93,104,116,24,11,17,9,4,0,1,0,1,0,1,0,0,0,0,0,3,0,0,0,1,0,0,1,0,0,0,1,0,1,2,0,2
Zweitstimme,"04B6N","04",Charlottenburg-Wilmersdorf,6N,B,6N,6,80,W,0,0,0,0,401,401,398,3,76,117,128,29,8,20,2,4,1,4,0,1,0,0,0,0,0,0,0,1,0,0,0,1,0,0,1,0,0,1,0,0,0,0,0,4
Zweitstimme,"04B6P","04",Charlottenburg-Wilmersdorf,6P,B,6P,6,80,W,0,0,0,0,398,398,397,1,95,80,128,27,11,24,7,4,3,3,0,1,0,2,1,0,0,0,1,0,1,0,0,1,0,0,3,0,0,1,2,0,0,0,0,2
Zweitstimme,"04B6Q","04",Charlottenburg-Wilmersdorf,6Q,B,6Q,6,80,W,0,0,0,0,335,335,335,0,66,79,110,27,13,17,3,6,0,1,0,1,0,0,0,0,0,0,0,0,0,0,0,1,0,0,0,0,0,0,0,0,0,1,2,8
Zweitstimme,"04B6R","04",Charlottenburg-Wilmersdorf,6R,B,6R,6,80,W,0,0,0,0,483,483,480,3,111,152,101,30,13,33,5,11,2,0,0,1,0,0,0,0,0,0,0,1,0,0,0,2,0,0,1,1,0,1,1,0,1,0,1,12
Zweitstimme,"04B6S","04",Charlottenburg-Wilmersdorf,6S,B,6S,6,80,W,0,0,0,0,365,365,363,2,63,99,104,31,12,17,5,10,1,0,0,1,0,2,0,0,0,1,0,0,1,0,0,2,1,0,1,0,0,0,1,0,3,1,2,5
Zweitstimme,"04B6T","04",Charlottenburg-Wilmersdorf,6T,B,6T,6,80,W,0,0,0,0,471,471,471,0,93,130,134,33,17,40,5,1,1,2,0,1,0,0,0,0,0,0,0,2,0,0,0,0,0,0,3,0,0,0,1,0,1,1,1,5
Zweitstimme,"04B6U","04",Charlottenburg-Wilmersdorf,6U,B,6U,6,80,W,0,0,0,0,405,405,396,9,105,113,94,26,13,18,3,7,1,1,0,0,0,0,0,0,0,0,1,2,0,0,1,0,1,0,1,0,0,1,0,0,1,1,0,6
Zweitstimme,"04B6V","04",Charlottenburg-Wilmersdorf,6V,B,6V,6,80,W,0,0,0,0,394,394,393,1,87,93,124,22,7,23,6,7,0,1,0,1,0,1,0,0,0,0,0,0,0,0,0,4,0,0,1,1,0,5,0,0,1,1,1,7
Zweitstimme,"04B6W","04",Charlottenburg-Wilmersdorf,6W,B,6W,6,80,W,0,0,0,0,337,337,337,0,73,65,113,28,6,23,6,6,1,1,0,1,0,0,0,0,0,0,0,1,0,0,0,1,1,0,1,0,0,0,1,0,2,0,1,6
Zweitstimme,"04B6X","04",Charlottenburg-Wilmersdorf,6X,B,6X,6,80,W,0,0,0,0,312,312,312,0,68,70,83,31,10,23,3,8,1,5,0,0,0,0,1,0,0,1,0,2,1,0,0,0,0,0,0,0,0,0,1,0,1,0,0,3
Zweitstimme,"04B6Y","04",Charlottenburg-Wilmersdorf,6Y,B,6Y,6,80,W,0,0,0,0,269,269,268,1,76,82,54,15,16,10,4,4,1,1,0,1,0,0,0,0,0,0,1,0,0,0,0,0,0,0,0,0,0,0,0,0,1,0,0,2
Zweitstimme,"04W701","04",Charlottenburg-Wilmersdorf,"701",W,7A,7,80,W,1221,756,465,0,380,7,373,7,92,101,83,35,17,20,2,6,0,0,1,1,0,1,0,0,0,1,0,3,0,0,0,0,0,0,2,0,0,0,0,0,1,1,0,6
Zweitstimme,"04W702","04",Charlottenburg-Wilmersdorf,"702",W,7B,7,80,W,1115,771,344,0,363,8,356,6,60,119,47,36,29,23,4,12,0,3,1,2,0,0,0,0,0,0,1,5,0,0,0,2,0,0,1,2,0,3,0,0,1,0,3,2
Zweitstimme,"04W703","04",Charlottenburg-Wilmersdorf,"703",W,7C,7,80,W,1228,857,371,0,464,0,461,3,84,110,122,54,27,18,11,11,0,2,0,1,0,0,0,0,0,1,0,2,1,0,0,1,1,0,2,1,0,0,0,0,0,2,6,4
Zweitstimme,"04W704","04",Charlottenburg-Wilmersdorf,"704",W,7D,7,80,W,1183,769,414,0,384,1,383,0,94,106,68,31,41,12,5,11,2,0,0,0,0,0,0,0,0,0,2,2,1,0,0,1,0,0,0,0,0,0,1,0,0,2,0,4
Zweitstimme,"04W705","04",Charlottenburg-Wilmersdorf,"705",W,7E,7,80,W,1061,637,424,0,393,9,391,2,78,97,110,33,28,19,2,8,4,1,0,0,0,0,0,0,0,0,1,2,0,0,0,0,0,0,0,1,0,0,2,0,1,1,0,3
Zweitstimme,"04W706","04",Charlottenburg-Wilmersdorf,"706",W,7F,7,80,W,1168,771,397,0,562,4,558,4,136,134,161,39,25,21,4,10,1,0,1,1,0,0,0,0,0,0,2,7,2,0,0,1,0,0,0,0,0,2,1,0,1,0,1,8
Zweitstimme,"04W707","04",Charlottenburg-Wilmersdorf,"707",W,7G,7,80,W,981,707,274,0,364,5,363,1,89,81,72,40,23,21,11,9,1,1,0,0,0,0,0,0,0,0,0,3,2,0,0,2,0,0,1,0,0,1,0,0,0,1,0,5
Zweitstimme,"04W708","04",Charlottenburg-Wilmersdorf,"708",W,7H,7,80,W,1229,841,388,0,467,3,465,2,98,137,95,34,37,29,3,1,0,4,0,3,0,0,1,0,0,0,0,6,0,0,1,2,0,0,1,0,0,0,1,0,1,1,2,8
Zweitstimme,"04W709","04",Charlottenburg-Wilmersdorf,"709",W,7I,7,80,W,1252,764,488,0,334,7,329,5,70,120,29,27,40,17,4,7,2,1,1,0,0,3,0,0,0,0,0,2,0,0,0,0,0,0,0,0,0,0,0,0,0,0,0,6
Zweitstimme,"04W710","04",Charlottenburg-Wilmersdorf,"710",W,7J,7,80,W,1277,737,540,0,498,10,495,3,132,142,119,28,22,23,2,5,1,2,0,0,0,1,1,0,0,0,0,5,1,0,0,0,1,0,0,0,0,2,2,0,0,0,0,6
Zweitstimme,"04W711","04",Charlottenburg-Wilmersdorf,"711",W,7K,7,80,W,1292,718,574,0,397,6,394,3,82,116,66,34,37,29,5,3,0,2,0,1,0,0,0,0,0,0,0,3,0,0,0,0,1,0,0,0,0,3,0,0,4,1,1,6
Zweitstimme,"04W712","04",Charlottenburg-Wilmersdorf,"712",W,7L,7,80,W,1241,716,525,0,467,12,463,3,107,117,108,49,17,36,5,7,2,0,0,1,0,0,0,0,0,0,1,2,1,0,0,0,0,0,0,0,0,0,0,0,0,0,3,7
Zweitstimme,"04W713","04",Charlottenburg-Wilmersdorf,"713",W,7M,7,80,W,1212,749,463,0,499,10,498,1,107,156,116,35,26,32,0,11,0,0,0,1,0,0,3,0,0,0,1,1,0,0,0,0,0,0,0,0,0,1,1,0,0,2,0,5
Zweitstimme,"04W714","04",Charlottenburg-Wilmersdorf,"714",W,7N,7,80,W,1270,842,428,0,532,11,528,4,125,136,123,44,27,29,4,11,3,3,0,0,0,0,0,0,0,1,1,10,2,0,0,1,0,0,0,0,0,0,0,0,0,0,5,3
Zweitstimme,"04W715","04",Charlottenburg-Wilmersdorf,"715",W,7P,7,80,W,1196,728,468,0,339,4,336,1,70,126,47,12,34,22,2,10,0,0,0,0,0,0,0,1,0,0,1,2,1,0,0,0,0,0,1,0,0,0,0,0,1,0,5,1
Zweitstimme,"04W716","04",Charlottenburg-Wilmersdorf,"716",W,7Q,7,80,W,1320,864,456,0,497,1,491,6,95,112,115,65,49,16,6,12,0,1,0,0,0,0,0,0,0,0,1,8,0,0,1,0,0,0,1,1,0,0,1,0,1,0,1,5
Zweitstimme,"04W717","04",Charlottenburg-Wilmersdorf,"717",W,7R,7,80,W,1175,703,472,0,488,5,485,3,132,102,107,63,28,17,5,11,0,0,0,0,0,0,0,0,0,1,2,4,0,0,0,2,0,0,0,0,0,0,1,0,0,0,2,8
Zweitstimme,"04W718","04",Charlottenburg-Wilmersdorf,"718",W,7S,7,80,W,996,609,387,0,377,4,368,9,75,124,54,19,35,29,4,9,1,2,0,0,0,1,0,0,0,0,1,6,0,0,0,0,1,0,0,0,0,0,0,0,1,0,2,4
Zweitstimme,"04W719","04",Charlottenburg-Wilmersdorf,"719",W,7S,7,80,W,980,677,303,0,300,0,299,1,55,115,34,18,34,24,3,4,0,0,0,0,0,0,0,0,0,0,0,1,1,0,0,0,0,0,0,0,0,1,0,0,0,0,6,3
Zweitstimme,"04W720","04",Charlottenburg-Wilmersdorf,"720",W,7T,7,80,W,1250,801,449,0,463,12,458,5,95,178,68,23,22,50,3,7,2,0,0,0,0,0,1,0,0,0,0,1,0,0,0,0,0,0,0,0,0,0,0,0,1,0,1,6
Zweitstimme,"04W721","04",Charlottenburg-Wilmersdorf,"721",W,7U,7,80,W,1232,735,497,0,457,1,452,3,85,175,63,29,35,42,3,8,0,0,0,1,0,0,1,0,0,0,0,1,0,0,0,3,0,0,0,0,0,0,0,0,0,0,0,6
Zweitstimme,"04W722","04",Charlottenburg-Wilmersdorf,"722",W,7V,7,80,W,1128,699,429,0,434,7,427,7,76,152,80,35,31,29,1,7,0,0,1,1,0,1,0,0,0,0,0,2,0,0,0,0,0,0,1,0,0,1,0,0,0,0,4,5
Zweitstimme,"04W723","04",Charlottenburg-Wilmersdorf,"723",W,7W,7,80,W,1973,1201,772,0,702,9,699,3,140,245,132,32,48,57,7,4,3,1,0,2,2,1,0,0,0,0,1,3,0,0,0,1,0,0,1,0,0,1,0,0,2,0,6,10
Zweitstimme,"04W724","04",Charlottenburg-Wilmersdorf,"724",W,7X,7,80,W,783,499,284,0,295,5,291,2,76,107,45,16,27,5,3,3,2,2,0,1,0,1,0,0,0,0,0,0,0,0,0,0,0,0,0,0,0,0,0,0,0,1,0,2
Zweitstimme,"04W725","04",Charlottenburg-Wilmersdorf,"725",W,7Y,7,80,W,1189,845,344,0,444,5,442,2,98,123,98,38,25,27,5,10,1,0,1,0,0,0,0,0,0,0,0,1,0,0,0,0,1,0,3,0,0,1,0,0,0,0,6,4
Zweitstimme,"04W726","04",Charlottenburg-Wilmersdorf,"726",W,7Z,7,80,W,1230,775,455,0,548,6,539,4,120,160,104,41,42,35,4,9,1,1,0,0,1,1,0,0,0,1,0,3,0,0,0,1,1,0,0,0,0,3,0,0,1,1,0,9
Zweitstimme,"04W727","04",Charlottenburg-Wilmersdorf,"727",W,7X,7,80,W,876,509,367,0,362,3,354,4,65,136,65,8,22,41,2,6,0,0,0,0,0,0,0,0,0,0,0,1,1,0,0,0,0,0,1,0,0,1,1,0,0,0,0,4
Zweitstimme,"04B7A","04",Charlottenburg-Wilmersdorf,7A,B,7A,7,80,W,0,0,0,0,428,428,425,3,96,134,81,38,22,22,2,7,1,3,0,5,0,0,0,0,0,0,0,0,0,0,0,2,0,0,0,0,0,3,0,0,1,1,3,4
Zweitstimme,"04B7B","04",Charlottenburg-Wilmersdorf,7B,B,7B,7,80,W,0,0,0,0,307,307,307,0,70,108,51,14,18,17,6,10,1,2,0,2,0,0,0,1,0,0,0,2,0,0,0,0,0,0,0,0,0,1,1,0,1,0,0,2
Zweitstimme,"04B7C","04",Charlottenburg-Wilmersdorf,7C,B,7C,7,80,W,0,0,0,0,334,334,332,2,58,74,100,40,12,25,7,7,1,0,0,2,0,0,0,0,0,0,0,1,0,0,0,1,0,0,0,0,0,2,0,0,1,0,0,1
Zweitstimme,"04B7D","04",Charlottenburg-Wilmersdorf,7D,B,7D,7,80,W,0,0,0,0,387,387,385,2,89,124,80,30,15,17,5,8,1,2,0,0,0,0,0,0,0,0,0,0,0,0,0,2,0,0,1,1,0,4,2,0,0,0,1,3
Zweitstimme,"04B7E","04",Charlottenburg-Wilmersdorf,7E,B,7E,7,80,W,0,0,0,0,394,394,392,2,81,88,142,22,8,22,6,8,0,0,1,2,0,0,0,0,0,0,0,1,0,0,0,0,0,0,0,0,0,0,3,0,0,0,1,7
Zweitstimme,"04B7F","04",Charlottenburg-Wilmersdorf,7F,B,7F,7,80,W,0,0,0,0,366,366,365,1,87,103,96,33,6,15,4,4,2,2,0,0,0,0,0,0,0,0,1,1,2,0,0,0,0,0,0,0,0,0,3,0,1,0,0,5
Zweitstimme,"04B7G","04",Charlottenburg-Wilmersdorf,7G,B,7G,7,80,W,0,0,0,0,252,252,251,1,53,45,69,32,11,13,5,9,2,0,0,0,0,1,0,0,0,0,0,1,0,0,0,0,0,0,1,0,0,0,1,0,3,1,0,4
Zweitstimme,"04B7H","04",Charlottenburg-Wilmersdorf,7H,B,7H,7,80,W,0,0,0,0,348,348,346,2,65,121,87,19,14,22,3,3,0,2,0,0,0,0,0,0,0,0,0,2,0,0,0,4,0,0,1,0,0,0,0,0,0,0,1,2
Zweitstimme,"04B7I","04",Charlottenburg-Wilmersdorf,7I,B,7I,7,80,W,0,0,0,0,426,426,423,3,94,167,62,22,24,25,4,0,3,4,0,3,0,0,0,1,0,0,0,1,1,0,0,0,0,0,0,0,0,1,2,0,1,2,0,6
Zweitstimme,"04B7J","04",Charlottenburg-Wilmersdorf,7J,B,7J,7,80,W,0,0,0,0,502,502,500,2,131,166,111,32,13,24,2,3,1,4,0,2,0,0,0,1,0,0,2,0,0,0,1,0,0,0,1,0,0,2,0,0,0,0,0,4
Zweitstimme,"04B7K","04",Charlottenburg-Wilmersdorf,7K,B,7K,7,80,W,0,0,0,0,518,518,514,4,116,186,98,38,18,20,3,11,0,3,2,3,0,0,0,0,0,0,1,2,1,0,0,2,0,0,1,0,0,1,1,0,2,0,0,5
Zweitstimme,"04B7L","04",Charlottenburg-Wilmersdorf,7L,B,7L,7,80,W,0,0,0,0,465,465,462,3,118,153,114,19,11,24,3,9,0,2,1,0,0,0,0,0,0,0,0,2,0,0,0,0,0,0,0,0,0,1,0,0,0,1,0,4
Zweitstimme,"04B7M","04",Charlottenburg-Wilmersdorf,7M,B,7M,7,80,W,0,0,0,0,425,425,422,3,90,150,88,27,15,31,8,5,0,0,0,1,0,0,0,0,0,0,0,0,0,0,0,0,1,0,0,0,0,0,1,0,1,1,0,3
Zweitstimme,"04B7N","04",Charlottenburg-Wilmersdorf,7N,B,7N,7,80,W,0,0,0,0,386,386,385,1,73,118,92,35,10,26,8,7,3,1,0,0,0,0,0,0,0,0,1,1,0,0,0,1,0,0,1,0,0,1,0,0,1,0,2,4
Zweitstimme,"04B7P","04",Charlottenburg-Wilmersdorf,7P,B,7P,7,80,W,0,0,0,0,422,422,422,0,99,167,46,21,26,29,10,8,0,1,0,0,0,0,0,0,0,1,1,3,0,0,0,1,0,0,1,0,0,2,0,0,0,1,0,5
Zweitstimme,"04B7Q","04",Charlottenburg-Wilmersdorf,7Q,B,7Q,7,80,W,0,0,0,0,409,409,407,1,81,116,85,55,15,21,4,7,2,3,0,1,0,0,0,0,0,0,2,3,0,0,0,0,0,0,1,0,0,1,1,0,1,1,1,6
Zweitstimme,"04B7R","04",Charlottenburg-Wilmersdorf,7R,B,7R,7,80,W,0,0,0,0,429,429,428,1,88,110,130,32,11,33,8,5,0,0,0,0,0,0,0,0,0,0,0,2,0,0,0,1,1,0,2,0,0,0,1,0,0,1,0,3
Zweitstimme,"04B7S","04",Charlottenburg-Wilmersdorf,7S,B,7S,7,80,W,0,0,0,0,635,635,618,1,160,254,71,25,36,49,2,5,0,4,0,0,0,0,0,0,0,0,1,3,0,0,0,0,0,0,0,0,0,4,0,0,0,0,0,4
Zweitstimme,"04B7T","04",Charlottenburg-Wilmersdorf,7T,B,7T,7,80,W,0,0,0,0,389,389,387,1,89,168,52,16,14,37,2,3,0,2,0,0,0,0,0,0,0,0,0,0,0,0,0,0,0,0,0,0,0,1,1,0,0,0,1,1
Zweitstimme,"04B7U","04",Charlottenburg-Wilmersdorf,7U,B,7U,7,80,W,0,0,0,0,459,459,457,2,108,180,67,27,18,27,4,10,1,2,0,2,0,0,0,0,0,0,0,1,0,0,0,2,0,0,0,0,0,0,2,0,0,0,0,6
Zweitstimme,"04B7V","04",Charlottenburg-Wilmersdorf,7V,B,7V,7,80,W,0,0,0,0,385,385,383,2,96,143,64,18,14,29,1,6,0,1,0,1,0,1,0,0,0,0,0,0,0,0,0,1,0,0,0,1,0,2,0,0,1,0,1,3
Zweitstimme,"04B7W","04",Charlottenburg-Wilmersdorf,7W,B,7W,7,80,W,0,0,0,0,690,690,690,0,157,261,106,29,27,65,7,12,1,2,0,2,1,0,0,0,0,1,1,4,1,0,0,0,0,0,1,0,0,1,0,0,2,2,2,5
Zweitstimme,"04B7X","04",Charlottenburg-Wilmersdorf,7X,B,7X,7,80,W,0,0,0,0,596,596,596,0,126,272,87,18,19,44,4,9,1,2,0,0,0,0,1,0,0,0,1,3,0,0,0,1,0,0,0,1,0,2,0,0,1,1,1,2
Zweitstimme,"04B7Y","04",Charlottenburg-Wilmersdorf,7Y,B,7Y,7,80,W,0,0,0,0,310,310,309,1,69,75,91,30,13,15,3,6,1,0,0,1,0,0,0,0,0,0,1,0,0,0,0,0,1,0,0,0,0,1,1,0,0,0,0,1
Zweitstimme,"04B7Z","04",Charlottenburg-Wilmersdorf,7Z,B,7Z,7,80,W,0,0,0,0,430,430,427,3,105,111,86,43,13,34,4,8,1,2,0,0,0,2,0,1,0,0,1,2,0,0,0,4,0,0,0,2,0,2,1,0,3,0,2,0
Zweitstimme,"05W101","05",Spandau,"101",W,1A,1,78,W,733,581,152,0,278,6,273,3,74,69,61,21,15,8,2,14,2,0,0,0,0,0,0,0,0,0,0,0,1,0,0,1,0,0,0,0,0,0,1,0,1,0,2,1
Zweitstimme,"05W102","05",Spandau,"102",W,1B,1,78,W,1127,717,410,0,350,11,345,2,62,135,43,6,44,23,4,13,1,2,0,1,0,0,3,0,0,0,0,2,0,0,0,1,0,0,0,0,0,1,0,0,2,0,1,1
Zweitstimme,"05W103","05",Spandau,"103",W,1A,1,78,W,1028,711,317,0,458,11,458,0,98,151,78,27,45,17,6,16,0,2,0,0,0,1,1,0,0,0,0,3,0,0,0,1,0,0,0,0,0,0,1,0,2,0,3,6
Zweitstimme,"05W104","05",Spandau,"104",W,1B,1,78,W,931,748,183,0,315,3,311,4,66,103,30,17,40,6,8,21,3,1,1,0,0,0,0,0,0,0,0,4,0,0,0,1,0,0,3,0,0,1,3,0,2,0,1,0
Zweitstimme,"05W105","05",Spandau,"105",W,1M,1,78,W,1001,641,360,0,433,11,432,1,90,202,49,8,42,22,3,7,1,2,1,0,1,0,0,0,0,0,0,0,1,0,0,1,0,0,0,0,0,0,0,0,0,0,0,2
Zweitstimme,"05W106","05",Spandau,"106",W,1N,1,78,W,1162,727,435,0,392,4,388,3,73,179,22,23,43,22,2,10,1,0,0,0,0,0,0,1,0,0,1,0,0,0,0,4,0,0,0,0,0,0,1,0,0,1,2,3
Zweitstimme,"05W107","05",Spandau,"107",W,1M,1,78,W,804,551,253,0,268,0,264,3,54,106,15,10,38,13,7,11,0,2,1,1,0,0,0,0,0,0,0,2,0,0,0,2,0,0,0,0,0,0,0,0,1,0,1,0
Zweitstimme,"05W108","05",Spandau,"108",W,1C,1,78,W,933,690,243,0,178,0,176,2,26,46,26,12,37,10,0,8,0,2,0,2,0,0,0,0,0,0,0,2,0,0,0,0,0,0,0,1,0,0,0,0,0,0,3,1
Zweitstimme,"05W109","05",Spandau,"109",W,1E,1,78,W,684,426,258,0,53,1,52,1,22,14,5,3,2,4,1,0,0,0,0,0,0,0,0,0,0,0,0,1,0,0,0,0,0,0,0,0,0,0,0,0,0,0,0,0
Zweitstimme,"05W110","05",Spandau,"110",W,1J,1,78,W,841,595,246,0,263,0,259,4,46,81,32,17,41,13,5,14,2,1,0,0,0,1,0,1,0,0,1,1,1,0,0,1,0,0,0,0,0,0,0,0,0,0,1,0
Zweitstimme,"05W111","05",Spandau,"111",W,1L,1,78,W,1199,863,336,0,399,1,395,4,81,171,27,16,51,14,4,19,1,5,0,0,0,1,1,0,0,0,0,1,0,0,0,0,0,0,0,0,0,0,0,0,0,2,1,0
Zweitstimme,"05W112","05",Spandau,"112",W,1J,1,78,W,1041,715,326,0,363,0,360,3,75,120,38,21,40,9,3,26,2,2,0,1,0,0,0,2,0,1,2,1,2,0,0,7,0,0,1,1,0,2,0,0,2,0,2,0
Zweitstimme,"05W113","05",Spandau,"113",W,1L,1,78,W,983,630,353,0,374,3,373,1,58,151,45,17,55,20,1,11,0,0,1,1,0,0,0,0,0,0,0,2,0,0,0,0,0,0,0,0,0,1,2,0,0,3,3,2
Zweitstimme,"05W114","05",Spandau,"114",W,1G,1,78,W,879,597,282,0,290,0,286,3,66,82,25,21,41,11,7,14,0,2,1,0,0,2,0,0,0,0,1,4,1,0,0,3,0,0,0,0,0,0,0,0,0,0,3,2
Zweitstimme,"05W115","05",Spandau,"115",W,1G,1,78,W,985,826,159,0,348,3,342,6,57,109,35,15,58,15,6,23,1,4,0,4,0,1,0,0,0,0,0,5,0,0,0,2,0,0,0,0,0,0,1,0,2,0,3,1
Zweitstimme,"05W116","05",Spandau,"116",W,1N,1,78,W,749,602,147,0,243,1,242,1,57,80,19,10,41,11,4,6,4,3,0,1,0,0,0,0,0,0,0,0,0,0,0,1,0,0,1,0,0,0,0,0,2,1,0,1
Zweitstimme,"05W117","05",Spandau,"117",W,1Q,1,78,W,957,797,160,0,289,4,281,8,53,82,16,20,64,10,2,13,4,1,0,0,0,0,0,0,0,1,0,0,0,0,0,3,0,0,0,1,0,1,0,0,0,0,8,2
Zweitstimme,"05W118","05",Spandau,"118",W,1H,1,78,W,1333,959,374,0,314,2,310,4,45,107,27,11,58,19,5,18,1,0,0,1,0,0,0,0,0,0,0,4,0,0,0,0,0,0,2,0,0,1,0,0,1,2,5,3
Zweitstimme,"05W119","05",Spandau,"119",W,1K,1,78,W,1159,779,380,0,293,1,288,5,64,94,29,11,46,5,4,14,2,2,0,1,1,0,1,0,0,0,1,2,0,0,0,4,0,0,1,3,0,2,0,0,0,0,0,1
Zweitstimme,"05W120","05",Spandau,"120",W,1E,1,78,W,1215,1000,215,0,451,2,438,13,118,162,20,23,60,20,4,6,0,5,1,1,0,0,0,0,0,2,1,2,1,0,0,1,0,0,1,0,0,0,0,0,1,1,6,2
Zweitstimme,"05W121","05",Spandau,"121",W,1D,1,78,W,1153,942,211,0,422,2,417,5,81,173,21,17,65,17,3,8,3,7,2,1,0,0,1,0,0,0,1,1,0,0,0,8,0,0,0,0,0,0,0,0,1,1,6,0
Zweitstimme,"05W122","05",Spandau,"122",W,1R,1,78,W,843,665,178,0,206,0,204,2,43,90,7,6,32,9,2,8,0,1,0,0,0,0,0,0,0,0,0,2,0,0,0,2,0,0,0,0,0,0,0,0,1,1,0,0
Zweitstimme,"05W123","05",Spandau,"123",W,1R,1,78,W,722,530,192,0,272,2,267,5,82,114,9,9,31,8,0,4,1,3,0,1,0,0,0,0,0,0,0,3,1,0,0,0,0,0,0,0,0,1,0,0,0,0,0,0
Zweitstimme,"05W124","05",Spandau,"124",W,1Q,1,78,W,1292,970,322,0,475,0,464,7,130,151,20,15,89,15,4,15,2,3,0,1,0,0,0,0,0,1,0,5,0,0,0,2,0,0,0,0,0,0,0,0,0,1,6,4
Zweitstimme,"05W125","05",Spandau,"125",W,1P,1,78,W,963,791,172,0,272,2,268,3,69,79,12,19,58,5,4,10,2,3,0,0,0,1,0,0,0,0,0,1,0,0,0,0,0,0,1,0,0,3,0,0,0,0,1,0
Zweitstimme,"05W126","05",Spandau,"126",W,1P,1,78,W,1111,904,207,0,258,2,256,2,59,66,30,17,44,11,5,10,2,2,0,1,1,0,0,0,0,0,1,0,0,0,0,2,0,0,0,2,0,0,0,0,0,0,2,1
Zweitstimme,"05W127","05",Spandau,"127",W,1P,1,78,W,894,759,135,0,255,6,251,4,79,68,17,12,51,6,0,5,1,0,1,0,0,1,0,0,0,1,0,1,0,0,0,3,0,0,0,0,0,0,0,0,1,0,3,1
Zweitstimme,"05W128","05",Spandau,"128",W,1S,1,78,W,876,714,162,0,134,0,132,2,31,48,13,6,18,3,3,8,1,0,0,0,0,0,0,0,0,0,0,0,0,0,0,0,0,0,0,0,0,0,0,0,0,1,0,0
Zweitstimme,"05W129","05",Spandau,"129",W,1S,1,78,W,956,769,186,1,309,1,304,5,70,104,19,15,56,9,4,15,2,1,0,3,0,0,1,0,0,0,0,2,0,0,0,2,0,0,0,0,0,0,0,0,1,0,0,0
Zweitstimme,"05W130","05",Spandau,"130",W,1S,1,78,W,1089,946,143,0,368,2,359,9,68,121,22,20,93,8,0,13,2,2,0,1,0,0,0,0,0,0,0,1,1,0,0,3,0,0,0,0,0,1,0,0,2,0,0,1
Zweitstimme,"05W131","05",Spandau,"131",W,1E,1,78,W,511,370,141,0,186,3,186,0,37,61,30,15,22,7,0,3,1,0,0,0,0,0,0,0,0,0,1,1,0,0,0,1,0,0,0,0,0,1,1,0,0,0,2,3
Zweitstimme,"05W132","05",Spandau,"132",W,1G,1,78,W,1192,970,222,0,353,0,349,4,83,93,32,19,59,9,7,23,1,0,0,2,0,0,0,1,0,1,4,3,0,0,0,1,0,0,1,1,0,3,0,0,3,1,1,1
Zweitstimme,"05W133","05",Spandau,"133",W,1C,1,78,W,1193,818,375,0,254,2,248,4,53,82,11,17,38,18,6,8,0,1,1,2,1,0,0,1,0,0,1,1,0,0,0,1,0,0,0,0,0,0,0,0,0,1,1,4
Zweitstimme,"05W134","05",Spandau,"134",W,1F,1,78,W,1092,876,216,0,296,2,290,5,78,106,18,9,30,10,5,9,1,1,0,0,2,0,0,0,0,0,2,0,0,0,0,0,0,0,0,0,0,0,1,0,0,1,16,1
Zweitstimme,"05B1A","05",Spandau,1A,B,1A,1,78,W,0,0,0,0,441,441,436,5,98,182,73,17,13,21,6,15,1,4,0,0,0,0,2,0,0,0,0,0,0,0,0,1,0,0,0,0,0,1,0,0,0,0,1,1
Zweitstimme,"05B1B","05",Spandau,1B,B,1B,1,78,W,0,0,0,0,519,519,515,4,94,215,54,31,49,28,5,8,4,8,0,4,1,0,0,0,0,0,0,1,1,0,0,4,0,0,0,0,0,2,2,0,3,0,1,0
Zweitstimme,"05B1C","05",Spandau,1C,B,1C,1,78,W,0,0,0,0,540,540,539,1,114,213,61,29,35,22,13,19,1,6,0,1,2,0,0,0,0,0,0,0,0,0,0,4,0,0,1,0,0,1,1,0,2,0,6,8
Zweitstimme,"05B1D","05",Spandau,1D,B,1D,1,78,W,0,0,0,0,178,178,175,3,37,70,18,6,16,8,0,7,0,0,0,0,1,0,0,0,0,0,0,1,2,0,0,0,0,0,0,0,0,2,3,0,0,0,3,1
Zweitstimme,"05B1E","05",Spandau,1E,B,1E,1,78,W,0,0,0,0,515,515,510,5,113,210,76,18,40,31,5,8,0,2,0,1,0,0,1,0,0,0,0,0,0,0,0,1,0,0,0,0,0,2,0,0,0,1,0,1
Zweitstimme,"05B1F","05",Spandau,1F,B,1F,1,78,W,0,0,0,0,176,176,173,3,45,63,13,12,15,5,2,9,0,1,1,1,0,0,0,0,0,0,0,1,0,0,0,0,0,0,1,0,0,0,1,0,1,0,2,0
Zweitstimme,"05B1G","05",Spandau,1G,B,1G,1,78,W,0,0,0,0,583,583,563,9,125,186,81,39,36,20,5,27,5,10,2,2,1,0,0,0,0,1,2,1,2,0,0,3,0,0,3,0,0,1,2,0,0,1,1,7
Zweitstimme,"05B1H","05",Spandau,1H,B,1H,1,78,W,0,0,0,0,314,314,312,2,65,124,25,20,29,14,3,12,0,4,0,1,0,0,0,0,0,0,1,1,1,0,0,3,0,0,1,0,0,2,0,0,4,0,0,2
Zweitstimme,"05B1J","05",Spandau,1J,B,1J,1,78,W,0,0,0,0,501,501,498,3,122,186,54,25,42,17,7,19,3,6,0,1,0,0,0,1,0,0,3,3,0,0,0,4,0,0,0,1,0,2,0,0,1,0,0,1
Zweitstimme,"05B1K","05",Spandau,1K,B,1K,1,78,W,0,0,0,0,347,347,346,1,77,134,25,15,46,15,3,17,0,3,0,1,0,0,0,0,0,0,1,1,1,0,0,0,0,0,0,0,0,3,0,0,1,0,0,3
Zweitstimme,"05B1L","05",Spandau,1L,B,1L,1,78,W,0,0,0,0,636,636,634,2,142,267,68,37,47,24,7,24,0,1,0,1,0,0,0,1,0,0,0,2,0,0,0,1,0,0,2,0,0,1,1,0,3,0,3,2
Zweitstimme,"05B1M","05",Spandau,1M,B,1M,1,78,W,0,0,0,0,527,527,525,1,116,230,53,12,47,31,14,12,1,3,0,0,1,0,0,0,0,0,1,0,0,0,0,2,0,0,0,0,0,1,1,0,0,0,0,0
Zweitstimme,"05B1N","05",Spandau,1N,B,1N,1,78,W,0,0,0,0,531,531,527,4,120,202,67,19,45,28,3,12,2,9,0,3,0,0,0,0,0,0,1,0,3,0,0,7,0,0,2,0,0,0,1,0,1,0,0,2
Zweitstimme,"05B1P","05",Spandau,1P,B,1P,1,78,W,0,0,0,0,449,449,446,3,112,155,37,27,58,15,2,20,1,0,0,3,0,0,1,0,0,0,0,0,0,0,0,6,0,0,1,0,0,0,0,0,6,1,0,1
Zweitstimme,"05B1Q","05",Spandau,1Q,B,1Q,1,78,W,0,0,0,0,430,430,422,7,104,195,19,10,37,11,5,24,2,2,0,1,0,0,0,0,0,0,0,1,1,0,0,3,0,0,0,0,0,2,0,0,2,2,0,1
Zweitstimme,"05B1R","05",Spandau,1R,B,1R,1,78,W,0,0,0,0,346,346,343,3,87,151,29,13,23,11,1,17,2,1,0,0,0,0,0,0,0,0,0,2,0,0,0,0,0,0,1,0,0,4,0,0,0,1,0,0
Zweitstimme,"05B1S","05",Spandau,1S,B,1S,1,78,W,0,0,0,0,427,427,424,3,97,184,34,20,33,17,5,11,2,1,0,1,0,0,0,0,0,0,4,1,0,0,0,3,0,0,0,0,0,2,0,0,2,2,4,1
Zweitstimme,"05W201","05",Spandau,"201",W,2L,2,78,W,1199,875,324,0,380,2,374,6,89,146,27,17,55,13,7,11,1,1,1,1,0,0,1,0,0,0,0,1,0,0,0,1,0,0,0,0,0,0,0,0,0,1,0,1
Zweitstimme,"05W202","05",Spandau,"202",W,2J,2,78,W,1080,810,270,0,298,0,285,13,65,89,14,12,67,8,4,12,2,1,0,0,0,0,0,1,0,1,0,1,1,0,0,3,0,0,0,0,0,0,0,0,1,0,1,2
Zweitstimme,"05W203","05",Spandau,"203",W,2M,2,78,W,1166,1002,164,0,317,0,308,6,85,91,22,18,48,11,2,12,1,0,0,0,0,0,0,0,0,1,2,1,1,0,0,3,0,0,0,0,0,3,0,0,0,1,4,2
Zweitstimme,"05W204","05",Spandau,"204",W,2M,2,78,W,885,695,190,0,215,0,211,3,46,45,19,13,47,7,5,12,1,1,1,0,0,0,0,0,0,0,0,0,1,0,0,0,0,0,1,0,0,0,1,0,4,4,0,3
Zweitstimme,"05W205","05",Spandau,"205",W,2M,2,78,W,984,727,257,0,265,1,244,11,55,75,19,10,35,11,8,9,3,2,1,2,0,0,0,0,0,0,0,1,1,0,0,5,0,0,1,1,0,1,1,0,0,1,2,0
Zweitstimme,"05W206","05",Spandau,"206",W,2P,2,78,W,666,500,166,0,192,0,190,2,41,63,24,8,27,10,1,5,2,1,0,0,0,0,0,0,0,0,0,1,1,0,0,1,0,0,0,0,0,2,0,0,1,0,0,2
Zweitstimme,"05W207","05",Spandau,"207",W,2J,2,78,W,1003,864,139,0,201,0,196,5,44,56,6,9,53,6,3,5,1,1,2,0,0,0,1,0,0,0,0,3,1,0,0,0,0,0,0,0,0,1,0,0,0,0,3,1
Zweitstimme,"05W208","05",Spandau,"208",W,2D,2,78,W,1014,820,194,0,308,0,303,4,69,64,27,37,45,11,5,18,2,4,0,0,0,0,0,1,0,1,1,7,0,0,0,1,0,0,0,2,0,2,0,0,3,1,0,2
Zweitstimme,"05W209","05",Spandau,"209",W,2A,2,78,W,974,734,240,0,330,2,322,6,74,103,27,17,49,13,8,15,1,0,1,0,0,0,0,0,0,0,1,1,0,0,0,2,0,0,0,0,0,1,0,0,2,1,3,3
Zweitstimme,"05W210","05",Spandau,"210",W,2C,2,78,W,1041,872,168,1,288,2,286,2,61,72,40,11,46,7,12,17,4,0,0,3,1,0,0,0,0,0,0,2,0,0,0,0,0,0,0,1,0,0,0,0,2,1,2,4
Zweitstimme,"05W211","05",Spandau,"211",W,2B,2,78,W,764,595,169,0,280,0,274,5,76,90,24,12,38,11,2,9,0,1,1,1,0,0,0,0,0,0,0,2,0,0,0,3,0,0,1,1,0,0,0,0,0,0,2,0
Zweitstimme,"05W212","05",Spandau,"212",W,2Q,2,78,W,866,679,187,0,296,0,292,4,58,105,20,20,51,10,3,10,2,0,0,2,0,0,0,0,0,0,0,4,1,0,0,1,0,0,1,0,0,0,0,0,0,0,4,0
Zweitstimme,"05W213","05",Spandau,"213",W,2L,2,78,W,968,696,272,0,428,4,424,4,94,189,39,17,36,20,3,10,2,0,0,1,0,0,0,0,0,0,0,1,1,0,0,4,0,0,0,0,0,4,0,0,0,1,0,2
Zweitstimme,"05W214","05",Spandau,"214",W,2K,2,78,W,1153,958,195,0,297,1,283,7,62,100,7,10,64,10,4,13,1,0,0,2,0,0,0,1,0,0,0,0,1,0,0,3,0,0,0,0,0,0,1,0,0,0,2,2
Zweitstimme,"05W215","05",Spandau,"215",W,2H,2,78,W,1024,816,208,0,235,0,232,3,57,59,17,14,47,4,3,17,0,2,0,0,0,0,1,1,0,0,0,2,0,0,0,1,0,0,0,0,0,0,0,0,4,0,1,2
Zweitstimme,"05W216","05",Spandau,"216",W,2E,2,78,W,940,640,300,0,272,3,271,1,55,85,25,14,50,12,4,12,2,2,0,1,0,0,0,0,0,0,0,0,0,0,0,5,0,0,0,1,0,1,0,0,0,2,0,0
Zweitstimme,"05W217","05",Spandau,"217",W,2R,2,78,W,705,546,159,0,240,1,238,2,41,99,12,15,32,8,4,13,0,1,0,1,0,2,0,0,0,0,0,1,0,0,0,2,0,0,0,0,0,0,0,0,3,0,2,2
Zweitstimme,"05W218","05",Spandau,"218",W,2E,2,78,W,940,713,227,0,325,3,316,6,79,81,33,31,40,11,4,15,0,1,0,2,1,0,1,0,0,0,0,2,0,0,0,2,0,0,0,1,0,3,1,0,0,0,6,2
Zweitstimme,"05W219","05",Spandau,"219",W,2D,2,78,W,1196,925,271,0,427,0,421,5,105,113,56,23,63,15,8,15,1,1,0,0,0,1,0,0,0,0,1,2,2,0,0,6,0,0,1,0,0,1,0,0,0,0,4,3
Zweitstimme,"05W220","05",Spandau,"220",W,2R,2,78,W,994,767,227,0,328,5,323,5,68,128,25,15,49,10,1,8,1,2,1,2,0,1,0,0,0,0,0,3,1,0,0,2,0,0,0,0,0,1,0,0,0,1,1,3
Zweitstimme,"05W221","05",Spandau,"221",W,2F,2,78,W,790,614,176,0,285,0,281,4,61,78,43,17,36,17,11,10,1,2,0,0,0,0,0,0,0,0,1,1,0,0,0,2,0,0,0,0,0,1,0,0,0,0,0,0
Zweitstimme,"05W222","05",Spandau,"222",W,2D,2,78,W,850,627,223,0,323,2,318,5,60,112,37,22,33,24,5,11,0,1,1,1,0,1,1,1,0,0,1,0,0,0,0,0,0,0,1,0,0,3,1,0,0,0,1,1
Zweitstimme,"05W223","05",Spandau,"223",W,2F,2,78,W,1021,788,233,0,310,1,300,9,82,71,20,15,57,11,7,20,0,2,1,1,0,0,0,0,0,0,2,2,0,0,0,3,0,0,0,0,0,0,0,0,2,0,3,1
Zweitstimme,"05W224","05",Spandau,"224",W,2F,2,78,W,870,692,178,0,286,3,281,5,66,76,20,18,51,11,4,23,1,4,0,1,0,0,1,0,0,0,0,0,2,0,0,1,0,0,0,0,0,0,1,0,1,0,0,0
Zweitstimme,"05W225","05",Spandau,"225",W,2B,2,78,W,934,799,135,0,312,2,308,4,60,71,25,34,52,13,9,17,1,6,0,1,0,0,1,0,0,0,2,1,0,0,0,4,0,0,0,1,0,1,1,0,0,0,3,5
Zweitstimme,"05W226","05",Spandau,"226",W,2N,2,78,W,1004,713,291,0,310,0,304,6,53,111,44,21,27,15,3,12,0,0,0,1,0,0,0,0,0,0,0,4,1,0,0,2,0,0,0,0,0,2,0,0,1,0,3,4
Zweitstimme,"05W227","05",Spandau,"227",W,2C,2,78,W,1231,942,289,0,299,1,297,2,77,101,21,27,37,4,3,11,3,1,0,1,0,0,0,0,0,0,1,2,0,0,0,0,0,0,1,0,0,3,1,0,0,0,2,1
Zweitstimme,"05W228","05",Spandau,"228",W,2Q,2,78,W,705,478,227,0,246,1,239,7,43,125,12,12,20,7,2,7,0,3,1,0,0,0,0,0,0,0,0,0,0,0,0,2,0,0,0,0,0,0,1,0,0,0,1,3
Zweitstimme,"05W229","05",Spandau,"229",W,2G,2,78,W,951,729,222,0,213,3,210,1,36,74,14,15,50,2,2,10,1,0,0,1,0,0,0,0,0,0,0,0,0,0,0,2,0,0,0,0,0,0,1,0,1,0,0,1
Zweitstimme,"05W230","05",Spandau,"230",W,2A,2,78,W,623,508,115,0,191,2,189,2,32,64,18,11,31,10,2,10,0,2,0,0,0,0,0,1,0,0,1,0,0,0,0,1,0,0,0,0,0,1,1,0,0,0,1,3
Zweitstimme,"05B2A","05",Spandau,2A,B,2A,2,78,W,0,0,0,0,347,347,346,1,76,137,37,22,24,16,5,12,2,6,0,0,0,0,0,0,0,0,0,0,0,0,0,3,0,0,0,0,0,0,0,0,1,2,1,2
Zweitstimme,"05B2B","05",Spandau,2B,B,2B,2,78,W,0,0,0,0,259,259,258,1,55,66,35,24,28,9,5,15,2,0,0,2,0,1,0,0,0,1,0,0,0,0,0,2,0,0,0,0,0,0,1,0,3,2,3,4
Zweitstimme,"05B2C","05",Spandau,2C,B,2C,2,78,W,0,0,0,0,397,397,392,5,97,139,64,25,23,16,6,7,2,0,0,1,0,0,0,0,0,0,0,0,2,0,0,1,0,0,1,0,0,2,1,0,1,1,0,3
Zweitstimme,"05B2D","05",Spandau,2D,B,2D,2,78,W,0,0,0,0,617,617,608,9,128,198,115,41,30,27,10,22,4,4,0,1,1,2,1,1,0,0,0,2,0,0,0,2,0,0,1,1,0,1,2,0,5,0,2,7
Zweitstimme,"05B2E","05",Spandau,2E,B,2E,2,78,W,0,0,0,0,474,474,473,1,116,179,64,23,40,13,5,16,1,2,0,0,0,0,0,0,0,0,3,0,3,0,0,1,0,0,0,0,0,0,1,0,1,1,0,4
Zweitstimme,"05B2F","05",Spandau,2F,B,2F,2,78,W,0,0,0,0,515,515,512,2,145,179,45,20,58,15,5,20,0,6,0,4,0,0,1,1,0,0,2,0,0,0,0,4,0,0,1,0,0,1,0,0,1,1,1,2
Zweitstimme,"05B2G","05",Spandau,2G,B,2G,2,78,W,0,0,0,0,190,190,186,4,55,61,11,5,29,9,0,4,1,2,0,1,0,0,0,0,0,0,0,1,0,0,0,2,0,0,1,0,0,1,0,0,2,0,1,0
Zweitstimme,"05B2H","05",Spandau,2H,B,2H,2,78,W,0,0,0,0,172,172,168,4,45,59,13,6,20,4,5,9,0,2,1,1,0,0,0,0,0,0,0,0,0,0,0,0,0,0,0,0,0,0,0,0,2,0,0,1
Zweitstimme,"05B2J","05",Spandau,2J,B,2J,2,78,W,0,0,0,0,365,365,364,1,104,123,38,13,31,12,4,21,2,7,0,0,0,0,0,0,0,0,0,1,0,0,0,2,0,0,0,0,0,0,0,0,1,2,1,2
Zweitstimme,"05B2K","05",Spandau,2K,B,2K,2,78,W,0,0,0,0,165,165,163,2,45,61,14,6,12,3,4,6,1,3,0,0,0,0,0,0,0,0,0,0,0,0,0,1,0,0,0,0,0,2,0,0,1,1,0,3
Zweitstimme,"05B2L","05",Spandau,2L,B,2L,2,78,W,0,0,0,0,541,541,538,2,133,234,41,12,50,21,5,16,3,2,0,4,0,0,0,0,0,0,1,0,0,0,0,2,0,0,0,0,0,0,0,0,3,0,7,4
Zweitstimme,"05B2M","05",Spandau,2M,B,2M,2,78,W,0,0,0,0,519,519,517,2,126,164,58,33,44,22,12,26,4,4,1,2,0,0,0,0,0,0,0,4,2,0,0,3,0,0,0,1,0,2,0,0,1,2,2,4
Zweitstimme,"05B2N","05",Spandau,2N,B,2N,2,78,W,0,0,0,0,267,267,264,3,64,105,21,13,22,16,3,6,1,5,0,1,0,0,0,0,0,0,0,1,0,0,0,0,0,0,1,0,0,1,1,0,1,1,0,1
Zweitstimme,"05B2P","05",Spandau,2P,B,2P,2,78,W,0,0,0,0,142,142,140,1,26,45,23,5,12,7,1,5,1,4,0,0,0,0,0,0,0,0,0,0,0,0,0,1,0,0,0,0,0,1,0,0,0,1,2,6
Zweitstimme,"05B2Q","05",Spandau,2Q,B,2Q,2,78,W,0,0,0,0,381,381,379,2,84,170,32,15,33,11,4,16,1,2,0,1,1,0,0,0,0,0,0,3,0,0,0,4,0,0,0,0,0,0,0,0,2,0,0,0
Zweitstimme,"05B2R","05",Spandau,2R,B,2R,2,78,W,0,0,0,0,324,324,323,1,66,139,36,9,26,12,2,13,4,3,0,1,0,0,0,0,0,0,3,0,1,0,0,2,0,0,1,0,0,1,0,0,1,0,1,2
Zweitstimme,"05W301","05",Spandau,"301",W,3N,3,78,W,1158,844,314,0,371,3,366,3,89,135,20,15,52,14,6,13,2,5,0,0,0,1,0,0,0,0,0,6,0,0,0,3,0,0,0,0,0,1,0,0,3,0,1,0
Zweitstimme,"05W302","05",Spandau,"302",W,3F,3,78,W,891,764,127,0,291,3,286,3,74,109,19,11,30,9,1,10,1,4,0,3,0,1,0,0,0,0,1,2,1,0,0,1,0,0,0,1,0,1,1,0,2,1,2,1
Zweitstimme,"05W303","05",Spandau,"303",W,3F,3,78,W,908,562,346,0,329,2,323,2,70,105,41,25,34,16,2,11,0,3,2,1,0,0,0,0,0,0,0,5,1,0,0,1,0,0,0,0,0,1,0,0,1,0,2,2
Zweitstimme,"05W304","05",Spandau,"304",W,3S,3,78,W,973,652,321,0,372,1,369,3,103,158,25,15,36,12,2,7,2,3,0,1,0,0,1,0,0,0,0,1,0,0,0,1,0,0,0,0,0,0,0,0,0,0,2,0
Zweitstimme,"05W305","05",Spandau,"305",W,3V,3,78,W,1163,998,165,0,386,4,376,1,86,140,28,25,47,13,3,15,3,1,1,1,0,1,1,0,0,0,0,2,0,0,0,2,0,0,0,1,0,0,0,0,2,1,2,1
Zweitstimme,"05W306","05",Spandau,"306",W,3E,3,78,W,811,528,283,0,242,1,241,1,46,106,28,12,16,5,5,9,1,2,0,0,0,0,1,0,0,0,0,1,0,0,0,2,0,0,0,0,0,0,1,0,1,1,2,2
Zweitstimme,"05W307","05",Spandau,"307",W,3Q,3,78,W,1233,997,236,0,323,1,319,4,47,109,26,20,69,11,6,13,2,1,2,1,0,0,0,0,0,0,1,4,0,0,0,1,0,0,0,0,0,1,0,0,0,1,2,2
Zweitstimme,"05W308","05",Spandau,"308",W,3R,3,78,W,1149,867,282,0,385,4,383,2,82,132,35,18,64,12,3,17,4,3,1,0,0,0,0,0,0,0,0,5,0,0,0,2,0,0,0,0,0,0,1,0,0,2,0,2
Zweitstimme,"05W309","05",Spandau,"309",W,3R,3,78,W,1277,936,341,0,289,0,283,4,70,104,17,11,37,12,4,7,0,4,0,0,0,0,0,0,0,1,1,3,1,0,0,1,0,0,0,0,0,0,0,0,3,0,5,2
Zweitstimme,"05W310","05",Spandau,"310",W,3A,3,78,W,1139,858,280,1,352,6,352,0,60,91,46,23,67,19,7,15,4,3,0,0,0,0,0,0,0,1,1,6,0,0,0,1,0,0,1,0,0,0,0,0,0,2,3,2
Zweitstimme,"05W311","05",Spandau,"311",W,3A,3,78,W,1100,841,259,0,391,7,387,3,89,104,62,37,36,19,6,19,3,2,1,1,1,0,0,0,0,0,0,0,0,0,0,2,0,0,1,2,0,0,0,0,0,0,1,1
Zweitstimme,"05W312","05",Spandau,"312",W,3E,3,78,W,909,676,233,0,311,2,310,1,60,99,38,25,38,10,6,19,1,1,0,1,1,0,0,0,0,0,0,3,0,0,0,0,0,0,1,0,0,5,0,0,0,0,1,1
Zweitstimme,"05W313","05",Spandau,"313",W,3G,3,78,W,1284,969,315,0,411,3,403,8,81,118,46,27,66,21,10,11,5,2,0,2,0,0,0,0,0,0,0,2,0,0,0,2,0,0,1,2,0,3,0,0,0,1,1,2
Zweitstimme,"05W314","05",Spandau,"314",W,3D,3,78,W,1160,898,262,0,426,2,421,5,95,121,43,26,64,25,9,19,3,1,0,1,0,0,0,0,0,0,0,3,0,0,0,1,0,0,1,1,0,3,1,0,0,0,2,2
Zweitstimme,"05W315","05",Spandau,"315",W,3K,3,78,W,1125,732,393,0,467,1,462,4,92,133,107,33,29,19,9,18,4,0,0,0,0,0,0,0,0,0,1,1,2,0,0,4,0,0,0,0,0,0,1,0,1,2,2,4
Zweitstimme,"05W316","05",Spandau,"316",W,3B,3,78,W,1253,925,328,0,393,7,387,6,66,106,40,25,64,24,6,28,2,3,2,0,1,0,0,0,0,2,0,6,0,0,0,5,0,0,0,0,0,0,1,0,0,2,2,2
Zweitstimme,"05W317","05",Spandau,"317",W,3P,3,78,W,1055,886,169,0,313,5,304,7,57,107,31,13,59,9,4,9,1,1,1,1,0,1,0,0,0,0,0,0,1,0,0,5,0,0,0,0,0,0,0,0,1,0,1,2
Zweitstimme,"05W318","05",Spandau,"318",W,3B,3,78,W,1144,816,328,0,321,2,320,1,72,101,45,31,31,9,8,7,3,2,0,2,0,0,0,0,0,0,1,3,0,0,0,1,0,0,1,0,0,0,0,0,1,1,0,1
Zweitstimme,"05W319","05",Spandau,"319",W,3K,3,78,W,641,560,81,0,178,0,175,2,57,55,7,10,19,6,3,8,0,1,0,0,1,0,0,0,0,0,0,2,0,0,0,3,0,0,0,0,0,0,0,0,0,0,3,0
Zweitstimme,"05W320","05",Spandau,"320",W,3Q,3,78,W,916,778,138,0,289,1,283,6,60,92,14,12,68,9,2,8,0,1,0,1,0,0,0,0,0,0,0,2,2,0,0,2,0,0,0,0,0,1,0,0,4,1,3,1
Zweitstimme,"05W321","05",Spandau,"321",W,3C,3,78,W,1104,811,293,0,319,4,313,6,61,102,45,18,34,11,2,15,4,2,0,2,0,0,0,0,0,1,1,2,0,0,0,3,0,0,1,0,0,1,0,0,0,3,3,2
Zweitstimme,"05W322","05",Spandau,"322",W,3C,3,78,W,1064,803,261,0,328,6,320,6,57,110,35,21,40,15,6,19,1,4,1,0,0,0,0,0,0,0,1,2,1,0,0,2,0,0,0,1,0,0,1,0,0,1,1,1
Zweitstimme,"05W323","05",Spandau,"323",W,3M,3,78,W,836,640,196,0,214,3,212,2,41,88,27,12,13,9,3,3,0,1,0,2,0,0,0,0,0,0,0,2,2,0,0,0,0,0,0,0,0,0,0,0,0,1,7,1
Zweitstimme,"05W324","05",Spandau,"324",W,3L,3,78,W,1078,840,238,0,337,2,331,5,65,101,25,31,44,18,5,19,4,3,0,2,0,1,0,0,0,0,0,5,0,0,0,4,0,0,1,0,0,0,1,0,2,0,0,0
Zweitstimme,"05W325","05",Spandau,"325",W,3J,3,78,W,1212,899,313,0,425,7,420,5,80,126,70,39,36,20,12,4,4,1,0,2,1,1,1,0,0,0,3,10,0,0,0,2,0,0,0,0,0,1,1,0,2,0,2,2
Zweitstimme,"05W326","05",Spandau,"326",W,3D,3,78,W,1063,749,314,0,260,1,257,3,70,94,19,5,31,6,7,10,1,3,0,0,0,0,0,0,0,0,1,0,0,0,0,3,0,0,0,0,0,0,0,0,1,1,3,2
Zweitstimme,"05W327","05",Spandau,"327",W,3J,3,78,W,1039,756,283,0,363,5,355,5,68,108,50,33,34,17,8,12,3,2,1,1,0,0,1,0,0,0,1,5,0,0,0,1,0,0,0,0,0,0,0,0,1,3,5,1
Zweitstimme,"05W328","05",Spandau,"328",W,3H,3,78,W,1191,874,317,0,381,5,375,5,81,110,56,28,42,20,5,14,1,6,0,2,0,0,1,0,0,0,0,1,0,0,0,0,0,0,1,0,0,1,0,0,0,0,3,3
Zweitstimme,"05W329","05",Spandau,"329",W,3H,3,78,W,933,704,229,0,289,3,284,5,62,80,44,24,28,13,5,10,2,3,0,1,0,1,0,0,0,0,2,0,0,0,0,0,0,0,1,0,0,1,0,0,0,1,4,2
Zweitstimme,"05W330","05",Spandau,"330",W,3U,3,78,W,705,543,162,0,204,0,202,2,34,51,21,17,32,15,1,17,1,1,0,0,0,0,0,0,0,0,0,1,1,0,0,1,0,0,0,0,0,1,0,0,3,0,2,3
Zweitstimme,"05W331","05",Spandau,"331",W,3T,3,78,W,562,451,111,0,171,3,169,2,39,54,16,10,18,16,2,4,0,0,0,0,0,0,0,0,0,0,0,1,0,0,0,2,0,0,0,0,0,0,0,0,0,1,6,0
Zweitstimme,"05W332","05",Spandau,"332",W,3V,3,78,W,387,280,107,0,91,2,89,2,16,30,14,3,4,6,0,4,1,0,0,0,0,0,0,0,0,0,0,1,0,0,0,2,0,0,0,0,0,0,0,0,0,0,8,0
Zweitstimme,"05B3A","05",Spandau,3A,B,3A,3,78,W,0,0,0,0,527,527,520,6,103,151,88,32,51,33,11,14,7,2,0,1,0,2,0,0,0,0,3,5,0,0,0,3,0,0,3,1,0,1,0,0,1,1,2,5
Zweitstimme,"05B3B","05",Spandau,3B,B,3B,3,78,W,0,0,0,0,582,582,579,3,125,179,91,37,67,22,9,22,2,5,0,1,0,0,0,0,0,0,1,3,1,0,0,1,0,0,2,1,0,4,2,0,0,1,0,3
Zweitstimme,"05B3C","05",Spandau,3C,B,3C,3,78,W,0,0,0,0,486,486,480,4,145,136,70,24,41,24,2,15,2,5,3,0,0,0,0,0,0,0,1,1,0,0,0,3,0,0,0,0,0,0,1,0,4,0,2,1
Zweitstimme,"05B3D","05",Spandau,3D,B,3D,3,78,W,0,0,0,0,522,522,519,3,118,199,58,29,36,25,7,16,1,4,2,4,1,0,0,0,0,0,0,2,2,0,0,1,0,0,0,1,0,1,1,0,5,3,0,3
Zweitstimme,"05B3E","05",Spandau,3E,B,3E,3,78,W,0,0,0,0,473,473,469,4,89,214,50,21,36,24,0,18,0,4,1,2,1,0,0,0,0,0,0,4,0,0,0,2,0,0,0,0,0,0,0,0,2,0,0,1
Zweitstimme,"05B3F","05",Spandau,3F,B,3F,3,78,W,0,0,0,0,420,420,417,3,80,165,49,24,40,23,7,16,0,0,0,0,0,0,0,0,0,0,0,1,0,0,0,4,0,0,0,0,0,1,0,0,1,1,3,2
Zweitstimme,"05B3G","05",Spandau,3G,B,3G,3,78,W,0,0,0,0,281,281,278,3,56,97,34,13,31,13,5,12,1,2,1,0,0,0,0,1,0,0,1,1,2,0,0,1,0,0,0,0,0,1,0,0,0,1,2,3
Zweitstimme,"05B3H","05",Spandau,3H,B,3H,3,78,W,0,0,0,0,483,483,478,2,93,154,81,32,39,23,13,12,1,4,0,2,0,0,0,0,0,0,0,3,1,0,0,4,0,0,4,0,0,1,2,0,2,0,2,5
Zweitstimme,"05B3J","05",Spandau,3J,B,3J,3,78,W,0,0,0,0,521,521,519,2,102,149,100,37,29,38,16,21,3,3,0,0,1,0,1,0,0,2,0,2,1,0,0,1,0,0,1,0,0,1,1,0,2,0,3,5
Zweitstimme,"05B3K","05",Spandau,3K,B,3K,3,78,W,0,0,0,0,439,439,434,2,88,170,62,20,23,20,5,10,5,9,1,0,0,0,0,0,0,0,4,3,2,0,0,3,0,0,0,0,0,0,1,0,1,1,4,2
Zweitstimme,"05B3L","05",Spandau,3L,B,3L,3,78,W,0,0,0,0,205,205,204,1,46,76,25,10,23,6,2,11,0,1,0,1,0,0,0,0,0,0,0,0,0,0,0,1,0,0,0,0,0,0,0,0,1,0,0,1
Zweitstimme,"05B3M","05",Spandau,3M,B,3M,3,78,W,0,0,0,0,166,166,163,3,37,60,16,4,9,16,2,10,0,2,0,0,0,0,0,0,0,0,0,0,1,0,0,1,0,0,0,0,0,0,0,0,0,0,4,1
Zweitstimme,"05B3N","05",Spandau,3N,B,3N,3,78,W,0,0,0,0,284,284,284,0,66,134,17,9,24,8,2,6,1,2,1,0,2,0,0,0,0,0,0,5,1,0,0,0,0,0,0,2,0,0,1,0,2,0,0,1
Zweitstimme,"05B3P","05",Spandau,3P,B,3P,3,78,W,0,0,0,0,143,143,143,0,28,48,17,7,18,5,2,8,0,0,0,0,0,0,0,1,0,0,0,1,1,0,0,3,0,0,0,0,0,0,0,0,2,0,2,0
Zweitstimme,"05B3Q","05",Spandau,3Q,B,3Q,3,78,W,0,0,0,0,326,326,324,2,74,125,32,17,17,14,2,23,1,3,0,0,0,0,0,0,0,0,0,0,0,0,0,5,0,0,0,1,0,0,1,0,4,0,2,3
Zweitstimme,"05B3R","05",Spandau,3R,B,3R,3,78,W,0,0,0,0,538,538,538,0,115,270,53,17,36,9,2,11,0,3,1,2,0,0,0,0,0,0,0,1,1,0,0,5,0,0,0,0,0,1,2,0,3,0,6,0
Zweitstimme,"05B3S","05",Spandau,3S,B,3S,3,78,W,0,0,0,0,280,280,280,0,50,133,35,8,22,11,0,7,1,1,0,2,0,0,0,0,0,0,0,0,0,0,0,2,0,0,0,1,0,1,1,0,1,0,2,2
Zweitstimme,"05B3T","05",Spandau,3T,B,3T,3,78,W,0,0,0,0,95,95,95,0,21,40,7,4,5,2,2,6,1,2,0,0,0,0,0,0,0,0,0,0,0,0,0,1,0,0,0,0,0,0,0,0,0,1,3,0
Zweitstimme,"05B3U","05",Spandau,3U,B,3U,3,78,W,0,0,0,0,120,120,120,0,28,34,20,4,12,7,5,4,0,0,0,1,0,0,0,0,0,0,0,0,0,0,0,1,0,0,1,0,0,0,0,0,1,0,1,1
Zweitstimme,"05B3V","05",Spandau,3V,B,3V,3,78,W,0,0,0,0,224,224,223,1,48,76,37,12,17,13,3,4,0,1,0,4,0,0,0,0,0,0,0,0,1,0,0,3,0,0,1,0,0,0,1,0,1,0,1,0
Zweitstimme,"05W401","05",Spandau,"401",W,4C,4,78,W,1358,857,501,0,378,2,371,7,77,169,28,19,33,12,3,10,2,3,0,1,0,0,0,0,0,0,1,3,0,0,0,2,0,0,0,2,0,0,0,0,2,1,1,2
Zweitstimme,"05W402","05",Spandau,"402",W,4D,4,78,W,701,456,245,0,265,1,263,1,64,109,35,7,23,8,2,7,0,3,1,0,0,0,0,0,0,0,1,1,0,0,0,1,0,0,0,0,0,0,0,0,0,0,1,0
Zweitstimme,"05W403","05",Spandau,"403",W,4C,4,78,W,933,615,318,0,400,4,396,4,108,178,26,9,24,20,2,5,2,1,0,2,0,0,0,0,0,0,2,6,3,0,0,0,0,0,0,0,0,1,0,0,0,0,5,2
Zweitstimme,"05W404","05",Spandau,"404",W,4R,4,78,W,1015,709,306,0,398,0,394,4,77,157,44,16,44,19,4,15,0,2,0,2,0,0,0,0,0,0,0,3,2,0,0,3,0,0,0,0,0,1,0,0,0,0,2,3
Zweitstimme,"05W405","05",Spandau,"405",W,4D,4,78,W,1055,675,380,0,396,1,391,3,82,174,23,15,45,14,6,11,2,3,0,1,0,0,0,0,0,0,0,3,0,0,0,3,0,0,1,0,0,0,0,0,0,1,3,4
Zweitstimme,"05W406","05",Spandau,"406",W,4L,4,78,W,984,695,289,0,327,5,323,4,63,123,16,13,54,13,4,14,2,4,1,1,0,0,0,1,0,1,0,3,0,0,0,2,0,0,1,1,0,1,0,0,2,0,1,2
Zweitstimme,"05W407","05",Spandau,"407",W,4H,4,78,W,979,583,396,0,361,6,356,4,74,138,30,17,54,22,1,9,0,1,0,0,0,0,0,0,0,0,1,2,0,0,0,0,0,0,0,0,0,0,0,0,0,1,3,3
Zweitstimme,"05W408","05",Spandau,"408",W,4F,4,78,W,833,744,89,0,223,0,217,6,55,71,12,11,40,6,5,6,3,1,0,1,0,0,1,1,0,0,0,2,0,0,0,2,0,0,0,0,0,0,0,0,0,0,0,0
Zweitstimme,"05W409","05",Spandau,"409",W,4F,4,78,W,1081,755,326,0,466,6,456,3,100,212,33,14,50,22,4,10,0,2,0,0,0,1,0,0,0,0,0,3,0,0,0,2,0,0,0,0,0,0,0,0,0,0,2,1
Zweitstimme,"05W410","05",Spandau,"410",W,4B,4,78,W,1294,961,333,0,341,1,337,3,83,131,16,13,63,11,1,5,1,3,0,2,0,0,0,0,0,0,0,1,0,0,0,2,0,0,2,0,0,0,0,0,0,0,1,2
Zweitstimme,"05W411","05",Spandau,"411",W,4K,4,78,W,1006,804,202,0,354,2,346,8,52,138,23,17,72,9,5,17,0,3,0,1,0,0,0,0,0,0,0,1,0,0,0,1,0,0,2,0,0,0,0,0,2,0,2,1
Zweitstimme,"05W412","05",Spandau,"412",W,4J,4,78,W,1279,978,301,0,400,1,398,2,75,182,13,7,86,8,2,13,0,3,0,1,0,0,0,0,0,0,0,2,0,0,0,0,0,0,1,0,0,0,0,0,1,1,3,0
Zweitstimme,"05W413","05",Spandau,"413",W,4E,4,78,W,1339,917,422,0,352,2,347,5,74,147,26,8,52,13,4,10,0,1,0,1,1,0,0,0,0,0,1,0,1,0,0,0,0,0,1,0,0,0,0,0,3,0,1,3
Zweitstimme,"05W414","05",Spandau,"414",W,4J,4,78,W,765,625,140,0,266,0,261,5,57,97,10,9,56,9,2,12,2,3,0,1,0,0,0,0,0,0,0,0,1,0,0,0,0,0,1,0,0,0,1,0,0,0,0,0
Zweitstimme,"05W415","05",Spandau,"415",W,4L,4,78,W,1255,979,276,0,324,1,318,5,77,109,9,14,67,7,3,20,2,2,0,2,0,0,0,0,0,0,0,1,0,0,0,0,0,0,1,0,0,1,0,0,0,1,2,0
Zweitstimme,"05W416","05",Spandau,"416",W,4U,4,78,W,1222,702,520,0,353,2,353,0,70,135,37,18,45,15,3,7,2,1,0,1,0,1,0,0,0,0,2,3,2,0,0,3,0,0,0,0,0,0,0,0,0,0,6,2
Zweitstimme,"05W417","05",Spandau,"417",W,4Q,4,78,W,940,610,330,0,384,5,382,2,70,170,38,11,48,24,6,7,1,1,0,0,0,0,0,0,0,0,0,1,1,0,0,2,0,0,0,0,0,0,0,0,0,0,2,0
Zweitstimme,"05W418","05",Spandau,"418",W,4A,4,78,W,718,587,131,0,175,2,170,5,32,72,6,8,30,6,2,5,0,1,1,1,0,0,0,0,0,0,0,1,0,0,0,2,0,0,0,0,0,0,0,0,1,1,0,1
Zweitstimme,"05W419","05",Spandau,"419",W,4S,4,78,W,1078,687,391,0,420,6,419,1,66,208,32,26,41,14,4,9,1,1,0,1,0,0,0,0,0,1,0,3,0,0,0,3,0,0,0,0,0,2,0,0,0,0,6,1
Zweitstimme,"05W420","05",Spandau,"420",W,4T,4,78,W,1072,607,465,0,399,3,393,4,66,168,52,16,36,20,5,10,1,2,1,2,0,1,0,0,0,0,1,3,0,0,0,3,0,0,0,0,0,1,0,0,1,2,0,2
Zweitstimme,"05W421","05",Spandau,"421",W,4G,4,78,W,1195,1015,180,0,351,1,346,4,82,125,22,20,57,12,8,10,0,1,1,2,0,0,0,1,0,0,0,0,0,0,0,2,0,0,0,0,0,1,0,0,0,0,2,0
Zweitstimme,"05W422","05",Spandau,"422",W,4G,4,78,W,951,810,141,0,246,1,237,7,53,75,8,15,52,6,4,10,1,1,3,1,0,0,0,0,0,0,0,1,0,0,0,3,0,0,1,1,0,1,0,0,0,0,0,1
Zweitstimme,"05W423","05",Spandau,"423",W,4A,4,78,W,825,625,200,0,295,1,293,1,69,134,6,11,43,13,3,8,0,0,0,0,1,0,0,0,0,0,0,1,0,0,0,2,0,0,0,0,0,0,0,0,2,0,0,0
Zweitstimme,"05W424","05",Spandau,"424",W,4B,4,78,W,1184,895,289,0,375,1,372,3,100,130,29,14,54,11,0,13,2,3,0,1,0,1,0,0,0,1,0,2,0,0,0,5,0,0,0,0,0,2,0,0,2,0,0,2
Zweitstimme,"05W425","05",Spandau,"425",W,4P,4,78,W,1000,713,287,0,364,6,357,6,62,159,40,8,40,20,4,12,0,0,2,0,0,0,0,0,0,0,0,0,0,0,0,1,0,0,0,0,0,1,1,0,1,1,2,3
Zweitstimme,"05W426","05",Spandau,"426",W,4N,4,78,W,1159,798,361,0,415,5,413,2,76,179,32,21,51,19,2,14,0,1,0,1,0,1,0,0,0,0,0,5,0,0,0,2,0,0,1,0,0,0,0,0,1,0,5,2
Zweitstimme,"05W427","05",Spandau,"427",W,4G,4,78,W,748,617,131,0,213,0,212,1,54,59,14,13,42,13,0,4,3,2,1,1,0,0,0,0,0,0,1,0,0,0,0,4,0,0,0,0,0,0,0,0,1,0,0,0
Zweitstimme,"05W428","05",Spandau,"428",W,4S,4,78,W,1080,715,365,0,457,4,442,13,90,169,20,11,73,16,9,32,1,2,1,1,0,0,0,1,0,0,0,5,2,0,0,4,0,0,1,1,0,1,0,0,0,1,0,1
Zweitstimme,"05W429","05",Spandau,"429",W,4K,4,78,W,935,666,269,0,387,5,382,5,93,139,46,11,46,15,4,7,3,1,0,1,0,2,0,0,0,0,0,4,1,0,0,2,0,0,0,0,0,1,0,0,0,2,2,2
Zweitstimme,"05W430","05",Spandau,"430",W,4M,4,78,W,1002,661,341,0,365,3,359,5,70,151,31,16,42,16,4,17,2,2,0,0,0,0,0,0,0,0,0,2,1,0,0,1,0,0,0,0,0,0,0,0,1,0,2,1
Zweitstimme,"05B4A","05",Spandau,4A,B,4A,4,78,W,0,0,0,0,324,324,318,6,95,130,22,11,26,5,4,10,0,3,1,1,0,0,0,0,0,0,1,1,0,0,0,3,0,0,1,0,0,2,0,0,2,0,0,0
Zweitstimme,"05B4B","05",Spandau,4B,B,4B,4,78,W,0,0,0,0,563,563,563,0,144,260,42,18,41,17,4,18,1,3,0,1,0,0,1,1,0,0,0,1,1,0,0,3,0,0,0,0,0,1,0,0,0,1,2,3
Zweitstimme,"05B4C","05",Spandau,4C,B,4C,4,78,W,0,0,0,0,744,744,744,0,160,348,92,15,43,33,7,20,2,2,0,0,4,1,0,0,0,0,1,4,0,0,0,3,0,0,0,0,0,3,0,0,0,1,0,5
Zweitstimme,"05B4D","05",Spandau,4D,B,4D,4,78,W,0,0,0,0,567,567,565,1,109,289,57,21,34,26,3,9,2,5,0,2,0,0,0,0,0,0,2,0,0,0,0,2,0,0,0,0,0,0,0,0,3,0,1,0
Zweitstimme,"05B4E","05",Spandau,4E,B,4E,4,78,W,0,0,0,0,377,377,374,3,77,177,26,14,28,15,5,16,1,2,1,1,0,0,0,0,0,0,1,0,1,0,0,4,0,0,0,0,0,0,1,0,2,0,0,2
Zweitstimme,"05B4F","05",Spandau,4F,B,4F,4,78,W,0,0,0,0,380,380,376,4,81,187,26,7,40,17,3,9,0,2,0,0,0,0,0,0,0,0,1,0,0,0,0,2,0,0,0,0,0,1,0,0,0,0,0,0
Zweitstimme,"05B4G","05",Spandau,4G,B,4G,4,78,W,0,0,0,0,403,403,400,3,106,169,26,20,29,13,6,13,1,2,0,0,0,0,0,0,0,0,0,3,0,0,0,3,0,0,0,0,0,1,0,0,4,2,2,0
Zweitstimme,"05B4H","05",Spandau,4H,B,4H,4,78,W,0,0,0,0,365,365,363,1,85,179,24,5,31,13,6,5,1,5,0,1,0,0,0,0,0,0,0,1,1,0,0,2,0,0,0,0,0,3,0,0,0,0,0,1
Zweitstimme,"05B4J","05",Spandau,4J,B,4J,4,78,W,0,0,0,0,397,397,393,4,95,155,21,10,46,16,6,22,1,6,3,2,1,0,0,0,0,0,0,0,0,0,0,3,0,0,0,1,0,1,1,0,1,0,0,2
Zweitstimme,"05B4K","05",Spandau,4K,B,4K,4,78,W,0,0,0,0,420,420,415,5,83,193,40,10,33,22,5,17,3,1,0,0,0,0,0,0,0,0,0,0,0,0,0,2,0,0,0,0,0,1,0,0,1,1,0,3
Zweitstimme,"05B4L","05",Spandau,4L,B,4L,4,78,W,0,0,0,0,508,508,504,4,101,244,13,17,48,20,7,26,2,7,0,3,0,0,0,0,0,0,2,0,1,0,0,2,0,0,1,0,0,2,0,0,2,0,5,1
Zweitstimme,"05B4M","05",Spandau,4M,B,4M,4,78,W,0,0,0,0,309,309,309,0,77,133,25,9,28,8,5,14,0,3,0,0,0,0,0,1,0,0,0,0,0,0,0,3,0,0,0,0,0,0,1,0,1,0,0,1
Zweitstimme,"05B4N","05",Spandau,4N,B,4N,4,78,W,0,0,0,0,329,329,324,4,70,152,21,8,29,24,0,10,1,1,0,1,0,0,0,0,0,0,1,0,0,0,0,0,0,0,0,1,0,2,0,0,1,0,0,2
Zweitstimme,"05B4P","05",Spandau,4P,B,4P,4,78,W,0,0,0,0,248,248,248,0,46,120,26,3,20,12,3,11,0,0,0,2,0,0,0,0,0,0,0,1,1,0,0,1,0,0,1,0,0,0,0,0,0,0,0,1
Zweitstimme,"05B4Q","05",Spandau,4Q,B,4Q,4,78,W,0,0,0,0,297,297,293,4,59,140,35,7,20,25,3,2,0,1,0,0,0,0,0,0,0,0,0,0,0,0,0,0,0,0,0,0,0,0,1,0,0,0,0,0
Zweitstimme,"05B4R","05",Spandau,4R,B,4R,4,78,W,0,0,0,0,281,281,278,3,56,119,31,9,29,10,3,13,0,3,1,0,1,0,0,0,0,0,0,0,0,0,0,0,0,0,0,0,0,1,0,0,1,0,0,1
Zweitstimme,"05B4S","05",Spandau,4S,B,4S,4,78,W,0,0,0,0,686,686,683,3,127,341,54,21,47,29,10,23,1,3,0,1,0,1,0,0,0,1,3,2,2,0,0,6,0,0,1,0,0,3,0,0,1,2,1,3
Zweitstimme,"05B4T","05",Spandau,4T,B,4T,4,78,W,0,0,0,0,432,432,430,2,73,210,51,12,32,18,5,10,0,1,1,1,0,0,0,0,0,1,0,1,1,0,0,5,0,0,1,0,0,1,0,0,0,0,4,2
Zweitstimme,"05B4U","05",Spandau,4U,B,4U,4,78,W,0,0,0,0,470,470,469,1,71,294,35,14,12,19,2,11,0,2,0,2,0,0,0,0,0,0,0,2,0,0,0,1,0,0,0,0,0,0,1,0,1,0,0,2
Zweitstimme,"05W501","05",Spandau,"501",W,5E,5,78,W,985,727,258,0,310,0,302,8,50,120,31,23,41,15,4,12,0,1,0,0,0,0,0,0,0,0,0,1,0,0,0,2,0,0,1,0,0,0,0,0,1,0,0,0
Zweitstimme,"05W502","05",Spandau,"502",W,5F,5,78,W,1174,863,311,0,452,2,449,3,117,127,72,19,52,19,6,26,1,0,1,0,0,0,0,1,0,0,0,2,0,0,0,2,0,0,0,0,0,2,0,0,0,0,0,2
Zweitstimme,"05W503","05",Spandau,"503",W,5J,5,78,W,783,506,277,0,364,4,362,2,74,158,41,16,38,18,0,7,1,1,0,1,0,0,0,0,0,0,1,1,0,0,0,0,0,0,0,0,0,0,2,0,0,0,0,3
Zweitstimme,"05W504","05",Spandau,"504",W,5J,5,78,W,911,573,338,0,392,4,388,3,89,164,44,12,28,22,4,7,0,0,0,0,1,0,0,0,0,0,1,2,2,0,0,0,0,0,0,0,0,2,2,0,2,0,3,3
Zweitstimme,"05W505","05",Spandau,"505",W,5H,5,78,W,1098,620,478,0,366,0,362,4,97,147,43,12,29,19,0,7,0,0,0,2,0,0,0,0,0,0,0,3,0,0,0,1,0,0,0,0,0,0,0,0,0,1,0,1
Zweitstimme,"05W506","05",Spandau,"506",W,5A,5,78,W,1065,742,323,0,470,0,464,2,92,211,40,16,41,22,6,15,3,3,1,1,0,0,0,0,0,0,0,1,1,0,0,3,0,0,0,0,0,1,0,0,0,1,3,3
Zweitstimme,"05W507","05",Spandau,"507",W,5L,5,78,W,984,633,351,0,451,2,444,4,77,178,81,10,33,37,6,10,1,2,0,1,0,0,0,0,0,0,2,1,0,0,0,0,0,0,0,0,0,0,0,0,0,0,3,2
Zweitstimme,"05W508","05",Spandau,"508",W,5M,5,78,W,970,606,364,0,431,9,429,2,78,181,65,12,34,25,5,10,0,0,0,0,0,0,0,0,0,0,0,6,0,0,0,0,0,0,0,0,0,2,1,0,1,4,3,2
Zweitstimme,"05W509","05",Spandau,"509",W,5P,5,78,W,695,435,260,0,264,4,258,4,36,108,46,7,24,25,3,3,1,1,0,0,0,0,0,0,0,0,0,1,0,0,0,2,0,0,0,0,0,0,1,0,0,0,0,0
Zweitstimme,"05W510","05",Spandau,"510",W,5R,5,78,W,965,646,319,0,412,1,409,3,88,168,39,17,37,28,3,14,0,0,0,0,0,1,0,0,0,0,3,7,0,0,0,0,0,0,0,0,0,0,0,0,0,2,0,2
Zweitstimme,"05W511","05",Spandau,"511",W,5V,5,78,W,916,550,366,0,401,5,398,3,69,183,51,18,35,31,1,7,0,0,0,0,0,0,0,0,0,0,0,2,0,0,0,0,0,0,0,0,0,0,0,0,0,1,0,0
Zweitstimme,"05W512","05",Spandau,"512",W,5K,5,78,W,858,513,345,0,366,5,365,1,54,195,41,5,24,30,1,8,1,1,0,0,0,0,0,0,0,0,0,2,1,0,0,1,0,0,0,0,0,0,0,0,0,0,0,1
Zweitstimme,"05W513","05",Spandau,"513",W,5Y,5,78,W,970,665,305,0,482,4,478,4,94,213,53,15,36,33,1,11,4,0,0,0,0,0,0,1,0,0,0,2,1,0,0,2,0,0,0,0,0,0,2,0,0,0,2,8
Zweitstimme,"05W514","05",Spandau,"514",W,5D,5,78,W,986,810,176,0,228,0,220,8,43,84,5,10,51,6,3,7,1,2,1,3,0,0,0,0,0,0,0,0,0,0,0,0,0,0,0,0,0,0,0,0,0,0,3,1
Zweitstimme,"05W515","05",Spandau,"515",W,5G,5,78,W,1069,674,395,0,413,5,408,4,89,197,31,16,25,26,3,9,0,3,0,0,0,0,0,0,0,0,0,0,0,0,0,2,0,0,0,0,0,1,0,0,0,2,2,2
Zweitstimme,"05W516","05",Spandau,"516",W,5T,5,78,W,1203,761,442,0,477,8,468,5,112,195,47,18,38,32,4,8,1,2,0,1,0,0,0,0,0,0,1,4,0,0,0,0,0,0,0,0,0,0,0,0,0,0,1,4
Zweitstimme,"05W517","05",Spandau,"517",W,5F,5,78,W,995,760,235,0,351,0,344,6,86,120,22,7,56,9,5,16,2,4,1,1,0,0,0,0,0,0,3,3,0,0,0,2,0,0,0,0,0,0,0,0,3,1,1,2
Zweitstimme,"05W518","05",Spandau,"518",W,5Z,5,78,W,913,526,387,0,395,10,390,3,48,201,45,6,41,24,3,8,2,0,0,0,0,0,0,0,0,0,2,0,0,0,0,1,0,0,0,0,0,2,2,0,0,1,0,4
Zweitstimme,"05W519","05",Spandau,"519",W,5B,5,78,W,970,701,269,0,319,1,310,7,63,125,21,10,53,13,3,13,1,2,0,0,0,0,0,0,0,0,0,1,1,0,0,2,0,0,0,0,0,0,0,0,1,0,1,0
Zweitstimme,"05W520","05",Spandau,"520",W,5B,5,78,W,1129,874,255,0,314,3,309,4,65,124,16,9,58,9,2,12,3,1,0,0,0,1,0,0,0,0,0,1,0,0,0,2,0,0,0,0,0,0,0,0,3,0,2,1
Zweitstimme,"05W521","05",Spandau,"521",W,5D,5,78,W,1108,963,145,0,289,0,284,4,67,90,13,18,54,7,5,14,2,1,0,1,0,0,0,1,0,0,0,0,0,0,0,1,0,0,1,0,0,0,0,0,1,0,6,2
Zweitstimme,"05W522","05",Spandau,"522",W,5Q,5,78,W,954,602,352,0,410,5,409,1,91,161,54,27,44,13,2,5,2,2,0,0,0,0,0,0,0,0,1,1,0,0,0,0,0,0,0,0,0,0,0,0,0,0,1,5
Zweitstimme,"05W523","05",Spandau,"523",W,5W,5,78,W,952,568,384,0,381,5,380,1,61,188,47,9,36,26,3,4,0,0,0,0,0,0,0,0,0,0,0,0,0,0,0,1,0,0,1,0,0,0,1,0,0,1,0,2
Zweitstimme,"05W524","05",Spandau,"524",W,5S,5,78,W,967,554,413,0,411,8,407,4,89,165,70,10,26,24,2,9,0,1,0,1,0,0,0,0,0,0,0,4,0,0,0,0,0,0,1,0,0,1,0,0,0,0,0,4
Zweitstimme,"05W525","05",Spandau,"525",W,5L,5,78,W,799,487,312,0,353,2,351,2,54,156,48,14,33,25,5,5,0,1,0,0,1,0,0,0,0,0,0,2,0,0,0,1,0,0,0,0,0,0,1,0,1,0,3,1
Zweitstimme,"05W526","05",Spandau,"526",W,5C,5,78,W,1113,763,350,0,423,3,418,5,96,155,40,12,65,16,5,11,0,1,2,1,0,0,0,0,0,0,0,3,1,0,0,5,0,0,0,0,0,2,0,0,0,1,1,1
Zweitstimme,"05W527","05",Spandau,"527",W,5D,5,78,W,1395,1216,179,0,248,2,242,6,59,58,13,10,63,11,7,8,0,1,0,1,0,0,0,0,0,1,0,1,0,0,0,1,0,0,0,0,0,0,0,0,1,3,3,1
Zweitstimme,"05W528","05",Spandau,"528",W,5R,5,78,W,884,606,278,0,379,2,373,6,80,162,43,9,25,32,3,9,0,2,0,0,0,0,0,0,0,0,1,1,0,0,0,1,0,0,0,1,0,1,0,0,0,1,1,1
Zweitstimme,"05W529","05",Spandau,"529",W,5U,5,78,W,899,543,356,0,394,17,394,0,54,198,48,18,24,28,1,10,1,1,0,0,0,0,0,0,0,0,2,3,1,0,0,0,0,0,0,0,0,0,1,0,0,0,1,3
Zweitstimme,"05W530","05",Spandau,"530",W,5E,5,78,W,954,721,233,0,323,1,320,3,65,109,21,22,43,12,3,16,3,6,1,0,0,1,0,1,0,0,1,2,0,0,0,2,0,0,1,0,0,1,1,0,2,5,0,2
Zweitstimme,"05W531","05",Spandau,"531",W,5N,5,78,W,786,526,260,0,351,11,346,1,46,133,47,9,52,17,6,16,5,2,0,0,0,1,0,0,0,0,2,3,0,0,0,3,0,0,0,0,0,0,0,0,0,1,0,3
Zweitstimme,"05W532","05",Spandau,"532",W,5X,5,78,W,1022,742,280,0,539,5,536,2,81,242,77,20,48,38,6,12,1,1,0,1,0,0,0,0,0,0,0,2,0,0,0,0,0,0,0,2,0,0,2,0,0,0,1,2
Zweitstimme,"05B5A","05",Spandau,5A,B,5A,5,78,W,0,0,0,0,337,337,335,1,89,156,34,3,14,24,6,1,0,1,0,0,0,0,0,0,0,0,1,0,0,0,0,1,0,0,0,0,0,2,0,0,0,0,3,0
Zweitstimme,"05B5B","05",Spandau,5B,B,5B,5,78,W,0,0,0,0,476,476,469,6,109,242,29,2,27,28,4,16,0,2,0,2,0,0,0,0,0,0,1,0,0,0,0,2,0,0,0,0,0,0,0,0,3,0,1,1
Zweitstimme,"05B5C","05",Spandau,5C,B,5C,5,78,W,0,0,0,0,309,309,305,2,79,156,14,7,20,10,4,9,1,2,0,1,0,0,0,0,0,0,0,0,0,0,0,1,0,0,0,0,0,0,0,0,1,0,0,0
Zweitstimme,"05B5D","05",Spandau,5D,B,5D,5,78,W,0,0,0,0,442,442,440,2,127,151,24,12,69,18,5,13,1,7,0,1,0,0,0,0,0,0,0,0,3,0,0,1,0,0,3,0,0,2,0,0,1,0,1,1
Zweitstimme,"05B5E","05",Spandau,5E,B,5E,5,78,W,0,0,0,0,438,438,435,3,113,160,53,15,29,13,3,24,2,4,1,0,0,0,0,1,0,0,2,5,1,0,0,4,0,0,0,0,0,0,0,0,4,1,0,0
Zweitstimme,"05B5F","05",Spandau,5F,B,5F,5,78,W,0,0,0,0,496,496,490,6,133,197,55,19,28,15,5,22,1,4,0,0,0,1,0,0,0,0,0,0,1,0,0,0,0,0,1,0,0,2,0,0,3,0,3,0
Zweitstimme,"05B5G","05",Spandau,5G,B,5G,5,78,W,0,0,0,0,360,360,358,2,66,192,39,9,15,11,3,10,0,2,0,2,0,0,0,1,0,0,0,1,0,0,0,2,0,0,0,0,0,1,0,0,0,1,3,0
Zweitstimme,"05B5H","05",Spandau,5H,B,5H,5,78,W,0,0,0,0,437,437,436,1,106,203,47,6,27,29,1,8,2,1,0,0,0,0,0,0,0,0,0,1,0,0,0,0,0,0,0,0,0,0,0,0,1,1,0,3
Zweitstimme,"05B5J","05",Spandau,5J,B,5J,5,78,W,0,0,0,0,563,563,561,2,113,282,54,18,30,40,3,9,1,1,0,1,0,0,0,0,0,0,1,0,3,0,0,1,0,0,1,0,0,0,0,0,0,1,0,2
Zweitstimme,"05B5K","05",Spandau,5K,B,5K,5,78,W,0,0,0,0,298,298,298,0,62,155,19,11,8,25,1,9,3,1,1,0,0,0,0,0,0,0,0,2,0,0,0,0,0,0,0,0,0,0,0,0,0,0,0,1
Zweitstimme,"05B5L","05",Spandau,5L,B,5L,5,78,W,0,0,0,0,615,615,613,2,127,276,77,25,28,49,6,11,0,3,0,3,1,0,0,0,0,0,3,0,1,0,0,0,0,0,0,0,0,0,0,0,0,1,1,1
Zweitstimme,"05B5M","05",Spandau,5M,B,5M,5,78,W,0,0,0,0,327,327,326,1,56,143,51,15,16,29,2,8,1,0,0,0,0,0,0,0,0,0,2,1,0,0,0,0,0,0,0,0,0,0,0,0,0,0,0,2
Zweitstimme,"05B5N","05",Spandau,5N,B,5N,5,78,W,0,0,0,0,231,231,231,0,24,108,39,14,17,8,4,9,0,1,0,2,0,0,0,0,0,0,1,1,0,0,0,1,0,0,0,0,0,0,0,0,0,1,0,1
Zweitstimme,"05B5P","05",Spandau,5P,B,5P,5,78,W,0,0,0,0,234,234,234,0,30,107,32,5,15,23,2,3,0,1,0,0,0,0,0,1,0,0,4,3,0,0,0,2,0,0,0,0,0,0,0,0,0,2,3,1
Zweitstimme,"05B5Q","05",Spandau,5Q,B,5Q,5,78,W,0,0,0,0,321,321,319,2,86,131,53,10,14,7,8,5,0,0,0,0,0,0,0,0,0,0,1,0,0,0,0,0,0,0,0,0,0,0,0,0,1,0,0,3
Zweitstimme,"05B5R","05",Spandau,5R,B,5R,5,78,W,0,0,0,0,543,543,540,1,111,251,74,14,32,28,3,13,0,1,1,1,0,3,0,0,0,0,0,3,1,0,0,0,0,0,0,1,0,2,0,0,0,0,0,1
Zweitstimme,"05B5S","05",Spandau,5S,B,5S,5,78,W,0,0,0,0,379,379,376,2,90,187,36,9,19,22,1,4,0,3,1,1,0,0,0,0,0,0,0,0,0,0,0,1,0,0,0,0,0,1,1,0,0,0,0,0
Zweitstimme,"05B5T","05",Spandau,5T,B,5T,5,78,W,0,0,0,0,398,398,395,1,76,188,42,18,18,30,0,8,0,2,0,1,0,0,0,0,0,0,0,2,1,0,0,1,0,0,0,0,0,0,2,0,0,4,2,0
Zweitstimme,"05B5U","05",Spandau,5U,B,5U,5,78,W,0,0,0,0,321,321,321,0,59,158,35,10,11,23,1,16,1,0,0,0,1,0,0,0,0,0,1,0,0,0,0,0,0,0,1,0,0,1,0,0,0,0,1,2
Zweitstimme,"05B5V","05",Spandau,5V,B,5V,5,78,W,0,0,0,0,336,336,336,0,58,168,48,8,21,25,1,7,0,0,0,0,0,0,0,0,0,0,0,0,0,0,0,0,0,0,0,0,0,0,0,0,0,0,0,0
Zweitstimme,"05B5W","05",Spandau,5W,B,5W,5,78,W,0,0,0,0,342,342,342,0,64,182,43,10,9,19,2,4,0,2,0,0,0,0,0,0,0,0,0,2,0,0,0,2,0,0,1,0,0,0,0,0,1,1,0,0
Zweitstimme,"05B5X","05",Spandau,5X,B,5X,5,78,W,0,0,0,0,259,259,257,1,52,121,26,5,18,18,3,7,0,0,0,2,0,0,0,0,0,0,0,1,0,0,0,0,0,0,0,0,0,2,0,0,0,0,1,1
Zweitstimme,"05B5Y","05",Spandau,5Y,B,5Y,5,78,W,0,0,0,0,274,274,272,2,46,130,27,6,14,28,1,11,0,0,0,0,0,1,0,0,0,0,1,0,0,0,0,3,0,0,1,0,0,0,0,0,0,0,2,1
Zweitstimme,"05B5Z","05",Spandau,5Z,B,5Z,5,78,W,0,0,0,0,351,351,347,4,59,172,49,5,13,40,0,7,0,1,0,0,0,0,0,0,0,0,1,0,0,0,0,0,0,0,0,0,0,0,0,0,0,0,0,0
Zweitstimme,"06W101","06",Steglitz-Zehlendorf,"101",W,1A,1,79,W,1246,676,570,0,448,7,446,2,74,160,101,29,20,34,2,5,1,0,1,0,1,1,0,0,0,0,0,6,0,0,0,3,0,0,1,0,0,0,0,0,0,0,1,6
Zweitstimme,"06W102","06",Steglitz-Zehlendorf,"102",W,1B,1,79,W,1288,678,610,0,432,5,431,0,115,108,97,28,21,32,2,11,2,1,0,0,1,1,0,0,0,0,0,2,0,0,0,0,0,0,0,0,0,0,1,0,1,0,4,4
Zweitstimme,"06W103","06",Steglitz-Zehlendorf,"103",W,1C,1,79,W,1248,788,460,0,406,10,402,4,83,85,100,41,24,22,7,13,2,0,0,0,0,1,0,0,0,1,0,1,0,0,0,4,0,0,0,1,0,1,0,0,3,4,2,7
Zweitstimme,"06W104","06",Steglitz-Zehlendorf,"104",W,1D,1,79,W,1296,761,535,0,472,13,469,3,110,100,135,46,26,23,5,9,2,0,0,0,0,0,0,0,0,0,0,2,0,0,0,1,0,0,0,2,0,0,3,0,1,0,0,4
Zweitstimme,"06W105","06",Steglitz-Zehlendorf,"105",W,1E,1,79,W,1157,678,479,0,325,9,324,1,76,81,63,37,21,16,4,7,1,1,1,1,0,0,0,0,0,0,0,3,0,0,0,1,0,0,0,0,0,0,2,0,1,2,2,4
Zweitstimme,"06W106","06",Steglitz-Zehlendorf,"106",W,1F,1,79,W,1146,776,370,0,366,10,364,2,62,107,77,27,31,22,8,8,3,1,0,2,0,0,0,0,0,0,2,3,1,0,0,4,0,0,1,0,0,0,1,0,2,0,1,1
Zweitstimme,"06W107","06",Steglitz-Zehlendorf,"107",W,1G,1,79,W,1190,729,461,0,439,6,434,5,97,130,80,24,26,26,12,8,0,4,2,2,0,0,0,0,0,0,1,5,0,0,0,1,0,0,1,1,0,2,2,0,0,2,2,6
Zweitstimme,"06W108","06",Steglitz-Zehlendorf,"108",W,1H,1,79,W,1285,696,589,0,482,9,480,2,108,130,123,42,22,25,3,11,0,0,0,0,1,0,0,0,0,0,0,2,0,0,0,2,0,0,1,0,0,2,1,0,1,0,0,6
Zweitstimme,"06W109","06",Steglitz-Zehlendorf,"109",W,1J,1,79,W,1287,838,449,0,514,5,513,1,104,140,126,50,24,34,7,6,1,2,1,0,1,0,0,0,0,0,0,3,1,0,0,0,0,0,0,0,0,0,1,0,1,0,2,9
Zweitstimme,"06W110","06",Steglitz-Zehlendorf,"110",W,1K,1,79,W,1136,680,456,0,386,12,385,1,86,98,101,19,21,22,5,9,1,1,0,0,1,3,0,0,0,0,0,2,0,0,0,1,0,0,2,0,0,0,0,0,1,0,1,11
Zweitstimme,"06W111","06",Steglitz-Zehlendorf,"111",W,1L,1,79,W,1129,722,407,0,445,7,443,2,103,119,90,32,40,20,5,10,2,0,0,1,0,1,0,0,0,1,2,3,0,0,0,2,0,0,1,0,0,2,1,0,0,0,0,8
Zweitstimme,"06W112","06",Steglitz-Zehlendorf,"112",W,1M,1,79,W,1243,866,377,0,446,1,438,8,70,127,87,37,39,27,4,23,0,6,0,0,0,0,0,0,0,0,0,3,0,0,0,3,0,0,2,0,0,3,2,0,0,0,1,4
Zweitstimme,"06W113","06",Steglitz-Zehlendorf,"113",W,1N,1,79,W,1184,778,406,0,319,5,315,3,47,90,46,31,41,22,10,11,0,1,0,0,0,0,0,0,0,0,1,1,0,0,0,2,0,0,3,0,0,0,0,0,1,3,4,1
Zweitstimme,"06W114","06",Steglitz-Zehlendorf,"114",W,1P,1,79,W,1204,714,490,0,400,6,398,2,69,120,92,30,18,39,6,8,0,2,0,0,0,0,0,0,0,0,0,1,0,0,0,0,0,0,0,0,0,1,0,0,0,1,1,10
Zweitstimme,"06W115","06",Steglitz-Zehlendorf,"115",W,1Q,1,79,W,1238,832,406,0,417,3,413,4,90,103,91,30,32,30,9,8,1,3,2,0,0,0,1,0,0,0,0,0,0,0,0,1,0,0,0,0,0,1,4,0,0,0,2,5
Zweitstimme,"06W116","06",Steglitz-Zehlendorf,"116",W,1R,1,79,W,1230,744,486,0,497,13,492,5,119,109,114,45,38,26,5,10,5,0,0,1,0,0,0,0,0,0,2,9,0,0,0,0,0,0,0,0,0,1,1,0,0,1,0,6
Zweitstimme,"06W117","06",Steglitz-Zehlendorf,"117",W,1S,1,79,W,1177,632,545,0,356,3,355,1,62,112,70,20,30,28,6,10,1,1,0,1,0,0,0,0,0,0,0,3,1,0,0,2,0,0,0,0,0,0,2,0,1,0,1,4
Zweitstimme,"06W118","06",Steglitz-Zehlendorf,"118",W,1T,1,79,W,1240,706,534,0,441,5,437,3,87,125,98,31,23,43,2,9,1,0,0,1,0,0,0,0,0,1,0,4,0,0,0,0,0,0,0,0,0,0,1,0,3,0,0,8
Zweitstimme,"06W119","06",Steglitz-Zehlendorf,"119",W,1U,1,79,W,1213,738,475,0,428,0,424,3,97,95,119,32,29,22,9,8,1,0,0,0,0,0,0,1,0,0,0,1,0,0,0,2,0,0,1,1,0,0,0,0,1,2,2,1
Zweitstimme,"06W120","06",Steglitz-Zehlendorf,"120",W,1V,1,79,W,1096,697,399,0,438,8,438,0,77,116,123,38,31,18,5,8,4,1,0,0,1,1,0,1,0,0,0,7,0,0,0,1,0,0,0,0,0,0,0,0,0,0,0,6
Zweitstimme,"06W121","06",Steglitz-Zehlendorf,"121",W,1W,1,79,W,1193,744,449,0,453,6,452,1,92,140,86,40,23,32,9,10,2,2,0,0,1,0,0,0,0,0,0,3,1,0,0,1,0,0,0,1,0,0,1,0,2,0,0,6
Zweitstimme,"06W122","06",Steglitz-Zehlendorf,"122",W,1X,1,79,W,1296,786,510,0,454,6,450,4,83,119,105,37,35,31,6,12,1,2,1,0,0,1,1,0,0,0,1,1,1,0,0,3,0,0,1,0,0,0,0,0,2,3,0,4
Zweitstimme,"06W123","06",Steglitz-Zehlendorf,"123",W,1Y,1,79,W,1173,736,437,0,443,8,440,3,91,96,110,46,21,38,3,8,0,0,1,1,0,0,0,0,0,0,0,3,0,0,0,2,0,0,2,1,0,0,2,0,1,0,4,10
Zweitstimme,"06W124","06",Steglitz-Zehlendorf,"124",W,1Z,1,79,W,1274,771,503,0,434,15,431,2,94,102,118,34,25,17,7,10,2,2,1,1,0,0,0,0,0,0,0,3,0,0,0,2,0,0,0,0,0,0,0,0,3,0,0,10
Zweitstimme,"06W125","06",Steglitz-Zehlendorf,"125",W,1AA,1,79,W,1246,808,438,0,480,12,477,1,98,106,116,53,40,25,7,9,1,1,0,0,1,0,0,1,0,0,0,4,0,0,0,3,0,0,1,0,0,0,3,0,0,2,3,3
Zweitstimme,"06W126","06",Steglitz-Zehlendorf,"126",W,1AB,1,79,W,1136,706,430,0,391,8,386,5,57,120,83,51,23,16,5,14,1,1,0,1,0,1,0,0,0,0,0,2,0,0,0,1,0,0,0,1,0,0,0,0,1,1,3,4
Zweitstimme,"06B1A","06",Steglitz-Zehlendorf,1A,B,1A,1,79,W,0,0,0,0,568,568,566,1,120,221,95,26,25,42,1,8,0,5,0,0,0,0,0,0,0,0,2,6,0,0,0,1,0,0,1,0,0,2,0,0,3,1,2,5
Zweitstimme,"06B1AA","06",Steglitz-Zehlendorf,1AA,B,1AA,1,79,W,0,0,0,0,393,393,391,2,59,100,125,36,13,20,9,9,3,0,0,0,0,0,0,0,0,0,0,2,1,0,0,4,0,0,0,0,0,0,2,0,1,0,2,5
Zweitstimme,"06B1AB","06",Steglitz-Zehlendorf,1AB,B,1AB,1,79,W,0,0,0,0,388,388,387,1,92,71,110,34,17,21,6,11,1,0,0,1,0,0,0,0,0,0,0,3,2,0,0,0,0,0,0,0,0,0,5,0,1,0,0,12
Zweitstimme,"06B1B","06",Steglitz-Zehlendorf,1B,B,1B,1,79,W,0,0,0,0,568,568,564,4,121,197,119,27,23,43,6,7,3,2,0,2,0,0,0,0,0,0,1,4,0,0,0,1,0,0,0,0,0,0,1,0,3,1,0,3
Zweitstimme,"06B1C","06",Steglitz-Zehlendorf,1C,B,1C,1,79,W,0,0,0,0,413,413,412,0,87,82,144,32,9,28,5,2,0,3,0,1,0,0,0,0,0,0,2,1,0,0,0,2,0,0,2,0,0,2,1,0,1,1,0,7
Zweitstimme,"06B1D","06",Steglitz-Zehlendorf,1D,B,1D,1,79,W,0,0,0,0,488,488,484,1,91,121,163,30,17,31,7,8,1,1,0,0,0,0,0,1,0,0,0,2,0,0,0,1,0,0,1,1,0,0,2,0,0,0,0,6
Zweitstimme,"06B1E","06",Steglitz-Zehlendorf,1E,B,1E,1,79,W,0,0,0,0,441,441,441,0,85,134,105,30,17,38,4,7,1,3,0,0,0,0,0,0,0,0,0,0,0,0,0,1,0,0,1,0,0,1,1,0,1,1,1,10
Zweitstimme,"06B1F","06",Steglitz-Zehlendorf,1F,B,1F,1,79,W,0,0,0,0,334,334,330,4,71,109,57,22,12,28,2,10,0,1,0,2,0,1,0,0,0,0,0,1,0,0,0,1,0,0,1,0,0,1,4,0,1,1,0,5
Zweitstimme,"06B1G","06",Steglitz-Zehlendorf,1G,B,1G,1,79,W,0,0,0,0,424,424,423,1,95,147,67,29,22,26,8,17,2,0,0,1,0,0,0,0,0,0,0,0,2,0,0,2,0,0,0,0,0,1,1,0,0,0,1,2
Zweitstimme,"06B1H","06",Steglitz-Zehlendorf,1H,B,1H,1,79,W,0,0,0,0,541,541,538,3,105,173,123,41,18,55,6,7,1,1,0,0,0,0,0,0,0,0,0,1,0,0,0,1,0,0,1,0,0,1,1,0,0,0,0,3
Zweitstimme,"06B1J","06",Steglitz-Zehlendorf,1J,B,1J,1,79,W,0,0,0,0,405,405,403,2,91,126,96,31,19,20,1,5,1,0,0,1,0,0,0,0,0,0,0,0,0,0,0,3,0,0,1,0,0,1,1,0,0,0,0,6
Zweitstimme,"06B1K","06",Steglitz-Zehlendorf,1K,B,1K,1,79,W,0,0,0,0,419,419,419,0,90,110,108,35,16,26,9,5,0,2,0,0,0,0,0,0,0,0,0,3,0,0,0,0,0,0,0,0,0,0,3,0,0,0,0,12
Zweitstimme,"06B1L","06",Steglitz-Zehlendorf,1L,B,1L,1,79,W,0,0,0,0,373,373,371,1,92,119,79,16,19,16,4,6,1,1,0,0,0,1,0,0,0,0,0,0,1,0,0,4,0,0,2,0,0,2,0,0,2,1,0,5
Zweitstimme,"06B1M","06",Steglitz-Zehlendorf,1M,B,1M,1,79,W,0,0,0,0,347,347,343,4,65,102,73,18,26,26,4,9,1,2,0,1,0,0,0,0,0,1,1,2,1,0,0,2,0,0,0,0,0,3,2,0,0,1,0,3
Zweitstimme,"06B1N","06",Steglitz-Zehlendorf,1N,B,1N,1,79,W,0,0,0,0,352,352,349,1,89,111,59,19,27,13,1,8,3,5,0,3,0,1,0,0,0,0,0,0,1,0,0,4,0,0,0,1,0,0,2,0,0,1,0,1
Zweitstimme,"06B1P","06",Steglitz-Zehlendorf,1P,B,1P,1,79,W,0,0,0,0,463,463,459,3,89,158,110,26,15,37,5,3,1,1,0,2,0,0,0,0,0,0,2,2,0,0,0,0,0,0,1,0,0,1,1,0,1,0,0,4
Zweitstimme,"06B1Q","06",Steglitz-Zehlendorf,1Q,B,1Q,1,79,W,0,0,0,0,374,374,373,1,63,119,88,18,15,33,3,9,2,2,1,1,0,0,0,0,0,1,0,2,0,0,0,1,0,0,3,0,0,1,1,0,1,1,2,6
Zweitstimme,"06B1R","06",Steglitz-Zehlendorf,1R,B,1R,1,79,W,0,0,0,0,445,445,444,1,91,127,112,40,14,32,3,11,1,1,0,2,0,0,0,0,0,0,0,0,0,0,0,2,0,0,0,1,0,0,0,0,2,0,0,5
Zweitstimme,"06B1S","06",Steglitz-Zehlendorf,1S,B,1S,1,79,W,0,0,0,0,501,501,496,5,98,164,113,25,23,35,7,11,0,4,0,0,0,2,0,0,0,1,0,3,0,0,0,1,0,0,1,0,0,1,0,0,0,1,1,5
Zweitstimme,"06B1T","06",Steglitz-Zehlendorf,1T,B,1T,1,79,W,0,0,0,0,498,498,497,1,110,191,100,31,7,39,5,2,0,1,0,1,0,0,0,0,0,0,0,2,0,0,0,0,0,0,1,1,0,1,0,0,1,1,0,3
Zweitstimme,"06B1U","06",Steglitz-Zehlendorf,1U,B,1U,1,79,W,0,0,0,0,426,426,425,0,86,123,111,20,24,29,3,11,1,3,0,0,1,0,0,0,0,0,1,2,0,0,0,2,0,0,0,0,0,0,1,0,1,1,0,5
Zweitstimme,"06B1V","06",Steglitz-Zehlendorf,1V,B,1V,1,79,W,0,0,0,0,363,363,363,0,72,115,98,27,11,16,5,5,1,0,0,0,0,0,0,0,0,0,1,2,0,0,0,0,0,0,1,0,0,1,1,0,1,2,0,4
Zweitstimme,"06B1W","06",Steglitz-Zehlendorf,1W,B,1W,1,79,W,0,0,0,0,407,407,405,2,88,120,100,40,13,25,5,2,3,3,0,0,0,0,0,0,0,0,0,1,0,0,0,0,0,0,0,0,0,0,0,0,0,1,0,4
Zweitstimme,"06B1X","06",Steglitz-Zehlendorf,1X,B,1X,1,79,W,0,0,0,0,478,478,476,2,105,165,96,22,22,27,7,5,2,1,0,2,0,0,0,1,0,0,2,0,3,0,0,3,0,0,2,0,0,0,1,0,1,2,3,4
Zweitstimme,"06B1Y","06",Steglitz-Zehlendorf,1Y,B,1Y,1,79,W,0,0,0,0,407,407,407,0,81,121,93,25,20,36,4,9,2,0,0,0,0,1,2,0,0,0,0,3,0,0,0,0,0,0,1,0,0,1,1,0,0,2,1,4
Zweitstimme,"06B1Z","06",Steglitz-Zehlendorf,1Z,B,1Z,1,79,W,0,0,0,0,441,441,437,3,79,119,119,50,15,17,9,8,0,2,0,0,0,0,0,0,0,1,0,2,1,0,0,0,0,0,4,0,0,0,3,0,1,2,3,2
Zweitstimme,"06W201","06",Steglitz-Zehlendorf,"201",W,2A,2,79,W,1199,770,429,0,460,9,458,2,86,133,106,40,33,30,4,5,1,1,1,0,0,2,1,0,0,0,0,1,0,0,0,0,0,0,0,0,0,1,1,0,2,2,2,6
Zweitstimme,"06W202","06",Steglitz-Zehlendorf,"202",W,2B,2,79,W,1353,891,462,0,513,17,512,1,110,153,102,32,49,28,5,8,0,1,0,0,0,0,0,2,0,0,1,3,1,0,0,0,0,0,1,2,0,0,2,0,1,1,2,8
Zweitstimme,"06W203","06",Steglitz-Zehlendorf,"203",W,2C,2,79,W,1197,824,373,0,399,7,396,3,96,108,77,27,33,22,7,11,1,0,0,2,0,0,0,0,0,0,0,3,0,0,0,1,0,0,1,0,0,1,0,0,0,1,1,4
Zweitstimme,"06W204","06",Steglitz-Zehlendorf,"204",W,2D,2,79,W,1240,856,384,0,509,5,499,9,109,166,80,30,32,35,4,14,0,3,2,2,0,1,0,0,0,0,1,2,0,0,0,2,0,0,2,0,0,0,0,0,2,0,1,11
Zweitstimme,"06W205","06",Steglitz-Zehlendorf,"205",W,2E,2,79,W,1137,762,375,0,368,3,363,5,84,148,49,14,24,16,2,12,2,1,0,2,0,0,0,0,0,0,0,0,0,0,0,4,0,0,0,0,0,0,0,0,0,1,3,1
Zweitstimme,"06W206","06",Steglitz-Zehlendorf,"206",W,2F,2,79,W,1237,795,442,0,508,4,502,4,76,216,87,29,34,31,2,5,2,2,0,2,0,1,0,0,0,0,0,2,0,0,0,1,0,0,0,0,0,2,0,0,2,0,1,7
Zweitstimme,"06W207","06",Steglitz-Zehlendorf,"207",W,2G,2,79,W,1134,694,440,0,330,4,327,3,72,89,68,26,29,12,5,10,0,1,1,0,0,0,1,0,0,0,1,3,0,0,0,1,0,0,0,0,0,4,0,0,0,0,0,4
Zweitstimme,"06W208","06",Steglitz-Zehlendorf,"208",W,2H,2,79,W,1253,817,436,0,422,4,418,3,106,120,69,22,29,30,5,13,1,4,0,0,0,0,1,0,0,1,1,3,0,0,0,2,0,0,0,2,0,3,0,0,0,1,3,2
Zweitstimme,"06W209","06",Steglitz-Zehlendorf,"209",W,2J,2,79,W,1303,808,495,0,410,7,407,3,87,104,92,33,27,32,8,10,0,0,0,1,0,0,0,0,0,0,0,3,0,0,0,1,0,0,1,0,0,0,0,0,1,0,1,6
Zweitstimme,"06W210","06",Steglitz-Zehlendorf,"210",W,2K,2,79,W,1291,778,513,0,502,12,500,2,102,137,125,36,23,36,3,12,1,1,0,3,0,1,0,0,0,0,1,2,1,0,0,1,0,0,1,0,0,0,2,0,1,0,4,7
Zweitstimme,"06W211","06",Steglitz-Zehlendorf,"211",W,2L,2,79,W,1344,785,559,0,416,4,412,4,99,105,80,24,36,39,5,8,1,1,0,0,0,0,0,0,0,1,0,1,1,0,0,3,0,0,0,0,0,1,0,0,1,2,0,4
Zweitstimme,"06W212","06",Steglitz-Zehlendorf,"212",W,2M,2,79,W,1294,758,536,0,422,7,421,1,108,107,73,47,30,17,7,7,0,2,0,0,0,1,0,0,0,1,0,3,1,0,0,4,0,0,0,0,0,0,0,0,1,1,1,10
Zweitstimme,"06W213","06",Steglitz-Zehlendorf,"213",W,2N,2,79,W,1289,881,408,0,406,10,402,4,71,103,76,34,42,32,2,14,1,1,0,0,0,0,1,0,0,1,1,4,1,0,0,0,0,0,3,0,0,1,2,0,0,0,4,8
Zweitstimme,"06W214","06",Steglitz-Zehlendorf,"214",W,2P,2,79,W,1149,746,403,0,455,6,452,1,90,97,117,54,21,27,9,20,1,0,0,1,0,0,0,0,0,0,0,2,0,0,0,1,0,0,1,0,0,0,2,0,0,1,5,3
Zweitstimme,"06W215","06",Steglitz-Zehlendorf,"215",W,2Q,2,79,W,1292,830,462,0,436,8,432,4,78,120,99,26,34,29,7,17,1,1,0,3,1,0,0,0,0,0,3,2,0,0,0,0,0,0,0,2,0,0,0,0,0,1,1,7
Zweitstimme,"06W216","06",Steglitz-Zehlendorf,"216",W,2R,2,79,W,1233,720,513,0,390,10,385,5,74,95,90,31,28,27,6,12,0,1,0,1,0,0,1,0,0,0,2,1,1,0,0,1,0,0,1,0,0,0,2,0,0,1,4,6
Zweitstimme,"06W217","06",Steglitz-Zehlendorf,"217",W,2S,2,79,W,1278,837,441,0,477,6,473,3,92,131,106,40,33,23,9,11,3,1,0,0,0,0,0,0,0,1,2,3,0,0,0,1,0,0,2,4,0,1,2,0,0,3,1,4
Zweitstimme,"06W218","06",Steglitz-Zehlendorf,"218",W,2T,2,79,W,1181,782,399,0,319,7,315,4,48,85,77,34,25,19,5,7,1,3,0,0,0,0,0,0,0,0,0,1,0,0,0,0,0,0,2,0,0,1,1,0,0,0,2,4
Zweitstimme,"06W219","06",Steglitz-Zehlendorf,"219",W,2U,2,79,W,1167,752,415,0,437,6,435,2,86,98,118,52,23,21,6,8,0,0,0,0,0,1,0,0,0,0,0,4,1,0,0,1,0,0,0,0,0,2,2,0,1,1,8,2
Zweitstimme,"06W220","06",Steglitz-Zehlendorf,"220",W,2V,2,79,W,1246,809,437,0,466,5,463,3,98,124,118,45,31,18,5,12,1,1,0,1,0,0,0,0,0,0,0,0,0,0,0,2,0,0,0,0,0,0,0,0,1,0,3,3
Zweitstimme,"06W221","06",Steglitz-Zehlendorf,"221",W,2W,2,79,W,1337,893,444,0,488,1,484,4,100,171,83,26,38,20,3,14,4,5,0,1,0,0,0,0,0,1,0,3,0,0,0,1,0,0,1,0,0,0,1,0,1,4,1,6
Zweitstimme,"06W222","06",Steglitz-Zehlendorf,"222",W,2X,2,79,W,1106,761,345,0,364,4,361,3,77,118,70,20,25,21,7,7,1,2,0,0,0,0,0,0,0,0,3,0,0,0,0,1,0,0,0,0,0,0,0,0,0,1,3,5
Zweitstimme,"06W223","06",Steglitz-Zehlendorf,"223",W,2Y,2,79,W,1079,720,359,0,415,2,405,4,87,116,86,29,29,21,7,10,1,1,0,1,0,0,0,0,0,0,0,5,0,0,0,1,0,0,0,0,0,1,0,0,0,1,3,6
Zweitstimme,"06W224","06",Steglitz-Zehlendorf,"224",W,2Z,2,79,W,1228,841,387,0,437,3,433,2,107,125,85,31,29,20,2,9,1,0,0,1,0,0,1,0,0,0,1,3,0,0,0,3,0,0,0,0,0,0,0,0,2,2,6,5
Zweitstimme,"06W225","06",Steglitz-Zehlendorf,"225",W,2AA,2,79,W,1184,715,469,0,375,1,372,3,81,111,67,37,31,18,5,7,0,3,0,0,1,1,0,0,0,0,1,1,0,0,0,2,0,0,0,0,0,0,0,0,0,0,3,3
Zweitstimme,"06B2A","06",Steglitz-Zehlendorf,2A,B,2A,2,79,W,0,0,0,0,405,405,402,3,105,101,101,24,22,26,5,4,2,1,0,0,0,0,0,0,0,0,0,0,0,0,0,0,0,0,0,1,0,0,1,0,1,3,0,5
Zweitstimme,"06B2AA","06",Steglitz-Zehlendorf,2AA,B,2AA,2,79,W,0,0,0,0,433,433,433,0,96,145,85,24,19,28,6,3,3,2,1,1,0,1,0,0,0,0,0,3,0,0,0,3,0,0,0,0,0,1,0,0,0,4,2,6
Zweitstimme,"06B2B","06",Steglitz-Zehlendorf,2B,B,2B,2,79,W,0,0,0,0,413,413,410,3,107,113,83,27,17,26,1,9,1,3,0,1,0,0,0,0,0,0,2,0,1,0,0,2,0,0,0,1,0,0,0,0,0,2,6,8
Zweitstimme,"06B2C","06",Steglitz-Zehlendorf,2C,B,2C,2,79,W,0,0,0,0,330,330,327,3,68,127,47,23,24,16,3,4,1,0,1,0,0,0,0,0,0,1,0,0,0,0,0,0,0,0,0,1,0,1,1,0,1,2,0,6
Zweitstimme,"06B2D","06",Steglitz-Zehlendorf,2D,B,2D,2,79,W,0,0,0,0,344,344,343,0,95,122,48,13,18,18,1,9,2,3,0,0,0,0,0,0,0,0,0,1,0,0,0,1,0,0,0,0,0,5,0,0,2,0,1,4
Zweitstimme,"06B2E","06",Steglitz-Zehlendorf,2E,B,2E,2,79,W,0,0,0,0,333,333,331,2,72,136,49,16,10,18,4,10,0,3,0,0,0,1,0,0,0,0,0,1,1,0,0,0,0,0,0,0,0,0,0,0,2,0,6,2
Zweitstimme,"06B2F","06",Steglitz-Zehlendorf,2F,B,2F,2,79,W,0,0,0,0,407,407,404,3,71,161,72,23,20,20,4,10,1,0,0,0,1,0,2,0,0,0,1,0,1,0,0,4,0,0,0,2,0,0,0,0,1,2,4,4
Zweitstimme,"06B2G","06",Steglitz-Zehlendorf,2G,B,2G,2,79,W,0,0,0,0,397,397,393,4,86,125,58,36,28,19,0,19,4,3,0,0,0,0,0,0,0,0,0,0,0,0,0,1,0,0,0,0,0,2,2,0,3,0,1,6
Zweitstimme,"06B2H","06",Steglitz-Zehlendorf,2H,B,2H,2,79,W,0,0,0,0,395,395,391,4,66,163,61,31,15,28,2,7,0,2,0,1,0,0,0,0,0,0,1,0,1,0,0,2,0,0,1,0,0,0,1,0,4,1,1,3
Zweitstimme,"06B2J","06",Steglitz-Zehlendorf,2J,B,2J,2,79,W,0,0,0,0,455,455,453,2,111,134,97,32,11,32,2,5,0,2,0,1,0,3,0,0,0,0,0,6,1,0,0,4,0,0,0,0,0,2,0,0,3,0,3,4
Zweitstimme,"06B2K","06",Steglitz-Zehlendorf,2K,B,2K,2,79,W,0,0,0,0,464,464,461,3,91,156,92,24,25,43,6,5,1,3,0,0,0,0,0,0,0,0,0,1,1,0,0,4,0,0,0,0,0,0,1,0,1,3,0,4
Zweitstimme,"06B2L","06",Steglitz-Zehlendorf,2L,B,2L,2,79,W,0,0,0,0,518,518,516,1,124,151,114,26,26,37,7,8,1,1,0,0,0,0,0,0,0,0,4,2,0,0,0,3,0,0,0,1,0,1,2,0,2,1,2,3
Zweitstimme,"06B2M","06",Steglitz-Zehlendorf,2M,B,2M,2,79,W,0,0,0,0,484,484,479,5,120,145,99,24,20,32,9,7,1,0,0,4,0,0,0,1,0,0,0,1,1,0,0,3,0,0,1,0,0,1,1,0,2,0,1,6
Zweitstimme,"06B2N","06",Steglitz-Zehlendorf,2N,B,2N,2,79,W,0,0,0,0,360,360,356,4,74,116,71,28,15,20,3,12,1,1,0,2,0,0,0,0,0,0,0,3,0,0,0,1,0,0,0,0,0,1,0,0,2,2,0,4
Zweitstimme,"06B2P","06",Steglitz-Zehlendorf,2P,B,2P,2,79,W,0,0,0,0,373,373,371,2,81,93,111,27,10,21,6,7,2,2,0,0,0,0,0,0,0,1,0,1,0,0,0,2,0,0,0,0,0,1,2,0,2,1,0,1
Zweitstimme,"06B2Q","06",Steglitz-Zehlendorf,2Q,B,2Q,2,79,W,0,0,0,0,436,436,434,2,92,136,87,28,20,39,2,14,0,0,0,2,1,1,0,0,0,0,1,1,0,0,0,0,0,0,0,0,0,1,1,0,4,1,0,3
Zweitstimme,"06B2R","06",Steglitz-Zehlendorf,2R,B,2R,2,79,W,0,0,0,0,471,471,469,2,100,148,109,36,17,29,5,8,2,1,0,0,0,0,0,0,0,0,1,1,0,0,0,1,0,0,0,0,0,2,1,0,0,3,3,2
Zweitstimme,"06B2S","06",Steglitz-Zehlendorf,2S,B,2S,2,79,W,0,0,0,0,402,402,400,2,81,114,97,25,15,27,8,8,1,3,2,0,0,0,0,0,0,0,1,3,1,0,0,2,0,0,1,0,0,2,0,0,3,0,1,5
Zweitstimme,"06B2T","06",Steglitz-Zehlendorf,2T,B,2T,2,79,W,0,0,0,0,401,401,397,3,90,118,68,14,18,48,7,11,3,2,0,1,0,0,0,0,0,2,1,1,0,0,0,3,0,0,0,0,0,0,1,0,2,1,2,4
Zweitstimme,"06B2U","06",Steglitz-Zehlendorf,2U,B,2U,2,79,W,0,0,0,0,399,399,397,2,84,102,112,34,17,29,3,2,0,2,0,0,0,0,0,0,0,0,1,0,0,0,0,1,0,0,3,0,0,2,0,0,0,1,0,4
Zweitstimme,"06B2V","06",Steglitz-Zehlendorf,2V,B,2V,2,79,W,0,0,0,0,431,431,431,0,77,126,105,35,24,31,7,7,3,1,0,2,0,0,0,0,0,0,1,2,1,0,0,1,0,0,0,0,0,3,1,0,0,0,0,4
Zweitstimme,"06B2W","06",Steglitz-Zehlendorf,2W,B,2W,2,79,W,0,0,0,0,439,439,436,3,113,142,71,21,23,31,5,9,1,1,0,1,0,0,0,0,0,0,0,0,0,0,0,3,0,0,0,0,0,2,1,0,2,3,3,4
Zweitstimme,"06B2X","06",Steglitz-Zehlendorf,2X,B,2X,2,79,W,0,0,0,0,303,303,303,0,67,87,73,14,14,16,5,10,4,0,0,3,1,0,0,0,0,0,0,1,1,0,0,2,0,0,0,0,0,0,2,0,0,0,1,2
Zweitstimme,"06B2Y","06",Steglitz-Zehlendorf,2Y,B,2Y,2,79,W,0,0,0,0,318,318,318,0,86,64,85,19,19,19,5,8,0,2,0,0,0,0,0,0,0,0,0,1,0,0,0,3,0,0,0,0,0,2,0,0,2,2,0,1
Zweitstimme,"06B2Z","06",Steglitz-Zehlendorf,2Z,B,2Z,2,79,W,0,0,0,0,361,361,357,4,79,98,85,27,17,29,2,4,1,3,0,1,0,0,0,0,0,0,0,0,0,0,0,2,0,0,0,0,0,0,2,0,1,2,1,3
Zweitstimme,"06W301","06",Steglitz-Zehlendorf,"301",W,3A,3,79,W,1329,763,566,0,468,7,468,0,102,148,102,26,20,28,7,9,2,1,0,0,0,1,0,0,0,0,0,6,0,0,0,2,0,0,0,0,0,3,1,0,0,2,0,8
Zweitstimme,"06W302","06",Steglitz-Zehlendorf,"302",W,3B,3,79,W,1279,667,612,0,409,3,409,0,97,113,85,32,24,30,1,9,1,2,0,1,2,0,0,0,0,1,1,0,0,0,0,2,0,0,0,0,0,0,0,0,0,1,6,1
Zweitstimme,"06W303","06",Steglitz-Zehlendorf,"303",W,3C,3,79,W,1105,787,318,0,486,2,482,4,118,153,80,37,21,25,6,17,3,0,0,0,0,0,0,0,0,2,1,6,1,0,0,1,0,0,0,0,0,1,0,0,0,1,5,4
Zweitstimme,"06W304","06",Steglitz-Zehlendorf,"304",W,3D,3,79,W,1286,679,607,0,502,11,498,4,98,171,83,22,25,63,4,9,0,1,0,0,0,0,1,0,0,0,0,2,0,0,0,1,0,0,0,0,0,0,1,0,1,1,2,13
Zweitstimme,"06W305","06",Steglitz-Zehlendorf,"305",W,3E,3,79,W,1141,772,369,0,451,1,448,2,89,115,97,38,31,40,7,8,0,0,0,1,0,0,0,0,0,0,1,2,1,0,0,4,0,0,0,0,0,2,0,0,0,2,1,9
Zweitstimme,"06W306","06",Steglitz-Zehlendorf,"306",W,3F,3,79,W,1262,740,522,0,408,2,406,2,69,152,85,17,26,26,4,8,1,1,0,2,0,0,0,0,0,0,0,4,1,0,0,0,0,0,2,0,0,0,0,0,0,2,1,5
Zweitstimme,"06W307","06",Steglitz-Zehlendorf,"307",W,3G,3,79,W,1206,628,578,0,413,3,410,2,65,150,84,31,12,46,3,3,0,2,0,2,0,0,0,0,0,1,1,0,1,0,0,1,0,0,0,0,0,0,1,0,0,0,1,6
Zweitstimme,"06W308","06",Steglitz-Zehlendorf,"308",W,3H,3,79,W,1171,606,565,0,455,4,450,5,105,163,74,19,28,37,4,4,1,2,0,0,0,1,0,1,0,0,2,2,0,0,0,0,0,0,0,0,0,0,0,0,0,2,0,5
Zweitstimme,"06W309","06",Steglitz-Zehlendorf,"309",W,3J,3,79,W,1279,707,572,0,415,1,409,6,76,154,79,13,16,50,1,2,1,2,0,0,0,1,0,0,0,1,0,2,1,0,0,0,0,0,0,1,0,1,0,0,1,1,0,6
Zweitstimme,"06W310","06",Steglitz-Zehlendorf,"310",W,3K,3,79,W,1237,717,520,0,518,11,515,3,93,156,132,28,19,55,2,5,2,2,0,1,0,0,0,0,0,0,0,3,0,0,0,2,0,0,0,0,0,2,0,0,0,0,2,11
Zweitstimme,"06W311","06",Steglitz-Zehlendorf,"311",W,3L,3,79,W,1094,604,490,0,372,1,370,2,76,153,46,19,21,29,6,5,1,1,0,0,0,0,0,0,0,0,1,0,0,0,0,2,0,0,0,0,0,1,2,0,0,1,2,4
Zweitstimme,"06W312","06",Steglitz-Zehlendorf,"312",W,3M,3,79,W,1169,648,521,0,483,6,480,3,106,169,88,18,27,47,2,6,2,0,0,0,0,0,0,0,0,0,0,1,0,0,0,2,0,0,0,0,0,2,0,0,1,0,0,9
Zweitstimme,"06W313","06",Steglitz-Zehlendorf,"313",W,3N,3,79,W,1182,731,451,0,431,4,425,6,90,164,70,21,30,26,5,4,3,3,0,0,1,0,0,0,0,1,0,1,0,0,0,3,0,0,0,0,0,0,0,0,0,0,1,2
Zweitstimme,"06W314","06",Steglitz-Zehlendorf,"314",W,3P,3,79,W,1276,771,505,0,415,4,411,4,72,166,63,18,28,43,4,3,1,1,0,1,0,0,0,0,0,0,1,1,0,0,0,1,0,0,1,0,0,2,0,0,1,0,0,4
Zweitstimme,"06W315","06",Steglitz-Zehlendorf,"315",W,3Q,3,79,W,1227,647,580,0,409,2,406,2,85,153,71,17,20,39,2,4,0,0,0,1,1,0,0,0,0,0,0,3,0,0,0,0,0,0,0,1,0,1,1,0,0,1,0,6
Zweitstimme,"06W316","06",Steglitz-Zehlendorf,"316",W,3R,3,79,W,1258,788,470,0,402,0,385,8,60,134,43,30,50,20,4,15,1,0,1,3,0,0,0,1,0,1,0,8,0,0,0,2,0,0,0,1,0,0,0,0,3,0,3,5
Zweitstimme,"06W317","06",Steglitz-Zehlendorf,"317",W,3S,3,79,W,1347,866,481,0,422,4,421,1,95,106,88,24,47,32,6,11,0,2,0,0,0,0,0,0,0,0,0,2,0,0,0,3,0,0,0,0,0,0,1,0,0,0,2,2
Zweitstimme,"06W318","06",Steglitz-Zehlendorf,"318",W,3T,3,79,W,1293,843,450,0,441,3,439,2,96,147,62,12,62,22,3,15,1,3,0,3,0,0,0,0,0,0,1,7,1,0,0,0,0,0,0,0,0,0,0,0,0,0,2,2
Zweitstimme,"06W319","06",Steglitz-Zehlendorf,"319",W,3U,3,79,W,1141,673,468,0,417,9,412,5,80,118,86,34,22,35,6,10,0,0,0,3,0,0,0,0,0,3,0,0,0,0,0,0,0,0,0,1,0,0,2,0,0,1,3,8
Zweitstimme,"06W320","06",Steglitz-Zehlendorf,"320",W,3V,3,79,W,1243,739,504,0,485,4,480,5,78,195,63,21,27,64,1,14,1,0,0,0,0,0,1,0,0,1,1,0,1,0,0,0,0,0,0,0,0,0,0,0,0,2,4,6
Zweitstimme,"06W321","06",Steglitz-Zehlendorf,"321",W,3W,3,79,W,1273,823,450,0,408,5,404,3,78,123,78,23,45,25,4,9,1,0,2,4,0,3,0,0,0,0,0,2,0,0,0,1,0,0,1,0,0,1,1,0,0,0,1,2
Zweitstimme,"06W322","06",Steglitz-Zehlendorf,"322",W,3X,3,79,W,1297,777,520,0,465,3,463,2,100,157,55,21,44,39,4,9,4,2,1,1,0,0,1,0,0,0,3,5,1,0,0,1,0,0,0,0,0,2,4,0,0,1,1,7
Zweitstimme,"06W323","06",Steglitz-Zehlendorf,"323",W,3Y,3,79,W,1194,647,547,0,436,5,435,1,78,158,95,14,20,48,4,4,0,0,0,0,0,0,0,0,0,0,0,5,0,0,0,0,0,0,0,0,0,1,1,0,0,0,0,7
Zweitstimme,"06W324","06",Steglitz-Zehlendorf,"324",W,3Z,3,79,W,1177,694,483,0,466,8,461,5,90,188,67,21,30,42,3,2,1,0,0,1,0,1,0,0,0,0,0,0,0,0,0,2,0,0,0,0,0,1,0,0,1,0,5,6
Zweitstimme,"06W325","06",Steglitz-Zehlendorf,"325",W,3AA,3,79,W,1316,721,595,0,438,6,433,5,73,149,83,29,29,35,7,9,0,0,0,2,0,1,0,0,0,0,2,2,0,0,0,0,0,0,0,0,0,1,1,0,0,1,1,8
Zweitstimme,"06W326","06",Steglitz-Zehlendorf,"326",W,3AB,3,79,W,1217,673,544,0,474,11,473,1,90,147,112,27,20,45,4,9,0,1,0,0,0,0,0,0,0,0,1,6,0,0,0,0,0,0,1,0,0,2,2,0,0,0,1,5
Zweitstimme,"06W327","06",Steglitz-Zehlendorf,"327",W,3AC,3,79,W,1164,678,486,0,489,5,487,2,110,149,111,31,24,33,2,8,0,0,1,1,0,0,1,0,0,0,0,3,1,0,0,1,0,0,0,0,0,1,1,0,1,1,1,6
Zweitstimme,"06B3A","06",Steglitz-Zehlendorf,3A,B,3A,3,79,W,0,0,0,0,525,525,523,2,115,170,114,38,11,42,5,9,1,4,0,1,0,2,0,0,0,2,1,0,0,0,0,0,0,0,0,0,0,0,0,0,0,1,3,4
Zweitstimme,"06B3AA","06",Steglitz-Zehlendorf,3AA,B,3AA,3,79,W,0,0,0,0,550,550,544,6,127,196,90,27,19,51,5,8,3,1,0,2,0,0,1,0,0,0,0,1,1,0,0,2,0,0,1,0,0,3,0,0,1,1,0,4
Zweitstimme,"06B3AB","06",Steglitz-Zehlendorf,3AB,B,3AB,3,79,W,0,0,0,0,487,487,485,2,110,151,118,30,12,39,3,6,0,1,0,1,0,0,0,0,0,0,0,1,1,0,0,1,0,0,0,0,0,1,1,0,0,0,1,8
Zweitstimme,"06B3AC","06",Steglitz-Zehlendorf,3AC,B,3AC,3,79,W,0,0,0,0,451,451,450,1,98,153,99,18,10,52,3,6,1,1,0,2,0,0,0,0,0,1,0,0,0,0,0,0,0,0,0,0,0,0,1,0,1,0,0,4
Zweitstimme,"06B3B","06",Steglitz-Zehlendorf,3B,B,3B,3,79,W,0,0,0,0,569,569,566,2,135,187,122,23,14,50,3,9,1,0,0,3,1,0,0,0,0,0,0,3,1,0,0,1,0,0,0,0,0,1,1,0,3,0,1,7
Zweitstimme,"06B3C","06",Steglitz-Zehlendorf,3C,B,3C,3,79,W,0,0,0,0,295,295,293,1,66,86,74,20,9,15,4,4,1,1,0,0,0,0,1,0,0,1,1,0,0,0,0,1,0,0,1,0,0,2,0,0,2,1,1,2
Zweitstimme,"06B3D","06",Steglitz-Zehlendorf,3D,B,3D,3,79,W,0,0,0,0,551,551,548,3,104,220,100,25,16,59,4,4,0,0,0,0,0,2,0,0,0,0,1,3,0,0,0,0,0,0,0,0,0,1,1,0,0,0,0,8
Zweitstimme,"06B3E","06",Steglitz-Zehlendorf,3E,B,3E,3,79,W,0,0,0,0,348,348,348,0,88,101,84,27,11,19,1,5,0,0,0,0,0,0,0,0,0,1,0,2,1,0,0,1,0,0,0,0,0,0,1,0,0,0,0,6
Zweitstimme,"06B3F","06",Steglitz-Zehlendorf,3F,B,3F,3,79,W,0,0,0,0,481,481,477,2,122,182,64,19,12,61,1,2,1,2,0,2,0,0,0,0,0,0,0,1,0,0,0,0,0,0,1,0,0,0,1,0,0,0,0,6
Zweitstimme,"06B3G","06",Steglitz-Zehlendorf,3G,B,3G,3,79,W,0,0,0,0,536,536,535,1,126,198,113,33,9,37,2,7,0,1,0,0,0,1,0,0,0,0,0,0,0,0,0,1,0,0,0,0,0,0,0,0,0,0,2,5
Zweitstimme,"06B3H","06",Steglitz-Zehlendorf,3H,B,3H,3,79,W,0,0,0,0,516,516,515,1,77,234,92,17,19,57,1,5,0,1,0,0,0,0,0,0,0,1,1,7,0,0,0,1,0,0,0,0,0,1,0,0,0,0,0,1
Zweitstimme,"06B3J","06",Steglitz-Zehlendorf,3J,B,3J,3,79,W,0,0,0,0,526,526,526,0,133,224,82,16,11,43,3,6,0,0,0,1,0,0,0,0,0,0,1,1,0,0,0,2,0,0,0,0,0,1,0,0,0,0,0,2
Zweitstimme,"06B3K","06",Steglitz-Zehlendorf,3K,B,3K,3,79,W,0,0,0,0,481,481,480,1,69,171,129,24,6,48,3,7,3,1,0,0,0,0,0,0,0,0,2,3,0,0,0,2,0,0,1,1,0,0,1,0,0,0,0,9
Zweitstimme,"06B3L","06",Steglitz-Zehlendorf,3L,B,3L,3,79,W,0,0,0,0,458,458,456,1,88,205,82,11,16,32,5,4,0,3,0,0,0,0,0,0,0,0,1,3,0,0,0,1,0,0,0,0,0,1,0,0,1,2,0,1
Zweitstimme,"06B3M","06",Steglitz-Zehlendorf,3M,B,3M,3,79,W,0,0,0,0,491,491,490,0,97,207,92,20,11,45,3,3,2,1,1,1,0,0,0,0,0,0,1,0,0,0,0,2,0,0,0,1,0,0,0,0,0,1,0,2
Zweitstimme,"06B3N","06",Steglitz-Zehlendorf,3N,B,3N,3,79,W,0,0,0,0,410,410,408,2,82,198,47,9,12,35,3,5,2,3,1,0,0,0,0,0,0,0,0,1,1,0,0,1,0,0,0,0,0,0,2,0,1,0,0,5
Zweitstimme,"06B3P","06",Steglitz-Zehlendorf,3P,B,3P,3,79,W,0,0,0,0,470,470,466,4,75,200,61,11,40,46,5,13,1,0,0,2,0,0,0,0,0,1,0,2,0,0,0,0,0,0,0,0,0,2,1,0,1,0,0,5
Zweitstimme,"06B3Q","06",Steglitz-Zehlendorf,3Q,B,3Q,3,79,W,0,0,0,0,542,542,540,2,112,271,71,11,14,41,4,8,0,1,0,0,0,0,0,0,0,0,0,1,0,0,0,2,0,0,0,0,0,1,0,0,0,0,1,2
Zweitstimme,"06B3R","06",Steglitz-Zehlendorf,3R,B,3R,3,79,W,0,0,0,0,418,418,417,1,72,160,58,24,37,21,2,14,0,4,0,7,0,1,0,0,0,0,2,2,1,0,0,1,0,0,2,0,0,2,1,0,1,0,2,3
Zweitstimme,"06B3S","06",Steglitz-Zehlendorf,3S,B,3S,3,79,W,0,0,0,0,450,450,445,5,92,159,75,24,30,27,7,8,1,1,2,2,0,0,0,0,0,1,1,4,0,0,0,2,0,0,3,0,0,0,0,0,2,0,0,4
Zweitstimme,"06B3T","06",Steglitz-Zehlendorf,3T,B,3T,3,79,W,0,0,0,0,417,417,414,3,73,163,62,21,27,29,5,16,0,3,0,1,0,0,0,0,0,0,5,2,0,0,0,1,0,0,1,0,0,2,0,0,2,0,0,1
Zweitstimme,"06B3U","06",Steglitz-Zehlendorf,3U,B,3U,3,79,W,0,0,0,0,423,423,422,1,87,167,83,20,14,34,0,2,0,2,0,0,0,0,0,0,0,0,0,3,2,0,0,1,0,0,2,0,0,1,1,0,0,0,0,3
Zweitstimme,"06B3V","06",Steglitz-Zehlendorf,3V,B,3V,3,79,W,0,0,0,0,462,462,462,0,84,214,63,16,13,55,0,1,1,1,0,0,0,0,0,0,0,0,0,1,0,0,0,2,0,0,0,0,0,2,1,0,0,0,0,8
Zweitstimme,"06B3W","06",Steglitz-Zehlendorf,3W,B,3W,3,79,W,0,0,0,0,408,408,401,7,93,169,52,27,16,24,4,5,1,1,0,0,0,0,0,0,0,0,0,3,0,0,0,1,0,0,0,0,0,2,0,0,0,1,1,1
Zweitstimme,"06B3X","06",Steglitz-Zehlendorf,3X,B,3X,3,79,W,0,0,0,0,481,481,480,1,107,211,62,22,22,36,4,6,1,0,0,0,0,0,0,0,0,1,0,0,0,0,0,2,0,0,0,0,0,0,2,0,1,0,1,2
Zweitstimme,"06B3Y","06",Steglitz-Zehlendorf,3Y,B,3Y,3,79,W,0,0,0,0,510,510,509,1,115,219,80,10,13,54,1,4,0,0,0,0,1,1,0,0,0,0,0,2,0,0,0,0,0,0,0,0,0,0,3,0,1,0,2,3
Zweitstimme,"06B3Z","06",Steglitz-Zehlendorf,3Z,B,3Z,3,79,W,0,0,0,0,449,449,447,2,99,167,61,14,28,57,3,7,0,2,0,0,0,0,0,0,0,0,1,0,0,0,0,1,0,0,0,1,0,1,0,0,0,0,1,4
Zweitstimme,"06W401","06",Steglitz-Zehlendorf,"401",W,4A,4,79,W,1239,834,405,0,556,10,554,2,116,181,128,34,29,32,9,7,0,1,0,0,0,0,0,0,0,0,2,4,0,0,0,0,0,0,1,0,0,0,1,0,1,0,3,5
Zweitstimme,"06W402","06",Steglitz-Zehlendorf,"402",W,4B,4,79,W,1288,830,458,0,463,2,461,2,105,171,70,13,40,27,2,13,1,3,0,0,0,0,0,0,0,0,0,5,0,0,0,2,0,0,1,0,0,3,0,0,1,0,0,4
Zweitstimme,"06W403","06",Steglitz-Zehlendorf,"403",W,4C,4,79,W,1302,766,536,0,368,3,365,2,65,129,63,20,32,35,5,5,0,0,1,0,0,1,0,0,0,1,2,0,0,0,0,0,0,0,0,0,0,0,1,0,0,2,0,3
Zweitstimme,"06W404","06",Steglitz-Zehlendorf,"404",W,4D,4,79,W,1157,620,537,0,368,6,363,5,63,129,73,23,26,33,2,2,1,0,0,2,0,0,0,0,0,0,1,0,0,0,0,3,0,0,1,0,0,0,0,0,0,1,0,3
Zweitstimme,"06W405","06",Steglitz-Zehlendorf,"405",W,4E,4,79,W,1260,756,504,0,558,12,555,3,79,235,105,17,31,52,6,7,2,1,0,0,0,0,1,0,0,0,0,5,0,0,0,2,0,0,0,0,0,1,2,0,0,0,2,7
Zweitstimme,"06W406","06",Steglitz-Zehlendorf,"406",W,4F,4,79,W,1215,724,491,0,372,3,366,6,79,122,52,19,33,24,4,12,1,1,0,0,1,0,0,0,0,0,0,0,1,0,0,3,0,0,0,0,0,1,1,0,1,1,4,6
Zweitstimme,"06W407","06",Steglitz-Zehlendorf,"407",W,4G,4,79,W,1320,887,433,0,457,6,449,8,89,155,55,22,59,31,4,13,0,1,0,2,0,0,0,0,0,0,0,1,1,0,0,5,0,0,0,0,0,2,0,0,1,1,1,6
Zweitstimme,"06W408","06",Steglitz-Zehlendorf,"408",W,4H,4,79,W,1321,650,671,0,369,3,366,2,94,133,54,25,15,25,2,6,1,1,0,0,1,0,0,0,0,0,1,0,0,0,0,1,0,0,0,2,0,0,1,0,0,1,0,3
Zweitstimme,"06W409","06",Steglitz-Zehlendorf,"409",W,4J,4,79,W,1198,705,493,0,450,6,446,4,87,174,66,19,32,35,2,7,1,1,0,0,1,0,0,0,0,0,1,5,0,0,0,3,0,0,0,1,0,1,0,0,0,0,3,7
Zweitstimme,"06W410","06",Steglitz-Zehlendorf,"410",W,4K,4,79,W,1247,873,374,0,370,3,364,6,74,137,41,23,41,22,5,7,1,0,0,1,0,0,1,0,0,0,0,1,0,0,0,2,0,0,0,0,0,1,1,0,1,0,4,1
Zweitstimme,"06W411","06",Steglitz-Zehlendorf,"411",W,4L,4,79,W,1595,1032,563,0,581,2,572,9,122,209,57,30,70,30,6,13,4,6,1,3,0,1,1,1,0,0,0,3,0,0,0,4,0,0,1,1,0,1,0,0,1,1,1,5
Zweitstimme,"06W412","06",Steglitz-Zehlendorf,"412",W,4M,4,79,W,1224,858,366,0,478,6,473,5,127,189,52,20,28,22,4,14,1,1,0,2,1,1,1,0,0,1,0,2,0,0,0,1,0,0,0,0,0,2,0,0,1,1,0,2
Zweitstimme,"06W413","06",Steglitz-Zehlendorf,"413",W,4N,4,79,W,1231,825,406,0,391,2,387,4,84,155,47,17,45,19,0,9,0,0,0,0,0,0,0,0,0,0,1,1,1,0,0,1,0,0,0,0,0,3,1,0,0,1,1,1
Zweitstimme,"06W414","06",Steglitz-Zehlendorf,"414",W,4P,4,79,W,1178,1013,165,0,351,2,348,3,79,114,22,17,59,18,9,10,1,2,1,0,0,0,1,2,0,0,0,2,0,0,0,4,0,0,0,0,0,1,0,0,1,0,4,1
Zweitstimme,"06W415","06",Steglitz-Zehlendorf,"415",W,4Q,4,79,W,1051,767,284,0,274,1,272,2,63,90,42,8,36,10,1,8,1,0,1,0,0,0,0,0,0,1,0,2,1,0,0,2,0,0,3,0,0,0,0,0,1,0,2,0
Zweitstimme,"06W416","06",Steglitz-Zehlendorf,"416",W,4R,4,79,W,1284,677,607,0,429,3,425,4,57,172,79,30,24,37,2,9,1,1,0,1,0,0,1,1,0,0,0,0,1,0,0,2,0,0,0,0,0,0,0,0,0,0,4,3
Zweitstimme,"06W417","06",Steglitz-Zehlendorf,"417",W,4S,4,79,W,1255,648,607,0,359,8,359,0,84,118,62,24,28,28,1,7,1,0,0,0,0,0,0,0,0,0,0,1,1,0,0,1,0,0,0,0,0,0,1,0,0,0,0,2
Zweitstimme,"06W418","06",Steglitz-Zehlendorf,"418",W,4T,4,79,W,1205,731,474,0,511,8,509,2,95,187,103,25,34,40,2,8,1,0,0,0,0,0,0,0,0,1,1,1,0,0,0,0,0,0,2,0,0,0,0,0,0,2,2,5
Zweitstimme,"06W419","06",Steglitz-Zehlendorf,"419",W,4U,4,79,W,1162,764,398,0,412,6,410,2,76,128,70,37,41,21,12,9,2,1,0,0,0,0,0,0,0,0,0,2,0,0,0,1,0,0,1,0,0,0,0,0,0,4,4,1
Zweitstimme,"06W420","06",Steglitz-Zehlendorf,"420",W,4V,4,79,W,1159,834,325,0,362,2,358,4,80,125,30,17,52,17,5,10,1,3,0,1,0,0,0,0,0,0,0,4,0,0,0,1,0,0,0,0,0,1,2,0,0,0,8,1
Zweitstimme,"06W421","06",Steglitz-Zehlendorf,"421",W,4W,4,79,W,1259,739,520,0,372,6,368,2,78,139,56,23,25,19,3,8,1,0,0,1,0,0,0,0,0,0,0,3,0,0,0,2,0,0,0,0,0,2,2,0,0,2,2,2
Zweitstimme,"06W422","06",Steglitz-Zehlendorf,"422",W,4X,4,79,W,1227,699,528,0,455,6,453,1,94,130,93,35,21,31,16,10,3,1,0,0,0,1,0,0,0,0,0,5,1,0,0,0,0,0,0,0,0,0,1,0,1,3,1,6
Zweitstimme,"06W423","06",Steglitz-Zehlendorf,"423",W,4Y,4,79,W,1257,677,580,0,489,16,486,3,96,214,66,16,28,42,2,10,0,0,0,1,0,0,0,0,0,0,0,3,0,0,0,2,0,0,0,0,0,0,2,0,0,1,1,2
Zweitstimme,"06B4A","06",Steglitz-Zehlendorf,4A,B,4A,4,79,W,0,0,0,0,391,391,388,3,68,146,78,20,15,38,6,6,2,2,0,1,0,1,0,0,0,0,0,0,0,0,0,1,0,0,0,0,0,0,0,0,2,0,0,2
Zweitstimme,"06B4B","06",Steglitz-Zehlendorf,4B,B,4B,4,79,W,0,0,0,0,406,406,403,3,99,163,54,22,15,28,3,2,0,1,0,0,0,1,0,0,0,0,0,0,3,0,0,2,0,0,0,0,0,2,2,0,0,1,0,5
Zweitstimme,"06B4C","06",Steglitz-Zehlendorf,4C,B,4C,4,79,W,0,0,0,0,477,477,471,6,98,192,68,12,14,55,8,8,2,1,1,0,0,0,0,0,0,0,2,2,1,0,0,3,0,0,1,0,0,0,0,0,0,0,2,1
Zweitstimme,"06B4D","06",Steglitz-Zehlendorf,4D,B,4D,4,79,W,0,0,0,0,492,492,489,3,81,215,75,20,13,45,5,12,2,4,0,1,0,0,0,0,0,1,0,2,0,0,0,3,0,0,0,1,0,2,0,0,0,1,0,6
Zweitstimme,"06B4E","06",Steglitz-Zehlendorf,4E,B,4E,4,79,W,0,0,0,0,459,459,456,3,85,213,66,16,18,28,1,11,1,2,0,0,0,0,0,0,0,0,0,8,2,0,0,1,0,0,0,0,0,1,2,0,0,1,0,0
Zweitstimme,"06B4F","06",Steglitz-Zehlendorf,4F,B,4F,4,79,W,0,0,0,0,444,444,440,4,102,176,72,12,15,28,5,6,4,1,0,1,0,0,0,0,0,0,0,2,2,0,0,2,0,0,0,0,0,2,5,0,1,1,0,3
Zweitstimme,"06B4G","06",Steglitz-Zehlendorf,4G,B,4G,4,79,W,0,0,0,0,396,396,392,2,86,149,43,20,29,40,4,14,1,2,1,0,0,0,0,0,0,0,1,1,0,0,0,0,0,0,0,0,0,0,0,0,0,0,0,1
Zweitstimme,"06B4H","06",Steglitz-Zehlendorf,4H,B,4H,4,79,W,0,0,0,0,610,610,608,2,120,271,106,19,26,37,5,8,1,1,0,0,0,0,0,0,0,0,1,2,0,0,0,0,0,0,0,1,0,4,0,0,0,1,1,4
Zweitstimme,"06B4J","06",Steglitz-Zehlendorf,4J,B,4J,4,79,W,0,0,0,0,458,458,458,0,108,197,56,18,18,32,1,14,0,2,0,0,0,0,0,0,0,0,0,1,0,0,0,1,0,0,0,1,0,0,1,0,1,1,2,4
Zweitstimme,"06B4K","06",Steglitz-Zehlendorf,4K,B,4K,4,79,W,0,0,0,0,338,338,332,6,67,123,50,17,21,19,3,11,0,2,0,2,0,0,0,0,0,1,0,3,0,0,0,2,0,0,2,0,0,3,0,0,2,0,1,3
Zweitstimme,"06B4L","06",Steglitz-Zehlendorf,4L,B,4L,4,79,W,0,0,0,0,527,527,525,2,101,232,63,21,37,25,7,13,2,6,1,1,1,1,0,0,0,0,0,4,0,0,0,3,0,0,1,0,0,2,1,0,1,0,2,0
Zweitstimme,"06B4M","06",Steglitz-Zehlendorf,4M,B,4M,4,79,W,0,0,0,0,325,325,324,1,101,118,43,14,11,20,2,3,0,0,1,1,1,0,0,0,0,0,0,0,0,0,0,0,0,0,3,0,0,2,0,0,1,2,0,1
Zweitstimme,"06B4N","06",Steglitz-Zehlendorf,4N,B,4N,4,79,W,0,0,0,0,375,375,372,2,91,158,31,17,29,20,1,8,4,1,1,1,0,1,0,0,0,0,0,1,0,0,0,1,0,0,0,0,0,2,0,0,1,0,3,1
Zweitstimme,"06B4P","06",Steglitz-Zehlendorf,4P,B,4P,4,79,W,0,0,0,0,142,142,142,0,30,60,9,8,14,6,3,8,0,0,0,0,0,0,0,0,0,0,0,0,1,0,0,0,0,0,0,0,0,0,0,0,1,0,0,2
Zweitstimme,"06B4Q","06",Steglitz-Zehlendorf,4Q,B,4Q,4,79,W,0,0,0,0,250,250,247,2,62,96,29,10,12,13,4,6,2,1,3,0,2,0,0,0,0,0,1,0,0,0,0,1,0,0,2,0,0,0,0,0,0,0,2,1
Zweitstimme,"06B4R","06",Steglitz-Zehlendorf,4R,B,4R,4,79,W,0,0,0,0,564,564,562,2,124,222,83,19,26,52,1,13,1,2,0,1,0,1,0,1,0,0,2,3,0,0,0,1,0,0,0,0,0,2,0,0,0,3,2,3
Zweitstimme,"06B4S","06",Steglitz-Zehlendorf,4S,B,4S,4,79,W,0,0,0,0,550,550,546,4,127,236,67,25,23,39,4,8,1,1,0,0,1,0,0,0,0,0,0,2,0,0,0,2,0,0,1,1,0,4,1,0,1,0,0,2
Zweitstimme,"06B4T","06",Steglitz-Zehlendorf,4T,B,4T,4,79,W,0,0,0,0,429,429,429,0,100,164,70,21,17,36,0,6,0,5,0,0,0,1,0,0,0,0,0,2,1,0,0,0,0,0,1,0,0,0,0,0,3,0,0,2
Zweitstimme,"06B4U","06",Steglitz-Zehlendorf,4U,B,4U,4,79,W,0,0,0,0,353,353,352,1,68,163,52,10,11,25,3,6,0,3,0,2,0,0,0,0,0,0,0,1,0,0,0,0,0,0,3,0,0,2,1,0,0,1,0,1
Zweitstimme,"06B4V","06",Steglitz-Zehlendorf,4V,B,4V,4,79,W,0,0,0,0,290,290,287,2,65,117,28,10,19,24,4,11,1,0,0,0,0,1,0,0,0,0,0,4,0,0,0,0,0,0,0,0,0,0,1,0,0,0,0,2
Zweitstimme,"06B4W","06",Steglitz-Zehlendorf,4W,B,4W,4,79,W,0,0,0,0,473,473,473,0,98,182,80,19,35,29,5,9,2,2,0,0,0,0,0,0,0,0,0,3,0,0,0,1,0,0,0,1,0,2,0,0,2,0,1,2
Zweitstimme,"06B4X","06",Steglitz-Zehlendorf,4X,B,4X,4,79,W,0,0,0,0,489,489,487,2,109,173,108,25,17,25,5,7,4,1,0,0,0,0,0,0,0,0,2,1,0,0,0,0,0,0,0,0,0,4,1,0,1,0,0,4
Zweitstimme,"06B4Y","06",Steglitz-Zehlendorf,4Y,B,4Y,4,79,W,0,0,0,0,522,522,520,2,99,277,65,16,14,32,0,6,1,2,1,0,0,1,0,0,0,0,0,2,0,0,0,1,0,0,0,0,0,0,2,0,1,0,0,0
Zweitstimme,"06W501","06",Steglitz-Zehlendorf,"501",W,5A,5,79,W,1177,759,418,0,381,6,379,2,69,137,48,27,36,25,3,10,5,1,2,0,0,0,0,0,0,0,0,6,0,0,0,1,0,0,1,0,0,2,0,0,1,0,1,4
Zweitstimme,"06W502","06",Steglitz-Zehlendorf,"502",W,5B,5,79,W,1316,918,398,0,428,3,425,1,78,150,58,24,51,29,8,4,0,4,0,0,0,1,0,1,0,1,0,4,1,0,0,1,0,0,1,0,0,0,2,0,2,0,1,4
Zweitstimme,"06W503","06",Steglitz-Zehlendorf,"503",W,5C,5,79,W,1232,744,488,0,374,0,369,5,76,115,56,31,35,25,2,10,3,0,0,2,0,0,0,0,0,0,1,1,1,0,0,0,0,0,1,0,0,1,1,0,0,1,0,7
Zweitstimme,"06W504","06",Steglitz-Zehlendorf,"504",W,5D,5,79,W,1080,635,445,0,420,4,419,1,79,157,102,17,22,25,2,5,1,0,0,0,0,1,0,0,0,0,0,1,0,0,0,0,0,0,1,0,0,0,0,0,0,0,0,6
Zweitstimme,"06W505","06",Steglitz-Zehlendorf,"505",W,5E,5,79,W,1231,756,475,0,505,5,497,6,99,175,85,24,47,30,7,13,1,3,0,2,0,0,0,0,0,0,0,2,2,0,0,1,0,0,0,0,0,0,0,0,0,0,0,6
Zweitstimme,"06W506","06",Steglitz-Zehlendorf,"506",W,5F,5,79,W,1204,753,451,0,349,5,346,3,69,102,51,30,44,23,4,6,2,1,0,1,0,0,0,0,0,0,0,3,0,0,0,0,0,0,1,0,0,2,0,0,1,1,1,4
Zweitstimme,"06W507","06",Steglitz-Zehlendorf,"507",W,5G,5,79,W,1153,832,321,0,389,2,384,5,59,157,42,20,53,18,4,6,1,5,0,0,0,0,0,0,0,2,0,6,0,0,0,3,0,0,0,0,0,0,0,0,1,1,4,2
Zweitstimme,"06W508","06",Steglitz-Zehlendorf,"508",W,5H,5,79,W,1272,861,411,0,372,4,367,5,66,145,43,21,39,15,4,10,2,2,0,0,0,0,0,0,0,0,1,3,0,0,0,1,0,0,2,0,0,1,0,0,2,1,5,4
Zweitstimme,"06W509","06",Steglitz-Zehlendorf,"509",W,5J,5,79,W,1298,755,543,0,443,3,441,2,84,198,44,18,49,19,1,10,1,2,0,1,0,0,0,0,0,1,0,5,1,0,0,2,0,0,0,0,0,0,0,0,1,1,2,1
Zweitstimme,"06W510","06",Steglitz-Zehlendorf,"510",W,5K,5,79,W,1244,871,373,0,511,8,506,5,99,195,65,27,55,30,4,12,2,5,0,2,0,0,2,0,0,0,1,2,1,0,0,1,0,0,2,0,0,0,0,0,0,1,0,0
Zweitstimme,"06W511","06",Steglitz-Zehlendorf,"511",W,5L,5,79,W,1133,751,382,0,437,8,436,1,81,176,67,25,18,47,4,3,2,0,0,1,0,0,0,0,0,0,1,3,0,0,0,1,0,0,0,0,0,1,1,0,1,0,0,4
Zweitstimme,"06W512","06",Steglitz-Zehlendorf,"512",W,5M,5,79,W,1165,797,368,0,330,7,326,3,56,119,34,27,33,15,7,10,3,5,1,1,0,0,0,0,0,0,0,3,1,0,0,2,0,0,0,0,0,3,0,0,2,0,3,1
Zweitstimme,"06W513","06",Steglitz-Zehlendorf,"513",W,5N,5,79,W,1475,1118,357,0,547,7,541,6,131,179,66,35,56,19,9,15,2,2,0,2,1,0,0,0,0,0,0,3,0,0,0,6,0,0,0,0,0,0,0,0,0,1,8,6
Zweitstimme,"06W514","06",Steglitz-Zehlendorf,"514",W,5P,5,79,W,1238,717,521,0,487,13,484,3,96,217,77,12,25,34,1,6,0,0,0,2,0,0,0,1,0,0,1,2,0,0,0,0,0,0,2,2,0,0,1,0,0,0,1,4
Zweitstimme,"06W515","06",Steglitz-Zehlendorf,"515",W,5Q,5,79,W,1230,810,420,0,462,8,459,2,106,153,70,16,52,23,12,8,1,2,0,2,0,0,0,0,0,0,0,3,0,0,0,1,0,0,0,0,0,2,0,0,1,1,4,2
Zweitstimme,"06W516","06",Steglitz-Zehlendorf,"516",W,5R,5,79,W,1081,768,313,0,354,5,348,6,69,134,31,16,43,17,4,7,2,6,0,2,0,0,2,0,0,0,0,1,0,0,0,3,0,0,1,1,0,1,1,0,1,1,3,2
Zweitstimme,"06W517","06",Steglitz-Zehlendorf,"517",W,5S,5,79,W,1347,997,350,0,419,4,413,6,93,129,48,27,50,27,5,16,1,2,0,0,1,0,0,0,0,0,0,1,2,0,0,5,0,0,0,0,0,2,1,0,1,0,0,2
Zweitstimme,"06W518","06",Steglitz-Zehlendorf,"518",W,5T,5,79,W,1029,737,292,0,331,2,328,3,62,121,30,20,49,15,0,14,4,1,1,0,1,0,0,0,0,0,0,1,0,0,0,2,0,0,1,0,0,0,0,0,0,0,3,3
Zweitstimme,"06W519","06",Steglitz-Zehlendorf,"519",W,5U,5,79,W,1010,620,390,0,316,3,313,3,75,106,38,22,31,23,1,3,0,1,0,0,0,0,0,0,0,0,0,2,0,0,0,1,0,0,0,0,0,4,0,0,0,0,2,4
Zweitstimme,"06W520","06",Steglitz-Zehlendorf,"520",W,5V,5,79,W,1071,678,393,0,464,4,457,6,102,156,89,24,26,34,5,6,0,1,1,1,0,0,0,0,0,0,1,3,0,0,0,3,0,0,1,0,0,1,0,0,0,0,1,2
Zweitstimme,"06W521","06",Steglitz-Zehlendorf,"521",W,5W,5,79,W,1112,680,432,0,446,7,444,2,80,173,69,21,37,39,1,6,0,4,0,1,0,0,0,0,0,0,0,4,1,0,0,1,0,0,1,0,0,2,0,0,0,0,1,3
Zweitstimme,"06W522","06",Steglitz-Zehlendorf,"522",W,5X,5,79,W,1283,922,361,0,423,9,418,3,85,126,68,22,53,15,6,16,3,4,0,3,0,0,1,0,0,0,0,4,0,0,0,1,0,0,0,1,0,0,0,0,1,1,4,4
Zweitstimme,"06W523","06",Steglitz-Zehlendorf,"523",W,5Y,5,79,W,1284,968,316,0,429,4,422,7,101,117,62,22,53,17,8,11,7,2,0,2,0,2,1,0,0,0,1,6,0,0,0,2,0,0,0,0,0,0,1,0,1,0,4,2
Zweitstimme,"06W524","06",Steglitz-Zehlendorf,"524",W,5Z,5,79,W,982,693,289,0,263,2,259,4,51,109,22,9,36,15,0,4,0,4,0,0,0,0,0,0,0,0,0,1,0,0,0,1,0,0,0,0,0,0,0,0,1,3,2,1
Zweitstimme,"06W525","06",Steglitz-Zehlendorf,"525",W,5AA,5,79,W,950,752,198,0,256,3,251,5,37,84,26,19,47,10,4,9,1,2,1,0,0,0,1,0,0,0,0,0,0,0,0,2,0,0,0,0,0,1,0,0,2,0,4,1
Zweitstimme,"06B5A","06",Steglitz-Zehlendorf,5A,B,5A,5,79,W,0,0,0,0,404,404,401,3,91,155,61,19,23,26,2,12,1,0,0,0,0,0,0,0,0,0,0,1,0,0,0,1,0,0,1,0,0,3,0,0,0,0,4,1
Zweitstimme,"06B5AA","06",Steglitz-Zehlendorf,5AA,B,5AA,5,79,W,0,0,0,0,171,171,165,6,40,49,23,10,16,7,4,2,0,5,0,0,0,0,0,0,0,0,0,1,0,0,0,4,0,0,0,0,0,2,0,0,0,1,0,1
Zweitstimme,"06B5B","06",Steglitz-Zehlendorf,5B,B,5B,5,79,W,0,0,0,0,370,370,367,3,73,142,47,11,25,32,4,13,1,3,0,1,0,0,0,0,0,1,1,1,0,0,0,3,0,0,1,0,0,4,0,0,2,0,1,1
Zweitstimme,"06B5C","06",Steglitz-Zehlendorf,5C,B,5C,5,79,W,0,0,0,0,448,448,447,1,108,186,55,21,24,26,4,4,2,2,0,0,1,1,0,0,0,0,0,5,0,0,0,1,0,0,1,0,0,1,0,0,1,1,2,1
Zweitstimme,"06B5D","06",Steglitz-Zehlendorf,5D,B,5D,5,79,W,0,0,0,0,419,419,418,1,94,156,72,14,18,43,3,7,0,2,0,0,0,0,0,0,0,0,1,1,0,0,0,1,0,0,0,0,0,0,0,0,0,0,2,4
Zweitstimme,"06B5E","06",Steglitz-Zehlendorf,5E,B,5E,5,79,W,0,0,0,0,440,440,439,1,90,163,86,18,17,41,2,9,2,2,0,0,0,0,0,0,0,0,0,0,0,0,0,1,0,0,1,0,0,1,2,0,0,0,1,3
Zweitstimme,"06B5F","06",Steglitz-Zehlendorf,5F,B,5F,5,79,W,0,0,0,0,407,407,404,3,82,153,54,19,20,30,8,12,1,1,4,3,0,0,0,0,0,0,0,2,0,0,0,2,0,0,1,1,0,2,0,0,4,0,3,2
Zweitstimme,"06B5G","06",Steglitz-Zehlendorf,5G,B,5G,5,79,W,0,0,0,0,287,287,287,0,59,107,44,13,24,13,1,9,5,3,0,0,0,0,0,0,0,1,0,0,1,0,0,2,0,0,0,0,0,1,0,0,3,0,1,0
Zweitstimme,"06B5H","06",Steglitz-Zehlendorf,5H,B,5H,5,79,W,0,0,0,0,372,372,370,2,69,161,34,19,27,36,1,8,5,0,0,2,0,0,0,0,0,0,0,0,0,0,0,0,0,0,2,0,0,1,0,0,0,0,0,5
Zweitstimme,"06B5J","06",Steglitz-Zehlendorf,5J,B,5J,5,79,W,0,0,0,0,509,509,509,0,91,263,44,24,29,32,3,8,1,1,0,1,0,1,0,0,0,0,0,0,2,0,0,0,0,0,1,0,0,3,1,0,2,0,1,1
Zweitstimme,"06B5K","06",Steglitz-Zehlendorf,5K,B,5K,5,79,W,0,0,0,0,342,342,338,3,55,160,48,8,22,20,1,8,0,1,1,1,0,0,0,0,0,0,0,0,0,0,0,1,0,0,0,0,0,4,0,0,2,0,4,2
Zweitstimme,"06B5L","06",Steglitz-Zehlendorf,5L,B,5L,5,79,W,0,0,0,0,343,343,342,1,66,143,59,20,15,17,2,7,5,1,0,0,0,0,0,0,0,0,0,2,0,0,0,3,0,0,0,0,0,2,0,0,0,0,0,0
Zweitstimme,"06B5M","06",Steglitz-Zehlendorf,5M,B,5M,5,79,W,0,0,0,0,323,323,323,0,79,121,46,10,16,18,4,11,0,0,1,2,0,0,0,0,0,0,0,2,0,0,0,3,0,0,0,0,0,3,1,0,2,1,1,2
Zweitstimme,"06B5N","06",Steglitz-Zehlendorf,5N,B,5N,5,79,W,0,0,0,0,306,306,304,2,56,124,35,15,10,20,5,11,2,2,1,0,0,1,0,0,0,0,1,2,0,0,0,3,0,0,1,0,0,7,0,0,3,0,1,4
Zweitstimme,"06B5P","06",Steglitz-Zehlendorf,5P,B,5P,5,79,W,0,0,0,0,471,471,470,0,110,216,50,9,21,42,0,7,1,2,0,1,0,0,1,0,0,0,0,2,1,0,0,0,0,0,1,0,0,1,0,0,2,0,0,3
Zweitstimme,"06B5Q","06",Steglitz-Zehlendorf,5Q,B,5Q,5,79,W,0,0,0,0,368,368,368,0,84,146,42,16,27,26,2,7,0,2,0,0,0,0,0,0,0,0,0,3,0,0,0,2,0,0,1,0,0,1,1,0,3,1,0,4
Zweitstimme,"06B5R","06",Steglitz-Zehlendorf,5R,B,5R,5,79,W,0,0,0,0,274,274,271,3,73,104,18,13,21,9,2,12,5,0,0,1,0,0,1,0,0,0,0,1,0,0,0,1,0,0,3,0,0,1,0,0,1,1,1,3
Zweitstimme,"06B5S","06",Steglitz-Zehlendorf,5S,B,5S,5,79,W,0,0,0,0,318,318,314,4,52,108,51,16,25,17,4,13,3,1,0,0,0,0,0,0,0,0,0,3,0,0,0,2,0,0,1,2,0,5,0,0,2,0,5,4
Zweitstimme,"06B5T","06",Steglitz-Zehlendorf,5T,B,5T,5,79,W,0,0,0,0,270,270,269,1,62,104,27,12,15,19,0,14,2,1,0,0,0,0,0,0,0,0,0,1,0,0,0,1,0,0,0,0,0,7,0,0,1,1,0,2
Zweitstimme,"06B5U","06",Steglitz-Zehlendorf,5U,B,5U,5,79,W,0,0,0,0,354,354,351,3,71,145,47,12,11,24,7,6,4,0,0,1,0,0,0,0,0,0,1,2,2,0,0,5,0,0,0,0,0,2,1,0,1,1,2,6
Zweitstimme,"06B5V","06",Steglitz-Zehlendorf,5V,B,5V,5,79,W,0,0,0,0,361,361,360,1,69,148,52,16,20,35,2,4,2,0,0,1,0,0,0,0,0,0,2,2,0,0,0,0,0,0,0,0,0,0,0,0,1,1,1,4
Zweitstimme,"06B5W","06",Steglitz-Zehlendorf,5W,B,5W,5,79,W,0,0,0,0,395,395,395,0,75,170,67,13,22,27,0,4,2,2,1,2,0,0,0,0,0,0,0,0,1,0,0,2,0,0,0,0,0,2,0,0,0,1,1,3
Zweitstimme,"06B5X","06",Steglitz-Zehlendorf,5X,B,5X,5,79,W,0,0,0,0,325,325,322,3,75,148,25,18,19,10,5,9,1,3,0,1,0,0,0,0,0,0,0,2,0,0,0,2,0,0,1,0,0,1,0,0,0,0,1,1
Zweitstimme,"06B5Y","06",Steglitz-Zehlendorf,5Y,B,5Y,5,79,W,0,0,0,0,271,271,270,1,63,79,40,18,21,15,7,7,2,1,0,3,0,0,0,0,0,0,0,1,1,0,0,5,0,0,2,0,0,1,1,0,0,0,3,0
Zweitstimme,"06B5Z","06",Steglitz-Zehlendorf,5Z,B,5Z,5,79,W,0,0,0,0,262,262,260,2,77,120,12,3,15,11,6,7,0,2,1,1,0,0,0,0,0,0,0,2,0,0,0,0,0,0,0,0,0,0,0,0,2,0,1,0
Zweitstimme,"06W601","06",Steglitz-Zehlendorf,"601",W,6A,6,79,W,1203,623,580,0,385,2,383,2,97,94,92,26,19,34,8,0,1,2,1,0,0,0,0,0,0,0,0,1,0,0,0,0,0,0,0,0,0,1,2,0,0,0,0,5
Zweitstimme,"06W602","06",Steglitz-Zehlendorf,"602",W,6B,6,79,W,1197,739,458,0,513,3,509,4,94,151,123,34,40,25,5,14,1,2,0,1,0,0,0,0,0,0,1,4,0,0,0,1,0,0,0,0,0,2,1,0,1,0,1,8
Zweitstimme,"06W603","06",Steglitz-Zehlendorf,"603",W,6C,6,79,W,1225,659,566,0,443,9,440,1,85,114,94,20,38,51,1,7,1,3,0,1,0,1,0,0,0,0,1,9,0,0,0,0,0,0,0,0,0,0,2,0,1,2,2,7
Zweitstimme,"06W604","06",Steglitz-Zehlendorf,"604",W,6D,6,79,W,1163,727,436,0,501,6,500,1,91,176,127,28,29,25,4,2,3,3,1,0,0,0,0,0,0,0,2,3,0,0,0,1,0,0,0,0,0,0,1,0,0,0,0,4
Zweitstimme,"06W605","06",Steglitz-Zehlendorf,"605",W,6E,6,79,W,1321,860,461,0,567,10,564,3,108,197,100,35,40,47,6,9,6,0,0,1,0,0,0,0,0,1,0,4,1,0,0,0,0,0,0,0,0,1,2,0,0,0,1,5
Zweitstimme,"06W606","06",Steglitz-Zehlendorf,"606",W,6F,6,79,W,1200,725,475,0,476,17,469,6,43,226,63,14,32,77,2,6,0,0,0,0,0,0,0,0,0,2,0,1,0,0,0,0,0,0,0,0,0,0,1,0,0,0,0,2
Zweitstimme,"06W607","06",Steglitz-Zehlendorf,"607",W,6G,6,79,W,1214,679,535,0,459,5,457,2,64,212,70,8,6,65,2,8,1,1,0,1,0,0,0,0,0,0,0,6,2,0,0,0,0,0,0,0,0,1,1,0,0,1,1,7
Zweitstimme,"06W608","06",Steglitz-Zehlendorf,"608",W,6H,6,79,W,1408,852,556,0,492,6,490,2,83,209,69,17,22,59,6,8,4,1,0,0,0,0,0,0,0,0,0,3,0,0,0,1,0,0,1,0,0,0,1,0,0,0,3,3
Zweitstimme,"06W609","06",Steglitz-Zehlendorf,"609",W,6J,6,79,W,1170,653,517,0,450,10,450,0,79,157,98,35,23,37,2,7,1,0,0,0,0,0,0,0,0,0,3,1,0,0,0,1,0,0,0,0,0,1,0,0,0,1,0,4
Zweitstimme,"06W610","06",Steglitz-Zehlendorf,"610",W,6K,6,79,W,1129,601,528,0,438,9,435,3,73,159,79,26,23,56,3,6,0,1,0,0,0,0,0,0,0,0,0,3,0,0,0,0,0,0,0,0,0,0,0,0,0,2,0,4
Zweitstimme,"06W611","06",Steglitz-Zehlendorf,"611",W,6L,6,79,W,1228,673,555,0,429,5,425,2,83,124,81,34,32,28,7,9,2,2,0,2,0,0,0,0,0,1,1,4,1,0,0,4,0,0,2,0,0,1,1,0,0,0,0,6
Zweitstimme,"06W612","06",Steglitz-Zehlendorf,"612",W,6M,6,79,W,1125,688,437,0,476,7,474,2,87,169,93,27,26,40,6,4,2,2,0,0,0,0,0,0,0,0,0,6,0,0,0,0,0,0,2,0,0,0,0,0,0,2,2,6
Zweitstimme,"06W613","06",Steglitz-Zehlendorf,"613",W,6N,6,79,W,1136,544,592,0,392,3,391,1,71,112,124,23,15,31,0,3,2,2,0,0,0,1,1,0,0,0,0,2,0,0,0,0,0,0,0,0,0,2,0,0,0,0,0,2
Zweitstimme,"06W614","06",Steglitz-Zehlendorf,"614",W,6P,6,79,W,1203,662,541,0,490,11,487,3,87,157,111,29,25,62,0,3,1,2,0,0,0,0,0,0,0,0,0,1,0,0,0,2,0,0,0,0,0,0,1,0,0,1,0,5
Zweitstimme,"06W615","06",Steglitz-Zehlendorf,"615",W,6Q,6,79,W,1288,773,515,0,396,2,389,4,70,117,75,36,27,24,8,10,1,2,0,0,0,0,0,0,0,0,1,1,0,0,0,1,0,0,1,0,0,2,3,0,2,0,2,6
Zweitstimme,"06W616","06",Steglitz-Zehlendorf,"616",W,6R,6,79,W,1290,891,399,0,563,4,557,6,100,204,83,41,51,45,3,8,0,2,0,0,0,0,0,1,0,1,0,5,0,0,0,1,0,0,0,0,0,0,1,0,2,1,4,4
Zweitstimme,"06W617","06",Steglitz-Zehlendorf,"617",W,6S,6,79,W,1270,918,352,0,605,0,595,9,133,275,64,31,26,42,0,11,0,4,0,1,0,0,0,0,0,0,2,0,0,0,0,1,0,0,0,0,0,0,0,0,1,0,0,4
Zweitstimme,"06W618","06",Steglitz-Zehlendorf,"618",W,6T,6,79,W,1321,819,502,0,527,6,522,3,108,173,79,45,30,31,5,15,3,3,0,2,0,0,0,0,0,0,2,8,1,0,0,1,0,0,1,0,0,0,1,0,1,0,3,10
Zweitstimme,"06W619","06",Steglitz-Zehlendorf,"619",W,6U,6,79,W,1288,851,437,0,528,5,522,5,94,179,96,34,37,38,7,14,4,0,0,3,0,0,0,0,0,0,1,7,0,0,0,1,0,0,2,0,0,1,0,0,1,0,1,2
Zweitstimme,"06W620","06",Steglitz-Zehlendorf,"620",W,6V,6,79,W,1277,765,512,0,443,0,437,4,95,125,107,27,26,24,4,6,1,0,0,0,0,0,0,0,0,1,0,4,0,0,0,0,0,0,1,0,0,1,0,0,2,0,0,13
Zweitstimme,"06W621","06",Steglitz-Zehlendorf,"621",W,6W,6,79,W,1317,818,499,0,430,4,426,3,78,134,84,29,32,32,4,14,0,1,0,0,0,0,0,1,0,1,1,7,0,0,0,0,0,0,1,0,0,0,1,0,0,0,0,6
Zweitstimme,"06W622","06",Steglitz-Zehlendorf,"622",W,6X,6,79,W,1302,769,533,0,454,2,452,2,92,128,99,41,31,24,4,8,2,2,1,0,0,0,0,0,0,0,1,5,0,0,0,6,0,0,0,0,0,0,2,0,1,1,0,4
Zweitstimme,"06W623","06",Steglitz-Zehlendorf,"623",W,6Y,6,79,W,1363,782,581,0,507,9,505,1,103,106,160,44,23,33,4,10,3,1,0,0,0,0,0,0,0,1,1,2,1,0,0,1,0,0,1,0,0,2,2,0,1,2,0,4
Zweitstimme,"06W624","06",Steglitz-Zehlendorf,"624",W,6Z,6,79,W,1259,739,520,0,437,3,431,4,118,111,85,32,26,27,7,9,4,0,0,0,0,0,0,1,0,0,1,3,1,0,0,0,0,0,2,0,0,1,0,0,1,1,0,1
Zweitstimme,"06W625","06",Steglitz-Zehlendorf,"625",W,6AA,6,79,W,1299,735,564,0,492,4,490,1,68,235,76,9,30,56,0,5,1,0,0,0,0,0,0,0,0,0,0,2,0,0,0,3,0,0,0,0,0,0,1,0,0,0,0,4
Zweitstimme,"06B6A","06",Steglitz-Zehlendorf,6A,B,6A,6,79,W,0,0,0,0,577,577,575,2,128,217,108,28,13,52,2,10,2,1,1,1,0,0,0,0,0,0,0,0,0,0,0,3,0,0,0,0,0,0,0,0,3,1,1,4
Zweitstimme,"06B6AA","06",Steglitz-Zehlendorf,6AA,B,6AA,6,79,W,0,0,0,0,515,515,505,0,51,255,57,12,26,89,1,3,1,0,0,0,0,0,0,0,0,0,0,1,0,0,0,0,0,0,0,0,0,1,2,0,0,0,0,6
Zweitstimme,"06B6B","06",Steglitz-Zehlendorf,6B,B,6B,6,79,W,0,0,0,0,410,410,407,2,94,119,96,29,17,19,3,9,3,0,0,0,0,0,0,0,0,0,1,8,0,0,0,3,0,0,0,0,0,0,1,0,3,0,0,2
Zweitstimme,"06B6C","06",Steglitz-Zehlendorf,6C,B,6C,6,79,W,0,0,0,0,528,528,528,0,71,202,124,24,14,72,0,4,1,1,0,1,0,0,0,0,0,1,0,2,1,0,0,0,0,0,0,0,0,0,1,0,1,1,0,7
Zweitstimme,"06B6D","06",Steglitz-Zehlendorf,6D,B,6D,6,79,W,0,0,0,0,397,397,396,1,78,148,81,19,14,44,0,3,0,1,0,1,0,0,0,0,0,0,0,2,0,0,0,1,0,0,0,0,0,0,1,0,2,0,0,1
Zweitstimme,"06B6E","06",Steglitz-Zehlendorf,6E,B,6E,6,79,W,0,0,0,0,419,419,419,0,78,154,72,27,26,37,3,3,5,1,0,1,0,0,0,0,0,0,0,2,1,0,0,1,0,0,0,1,0,4,0,0,1,0,0,2
Zweitstimme,"06B6F","06",Steglitz-Zehlendorf,6F,B,6F,6,79,W,0,0,0,0,421,421,420,1,42,235,42,8,14,67,2,2,0,1,0,1,0,0,0,0,0,0,1,0,0,0,0,0,0,0,0,0,0,0,0,0,0,0,0,5
Zweitstimme,"06B6G","06",Steglitz-Zehlendorf,6G,B,6G,6,79,W,0,0,0,0,492,492,489,1,63,248,62,15,13,74,2,2,1,0,1,0,0,1,0,0,0,1,0,0,0,0,0,0,0,0,0,0,0,0,0,0,1,0,1,4
Zweitstimme,"06B6H","06",Steglitz-Zehlendorf,6H,B,6H,6,79,W,0,0,0,0,514,514,512,2,74,263,67,11,18,60,0,6,0,3,0,0,0,0,0,0,0,0,0,2,0,0,0,0,0,0,0,1,0,0,1,0,0,0,0,6
Zweitstimme,"06B6J","06",Steglitz-Zehlendorf,6J,B,6J,6,79,W,0,0,0,0,470,470,468,2,80,182,79,24,15,67,5,3,0,2,0,0,0,1,0,0,0,0,0,0,0,0,0,0,0,0,0,0,0,2,1,0,0,1,0,6
Zweitstimme,"06B6K","06",Steglitz-Zehlendorf,6K,B,6K,6,79,W,0,0,0,0,490,490,488,1,61,243,83,11,16,55,5,2,1,0,0,0,0,0,0,0,0,0,0,1,1,0,0,0,0,0,0,0,0,1,0,0,0,0,0,8
Zweitstimme,"06B6L","06",Steglitz-Zehlendorf,6L,B,6L,6,79,W,0,0,0,0,513,513,512,1,102,167,103,30,23,56,4,5,2,3,0,0,0,0,0,0,0,0,0,5,0,0,0,2,0,0,1,0,0,1,0,0,0,0,1,7
Zweitstimme,"06B6M","06",Steglitz-Zehlendorf,6M,B,6M,6,79,W,0,0,0,0,387,387,385,2,86,129,80,20,16,34,4,5,1,1,1,1,0,0,0,1,0,0,0,3,0,0,0,0,0,0,0,0,0,0,1,0,0,0,0,2
Zweitstimme,"06B6N","06",Steglitz-Zehlendorf,6N,B,6N,6,79,W,0,0,0,0,560,560,559,1,107,196,141,23,9,63,3,3,1,0,0,0,0,0,0,0,0,0,1,0,0,0,0,0,0,0,0,0,0,0,4,0,0,2,0,6
Zweitstimme,"06B6P","06",Steglitz-Zehlendorf,6P,B,6P,6,79,W,0,0,0,0,492,492,488,4,91,199,86,19,13,60,4,3,2,0,0,1,0,0,0,0,0,0,0,1,0,0,0,0,0,0,0,0,0,0,0,0,2,0,0,7
Zweitstimme,"06B6Q","06",Steglitz-Zehlendorf,6Q,B,6Q,6,79,W,0,0,0,0,472,472,468,4,100,164,88,25,24,27,5,11,1,4,0,0,1,1,0,0,0,0,2,2,2,0,0,1,0,0,1,0,0,5,0,0,0,0,0,4
Zweitstimme,"06B6R","06",Steglitz-Zehlendorf,6R,B,6R,6,79,W,0,0,0,0,372,372,370,1,63,141,62,13,23,36,5,9,2,3,0,1,0,0,0,0,0,0,1,2,0,0,0,0,0,0,0,1,0,3,0,0,2,1,1,1
Zweitstimme,"06B6S","06",Steglitz-Zehlendorf,6S,B,6S,6,79,W,0,0,0,0,332,332,331,0,84,131,44,9,12,31,1,7,0,5,0,2,0,0,0,0,0,1,1,0,0,0,0,0,0,0,0,0,0,1,0,0,0,1,1,0
Zweitstimme,"06B6T","06",Steglitz-Zehlendorf,6T,B,6T,6,79,W,0,0,0,0,466,466,461,3,112,177,73,25,13,33,6,8,1,3,0,1,0,0,0,0,0,0,0,0,0,0,0,0,0,0,0,0,0,0,1,0,2,0,2,4
Zweitstimme,"06B6U","06",Steglitz-Zehlendorf,6U,B,6U,6,79,W,0,0,0,0,395,395,393,2,83,173,60,23,7,33,2,4,4,0,0,0,0,0,0,0,0,0,0,0,0,0,0,0,0,0,0,0,0,1,1,0,0,0,0,2
Zweitstimme,"06B6V","06",Steglitz-Zehlendorf,6V,B,6V,6,79,W,0,0,0,0,480,480,479,1,86,175,93,25,24,55,2,6,0,1,0,0,0,0,0,0,0,0,2,2,1,0,0,1,0,0,1,0,0,0,0,0,0,0,1,4
Zweitstimme,"06B6W","06",Steglitz-Zehlendorf,6W,B,6W,6,79,W,0,0,0,0,442,442,437,5,84,167,91,17,21,34,4,9,0,0,0,0,0,0,0,0,0,0,0,1,0,0,0,0,0,0,0,0,0,2,0,0,0,1,2,4
Zweitstimme,"06B6X","06",Steglitz-Zehlendorf,6X,B,6X,6,79,W,0,0,0,0,490,490,490,0,121,123,114,24,17,48,4,13,5,1,1,1,1,0,1,0,0,0,1,5,0,0,0,0,0,0,2,0,0,0,2,0,1,0,1,4
Zweitstimme,"06B6Y","06",Steglitz-Zehlendorf,6Y,B,6Y,6,79,W,0,0,0,0,527,527,522,5,133,145,142,29,19,25,4,5,3,2,0,1,0,0,0,0,0,0,1,3,2,0,0,2,0,0,1,0,0,0,2,0,1,0,0,2
Zweitstimme,"06B6Z","06",Steglitz-Zehlendorf,6Z,B,6Z,6,79,W,0,0,0,0,480,480,477,2,124,149,100,36,16,31,0,7,1,1,0,3,0,0,0,1,0,0,1,0,0,0,0,1,0,0,0,0,0,1,2,0,0,2,0,1
Zweitstimme,"06W701","06",Steglitz-Zehlendorf,"701",W,7A,7,79,W,1151,688,463,0,470,6,466,4,77,195,87,17,25,44,1,7,1,2,0,0,0,0,0,0,0,0,0,1,0,0,0,3,0,0,0,0,0,0,1,0,0,1,2,2
Zweitstimme,"06W702","06",Steglitz-Zehlendorf,"702",W,7B,7,79,W,1207,675,532,0,433,15,428,3,73,164,69,20,32,45,4,5,0,1,0,0,0,0,0,0,0,0,0,3,1,0,0,1,0,0,0,0,0,0,0,0,1,1,0,8
Zweitstimme,"06W703","06",Steglitz-Zehlendorf,"703",W,7C,7,79,W,1099,696,403,0,434,3,432,1,61,169,83,18,26,57,2,7,0,0,0,0,0,0,0,0,0,0,0,2,0,0,0,0,0,0,0,0,0,0,1,0,1,0,0,5
Zweitstimme,"06W704","06",Steglitz-Zehlendorf,"704",W,7D,7,79,W,1262,731,531,0,412,11,411,1,77,150,70,12,38,47,4,4,0,0,0,0,0,0,0,0,0,0,2,1,0,0,0,0,0,0,0,1,0,0,0,0,0,1,1,3
Zweitstimme,"06W705","06",Steglitz-Zehlendorf,"705",W,7E,7,79,W,1110,596,514,0,365,2,365,0,64,111,73,16,34,39,2,7,1,1,0,0,0,1,0,0,0,0,0,5,1,0,0,1,0,0,0,2,0,0,0,0,0,1,0,6
Zweitstimme,"06W706","06",Steglitz-Zehlendorf,"706",W,7F,7,79,W,1380,810,570,0,587,11,583,2,96,233,106,23,32,66,1,10,1,0,0,0,0,0,0,0,0,1,0,3,0,0,0,1,0,0,0,1,0,1,0,0,2,0,0,6
Zweitstimme,"06W707","06",Steglitz-Zehlendorf,"707",W,7G,7,79,W,1381,715,666,0,447,9,447,0,72,161,94,14,20,67,1,7,1,0,0,0,0,0,0,0,0,0,0,3,0,0,0,1,0,0,0,0,0,0,0,0,0,1,0,5
Zweitstimme,"06W708","06",Steglitz-Zehlendorf,"708",W,7H,7,79,W,1120,742,378,0,466,11,464,2,96,123,110,27,26,51,3,5,2,0,0,1,0,0,0,0,0,0,0,3,0,0,0,0,0,0,1,0,0,2,1,0,1,0,1,11
Zweitstimme,"06W709","06",Steglitz-Zehlendorf,"709",W,7J,7,79,W,1037,569,468,0,377,5,377,0,68,156,52,23,19,41,3,3,0,0,0,0,0,1,1,0,0,0,0,7,0,0,0,0,0,0,0,1,0,0,0,0,0,0,0,2
Zweitstimme,"06W710","06",Steglitz-Zehlendorf,"710",W,7K,7,79,W,1205,748,457,0,509,7,501,3,93,192,74,26,35,53,1,15,3,0,0,1,0,0,1,0,0,0,0,2,0,0,0,3,0,0,0,1,0,0,0,0,0,0,0,1
Zweitstimme,"06W711","06",Steglitz-Zehlendorf,"711",W,7L,7,79,W,1150,653,497,0,412,10,411,1,74,147,78,19,19,47,4,5,0,0,0,0,0,1,0,0,0,2,0,5,0,0,0,0,0,0,0,1,0,1,0,0,0,0,1,7
Zweitstimme,"06W712","06",Steglitz-Zehlendorf,"712",W,7M,7,79,W,1089,674,415,0,501,7,495,4,103,124,122,34,25,50,4,7,2,2,0,1,0,0,0,0,0,0,1,7,0,0,0,1,0,0,0,0,0,0,1,0,1,0,2,8
Zweitstimme,"06W713","06",Steglitz-Zehlendorf,"713",W,7N,7,79,W,1204,661,543,0,487,9,484,3,86,191,88,21,22,48,4,7,1,0,1,2,0,0,0,0,0,0,0,1,0,0,0,1,0,0,0,0,0,2,1,0,0,0,0,8
Zweitstimme,"06W714","06",Steglitz-Zehlendorf,"714",W,7P,7,79,W,1145,735,410,0,462,6,459,3,89,139,101,25,46,34,4,7,0,0,0,0,1,0,0,0,0,0,1,4,1,0,0,1,0,0,0,2,0,0,0,0,0,0,0,4
Zweitstimme,"06W715","06",Steglitz-Zehlendorf,"715",W,7Q,7,79,W,1022,604,418,0,399,5,398,1,85,146,65,13,29,39,2,1,1,3,0,0,0,0,0,0,0,0,0,3,1,0,0,1,0,0,0,0,0,1,0,0,0,1,3,4
Zweitstimme,"06W716","06",Steglitz-Zehlendorf,"716",W,7R,7,79,W,1178,660,518,0,470,4,469,1,87,164,99,17,17,54,2,11,3,0,0,0,0,2,0,0,0,0,0,3,0,0,0,0,0,0,0,0,0,0,0,0,0,1,0,9
Zweitstimme,"06W717","06",Steglitz-Zehlendorf,"717",W,7S,7,79,W,1137,745,392,0,518,5,514,3,115,142,124,32,23,43,3,9,1,0,0,0,0,0,0,0,0,0,0,7,1,0,0,1,0,0,0,0,0,1,2,0,0,1,2,7
Zweitstimme,"06W718","06",Steglitz-Zehlendorf,"718",W,7T,7,79,W,1257,693,564,0,456,6,454,2,87,181,74,18,30,43,3,6,0,0,0,2,0,0,0,0,0,0,2,1,0,0,0,0,0,0,0,1,0,0,0,0,2,0,1,3
Zweitstimme,"06W719","06",Steglitz-Zehlendorf,"719",W,7U,7,79,W,1201,692,509,0,476,5,473,3,103,113,121,37,29,23,3,15,2,0,0,3,0,0,0,0,0,1,1,3,0,0,0,3,0,0,0,0,0,1,1,0,0,2,1,11
Zweitstimme,"06W720","06",Steglitz-Zehlendorf,"720",W,7V,7,79,W,1201,733,468,0,512,8,510,2,92,186,93,26,28,52,5,9,2,3,0,0,0,0,0,0,0,0,2,4,0,0,0,0,0,0,1,0,0,1,0,0,0,1,2,3
Zweitstimme,"06W721","06",Steglitz-Zehlendorf,"721",W,7W,7,79,W,1179,744,435,0,483,8,480,3,94,200,78,17,17,54,5,9,0,0,0,0,0,0,0,0,0,0,1,2,0,0,0,0,0,0,0,0,0,0,1,0,0,1,0,1
Zweitstimme,"06W722","06",Steglitz-Zehlendorf,"722",W,7X,7,79,W,1318,685,633,0,474,10,471,1,81,174,100,15,9,64,5,4,1,1,0,1,0,0,0,0,0,0,0,5,1,0,0,1,0,0,0,0,0,0,0,0,0,1,0,8
Zweitstimme,"06W723","06",Steglitz-Zehlendorf,"723",W,7Y,7,79,W,1187,655,532,0,473,3,470,3,80,202,83,13,22,45,0,8,2,0,0,1,0,0,0,0,0,0,1,1,0,0,0,0,0,0,1,2,0,0,0,0,0,1,2,6
Zweitstimme,"06W724","06",Steglitz-Zehlendorf,"724",W,7Z,7,79,W,1137,753,384,0,509,0,503,4,99,162,90,30,32,51,4,15,2,0,0,1,0,0,0,0,0,1,1,4,0,0,0,1,0,0,0,1,0,0,0,0,0,1,2,6
Zweitstimme,"06W725","06",Steglitz-Zehlendorf,"725",W,7AA,7,79,W,1059,656,403,0,387,6,385,2,92,143,49,11,37,23,5,7,0,1,0,0,0,0,0,0,0,0,3,5,0,0,0,3,0,0,1,0,0,0,0,0,0,1,1,3
Zweitstimme,"06B7A","06",Steglitz-Zehlendorf,7A,B,7A,7,79,W,0,0,0,0,443,443,442,0,63,215,60,11,10,62,0,7,0,1,0,0,0,1,0,0,0,0,0,3,0,0,0,1,0,0,0,0,0,0,1,0,1,1,0,5
Zweitstimme,"06B7AA","06",Steglitz-Zehlendorf,7AA,B,7AA,7,79,W,0,0,0,0,357,357,356,1,78,147,49,12,25,22,1,7,2,0,0,0,1,0,0,0,0,1,0,1,0,0,0,1,0,0,0,0,0,0,1,0,3,0,0,5
Zweitstimme,"06B7B","06",Steglitz-Zehlendorf,7B,B,7B,7,79,W,0,0,0,0,472,472,472,0,86,185,83,17,22,56,4,12,0,0,0,0,0,0,0,0,0,0,0,0,0,0,0,1,0,0,1,0,0,0,2,0,0,0,1,2
Zweitstimme,"06B7C","06",Steglitz-Zehlendorf,7C,B,7C,7,79,W,0,0,0,0,353,353,350,3,58,131,64,10,17,47,0,4,1,1,0,1,0,2,0,0,0,0,0,2,3,0,0,2,0,0,0,0,0,1,1,0,0,0,0,5
Zweitstimme,"06B7D","06",Steglitz-Zehlendorf,7D,B,7D,7,79,W,0,0,0,0,482,482,482,0,77,212,74,17,33,57,2,4,0,0,0,1,0,0,0,0,0,0,0,1,0,0,0,0,0,0,0,0,0,0,0,0,0,0,1,3
Zweitstimme,"06B7E","06",Steglitz-Zehlendorf,7E,B,7E,7,79,W,0,0,0,0,476,476,476,0,72,192,89,18,22,53,1,8,3,1,0,0,0,0,0,0,0,0,1,2,0,0,0,0,0,0,0,0,0,2,2,0,1,2,0,7
Zweitstimme,"06B7F","06",Steglitz-Zehlendorf,7F,B,7F,7,79,W,0,0,0,0,508,508,504,4,73,226,86,16,22,64,2,5,0,2,0,0,0,0,0,0,0,0,1,0,0,0,0,0,0,0,0,0,0,0,1,0,1,0,0,5
Zweitstimme,"06B7G","06",Steglitz-Zehlendorf,7G,B,7G,7,79,W,0,0,0,0,608,608,605,2,118,231,109,20,14,98,1,3,0,0,0,1,0,1,0,0,0,0,0,0,0,0,0,0,0,0,1,0,0,1,1,0,0,0,0,6
Zweitstimme,"06B7H","06",Steglitz-Zehlendorf,7H,B,7H,7,79,W,0,0,0,0,333,333,332,1,72,106,67,11,12,46,2,5,1,1,0,0,0,0,0,0,0,0,0,4,0,0,0,2,0,0,2,0,0,0,0,0,0,1,0,0
Zweitstimme,"06B7J","06",Steglitz-Zehlendorf,7J,B,7J,7,79,W,0,0,0,0,422,422,422,0,86,178,71,14,13,48,3,4,0,0,0,0,0,0,0,0,0,1,0,0,0,0,0,1,0,0,0,0,0,0,0,0,0,0,0,3
Zweitstimme,"06B7K","06",Steglitz-Zehlendorf,7K,B,7K,7,79,W,0,0,0,0,419,419,416,3,96,167,60,11,18,49,0,3,0,0,0,0,0,0,1,0,0,0,2,1,1,0,0,1,0,0,0,0,0,1,0,0,0,1,1,3
Zweitstimme,"06B7L","06",Steglitz-Zehlendorf,7L,B,7L,7,79,W,0,0,0,0,461,461,461,0,111,189,75,10,9,45,3,7,0,0,0,0,0,0,0,0,0,0,0,4,0,0,0,1,0,0,0,0,0,1,0,0,3,0,0,3
Zweitstimme,"06B7M","06",Steglitz-Zehlendorf,7M,B,7M,7,79,W,0,0,0,0,389,389,387,2,96,114,95,22,14,31,0,7,1,0,0,0,0,0,0,0,0,0,0,0,0,0,0,1,0,0,0,0,0,1,0,0,0,1,0,4
Zweitstimme,"06B7N","06",Steglitz-Zehlendorf,7N,B,7N,7,79,W,0,0,0,0,491,491,490,1,77,223,91,10,17,56,3,1,0,0,0,0,0,0,0,0,0,0,0,5,0,0,0,0,0,0,0,0,0,1,1,0,0,1,0,4
Zweitstimme,"06B7P","06",Steglitz-Zehlendorf,7P,B,7P,7,79,W,0,0,0,0,370,370,370,0,71,115,80,31,15,36,5,3,0,0,0,1,0,0,0,0,0,1,1,1,0,0,0,1,0,0,0,0,0,0,1,0,1,1,1,5
Zweitstimme,"06B7Q","06",Steglitz-Zehlendorf,7Q,B,7Q,7,79,W,0,0,0,0,382,382,382,0,75,182,46,9,11,29,3,9,2,3,0,0,0,0,0,0,0,0,3,4,0,0,0,1,0,0,1,0,0,1,2,0,0,0,0,1
Zweitstimme,"06B7R","06",Steglitz-Zehlendorf,7R,B,7R,7,79,W,0,0,0,0,472,472,471,0,94,193,83,15,16,59,0,1,0,0,0,0,0,0,0,0,0,0,0,2,1,0,0,1,0,0,0,0,0,0,2,0,0,0,1,3
Zweitstimme,"06B7S","06",Steglitz-Zehlendorf,7S,B,7S,7,79,W,0,0,0,0,370,370,369,1,63,147,78,18,17,25,1,6,0,2,0,0,0,0,0,0,0,0,1,0,0,0,0,1,0,0,0,0,0,0,1,0,0,0,1,8
Zweitstimme,"06B7T","06",Steglitz-Zehlendorf,7T,B,7T,7,79,W,0,0,0,0,532,532,531,1,94,264,74,14,14,53,4,4,0,1,0,0,0,0,0,0,0,0,0,3,1,0,0,0,0,0,0,0,0,0,0,0,0,3,0,2
Zweitstimme,"06B7U","06",Steglitz-Zehlendorf,7U,B,7U,7,79,W,0,0,0,0,475,475,474,1,104,168,83,28,17,46,5,7,0,1,0,1,0,0,0,0,0,0,0,4,0,0,0,1,0,0,0,0,0,2,0,0,0,0,0,7
Zweitstimme,"06B7V","06",Steglitz-Zehlendorf,7V,B,7V,7,79,W,0,0,0,0,427,427,427,0,84,182,73,20,7,37,2,6,2,0,0,1,1,1,1,0,0,0,0,2,0,0,0,3,0,0,0,0,0,1,0,0,0,0,0,4
Zweitstimme,"06B7W","06",Steglitz-Zehlendorf,7W,B,7W,7,79,W,0,0,0,0,407,407,407,0,62,184,48,8,24,66,1,5,2,1,0,0,0,0,0,0,0,0,2,0,0,0,0,0,0,0,0,0,0,0,1,0,1,0,0,2
Zweitstimme,"06B7X","06",Steglitz-Zehlendorf,7X,B,7X,7,79,W,0,0,0,0,569,569,566,3,101,231,113,19,10,71,0,9,0,1,0,0,0,0,0,0,0,0,1,4,0,0,0,0,0,0,0,0,0,1,1,0,0,0,0,4
Zweitstimme,"06B7Y","06",Steglitz-Zehlendorf,7Y,B,7Y,7,79,W,0,0,0,0,489,489,486,3,79,221,77,14,12,62,2,8,0,0,0,0,0,0,0,0,0,0,1,2,0,0,0,0,0,0,0,0,0,0,0,0,0,0,2,6
Zweitstimme,"06B7Z","06",Steglitz-Zehlendorf,7Z,B,7Z,7,79,W,0,0,0,0,357,357,357,0,70,155,67,16,14,11,2,4,2,0,0,0,0,0,0,0,0,0,0,5,1,0,0,1,0,0,1,0,0,1,0,0,0,1,2,4
Zweitstimme,"07W101","07",Tempelhof-Schöneberg,"101",W,1A,1,81,W,1125,792,333,0,311,2,309,2,73,94,41,28,29,26,1,5,0,1,1,0,0,0,0,0,0,0,0,4,0,0,0,0,0,0,0,0,0,1,0,0,0,1,0,4
Zweitstimme,"07W102","07",Tempelhof-Schöneberg,"102",W,1A,1,81,W,1197,821,376,0,414,10,411,2,88,131,91,34,23,23,0,1,3,2,0,1,0,0,1,1,0,0,0,0,0,0,0,1,0,0,0,0,0,2,2,0,2,1,1,3
Zweitstimme,"07W103","07",Tempelhof-Schöneberg,"103",W,1B,1,81,W,1098,756,342,0,383,5,378,5,76,111,87,33,21,28,4,2,3,4,0,0,1,0,0,0,0,0,0,2,0,0,0,1,0,0,0,0,0,0,0,0,0,1,1,3
Zweitstimme,"07W104","07",Tempelhof-Schöneberg,"104",W,1C,1,81,W,1314,885,429,0,469,7,465,4,91,100,145,54,16,22,3,9,0,0,0,1,1,1,0,0,0,0,0,1,0,0,0,0,0,0,1,0,0,1,5,0,1,1,3,9
Zweitstimme,"07W105","07",Tempelhof-Schöneberg,"105",W,1D,1,81,W,1192,757,435,0,437,5,436,1,81,67,161,72,14,19,1,6,1,1,0,0,0,1,0,0,0,0,0,2,0,0,0,1,0,0,1,0,0,0,3,0,0,0,2,3
Zweitstimme,"07W106","07",Tempelhof-Schöneberg,"106",W,1E,1,81,W,1133,870,263,0,397,6,395,1,80,63,103,68,28,10,6,12,3,2,0,1,1,0,1,0,1,1,0,1,1,0,0,0,0,0,1,1,0,0,2,0,0,2,5,2
Zweitstimme,"07W107","07",Tempelhof-Schöneberg,"107",W,1F,1,81,W,1270,910,360,0,399,7,394,5,82,67,105,62,18,11,7,5,1,0,0,0,0,2,0,0,1,0,1,6,0,0,0,1,0,0,2,0,0,0,1,0,0,1,11,10
Zweitstimme,"07W108","07",Tempelhof-Schöneberg,"108",W,1G,1,81,W,1236,941,295,0,414,13,402,10,81,68,126,61,12,12,5,10,3,2,0,1,0,1,0,0,1,0,0,0,0,0,0,0,0,0,1,0,0,0,0,0,0,0,16,2
Zweitstimme,"07W109","07",Tempelhof-Schöneberg,"109",W,1G,1,81,W,976,578,398,0,366,4,365,1,74,61,130,50,17,8,4,4,1,2,0,0,1,0,0,0,0,0,0,6,0,0,0,1,0,0,0,0,0,1,0,0,0,0,1,4
Zweitstimme,"07W110","07",Tempelhof-Schöneberg,"110",W,1H,1,81,W,1235,817,418,0,480,3,473,6,91,75,160,63,20,20,8,8,3,1,0,0,1,0,0,0,1,2,0,9,0,0,0,0,0,0,3,0,0,0,1,0,0,1,3,3
Zweitstimme,"07W111","07",Tempelhof-Schöneberg,"111",W,1I,1,81,W,1192,769,423,0,442,5,438,4,88,83,119,63,25,19,8,17,0,1,0,2,0,1,0,0,0,0,0,1,0,0,0,1,0,0,1,0,0,1,2,0,1,0,1,4
Zweitstimme,"07W112","07",Tempelhof-Schöneberg,"112",W,1K,1,81,W,1136,663,473,0,460,5,457,0,81,46,195,72,9,12,10,8,1,1,0,0,0,0,0,0,0,0,0,6,0,0,0,0,0,0,2,0,0,0,5,0,0,2,0,7
Zweitstimme,"07W113","07",Tempelhof-Schöneberg,"113",W,1L,1,81,W,1184,733,451,0,494,8,492,2,104,77,195,52,14,17,4,3,0,1,1,0,0,0,1,0,2,1,0,6,1,0,0,0,0,0,1,0,0,0,2,0,1,0,3,6
Zweitstimme,"07W114","07",Tempelhof-Schöneberg,"114",W,1M,1,81,W,1328,872,456,0,494,9,488,5,96,102,150,57,29,22,4,10,1,1,0,1,0,0,0,0,0,1,0,2,0,0,0,0,0,0,2,0,0,0,3,0,1,1,2,3
Zweitstimme,"07W115","07",Tempelhof-Schöneberg,"115",W,1N,1,81,W,1121,760,361,0,389,1,385,4,90,98,88,42,25,14,4,4,3,1,1,0,0,1,0,0,2,0,0,1,0,0,0,2,0,0,1,0,0,0,1,0,1,1,2,3
Zweitstimme,"07W116","07",Tempelhof-Schöneberg,"116",W,1P,1,81,W,1108,659,449,0,356,3,355,1,70,78,96,39,24,21,3,5,4,1,0,1,0,0,1,0,1,0,2,3,0,0,0,0,0,0,0,0,0,0,2,0,0,0,1,3
Zweitstimme,"07W117","07",Tempelhof-Schöneberg,"117",W,1R,1,81,W,1126,654,472,0,384,7,382,2,69,109,95,38,18,23,1,6,3,2,1,1,0,0,0,0,1,0,0,2,2,0,0,1,0,0,0,0,0,0,1,0,2,1,2,4
Zweitstimme,"07W118","07",Tempelhof-Schöneberg,"118",W,1P,1,81,W,646,367,279,0,234,3,231,0,43,47,82,24,8,11,1,5,0,0,0,0,0,0,0,0,0,0,0,0,0,0,0,1,0,0,0,0,0,0,0,0,0,2,1,6
Zweitstimme,"07W119","07",Tempelhof-Schöneberg,"119",W,1E,1,81,W,1135,829,306,0,312,4,311,1,70,95,45,43,27,14,3,2,1,0,0,0,0,0,1,0,0,0,0,0,0,0,0,0,0,0,1,0,0,0,0,0,0,0,5,4
Zweitstimme,"07W120","07",Tempelhof-Schöneberg,"120",W,1N,1,81,W,1148,747,401,0,394,9,390,3,72,80,112,54,25,22,6,5,1,3,0,0,0,0,1,0,0,0,0,0,0,0,0,0,0,0,1,0,0,0,0,0,1,1,4,2
Zweitstimme,"07W121","07",Tempelhof-Schöneberg,"121",W,1D,1,81,W,1226,826,400,0,422,2,417,4,99,91,93,52,30,20,5,11,0,0,0,1,0,0,0,0,1,0,0,2,1,0,0,0,0,0,0,0,0,2,0,0,0,1,6,2
Zweitstimme,"07W122","07",Tempelhof-Schöneberg,"122",W,1S,1,81,W,1302,854,448,0,428,7,424,1,84,127,92,42,19,28,9,5,2,2,0,2,1,0,0,0,0,0,0,0,1,0,0,2,0,0,3,0,0,0,0,0,0,0,2,3
Zweitstimme,"07W123","07",Tempelhof-Schöneberg,"123",W,1T,1,81,W,1096,693,403,0,383,14,378,2,73,50,144,51,15,21,1,3,0,0,0,1,0,2,0,0,1,0,1,0,0,0,0,0,0,0,3,0,0,1,3,0,0,0,3,5
Zweitstimme,"07W124","07",Tempelhof-Schöneberg,"124",W,1U,1,81,W,1153,737,416,0,459,10,458,1,83,57,163,80,29,8,5,7,3,2,0,1,0,2,2,0,0,0,0,3,0,0,0,0,0,0,1,0,0,0,2,0,0,1,6,3
Zweitstimme,"07W125","07",Tempelhof-Schöneberg,"125",W,1V,1,81,W,1127,830,297,0,392,5,390,2,69,75,115,65,13,16,3,7,2,0,1,1,0,1,0,0,1,1,0,2,0,0,0,1,0,0,4,0,0,0,1,0,1,1,2,8
Zweitstimme,"07W126","07",Tempelhof-Schöneberg,"126",W,1F,1,81,W,1173,905,268,0,305,5,303,2,51,74,65,58,17,11,7,2,1,0,0,1,0,0,0,0,0,1,0,1,2,0,0,0,0,0,0,0,0,2,0,0,0,1,5,4
Zweitstimme,"07W127","07",Tempelhof-Schöneberg,"127",W,1V,1,81,W,1155,847,308,0,412,7,411,1,65,61,144,88,13,9,9,6,0,0,0,0,0,0,1,0,0,1,0,0,0,0,0,0,0,0,0,0,0,0,0,0,1,0,5,8
Zweitstimme,"07W128","07",Tempelhof-Schöneberg,"128",W,1W,1,81,W,1212,910,302,0,453,9,447,6,63,73,140,95,19,20,5,5,1,0,0,0,0,2,1,1,1,0,0,5,0,0,0,0,0,0,0,0,0,2,4,0,0,0,6,4
Zweitstimme,"07W129","07",Tempelhof-Schöneberg,"129",W,1W,1,81,W,1240,751,489,0,410,12,406,4,74,49,155,66,8,18,9,4,0,0,1,1,0,1,0,0,0,1,0,4,1,0,0,1,0,0,0,0,0,1,2,0,0,0,2,8
Zweitstimme,"07B1A","07",Tempelhof-Schöneberg,1A,B,1A,1,81,W,0,0,0,0,650,650,650,0,140,208,148,50,23,43,5,7,1,1,0,0,0,0,0,1,0,0,1,3,0,0,0,2,0,0,1,0,0,1,1,0,1,1,1,11
Zweitstimme,"07B1B","07",Tempelhof-Schöneberg,1B,B,1B,1,81,W,0,0,0,0,291,291,288,3,56,89,74,17,12,26,0,2,3,0,0,0,0,1,0,0,1,0,0,2,1,0,0,1,0,0,0,0,0,0,0,0,1,0,0,2
Zweitstimme,"07B1C","07",Tempelhof-Schöneberg,1C,B,1C,1,81,W,0,0,0,0,386,386,384,2,64,119,101,33,14,30,3,4,2,1,0,0,0,1,0,0,0,0,0,0,1,0,0,0,0,0,0,0,0,2,2,0,1,0,3,3
Zweitstimme,"07B1D","07",Tempelhof-Schöneberg,1D,B,1D,1,81,W,0,0,0,0,747,747,740,7,133,175,239,71,29,40,9,7,1,0,0,1,0,3,0,1,2,0,0,1,0,0,0,1,0,0,3,0,0,4,7,0,1,1,2,9
Zweitstimme,"07B1E","07",Tempelhof-Schöneberg,1E,B,1E,1,81,W,0,0,0,0,488,488,487,1,105,106,135,48,32,23,3,6,2,4,0,0,0,2,0,0,1,1,1,2,0,0,0,0,0,0,1,0,0,1,3,0,0,0,3,8
Zweitstimme,"07B1F","07",Tempelhof-Schöneberg,1F,B,1F,1,81,W,0,0,0,0,555,555,551,4,102,98,193,66,18,21,12,6,2,2,0,1,2,1,0,0,0,1,0,2,0,0,0,1,0,0,2,0,0,3,6,0,0,2,6,4
Zweitstimme,"07B1G","07",Tempelhof-Schöneberg,1G,B,1G,1,81,W,0,0,0,0,613,613,613,0,124,123,210,61,13,41,4,7,2,1,1,0,0,0,0,0,0,1,0,1,0,0,0,2,0,0,0,1,0,0,4,0,0,0,2,15
Zweitstimme,"07B1H","07",Tempelhof-Schöneberg,1H,B,1H,1,81,W,0,0,0,0,387,387,385,2,72,86,130,41,6,16,9,6,1,0,0,0,0,0,0,0,0,0,1,1,0,0,0,0,0,0,3,0,0,0,2,0,0,0,0,11
Zweitstimme,"07B1I","07",Tempelhof-Schöneberg,1I,B,1I,1,81,W,0,0,0,0,381,381,379,2,84,75,126,38,13,13,7,1,2,4,0,0,1,0,0,0,0,0,0,3,0,0,0,3,0,0,0,0,0,0,3,0,0,0,1,5
Zweitstimme,"07B1K","07",Tempelhof-Schöneberg,1K,B,1K,1,81,W,0,0,0,0,431,431,431,0,81,54,189,58,7,16,5,3,2,0,0,1,0,1,0,0,0,1,0,2,0,0,0,0,0,0,1,0,0,0,1,0,0,1,0,8
Zweitstimme,"07B1L","07",Tempelhof-Schöneberg,1L,B,1L,1,81,W,0,0,0,0,422,422,421,1,79,87,160,38,10,29,2,7,1,3,0,0,0,0,0,0,0,0,0,0,0,0,0,0,0,0,0,0,0,0,0,0,0,0,0,5
Zweitstimme,"07B1M","07",Tempelhof-Schöneberg,1M,B,1M,1,81,W,0,0,0,0,402,402,401,1,73,87,121,44,9,32,5,11,1,2,0,2,0,1,1,0,0,0,0,2,0,0,0,0,0,0,0,1,0,0,1,0,0,0,1,7
Zweitstimme,"07B1N","07",Tempelhof-Schöneberg,1N,B,1N,1,81,W,0,0,0,0,683,683,679,3,151,178,175,64,28,36,8,8,1,3,0,0,1,0,0,0,0,0,1,3,0,0,0,2,0,0,1,0,0,4,6,0,0,1,1,7
Zweitstimme,"07B1P","07",Tempelhof-Schöneberg,1P,B,1P,1,81,W,0,0,0,0,652,652,652,0,133,171,209,50,16,29,4,5,2,2,1,1,1,1,2,0,0,0,1,0,1,0,0,1,0,0,1,0,0,2,2,0,2,1,1,13
Zweitstimme,"07B1R","07",Tempelhof-Schöneberg,1R,B,1R,1,81,W,0,0,0,0,435,435,435,0,98,148,110,24,13,26,2,5,0,0,0,1,0,0,0,0,1,1,0,0,0,0,0,0,0,0,0,0,0,0,1,0,1,0,1,3
Zweitstimme,"07B1S","07",Tempelhof-Schöneberg,1S,B,1S,1,81,W,0,0,0,0,406,406,404,2,66,126,128,29,15,23,0,8,0,0,0,0,0,0,0,0,0,0,0,2,1,0,0,1,0,0,1,0,0,1,0,0,0,0,1,2
Zweitstimme,"07B1T","07",Tempelhof-Schöneberg,1T,B,1T,1,81,W,0,0,0,0,344,344,343,1,56,49,136,50,9,11,5,4,3,0,0,0,0,1,0,0,0,0,0,1,0,0,0,1,0,0,3,0,0,1,2,0,1,1,1,8
Zweitstimme,"07B1U","07",Tempelhof-Schöneberg,1U,B,1U,1,81,W,0,0,0,0,364,364,363,1,54,71,157,45,4,8,3,3,1,2,0,1,0,0,0,0,2,1,0,2,0,0,0,1,0,0,0,0,0,0,3,0,0,0,1,4
Zweitstimme,"07B1V","07",Tempelhof-Schöneberg,1V,B,1V,1,81,W,0,0,0,0,545,545,542,3,82,75,241,77,11,17,11,3,1,1,0,1,0,0,0,0,0,0,0,3,1,0,0,2,0,0,4,0,0,1,2,0,1,2,0,6
Zweitstimme,"07B1W","07",Tempelhof-Schöneberg,1W,B,1W,1,81,W,0,0,0,0,721,721,716,5,121,95,261,134,17,27,11,11,5,0,0,0,0,1,1,0,0,1,1,3,0,0,0,3,0,0,1,0,0,2,3,0,3,1,2,12
Zweitstimme,"07W201","07",Tempelhof-Schöneberg,"201",W,2A,2,81,W,1229,684,545,0,442,1,439,3,104,107,110,49,18,13,6,10,3,4,0,0,0,0,1,0,0,1,0,6,0,0,0,0,0,0,0,0,0,0,0,0,0,0,1,6
Zweitstimme,"07W202","07",Tempelhof-Schöneberg,"202",W,2B,2,81,W,1105,670,435,0,300,1,294,6,69,67,67,41,21,7,5,3,3,0,0,0,0,0,1,0,0,0,0,3,0,0,0,1,0,0,0,0,0,0,0,0,0,0,2,4
Zweitstimme,"07W203","07",Tempelhof-Schöneberg,"203",W,2C,2,81,W,1102,612,490,0,381,2,380,1,76,78,126,41,27,16,1,2,2,1,0,1,0,2,1,0,0,1,0,0,0,0,0,0,0,0,2,0,0,1,0,0,0,0,1,1
Zweitstimme,"07W204","07",Tempelhof-Schöneberg,"204",W,2D,2,81,W,1191,801,390,0,560,1,559,1,105,98,209,79,18,20,5,9,1,2,0,1,0,0,0,0,0,0,0,0,0,0,0,1,0,0,0,0,0,1,4,0,0,2,0,4
Zweitstimme,"07W205","07",Tempelhof-Schöneberg,"205",W,2E,2,81,W,1342,890,452,0,555,9,548,7,122,70,209,71,10,14,8,10,1,3,0,1,0,3,1,0,1,1,0,5,0,0,0,0,0,0,2,0,0,0,1,0,0,2,1,12
Zweitstimme,"07W206","07",Tempelhof-Schöneberg,"206",W,2F,2,81,W,1060,659,401,0,393,3,393,0,75,68,137,52,13,16,4,4,0,0,0,0,0,1,0,1,1,0,0,6,0,0,0,1,0,0,1,0,0,0,3,0,0,0,2,8
Zweitstimme,"07W207","07",Tempelhof-Schöneberg,"207",W,2G,2,81,W,1246,773,473,0,377,5,373,4,74,93,96,40,19,15,5,7,0,5,1,0,0,0,0,0,0,1,0,4,0,0,0,2,0,0,0,0,0,2,2,0,1,0,5,1
Zweitstimme,"07W208","07",Tempelhof-Schöneberg,"208",W,2H,2,81,W,1142,806,336,0,355,5,352,3,74,53,111,59,13,14,3,8,1,0,0,0,0,0,0,0,0,0,0,4,0,0,0,1,0,0,2,0,0,0,1,0,0,1,2,5
Zweitstimme,"07W209","07",Tempelhof-Schöneberg,"209",W,2G,2,81,W,996,588,408,0,340,0,337,3,65,70,98,51,13,16,3,5,0,1,0,0,0,0,0,0,0,0,0,1,0,0,0,1,0,0,0,0,0,2,1,0,0,1,4,5
Zweitstimme,"07W210","07",Tempelhof-Schöneberg,"210",W,2I,2,81,W,1113,783,330,0,382,2,380,2,82,81,101,51,12,12,3,11,0,0,0,0,1,0,1,0,0,2,1,2,0,0,0,1,0,0,0,0,0,1,2,0,1,0,11,4
Zweitstimme,"07W211","07",Tempelhof-Schöneberg,"211",W,2I,2,81,W,1127,769,358,0,448,11,447,1,75,58,172,67,16,18,11,10,2,0,0,0,0,1,0,0,1,0,0,4,0,0,0,0,0,0,0,0,0,1,2,0,1,1,3,4
Zweitstimme,"07W212","07",Tempelhof-Schöneberg,"212",W,2K,2,81,W,1171,766,405,0,401,6,398,1,59,35,158,75,17,16,8,8,1,1,0,2,0,1,0,1,1,0,0,2,0,0,0,0,0,0,3,0,0,1,1,0,0,0,0,8
Zweitstimme,"07W213","07",Tempelhof-Schöneberg,"213",W,2K,2,81,W,1076,727,349,0,307,4,302,5,77,91,48,34,22,10,3,7,0,1,1,0,0,0,0,0,0,1,0,0,2,0,0,0,0,0,1,0,0,0,1,0,0,2,1,0
Zweitstimme,"07W214","07",Tempelhof-Schöneberg,"214",W,2L,2,81,W,1280,805,475,0,534,17,534,0,106,54,209,86,12,19,9,8,1,1,0,0,0,0,2,0,1,1,1,6,1,0,0,1,0,0,1,0,0,0,4,0,0,1,0,10
Zweitstimme,"07W215","07",Tempelhof-Schöneberg,"215",W,2M,2,81,W,1118,806,312,0,382,2,380,2,77,48,117,80,11,12,2,5,1,2,0,0,0,0,0,0,2,0,1,2,1,0,0,1,0,0,1,0,0,0,4,0,0,0,5,8
Zweitstimme,"07W216","07",Tempelhof-Schöneberg,"216",W,2N,2,81,W,1212,704,508,0,366,7,366,0,72,30,156,60,8,14,9,2,0,0,0,0,0,1,1,0,0,0,0,2,0,0,0,2,0,0,0,0,0,0,1,0,0,0,2,6
Zweitstimme,"07W217","07",Tempelhof-Schöneberg,"217",W,2M,2,81,W,1246,871,375,0,406,3,402,4,67,39,148,90,15,11,5,5,0,1,0,0,1,1,0,0,0,0,0,1,1,0,0,0,0,0,2,1,0,3,2,0,0,0,3,6
Zweitstimme,"07W218","07",Tempelhof-Schöneberg,"218",W,2N,2,81,W,1141,670,471,0,368,9,366,2,75,37,131,73,12,14,2,7,3,0,0,0,0,0,0,0,0,0,0,2,1,0,0,0,0,0,0,0,0,0,0,0,1,0,3,5
Zweitstimme,"07W219","07",Tempelhof-Schöneberg,"219",W,2P,2,81,W,1000,618,382,0,363,4,363,0,71,31,138,75,8,10,7,5,2,0,0,0,0,3,0,0,1,2,0,3,0,0,0,1,0,0,0,0,0,0,2,0,1,1,0,2
Zweitstimme,"07W220","07",Tempelhof-Schöneberg,"220",W,2P,2,81,W,1179,762,417,0,456,9,453,3,82,57,203,49,9,14,10,1,0,0,0,0,0,1,0,0,1,1,0,7,0,0,0,0,0,0,0,0,0,0,3,0,1,1,1,12
Zweitstimme,"07W221","07",Tempelhof-Schöneberg,"221",W,2R,2,81,W,1014,808,206,0,346,5,342,3,82,82,48,50,38,6,2,12,2,0,0,1,0,1,0,0,1,1,0,4,1,0,0,0,0,0,1,1,0,2,0,0,0,1,2,4
Zweitstimme,"07W222","07",Tempelhof-Schöneberg,"222",W,2R,2,81,W,1202,775,427,0,385,7,378,6,83,116,58,45,27,15,2,10,1,4,0,0,0,0,1,0,0,0,1,0,1,0,0,0,0,0,0,2,0,1,0,0,0,1,4,6
Zweitstimme,"07W223","07",Tempelhof-Schöneberg,"223",W,2S,2,81,W,1061,752,309,0,327,6,321,4,78,72,61,34,32,14,3,6,1,1,3,1,0,1,1,0,1,0,0,1,0,0,0,1,0,0,1,0,0,1,1,0,0,0,6,1
Zweitstimme,"07W224","07",Tempelhof-Schöneberg,"224",W,2S,2,81,W,1587,1055,532,0,423,7,416,7,76,68,135,66,18,15,11,5,1,0,1,0,0,0,0,0,0,0,1,2,0,0,0,1,0,0,1,0,0,0,3,0,0,0,10,2
Zweitstimme,"07W225","07",Tempelhof-Schöneberg,"225",W,2T,2,81,W,1270,837,433,0,541,8,537,3,87,55,216,97,22,14,9,7,1,0,0,3,0,0,0,0,2,1,0,5,4,0,0,1,0,0,3,0,0,0,3,0,0,1,2,4
Zweitstimme,"07W226","07",Tempelhof-Schöneberg,"226",W,2U,2,81,W,1071,658,413,0,414,13,411,3,67,57,157,60,20,10,7,11,2,1,0,0,0,0,0,0,0,0,0,1,1,0,0,2,0,0,2,0,0,0,2,0,0,1,0,10
Zweitstimme,"07W227","07",Tempelhof-Schöneberg,"227",W,2H,2,81,W,1122,844,278,0,316,10,314,2,64,35,97,45,28,11,4,8,0,1,0,0,0,0,0,0,0,0,1,2,0,0,0,1,0,0,0,0,0,0,1,0,1,2,6,7
Zweitstimme,"07W228","07",Tempelhof-Schöneberg,"228",W,2V,2,81,W,1146,721,425,0,455,12,454,1,84,47,187,69,13,10,10,10,1,0,0,1,0,0,1,0,0,0,0,2,1,0,0,0,0,0,1,0,0,1,2,0,1,1,4,8
Zweitstimme,"07B2A","07",Tempelhof-Schöneberg,2A,B,2A,2,81,W,0,0,0,0,506,506,504,2,98,138,132,44,22,32,3,9,0,1,1,0,0,0,0,0,1,0,1,2,1,0,0,1,0,0,2,0,0,4,0,0,0,4,0,8
Zweitstimme,"07B2B","07",Tempelhof-Schöneberg,2B,B,2B,2,81,W,0,0,0,0,383,383,378,3,76,104,110,37,17,14,2,5,0,0,0,0,0,0,0,0,0,0,0,2,0,0,0,1,0,0,3,0,0,0,0,0,2,1,1,3
Zweitstimme,"07B2C","07",Tempelhof-Schöneberg,2C,B,2C,2,81,W,0,0,0,0,440,440,436,4,99,106,129,51,5,21,4,5,2,0,0,1,0,1,0,0,1,0,0,0,0,0,0,0,0,0,1,0,0,1,1,0,0,0,2,6
Zweitstimme,"07B2D","07",Tempelhof-Schöneberg,2D,B,2D,2,81,W,0,0,0,0,369,369,367,2,65,62,147,43,12,15,4,4,1,0,0,0,0,0,0,0,0,0,0,3,0,0,0,0,0,0,0,0,0,4,0,0,1,0,1,5
Zweitstimme,"07B2E","07",Tempelhof-Schöneberg,2E,B,2E,2,81,W,0,0,0,0,411,411,410,1,67,65,186,40,6,21,1,4,2,2,0,0,0,1,0,0,0,1,0,2,0,0,0,1,0,0,1,0,0,0,3,0,1,0,0,6
Zweitstimme,"07B2F","07",Tempelhof-Schöneberg,2F,B,2F,2,81,W,0,0,0,0,363,363,363,0,70,63,162,38,1,12,1,7,0,0,0,0,0,0,0,0,0,0,0,2,0,0,0,0,0,0,0,0,0,0,1,0,0,0,2,4
Zweitstimme,"07B2G","07",Tempelhof-Schöneberg,2G,B,2G,2,81,W,0,0,0,0,813,813,809,4,174,226,221,74,28,34,6,10,1,7,1,1,0,1,0,0,0,1,1,2,3,0,0,2,0,0,0,0,0,0,2,0,2,0,3,9
Zweitstimme,"07B2H","07",Tempelhof-Schöneberg,2H,B,2H,2,81,W,0,0,0,0,545,545,544,1,108,100,182,64,14,21,6,14,1,2,0,1,0,3,0,0,0,0,1,2,0,0,0,1,0,0,1,2,0,4,4,0,0,2,5,6
Zweitstimme,"07B2I","07",Tempelhof-Schöneberg,2I,B,2I,2,81,W,0,0,0,0,622,622,619,3,122,95,222,71,15,35,5,10,5,4,0,1,0,1,0,0,0,0,0,3,1,0,0,1,0,0,2,0,0,4,4,0,2,0,3,13
Zweitstimme,"07B2K","07",Tempelhof-Schöneberg,2K,B,2K,2,81,W,0,0,0,0,676,676,673,3,132,131,209,101,21,26,8,10,2,4,1,0,0,1,1,0,1,0,0,2,0,0,0,1,0,0,1,0,0,0,3,0,3,2,1,12
Zweitstimme,"07B2L","07",Tempelhof-Schöneberg,2L,B,2L,2,81,W,0,0,0,0,431,431,428,3,83,69,170,47,8,15,4,7,4,1,0,0,0,1,0,0,0,1,1,1,0,0,0,1,0,0,3,0,0,1,3,0,0,1,0,7
Zweitstimme,"07B2M","07",Tempelhof-Schöneberg,2M,B,2M,2,81,W,0,0,0,0,611,611,610,1,103,108,218,82,13,25,6,10,2,2,0,0,1,2,0,0,2,1,0,3,1,0,0,0,0,0,2,0,0,4,3,0,4,1,3,14
Zweitstimme,"07B2N","07",Tempelhof-Schöneberg,2N,B,2N,2,81,W,0,0,0,0,881,881,880,1,144,110,365,129,23,33,14,14,2,1,0,0,0,1,1,0,0,0,2,6,0,0,0,0,0,0,5,0,0,1,4,0,3,4,0,18
Zweitstimme,"07B2P","07",Tempelhof-Schöneberg,2P,B,2P,2,81,W,0,0,0,0,713,713,709,4,111,68,322,102,14,25,13,12,2,3,0,2,0,1,0,0,0,1,1,6,0,0,0,0,0,0,1,0,0,2,5,0,4,2,3,9
Zweitstimme,"07B2R","07",Tempelhof-Schöneberg,2R,B,2R,2,81,W,0,0,0,0,559,559,557,2,125,163,106,43,31,25,8,28,3,1,0,0,0,0,1,0,3,0,1,3,0,0,0,2,0,0,2,0,0,2,3,0,1,0,4,2
Zweitstimme,"07B2S","07",Tempelhof-Schöneberg,2S,B,2S,2,81,W,0,0,0,0,734,734,733,1,125,143,248,69,37,31,8,20,0,1,0,1,0,0,1,0,0,2,0,4,2,0,0,4,0,0,2,0,0,2,7,0,2,1,3,20
Zweitstimme,"07B2T","07",Tempelhof-Schöneberg,2T,B,2T,2,81,W,0,0,0,0,377,377,377,0,62,31,165,58,9,4,7,10,0,2,0,0,0,0,0,0,1,2,1,5,0,0,0,2,0,0,0,0,0,1,2,0,2,0,0,13
Zweitstimme,"07B2U","07",Tempelhof-Schöneberg,2U,B,2U,2,81,W,0,0,0,0,368,368,366,1,62,46,161,49,7,10,6,4,2,3,1,0,0,0,1,0,1,0,0,3,0,0,0,0,0,0,0,0,0,0,0,0,0,1,0,9
Zweitstimme,"07B2V","07",Tempelhof-Schöneberg,2V,B,2V,2,81,W,0,0,0,0,374,374,372,2,66,47,153,47,10,13,6,6,1,4,0,0,0,1,0,0,1,0,0,2,0,0,0,2,0,0,2,0,0,0,5,0,0,0,0,6
Zweitstimme,"07W301","07",Tempelhof-Schöneberg,"301",W,3A,3,81,W,1062,677,385,0,431,3,430,1,100,91,131,48,16,14,6,9,1,2,0,0,0,0,0,0,0,0,0,4,0,0,0,1,0,0,0,0,0,0,2,0,0,1,1,3
Zweitstimme,"07W302","07",Tempelhof-Schöneberg,"302",W,3B,3,81,W,1171,707,464,0,477,5,475,1,103,86,159,56,16,28,5,6,0,0,0,0,0,0,1,0,1,0,0,1,0,0,0,1,0,0,0,0,0,0,1,0,1,1,1,8
Zweitstimme,"07W303","07",Tempelhof-Schöneberg,"303",W,3C,3,81,W,1183,779,404,0,518,13,514,4,122,100,178,45,13,20,3,9,0,3,0,0,0,0,1,0,0,1,1,7,0,0,0,2,0,0,1,0,0,0,0,0,0,0,2,6
Zweitstimme,"07W304","07",Tempelhof-Schöneberg,"304",W,3D,3,81,W,1196,746,450,0,516,2,515,0,105,103,167,65,27,21,4,5,4,0,0,0,0,0,1,0,0,2,1,2,0,0,0,0,0,0,0,0,0,0,1,0,0,1,2,4
Zweitstimme,"07W305","07",Tempelhof-Schöneberg,"305",W,3E,3,81,W,1107,654,453,0,448,18,444,4,89,94,164,31,22,18,5,10,1,1,0,0,0,0,0,0,0,0,0,4,0,0,0,0,0,0,0,0,0,0,1,0,0,1,0,3
Zweitstimme,"07W306","07",Tempelhof-Schöneberg,"306",W,3F,3,81,W,1092,647,445,0,444,8,443,0,90,104,151,34,17,14,5,2,3,4,0,0,0,0,1,0,0,0,1,3,1,0,0,0,0,0,1,0,0,1,1,0,0,4,0,6
Zweitstimme,"07W307","07",Tempelhof-Schöneberg,"307",W,3G,3,81,W,1113,658,455,0,425,7,417,8,93,89,127,45,15,27,2,4,3,1,0,2,0,0,0,0,0,0,1,3,0,0,0,3,0,0,0,0,0,0,1,0,0,1,0,0
Zweitstimme,"07W308","07",Tempelhof-Schöneberg,"308",W,3A,3,81,W,1032,575,457,0,417,14,413,1,87,76,142,47,11,22,3,6,3,4,0,1,0,0,0,0,0,0,0,1,0,0,0,0,0,0,1,0,0,2,0,0,0,0,0,7
Zweitstimme,"07W309","07",Tempelhof-Schöneberg,"309",W,3H,3,81,W,1095,661,434,0,457,8,456,1,93,88,163,35,19,15,6,7,1,2,0,0,0,1,0,0,0,0,1,6,0,0,0,0,0,0,5,1,0,0,2,0,0,0,3,8
Zweitstimme,"07W310","07",Tempelhof-Schöneberg,"310",W,3I,3,81,W,1108,600,508,0,433,13,432,1,91,112,129,35,14,19,4,4,2,1,0,0,0,1,1,0,0,0,0,5,0,0,0,0,0,0,0,0,0,1,2,0,1,1,3,6
Zweitstimme,"07W311","07",Tempelhof-Schöneberg,"311",W,3K,3,81,W,1472,944,528,0,562,6,556,4,115,122,183,65,9,19,4,4,2,2,0,0,0,0,0,0,0,1,1,6,0,0,0,2,0,0,1,0,0,1,0,0,3,1,4,11
Zweitstimme,"07W312","07",Tempelhof-Schöneberg,"312",W,3L,3,81,W,1127,639,488,0,443,8,441,1,106,92,138,53,15,20,2,2,2,0,0,0,0,2,0,0,0,0,1,1,1,0,0,0,0,0,0,0,0,0,1,0,0,0,2,3
Zweitstimme,"07W313","07",Tempelhof-Schöneberg,"313",W,3I,3,81,W,988,635,353,0,367,9,358,9,85,92,101,23,17,16,4,5,1,2,0,0,0,0,0,0,0,0,2,2,0,0,0,0,0,0,0,0,0,2,1,0,2,1,0,2
Zweitstimme,"07W314","07",Tempelhof-Schöneberg,"314",W,3M,3,81,W,1187,689,498,0,430,4,429,1,102,79,129,50,12,23,4,7,1,0,0,1,0,1,0,0,2,1,0,1,0,0,0,2,0,0,1,0,0,2,3,0,0,0,2,6
Zweitstimme,"07W315","07",Tempelhof-Schöneberg,"315",W,3N,3,81,W,1112,639,473,0,408,15,403,5,96,83,127,42,11,24,1,4,2,1,0,0,0,0,0,0,0,0,0,2,0,0,0,0,0,0,0,0,0,2,1,0,0,1,0,6
Zweitstimme,"07W316","07",Tempelhof-Schöneberg,"316",W,3D,3,81,W,1141,691,450,0,420,6,415,4,80,81,135,44,18,20,11,3,1,1,1,2,1,0,0,0,0,0,0,0,0,0,0,0,0,0,1,0,0,2,5,0,0,2,2,5
Zweitstimme,"07W317","07",Tempelhof-Schöneberg,"317",W,3P,3,81,W,1189,738,451,0,418,7,416,2,98,65,132,47,17,26,9,6,0,0,0,0,0,1,0,0,0,0,0,2,0,0,0,0,0,0,1,0,0,0,0,0,1,0,2,9
Zweitstimme,"07W318","07",Tempelhof-Schöneberg,"318",W,3R,3,81,W,1157,764,393,0,497,15,495,2,117,92,154,41,21,20,7,12,0,1,0,0,0,1,0,0,0,2,0,4,1,0,0,3,0,0,0,1,0,2,1,0,0,4,1,10
Zweitstimme,"07W319","07",Tempelhof-Schöneberg,"319",W,3S,3,81,W,1180,671,509,0,440,13,436,3,97,107,144,25,24,14,4,7,0,2,0,1,0,1,0,0,0,0,0,1,0,0,0,2,0,0,1,0,0,1,1,0,0,1,1,2
Zweitstimme,"07W320","07",Tempelhof-Schöneberg,"320",W,3M,3,81,W,1078,585,493,0,377,5,373,1,78,81,130,41,10,18,2,2,0,1,0,0,0,0,0,0,0,0,0,2,0,0,0,0,0,0,0,0,0,0,1,0,0,1,0,6
Zweitstimme,"07W321","07",Tempelhof-Schöneberg,"321",W,3T,3,81,W,1197,707,490,0,419,8,415,4,83,86,125,41,25,20,9,5,2,1,0,0,0,1,0,2,0,0,0,5,0,0,0,1,0,0,0,0,0,0,1,0,0,0,1,7
Zweitstimme,"07W322","07",Tempelhof-Schöneberg,"322",W,3U,3,81,W,1093,764,329,0,425,11,421,4,95,77,116,47,22,19,7,17,1,2,1,1,0,0,1,0,0,1,0,1,0,0,0,1,0,0,0,0,0,0,2,0,3,1,2,4
Zweitstimme,"07W323","07",Tempelhof-Schöneberg,"323",W,3U,3,81,W,1227,759,468,0,510,9,505,5,96,72,202,62,18,14,2,13,1,2,0,1,0,0,0,1,0,0,1,7,0,0,0,1,0,0,0,0,0,1,1,0,1,3,2,4
Zweitstimme,"07W324","07",Tempelhof-Schöneberg,"324",W,3V,3,81,W,1129,909,220,0,398,4,395,3,116,70,70,55,22,13,6,8,2,1,0,1,0,0,1,0,1,0,0,3,0,0,0,0,0,0,0,0,0,3,3,0,1,2,11,6
Zweitstimme,"07W325","07",Tempelhof-Schöneberg,"325",W,3V,3,81,W,1041,663,378,0,370,4,366,3,78,77,111,32,25,16,4,6,1,1,0,0,0,0,0,1,1,0,0,2,0,0,0,1,0,0,0,0,0,0,2,0,2,0,2,4
Zweitstimme,"07W326","07",Tempelhof-Schöneberg,"326",W,3W,3,81,W,1220,898,322,0,375,3,372,3,105,87,58,33,32,15,9,14,1,2,0,1,0,0,1,0,1,0,0,4,0,0,0,2,0,0,1,0,0,0,1,0,1,0,3,1
Zweitstimme,"07W327","07",Tempelhof-Schöneberg,"327",W,3W,3,81,W,1523,1076,447,0,566,13,559,7,115,135,111,53,49,22,11,18,5,5,1,1,0,2,1,0,1,0,2,4,0,0,0,6,0,0,0,1,0,1,0,0,1,4,4,6
Zweitstimme,"07W328","07",Tempelhof-Schöneberg,"328",W,3X,3,81,W,1215,710,505,0,325,0,320,5,57,93,44,27,60,14,6,4,0,3,0,2,0,1,0,0,0,0,0,2,0,0,0,4,0,0,0,0,0,0,1,0,1,0,0,1
Zweitstimme,"07W329","07",Tempelhof-Schöneberg,"329",W,3Y,3,81,W,1254,652,602,0,344,2,341,3,83,135,52,16,16,12,2,6,2,2,0,0,1,0,0,0,0,0,1,3,0,0,0,1,0,0,0,0,0,0,0,0,1,0,1,7
Zweitstimme,"07B3A","07",Tempelhof-Schöneberg,3A,B,3A,3,81,W,0,0,0,0,763,763,762,1,151,169,259,84,15,44,5,15,2,5,0,1,0,2,0,0,0,0,0,0,0,0,0,3,0,0,0,0,0,0,1,0,0,1,0,5
Zweitstimme,"07B3B","07",Tempelhof-Schöneberg,3B,B,3B,3,81,W,0,0,0,0,423,423,419,2,100,113,110,43,7,23,2,6,0,0,0,0,0,0,0,0,0,1,0,2,0,0,0,0,0,0,0,0,0,1,1,0,3,1,0,6
Zweitstimme,"07B3C","07",Tempelhof-Schöneberg,3C,B,3C,3,81,W,0,0,0,0,350,350,350,0,78,74,116,23,11,24,3,9,1,1,0,0,0,4,0,0,0,1,0,1,0,0,0,0,0,0,0,0,0,0,1,0,0,0,1,2
Zweitstimme,"07B3D","07",Tempelhof-Schöneberg,3D,B,3D,3,81,W,0,0,0,0,798,798,795,3,179,212,237,53,19,37,11,13,1,1,0,1,0,0,0,0,1,1,2,2,0,0,0,1,0,0,1,1,0,1,4,0,1,1,4,11
Zweitstimme,"07B3E","07",Tempelhof-Schöneberg,3E,B,3E,3,81,W,0,0,0,0,402,402,401,1,81,92,139,37,8,20,4,4,1,0,0,2,0,2,0,0,0,0,2,1,0,0,0,0,0,0,1,0,0,0,0,0,1,1,2,3
Zweitstimme,"07B3F","07",Tempelhof-Schöneberg,3F,B,3F,3,81,W,0,0,0,0,395,395,391,4,80,90,135,33,8,24,0,9,1,0,0,0,0,0,0,0,1,0,1,1,0,0,0,0,0,0,0,0,0,0,0,0,1,1,0,6
Zweitstimme,"07B3G","07",Tempelhof-Schöneberg,3G,B,3G,3,81,W,0,0,0,0,417,417,416,1,85,91,145,40,10,18,4,7,3,1,0,0,0,0,0,0,0,0,0,1,2,0,0,1,0,0,0,0,0,3,2,0,1,0,0,2
Zweitstimme,"07B3H","07",Tempelhof-Schöneberg,3H,B,3H,3,81,W,0,0,0,0,380,380,379,1,101,82,115,28,13,23,4,4,0,1,0,0,0,0,0,0,0,0,0,0,0,0,0,1,0,0,3,0,0,0,1,0,1,0,1,1
Zweitstimme,"07B3I","07",Tempelhof-Schöneberg,3I,B,3I,3,81,W,0,0,0,0,766,766,755,5,174,219,227,46,19,33,6,7,1,1,0,0,0,1,0,0,0,0,0,4,1,0,0,1,0,0,3,1,0,1,5,0,1,0,1,3
Zweitstimme,"07B3K","07",Tempelhof-Schöneberg,3K,B,3K,3,81,W,0,0,0,0,481,481,480,1,116,104,149,48,14,23,5,9,1,4,0,1,0,0,0,0,0,0,1,0,0,0,0,0,0,0,0,0,0,0,2,0,0,0,1,2
Zweitstimme,"07B3L","07",Tempelhof-Schöneberg,3L,B,3L,3,81,W,0,0,0,0,454,454,454,0,95,101,159,25,11,26,7,8,0,2,0,0,0,1,0,0,2,1,1,4,0,0,0,0,0,0,1,0,0,1,1,0,1,1,1,5
Zweitstimme,"07B3M","07",Tempelhof-Schöneberg,3M,B,3M,3,81,W,0,0,0,0,895,895,892,3,165,210,302,70,29,50,16,11,0,2,2,5,0,1,0,0,0,2,2,3,0,0,0,1,0,0,0,0,0,0,3,0,1,2,4,11
Zweitstimme,"07B3N","07",Tempelhof-Schöneberg,3N,B,3N,3,81,W,0,0,0,0,440,440,439,1,100,82,133,37,17,31,6,11,6,3,0,1,0,0,0,0,0,0,0,1,1,0,0,0,0,0,2,0,0,0,1,0,0,2,1,4
Zweitstimme,"07B3P","07",Tempelhof-Schöneberg,3P,B,3P,3,81,W,0,0,0,0,400,400,400,0,94,93,115,36,12,17,5,7,3,0,0,1,1,0,0,0,0,1,2,4,0,0,0,1,0,0,1,0,0,2,2,0,0,0,0,3
Zweitstimme,"07B3R","07",Tempelhof-Schöneberg,3R,B,3R,3,81,W,0,0,0,0,349,349,348,1,74,87,109,35,5,20,6,1,1,0,0,1,0,0,0,1,2,0,0,1,0,0,0,1,0,0,1,0,0,0,1,0,1,0,0,1
Zweitstimme,"07B3S","07",Tempelhof-Schöneberg,3S,B,3S,3,81,W,0,0,0,0,469,469,465,4,96,106,152,40,18,15,5,7,0,1,0,0,0,0,0,0,1,0,0,0,0,0,0,3,0,0,0,0,0,3,2,0,0,0,1,15
Zweitstimme,"07B3T","07",Tempelhof-Schöneberg,3T,B,3T,3,81,W,0,0,0,0,462,462,456,1,90,97,156,43,13,20,8,10,2,2,0,1,0,0,0,0,0,0,2,0,0,0,0,0,0,0,0,0,0,1,4,0,1,0,0,6
Zweitstimme,"07B3U","07",Tempelhof-Schöneberg,3U,B,3U,3,81,W,0,0,0,0,716,716,716,0,158,122,260,79,17,36,9,5,2,1,0,1,0,0,0,0,0,0,0,4,0,0,0,1,0,0,3,0,0,4,3,0,0,1,2,8
Zweitstimme,"07B3V","07",Tempelhof-Schöneberg,3V,B,3V,3,81,W,0,0,0,0,525,525,524,1,132,113,139,58,16,16,10,11,0,0,0,0,0,1,0,0,1,1,2,3,0,0,0,1,0,0,1,0,0,2,2,0,5,0,4,6
Zweitstimme,"07B3W","07",Tempelhof-Schöneberg,3W,B,3W,3,81,W,0,0,0,0,684,684,682,2,122,186,153,57,44,36,11,19,7,7,0,1,0,0,1,1,3,0,4,4,0,0,0,1,0,0,1,1,0,0,1,0,3,1,5,13
Zweitstimme,"07B3X","07",Tempelhof-Schöneberg,3X,B,3X,3,81,W,0,0,0,0,464,464,458,3,123,173,62,19,28,15,3,14,0,3,0,1,0,0,0,0,2,0,1,3,1,0,0,1,0,0,1,0,0,2,1,0,0,0,1,4
Zweitstimme,"07B3Y","07",Tempelhof-Schöneberg,3Y,B,3Y,3,81,W,0,0,0,0,575,575,573,2,111,254,94,26,26,32,5,6,2,0,0,0,1,0,0,1,0,0,1,3,0,0,0,1,0,0,0,0,0,2,1,0,1,0,1,5
Zweitstimme,"07W401","07",Tempelhof-Schöneberg,"401",W,4A,4,81,W,1210,765,445,0,520,14,515,5,100,133,149,78,11,19,1,3,0,1,0,1,0,0,0,0,0,1,0,2,1,0,0,0,0,0,1,1,0,0,3,0,0,1,5,4
Zweitstimme,"07W402","07",Tempelhof-Schöneberg,"402",W,4B,4,81,W,1081,685,396,0,361,13,360,1,64,107,73,36,25,11,8,6,0,0,1,1,0,0,0,1,2,1,0,6,0,0,0,0,0,0,2,0,0,2,4,0,0,1,6,3
Zweitstimme,"07W403","07",Tempelhof-Schöneberg,"403",W,4B,4,81,W,1185,800,385,0,375,6,371,4,69,136,54,30,26,17,7,6,0,1,0,0,0,0,0,1,1,0,0,3,0,0,0,2,0,0,2,0,0,0,0,0,2,3,6,5
Zweitstimme,"07W404","07",Tempelhof-Schöneberg,"404",W,4C,4,81,W,1220,831,389,0,399,10,394,5,94,108,73,46,15,16,8,7,1,0,0,0,0,1,0,0,0,0,2,4,0,0,0,1,0,0,4,1,0,0,1,0,0,0,7,5
Zweitstimme,"07W405","07",Tempelhof-Schöneberg,"405",W,4C,4,81,W,1145,644,501,0,458,0,455,3,68,82,176,70,12,14,4,7,0,3,0,0,0,0,0,0,1,1,0,5,0,0,0,1,0,0,0,0,0,0,2,0,0,0,2,7
Zweitstimme,"07W406","07",Tempelhof-Schöneberg,"406",W,4D,4,81,W,1164,712,452,0,446,8,441,5,78,87,149,51,29,16,8,4,0,2,1,0,1,1,0,0,1,0,1,2,0,0,0,1,0,0,1,0,0,0,1,0,0,0,3,4
Zweitstimme,"07W407","07",Tempelhof-Schöneberg,"407",W,4E,4,81,W,1138,682,456,0,411,8,411,0,70,85,136,57,18,10,7,6,3,0,0,0,0,0,1,0,1,0,0,5,0,0,0,0,0,0,1,0,0,1,0,0,0,0,4,6
Zweitstimme,"07W408","07",Tempelhof-Schöneberg,"408",W,4F,4,81,W,1139,791,348,0,349,4,342,7,52,96,69,32,32,12,4,15,1,1,0,0,0,1,0,0,0,0,0,1,0,0,0,2,0,0,1,0,0,0,0,0,1,0,19,3
Zweitstimme,"07W409","07",Tempelhof-Schöneberg,"409",W,4F,4,81,W,1267,833,434,0,354,9,352,1,71,119,38,33,40,12,7,12,3,1,1,0,0,0,0,0,0,0,1,2,0,0,0,3,0,0,0,1,0,2,0,0,2,0,3,1
Zweitstimme,"07W410","07",Tempelhof-Schöneberg,"410",W,4G,4,81,W,1025,670,355,0,258,2,255,3,42,75,46,35,23,10,0,4,4,1,0,0,1,0,0,0,1,0,0,3,0,0,0,1,0,0,1,0,0,0,0,0,1,0,3,4
Zweitstimme,"07W411","07",Tempelhof-Schöneberg,"411",W,4G,4,81,W,1108,656,452,0,273,6,270,3,56,77,29,22,38,12,2,15,0,0,0,0,0,0,0,0,1,0,2,0,0,0,0,3,0,0,0,0,0,3,0,0,1,0,5,4
Zweitstimme,"07W412","07",Tempelhof-Schöneberg,"412",W,4H,4,81,W,1047,717,330,0,361,5,360,1,69,118,52,34,39,11,7,11,2,1,1,1,0,0,1,0,0,0,1,0,1,0,0,2,0,0,0,0,0,0,0,0,1,1,2,5
Zweitstimme,"07W413","07",Tempelhof-Schöneberg,"413",W,4H,4,81,W,1218,837,381,0,364,3,358,6,77,94,40,38,55,7,7,12,1,0,0,1,0,1,0,0,1,0,0,2,1,0,0,2,0,0,2,1,0,2,0,0,0,0,10,4
Zweitstimme,"07W414","07",Tempelhof-Schöneberg,"414",W,4I,4,81,W,1058,653,405,0,315,0,310,5,60,97,40,25,33,10,8,18,1,2,0,0,0,0,0,0,0,0,1,3,0,0,0,2,0,0,0,0,0,0,2,0,0,1,5,2
Zweitstimme,"07W415","07",Tempelhof-Schöneberg,"415",W,4I,4,81,W,1110,623,487,0,272,2,268,4,48,80,41,24,34,8,7,8,1,3,0,1,0,0,0,0,2,1,1,1,0,0,0,2,0,0,0,0,0,0,1,0,1,2,1,1
Zweitstimme,"07W416","07",Tempelhof-Schöneberg,"416",W,4K,4,81,W,1214,863,351,0,416,3,410,5,56,95,102,48,36,22,5,10,3,3,1,2,1,0,0,0,0,0,1,3,1,0,0,0,0,0,0,0,0,0,0,0,2,1,11,7
Zweitstimme,"07W417","07",Tempelhof-Schöneberg,"417",W,4L,4,81,W,1100,654,446,0,343,2,342,1,70,83,96,28,33,9,3,4,0,0,0,1,0,0,1,0,0,0,0,2,0,0,0,0,0,0,0,0,0,0,2,0,2,0,6,2
Zweitstimme,"07W418","07",Tempelhof-Schöneberg,"418",W,4M,4,81,W,1113,633,480,0,390,6,388,2,70,85,122,43,20,13,6,7,1,2,0,1,1,0,0,0,0,0,0,4,0,0,0,2,0,0,0,1,0,1,0,0,0,0,2,7
Zweitstimme,"07W419","07",Tempelhof-Schöneberg,"419",W,4N,4,81,W,1099,668,431,0,397,3,392,4,76,88,120,44,14,15,4,6,5,0,0,1,0,0,2,0,0,0,1,2,0,0,0,1,0,0,4,0,0,0,3,0,0,1,2,3
Zweitstimme,"07W420","07",Tempelhof-Schöneberg,"420",W,4P,4,81,W,1107,738,369,0,432,8,428,2,71,86,145,41,24,23,7,14,4,1,0,0,1,0,0,0,0,0,2,3,0,0,0,3,0,0,0,0,0,0,1,0,0,0,2,0
Zweitstimme,"07W421","07",Tempelhof-Schöneberg,"421",W,4P,4,81,W,1094,721,373,0,378,6,376,2,74,76,91,41,25,9,9,13,4,3,0,3,0,2,0,0,0,0,0,5,0,0,0,1,0,0,2,0,0,1,6,0,3,1,1,6
Zweitstimme,"07W422","07",Tempelhof-Schöneberg,"422",W,4R,4,81,W,1209,900,309,0,414,5,411,3,82,85,98,52,29,15,9,11,3,2,0,0,0,0,0,0,0,1,0,6,2,0,0,2,0,0,1,0,0,0,3,0,0,2,4,4
Zweitstimme,"07W423","07",Tempelhof-Schöneberg,"423",W,4S,4,81,W,1278,921,357,0,428,8,425,3,80,89,104,53,24,25,6,6,1,2,0,1,0,2,0,0,1,1,1,3,0,0,0,1,0,0,3,0,0,1,1,0,1,3,12,4
Zweitstimme,"07W424","07",Tempelhof-Schöneberg,"424",W,4T,4,81,W,1278,933,345,0,427,7,421,5,93,81,87,56,35,28,3,9,4,1,2,0,0,1,0,1,1,0,0,1,1,0,0,3,0,0,1,1,0,1,0,0,1,0,7,3
Zweitstimme,"07W425","07",Tempelhof-Schöneberg,"425",W,4T,4,81,W,1147,801,346,0,362,0,355,7,79,128,47,26,33,13,2,6,3,2,2,1,0,0,0,0,0,0,1,0,0,0,0,1,0,0,0,0,0,1,1,0,0,2,6,1
Zweitstimme,"07W426","07",Tempelhof-Schöneberg,"426",W,4U,4,81,W,1171,791,380,0,371,2,369,2,72,113,81,44,15,14,3,7,2,1,1,1,0,0,0,0,2,1,0,0,1,0,0,3,0,0,0,0,0,1,0,0,2,0,3,2
Zweitstimme,"07W427","07",Tempelhof-Schöneberg,"427",W,4V,4,81,W,1182,794,388,0,377,4,373,4,79,114,60,39,39,9,7,6,0,3,0,1,0,0,0,0,1,1,0,2,0,0,0,4,0,0,0,0,0,0,0,0,0,1,0,7
Zweitstimme,"07W428","07",Tempelhof-Schöneberg,"428",W,4S,4,81,W,1154,695,459,0,386,7,382,4,70,89,101,46,21,11,6,7,3,2,0,1,0,1,2,0,1,1,0,0,2,0,0,0,0,0,1,0,0,1,2,0,0,3,4,7
Zweitstimme,"07B4A","07",Tempelhof-Schöneberg,4A,B,4A,4,81,W,0,0,0,0,401,401,398,3,62,99,122,50,7,23,8,8,2,0,0,0,0,0,0,0,0,1,1,1,1,0,0,1,0,0,0,0,0,0,3,0,1,0,2,6
Zweitstimme,"07B4B","07",Tempelhof-Schöneberg,4B,B,4B,4,81,W,0,0,0,0,699,699,692,7,125,233,153,62,33,23,5,27,1,4,0,1,0,0,1,0,0,0,0,3,2,0,0,1,0,0,3,0,0,2,1,0,3,0,3,6
Zweitstimme,"07B4C","07",Tempelhof-Schöneberg,4C,B,4C,4,81,W,0,0,0,0,825,825,822,3,119,200,275,106,19,41,15,13,1,3,0,1,0,1,0,0,0,1,1,2,0,0,0,0,0,0,2,0,0,2,5,0,1,0,5,9
Zweitstimme,"07B4D","07",Tempelhof-Schöneberg,4D,B,4D,4,81,W,0,0,0,0,421,421,420,1,70,113,123,37,14,20,6,12,4,1,0,0,0,2,0,0,0,0,0,5,0,0,0,0,0,0,2,0,0,1,0,0,1,1,1,7
Zweitstimme,"07B4E","07",Tempelhof-Schöneberg,4E,B,4E,4,81,W,0,0,0,0,417,417,414,3,72,122,142,33,13,15,4,2,0,1,0,1,0,0,1,0,0,0,1,1,1,0,0,0,0,0,2,0,0,1,0,0,0,1,0,1
Zweitstimme,"07B4F","07",Tempelhof-Schöneberg,4F,B,4F,4,81,W,0,0,0,0,685,685,684,1,134,242,117,61,36,30,4,20,0,5,2,3,0,1,1,0,2,1,1,3,1,0,0,2,0,0,1,2,0,1,3,0,0,3,4,4
Zweitstimme,"07B4G","07",Tempelhof-Schöneberg,4G,B,4G,4,81,W,0,0,0,0,736,736,729,7,166,267,97,46,46,18,5,21,2,6,0,4,0,0,2,0,1,3,3,2,0,0,0,3,0,0,4,1,0,10,5,0,4,0,4,9
Zweitstimme,"07B4H","07",Tempelhof-Schöneberg,4H,B,4H,4,81,W,0,0,0,0,644,644,644,0,139,203,112,53,38,21,16,20,3,0,0,0,1,0,0,1,2,0,1,3,0,0,0,0,0,0,3,0,0,5,2,0,4,2,6,9
Zweitstimme,"07B4I","07",Tempelhof-Schöneberg,4I,B,4I,4,81,W,0,0,0,0,810,810,808,2,181,310,111,54,38,33,10,27,2,4,0,2,0,0,0,0,3,1,2,4,1,0,0,5,0,0,5,0,0,3,1,0,5,1,2,3
Zweitstimme,"07B4K","07",Tempelhof-Schöneberg,4K,B,4K,4,81,W,0,0,0,0,313,313,311,2,51,67,105,34,10,15,9,7,0,0,0,2,0,1,0,0,0,0,0,2,0,0,0,0,0,0,1,0,0,0,3,0,0,0,4,0
Zweitstimme,"07B4L","07",Tempelhof-Schöneberg,4L,B,4L,4,81,W,0,0,0,0,405,405,405,0,82,113,96,32,15,26,4,11,0,0,0,2,0,0,1,0,0,0,0,1,1,0,0,1,0,0,1,0,0,1,0,0,3,2,7,6
Zweitstimme,"07B4M","07",Tempelhof-Schöneberg,4M,B,4M,4,81,W,0,0,0,0,452,452,449,3,82,145,113,39,9,23,5,6,1,1,0,1,0,0,2,0,0,0,2,1,0,0,0,4,0,0,1,0,0,1,3,0,1,1,2,6
Zweitstimme,"07B4N","07",Tempelhof-Schöneberg,4N,B,4N,4,81,W,0,0,0,0,396,396,392,1,75,92,112,43,16,11,4,11,2,4,0,2,0,0,0,0,1,0,0,1,1,0,0,1,0,0,0,0,0,2,3,0,0,1,2,8
Zweitstimme,"07B4P","07",Tempelhof-Schöneberg,4P,B,4P,4,81,W,0,0,0,0,692,692,683,9,127,166,183,74,29,30,14,22,3,5,0,0,0,0,1,0,0,0,0,4,0,0,0,5,0,0,2,1,0,5,4,0,0,1,2,5
Zweitstimme,"07B4R","07",Tempelhof-Schöneberg,4R,B,4R,4,81,W,0,0,0,0,275,275,273,2,63,54,84,27,10,8,3,5,0,2,0,1,0,0,0,0,1,0,1,2,0,0,0,2,0,0,1,1,0,1,1,0,1,0,1,4
Zweitstimme,"07B4S","07",Tempelhof-Schöneberg,4S,B,4S,4,81,W,0,0,0,0,731,731,726,5,144,195,206,65,31,24,13,11,5,2,0,4,1,0,0,0,0,0,1,0,1,0,0,4,0,0,1,0,0,0,3,0,7,0,2,6
Zweitstimme,"07B4T","07",Tempelhof-Schöneberg,4T,B,4T,4,81,W,0,0,0,0,629,629,627,1,131,193,116,49,43,32,8,13,1,6,0,0,0,0,0,0,1,2,0,1,2,0,0,4,0,0,5,0,0,2,3,0,3,1,4,7
Zweitstimme,"07B4U","07",Tempelhof-Schöneberg,4U,B,4U,4,81,W,0,0,0,0,348,348,348,0,73,107,69,39,14,14,4,7,1,2,0,1,0,0,0,0,1,0,1,0,0,0,0,4,0,0,2,1,0,0,0,0,0,0,5,3
Zweitstimme,"07B4V","07",Tempelhof-Schöneberg,4V,B,4V,4,81,W,0,0,0,0,356,356,353,3,69,127,67,30,12,14,8,10,1,3,0,1,0,0,0,0,1,0,1,0,1,0,0,1,0,0,0,1,0,1,0,0,0,0,3,2
Zweitstimme,"07W501","07",Tempelhof-Schöneberg,"501",W,5A,5,81,W,1142,765,377,0,336,1,329,6,50,106,41,40,34,17,10,8,7,1,0,2,0,1,0,0,1,0,0,5,0,0,0,0,0,0,1,0,0,1,0,0,0,0,3,1
Zweitstimme,"07W502","07",Tempelhof-Schöneberg,"502",W,5A,5,81,W,1247,848,399,0,373,2,370,3,77,124,59,25,31,19,7,14,1,2,0,1,0,0,0,0,0,0,0,1,1,0,0,0,0,0,1,0,0,0,0,0,0,0,4,3
Zweitstimme,"07W503","07",Tempelhof-Schöneberg,"503",W,5B,5,81,W,1147,786,361,0,370,2,363,7,74,129,42,19,35,18,11,19,2,3,0,0,0,0,0,0,2,0,0,4,1,0,0,1,0,0,1,0,0,1,0,0,0,0,0,1
Zweitstimme,"07W504","07",Tempelhof-Schöneberg,"504",W,5B,5,81,W,1176,778,398,0,379,13,372,5,69,120,50,33,30,19,7,15,5,1,0,1,0,0,0,0,0,0,0,2,2,0,0,0,0,0,1,0,0,1,1,0,0,2,5,8
Zweitstimme,"07W505","07",Tempelhof-Schöneberg,"505",W,5C,5,81,W,1295,948,347,0,363,5,360,3,75,138,26,22,44,12,3,14,3,1,2,1,0,1,0,0,1,0,0,0,2,0,0,0,0,0,1,1,0,1,0,0,1,2,8,1
Zweitstimme,"07W506","07",Tempelhof-Schöneberg,"506",W,5D,5,81,W,1118,853,265,0,340,3,328,11,74,117,30,27,27,18,2,10,1,2,0,1,1,0,0,1,2,0,0,1,0,0,0,4,0,0,0,0,0,0,1,0,1,1,4,3
Zweitstimme,"07W507","07",Tempelhof-Schöneberg,"507",W,5E,5,81,W,1205,795,410,0,377,13,373,3,76,93,68,35,49,7,4,18,1,1,0,2,0,1,0,0,1,0,1,3,0,0,0,1,0,0,1,0,0,0,0,0,0,3,3,5
Zweitstimme,"07W508","07",Tempelhof-Schöneberg,"508",W,5F,5,81,W,1230,826,404,0,409,5,407,2,78,152,57,32,33,19,6,10,0,2,0,2,0,1,0,0,0,0,2,2,0,0,0,2,0,0,1,0,0,2,0,0,1,0,3,2
Zweitstimme,"07W509","07",Tempelhof-Schöneberg,"509",W,5C,5,81,W,1182,773,409,0,341,7,340,1,75,98,45,37,39,11,3,9,1,1,0,1,0,1,0,1,1,0,1,1,0,0,0,1,0,0,1,0,0,1,1,0,0,0,6,5
Zweitstimme,"07W510","07",Tempelhof-Schöneberg,"510",W,5G,5,81,W,1141,784,357,0,329,4,323,6,61,103,49,25,42,22,1,7,1,2,0,1,0,0,0,0,0,0,0,4,0,0,0,0,0,0,0,0,0,0,0,0,0,0,4,1
Zweitstimme,"07W511","07",Tempelhof-Schöneberg,"511",W,5H,5,81,W,1221,886,335,0,400,2,389,10,81,144,51,22,43,16,1,9,1,3,0,2,0,0,1,0,1,0,1,2,0,0,0,4,0,0,0,0,0,0,0,0,0,0,4,3
Zweitstimme,"07W512","07",Tempelhof-Schöneberg,"512",W,5H,5,81,W,1028,773,255,0,338,10,334,4,71,135,20,21,41,17,1,8,2,1,0,1,0,0,0,0,0,0,0,5,1,0,0,2,0,0,0,0,0,2,1,0,0,3,1,1
Zweitstimme,"07W513","07",Tempelhof-Schöneberg,"513",W,5G,5,81,W,1083,836,247,0,330,2,319,11,61,103,30,21,53,13,4,8,2,4,0,2,0,0,2,0,0,0,0,0,0,0,0,2,0,0,0,0,0,1,2,0,0,0,7,4
Zweitstimme,"07W514","07",Tempelhof-Schöneberg,"514",W,5D,5,81,W,1187,738,449,0,247,1,246,1,44,87,44,21,24,9,4,3,0,2,0,0,0,0,0,0,0,0,1,1,0,0,0,1,0,0,1,0,0,0,0,0,1,0,1,2
Zweitstimme,"07W515","07",Tempelhof-Schöneberg,"515",W,5I,5,81,W,1248,787,461,0,366,5,363,3,66,128,49,20,45,14,4,10,1,1,0,0,0,0,1,1,0,0,0,4,0,0,0,2,0,0,0,0,0,0,2,0,1,2,7,5
Zweitstimme,"07W516","07",Tempelhof-Schöneberg,"516",W,5K,5,81,W,1146,859,287,0,397,0,393,4,74,156,40,39,29,17,4,12,1,2,2,1,0,0,0,0,0,0,1,4,1,0,0,1,0,0,1,0,0,1,0,0,0,0,5,2
Zweitstimme,"07W517","07",Tempelhof-Schöneberg,"517",W,5L,5,81,W,1279,849,430,0,413,12,406,7,68,154,48,19,49,14,5,12,2,4,1,1,0,1,0,1,1,0,0,8,1,0,0,1,0,0,1,0,0,1,0,0,3,1,10,0
Zweitstimme,"07W518","07",Tempelhof-Schöneberg,"518",W,5K,5,81,W,1084,689,395,0,350,2,345,5,68,143,34,17,37,14,8,7,2,2,0,1,0,1,0,0,1,0,0,4,1,0,0,3,0,0,0,1,0,0,0,0,0,0,1,0
Zweitstimme,"07W519","07",Tempelhof-Schöneberg,"519",W,5M,5,81,W,1077,824,253,0,346,8,339,7,57,86,46,56,36,10,10,13,1,5,2,1,0,0,0,0,1,0,1,3,0,0,0,2,0,0,2,0,0,0,1,0,0,0,5,1
Zweitstimme,"07W520","07",Tempelhof-Schöneberg,"520",W,5M,5,81,W,996,804,192,0,284,4,279,5,54,58,54,44,24,10,3,4,3,3,0,1,1,0,0,0,2,0,2,2,0,0,0,0,0,0,3,0,0,0,0,0,0,0,6,5
Zweitstimme,"07W521","07",Tempelhof-Schöneberg,"521",W,5N,5,81,W,1227,831,396,0,422,5,415,7,97,172,30,26,40,19,2,11,1,0,0,1,0,0,0,0,0,0,0,1,0,0,0,0,0,0,2,0,0,1,0,0,0,2,9,1
Zweitstimme,"07W522","07",Tempelhof-Schöneberg,"522",W,5P,5,81,W,1235,847,388,0,399,1,398,1,71,151,47,20,55,18,3,9,1,1,0,0,0,1,0,0,0,0,0,0,0,0,0,4,0,0,1,0,0,1,0,0,1,1,8,5
Zweitstimme,"07W523","07",Tempelhof-Schöneberg,"523",W,5R,5,81,W,1389,991,398,0,507,7,501,5,85,182,46,30,86,18,3,15,3,4,0,3,0,0,0,0,2,0,0,3,0,0,0,5,0,0,2,0,0,2,0,0,1,1,8,2
Zweitstimme,"07W524","07",Tempelhof-Schöneberg,"524",W,5R,5,81,W,1061,746,315,0,428,6,426,2,91,162,57,27,24,22,5,13,3,3,0,1,0,0,0,0,0,0,1,2,1,0,0,1,0,0,0,0,0,0,1,0,0,2,6,4
Zweitstimme,"07W525","07",Tempelhof-Schöneberg,"525",W,5S,5,81,W,1140,691,449,0,323,4,318,4,73,116,29,16,39,26,2,6,0,0,0,1,0,0,0,0,2,0,0,2,0,0,0,0,0,0,0,0,0,0,0,0,1,0,3,2
Zweitstimme,"07W526","07",Tempelhof-Schöneberg,"526",W,5S,5,81,W,1078,588,490,0,321,1,321,0,51,152,35,11,28,29,1,4,0,2,0,1,0,0,0,0,1,0,0,2,0,0,0,0,0,0,0,0,0,1,0,0,0,1,2,0
Zweitstimme,"07W527","07",Tempelhof-Schöneberg,"527",W,5T,5,81,W,1192,885,307,0,569,6,561,8,152,271,28,15,48,21,2,10,1,4,0,2,0,0,0,0,0,0,0,1,2,0,0,1,0,0,0,0,0,0,0,0,1,0,2,0
Zweitstimme,"07W528","07",Tempelhof-Schöneberg,"528",W,5T,5,81,W,981,560,421,0,314,5,311,3,65,134,26,12,36,13,3,5,2,2,0,1,0,0,1,0,0,0,2,2,0,0,0,2,0,0,0,0,0,1,0,0,0,0,2,2
Zweitstimme,"07B5A","07",Tempelhof-Schöneberg,5A,B,5A,5,81,W,0,0,0,0,707,707,703,2,144,269,88,32,42,51,6,18,3,4,1,6,0,1,0,0,1,0,2,0,0,0,0,7,0,0,3,2,0,2,3,0,2,2,7,7
Zweitstimme,"07B5B","07",Tempelhof-Schöneberg,5B,B,5B,5,81,W,0,0,0,0,683,683,669,6,134,265,81,40,56,40,3,14,1,7,0,0,1,2,1,0,0,0,0,2,3,0,0,3,0,0,0,0,0,2,2,0,2,2,4,4
Zweitstimme,"07B5C","07",Tempelhof-Schöneberg,5C,B,5C,5,81,W,0,0,0,0,667,667,661,6,157,273,78,24,33,38,5,18,2,6,0,1,0,1,0,0,3,0,0,1,0,0,0,7,0,0,2,0,0,3,1,0,1,0,3,4
Zweitstimme,"07B5D","07",Tempelhof-Schöneberg,5D,B,5D,5,81,W,0,0,0,0,640,640,637,3,134,235,91,50,41,32,6,14,5,4,0,3,0,0,0,0,1,0,2,2,1,0,0,6,0,0,0,0,0,2,1,0,0,1,1,5
Zweitstimme,"07B5E","07",Tempelhof-Schöneberg,5E,B,5E,5,81,W,0,0,0,0,366,366,362,4,65,108,81,26,25,11,11,14,1,2,0,3,0,1,0,0,0,0,1,1,0,0,0,2,0,0,3,1,0,0,1,0,2,0,0,3
Zweitstimme,"07B5F","07",Tempelhof-Schöneberg,5F,B,5F,5,81,W,0,0,0,0,360,360,359,1,86,139,49,31,13,17,2,9,2,0,0,2,0,0,0,0,0,0,0,0,0,0,0,4,0,0,0,0,0,2,0,0,0,0,0,3
Zweitstimme,"07B5G","07",Tempelhof-Schöneberg,5G,B,5G,5,81,W,0,0,0,0,534,534,526,6,119,228,69,23,37,20,2,10,2,3,0,0,0,0,1,0,0,0,1,0,0,0,0,1,0,0,0,0,0,1,2,0,1,0,0,6
Zweitstimme,"07B5H","07",Tempelhof-Schöneberg,5H,B,5H,5,81,W,0,0,0,0,516,516,510,6,112,206,65,25,36,23,1,12,3,3,0,0,0,0,0,0,0,0,1,1,1,0,0,8,0,0,0,0,0,1,4,0,1,1,0,6
Zweitstimme,"07B5I","07",Tempelhof-Schöneberg,5I,B,5I,5,81,W,0,0,0,0,394,394,392,2,96,146,57,23,16,16,9,14,3,3,0,0,0,0,0,1,0,0,0,0,0,0,0,0,0,0,0,0,0,0,2,0,0,0,1,5
Zweitstimme,"07B5K","07",Tempelhof-Schöneberg,5K,B,5K,5,81,W,0,0,0,0,609,609,604,4,134,247,60,35,40,34,11,18,3,5,0,2,0,0,0,0,2,0,1,1,0,0,0,2,0,0,0,1,0,1,1,0,0,2,3,1
Zweitstimme,"07B5L","07",Tempelhof-Schöneberg,5L,B,5L,5,81,W,0,0,0,0,400,400,400,0,83,158,57,28,31,14,2,9,1,1,1,0,0,0,0,0,0,1,1,2,0,0,0,6,0,0,1,0,0,1,0,0,0,1,1,1
Zweitstimme,"07B5M","07",Tempelhof-Schöneberg,5M,B,5M,5,81,W,0,0,0,0,383,383,380,3,47,86,90,64,33,11,10,9,2,1,2,2,1,0,0,0,0,3,1,3,0,0,0,0,0,0,1,0,0,3,3,0,2,1,2,3
Zweitstimme,"07B5N","07",Tempelhof-Schöneberg,5N,B,5N,5,81,W,0,0,0,0,348,348,346,2,68,147,43,16,25,17,3,9,1,2,0,2,0,0,0,0,0,0,0,2,0,0,0,4,0,0,0,0,0,0,0,0,0,2,4,1
Zweitstimme,"07B5P","07",Tempelhof-Schöneberg,5P,B,5P,5,81,W,0,0,0,0,349,349,348,1,58,152,51,11,22,23,2,10,0,4,0,0,0,0,0,0,0,0,2,1,1,0,0,1,0,0,2,1,0,0,0,0,0,1,1,5
Zweitstimme,"07B5R","07",Tempelhof-Schöneberg,5R,B,5R,5,81,W,0,0,0,0,636,636,633,2,107,308,54,22,41,40,7,18,0,6,1,1,1,0,0,0,0,0,1,1,0,0,0,6,0,0,0,0,0,5,0,0,3,1,4,6
Zweitstimme,"07B5S","07",Tempelhof-Schöneberg,5S,B,5S,5,81,W,0,0,0,0,857,857,854,1,179,409,91,26,39,69,3,19,4,0,1,1,0,0,0,0,0,0,0,2,0,0,0,1,0,0,0,1,0,3,0,0,0,2,2,2
Zweitstimme,"07B5T","07",Tempelhof-Schöneberg,5T,B,5T,5,81,W,0,0,0,0,668,668,663,5,154,333,48,25,38,33,3,8,0,7,0,2,0,0,1,0,0,0,0,0,0,0,0,6,0,0,0,0,0,0,0,0,1,0,4,0
Zweitstimme,"07W601","07",Tempelhof-Schöneberg,"601",W,6A,6,81,W,1144,709,435,0,326,2,321,5,84,129,25,14,32,19,0,6,1,0,0,0,0,0,0,0,1,0,2,1,0,0,0,3,0,0,0,0,0,1,0,0,0,0,2,1
Zweitstimme,"07W602","07",Tempelhof-Schöneberg,"602",W,6B,6,81,W,1085,726,359,0,406,5,399,7,79,167,46,19,25,31,4,15,0,2,0,1,0,0,0,0,1,0,2,1,0,0,0,3,0,0,0,0,0,1,0,0,1,0,0,1
Zweitstimme,"07W603","07",Tempelhof-Schöneberg,"603",W,6C,6,81,W,1273,935,338,0,466,8,457,6,87,189,26,17,65,23,5,19,1,8,0,2,0,0,0,1,0,0,0,4,0,0,0,1,0,0,1,0,0,2,0,0,1,0,2,3
Zweitstimme,"07W604","07",Tempelhof-Schöneberg,"604",W,6C,6,81,W,978,814,164,0,335,1,331,3,47,148,22,16,49,12,4,14,3,3,0,1,0,0,0,0,1,0,0,1,1,0,0,0,0,0,0,0,0,0,2,0,0,1,6,0
Zweitstimme,"07W605","07",Tempelhof-Schöneberg,"605",W,6D,6,81,W,1246,888,358,0,383,5,373,8,64,165,32,19,51,14,1,15,0,2,0,1,0,0,0,0,0,0,0,2,0,0,0,2,0,0,0,0,0,1,0,0,1,0,2,1
Zweitstimme,"07W606","07",Tempelhof-Schöneberg,"606",W,6E,6,81,W,1224,766,458,0,351,0,346,5,66,154,29,16,49,10,1,10,1,1,1,0,0,0,0,0,0,0,0,0,0,0,0,0,0,0,1,1,0,1,0,0,0,0,1,4
Zweitstimme,"07W607","07",Tempelhof-Schöneberg,"607",W,6F,6,81,W,1093,734,359,0,308,0,300,4,58,113,12,17,51,16,2,12,0,1,0,0,0,2,0,0,0,0,0,2,1,0,0,1,0,0,0,1,0,4,0,0,1,0,5,1
Zweitstimme,"07W608","07",Tempelhof-Schöneberg,"608",W,6F,6,81,W,1166,868,298,0,307,0,304,3,61,116,11,15,69,9,0,10,1,2,1,1,0,0,1,0,0,0,0,2,0,0,0,1,0,0,0,0,0,1,0,0,1,0,1,1
Zweitstimme,"07W609","07",Tempelhof-Schöneberg,"609",W,6G,6,81,W,1217,884,333,0,375,4,364,3,58,133,19,21,102,10,2,3,0,3,0,2,0,0,0,0,0,0,2,1,3,0,0,1,0,0,0,0,0,2,0,0,1,0,0,1
Zweitstimme,"07W610","07",Tempelhof-Schöneberg,"610",W,6G,6,81,W,1151,881,270,0,377,1,374,1,77,160,17,18,46,22,5,5,2,2,0,4,0,0,0,0,1,0,0,2,1,0,0,1,0,0,2,1,0,1,0,0,2,0,5,0
Zweitstimme,"07W611","07",Tempelhof-Schöneberg,"611",W,6H,6,81,W,1084,874,210,0,300,3,297,3,59,105,16,17,59,13,5,4,2,2,0,3,0,0,0,0,0,0,0,1,1,0,0,1,0,0,2,0,0,3,0,0,1,0,3,0
Zweitstimme,"07W612","07",Tempelhof-Schöneberg,"612",W,6B,6,81,W,1232,737,495,0,416,6,411,2,79,166,52,15,38,27,4,5,4,2,1,1,1,3,0,0,0,0,0,1,0,0,0,3,0,0,0,1,0,3,0,0,2,0,0,3
Zweitstimme,"07W613","07",Tempelhof-Schöneberg,"613",W,6I,6,81,W,1130,742,388,0,453,10,447,3,96,170,50,24,38,34,6,10,1,0,0,0,0,0,2,0,0,0,0,2,6,0,0,1,0,0,0,0,0,0,0,0,0,0,0,7
Zweitstimme,"07W614","07",Tempelhof-Schöneberg,"614",W,6H,6,81,W,1178,949,229,0,306,1,300,6,40,86,23,25,79,10,3,8,3,3,0,3,1,0,0,0,1,0,0,4,0,0,0,3,0,0,0,0,0,1,1,0,0,1,4,1
Zweitstimme,"07W615","07",Tempelhof-Schöneberg,"615",W,6K,6,81,W,1205,610,595,0,468,10,464,3,86,208,66,11,38,30,1,8,2,0,0,0,0,0,0,1,0,0,0,2,3,0,0,2,0,0,0,0,0,1,0,0,0,1,1,3
Zweitstimme,"07W616","07",Tempelhof-Schöneberg,"616",W,6L,6,81,W,1185,699,486,0,322,1,317,4,65,149,36,7,27,15,5,7,1,0,0,1,1,0,0,0,0,0,0,0,1,0,0,1,0,0,0,0,0,1,0,0,0,0,0,0
Zweitstimme,"07W617","07",Tempelhof-Schöneberg,"617",W,6M,6,81,W,1209,726,483,0,446,6,440,6,72,228,42,22,33,24,2,1,0,2,0,1,0,0,0,0,0,0,0,5,0,0,0,0,0,0,1,0,0,0,0,0,1,1,3,2
Zweitstimme,"07W618","07",Tempelhof-Schöneberg,"618",W,6N,6,81,W,1121,853,268,0,394,1,379,9,78,149,20,19,65,19,5,12,0,2,0,0,0,1,0,0,0,0,3,1,0,0,0,0,0,0,1,0,0,0,0,0,0,1,2,1
Zweitstimme,"07W619","07",Tempelhof-Schöneberg,"619",W,6N,6,81,W,1189,792,397,0,346,3,338,8,81,124,19,22,54,5,4,18,0,1,2,0,0,0,0,0,1,0,0,0,0,0,0,2,0,0,1,0,0,1,0,0,0,0,2,1
Zweitstimme,"07W620","07",Tempelhof-Schöneberg,"620",W,6P,6,81,W,1155,723,432,0,415,0,407,8,89,166,44,17,50,19,4,5,1,2,1,0,0,0,0,1,0,0,0,0,0,0,0,1,0,0,0,0,0,1,1,0,1,1,1,2
Zweitstimme,"07W621","07",Tempelhof-Schöneberg,"621",W,6R,6,81,W,1110,601,509,0,401,5,399,2,66,194,55,11,27,28,0,7,0,0,0,2,0,0,0,0,0,1,0,2,0,0,0,0,0,0,0,0,0,2,0,0,0,0,2,2
Zweitstimme,"07W622","07",Tempelhof-Schöneberg,"622",W,6S,6,81,W,997,689,308,0,283,3,276,7,59,115,27,12,27,12,2,5,2,2,0,1,0,0,0,0,0,0,0,0,0,0,0,1,0,0,0,1,0,0,0,0,1,0,6,3
Zweitstimme,"07W623","07",Tempelhof-Schöneberg,"623",W,6S,6,81,W,1194,854,340,0,431,1,423,4,83,211,18,33,38,14,3,10,1,2,0,0,0,0,0,0,2,0,0,1,0,0,0,1,0,0,0,0,0,0,0,0,0,0,6,0
Zweitstimme,"07W624","07",Tempelhof-Schöneberg,"624",W,6T,6,81,W,1083,638,445,0,339,0,335,4,70,147,38,12,25,23,2,5,0,0,0,0,0,0,0,0,0,0,0,2,0,0,0,2,0,0,0,0,0,0,0,0,0,0,7,2
Zweitstimme,"07W625","07",Tempelhof-Schöneberg,"625",W,6A,6,81,W,1053,612,441,0,408,5,404,4,69,193,31,18,52,11,2,9,1,5,0,0,0,0,0,0,1,0,1,2,0,0,0,4,0,0,0,0,0,1,0,0,0,2,0,2
Zweitstimme,"07W626","07",Tempelhof-Schöneberg,"626",W,6U,6,81,W,1154,702,452,0,382,1,378,3,68,166,61,8,38,11,4,6,2,5,0,0,0,1,0,0,0,1,0,4,1,0,0,0,0,0,0,0,0,0,0,0,2,0,0,0
Zweitstimme,"07W627","07",Tempelhof-Schöneberg,"627",W,6U,6,81,W,579,347,232,0,244,2,241,2,50,119,31,8,13,10,1,3,1,1,0,0,0,0,0,0,0,0,0,1,0,0,0,1,0,0,0,0,0,0,1,0,0,0,1,0
Zweitstimme,"07W628","07",Tempelhof-Schöneberg,"628",W,6R,6,81,W,1084,589,495,0,418,6,418,0,68,202,46,17,38,16,2,10,2,0,0,1,0,0,0,0,1,0,0,9,0,0,0,0,0,0,0,1,0,0,0,0,0,0,3,2
Zweitstimme,"07B6A","07",Tempelhof-Schöneberg,6A,B,6A,6,81,W,0,0,0,0,797,797,792,5,185,385,79,22,39,49,6,11,0,3,2,3,0,0,0,0,0,0,0,1,3,0,0,2,0,0,0,0,0,1,0,0,0,0,1,0
Zweitstimme,"07B6B","07",Tempelhof-Schöneberg,6B,B,6B,6,81,W,0,0,0,0,778,778,768,7,147,347,101,28,37,50,8,17,5,5,0,2,0,1,0,0,0,1,0,4,2,0,0,0,0,0,3,0,0,1,1,0,2,2,1,3
Zweitstimme,"07B6C","07",Tempelhof-Schöneberg,6C,B,6C,6,81,W,0,0,0,0,441,441,437,4,78,215,35,18,37,20,6,11,1,3,1,0,0,1,0,1,0,0,0,2,0,0,0,1,0,0,1,0,0,2,0,0,0,0,0,4
Zweitstimme,"07B6D","07",Tempelhof-Schöneberg,6D,B,6D,6,81,W,0,0,0,0,319,319,316,3,58,159,26,10,25,13,1,10,0,2,0,0,0,0,0,0,0,0,0,0,1,0,0,2,0,0,0,0,0,0,0,0,0,0,6,3
Zweitstimme,"07B6E","07",Tempelhof-Schöneberg,6E,B,6E,6,81,W,0,0,0,0,406,406,404,2,101,211,20,8,22,7,1,11,1,3,0,1,0,0,0,0,1,0,0,0,0,0,0,6,0,0,1,0,0,6,0,0,1,0,1,2
Zweitstimme,"07B6F","07",Tempelhof-Schöneberg,6F,B,6F,6,81,W,0,0,0,0,572,572,568,4,122,271,31,16,50,20,3,26,6,4,0,2,0,0,0,0,0,0,0,3,0,0,0,2,0,0,0,0,0,2,0,0,3,0,2,5
Zweitstimme,"07B6G","07",Tempelhof-Schöneberg,6G,B,6G,6,81,W,0,0,0,0,530,530,527,3,128,238,33,21,39,21,4,20,6,2,1,4,0,0,0,0,1,0,2,1,1,0,0,0,0,0,0,0,0,1,1,0,0,0,1,2
Zweitstimme,"07B6H","07",Tempelhof-Schöneberg,6H,B,6H,6,81,W,0,0,0,0,381,381,378,3,102,157,16,18,26,17,8,18,1,0,0,3,0,0,0,0,0,2,1,0,0,0,0,0,0,0,1,0,0,2,0,0,0,1,3,2
Zweitstimme,"07B6I","07",Tempelhof-Schöneberg,6I,B,6I,6,81,W,0,0,0,0,339,339,336,2,62,173,51,13,13,9,5,5,0,0,1,0,0,0,0,0,1,0,1,1,0,0,0,0,0,0,0,0,0,0,0,0,0,0,1,0
Zweitstimme,"07B6K","07",Tempelhof-Schöneberg,6K,B,6K,6,81,W,0,0,0,0,546,546,546,0,101,270,71,9,28,22,5,17,0,3,0,0,0,0,0,1,0,0,0,2,1,0,0,3,0,0,2,0,0,3,1,0,0,1,1,5
Zweitstimme,"07B6L","07",Tempelhof-Schöneberg,6L,B,6L,6,81,W,0,0,0,0,447,447,445,2,99,223,57,10,20,9,4,10,2,0,1,0,0,0,0,0,0,0,0,0,0,0,0,0,0,0,0,0,0,2,1,0,1,0,1,5
Zweitstimme,"07B6M","07",Tempelhof-Schöneberg,6M,B,6M,6,81,W,0,0,0,0,447,447,443,4,82,245,39,12,22,31,3,1,0,0,0,0,0,0,0,0,0,0,0,1,0,0,0,1,0,0,0,1,0,2,0,0,0,2,0,1
Zweitstimme,"07B6N","07",Tempelhof-Schöneberg,6N,B,6N,6,81,W,0,0,0,0,584,584,573,11,129,254,34,24,55,25,4,23,1,6,2,0,0,0,0,0,1,0,2,3,0,0,0,1,0,0,0,0,0,0,3,0,3,0,1,2
Zweitstimme,"07B6P","07",Tempelhof-Schöneberg,6P,B,6P,6,81,W,0,0,0,0,390,390,388,2,84,197,28,9,28,21,4,8,0,1,0,1,0,0,0,0,1,0,0,0,0,0,0,2,0,0,0,0,0,1,0,0,0,0,2,1
Zweitstimme,"07B6R","07",Tempelhof-Schöneberg,6R,B,6R,6,81,W,0,0,0,0,936,936,928,7,187,503,84,19,46,53,5,14,0,2,0,0,0,1,0,0,1,0,1,0,2,0,0,1,0,0,0,0,0,0,1,0,1,1,2,4
Zweitstimme,"07B6S","07",Tempelhof-Schöneberg,6S,B,6S,6,81,W,0,0,0,0,577,577,568,9,116,271,35,21,50,32,3,12,1,7,0,3,0,0,1,1,1,0,0,3,1,0,0,4,0,0,1,1,0,0,1,0,0,0,2,1
Zweitstimme,"07B6T","07",Tempelhof-Schöneberg,6T,B,6T,6,81,W,0,0,0,0,403,403,400,3,73,208,40,10,28,18,5,6,0,0,1,1,0,0,0,0,1,0,0,0,0,0,0,0,0,0,0,0,0,1,1,0,0,0,4,3
Zweitstimme,"07B6U","07",Tempelhof-Schöneberg,6U,B,6U,6,81,W,0,0,0,0,630,630,629,1,122,288,93,8,44,40,4,9,3,7,0,0,0,0,0,0,0,0,0,1,1,0,0,1,0,0,0,0,0,1,0,0,1,0,0,6
Zweitstimme,"07W701","07",Tempelhof-Schöneberg,"701",W,7A,7,81,W,1168,638,530,0,399,6,394,3,67,197,34,10,42,27,1,6,0,0,0,1,0,0,0,0,1,0,0,3,0,0,0,0,0,0,1,0,0,1,0,0,1,0,0,2
Zweitstimme,"07W702","07",Tempelhof-Schöneberg,"702",W,7B,7,81,W,1084,697,387,0,426,0,421,5,91,205,28,11,50,18,0,12,2,0,0,0,0,0,0,0,0,0,0,0,0,0,0,2,0,0,0,0,0,0,1,0,0,0,1,0
Zweitstimme,"07W703","07",Tempelhof-Schöneberg,"703",W,7C,7,81,W,1123,655,468,0,358,5,354,4,66,141,34,23,38,24,3,11,0,0,0,1,0,1,0,0,2,0,0,1,2,0,0,2,0,0,0,0,0,0,0,0,1,0,2,2
Zweitstimme,"07W704","07",Tempelhof-Schöneberg,"704",W,7D,7,81,W,1138,720,418,0,465,5,462,3,69,227,68,11,39,27,1,4,2,3,0,0,0,0,0,0,0,0,0,1,1,0,0,3,0,0,0,2,0,0,2,0,0,0,0,2
Zweitstimme,"07W705","07",Tempelhof-Schöneberg,"705",W,7D,7,81,W,1331,900,431,0,507,6,504,3,104,202,80,20,34,30,6,2,4,1,0,0,0,0,0,0,1,0,0,3,2,0,0,0,0,0,2,0,0,1,1,0,3,2,3,3
Zweitstimme,"07W706","07",Tempelhof-Schöneberg,"706",W,7E,7,81,W,1285,1012,273,0,401,3,387,12,77,139,15,20,64,19,3,11,4,5,0,1,0,0,0,0,1,0,0,2,2,0,0,4,0,0,2,0,0,0,0,0,3,0,12,3
Zweitstimme,"07W707","07",Tempelhof-Schöneberg,"707",W,7E,7,81,W,1220,889,331,0,363,0,355,8,64,120,28,23,68,17,3,8,4,2,1,1,1,0,0,0,1,0,0,2,0,0,0,3,0,0,0,1,0,0,0,0,1,0,6,1
Zweitstimme,"07W708","07",Tempelhof-Schöneberg,"708",W,7F,7,81,W,1148,731,417,0,351,1,346,5,66,165,26,14,32,14,6,8,2,1,1,1,0,1,0,0,0,0,0,1,1,0,0,2,0,0,0,0,0,1,1,0,0,1,0,2
Zweitstimme,"07W709","07",Tempelhof-Schöneberg,"709",W,7F,7,81,W,1221,834,387,0,429,7,426,3,76,172,38,16,65,29,3,8,3,0,0,2,0,0,0,0,0,0,0,2,0,0,0,2,0,0,0,1,0,1,0,0,0,2,5,1
Zweitstimme,"07W710","07",Tempelhof-Schöneberg,"710",W,7G,7,81,W,1145,713,432,0,491,10,486,5,96,216,56,22,34,28,13,10,1,1,0,0,0,1,0,0,0,0,0,2,0,0,0,2,0,0,0,0,0,0,0,0,0,0,2,2
Zweitstimme,"07W711","07",Tempelhof-Schöneberg,"711",W,7H,7,81,W,1141,732,409,0,370,1,366,3,59,158,47,17,36,19,6,12,0,0,0,1,0,0,0,0,2,0,0,1,0,0,0,0,0,0,0,0,0,3,0,0,1,0,0,4
Zweitstimme,"07W712","07",Tempelhof-Schöneberg,"712",W,7I,7,81,W,1125,706,419,0,477,7,475,1,100,200,81,17,20,33,3,8,1,1,0,0,0,0,0,0,0,0,0,0,0,0,0,1,0,0,1,0,0,0,0,0,0,0,0,9
Zweitstimme,"07W713","07",Tempelhof-Schöneberg,"713",W,7K,7,81,W,1288,737,551,0,492,2,492,0,70,238,65,18,48,24,7,15,0,1,1,2,0,0,0,0,0,0,0,0,1,0,0,0,0,0,0,0,0,0,1,0,0,1,0,0
Zweitstimme,"07W714","07",Tempelhof-Schöneberg,"714",W,7L,7,81,W,1142,862,280,0,418,2,413,5,71,178,17,10,79,17,2,18,2,2,1,1,0,0,0,0,1,0,1,3,1,0,0,3,0,0,0,2,0,0,0,0,2,0,0,2
Zweitstimme,"07W715","07",Tempelhof-Schöneberg,"715",W,7M,7,81,W,1161,770,391,0,476,3,468,8,61,251,39,15,41,34,3,8,5,0,1,2,0,0,0,0,0,0,0,1,0,0,0,1,0,0,0,0,0,0,1,0,1,0,2,2
Zweitstimme,"07W716","07",Tempelhof-Schöneberg,"716",W,7N,7,81,W,1186,688,498,0,433,5,433,0,82,236,33,16,23,21,5,10,0,0,0,0,0,0,0,0,0,0,0,0,2,0,0,0,0,0,0,0,0,1,0,0,0,0,1,3
Zweitstimme,"07W717","07",Tempelhof-Schöneberg,"717",W,7P,7,81,W,1141,681,460,0,359,7,355,4,67,167,24,16,53,11,2,6,1,2,0,0,0,0,0,0,1,0,0,2,0,0,0,0,0,0,1,0,0,0,0,0,0,0,1,1
Zweitstimme,"07W718","07",Tempelhof-Schöneberg,"718",W,7P,7,81,W,1100,817,283,0,386,2,380,4,83,162,14,17,51,20,6,10,1,2,0,1,0,0,0,0,0,0,1,2,0,0,0,2,0,0,0,0,0,1,0,0,1,0,4,2
Zweitstimme,"07W719","07",Tempelhof-Schöneberg,"719",W,7R,7,81,W,1191,721,470,0,411,6,410,1,65,199,21,11,49,34,1,11,0,0,0,1,2,2,0,0,0,0,1,2,0,0,0,2,0,0,1,0,0,2,0,0,1,2,1,2
Zweitstimme,"07W720","07",Tempelhof-Schöneberg,"720",W,7R,7,81,W,1140,790,350,0,439,2,435,4,70,205,43,13,50,24,3,11,4,3,0,0,0,0,0,0,2,0,0,2,0,0,0,4,0,0,0,0,0,0,1,0,0,0,0,0
Zweitstimme,"07W721","07",Tempelhof-Schöneberg,"721",W,7S,7,81,W,1121,705,416,0,413,4,409,4,66,220,25,11,46,19,0,12,0,1,0,0,0,0,0,0,0,0,0,1,1,0,0,0,0,0,1,0,0,0,0,0,1,1,4,0
Zweitstimme,"07W722","07",Tempelhof-Schöneberg,"722",W,7T,7,81,W,1153,793,360,0,373,1,365,8,66,144,37,31,35,22,2,14,1,1,0,2,0,0,0,0,2,0,0,2,0,0,0,2,0,0,0,0,0,0,0,0,1,0,0,3
Zweitstimme,"07W723","07",Tempelhof-Schöneberg,"723",W,7T,7,81,W,1185,882,303,0,405,6,393,11,85,179,23,13,45,23,1,9,0,5,0,0,0,0,0,0,0,0,0,2,0,0,0,1,0,0,0,0,0,2,0,0,0,1,2,2
Zweitstimme,"07W724","07",Tempelhof-Schöneberg,"724",W,7S,7,81,W,1135,878,257,0,324,2,324,0,67,132,18,19,45,12,4,6,1,1,0,3,0,3,0,0,0,0,1,2,1,0,0,1,0,0,1,0,0,1,0,0,0,1,5,0
Zweitstimme,"07W725","07",Tempelhof-Schöneberg,"725",W,7U,7,81,W,1064,770,294,0,289,2,286,1,47,107,14,12,70,6,3,7,6,2,1,0,0,0,0,0,0,0,0,4,0,0,0,0,0,0,0,0,0,3,0,0,1,0,2,1
Zweitstimme,"07W726","07",Tempelhof-Schöneberg,"726",W,7U,7,81,W,1143,675,468,0,400,6,392,8,75,148,43,18,47,31,3,10,2,4,0,1,0,0,0,0,0,0,0,0,0,0,0,2,0,0,0,0,0,2,0,0,0,0,2,4
Zweitstimme,"07W727","07",Tempelhof-Schöneberg,"727",W,7V,7,81,W,963,543,420,0,328,3,327,0,66,141,32,15,32,17,5,7,0,1,1,0,0,0,0,0,0,1,0,2,0,0,0,2,0,0,0,0,0,0,0,0,0,1,1,3
Zweitstimme,"07W728","07",Tempelhof-Schöneberg,"728",W,7V,7,81,W,927,490,437,0,321,2,318,2,72,134,28,11,34,23,2,4,0,2,0,1,0,0,1,0,0,0,1,0,2,0,0,1,0,0,0,0,0,0,0,0,0,1,1,0
Zweitstimme,"07B7A","07",Tempelhof-Schöneberg,7A,B,7A,7,81,W,0,0,0,0,474,474,473,1,102,238,56,12,17,28,2,9,1,1,0,1,0,0,0,0,0,0,0,1,0,0,0,3,0,0,0,1,0,0,0,0,0,0,0,1
Zweitstimme,"07B7B","07",Tempelhof-Schöneberg,7B,B,7B,7,81,W,0,0,0,0,347,347,344,3,70,185,21,13,17,13,5,11,0,4,0,0,0,0,0,0,0,0,0,2,0,0,0,0,0,0,0,0,0,0,0,0,0,0,0,3
Zweitstimme,"07B7C","07",Tempelhof-Schöneberg,7C,B,7C,7,81,W,0,0,0,0,418,418,418,0,71,213,32,12,42,20,1,11,2,2,0,1,0,1,0,0,0,0,0,1,1,0,0,1,0,0,0,0,0,1,0,0,1,1,0,4
Zweitstimme,"07B7D","07",Tempelhof-Schöneberg,7D,B,7D,7,81,W,0,0,0,0,778,778,776,2,147,391,87,19,42,50,7,14,1,3,0,2,0,0,0,0,1,0,1,2,0,0,0,0,0,0,0,1,0,0,0,0,0,1,2,5
Zweitstimme,"07B7E","07",Tempelhof-Schöneberg,7E,B,7E,7,81,W,0,0,0,0,546,546,537,7,118,231,35,23,44,29,6,23,5,2,1,2,0,2,0,0,1,0,0,0,3,0,0,6,0,0,0,0,0,4,0,0,0,0,0,2
Zweitstimme,"07B7F","07",Tempelhof-Schöneberg,7F,B,7F,7,81,W,0,0,0,0,723,723,719,4,154,369,48,29,42,41,3,11,3,5,1,1,0,1,0,1,0,0,0,1,0,0,0,3,0,0,0,0,0,1,0,0,1,2,0,2
Zweitstimme,"07B7G","07",Tempelhof-Schöneberg,7G,B,7G,7,81,W,0,0,0,0,398,398,396,2,91,200,47,9,14,18,1,5,2,0,0,1,0,1,0,0,0,0,1,0,1,0,0,0,0,0,0,0,0,1,0,0,1,0,1,2
Zweitstimme,"07B7H","07",Tempelhof-Schöneberg,7H,B,7H,7,81,W,0,0,0,0,383,383,381,1,83,165,49,15,30,16,0,9,1,4,0,3,0,0,0,0,0,0,1,0,0,0,0,2,0,0,1,0,0,2,0,0,0,0,0,0
Zweitstimme,"07B7I","07",Tempelhof-Schöneberg,7I,B,7I,7,81,W,0,0,0,0,383,383,382,1,77,167,65,15,23,19,3,6,1,1,0,0,0,0,0,0,0,0,0,0,0,0,0,1,0,0,0,0,0,0,0,0,0,0,0,4
Zweitstimme,"07B7K","07",Tempelhof-Schöneberg,7K,B,7K,7,81,W,0,0,0,0,505,505,503,2,97,284,36,14,18,30,3,5,3,1,0,0,0,1,0,0,1,1,1,1,0,0,0,1,0,0,0,1,0,2,0,0,0,0,1,2
Zweitstimme,"07B7L","07",Tempelhof-Schöneberg,7L,B,7L,7,81,W,0,0,0,0,248,248,247,1,53,107,15,14,29,5,4,7,1,4,0,1,0,0,0,0,0,0,0,0,0,0,0,1,0,0,0,0,0,0,0,0,1,0,5,0
Zweitstimme,"07B7M","07",Tempelhof-Schöneberg,7M,B,7M,7,81,W,0,0,0,0,357,357,355,2,65,187,40,14,21,14,2,6,0,0,0,0,0,0,0,0,0,0,0,1,2,0,0,0,0,0,0,0,0,0,3,0,0,0,0,0
Zweitstimme,"07B7N","07",Tempelhof-Schöneberg,7N,B,7N,7,81,W,0,0,0,0,463,463,463,0,101,241,45,5,22,32,1,5,3,0,0,1,0,0,0,0,0,0,0,1,1,0,0,3,0,0,1,0,0,1,0,0,0,0,0,0
Zweitstimme,"07B7P","07",Tempelhof-Schöneberg,7P,B,7P,7,81,W,0,0,0,0,685,685,678,6,146,334,49,12,56,37,3,18,3,4,0,2,0,0,1,0,4,0,0,2,0,0,0,0,0,0,0,0,0,0,0,0,0,2,2,3
Zweitstimme,"07B7R","07",Tempelhof-Schöneberg,7R,B,7R,7,81,W,0,0,0,0,749,749,743,6,138,398,70,15,39,35,10,12,0,7,0,3,0,0,0,0,1,0,0,1,3,0,0,3,0,0,1,0,0,1,0,0,0,0,1,5
Zweitstimme,"07B7S","07",Tempelhof-Schöneberg,7S,B,7S,7,81,W,0,0,0,0,614,614,608,6,142,291,52,18,34,30,3,19,0,4,2,1,0,0,0,0,1,0,0,2,1,0,0,2,0,0,1,1,0,1,0,0,0,0,0,3
Zweitstimme,"07B7T","07",Tempelhof-Schöneberg,7T,B,7T,7,81,W,0,0,0,0,619,619,616,2,109,318,51,20,45,24,4,12,2,6,0,0,0,1,0,0,1,0,2,2,1,0,0,1,0,0,0,0,0,1,1,0,5,0,3,7
Zweitstimme,"07B7U","07",Tempelhof-Schöneberg,7U,B,7U,7,81,W,0,0,0,0,622,622,618,4,132,299,42,24,41,32,4,15,4,7,1,1,0,0,0,0,0,0,2,3,0,0,0,2,0,0,0,0,0,4,0,0,5,0,0,0
Zweitstimme,"07B7V","07",Tempelhof-Schöneberg,7V,B,7V,7,81,W,0,0,0,0,854,854,847,7,137,470,74,29,49,51,2,13,2,3,0,0,1,0,0,0,0,0,1,3,2,0,0,2,0,0,0,1,0,1,0,0,2,0,1,3
Zweitstimme,"08W101","08",Neukölln,"101",W,1A,1,82,W,1004,652,352,0,312,11,311,1,49,32,102,89,7,5,5,5,0,0,0,0,0,0,0,0,0,1,0,3,0,0,0,0,0,0,0,0,0,0,3,0,1,0,6,3
Zweitstimme,"08W102","08",Neukölln,"102",W,1AA,1,82,W,1081,662,419,0,369,7,368,1,62,29,133,95,9,4,12,4,1,0,0,0,0,2,1,0,0,0,0,3,0,0,0,0,0,0,3,1,0,0,1,0,2,0,1,5
Zweitstimme,"08W103","08",Neukölln,"103",W,1AB,1,82,W,1027,675,352,0,379,3,376,3,48,30,169,77,13,6,9,1,2,0,0,0,0,4,1,0,0,1,1,1,0,0,0,0,0,0,2,0,0,0,0,0,1,0,3,7
Zweitstimme,"08W104","08",Neukölln,"104",W,1AC,1,82,W,995,634,361,0,330,9,328,2,50,24,127,93,4,4,8,4,1,0,0,0,0,0,0,0,0,0,0,1,0,0,0,0,0,0,2,0,0,0,0,0,1,1,5,3
Zweitstimme,"08W105","08",Neukölln,"105",W,1B,1,82,W,1018,705,313,0,373,8,373,0,45,30,141,108,11,5,8,8,1,1,0,0,0,0,0,0,0,1,0,1,0,0,0,0,0,0,5,0,0,1,1,0,1,0,2,3
Zweitstimme,"08W106","08",Neukölln,"106",W,1C,1,82,W,1033,705,328,0,416,0,415,1,46,56,137,114,6,5,14,7,2,0,0,1,0,0,0,0,0,2,0,6,2,0,0,0,0,0,1,0,0,1,4,0,1,1,2,7
Zweitstimme,"08W107","08",Neukölln,"107",W,1D,1,82,W,1044,694,350,0,398,5,398,0,44,19,156,121,15,1,14,7,3,0,0,0,0,2,0,0,0,1,0,3,1,0,0,0,0,0,1,1,0,0,3,0,0,0,2,4
Zweitstimme,"08W108","08",Neukölln,"108",W,1E,1,82,W,991,727,264,0,319,7,315,4,45,22,128,86,3,6,8,4,0,0,0,0,0,0,0,0,0,1,0,2,0,0,0,1,0,0,2,0,0,0,5,0,0,0,2,0
Zweitstimme,"08W109","08",Neukölln,"109",W,1F,1,82,W,1021,721,300,0,334,4,332,2,37,27,118,89,13,8,13,7,0,1,1,0,0,2,0,0,0,0,0,4,1,0,0,0,0,0,5,0,0,0,1,0,0,0,4,1
Zweitstimme,"08W110","08",Neukölln,"110",W,1G,1,82,W,1001,700,301,0,343,0,340,3,46,44,135,73,7,6,6,3,2,0,0,0,0,0,0,0,0,0,0,3,0,0,0,0,0,0,0,0,0,0,0,0,0,0,9,6
Zweitstimme,"08W111","08",Neukölln,"111",W,1H,1,82,W,959,691,268,0,310,5,305,4,39,33,120,73,9,8,4,3,3,0,0,0,0,1,0,0,0,0,0,2,0,0,0,0,0,0,2,0,0,0,1,0,2,0,3,2
Zweitstimme,"08W112","08",Neukölln,"112",W,1I,1,82,W,1137,821,316,0,295,3,294,1,46,32,94,69,16,4,7,5,1,0,0,1,0,1,0,0,0,1,0,1,1,0,0,0,0,0,1,1,0,0,3,0,1,0,6,3
Zweitstimme,"08W113","08",Neukölln,"113",W,1J,1,82,W,1046,736,310,0,356,1,355,1,39,23,119,116,17,4,11,7,1,0,0,0,0,1,0,0,0,0,0,3,0,0,0,5,0,0,2,0,0,0,1,0,1,0,2,3
Zweitstimme,"08W114","08",Neukölln,"114",W,1K,1,82,W,988,676,312,0,303,8,303,0,45,16,119,76,7,4,7,8,2,1,0,1,0,0,0,0,0,0,0,2,1,0,0,0,0,0,4,0,0,1,2,0,2,2,2,1
Zweitstimme,"08W115","08",Neukölln,"115",W,1L,1,82,W,974,718,256,0,336,5,335,1,49,38,97,103,8,7,4,5,3,0,0,1,1,1,0,0,0,3,0,3,0,0,0,0,0,0,2,0,0,0,2,0,0,0,5,3
Zweitstimme,"08W116","08",Neukölln,"116",W,1M,1,82,W,1127,750,377,0,312,0,310,2,42,21,110,98,8,3,6,5,0,0,0,1,0,1,0,2,0,0,0,2,0,0,0,0,0,0,1,0,0,0,1,0,1,0,1,7
Zweitstimme,"08W117","08",Neukölln,"117",W,1N,1,82,W,1066,723,343,0,386,5,384,2,53,39,113,127,11,7,12,3,0,1,0,0,0,2,0,0,0,2,1,3,0,0,0,0,0,0,4,0,0,0,1,0,0,0,4,1
Zweitstimme,"08W118","08",Neukölln,"118",W,1P,1,82,W,983,689,294,0,364,7,360,4,47,41,110,101,21,6,8,8,1,1,0,0,0,1,0,0,0,1,0,4,0,0,0,0,0,0,3,0,0,1,2,0,0,0,1,3
Zweitstimme,"08W119","08",Neukölln,"119",W,1Q,1,82,W,1048,647,401,0,304,0,302,1,43,21,105,90,12,8,4,5,1,1,0,3,0,0,0,0,0,0,0,2,1,0,0,0,0,0,3,0,0,0,1,0,0,0,2,0
Zweitstimme,"08W120","08",Neukölln,"120",W,1R,1,82,W,1040,706,334,0,364,9,362,2,44,36,125,102,7,5,13,8,2,0,0,0,0,0,0,0,0,0,0,1,0,0,0,3,0,0,6,0,0,1,2,0,3,0,1,3
Zweitstimme,"08W121","08",Neukölln,"121",W,1S,1,82,W,1094,768,326,0,349,6,349,0,60,33,99,89,22,5,10,6,2,3,0,0,1,3,1,0,0,1,0,1,0,0,0,1,0,0,2,0,0,0,1,0,1,1,5,2
Zweitstimme,"08W122","08",Neukölln,"122",W,1T,1,82,W,872,604,268,0,273,8,272,1,44,29,77,67,15,6,14,8,1,0,0,0,0,0,0,0,0,0,0,0,0,0,0,0,0,0,3,0,0,0,2,0,1,0,4,1
Zweitstimme,"08W123","08",Neukölln,"123",W,1U,1,82,W,1049,658,391,0,296,3,290,1,56,60,51,42,36,12,7,6,3,0,0,0,0,0,0,0,0,0,0,2,0,0,0,3,0,0,1,1,0,3,2,0,2,0,2,1
Zweitstimme,"08W124","08",Neukölln,"124",W,1T,1,82,W,926,612,314,0,346,2,346,0,59,25,114,105,6,3,6,9,1,0,0,0,0,2,2,0,0,1,0,1,0,0,0,0,0,0,2,2,0,0,2,0,0,2,2,2
Zweitstimme,"08W125","08",Neukölln,"125",W,1V,1,82,W,1060,669,391,0,352,8,351,1,42,40,84,109,30,6,10,6,4,0,0,1,0,0,0,0,0,1,0,3,0,0,0,0,0,0,0,0,0,1,6,0,2,0,2,4
Zweitstimme,"08W126","08",Neukölln,"126",W,1W,1,82,W,933,627,306,0,306,4,305,1,48,30,106,76,13,6,8,5,1,0,0,0,0,2,1,0,0,0,0,3,1,0,0,0,0,0,3,0,0,1,0,0,0,0,0,1
Zweitstimme,"08W127","08",Neukölln,"127",W,1X,1,82,W,1124,790,334,0,322,9,313,9,54,45,82,71,18,4,10,5,2,0,0,0,0,1,0,0,0,2,0,0,0,0,0,0,0,0,3,0,0,1,1,0,1,3,9,1
Zweitstimme,"08W128","08",Neukölln,"128",W,1Y,1,82,W,913,718,195,0,286,3,282,2,38,36,76,77,20,1,9,6,2,0,0,1,0,2,0,0,0,0,1,1,0,0,0,2,0,0,3,0,0,0,1,0,0,0,6,0
Zweitstimme,"08W129","08",Neukölln,"129",W,1Z,1,82,W,992,660,332,0,333,5,331,2,55,36,105,89,15,3,4,4,0,1,0,0,2,3,1,0,0,1,0,2,0,0,0,2,0,0,1,0,0,0,2,0,1,1,2,1
Zweitstimme,"08W130","08",Neukölln,"130",W,1Z,1,82,W,994,775,219,0,367,4,363,4,65,54,87,92,19,10,6,8,0,0,1,1,2,0,0,0,0,2,0,4,0,0,0,0,0,0,1,0,0,0,1,0,1,2,2,5
Zweitstimme,"08W131","08",Neukölln,"131",W,1Y,1,82,W,807,651,156,0,214,0,207,7,32,19,57,50,18,7,11,3,0,0,0,0,0,0,0,0,0,1,0,1,0,0,0,0,0,0,1,0,0,1,0,0,1,1,4,0
Zweitstimme,"08B1A","08",Neukölln,1A,B,1A,1,82,W,0,0,0,0,308,308,307,1,63,16,125,71,5,3,5,2,1,0,0,1,0,1,0,0,0,0,0,1,1,0,0,0,0,0,1,0,0,0,2,0,1,0,4,4
Zweitstimme,"08B1AA","08",Neukölln,1AA,B,1AA,1,82,W,0,0,0,0,357,357,355,2,37,24,162,65,8,14,15,8,0,1,1,0,0,0,0,0,0,1,0,2,0,0,0,0,0,0,0,0,0,0,4,0,1,3,5,4
Zweitstimme,"08B1AB","08",Neukölln,1AB,B,1AB,1,82,W,0,0,0,0,319,319,318,1,44,23,157,65,2,6,5,2,0,0,0,0,0,1,1,0,0,1,0,2,0,0,0,0,0,0,3,0,0,0,1,0,0,0,2,3
Zweitstimme,"08B1AC","08",Neukölln,1AC,B,1AC,1,82,W,0,0,0,0,315,315,312,2,46,20,132,76,0,3,9,5,3,0,0,1,0,0,0,0,0,0,0,3,0,0,0,0,0,0,1,0,0,0,1,0,1,1,2,8
Zweitstimme,"08B1B","08",Neukölln,1B,B,1B,1,82,W,0,0,0,0,273,273,269,4,40,17,115,58,2,6,9,4,0,0,0,0,0,0,0,0,0,1,0,3,0,0,0,1,0,0,2,0,0,0,4,0,2,3,0,2
Zweitstimme,"08B1C","08",Neukölln,1C,B,1C,1,82,W,0,0,0,0,293,293,293,0,35,43,124,56,9,6,5,4,2,0,0,0,0,0,0,0,0,0,0,1,0,0,0,0,0,0,0,0,0,0,5,0,1,0,0,2
Zweitstimme,"08B1D","08",Neukölln,1D,B,1D,1,82,W,0,0,0,0,311,311,309,2,30,29,131,81,5,3,12,2,0,0,0,0,0,1,0,0,0,0,0,0,0,0,0,0,0,0,0,0,0,0,8,0,1,1,0,5
Zweitstimme,"08B1E","08",Neukölln,1E,B,1E,1,82,W,0,0,0,0,226,226,224,2,24,14,109,48,5,10,5,2,0,1,0,0,0,0,0,0,0,1,1,0,0,0,0,0,0,0,0,0,0,0,2,0,0,0,0,2
Zweitstimme,"08B1F","08",Neukölln,1F,B,1F,1,82,W,0,0,0,0,261,261,260,1,35,24,116,49,4,8,6,3,0,1,0,0,0,2,0,0,0,2,0,1,0,0,0,0,0,0,1,0,0,0,3,0,0,0,2,3
Zweitstimme,"08B1G","08",Neukölln,1G,B,1G,1,82,W,0,0,0,0,255,255,254,1,33,20,116,43,3,12,5,3,5,0,0,1,0,0,0,0,0,0,0,2,0,0,0,0,0,0,2,0,0,0,1,0,1,0,2,5
Zweitstimme,"08B1H","08",Neukölln,1H,B,1H,1,82,W,0,0,0,0,243,243,242,1,29,21,114,48,2,4,2,4,2,1,1,1,0,0,0,0,0,1,1,1,0,0,0,0,0,0,1,0,0,0,5,0,0,0,0,4
Zweitstimme,"08B1I","08",Neukölln,1I,B,1I,1,82,W,0,0,0,0,284,284,284,0,55,46,63,67,17,5,8,2,1,1,0,0,0,2,0,0,0,0,0,2,0,0,0,1,0,0,1,1,0,0,1,0,2,1,4,4
Zweitstimme,"08B1J","08",Neukölln,1J,B,1J,1,82,W,0,0,0,0,277,277,276,1,52,20,111,62,2,6,9,3,0,0,0,1,0,1,0,0,0,1,0,1,1,0,0,0,0,0,1,0,0,0,1,0,1,0,2,1
Zweitstimme,"08B1K","08",Neukölln,1K,B,1K,1,82,W,0,0,0,0,281,281,281,0,36,24,125,69,6,3,3,3,0,0,0,0,0,1,0,0,0,0,1,0,0,0,0,0,0,0,1,0,0,1,6,0,0,2,0,0
Zweitstimme,"08B1L","08",Neukölln,1L,B,1L,1,82,W,0,0,0,0,230,230,230,0,27,13,95,60,8,1,4,6,3,0,0,0,0,0,0,0,0,0,0,0,0,0,0,0,0,0,6,0,0,0,3,0,0,0,0,4
Zweitstimme,"08B1M","08",Neukölln,1M,B,1M,1,82,W,0,0,0,0,338,338,338,0,47,27,140,77,10,7,5,4,0,0,0,0,0,1,1,0,0,0,1,0,0,0,0,0,0,0,3,0,0,0,3,0,1,0,7,4
Zweitstimme,"08B1N","08",Neukölln,1N,B,1N,1,82,W,0,0,0,0,308,308,307,1,39,26,120,81,1,5,10,7,1,0,0,0,0,0,0,0,0,1,0,1,0,0,0,1,0,0,5,0,0,1,4,0,0,2,1,1
Zweitstimme,"08B1P","08",Neukölln,1P,B,1P,1,82,W,0,0,0,0,260,260,257,2,46,30,89,57,6,1,2,5,2,1,0,0,0,0,1,0,0,1,0,2,0,0,0,3,0,0,2,1,0,0,7,0,0,0,0,1
Zweitstimme,"08B1Q","08",Neukölln,1Q,B,1Q,1,82,W,0,0,0,0,370,370,370,0,60,39,129,90,10,2,12,8,2,0,0,0,0,3,1,0,0,0,0,2,0,0,0,1,0,0,2,0,0,0,2,0,1,1,2,3
Zweitstimme,"08B1R","08",Neukölln,1R,B,1R,1,82,W,0,0,0,0,292,292,291,1,25,29,117,77,7,5,9,4,2,1,0,1,0,0,0,0,0,0,1,1,0,0,0,1,0,0,3,0,0,0,4,0,3,0,0,1
Zweitstimme,"08B1S","08",Neukölln,1S,B,1S,1,82,W,0,0,0,0,300,300,291,0,43,37,108,64,9,4,5,5,0,1,0,3,0,0,0,0,0,0,0,0,0,0,0,2,0,0,2,0,0,0,2,0,2,1,0,3
Zweitstimme,"08B1T","08",Neukölln,1T,B,1T,1,82,W,0,0,0,0,530,530,529,1,70,50,202,125,20,7,15,10,1,0,0,2,0,2,0,0,0,6,1,1,0,0,0,0,0,0,2,0,0,1,3,0,2,1,0,8
Zweitstimme,"08B1U","08",Neukölln,1U,B,1U,1,82,W,0,0,0,0,359,359,357,2,71,88,59,47,33,8,5,15,0,2,0,4,0,1,0,0,0,0,1,6,0,0,0,1,0,0,0,0,0,5,3,0,3,1,0,4
Zweitstimme,"08B1V","08",Neukölln,1V,B,1V,1,82,W,0,0,0,0,342,342,341,1,57,64,101,71,13,9,8,4,2,3,0,1,0,0,0,0,0,0,1,2,0,0,0,0,0,0,1,0,0,1,2,0,0,1,0,0
Zweitstimme,"08B1W","08",Neukölln,1W,B,1W,1,82,W,0,0,0,0,322,322,320,2,59,34,112,71,5,9,7,4,1,1,0,2,0,0,0,0,0,1,0,4,0,0,0,1,0,0,2,0,0,0,3,0,1,1,0,2
Zweitstimme,"08B1X","08",Neukölln,1X,B,1X,1,82,W,0,0,0,0,281,281,281,0,40,46,88,59,8,7,5,10,2,2,0,1,0,0,1,0,0,0,1,2,0,0,0,0,0,0,2,0,0,0,4,0,0,0,0,3
Zweitstimme,"08B1Y","08",Neukölln,1Y,B,1Y,1,82,W,0,0,0,0,318,318,317,1,50,52,108,79,3,7,4,2,1,0,0,0,0,1,0,0,0,1,0,4,0,0,0,0,0,0,1,0,0,0,1,0,1,0,1,1
Zweitstimme,"08B1Z","08",Neukölln,1Z,B,1Z,1,82,W,0,0,0,0,504,504,501,3,68,61,157,130,26,13,11,15,0,2,0,0,0,2,2,0,0,0,0,1,1,0,0,1,0,0,1,0,0,2,6,0,1,0,0,1
Zweitstimme,"08W201","08",Neukölln,"201",W,2A,2,82,W,1206,787,419,0,391,9,388,3,58,49,151,83,8,11,2,7,0,0,0,0,0,0,0,0,0,0,1,1,0,0,0,0,0,0,1,0,0,0,3,0,2,2,4,5
Zweitstimme,"08W202","08",Neukölln,"202",W,2AA,2,82,W,1068,806,262,0,381,5,376,2,62,27,120,110,17,5,10,9,1,0,0,0,0,0,0,0,0,0,0,1,0,0,0,0,0,0,2,0,0,0,3,0,2,0,5,2
Zweitstimme,"08W203","08",Neukölln,"203",W,2AB,2,82,W,901,663,238,0,298,4,294,3,48,38,107,72,9,3,4,5,1,1,0,0,0,0,0,0,0,0,0,0,0,0,0,0,0,0,0,0,0,0,1,0,0,0,2,3
Zweitstimme,"08W204","08",Neukölln,"204",W,2B,2,82,W,980,667,313,0,344,9,343,1,49,28,130,95,12,6,7,3,2,0,0,0,1,0,1,0,0,0,0,2,0,0,0,0,0,0,2,1,0,0,2,0,0,0,0,2
Zweitstimme,"08W205","08",Neukölln,"205",W,2C,2,82,W,1004,720,284,0,330,0,325,5,30,26,130,86,10,6,12,6,0,1,0,0,0,0,0,0,0,1,1,1,1,0,0,0,0,0,3,0,0,1,3,0,1,2,2,2
Zweitstimme,"08W206","08",Neukölln,"206",W,2D,2,82,W,1031,743,288,0,299,5,295,4,40,17,108,84,14,4,10,2,2,0,0,0,0,0,0,0,0,1,0,3,0,0,0,0,0,0,1,0,0,0,4,0,0,0,3,2
Zweitstimme,"08W207","08",Neukölln,"207",W,2E,2,82,W,974,700,274,0,306,3,305,1,35,18,97,112,6,8,8,0,0,0,0,0,0,2,0,0,0,1,0,5,0,0,0,1,0,0,1,0,0,0,7,0,1,1,1,1
Zweitstimme,"08W208","08",Neukölln,"208",W,2F,2,82,W,975,635,340,0,286,5,283,3,48,25,109,67,10,3,5,5,0,0,0,0,0,1,0,0,0,0,0,0,0,0,0,0,0,0,0,0,0,0,0,0,1,1,5,3
Zweitstimme,"08W209","08",Neukölln,"209",W,2G,2,82,W,949,669,280,0,314,4,313,1,46,25,87,103,7,6,9,4,0,0,0,1,0,1,1,0,0,0,0,3,0,0,0,0,0,0,1,0,0,0,1,0,1,2,12,3
Zweitstimme,"08W210","08",Neukölln,"210",W,2H,2,82,W,1027,732,295,0,295,4,290,4,54,44,73,66,19,5,7,2,0,1,0,0,0,1,0,0,0,0,0,1,0,0,0,0,0,0,0,0,0,0,0,0,1,0,9,7
Zweitstimme,"08W211","08",Neukölln,"211",W,2H,2,82,W,1046,740,306,0,320,0,313,7,55,29,106,70,20,8,5,3,0,1,0,0,0,1,0,0,0,0,0,1,0,0,0,0,0,0,1,0,0,3,2,0,0,0,5,3
Zweitstimme,"08W212","08",Neukölln,"212",W,2I,2,82,W,1073,730,343,0,340,8,335,1,66,30,121,85,5,3,6,5,0,0,1,0,0,1,0,0,0,1,0,1,0,0,0,0,0,0,2,0,0,0,2,0,0,0,5,1
Zweitstimme,"08W213","08",Neukölln,"213",W,2J,2,82,W,1066,756,310,0,329,0,328,1,40,24,108,105,13,3,5,2,1,0,0,0,0,1,1,0,0,1,1,5,0,0,0,0,0,0,6,0,0,0,2,0,1,0,5,4
Zweitstimme,"08W214","08",Neukölln,"214",W,2K,2,82,W,1014,693,321,0,350,10,347,2,46,19,125,117,8,5,4,7,0,0,0,0,0,0,0,0,0,0,0,3,0,0,0,1,0,0,2,0,0,0,3,0,3,0,0,4
Zweitstimme,"08W215","08",Neukölln,"215",W,2L,2,82,W,1009,750,259,0,419,15,416,3,51,43,140,128,14,5,7,6,1,0,1,2,0,0,0,0,0,0,0,0,1,0,0,0,0,0,2,1,0,2,5,0,0,0,4,3
Zweitstimme,"08W216","08",Neukölln,"216",W,2M,2,82,W,1014,715,299,0,387,14,387,0,49,29,149,102,22,4,6,9,0,0,0,0,0,3,1,0,0,1,0,3,0,0,0,0,0,0,1,0,0,0,2,0,1,0,3,2
Zweitstimme,"08W217","08",Neukölln,"217",W,2N,2,82,W,1092,805,287,0,409,9,407,2,49,47,144,105,16,6,9,3,2,1,0,1,2,0,0,0,0,2,0,8,0,0,0,0,0,0,3,1,0,0,5,0,0,1,1,1
Zweitstimme,"08W218","08",Neukölln,"218",W,2P,2,82,W,1026,746,280,0,359,0,357,1,56,29,114,97,15,3,8,10,0,3,0,1,0,1,1,0,0,1,0,2,1,0,0,0,0,0,2,0,0,1,2,0,0,0,7,3
Zweitstimme,"08W219","08",Neukölln,"219",W,2Q,2,82,W,1010,727,283,0,373,3,371,2,55,52,112,87,19,6,4,7,1,1,0,1,0,2,0,0,0,2,1,3,0,0,0,1,0,0,1,0,0,0,3,0,2,1,4,6
Zweitstimme,"08W220","08",Neukölln,"220",W,2R,2,82,W,1071,759,312,0,348,0,348,0,47,25,132,79,19,9,10,11,2,0,0,0,0,1,0,0,0,0,1,3,0,0,0,0,0,0,2,0,0,0,1,0,1,1,2,2
Zweitstimme,"08W221","08",Neukölln,"221",W,2S,2,82,W,1037,718,319,0,317,14,316,1,42,19,121,88,9,5,7,6,2,0,1,0,0,0,0,0,0,1,0,1,0,0,0,0,0,0,0,0,0,0,1,0,0,2,9,2
Zweitstimme,"08W222","08",Neukölln,"222",W,2T,2,82,W,1020,740,280,0,282,6,282,0,24,32,90,96,11,3,4,7,1,1,1,0,0,1,1,0,0,1,0,2,0,0,0,0,0,0,1,0,0,0,2,0,0,0,1,3
Zweitstimme,"08W223","08",Neukölln,"223",W,2U,2,82,W,1023,912,111,0,240,2,238,2,48,65,29,51,17,5,5,5,0,0,0,1,0,2,0,0,0,0,1,0,1,0,0,0,0,0,2,0,0,0,1,0,0,0,5,0
Zweitstimme,"08W224","08",Neukölln,"224",W,2U,2,82,W,1110,903,207,0,328,2,323,5,56,58,58,85,34,5,2,5,0,2,0,0,0,0,1,0,0,0,0,1,0,0,0,0,0,0,2,0,0,0,2,0,0,0,10,2
Zweitstimme,"08W225","08",Neukölln,"225",W,2V,2,82,W,993,739,254,0,327,6,318,9,61,51,92,68,12,6,6,7,2,0,0,0,0,0,0,0,0,0,0,1,0,0,0,1,0,0,0,0,0,0,2,0,2,0,4,3
Zweitstimme,"08W226","08",Neukölln,"226",W,2W,2,82,W,951,675,276,0,334,5,331,3,41,16,113,106,14,6,13,4,1,0,1,0,0,2,0,0,0,0,0,0,0,0,0,0,0,0,3,0,0,0,1,0,1,0,3,6
Zweitstimme,"08W227","08",Neukölln,"227",W,2X,2,82,W,983,700,283,0,374,7,370,3,61,29,125,94,13,7,9,8,0,0,1,0,0,1,0,0,0,0,0,0,2,0,0,1,0,0,5,0,0,0,2,0,0,0,8,4
Zweitstimme,"08W228","08",Neukölln,"228",W,2V,2,82,W,887,641,246,0,278,9,277,1,37,22,88,83,10,4,6,6,2,1,0,0,0,1,1,0,0,0,0,2,0,0,0,2,0,0,1,0,0,0,2,0,0,0,4,5
Zweitstimme,"08W229","08",Neukölln,"229",W,2Y,2,82,W,1085,807,278,0,310,7,306,3,43,31,98,87,9,2,4,9,1,0,0,0,0,0,0,0,0,1,0,2,0,0,0,0,0,0,1,1,0,0,3,0,1,0,11,2
Zweitstimme,"08W230","08",Neukölln,"230",W,2Z,2,82,W,931,676,255,0,314,8,313,1,38,25,102,95,16,9,9,3,1,1,0,0,0,0,0,0,0,0,0,0,2,0,0,1,0,0,2,0,0,0,2,0,0,2,2,3
Zweitstimme,"08W231","08",Neukölln,"231",W,2Z,2,82,W,845,657,188,0,328,9,324,4,55,35,93,92,7,3,4,6,10,2,0,0,1,2,0,1,0,0,0,1,2,0,0,0,0,0,1,0,0,1,3,0,0,0,3,2
Zweitstimme,"08B2A","08",Neukölln,2A,B,2A,2,82,W,0,0,0,0,363,363,363,0,52,34,162,73,6,10,4,8,1,0,0,1,0,1,0,0,0,1,0,1,0,0,0,0,0,0,4,0,0,0,0,0,1,0,1,3
Zweitstimme,"08B2AA","08",Neukölln,2AA,B,2AA,2,82,W,0,0,0,0,231,231,231,0,28,13,92,61,3,6,7,6,0,0,0,0,0,0,0,0,0,0,1,2,0,0,0,0,0,0,4,0,0,0,4,0,1,1,0,2
Zweitstimme,"08B2AB","08",Neukölln,2AB,B,2AB,2,82,W,0,0,0,0,206,206,204,2,23,17,73,48,4,7,7,4,3,2,0,0,0,0,0,0,0,1,0,0,0,0,0,1,0,0,1,0,0,0,1,0,1,1,7,3
Zweitstimme,"08B2B","08",Neukölln,2B,B,2B,2,82,W,0,0,0,0,282,282,280,2,53,14,125,61,8,7,4,2,1,0,0,0,0,0,0,0,0,1,0,0,0,0,0,0,0,0,1,0,0,0,1,0,0,0,0,2
Zweitstimme,"08B2C","08",Neukölln,2C,B,2C,2,82,W,0,0,0,0,249,249,248,1,26,20,108,57,1,2,8,4,0,1,0,0,0,0,0,0,0,2,0,3,0,0,0,0,0,0,7,0,0,0,1,0,1,1,4,2
Zweitstimme,"08B2D","08",Neukölln,2D,B,2D,2,82,W,0,0,0,0,249,249,246,3,34,22,94,45,9,5,4,8,1,0,0,0,0,0,0,0,0,2,0,0,1,0,0,1,0,0,6,0,0,0,5,0,0,0,6,3
Zweitstimme,"08B2E","08",Neukölln,2E,B,2E,2,82,W,0,0,0,0,240,240,239,1,22,13,110,65,4,8,8,0,0,0,0,0,0,0,0,0,0,0,1,0,0,0,0,0,0,0,3,0,0,0,4,0,0,0,0,1
Zweitstimme,"08B2F","08",Neukölln,2F,B,2F,2,82,W,0,0,0,0,301,301,298,3,46,36,116,68,5,8,6,3,0,0,1,0,0,0,0,0,0,0,0,1,0,0,0,0,0,0,1,0,0,1,3,0,0,0,0,3
Zweitstimme,"08B2G","08",Neukölln,2G,B,2G,2,82,W,0,0,0,0,265,265,265,0,40,36,74,70,5,10,9,2,2,0,0,0,0,0,0,0,0,1,0,1,0,0,0,0,0,0,2,0,0,0,3,0,1,0,4,5
Zweitstimme,"08B2H","08",Neukölln,2H,B,2H,2,82,W,0,0,0,0,538,538,535,3,92,75,201,109,7,10,8,7,2,1,0,1,0,1,1,0,0,0,0,2,0,0,0,2,0,0,2,0,0,0,2,0,1,2,4,5
Zweitstimme,"08B2I","08",Neukölln,2I,B,2I,2,82,W,0,0,0,0,297,297,296,1,50,36,111,64,5,5,5,4,0,2,0,1,0,1,0,1,0,0,1,0,0,0,0,2,0,0,1,0,0,0,2,0,1,0,2,2
Zweitstimme,"08B2J","08",Neukölln,2J,B,2J,2,82,W,0,0,0,0,269,269,266,3,30,26,106,65,9,3,8,6,1,1,0,0,0,0,0,0,0,2,0,1,0,0,0,0,0,0,4,0,0,0,3,0,0,0,0,1
Zweitstimme,"08B2K","08",Neukölln,2K,B,2K,2,82,W,0,0,0,0,275,275,273,2,41,21,114,68,5,3,3,4,0,0,0,0,0,0,2,0,0,0,0,1,0,0,0,1,0,0,2,0,0,0,4,0,0,0,0,4
Zweitstimme,"08B2L","08",Neukölln,2L,B,2L,2,82,W,0,0,0,0,227,227,227,0,22,32,106,42,2,1,6,3,1,0,1,0,0,2,0,0,0,1,0,0,0,0,0,2,0,0,3,0,0,0,0,0,0,0,1,2
Zweitstimme,"08B2M","08",Neukölln,2M,B,2M,2,82,W,0,0,0,0,263,263,263,0,30,21,134,58,1,4,4,4,1,0,0,0,0,1,0,0,0,0,1,0,0,0,0,0,0,0,0,0,0,0,1,0,1,0,0,2
Zweitstimme,"08B2N","08",Neukölln,2N,B,2N,2,82,W,0,0,0,0,244,244,243,1,24,16,112,52,9,7,1,5,0,1,0,0,0,1,0,0,0,0,0,1,0,0,0,0,0,0,4,0,0,0,2,0,0,1,0,7
Zweitstimme,"08B2P","08",Neukölln,2P,B,2P,2,82,W,0,0,0,0,233,233,231,2,24,22,77,69,6,5,8,4,1,1,0,1,0,0,0,0,0,3,1,1,1,0,0,0,0,0,0,0,0,0,1,0,2,2,1,1
Zweitstimme,"08B2Q","08",Neukölln,2Q,B,2Q,2,82,W,0,0,0,0,295,295,294,1,34,27,109,66,7,9,9,4,1,2,0,0,0,0,1,0,0,1,0,2,1,0,0,2,0,0,3,1,0,0,3,0,2,2,4,4
Zweitstimme,"08B2R","08",Neukölln,2R,B,2R,2,82,W,0,0,0,0,266,266,266,0,38,21,90,68,8,6,5,7,0,2,0,0,0,1,0,1,0,2,1,0,1,0,0,0,0,0,4,0,0,0,1,0,1,3,0,6
Zweitstimme,"08B2S","08",Neukölln,2S,B,2S,2,82,W,0,0,0,0,278,278,277,1,39,33,118,51,13,3,6,0,2,0,0,0,0,1,0,0,0,0,1,0,0,0,0,1,0,0,0,0,0,0,4,0,2,0,1,2
Zweitstimme,"08B2T","08",Neukölln,2T,B,2T,2,82,W,0,0,0,0,249,249,249,0,23,26,110,50,13,6,4,5,0,0,0,0,0,0,0,0,0,3,0,0,0,0,0,0,0,0,4,0,0,0,0,0,1,1,0,3
Zweitstimme,"08B2U","08",Neukölln,2U,B,2U,2,82,W,0,0,0,0,286,286,284,2,81,26,61,74,13,5,8,2,0,1,0,0,0,1,0,0,0,0,0,0,0,0,0,1,0,0,4,0,0,0,1,0,1,0,4,1
Zweitstimme,"08B2V","08",Neukölln,2V,B,2V,2,82,W,0,0,0,0,412,412,409,3,68,42,147,102,16,3,11,3,1,0,0,0,0,1,0,0,0,1,1,1,0,0,0,0,0,0,4,0,0,1,1,0,2,1,1,2
Zweitstimme,"08B2W","08",Neukölln,2W,B,2W,2,82,W,0,0,0,0,235,235,235,0,28,18,112,51,5,6,3,3,0,0,0,0,0,0,1,0,0,0,0,1,0,0,0,0,0,0,1,0,0,0,3,0,0,1,0,2
Zweitstimme,"08B2X","08",Neukölln,2X,B,2X,2,82,W,0,0,0,0,249,249,249,0,33,20,107,66,4,4,1,4,0,1,0,0,0,0,0,0,0,0,1,2,0,0,0,0,0,0,1,0,0,0,2,0,1,0,0,2
Zweitstimme,"08B2Y","08",Neukölln,2Y,B,2Y,2,82,W,0,0,0,0,248,248,244,4,34,29,75,60,12,6,5,8,0,0,0,0,0,0,0,0,0,1,1,0,0,0,0,1,0,0,2,0,0,0,6,0,0,0,3,1
Zweitstimme,"08B2Z","08",Neukölln,2Z,B,2Z,2,82,W,0,0,0,0,387,387,386,1,40,22,162,114,4,10,7,6,0,2,0,1,0,1,0,0,0,1,0,0,0,0,0,0,0,0,2,0,0,0,2,0,2,0,1,9
Zweitstimme,"08W301","08",Neukölln,"301",W,3A,3,82,W,889,615,274,0,335,6,332,3,43,31,133,85,17,6,5,4,1,0,0,0,0,0,0,0,0,0,0,1,0,0,0,1,0,0,1,0,0,0,3,0,0,1,0,0
Zweitstimme,"08W302","08",Neukölln,"302",W,3B,3,82,W,917,641,276,0,309,3,307,1,40,28,115,77,13,5,4,7,1,0,0,0,0,0,1,0,0,2,0,5,1,0,0,0,0,0,0,0,0,1,3,0,0,0,2,2
Zweitstimme,"08W303","08",Neukölln,"303",W,3C,3,82,W,998,728,270,0,312,10,303,4,48,21,100,90,15,6,8,4,0,0,0,0,0,0,2,0,0,1,2,3,0,0,0,0,0,0,2,0,0,0,0,0,0,0,0,1
Zweitstimme,"08W304","08",Neukölln,"304",W,3D,3,82,W,975,676,299,0,347,6,345,2,54,30,128,86,17,3,11,4,3,1,0,0,0,0,0,0,0,0,0,0,0,0,0,0,0,0,1,1,0,0,1,0,0,0,1,4
Zweitstimme,"08W305","08",Neukölln,"305",W,3E,3,82,W,991,764,227,0,318,7,315,3,35,32,103,85,12,2,9,12,3,0,0,2,0,0,1,0,0,0,0,2,0,0,0,1,0,0,1,0,0,0,0,0,0,4,11,0
Zweitstimme,"08W306","08",Neukölln,"306",W,3A,3,82,W,894,614,280,0,335,0,328,7,61,23,103,85,15,2,13,8,1,2,1,0,0,2,1,0,0,0,0,1,0,0,0,0,0,0,2,0,0,0,1,0,0,3,1,3
Zweitstimme,"08W307","08",Neukölln,"307",W,3E,3,82,W,957,696,261,0,289,7,287,2,47,16,87,88,15,4,5,4,4,2,0,2,0,1,1,0,0,0,1,1,0,0,0,0,0,0,0,0,0,0,1,0,1,2,3,2
Zweitstimme,"08W308","08",Neukölln,"308",W,3F,3,82,W,981,705,276,0,367,8,367,0,56,42,114,111,14,5,11,2,1,1,0,1,0,0,0,0,0,1,0,0,0,0,0,0,0,0,1,0,0,0,1,0,0,2,2,2
Zweitstimme,"08W309","08",Neukölln,"309",W,3G,3,82,W,1148,992,156,0,299,13,296,3,100,67,18,59,18,7,4,4,2,0,0,0,0,1,0,0,0,1,0,1,0,0,0,0,0,0,4,0,0,1,1,0,0,0,6,2
Zweitstimme,"08W310","08",Neukölln,"310",W,3G,3,82,W,948,865,83,0,219,0,218,1,76,54,9,28,20,5,1,8,0,0,0,1,1,0,0,0,0,0,0,0,1,0,0,0,0,0,0,0,0,0,0,0,1,0,13,0
Zweitstimme,"08W311","08",Neukölln,"311",W,3G,3,82,W,941,590,351,0,358,0,350,8,74,114,50,40,27,12,7,12,0,1,0,0,0,0,1,0,0,0,0,4,0,0,0,0,0,0,0,0,0,3,1,0,0,1,2,1
Zweitstimme,"08W312","08",Neukölln,"312",W,3H,3,82,W,1254,1083,171,0,303,0,301,2,84,79,15,40,39,8,5,3,0,1,0,1,0,1,0,0,0,1,0,2,0,0,0,1,0,0,3,0,0,1,0,0,1,0,14,2
Zweitstimme,"08W313","08",Neukölln,"313",W,3H,3,82,W,1211,1040,171,0,234,1,226,8,77,74,10,25,18,4,0,0,2,0,0,0,0,0,0,0,0,0,0,1,1,0,0,2,0,0,1,0,0,0,0,0,0,0,10,1
Zweitstimme,"08W314","08",Neukölln,"314",W,3H,3,82,W,1206,1060,146,0,207,1,203,2,67,42,11,29,27,5,0,4,1,1,1,2,0,1,0,1,0,0,0,1,0,0,0,1,0,0,1,0,0,0,0,0,0,0,8,0
Zweitstimme,"08W315","08",Neukölln,"315",W,3I,3,82,W,1265,936,329,0,223,4,220,3,35,30,42,67,14,5,1,3,1,1,0,2,0,2,0,0,0,0,1,2,0,0,0,2,0,0,3,0,0,0,0,0,0,0,5,4
Zweitstimme,"08W316","08",Neukölln,"316",W,3I,3,82,W,993,737,256,0,275,0,270,5,69,75,31,23,35,6,1,7,2,2,1,1,0,0,0,0,0,0,0,4,1,0,0,1,0,0,0,0,0,0,1,0,1,1,7,1
Zweitstimme,"08W317","08",Neukölln,"317",W,3J,3,82,W,901,596,305,0,289,2,286,3,70,102,24,18,42,7,1,8,0,3,0,1,0,0,0,0,0,0,0,4,3,0,0,1,0,0,0,0,0,0,0,0,0,0,2,0
Zweitstimme,"08W318","08",Neukölln,"318",W,3J,3,82,W,981,684,297,0,297,0,296,0,55,86,63,25,30,13,0,9,0,2,0,1,0,0,0,0,0,0,0,1,0,0,0,1,0,0,0,0,0,0,0,0,2,2,5,1
Zweitstimme,"08W319","08",Neukölln,"319",W,3K,3,82,W,1048,782,266,0,289,4,285,4,84,76,27,28,23,9,3,8,1,0,1,1,0,0,0,0,0,0,1,2,1,0,0,1,0,0,1,0,0,0,0,0,0,1,15,2
Zweitstimme,"08W320","08",Neukölln,"320",W,3K,3,82,W,1160,934,226,0,317,5,311,2,61,68,50,51,33,4,7,14,0,0,0,3,0,1,0,0,0,0,0,2,0,0,0,0,0,0,2,0,0,1,3,0,0,2,8,1
Zweitstimme,"08W321","08",Neukölln,"321",W,3L,3,82,W,1266,972,294,0,271,1,260,5,71,89,13,23,38,5,4,4,1,0,0,0,0,0,0,0,0,0,1,1,0,0,0,1,0,0,2,0,0,0,0,0,1,1,4,1
Zweitstimme,"08W322","08",Neukölln,"322",W,3M,3,82,W,1294,1015,279,0,267,0,260,6,67,75,25,24,33,7,4,6,3,2,0,1,0,0,0,0,0,0,0,1,0,0,0,2,0,0,0,0,0,0,2,0,1,0,7,0
Zweitstimme,"08W323","08",Neukölln,"323",W,3N,3,82,W,922,604,318,0,197,2,191,6,55,50,19,26,15,4,3,9,1,1,1,1,0,0,0,0,0,0,0,0,0,0,0,1,0,0,2,0,0,0,0,0,0,1,1,1
Zweitstimme,"08W324","08",Neukölln,"324",W,3P,3,82,W,1198,874,324,0,293,4,290,1,66,59,46,51,26,10,4,11,0,0,0,0,0,2,0,0,0,0,0,2,0,0,0,1,0,0,1,0,0,0,1,0,0,0,10,0
Zweitstimme,"08W325","08",Neukölln,"325",W,3P,3,82,W,977,809,168,0,297,2,293,3,40,52,61,60,21,12,2,12,1,0,0,0,0,1,1,0,0,0,0,1,0,0,0,2,0,0,1,1,0,2,2,0,1,4,12,4
Zweitstimme,"08W326","08",Neukölln,"326",W,3Q,3,82,W,1066,841,225,0,335,8,331,1,50,46,102,94,18,9,0,2,0,0,1,0,0,1,0,0,0,0,0,0,0,0,0,1,0,0,1,0,0,0,3,0,0,0,3,0
Zweitstimme,"08W327","08",Neukölln,"327",W,3R,3,82,W,1639,1143,496,0,502,0,496,6,105,72,158,92,14,22,6,3,2,1,0,1,0,1,0,0,0,0,1,2,1,0,0,0,0,0,0,0,0,0,4,0,0,1,5,5
Zweitstimme,"08W328","08",Neukölln,"328",W,3S,3,82,W,929,692,237,0,271,11,270,1,36,36,85,57,16,6,6,5,1,1,0,1,1,1,0,0,0,0,0,1,2,0,0,1,0,0,1,0,0,0,2,0,2,0,7,2
Zweitstimme,"08W329","08",Neukölln,"329",W,3S,3,82,W,809,636,173,0,190,0,188,2,31,29,55,38,9,4,4,2,1,0,1,0,0,0,1,0,0,2,0,1,0,0,0,0,0,0,1,0,0,0,0,0,0,0,5,4
Zweitstimme,"08W330","08",Neukölln,"330",W,3Q,3,82,W,1036,739,297,0,296,7,295,1,40,37,73,67,24,13,9,11,1,1,0,3,0,3,0,0,0,0,0,2,1,0,0,1,0,0,0,0,0,1,2,0,0,1,2,3
Zweitstimme,"08W331","08",Neukölln,"331",W,3N,3,82,W,972,717,255,0,305,1,301,4,49,58,75,61,18,9,5,4,0,0,0,1,0,0,0,0,0,1,0,1,0,0,0,1,0,0,2,0,0,0,1,0,0,0,7,8
Zweitstimme,"08B3A","08",Neukölln,3A,B,3A,3,82,W,0,0,0,0,499,499,498,1,78,54,204,100,13,7,15,10,3,2,0,0,0,0,0,0,0,1,0,0,0,0,0,0,0,0,3,0,0,0,4,0,0,0,1,3
Zweitstimme,"08B3B","08",Neukölln,3B,B,3B,3,82,W,0,0,0,0,265,265,265,0,32,39,95,56,7,5,6,7,1,3,0,0,0,0,0,0,0,1,0,0,1,0,0,0,0,0,1,0,0,0,3,0,0,0,2,6
Zweitstimme,"08B3C","08",Neukölln,3C,B,3C,3,82,W,0,0,0,0,243,243,242,1,31,20,100,62,3,3,5,6,0,0,0,0,0,0,1,0,0,2,0,0,0,0,0,0,0,0,3,0,0,0,1,0,0,0,2,3
Zweitstimme,"08B3D","08",Neukölln,3D,B,3D,3,82,W,0,0,0,0,267,267,267,0,49,25,102,55,10,4,7,3,3,0,0,0,0,0,0,0,0,1,0,0,0,0,0,1,0,0,2,0,0,0,1,0,1,0,0,3
Zweitstimme,"08B3E","08",Neukölln,3E,B,3E,3,82,W,0,0,0,0,424,424,421,3,53,22,169,112,13,10,10,9,0,0,0,0,0,2,0,0,0,3,1,1,1,0,0,2,0,0,4,0,0,0,1,0,0,2,1,5
Zweitstimme,"08B3F","08",Neukölln,3F,B,3F,3,82,W,0,0,0,0,240,240,239,1,27,13,124,46,8,4,1,5,1,1,0,0,0,0,0,0,0,0,0,2,0,0,0,0,0,0,1,0,0,1,2,0,0,1,1,1
Zweitstimme,"08B3G","08",Neukölln,3G,B,3G,3,82,W,0,0,0,0,501,501,496,4,125,183,50,43,34,15,6,7,2,7,1,2,0,1,1,1,0,1,0,1,0,0,0,3,0,0,2,0,0,2,0,0,5,2,2,0
Zweitstimme,"08B3H","08",Neukölln,3H,B,3H,3,82,W,0,0,0,0,410,410,406,4,124,130,34,36,25,10,6,12,0,2,0,1,0,1,0,0,0,0,0,0,0,0,0,3,0,0,2,0,0,0,2,0,1,15,0,2
Zweitstimme,"08B3I","08",Neukölln,3I,B,3I,3,82,W,0,0,0,0,514,514,512,2,108,120,92,77,43,10,7,16,3,2,0,2,1,1,0,1,0,2,1,3,0,0,0,1,0,0,3,0,0,1,4,0,1,1,4,8
Zweitstimme,"08B3J","08",Neukölln,3J,B,3J,3,82,W,0,0,0,0,524,524,523,1,131,169,84,32,32,14,9,19,1,5,0,2,0,0,0,1,0,0,0,1,2,0,0,1,0,0,6,0,0,1,2,0,2,2,3,4
Zweitstimme,"08B3K","08",Neukölln,3K,B,3K,3,82,W,0,0,0,0,431,431,430,1,113,126,67,50,20,13,3,12,0,1,0,1,2,2,0,0,0,1,1,2,1,0,0,0,0,0,2,0,0,0,2,0,6,1,2,2
Zweitstimme,"08B3L","08",Neukölln,3L,B,3L,3,82,W,0,0,0,0,260,260,256,3,66,102,12,8,29,11,4,9,3,3,0,0,0,1,0,0,0,0,0,2,0,0,0,0,0,0,1,0,0,0,0,0,2,0,3,0
Zweitstimme,"08B3M","08",Neukölln,3M,B,3M,3,82,W,0,0,0,0,236,236,233,3,62,80,20,17,20,11,1,6,1,3,0,3,0,0,0,0,0,0,0,0,0,0,0,1,0,0,0,0,0,2,1,0,0,1,2,2
Zweitstimme,"08B3N","08",Neukölln,3N,B,3N,3,82,W,0,0,0,0,503,503,500,3,100,150,82,62,37,15,6,10,4,2,0,1,0,1,0,0,0,0,0,2,1,0,0,3,0,0,3,0,0,2,2,0,2,2,8,5
Zweitstimme,"08B3P","08",Neukölln,3P,B,3P,3,82,W,0,0,0,0,428,428,425,3,84,85,96,85,22,17,6,2,1,2,0,0,0,1,0,0,0,2,0,0,1,0,0,1,0,0,7,0,0,2,4,0,0,0,3,4
Zweitstimme,"08B3Q","08",Neukölln,3Q,B,3Q,3,82,W,0,0,0,0,464,464,459,5,70,72,115,105,30,10,11,14,2,2,0,0,0,4,0,0,0,1,1,2,0,0,0,2,0,0,6,0,0,0,5,0,2,0,1,4
Zweitstimme,"08B3R","08",Neukölln,3R,B,3R,3,82,W,0,0,0,0,446,446,445,1,100,72,150,67,11,8,6,10,1,0,0,2,0,0,0,0,0,0,1,0,0,0,0,1,0,0,0,1,0,0,5,0,2,2,0,6
Zweitstimme,"08B3S","08",Neukölln,3S,B,3S,3,82,W,0,0,0,0,352,352,352,0,52,46,110,72,14,11,8,12,2,1,0,0,0,0,0,0,0,2,0,1,1,0,0,0,0,0,2,0,0,0,6,0,1,2,2,7
Zweitstimme,"08W401","08",Neukölln,"401",W,4A,4,82,W,1066,702,364,0,306,0,302,4,88,122,17,17,27,8,3,9,0,0,0,1,0,1,0,0,0,0,0,0,0,0,0,3,0,0,1,0,0,0,0,0,0,1,1,3
Zweitstimme,"08W402","08",Neukölln,"402",W,4B,4,82,W,1046,698,348,0,321,7,315,6,83,115,27,8,35,13,7,14,0,2,1,0,0,1,1,0,0,0,0,2,0,0,0,0,0,0,2,0,0,0,0,0,1,0,2,1
Zweitstimme,"08W403","08",Neukölln,"403",W,4B,4,82,W,1132,878,254,0,336,8,327,5,71,106,20,27,54,11,7,12,3,1,1,2,0,0,0,0,0,0,0,1,0,0,0,2,0,0,0,0,0,0,4,0,2,1,1,1
Zweitstimme,"08W404","08",Neukölln,"404",W,4C,4,82,W,1079,636,443,0,295,5,286,9,84,122,11,11,27,11,1,8,0,1,0,3,0,0,0,0,0,0,0,4,0,0,0,1,0,0,0,0,0,2,0,0,0,0,0,0
Zweitstimme,"08W405","08",Neukölln,"405",W,4D,4,82,W,1110,786,324,0,297,0,294,3,75,109,10,16,41,12,4,8,2,1,0,0,1,0,0,0,0,0,0,2,2,0,0,0,0,0,0,0,0,1,1,0,0,2,7,0
Zweitstimme,"08W406","08",Neukölln,"406",W,4E,4,82,W,1189,788,401,0,355,0,348,7,94,127,23,19,49,10,6,6,0,2,0,1,0,0,0,0,0,0,0,4,0,0,0,2,0,0,2,0,0,1,0,0,0,1,1,0
Zweitstimme,"08W407","08",Neukölln,"407",W,4F,4,82,W,1165,717,448,0,285,1,281,4,67,104,19,19,38,13,2,2,3,0,1,1,1,0,0,0,0,0,0,3,1,0,0,3,0,0,0,0,0,0,0,0,1,1,0,2
Zweitstimme,"08W408","08",Neukölln,"408",W,4G,4,82,W,878,583,295,0,297,0,289,6,62,97,36,24,38,8,4,4,1,1,1,1,0,0,0,0,0,0,0,0,0,0,0,4,0,0,0,0,0,0,0,0,0,0,4,4
Zweitstimme,"08W409","08",Neukölln,"409",W,4G,4,82,W,952,637,315,0,358,4,357,1,79,170,19,19,31,17,2,6,1,0,0,2,0,0,0,0,0,0,0,0,1,0,0,0,0,0,0,1,0,2,0,0,1,0,6,0
Zweitstimme,"08W410","08",Neukölln,"410",W,4H,4,82,W,1003,635,368,0,374,0,372,2,85,177,31,17,27,14,2,10,0,1,1,0,0,0,0,0,0,0,0,0,0,0,0,0,0,0,0,1,0,0,2,0,1,0,3,0
Zweitstimme,"08W411","08",Neukölln,"411",W,4I,4,82,W,1003,575,428,0,331,6,331,0,61,185,15,9,27,19,1,5,1,1,0,1,0,0,0,0,0,0,0,0,1,0,0,0,0,0,0,2,0,1,0,0,0,0,0,2
Zweitstimme,"08W412","08",Neukölln,"412",W,4J,4,82,W,1053,655,398,0,303,2,297,5,63,130,17,17,35,5,0,13,1,0,0,2,0,0,0,0,0,0,1,2,0,0,0,0,0,0,0,0,0,2,1,0,2,0,3,3
Zweitstimme,"08W413","08",Neukölln,"413",W,4K,4,82,W,1083,745,338,0,308,0,304,4,89,122,14,14,30,8,4,12,1,0,0,1,1,0,0,0,0,0,1,1,0,0,0,0,0,0,0,0,0,0,0,0,0,0,4,2
Zweitstimme,"08W414","08",Neukölln,"414",W,4L,4,82,W,967,683,284,0,287,0,282,3,93,109,14,14,23,9,1,4,0,1,0,4,0,0,0,0,0,0,0,1,0,0,0,0,0,0,0,2,0,1,0,0,0,1,5,0
Zweitstimme,"08W415","08",Neukölln,"415",W,4M,4,82,W,1287,1018,269,0,319,1,317,2,84,122,13,11,47,14,2,5,0,4,0,0,2,0,0,0,0,0,0,0,2,0,0,0,0,0,0,2,0,1,0,0,2,0,6,0
Zweitstimme,"08W416","08",Neukölln,"416",W,4N,4,82,W,1098,766,332,0,345,5,339,3,89,141,11,12,49,16,2,4,0,1,1,0,0,0,0,0,0,0,1,1,1,0,0,1,0,0,0,0,0,2,1,0,0,0,5,1
Zweitstimme,"08W417","08",Neukölln,"417",W,4P,4,82,W,1042,786,256,0,310,0,306,4,93,122,7,19,34,6,1,10,0,0,0,3,0,0,1,0,0,0,0,1,1,0,0,1,0,0,0,0,0,0,0,0,0,0,7,0
Zweitstimme,"08W418","08",Neukölln,"418",W,4Q,4,82,W,1067,723,344,0,285,1,285,0,65,138,11,22,24,10,2,5,0,3,0,0,0,0,0,0,0,0,0,0,0,0,0,0,0,0,0,0,0,1,0,0,0,0,4,0
Zweitstimme,"08W419","08",Neukölln,"419",W,4R,4,82,W,1175,861,314,0,370,2,366,4,113,141,11,22,49,13,0,5,1,0,2,3,0,0,0,0,0,0,0,1,0,0,0,3,0,0,0,0,0,0,0,0,0,0,2,0
Zweitstimme,"08W420","08",Neukölln,"420",W,4S,4,82,W,1045,791,254,0,309,1,307,2,81,106,13,18,51,12,1,15,0,0,1,2,0,0,1,1,0,0,0,1,0,0,0,0,0,0,0,0,0,0,0,0,2,0,1,1
Zweitstimme,"08W421","08",Neukölln,"421",W,4T,4,82,W,1077,959,118,0,206,0,200,6,71,54,8,19,24,5,2,2,0,1,2,0,0,1,0,1,0,0,0,0,0,0,0,1,0,0,0,0,0,2,0,0,0,0,7,0
Zweitstimme,"08W422","08",Neukölln,"422",W,4U,4,82,W,1058,811,247,0,288,2,280,8,80,111,12,18,36,3,5,7,0,0,1,0,0,0,0,0,0,0,0,1,0,0,0,2,0,0,1,0,0,0,0,0,1,1,1,0
Zweitstimme,"08W423","08",Neukölln,"423",W,4T,4,82,W,897,680,217,0,306,3,302,4,96,108,9,23,31,14,1,8,0,0,0,0,0,0,0,0,0,0,1,1,0,0,0,1,0,0,0,1,0,0,0,0,0,0,6,2
Zweitstimme,"08W424","08",Neukölln,"424",W,4V,4,82,W,964,731,233,0,276,4,269,7,80,91,10,13,50,7,5,2,0,0,0,0,0,1,2,0,0,0,0,0,0,0,0,0,0,0,1,0,0,0,0,0,1,0,6,0
Zweitstimme,"08W425","08",Neukölln,"425",W,4V,4,82,W,1085,830,255,0,240,10,237,3,51,76,11,20,51,5,4,7,2,0,0,0,1,0,0,0,0,0,0,1,0,0,0,1,0,0,0,0,0,1,0,0,1,1,3,1
Zweitstimme,"08W426","08",Neukölln,"426",W,4W,4,82,W,877,668,208,1,240,1,236,4,51,101,9,13,35,13,2,5,0,2,0,0,0,0,0,0,0,0,0,1,0,0,0,0,0,0,0,0,0,0,0,0,0,0,3,1
Zweitstimme,"08W427","08",Neukölln,"427",W,4X,4,82,W,1022,669,353,0,280,6,277,3,66,123,14,6,43,11,2,5,0,1,1,0,1,0,0,0,0,0,0,1,0,0,0,1,0,0,0,0,0,1,0,0,1,0,0,0
Zweitstimme,"08W428","08",Neukölln,"428",W,4Y,4,82,W,1063,759,304,0,319,1,314,5,95,116,8,13,46,11,0,10,3,0,1,2,0,0,0,1,0,0,1,2,1,0,0,1,0,0,0,0,0,0,0,0,0,0,3,0
Zweitstimme,"08W429","08",Neukölln,"429",W,4Z,4,82,W,864,701,163,0,301,0,297,3,86,118,9,8,50,6,1,5,0,4,0,0,0,0,0,0,0,0,0,0,1,0,0,3,0,0,0,0,0,1,0,0,0,0,5,0
Zweitstimme,"08W430","08",Neukölln,"430",W,4Z,4,82,W,908,643,265,0,290,0,285,5,62,154,11,9,25,9,2,6,2,0,0,0,0,0,0,0,0,0,1,0,0,0,0,0,0,0,2,0,0,0,0,0,0,0,2,0
Zweitstimme,"08W431","08",Neukölln,"431",W,4W,4,82,W,1194,1005,189,0,269,2,261,8,84,64,19,25,43,9,4,4,1,1,0,0,0,0,0,0,0,0,0,0,0,0,0,0,0,0,0,0,0,1,0,0,1,0,3,2
Zweitstimme,"08B4A","08",Neukölln,4A,B,4A,4,82,W,0,0,0,0,325,325,320,5,86,137,29,18,15,11,5,11,0,2,1,1,0,0,1,0,0,0,0,2,0,0,0,1,0,0,0,0,0,0,0,0,0,0,0,0
Zweitstimme,"08B4B","08",Neukölln,4B,B,4B,4,82,W,0,0,0,0,524,524,521,3,133,185,58,32,49,20,7,22,1,1,0,1,0,0,0,0,0,0,0,0,0,0,0,0,0,0,3,0,0,2,1,0,3,0,2,1
Zweitstimme,"08B4C","08",Neukölln,4C,B,4C,4,82,W,0,0,0,0,383,383,378,5,118,177,17,6,35,12,1,4,1,2,0,0,0,0,0,0,0,0,0,3,0,0,0,1,0,0,0,0,0,0,0,0,0,0,0,1
Zweitstimme,"08B4D","08",Neukölln,4D,B,4D,4,82,W,0,0,0,0,282,282,279,3,73,137,16,11,22,11,1,3,0,2,0,1,0,0,0,0,0,0,0,0,0,0,0,1,0,0,0,0,0,0,1,0,0,0,0,0
Zweitstimme,"08B4E","08",Neukölln,4E,B,4E,4,82,W,0,0,0,0,344,344,340,4,84,126,31,13,29,21,3,12,1,1,1,0,0,0,0,0,0,0,1,2,4,0,0,2,0,0,0,0,0,3,0,0,0,1,2,3
Zweitstimme,"08B4F","08",Neukölln,4F,B,4F,4,82,W,0,0,0,0,407,407,403,3,105,179,30,16,27,20,1,7,2,5,1,1,0,0,0,0,0,0,0,0,0,0,0,4,0,0,0,0,0,1,1,0,1,0,0,2
Zweitstimme,"08B4G","08",Neukölln,4G,B,4G,4,82,W,0,0,0,0,556,556,553,3,121,255,41,21,49,32,1,12,3,7,1,0,0,0,0,1,0,0,0,2,0,0,0,3,0,0,0,0,0,0,0,0,0,1,3,0
Zweitstimme,"08B4H","08",Neukölln,4H,B,4H,4,82,W,0,0,0,0,334,334,334,0,88,172,14,11,21,15,0,4,3,1,0,1,0,0,0,0,0,0,0,0,0,0,0,1,0,0,1,1,0,0,0,0,0,0,0,1
Zweitstimme,"08B4I","08",Neukölln,4I,B,4I,4,82,W,0,0,0,0,388,388,388,0,85,208,21,7,28,19,3,5,1,1,0,3,0,0,0,0,0,0,0,3,1,0,0,0,0,0,0,0,0,1,2,0,0,0,0,0
Zweitstimme,"08B4J","08",Neukölln,4J,B,4J,4,82,W,0,0,0,0,351,351,350,0,93,180,19,14,21,10,0,3,0,2,0,0,0,0,0,0,0,0,0,0,1,0,0,1,0,0,0,0,0,1,1,0,1,0,3,0
Zweitstimme,"08B4K","08",Neukölln,4K,B,4K,4,82,W,0,0,0,0,314,314,309,4,97,124,19,19,22,5,2,15,1,0,0,0,0,0,0,0,0,0,1,0,0,0,0,0,0,0,0,0,0,0,0,0,2,0,1,1
Zweitstimme,"08B4L","08",Neukölln,4L,B,4L,4,82,W,0,0,0,0,256,256,254,2,74,113,12,9,15,13,3,5,0,0,0,0,0,0,0,0,0,0,0,0,1,0,0,0,0,0,0,0,0,1,0,0,2,0,6,0
Zweitstimme,"08B4M","08",Neukölln,4M,B,4M,4,82,W,0,0,0,0,236,236,234,2,63,107,10,10,22,8,0,6,0,1,0,0,0,0,0,0,0,0,0,0,0,0,0,0,0,0,0,0,0,1,1,0,2,1,2,0
Zweitstimme,"08B4N","08",Neukölln,4N,B,4N,4,82,W,0,0,0,0,281,281,280,1,89,111,17,8,20,16,2,8,2,2,0,0,0,0,0,0,0,0,0,1,0,0,0,0,0,0,0,0,0,0,0,0,1,0,2,1
Zweitstimme,"08B4P","08",Neukölln,4P,B,4P,4,82,W,0,0,0,0,218,218,215,2,77,79,6,5,21,7,2,6,1,1,0,0,0,0,0,0,0,0,1,1,1,0,0,1,0,0,1,0,0,1,0,0,0,0,2,2
Zweitstimme,"08B4Q","08",Neukölln,4Q,B,4Q,4,82,W,0,0,0,0,315,315,312,3,110,132,20,11,17,5,1,7,2,1,1,0,0,0,2,0,0,0,0,0,0,0,0,0,0,0,0,0,0,0,0,0,2,0,0,1
Zweitstimme,"08B4R","08",Neukölln,4R,B,4R,4,82,W,0,0,0,0,272,272,272,0,92,111,4,10,21,12,0,10,3,2,0,1,0,0,0,0,0,1,0,0,0,0,0,1,0,0,0,0,0,1,1,0,1,0,1,0
Zweitstimme,"08B4S","08",Neukölln,4S,B,4S,4,82,W,0,0,0,0,225,225,221,4,70,111,6,5,12,3,0,4,0,2,0,1,0,0,0,0,0,0,0,0,2,0,0,0,0,0,0,0,0,2,0,0,0,0,3,0
Zweitstimme,"08B4T","08",Neukölln,4T,B,4T,4,82,W,0,0,0,0,283,283,281,2,87,98,9,22,37,10,2,6,1,3,0,0,0,0,0,0,0,0,0,0,0,0,0,2,0,0,1,0,0,0,1,0,0,0,2,0
Zweitstimme,"08B4U","08",Neukölln,4U,B,4U,4,82,W,0,0,0,0,221,221,220,1,72,76,6,8,34,4,1,4,1,2,0,0,0,0,0,0,0,0,0,0,0,0,0,3,0,0,0,1,0,2,0,0,1,0,5,0
Zweitstimme,"08B4V","08",Neukölln,4V,B,4V,4,82,W,0,0,0,0,416,416,412,4,139,147,12,12,46,12,3,18,0,4,2,2,0,0,0,0,0,0,0,2,0,0,0,4,0,0,1,1,0,1,0,0,3,0,3,0
Zweitstimme,"08B4W","08",Neukölln,4W,B,4W,4,82,W,0,0,0,0,354,354,350,4,85,145,20,13,45,13,5,9,1,2,0,0,0,0,0,0,0,0,1,1,1,0,0,2,0,0,0,0,0,4,0,0,1,0,0,2
Zweitstimme,"08B4X","08",Neukölln,4X,B,4X,4,82,W,0,0,0,0,250,250,249,1,85,102,8,4,21,10,3,9,0,1,0,1,0,0,0,0,0,0,0,2,0,0,0,0,0,0,0,0,0,1,1,0,0,0,1,0
Zweitstimme,"08B4Y","08",Neukölln,4Y,B,4Y,4,82,W,0,0,0,0,267,267,266,1,93,102,6,8,29,3,1,7,2,1,0,1,1,0,0,0,0,0,0,0,1,0,0,2,0,0,0,0,0,0,0,0,2,0,7,0
Zweitstimme,"08B4Z","08",Neukölln,4Z,B,4Z,4,82,W,0,0,0,0,380,380,373,7,122,158,17,6,22,13,2,15,0,7,0,1,2,0,0,0,0,0,0,0,0,0,0,2,0,0,0,0,0,0,1,0,0,1,2,2
Zweitstimme,"08W501","08",Neukölln,"501",W,5A,5,82,W,1066,804,262,0,265,5,262,2,58,95,34,20,26,10,3,7,0,0,0,0,0,0,0,0,0,0,0,1,0,0,0,0,0,0,1,0,0,0,0,0,0,0,6,1
Zweitstimme,"08W502","08",Neukölln,"502",W,5AA,5,82,W,1019,739,280,0,362,3,358,4,83,88,56,46,42,13,3,13,2,1,0,0,0,2,0,0,0,0,0,0,1,0,0,1,0,0,0,0,0,2,0,0,0,1,3,1
Zweitstimme,"08W503","08",Neukölln,"503",W,5AB,5,82,W,842,494,348,0,313,4,309,4,87,71,53,33,25,10,4,10,0,1,0,1,0,1,0,0,0,0,1,0,0,0,0,0,0,0,2,0,0,2,0,0,1,1,1,5
Zweitstimme,"08W504","08",Neukölln,"504",W,5AC,5,82,W,928,594,334,0,383,1,377,6,103,104,87,30,19,14,4,7,0,1,0,0,0,2,0,0,0,0,0,4,1,0,0,0,0,0,0,0,0,0,0,0,1,0,0,0
Zweitstimme,"08W505","08",Neukölln,"505",W,5B,5,82,W,986,636,350,0,292,0,287,5,79,88,47,18,24,7,2,2,2,1,0,0,0,1,0,0,0,0,2,3,1,0,0,2,0,0,1,0,0,0,0,0,0,1,2,4
Zweitstimme,"08W506","08",Neukölln,"506",W,5C,5,82,W,933,603,330,0,336,4,331,2,76,79,63,26,41,10,6,14,1,1,1,0,0,1,0,0,0,0,0,2,0,0,0,3,0,0,0,0,0,0,1,0,1,1,0,4
Zweitstimme,"08W507","08",Neukölln,"507",W,5D,5,82,W,1035,712,323,0,269,2,265,4,75,76,21,17,48,6,4,6,2,2,0,0,1,0,0,0,0,0,0,1,0,0,0,2,0,0,0,0,0,0,0,0,2,0,0,2
Zweitstimme,"08W508","08",Neukölln,"508",W,5E,5,82,W,1221,875,346,0,297,3,295,2,69,81,14,26,58,14,6,13,0,1,0,1,0,0,0,0,0,0,0,0,0,0,0,3,0,0,1,0,0,2,0,0,0,0,4,2
Zweitstimme,"08W509","08",Neukölln,"509",W,5F,5,82,W,1190,634,556,0,382,5,381,1,83,145,55,22,23,30,1,9,1,1,0,0,0,0,0,0,0,0,0,1,0,0,0,0,0,0,0,0,0,0,1,0,0,0,7,2
Zweitstimme,"08W510","08",Neukölln,"510",W,5G,5,82,W,1005,565,440,0,295,6,291,3,72,106,39,13,24,15,3,6,0,0,0,2,1,0,0,0,0,0,0,5,0,0,0,0,0,0,2,0,0,1,0,0,0,0,2,0
Zweitstimme,"08W511","08",Neukölln,"511",W,5H,5,82,W,965,635,330,0,263,2,261,2,54,105,16,17,36,10,8,4,0,0,2,0,0,0,0,0,0,0,0,1,0,0,0,1,0,0,0,2,0,0,0,0,0,0,3,2
Zweitstimme,"08W512","08",Neukölln,"512",W,5D,5,82,W,1034,755,279,0,414,3,403,8,107,154,20,14,42,23,7,17,1,5,0,2,0,0,0,0,0,0,0,1,1,0,0,1,0,0,1,0,0,0,0,0,0,2,5,0
Zweitstimme,"08W513","08",Neukölln,"513",W,5I,5,82,W,1009,668,341,0,322,12,321,1,84,157,13,2,46,7,0,6,0,1,0,0,0,0,0,0,0,0,0,3,0,0,0,1,0,0,0,0,0,0,0,0,0,0,1,0
Zweitstimme,"08W514","08",Neukölln,"514",W,5J,5,82,W,880,517,363,0,300,0,296,3,76,113,13,10,41,15,3,7,3,2,2,0,0,2,0,0,0,0,0,0,0,0,0,4,0,0,2,0,0,1,0,0,0,0,0,2
Zweitstimme,"08W515","08",Neukölln,"515",W,5K,5,82,W,929,569,360,0,354,3,353,1,70,142,40,17,38,22,3,7,1,1,0,2,0,0,0,0,0,0,0,4,1,0,0,1,0,0,1,0,0,0,1,0,1,0,1,0
Zweitstimme,"08W516","08",Neukölln,"516",W,5L,5,82,W,994,809,185,0,325,0,317,8,75,91,30,27,45,14,3,16,0,0,0,2,0,0,0,1,0,0,0,3,0,0,0,3,0,0,1,0,0,1,1,0,2,0,2,0
Zweitstimme,"08W517","08",Neukölln,"517",W,5L,5,82,W,831,560,271,0,267,5,261,6,46,128,15,11,30,12,2,6,0,2,1,0,0,0,0,0,0,0,0,1,1,0,0,2,0,0,1,1,0,0,0,0,0,0,1,1
Zweitstimme,"08W518","08",Neukölln,"518",W,5M,5,82,W,893,560,333,0,354,1,353,1,111,137,16,12,45,13,2,7,0,0,1,2,0,0,0,0,0,0,2,3,0,0,0,2,0,0,0,0,0,0,0,0,0,0,0,0
Zweitstimme,"08W519","08",Neukölln,"519",W,5N,5,82,W,986,584,402,0,308,1,303,5,77,140,16,10,31,16,3,3,3,1,0,0,0,1,0,0,0,0,1,0,0,0,0,0,0,0,0,0,0,0,0,0,0,0,0,1
Zweitstimme,"08W520","08",Neukölln,"520",W,5P,5,82,W,924,568,356,0,334,0,331,3,61,156,23,6,48,20,3,5,0,4,0,1,0,0,0,0,0,0,0,1,0,0,0,3,0,0,0,0,0,0,0,0,0,0,0,0
Zweitstimme,"08W521","08",Neukölln,"521",W,5Q,5,82,W,926,527,399,0,346,4,341,4,67,174,20,16,35,15,1,5,0,0,0,0,0,0,0,1,0,0,0,2,0,0,0,1,0,0,0,1,0,1,0,0,0,0,2,0
Zweitstimme,"08W522","08",Neukölln,"522",W,5R,5,82,W,868,575,293,0,326,5,323,3,73,133,34,17,30,12,2,8,0,1,0,0,0,0,0,0,0,0,0,5,0,0,0,1,0,0,0,0,0,0,0,0,1,0,2,4
Zweitstimme,"08W523","08",Neukölln,"523",W,5S,5,82,W,958,665,293,0,375,4,369,6,96,162,20,18,31,20,0,7,0,4,0,1,0,0,1,0,0,0,0,2,2,0,0,0,0,0,0,0,0,1,0,0,1,0,2,1
Zweitstimme,"08W524","08",Neukölln,"524",W,5T,5,82,W,904,705,199,0,290,1,287,3,70,114,6,13,41,9,2,10,3,1,0,2,0,0,0,0,0,0,1,1,1,0,0,3,0,0,1,1,0,1,0,0,0,0,6,1
Zweitstimme,"08W525","08",Neukölln,"525",W,5T,5,82,W,892,623,269,0,273,1,271,2,65,117,10,9,32,15,1,5,1,1,0,1,0,2,0,0,0,0,1,0,2,0,0,1,0,0,0,2,0,0,0,0,0,0,5,1
Zweitstimme,"08W526","08",Neukölln,"526",W,5U,5,82,W,944,679,265,0,404,2,401,3,97,179,27,9,42,18,4,15,2,1,0,0,0,0,0,1,0,0,0,0,0,0,0,3,0,0,0,0,0,0,0,0,1,0,2,0
Zweitstimme,"08W527","08",Neukölln,"527",W,5R,5,82,W,1017,707,310,0,290,2,286,4,82,121,8,12,35,11,5,3,1,2,1,0,0,0,0,0,0,0,0,0,1,0,0,0,0,0,1,0,0,0,0,0,0,0,3,0
Zweitstimme,"08W528","08",Neukölln,"528",W,5V,5,82,W,877,570,307,0,293,0,290,3,70,120,12,11,42,11,2,9,2,0,1,0,0,0,0,0,0,0,0,0,0,0,0,1,0,0,0,0,0,0,0,0,1,0,7,1
Zweitstimme,"08W529","08",Neukölln,"529",W,5W,5,82,W,963,697,266,0,312,1,312,0,69,127,13,15,48,14,3,10,2,1,0,1,0,0,0,0,0,0,0,1,0,0,0,2,0,0,0,0,0,1,0,0,0,1,4,0
Zweitstimme,"08W530","08",Neukölln,"530",W,5W,5,82,W,860,564,296,0,254,0,253,1,62,89,12,12,44,10,6,5,1,0,0,1,0,0,0,0,0,0,1,0,0,0,0,1,0,0,0,0,0,1,0,0,1,1,6,0
Zweitstimme,"08W531","08",Neukölln,"531",W,5X,5,82,W,1035,837,198,0,277,3,272,5,81,87,4,18,45,10,3,10,1,1,1,1,0,0,0,0,0,0,0,1,0,0,0,2,0,0,1,0,0,3,0,0,0,1,2,0
Zweitstimme,"08W532","08",Neukölln,"532",W,5Y,5,82,W,910,620,290,0,260,5,259,1,59,116,9,9,44,14,0,1,1,1,0,0,0,0,0,0,0,0,0,2,0,0,0,0,0,0,2,0,0,1,0,0,0,0,0,0
Zweitstimme,"08W533","08",Neukölln,"533",W,5Z,5,82,W,840,623,217,0,311,1,307,4,69,107,26,22,39,14,0,4,4,1,0,2,0,1,0,1,0,1,0,1,0,0,0,4,0,0,1,0,0,1,0,0,0,1,8,0
Zweitstimme,"08W534","08",Neukölln,"534",W,5X,5,82,W,1034,723,311,0,331,3,327,4,75,124,18,18,50,16,4,5,0,0,0,0,0,0,0,0,0,0,1,5,0,0,0,2,0,0,1,0,0,2,1,0,1,0,4,0
Zweitstimme,"08B5A","08",Neukölln,5A,B,5A,5,82,W,0,0,0,0,212,212,212,0,49,67,35,15,15,10,3,4,1,0,0,1,1,1,0,0,0,0,1,0,0,0,0,4,0,0,0,0,0,1,0,0,0,0,2,2
Zweitstimme,"08B5AA","08",Neukölln,5AA,B,5AA,5,82,W,0,0,0,0,270,270,266,4,69,78,49,16,11,17,3,7,0,1,0,0,0,0,0,0,0,0,0,0,0,0,0,0,0,0,3,0,0,4,1,0,0,0,3,4
Zweitstimme,"08B5AB","08",Neukölln,5AB,B,5AB,5,82,W,0,0,0,0,318,318,315,3,96,96,56,17,16,16,3,7,0,0,0,0,0,0,0,0,0,0,2,1,1,0,0,1,0,0,0,0,0,0,1,0,1,0,0,1
Zweitstimme,"08B5AC","08",Neukölln,5AC,B,5AC,5,82,W,0,0,0,0,295,295,291,3,105,71,56,20,13,5,5,9,1,0,0,0,0,0,0,0,0,0,0,1,0,0,0,0,0,0,0,0,0,0,2,0,0,0,0,3
Zweitstimme,"08B5B","08",Neukölln,5B,B,5B,5,82,W,0,0,0,0,305,305,304,1,104,123,27,11,14,9,0,5,0,3,1,0,0,0,0,0,0,0,2,0,0,0,0,3,0,0,0,0,0,0,0,0,1,0,0,1
Zweitstimme,"08B5C","08",Neukölln,5C,B,5C,5,82,W,0,0,0,0,301,301,296,5,87,96,52,18,15,11,3,7,0,0,0,1,1,0,0,0,0,0,0,1,0,0,0,1,0,0,0,0,0,0,0,0,1,0,0,2
Zweitstimme,"08B5D","08",Neukölln,5D,B,5D,5,82,W,0,0,0,0,520,520,515,5,135,214,28,27,42,22,1,14,0,3,2,1,0,0,0,0,0,0,0,1,1,0,0,7,0,0,2,0,0,3,0,0,5,1,5,1
Zweitstimme,"08B5E","08",Neukölln,5E,B,5E,5,82,W,0,0,0,0,294,294,290,4,85,97,21,14,36,7,2,13,2,0,0,0,0,0,0,0,0,0,0,0,0,0,0,4,0,0,0,0,0,3,3,0,2,0,0,1
Zweitstimme,"08B5F","08",Neukölln,5F,B,5F,5,82,W,0,0,0,0,513,513,513,0,137,231,71,8,12,37,5,7,1,1,0,0,0,0,0,0,0,0,0,0,0,0,0,0,0,0,0,0,0,1,0,0,0,0,0,2
Zweitstimme,"08B5G","08",Neukölln,5G,B,5G,5,82,W,0,0,0,0,395,395,393,2,89,180,40,19,27,17,3,7,1,0,0,1,0,0,0,0,0,0,0,1,0,0,0,1,0,0,0,0,0,2,0,0,0,0,3,2
Zweitstimme,"08B5H","08",Neukölln,5H,B,5H,5,82,W,0,0,0,0,291,291,290,1,90,110,12,4,34,10,4,11,3,4,0,0,0,0,0,0,0,0,0,0,0,0,0,0,0,0,1,0,0,2,0,0,0,0,5,0
Zweitstimme,"08B5I","08",Neukölln,5I,B,5I,5,82,W,0,0,0,0,305,305,305,0,87,148,12,6,27,7,2,9,1,0,0,0,1,0,0,0,0,0,0,1,0,0,0,1,0,0,0,0,0,0,0,0,0,0,2,1
Zweitstimme,"08B5J","08",Neukölln,5J,B,5J,5,82,W,0,0,0,0,328,328,322,5,68,160,19,8,29,20,4,7,1,1,0,0,0,0,0,0,0,0,0,0,1,0,0,1,0,0,0,0,0,1,0,0,0,0,0,2
Zweitstimme,"08B5K","08",Neukölln,5K,B,5K,5,82,W,0,0,0,0,327,327,326,1,80,152,28,10,23,16,3,7,2,0,0,1,0,0,0,0,0,0,0,0,2,0,0,1,0,0,0,0,0,0,0,0,0,0,0,1
Zweitstimme,"08B5L","08",Neukölln,5L,B,5L,5,82,W,0,0,0,0,386,386,386,0,82,178,26,14,40,18,2,3,3,4,0,1,0,0,3,0,0,0,1,0,0,0,0,3,0,0,0,0,0,3,0,0,1,0,3,1
Zweitstimme,"08B5M","08",Neukölln,5M,B,5M,5,82,W,0,0,0,0,296,296,296,0,73,131,17,8,25,18,3,8,0,5,0,0,0,0,0,0,0,0,0,2,1,0,0,2,0,0,0,0,0,0,0,0,1,0,2,0
Zweitstimme,"08B5N","08",Neukölln,5N,B,5N,5,82,W,0,0,0,0,368,368,366,2,103,185,17,10,21,19,2,5,0,0,0,0,0,0,0,0,0,0,0,0,0,0,0,0,0,0,1,1,0,0,1,0,0,0,0,1
Zweitstimme,"08B5P","08",Neukölln,5P,B,5P,5,82,W,0,0,0,0,328,328,326,2,88,163,19,5,18,11,2,8,0,3,0,2,0,0,0,0,0,0,0,1,1,0,0,2,0,0,0,0,0,0,0,0,0,0,3,0
Zweitstimme,"08B5Q","08",Neukölln,5Q,B,5Q,5,82,W,0,0,0,0,374,374,373,1,76,195,28,10,17,26,1,6,3,2,2,0,0,0,0,0,0,0,0,2,0,0,0,0,0,0,0,0,0,0,0,0,0,1,1,3
Zweitstimme,"08B5R","08",Neukölln,5R,B,5R,5,82,W,0,0,0,0,539,539,536,2,145,235,45,7,42,26,1,16,1,4,0,2,0,0,0,0,0,0,1,0,0,0,0,3,0,0,1,0,0,1,0,0,3,0,2,1
Zweitstimme,"08B5S","08",Neukölln,5S,B,5S,5,82,W,0,0,0,0,257,257,257,0,66,121,20,7,12,15,2,4,1,2,0,0,0,0,0,0,0,0,0,2,1,0,0,1,0,0,1,0,0,1,0,0,1,0,0,0
Zweitstimme,"08B5T","08",Neukölln,5T,B,5T,5,82,W,0,0,0,0,415,415,412,3,128,166,26,12,36,10,2,12,3,1,0,1,0,0,0,0,0,0,1,1,0,0,0,3,0,0,0,0,0,0,0,0,2,2,6,0
Zweitstimme,"08B5U","08",Neukölln,5U,B,5U,5,82,W,0,0,0,0,247,247,245,1,54,118,11,3,24,14,2,9,1,2,0,1,0,2,0,0,0,0,1,0,0,0,0,2,0,0,0,0,0,1,0,0,0,0,0,0
Zweitstimme,"08B5V","08",Neukölln,5V,B,5V,5,82,W,0,0,0,0,287,287,287,0,79,131,17,6,17,14,1,12,1,0,0,2,0,0,0,0,0,0,1,0,0,0,0,2,0,0,0,0,0,0,2,0,2,0,0,0
Zweitstimme,"08B5W","08",Neukölln,5W,B,5W,5,82,W,0,0,0,0,507,507,505,2,124,225,30,11,59,25,4,11,0,2,0,2,1,0,0,0,0,0,0,2,0,0,0,2,0,0,0,0,0,0,1,0,2,0,4,0
Zweitstimme,"08B5X","08",Neukölln,5X,B,5X,5,82,W,0,0,0,0,447,447,443,4,120,217,26,12,36,13,2,7,0,2,0,1,0,0,0,0,0,0,0,0,0,0,0,0,0,0,0,0,0,1,0,0,1,1,4,0
Zweitstimme,"08B5Y","08",Neukölln,5Y,B,5Y,5,82,W,0,0,0,0,265,265,259,6,53,128,14,8,25,6,0,16,0,1,3,1,0,0,0,0,0,0,0,0,0,0,0,1,0,0,0,0,0,1,0,0,0,0,2,0
Zweitstimme,"08B5Z","08",Neukölln,5Z,B,5Z,5,82,W,0,0,0,0,195,195,195,0,48,94,14,7,13,6,2,3,1,0,0,0,1,0,0,0,0,0,0,1,0,0,0,1,0,0,0,0,0,0,0,0,0,1,1,2
Zweitstimme,"08W601","08",Neukölln,"601",W,6A,6,82,W,898,538,360,0,340,0,338,2,77,157,17,17,42,14,2,3,0,0,0,1,0,0,0,0,0,1,0,2,0,0,0,3,0,0,0,0,0,0,0,0,1,0,0,1
Zweitstimme,"08W602","08",Neukölln,"602",W,6AA,6,82,W,874,560,314,0,342,2,339,3,84,158,10,13,36,25,2,2,0,0,0,1,1,0,0,0,0,0,0,0,0,0,0,0,0,0,1,0,0,0,0,0,0,0,4,2
Zweitstimme,"08W603","08",Neukölln,"603",W,6B,6,82,W,908,579,329,0,335,3,331,4,66,149,32,14,35,13,2,14,0,0,0,1,0,0,0,0,0,0,0,1,0,0,0,0,0,0,0,0,0,0,0,0,0,0,3,1
Zweitstimme,"08W604","08",Neukölln,"604",W,6C,6,82,W,880,589,291,0,312,7,311,1,75,133,21,10,41,8,3,8,0,3,0,0,0,1,0,0,0,0,0,2,1,0,0,0,0,0,0,0,0,1,0,0,2,0,2,0
Zweitstimme,"08W605","08",Neukölln,"605",W,6D,6,82,W,845,514,331,0,301,12,297,4,95,127,19,10,26,5,0,8,0,0,1,1,0,0,0,0,0,0,1,0,1,0,0,1,0,0,1,0,0,0,0,0,1,0,0,0
Zweitstimme,"08W606","08",Neukölln,"606",W,6E,6,82,W,904,638,266,0,308,3,305,3,82,111,15,10,52,17,2,6,0,2,0,0,0,0,0,1,0,0,0,0,0,0,0,0,0,0,2,0,0,2,0,0,3,0,0,0
Zweitstimme,"08W607","08",Neukölln,"607",W,6F,6,82,W,881,572,309,0,323,2,319,4,78,136,14,6,53,11,0,10,0,4,0,2,0,0,0,0,0,0,0,0,0,0,0,1,0,0,1,0,0,0,0,0,0,0,2,1
Zweitstimme,"08W608","08",Neukölln,"608",W,6G,6,82,W,914,615,299,0,382,0,377,5,91,191,16,14,29,12,1,11,1,1,0,1,0,0,0,1,0,0,2,0,0,0,0,2,0,0,0,0,0,0,1,0,0,1,2,0
Zweitstimme,"08W609","08",Neukölln,"609",W,6H,6,82,W,974,799,175,0,297,2,291,6,84,97,12,16,47,8,3,3,0,3,1,0,0,1,0,1,0,0,0,1,0,0,0,0,0,0,0,2,0,3,0,0,1,0,6,2
Zweitstimme,"08W610","08",Neukölln,"610",W,6I,6,82,W,874,623,251,0,363,0,359,4,95,153,26,8,40,10,4,11,0,0,0,0,0,0,0,0,0,0,0,2,0,0,0,4,0,0,0,1,0,1,0,0,0,1,2,1
Zweitstimme,"08W611","08",Neukölln,"611",W,6D,6,82,W,822,555,267,0,327,2,324,3,73,117,23,19,42,22,2,18,0,0,0,0,0,0,0,0,0,0,1,2,0,0,0,0,0,0,1,0,0,0,0,0,0,1,1,2
Zweitstimme,"08W612","08",Neukölln,"612",W,6J,6,82,W,924,631,293,0,331,4,329,2,68,156,13,11,50,11,0,8,0,0,0,2,0,0,0,0,0,0,0,1,0,0,0,2,0,0,0,0,0,1,0,0,0,0,2,4
Zweitstimme,"08W613","08",Neukölln,"613",W,6J,6,82,W,875,615,260,0,275,5,268,7,67,104,9,10,36,8,5,12,0,1,2,2,0,0,0,0,0,0,0,2,0,0,0,2,0,0,0,0,0,3,0,0,0,0,5,0
Zweitstimme,"08W614","08",Neukölln,"614",W,6K,6,82,W,854,532,322,0,296,1,293,3,66,145,18,7,23,15,6,8,0,1,0,0,0,0,0,0,0,0,0,0,1,0,0,0,0,0,1,0,0,0,0,0,0,0,0,2
Zweitstimme,"08W615","08",Neukölln,"615",W,6L,6,82,W,871,649,222,0,362,4,352,10,82,128,16,12,72,14,1,10,0,3,0,0,1,0,0,0,0,0,0,2,1,0,0,4,0,0,0,0,0,2,0,0,1,0,3,0
Zweitstimme,"08W616","08",Neukölln,"616",W,6K,6,82,W,822,662,160,0,259,12,255,2,60,100,12,6,42,11,3,11,0,0,0,4,0,0,0,0,0,0,0,1,0,0,0,0,0,0,0,0,0,2,0,0,1,0,1,1
Zweitstimme,"08W617","08",Neukölln,"617",W,6L,6,82,W,849,668,181,0,362,3,354,8,82,129,13,20,59,17,0,20,2,1,0,1,0,0,0,0,0,0,0,2,0,0,0,1,0,0,0,2,0,0,0,0,1,0,4,0
Zweitstimme,"08W618","08",Neukölln,"618",W,6M,6,82,W,889,612,277,0,390,5,389,1,98,158,27,27,41,14,1,8,0,0,0,0,0,0,0,0,0,0,0,1,0,0,0,3,0,0,0,0,0,1,1,0,0,1,3,5
Zweitstimme,"08W619","08",Neukölln,"619",W,6M,6,82,W,855,516,339,0,312,2,308,4,82,153,8,11,31,10,1,0,0,1,0,0,0,0,1,0,0,0,0,0,0,0,0,1,0,0,0,0,0,0,0,0,0,0,6,3
Zweitstimme,"08W620","08",Neukölln,"620",W,6N,6,82,W,796,556,240,0,311,4,308,3,64,129,9,12,60,11,4,8,0,1,3,0,0,0,0,0,0,0,0,2,0,0,0,4,0,0,0,0,0,0,0,0,0,0,0,1
Zweitstimme,"08W621","08",Neukölln,"621",W,6N,6,82,W,895,638,257,0,277,5,275,2,68,114,9,9,51,6,2,4,0,3,1,0,1,0,0,0,0,0,0,2,0,0,0,3,0,0,0,0,0,0,0,0,0,0,1,1
Zweitstimme,"08W622","08",Neukölln,"622",W,6P,6,82,W,893,531,362,0,299,0,294,5,67,134,20,12,31,16,1,6,1,1,0,1,0,0,0,0,0,0,0,0,0,0,0,2,0,0,0,1,0,0,0,0,0,0,1,0
Zweitstimme,"08W623","08",Neukölln,"623",W,6P,6,82,W,946,764,182,0,319,0,319,0,79,109,17,20,55,12,4,12,2,1,1,0,0,0,0,0,0,0,0,1,0,0,0,1,0,0,0,0,0,1,0,0,1,0,3,0
Zweitstimme,"08W624","08",Neukölln,"624",W,6E,6,82,W,840,571,269,0,282,0,282,0,52,118,7,23,38,14,6,16,1,1,0,0,1,0,1,0,0,0,0,0,0,0,0,0,0,0,0,1,0,1,0,0,0,0,2,0
Zweitstimme,"08W625","08",Neukölln,"625",W,6Q,6,82,W,989,644,345,0,298,1,293,5,81,116,21,9,42,10,0,4,0,2,2,0,0,0,0,0,0,0,0,1,1,0,0,1,0,0,0,0,0,0,0,0,1,0,2,0
Zweitstimme,"08W626","08",Neukölln,"626",W,6R,6,82,W,880,496,384,0,292,1,289,3,84,128,14,7,39,3,2,8,1,0,0,1,0,0,0,0,0,0,0,0,0,0,0,1,0,0,0,0,0,0,0,0,0,0,1,0
Zweitstimme,"08W627","08",Neukölln,"627",W,6S,6,82,W,855,464,391,0,273,2,269,3,72,125,20,8,26,11,1,3,0,0,0,0,0,0,0,0,0,0,0,1,0,0,0,1,0,0,0,0,0,0,0,0,0,0,0,1
Zweitstimme,"08W628","08",Neukölln,"628",W,6T,6,82,W,828,543,285,0,331,1,325,6,83,122,35,11,35,20,2,3,1,2,0,1,0,0,0,0,0,0,0,0,1,0,0,1,0,0,0,0,0,0,0,0,0,0,6,2
Zweitstimme,"08W629","08",Neukölln,"629",W,6U,6,82,W,830,548,282,0,344,3,340,3,90,140,17,9,55,15,0,4,1,3,0,1,0,0,0,0,0,0,0,0,1,0,0,1,0,0,0,0,0,0,0,0,0,1,1,1
Zweitstimme,"08W630","08",Neukölln,"630",W,6V,6,82,W,810,489,321,0,343,2,339,3,93,153,14,10,42,12,2,7,0,2,0,0,0,0,0,0,0,0,0,0,0,0,0,1,0,0,0,0,0,0,0,0,0,0,0,3
Zweitstimme,"08W631","08",Neukölln,"631",W,6W,6,82,W,899,526,373,0,334,3,331,3,84,149,31,7,31,14,2,7,0,2,0,1,0,0,0,0,0,0,0,0,0,0,0,0,0,0,0,0,0,1,0,0,0,0,0,2
Zweitstimme,"08W632","08",Neukölln,"632",W,6X,6,82,W,1113,704,409,0,423,10,418,5,82,202,23,15,45,32,3,7,1,2,0,0,1,0,0,0,0,0,0,0,0,0,0,1,0,0,0,0,0,0,2,0,1,0,1,0
Zweitstimme,"08W633","08",Neukölln,"633",W,6Y,6,82,W,1265,928,337,0,355,6,352,3,81,132,20,32,47,11,2,7,1,1,0,1,0,0,0,0,0,0,0,5,2,0,0,1,0,0,0,0,0,0,0,0,0,0,7,2
Zweitstimme,"08W634","08",Neukölln,"634",W,6Y,6,82,W,987,791,196,0,271,3,262,6,82,89,8,23,33,7,3,8,1,1,0,1,1,0,0,0,0,0,0,0,1,0,0,1,0,0,0,0,0,1,0,0,0,0,1,1
Zweitstimme,"08W635","08",Neukölln,"635",W,6Z,6,82,W,993,817,176,0,221,1,215,3,58,80,6,14,31,5,1,5,0,2,1,1,0,0,0,0,0,0,0,1,0,0,0,0,0,0,2,0,0,0,0,0,0,0,8,0
Zweitstimme,"08W636","08",Neukölln,"636",W,6Z,6,82,W,918,719,199,0,249,1,244,4,80,78,6,18,38,7,2,0,0,1,1,0,0,2,1,0,0,0,0,1,1,0,0,2,0,0,0,2,0,0,0,0,0,0,3,1
Zweitstimme,"08B6A","08",Neukölln,6A,B,6A,6,82,W,0,0,0,0,326,326,325,1,77,166,16,16,20,15,3,3,0,0,0,0,0,0,0,0,0,0,0,0,1,0,0,1,0,0,0,1,0,0,0,0,1,0,1,4
Zweitstimme,"08B6AA","08",Neukölln,6AA,B,6AA,6,82,W,0,0,0,0,294,294,293,1,70,174,9,7,11,11,0,4,0,1,0,0,0,0,0,0,0,0,1,0,0,0,0,2,0,0,1,0,0,0,1,0,0,1,0,0
Zweitstimme,"08B6B","08",Neukölln,6B,B,6B,6,82,W,0,0,0,0,293,293,291,2,82,127,22,6,21,17,1,6,0,2,1,1,0,0,0,1,0,1,0,0,1,0,0,0,0,0,0,0,0,1,1,0,0,0,0,0
Zweitstimme,"08B6C","08",Neukölln,6C,B,6C,6,82,W,0,0,0,0,252,252,249,3,65,119,13,14,12,10,3,3,0,1,0,0,0,2,0,0,0,0,4,0,0,0,0,0,0,0,1,0,0,2,0,0,0,0,0,0
Zweitstimme,"08B6D","08",Neukölln,6D,B,6D,6,82,W,0,0,0,0,541,541,535,6,148,242,27,9,41,29,5,16,1,2,2,1,0,2,0,0,0,0,1,0,0,0,0,4,0,0,1,0,0,2,0,0,0,0,0,2
Zweitstimme,"08B6E","08",Neukölln,6E,B,6E,6,82,W,0,0,0,0,480,480,478,2,129,214,24,10,37,23,6,11,2,3,2,2,0,0,0,0,0,0,4,1,0,0,0,2,0,0,0,0,0,1,0,0,3,2,1,1
Zweitstimme,"08B6F","08",Neukölln,6F,B,6F,6,82,W,0,0,0,0,279,279,276,3,87,118,17,0,24,15,4,5,1,2,0,0,0,1,0,0,0,0,0,0,0,0,0,1,0,0,0,0,0,1,0,0,0,0,0,0
Zweitstimme,"08B6G","08",Neukölln,6G,B,6G,6,82,W,0,0,0,0,268,268,265,3,53,146,9,7,13,11,0,2,0,3,1,0,0,1,0,0,0,0,0,1,1,0,0,6,0,0,0,0,0,2,0,0,0,0,4,5
Zweitstimme,"08B6H","08",Neukölln,6H,B,6H,6,82,W,0,0,0,0,157,157,157,0,33,62,15,13,18,5,2,4,0,0,0,1,0,0,1,0,0,0,0,1,0,0,0,0,0,0,0,0,0,0,0,0,1,0,1,0
Zweitstimme,"08B6I","08",Neukölln,6I,B,6I,6,82,W,0,0,0,0,224,224,224,0,67,108,12,5,20,4,2,1,0,0,0,0,0,0,0,0,0,0,1,0,0,0,0,3,0,0,0,0,0,0,0,0,0,1,0,0
Zweitstimme,"08B6J","08",Neukölln,6J,B,6J,6,82,W,0,0,0,0,458,458,451,7,112,207,37,12,30,17,6,14,3,3,1,2,0,0,0,0,0,0,0,0,1,0,0,0,0,0,0,0,0,3,0,0,2,0,1,0
Zweitstimme,"08B6K","08",Neukölln,6K,B,6K,6,82,W,0,0,0,0,437,437,429,8,99,205,19,12,51,15,3,11,0,0,2,0,1,1,0,0,0,0,0,0,2,0,0,2,0,0,3,0,0,2,0,0,0,0,0,1
Zweitstimme,"08B6L","08",Neukölln,6L,B,6L,6,82,W,0,0,0,0,345,345,343,2,86,149,26,7,31,15,6,9,2,3,0,0,1,0,1,0,0,0,1,0,0,0,0,2,0,0,0,0,0,1,0,0,1,0,1,1
Zweitstimme,"08B6M","08",Neukölln,6M,B,6M,6,82,W,0,0,0,0,549,549,546,3,148,256,35,18,39,25,3,6,0,2,0,2,0,1,0,0,0,0,1,2,2,0,0,1,0,0,0,0,0,0,0,0,0,1,2,2
Zweitstimme,"08B6N","08",Neukölln,6N,B,6N,6,82,W,0,0,0,0,432,432,429,2,124,182,27,13,27,19,4,16,2,1,1,4,1,0,0,0,0,0,0,1,0,0,0,2,0,0,0,0,0,1,0,0,0,0,2,2
Zweitstimme,"08B6P","08",Neukölln,6P,B,6P,6,82,W,0,0,0,0,481,481,478,3,124,229,26,11,33,19,4,13,1,3,0,0,2,1,0,0,0,0,1,0,0,0,0,4,0,0,0,0,0,0,1,0,0,1,3,2
Zweitstimme,"08B6Q","08",Neukölln,6Q,B,6Q,6,82,W,0,0,0,0,299,299,294,5,99,110,14,10,34,14,0,5,0,1,0,2,0,0,0,0,0,0,0,0,0,0,0,2,0,0,0,0,0,0,0,0,1,0,2,0
Zweitstimme,"08B6R","08",Neukölln,6R,B,6R,6,82,W,0,0,0,0,356,356,351,5,89,178,24,4,27,16,3,5,3,0,0,0,0,0,0,0,0,0,0,0,0,0,0,1,0,0,0,0,0,0,0,0,0,1,0,0
Zweitstimme,"08B6S","08",Neukölln,6S,B,6S,6,82,W,0,0,0,0,357,357,357,0,81,170,21,11,32,15,7,10,1,5,0,0,0,0,0,0,0,0,0,0,0,0,0,2,0,0,0,0,0,0,0,0,0,0,2,0
Zweitstimme,"08B6T","08",Neukölln,6T,B,6T,6,82,W,0,0,0,0,259,259,258,1,60,114,25,5,23,15,3,4,0,0,0,0,0,0,0,0,0,0,0,2,0,0,0,1,0,0,0,0,0,2,0,0,0,0,4,0
Zweitstimme,"08B6U","08",Neukölln,6U,B,6U,6,82,W,0,0,0,0,263,263,263,0,60,136,26,2,15,10,0,4,0,6,0,1,0,0,0,0,0,0,0,0,1,0,0,0,0,0,0,0,0,0,0,0,0,1,0,1
Zweitstimme,"08B6V","08",Neukölln,6V,B,6V,6,82,W,0,0,0,0,292,292,291,1,56,159,15,13,15,11,2,5,0,2,1,1,0,0,0,0,0,0,0,0,0,0,0,0,0,0,0,1,0,0,0,0,0,1,6,3
Zweitstimme,"08B6W","08",Neukölln,6W,B,6W,6,82,W,0,0,0,0,345,345,341,4,75,179,23,14,13,20,2,6,1,1,0,1,0,0,0,0,0,0,0,1,1,0,0,1,0,0,1,0,0,0,0,0,2,0,0,0
Zweitstimme,"08B6X","08",Neukölln,6X,B,6X,6,82,W,0,0,0,0,360,360,358,2,84,164,29,6,28,26,2,9,1,1,0,1,0,1,0,0,0,0,0,2,0,0,0,2,0,0,0,0,0,0,1,0,0,0,1,0
Zweitstimme,"08B6Y","08",Neukölln,6Y,B,6Y,6,82,W,0,0,0,0,448,448,444,4,135,161,22,16,48,19,5,15,1,4,0,3,1,0,0,0,0,0,0,0,0,0,0,1,0,0,2,0,0,2,0,0,1,0,7,1
Zweitstimme,"08B6Z","08",Neukölln,6Z,B,6Z,6,82,W,0,0,0,0,303,303,302,1,75,134,15,5,36,5,3,11,1,3,1,2,1,0,0,0,0,0,0,1,1,0,0,3,0,0,1,0,0,0,1,0,0,0,2,1
Zweitstimme,"09W101","09",Treptow-Köpenick,"101",W,1A,1,84,O,645,447,198,0,280,2,280,0,27,21,112,81,13,4,11,1,0,0,0,0,0,0,0,0,0,0,0,2,0,0,0,0,0,0,2,0,0,2,0,0,0,0,1,3
Zweitstimme,"09W102","09",Treptow-Köpenick,"102",W,1B,1,84,O,802,583,219,0,342,4,340,2,54,45,83,88,31,7,4,11,1,0,0,0,0,0,0,0,0,0,0,6,1,0,0,0,0,0,1,0,0,0,2,0,3,0,2,1
Zweitstimme,"09W103","09",Treptow-Köpenick,"103",W,1A,1,84,O,837,556,281,0,311,5,307,1,31,39,64,99,25,3,7,10,1,1,2,1,0,1,0,0,0,1,2,4,2,0,0,1,0,0,3,0,0,1,1,0,0,1,5,2
Zweitstimme,"09W104","09",Treptow-Köpenick,"104",W,1A,1,84,O,742,486,256,0,297,12,296,1,38,32,121,61,9,7,11,3,0,2,0,0,1,0,0,0,0,0,1,2,0,0,0,0,0,0,1,0,0,1,0,0,0,0,1,5
Zweitstimme,"09W105","09",Treptow-Köpenick,"105",W,1B,1,84,O,621,414,207,0,241,3,238,2,30,24,84,54,23,4,4,6,0,0,0,1,0,1,0,0,0,0,0,1,0,0,0,1,0,0,1,0,0,0,1,0,1,0,0,2
Zweitstimme,"09W106","09",Treptow-Köpenick,"106",W,1C,1,84,O,783,553,230,0,322,4,318,2,32,25,131,74,11,7,14,7,0,1,0,0,0,2,0,1,0,1,0,2,0,0,0,2,0,0,0,0,0,0,4,0,1,2,0,1
Zweitstimme,"09W107","09",Treptow-Köpenick,"107",W,1D,1,84,O,700,480,220,0,262,5,261,1,33,24,88,60,16,8,6,12,1,0,0,0,0,0,0,0,0,0,2,5,1,0,0,1,0,0,1,0,0,0,0,0,1,0,0,2
Zweitstimme,"09W108","09",Treptow-Köpenick,"108",W,1D,1,84,O,828,571,257,0,346,12,344,2,45,42,107,84,20,8,11,8,2,0,1,2,0,1,0,0,0,1,1,2,0,0,0,0,0,0,3,0,0,1,1,0,0,0,2,2
Zweitstimme,"09W109","09",Treptow-Köpenick,"109",W,1E,1,84,O,783,553,230,0,338,7,333,5,42,34,114,81,10,11,10,7,1,1,0,0,0,1,0,0,0,0,0,0,0,0,0,1,0,0,0,0,0,0,9,0,1,2,5,3
Zweitstimme,"09W110","09",Treptow-Köpenick,"110",W,1C,1,84,O,837,513,324,0,264,11,262,1,39,47,78,52,18,11,1,4,1,1,0,0,1,0,0,0,0,0,0,0,0,0,0,2,0,0,0,0,0,0,1,0,0,2,2,2
Zweitstimme,"09W111","09",Treptow-Köpenick,"111",W,1E,1,84,O,610,438,172,0,230,6,226,3,17,9,82,85,9,3,5,6,1,1,0,0,1,1,0,0,0,0,0,0,0,0,0,1,0,0,0,0,0,0,1,0,1,1,2,0
Zweitstimme,"09W112","09",Treptow-Köpenick,"112",W,1F,1,84,O,835,452,383,0,247,9,246,1,34,25,86,57,15,8,6,1,2,0,1,0,0,0,0,0,0,0,0,4,0,0,0,1,0,0,1,0,0,0,0,0,2,0,0,3
Zweitstimme,"09W113","09",Treptow-Köpenick,"113",W,1F,1,84,O,935,539,396,0,372,0,366,5,66,46,105,75,29,12,3,9,1,1,0,1,0,0,0,0,0,0,1,4,0,0,0,1,0,0,1,0,0,1,3,0,1,1,1,4
Zweitstimme,"09W114","09",Treptow-Köpenick,"114",W,1G,1,84,O,746,506,240,0,269,6,265,4,40,41,63,61,25,4,6,8,1,0,0,0,0,0,0,0,0,1,1,3,0,0,0,1,0,0,2,0,0,0,1,0,1,2,2,2
Zweitstimme,"09W115","09",Treptow-Köpenick,"115",W,1G,1,84,O,531,378,153,0,147,2,143,3,14,49,6,30,29,4,3,3,0,1,0,0,0,0,0,0,0,0,1,1,1,0,0,0,0,0,0,0,0,1,0,0,0,0,0,0
Zweitstimme,"09W116","09",Treptow-Köpenick,"116",W,1H,1,84,O,785,596,189,0,248,0,244,3,40,61,23,44,38,8,5,10,2,1,0,0,0,0,0,0,0,0,0,2,0,0,0,1,0,0,0,0,0,3,0,0,2,0,1,3
Zweitstimme,"09W117","09",Treptow-Köpenick,"117",W,1H,1,84,O,726,541,185,0,231,0,226,4,31,46,25,42,49,8,4,5,1,1,2,0,0,0,0,0,0,0,0,2,0,0,0,0,0,0,2,0,0,0,1,0,1,3,2,1
Zweitstimme,"09W118","09",Treptow-Köpenick,"118",W,1L,1,84,O,933,724,209,0,263,2,258,5,34,50,33,54,41,7,3,11,0,0,2,1,0,2,1,0,0,2,1,3,0,0,0,3,0,0,3,0,0,0,2,0,3,0,0,2
Zweitstimme,"09W119","09",Treptow-Köpenick,"119",W,1I,1,84,O,909,688,221,0,360,4,353,7,43,60,55,78,55,13,6,14,4,1,0,2,0,2,0,1,0,3,1,4,0,0,0,2,0,0,1,2,0,0,1,0,2,1,1,1
Zweitstimme,"09W120","09",Treptow-Köpenick,"120",W,1I,1,84,O,720,534,186,0,271,4,270,1,46,51,33,75,30,6,1,9,0,0,1,2,2,0,0,0,0,0,0,1,1,0,0,1,0,0,1,0,0,0,1,0,3,3,0,3
Zweitstimme,"09W121","09",Treptow-Köpenick,"121",W,1S,1,84,O,887,606,281,0,320,6,320,0,45,50,94,63,28,10,11,5,1,0,0,1,0,0,0,0,0,0,0,1,0,0,0,0,0,0,2,1,0,0,3,0,0,1,0,4
Zweitstimme,"09W122","09",Treptow-Köpenick,"122",W,1S,1,84,O,796,487,309,0,236,4,236,0,32,28,60,66,21,4,9,4,1,1,0,1,0,0,0,0,0,0,0,1,0,0,0,1,0,0,1,0,0,0,1,0,0,3,1,1
Zweitstimme,"09W123","09",Treptow-Köpenick,"123",W,1J,1,84,O,928,700,228,0,297,3,294,3,48,60,36,48,65,3,4,10,2,3,2,0,0,1,0,0,0,0,0,2,0,0,0,3,0,0,1,0,0,1,0,0,0,1,4,0
Zweitstimme,"09W124","09",Treptow-Köpenick,"124",W,1J,1,84,O,877,645,232,0,236,3,233,3,37,55,21,43,46,7,4,3,1,1,2,1,0,0,1,0,0,1,0,0,1,0,0,3,0,0,1,0,0,1,0,0,0,2,0,2
Zweitstimme,"09W125","09",Treptow-Köpenick,"125",W,1K,1,84,O,934,653,281,0,336,3,327,5,58,76,26,61,68,8,3,10,1,2,1,1,0,0,1,0,0,0,0,1,0,0,0,4,0,0,1,0,0,1,0,0,1,1,1,1
Zweitstimme,"09W126","09",Treptow-Köpenick,"126",W,1M,1,84,O,883,651,232,0,369,4,361,4,58,58,76,80,42,13,6,7,0,0,0,1,0,0,0,1,0,2,0,3,1,0,0,0,0,0,1,1,0,2,0,0,3,1,2,3
Zweitstimme,"09W127","09",Treptow-Köpenick,"127",W,1N,1,84,O,964,701,263,0,346,3,337,7,52,59,62,75,44,10,6,12,0,3,1,0,0,0,0,0,0,0,0,2,2,0,0,0,0,0,0,1,0,2,1,0,0,1,2,2
Zweitstimme,"09W128","09",Treptow-Köpenick,"128",W,1K,1,84,O,928,665,263,0,371,1,368,3,89,93,21,69,62,7,6,8,2,0,0,2,0,0,0,0,0,0,0,0,1,0,0,5,0,0,1,0,0,0,1,0,0,0,0,1
Zweitstimme,"09W129","09",Treptow-Köpenick,"129",W,1Q,1,84,O,866,585,281,0,308,6,305,3,51,57,48,66,32,10,5,11,3,5,0,0,0,1,0,0,0,0,0,5,0,0,0,2,0,0,0,0,0,2,1,0,1,0,0,5
Zweitstimme,"09W130","09",Treptow-Köpenick,"130",W,1N,1,84,O,927,663,264,0,392,3,384,7,63,78,67,70,56,10,10,12,0,1,0,3,0,1,0,0,0,0,1,2,0,0,0,1,0,0,1,0,0,0,2,0,0,0,2,4
Zweitstimme,"09W131","09",Treptow-Köpenick,"131",W,1Q,1,84,O,1008,685,323,0,329,3,327,2,67,54,43,81,38,13,3,11,3,0,1,1,0,2,1,0,0,0,1,0,0,0,0,0,0,0,0,0,0,3,2,0,0,0,3,0
Zweitstimme,"09W132","09",Treptow-Köpenick,"132",W,1R,1,84,O,861,514,347,0,288,1,281,6,45,108,35,36,25,12,4,3,1,1,0,0,0,2,1,0,0,0,0,1,0,0,0,1,0,0,0,0,0,0,0,0,0,0,1,5
Zweitstimme,"09W133","09",Treptow-Köpenick,"133",W,1R,1,84,O,981,570,411,0,330,5,326,4,51,123,33,45,50,12,0,4,0,2,0,0,0,1,1,0,0,0,1,2,0,0,0,0,0,0,0,0,0,1,0,0,0,0,0,0
Zweitstimme,"09W134","09",Treptow-Köpenick,"134",W,1M,1,84,O,764,527,237,0,296,4,293,1,50,34,70,72,32,14,1,7,3,3,1,2,0,0,0,0,0,0,0,0,0,0,0,0,0,0,1,0,0,1,0,0,0,1,1,0
Zweitstimme,"09W135","09",Treptow-Köpenick,"135",W,1P,1,84,O,756,549,207,0,249,3,242,5,47,55,31,43,25,12,5,3,1,2,3,2,1,0,0,0,0,0,0,3,1,0,0,2,0,0,0,0,0,0,1,0,0,0,1,4
Zweitstimme,"09W136","09",Treptow-Köpenick,"136",W,1P,1,84,O,802,615,187,0,331,0,326,5,62,66,61,58,35,10,7,12,2,2,0,0,0,1,0,0,0,0,0,3,0,0,0,0,0,0,0,0,0,2,3,0,0,0,0,2
Zweitstimme,"09W137","09",Treptow-Köpenick,"137",W,1L,1,84,O,775,577,198,0,249,4,245,3,41,50,23,54,34,9,6,12,1,1,0,0,0,0,1,0,0,0,0,0,2,0,0,3,0,0,0,0,0,2,0,0,1,1,0,4
Zweitstimme,"09W138","09",Treptow-Köpenick,"138",W,1T,1,84,O,651,505,146,0,184,4,181,3,22,20,41,41,30,3,5,9,1,1,1,1,1,1,0,0,0,0,0,0,0,0,0,2,0,0,0,0,0,0,0,0,2,0,0,0
Zweitstimme,"09W139","09",Treptow-Köpenick,"139",W,1U,1,84,O,970,695,275,0,384,7,382,2,72,60,74,72,45,19,8,13,0,2,0,0,1,0,0,0,0,0,0,3,0,0,0,2,0,0,0,0,0,2,1,0,0,3,2,3
Zweitstimme,"09W140","09",Treptow-Köpenick,"140",W,1U,1,84,O,1029,696,333,0,346,9,341,5,48,52,75,62,48,11,6,10,2,2,1,1,0,1,0,0,0,0,0,3,0,0,0,2,0,0,2,0,0,0,3,0,1,2,1,8
Zweitstimme,"09W141","09",Treptow-Köpenick,"141",W,1T,1,84,O,602,425,177,0,203,4,200,3,23,68,34,15,27,16,5,5,2,0,0,2,0,0,0,1,0,0,0,0,0,0,0,1,0,0,0,0,0,0,0,0,0,0,0,1
Zweitstimme,"09W142","09",Treptow-Köpenick,"142",W,1V,1,84,O,845,656,189,0,240,4,238,2,31,37,28,33,52,8,8,14,1,1,2,2,1,1,0,0,0,0,0,2,0,0,0,2,0,0,1,0,0,2,2,0,1,1,4,4
Zweitstimme,"09W143","09",Treptow-Köpenick,"143",W,1V,1,84,O,978,722,256,0,331,0,325,5,42,44,42,72,62,14,9,12,2,1,2,2,1,0,0,1,0,0,0,2,1,0,0,1,0,0,1,0,0,5,1,0,1,0,3,4
Zweitstimme,"09B1A","09",Treptow-Köpenick,1A,B,1A,1,84,O,0,0,0,0,654,654,652,2,82,80,254,145,21,16,15,10,2,0,0,0,0,3,0,0,0,0,1,3,1,0,0,3,0,0,2,0,0,2,2,0,1,1,2,6
Zweitstimme,"09B1B","09",Treptow-Köpenick,1B,B,1B,1,84,O,0,0,0,0,386,386,383,2,47,68,95,99,23,6,12,9,2,2,1,0,0,0,1,0,0,1,1,1,3,0,0,0,0,0,0,1,0,1,6,0,0,1,0,3
Zweitstimme,"09B1C","09",Treptow-Köpenick,1C,B,1C,1,84,O,0,0,0,0,490,490,489,1,57,90,169,92,21,13,9,7,3,1,0,3,0,0,0,0,0,0,3,4,0,0,0,3,0,0,0,0,0,2,5,0,1,0,0,6
Zweitstimme,"09B1D","09",Treptow-Köpenick,1D,B,1D,1,84,O,0,0,0,0,424,424,421,3,63,39,161,85,12,10,12,11,1,1,0,4,1,0,0,1,0,3,0,3,0,0,0,0,0,0,1,0,0,2,3,0,0,1,0,7
Zweitstimme,"09B1E","09",Treptow-Köpenick,1E,B,1E,1,84,O,0,0,0,0,361,361,361,0,49,46,124,86,10,12,4,5,2,1,0,2,0,0,0,0,0,0,0,2,1,0,0,0,0,0,7,0,0,0,5,0,0,0,0,5
Zweitstimme,"09B1F","09",Treptow-Köpenick,1F,B,1F,1,84,O,0,0,0,0,702,702,699,2,95,100,216,156,26,33,24,14,1,0,0,3,0,0,1,1,0,2,4,2,1,0,0,2,0,0,0,0,0,1,3,0,1,3,2,8
Zweitstimme,"09B1G","09",Treptow-Köpenick,1G,B,1G,1,84,O,0,0,0,0,349,349,349,0,68,87,59,61,34,4,5,10,3,2,0,1,0,0,0,0,0,1,0,1,1,0,0,2,0,0,1,0,0,1,3,0,0,1,0,4
Zweitstimme,"09B1H","09",Treptow-Köpenick,1H,B,1H,1,84,O,0,0,0,0,339,339,336,3,69,76,41,71,28,5,10,16,0,1,0,3,0,2,0,0,0,1,0,2,0,0,0,4,0,0,1,0,0,0,0,0,3,0,1,2
Zweitstimme,"09B1I","09",Treptow-Köpenick,1I,B,1I,1,84,O,0,0,0,0,356,356,353,3,57,68,67,69,35,9,10,20,0,1,0,0,0,0,0,0,0,0,1,1,0,0,0,1,0,0,1,0,0,2,2,0,4,0,0,5
Zweitstimme,"09B1J","09",Treptow-Köpenick,1J,B,1J,1,84,O,0,0,0,0,404,404,400,2,90,88,34,81,56,11,6,13,2,2,0,2,0,0,0,0,0,0,1,2,1,0,0,3,0,0,0,1,0,0,1,0,1,0,2,3
Zweitstimme,"09B1K","09",Treptow-Köpenick,1K,B,1K,1,84,O,0,0,0,0,482,482,482,0,103,129,39,102,47,14,10,14,0,5,1,0,0,0,0,0,0,0,0,2,0,0,0,2,0,0,0,0,0,5,1,0,0,0,2,6
Zweitstimme,"09B1L","09",Treptow-Köpenick,1L,B,1L,1,84,O,0,0,0,0,365,365,357,8,78,66,53,74,26,11,15,14,1,2,0,0,0,2,0,0,0,0,0,0,0,0,0,1,0,0,0,1,0,4,1,0,2,1,3,2
Zweitstimme,"09B1M","09",Treptow-Köpenick,1M,B,1M,1,84,O,0,0,0,0,419,419,418,1,62,53,112,97,23,16,17,11,0,2,1,1,0,0,0,0,0,2,1,0,1,0,0,1,0,0,3,1,0,0,5,0,0,3,0,6
Zweitstimme,"09B1N","09",Treptow-Köpenick,1N,B,1N,1,84,O,0,0,0,0,452,452,448,4,98,83,70,112,26,17,16,8,1,1,0,0,1,0,0,1,0,1,0,1,2,0,0,2,0,0,1,0,0,0,1,0,1,0,0,5
Zweitstimme,"09B1P","09",Treptow-Köpenick,1P,B,1P,1,84,O,0,0,0,0,356,356,354,2,56,83,58,88,28,6,5,4,2,4,0,3,0,2,0,0,0,1,1,0,0,0,0,1,0,0,1,0,0,4,0,0,1,1,2,3
Zweitstimme,"09B1Q","09",Treptow-Köpenick,1Q,B,1Q,1,84,O,0,0,0,0,541,541,538,2,101,127,87,102,45,21,14,20,0,2,1,3,0,0,0,0,0,0,1,2,2,0,0,1,0,0,1,0,0,2,3,0,0,1,1,1
Zweitstimme,"09B1R","09",Treptow-Köpenick,1R,B,1R,1,84,O,0,0,0,0,695,695,695,0,142,256,62,80,67,33,3,14,2,2,0,1,0,3,0,0,0,0,0,4,2,0,0,2,0,0,0,1,0,3,2,0,1,1,8,6
Zweitstimme,"09B1S","09",Treptow-Köpenick,1S,B,1S,1,84,O,0,0,0,0,531,531,530,1,82,78,136,127,34,18,14,13,2,0,0,2,0,1,0,0,0,3,1,0,0,0,0,3,0,0,0,1,0,2,2,0,4,0,0,7
Zweitstimme,"09B1T","09",Treptow-Köpenick,1T,B,1T,1,84,O,0,0,0,0,276,276,276,0,41,61,43,40,30,15,10,12,1,2,0,4,0,3,0,0,0,1,0,0,0,0,0,2,0,0,0,0,0,1,2,0,0,1,0,7
Zweitstimme,"09B1U","09",Treptow-Köpenick,1U,B,1U,1,84,O,0,0,0,0,522,522,516,4,78,110,124,89,40,20,13,10,4,4,0,3,0,1,0,0,0,0,1,0,1,0,0,1,0,0,0,0,0,2,3,0,1,0,11,0
Zweitstimme,"09B1V","09",Treptow-Köpenick,1V,B,1V,1,84,O,0,0,0,0,387,387,385,2,64,69,74,64,42,10,10,22,3,1,0,3,0,0,0,2,0,1,2,4,3,0,0,0,0,0,4,1,0,2,1,0,1,0,0,2
Zweitstimme,"09W201","09",Treptow-Köpenick,"201",W,2A,2,84,O,906,547,359,0,288,4,286,2,54,67,43,47,33,7,9,11,0,1,0,0,0,1,0,0,0,0,1,2,2,0,0,1,0,0,1,0,0,2,0,0,0,1,1,2
Zweitstimme,"09W202","09",Treptow-Köpenick,"202",W,2I,2,84,O,891,557,334,0,286,2,281,2,83,66,31,39,35,4,5,4,4,0,0,1,0,0,0,0,0,0,1,4,0,0,0,2,0,0,0,1,0,0,1,0,0,0,0,0
Zweitstimme,"09W203","09",Treptow-Köpenick,"203",W,2F,2,84,O,789,513,276,0,234,3,231,3,59,58,20,29,35,4,6,7,1,3,0,1,0,0,0,0,0,0,0,1,0,0,0,4,0,0,1,0,0,0,0,0,0,1,1,0
Zweitstimme,"09W204","09",Treptow-Köpenick,"204",W,2F,2,84,O,908,667,241,0,360,5,356,4,75,77,31,42,70,18,8,9,3,1,2,2,0,2,0,0,0,0,1,2,2,0,0,4,0,0,0,0,0,0,0,0,1,1,3,2
Zweitstimme,"09W205","09",Treptow-Köpenick,"205",W,2A,2,84,O,890,630,260,0,366,1,363,2,75,96,26,41,79,15,0,8,2,1,2,2,0,0,0,0,0,0,0,3,2,0,0,2,0,0,0,0,0,3,1,0,0,1,1,3
Zweitstimme,"09W206","09",Treptow-Köpenick,"206",W,2B,2,84,O,810,621,189,0,296,1,291,5,73,80,8,50,55,6,1,5,0,2,0,2,0,0,0,0,0,0,0,1,0,0,0,5,0,0,1,0,0,1,0,0,0,0,1,0
Zweitstimme,"09W207","09",Treptow-Köpenick,"207",W,2B,2,84,O,894,645,249,0,347,1,345,2,101,95,14,39,58,4,2,9,1,4,1,2,1,0,0,0,0,0,1,2,0,0,0,5,0,0,0,3,0,2,0,0,0,0,1,0
Zweitstimme,"09W208","09",Treptow-Köpenick,"208",W,2D,2,84,O,789,611,178,0,329,3,325,4,88,65,17,54,66,10,1,12,1,4,1,1,0,0,0,0,0,0,1,0,0,0,0,0,0,0,0,0,0,2,0,0,0,0,2,0
Zweitstimme,"09W209","09",Treptow-Köpenick,"209",W,2D,2,84,O,817,635,182,0,314,0,312,2,61,76,28,53,49,7,1,22,2,1,0,3,0,0,0,0,0,2,0,1,0,0,0,0,0,0,0,0,0,1,1,0,0,0,1,3
Zweitstimme,"09W210","09",Treptow-Köpenick,"210",W,2C,2,84,O,703,499,204,0,286,0,282,4,64,100,12,22,57,8,4,6,1,1,0,0,0,0,1,0,0,0,0,0,0,0,0,1,0,0,0,0,0,0,0,0,1,1,2,1
Zweitstimme,"09W211","09",Treptow-Köpenick,"211",W,2H,2,84,O,1150,678,472,0,422,7,421,1,68,133,69,33,52,22,5,13,0,1,1,1,1,0,0,0,0,1,1,0,0,0,0,2,0,0,1,0,0,0,4,0,0,1,5,7
Zweitstimme,"09W212","09",Treptow-Köpenick,"212",W,2C,2,84,O,951,618,333,0,358,0,356,2,68,124,18,28,79,12,8,5,1,0,0,0,0,1,0,0,0,0,0,2,2,0,0,0,0,0,0,0,0,1,0,0,1,0,5,1
Zweitstimme,"09W213","09",Treptow-Köpenick,"213",W,2I,2,84,O,985,711,274,0,367,5,365,2,74,75,43,67,57,9,4,10,2,6,0,2,0,0,0,0,0,0,0,0,0,0,0,8,0,0,0,0,0,1,0,0,3,1,0,3
Zweitstimme,"09W214","09",Treptow-Köpenick,"214",W,2H,2,84,O,692,508,184,0,252,3,248,4,39,38,32,43,56,13,7,7,0,0,0,0,0,2,0,0,0,0,0,1,1,0,0,3,0,0,0,0,0,1,0,0,1,0,1,3
Zweitstimme,"09W215","09",Treptow-Köpenick,"215",W,2G,2,84,O,728,531,197,0,341,3,339,2,58,87,32,52,67,9,4,12,1,2,0,1,0,0,0,0,0,0,1,3,0,0,0,5,0,0,0,0,0,2,1,0,0,0,1,1
Zweitstimme,"09W216","09",Treptow-Köpenick,"216",W,2G,2,84,O,849,602,247,0,382,6,378,3,80,89,53,48,57,13,5,13,2,1,1,1,0,0,0,0,0,2,1,1,0,0,0,3,0,0,0,1,0,1,1,0,1,2,0,2
Zweitstimme,"09W217","09",Treptow-Köpenick,"217",W,2E,2,84,O,999,658,341,0,372,4,368,4,80,82,39,67,49,10,4,8,3,2,0,1,0,0,0,0,0,0,0,5,2,0,0,3,0,0,3,0,0,2,1,0,1,1,0,5
Zweitstimme,"09W218","09",Treptow-Köpenick,"218",W,2E,2,84,O,1036,731,305,0,350,0,346,4,47,63,44,61,61,12,9,24,1,2,2,1,0,0,0,0,0,1,0,2,1,0,0,5,0,0,0,0,0,1,1,0,0,3,2,3
Zweitstimme,"09W219","09",Treptow-Köpenick,"219",W,2S,2,84,O,627,514,113,0,186,0,185,1,28,15,34,53,35,5,8,4,0,0,0,0,0,0,0,0,0,0,0,0,0,0,0,0,0,0,0,0,0,0,1,0,0,1,0,1
Zweitstimme,"09W220","09",Treptow-Köpenick,"220",W,2V,2,84,O,875,692,183,0,303,10,299,4,51,35,38,67,48,10,8,11,3,1,4,2,0,0,1,1,0,0,0,1,0,0,0,0,0,0,2,3,0,1,4,0,1,1,2,4
Zweitstimme,"09W221","09",Treptow-Köpenick,"221",W,2V,2,84,O,648,492,156,0,217,3,214,3,37,30,39,47,22,9,5,5,3,1,1,1,0,1,0,0,0,0,1,2,0,0,0,3,0,0,0,0,0,1,1,0,1,0,0,4
Zweitstimme,"09W222","09",Treptow-Köpenick,"222",W,2U,2,84,O,607,453,154,0,183,2,183,0,21,32,24,43,24,9,4,12,0,0,0,0,0,0,0,0,0,1,0,4,0,0,0,1,0,0,0,2,0,1,2,0,1,1,0,1
Zweitstimme,"09W223","09",Treptow-Köpenick,"223",W,2N,2,84,O,829,596,233,0,329,5,324,5,56,51,40,68,62,5,6,8,2,2,0,3,0,1,0,0,0,0,0,5,2,0,0,1,0,0,4,0,0,1,1,0,1,0,2,3
Zweitstimme,"09W224","09",Treptow-Köpenick,"224",W,2U,2,84,O,929,701,228,0,388,0,387,1,87,78,50,68,52,9,5,19,1,3,1,2,0,1,0,0,0,0,1,2,0,0,0,1,0,0,0,0,0,0,0,0,1,3,2,1
Zweitstimme,"09W225","09",Treptow-Köpenick,"225",W,2T,2,84,O,773,569,204,0,269,5,265,3,40,39,51,48,38,9,5,6,1,4,3,0,0,1,1,0,0,1,0,4,0,0,0,5,0,0,2,0,0,0,3,0,0,1,1,2
Zweitstimme,"09W226","09",Treptow-Köpenick,"226",W,2T,2,84,O,832,568,264,0,310,4,308,2,43,61,61,55,39,12,4,9,0,3,1,2,1,0,0,0,0,1,0,2,0,0,0,1,0,0,3,0,0,1,0,0,1,0,3,5
Zweitstimme,"09W227","09",Treptow-Köpenick,"227",W,2S,2,84,O,852,608,244,0,271,3,266,5,47,36,61,44,31,12,7,9,1,2,0,1,0,1,1,0,0,0,0,2,0,0,0,0,0,0,3,0,0,0,0,0,0,3,2,3
Zweitstimme,"09W228","09",Treptow-Köpenick,"228",W,2R,2,84,O,809,623,186,0,297,3,293,4,35,51,53,61,33,12,11,11,0,1,1,3,0,0,0,0,0,0,2,2,1,0,0,2,0,0,0,2,0,2,1,0,1,2,1,5
Zweitstimme,"09W229","09",Treptow-Köpenick,"229",W,2R,2,84,O,815,585,230,0,224,5,222,2,31,27,31,48,43,6,10,7,0,1,1,0,0,2,0,0,0,0,0,4,0,0,0,2,0,0,0,0,0,0,0,0,3,1,0,5
Zweitstimme,"09W230","09",Treptow-Köpenick,"230",W,2P,2,84,O,860,659,201,0,338,7,335,3,48,48,71,68,39,12,12,12,0,0,1,0,0,2,0,1,0,3,1,2,0,0,0,2,0,0,0,0,0,2,1,0,2,1,1,6
Zweitstimme,"09W231","09",Treptow-Köpenick,"231",W,2Q,2,84,O,764,547,217,0,264,5,260,4,57,36,42,45,41,9,2,8,0,3,0,0,0,1,1,0,0,0,0,3,1,0,0,0,0,0,1,0,0,4,1,0,1,0,1,3
Zweitstimme,"09W232","09",Treptow-Köpenick,"232",W,2Q,2,84,O,1015,780,235,0,343,0,340,2,58,60,18,61,78,6,7,20,4,1,2,2,0,2,0,0,0,1,0,5,0,0,0,3,0,0,0,0,0,6,0,0,1,1,2,2
Zweitstimme,"09W233","09",Treptow-Köpenick,"233",W,2P,2,84,O,1046,797,249,0,341,4,338,3,59,58,50,46,58,13,8,14,4,0,1,2,0,0,2,0,0,0,0,0,1,0,0,2,0,0,4,0,0,1,4,0,1,2,2,6
Zweitstimme,"09W234","09",Treptow-Köpenick,"234",W,2N,2,84,O,1035,667,368,0,255,5,253,2,42,49,37,42,43,9,9,7,1,0,1,0,0,1,0,0,0,0,0,1,1,0,0,1,0,0,2,0,0,1,1,0,1,0,0,4
Zweitstimme,"09W235","09",Treptow-Köpenick,"235",W,2J,2,84,O,899,706,193,0,352,1,350,2,56,56,65,65,53,9,9,13,4,1,1,0,0,1,0,1,0,0,0,1,0,0,0,1,0,0,3,1,0,0,2,0,1,1,0,6
Zweitstimme,"09W236","09",Treptow-Köpenick,"236",W,2J,2,84,O,927,713,214,0,302,4,298,4,53,56,30,57,50,12,8,13,0,0,0,0,0,0,1,0,0,0,0,3,1,0,0,4,0,0,0,1,0,0,0,0,1,3,3,2
Zweitstimme,"09W237","09",Treptow-Köpenick,"237",W,2K,2,84,O,856,589,267,0,321,3,319,2,71,58,35,58,47,5,10,8,1,1,0,2,0,0,1,1,0,0,0,0,0,0,0,7,0,0,0,0,0,4,0,0,2,0,2,6
Zweitstimme,"09W238","09",Treptow-Köpenick,"238",W,2K,2,84,O,973,784,189,0,327,3,324,3,77,74,27,45,67,8,6,9,1,0,1,1,1,0,0,0,0,0,0,1,0,0,0,3,0,0,0,0,0,1,0,0,0,0,0,2
Zweitstimme,"09W239","09",Treptow-Köpenick,"239",W,2L,2,84,O,906,551,355,0,390,0,386,3,80,123,46,44,62,7,5,8,1,2,0,1,0,1,0,0,0,0,0,3,0,0,0,0,0,0,0,0,0,0,0,0,0,0,0,3
Zweitstimme,"09W240","09",Treptow-Köpenick,"240",W,2L,2,84,O,784,584,200,0,274,1,271,3,45,60,7,65,57,4,1,8,1,0,3,0,0,4,0,0,0,0,0,2,0,0,0,11,0,0,0,0,0,2,0,0,0,0,1,0
Zweitstimme,"09W241","09",Treptow-Köpenick,"241",W,2M,2,84,O,1036,736,300,0,358,6,354,4,57,92,41,64,56,10,7,7,2,1,0,2,0,2,0,0,0,0,1,3,0,0,0,4,0,0,0,0,0,0,0,0,1,1,2,1
Zweitstimme,"09B2A","09",Treptow-Köpenick,2A,B,2A,2,84,O,0,0,0,0,566,566,563,3,135,176,68,81,40,15,7,11,2,7,0,1,2,0,2,0,0,0,0,1,1,0,0,4,0,0,1,1,0,2,0,0,2,1,0,3
Zweitstimme,"09B2B","09",Treptow-Köpenick,2B,B,2B,2,84,O,0,0,0,0,397,397,392,3,116,98,8,67,60,11,4,11,0,1,1,3,0,3,2,0,0,0,0,0,1,0,0,1,0,0,0,0,0,1,0,0,2,2,0,0
Zweitstimme,"09B2C","09",Treptow-Köpenick,2C,B,2C,2,84,O,0,0,0,0,476,476,474,2,122,175,35,40,45,26,4,8,0,5,0,2,0,1,0,0,0,0,0,3,0,0,0,3,0,0,1,0,0,3,0,0,1,0,0,0
Zweitstimme,"09B2D","09",Treptow-Köpenick,2D,B,2D,2,84,O,0,0,0,0,327,327,324,3,87,68,26,62,37,10,6,11,2,0,0,1,0,3,0,0,0,0,1,1,0,0,0,3,0,0,1,0,0,2,1,0,1,0,0,1
Zweitstimme,"09B2E","09",Treptow-Köpenick,2E,B,2E,2,84,O,0,0,0,0,575,575,573,2,128,129,68,90,56,26,12,25,2,5,0,3,0,0,0,0,0,0,1,3,1,0,0,4,0,0,0,0,0,3,1,0,5,2,2,7
Zweitstimme,"09B2F","09",Treptow-Köpenick,2F,B,2F,2,84,O,0,0,0,0,456,456,453,1,129,98,51,65,48,24,5,15,0,0,0,1,0,0,0,0,0,0,0,3,0,0,0,3,0,0,1,0,0,2,0,0,2,1,1,4
Zweitstimme,"09B2G","09",Treptow-Köpenick,2G,B,2G,2,84,O,0,0,0,0,394,394,391,3,90,83,47,74,36,15,10,13,2,3,0,2,1,2,0,0,0,0,1,3,1,0,0,0,0,0,1,0,0,1,1,0,0,2,0,3
Zweitstimme,"09B2H","09",Treptow-Köpenick,2H,B,2H,2,84,O,0,0,0,0,604,604,600,2,109,197,79,69,53,30,11,14,3,1,1,3,0,3,1,0,0,0,0,2,2,0,0,5,0,0,2,0,0,2,2,0,2,3,4,2
Zweitstimme,"09B2I","09",Treptow-Köpenick,2I,B,2I,2,84,O,0,0,0,0,549,549,549,0,139,149,52,80,59,13,4,16,0,5,1,0,2,0,0,0,0,1,0,2,0,0,0,5,0,0,2,1,0,10,2,0,2,0,1,3
Zweitstimme,"09B2J","09",Treptow-Köpenick,2J,B,2J,2,84,O,0,0,0,0,356,356,354,2,61,78,59,52,43,13,5,14,2,1,1,1,0,1,0,0,0,1,0,2,2,0,0,3,0,0,0,1,0,3,0,0,2,0,2,7
Zweitstimme,"09B2K","09",Treptow-Köpenick,2K,B,2K,2,84,O,0,0,0,0,400,400,397,3,101,93,46,51,42,17,6,16,1,0,0,1,0,0,0,0,0,1,1,1,1,0,0,1,0,0,4,0,0,2,0,0,1,0,0,11
Zweitstimme,"09B2L","09",Treptow-Köpenick,2L,B,2L,2,84,O,0,0,0,0,511,511,503,8,124,147,41,99,48,10,6,8,1,1,0,1,0,4,0,0,0,0,0,1,1,0,0,3,0,0,0,0,0,4,2,0,0,1,1,0
Zweitstimme,"09B2M","09",Treptow-Köpenick,2M,B,2M,2,84,O,0,0,0,0,273,273,273,0,52,55,30,74,24,7,5,7,0,0,2,1,0,4,0,0,0,0,0,4,0,0,0,2,0,0,0,0,0,3,2,0,0,0,0,1
Zweitstimme,"09B2N","09",Treptow-Köpenick,2N,B,2N,2,84,O,0,0,0,0,543,543,541,2,135,135,69,82,32,31,9,14,1,1,2,1,0,0,0,0,0,0,2,3,2,0,0,7,0,0,1,0,0,6,3,0,0,2,0,3
Zweitstimme,"09B2P","09",Treptow-Köpenick,2P,B,2P,2,84,O,0,0,0,0,375,375,373,2,76,62,67,81,19,19,14,16,0,1,0,0,0,0,0,0,0,1,0,2,3,0,0,2,0,0,2,1,0,1,1,0,0,1,0,4
Zweitstimme,"09B2Q","09",Treptow-Köpenick,2Q,B,2Q,2,84,O,0,0,0,0,392,392,392,0,73,80,63,65,41,8,11,20,2,3,1,2,0,3,0,0,0,0,1,1,2,0,0,4,0,0,2,0,0,1,1,0,0,1,1,6
Zweitstimme,"09B2R","09",Treptow-Köpenick,2R,B,2R,2,84,O,0,0,0,0,358,358,356,2,47,56,90,69,31,13,12,16,2,0,0,0,0,1,1,0,0,0,2,2,1,0,0,4,0,0,2,1,0,2,1,0,0,0,0,3
Zweitstimme,"09B2S","09",Treptow-Köpenick,2S,B,2S,2,84,O,0,0,0,0,313,313,311,2,61,45,63,65,18,11,11,18,2,0,0,1,0,0,0,0,0,0,0,0,1,0,0,0,0,0,1,0,0,4,2,0,2,0,0,6
Zweitstimme,"09B2T","09",Treptow-Köpenick,2T,B,2T,2,84,O,0,0,0,0,435,435,428,5,77,67,86,78,37,15,14,26,5,4,0,1,1,1,0,0,0,1,0,1,1,0,0,2,0,0,1,0,0,0,3,0,3,2,0,2
Zweitstimme,"09B2U","09",Treptow-Köpenick,2U,B,2U,2,84,O,0,0,0,0,338,338,335,3,73,44,60,61,26,16,16,16,0,0,0,2,0,1,1,0,0,0,0,1,1,0,0,4,0,0,1,1,0,4,1,0,0,3,0,3
Zweitstimme,"09B2V","09",Treptow-Köpenick,2V,B,2V,2,84,O,0,0,0,0,307,307,306,1,42,37,63,57,27,14,9,18,4,3,0,4,0,1,0,0,0,0,0,4,0,0,0,3,0,0,1,0,0,3,3,0,3,1,0,9
Zweitstimme,"09W301","09",Treptow-Köpenick,"301",W,3A,3,84,O,996,644,352,0,429,4,425,1,68,136,30,55,73,20,6,18,1,1,1,0,0,1,0,0,0,0,0,3,2,0,0,2,0,0,0,2,0,0,1,0,1,0,0,4
Zweitstimme,"09W302","09",Treptow-Köpenick,"302",W,3C,3,84,O,849,610,239,0,291,5,286,3,39,61,34,43,63,10,6,7,0,0,0,1,0,0,0,0,0,0,3,1,1,0,0,4,0,0,1,0,0,1,0,0,4,1,3,3
Zweitstimme,"09W303","09",Treptow-Köpenick,"303",W,3B,3,84,O,1068,762,306,0,348,4,346,2,56,74,46,46,62,10,12,10,3,6,0,1,0,0,0,0,0,0,0,4,0,0,0,4,0,0,0,0,0,2,1,0,1,1,2,5
Zweitstimme,"09W304","09",Treptow-Köpenick,"304",W,3D,3,84,O,885,595,290,0,311,1,308,3,55,97,20,34,64,12,5,6,0,4,1,1,0,0,0,0,0,0,0,2,0,0,0,4,0,0,1,0,0,0,1,0,0,1,0,0
Zweitstimme,"09W305","09",Treptow-Köpenick,"305",W,3D,3,84,O,807,542,265,0,316,7,313,3,47,72,30,50,75,6,4,12,0,2,1,0,1,1,0,0,0,0,1,2,0,0,0,3,0,0,0,0,0,2,0,0,0,1,2,1
Zweitstimme,"09W306","09",Treptow-Köpenick,"306",W,3F,3,84,O,871,617,254,0,349,4,340,9,78,74,50,40,46,11,8,10,0,6,0,0,0,0,0,0,0,0,1,2,0,0,0,4,0,0,0,0,0,2,0,0,2,2,1,3
Zweitstimme,"09W307","09",Treptow-Köpenick,"307",W,3G,3,84,O,745,547,198,0,260,5,257,3,43,41,41,40,49,9,5,12,0,1,1,1,1,0,0,0,0,0,0,2,0,0,0,1,0,0,3,0,0,3,2,0,0,0,1,1
Zweitstimme,"09W308","09",Treptow-Köpenick,"308",W,3F,3,84,O,890,694,196,0,367,1,360,7,69,68,51,55,61,13,7,15,3,1,0,2,0,1,0,0,0,0,0,3,0,0,0,3,0,0,0,0,0,4,0,0,0,0,1,3
Zweitstimme,"09W309","09",Treptow-Köpenick,"309",W,3G,3,84,O,940,713,227,0,349,2,347,2,52,70,40,62,54,19,7,18,2,6,0,0,0,0,0,0,0,0,2,2,0,0,0,2,0,0,0,0,0,5,1,0,0,1,2,2
Zweitstimme,"09W310","09",Treptow-Köpenick,"310",W,3E,3,84,O,913,710,203,0,329,3,326,3,62,65,22,49,56,13,10,19,0,4,3,4,0,0,0,0,0,0,0,2,0,0,0,4,0,0,1,0,0,3,2,0,2,0,0,5
Zweitstimme,"09W311","09",Treptow-Köpenick,"311",W,3B,3,84,O,874,653,221,0,297,0,293,4,55,60,40,39,61,8,2,5,5,3,1,1,0,0,0,0,0,0,0,3,0,0,0,2,0,0,1,0,0,2,1,0,1,1,0,2
Zweitstimme,"09W312","09",Treptow-Köpenick,"312",W,3C,3,84,O,847,583,264,0,318,7,315,3,66,70,38,55,57,5,2,7,1,2,0,2,0,1,0,0,0,0,0,0,0,0,0,3,0,0,0,0,0,1,1,0,0,1,0,3
Zweitstimme,"09W313","09",Treptow-Köpenick,"313",W,3A,3,84,O,766,551,215,0,247,1,241,6,49,60,25,27,55,7,2,5,0,1,4,0,0,2,0,1,0,0,0,0,0,0,0,1,0,0,0,0,0,0,0,0,1,1,0,0
Zweitstimme,"09W314","09",Treptow-Köpenick,"314",W,3E,3,84,O,695,537,158,0,212,5,211,1,31,37,29,27,50,13,4,11,0,0,3,0,0,0,0,0,0,0,1,0,0,0,0,3,0,0,1,0,0,0,0,0,0,0,0,1
Zweitstimme,"09W315","09",Treptow-Köpenick,"315",W,3H,3,84,O,782,489,293,0,266,5,266,0,38,66,46,28,27,19,2,16,2,1,1,2,1,0,0,0,0,0,1,1,0,0,0,1,0,0,0,0,0,0,7,0,1,2,0,4
Zweitstimme,"09W316","09",Treptow-Köpenick,"316",W,3H,3,84,O,1024,688,336,0,357,10,355,2,72,97,72,23,33,18,4,9,2,2,0,1,2,0,0,0,0,0,0,2,0,0,0,5,0,0,0,0,0,1,0,0,0,1,2,9
Zweitstimme,"09W317","09",Treptow-Köpenick,"317",W,3I,3,84,O,900,645,255,0,314,6,312,2,56,122,25,19,60,13,1,7,0,1,0,2,0,0,0,1,0,0,0,1,1,0,0,0,0,0,1,0,0,0,0,0,0,0,1,1
Zweitstimme,"09W318","09",Treptow-Köpenick,"318",W,3I,3,84,O,757,483,274,0,295,2,294,1,54,117,26,20,47,8,5,7,1,1,1,0,0,0,0,0,0,0,1,2,0,0,0,0,0,0,0,0,0,0,0,0,0,0,0,4
Zweitstimme,"09W319","09",Treptow-Köpenick,"319",W,3K,3,84,O,909,608,301,0,379,5,377,2,58,150,22,30,81,7,5,7,1,2,1,1,0,0,0,0,0,0,0,3,0,0,0,3,0,0,0,0,0,3,0,0,1,0,2,0
Zweitstimme,"09W320","09",Treptow-Köpenick,"320",W,3L,3,84,O,925,668,257,0,369,1,365,4,47,132,20,44,67,18,2,9,1,4,1,2,0,1,1,0,0,0,0,2,2,0,0,7,0,0,0,1,0,0,0,0,1,3,0,0
Zweitstimme,"09W321","09",Treptow-Köpenick,"321",W,3J,3,84,O,749,503,246,0,302,0,300,2,50,104,24,29,63,13,7,1,0,0,0,0,0,0,0,0,0,0,0,1,1,0,0,1,0,0,1,0,0,0,0,0,0,3,2,0
Zweitstimme,"09W322","09",Treptow-Köpenick,"322",W,3K,3,84,O,914,620,294,0,336,0,335,1,44,109,20,42,77,15,4,11,1,2,0,1,0,0,0,0,0,0,2,3,0,0,0,0,0,0,0,0,0,0,0,0,0,1,2,1
Zweitstimme,"09W323","09",Treptow-Köpenick,"323",W,3J,3,84,O,843,546,297,0,350,8,346,4,49,112,37,45,62,10,4,12,1,1,0,0,0,1,0,0,0,0,0,3,0,0,0,2,0,0,0,0,0,2,0,0,0,0,1,4
Zweitstimme,"09W324","09",Treptow-Köpenick,"324",W,3L,3,84,O,854,521,333,0,319,5,317,2,47,128,17,34,66,6,5,4,1,1,0,0,0,1,0,0,0,0,0,0,1,0,0,1,0,0,0,0,0,0,2,0,1,0,2,0
Zweitstimme,"09W325","09",Treptow-Köpenick,"325",W,3M,3,84,O,857,585,272,0,398,0,394,2,62,143,38,44,66,19,4,5,1,1,0,0,0,1,0,0,0,0,1,1,0,0,0,3,0,0,0,0,0,2,1,0,0,0,0,2
Zweitstimme,"09W326","09",Treptow-Köpenick,"326",W,3M,3,84,O,1065,656,409,0,392,7,390,2,72,133,33,43,72,14,3,10,1,1,0,0,0,2,0,0,0,0,1,0,0,0,0,2,0,0,0,0,0,0,0,0,1,1,1,0
Zweitstimme,"09W327","09",Treptow-Köpenick,"327",W,3Q,3,84,O,873,681,192,0,403,1,399,4,65,131,10,31,89,16,4,20,1,5,2,0,0,0,1,0,0,0,0,2,2,0,0,8,0,0,2,1,0,2,1,0,3,0,1,2
Zweitstimme,"09W328","09",Treptow-Köpenick,"328",W,3N,3,84,O,808,525,283,0,298,3,295,3,43,97,22,29,56,13,4,11,3,2,1,2,0,0,1,1,0,0,0,1,2,0,0,0,0,0,1,0,0,1,0,0,0,1,3,1
Zweitstimme,"09W329","09",Treptow-Köpenick,"329",W,3N,3,84,O,735,528,207,0,239,0,238,1,30,74,9,27,58,8,2,13,0,2,1,1,0,1,0,0,0,0,0,0,0,0,0,6,0,0,0,0,0,2,0,0,1,2,0,1
Zweitstimme,"09W330","09",Treptow-Köpenick,"330",W,3P,3,84,O,750,610,140,0,233,3,230,2,27,65,3,25,79,0,4,11,1,3,1,2,0,0,0,0,0,0,0,0,1,0,0,3,0,0,0,0,0,1,0,0,0,0,3,1
Zweitstimme,"09W331","09",Treptow-Köpenick,"331",W,3Q,3,84,O,802,676,126,0,252,2,251,1,30,75,2,19,87,9,4,8,0,2,0,0,0,1,0,0,0,0,0,2,2,0,0,3,0,0,0,0,0,1,0,0,4,0,0,2
Zweitstimme,"09W332","09",Treptow-Köpenick,"332",W,3P,3,84,O,1069,835,234,0,240,0,236,4,27,71,12,11,80,12,2,6,0,3,1,1,1,1,0,0,0,0,1,0,1,0,0,3,0,0,0,0,0,0,1,0,1,0,1,0
Zweitstimme,"09W333","09",Treptow-Köpenick,"333",W,3R,3,84,O,807,631,176,0,332,0,325,7,49,102,8,32,103,6,3,8,1,1,1,0,0,0,0,0,0,0,0,3,1,0,0,3,0,0,0,0,0,1,0,0,1,0,1,1
Zweitstimme,"09W334","09",Treptow-Köpenick,"334",W,3S,3,84,O,771,539,232,0,255,2,253,2,41,74,16,34,43,12,4,12,3,0,2,1,0,0,0,0,0,0,0,4,0,0,0,3,0,0,0,0,0,0,1,0,0,0,2,1
Zweitstimme,"09W335","09",Treptow-Köpenick,"335",W,3S,3,84,O,861,590,271,0,358,1,348,6,52,119,11,49,83,11,3,7,0,1,0,1,0,2,0,0,0,0,0,2,0,0,0,3,0,0,0,0,0,1,0,0,0,0,2,1
Zweitstimme,"09W336","09",Treptow-Köpenick,"336",W,3T,3,84,O,1045,705,340,0,391,1,390,1,78,135,12,35,89,8,4,7,0,1,1,4,0,1,0,0,0,0,0,2,1,0,0,2,0,0,0,0,0,3,0,0,3,1,2,1
Zweitstimme,"09W337","09",Treptow-Köpenick,"337",W,3R,3,84,O,878,550,328,0,348,0,345,3,52,134,12,31,76,16,1,3,2,2,1,0,0,1,0,0,0,0,0,0,0,0,0,1,0,0,2,0,0,5,1,0,1,2,2,0
Zweitstimme,"09W338","09",Treptow-Köpenick,"338",W,3V,3,84,O,750,645,105,0,241,1,232,9,36,61,8,16,73,7,3,11,3,3,2,2,0,0,0,0,0,0,1,2,0,0,0,3,0,0,1,0,0,0,0,0,0,0,0,0
Zweitstimme,"09W339","09",Treptow-Köpenick,"339",W,3U,3,84,O,890,797,93,0,212,0,207,5,35,44,4,21,67,2,2,9,2,2,2,1,1,0,0,0,0,1,0,2,1,0,0,4,0,0,0,0,0,2,0,0,2,2,0,1
Zweitstimme,"09W340","09",Treptow-Köpenick,"340",W,3U,3,84,O,801,724,77,0,214,1,209,4,32,54,1,29,65,8,3,6,2,1,3,2,0,0,0,0,0,0,0,1,1,0,0,0,0,0,0,0,0,1,0,0,0,0,0,0
Zweitstimme,"09W341","09",Treptow-Köpenick,"341",W,3V,3,84,O,887,698,189,0,308,0,300,5,51,73,6,44,85,5,3,14,1,3,2,0,0,0,0,0,0,0,0,3,0,0,0,3,0,0,1,0,0,2,0,0,1,0,2,1
Zweitstimme,"09B3A","09",Treptow-Köpenick,3A,B,3A,3,84,O,0,0,0,0,540,540,539,1,123,157,53,84,45,20,7,17,2,3,1,0,1,0,0,0,0,0,0,4,4,0,0,2,0,0,0,0,0,3,1,0,3,0,1,8
Zweitstimme,"09B3B","09",Treptow-Köpenick,3B,B,3B,3,84,O,0,0,0,0,459,459,455,4,77,106,65,71,49,16,11,26,3,2,4,2,1,5,1,0,0,0,1,2,1,0,0,3,0,0,1,0,0,2,0,0,3,0,1,2
Zweitstimme,"09B3C","09",Treptow-Köpenick,3C,B,3C,3,84,O,0,0,0,0,451,451,446,4,82,104,57,74,58,13,14,11,1,3,0,1,0,0,1,1,0,1,0,3,1,0,0,3,0,0,1,0,0,2,2,0,3,4,4,2
Zweitstimme,"09B3D","09",Treptow-Köpenick,3D,B,3D,3,84,O,0,0,0,0,491,491,483,8,102,131,32,100,54,13,4,14,2,3,1,1,0,2,0,0,0,0,1,5,2,0,0,2,0,0,0,0,0,1,2,0,0,4,0,7
Zweitstimme,"09B3E","09",Treptow-Köpenick,3E,B,3E,3,84,O,0,0,0,0,313,313,313,0,69,69,33,58,25,11,2,18,2,2,0,2,1,0,0,0,0,0,0,1,1,0,0,5,0,0,2,0,0,3,0,0,2,0,2,5
Zweitstimme,"09B3F","09",Treptow-Köpenick,3F,B,3F,3,84,O,0,0,0,0,397,397,395,2,83,98,53,49,41,15,10,17,0,2,1,3,1,0,0,0,0,0,1,1,1,0,0,4,0,0,1,0,0,6,0,0,2,0,2,4
Zweitstimme,"09B3G","09",Treptow-Köpenick,3G,B,3G,3,84,O,0,0,0,0,377,377,372,5,76,73,64,59,28,21,6,17,0,2,1,1,0,0,0,0,0,0,0,3,0,0,0,5,0,0,1,0,0,1,1,0,2,0,6,5
Zweitstimme,"09B3H","09",Treptow-Köpenick,3H,B,3H,3,84,O,0,0,0,0,583,583,579,3,95,171,129,61,27,35,9,12,6,1,0,5,0,2,1,0,0,0,1,2,4,0,0,2,0,0,1,0,0,3,3,0,0,2,0,7
Zweitstimme,"09B3I","09",Treptow-Köpenick,3I,B,3I,3,84,O,0,0,0,0,470,470,467,3,86,173,43,46,52,15,5,18,0,1,3,1,0,1,0,0,0,0,0,0,2,0,0,6,0,0,1,3,0,3,0,0,0,1,5,2
Zweitstimme,"09B3J","09",Treptow-Köpenick,3J,B,3J,3,84,O,0,0,0,0,473,473,472,1,88,203,38,50,42,19,8,7,0,1,0,5,0,0,0,0,0,0,0,0,3,0,0,1,0,0,1,0,0,2,1,0,0,0,1,2
Zweitstimme,"09B3K","09",Treptow-Köpenick,3K,B,3K,3,84,O,0,0,0,0,533,533,530,3,90,189,37,72,63,20,11,24,1,1,2,3,3,0,0,0,0,0,0,1,0,0,0,2,0,0,1,0,0,2,0,0,1,2,4,1
Zweitstimme,"09B3L","09",Treptow-Köpenick,3L,B,3L,3,84,O,0,0,0,0,521,521,508,1,92,215,58,52,42,16,3,8,2,3,0,0,0,0,0,0,0,0,1,3,1,0,0,1,0,0,0,0,0,4,0,0,2,1,3,1
Zweitstimme,"09B3M","09",Treptow-Köpenick,3M,B,3M,3,84,O,0,0,0,0,639,639,637,2,124,267,53,77,52,13,7,11,4,8,0,1,0,0,0,0,0,1,0,6,2,0,0,1,0,0,0,0,0,5,0,0,1,0,2,2
Zweitstimme,"09B3N","09",Treptow-Köpenick,3N,B,3N,3,84,O,0,0,0,0,438,438,435,3,71,176,38,32,56,19,2,14,1,5,1,0,1,1,0,0,0,0,0,0,3,0,0,5,0,0,1,1,0,1,1,0,3,0,0,3
Zweitstimme,"09B3P","09",Treptow-Köpenick,3P,B,3P,3,84,O,0,0,0,0,321,321,312,7,64,74,10,52,49,7,4,14,3,5,0,3,0,1,0,0,0,0,0,1,2,0,0,6,0,0,1,1,0,5,3,0,4,1,2,0
Zweitstimme,"09B3Q","09",Treptow-Köpenick,3Q,B,3Q,3,84,O,0,0,0,0,286,286,284,2,51,113,14,22,45,8,4,9,0,3,0,1,0,0,0,0,0,0,2,1,1,0,0,2,0,0,0,0,0,2,0,0,4,0,1,1
Zweitstimme,"09B3R","09",Treptow-Köpenick,3R,B,3R,3,84,O,0,0,0,0,470,470,464,5,61,218,22,45,72,9,5,8,0,4,0,2,0,0,0,0,0,0,0,4,2,0,0,5,0,0,0,0,0,6,0,0,0,0,0,1
Zweitstimme,"09B3S","09",Treptow-Köpenick,3S,B,3S,3,84,O,0,0,0,0,444,444,439,5,92,149,30,53,50,26,4,9,0,4,0,2,0,4,0,0,0,0,1,0,0,0,0,5,0,0,2,0,0,4,1,0,1,0,1,1
Zweitstimme,"09B3T","09",Treptow-Köpenick,3T,B,3T,3,84,O,0,0,0,0,310,310,308,2,59,90,10,54,47,15,7,8,0,2,2,3,0,0,0,0,0,0,0,0,0,0,0,7,0,0,0,0,0,0,1,0,2,0,0,1
Zweitstimme,"09B3U","09",Treptow-Köpenick,3U,B,3U,3,84,O,0,0,0,0,141,141,138,2,33,35,3,19,26,4,0,9,1,2,1,1,0,0,0,0,0,0,0,0,0,0,0,0,0,0,1,0,0,1,0,0,0,1,0,1
Zweitstimme,"09B3V","09",Treptow-Köpenick,3V,B,3V,3,84,O,0,0,0,0,246,246,241,5,48,69,9,39,48,9,3,5,0,1,0,2,0,5,0,0,0,0,0,0,1,0,0,1,0,0,0,0,0,1,0,0,0,0,0,0
Zweitstimme,"09W401","09",Treptow-Köpenick,"401",W,4A,4,84,O,1072,748,324,0,397,0,394,3,59,145,23,43,92,13,2,7,0,2,4,1,0,0,0,0,0,0,0,0,0,0,0,2,0,0,0,0,0,0,1,0,0,0,0,0
Zweitstimme,"09W402","09",Treptow-Köpenick,"402",W,4C,4,84,O,1192,833,359,0,462,0,459,3,85,158,29,59,63,27,5,12,1,1,2,0,1,1,0,1,0,0,0,3,1,0,0,4,0,0,0,0,0,1,1,0,1,0,1,2
Zweitstimme,"09W403","09",Treptow-Köpenick,"403",W,4B,4,84,O,1020,650,370,0,365,0,365,0,48,129,9,33,106,10,1,8,0,1,0,3,0,3,0,0,0,0,0,0,0,0,0,9,0,0,0,0,0,3,1,0,0,0,0,1
Zweitstimme,"09W404","09",Treptow-Köpenick,"404",W,4B,4,84,O,837,518,319,0,291,0,288,2,54,89,12,44,56,9,5,7,2,2,3,0,0,0,0,1,0,0,0,2,0,0,0,1,0,0,0,0,0,0,0,0,0,0,0,1
Zweitstimme,"09W405","09",Treptow-Köpenick,"405",W,4A,4,84,O,809,504,305,0,309,0,306,3,48,115,19,26,59,12,2,7,1,4,1,2,0,2,0,0,0,0,3,1,0,0,0,2,0,0,0,0,0,0,1,0,0,0,0,1
Zweitstimme,"09W406","09",Treptow-Köpenick,"406",W,4D,4,84,O,793,502,291,0,311,0,308,2,50,96,24,45,57,10,6,7,1,2,0,1,0,0,0,0,0,0,1,3,0,0,0,1,0,0,0,0,0,0,0,0,0,2,0,2
Zweitstimme,"09W407","09",Treptow-Köpenick,"407",W,4C,4,84,O,868,627,241,0,396,3,392,4,70,124,20,50,85,17,2,6,1,3,2,2,0,0,0,0,0,0,3,2,0,0,0,2,0,0,0,0,0,0,0,0,0,0,1,2
Zweitstimme,"09W408","09",Treptow-Köpenick,"408",W,4D,4,84,O,860,537,323,0,344,3,343,1,48,116,7,52,89,14,2,5,0,2,0,1,0,1,0,0,0,0,0,0,0,0,0,1,0,0,0,1,0,0,1,0,0,0,2,1
Zweitstimme,"09W409","09",Treptow-Köpenick,"409",W,4E,4,84,O,794,559,235,0,363,4,356,6,61,115,47,42,55,10,2,10,0,2,0,2,2,1,0,0,0,0,0,0,0,0,0,3,0,0,1,0,0,1,0,0,0,0,0,2
Zweitstimme,"09W410","09",Treptow-Köpenick,"410",W,4G,4,84,O,719,477,242,0,299,2,297,2,48,103,32,21,45,22,5,9,2,0,1,2,0,1,0,0,0,0,0,3,0,0,0,2,0,0,0,0,0,0,1,0,0,0,0,0
Zweitstimme,"09W411","09",Treptow-Köpenick,"411",W,4G,4,84,O,399,288,111,0,211,0,211,0,34,86,21,12,31,13,3,3,0,1,1,0,0,0,0,0,0,0,0,3,1,0,0,0,0,0,0,0,0,2,0,0,0,0,0,0
Zweitstimme,"09W412","09",Treptow-Köpenick,"412",W,4F,4,84,O,880,610,270,0,428,6,425,3,91,134,31,56,63,18,5,7,1,1,1,0,0,1,0,0,0,0,0,4,1,0,0,6,0,0,0,0,0,2,0,0,0,1,0,2
Zweitstimme,"09W413","09",Treptow-Köpenick,"413",W,4I,4,84,O,776,579,197,0,408,2,406,2,56,147,37,59,51,25,4,12,0,2,1,0,0,1,0,0,0,0,1,0,1,0,0,0,0,0,0,1,0,2,3,0,0,2,0,1
Zweitstimme,"09W414","09",Treptow-Köpenick,"414",W,4F,4,84,O,755,486,269,0,308,4,307,1,55,110,17,42,43,19,4,4,0,3,0,2,0,1,0,0,0,0,0,2,1,0,0,2,0,0,0,0,0,0,0,0,0,2,0,0
Zweitstimme,"09W415","09",Treptow-Köpenick,"415",W,4H,4,84,O,922,570,352,0,344,0,341,3,66,124,25,49,40,17,1,7,0,1,0,0,0,3,1,0,0,0,0,1,1,0,0,1,0,0,0,0,0,0,0,0,0,2,1,1
Zweitstimme,"09W416","09",Treptow-Köpenick,"416",W,4H,4,84,O,895,621,274,0,399,4,394,5,65,110,48,47,59,26,5,11,1,3,0,1,0,0,0,0,0,0,1,3,0,0,0,4,0,0,0,0,0,2,1,0,1,0,2,4
Zweitstimme,"09W417","09",Treptow-Köpenick,"417",W,4I,4,84,O,1447,965,482,0,486,6,479,7,76,165,47,54,70,18,7,14,2,0,0,1,0,1,0,0,0,1,1,1,1,0,0,5,0,0,0,0,0,2,1,0,1,1,1,9
Zweitstimme,"09W418","09",Treptow-Köpenick,"418",W,4K,4,84,O,1451,930,521,0,560,13,551,6,101,144,100,71,49,40,7,13,2,2,2,1,0,0,0,0,0,0,0,3,0,0,0,3,0,0,1,1,0,3,0,0,1,1,3,3
Zweitstimme,"09W419","09",Treptow-Köpenick,"419",W,4J,4,84,O,828,616,212,0,321,1,317,4,76,84,15,32,72,4,4,9,1,2,1,3,0,1,0,0,0,0,0,3,1,0,0,5,0,0,0,0,0,2,0,0,0,0,1,1
Zweitstimme,"09W420","09",Treptow-Köpenick,"420",W,4L,4,84,O,803,652,151,0,263,1,258,5,34,45,21,40,58,2,9,14,3,3,2,3,0,3,0,1,0,2,0,3,1,0,0,1,0,0,2,0,0,0,1,0,3,1,2,4
Zweitstimme,"09W421","09",Treptow-Köpenick,"421",W,4K,4,84,O,754,526,228,0,262,0,255,3,39,88,25,36,40,13,3,5,0,0,1,0,0,0,0,0,0,0,0,0,0,0,0,1,0,0,0,0,0,3,0,0,1,0,0,0
Zweitstimme,"09W422","09",Treptow-Köpenick,"422",W,4U,4,84,O,770,629,141,0,265,3,258,4,36,43,53,52,38,2,11,4,0,0,4,1,1,0,0,0,0,0,0,2,0,0,0,1,0,0,0,0,0,0,0,0,0,0,2,8
Zweitstimme,"09W423","09",Treptow-Köpenick,"423",W,4M,4,84,O,850,689,161,0,337,4,330,7,50,78,37,44,60,11,11,15,3,1,2,2,0,2,0,0,0,0,1,1,0,0,0,1,0,0,2,0,0,5,3,0,0,0,0,1
Zweitstimme,"09W424","09",Treptow-Köpenick,"424",W,4N,4,84,O,888,677,211,0,293,4,287,5,44,62,24,44,61,4,9,14,1,2,2,0,0,0,0,0,0,0,0,1,1,0,0,4,0,0,1,3,0,2,1,0,0,1,1,5
Zweitstimme,"09W425","09",Treptow-Köpenick,"425",W,4M,4,84,O,914,678,236,0,321,1,312,9,74,73,9,43,77,8,3,4,3,1,1,3,0,1,0,0,0,0,0,1,1,0,0,4,0,0,0,0,0,1,0,0,1,2,0,2
Zweitstimme,"09W426","09",Treptow-Köpenick,"426",W,4P,4,84,O,905,716,189,0,353,9,348,5,47,68,43,67,58,15,12,15,1,1,3,0,0,2,0,0,0,0,1,6,1,0,0,3,0,0,0,0,0,0,3,0,0,0,0,2
Zweitstimme,"09W427","09",Treptow-Köpenick,"427",W,4P,4,84,O,758,602,156,0,319,3,315,4,60,55,48,54,47,12,4,10,3,1,0,0,0,0,0,1,0,1,1,3,3,0,0,1,0,0,1,1,0,1,1,0,1,2,2,2
Zweitstimme,"09W428","09",Treptow-Köpenick,"428",W,4T,4,84,O,896,579,317,0,311,9,305,4,42,70,54,51,54,12,5,7,0,0,1,0,0,0,1,0,0,0,0,2,2,0,0,1,0,0,0,0,0,1,0,0,2,0,0,0
Zweitstimme,"09W429","09",Treptow-Köpenick,"429",W,4T,4,84,O,960,634,326,0,325,0,325,0,39,92,51,32,45,21,7,8,0,2,0,0,0,1,0,1,0,0,2,7,0,0,0,3,0,0,0,0,0,1,1,0,1,2,1,8
Zweitstimme,"09W430","09",Treptow-Köpenick,"430",W,4Q,4,84,O,874,489,385,0,259,7,258,0,47,66,43,40,31,16,2,2,2,1,0,1,0,1,1,0,0,0,0,1,0,0,0,1,0,0,0,0,0,0,0,0,2,0,1,0
Zweitstimme,"09W431","09",Treptow-Köpenick,"431",W,4N,4,84,O,1233,928,305,0,447,1,441,6,72,107,53,69,76,16,4,15,3,1,1,3,0,3,3,0,0,0,0,3,0,0,0,0,0,0,1,0,0,2,0,0,0,1,1,7
Zweitstimme,"09W432","09",Treptow-Köpenick,"432",W,4U,4,84,O,874,642,232,0,334,7,330,4,52,51,46,66,54,13,11,10,0,4,1,0,0,1,0,0,0,0,1,3,1,0,0,2,0,0,2,2,0,3,0,0,2,1,0,4
Zweitstimme,"09W433","09",Treptow-Köpenick,"433",W,4Q,4,84,O,898,609,289,0,360,10,355,5,70,86,40,65,43,7,8,16,1,1,0,1,0,0,1,0,0,0,0,2,5,0,0,1,0,0,1,0,0,0,1,0,0,4,1,1
Zweitstimme,"09W434","09",Treptow-Köpenick,"434",W,4S,4,84,O,1038,681,357,0,326,2,321,5,65,79,40,44,47,16,3,12,0,1,1,0,0,0,1,0,0,0,0,2,1,0,0,4,0,0,0,0,0,1,0,0,2,0,2,0
Zweitstimme,"09W435","09",Treptow-Köpenick,"435",W,4R,4,84,O,875,528,347,0,269,0,267,2,30,83,43,41,34,6,3,11,2,4,1,1,0,1,0,0,0,0,0,0,0,0,0,2,0,0,0,0,0,2,0,0,0,2,1,0
Zweitstimme,"09W436","09",Treptow-Köpenick,"436",W,4R,4,84,O,949,662,287,0,381,4,378,3,59,72,49,74,63,10,13,8,0,2,1,0,0,2,0,1,0,0,3,4,0,0,0,4,0,0,1,3,0,2,2,0,2,0,1,2
Zweitstimme,"09W437","09",Treptow-Köpenick,"437",W,4S,4,84,O,896,699,197,0,335,3,334,1,49,69,60,52,53,8,9,14,0,1,2,2,0,1,0,1,0,0,1,3,1,0,0,1,0,0,0,0,0,1,0,0,4,0,1,1
Zweitstimme,"09W438","09",Treptow-Köpenick,"438",W,4E,4,84,O,1037,718,319,0,429,8,425,4,69,151,39,44,69,22,6,11,1,2,0,1,0,0,0,0,0,0,0,1,0,0,0,2,0,0,0,1,0,3,0,0,0,0,2,1
Zweitstimme,"09W439","09",Treptow-Köpenick,"439",W,4J,4,84,O,977,697,280,0,421,0,416,3,66,109,56,54,67,15,5,17,3,4,2,0,0,0,0,1,0,0,1,1,4,0,0,3,0,0,0,0,0,1,1,0,2,1,1,2
Zweitstimme,"09W440","09",Treptow-Köpenick,"440",W,4L,4,84,O,838,717,121,0,220,0,215,5,40,41,7,26,53,9,6,13,1,3,2,1,0,0,0,0,0,0,1,2,1,0,0,6,0,0,0,0,0,0,0,0,1,1,1,0
Zweitstimme,"09B4A","09",Treptow-Köpenick,4A,B,4A,4,84,O,0,0,0,0,565,565,564,1,100,200,32,76,80,26,4,12,1,7,1,3,0,1,1,0,0,0,2,2,2,0,0,1,0,0,1,1,0,7,1,0,2,0,1,0
Zweitstimme,"09B4B","09",Treptow-Köpenick,4B,B,4B,4,84,O,0,0,0,0,635,635,627,8,109,231,29,72,91,28,4,23,4,4,2,2,2,1,0,0,0,1,2,1,0,0,0,2,0,0,1,2,0,9,0,0,2,2,0,3
Zweitstimme,"09B4C","09",Treptow-Köpenick,4C,B,4C,4,84,O,0,0,0,0,551,551,547,4,99,179,47,73,66,28,4,18,1,7,1,1,0,0,0,1,0,0,2,0,1,0,0,4,0,0,1,2,0,6,1,0,0,2,1,2
Zweitstimme,"09B4D","09",Treptow-Köpenick,4D,B,4D,4,84,O,0,0,0,0,554,554,550,4,100,196,31,86,69,9,4,24,0,2,1,1,1,3,1,0,0,0,0,1,1,0,0,3,0,0,2,1,0,5,3,0,0,1,2,3
Zweitstimme,"09B4E","09",Treptow-Köpenick,4E,B,4E,4,84,O,0,0,0,0,478,478,478,0,109,145,49,67,41,19,5,9,3,4,1,2,0,0,0,0,0,0,0,2,0,0,0,9,0,0,0,0,0,7,0,0,1,2,0,3
Zweitstimme,"09B4F","09",Treptow-Köpenick,4F,B,4F,4,84,O,0,0,0,0,497,497,493,3,99,166,52,69,42,28,3,7,2,1,2,1,0,3,0,0,0,0,0,4,2,0,0,4,0,0,0,0,0,2,0,0,1,2,1,2
Zweitstimme,"09B4G","09",Treptow-Köpenick,4G,B,4G,4,84,O,0,0,0,0,323,323,320,3,67,105,28,47,38,16,3,7,1,0,0,0,0,0,0,0,0,0,0,1,1,0,0,2,0,0,0,0,0,0,0,0,0,1,0,3
Zweitstimme,"09B4H","09",Treptow-Köpenick,4H,B,4H,4,84,O,0,0,0,0,562,562,562,0,124,176,76,87,28,23,3,15,5,4,0,2,0,1,1,0,0,0,0,1,1,0,0,2,0,0,0,0,0,4,0,0,3,1,1,4
Zweitstimme,"09B4I","09",Treptow-Köpenick,4I,B,4I,4,84,O,0,0,0,0,626,626,618,0,132,200,71,94,37,22,10,9,2,3,2,3,1,3,1,0,0,0,0,2,4,0,0,2,0,0,0,0,0,6,2,0,1,2,2,7
Zweitstimme,"09B4J","09",Treptow-Köpenick,4J,B,4J,4,84,O,0,0,0,0,431,431,425,6,102,117,45,59,44,23,7,6,0,4,1,3,2,1,0,1,0,0,0,0,2,0,0,1,0,0,1,0,0,0,2,0,0,1,1,2
Zweitstimme,"09B4K","09",Treptow-Köpenick,4K,B,4K,4,84,O,0,0,0,0,671,671,670,1,138,159,130,75,49,54,7,21,1,5,2,0,0,1,0,0,0,1,1,1,1,0,0,4,0,0,0,0,0,3,2,0,2,2,0,11
Zweitstimme,"09B4L","09",Treptow-Köpenick,4L,B,4L,4,84,O,0,0,0,0,250,250,249,1,41,55,32,28,30,10,13,12,3,2,1,2,0,0,0,0,0,0,0,0,4,0,0,5,0,0,2,1,0,4,1,0,1,0,0,2
Zweitstimme,"09B4M","09",Treptow-Köpenick,4M,B,4M,4,84,O,0,0,0,0,343,343,342,1,87,74,33,62,40,5,8,11,0,1,2,1,0,1,0,0,0,0,0,0,0,0,0,6,0,0,0,1,0,1,0,0,3,0,0,6
Zweitstimme,"09B4N","09",Treptow-Köpenick,4N,B,4N,4,84,O,0,0,0,0,459,459,453,6,81,103,66,89,49,18,8,11,0,2,1,6,0,1,1,0,0,0,1,1,2,0,0,4,0,0,1,2,0,1,0,0,0,1,0,4
Zweitstimme,"09B4P","09",Treptow-Köpenick,4P,B,4P,4,84,O,0,0,0,0,302,302,300,1,58,43,66,66,29,12,3,7,2,1,0,0,0,0,0,0,0,0,0,2,0,0,0,4,0,0,1,0,0,2,1,0,0,0,0,3
Zweitstimme,"09B4Q","09",Treptow-Köpenick,4Q,B,4Q,4,84,O,0,0,0,0,613,613,611,2,112,149,115,123,30,32,16,10,1,2,0,1,0,0,0,0,0,4,2,5,2,0,0,2,0,0,0,0,0,2,0,0,0,0,0,3
Zweitstimme,"09B4R","09",Treptow-Köpenick,4R,B,4R,4,84,O,0,0,0,0,588,588,585,3,118,161,78,95,54,30,9,8,0,6,3,1,0,2,1,0,0,0,1,0,2,0,0,1,0,0,0,0,0,6,1,0,2,1,0,5
Zweitstimme,"09B4S","09",Treptow-Köpenick,4S,B,4S,4,84,O,0,0,0,0,510,510,504,6,104,122,56,109,51,17,11,9,0,1,0,0,0,2,0,0,0,0,1,2,1,0,0,2,0,0,3,0,0,3,1,0,1,2,1,5
Zweitstimme,"09B4T","09",Treptow-Köpenick,4T,B,4T,4,84,O,0,0,0,0,574,574,570,4,103,131,111,78,47,33,15,19,1,4,1,4,0,1,0,0,0,1,1,1,0,0,0,3,0,0,0,0,0,0,2,0,1,1,1,11
Zweitstimme,"09B4U","09",Treptow-Köpenick,4U,B,4U,4,84,O,0,0,0,0,328,328,328,0,54,62,49,71,33,16,8,9,1,1,2,0,0,1,0,0,0,1,2,1,1,0,0,9,0,0,0,1,0,1,2,0,1,0,0,2
Zweitstimme,"09W501","09",Treptow-Köpenick,"501",W,5A,5,84,O,884,697,187,0,404,0,401,3,60,86,77,72,47,11,8,20,0,1,1,0,0,1,1,0,0,0,2,0,0,0,0,2,0,0,1,1,0,2,2,0,1,0,2,3
Zweitstimme,"09W502","09",Treptow-Köpenick,"502",W,5A,5,84,O,862,652,210,0,324,0,321,3,49,101,23,38,65,8,4,11,1,1,2,0,0,1,0,1,0,0,2,6,0,0,0,2,0,0,0,0,0,1,0,0,1,2,0,2
Zweitstimme,"09W503","09",Treptow-Köpenick,"503",W,5M,5,84,O,894,625,269,0,320,0,314,6,63,78,35,27,57,18,5,10,0,3,1,1,0,1,0,0,0,0,0,2,0,0,0,5,0,0,0,1,0,0,1,0,0,3,0,3
Zweitstimme,"09W504","09",Treptow-Köpenick,"504",W,5N,5,84,O,911,670,241,0,309,0,305,4,83,71,7,45,63,7,1,11,0,2,3,0,0,2,0,0,0,0,0,1,0,0,0,3,0,0,0,0,0,3,0,0,1,0,1,1
Zweitstimme,"09W505","09",Treptow-Köpenick,"505",W,5M,5,84,O,926,670,256,0,306,0,302,4,63,66,11,55,71,11,6,7,0,1,2,1,0,0,0,0,0,0,0,0,0,0,0,1,0,0,0,0,0,4,0,0,2,1,0,0
Zweitstimme,"09W506","09",Treptow-Köpenick,"506",W,5K,5,84,O,892,619,273,0,305,0,301,4,65,78,11,43,77,8,1,7,0,0,5,1,0,0,0,0,0,0,0,0,0,0,0,3,0,0,0,0,0,1,0,0,0,0,0,1
Zweitstimme,"09W507","09",Treptow-Köpenick,"507",W,5N,5,84,O,761,562,199,0,336,0,335,1,87,79,9,67,61,10,3,8,1,1,1,0,0,0,0,1,0,0,1,0,0,0,0,2,0,0,0,0,0,1,0,0,1,0,0,2
Zweitstimme,"09W508","09",Treptow-Köpenick,"508",W,5I,5,84,O,806,590,216,0,317,0,312,5,63,81,21,39,61,11,6,9,2,3,1,1,0,3,0,1,0,0,0,0,1,0,0,3,0,0,0,0,0,1,1,0,0,0,0,4
Zweitstimme,"09W509","09",Treptow-Köpenick,"509",W,5L,5,84,O,1041,845,196,0,389,0,384,5,59,61,12,68,116,6,13,15,1,2,4,4,1,1,0,1,0,0,0,1,2,0,0,6,0,0,1,0,0,2,0,0,2,1,0,5
Zweitstimme,"09W510","09",Treptow-Köpenick,"510",W,5L,5,84,O,858,621,237,0,312,0,306,6,62,73,9,46,67,6,8,13,3,2,9,1,0,0,0,1,0,0,1,0,0,0,0,2,0,0,0,1,0,1,0,0,0,0,1,0
Zweitstimme,"09W511","09",Treptow-Köpenick,"511",W,5B,5,84,O,888,640,248,0,331,0,329,2,67,44,33,61,64,13,6,12,3,2,1,0,0,0,0,0,0,0,1,1,0,0,0,1,0,0,1,1,0,4,3,0,1,3,5,2
Zweitstimme,"09W512","09",Treptow-Köpenick,"512",W,5B,5,84,O,855,678,177,0,259,0,254,5,40,47,13,32,72,10,8,5,0,1,6,1,0,0,1,0,0,0,0,6,1,0,0,2,0,0,0,0,0,4,1,0,3,0,1,0
Zweitstimme,"09W513","09",Treptow-Köpenick,"513",W,5C,5,84,O,818,550,268,0,263,0,259,3,41,60,27,34,59,11,10,4,2,2,0,1,0,0,0,0,0,0,2,0,0,0,0,1,0,0,0,0,0,3,0,0,1,0,0,1
Zweitstimme,"09W514","09",Treptow-Köpenick,"514",W,5P,5,84,O,770,582,188,0,241,0,235,3,37,41,27,43,49,10,8,7,1,2,0,1,0,2,0,0,0,0,0,2,1,0,0,0,0,0,1,0,0,0,0,0,0,0,1,2
Zweitstimme,"09W515","09",Treptow-Köpenick,"515",W,5P,5,84,O,853,613,240,0,306,0,298,7,62,79,29,25,67,8,4,12,0,0,1,0,0,0,0,0,0,1,0,2,1,0,0,4,0,0,1,0,0,0,0,0,0,0,0,2
Zweitstimme,"09W516","09",Treptow-Köpenick,"516",W,5J,5,84,O,952,657,295,0,441,0,437,4,92,110,14,69,100,18,4,13,1,4,2,0,0,0,0,0,0,0,0,0,1,0,0,0,0,0,0,1,0,3,1,0,0,1,1,2
Zweitstimme,"09W517","09",Treptow-Köpenick,"517",W,5Q,5,84,O,900,618,282,0,325,0,324,1,41,107,21,33,72,12,6,12,0,4,0,0,1,0,0,0,0,0,1,4,0,0,0,3,0,0,1,0,0,1,0,0,0,2,1,2
Zweitstimme,"09W518","09",Treptow-Köpenick,"518",W,5Q,5,84,O,955,602,353,0,414,0,410,3,73,137,24,54,80,11,4,7,0,2,0,2,0,0,0,0,0,0,0,7,0,0,0,5,0,0,0,0,0,3,0,0,0,0,0,1
Zweitstimme,"09W519","09",Treptow-Köpenick,"519",W,5J,5,84,O,928,594,334,0,382,0,376,4,68,113,36,50,70,15,4,7,0,2,0,2,0,1,0,0,0,0,0,2,0,0,0,2,0,0,0,0,0,4,0,0,0,0,0,0
Zweitstimme,"09W520","09",Treptow-Köpenick,"520",W,5R,5,84,O,1099,808,291,0,365,0,361,4,88,90,18,53,70,17,3,5,2,1,1,3,0,1,0,0,0,0,0,2,1,0,0,3,0,0,0,0,0,1,0,0,0,1,1,0
Zweitstimme,"09W521","09",Treptow-Köpenick,"521",W,5D,5,84,O,872,624,248,0,329,0,325,4,64,108,9,47,67,5,1,4,1,4,1,1,0,2,0,1,0,0,0,4,0,0,0,2,0,0,0,0,0,2,0,0,2,0,0,0
Zweitstimme,"09W522","09",Treptow-Köpenick,"522",W,5C,5,84,O,906,614,292,0,360,0,360,0,55,116,25,56,65,20,1,6,0,5,0,3,0,0,0,1,0,0,0,2,1,0,0,2,0,0,0,0,0,0,0,0,2,0,0,0
Zweitstimme,"09W523","09",Treptow-Köpenick,"523",W,5D,5,84,O,952,734,218,0,320,0,316,3,45,71,17,63,73,8,6,9,2,2,1,0,1,3,0,0,0,1,0,2,2,0,0,2,0,0,1,2,0,3,0,0,1,1,0,0
Zweitstimme,"09W524","09",Treptow-Köpenick,"524",W,5E,5,84,O,758,530,228,0,335,0,329,6,55,108,22,44,47,19,4,6,1,1,0,1,1,3,0,0,0,0,0,2,0,0,0,1,0,0,1,0,0,4,3,0,0,1,2,3
Zweitstimme,"09W525","09",Treptow-Köpenick,"525",W,5E,5,84,O,934,567,367,0,378,5,374,2,58,118,38,52,55,21,4,9,1,0,0,0,0,0,0,2,0,0,0,3,2,0,0,3,0,0,0,0,0,2,0,0,0,1,0,5
Zweitstimme,"09W526","09",Treptow-Köpenick,"526",W,5F,5,84,O,882,597,285,0,330,4,328,2,54,110,10,38,84,13,2,3,0,1,3,2,0,0,0,1,0,0,0,3,0,0,0,1,0,0,0,0,0,0,0,0,1,0,1,1
Zweitstimme,"09W527","09",Treptow-Köpenick,"527",W,5F,5,84,O,892,575,317,0,360,5,359,1,52,124,25,49,73,9,3,5,0,3,2,2,0,3,0,0,0,1,0,1,1,0,0,2,0,0,1,0,0,2,0,0,0,0,0,1
Zweitstimme,"09W528","09",Treptow-Köpenick,"528",W,5H,5,84,O,965,688,277,0,442,2,435,5,71,146,19,54,94,17,5,6,1,1,2,0,2,0,0,1,0,0,0,3,3,0,0,6,0,0,1,0,0,1,0,0,0,0,1,1
Zweitstimme,"09W529","09",Treptow-Köpenick,"529",W,5G,5,84,O,915,612,303,0,391,0,389,1,38,121,21,40,123,13,7,6,1,0,1,4,0,0,0,0,0,0,0,2,1,0,0,6,0,0,0,0,0,2,0,0,0,3,0,0
Zweitstimme,"09W530","09",Treptow-Köpenick,"530",W,5G,5,84,O,901,598,303,0,401,0,395,6,75,137,20,29,93,21,0,8,0,2,0,1,1,0,1,0,0,0,0,1,0,0,0,1,0,0,0,0,0,0,0,0,0,1,3,1
Zweitstimme,"09W531","09",Treptow-Köpenick,"531",W,5H,5,84,O,1053,672,381,0,445,0,440,3,48,166,15,39,104,28,5,9,0,3,1,3,0,1,0,1,0,0,0,5,1,0,0,1,0,0,1,1,0,1,1,0,0,2,2,2
Zweitstimme,"09W532","09",Treptow-Köpenick,"532",W,5I,5,84,O,831,679,152,0,312,0,308,4,63,89,9,50,61,7,2,9,0,4,2,2,1,2,0,0,0,0,0,1,1,0,0,0,0,0,1,0,0,3,0,0,1,0,0,0
Zweitstimme,"09W533","09",Treptow-Köpenick,"533",W,5K,5,84,O,795,599,196,0,254,0,250,4,50,46,7,54,52,5,8,10,0,2,1,1,0,1,0,0,0,0,0,2,1,0,0,3,0,0,0,0,0,1,0,0,2,1,1,2
Zweitstimme,"09B5A","09",Treptow-Köpenick,5A,B,5A,5,84,O,0,0,0,0,343,343,341,2,61,63,53,69,37,19,6,11,1,1,0,4,0,0,0,0,0,0,0,0,1,0,0,2,0,0,3,1,0,3,0,0,1,1,0,4
Zweitstimme,"09B5B","09",Treptow-Köpenick,5B,B,5B,5,84,O,0,0,0,0,374,374,373,1,58,72,37,87,45,10,14,13,2,8,2,4,1,1,0,0,0,0,1,0,3,0,0,3,0,0,0,1,0,3,1,0,2,1,0,4
Zweitstimme,"09B5C","09",Treptow-Köpenick,5C,B,5C,5,84,O,0,0,0,0,500,500,496,4,79,150,51,83,60,32,9,12,2,2,0,2,0,1,0,0,0,0,1,1,1,0,0,3,0,0,0,1,0,3,1,0,0,0,1,1
Zweitstimme,"09B5D","09",Treptow-Köpenick,5D,B,5D,5,84,O,0,0,0,0,402,402,400,2,108,87,19,63,57,11,9,12,0,5,1,4,0,1,0,0,0,0,3,1,0,0,0,6,0,0,1,0,0,2,2,0,4,0,3,1
Zweitstimme,"09B5E","09",Treptow-Köpenick,5E,B,5E,5,84,O,0,0,0,0,526,526,517,3,87,170,59,73,52,45,7,5,0,3,0,1,0,0,0,0,0,0,0,4,3,0,0,1,0,0,1,0,0,0,0,0,3,1,0,2
Zweitstimme,"09B5F","09",Treptow-Köpenick,5F,B,5F,5,84,O,0,0,0,0,530,530,529,1,122,158,37,81,63,20,6,12,1,0,0,2,2,1,0,0,0,0,0,1,1,0,0,6,0,0,0,1,0,8,0,0,5,0,0,2
Zweitstimme,"09B5G","09",Treptow-Köpenick,5G,B,5G,5,84,O,0,0,0,0,561,561,555,4,84,208,31,57,89,33,7,14,2,2,3,1,2,1,0,1,0,0,0,2,0,0,0,6,0,0,2,0,0,5,0,0,1,1,1,2
Zweitstimme,"09B5H","09",Treptow-Köpenick,5H,B,5H,5,84,O,0,0,0,0,588,588,586,2,95,215,37,60,86,33,7,14,2,6,3,3,2,1,0,0,0,0,4,0,1,0,0,5,0,0,0,1,0,5,0,0,0,0,1,5
Zweitstimme,"09B5I","09",Treptow-Köpenick,5I,B,5I,5,84,O,0,0,0,0,319,319,318,1,72,74,19,67,34,12,3,11,0,2,2,0,0,3,0,1,0,0,0,0,3,0,0,6,0,0,1,1,0,1,1,0,1,0,2,2
Zweitstimme,"09B5J","09",Treptow-Köpenick,5J,B,5J,5,84,O,0,0,0,0,582,582,577,4,111,182,65,82,60,25,7,16,0,1,1,3,0,2,0,0,0,0,0,5,4,0,0,5,0,0,0,0,0,5,1,0,1,0,1,0
Zweitstimme,"09B5K","09",Treptow-Köpenick,5K,B,5K,5,84,O,0,0,0,0,421,421,418,3,125,116,18,57,49,13,7,7,2,4,0,0,1,5,0,0,0,0,0,3,1,0,0,2,0,0,0,0,0,4,1,0,1,1,0,1
Zweitstimme,"09B5L","09",Treptow-Köpenick,5L,B,5L,5,84,O,0,0,0,0,394,394,391,0,84,91,20,68,54,21,5,11,2,3,2,2,1,4,0,0,0,0,3,6,1,0,0,5,0,0,0,1,0,4,0,0,1,0,0,2
Zweitstimme,"09B5M","09",Treptow-Köpenick,5M,B,5M,5,84,O,0,0,0,0,464,464,463,1,88,98,36,96,60,25,9,13,1,3,2,2,0,1,0,0,0,0,4,0,0,0,0,5,0,0,1,1,0,1,1,0,1,2,1,12
Zweitstimme,"09B5N","09",Treptow-Köpenick,5N,B,5N,5,84,O,0,0,0,0,404,404,398,6,108,82,24,68,50,13,4,16,3,6,1,2,0,1,0,1,0,0,1,1,1,0,0,6,0,0,0,0,0,5,2,0,1,0,0,2
Zweitstimme,"09B5P","09",Treptow-Köpenick,5P,B,5P,5,84,O,0,0,0,0,367,367,364,3,68,83,51,63,32,18,10,11,2,3,0,3,0,1,0,0,0,1,0,0,2,0,0,5,0,0,0,1,0,7,0,0,1,1,0,1
Zweitstimme,"09B5Q","09",Treptow-Köpenick,5Q,B,5Q,5,84,O,0,0,0,0,583,583,581,2,118,190,48,91,58,25,10,13,1,4,1,5,0,2,0,0,0,0,0,0,0,0,0,6,0,0,0,0,0,6,0,0,1,1,0,1
Zweitstimme,"09B5R","09",Treptow-Köpenick,5R,B,5R,5,84,O,0,0,0,0,254,254,253,0,73,64,14,43,32,6,4,6,0,1,0,0,0,0,0,0,0,0,0,1,1,0,0,3,0,0,0,0,0,2,0,0,3,0,0,0
Zweitstimme,"09W601","09",Treptow-Köpenick,"601",W,6A,6,84,O,827,535,292,0,369,7,369,0,65,130,30,44,63,12,3,9,0,1,0,1,0,0,0,0,0,0,0,2,0,0,0,2,0,0,0,0,0,0,2,0,1,1,0,3
Zweitstimme,"09W602","09",Treptow-Köpenick,"602",W,6B,6,84,O,840,569,271,0,361,8,359,2,69,104,21,49,78,11,8,8,1,0,1,0,0,0,0,0,0,0,0,2,1,0,0,1,0,0,1,0,0,0,0,0,0,0,2,2
Zweitstimme,"09W603","09",Treptow-Köpenick,"603",W,6A,6,84,O,927,543,384,0,380,0,376,4,64,125,54,57,47,13,2,6,0,1,0,0,0,1,1,0,0,0,0,1,0,0,0,0,0,0,0,0,0,1,0,0,1,0,0,2
Zweitstimme,"09W604","09",Treptow-Köpenick,"604",W,6E,6,84,O,775,600,175,0,369,3,363,6,71,105,30,41,58,13,7,14,1,3,1,1,1,0,0,0,0,0,0,2,1,0,0,4,0,0,1,0,0,3,0,0,2,0,2,2
Zweitstimme,"09W605","09",Treptow-Köpenick,"605",W,6E,6,84,O,879,647,232,0,333,0,326,6,66,74,26,53,60,11,7,9,0,2,1,0,3,0,0,1,0,0,1,2,0,0,0,3,0,0,0,0,0,4,0,0,1,0,2,0
Zweitstimme,"09W606","09",Treptow-Köpenick,"606",W,6D,6,84,O,981,735,246,0,426,3,419,7,86,84,38,69,67,18,13,18,1,4,1,2,0,3,0,0,0,0,1,4,0,0,0,4,0,0,0,0,0,4,0,0,1,0,0,1
Zweitstimme,"09W607","09",Treptow-Köpenick,"607",W,6D,6,84,O,756,571,185,0,259,1,252,7,63,58,18,36,46,5,3,7,0,4,1,1,0,0,0,1,0,0,0,3,0,0,0,4,0,0,0,0,0,1,0,0,0,0,0,1
Zweitstimme,"09W608","09",Treptow-Köpenick,"608",W,6B,6,84,O,1020,723,297,0,402,1,400,2,76,117,36,59,69,8,8,4,0,3,2,3,1,3,0,0,0,0,0,1,2,0,0,3,0,0,0,1,0,0,0,0,1,1,1,1
Zweitstimme,"09W609","09",Treptow-Köpenick,"609",W,6C,6,84,O,812,538,274,0,244,0,243,1,55,73,15,26,44,10,4,2,0,2,0,2,1,0,0,0,0,0,0,1,1,0,0,1,0,0,0,0,0,2,0,0,0,1,0,3
Zweitstimme,"09W610","09",Treptow-Köpenick,"610",W,6C,6,84,O,927,616,311,0,354,0,348,6,60,96,36,64,41,10,9,9,2,2,0,0,1,2,0,0,0,0,0,6,0,0,0,1,0,0,0,0,0,0,2,0,1,0,1,5
Zweitstimme,"09W611","09",Treptow-Köpenick,"611",W,6F,6,84,O,1050,773,277,0,526,4,520,1,90,148,88,81,55,8,7,16,1,4,0,1,0,2,1,0,0,2,0,2,0,0,0,3,0,0,1,0,0,3,0,0,1,0,1,5
Zweitstimme,"09W612","09",Treptow-Köpenick,"612",W,6F,6,84,O,832,553,279,0,387,3,386,1,84,100,39,49,52,17,10,14,2,2,1,0,1,0,0,0,0,0,1,2,0,0,0,4,0,0,1,0,0,3,0,0,1,0,2,1
Zweitstimme,"09W613","09",Treptow-Köpenick,"613",W,6G,6,84,O,950,706,244,0,428,0,421,7,41,103,58,87,64,13,11,15,2,0,0,1,0,2,1,2,0,0,2,4,0,0,0,3,0,0,1,1,0,0,3,0,1,0,1,5
Zweitstimme,"09W614","09",Treptow-Köpenick,"614",W,6H,6,84,O,1049,728,321,0,400,4,391,9,65,84,41,62,64,20,9,17,0,5,1,4,0,2,2,1,0,0,1,2,1,0,0,3,0,0,1,0,0,0,1,0,1,1,0,3
Zweitstimme,"09W615","09",Treptow-Köpenick,"615",W,6K,6,84,O,833,652,181,0,320,1,313,7,64,73,20,64,57,4,8,7,0,2,0,1,0,0,0,0,0,0,0,4,0,0,0,4,0,0,0,1,0,0,2,0,0,0,0,2
Zweitstimme,"09W616","09",Treptow-Köpenick,"616",W,6H,6,84,O,870,550,320,0,362,1,357,4,68,86,62,65,49,7,5,4,1,2,0,0,0,1,0,0,0,0,0,2,0,0,0,2,0,0,0,0,0,0,1,0,0,1,0,1
Zweitstimme,"09W617","09",Treptow-Köpenick,"617",W,6J,6,84,O,990,651,339,0,362,2,358,1,58,100,40,69,42,14,10,8,1,1,2,0,1,1,1,0,0,0,2,1,1,0,0,1,0,0,0,0,0,1,0,0,1,0,2,1
Zweitstimme,"09W618","09",Treptow-Köpenick,"618",W,6I,6,84,O,973,675,298,0,420,0,419,1,101,105,38,70,67,13,6,10,0,1,1,0,0,1,0,0,0,0,0,3,0,0,0,0,0,0,0,0,0,2,0,0,1,0,0,0
Zweitstimme,"09W619","09",Treptow-Köpenick,"619",W,6I,6,84,O,878,539,339,0,277,0,270,7,41,63,36,51,46,4,4,7,2,2,0,2,1,1,0,0,0,0,0,2,1,0,0,2,0,0,0,0,0,2,0,0,1,1,1,0
Zweitstimme,"09W620","09",Treptow-Köpenick,"620",W,6J,6,84,O,1033,680,353,0,415,3,413,2,84,85,57,80,58,11,4,8,1,2,0,0,1,3,1,1,0,1,0,3,0,0,0,4,0,0,0,0,0,4,1,0,1,0,1,2
Zweitstimme,"09W621","09",Treptow-Köpenick,"621",W,6K,6,84,O,881,618,263,0,308,5,303,5,55,54,44,80,33,5,6,6,4,1,0,2,0,1,1,1,0,0,0,1,1,0,0,1,0,0,2,1,0,2,1,0,0,0,1,0
Zweitstimme,"09W622","09",Treptow-Köpenick,"622",W,6G,6,84,O,935,555,380,0,379,12,375,4,60,76,74,82,31,20,5,8,0,1,0,0,0,1,0,1,0,0,1,1,0,0,0,1,0,0,2,0,0,2,2,0,0,0,1,6
Zweitstimme,"09W623","09",Treptow-Köpenick,"623",W,6M,6,84,O,977,673,304,0,418,0,414,4,52,96,76,89,42,16,5,9,3,1,0,1,0,2,0,0,0,0,5,5,0,0,0,3,0,0,1,0,0,0,3,0,1,0,2,2
Zweitstimme,"09W624","09",Treptow-Köpenick,"624",W,6M,6,84,O,993,684,309,0,425,14,421,4,62,101,45,92,61,11,8,8,1,5,2,1,0,2,1,0,0,1,1,6,0,0,0,3,0,0,0,0,0,2,4,0,1,0,1,2
Zweitstimme,"09W625","09",Treptow-Köpenick,"625",W,6L,6,84,O,847,520,327,0,356,0,349,4,35,57,95,67,43,13,16,8,0,1,0,0,0,0,0,0,0,0,1,2,0,0,0,3,0,0,0,0,0,4,1,0,1,0,1,1
Zweitstimme,"09W626","09",Treptow-Köpenick,"626",W,6L,6,84,O,938,660,278,0,453,6,448,4,84,105,70,75,48,20,4,8,1,1,0,1,1,1,1,2,0,1,0,6,0,0,0,2,0,0,0,0,0,2,3,0,1,1,2,8
Zweitstimme,"09W627","09",Treptow-Köpenick,"627",W,6N,6,84,O,952,684,268,0,328,2,325,3,71,75,51,60,32,3,7,5,0,3,0,0,0,1,0,0,0,0,1,1,1,0,0,6,0,0,0,0,0,0,1,0,3,1,0,3
Zweitstimme,"09W628","09",Treptow-Köpenick,"628",W,6N,6,84,O,824,528,296,0,352,0,346,6,47,93,54,59,53,13,4,6,0,0,1,1,0,2,0,0,0,0,0,4,1,0,0,0,0,0,0,1,0,0,1,0,0,2,1,3
Zweitstimme,"09W629","09",Treptow-Köpenick,"629",W,6P,6,84,O,1045,723,322,0,428,5,415,6,71,127,37,52,71,22,7,6,2,0,2,4,1,0,0,0,0,0,1,0,0,0,0,2,0,0,1,1,0,2,1,0,3,0,0,2
Zweitstimme,"09W630","09",Treptow-Köpenick,"630",W,6Q,6,84,O,904,547,357,0,353,0,352,1,49,120,26,31,73,16,2,10,0,3,0,1,1,1,0,0,0,0,0,1,1,0,0,2,0,0,1,0,0,6,2,0,0,0,0,6
Zweitstimme,"09W631","09",Treptow-Köpenick,"631",W,6P,6,84,O,818,482,336,0,332,8,332,0,46,108,33,55,56,13,1,5,0,4,0,1,0,1,0,0,0,0,0,3,1,0,0,1,0,0,1,0,0,2,0,0,1,0,0,0
Zweitstimme,"09W632","09",Treptow-Köpenick,"632",W,6Q,6,84,O,877,566,311,0,387,3,382,4,64,116,46,53,58,16,6,5,0,1,0,0,0,1,0,0,0,0,1,3,0,0,0,2,0,0,0,1,0,3,2,0,1,0,0,3
Zweitstimme,"09W633","09",Treptow-Köpenick,"633",W,6S,6,84,O,950,604,346,0,379,6,377,1,67,120,50,32,62,14,0,9,1,1,2,2,0,1,0,2,0,0,2,2,2,0,0,4,0,0,0,0,0,0,0,0,0,0,0,4
Zweitstimme,"09W634","09",Treptow-Köpenick,"634",W,6S,6,84,O,994,716,278,0,383,3,380,3,58,143,39,44,57,17,4,5,2,1,0,2,0,2,0,0,0,0,0,1,0,0,0,3,0,0,0,0,0,0,0,0,1,0,1,0
Zweitstimme,"09W635","09",Treptow-Köpenick,"635",W,6R,6,84,O,1473,1027,446,0,635,20,628,7,72,212,68,69,114,37,6,16,1,6,0,1,1,2,0,0,0,0,1,8,1,0,0,2,0,0,1,2,0,0,0,0,2,0,1,5
Zweitstimme,"09W636","09",Treptow-Köpenick,"636",W,6R,6,84,O,991,648,343,0,455,14,452,3,68,162,35,48,86,23,3,7,1,0,0,1,2,1,0,0,0,0,1,1,2,0,0,2,0,0,0,0,0,1,1,0,0,2,1,4
Zweitstimme,"09B6A","09",Treptow-Köpenick,6A,B,6A,6,84,O,0,0,0,0,627,627,623,4,130,223,76,84,47,17,11,6,1,4,0,2,0,2,0,0,0,0,0,4,0,0,0,3,0,0,0,0,0,2,3,0,1,1,3,3
Zweitstimme,"09B6B","09",Treptow-Köpenick,6B,B,6B,6,84,O,0,0,0,0,517,517,513,4,110,173,29,90,42,15,10,13,1,1,1,2,0,6,0,0,0,0,2,0,2,0,0,5,0,0,0,0,0,2,3,0,1,2,0,3
Zweitstimme,"09B6C","09",Treptow-Köpenick,6C,B,6C,6,84,O,0,0,0,0,511,511,508,3,115,131,71,89,40,10,3,19,1,0,1,1,0,2,0,0,0,0,1,2,2,0,0,0,0,0,0,0,0,6,0,0,3,2,2,7
Zweitstimme,"09B6D","09",Treptow-Köpenick,6D,B,6D,6,84,O,0,0,0,0,379,379,375,4,79,91,36,80,41,9,5,13,2,0,0,4,1,1,0,0,0,0,1,2,1,0,0,0,0,0,1,1,0,0,0,0,1,3,1,2
Zweitstimme,"09B6E","09",Treptow-Köpenick,6E,B,6E,6,84,O,0,0,0,0,355,355,353,1,63,92,34,74,37,14,7,13,0,1,0,0,0,2,0,0,0,1,0,2,0,0,0,7,0,0,0,0,0,1,1,0,0,0,1,3
Zweitstimme,"09B6F","09",Treptow-Köpenick,6F,B,6F,6,84,O,0,0,0,0,511,511,502,9,87,151,85,81,43,18,5,12,1,1,0,1,0,0,2,0,0,0,1,0,1,0,0,0,0,0,1,0,0,3,1,0,2,1,2,3
Zweitstimme,"09B6G","09",Treptow-Köpenick,6G,B,6G,6,84,O,0,0,0,0,551,551,545,4,90,167,106,86,33,15,9,4,2,2,1,1,0,1,0,1,0,0,2,5,1,0,0,2,0,0,0,1,0,0,2,0,4,3,1,6
Zweitstimme,"09B6H","09",Treptow-Köpenick,6H,B,6H,6,84,O,0,0,0,0,577,577,573,4,122,148,67,110,58,17,15,10,3,4,1,0,0,1,0,0,0,1,3,2,0,0,0,1,0,0,3,0,0,5,1,0,0,0,0,1
Zweitstimme,"09B6I","09",Treptow-Köpenick,6I,B,6I,6,84,O,0,0,0,0,585,585,582,3,109,189,57,104,53,16,6,10,4,3,1,2,0,5,1,0,0,1,0,2,0,0,0,7,0,0,0,1,0,5,3,0,2,0,0,1
Zweitstimme,"09B6J","09",Treptow-Köpenick,6J,B,6J,6,84,O,0,0,0,0,622,622,614,0,114,227,79,70,44,33,5,8,2,2,0,0,0,4,2,0,0,0,0,5,2,0,0,1,0,0,2,0,0,3,4,0,3,1,0,3
Zweitstimme,"09B6K","09",Treptow-Köpenick,6K,B,6K,6,84,O,0,0,0,0,389,389,385,4,69,113,34,92,32,12,8,7,2,2,0,1,1,0,0,0,0,0,0,0,0,0,0,3,0,0,0,1,0,6,0,0,1,1,0,0
Zweitstimme,"09B6L","09",Treptow-Köpenick,6L,B,6L,6,84,O,0,0,0,0,558,558,555,3,96,157,98,93,37,16,11,8,1,1,0,1,0,1,0,2,0,0,3,13,0,0,0,5,0,0,1,0,0,4,2,0,2,0,2,1
Zweitstimme,"09B6M","09",Treptow-Köpenick,6M,B,6M,6,84,O,0,0,0,0,537,537,537,0,106,147,84,91,34,17,12,11,0,3,1,2,2,1,0,1,0,2,0,4,0,0,0,3,0,0,3,1,0,4,1,0,3,0,1,3
Zweitstimme,"09B6N","09",Treptow-Köpenick,6N,B,6N,6,84,O,0,0,0,0,493,493,489,4,93,160,56,85,29,25,7,10,0,2,0,1,0,2,0,0,0,0,2,1,2,0,0,3,0,0,0,0,0,1,1,0,0,4,2,3
Zweitstimme,"09B6P","09",Treptow-Köpenick,6P,B,6P,6,84,O,0,0,0,0,578,578,578,0,107,205,61,95,53,26,2,9,0,2,0,0,1,0,2,0,0,0,2,1,1,0,0,2,0,0,0,3,0,4,0,0,0,0,1,1
Zweitstimme,"09B6Q","09",Treptow-Köpenick,6Q,B,6Q,6,84,O,0,0,0,0,598,598,595,3,106,206,75,81,47,31,11,9,2,3,0,2,2,2,0,0,0,0,1,1,1,0,0,0,0,0,0,0,0,1,1,0,1,1,5,6
Zweitstimme,"09B6R","09",Treptow-Köpenick,6R,B,6R,6,84,O,0,0,0,0,679,679,677,2,85,272,67,85,69,43,12,12,2,2,0,3,1,0,0,1,0,0,1,0,0,0,0,6,0,0,0,0,0,6,2,0,0,1,3,4
Zweitstimme,"09B6S","09",Treptow-Köpenick,6S,B,6S,6,84,O,0,0,0,0,548,548,547,1,101,192,59,94,43,16,8,8,1,1,1,4,0,0,0,0,0,1,0,1,2,0,0,4,0,0,0,0,0,7,0,0,0,0,0,4
Zweitstimme,10W101,"10",Marzahn-Hellersdorf,"101",W,1A,1,85,O,1342,1200,142,0,413,1,406,7,39,76,13,70,161,11,2,9,2,3,5,2,0,1,0,0,0,0,0,1,1,0,0,2,0,0,0,1,0,2,0,0,3,0,0,2
Zweitstimme,10W102,"10",Marzahn-Hellersdorf,"102",W,1A,1,85,O,1349,1073,276,0,438,3,429,7,64,97,15,65,133,9,4,17,2,3,2,2,0,0,0,0,0,0,1,3,1,0,0,5,0,0,0,1,0,2,0,0,0,2,1,0
Zweitstimme,10W103,"10",Marzahn-Hellersdorf,"103",W,1B,1,85,O,1173,982,191,0,337,3,334,3,47,68,17,50,100,9,6,14,2,1,7,1,0,3,0,0,0,0,0,3,0,0,0,2,0,0,0,1,0,0,0,0,0,0,2,1
Zweitstimme,10W104,"10",Marzahn-Hellersdorf,"104",W,1B,1,85,O,1324,1094,230,0,421,2,408,3,64,89,12,59,122,7,5,17,1,6,6,2,0,0,0,0,0,0,0,2,1,0,0,6,0,0,2,0,0,0,0,0,3,0,0,4
Zweitstimme,10W105,"10",Marzahn-Hellersdorf,"105",W,1C,1,85,O,1203,1025,178,0,401,11,395,6,53,99,8,48,128,6,6,18,4,5,3,4,0,0,0,0,0,0,0,1,0,0,0,2,0,0,0,0,0,3,0,0,2,0,1,4
Zweitstimme,10W106,"10",Marzahn-Hellersdorf,"106",W,1C,1,85,O,1214,1064,150,0,382,2,373,8,38,90,13,56,127,6,5,19,1,1,3,0,0,1,1,1,0,0,0,2,0,0,0,1,0,0,2,0,0,3,0,0,1,1,0,1
Zweitstimme,10W107,"10",Marzahn-Hellersdorf,"107",W,1D,1,85,O,1293,1000,293,0,393,0,383,9,55,83,8,56,118,8,6,19,2,2,1,4,0,1,1,0,0,0,1,3,0,0,0,6,0,0,2,0,0,0,1,0,1,1,1,3
Zweitstimme,10W108,"10",Marzahn-Hellersdorf,"108",W,1D,1,85,O,1302,1114,188,0,316,2,314,2,34,56,4,49,117,8,3,15,0,3,3,4,1,0,0,0,0,0,0,5,1,0,0,1,0,0,0,0,0,3,0,0,2,1,0,4
Zweitstimme,10W109,"10",Marzahn-Hellersdorf,"109",W,1E,1,85,O,1363,1052,311,0,307,1,306,1,54,64,4,47,99,5,3,10,2,4,2,0,0,3,0,0,0,0,0,1,1,0,0,1,0,0,0,0,0,1,0,0,2,0,1,2
Zweitstimme,10W110,"10",Marzahn-Hellersdorf,"110",W,1E,1,85,O,1346,1093,253,0,357,1,354,3,66,74,12,54,105,7,4,8,0,2,2,2,0,3,0,1,0,0,0,1,0,0,0,5,0,0,0,0,0,1,0,0,2,2,0,3
Zweitstimme,10W111,"10",Marzahn-Hellersdorf,"111",W,1F,1,85,O,1121,913,208,0,289,0,283,6,30,68,10,37,99,9,4,5,1,0,2,3,0,0,0,0,0,0,0,3,1,0,0,6,0,0,0,0,0,0,1,0,1,0,2,1
Zweitstimme,10W112,"10",Marzahn-Hellersdorf,"112",W,1F,1,85,O,1060,891,169,0,274,1,271,3,30,48,11,40,100,9,3,11,1,5,1,4,0,1,0,0,0,0,0,3,0,0,0,2,0,0,0,0,0,0,0,0,0,2,0,0
Zweitstimme,10W113,"10",Marzahn-Hellersdorf,"113",W,1F,1,85,O,1148,984,164,0,327,0,317,9,35,62,13,43,107,10,6,19,1,2,2,1,1,1,0,0,0,0,1,2,2,0,0,3,0,0,0,1,0,0,1,0,3,1,0,0
Zweitstimme,10W114,"10",Marzahn-Hellersdorf,"114",W,1G,1,85,O,1595,1331,264,0,404,6,401,3,62,92,19,44,118,14,10,14,1,6,0,5,1,0,1,1,0,0,1,2,1,0,0,3,0,0,0,0,0,2,1,0,0,1,1,1
Zweitstimme,10W115,"10",Marzahn-Hellersdorf,"115",W,1G,1,85,O,1273,1011,262,0,353,0,345,8,63,91,8,46,97,12,3,9,1,5,1,0,0,1,0,0,0,0,0,0,2,0,0,1,0,0,0,0,0,0,0,0,1,1,2,1
Zweitstimme,10W116,"10",Marzahn-Hellersdorf,"116",W,1H,1,85,O,1130,1015,115,0,333,1,330,2,30,65,8,70,120,6,4,10,0,2,1,0,0,1,0,0,0,0,0,1,0,0,0,5,0,0,1,0,0,2,0,0,2,0,1,1
Zweitstimme,10W117,"10",Marzahn-Hellersdorf,"117",W,1H,1,85,O,1270,1042,228,0,360,2,354,6,64,70,10,65,103,5,6,11,4,6,1,0,0,1,0,0,0,0,0,0,0,0,0,2,0,0,1,0,0,1,0,0,1,0,0,3
Zweitstimme,10W118,"10",Marzahn-Hellersdorf,"118",W,1J,1,85,O,1247,992,255,0,513,2,505,7,73,153,15,59,143,12,3,20,2,2,1,4,1,0,0,0,0,0,0,2,0,0,0,8,0,0,0,0,0,2,0,0,2,2,0,1
Zweitstimme,10W119,"10",Marzahn-Hellersdorf,"119",W,1J,1,85,O,1239,956,283,0,450,5,447,3,40,123,16,65,143,16,8,15,2,3,2,2,0,1,1,0,0,0,0,1,1,0,0,2,0,0,1,0,0,2,0,0,2,0,1,0
Zweitstimme,10W120,"10",Marzahn-Hellersdorf,"120",W,1K,1,85,O,1146,942,204,0,271,4,264,7,45,43,7,33,95,4,2,15,0,1,0,1,0,1,1,0,0,0,1,2,1,0,0,2,0,0,0,0,0,2,0,0,2,2,2,2
Zweitstimme,10W121,"10",Marzahn-Hellersdorf,"121",W,1K,1,85,O,1263,959,304,0,372,2,368,4,67,76,9,67,111,4,4,10,0,5,1,1,0,3,0,0,0,0,0,1,1,0,0,2,0,0,1,1,0,0,0,0,1,2,0,1
Zweitstimme,10W122,"10",Marzahn-Hellersdorf,"122",W,1L,1,85,O,1241,984,257,0,421,1,421,0,52,92,5,73,131,6,8,16,1,7,2,6,0,5,0,1,0,0,0,3,2,0,0,2,0,0,0,1,0,3,0,0,3,0,0,2
Zweitstimme,10W123,"10",Marzahn-Hellersdorf,"123",W,1L,1,85,O,1226,1021,205,0,367,0,364,3,36,90,12,46,120,10,10,11,4,4,2,1,0,0,1,0,0,0,0,6,0,0,0,4,0,0,0,2,0,1,0,0,1,0,0,3
Zweitstimme,10W124,"10",Marzahn-Hellersdorf,"124",W,1M,1,85,O,1169,978,191,0,287,0,284,3,37,39,9,47,97,11,5,14,0,1,1,2,0,1,0,3,0,0,0,2,2,0,0,5,0,0,0,0,0,3,0,0,3,1,0,1
Zweitstimme,10W125,"10",Marzahn-Hellersdorf,"125",W,1M,1,85,O,1190,988,202,0,296,0,289,7,56,46,4,27,103,8,6,12,2,3,3,5,1,0,0,0,0,0,0,1,1,0,0,5,0,0,2,0,0,1,1,0,1,0,0,1
Zweitstimme,10B1A,"10",Marzahn-Hellersdorf,1A,B,1A,1,85,O,0,0,0,0,358,358,358,0,65,91,12,65,68,3,6,13,4,7,5,3,0,0,0,0,0,0,0,0,3,0,0,5,0,0,0,0,0,2,2,0,4,0,0,0
Zweitstimme,10B1B,"10",Marzahn-Hellersdorf,1B,B,1B,1,85,O,0,0,0,0,361,361,359,2,63,95,29,64,59,8,2,18,2,4,0,1,1,0,0,0,0,0,0,4,1,0,0,3,0,0,0,1,0,1,0,0,2,0,1,0
Zweitstimme,10B1C,"10",Marzahn-Hellersdorf,1C,B,1C,1,85,O,0,0,0,0,278,278,277,1,47,76,15,29,73,6,5,10,2,1,3,2,0,2,0,0,0,0,0,1,0,0,0,1,0,0,0,0,0,1,0,0,2,0,0,1
Zweitstimme,10B1D,"10",Marzahn-Hellersdorf,1D,B,1D,1,85,O,0,0,0,0,423,423,422,1,88,102,17,60,83,11,5,19,5,6,0,5,0,3,0,0,0,0,0,5,1,0,0,4,0,0,0,0,0,2,0,0,2,1,0,3
Zweitstimme,10B1E,"10",Marzahn-Hellersdorf,1E,B,1E,1,85,O,0,0,0,0,499,499,497,2,94,112,22,109,76,7,11,31,1,3,3,3,0,4,0,0,0,0,0,1,1,0,0,7,0,0,3,1,0,3,1,0,0,1,2,1
Zweitstimme,10B1F,"10",Marzahn-Hellersdorf,1F,B,1F,1,85,O,0,0,0,0,477,477,470,7,68,98,22,83,123,15,10,19,2,2,5,3,0,2,0,0,0,0,0,2,2,0,0,4,0,0,0,0,0,3,1,0,4,1,1,0
Zweitstimme,10B1G,"10",Marzahn-Hellersdorf,1G,B,1G,1,85,O,0,0,0,0,433,433,419,1,46,117,19,79,89,11,7,21,2,7,2,2,0,2,0,1,0,1,0,3,1,0,0,1,0,0,1,0,0,0,0,0,2,1,0,4
Zweitstimme,10B1H,"10",Marzahn-Hellersdorf,1H,B,1H,1,85,O,0,0,0,0,311,311,304,7,54,82,6,52,58,6,4,13,2,6,0,3,1,1,0,1,0,0,0,2,0,0,0,4,0,0,0,1,0,1,0,0,2,1,3,1
Zweitstimme,10B1J,"10",Marzahn-Hellersdorf,1J,B,1J,1,85,O,0,0,0,0,485,485,485,0,92,135,23,99,85,8,6,12,1,3,3,5,0,1,0,0,0,0,0,1,1,0,0,4,0,0,0,2,0,0,0,0,0,1,2,1
Zweitstimme,10B1K,"10",Marzahn-Hellersdorf,1K,B,1K,1,85,O,0,0,0,0,425,425,423,2,77,94,20,82,86,9,3,23,2,1,1,2,0,0,0,0,0,0,0,3,1,0,0,6,0,0,0,1,0,0,1,0,5,5,0,1
Zweitstimme,10B1L,"10",Marzahn-Hellersdorf,1L,B,1L,1,85,O,0,0,0,0,402,402,397,5,72,106,17,80,69,6,6,15,2,3,1,2,1,0,0,0,0,0,1,1,1,0,0,3,0,0,1,0,0,1,1,0,5,1,2,0
Zweitstimme,10B1M,"10",Marzahn-Hellersdorf,1M,B,1M,1,85,O,0,0,0,0,344,344,340,4,59,81,18,67,69,2,3,15,2,3,3,3,0,2,0,0,0,0,0,1,0,0,0,4,0,0,0,0,0,0,0,0,3,1,1,3
Zweitstimme,10W201,"10",Marzahn-Hellersdorf,"201",W,2A,2,85,O,1611,1287,324,0,541,1,534,7,80,121,31,81,152,13,4,16,2,4,4,3,1,2,1,0,0,0,1,1,2,0,0,4,0,0,2,1,0,1,0,0,1,1,1,4
Zweitstimme,10W202,"10",Marzahn-Hellersdorf,"202",W,2A,2,85,O,1244,1028,216,0,356,1,347,9,42,60,19,69,96,6,9,21,2,0,3,3,1,0,1,0,0,0,0,0,0,0,0,2,0,0,3,1,0,1,0,0,3,2,1,2
Zweitstimme,10W203,"10",Marzahn-Hellersdorf,"203",W,2B,2,85,O,1183,903,280,0,333,3,323,9,63,80,9,55,70,7,3,15,1,4,2,1,0,0,1,1,0,0,0,1,0,0,0,4,0,0,0,0,0,1,1,0,2,0,0,2
Zweitstimme,10W204,"10",Marzahn-Hellersdorf,"204",W,2B,2,85,O,1161,809,352,0,290,1,284,6,56,73,8,40,76,5,1,15,1,2,1,1,0,1,0,0,0,0,0,1,0,0,0,1,0,0,0,0,0,1,1,0,0,0,0,0
Zweitstimme,10W205,"10",Marzahn-Hellersdorf,"205",W,2C,2,85,O,1146,896,250,0,328,0,320,8,47,75,13,54,85,8,5,12,1,1,4,0,0,0,2,0,0,0,0,2,2,0,0,1,0,0,0,0,0,2,1,0,2,1,1,1
Zweitstimme,10W206,"10",Marzahn-Hellersdorf,"206",W,2D,2,85,O,1152,898,254,0,353,1,346,7,78,85,14,52,64,9,3,20,0,1,0,2,1,2,0,0,0,0,0,2,3,0,0,3,0,0,0,0,0,1,1,0,3,2,0,0
Zweitstimme,10W207,"10",Marzahn-Hellersdorf,"207",W,2D,2,85,O,1219,888,331,0,318,2,312,6,40,70,15,53,102,6,2,6,0,2,0,0,0,1,0,0,0,0,0,2,2,0,0,4,0,0,0,2,0,2,1,0,0,0,1,1
Zweitstimme,10W208,"10",Marzahn-Hellersdorf,"208",W,2E,2,85,O,1302,957,345,0,442,2,435,7,87,114,13,49,127,12,3,8,2,4,3,2,0,0,1,0,0,0,0,2,0,0,0,4,0,0,0,0,0,1,1,0,0,0,1,1
Zweitstimme,10W209,"10",Marzahn-Hellersdorf,"209",W,2F,2,85,O,1337,1007,330,0,443,1,437,0,49,112,16,55,142,5,5,17,3,8,3,2,0,2,0,1,0,0,0,6,0,0,0,1,0,0,0,0,0,0,2,0,2,0,4,2
Zweitstimme,10W210,"10",Marzahn-Hellersdorf,"210",W,2G,2,85,O,1372,1006,366,0,426,2,420,6,69,123,13,59,105,12,6,11,1,4,2,0,0,2,1,0,0,0,0,3,0,0,0,3,0,0,0,0,0,1,2,0,2,0,1,0
Zweitstimme,10W211,"10",Marzahn-Hellersdorf,"211",W,2H,2,85,O,1357,998,359,0,496,0,495,1,97,126,17,99,98,15,6,10,1,4,2,3,0,0,1,0,0,0,0,4,1,0,0,4,0,0,1,2,0,1,0,0,1,0,1,1
Zweitstimme,10W212,"10",Marzahn-Hellersdorf,"212",W,2H,2,85,O,1317,1127,190,0,344,1,339,3,73,80,15,53,75,8,1,15,0,2,1,1,0,0,4,0,0,0,0,2,0,0,0,3,0,0,0,0,0,0,0,0,2,1,3,0
Zweitstimme,10W213,"10",Marzahn-Hellersdorf,"213",W,2J,2,85,O,1317,1018,299,0,362,3,355,7,62,72,8,59,115,8,4,11,1,1,1,1,0,0,0,0,0,0,1,0,0,0,0,2,0,0,1,1,0,3,0,0,0,0,2,2
Zweitstimme,10W214,"10",Marzahn-Hellersdorf,"214",W,2K,2,85,O,1338,1131,207,0,445,3,437,8,68,99,14,78,111,10,6,24,0,3,2,3,0,1,0,0,0,1,0,1,2,0,0,5,0,0,2,0,0,1,2,0,2,0,0,2
Zweitstimme,10W215,"10",Marzahn-Hellersdorf,"215",W,2K,2,85,O,1316,1057,259,0,394,3,389,5,53,75,24,78,105,13,1,13,1,6,2,2,0,0,1,0,0,0,1,7,1,0,0,2,0,0,0,1,0,0,0,0,1,2,0,0
Zweitstimme,10W216,"10",Marzahn-Hellersdorf,"216",W,2L,2,85,O,1102,910,192,0,386,4,381,3,70,87,24,61,87,6,2,16,2,2,0,2,0,1,1,3,0,1,0,3,1,0,0,3,0,0,0,0,0,1,1,0,2,2,1,2
Zweitstimme,10W217,"10",Marzahn-Hellersdorf,"217",W,2L,2,85,O,1233,873,360,0,438,8,432,5,71,133,16,56,103,20,1,9,1,4,1,2,0,1,0,0,0,0,0,1,0,0,0,3,0,0,2,1,0,1,1,0,1,1,0,3
Zweitstimme,10W218,"10",Marzahn-Hellersdorf,"218",W,2M,2,85,O,1157,848,309,0,433,5,427,3,69,128,16,68,89,13,5,10,1,4,1,3,0,0,0,0,0,1,0,2,0,0,0,8,0,0,2,0,0,3,0,0,1,2,0,1
Zweitstimme,10W219,"10",Marzahn-Hellersdorf,"219",W,2N,2,85,O,1128,779,349,0,397,0,392,5,67,110,24,58,87,17,0,10,2,3,1,2,2,0,0,0,0,0,0,1,1,0,0,7,0,0,0,0,0,0,0,0,0,0,0,0
Zweitstimme,10W220,"10",Marzahn-Hellersdorf,"220",W,2P,2,85,O,1161,890,271,0,343,3,342,1,52,89,20,68,76,9,10,4,3,0,0,0,0,1,0,0,0,0,1,1,0,0,0,2,0,0,0,1,0,1,0,0,0,1,2,1
Zweitstimme,10W221,"10",Marzahn-Hellersdorf,"221",W,2Q,2,85,O,1120,803,317,0,418,1,408,9,94,118,13,53,79,9,6,11,1,0,3,4,0,0,0,0,0,0,0,2,1,0,0,6,0,0,1,0,0,0,1,0,1,3,0,2
Zweitstimme,10W222,"10",Marzahn-Hellersdorf,"222",W,2R,2,85,O,1128,804,324,0,382,2,372,10,69,97,6,70,84,8,3,14,3,2,3,1,0,0,0,0,0,0,0,1,3,0,0,4,0,0,1,0,0,0,1,0,1,1,0,0
Zweitstimme,10W223,"10",Marzahn-Hellersdorf,"223",W,2R,2,85,O,1122,941,181,0,319,0,310,9,47,73,6,64,87,5,3,7,2,1,2,1,0,1,0,0,0,0,0,1,0,0,0,6,0,0,0,0,0,0,0,0,2,0,1,1
Zweitstimme,10W224,"10",Marzahn-Hellersdorf,"224",W,2S,2,85,O,1072,855,217,0,360,2,352,6,69,99,5,41,99,8,5,12,1,2,0,1,0,1,0,1,0,0,0,3,0,0,0,1,0,0,0,0,0,0,0,0,1,1,0,2
Zweitstimme,10W225,"10",Marzahn-Hellersdorf,"225",W,2S,2,85,O,1195,895,300,0,421,0,413,4,86,103,22,68,90,10,5,10,1,1,2,2,0,2,2,0,0,0,0,3,2,0,0,1,0,0,0,0,0,0,0,0,0,1,1,1
Zweitstimme,10W226,"10",Marzahn-Hellersdorf,"226",W,2T,2,85,O,1169,917,252,0,357,3,354,3,56,71,13,55,113,11,4,8,0,2,0,2,0,0,0,0,0,0,0,5,0,0,0,3,0,0,1,0,0,1,0,0,3,3,3,0
Zweitstimme,10W227,"10",Marzahn-Hellersdorf,"227",W,2T,2,85,O,1141,828,313,0,275,1,273,2,54,80,10,41,58,5,4,5,0,2,1,1,0,2,0,1,0,0,1,1,0,0,0,2,0,0,2,0,0,0,0,0,0,0,0,3
Zweitstimme,10B2A,"10",Marzahn-Hellersdorf,2A,B,2A,2,85,O,0,0,0,0,489,489,482,7,72,124,30,97,82,16,8,21,3,3,3,4,0,3,2,1,0,0,0,1,0,0,0,7,0,0,0,0,0,2,0,0,2,0,1,0
Zweitstimme,10B2B,"10",Marzahn-Hellersdorf,2B,B,2B,2,85,O,0,0,0,0,552,552,545,7,107,162,15,118,69,15,5,21,2,4,1,4,0,4,0,0,0,0,0,2,4,0,0,2,0,0,2,0,0,1,0,0,3,1,2,1
Zweitstimme,10B2C,"10",Marzahn-Hellersdorf,2C,B,2C,2,85,O,0,0,0,0,214,214,209,4,42,55,9,42,28,5,1,6,0,2,3,2,0,3,0,0,0,0,1,1,0,0,0,4,0,0,0,0,0,1,0,0,0,1,2,1
Zweitstimme,10B2D,"10",Marzahn-Hellersdorf,2D,B,2D,2,85,O,0,0,0,0,517,517,515,2,110,149,22,97,57,6,8,29,5,4,0,3,0,1,0,0,0,0,1,3,2,0,0,3,0,0,2,1,0,2,0,0,4,1,1,4
Zweitstimme,10B2E,"10",Marzahn-Hellersdorf,2E,B,2E,2,85,O,0,0,0,0,311,311,310,1,59,92,15,50,50,7,7,8,1,3,1,1,0,7,0,0,0,0,0,1,0,0,0,3,0,0,0,0,0,1,0,0,0,0,0,4
Zweitstimme,10B2F,"10",Marzahn-Hellersdorf,2F,B,2F,2,85,O,0,0,0,0,304,304,303,1,59,86,11,51,48,9,4,15,1,2,1,3,0,5,0,0,0,0,0,0,1,0,0,3,0,0,1,0,0,1,0,0,1,0,0,1
Zweitstimme,10B2G,"10",Marzahn-Hellersdorf,2G,B,2G,2,85,O,0,0,0,0,327,327,326,1,73,98,8,68,41,6,2,5,1,4,0,3,0,1,1,0,0,0,0,1,2,0,0,4,0,0,0,0,0,1,0,0,2,0,2,3
Zweitstimme,10B2H,"10",Marzahn-Hellersdorf,2H,B,2H,2,85,O,0,0,0,0,491,491,484,6,97,145,17,102,52,6,10,20,2,6,1,2,0,0,1,0,0,0,0,4,3,0,0,3,0,0,1,0,0,4,0,0,4,2,0,2
Zweitstimme,10B2J,"10",Marzahn-Hellersdorf,2J,B,2J,2,85,O,0,0,0,0,263,263,261,1,36,79,15,61,41,2,7,7,2,2,0,1,0,0,0,0,0,1,0,0,1,0,0,1,0,0,1,1,0,1,0,0,1,0,1,0
Zweitstimme,10B2K,"10",Marzahn-Hellersdorf,2K,B,2K,2,85,O,0,0,0,0,404,404,397,7,80,95,20,82,64,11,5,19,2,4,0,2,1,2,0,0,0,0,0,0,0,0,0,3,0,0,0,0,0,2,0,0,4,0,0,1
Zweitstimme,10B2L,"10",Marzahn-Hellersdorf,2L,B,2L,2,85,O,0,0,0,0,487,487,486,1,100,173,19,85,55,19,4,8,3,0,2,1,0,0,1,0,0,0,1,1,2,0,0,5,0,0,1,0,0,4,0,0,1,0,0,1
Zweitstimme,10B2M,"10",Marzahn-Hellersdorf,2M,B,2M,2,85,O,0,0,0,0,275,275,275,0,50,86,15,52,38,11,2,8,0,4,0,0,0,2,0,0,0,0,1,2,2,0,0,1,0,0,0,0,0,0,1,0,0,0,0,0
Zweitstimme,10B2N,"10",Marzahn-Hellersdorf,2N,B,2N,2,85,O,0,0,0,0,333,333,329,4,47,104,18,70,38,10,2,15,2,2,5,1,0,4,0,0,0,1,0,0,2,0,0,4,0,0,0,1,0,2,0,0,1,0,0,0
Zweitstimme,10B2P,"10",Marzahn-Hellersdorf,2P,B,2P,2,85,O,0,0,0,0,263,263,261,0,58,76,20,47,23,6,4,9,1,1,1,1,0,3,0,0,0,0,0,4,0,0,0,2,0,0,0,1,0,0,0,0,1,0,0,3
Zweitstimme,10B2Q,"10",Marzahn-Hellersdorf,2Q,B,2Q,2,85,O,0,0,0,0,297,297,293,4,53,92,14,56,38,9,2,10,2,5,0,1,1,0,0,0,0,0,0,0,2,0,0,3,0,0,0,1,0,0,0,0,1,1,1,1
Zweitstimme,10B2R,"10",Marzahn-Hellersdorf,2R,B,2R,2,85,O,0,0,0,0,455,455,453,2,92,121,17,103,82,4,2,12,1,2,0,2,0,0,0,0,0,0,0,1,1,0,0,4,0,0,2,0,0,0,2,0,1,0,0,4
Zweitstimme,10B2S,"10",Marzahn-Hellersdorf,2S,B,2S,2,85,O,0,0,0,0,465,465,462,3,90,158,21,76,64,9,6,14,1,4,2,2,0,0,0,0,0,0,0,2,0,0,0,1,0,0,1,0,0,2,0,0,5,0,3,1
Zweitstimme,10B2T,"10",Marzahn-Hellersdorf,2T,B,2T,2,85,O,0,0,0,0,485,485,484,1,95,146,17,99,50,23,9,15,1,6,1,6,0,4,0,0,0,0,0,0,0,0,0,4,0,0,0,0,0,0,0,0,3,1,4,0
Zweitstimme,10W301,"10",Marzahn-Hellersdorf,"301",W,3A,3,85,O,1473,1267,206,0,376,2,370,6,48,73,9,52,123,12,5,25,1,2,2,2,0,2,1,0,0,0,0,0,0,0,0,6,0,0,1,0,0,1,0,0,2,0,1,2
Zweitstimme,10W302,"10",Marzahn-Hellersdorf,"302",W,3A,3,85,O,1434,1256,178,0,396,1,388,8,47,83,13,51,135,14,1,15,0,3,5,4,0,0,0,2,0,0,0,3,1,0,0,2,0,0,0,1,0,3,0,0,3,1,0,1
Zweitstimme,10W303,"10",Marzahn-Hellersdorf,"303",W,3B,3,85,O,1486,1292,194,0,379,0,374,5,41,74,13,45,148,9,6,15,4,1,3,0,0,0,2,0,0,0,0,1,1,0,0,8,0,0,0,0,0,0,0,0,2,0,0,1
Zweitstimme,10W304,"10",Marzahn-Hellersdorf,"304",W,3C,3,85,O,1235,1002,233,0,220,0,218,1,26,31,7,32,83,6,0,13,2,4,4,1,0,0,0,0,0,0,1,1,0,0,0,0,0,0,0,0,0,3,0,0,2,1,0,1
Zweitstimme,10W305,"10",Marzahn-Hellersdorf,"305",W,3C,3,85,O,1363,1139,224,0,317,0,311,5,44,55,9,56,100,7,3,12,2,0,4,2,0,0,0,0,0,0,0,4,0,0,0,4,0,0,1,1,0,1,0,0,2,2,0,2
Zweitstimme,10W306,"10",Marzahn-Hellersdorf,"306",W,3D,3,85,O,1144,965,179,0,264,1,260,4,39,52,7,35,75,12,8,18,1,3,1,1,0,0,0,0,0,0,0,1,1,0,0,0,0,0,0,0,0,4,0,0,1,0,0,1
Zweitstimme,10W307,"10",Marzahn-Hellersdorf,"307",W,3D,3,85,O,951,829,122,0,349,3,340,8,41,94,21,37,96,6,4,13,3,1,2,1,0,2,3,0,0,0,0,4,1,0,0,0,0,0,1,1,0,2,2,0,1,2,1,1
Zweitstimme,10W308,"10",Marzahn-Hellersdorf,"308",W,3E,3,85,O,1314,1069,245,0,390,0,387,3,45,83,21,37,117,12,15,23,2,4,5,1,0,0,2,1,0,0,1,5,0,0,0,6,0,0,0,0,0,0,0,0,1,0,2,4
Zweitstimme,10W309,"10",Marzahn-Hellersdorf,"309",W,3E,3,85,O,1358,1116,242,0,382,0,376,4,50,86,14,53,110,7,5,22,3,2,3,3,0,1,2,2,0,0,0,0,1,0,0,3,0,0,1,0,0,1,0,0,3,0,0,4
Zweitstimme,10W310,"10",Marzahn-Hellersdorf,"310",W,3F,3,85,O,1379,1139,240,0,432,0,429,3,48,106,21,57,131,10,5,13,1,7,5,3,0,1,0,0,0,0,1,4,2,0,0,10,0,0,0,0,0,1,0,0,1,0,0,2
Zweitstimme,10W311,"10",Marzahn-Hellersdorf,"311",W,3F,3,85,O,1300,1083,217,0,405,0,403,2,63,80,20,53,113,16,3,20,4,2,4,2,0,0,1,0,0,0,2,1,2,0,0,4,0,0,2,0,0,4,1,0,2,1,1,2
Zweitstimme,10W312,"10",Marzahn-Hellersdorf,"312",W,3B,3,85,O,1051,896,155,0,259,1,253,6,27,70,10,31,73,6,4,12,3,1,2,1,0,1,1,1,0,0,0,1,0,0,0,2,0,0,2,0,0,0,0,0,2,1,1,1
Zweitstimme,10W313,"10",Marzahn-Hellersdorf,"313",W,3G,3,85,O,1117,907,210,0,347,2,342,5,44,104,6,38,94,5,7,18,3,2,5,0,0,0,0,1,0,1,0,3,1,0,0,4,0,0,0,2,0,1,0,0,2,0,1,0
Zweitstimme,10W314,"10",Marzahn-Hellersdorf,"314",W,3G,3,85,O,984,856,128,0,277,0,272,5,36,53,14,40,83,5,6,8,0,4,3,2,0,1,1,0,0,0,0,4,0,0,0,1,0,0,1,0,0,1,0,0,3,3,2,1
Zweitstimme,10W315,"10",Marzahn-Hellersdorf,"315",W,3H,3,85,O,1213,965,248,0,369,1,365,4,61,73,11,46,121,16,1,11,2,4,2,5,0,0,0,0,0,0,0,1,1,0,0,5,0,0,0,0,0,1,0,0,2,0,2,0
Zweitstimme,10W316,"10",Marzahn-Hellersdorf,"316",W,3H,3,85,O,1249,1045,204,0,394,0,386,8,46,83,11,44,128,13,4,22,2,5,3,2,0,1,1,0,0,0,0,4,2,0,0,2,0,0,1,1,0,2,0,0,6,1,1,1
Zweitstimme,10W317,"10",Marzahn-Hellersdorf,"317",W,3J,3,85,O,1219,1009,210,0,337,0,333,4,51,71,13,52,101,9,2,15,2,3,1,0,0,1,0,0,0,0,0,1,0,0,0,4,0,0,0,0,0,0,2,0,3,0,1,1
Zweitstimme,10W318,"10",Marzahn-Hellersdorf,"318",W,3J,3,85,O,1179,982,197,0,369,3,366,3,46,86,17,59,111,9,5,14,0,3,0,2,1,1,1,0,0,0,0,3,1,0,0,2,0,0,0,0,0,3,0,0,1,0,0,1
Zweitstimme,10W319,"10",Marzahn-Hellersdorf,"319",W,3K,3,85,O,1072,888,184,0,280,1,274,6,46,56,12,47,81,3,1,8,1,4,1,4,0,0,0,0,0,0,0,1,1,0,0,3,0,0,1,1,0,1,0,0,1,1,0,0
Zweitstimme,10W320,"10",Marzahn-Hellersdorf,"320",W,3L,3,85,O,1087,885,202,0,341,1,339,2,43,91,12,48,95,5,5,13,2,1,2,4,0,1,0,0,0,0,0,2,2,0,0,7,0,0,0,0,0,1,1,0,1,0,1,2
Zweitstimme,10W321,"10",Marzahn-Hellersdorf,"321",W,3L,3,85,O,1383,988,395,0,400,3,391,9,54,113,12,45,101,15,8,16,1,3,2,3,0,1,1,1,0,0,0,4,1,0,0,4,0,0,0,0,0,4,0,0,1,1,0,0
Zweitstimme,10W322,"10",Marzahn-Hellersdorf,"322",W,3M,3,85,O,1346,979,367,0,415,0,408,7,62,111,14,45,112,11,5,21,0,5,3,3,0,2,1,0,0,0,1,2,1,0,0,5,0,0,0,0,0,1,0,0,0,0,1,2
Zweitstimme,10W323,"10",Marzahn-Hellersdorf,"323",W,3M,3,85,O,1169,894,275,0,317,2,313,4,56,77,15,32,87,5,3,13,1,4,2,3,0,0,0,0,0,0,1,6,1,0,0,4,0,0,0,0,0,0,0,0,0,0,2,1
Zweitstimme,10W324,"10",Marzahn-Hellersdorf,"324",W,3N,3,85,O,1347,1010,337,0,399,3,389,10,53,103,13,62,117,10,4,10,1,4,1,1,0,0,0,0,0,0,0,0,2,0,0,1,0,0,1,0,0,1,0,0,2,1,1,1
Zweitstimme,10W325,"10",Marzahn-Hellersdorf,"325",W,3N,3,85,O,1089,864,225,0,347,3,344,3,66,74,7,45,93,11,3,17,2,3,3,4,0,1,1,0,0,0,0,2,2,0,0,4,0,0,0,0,0,1,1,0,0,2,1,1
Zweitstimme,10W326,"10",Marzahn-Hellersdorf,"326",W,3P,3,85,O,1201,881,320,0,481,5,468,13,75,162,21,63,83,9,3,19,1,8,3,2,0,1,0,0,0,0,0,2,0,0,0,4,0,0,3,1,0,2,2,0,2,0,0,2
Zweitstimme,10W327,"10",Marzahn-Hellersdorf,"327",W,3P,3,85,O,1165,854,311,0,430,5,425,5,64,126,15,79,82,16,6,15,0,2,3,1,0,0,0,0,0,0,0,5,0,0,0,7,0,0,2,0,0,0,0,0,0,1,0,1
Zweitstimme,10B3A,"10",Marzahn-Hellersdorf,3A,B,3A,3,85,O,0,0,0,0,328,328,323,5,53,77,10,56,67,14,4,20,1,3,2,3,0,0,1,0,0,0,0,3,0,0,0,2,0,0,2,2,0,0,0,0,2,0,0,1
Zweitstimme,10B3B,"10",Marzahn-Hellersdorf,3B,B,3B,3,85,O,0,0,0,0,284,284,281,2,38,61,15,46,64,7,6,16,1,2,2,5,1,1,1,0,0,2,0,3,1,0,0,3,0,0,1,0,0,1,0,0,3,0,0,1
Zweitstimme,10B3C,"10",Marzahn-Hellersdorf,3C,B,3C,3,85,O,0,0,0,0,383,383,376,7,74,74,17,56,74,6,11,29,2,9,0,4,0,1,0,0,0,0,0,1,2,0,0,1,0,0,1,0,0,5,1,0,4,0,1,3
Zweitstimme,10B3D,"10",Marzahn-Hellersdorf,3D,B,3D,3,85,O,0,0,0,0,253,253,251,2,40,58,13,37,58,6,4,17,1,1,0,2,0,5,0,0,0,0,0,1,1,0,0,0,0,0,2,0,0,1,0,0,1,0,1,2
Zweitstimme,10B3E,"10",Marzahn-Hellersdorf,3E,B,3E,3,85,O,0,0,0,0,441,441,437,2,61,97,38,71,84,19,6,28,2,3,4,3,0,0,0,0,0,0,1,3,1,0,0,5,0,0,1,0,0,0,1,0,3,2,0,4
Zweitstimme,10B3F,"10",Marzahn-Hellersdorf,3F,B,3F,3,85,O,0,0,0,0,391,391,388,3,58,97,30,74,71,7,6,20,1,3,3,4,0,2,0,0,0,0,0,0,2,0,0,4,0,0,0,0,0,1,0,0,2,1,1,1
Zweitstimme,10B3G,"10",Marzahn-Hellersdorf,3G,B,3G,3,85,O,0,0,0,0,300,300,297,3,47,85,14,50,50,2,7,17,0,5,3,1,0,1,1,1,0,2,1,3,0,0,0,3,0,0,1,0,0,0,0,0,1,1,0,1
Zweitstimme,10B3H,"10",Marzahn-Hellersdorf,3H,B,3H,3,85,O,0,0,0,0,413,413,409,4,61,114,16,75,88,10,5,12,3,3,2,1,0,0,0,0,0,0,0,2,2,0,0,3,0,0,0,1,0,2,0,0,7,1,1,0
Zweitstimme,10B3J,"10",Marzahn-Hellersdorf,3J,B,3J,3,85,O,0,0,0,0,347,347,345,2,66,63,24,75,60,13,3,14,3,4,2,4,0,0,1,0,0,0,0,0,1,0,0,7,0,0,0,0,0,4,0,0,0,0,0,1
Zweitstimme,10B3K,"10",Marzahn-Hellersdorf,3K,B,3K,3,85,O,0,0,0,0,188,188,187,1,36,46,10,44,30,3,0,5,0,0,1,1,0,0,2,0,0,0,0,0,0,0,0,3,0,0,1,1,0,0,0,0,1,0,0,3
Zweitstimme,10B3L,"10",Marzahn-Hellersdorf,3L,B,3L,3,85,O,0,0,0,0,522,522,513,9,111,132,22,77,82,12,10,23,1,2,3,7,0,1,1,0,0,1,0,3,5,0,0,5,0,0,0,2,0,2,0,0,7,0,4,0
Zweitstimme,10B3M,"10",Marzahn-Hellersdorf,3M,B,3M,3,85,O,0,0,0,0,567,567,556,10,92,149,22,107,113,8,1,20,3,8,1,7,0,2,1,1,0,0,0,3,1,0,0,6,0,0,0,0,0,5,2,0,1,1,0,2
Zweitstimme,10B3N,"10",Marzahn-Hellersdorf,3N,B,3N,3,85,O,0,0,0,0,509,509,505,4,93,147,21,76,77,18,11,16,2,3,5,5,0,1,3,0,0,0,1,3,2,0,0,4,0,0,1,0,0,4,0,0,3,2,1,6
Zweitstimme,10B3P,"10",Marzahn-Hellersdorf,3P,B,3P,3,85,O,0,0,0,0,560,560,553,7,85,201,33,89,54,19,13,12,6,5,1,6,1,3,0,0,0,0,0,4,1,0,0,4,0,0,3,1,0,2,1,0,1,2,1,5
Zweitstimme,10W401,"10",Marzahn-Hellersdorf,"401",W,4A,4,85,O,1193,945,248,0,410,3,404,6,67,110,10,82,88,7,3,16,0,2,0,1,0,2,0,0,0,0,1,1,1,0,0,3,0,0,1,1,0,1,5,0,1,0,0,1
Zweitstimme,10W402,"10",Marzahn-Hellersdorf,"402",W,4B,4,85,O,1179,873,306,0,296,5,289,7,43,72,10,52,70,6,4,14,2,2,2,0,0,3,0,0,0,0,0,0,0,0,0,4,0,0,1,0,0,1,0,0,0,1,0,2
Zweitstimme,10W403,"10",Marzahn-Hellersdorf,"403",W,4B,4,85,O,1183,909,274,0,433,0,425,3,71,120,7,81,92,9,8,18,0,3,2,1,0,1,0,0,0,0,1,1,0,0,0,2,0,0,1,0,0,0,1,0,5,1,0,0
Zweitstimme,10W404,"10",Marzahn-Hellersdorf,"404",W,4C,4,85,O,1134,884,250,0,371,2,368,3,44,80,11,71,109,9,5,18,2,5,0,2,0,0,0,0,0,0,0,3,0,0,0,4,0,0,0,0,0,1,0,0,0,1,3,0
Zweitstimme,10W405,"10",Marzahn-Hellersdorf,"405",W,4D,4,85,O,1176,950,226,0,414,4,399,4,52,100,16,77,94,14,10,13,2,2,1,4,1,4,0,0,0,0,1,1,1,0,0,2,0,0,1,0,0,2,0,0,0,0,0,1
Zweitstimme,10W406,"10",Marzahn-Hellersdorf,"406",W,4E,4,85,O,1343,1037,306,0,443,1,437,5,76,91,22,101,87,12,6,12,2,3,4,3,1,0,0,0,0,0,0,1,0,0,0,4,0,0,0,0,0,7,0,0,0,1,2,2
Zweitstimme,10W407,"10",Marzahn-Hellersdorf,"407",W,4F,4,85,O,737,509,228,0,271,0,267,4,33,101,23,29,41,9,1,8,3,2,1,2,0,2,0,0,0,0,0,2,0,0,0,0,0,0,0,0,0,1,2,0,0,3,2,2
Zweitstimme,10W408,"10",Marzahn-Hellersdorf,"408",W,4F,4,85,O,732,472,260,0,251,4,248,1,34,104,16,24,49,8,2,4,2,0,0,0,0,2,0,0,0,0,0,1,1,0,0,1,0,0,0,0,0,0,0,0,0,0,0,0
Zweitstimme,10W409,"10",Marzahn-Hellersdorf,"409",W,4G,4,85,O,1287,936,351,0,380,2,370,8,62,108,12,73,68,9,4,11,0,1,4,3,0,1,0,1,0,0,1,3,3,0,0,4,0,0,1,0,0,0,0,0,0,0,1,0
Zweitstimme,10W410,"10",Marzahn-Hellersdorf,"410",W,4H,4,85,O,1195,902,293,0,345,4,338,6,54,71,16,74,74,8,7,9,1,4,3,0,0,0,0,0,0,0,0,2,1,0,0,5,0,0,0,1,0,0,0,0,2,3,2,1
Zweitstimme,10W411,"10",Marzahn-Hellersdorf,"411",W,4H,4,85,O,1109,845,264,0,448,2,440,8,63,106,30,81,98,8,3,19,3,5,1,0,0,3,0,0,0,0,2,2,0,0,0,5,0,0,2,1,0,0,0,0,4,1,2,1
Zweitstimme,10W412,"10",Marzahn-Hellersdorf,"412",W,4J,4,85,O,1220,800,420,0,455,6,453,0,71,158,21,62,97,10,4,11,1,2,0,1,0,1,2,0,0,0,0,3,0,0,0,2,0,0,1,0,0,1,0,0,0,1,1,3
Zweitstimme,10W413,"10",Marzahn-Hellersdorf,"413",W,4K,4,85,O,1236,690,546,0,446,3,442,0,64,167,27,51,82,22,8,6,0,0,1,2,0,1,0,0,0,0,0,4,0,0,0,0,0,0,1,0,0,0,1,0,1,2,1,1
Zweitstimme,10W414,"10",Marzahn-Hellersdorf,"414",W,4L,4,85,O,1068,687,381,0,409,6,406,3,69,147,21,66,68,12,0,3,1,2,5,1,0,0,0,0,0,0,0,3,0,0,0,2,0,0,1,0,0,1,0,0,0,2,0,2
Zweitstimme,10W415,"10",Marzahn-Hellersdorf,"415",W,4M,4,85,O,1086,865,221,0,265,2,261,4,44,57,16,33,76,6,3,6,2,2,3,1,0,2,0,0,0,0,1,2,0,0,0,4,0,0,1,0,0,0,0,0,1,0,1,0
Zweitstimme,10W416,"10",Marzahn-Hellersdorf,"416",W,4M,4,85,O,1235,860,375,0,552,5,542,4,64,219,18,64,110,21,7,16,0,1,2,2,0,1,0,2,0,0,1,8,1,0,0,1,0,0,0,0,0,0,1,0,1,0,2,0
Zweitstimme,10W417,"10",Marzahn-Hellersdorf,"417",W,4N,4,85,O,1138,853,285,0,364,4,355,9,62,95,26,41,75,18,4,17,1,2,1,3,0,0,0,0,0,0,1,2,0,0,0,3,0,0,1,0,0,0,1,0,1,1,0,0
Zweitstimme,10W418,"10",Marzahn-Hellersdorf,"418",W,4N,4,85,O,1216,927,289,0,314,0,312,2,44,70,14,54,67,5,10,17,1,4,1,1,0,2,0,0,0,0,1,5,1,0,0,2,0,0,1,1,0,3,0,0,3,0,2,3
Zweitstimme,10W419,"10",Marzahn-Hellersdorf,"419",W,4P,4,85,O,1233,715,518,0,380,4,375,5,52,130,42,48,57,17,4,10,3,0,2,2,0,0,0,0,0,0,0,1,0,0,0,1,0,0,0,0,0,1,0,0,0,0,1,4
Zweitstimme,10W420,"10",Marzahn-Hellersdorf,"420",W,4Q,4,85,O,1323,783,540,0,501,3,501,0,67,199,32,67,90,13,4,17,0,1,1,1,3,0,0,0,0,0,0,1,0,0,0,1,0,0,0,0,0,1,0,0,1,0,1,1
Zweitstimme,10W421,"10",Marzahn-Hellersdorf,"421",W,4R,4,85,O,1352,863,489,0,579,11,575,4,94,194,44,72,95,27,8,17,1,7,0,2,0,3,0,0,0,0,1,2,1,0,0,1,0,0,2,0,0,0,1,0,1,1,0,1
Zweitstimme,10W422,"10",Marzahn-Hellersdorf,"422",W,4S,4,85,O,821,632,189,0,253,8,248,4,43,59,43,22,31,16,6,14,2,1,1,1,0,0,0,0,0,0,1,3,0,0,0,0,0,0,0,0,0,0,0,0,1,0,2,2
Zweitstimme,10W423,"10",Marzahn-Hellersdorf,"423",W,4T,4,85,O,1034,664,370,0,378,6,375,2,52,139,29,38,83,19,0,5,0,2,1,1,0,0,0,0,0,0,1,3,0,0,0,1,0,0,0,0,0,0,0,0,0,0,0,1
Zweitstimme,10W424,"10",Marzahn-Hellersdorf,"424",W,4T,4,85,O,737,478,259,0,348,10,345,3,43,139,36,49,35,14,7,11,0,2,0,0,0,0,0,0,0,0,0,1,1,0,0,2,0,0,0,0,0,0,1,0,0,1,1,2
Zweitstimme,10W425,"10",Marzahn-Hellersdorf,"425",W,4V,4,85,O,1160,684,476,0,407,4,405,2,61,172,41,34,51,16,2,13,0,0,0,1,0,0,0,0,0,0,1,3,0,0,0,2,0,0,0,0,0,0,1,0,0,0,3,4
Zweitstimme,10W426,"10",Marzahn-Hellersdorf,"426",W,4W,4,85,O,1072,642,430,0,512,6,510,2,79,225,44,53,59,18,4,11,2,0,0,0,0,1,0,0,0,1,1,3,0,0,0,2,0,0,0,0,0,0,0,0,0,1,1,5
Zweitstimme,10W427,"10",Marzahn-Hellersdorf,"427",W,4X,4,85,O,1133,648,485,0,457,9,455,2,79,186,40,52,59,15,6,4,2,0,0,2,0,1,0,0,0,0,0,0,1,0,0,1,0,0,1,0,0,3,0,0,0,1,0,2
Zweitstimme,10W428,"10",Marzahn-Hellersdorf,"428",W,4Y,4,85,O,1049,608,441,0,418,3,418,0,62,173,38,49,48,19,3,12,1,1,0,0,0,0,2,0,0,0,0,1,1,0,0,3,0,0,0,0,0,0,0,0,0,1,2,2
Zweitstimme,10W429,"10",Marzahn-Hellersdorf,"429",W,4ZA,4,85,O,1104,679,425,0,449,1,446,2,70,170,34,44,65,25,6,9,1,2,0,1,0,1,1,0,0,0,0,4,0,0,0,0,0,0,0,1,0,0,0,0,1,3,2,6
Zweitstimme,10W430,"10",Marzahn-Hellersdorf,"430",W,4ZB,4,85,O,1039,661,378,0,442,2,442,0,42,192,26,45,79,19,4,16,0,1,0,1,0,4,1,0,0,0,1,3,1,0,0,4,0,0,1,0,0,0,0,0,0,1,0,1
Zweitstimme,10W431,"10",Marzahn-Hellersdorf,"431",W,4ZC,4,85,O,1178,785,393,0,466,0,457,6,71,190,30,56,57,20,6,14,0,0,0,2,0,1,2,1,0,0,0,2,0,0,0,0,0,0,0,2,0,0,0,0,0,2,0,1
Zweitstimme,10B4A,"10",Marzahn-Hellersdorf,4A,B,4A,4,85,O,0,0,0,0,238,238,234,4,41,58,14,57,24,9,1,11,0,4,0,1,0,3,0,1,0,0,0,2,0,0,0,3,0,0,0,0,0,3,0,0,1,0,0,1
Zweitstimme,10B4B,"10",Marzahn-Hellersdorf,4B,B,4B,4,85,O,0,0,0,0,517,517,510,7,87,148,14,92,80,6,6,28,3,4,0,4,1,8,0,0,0,1,0,0,4,0,0,10,0,0,1,2,0,0,0,0,9,1,1,0
Zweitstimme,10B4C,"10",Marzahn-Hellersdorf,4C,B,4C,4,85,O,0,0,0,0,233,233,233,0,44,61,6,56,27,7,3,11,1,4,2,1,0,1,0,0,0,0,0,0,1,0,0,3,0,0,0,0,0,0,0,0,0,2,1,2
Zweitstimme,10B4D,"10",Marzahn-Hellersdorf,4D,B,4D,4,85,O,0,0,0,0,189,189,186,3,32,57,17,38,16,1,3,12,1,0,0,0,0,1,0,0,0,0,0,4,0,0,0,0,0,0,2,0,0,0,0,0,2,0,0,0
Zweitstimme,10B4E,"10",Marzahn-Hellersdorf,4E,B,4E,4,85,O,0,0,0,0,278,278,275,3,46,92,12,55,35,6,2,12,0,1,0,2,0,1,0,0,0,0,2,1,0,0,0,2,0,0,0,0,0,1,0,0,1,2,1,1
Zweitstimme,10B4F,"10",Marzahn-Hellersdorf,4F,B,4F,4,85,O,0,0,0,0,444,444,442,0,64,190,26,48,51,14,8,17,1,3,1,2,0,3,2,0,0,0,0,4,0,0,0,3,0,0,2,0,0,1,0,0,0,2,0,0
Zweitstimme,10B4G,"10",Marzahn-Hellersdorf,4G,B,4G,4,85,O,0,0,0,0,319,319,318,0,60,101,13,75,37,5,5,12,0,1,0,0,0,0,1,0,0,0,0,1,1,0,0,1,0,0,2,0,0,1,0,0,1,1,0,0
Zweitstimme,10B4H,"10",Marzahn-Hellersdorf,4H,B,4H,4,85,O,0,0,0,0,492,492,489,3,103,140,33,104,53,13,5,7,3,0,2,4,0,4,0,2,0,0,0,3,0,0,0,8,0,0,0,0,0,2,0,0,1,0,1,1
Zweitstimme,10B4J,"10",Marzahn-Hellersdorf,4J,B,4J,4,85,O,0,0,0,0,381,381,376,5,51,178,23,52,42,9,3,7,0,2,0,1,0,1,0,0,0,0,0,1,0,0,0,2,0,0,0,0,0,0,0,0,1,0,0,3
Zweitstimme,10B4K,"10",Marzahn-Hellersdorf,4K,B,4K,4,85,O,0,0,0,0,509,509,509,0,100,214,42,65,48,3,7,9,0,3,2,1,0,3,0,0,0,1,0,2,2,0,0,1,0,0,0,1,0,2,0,0,0,2,0,1
Zweitstimme,10B4L,"10",Marzahn-Hellersdorf,4L,B,4L,4,85,O,0,0,0,0,352,352,347,4,54,132,24,53,42,10,6,9,1,3,0,3,0,0,0,0,0,0,0,2,0,0,0,1,0,0,1,2,0,1,0,0,0,0,1,2
Zweitstimme,10B4M,"10",Marzahn-Hellersdorf,4M,B,4M,4,85,O,0,0,0,0,538,538,536,2,83,208,23,83,72,13,3,19,1,3,2,2,0,3,0,1,0,0,0,8,1,0,0,3,0,0,2,0,0,2,0,0,1,0,1,2
Zweitstimme,10B4N,"10",Marzahn-Hellersdorf,4N,B,4N,4,85,O,0,0,0,0,515,515,506,9,78,190,24,78,65,16,8,23,1,5,0,1,0,1,0,0,0,0,0,2,0,0,0,4,0,0,1,0,0,2,0,0,4,0,1,2
Zweitstimme,10B4P,"10",Marzahn-Hellersdorf,4P,B,4P,4,85,O,0,0,0,0,461,461,449,3,85,175,42,62,34,14,3,9,2,1,1,0,0,6,0,0,0,0,0,4,0,0,0,3,0,0,0,0,0,0,1,0,2,0,0,5
Zweitstimme,10B4Q,"10",Marzahn-Hellersdorf,4Q,B,4Q,4,85,O,0,0,0,0,495,495,492,3,80,214,40,63,40,16,5,16,0,1,0,2,0,0,0,0,0,0,1,3,1,0,0,1,0,0,1,0,0,4,0,0,0,1,1,2
Zweitstimme,10B4R,"10",Marzahn-Hellersdorf,4R,B,4R,4,85,O,0,0,0,0,450,450,448,2,65,192,35,58,46,12,3,11,0,6,0,3,0,1,0,0,0,1,0,1,1,0,0,4,0,0,0,0,0,1,1,0,0,2,2,3
Zweitstimme,10B4S,"10",Marzahn-Hellersdorf,4S,B,4S,4,85,O,0,0,0,0,150,150,149,1,32,35,18,24,11,7,1,11,0,1,0,0,0,0,1,0,0,0,0,2,0,0,0,2,0,0,0,0,0,2,0,0,0,0,0,2
Zweitstimme,10B4T,"10",Marzahn-Hellersdorf,4T,B,4T,4,85,O,0,0,0,0,564,564,561,3,83,257,69,49,48,15,3,10,0,2,0,2,0,1,1,1,0,0,0,2,3,0,0,6,0,0,1,0,0,2,1,0,0,1,1,3
Zweitstimme,10B4V,"10",Marzahn-Hellersdorf,4V,B,4V,4,85,O,0,0,0,0,448,448,444,4,72,211,50,49,28,14,4,8,1,1,0,0,0,2,0,0,0,0,0,2,1,0,0,0,0,0,0,0,0,1,0,0,0,0,0,0
Zweitstimme,10B4W,"10",Marzahn-Hellersdorf,4W,B,4W,4,85,O,0,0,0,0,397,397,392,2,54,208,27,48,24,7,1,7,0,1,1,0,0,1,3,0,0,0,0,0,0,0,0,1,0,0,1,0,0,0,3,0,1,0,1,3
Zweitstimme,10B4X,"10",Marzahn-Hellersdorf,4X,B,4X,4,85,O,0,0,0,0,450,450,449,1,80,213,32,49,38,6,1,5,0,3,2,1,0,2,0,0,0,0,0,4,2,0,0,1,0,0,1,0,0,3,0,0,2,1,0,3
Zweitstimme,10B4Y,"10",Marzahn-Hellersdorf,4Y,B,4Y,4,85,O,0,0,0,0,393,393,392,1,70,146,39,49,42,16,5,13,1,2,0,0,0,0,0,0,0,1,0,4,1,0,0,1,0,0,0,0,0,0,0,0,0,0,1,1
Zweitstimme,10B4ZA,"10",Marzahn-Hellersdorf,4ZA,B,4ZA,4,85,O,0,0,0,0,396,396,393,3,64,186,39,35,29,11,0,14,0,0,1,1,0,0,0,0,0,0,1,0,1,0,0,2,0,0,2,0,0,1,3,0,0,0,1,2
Zweitstimme,10B4ZB,"10",Marzahn-Hellersdorf,4ZB,B,4ZB,4,85,O,0,0,0,0,347,347,347,0,42,154,29,44,46,3,4,10,1,2,1,0,0,1,0,0,0,0,1,2,1,0,0,1,0,0,0,0,0,2,0,0,0,2,0,1
Zweitstimme,10B4ZC,"10",Marzahn-Hellersdorf,4ZC,B,4ZC,4,85,O,0,0,0,0,359,359,357,2,67,168,22,56,19,4,0,9,1,1,2,1,0,0,0,0,0,0,0,1,1,0,0,1,0,0,0,0,0,1,0,0,0,0,1,2
Zweitstimme,10W501,"10",Marzahn-Hellersdorf,"501",W,5A,5,85,O,1191,702,489,0,463,10,460,3,62,187,24,62,77,16,1,9,1,1,0,0,0,0,0,0,0,1,0,6,1,0,0,4,0,0,0,3,0,0,0,0,1,1,1,2
Zweitstimme,10W502,"10",Marzahn-Hellersdorf,"502",W,5B,5,85,O,1215,716,499,0,429,1,426,3,63,166,21,47,80,15,5,6,1,6,0,3,0,0,0,0,0,0,0,0,3,0,0,3,0,0,0,0,0,2,0,0,0,1,0,4
Zweitstimme,10W503,"10",Marzahn-Hellersdorf,"503",W,5C,5,85,O,1215,628,587,0,365,1,364,1,46,141,29,33,72,15,2,9,2,3,0,1,0,0,0,0,0,0,0,2,1,0,0,1,0,0,0,0,0,1,0,0,2,2,0,2
Zweitstimme,10W504,"10",Marzahn-Hellersdorf,"504",W,5D,5,85,O,1223,644,579,0,431,3,424,7,69,158,31,47,80,15,0,7,1,4,0,2,0,0,2,0,0,0,0,0,1,0,0,1,0,0,0,2,0,2,1,0,1,0,0,0
Zweitstimme,10W505,"10",Marzahn-Hellersdorf,"505",W,5E,5,85,O,1174,685,489,0,485,3,483,2,71,214,32,26,83,12,5,12,2,3,0,1,1,1,0,2,0,0,3,5,2,0,0,3,0,0,0,0,0,0,1,0,0,0,1,3
Zweitstimme,10W506,"10",Marzahn-Hellersdorf,"506",W,5F,5,85,O,1214,778,436,0,532,1,530,2,93,211,36,39,88,17,8,16,1,0,1,2,0,2,0,0,0,0,0,2,0,0,0,3,0,0,0,1,0,3,1,0,0,1,0,5
Zweitstimme,10W507,"10",Marzahn-Hellersdorf,"507",W,5G,5,85,O,1305,753,552,0,432,6,429,3,69,124,41,61,80,13,8,9,0,2,0,2,0,0,0,1,0,0,0,2,2,0,0,5,0,0,0,1,0,1,0,0,1,1,1,5
Zweitstimme,10W508,"10",Marzahn-Hellersdorf,"508",W,5H,5,85,O,1032,640,392,0,409,8,407,2,68,119,53,54,67,15,10,3,2,1,0,0,0,0,0,2,0,0,1,1,1,0,0,4,0,0,0,0,0,0,0,0,0,0,1,5
Zweitstimme,10W509,"10",Marzahn-Hellersdorf,"509",W,5J,5,85,O,1181,794,387,0,388,1,385,3,59,136,28,46,52,19,4,13,0,4,3,3,0,0,3,1,0,0,0,4,0,0,0,2,0,0,1,1,0,0,2,0,1,1,0,2
Zweitstimme,10W510,"10",Marzahn-Hellersdorf,"510",W,5K,5,85,O,991,552,439,0,343,3,329,3,51,116,19,44,51,13,5,14,0,4,2,0,1,3,0,0,0,0,1,0,0,0,0,2,0,0,0,0,0,0,1,0,0,0,0,2
Zweitstimme,10W511,"10",Marzahn-Hellersdorf,"511",W,5L,5,85,O,1141,705,436,0,413,1,409,2,68,135,24,59,76,17,3,13,2,1,3,0,0,0,0,0,0,1,0,1,0,0,0,0,0,0,0,1,0,1,0,0,1,0,0,3
Zweitstimme,10W512,"10",Marzahn-Hellersdorf,"512",W,5M,5,85,O,1137,790,347,0,485,8,483,2,52,178,38,67,78,16,14,25,0,2,2,0,0,0,0,0,0,0,0,0,0,0,0,6,0,0,0,0,0,1,1,0,0,2,0,1
Zweitstimme,10W513,"10",Marzahn-Hellersdorf,"513",W,5N,5,85,O,1165,718,447,0,468,3,464,4,52,183,33,50,91,20,1,11,3,2,0,3,0,2,0,0,0,0,1,2,0,0,0,2,0,0,1,2,0,0,1,0,0,0,2,2
Zweitstimme,10W514,"10",Marzahn-Hellersdorf,"514",W,5P,5,85,O,1093,635,458,0,427,6,424,3,88,128,50,53,56,16,6,7,0,3,1,0,0,0,1,1,0,0,0,1,0,0,0,4,0,0,0,0,0,1,0,0,1,1,0,6
Zweitstimme,10W515,"10",Marzahn-Hellersdorf,"515",W,5Q,5,85,O,1051,638,413,0,442,1,437,5,51,198,26,45,71,12,4,9,0,2,0,2,0,0,0,0,0,0,0,6,0,0,0,2,0,0,0,0,0,1,0,0,1,2,3,2
Zweitstimme,10W516,"10",Marzahn-Hellersdorf,"516",W,5R,5,85,O,1082,661,421,0,463,4,460,3,66,199,36,35,70,25,4,7,0,4,0,1,0,0,0,0,0,0,0,3,1,0,0,6,0,0,0,0,0,0,0,0,1,1,1,0
Zweitstimme,10W517,"10",Marzahn-Hellersdorf,"517",W,5S,5,85,O,1069,633,436,0,419,2,415,4,45,185,23,33,73,27,3,11,0,4,0,1,0,0,0,0,0,0,1,3,0,0,0,2,0,0,0,0,0,0,1,0,2,0,1,0
Zweitstimme,10W518,"10",Marzahn-Hellersdorf,"518",W,5T,5,85,O,1058,612,446,0,436,7,429,4,66,181,25,39,70,22,3,8,0,1,1,2,0,2,0,0,0,0,0,0,1,0,0,1,0,0,0,0,0,0,0,0,0,1,2,4
Zweitstimme,10W519,"10",Marzahn-Hellersdorf,"519",W,5V,5,85,O,1066,686,380,0,488,5,480,7,81,205,25,49,78,16,3,7,1,4,0,0,0,1,0,2,0,1,0,1,1,0,0,2,0,0,0,0,0,2,0,0,0,1,0,0
Zweitstimme,10W520,"10",Marzahn-Hellersdorf,"520",W,5W,5,85,O,1138,619,519,0,421,4,419,2,46,187,18,48,74,17,7,12,2,0,1,0,0,2,0,0,0,0,0,1,1,0,0,1,0,0,0,0,0,0,0,0,0,1,0,1
Zweitstimme,10W521,"10",Marzahn-Hellersdorf,"521",W,5X,5,85,O,1086,635,451,0,397,2,393,4,62,162,29,43,57,14,2,8,0,2,0,2,0,0,0,0,0,0,0,0,1,0,0,4,0,0,1,0,0,2,1,0,0,0,1,2
Zweitstimme,10W522,"10",Marzahn-Hellersdorf,"522",W,5Y,5,85,O,1046,637,409,0,425,9,424,1,58,163,28,48,89,17,1,9,0,1,0,2,0,1,1,0,0,0,0,2,0,0,0,2,0,0,0,1,0,1,0,0,0,0,0,0
Zweitstimme,10W523,"10",Marzahn-Hellersdorf,"523",W,5ZA,5,85,O,1051,560,491,0,377,9,374,3,76,136,48,31,42,18,7,7,0,1,1,2,0,0,0,0,0,0,0,1,0,0,0,2,0,0,0,0,0,0,0,0,0,0,0,2
Zweitstimme,10W524,"10",Marzahn-Hellersdorf,"524",W,5ZB,5,85,O,1042,639,403,0,449,8,448,1,75,155,18,57,93,23,6,4,0,2,0,1,0,0,0,0,0,0,0,0,0,0,0,4,0,0,3,0,0,2,1,0,0,0,0,4
Zweitstimme,10W525,"10",Marzahn-Hellersdorf,"525",W,5ZC,5,85,O,1052,661,391,0,486,7,479,1,78,228,20,27,77,20,4,4,1,1,0,1,0,1,0,0,0,0,1,3,2,0,0,3,0,0,0,0,0,0,1,0,0,1,1,5
Zweitstimme,10W526,"10",Marzahn-Hellersdorf,"526",W,5ZD,5,85,O,1036,659,377,0,472,9,466,5,87,188,26,52,67,16,5,8,1,1,1,1,0,1,0,0,0,0,0,2,0,0,0,1,0,0,1,0,0,1,0,0,0,1,3,3
Zweitstimme,10W527,"10",Marzahn-Hellersdorf,"527",W,5ZE,5,85,O,1139,688,451,0,484,1,479,5,62,205,33,54,74,21,4,8,1,1,1,1,0,0,0,0,0,0,0,4,0,0,0,3,0,0,0,0,0,0,1,0,0,0,3,3
Zweitstimme,10W528,"10",Marzahn-Hellersdorf,"528",W,5ZF,5,85,O,1167,751,416,0,506,6,503,3,98,190,22,60,66,24,4,16,1,0,0,1,1,3,1,0,0,1,0,2,0,0,0,4,0,0,0,0,0,1,2,0,1,1,4,0
Zweitstimme,10W529,"10",Marzahn-Hellersdorf,"529",W,5ZG,5,85,O,1070,612,458,0,378,5,375,3,57,144,18,38,64,19,5,12,3,4,2,1,0,1,0,0,0,0,0,4,0,0,0,0,0,0,0,1,0,1,0,0,0,0,0,1
Zweitstimme,10W530,"10",Marzahn-Hellersdorf,"530",W,5ZH,5,85,O,1236,750,486,0,488,9,484,4,83,150,41,63,82,24,4,12,1,2,1,0,0,0,0,0,0,0,1,4,0,0,0,3,0,0,1,0,0,3,0,0,0,0,1,8
Zweitstimme,10B5A,"10",Marzahn-Hellersdorf,5A,B,5A,5,85,O,0,0,0,0,441,441,439,2,75,180,39,61,41,13,4,11,1,2,1,1,0,1,0,1,0,0,0,3,0,0,0,2,0,0,0,0,0,1,0,0,1,1,0,0
Zweitstimme,10B5B,"10",Marzahn-Hellersdorf,5B,B,5B,5,85,O,0,0,0,0,457,457,456,1,99,180,45,62,47,5,2,3,0,0,0,1,0,0,0,0,0,1,0,4,0,0,0,2,0,0,0,0,0,0,0,0,1,1,2,1
Zweitstimme,10B5C,"10",Marzahn-Hellersdorf,5C,B,5C,5,85,O,0,0,0,0,549,549,549,0,110,209,28,74,66,25,3,8,1,5,0,1,0,5,0,0,0,0,0,1,3,0,0,0,0,0,1,0,0,1,1,0,1,1,2,3
Zweitstimme,10B5D,"10",Marzahn-Hellersdorf,5D,B,5D,5,85,O,0,0,0,0,542,542,542,0,95,235,30,49,59,21,10,11,1,7,0,5,0,0,0,0,0,0,0,2,1,0,0,3,0,0,1,0,0,4,0,0,1,2,0,5
Zweitstimme,10B5E,"10",Marzahn-Hellersdorf,5E,B,5E,5,85,O,0,0,0,0,457,457,457,0,78,216,34,53,32,12,4,13,1,0,0,4,0,1,0,0,0,0,0,3,0,0,0,4,0,0,0,0,0,0,0,0,0,0,0,2
Zweitstimme,10B5F,"10",Marzahn-Hellersdorf,5F,B,5F,5,85,O,0,0,0,0,403,403,401,2,70,168,36,47,28,20,6,9,0,0,0,7,0,0,0,0,0,0,0,2,1,0,0,0,0,0,1,2,0,0,1,0,0,0,0,3
Zweitstimme,10B5G,"10",Marzahn-Hellersdorf,5G,B,5G,5,85,O,0,0,0,0,504,504,503,1,115,167,38,66,29,29,6,21,0,0,0,2,0,3,0,0,0,0,1,1,0,0,0,3,0,0,1,0,0,2,6,0,1,6,1,5
Zweitstimme,10B5H,"10",Marzahn-Hellersdorf,5H,B,5H,5,85,O,0,0,0,0,355,355,355,0,73,122,47,44,35,11,2,9,0,2,0,1,0,0,0,0,0,0,0,2,0,0,0,2,0,0,0,0,0,0,0,0,1,1,1,2
Zweitstimme,10B5J,"10",Marzahn-Hellersdorf,5J,B,5J,5,85,O,0,0,0,0,396,396,393,3,55,154,32,55,40,16,7,15,1,1,0,4,0,2,0,0,0,1,0,3,0,0,0,0,0,0,0,0,0,1,1,0,1,0,0,4
Zweitstimme,10B5K,"10",Marzahn-Hellersdorf,5K,B,5K,5,85,O,0,0,0,0,406,406,402,4,75,149,38,63,36,19,4,8,1,0,0,0,0,0,0,0,0,0,0,3,0,0,0,1,0,0,0,0,0,0,0,0,0,0,0,5
Zweitstimme,10B5L,"10",Marzahn-Hellersdorf,5L,B,5L,5,85,O,0,0,0,0,387,387,385,2,80,140,35,53,40,9,4,5,1,3,1,3,0,2,0,0,0,0,0,1,0,0,0,1,0,0,0,0,0,0,0,0,0,3,0,4
Zweitstimme,10B5M,"10",Marzahn-Hellersdorf,5M,B,5M,5,85,O,0,0,0,0,318,318,317,1,78,121,19,40,32,8,5,6,0,0,0,1,0,2,0,0,0,1,1,2,0,0,0,0,0,0,0,0,0,0,0,0,0,1,0,0
Zweitstimme,10B5N,"10",Marzahn-Hellersdorf,5N,B,5N,5,85,O,0,0,0,0,401,401,400,1,69,159,47,48,30,18,7,8,0,0,2,0,1,0,0,0,0,0,0,1,1,0,0,5,0,0,1,0,0,0,0,0,1,0,2,0
Zweitstimme,10B5P,"10",Marzahn-Hellersdorf,5P,B,5P,5,85,O,0,0,0,0,423,423,418,5,77,146,42,72,37,18,6,6,0,0,0,1,1,3,0,0,0,1,0,1,1,0,0,0,0,0,0,0,0,1,0,0,0,1,3,1
Zweitstimme,10B5Q,"10",Marzahn-Hellersdorf,5Q,B,5Q,5,85,O,0,0,0,0,392,392,391,1,58,175,18,46,57,12,3,8,1,2,0,2,0,0,0,0,0,0,0,1,0,0,0,1,0,0,2,0,0,0,0,0,0,2,1,2
Zweitstimme,10B5R,"10",Marzahn-Hellersdorf,5R,B,5R,5,85,O,0,0,0,0,393,393,392,1,64,175,43,24,42,20,2,7,2,2,0,1,0,0,0,0,0,0,1,2,0,0,0,0,0,0,0,0,0,0,0,0,0,0,4,3
Zweitstimme,10B5S,"10",Marzahn-Hellersdorf,5S,B,5S,5,85,O,0,0,0,0,398,398,397,1,54,176,30,43,37,26,1,9,1,4,0,2,0,4,0,0,0,0,0,0,1,0,0,3,0,0,0,0,0,2,0,0,2,0,2,0
Zweitstimme,10B5T,"10",Marzahn-Hellersdorf,5T,B,5T,5,85,O,0,0,0,0,410,410,409,1,70,167,28,54,55,7,3,6,1,6,0,2,0,1,0,0,0,0,0,4,1,0,0,2,0,0,0,0,0,0,0,0,0,1,0,1
Zweitstimme,10B5V,"10",Marzahn-Hellersdorf,5V,B,5V,5,85,O,0,0,0,0,350,350,348,2,55,171,19,22,46,12,4,5,0,2,0,0,0,2,1,0,0,1,0,0,2,0,0,1,0,0,0,0,0,1,0,0,0,0,2,2
Zweitstimme,10B5W,"10",Marzahn-Hellersdorf,5W,B,5W,5,85,O,0,0,0,0,466,466,461,5,75,200,39,52,55,22,1,5,0,3,0,2,0,0,0,0,0,0,1,0,1,0,0,1,0,0,0,0,0,1,0,0,1,0,0,2
Zweitstimme,10B5X,"10",Marzahn-Hellersdorf,5X,B,5X,5,85,O,0,0,0,0,412,412,412,0,56,204,28,52,33,15,2,8,0,6,0,1,0,0,0,1,0,0,0,1,0,0,0,0,0,0,0,0,0,0,0,0,0,1,2,2
Zweitstimme,10B5Y,"10",Marzahn-Hellersdorf,5Y,B,5Y,5,85,O,0,0,0,0,366,366,365,1,74,152,28,35,33,16,5,6,0,3,1,2,0,2,0,0,0,0,1,3,0,0,0,1,0,0,0,0,0,2,0,0,0,1,0,0
Zweitstimme,10B5ZA,"10",Marzahn-Hellersdorf,5ZA,B,5ZA,5,85,O,0,0,0,0,453,453,452,1,73,176,41,66,28,22,13,10,1,5,1,1,0,0,0,0,0,0,0,3,1,0,0,2,0,0,0,0,0,2,1,0,1,2,0,3
Zweitstimme,10B5ZB,"10",Marzahn-Hellersdorf,5ZB,B,5ZB,5,85,O,0,0,0,0,364,364,363,1,43,165,27,46,40,20,5,10,1,2,0,0,0,0,0,0,0,0,0,2,0,0,0,1,0,0,0,0,0,0,0,0,0,0,1,0
Zweitstimme,10B5ZC,"10",Marzahn-Hellersdorf,5ZC,B,5ZC,5,85,O,0,0,0,0,363,363,363,0,57,154,30,41,41,14,1,11,0,3,2,0,0,0,0,0,0,0,1,2,0,0,0,1,0,0,0,0,0,0,1,0,0,1,0,3
Zweitstimme,10B5ZD,"10",Marzahn-Hellersdorf,5ZD,B,5ZD,5,85,O,0,0,0,0,362,362,359,2,48,145,36,46,41,16,3,13,1,0,0,1,0,1,1,0,0,0,0,0,0,0,0,1,0,0,0,0,0,2,0,0,0,4,0,0
Zweitstimme,10B5ZE,"10",Marzahn-Hellersdorf,5ZE,B,5ZE,5,85,O,0,0,0,0,400,400,399,1,55,189,27,51,33,18,2,9,1,4,1,1,0,0,0,1,0,0,0,0,0,0,0,1,0,0,0,0,0,1,0,0,1,0,2,2
Zweitstimme,10B5ZF,"10",Marzahn-Hellersdorf,5ZF,B,5ZF,5,85,O,0,0,0,0,387,387,386,1,66,152,26,58,47,11,3,8,2,0,1,3,0,0,2,0,0,0,1,0,1,0,0,0,0,0,0,0,0,1,1,0,1,0,1,1
Zweitstimme,10B5ZG,"10",Marzahn-Hellersdorf,5ZG,B,5ZG,5,85,O,0,0,0,0,413,413,411,2,59,202,27,42,30,25,3,6,0,4,2,2,0,1,0,0,0,0,0,4,0,0,0,1,0,0,0,0,0,0,0,0,1,1,0,1
Zweitstimme,10B5ZH,"10",Marzahn-Hellersdorf,5ZH,B,5ZH,5,85,O,0,0,0,0,445,445,443,2,65,175,52,59,29,15,5,16,0,4,1,2,0,2,0,1,0,0,0,6,1,0,0,3,0,0,1,0,0,1,0,0,3,1,0,1
Zweitstimme,10W601,"10",Marzahn-Hellersdorf,"601",W,6A,6,85,O,1282,1070,212,0,354,2,351,3,51,68,15,49,108,3,9,20,5,1,2,8,1,1,0,0,0,0,1,3,0,0,0,2,0,0,0,0,0,1,0,0,3,0,0,0
Zweitstimme,10W602,"10",Marzahn-Hellersdorf,"602",W,6A,6,85,O,1299,1039,260,0,398,0,392,6,63,103,11,53,110,12,6,12,0,3,5,2,0,1,0,0,0,0,0,2,0,0,0,3,0,0,0,1,0,1,0,0,2,0,1,1
Zweitstimme,10W603,"10",Marzahn-Hellersdorf,"603",W,6B,6,85,O,1249,1042,207,0,337,2,329,8,43,88,15,36,94,8,1,18,3,3,1,1,0,1,0,0,0,0,0,3,2,0,0,4,0,0,1,0,0,1,0,0,0,1,2,3
Zweitstimme,10W604,"10",Marzahn-Hellersdorf,"604",W,6B,6,85,O,1351,1024,327,0,415,4,401,11,58,128,22,45,96,12,3,13,2,6,2,0,0,0,0,0,0,0,0,3,0,0,0,4,0,0,0,2,0,0,3,0,1,0,1,0
Zweitstimme,10W605,"10",Marzahn-Hellersdorf,"605",W,6C,6,85,O,1383,1037,346,0,455,3,450,5,53,143,19,53,114,9,3,20,4,4,1,2,0,3,0,0,0,0,0,2,0,0,0,6,0,0,0,1,0,3,1,0,2,1,1,5
Zweitstimme,10W606,"10",Marzahn-Hellersdorf,"606",W,6C,6,85,O,1232,993,239,0,364,1,355,9,36,104,18,54,103,3,5,10,2,0,1,4,0,4,0,0,0,0,1,0,1,0,0,4,0,0,0,0,0,2,1,0,1,1,0,0
Zweitstimme,10W607,"10",Marzahn-Hellersdorf,"607",W,6D,6,85,O,1243,923,320,0,420,3,416,4,64,144,16,61,79,9,5,13,3,3,1,1,0,2,1,0,0,0,0,1,1,0,0,6,0,0,0,0,0,1,1,0,1,1,1,1
Zweitstimme,10W608,"10",Marzahn-Hellersdorf,"608",W,6D,6,85,O,1271,934,337,0,341,1,334,7,49,99,12,50,74,9,7,10,2,3,3,2,0,3,0,0,0,0,0,1,0,0,0,3,0,0,2,0,0,1,0,0,3,0,1,0
Zweitstimme,10W609,"10",Marzahn-Hellersdorf,"609",W,6E,6,85,O,1235,1033,202,0,428,0,424,4,66,137,17,60,104,10,2,13,2,2,0,1,0,0,0,0,0,0,0,3,2,0,0,2,0,0,0,0,0,1,0,0,1,0,0,1
Zweitstimme,10W610,"10",Marzahn-Hellersdorf,"610",W,6E,6,85,O,1124,908,216,0,355,4,350,5,38,105,13,47,96,4,8,20,1,7,0,1,0,0,0,0,0,0,1,0,0,0,0,4,0,0,0,0,0,1,0,0,0,0,2,2
Zweitstimme,10W611,"10",Marzahn-Hellersdorf,"611",W,6F,6,85,O,1115,854,261,0,388,0,380,6,44,98,9,63,106,13,5,15,3,6,2,2,0,0,0,0,0,0,0,0,2,0,0,4,0,0,0,0,0,0,0,0,1,1,3,3
Zweitstimme,10W612,"10",Marzahn-Hellersdorf,"612",W,6F,6,85,O,896,644,252,0,253,0,251,2,44,48,8,53,64,11,2,10,0,2,0,1,0,2,0,0,0,0,0,1,0,0,0,2,0,0,0,0,0,0,0,0,1,1,0,1
Zweitstimme,10W613,"10",Marzahn-Hellersdorf,"613",W,6G,6,85,O,1250,930,320,0,392,1,387,5,55,115,15,54,91,5,5,14,3,4,3,1,0,1,3,1,0,0,1,3,1,0,0,4,0,0,0,1,0,2,1,0,1,0,0,3
Zweitstimme,10W614,"10",Marzahn-Hellersdorf,"614",W,6G,6,85,O,1257,931,326,0,323,3,319,3,55,82,14,46,78,6,6,10,1,2,3,5,0,2,0,0,0,0,1,1,0,0,0,2,0,0,2,0,0,0,0,0,1,1,1,0
Zweitstimme,10W615,"10",Marzahn-Hellersdorf,"615",W,6H,6,85,O,1229,884,345,0,483,4,481,2,83,136,23,82,109,9,4,14,2,7,1,1,0,0,0,0,0,0,0,2,1,0,0,2,0,0,0,1,0,0,0,0,2,1,0,1
Zweitstimme,10W616,"10",Marzahn-Hellersdorf,"616",W,6J,6,85,O,1105,761,344,0,497,7,495,2,76,166,35,69,79,21,5,21,0,1,0,3,0,0,1,1,0,0,0,2,3,0,0,5,0,0,0,0,0,0,1,0,0,1,1,4
Zweitstimme,10W617,"10",Marzahn-Hellersdorf,"617",W,6K,6,85,O,1119,693,426,0,455,3,452,2,65,170,28,58,75,19,3,9,1,4,0,0,0,0,1,0,0,1,0,7,1,0,0,2,0,0,0,0,0,2,0,0,0,1,1,4
Zweitstimme,10W618,"10",Marzahn-Hellersdorf,"618",W,6K,6,85,O,1110,831,279,0,375,2,366,8,52,94,17,51,94,12,5,17,1,2,1,2,0,0,3,0,0,0,0,4,1,0,0,4,0,0,0,1,0,2,0,0,2,0,1,0
Zweitstimme,10W619,"10",Marzahn-Hellersdorf,"619",W,6L,6,85,O,1086,708,378,0,406,5,402,4,63,152,24,40,67,16,5,12,1,1,2,0,0,0,0,0,0,0,2,3,0,0,0,3,0,0,2,0,0,2,1,0,0,1,2,3
Zweitstimme,10W620,"10",Marzahn-Hellersdorf,"620",W,6M,6,85,O,1108,624,484,0,438,3,437,1,69,156,26,48,88,12,6,17,1,2,0,2,0,2,0,0,0,1,0,0,2,0,0,1,0,0,0,0,0,1,0,0,0,1,2,0
Zweitstimme,10W621,"10",Marzahn-Hellersdorf,"621",W,6N,6,85,O,1143,947,196,0,398,1,389,9,61,107,8,44,122,5,5,15,0,7,4,1,0,1,1,0,0,0,1,1,0,0,0,5,0,0,0,0,0,0,0,0,0,0,0,1
Zweitstimme,10W622,"10",Marzahn-Hellersdorf,"622",W,6N,6,85,O,1170,961,209,0,319,0,315,4,39,73,9,34,114,11,4,12,1,2,2,1,0,0,0,0,0,0,0,3,1,0,0,4,0,0,1,0,0,0,0,0,4,0,0,0
Zweitstimme,10W623,"10",Marzahn-Hellersdorf,"623",W,6P,6,85,O,1191,940,251,0,314,0,312,2,46,83,15,31,103,5,1,13,0,3,1,1,0,0,1,0,0,0,1,1,1,0,0,1,0,0,1,0,0,1,0,0,0,0,1,2
Zweitstimme,10W624,"10",Marzahn-Hellersdorf,"624",W,6P,6,85,O,998,814,184,0,209,0,206,3,23,51,10,36,63,3,3,8,0,3,1,0,0,0,0,0,0,0,0,1,0,0,0,0,0,0,1,0,0,1,0,0,0,0,0,2
Zweitstimme,10W625,"10",Marzahn-Hellersdorf,"625",W,6Q,6,85,O,1150,980,170,0,309,0,303,6,41,77,20,26,89,11,8,14,0,0,6,5,0,1,0,0,0,0,0,0,1,0,0,0,0,0,1,1,0,1,0,0,0,0,0,1
Zweitstimme,10W626,"10",Marzahn-Hellersdorf,"626",W,6Q,6,85,O,1241,996,245,0,432,2,429,3,50,116,21,49,125,14,9,16,2,1,1,5,0,0,0,0,0,0,0,6,1,0,0,3,0,0,0,2,0,1,0,0,4,0,0,3
Zweitstimme,10B6A,"10",Marzahn-Hellersdorf,6A,B,6A,6,85,O,0,0,0,0,441,441,431,9,73,116,20,66,101,8,3,19,2,4,0,2,1,2,0,0,0,0,0,4,0,0,0,2,0,0,0,0,0,1,0,0,3,2,0,2
Zweitstimme,10B6B,"10",Marzahn-Hellersdorf,6B,B,6B,6,85,O,0,0,0,0,473,473,469,3,75,184,18,79,59,4,3,14,1,7,2,4,0,2,0,0,0,0,1,7,1,0,0,3,0,0,2,1,0,0,0,0,2,0,0,0
Zweitstimme,10B6C,"10",Marzahn-Hellersdorf,6C,B,6C,6,85,O,0,0,0,0,518,518,512,5,82,173,31,85,62,16,9,26,1,5,1,3,0,2,0,0,0,0,0,0,0,0,0,2,0,0,1,0,0,7,1,0,2,2,1,0
Zweitstimme,10B6D,"10",Marzahn-Hellersdorf,6D,B,6D,6,85,O,0,0,0,0,588,588,580,8,92,236,20,101,59,20,3,22,0,2,1,0,0,1,0,0,0,0,1,6,3,0,0,2,0,0,0,0,0,1,2,0,4,2,0,2
Zweitstimme,10B6E,"10",Marzahn-Hellersdorf,6E,B,6E,6,85,O,0,0,0,0,366,366,365,1,62,133,15,59,43,6,6,10,2,1,0,2,0,0,1,0,0,1,0,3,1,0,0,8,0,0,1,0,0,3,1,0,5,0,0,2
Zweitstimme,10B6F,"10",Marzahn-Hellersdorf,6F,B,6F,6,85,O,0,0,0,0,451,451,446,4,72,145,31,77,62,8,3,15,2,5,2,4,0,1,0,0,0,0,1,7,0,0,0,3,0,0,0,0,0,0,0,0,1,1,2,4
Zweitstimme,10B6G,"10",Marzahn-Hellersdorf,6G,B,6G,6,85,O,0,0,0,0,590,590,584,5,103,202,27,109,59,17,6,24,4,7,1,6,0,5,0,0,0,0,0,0,3,0,0,2,0,0,1,0,0,1,0,0,4,1,1,1
Zweitstimme,10B6H,"10",Marzahn-Hellersdorf,6H,B,6H,6,85,O,0,0,0,0,313,313,312,1,68,110,12,41,39,9,5,8,1,1,0,2,0,0,0,0,0,0,1,2,0,0,0,6,0,0,0,0,0,1,0,0,2,1,0,3
Zweitstimme,10B6J,"10",Marzahn-Hellersdorf,6J,B,6J,6,85,O,0,0,0,0,305,305,303,2,49,97,25,59,30,17,6,6,0,0,0,3,0,3,0,0,0,0,0,1,1,0,0,2,0,0,0,0,0,0,0,0,1,0,1,2
Zweitstimme,10B6K,"10",Marzahn-Hellersdorf,6K,B,6K,6,85,O,0,0,0,0,652,652,645,7,83,254,64,81,81,19,7,15,2,2,0,5,1,3,0,0,0,0,0,10,2,0,0,1,0,0,2,0,0,5,2,0,2,0,0,4
Zweitstimme,10B6L,"10",Marzahn-Hellersdorf,6L,B,6L,6,85,O,0,0,0,0,341,341,339,2,68,148,26,39,28,14,3,6,0,1,1,0,0,0,0,0,0,0,0,0,0,0,0,0,0,0,0,0,0,2,0,0,0,0,2,1
Zweitstimme,10B6M,"10",Marzahn-Hellersdorf,6M,B,6M,6,85,O,0,0,0,0,437,437,437,0,91,162,30,73,37,12,1,10,1,2,0,2,0,2,1,0,0,0,0,6,1,0,0,5,0,0,0,0,0,0,0,0,0,0,0,1
Zweitstimme,10B6N,"10",Marzahn-Hellersdorf,6N,B,6N,6,85,O,0,0,0,0,352,352,349,2,53,103,15,53,69,7,7,9,2,2,1,4,0,2,0,0,0,0,0,0,3,0,0,4,0,0,3,0,0,0,1,0,3,5,2,1
Zweitstimme,10B6P,"10",Marzahn-Hellersdorf,6P,B,6P,6,85,O,0,0,0,0,385,385,381,3,77,127,14,52,56,5,7,18,2,4,3,2,0,0,1,1,0,0,0,1,0,0,0,4,0,0,0,2,0,0,0,0,2,1,0,2
Zweitstimme,10B6Q,"10",Marzahn-Hellersdorf,6Q,B,6Q,6,85,O,0,0,0,0,359,359,356,3,45,138,24,50,46,3,8,14,0,1,1,8,0,0,0,0,0,0,0,4,0,0,0,2,0,0,1,1,0,1,0,0,4,2,3,0
Zweitstimme,11W101,"11",Lichtenberg,"101",W,1A,1,86,O,1027,726,301,0,346,4,342,4,45,118,11,31,88,3,4,22,0,2,3,2,0,0,0,0,0,0,0,6,2,0,0,0,0,0,0,0,0,0,2,0,1,0,0,2
Zweitstimme,11W102,"11",Lichtenberg,"102",W,1A,1,86,O,1110,766,344,0,487,4,484,3,55,209,29,45,97,17,3,14,1,4,0,2,0,0,0,0,0,0,0,3,0,0,0,3,0,0,0,0,0,2,0,0,0,0,0,0
Zweitstimme,11W103,"11",Lichtenberg,"103",W,1C,1,86,O,1464,1006,458,0,550,9,545,5,56,226,34,50,115,20,5,13,2,2,0,3,0,0,0,0,0,0,1,2,0,0,0,3,0,0,2,0,0,1,2,0,1,3,2,2
Zweitstimme,11W104,"11",Lichtenberg,"104",W,1B,1,86,O,993,839,154,0,381,0,375,5,56,148,15,35,87,7,3,6,1,3,1,2,1,1,0,0,0,0,0,2,1,0,0,0,0,0,1,0,0,1,1,0,2,0,0,1
Zweitstimme,11W105,"11",Lichtenberg,"105",W,1B,1,86,O,833,538,295,0,369,2,365,4,45,145,20,46,70,16,4,5,1,4,0,2,0,0,0,0,0,1,1,2,0,0,0,1,0,0,1,0,0,0,0,0,1,0,0,0
Zweitstimme,11W106,"11",Lichtenberg,"106",W,1D,1,86,O,1000,772,228,0,348,1,341,7,42,97,10,53,92,11,2,16,1,0,1,1,0,3,0,0,0,0,0,1,0,0,0,5,0,0,0,0,0,1,0,0,2,0,2,1
Zweitstimme,11W107,"11",Lichtenberg,"107",W,1E,1,86,O,942,817,125,0,271,1,269,2,38,78,12,20,86,3,7,14,2,1,0,1,0,0,0,0,0,0,0,1,2,0,0,2,0,0,0,0,0,1,0,0,1,0,0,0
Zweitstimme,11W108,"11",Lichtenberg,"108",W,1E,1,86,O,985,810,175,0,187,0,187,0,24,58,3,22,59,4,2,3,4,0,0,1,0,0,0,0,0,0,0,3,0,0,0,0,0,0,0,0,0,2,0,0,1,1,0,0
Zweitstimme,11W109,"11",Lichtenberg,"109",W,1D,1,86,O,1087,743,344,0,317,5,316,1,42,102,8,45,83,5,4,8,0,5,0,0,0,1,0,0,0,0,0,5,0,0,0,3,0,0,0,0,0,0,1,0,2,1,1,0
Zweitstimme,11W110,"11",Lichtenberg,"110",W,1I,1,86,O,922,774,148,0,252,0,249,2,30,61,10,37,67,7,3,11,2,1,2,4,0,0,1,0,0,0,0,1,2,0,0,3,0,0,0,1,0,0,0,0,3,1,1,1
Zweitstimme,11W111,"11",Lichtenberg,"111",W,1F,1,86,O,1106,795,311,0,322,0,321,1,41,117,17,36,70,5,3,11,1,4,0,3,0,1,0,0,0,0,0,1,1,0,0,4,0,0,2,0,0,0,0,0,1,2,0,1
Zweitstimme,11W112,"11",Lichtenberg,"112",W,1F,1,86,O,893,678,215,0,300,2,294,5,51,84,8,42,68,3,2,16,2,3,0,1,0,0,1,0,0,0,0,5,0,0,0,2,0,0,0,0,0,0,0,0,2,2,1,1
Zweitstimme,11W113,"11",Lichtenberg,"113",W,1I,1,86,O,969,778,191,0,328,0,323,5,36,95,13,47,94,6,2,8,1,2,1,1,0,2,0,0,0,1,0,1,0,0,0,6,0,0,0,0,0,0,0,0,2,2,1,2
Zweitstimme,11W114,"11",Lichtenberg,"114",W,1K,1,86,O,648,518,130,0,163,1,161,2,10,52,8,24,55,2,0,5,0,1,0,0,0,0,0,0,0,0,1,1,1,0,0,0,0,0,0,0,0,0,0,0,1,0,0,0
Zweitstimme,11W115,"11",Lichtenberg,"115",W,1K,1,86,O,676,465,211,0,217,0,216,1,21,87,7,30,53,3,0,9,1,1,0,1,0,1,0,0,0,0,0,0,0,0,0,0,0,0,0,0,0,0,0,0,1,1,0,0
Zweitstimme,11W116,"11",Lichtenberg,"116",W,1L,1,86,O,861,673,188,0,334,0,329,5,61,115,7,49,71,0,2,8,0,0,1,1,1,1,0,0,0,0,0,2,3,0,0,2,0,0,0,0,0,2,1,0,0,0,1,1
Zweitstimme,11W117,"11",Lichtenberg,"117",W,1G,1,86,O,858,650,208,0,295,0,290,4,54,102,9,28,55,7,1,9,0,3,1,2,0,3,0,0,0,0,0,3,2,0,0,6,0,0,0,0,0,3,1,0,1,0,0,0
Zweitstimme,11W118,"11",Lichtenberg,"118",W,1H,1,86,O,923,696,227,0,325,0,322,2,46,109,10,42,72,6,2,16,1,3,0,2,0,1,1,1,0,0,0,0,1,0,0,2,0,0,3,0,0,2,0,0,1,1,0,0
Zweitstimme,11W119,"11",Lichtenberg,"119",W,1H,1,86,O,929,761,168,0,288,0,280,8,38,72,11,54,76,9,1,4,1,4,1,3,0,0,0,0,0,0,2,0,0,0,0,2,0,0,0,1,0,0,0,0,1,0,0,0
Zweitstimme,11W120,"11",Lichtenberg,"120",W,1L,1,86,O,824,657,167,0,224,0,222,2,29,72,11,20,68,1,4,6,0,1,3,3,0,0,0,1,0,0,0,0,0,0,0,1,0,0,0,0,0,1,0,0,0,1,0,0
Zweitstimme,11W121,"11",Lichtenberg,"121",W,1Q,1,86,O,780,640,140,0,267,4,263,4,34,89,7,33,71,6,2,10,2,0,0,0,0,1,0,0,0,0,0,1,1,0,0,4,0,0,0,0,0,0,0,0,1,0,1,0
Zweitstimme,11W122,"11",Lichtenberg,"122",W,1R,1,86,O,924,767,157,0,237,0,228,5,26,62,9,40,55,1,3,10,3,0,1,3,0,1,0,0,0,0,0,1,1,0,0,5,0,0,2,0,0,1,0,0,2,0,0,2
Zweitstimme,11W123,"11",Lichtenberg,"123",W,1R,1,86,O,910,754,156,0,264,0,259,5,26,64,10,43,75,4,5,15,2,0,0,2,0,1,0,0,0,0,0,1,0,0,0,1,0,0,1,1,0,1,0,0,4,1,2,0
Zweitstimme,11W124,"11",Lichtenberg,"124",W,1C,1,86,O,1097,886,211,0,428,3,424,4,45,125,20,59,110,13,6,21,5,2,0,1,0,1,0,0,0,1,1,5,0,0,0,5,0,0,0,0,0,0,0,0,2,1,0,1
Zweitstimme,11W125,"11",Lichtenberg,"125",W,1G,1,86,O,1023,860,163,0,250,1,246,4,20,72,5,41,83,3,5,5,0,0,0,2,0,2,0,0,0,0,0,2,0,0,0,1,0,0,1,0,0,2,0,0,2,0,0,0
Zweitstimme,11W126,"11",Lichtenberg,"126",W,1N,1,86,O,863,582,281,0,259,0,258,1,41,82,8,25,79,8,1,7,0,2,0,0,0,0,0,0,0,0,0,0,0,0,0,4,0,0,0,0,0,0,0,0,1,0,0,0
Zweitstimme,11W127,"11",Lichtenberg,"127",W,1P,1,86,O,943,719,224,0,352,2,347,5,52,135,6,46,69,4,5,13,2,0,0,2,1,3,0,0,0,0,0,2,0,0,0,1,0,0,1,1,0,0,0,0,3,0,0,1
Zweitstimme,11W128,"11",Lichtenberg,"128",W,1Q,1,86,O,844,711,133,0,203,0,199,3,23,55,5,26,67,6,1,5,1,1,2,0,0,0,0,0,0,0,0,1,0,0,0,0,0,0,0,0,0,3,0,0,0,0,2,1
Zweitstimme,11W129,"11",Lichtenberg,"129",W,1S,1,86,O,1000,814,186,0,249,0,248,1,43,74,9,31,69,3,0,6,1,3,1,0,0,0,0,0,0,0,0,0,0,0,0,2,0,0,0,1,0,0,0,0,2,2,0,1
Zweitstimme,11W130,"11",Lichtenberg,"130",W,1T,1,86,O,881,742,139,0,287,0,285,2,30,77,5,36,83,11,3,9,2,3,2,2,0,1,0,0,0,0,0,2,2,0,0,3,0,0,1,3,0,5,0,0,3,2,0,0
Zweitstimme,11W131,"11",Lichtenberg,"131",W,1M,1,86,O,766,610,156,0,272,1,269,3,36,70,14,40,66,10,7,13,2,0,0,2,1,0,0,0,0,0,0,2,1,0,0,0,0,0,0,0,0,2,0,0,2,1,0,0
Zweitstimme,11W132,"11",Lichtenberg,"132",W,1M,1,86,O,939,676,263,0,314,0,307,6,49,116,6,43,64,9,1,5,0,1,1,1,0,2,0,0,0,0,0,1,1,0,0,3,0,0,2,0,0,0,1,0,0,0,0,1
Zweitstimme,11W133,"11",Lichtenberg,"133",W,1N,1,86,O,841,581,260,0,323,0,320,3,49,104,18,61,59,2,4,8,1,1,1,1,0,1,0,0,0,0,0,2,1,0,0,2,0,0,0,0,0,2,1,0,1,0,1,0
Zweitstimme,11W134,"11",Lichtenberg,"134",W,1S,1,86,O,769,645,124,0,250,1,247,3,24,67,5,30,79,8,4,12,2,3,1,1,1,1,0,0,0,0,0,2,1,0,0,1,0,0,0,0,0,2,0,0,2,0,0,1
Zweitstimme,11W135,"11",Lichtenberg,"135",W,1P,1,86,O,1176,934,242,0,390,2,389,1,49,126,16,47,94,15,3,15,1,0,3,4,0,0,1,0,0,0,1,2,1,0,0,1,0,0,0,1,0,2,2,0,1,1,0,3
Zweitstimme,11W136,"11",Lichtenberg,"136",W,1T,1,86,O,803,666,137,0,293,1,292,1,38,101,6,43,79,5,4,9,3,2,0,0,0,0,0,0,0,0,0,0,0,0,0,0,0,0,0,0,0,0,0,0,0,0,0,2
Zweitstimme,11B1A,"11",Lichtenberg,1A,B,1A,1,86,O,0,0,0,0,587,587,584,3,81,286,29,71,69,6,8,13,3,1,2,0,0,0,0,1,0,1,0,1,1,0,0,4,0,0,0,1,0,0,0,0,1,1,0,4
Zweitstimme,11B1B,"11",Lichtenberg,1B,B,1B,1,86,O,0,0,0,0,400,400,397,2,66,177,18,55,49,5,4,9,0,1,0,2,0,3,0,0,0,0,0,0,1,0,0,2,0,0,0,0,0,1,0,0,1,0,1,2
Zweitstimme,11B1C,"11",Lichtenberg,1C,B,1C,1,86,O,0,0,0,0,590,590,583,7,62,261,39,51,87,31,4,13,1,3,2,2,1,0,0,1,0,0,0,3,3,0,0,7,0,0,1,2,0,1,1,0,1,1,1,4
Zweitstimme,11B1D,"11",Lichtenberg,1D,B,1D,1,86,O,0,0,0,0,520,520,516,4,97,161,22,101,66,13,5,18,2,7,1,5,0,0,1,0,0,1,0,1,0,0,0,6,0,0,0,0,0,2,0,0,5,0,0,2
Zweitstimme,11B1E,"11",Lichtenberg,1E,B,1E,1,86,O,0,0,0,0,270,270,266,4,42,87,11,51,38,2,4,11,1,5,0,4,0,1,0,1,0,0,0,2,1,0,0,5,0,0,0,0,0,0,0,0,0,0,0,0
Zweitstimme,11B1F,"11",Lichtenberg,1F,B,1F,1,86,O,0,0,0,0,474,474,467,7,87,172,16,76,66,7,4,13,1,5,0,3,0,0,2,0,0,0,0,0,1,0,0,4,0,0,1,1,0,0,0,0,1,2,3,2
Zweitstimme,11B1G,"11",Lichtenberg,1G,B,1G,1,86,O,0,0,0,0,325,325,324,1,59,111,10,62,49,3,0,7,2,1,1,4,0,0,0,0,0,0,1,2,0,0,0,2,0,0,0,0,0,4,0,0,4,1,0,1
Zweitstimme,11B1H,"11",Lichtenberg,1H,B,1H,1,86,O,0,0,0,0,357,357,353,3,58,113,17,75,51,5,2,10,1,4,2,3,0,1,0,0,0,0,0,1,2,0,0,2,0,0,0,0,0,2,0,0,1,2,0,1
Zweitstimme,11B1I,"11",Lichtenberg,1I,B,1I,1,86,O,0,0,0,0,304,304,303,1,41,122,13,49,35,7,3,14,1,2,1,2,0,0,0,0,0,0,0,2,0,0,0,2,0,0,1,0,0,2,0,0,2,0,1,3
Zweitstimme,11B1K,"11",Lichtenberg,1K,B,1K,1,86,O,0,0,0,0,310,310,308,2,36,112,20,61,50,4,4,7,0,1,2,1,0,1,0,0,0,0,0,3,0,0,0,0,0,0,0,0,0,1,1,0,0,0,1,3
Zweitstimme,11B1L,"11",Lichtenberg,1L,B,1L,1,86,O,0,0,0,0,312,312,311,1,45,114,6,58,44,4,5,13,0,5,1,2,0,2,1,0,0,0,0,4,1,0,0,2,0,0,0,0,0,2,0,0,1,0,1,0
Zweitstimme,11B1M,"11",Lichtenberg,1M,B,1M,1,86,O,0,0,0,0,366,366,364,2,74,120,20,60,39,7,4,15,2,2,4,4,0,2,0,0,0,1,0,2,0,0,0,4,0,0,0,0,0,1,0,0,1,0,0,2
Zweitstimme,11B1N,"11",Lichtenberg,1N,B,1N,1,86,O,0,0,0,0,503,503,502,1,106,186,15,94,61,10,4,8,1,0,1,2,0,4,0,0,0,0,0,1,0,0,0,2,0,0,1,0,0,1,2,0,2,0,0,1
Zweitstimme,11B1P,"11",Lichtenberg,1P,B,1P,1,86,O,0,0,0,0,416,416,412,4,63,158,20,70,55,7,4,14,1,3,3,1,0,4,0,1,0,0,0,0,1,0,0,3,0,0,0,0,0,3,0,0,0,0,0,1
Zweitstimme,11B1Q,"11",Lichtenberg,1Q,B,1Q,1,86,O,0,0,0,0,270,270,269,1,28,76,14,55,50,2,8,17,0,4,0,1,0,0,0,0,0,0,1,0,0,0,0,1,0,0,1,0,0,4,2,0,2,0,3,0
Zweitstimme,11B1R,"11",Lichtenberg,1R,B,1R,1,86,O,0,0,0,0,277,277,275,2,41,93,12,46,52,3,2,6,2,3,2,0,0,0,0,0,0,0,0,5,0,0,0,4,0,0,2,0,0,1,0,0,1,0,0,0
Zweitstimme,11B1S,"11",Lichtenberg,1S,B,1S,1,86,O,0,0,0,0,270,270,269,0,37,85,8,43,47,7,6,17,1,1,0,4,0,1,0,0,0,0,0,0,1,0,0,3,0,0,0,0,0,3,2,0,2,0,0,1
Zweitstimme,11B1T,"11",Lichtenberg,1T,B,1T,1,86,O,0,0,0,0,241,241,238,3,33,84,11,43,33,3,4,10,0,3,0,3,0,2,0,0,0,0,0,1,0,0,0,2,0,0,0,0,0,1,0,0,3,0,0,2
Zweitstimme,11W201,"11",Lichtenberg,"201",W,2A,2,86,O,900,658,242,0,297,3,296,1,35,115,18,27,69,8,1,9,1,1,0,0,0,2,0,0,0,0,2,4,0,0,0,0,0,0,0,0,0,0,0,0,2,0,1,1
Zweitstimme,11W202,"11",Lichtenberg,"202",W,2A,2,86,O,997,786,211,0,295,2,291,4,40,87,15,31,88,7,2,5,0,2,0,0,0,2,0,0,0,0,0,3,1,0,0,1,0,0,0,0,0,4,0,0,1,0,0,2
Zweitstimme,11W203,"11",Lichtenberg,"203",W,2B,2,86,O,1026,804,222,0,265,2,263,0,41,74,5,39,69,7,3,12,0,0,1,4,0,1,0,1,0,0,2,0,1,0,0,1,0,0,0,0,0,1,0,0,0,0,0,1
Zweitstimme,11W204,"11",Lichtenberg,"204",W,2B,2,86,O,879,678,201,0,214,0,211,1,26,54,3,37,62,6,0,6,2,1,3,2,0,1,0,0,0,0,0,0,2,0,0,4,0,0,0,0,0,0,0,0,1,0,0,1
Zweitstimme,11W205,"11",Lichtenberg,"205",W,2C,2,86,O,992,814,178,0,334,2,331,1,36,91,22,51,84,11,3,11,6,5,0,2,0,0,0,0,0,0,0,0,1,0,0,1,0,0,0,0,0,4,0,0,1,0,1,1
Zweitstimme,11W206,"11",Lichtenberg,"206",W,2C,2,86,O,925,757,168,0,278,0,268,9,35,88,5,35,76,5,1,7,1,0,0,3,0,0,1,2,0,0,0,1,1,0,0,1,0,0,0,0,0,2,0,0,1,0,2,1
Zweitstimme,11W207,"11",Lichtenberg,"207",W,2D,2,86,O,838,658,180,0,248,1,242,5,37,66,12,24,60,10,5,11,2,3,0,4,0,0,1,0,0,0,0,1,0,0,0,2,0,0,0,0,0,0,0,0,2,1,1,0
Zweitstimme,11W208,"11",Lichtenberg,"208",W,2D,2,86,O,1111,640,471,0,379,0,378,1,54,171,27,42,49,11,4,8,0,0,1,0,0,2,0,0,0,0,0,5,0,0,0,2,0,0,0,0,0,1,0,0,0,0,0,1
Zweitstimme,11W209,"11",Lichtenberg,"209",W,2E,2,86,O,1042,607,435,0,401,0,399,2,50,180,20,55,56,15,6,4,3,1,0,0,0,0,1,0,0,2,0,1,1,0,0,0,0,0,0,0,0,1,1,0,0,0,0,2
Zweitstimme,11W210,"11",Lichtenberg,"210",W,2F,2,86,O,941,681,260,0,311,1,309,2,32,117,12,51,67,4,6,5,0,2,0,3,0,1,0,0,0,1,0,0,1,0,0,4,0,0,0,0,0,1,0,0,0,0,0,2
Zweitstimme,11W211,"11",Lichtenberg,"211",W,2E,2,86,O,917,635,282,0,383,0,377,6,51,139,14,47,80,12,5,8,1,2,0,2,0,2,0,1,0,1,0,2,0,0,0,3,0,0,0,0,0,1,2,0,2,0,1,1
Zweitstimme,11W212,"11",Lichtenberg,"212",W,2I,2,86,O,851,567,284,0,349,0,344,4,45,136,17,48,55,14,8,6,1,1,1,0,0,3,1,0,0,0,0,1,0,0,0,2,0,0,0,0,0,1,1,0,0,2,0,1
Zweitstimme,11W213,"11",Lichtenberg,"213",W,2F,2,86,O,750,547,203,0,214,1,213,1,31,66,24,19,35,12,2,8,5,0,0,1,0,0,0,0,0,0,0,0,0,0,0,4,0,0,0,0,0,2,0,0,1,1,1,1
Zweitstimme,11W214,"11",Lichtenberg,"214",W,2G,2,86,O,871,681,190,0,206,0,203,3,25,43,8,49,48,6,4,9,1,2,0,1,0,1,0,0,0,0,0,2,0,0,0,3,0,0,0,0,0,0,0,0,0,0,0,1
Zweitstimme,11W215,"11",Lichtenberg,"215",W,2G,2,86,O,970,607,363,0,329,3,326,3,38,162,9,44,48,7,2,4,1,1,0,2,0,0,0,0,0,0,0,0,2,0,0,1,0,0,0,0,0,2,0,0,0,0,0,3
Zweitstimme,11W216,"11",Lichtenberg,"216",W,2H,2,86,O,1092,697,395,0,479,6,474,5,61,181,44,61,71,25,3,8,1,1,0,0,0,0,0,0,0,0,1,4,1,0,0,3,0,0,0,0,0,2,1,0,2,0,1,3
Zweitstimme,11W217,"11",Lichtenberg,"217",W,2H,2,86,O,999,690,309,0,403,4,401,2,68,156,15,58,71,2,4,12,0,3,2,0,0,3,0,0,0,0,0,1,0,0,0,3,0,0,0,1,0,1,0,0,1,0,0,0
Zweitstimme,11W218,"11",Lichtenberg,"218",W,2I,2,86,O,780,594,186,0,221,2,218,3,31,57,11,36,53,6,1,8,2,1,2,2,0,0,0,0,0,0,0,0,0,0,0,3,0,0,1,0,0,0,0,0,0,1,2,1
Zweitstimme,11W219,"11",Lichtenberg,"219",W,2K,2,86,O,892,677,215,0,270,0,265,5,64,79,7,41,48,5,4,6,2,1,0,1,0,0,1,0,0,0,0,1,0,0,0,1,0,0,0,0,0,2,1,0,0,0,0,1
Zweitstimme,11W220,"11",Lichtenberg,"220",W,2K,2,86,O,923,667,256,0,359,0,354,5,39,146,21,41,69,9,1,8,1,0,0,2,0,0,0,0,0,0,2,1,0,0,0,4,0,0,1,0,0,1,1,0,2,0,1,4
Zweitstimme,11W221,"11",Lichtenberg,"221",W,2L,2,86,O,1036,660,376,0,357,5,355,2,49,131,27,55,54,9,3,7,1,2,0,0,0,2,0,0,0,0,0,3,1,0,0,2,0,0,0,0,0,3,1,0,1,0,1,3
Zweitstimme,11W222,"11",Lichtenberg,"222",W,2L,2,86,O,1020,748,272,0,371,2,368,3,52,105,27,63,72,8,8,9,2,4,0,0,0,3,0,0,0,0,0,5,0,0,0,3,0,0,1,1,0,3,0,0,0,0,0,2
Zweitstimme,11W223,"11",Lichtenberg,"223",W,2M,2,86,O,862,613,249,0,264,3,258,6,32,76,11,63,49,4,3,8,0,1,1,1,0,2,1,0,0,0,0,0,0,0,0,3,0,0,0,0,0,1,1,0,0,0,1,0
Zweitstimme,11W224,"11",Lichtenberg,"224",W,2N,2,86,O,868,603,265,0,377,3,372,5,61,149,31,47,50,9,6,5,0,1,1,0,0,0,0,0,0,0,1,3,0,0,0,0,0,0,1,1,0,0,0,0,1,0,0,5
Zweitstimme,11W225,"11",Lichtenberg,"225",W,2P,2,86,O,888,616,272,0,348,5,344,4,51,132,16,57,52,7,2,10,2,1,1,1,1,1,0,0,0,0,0,2,0,0,0,1,0,0,0,0,0,3,0,0,1,1,0,2
Zweitstimme,11W226,"11",Lichtenberg,"226",W,2Q,2,86,O,1121,872,249,0,457,4,452,4,52,132,44,63,93,14,7,18,3,2,0,2,1,3,0,0,0,0,0,2,2,0,0,1,0,0,1,0,0,1,0,0,4,1,2,4
Zweitstimme,11W227,"11",Lichtenberg,"227",W,2P,2,86,O,951,689,262,0,343,5,342,1,45,103,26,59,53,13,8,13,2,1,0,1,0,1,0,0,0,0,0,2,1,0,0,3,0,0,2,0,0,1,0,0,1,3,3,1
Zweitstimme,11W228,"11",Lichtenberg,"228",W,2M,2,86,O,956,630,326,0,351,2,347,4,58,120,16,44,57,16,9,8,1,0,0,2,0,1,0,0,0,0,0,4,1,0,0,2,0,0,0,1,0,1,0,0,0,1,2,3
Zweitstimme,11W229,"11",Lichtenberg,"229",W,2N,2,86,O,1038,682,356,0,382,0,381,1,64,97,69,52,47,15,1,21,0,1,0,1,1,1,0,0,0,0,1,3,1,0,0,2,0,0,0,0,0,0,1,0,0,1,0,2
Zweitstimme,11W230,"11",Lichtenberg,"230",W,2Q,2,86,O,876,587,289,0,312,5,310,2,50,102,21,45,50,8,4,15,1,2,2,1,1,1,0,0,0,0,0,2,1,0,0,0,0,0,2,0,0,0,0,0,1,0,1,0
Zweitstimme,11W231,"11",Lichtenberg,"231",W,2R,2,86,O,1087,819,268,0,339,1,334,5,58,87,15,57,69,3,3,17,0,4,3,1,1,0,0,1,0,0,1,0,0,0,0,1,0,0,1,0,0,3,0,0,3,2,0,4
Zweitstimme,11W232,"11",Lichtenberg,"232",W,2R,2,86,O,1526,1111,415,0,476,3,466,9,92,105,28,81,88,13,6,15,2,8,1,2,0,3,0,2,0,1,0,1,2,0,0,2,0,0,1,0,0,2,0,0,3,5,1,2
Zweitstimme,11W233,"11",Lichtenberg,"233",W,2S,2,86,O,939,671,268,0,358,0,357,1,41,115,16,65,66,5,6,19,1,4,0,9,0,0,0,0,0,0,0,2,1,0,0,3,0,0,0,0,0,1,0,0,1,1,0,1
Zweitstimme,11W234,"11",Lichtenberg,"234",W,2S,2,86,O,845,487,358,0,261,1,257,2,51,80,15,31,45,11,5,8,0,4,0,1,0,1,0,0,0,0,0,0,0,0,0,5,0,0,0,0,0,0,0,0,0,0,0,0
Zweitstimme,11B2A,"11",Lichtenberg,2A,B,2A,2,86,O,0,0,0,0,466,466,464,2,63,195,17,70,60,16,7,9,1,6,2,1,0,1,0,0,0,0,0,0,3,0,0,3,0,0,0,0,0,2,1,0,2,3,0,2
Zweitstimme,11B2B,"11",Lichtenberg,2B,B,2B,2,86,O,0,0,0,0,383,383,377,6,67,125,19,68,53,11,2,15,2,0,1,2,0,0,2,0,0,0,0,2,1,0,0,0,0,0,0,2,0,1,0,0,1,0,2,1
Zweitstimme,11B2C,"11",Lichtenberg,2C,B,2C,2,86,O,0,0,0,0,318,318,317,1,25,115,9,67,44,3,5,19,2,4,0,0,1,1,0,1,0,0,1,4,0,0,0,4,0,0,1,2,0,4,1,0,3,0,0,1
Zweitstimme,11B2D,"11",Lichtenberg,2D,B,2D,2,86,O,0,0,0,0,592,592,591,1,94,245,37,80,77,9,8,12,2,4,0,4,0,4,0,0,0,0,0,3,0,0,0,4,0,0,0,0,0,4,0,0,1,0,0,3
Zweitstimme,11B2E,"11",Lichtenberg,2E,B,2E,2,86,O,0,0,0,0,649,649,647,2,88,276,48,122,55,18,7,11,1,2,0,1,0,4,0,0,0,1,0,2,0,0,0,3,0,0,0,0,0,4,0,0,0,1,1,2
Zweitstimme,11B2F,"11",Lichtenberg,2F,B,2F,2,86,O,0,0,0,0,417,417,415,2,64,147,33,70,49,8,5,14,2,2,2,1,0,0,0,0,0,0,0,1,0,0,0,2,0,0,1,1,0,5,3,0,2,0,0,3
Zweitstimme,11B2G,"11",Lichtenberg,2G,B,2G,2,86,O,0,0,0,0,504,504,504,0,58,193,24,114,67,10,4,8,1,3,0,3,0,3,0,0,0,0,1,4,0,0,0,7,0,0,0,0,0,1,0,0,2,0,0,1
Zweitstimme,11B2H,"11",Lichtenberg,2H,B,2H,2,86,O,0,0,0,0,636,636,633,3,97,236,57,133,50,22,2,3,2,2,0,3,0,6,0,0,0,0,1,4,0,0,0,3,0,0,2,0,0,4,1,0,0,1,1,3
Zweitstimme,11B2I,"11",Lichtenberg,2I,B,2I,2,86,O,0,0,0,0,438,438,435,3,62,165,38,82,47,11,1,12,1,3,0,1,0,0,0,0,0,0,0,2,0,0,0,1,0,0,0,0,0,2,0,0,4,0,2,1
Zweitstimme,11B2K,"11",Lichtenberg,2K,B,2K,2,86,O,0,0,0,0,411,411,411,0,76,144,24,78,42,11,4,9,0,4,2,1,0,3,0,0,0,0,0,2,0,0,0,4,0,0,0,0,0,1,0,0,0,2,0,4
Zweitstimme,11B2L,"11",Lichtenberg,2L,B,2L,2,86,O,0,0,0,0,592,592,588,3,101,197,56,118,45,16,7,18,5,5,2,5,0,3,0,0,0,0,0,1,1,0,0,0,0,0,0,0,0,2,0,0,1,1,1,3
Zweitstimme,11B2M,"11",Lichtenberg,2M,B,2M,2,86,O,0,0,0,0,532,532,529,3,81,201,34,89,43,18,7,22,6,5,0,1,1,0,0,0,0,0,0,1,1,0,0,8,0,0,0,0,0,2,2,0,2,0,1,4
Zweitstimme,11B2N,"11",Lichtenberg,2N,B,2N,2,86,O,0,0,0,0,571,571,568,3,85,197,91,73,32,21,6,22,1,5,1,5,1,1,0,1,0,1,1,0,2,0,0,3,0,0,0,0,0,1,2,0,2,1,1,12
Zweitstimme,11B2P,"11",Lichtenberg,2P,B,2P,2,86,O,0,0,0,0,477,477,474,3,83,139,58,72,68,6,5,20,1,0,0,3,0,3,0,0,0,1,0,2,0,0,0,5,0,0,2,1,0,0,0,0,2,2,0,1
Zweitstimme,11B2Q,"11",Lichtenberg,2Q,B,2Q,2,86,O,0,0,0,0,469,469,467,2,84,133,58,69,45,19,13,15,1,1,0,0,0,1,1,0,0,0,2,3,2,0,0,1,0,0,5,0,0,2,1,0,3,1,3,4
Zweitstimme,11B2R,"11",Lichtenberg,2R,B,2R,2,86,O,0,0,0,0,628,628,627,1,126,177,48,111,67,30,9,27,2,11,0,1,0,0,0,0,0,0,0,0,1,0,0,4,0,0,1,0,0,1,2,0,4,2,1,2
Zweitstimme,11B2S,"11",Lichtenberg,2S,B,2S,2,86,O,0,0,0,0,565,565,562,3,94,193,35,95,67,17,5,24,1,5,1,4,0,3,0,0,0,0,1,0,1,0,0,7,0,0,6,0,0,1,0,0,1,0,0,1
Zweitstimme,11W301,"11",Lichtenberg,"301",W,3A,3,86,O,1049,840,209,0,360,1,349,10,64,67,15,59,85,6,8,14,4,3,3,3,0,2,1,1,0,1,0,2,0,0,0,0,0,0,1,0,0,1,0,0,5,1,0,3
Zweitstimme,11W302,"11",Lichtenberg,"302",W,3F,3,86,O,1024,742,282,0,305,5,302,3,60,79,25,52,54,9,7,6,2,2,0,0,0,1,0,0,0,0,0,0,0,0,0,0,0,0,0,1,0,1,1,0,0,2,0,0
Zweitstimme,11W303,"11",Lichtenberg,"303",W,3A,3,86,O,941,657,284,0,274,0,270,4,69,67,8,58,42,6,4,4,0,1,0,4,0,1,0,0,0,0,0,3,1,0,0,0,0,0,0,0,0,0,0,0,1,1,0,0
Zweitstimme,11W304,"11",Lichtenberg,"304",W,3A,3,86,O,911,764,147,0,243,0,239,3,49,47,20,50,38,6,6,6,0,1,0,1,0,0,0,1,0,0,0,2,0,0,0,0,0,0,1,1,0,0,1,0,2,3,2,2
Zweitstimme,11W305,"11",Lichtenberg,"305",W,3B,3,86,O,970,702,268,0,340,1,338,2,53,83,26,59,69,13,5,9,1,2,0,0,0,1,0,1,0,0,0,2,0,0,0,3,0,0,0,0,0,1,0,0,2,1,1,6
Zweitstimme,11W306,"11",Lichtenberg,"306",W,3B,3,86,O,1032,726,306,0,351,9,350,1,72,90,35,47,52,12,2,15,1,1,1,0,1,1,0,0,0,3,0,4,0,0,0,2,0,0,0,0,0,2,1,0,1,2,0,5
Zweitstimme,11W307,"11",Lichtenberg,"307",W,3C,3,86,O,992,747,245,0,360,2,359,1,60,94,40,40,64,9,12,13,1,1,0,2,0,2,1,0,0,0,2,3,0,0,0,3,0,0,1,2,0,1,1,0,1,2,2,2
Zweitstimme,11W308,"11",Lichtenberg,"308",W,3C,3,86,O,966,744,222,0,313,3,308,3,44,67,20,62,66,7,8,15,2,0,2,2,0,0,0,0,0,0,1,3,1,0,0,1,0,0,0,0,0,3,0,0,2,0,1,1
Zweitstimme,11W309,"11",Lichtenberg,"309",W,3D,3,86,O,959,685,274,0,277,4,275,2,33,76,16,49,57,11,8,9,1,0,3,1,0,1,0,0,0,0,1,2,0,0,0,0,0,0,1,0,0,0,0,0,1,3,1,1
Zweitstimme,11W310,"11",Lichtenberg,"310",W,3D,3,86,O,1037,800,237,0,280,0,274,5,54,61,24,64,46,3,2,8,1,1,0,0,0,1,0,1,0,0,2,0,1,0,0,0,0,0,0,0,0,2,0,0,2,0,0,1
Zweitstimme,11W311,"11",Lichtenberg,"311",W,3E,3,86,O,1197,958,239,0,423,1,416,6,62,133,21,54,89,18,8,16,0,2,1,1,0,0,0,1,0,0,0,2,0,0,0,2,0,0,1,1,0,1,0,0,1,0,1,1
Zweitstimme,11W312,"11",Lichtenberg,"312",W,3E,3,86,O,1170,906,264,0,416,3,413,3,54,123,12,53,105,16,6,13,2,6,0,0,0,2,0,0,0,0,0,3,2,0,0,4,0,0,1,0,0,6,0,0,1,2,2,0
Zweitstimme,11W313,"11",Lichtenberg,"313",W,3F,3,86,O,1204,831,373,0,325,2,318,7,61,89,22,58,52,6,7,9,2,2,1,1,0,0,0,0,0,0,0,3,0,0,0,1,0,0,2,0,0,0,1,0,0,1,0,0
Zweitstimme,11W314,"11",Lichtenberg,"314",W,3G,3,86,O,980,702,278,0,250,2,247,3,42,58,26,41,52,10,3,4,0,2,0,1,0,1,1,0,0,0,0,1,0,0,0,0,0,0,0,1,0,2,0,0,1,0,0,1
Zweitstimme,11W315,"11",Lichtenberg,"315",W,3G,3,86,O,930,641,289,0,265,0,262,3,41,64,8,56,57,7,1,11,1,2,1,0,0,5,0,0,0,0,0,1,0,0,0,0,0,0,0,0,0,0,1,0,2,0,1,3
Zweitstimme,11W316,"11",Lichtenberg,"316",W,3H,3,86,O,857,650,207,0,308,1,303,5,61,62,19,55,56,5,11,16,0,2,0,0,0,1,0,0,0,0,1,0,0,0,0,2,0,0,2,0,0,2,1,0,1,0,0,6
Zweitstimme,11W317,"11",Lichtenberg,"317",W,3H,3,86,O,881,682,199,0,272,5,271,1,55,54,14,55,48,5,3,13,1,5,1,2,0,0,0,0,0,0,1,1,2,0,0,3,0,0,1,0,0,1,0,0,4,0,0,2
Zweitstimme,11W318,"11",Lichtenberg,"318",W,3L,3,86,O,988,795,193,0,206,3,205,1,32,35,42,23,30,8,6,10,0,3,1,1,0,1,0,0,0,0,1,1,0,0,0,1,0,0,1,0,0,3,0,0,0,3,2,1
Zweitstimme,11W319,"11",Lichtenberg,"319",W,3L,3,86,O,808,599,209,0,158,0,153,5,30,37,12,32,21,4,0,3,1,2,0,1,0,0,0,0,0,0,2,0,0,0,0,4,0,0,1,0,0,0,0,0,0,0,0,3
Zweitstimme,11W320,"11",Lichtenberg,"320",W,3I,3,86,O,1017,730,287,0,294,1,291,3,53,61,28,59,47,8,7,9,3,1,1,2,0,1,0,0,0,1,1,1,1,0,0,1,0,0,2,0,0,1,0,0,0,1,1,1
Zweitstimme,11W321,"11",Lichtenberg,"321",W,3I,3,86,O,920,709,211,0,270,3,265,5,34,60,7,43,69,11,6,10,3,3,0,3,0,4,0,0,0,0,0,1,3,0,0,3,0,0,1,0,0,1,2,0,0,0,1,0
Zweitstimme,11W322,"11",Lichtenberg,"322",W,3K,3,86,O,786,605,181,0,226,1,223,3,40,50,14,51,37,6,2,8,1,3,0,1,0,1,0,0,0,0,0,1,1,0,0,3,0,0,0,0,0,0,0,0,0,0,4,0
Zweitstimme,11W323,"11",Lichtenberg,"323",W,3K,3,86,O,958,737,221,0,286,1,281,5,44,66,21,50,53,5,5,20,3,1,0,1,0,0,2,0,0,0,0,2,0,0,0,0,0,0,1,0,0,2,1,0,2,0,0,2
Zweitstimme,11W324,"11",Lichtenberg,"324",W,3L,3,86,O,714,429,285,0,233,7,233,0,28,41,68,41,13,11,6,9,1,2,0,0,0,0,1,0,0,0,0,1,1,0,0,0,0,0,0,0,0,0,2,0,0,2,1,5
Zweitstimme,11W325,"11",Lichtenberg,"325",W,3M,3,86,O,952,687,265,0,370,7,368,2,74,96,26,73,48,11,3,16,1,5,0,3,0,0,1,2,0,0,0,0,0,0,0,3,0,0,2,0,0,1,0,0,0,0,1,2
Zweitstimme,11W326,"11",Lichtenberg,"326",W,3M,3,86,O,647,431,216,0,274,4,271,2,48,70,48,29,31,11,9,11,3,3,1,1,0,0,1,0,0,0,0,0,1,0,0,0,0,0,0,0,0,1,0,0,1,0,0,2
Zweitstimme,11W327,"11",Lichtenberg,"327",W,3N,3,86,O,853,591,262,0,331,5,327,3,46,59,51,71,47,9,6,11,2,0,0,1,0,2,0,0,0,2,0,2,1,0,0,3,0,0,1,0,0,0,3,0,2,1,0,7
Zweitstimme,11W328,"11",Lichtenberg,"328",W,3N,3,86,O,1187,868,319,0,341,7,339,1,31,44,73,76,50,5,15,15,1,1,0,0,0,1,0,0,0,0,3,4,1,0,0,0,0,0,4,1,0,4,1,0,0,1,2,6
Zweitstimme,11W329,"11",Lichtenberg,"329",W,3P,3,86,O,775,507,268,0,233,4,231,2,36,45,21,52,37,8,2,9,1,1,0,2,0,2,0,0,0,0,1,0,0,0,0,1,0,0,0,1,0,4,0,0,0,1,2,5
Zweitstimme,11W330,"11",Lichtenberg,"330",W,3P,3,86,O,1019,726,293,0,278,5,275,3,41,73,21,46,52,8,8,9,1,1,2,3,1,2,0,0,0,1,0,0,0,0,0,1,0,0,1,0,0,1,0,0,0,0,1,2
Zweitstimme,11W331,"11",Lichtenberg,"331",W,3Q,3,86,O,956,725,231,0,385,5,380,5,65,91,15,104,62,5,1,14,2,3,1,3,0,2,0,1,0,0,0,1,0,0,0,1,0,0,0,1,0,1,1,0,2,1,3,0
Zweitstimme,11W332,"11",Lichtenberg,"332",W,3Q,3,86,O,898,661,237,0,216,2,216,0,32,48,14,40,44,9,4,5,1,2,1,1,0,0,0,1,0,0,0,0,1,0,0,1,0,0,1,1,0,2,3,0,2,3,0,0
Zweitstimme,11W333,"11",Lichtenberg,"333",W,3R,3,86,O,927,714,213,0,320,0,316,4,54,70,19,69,57,8,9,9,1,0,1,4,0,1,0,0,0,0,0,0,2,0,0,3,0,0,1,0,0,2,0,0,2,1,0,3
Zweitstimme,11W334,"11",Lichtenberg,"334",W,3R,3,86,O,667,547,120,0,197,2,196,1,29,46,19,24,52,6,3,5,0,1,1,1,2,0,0,0,0,0,0,1,0,0,0,1,0,0,0,1,0,0,2,0,1,1,0,0
Zweitstimme,11W335,"11",Lichtenberg,"335",W,3S,3,86,O,816,631,185,0,234,0,228,6,49,41,30,30,39,9,9,8,1,1,0,0,0,0,0,1,0,0,0,2,0,0,0,0,0,0,0,0,0,2,0,0,1,0,0,5
Zweitstimme,11W336,"11",Lichtenberg,"336",W,3S,3,86,O,768,561,207,0,310,0,305,5,39,79,18,49,68,8,5,12,1,4,0,1,0,0,0,1,0,0,0,3,1,0,0,7,0,0,1,0,0,1,0,0,4,2,0,1
Zweitstimme,11B3A,"11",Lichtenberg,3A,B,3A,3,86,O,0,0,0,0,659,659,655,4,161,144,42,148,69,20,11,24,4,4,0,4,1,2,0,0,0,4,0,2,3,0,0,3,0,0,0,0,0,1,0,0,2,1,0,5
Zweitstimme,11B3B,"11",Lichtenberg,3B,B,3B,3,86,O,0,0,0,0,495,495,493,2,117,124,46,84,47,19,10,13,2,2,1,2,0,2,1,2,0,0,0,1,0,0,0,3,0,0,1,0,0,1,0,0,1,5,0,9
Zweitstimme,11B3C,"11",Lichtenberg,3C,B,3C,3,86,O,0,0,0,0,415,415,414,1,66,86,45,89,47,26,12,16,2,1,0,1,0,1,0,0,0,0,0,1,2,0,0,4,0,0,0,2,0,3,1,0,3,1,1,4
Zweitstimme,11B3D,"11",Lichtenberg,3D,B,3D,3,86,O,0,0,0,0,456,456,452,4,109,107,24,100,42,21,4,16,4,4,1,4,0,1,0,1,0,1,0,2,0,0,0,1,0,0,2,0,0,1,0,0,1,1,4,1
Zweitstimme,11B3E,"11",Lichtenberg,3E,B,3E,3,86,O,0,0,0,0,435,435,432,3,76,135,24,75,59,9,9,14,1,2,2,2,0,1,3,0,0,0,1,3,1,0,0,8,0,0,0,0,0,1,0,0,0,1,1,4
Zweitstimme,11B3F,"11",Lichtenberg,3F,B,3F,3,86,O,0,0,0,0,581,581,576,4,157,136,48,113,53,17,8,15,5,2,0,0,0,2,0,0,0,1,0,4,0,0,0,6,0,0,0,0,0,4,0,0,1,1,0,3
Zweitstimme,11B3G,"11",Lichtenberg,3G,B,3G,3,86,O,0,0,0,0,505,505,501,4,88,139,24,134,49,12,5,13,2,2,3,3,0,6,0,0,0,0,0,4,1,0,0,3,0,0,0,0,0,4,1,0,3,2,1,2
Zweitstimme,11B3H,"11",Lichtenberg,3H,B,3H,3,86,O,0,0,0,0,362,362,357,4,77,92,18,84,36,10,3,11,2,2,0,2,0,3,0,1,0,1,1,1,1,0,0,0,0,0,1,0,0,2,2,0,2,3,1,1
Zweitstimme,11B3I,"11",Lichtenberg,3I,B,3I,3,86,O,0,0,0,0,441,441,440,1,99,96,34,104,45,6,10,17,4,2,3,2,0,1,0,0,0,0,0,1,0,0,0,4,0,0,0,0,0,5,1,0,2,0,0,4
Zweitstimme,11B3K,"11",Lichtenberg,3K,B,3K,3,86,O,0,0,0,0,393,393,390,3,84,77,33,92,37,9,5,24,4,3,0,6,1,0,0,0,0,1,0,1,0,0,0,0,0,0,2,1,0,3,0,0,0,0,5,2
Zweitstimme,11B3L,"11",Lichtenberg,3L,B,3L,3,86,O,0,0,0,0,578,578,572,6,112,127,99,92,39,27,14,24,2,2,0,7,0,0,1,0,0,3,1,0,0,0,0,2,0,0,4,0,0,3,0,0,3,2,1,7
Zweitstimme,11B3M,"11",Lichtenberg,3M,B,3M,3,86,O,0,0,0,0,432,432,430,2,82,110,54,95,24,16,8,11,2,7,0,1,0,3,0,0,0,1,0,2,0,0,0,1,0,0,1,0,0,5,2,0,3,0,0,2
Zweitstimme,11B3N,"11",Lichtenberg,3N,B,3N,3,86,O,0,0,0,0,516,516,514,2,75,70,125,95,30,12,17,29,3,4,1,2,0,2,1,0,0,1,1,4,1,0,0,5,0,0,3,0,0,4,3,0,3,3,2,18
Zweitstimme,11B3P,"11",Lichtenberg,3P,B,3P,3,86,O,0,0,0,0,489,489,488,1,98,98,42,125,57,18,8,13,3,4,1,3,1,4,1,0,0,0,0,0,1,0,0,1,0,0,2,0,0,5,0,0,1,0,0,2
Zweitstimme,11B3Q,"11",Lichtenberg,3Q,B,3Q,3,86,O,0,0,0,0,431,431,430,1,102,89,27,96,51,13,6,18,3,6,1,2,0,0,1,1,0,0,0,1,1,0,0,1,0,0,1,0,0,2,2,0,3,0,1,2
Zweitstimme,11B3R,"11",Lichtenberg,3R,B,3R,3,86,O,0,0,0,0,288,288,283,4,48,71,22,79,28,8,4,8,2,0,1,1,0,1,0,2,0,0,0,0,1,0,0,2,0,0,1,0,0,1,0,0,0,2,1,0
Zweitstimme,11B3S,"11",Lichtenberg,3S,B,3S,3,86,O,0,0,0,0,352,352,349,3,71,73,37,60,44,18,8,13,3,4,1,3,1,0,0,0,0,0,0,0,0,0,0,2,0,0,0,1,0,5,0,0,2,1,0,2
Zweitstimme,11W401,"11",Lichtenberg,"401",W,4A,4,86,O,1025,761,264,0,333,2,328,5,53,64,48,73,43,5,14,12,3,2,1,0,0,0,0,0,0,1,0,1,0,0,0,1,0,0,0,0,0,1,0,0,0,0,0,6
Zweitstimme,11W402,"11",Lichtenberg,"402",W,4A,4,86,O,867,628,239,0,348,3,343,3,58,92,33,64,52,10,5,11,1,4,0,0,0,1,0,0,0,0,0,3,0,0,0,3,0,0,0,0,0,2,0,0,0,1,1,2
Zweitstimme,11W403,"11",Lichtenberg,"403",W,4B,4,86,O,983,708,275,0,320,3,316,2,69,56,25,67,53,8,6,15,1,1,0,0,0,2,1,0,0,0,0,1,0,0,0,3,0,0,0,0,0,0,1,0,1,1,0,5
Zweitstimme,11W404,"11",Lichtenberg,"404",W,4B,4,86,O,921,679,242,0,361,5,358,3,62,81,40,68,59,9,7,11,1,3,0,2,0,1,0,0,0,0,0,2,1,0,0,4,0,0,1,0,0,1,0,0,1,0,2,2
Zweitstimme,11W405,"11",Lichtenberg,"405",W,4C,4,86,O,985,740,245,0,354,1,349,5,77,93,20,77,47,7,4,10,0,1,1,2,0,0,0,0,0,0,0,1,0,0,0,4,0,0,0,1,0,0,0,0,2,1,0,1
Zweitstimme,11W406,"11",Lichtenberg,"406",W,4C,4,86,O,906,666,240,0,293,2,288,5,46,64,22,50,69,6,8,8,3,3,1,0,0,0,0,0,0,0,1,3,0,0,0,1,0,0,0,0,0,0,0,0,1,0,0,2
Zweitstimme,11W407,"11",Lichtenberg,"407",W,4D,4,86,O,987,749,238,0,307,1,304,3,66,54,28,66,66,3,3,6,0,0,0,1,0,0,0,0,0,1,0,3,1,0,0,1,0,0,0,0,0,1,0,0,0,1,0,3
Zweitstimme,11W408,"11",Lichtenberg,"408",W,4E,4,86,O,981,740,241,0,302,3,299,3,50,49,44,52,60,8,3,17,1,0,1,2,0,1,0,0,0,0,0,1,1,0,0,3,0,0,0,0,0,0,1,0,0,2,1,2
Zweitstimme,11W409,"11",Lichtenberg,"409",W,4D,4,86,O,966,686,280,0,331,3,329,2,57,61,36,84,41,11,8,11,1,2,0,2,0,0,0,0,0,1,1,0,0,0,0,3,0,0,0,0,0,0,4,0,0,1,2,3
Zweitstimme,11W410,"11",Lichtenberg,"410",W,4E,4,86,O,1030,760,270,0,296,6,292,4,53,62,25,57,48,8,7,15,1,4,0,1,0,0,0,1,0,0,1,0,0,0,0,0,0,0,2,0,0,3,0,0,1,0,1,2
Zweitstimme,11W411,"11",Lichtenberg,"411",W,4F,4,86,O,790,567,223,0,216,1,216,0,27,54,21,50,30,9,2,7,1,3,0,0,0,1,0,0,0,0,0,2,0,0,0,1,0,0,0,1,0,1,3,0,0,1,0,2
Zweitstimme,11W412,"11",Lichtenberg,"412",W,4G,4,86,O,786,577,209,0,308,2,304,4,54,65,31,51,44,10,8,15,2,2,0,1,0,4,1,0,0,0,0,5,0,0,0,2,0,0,1,1,0,0,1,0,1,2,1,2
Zweitstimme,11W413,"11",Lichtenberg,"413",W,4F,4,86,O,883,580,303,0,330,3,322,6,52,46,56,78,34,6,12,18,5,0,0,1,1,0,1,0,0,0,0,2,0,0,0,0,0,0,0,0,0,1,1,0,0,1,3,4
Zweitstimme,11W414,"11",Lichtenberg,"414",W,4G,4,86,O,981,723,258,0,265,5,262,3,35,49,31,66,41,8,4,10,0,2,2,2,0,1,2,0,0,1,0,1,0,0,0,0,0,0,1,0,0,0,2,0,1,0,0,3
Zweitstimme,11W415,"11",Lichtenberg,"415",W,4K,4,86,O,698,460,238,0,269,7,268,1,45,75,64,31,16,14,2,3,0,3,1,1,0,1,0,0,0,0,0,2,1,0,0,4,0,0,0,0,0,0,1,0,0,1,0,3
Zweitstimme,11W416,"11",Lichtenberg,"416",W,4H,4,86,O,1179,819,360,0,398,13,395,3,59,62,99,81,26,13,8,13,2,2,0,3,0,1,2,1,0,1,0,3,1,0,0,0,0,0,1,0,0,1,2,0,4,0,2,8
Zweitstimme,11W417,"11",Lichtenberg,"417",W,4H,4,86,O,966,628,338,0,371,3,370,1,60,78,83,55,21,22,6,18,2,5,0,0,0,1,1,1,0,1,0,4,0,0,0,4,0,0,1,0,0,1,1,0,1,0,3,1
Zweitstimme,11W418,"11",Lichtenberg,"418",W,4I,4,86,O,1007,701,306,0,320,4,318,2,26,53,48,86,44,12,14,12,1,1,1,3,0,0,0,0,0,0,0,1,0,0,0,0,0,0,2,0,0,4,1,0,3,1,0,5
Zweitstimme,11W419,"11",Lichtenberg,"419",W,4K,4,86,O,920,634,286,0,328,1,324,4,43,58,17,107,49,4,6,14,2,0,0,3,0,4,1,1,0,0,0,4,0,0,0,2,0,0,3,0,0,1,0,0,2,0,2,1
Zweitstimme,11W420,"11",Lichtenberg,"420",W,4L,4,86,O,957,734,223,0,293,13,291,2,40,50,48,56,40,11,5,17,3,0,3,2,0,0,0,0,0,0,1,0,0,0,0,5,0,0,1,1,0,1,0,0,2,1,0,4
Zweitstimme,11W421,"11",Lichtenberg,"421",W,4M,4,86,O,1011,727,284,0,375,4,373,2,52,79,72,80,42,8,11,17,2,1,0,1,0,0,0,0,0,0,0,1,0,0,0,0,0,0,2,0,0,0,2,0,0,1,0,2
Zweitstimme,11W422,"11",Lichtenberg,"422",W,4L,4,86,O,929,686,243,0,366,6,361,4,47,49,78,60,52,12,17,21,4,0,0,1,0,0,0,0,0,1,0,2,2,0,0,2,0,0,3,0,0,2,3,0,0,1,1,3
Zweitstimme,11W423,"11",Lichtenberg,"423",W,4I,4,86,O,825,573,252,0,319,6,317,1,48,48,81,63,17,12,12,10,3,1,1,0,0,0,0,0,0,0,1,2,0,0,0,0,0,0,3,1,0,4,1,0,0,3,1,5
Zweitstimme,11W424,"11",Lichtenberg,"424",W,4M,4,86,O,838,571,267,0,239,2,238,1,26,26,62,61,27,9,7,8,1,0,0,0,0,2,0,0,0,0,0,0,0,0,0,2,0,0,3,0,0,1,0,0,0,1,1,1
Zweitstimme,11W425,"11",Lichtenberg,"425",W,4N,4,86,O,872,640,232,0,304,10,302,2,35,44,55,67,38,5,8,18,2,2,1,3,0,2,1,0,0,1,0,4,0,0,0,0,0,0,3,2,0,2,1,0,2,2,2,2
Zweitstimme,11W426,"11",Lichtenberg,"426",W,4N,4,86,O,964,678,286,0,341,5,336,5,42,47,73,79,37,8,16,12,2,0,0,1,0,3,0,0,0,0,0,4,0,0,0,1,0,0,0,0,0,0,4,0,1,0,2,4
Zweitstimme,11W427,"11",Lichtenberg,"427",W,4P,4,86,O,1030,741,289,0,324,3,320,4,60,65,29,73,58,6,11,11,1,1,0,0,0,0,0,0,0,0,0,1,0,0,0,1,0,0,0,0,0,0,0,0,1,0,2,0
Zweitstimme,11W428,"11",Lichtenberg,"428",W,4P,4,86,O,887,647,240,0,346,6,336,10,57,68,32,74,53,9,5,12,1,5,0,3,0,0,0,0,0,0,0,4,0,0,0,3,0,0,1,0,0,5,0,0,1,0,1,2
Zweitstimme,11W429,"11",Lichtenberg,"429",W,4Q,4,86,O,1143,892,251,0,328,6,325,3,47,61,38,77,61,9,3,9,0,1,0,2,0,2,0,0,0,0,0,3,0,0,0,0,0,0,1,0,0,1,0,0,2,0,0,8
Zweitstimme,11W430,"11",Lichtenberg,"430",W,4Q,4,86,O,699,537,162,0,243,3,240,3,42,54,9,54,47,5,2,9,1,3,2,1,0,0,0,0,0,1,0,3,0,0,0,2,0,0,0,2,0,1,0,0,1,0,1,0
Zweitstimme,11W431,"11",Lichtenberg,"431",W,4R,4,86,O,832,568,264,0,312,4,306,6,56,76,20,70,43,9,5,6,1,4,0,3,0,4,0,1,0,0,0,1,1,0,0,0,0,0,0,0,0,0,0,0,3,0,0,3
Zweitstimme,11W432,"11",Lichtenberg,"432",W,4R,4,86,O,860,645,215,0,314,6,311,3,67,55,40,73,37,12,2,13,0,3,0,1,0,1,0,0,0,0,1,2,0,0,0,2,0,0,0,0,0,1,0,0,0,0,0,1
Zweitstimme,11W433,"11",Lichtenberg,"433",W,4T,4,86,O,844,534,310,0,349,6,348,1,40,34,123,78,17,8,12,11,3,3,0,1,0,0,3,0,0,2,0,0,0,0,0,2,0,0,0,0,0,0,3,0,2,0,1,5
Zweitstimme,11W434,"11",Lichtenberg,"434",W,4S,4,86,O,855,631,224,0,281,4,277,4,48,50,24,62,49,8,7,9,1,2,0,0,0,0,2,0,0,0,0,0,2,0,0,1,0,0,0,2,0,1,0,0,1,0,1,7
Zweitstimme,11W435,"11",Lichtenberg,"435",W,4T,4,86,O,822,536,286,0,345,14,341,4,39,26,129,83,17,7,10,10,2,0,0,0,0,0,0,0,0,0,0,5,0,0,0,2,0,0,2,0,0,1,4,0,0,0,0,4
Zweitstimme,11W436,"11",Lichtenberg,"436",W,4S,4,86,O,1005,710,295,0,454,14,454,0,53,42,136,132,23,12,15,15,2,1,0,1,0,0,0,0,0,0,2,3,0,0,0,0,0,0,3,0,0,1,3,0,2,1,0,7
Zweitstimme,11B4A,"11",Lichtenberg,4A,B,4A,4,86,O,0,0,0,0,639,639,634,5,113,121,110,156,57,11,8,19,0,1,0,1,1,1,0,0,0,0,2,4,0,0,0,5,0,0,1,1,0,7,3,0,3,1,0,8
Zweitstimme,11B4B,"11",Lichtenberg,4B,B,4B,4,86,O,0,0,0,0,457,457,454,3,100,105,41,102,43,11,5,17,1,1,0,6,0,1,0,1,0,2,0,1,0,0,0,3,0,0,1,0,0,2,0,0,3,1,0,7
Zweitstimme,11B4C,"11",Lichtenberg,4C,B,4C,4,86,O,0,0,0,0,436,436,433,3,101,98,30,102,48,15,7,4,1,3,2,6,0,2,1,0,0,0,0,0,1,0,0,2,0,0,0,0,0,5,0,0,2,2,1,0
Zweitstimme,11B4D,"11",Lichtenberg,4D,B,4D,4,86,O,0,0,0,0,452,452,447,5,94,98,54,93,45,15,4,14,1,6,1,1,1,1,0,1,0,0,1,1,2,0,0,2,0,0,1,1,0,1,0,0,2,1,3,3
Zweitstimme,11B4E,"11",Lichtenberg,4E,B,4E,4,86,O,0,0,0,0,436,436,429,7,108,106,44,77,30,14,10,15,5,4,0,2,0,2,2,0,0,0,0,0,1,0,0,1,0,0,1,1,0,1,0,0,2,1,0,2
Zweitstimme,11B4F,"11",Lichtenberg,4F,B,4F,4,86,O,0,0,0,0,456,456,454,2,101,67,90,95,41,12,11,14,6,1,1,0,0,0,1,0,0,0,0,3,0,0,0,4,0,0,0,0,0,4,0,0,1,0,0,2
Zweitstimme,11B4G,"11",Lichtenberg,4G,B,4G,4,86,O,0,0,0,0,416,416,415,1,74,86,72,94,35,15,6,9,0,1,0,0,1,0,1,0,0,0,0,2,2,0,0,3,0,0,2,1,0,2,2,0,0,1,0,6
Zweitstimme,11B4H,"11",Lichtenberg,4H,B,4H,4,86,O,0,0,0,0,598,598,594,1,112,99,146,121,25,27,19,16,2,4,0,2,0,1,0,0,0,1,1,1,0,0,0,1,0,0,1,0,0,3,2,0,2,0,0,8
Zweitstimme,11B4I,"11",Lichtenberg,4I,B,4I,4,86,O,0,0,0,0,511,511,505,5,70,64,165,86,26,13,9,26,1,4,0,3,0,2,0,1,0,3,3,3,0,0,0,6,0,0,2,1,0,1,5,0,1,0,1,9
Zweitstimme,11B4K,"11",Lichtenberg,4K,B,4K,4,86,O,0,0,0,0,462,462,459,3,80,101,73,106,30,23,5,10,2,1,0,3,0,4,0,0,0,0,0,1,1,0,0,1,0,0,1,0,0,4,3,0,2,1,1,6
Zweitstimme,11B4L,"11",Lichtenberg,4L,B,4L,4,86,O,0,0,0,0,424,424,422,2,69,54,107,78,36,10,16,20,3,4,1,2,0,0,0,1,0,2,0,0,1,0,0,2,0,0,0,1,0,0,3,0,1,6,0,5
Zweitstimme,11B4M,"11",Lichtenberg,4M,B,4M,4,86,O,0,0,0,0,466,466,464,2,68,67,108,116,14,17,11,19,4,4,1,3,1,5,0,0,0,0,0,3,0,0,0,5,0,0,2,0,0,2,2,0,3,2,3,4
Zweitstimme,11B4N,"11",Lichtenberg,4N,B,4N,4,86,O,0,0,0,0,455,455,455,0,69,67,113,92,29,22,13,15,3,1,0,0,0,2,0,0,0,2,0,2,1,0,0,1,0,0,1,1,0,2,4,0,6,0,2,7
Zweitstimme,11B4P,"11",Lichtenberg,4P,B,4P,4,86,O,0,0,0,0,502,502,501,1,115,100,40,122,57,17,3,22,5,1,0,1,5,0,0,0,0,0,0,0,1,0,0,2,0,0,1,1,0,2,0,0,1,2,0,3
Zweitstimme,11B4Q,"11",Lichtenberg,4Q,B,4Q,4,86,O,0,0,0,0,356,356,353,3,54,63,42,105,34,7,9,11,3,2,0,2,0,2,0,0,0,1,2,5,0,0,0,4,0,0,0,0,0,0,1,0,1,2,0,3
Zweitstimme,11B4R,"11",Lichtenberg,4R,B,4R,4,86,O,0,0,0,0,427,427,424,3,109,83,50,105,28,8,10,11,0,2,0,2,0,7,0,0,0,0,0,4,1,0,0,0,0,0,0,0,0,0,1,0,0,0,3,0
Zweitstimme,11B4S,"11",Lichtenberg,4S,B,4S,4,86,O,0,0,0,0,450,450,445,5,60,44,130,109,25,9,10,21,1,3,0,3,0,1,2,0,0,1,0,0,1,0,0,2,0,0,1,0,0,2,10,0,5,0,0,5
Zweitstimme,11B4T,"11",Lichtenberg,4T,B,4T,4,86,O,0,0,0,0,529,529,529,0,58,59,208,91,23,30,18,9,0,0,0,0,0,2,0,0,0,0,1,2,1,0,0,1,0,0,2,0,0,5,4,0,2,0,2,11
Zweitstimme,11W501,"11",Lichtenberg,"501",W,5A,5,86,O,808,567,241,0,260,5,256,4,28,36,61,48,27,14,8,13,3,1,0,3,0,1,0,0,0,0,0,0,0,0,0,2,0,0,2,0,0,1,3,0,0,2,2,1
Zweitstimme,11W502,"11",Lichtenberg,"502",W,5C,5,86,O,997,777,220,0,313,0,305,7,45,57,25,67,66,11,5,8,2,4,0,1,0,0,0,0,0,0,0,3,1,0,0,1,0,0,1,1,0,0,1,0,2,0,2,2
Zweitstimme,11W503,"11",Lichtenberg,"503",W,5C,5,86,O,1021,789,232,0,337,2,331,4,50,85,19,53,74,8,11,11,2,2,2,3,0,2,0,0,0,0,0,0,0,0,0,1,0,0,1,0,0,4,1,0,0,0,0,2
Zweitstimme,11W504,"11",Lichtenberg,"504",W,5D,5,86,O,847,601,246,0,328,3,320,8,66,75,18,43,87,6,4,6,0,4,0,1,0,2,1,0,0,0,0,0,0,0,0,2,0,0,0,0,0,2,0,0,0,1,1,1
Zweitstimme,11W505,"11",Lichtenberg,"505",W,5E,5,86,O,817,616,201,0,202,0,199,3,32,43,12,29,45,6,5,8,1,0,0,4,0,0,0,1,0,0,0,1,1,0,0,2,0,0,1,0,0,2,1,0,1,0,1,3
Zweitstimme,11W506,"11",Lichtenberg,"506",W,5E,5,86,O,958,667,291,0,213,1,211,2,26,53,16,47,46,6,1,6,0,0,2,0,1,0,0,0,0,0,0,0,0,0,0,0,0,0,0,0,0,3,0,0,1,0,0,3
Zweitstimme,11W507,"11",Lichtenberg,"507",W,5A,5,86,O,1068,807,261,0,379,5,376,2,44,63,62,87,51,9,10,22,3,0,2,0,0,1,2,0,0,2,0,2,1,0,0,2,0,0,0,0,0,1,5,0,1,0,2,4
Zweitstimme,11W508,"11",Lichtenberg,"508",W,5B,5,86,O,988,745,243,0,371,6,367,4,47,43,67,87,64,7,8,19,3,3,2,2,0,1,0,0,0,0,1,2,0,0,0,3,0,0,2,0,0,0,0,0,1,0,1,4
Zweitstimme,11W509,"11",Lichtenberg,"509",W,5B,5,86,O,1263,832,431,0,433,5,429,4,91,107,38,74,60,13,7,15,1,1,1,2,0,3,0,0,0,0,0,4,1,0,0,0,0,0,2,1,0,1,0,0,2,1,1,3
Zweitstimme,11W510,"11",Lichtenberg,"510",W,5D,5,86,O,1149,786,363,0,415,4,404,11,60,120,32,86,68,5,1,6,1,5,1,1,0,0,0,0,0,0,0,3,0,0,0,2,0,0,0,0,0,6,1,0,1,1,3,1
Zweitstimme,11W511,"11",Lichtenberg,"511",W,5F,5,86,O,944,659,285,0,328,8,327,1,34,36,85,81,37,10,13,12,2,0,1,0,0,1,0,0,0,0,1,3,0,0,0,0,0,0,1,1,0,2,0,0,3,0,1,3
Zweitstimme,11W512,"11",Lichtenberg,"512",W,5F,5,86,O,920,667,253,0,288,8,286,2,30,41,55,57,61,4,6,14,3,2,0,1,0,0,0,0,0,0,0,1,0,0,0,1,0,0,2,0,0,0,3,0,2,0,0,3
Zweitstimme,11W513,"11",Lichtenberg,"513",W,5H,5,86,O,1014,665,349,0,413,5,409,4,65,90,50,90,52,11,8,17,2,1,1,1,0,2,0,0,0,0,2,3,0,0,0,3,0,0,0,0,0,4,0,0,1,0,2,4
Zweitstimme,11W514,"11",Lichtenberg,"514",W,5I,5,86,O,1040,748,292,0,377,6,376,1,58,68,54,86,53,10,10,15,1,2,0,0,1,0,0,1,0,0,1,0,2,0,0,2,0,0,1,0,0,1,0,0,4,1,0,5
Zweitstimme,11W515,"11",Lichtenberg,"515",W,5L,5,86,O,967,690,277,0,374,2,369,4,64,97,21,82,58,7,1,10,0,4,0,2,1,2,2,1,0,1,0,3,2,0,0,5,0,0,2,0,0,1,2,0,0,0,0,1
Zweitstimme,11W516,"11",Lichtenberg,"516",W,5L,5,86,O,964,670,294,0,338,5,336,2,52,75,24,62,68,12,9,11,0,3,3,2,0,0,0,0,0,0,0,2,1,0,0,5,0,0,1,0,0,1,1,0,0,2,1,1
Zweitstimme,11W517,"11",Lichtenberg,"517",W,5G,5,86,O,987,658,329,0,306,5,303,3,43,42,59,83,34,9,8,5,1,1,0,0,0,1,0,0,0,1,0,3,0,0,0,1,0,0,3,0,0,2,4,0,1,0,0,2
Zweitstimme,11W518,"11",Lichtenberg,"518",W,5G,5,86,O,850,595,255,0,329,10,328,1,44,58,52,71,42,12,7,19,1,1,0,3,0,0,0,0,0,1,1,0,1,0,0,1,0,0,0,1,0,0,3,0,1,0,0,9
Zweitstimme,11W519,"11",Lichtenberg,"519",W,5H,5,86,O,930,624,306,0,324,4,320,4,54,59,35,66,51,15,5,14,3,2,1,1,0,1,0,0,0,0,0,4,0,0,0,0,0,0,2,0,0,3,0,0,1,0,2,1
Zweitstimme,11W520,"11",Lichtenberg,"520",W,5I,5,86,O,852,622,230,0,297,4,294,3,62,66,19,64,42,6,6,14,1,4,0,0,0,0,1,1,0,0,0,1,0,0,0,0,0,0,0,1,0,3,0,0,2,1,0,0
Zweitstimme,11W521,"11",Lichtenberg,"521",W,5K,5,86,O,1019,695,324,0,350,5,342,7,53,86,28,79,54,7,6,11,3,1,0,0,0,1,0,0,0,1,2,4,0,0,0,2,0,0,0,0,0,1,0,0,2,0,0,1
Zweitstimme,11W522,"11",Lichtenberg,"522",W,5K,5,86,O,956,756,200,0,305,1,304,1,71,60,7,79,50,9,5,9,1,3,0,1,0,2,0,0,0,0,0,0,0,0,0,0,0,0,1,0,0,0,0,0,4,1,0,1
Zweitstimme,11W523,"11",Lichtenberg,"523",W,5M,5,86,O,970,690,280,0,348,2,340,6,30,61,83,75,45,9,8,11,1,1,1,1,0,2,0,0,0,0,0,3,0,0,0,2,0,0,1,0,0,0,1,0,1,0,2,2
Zweitstimme,11W524,"11",Lichtenberg,"524",W,5M,5,86,O,862,627,235,0,325,10,324,1,34,34,81,88,35,6,6,14,2,0,0,1,1,1,1,1,0,2,0,5,0,0,0,0,0,0,2,0,0,0,3,0,1,1,0,5
Zweitstimme,11W525,"11",Lichtenberg,"525",W,5N,5,86,O,970,634,336,0,363,6,362,1,38,51,121,69,31,9,5,18,2,1,0,0,0,0,0,0,0,1,0,2,0,0,0,1,0,0,1,2,0,0,1,0,0,0,2,7
Zweitstimme,11W526,"11",Lichtenberg,"526",W,5N,5,86,O,1045,688,357,0,418,13,416,1,56,63,133,55,39,17,5,13,3,1,1,1,1,3,0,0,0,1,1,3,0,0,0,1,0,0,4,0,0,2,0,0,1,0,3,9
Zweitstimme,11W527,"11",Lichtenberg,"527",W,5P,5,86,O,894,612,282,0,326,5,322,4,52,62,48,71,42,12,5,10,2,4,0,0,0,2,0,0,0,0,0,0,0,0,0,1,0,0,1,1,0,0,0,0,2,3,1,3
Zweitstimme,11W528,"11",Lichtenberg,"528",W,5P,5,86,O,958,707,251,0,340,3,332,6,51,70,45,55,59,13,7,9,5,1,0,2,0,3,0,0,0,1,0,3,0,0,0,2,0,0,1,0,0,2,0,0,1,0,0,2
Zweitstimme,11W529,"11",Lichtenberg,"529",W,5Q,5,86,O,1090,804,286,0,343,2,342,1,59,68,34,63,70,7,6,10,1,5,2,0,0,1,0,0,0,0,0,2,1,0,0,3,0,0,0,0,0,1,1,0,0,1,3,4
Zweitstimme,11W530,"11",Lichtenberg,"530",W,5Q,5,86,O,1006,657,349,0,308,2,305,3,54,71,17,52,68,8,7,10,6,2,0,2,0,1,0,0,0,0,0,3,0,0,0,0,0,0,0,0,0,2,0,0,0,0,0,2
Zweitstimme,11W531,"11",Lichtenberg,"531",W,5R,5,86,O,938,699,239,0,384,4,378,6,73,86,28,74,60,13,2,19,4,1,1,1,0,3,1,0,0,0,1,0,0,0,0,4,0,0,1,0,0,3,0,0,0,0,0,3
Zweitstimme,11W532,"11",Lichtenberg,"532",W,5R,5,86,O,1050,773,277,0,333,0,324,8,71,65,19,73,60,6,6,11,1,1,0,2,0,1,0,0,0,0,0,3,1,0,0,0,0,0,0,1,0,1,0,0,1,0,0,1
Zweitstimme,11W533,"11",Lichtenberg,"533",W,5S,5,86,O,876,659,217,0,268,5,264,4,45,57,21,50,48,9,6,8,4,3,0,1,0,1,0,0,0,0,1,2,0,0,0,1,0,0,1,3,0,1,0,0,1,0,0,1
Zweitstimme,11W534,"11",Lichtenberg,"534",W,5S,5,86,O,1116,831,285,0,353,4,347,6,66,79,23,77,59,15,1,7,1,0,2,2,0,0,2,2,0,0,0,4,1,0,0,1,0,0,0,0,0,0,0,0,1,2,0,2
Zweitstimme,11B5A,"11",Lichtenberg,5A,B,5A,5,86,O,0,0,0,0,529,529,524,5,72,76,142,94,29,13,21,15,8,1,5,2,0,1,0,0,0,2,0,0,1,0,0,3,0,0,4,0,0,2,6,0,2,4,2,19
Zweitstimme,11B5B,"11",Lichtenberg,5B,B,5B,5,86,O,0,0,0,0,610,610,608,2,99,104,130,107,49,25,10,39,1,4,0,2,0,1,0,0,0,1,0,1,1,0,0,9,0,0,0,0,0,3,4,0,4,1,0,13
Zweitstimme,11B5C,"11",Lichtenberg,5C,B,5C,5,86,O,0,0,0,0,415,415,411,4,73,103,40,79,56,10,15,10,3,1,2,4,0,2,1,1,0,1,0,1,0,0,0,3,0,0,1,0,0,3,0,0,2,0,0,0
Zweitstimme,11B5D,"11",Lichtenberg,5D,B,5D,5,86,O,0,0,0,0,559,559,555,4,103,137,51,128,59,14,12,19,3,1,1,3,0,1,0,0,0,0,1,4,1,0,0,5,0,0,0,0,0,5,0,0,4,1,0,2
Zweitstimme,11B5E,"11",Lichtenberg,5E,B,5E,5,86,O,0,0,0,0,447,447,441,5,82,99,47,98,42,11,10,21,0,2,0,2,0,3,1,0,0,1,0,2,1,0,0,1,0,0,0,2,0,3,3,0,1,1,1,7
Zweitstimme,11B5F,"11",Lichtenberg,5F,B,5F,5,86,O,0,0,0,0,467,467,465,2,58,65,136,89,31,17,11,12,3,2,0,1,0,2,0,0,0,1,2,2,0,0,0,1,0,0,6,3,0,2,5,0,3,3,3,7
Zweitstimme,11B5G,"11",Lichtenberg,5G,B,5G,5,86,O,0,0,0,0,502,502,499,3,65,73,118,116,26,18,20,31,2,1,0,4,0,0,0,0,0,0,0,1,2,0,0,2,0,0,1,0,0,2,3,0,6,1,0,7
Zweitstimme,11B5H,"11",Lichtenberg,5H,B,5H,5,86,O,0,0,0,0,591,591,585,6,91,124,107,122,52,10,16,18,1,2,0,1,0,0,0,1,0,1,0,5,0,0,0,7,0,0,3,2,0,5,3,0,2,0,0,12
Zweitstimme,11B5I,"11",Lichtenberg,5I,B,5I,5,86,O,0,0,0,0,456,456,456,0,82,100,66,95,43,8,10,22,1,3,2,3,0,1,0,0,0,1,1,2,2,0,0,4,0,0,4,0,0,1,1,0,1,1,1,1
Zweitstimme,11B5K,"11",Lichtenberg,5K,B,5K,5,86,O,0,0,0,0,471,471,467,4,86,124,26,130,46,14,10,13,2,0,0,5,0,0,0,0,0,1,0,1,1,0,0,1,0,0,1,0,0,3,1,0,1,0,0,1
Zweitstimme,11B5L,"11",Lichtenberg,5L,B,5L,5,86,O,0,0,0,0,517,517,510,4,100,126,26,143,48,15,5,15,4,3,0,1,1,3,0,2,0,1,1,0,1,0,0,0,0,0,0,0,0,4,1,0,6,0,1,3
Zweitstimme,11B5M,"11",Lichtenberg,5M,B,5M,5,86,O,0,0,0,0,455,455,449,6,44,61,149,89,22,14,16,13,4,5,0,0,0,2,3,0,0,0,2,1,1,0,0,2,0,0,8,0,0,2,2,0,3,0,0,6
Zweitstimme,11B5N,"11",Lichtenberg,5N,B,5N,5,86,O,0,0,0,0,617,617,617,0,78,77,228,99,19,22,18,29,6,1,1,1,0,2,0,0,0,0,0,1,2,0,0,1,0,0,2,0,0,3,2,0,2,5,2,16
Zweitstimme,11B5P,"11",Lichtenberg,5P,B,5P,5,86,O,0,0,0,0,474,474,470,4,90,76,83,100,37,16,17,20,3,4,1,0,1,0,0,1,0,0,1,3,0,0,0,2,0,0,1,0,0,0,0,0,6,0,1,7
Zweitstimme,11B5Q,"11",Lichtenberg,5Q,B,5Q,5,86,O,0,0,0,0,567,567,566,1,97,137,37,141,55,28,13,15,2,2,0,3,0,4,0,0,0,0,1,2,4,0,0,6,0,0,1,1,0,8,0,0,2,0,1,6
Zweitstimme,11B5R,"11",Lichtenberg,5R,B,5R,5,86,O,0,0,0,0,463,463,459,4,86,104,37,112,50,11,12,12,4,6,0,3,2,3,1,0,0,0,0,1,4,0,0,3,0,0,1,0,0,3,0,0,1,1,0,2
Zweitstimme,11B5S,"11",Lichtenberg,5S,B,5S,5,86,O,0,0,0,0,443,443,433,10,86,106,44,74,48,15,13,16,2,2,1,5,0,1,2,0,0,2,0,1,2,0,0,4,0,0,3,0,0,3,1,0,0,1,0,1
Zweitstimme,11W601,"11",Lichtenberg,"601",W,6E,6,86,O,944,642,302,0,427,3,425,2,71,106,71,70,33,21,6,19,1,2,0,1,0,2,1,0,0,0,4,3,0,0,0,1,0,0,0,0,0,1,2,0,1,2,1,6
Zweitstimme,11W602,"11",Lichtenberg,"602",W,6E,6,86,O,945,614,331,0,379,3,376,3,64,61,111,58,23,18,8,5,1,2,0,1,0,1,0,0,0,0,1,2,1,0,0,0,0,0,0,0,0,0,3,0,2,1,3,10
Zweitstimme,11W603,"11",Lichtenberg,"603",W,6F,6,86,O,839,573,266,0,465,7,460,5,75,122,155,34,17,21,8,3,1,1,0,0,0,0,1,0,0,0,0,0,2,0,0,1,0,0,0,0,0,1,1,0,0,1,0,16
Zweitstimme,11W604,"11",Lichtenberg,"604",W,6A,6,86,O,919,588,331,0,266,0,261,4,37,49,19,62,51,10,2,14,0,1,2,1,0,1,0,0,0,1,0,1,0,0,0,1,0,0,0,0,0,1,1,0,3,0,3,1
Zweitstimme,11W605,"11",Lichtenberg,"605",W,6A,6,86,O,975,635,340,0,332,2,324,4,69,66,26,71,58,7,6,7,2,3,0,2,0,0,0,0,0,0,0,1,0,0,0,1,0,0,0,1,0,2,0,0,0,0,0,2
Zweitstimme,11W606,"11",Lichtenberg,"606",W,6B,6,86,O,1052,788,264,0,340,4,336,4,75,62,26,60,61,7,13,10,1,2,0,0,0,3,0,0,0,0,1,0,0,0,0,3,0,0,3,1,0,1,1,0,0,0,2,4
Zweitstimme,11W607,"11",Lichtenberg,"607",W,6B,6,86,O,1472,1072,400,0,463,7,458,5,66,86,66,99,80,10,5,23,0,2,1,2,0,1,5,0,0,1,0,0,0,0,0,5,0,0,0,0,0,2,0,0,1,0,1,2
Zweitstimme,11W608,"11",Lichtenberg,"608",W,6C,6,86,O,864,628,236,0,294,3,289,5,48,69,22,71,51,5,3,8,1,0,0,4,0,0,0,0,0,1,0,1,0,0,0,0,0,0,2,0,0,0,0,0,0,0,0,3
Zweitstimme,11W609,"11",Lichtenberg,"609",W,6C,6,86,O,958,588,370,0,313,3,310,2,69,88,6,67,39,6,6,8,1,1,0,0,0,3,2,0,0,0,1,4,1,0,0,2,0,0,1,0,0,3,1,0,1,0,0,0
Zweitstimme,11W610,"11",Lichtenberg,"610",W,6D,6,86,O,950,653,297,0,269,1,267,2,44,53,27,56,50,12,6,4,1,2,0,1,0,2,1,0,0,0,0,2,1,0,0,1,0,0,0,0,0,0,1,0,1,2,0,0
Zweitstimme,11W611,"11",Lichtenberg,"611",W,6D,6,86,O,917,624,293,0,265,4,265,0,51,82,20,39,42,7,5,10,1,1,0,0,0,0,0,0,0,0,0,0,1,0,0,2,0,0,0,1,0,2,0,0,0,0,1,0
Zweitstimme,11W612,"11",Lichtenberg,"612",W,6F,6,86,O,797,544,253,0,297,3,294,3,40,69,36,48,52,7,10,19,2,2,0,0,0,0,0,0,0,0,0,6,0,0,0,3,0,0,0,0,0,0,0,0,0,0,0,0
Zweitstimme,11W613,"11",Lichtenberg,"613",W,6G,6,86,O,1006,668,338,0,376,8,374,1,40,75,57,62,72,21,9,20,0,1,0,2,0,0,0,0,0,2,1,1,1,0,0,3,0,0,2,0,0,3,0,0,0,0,0,2
Zweitstimme,11W614,"11",Lichtenberg,"614",W,6G,6,86,O,787,549,238,0,279,1,278,1,44,67,55,47,24,4,4,18,0,0,2,1,0,1,0,0,0,0,0,1,0,0,0,0,0,0,1,0,0,2,3,0,0,0,1,3
Zweitstimme,11W615,"11",Lichtenberg,"615",W,6I,6,86,O,954,579,375,0,375,8,374,1,59,98,44,71,54,18,4,5,4,0,0,1,0,0,0,0,0,1,0,1,0,0,0,4,0,0,0,1,0,2,1,0,0,0,3,3
Zweitstimme,11W616,"11",Lichtenberg,"616",W,6I,6,86,O,1053,679,374,0,362,3,356,6,77,99,24,63,55,9,1,10,1,4,0,0,0,0,1,0,0,0,1,3,1,0,0,1,0,0,0,1,0,0,0,0,0,0,1,4
Zweitstimme,11W617,"11",Lichtenberg,"617",W,6K,6,86,O,837,534,303,0,315,2,313,2,42,66,44,71,40,11,7,7,3,3,0,2,0,0,0,0,0,0,1,6,0,0,0,5,0,0,1,0,0,0,1,0,0,0,2,1
Zweitstimme,11W618,"11",Lichtenberg,"618",W,6H,6,86,O,791,534,257,0,371,8,371,0,56,91,51,79,37,9,8,12,4,2,0,3,0,2,0,1,0,0,0,4,0,0,0,2,0,0,0,0,0,2,1,0,0,1,0,6
Zweitstimme,11W619,"11",Lichtenberg,"619",W,6H,6,86,O,782,534,248,0,304,3,304,0,66,45,53,51,28,17,8,14,0,2,1,0,1,0,0,0,0,0,1,0,1,0,0,1,0,0,0,0,0,4,0,0,0,2,2,7
Zweitstimme,11W620,"11",Lichtenberg,"620",W,6N,6,86,O,755,470,285,0,383,3,380,1,66,131,52,44,25,25,4,7,0,2,0,2,0,3,1,0,0,0,1,4,1,0,0,1,0,0,0,0,0,2,1,0,0,1,1,6
Zweitstimme,11W621,"11",Lichtenberg,"621",W,6N,6,86,O,809,519,290,0,346,9,344,2,63,103,52,60,20,19,4,8,3,1,0,0,0,1,0,0,0,1,0,0,0,0,0,2,0,0,0,0,0,3,0,0,1,0,2,1
Zweitstimme,11W622,"11",Lichtenberg,"622",W,6P,6,86,O,861,577,284,0,391,7,382,7,64,96,78,58,29,24,7,10,0,0,0,1,0,0,0,1,0,0,0,1,1,0,0,1,0,0,0,0,0,2,1,0,1,0,2,5
Zweitstimme,11W623,"11",Lichtenberg,"623",W,6Q,6,86,O,956,615,341,0,413,6,412,1,68,89,81,75,44,24,7,10,0,1,0,0,0,2,0,0,0,0,0,1,0,0,0,2,0,0,1,1,0,1,1,0,1,2,0,1
Zweitstimme,11W624,"11",Lichtenberg,"624",W,6K,6,86,O,896,583,313,0,386,6,384,2,55,60,86,78,51,10,10,14,2,2,0,0,0,0,0,0,0,0,0,6,1,0,0,2,0,0,0,0,0,1,2,0,0,0,1,3
Zweitstimme,11W625,"11",Lichtenberg,"625",W,6L,6,86,O,863,599,264,0,405,9,404,1,64,70,77,93,31,15,6,17,0,5,0,1,1,1,0,0,0,0,1,8,0,0,0,1,0,0,0,1,0,1,0,0,3,0,3,5
Zweitstimme,11W626,"11",Lichtenberg,"626",W,6L,6,86,O,877,563,314,0,369,12,365,4,72,96,63,56,40,14,4,6,1,0,0,0,0,0,0,0,0,0,0,2,1,0,0,1,0,0,1,0,0,1,1,0,0,1,1,4
Zweitstimme,11W627,"11",Lichtenberg,"627",W,6M,6,86,O,913,542,371,0,384,5,383,0,74,84,71,67,36,14,7,9,0,2,0,1,0,0,0,0,0,0,0,6,0,0,0,0,0,0,0,0,0,5,1,0,0,1,0,5
Zweitstimme,11W628,"11",Lichtenberg,"628",W,6R,6,86,O,1178,790,388,0,471,7,470,1,88,102,79,64,62,24,10,15,2,0,0,1,0,1,0,0,0,0,1,8,1,0,0,2,0,0,0,0,0,5,3,0,0,1,1,0
Zweitstimme,11W629,"11",Lichtenberg,"629",W,6R,6,86,O,857,508,349,0,339,6,338,1,51,73,62,77,32,10,4,14,0,0,1,0,0,0,2,0,0,0,0,6,0,0,0,1,0,0,0,0,0,4,1,0,0,0,0,0
Zweitstimme,11W630,"11",Lichtenberg,"630",W,6Q,6,86,O,893,591,302,0,412,10,407,5,69,84,89,64,33,17,8,10,2,3,0,1,1,2,0,0,0,0,1,5,1,0,0,1,0,0,0,0,0,2,4,0,0,3,1,6
Zweitstimme,11W631,"11",Lichtenberg,"631",W,6M,6,86,O,783,517,266,0,335,3,334,1,71,46,58,71,40,9,6,15,0,1,1,0,0,0,0,1,0,0,1,7,0,0,0,1,0,0,1,0,0,2,1,0,1,0,0,1
Zweitstimme,11W632,"11",Lichtenberg,"632",W,6S,6,86,O,856,575,281,0,362,5,360,2,58,72,67,80,37,11,3,8,1,2,0,1,0,0,0,0,0,0,3,0,0,0,0,2,0,0,0,0,0,6,0,0,2,0,1,6
Zweitstimme,11W633,"11",Lichtenberg,"633",W,6P,6,86,O,929,618,311,0,408,2,405,3,71,83,45,72,71,15,6,8,0,8,0,4,0,0,0,2,0,1,3,0,0,0,0,3,0,0,1,0,0,4,0,0,0,1,2,5
Zweitstimme,11W634,"11",Lichtenberg,"634",W,6S,6,86,O,667,365,302,0,285,2,285,0,45,97,66,22,21,15,5,5,2,1,0,0,0,0,0,0,0,1,0,0,0,0,0,0,0,0,0,0,0,1,1,0,0,1,0,2
Zweitstimme,11B6A,"11",Lichtenberg,6A,B,6A,6,86,O,0,0,0,0,676,676,669,7,109,161,58,187,59,13,14,16,3,4,4,5,0,11,0,0,0,1,0,1,3,0,0,3,0,0,0,2,0,0,2,0,5,1,0,7
Zweitstimme,11B6B,"11",Lichtenberg,6B,B,6B,6,86,O,0,0,0,0,577,577,574,3,93,99,72,150,57,17,11,22,8,4,1,3,0,5,0,0,0,1,0,0,1,0,0,4,0,0,5,0,0,1,3,0,3,2,1,11
Zweitstimme,11B6C,"11",Lichtenberg,6C,B,6C,6,86,O,0,0,0,0,543,543,542,1,118,148,34,111,58,9,11,11,4,4,0,5,0,3,1,0,0,0,1,1,2,0,0,6,0,0,0,3,0,4,1,0,4,0,1,2
Zweitstimme,11B6D,"11",Lichtenberg,6D,B,6D,6,86,O,0,0,0,0,525,525,523,2,101,103,58,123,60,13,10,16,2,6,0,3,0,3,0,0,0,0,0,6,1,0,0,2,0,0,1,0,0,6,0,0,4,1,2,2
Zweitstimme,11B6E,"11",Lichtenberg,6E,B,6E,6,86,O,0,0,0,0,574,574,568,6,88,143,138,88,20,23,10,8,7,3,1,0,0,3,0,0,0,0,0,1,0,0,0,2,0,0,1,0,0,3,3,0,2,2,2,20
Zweitstimme,11B6F,"11",Lichtenberg,6F,B,6F,6,86,O,0,0,0,0,459,459,456,3,80,100,113,57,29,27,7,16,1,0,0,1,0,1,0,0,0,0,0,4,2,0,0,1,0,0,0,0,0,2,0,0,3,0,2,10
Zweitstimme,11B6G,"11",Lichtenberg,6G,B,6G,6,86,O,0,0,0,0,520,520,518,2,82,101,107,81,56,35,11,19,0,3,0,2,0,0,0,0,0,1,1,2,1,0,0,1,0,0,2,0,0,4,4,0,1,0,3,1
Zweitstimme,11B6H,"11",Lichtenberg,6H,B,6H,6,86,O,0,0,0,0,447,447,443,4,60,102,84,80,31,28,7,12,2,1,0,1,1,3,0,0,0,1,0,5,3,0,0,1,0,0,4,1,0,3,4,0,1,0,2,6
Zweitstimme,11B6I,"11",Lichtenberg,6I,B,6I,6,86,O,0,0,0,0,673,673,671,2,114,198,54,139,52,22,14,27,1,2,0,1,1,5,1,2,0,0,2,4,1,0,0,4,0,0,0,0,0,12,1,0,3,4,2,5
Zweitstimme,11B6K,"11",Lichtenberg,6K,B,6K,6,86,O,0,0,0,0,553,553,550,1,101,115,107,121,25,23,9,14,4,3,0,1,0,4,1,0,0,0,1,2,2,0,0,2,0,0,1,0,0,4,2,0,3,2,1,2
Zweitstimme,11B6L,"11",Lichtenberg,6L,B,6L,6,86,O,0,0,0,0,510,510,509,1,104,110,96,108,24,23,10,10,2,2,0,4,0,0,1,0,0,1,0,4,0,0,0,0,0,0,0,0,0,1,3,0,0,1,2,3
Zweitstimme,11B6M,"11",Lichtenberg,6M,B,6M,6,86,O,0,0,0,0,589,589,587,2,131,132,104,116,33,19,7,15,1,7,0,0,0,1,0,1,0,0,0,3,0,0,0,0,0,0,1,0,0,5,3,0,0,1,2,5
Zweitstimme,11B6N,"11",Lichtenberg,6N,B,6N,6,86,O,0,0,0,0,535,535,533,2,88,164,111,74,30,33,8,5,1,3,0,3,1,2,0,0,0,0,0,1,0,0,0,0,0,0,0,0,0,3,0,0,0,1,1,4
Zweitstimme,11B6P,"11",Lichtenberg,6P,B,6P,6,86,O,0,0,0,0,551,551,551,0,107,123,97,102,37,20,9,14,2,1,1,1,0,4,0,2,0,1,4,2,0,0,0,1,0,0,1,0,0,9,1,0,0,2,4,6
Zweitstimme,11B6Q,"11",Lichtenberg,6Q,B,6Q,6,86,O,0,0,0,0,589,589,589,0,78,124,129,113,47,34,12,16,5,2,0,1,0,0,0,0,0,0,1,3,0,0,0,1,0,0,2,1,0,6,2,0,0,0,2,10
Zweitstimme,11B6R,"11",Lichtenberg,6R,B,6R,6,86,O,0,0,0,0,659,659,656,3,85,177,156,93,54,23,13,17,1,1,1,6,0,1,0,0,0,0,0,3,2,0,0,4,0,0,1,0,0,7,6,0,1,0,0,4
Zweitstimme,11B6S,"11",Lichtenberg,6S,B,6S,6,86,O,0,0,0,0,544,544,540,3,96,156,128,69,30,25,8,10,1,0,0,0,0,1,0,0,0,0,1,1,0,0,0,0,0,0,0,1,0,4,1,0,1,0,0,7
Zweitstimme,12W101,"12",Reinickendorf,"101",W,1A,1,77,W,1116,710,406,0,333,4,332,1,71,109,44,15,47,11,4,13,0,2,1,0,0,0,0,0,0,0,1,2,1,0,0,2,0,1,0,0,0,2,1,0,1,0,2,2
Zweitstimme,12W102,"12",Reinickendorf,"102",W,1A,1,77,W,838,672,166,0,230,2,224,6,31,79,34,15,35,7,1,11,0,2,1,0,0,0,0,0,0,0,0,0,0,0,0,1,0,0,0,0,0,0,0,0,2,0,3,2
Zweitstimme,12W103,"12",Reinickendorf,"103",W,1B,1,77,W,768,599,169,0,231,2,230,1,38,78,24,17,33,9,4,10,0,1,2,1,1,0,0,0,0,2,0,2,0,0,0,1,0,0,0,1,0,1,0,0,1,1,1,2
Zweitstimme,12W104,"12",Reinickendorf,"104",W,1B,1,77,W,835,681,154,0,285,1,282,2,55,87,42,22,39,5,4,6,0,2,1,0,1,0,1,0,0,0,1,4,0,0,0,3,0,0,0,0,0,0,0,0,3,2,2,2
Zweitstimme,12W105,"12",Reinickendorf,"105",W,1C,1,77,W,962,788,174,0,232,2,227,5,42,52,39,29,36,9,5,6,1,1,0,1,0,0,1,0,0,0,0,0,0,0,0,0,0,1,0,0,0,1,0,0,0,1,1,1
Zweitstimme,12W106,"12",Reinickendorf,"106",W,1I,1,77,W,1146,885,261,0,334,0,328,6,63,108,47,30,35,12,8,6,1,1,1,2,1,0,1,0,0,0,0,2,2,0,0,4,0,0,1,0,0,1,1,0,0,0,1,0
Zweitstimme,12W107,"12",Reinickendorf,"107",W,1D,1,77,W,857,662,195,0,346,1,337,7,69,133,20,13,54,7,3,17,2,4,0,4,0,0,1,0,0,0,1,2,0,0,0,0,0,1,0,0,0,1,0,0,0,0,1,4
Zweitstimme,12W108,"12",Reinickendorf,"108",W,1D,1,77,W,1158,869,289,0,427,9,422,5,85,196,33,19,49,5,4,9,3,3,1,3,0,0,0,0,0,0,0,3,0,0,0,4,0,0,1,0,0,0,0,0,0,0,2,2
Zweitstimme,12W109,"12",Reinickendorf,"109",W,1E,1,77,W,852,655,197,0,191,0,190,1,35,57,22,17,39,7,2,5,1,0,0,0,0,0,0,0,0,0,0,0,0,0,0,1,0,0,1,0,0,0,0,0,0,0,2,1
Zweitstimme,12W110,"12",Reinickendorf,"110",W,1E,1,77,W,948,690,258,0,227,1,225,2,33,82,23,19,48,5,1,4,1,0,0,0,0,1,0,0,0,1,0,0,1,0,0,0,0,0,0,0,0,0,0,0,1,0,5,0
Zweitstimme,12W111,"12",Reinickendorf,"111",W,1F,1,77,W,1088,813,275,0,326,1,320,5,55,72,50,47,50,12,5,12,3,1,0,0,0,1,0,1,0,0,0,1,0,0,0,2,0,0,0,1,0,0,0,0,0,3,2,2
Zweitstimme,12W112,"12",Reinickendorf,"112",W,1G,1,77,W,1177,751,426,0,350,2,346,4,73,132,38,21,37,9,4,12,3,2,0,1,0,0,0,0,0,0,0,2,0,0,0,6,0,0,0,0,0,3,0,0,0,0,0,3
Zweitstimme,12W113,"12",Reinickendorf,"113",W,1G,1,77,W,924,658,266,0,275,0,270,5,49,107,30,17,40,11,1,5,1,3,0,0,0,0,0,0,0,0,0,1,0,0,0,0,0,1,0,0,0,0,1,0,0,1,2,0
Zweitstimme,12W114,"12",Reinickendorf,"114",W,1H,1,77,W,1353,1113,240,0,339,0,334,5,62,106,27,18,63,9,2,20,0,3,0,1,0,0,0,0,0,0,0,3,1,0,0,2,0,0,0,1,0,2,0,0,3,0,10,1
Zweitstimme,12W115,"12",Reinickendorf,"115",W,1H,1,77,W,990,779,211,0,282,0,277,5,63,72,36,19,47,11,4,12,1,0,0,2,0,0,0,0,0,0,0,1,0,0,0,0,0,0,0,1,0,0,0,0,3,0,3,2
Zweitstimme,12W116,"12",Reinickendorf,"116",W,1C,1,77,W,1012,794,218,0,330,0,323,7,65,98,46,30,46,7,2,14,0,2,1,2,0,0,0,0,0,0,0,2,1,0,0,1,0,0,1,0,0,0,1,0,0,0,2,2
Zweitstimme,12W117,"12",Reinickendorf,"117",W,1J,1,77,W,1053,754,299,0,287,3,285,2,57,95,33,27,26,7,5,9,5,5,0,1,0,0,0,0,0,0,0,2,0,0,0,1,0,0,2,0,0,2,0,0,0,0,4,4
Zweitstimme,12W118,"12",Reinickendorf,"118",W,1I,1,77,W,1091,885,206,0,277,3,271,6,65,81,25,22,34,11,8,5,1,1,0,0,0,0,0,0,0,0,0,1,0,0,0,2,0,0,0,0,0,0,1,0,0,0,8,6
Zweitstimme,12W119,"12",Reinickendorf,"119",W,1K,1,77,W,1259,970,289,0,372,5,367,5,73,97,41,52,53,10,5,16,2,1,1,2,0,0,0,0,0,0,0,2,0,0,0,5,0,0,0,1,0,0,1,0,0,0,2,3
Zweitstimme,12W120,"12",Reinickendorf,"120",W,1K,1,77,W,1248,971,277,0,388,3,384,4,56,137,48,31,56,10,5,13,0,0,0,2,0,0,0,0,0,0,1,5,1,0,0,3,0,1,0,1,0,0,1,0,2,2,7,2
Zweitstimme,12W121,"12",Reinickendorf,"121",W,1L,1,77,W,1136,851,285,0,327,1,320,6,59,104,45,27,40,11,9,6,0,2,0,0,0,0,1,0,0,1,0,2,1,0,0,2,0,0,1,2,0,0,0,0,0,0,6,1
Zweitstimme,12W122,"12",Reinickendorf,"122",W,1J,1,77,W,1141,854,287,0,336,4,331,5,80,89,40,41,33,7,5,13,2,1,0,0,0,1,1,0,0,0,0,1,0,0,0,2,0,0,3,0,0,3,1,0,1,1,3,3
Zweitstimme,12W123,"12",Reinickendorf,"123",W,1F,1,77,W,1174,871,303,0,295,0,288,7,58,104,20,19,43,9,3,10,2,0,0,3,0,1,0,0,0,0,0,4,1,0,0,0,0,0,2,0,0,0,0,0,2,2,3,2
Zweitstimme,12W124,"12",Reinickendorf,"124",W,1M,1,77,W,1129,889,240,0,310,2,306,3,44,104,35,33,52,6,2,9,1,1,0,2,0,0,0,0,0,0,0,2,0,0,0,2,0,0,1,0,0,2,0,0,0,0,8,2
Zweitstimme,12W125,"12",Reinickendorf,"125",W,1M,1,77,W,1176,972,204,0,349,3,344,5,61,110,51,36,38,12,7,9,1,0,1,1,0,0,0,0,0,1,1,0,0,0,0,3,0,1,1,0,0,0,1,0,0,1,4,4
Zweitstimme,12W126,"12",Reinickendorf,"126",W,1L,1,77,W,1302,962,340,0,392,3,386,6,64,108,59,55,48,15,2,12,1,2,0,3,0,0,0,0,0,0,0,2,1,0,0,3,0,0,1,0,0,0,3,0,0,0,5,2
Zweitstimme,12B1A,"12",Reinickendorf,1A,B,1A,1,77,W,0,0,0,0,513,513,512,1,108,212,68,33,34,14,8,13,1,7,0,1,0,0,0,0,0,1,0,0,0,0,0,5,0,1,0,0,0,3,0,0,0,0,0,3
Zweitstimme,12B1B,"12",Reinickendorf,1B,B,1B,1,77,W,0,0,0,0,325,325,319,5,51,113,52,23,28,12,5,16,7,1,0,1,0,0,1,0,0,0,0,2,0,0,0,2,0,0,2,0,0,1,1,0,0,0,0,1
Zweitstimme,12B1C,"12",Reinickendorf,1C,B,1C,1,77,W,0,0,0,0,349,349,346,3,64,86,75,34,22,11,12,18,2,4,0,3,1,1,0,0,0,1,0,1,1,0,0,1,0,0,1,0,0,3,1,0,2,0,1,1
Zweitstimme,12B1D,"12",Reinickendorf,1D,B,1D,1,77,W,0,0,0,0,414,414,411,3,95,157,44,25,44,5,4,8,0,1,0,1,0,0,0,0,0,0,1,1,0,0,0,10,0,0,1,0,0,4,2,0,0,0,2,6
Zweitstimme,12B1E,"12",Reinickendorf,1E,B,1E,1,77,W,0,0,0,0,407,407,402,5,91,160,48,28,31,11,3,8,3,1,0,0,0,0,0,0,0,0,0,0,1,0,0,4,0,0,0,1,0,5,0,0,0,0,2,5
Zweitstimme,12B1F,"12",Reinickendorf,1F,B,1F,1,77,W,0,0,0,0,500,500,492,8,84,186,72,30,50,16,9,18,1,2,2,1,0,2,0,1,0,0,1,2,0,0,0,3,0,0,2,0,0,1,0,0,3,1,3,2
Zweitstimme,12B1G,"12",Reinickendorf,1G,B,1G,1,77,W,0,0,0,0,626,626,619,5,127,275,73,20,58,15,11,12,3,3,0,5,0,2,1,0,0,0,2,0,0,0,0,3,0,0,0,0,0,2,0,0,1,0,2,4
Zweitstimme,12B1H,"12",Reinickendorf,1H,B,1H,1,77,W,0,0,0,0,402,402,397,5,93,144,26,38,42,7,8,13,2,3,0,3,0,1,0,0,0,0,0,2,0,0,0,6,0,3,0,0,0,2,0,0,1,0,1,2
Zweitstimme,12B1I,"12",Reinickendorf,1I,B,1I,1,77,W,0,0,0,0,389,389,384,3,90,143,49,31,27,14,4,7,0,0,0,2,0,0,1,0,0,0,3,0,0,0,0,2,0,0,0,0,0,2,3,0,0,0,4,2
Zweitstimme,12B1J,"12",Reinickendorf,1J,B,1J,1,77,W,0,0,0,0,513,513,507,3,95,201,69,45,38,10,10,16,1,1,0,0,1,0,0,0,0,0,0,1,0,0,0,4,0,1,1,0,0,1,0,0,5,1,2,4
Zweitstimme,12B1K,"12",Reinickendorf,1K,B,1K,1,77,W,0,0,0,0,490,490,485,5,76,177,60,42,49,23,5,21,1,4,0,3,0,0,1,1,0,0,3,1,1,0,0,6,0,0,0,0,0,3,1,0,1,0,2,4
Zweitstimme,12B1L,"12",Reinickendorf,1L,B,1L,1,77,W,0,0,0,0,530,530,526,4,100,186,80,47,38,20,6,12,0,3,2,0,0,2,0,0,0,0,0,2,0,0,0,6,0,0,0,0,0,4,2,0,1,3,8,4
Zweitstimme,12B1M,"12",Reinickendorf,1M,B,1M,1,77,W,0,0,0,0,381,381,381,0,73,106,59,44,32,20,6,12,0,7,0,0,0,0,0,0,0,3,0,0,0,0,0,4,0,0,1,0,0,1,2,0,0,5,3,3
Zweitstimme,12W201,"12",Reinickendorf,"201",W,2A,2,77,W,1054,778,276,0,352,5,349,1,65,128,27,24,61,12,4,9,1,2,0,0,0,0,1,0,0,0,1,0,2,0,0,1,0,0,1,0,0,1,0,0,1,2,2,4
Zweitstimme,12W202,"12",Reinickendorf,"202",W,2B,2,77,W,1125,725,400,0,322,5,318,4,60,133,21,13,40,11,5,18,1,2,2,1,0,0,0,0,0,0,0,1,1,0,0,3,0,0,0,1,0,1,0,0,0,0,2,2
Zweitstimme,12W203,"12",Reinickendorf,"203",W,2C,2,77,W,1128,702,426,0,429,4,420,9,97,169,45,19,36,29,2,5,0,1,0,1,0,0,0,0,0,0,0,4,0,0,0,3,0,0,0,0,0,2,0,0,0,1,3,3
Zweitstimme,12W204,"12",Reinickendorf,"204",W,2D,2,77,W,918,625,293,0,346,4,341,5,56,163,35,12,33,23,2,4,0,0,0,1,0,0,2,0,0,0,0,3,0,0,0,5,0,0,0,0,0,0,0,0,0,0,1,1
Zweitstimme,12W205,"12",Reinickendorf,"205",W,2D,2,77,W,743,540,203,0,315,5,311,4,61,112,49,10,30,16,5,7,4,0,1,1,0,0,0,0,0,0,0,1,2,0,0,2,0,0,0,3,0,2,0,0,0,2,1,2
Zweitstimme,12W206,"12",Reinickendorf,"206",W,2E,2,77,W,1278,851,427,0,352,4,349,3,78,127,50,19,31,11,3,7,4,1,0,0,0,1,0,0,0,1,0,6,0,0,0,0,0,0,0,0,0,1,1,0,0,2,3,3
Zweitstimme,12W207,"12",Reinickendorf,"207",W,2F,2,77,W,1307,1000,307,0,407,4,393,13,79,146,32,24,63,13,4,10,4,2,0,2,0,0,0,0,0,0,0,2,0,0,0,6,0,0,1,0,0,0,0,0,1,0,3,1
Zweitstimme,12W208,"12",Reinickendorf,"208",W,2E,2,77,W,1204,957,247,0,323,2,316,7,77,104,16,32,56,7,2,9,0,1,1,1,0,0,1,0,0,0,0,2,0,0,0,1,0,0,0,0,0,1,0,0,0,0,5,0
Zweitstimme,12W209,"12",Reinickendorf,"209",W,2F,2,77,W,1221,893,328,0,310,0,306,4,47,105,33,19,55,10,6,9,3,1,0,1,0,0,0,0,0,0,1,1,0,0,0,1,0,0,0,0,0,2,0,0,2,0,10,0
Zweitstimme,12W210,"12",Reinickendorf,"210",W,2G,2,77,W,1207,799,408,0,330,1,324,5,62,118,24,26,56,9,4,8,2,2,0,2,0,0,0,0,0,0,0,2,0,0,0,4,0,0,0,0,0,0,0,0,0,2,3,0
Zweitstimme,12W211,"12",Reinickendorf,"211",W,2B,2,77,W,1310,824,486,0,406,3,402,4,72,146,28,25,78,13,6,12,1,2,1,1,1,0,1,0,0,0,0,4,1,0,0,5,0,0,0,1,0,1,0,0,0,0,2,1
Zweitstimme,12W212,"12",Reinickendorf,"212",W,2G,2,77,W,1244,859,385,0,324,2,322,2,63,138,8,22,61,8,1,8,1,0,0,1,0,0,2,0,0,0,0,2,0,0,0,2,0,0,0,0,0,1,0,0,0,0,2,2
Zweitstimme,12W213,"12",Reinickendorf,"213",W,2H,2,77,W,1112,847,265,0,361,2,355,6,63,122,32,16,64,10,11,17,3,1,0,2,0,0,0,0,0,0,0,2,2,0,0,2,0,1,0,0,0,3,0,0,0,0,3,1
Zweitstimme,12W214,"12",Reinickendorf,"214",W,2H,2,77,W,1252,887,365,0,393,3,385,6,74,153,23,19,78,14,3,4,2,3,0,1,0,0,0,0,0,0,0,2,0,0,0,2,0,0,0,0,0,0,1,0,0,1,2,3
Zweitstimme,12W215,"12",Reinickendorf,"215",W,2I,2,77,W,1316,950,366,0,408,1,402,6,99,138,24,20,73,14,2,10,3,2,0,1,0,0,1,0,0,0,0,3,0,0,0,2,0,1,0,0,0,2,0,0,2,1,4,0
Zweitstimme,12W216,"12",Reinickendorf,"216",W,2J,2,77,W,919,714,205,0,284,3,282,2,50,87,36,21,37,9,7,10,0,1,2,2,0,0,0,0,0,0,0,4,1,0,0,2,0,0,2,0,0,0,0,0,3,0,7,1
Zweitstimme,12W217,"12",Reinickendorf,"217",W,2K,2,77,W,1180,907,273,0,351,3,341,6,58,104,50,24,61,17,3,7,0,2,0,0,0,1,0,1,0,0,1,1,0,0,0,2,0,0,0,0,0,0,1,0,0,1,5,2
Zweitstimme,12W218,"12",Reinickendorf,"218",W,2L,2,77,W,935,718,217,0,207,0,203,1,44,57,16,14,41,5,2,7,1,3,1,0,0,0,0,0,0,0,1,2,0,0,0,4,0,0,1,0,0,0,1,0,0,1,0,2
Zweitstimme,12W219,"12",Reinickendorf,"219",W,2L,2,77,W,986,743,243,0,318,3,309,9,56,121,27,14,43,13,7,8,0,4,0,1,0,0,0,0,0,1,0,1,1,0,0,1,0,1,0,0,0,1,2,0,0,0,4,3
Zweitstimme,12W220,"12",Reinickendorf,"220",W,2J,2,77,W,1191,996,195,0,280,1,278,2,45,64,36,27,62,14,7,6,2,1,0,0,1,0,0,0,0,0,0,0,1,0,0,1,0,0,0,0,0,2,0,0,1,0,3,5
Zweitstimme,12W221,"12",Reinickendorf,"221",W,2K,2,77,W,1278,910,368,0,334,2,328,6,71,99,36,17,63,11,3,11,1,2,0,1,0,0,0,0,0,1,0,1,0,0,0,0,0,0,0,0,0,2,0,0,0,1,2,6
Zweitstimme,12W222,"12",Reinickendorf,"222",W,2M,2,77,W,1294,1074,220,0,359,1,355,4,62,97,42,42,58,10,7,13,1,3,1,0,0,0,0,1,0,0,2,2,0,0,0,4,0,0,0,0,0,0,0,0,0,1,6,3
Zweitstimme,12W223,"12",Reinickendorf,"223",W,2M,2,77,W,561,403,158,0,267,1,259,8,66,112,20,6,30,8,2,7,1,0,1,1,0,0,0,0,0,0,0,0,0,0,0,1,0,0,0,1,0,1,0,0,0,1,1,0
Zweitstimme,12W224,"12",Reinickendorf,"224",W,2M,2,77,W,320,255,65,0,134,1,133,1,26,57,11,4,20,9,1,2,1,0,1,0,0,0,0,0,0,0,0,0,0,0,0,0,0,0,0,0,0,0,0,0,1,0,0,0
Zweitstimme,12W225,"12",Reinickendorf,"225",W,2A,2,77,W,1095,751,344,0,291,2,282,9,66,96,37,10,35,9,1,13,2,1,0,0,0,0,0,0,0,0,1,1,1,0,0,3,0,0,0,0,0,1,1,0,1,0,0,3
Zweitstimme,12W226,"12",Reinickendorf,"226",W,2I,2,77,W,961,684,277,0,295,1,289,5,60,104,17,10,57,12,4,7,1,3,0,1,0,0,0,0,0,0,0,3,1,0,0,3,0,0,1,0,0,0,0,0,1,1,2,1
Zweitstimme,12B2A,"12",Reinickendorf,2A,B,2A,2,77,W,0,0,0,0,559,559,558,1,120,224,57,25,48,21,6,22,2,4,2,0,0,1,0,1,0,0,0,2,0,0,0,6,0,0,1,1,0,5,2,0,2,0,3,3
Zweitstimme,12B2B,"12",Reinickendorf,2B,B,2B,2,77,W,0,0,0,0,793,793,789,3,179,331,67,38,71,30,8,28,3,3,3,1,0,0,0,0,0,2,0,0,2,0,0,9,0,1,1,1,0,2,1,0,1,0,1,6
Zweitstimme,12B2C,"12",Reinickendorf,2C,B,2C,2,77,W,0,0,0,0,397,397,396,0,71,194,42,11,37,22,1,7,0,2,0,0,0,0,0,0,0,0,2,0,0,0,0,3,0,0,0,0,0,0,0,0,0,2,0,2
Zweitstimme,12B2D,"12",Reinickendorf,2D,B,2D,2,77,W,0,0,0,0,452,452,448,4,101,180,52,17,42,20,3,13,0,2,1,3,0,0,0,0,0,0,2,5,1,0,0,0,0,0,1,1,0,1,0,0,0,0,2,1
Zweitstimme,12B2E,"12",Reinickendorf,2E,B,2E,2,77,W,0,0,0,0,575,575,570,5,134,208,58,26,68,20,2,21,3,4,0,1,0,0,0,0,0,0,2,4,0,0,0,4,0,0,1,0,0,1,0,0,3,0,4,6
Zweitstimme,12B2F,"12",Reinickendorf,2F,B,2F,2,77,W,0,0,0,0,567,567,564,3,104,238,33,30,51,30,13,23,3,5,3,3,0,1,0,0,0,0,3,2,0,0,0,8,0,0,2,0,0,3,2,0,2,1,2,2
Zweitstimme,12B2G,"12",Reinickendorf,2G,B,2G,2,77,W,0,0,0,0,722,722,718,4,168,317,53,28,63,26,7,28,0,6,1,0,0,0,0,0,0,0,1,2,1,0,0,7,0,0,0,0,0,1,2,0,1,0,3,3
Zweitstimme,12B2H,"12",Reinickendorf,2H,B,2H,2,77,W,0,0,0,0,568,568,560,7,106,212,67,27,61,32,5,11,2,7,1,2,0,1,0,0,0,0,0,3,0,0,0,7,0,0,0,1,0,5,0,0,2,2,1,5
Zweitstimme,12B2I,"12",Reinickendorf,2I,B,2I,2,77,W,0,0,0,0,594,594,593,1,122,258,60,21,57,15,7,25,1,3,0,2,0,2,0,0,0,0,1,5,1,0,0,2,0,2,3,0,0,4,0,0,1,0,0,1
Zweitstimme,12B2J,"12",Reinickendorf,2J,B,2J,2,77,W,0,0,0,0,356,356,352,4,84,129,35,29,26,12,4,14,1,3,0,0,0,1,0,0,0,0,1,3,0,0,0,1,0,0,0,0,0,0,1,0,2,1,2,3
Zweitstimme,12B2K,"12",Reinickendorf,2K,B,2K,2,77,W,0,0,0,0,576,576,573,3,107,206,61,43,64,22,10,18,2,11,0,2,1,0,1,0,0,0,0,0,1,0,0,7,0,0,3,0,0,6,0,0,4,1,1,2
Zweitstimme,12B2L,"12",Reinickendorf,2L,B,2L,2,77,W,0,0,0,0,393,393,382,10,74,159,46,17,31,16,0,13,0,6,0,0,0,0,0,0,0,0,0,0,1,0,0,4,0,0,1,0,0,4,2,0,1,1,3,3
Zweitstimme,12B2M,"12",Reinickendorf,2M,B,2M,2,77,W,0,0,0,0,397,397,395,2,93,142,48,23,38,18,7,10,1,2,0,0,0,0,0,0,0,0,1,2,0,0,0,1,0,0,2,0,0,0,0,0,1,2,3,1
Zweitstimme,12W301,"12",Reinickendorf,"301",W,3A,3,77,W,1306,785,521,0,598,4,593,5,122,261,66,9,51,40,7,16,1,1,0,0,1,0,0,0,0,0,3,1,0,0,0,4,0,0,1,0,0,2,0,0,1,1,1,4
Zweitstimme,12W302,"12",Reinickendorf,"302",W,3B,3,77,W,1212,743,469,0,498,0,496,2,94,197,82,18,42,29,5,11,5,3,0,0,0,0,0,0,0,0,0,2,1,0,0,3,0,0,0,0,0,0,1,0,1,1,0,1
Zweitstimme,12W303,"12",Reinickendorf,"303",W,3B,3,77,W,1218,750,468,0,487,2,482,5,87,202,53,14,64,28,6,9,1,2,0,2,0,0,0,0,0,0,2,6,1,0,0,2,0,0,0,0,0,0,0,0,0,0,0,3
Zweitstimme,12W304,"12",Reinickendorf,"304",W,3D,3,77,W,997,643,354,0,393,10,393,0,78,143,54,17,34,39,2,11,2,1,0,1,0,0,0,0,0,0,0,0,0,0,0,3,0,0,1,0,0,1,0,0,0,1,1,4
Zweitstimme,12W305,"12",Reinickendorf,"305",W,3G,3,77,W,1225,661,564,0,441,8,439,2,88,200,52,9,37,28,4,7,1,3,0,1,0,0,0,0,0,0,0,4,0,0,0,2,0,0,0,0,0,0,1,0,0,0,1,1
Zweitstimme,12W306,"12",Reinickendorf,"306",W,3C,3,77,W,1383,835,548,0,576,13,573,1,123,221,73,13,58,49,3,10,0,3,1,3,0,0,0,0,0,0,0,4,0,0,0,3,0,1,0,0,0,4,1,0,0,0,0,3
Zweitstimme,12W307,"12",Reinickendorf,"307",W,3F,3,77,W,1346,767,579,0,533,11,531,2,105,227,69,12,51,31,5,14,1,1,0,1,0,0,0,0,0,0,0,2,0,0,0,1,0,0,0,0,0,1,1,0,1,0,3,5
Zweitstimme,12W308,"12",Reinickendorf,"308",W,3E,3,77,W,1248,712,536,0,513,10,509,4,100,203,78,19,46,28,6,12,0,1,0,2,0,0,0,0,0,0,2,8,0,0,0,1,0,1,0,0,0,1,0,0,0,0,0,1
Zweitstimme,12W309,"12",Reinickendorf,"309",W,3D,3,77,W,1300,801,499,0,437,14,430,3,92,171,54,18,35,27,3,12,4,1,0,2,0,0,0,0,0,0,1,2,1,0,0,1,0,0,1,0,0,0,0,0,0,0,5,0
Zweitstimme,12W310,"12",Reinickendorf,"310",W,3H,3,77,W,1193,684,509,0,474,10,471,2,82,203,65,19,44,30,2,6,0,0,2,0,1,0,0,0,0,0,0,7,1,0,0,2,0,1,1,1,0,1,0,0,0,0,0,3
Zweitstimme,12W311,"12",Reinickendorf,"311",W,3E,3,77,W,1171,624,547,0,421,9,419,2,105,160,52,12,42,22,2,6,1,0,0,0,0,0,0,0,0,0,3,4,1,0,0,3,0,0,0,0,0,0,1,0,0,1,2,2
Zweitstimme,12W312,"12",Reinickendorf,"312",W,3F,3,77,W,1331,722,609,0,470,6,469,0,84,196,64,15,53,30,3,14,1,1,0,0,0,0,0,0,0,0,1,1,1,0,0,1,0,0,0,0,0,1,0,0,0,0,1,2
Zweitstimme,12W313,"12",Reinickendorf,"313",W,3H,3,77,W,1234,746,488,0,519,13,516,3,102,218,79,18,36,33,3,12,1,1,0,0,0,0,0,0,0,0,1,4,0,0,0,1,0,0,0,0,0,2,0,0,0,1,1,3
Zweitstimme,12W314,"12",Reinickendorf,"314",W,3J,3,77,W,1202,758,444,0,458,1,452,4,106,184,54,18,29,22,7,9,2,2,1,3,1,1,0,0,0,0,0,5,0,0,0,1,0,0,1,0,0,0,0,0,2,0,0,4
Zweitstimme,12W315,"12",Reinickendorf,"315",W,3P,3,77,W,1174,631,543,0,455,7,449,4,94,200,43,10,45,31,2,9,0,1,0,0,0,0,0,1,0,0,0,5,3,0,0,1,0,0,0,0,0,1,1,0,0,0,0,2
Zweitstimme,12W316,"12",Reinickendorf,"316",W,3J,3,77,W,1284,834,450,0,456,9,452,4,95,134,78,37,48,22,7,8,0,4,0,0,0,1,0,0,0,1,0,3,2,0,0,3,0,1,0,0,0,2,1,0,2,0,1,2
Zweitstimme,12W317,"12",Reinickendorf,"317",W,3K,3,77,W,1285,830,455,0,447,7,440,1,112,152,54,21,51,19,5,11,2,2,1,0,0,1,0,0,0,0,0,1,0,0,0,1,0,0,1,0,0,1,1,0,1,1,1,1
Zweitstimme,12W318,"12",Reinickendorf,"318",W,3I,3,77,W,1177,720,457,0,495,10,490,5,78,194,81,25,31,46,3,17,0,1,0,1,1,0,0,0,0,0,1,5,0,0,0,1,0,0,0,1,0,0,0,0,0,0,0,4
Zweitstimme,12W319,"12",Reinickendorf,"319",W,3L,3,77,W,1368,1032,336,0,432,2,425,5,101,157,23,19,70,17,7,11,1,3,0,0,0,1,0,1,0,0,1,2,2,0,0,3,0,0,0,0,0,1,0,0,1,0,3,1
Zweitstimme,12W320,"12",Reinickendorf,"320",W,3M,3,77,W,1125,875,250,0,315,6,305,8,56,107,28,19,51,7,5,16,0,0,0,1,0,0,0,0,0,0,1,4,0,0,0,4,0,0,0,0,0,0,0,0,0,0,6,0
Zweitstimme,12W321,"12",Reinickendorf,"321",W,3K,3,77,W,1270,987,283,0,427,8,419,8,86,143,35,23,64,24,2,18,3,2,1,1,0,0,0,0,0,0,1,2,1,0,0,3,0,0,0,0,0,3,0,0,1,1,0,5
Zweitstimme,12W322,"12",Reinickendorf,"322",W,3M,3,77,W,1344,1000,344,0,437,2,428,5,91,132,49,31,73,18,2,13,1,3,0,0,0,1,1,0,0,0,0,1,0,0,0,4,0,1,0,0,0,0,0,0,2,1,4,0
Zweitstimme,12W323,"12",Reinickendorf,"323",W,3I,3,77,W,1064,633,431,0,468,4,465,3,98,197,43,16,53,24,7,9,2,0,1,1,0,0,0,0,0,0,0,3,0,0,0,4,0,0,0,0,0,2,0,0,0,0,1,4
Zweitstimme,12W324,"12",Reinickendorf,"324",W,3L,3,77,W,250,181,69,0,111,0,108,2,28,44,13,6,6,6,0,3,0,1,0,0,0,0,0,0,0,0,0,0,0,0,0,0,0,0,0,0,0,0,0,0,0,0,0,1
Zweitstimme,12W325,"12",Reinickendorf,"325",W,3N,3,77,W,1208,729,479,0,413,0,410,3,107,137,54,18,46,13,2,10,1,2,1,1,0,0,0,0,0,0,0,4,1,0,0,1,0,1,1,0,0,1,2,0,3,1,1,2
Zweitstimme,12B3A,"12",Reinickendorf,3A,B,3A,3,77,W,0,0,0,0,479,479,476,3,84,250,57,7,25,32,3,8,2,0,0,1,0,0,0,0,0,0,0,1,0,0,0,2,0,0,0,0,0,0,0,0,0,2,0,2
Zweitstimme,12B3B,"12",Reinickendorf,3B,B,3B,3,77,W,0,0,0,0,853,853,846,7,175,403,86,16,57,38,7,24,0,6,2,2,0,1,0,0,0,0,0,6,2,0,0,10,0,0,1,0,0,4,0,0,1,2,1,2
Zweitstimme,12B3C,"12",Reinickendorf,3C,B,3C,3,77,W,0,0,0,0,497,497,495,2,97,218,81,13,24,34,1,12,0,1,0,1,0,0,0,0,0,0,0,2,1,0,0,1,0,1,0,1,0,2,0,0,0,0,0,5
Zweitstimme,12B3D,"12",Reinickendorf,3D,B,3D,3,77,W,0,0,0,0,765,765,764,1,157,322,127,32,28,56,4,17,2,3,0,1,0,0,0,0,0,0,2,2,0,0,0,4,0,0,1,0,0,3,1,0,0,0,0,2
Zweitstimme,12B3E,"12",Reinickendorf,3E,B,3E,3,77,W,0,0,0,0,982,982,978,4,215,476,105,25,47,50,8,27,4,1,2,0,0,0,0,0,0,0,0,2,3,0,0,3,0,0,0,0,0,1,1,0,1,2,2,3
Zweitstimme,12B3F,"12",Reinickendorf,3F,B,3F,3,77,W,0,0,0,0,1091,1091,1088,3,240,498,139,26,55,60,6,19,1,3,0,1,0,0,0,0,0,0,6,4,1,0,0,7,0,1,0,0,0,11,0,0,0,1,3,6
Zweitstimme,12B3G,"12",Reinickendorf,3G,B,3G,3,77,W,0,0,0,0,511,511,506,4,83,227,61,19,41,41,1,14,0,4,0,0,0,0,0,0,0,0,1,4,1,0,0,3,0,1,0,0,0,4,0,0,0,0,0,1
Zweitstimme,12B3H,"12",Reinickendorf,3H,B,3H,3,77,W,0,0,0,0,892,892,888,4,160,430,104,12,68,68,4,13,1,5,1,0,0,0,0,0,0,1,3,2,1,0,0,6,0,0,1,0,0,2,1,0,2,1,1,1
Zweitstimme,12B3I,"12",Reinickendorf,3I,B,3I,3,77,W,0,0,0,0,797,797,796,1,166,357,132,17,38,40,8,13,2,5,0,2,0,0,0,0,0,2,0,7,0,0,0,2,0,0,0,0,0,1,1,0,1,1,0,1
Zweitstimme,12B3J,"12",Reinickendorf,3J,B,3J,3,77,W,0,0,0,0,801,801,797,2,159,304,128,40,37,55,11,20,4,6,0,2,1,0,0,0,0,0,1,5,3,0,0,4,0,1,0,0,0,4,0,0,1,1,3,7
Zweitstimme,12B3K,"12",Reinickendorf,3K,B,3K,3,77,W,0,0,0,0,647,647,645,2,139,248,97,25,32,41,8,23,2,2,0,2,1,1,0,0,0,0,1,5,1,0,0,6,0,1,1,1,0,2,1,0,1,0,1,3
Zweitstimme,12B3L,"12",Reinickendorf,3L,B,3L,3,77,W,0,0,0,0,367,367,363,4,86,133,28,13,55,12,2,14,1,3,0,2,0,0,0,0,0,0,0,0,1,0,0,1,0,0,1,0,0,2,1,0,5,0,2,1
Zweitstimme,12B3M,"12",Reinickendorf,3M,B,3M,3,77,W,0,0,0,0,518,518,511,5,114,194,43,19,58,20,10,18,2,7,0,0,1,1,0,0,0,0,1,3,0,0,0,7,0,1,3,0,0,4,2,0,0,0,3,0
Zweitstimme,12B3N,"12",Reinickendorf,3N,B,3N,3,77,W,0,0,0,0,446,446,442,3,88,180,87,16,20,23,2,12,1,3,0,1,0,0,0,0,0,0,0,1,1,0,0,5,0,0,1,0,0,0,1,0,0,0,0,0
Zweitstimme,12B3P,"12",Reinickendorf,3P,B,3P,3,77,W,0,0,0,0,480,480,477,3,114,225,60,13,26,23,1,7,0,2,0,0,0,0,0,0,0,0,0,1,0,0,0,3,0,0,1,0,0,0,0,0,0,0,0,1
Zweitstimme,12W401,"12",Reinickendorf,"401",W,4A,4,77,W,1450,886,564,0,597,9,592,5,121,192,135,27,43,29,3,17,4,1,0,0,1,1,0,0,0,0,1,3,0,0,0,1,0,0,0,2,0,0,1,0,1,3,2,4
Zweitstimme,12W402,"12",Reinickendorf,"402",W,4A,4,77,W,1227,794,433,0,414,3,411,2,73,150,64,27,47,16,9,8,1,3,0,0,1,1,0,0,0,1,1,1,0,0,0,2,0,0,0,0,0,2,0,0,0,1,0,3
Zweitstimme,12W403,"12",Reinickendorf,"403",W,4B,4,77,W,1131,668,463,0,346,2,342,4,68,133,44,16,36,23,1,4,3,3,0,0,0,0,0,0,0,0,3,1,0,0,0,1,0,0,0,0,0,1,0,0,2,0,1,2
Zweitstimme,12W404,"12",Reinickendorf,"404",W,4C,4,77,W,1183,963,220,0,291,5,282,9,54,97,16,10,59,14,4,10,2,1,0,1,0,0,0,0,0,0,0,2,1,0,0,1,0,0,1,0,0,1,1,0,3,0,3,1
Zweitstimme,12W405,"12",Reinickendorf,"405",W,4C,4,77,W,1311,1073,238,0,400,0,393,4,81,123,32,21,78,10,3,13,5,3,3,1,1,0,0,0,0,0,0,4,0,0,0,2,0,0,1,1,0,0,0,0,0,1,9,1
Zweitstimme,12W406,"12",Reinickendorf,"406",W,4D,4,77,W,1289,889,400,0,445,5,441,4,95,145,56,31,45,22,3,10,1,1,0,1,0,0,0,0,0,0,2,9,4,0,0,5,0,1,0,0,0,2,0,0,1,4,1,2
Zweitstimme,12W407,"12",Reinickendorf,"407",W,4E,4,77,W,1113,651,462,0,422,4,422,0,95,144,69,21,41,21,6,12,0,2,1,0,0,0,0,0,0,0,1,4,0,0,0,3,0,0,0,0,0,0,0,0,1,0,0,1
Zweitstimme,12W408,"12",Reinickendorf,"408",W,4F,4,77,W,1612,1064,548,0,688,8,686,2,144,266,106,35,50,36,5,18,1,2,0,0,0,0,0,0,0,0,0,7,1,0,0,3,0,0,0,0,0,2,2,0,1,4,1,2
Zweitstimme,12W409,"12",Reinickendorf,"409",W,4F,4,77,W,1159,792,367,0,449,3,442,6,85,194,37,15,42,41,6,9,1,3,0,1,0,1,0,0,0,0,0,1,1,0,0,0,0,0,0,0,0,1,0,0,1,1,0,2
Zweitstimme,12W410,"12",Reinickendorf,"410",W,4B,4,77,W,994,729,265,0,406,0,395,11,100,175,19,6,49,24,0,10,2,1,0,0,0,0,0,0,0,0,0,5,0,0,0,2,0,0,0,0,0,1,0,0,0,0,1,0
Zweitstimme,12W411,"12",Reinickendorf,"411",W,4G,4,77,W,883,628,255,0,318,0,316,2,65,156,14,10,36,12,0,5,1,2,0,3,0,0,0,0,0,0,0,0,2,0,0,3,0,0,0,0,0,1,0,0,1,1,3,1
Zweitstimme,12W412,"12",Reinickendorf,"412",W,4D,4,77,W,1344,916,428,0,552,3,545,7,117,188,65,24,70,23,11,15,2,2,1,1,0,0,0,0,0,0,2,8,1,0,0,1,0,1,2,1,0,2,0,0,2,2,2,2
Zweitstimme,12W413,"12",Reinickendorf,"413",W,4E,4,77,W,1289,677,612,0,435,5,430,3,81,188,60,17,40,17,2,7,1,6,0,0,0,0,0,1,0,0,0,3,1,0,0,4,0,0,0,0,0,0,0,0,0,0,0,2
Zweitstimme,12W414,"12",Reinickendorf,"414",W,4H,4,77,W,1406,909,497,0,485,1,481,4,100,177,77,17,52,18,3,13,4,1,0,0,0,1,0,0,0,0,0,4,0,0,0,4,0,0,1,1,0,0,0,0,0,3,0,5
Zweitstimme,12W415,"12",Reinickendorf,"415",W,4N,4,77,W,1323,926,397,0,492,6,490,2,81,152,92,25,51,20,11,21,2,1,0,2,1,0,0,0,0,0,0,6,0,0,0,3,0,0,1,1,0,5,0,0,2,2,1,10
Zweitstimme,12W416,"12",Reinickendorf,"416",W,4I,4,77,W,1321,963,358,0,474,5,462,12,95,146,44,23,71,15,13,17,4,4,0,2,0,0,0,0,0,0,2,6,1,0,0,5,0,1,0,1,0,1,1,0,4,0,3,3
Zweitstimme,12W417,"12",Reinickendorf,"417",W,4J,4,77,W,1367,777,590,0,434,4,425,8,105,157,48,9,51,22,2,12,3,1,1,0,0,0,0,0,0,0,0,4,1,0,0,2,0,0,0,0,0,0,1,0,0,0,4,2
Zweitstimme,12W418,"12",Reinickendorf,"418",W,4H,4,77,W,1359,1016,343,0,397,0,392,4,92,123,43,26,69,13,7,4,1,1,1,2,0,1,0,0,0,0,0,0,0,0,0,3,0,0,0,0,0,1,0,0,1,0,1,3
Zweitstimme,12W419,"12",Reinickendorf,"419",W,4G,4,77,W,1435,986,449,0,498,3,487,11,98,215,45,19,60,13,4,15,2,0,0,1,0,0,0,0,0,1,0,1,1,0,0,8,0,0,0,0,0,0,1,0,1,0,0,2
Zweitstimme,12W420,"12",Reinickendorf,"420",W,4I,4,77,W,1303,927,376,0,499,8,489,10,89,166,48,28,83,22,7,13,3,4,0,1,0,0,1,0,0,0,1,4,1,0,0,1,0,1,0,0,0,5,0,0,0,2,1,8
Zweitstimme,12W421,"12",Reinickendorf,"421",W,4K,4,77,W,1089,783,306,0,484,1,476,8,77,226,44,20,57,18,3,10,1,3,0,2,0,0,0,0,0,2,0,3,0,0,0,2,0,0,0,0,0,2,2,0,2,0,0,2
Zweitstimme,12W422,"12",Reinickendorf,"422",W,4L,4,77,W,1137,848,289,0,461,4,455,5,98,167,44,16,65,29,6,13,0,1,1,0,2,0,0,0,0,1,0,1,0,0,0,2,0,1,0,0,0,0,1,0,1,2,0,4
Zweitstimme,12W423,"12",Reinickendorf,"423",W,4K,4,77,W,1282,944,338,0,471,8,464,7,97,157,64,19,48,22,3,15,1,6,2,2,1,0,0,0,0,0,0,6,1,0,0,10,0,0,0,0,0,2,1,0,0,0,2,5
Zweitstimme,12W424,"12",Reinickendorf,"424",W,4M,4,77,W,1337,915,422,0,390,3,384,6,73,168,27,10,51,19,8,10,1,2,0,1,0,0,0,0,0,0,1,0,1,0,0,7,0,1,1,0,0,1,1,0,0,0,1,0
Zweitstimme,12W425,"12",Reinickendorf,"425",W,4M,4,77,W,980,670,310,0,397,2,392,5,74,168,37,21,45,9,3,16,0,1,0,0,1,0,0,0,0,0,1,6,1,0,0,2,0,1,0,1,0,1,0,0,1,1,1,1
Zweitstimme,12W426,"12",Reinickendorf,"426",W,4L,4,77,W,919,686,233,0,295,2,295,0,58,125,22,19,31,10,5,10,1,0,0,1,0,0,0,0,0,0,0,0,0,0,0,6,0,0,0,0,0,1,0,0,0,0,3,3
Zweitstimme,12W427,"12",Reinickendorf,"427",W,4N,4,77,W,1183,830,353,0,315,2,308,7,63,113,32,21,40,12,5,6,1,2,0,0,0,0,0,0,0,0,0,5,1,0,0,1,0,0,0,0,0,2,0,0,0,2,1,1
Zweitstimme,12B4A,"12",Reinickendorf,4A,B,4A,4,77,W,0,0,0,0,889,889,884,5,174,375,186,16,35,53,5,16,3,4,0,0,0,0,0,0,0,0,1,2,0,0,0,4,0,0,1,0,0,2,1,0,1,2,1,2
Zweitstimme,12B4B,"12",Reinickendorf,4B,B,4B,4,77,W,0,0,0,0,669,669,666,3,139,317,76,16,35,26,10,20,0,3,1,3,0,0,0,0,0,0,1,6,0,0,0,2,0,0,0,1,0,2,0,0,1,0,4,3
Zweitstimme,12B4C,"12",Reinickendorf,4C,B,4C,4,77,W,0,0,0,0,397,397,395,2,91,138,21,24,53,23,3,12,2,4,1,3,1,0,0,0,0,0,3,1,0,0,0,7,0,0,1,0,0,2,0,0,2,0,2,1
Zweitstimme,12B4D,"12",Reinickendorf,4D,B,4D,4,77,W,0,0,0,0,733,733,729,4,143,296,108,36,37,42,5,28,0,1,1,4,0,2,0,0,0,0,0,1,0,0,0,8,0,0,0,0,0,6,1,0,2,0,3,5
Zweitstimme,12B4E,"12",Reinickendorf,4E,B,4E,4,77,W,0,0,0,0,993,993,989,4,187,472,109,45,56,40,8,21,6,5,1,4,0,0,0,0,0,0,1,2,2,0,0,7,0,1,0,1,0,4,2,0,3,4,2,6
Zweitstimme,12B4F,"12",Reinickendorf,4F,B,4F,4,77,W,0,0,0,0,824,824,820,3,165,346,123,36,46,45,7,15,2,2,1,1,0,1,0,0,0,0,2,1,2,0,0,3,0,0,2,0,0,6,0,0,2,5,3,4
Zweitstimme,12B4G,"12",Reinickendorf,4G,B,4G,4,77,W,0,0,0,0,645,645,637,5,131,312,46,23,37,40,2,22,0,4,0,0,0,0,0,0,0,0,1,0,0,0,0,5,0,0,1,0,0,3,0,0,0,0,5,5
Zweitstimme,12B4H,"12",Reinickendorf,4H,B,4H,4,77,W,0,0,0,0,766,766,760,5,157,298,103,29,74,33,6,21,4,6,0,2,0,0,0,0,0,0,0,9,0,0,0,5,0,0,0,0,0,1,1,0,3,1,1,6
Zweitstimme,12B4I,"12",Reinickendorf,4I,B,4I,4,77,W,0,0,0,0,632,632,628,4,142,228,62,25,68,40,6,19,3,4,3,1,0,0,0,0,0,0,2,0,0,0,0,12,0,1,1,1,0,1,0,0,5,0,3,1
Zweitstimme,12B4J,"12",Reinickendorf,4J,B,4J,4,77,W,0,0,0,0,552,552,543,7,152,233,57,13,28,24,6,7,1,3,0,1,0,0,0,0,0,0,0,3,0,0,0,5,0,0,0,0,0,4,1,0,0,0,0,5
Zweitstimme,12B4K,"12",Reinickendorf,4K,B,4K,4,77,W,0,0,0,0,576,576,573,3,110,233,84,11,53,33,6,15,0,2,0,3,1,0,0,0,0,0,0,8,0,0,0,4,0,0,0,2,0,1,0,0,2,1,2,2
Zweitstimme,12B4L,"12",Reinickendorf,4L,B,4L,4,77,W,0,0,0,0,466,466,464,2,79,220,71,13,35,22,4,6,1,3,0,1,0,0,0,0,0,0,0,3,1,0,0,1,0,0,0,0,0,1,0,0,2,0,1,0
Zweitstimme,12B4M,"12",Reinickendorf,4M,B,4M,4,77,W,0,0,0,0,666,666,655,9,154,279,68,8,61,23,7,20,4,2,0,4,0,2,0,1,0,0,1,4,0,0,0,9,0,0,2,0,0,1,1,0,0,1,2,1
Zweitstimme,12B4N,"12",Reinickendorf,4N,B,4N,4,77,W,0,0,0,0,653,653,652,1,157,184,108,36,61,37,8,23,1,4,1,1,0,0,0,1,0,0,0,3,0,0,0,5,0,0,2,0,0,3,0,0,5,1,2,9
Zweitstimme,12W501,"12",Reinickendorf,"501",W,5A,5,77,W,1179,741,438,0,510,7,507,2,111,188,79,25,53,21,4,8,0,0,0,0,0,0,1,0,0,0,0,9,1,0,0,1,0,0,0,0,0,1,1,0,0,0,1,3
Zweitstimme,12W502,"12",Reinickendorf,"502",W,5B,5,77,W,1216,705,511,0,432,1,430,2,80,182,44,14,66,19,3,8,5,2,0,1,0,0,0,0,0,0,0,0,1,0,0,0,0,0,0,0,0,0,0,0,1,1,3,0
Zweitstimme,12W503,"12",Reinickendorf,"503",W,5A,5,77,W,1325,749,576,0,465,9,460,5,92,181,60,13,55,22,5,12,1,1,0,0,0,0,0,0,0,0,0,2,0,0,0,5,0,1,1,0,0,0,3,0,1,1,1,3
Zweitstimme,12W504,"12",Reinickendorf,"504",W,5E,5,77,W,1231,977,254,0,331,1,322,9,64,112,15,18,64,20,4,3,3,1,0,2,0,0,0,0,0,0,0,5,2,0,0,4,0,0,0,0,0,0,0,0,1,0,2,2
Zweitstimme,12W505,"12",Reinickendorf,"505",W,5C,5,77,W,859,571,288,0,291,0,287,4,67,129,9,3,51,4,3,11,1,2,0,3,0,0,0,0,0,0,0,0,0,0,0,1,0,1,0,0,0,0,0,0,1,0,1,0
Zweitstimme,12W506,"12",Reinickendorf,"506",W,5C,5,77,W,849,657,192,0,305,0,298,5,71,116,12,12,50,17,0,7,0,1,2,0,0,1,0,0,0,0,0,3,0,0,0,3,0,0,0,0,0,1,0,0,0,0,0,2
Zweitstimme,12W507,"12",Reinickendorf,"507",W,5C,5,77,W,786,647,139,0,226,2,220,4,43,80,6,8,41,5,0,20,1,1,1,2,0,0,0,0,0,0,0,2,0,0,0,3,0,0,0,0,0,1,0,0,3,0,2,1
Zweitstimme,12W508,"12",Reinickendorf,"508",W,5D,5,77,W,606,517,89,0,181,1,179,2,35,55,15,9,37,4,2,8,1,2,1,3,0,0,0,0,0,0,1,0,0,0,0,3,0,0,0,0,0,0,0,0,0,0,2,1
Zweitstimme,12W509,"12",Reinickendorf,"509",W,5B,5,77,W,948,790,158,0,259,0,259,0,53,94,9,18,62,1,0,9,2,1,0,0,0,0,0,0,0,0,0,0,0,0,0,3,0,0,0,0,0,0,0,0,4,0,1,2
Zweitstimme,12W510,"12",Reinickendorf,"510",W,5F,5,77,W,724,605,119,0,181,1,177,4,33,63,6,6,44,11,1,4,1,2,0,0,0,1,0,0,0,0,0,1,0,0,0,3,0,0,1,0,0,0,0,0,0,0,0,0
Zweitstimme,12W511,"12",Reinickendorf,"511",W,5D,5,77,W,1285,1060,225,0,280,0,276,4,75,68,17,20,59,10,1,9,1,3,0,0,0,1,0,0,0,0,1,3,0,0,0,1,0,0,1,0,0,1,0,0,1,0,3,1
Zweitstimme,12W512,"12",Reinickendorf,"512",W,5E,5,77,W,972,800,172,0,326,2,323,3,71,115,30,14,56,7,4,10,0,4,1,2,0,0,1,0,0,0,0,2,0,0,0,2,0,0,1,0,0,0,0,0,0,1,2,0
Zweitstimme,12W513,"12",Reinickendorf,"513",W,5J,5,77,W,1171,965,206,0,265,0,261,3,61,100,9,10,45,10,1,12,0,2,1,0,0,0,0,1,0,0,0,0,1,0,0,4,0,0,0,0,0,0,0,0,0,1,2,1
Zweitstimme,12W514,"12",Reinickendorf,"514",W,5J,5,77,W,1206,1000,206,0,258,4,248,10,68,81,17,8,42,4,4,4,3,1,0,1,0,0,0,0,0,0,0,2,0,0,0,3,0,0,0,0,0,2,0,0,0,1,7,0
Zweitstimme,12W515,"12",Reinickendorf,"515",W,5D,5,77,W,800,671,129,0,232,2,227,4,58,77,12,11,47,6,2,5,0,2,0,2,0,0,0,0,0,0,0,1,0,0,0,2,0,0,0,0,0,0,0,0,0,0,2,0
Zweitstimme,12W516,"12",Reinickendorf,"516",W,5F,5,77,W,1215,1027,188,0,337,0,330,7,76,103,15,20,73,11,3,9,1,1,0,0,0,0,0,0,0,0,1,0,0,0,0,5,0,0,0,0,0,0,1,0,4,0,6,1
Zweitstimme,12W517,"12",Reinickendorf,"517",W,5I,5,77,W,914,757,157,0,234,0,231,3,46,92,10,9,38,5,6,10,1,0,1,1,0,0,0,0,0,0,0,0,1,0,0,0,0,0,1,0,0,0,0,0,1,0,8,1
Zweitstimme,12W518,"12",Reinickendorf,"518",W,5I,5,77,W,1132,825,307,0,377,2,372,5,88,146,22,12,55,22,2,7,1,2,0,1,0,0,0,0,0,0,1,1,0,0,0,3,0,0,0,0,0,0,0,0,2,0,5,2
Zweitstimme,12W519,"12",Reinickendorf,"519",W,5H,5,77,W,1109,828,281,0,320,3,318,2,78,134,10,13,38,18,4,7,0,0,1,2,0,0,0,0,0,0,0,1,0,0,0,1,0,0,2,0,0,0,0,0,0,0,6,3
Zweitstimme,12W520,"12",Reinickendorf,"520",W,5F,5,77,W,988,798,190,0,204,1,197,7,46,66,8,12,37,5,2,5,1,2,0,2,0,0,0,0,0,0,0,1,0,0,0,3,0,0,0,0,0,1,0,0,0,2,3,1
Zweitstimme,12W521,"12",Reinickendorf,"521",W,5I,5,77,W,1008,681,327,0,302,1,302,0,50,131,29,14,36,15,5,3,2,1,1,0,0,1,0,0,0,0,0,0,0,0,0,7,0,0,0,0,0,1,0,0,0,0,3,3
Zweitstimme,12W522,"12",Reinickendorf,"522",W,5H,5,77,W,781,625,156,0,185,0,183,2,47,54,7,12,44,3,2,4,3,1,0,0,0,0,0,0,0,0,0,2,0,0,0,0,0,0,0,1,0,0,0,0,1,1,1,0
Zweitstimme,12W523,"12",Reinickendorf,"523",W,5G,5,77,W,1146,1009,137,0,347,0,341,6,72,132,13,19,62,14,2,7,1,1,0,1,0,0,0,0,0,0,0,2,0,0,0,2,0,0,0,1,0,0,1,0,2,0,5,4
Zweitstimme,12W524,"12",Reinickendorf,"524",W,5G,5,77,W,1109,971,138,0,291,0,285,6,71,110,7,15,56,7,3,6,0,2,1,0,0,0,0,0,0,0,0,0,0,0,0,2,0,0,0,0,0,0,0,0,0,0,4,1
Zweitstimme,12W525,"12",Reinickendorf,"525",W,5H,5,77,W,768,484,284,0,268,2,266,1,44,131,22,11,24,10,3,4,1,2,0,1,0,0,0,0,0,0,0,0,0,0,0,3,0,0,1,1,0,0,0,0,0,4,1,3
Zweitstimme,12W526,"12",Reinickendorf,"526",W,5G,5,77,W,1245,1001,244,0,382,0,370,12,66,139,16,16,75,12,7,13,3,2,2,2,1,0,0,1,0,0,0,1,0,0,0,3,0,0,0,0,0,0,0,0,0,2,7,2
Zweitstimme,12B5A,"12",Reinickendorf,5A,B,5A,5,77,W,0,0,0,0,923,923,914,9,174,436,134,16,70,34,6,17,1,4,0,0,0,0,0,0,0,0,0,5,1,0,0,4,0,0,0,0,0,3,4,0,0,0,1,4
Zweitstimme,12B5B,"12",Reinickendorf,5B,B,5B,5,77,W,0,0,0,0,606,606,603,2,115,261,57,17,84,32,4,15,3,1,1,2,0,0,0,0,0,0,2,1,0,0,0,2,0,0,0,0,0,1,1,0,0,0,1,3
Zweitstimme,12B5C,"12",Reinickendorf,5C,B,5C,5,77,W,0,0,0,0,580,580,577,3,122,297,21,13,62,17,1,15,1,5,2,5,0,0,0,0,0,0,0,3,0,0,0,5,0,0,1,1,0,1,1,0,2,2,0,0
Zweitstimme,12B5D,"12",Reinickendorf,5D,B,5D,5,77,W,0,0,0,0,377,377,374,3,77,166,18,6,58,18,1,10,1,4,1,3,0,0,1,0,0,0,1,0,1,0,0,2,0,0,0,0,0,2,0,0,0,1,2,1
Zweitstimme,12B5E,"12",Reinickendorf,5E,B,5E,5,77,W,0,0,0,0,389,389,387,2,103,166,16,13,43,14,4,12,1,3,0,1,0,0,0,0,0,0,0,1,0,0,0,4,0,0,1,0,0,3,0,0,1,1,0,0
Zweitstimme,12B5F,"12",Reinickendorf,5F,B,5F,5,77,W,0,0,0,0,409,409,406,3,98,168,14,20,54,16,5,12,1,2,1,0,0,0,0,0,0,0,0,1,0,0,0,6,0,1,0,0,0,2,0,0,2,1,0,2
Zweitstimme,12B5G,"12",Reinickendorf,5G,B,5G,5,77,W,0,0,0,0,457,457,452,5,87,228,23,4,48,15,5,18,2,2,1,5,0,0,0,0,0,0,2,2,0,0,0,3,0,0,0,0,0,1,0,0,4,1,1,0
Zweitstimme,12B5H,"12",Reinickendorf,5H,B,5H,5,77,W,0,0,0,0,641,641,639,2,144,298,34,34,61,28,5,10,2,7,1,3,0,0,0,0,0,0,1,1,1,0,0,5,0,1,0,1,0,1,0,0,1,0,0,0
Zweitstimme,12B5I,"12",Reinickendorf,5I,B,5I,5,77,W,0,0,0,0,718,718,714,4,171,332,39,29,50,31,9,20,0,6,0,0,0,0,0,0,0,0,0,0,0,0,0,14,0,0,0,0,0,6,0,0,0,0,4,3
Zweitstimme,12B5J,"12",Reinickendorf,5J,B,5J,5,77,W,0,0,0,0,336,336,331,5,89,125,12,10,36,9,3,16,1,4,2,1,1,0,2,0,0,0,0,2,0,0,0,5,0,0,1,0,0,2,0,0,3,0,7,0
Zweitstimme,12W601,"12",Reinickendorf,"601",W,6A,6,77,W,266,215,51,0,140,4,139,1,21,46,16,19,12,6,2,11,0,0,0,1,0,0,0,0,0,1,0,0,0,0,0,3,0,0,0,0,0,0,0,0,0,0,0,1
Zweitstimme,12W602,"12",Reinickendorf,"602",W,6A,6,77,W,1318,775,543,0,593,10,590,3,116,260,84,22,36,39,2,12,0,2,0,2,1,0,0,0,0,0,0,2,0,0,0,1,0,0,0,0,0,1,3,0,1,0,0,6
Zweitstimme,12W603,"12",Reinickendorf,"603",W,6B,6,77,W,1171,647,524,0,416,11,413,2,70,178,68,10,20,37,3,8,1,1,0,1,0,0,0,2,0,0,3,5,0,0,0,0,0,0,0,0,0,1,0,0,0,0,0,5
Zweitstimme,12W604,"12",Reinickendorf,"604",W,6E,6,77,W,1041,605,436,0,459,5,459,0,94,172,73,21,23,44,7,5,1,0,2,0,0,0,0,0,0,1,2,2,0,0,0,0,0,0,0,0,0,2,3,0,0,0,1,6
Zweitstimme,12W605,"12",Reinickendorf,"605",W,6D,6,77,W,874,500,374,0,372,7,369,0,58,157,58,13,38,28,3,6,1,0,0,0,0,0,1,0,0,0,1,0,0,0,0,2,0,0,0,0,0,3,0,0,0,0,0,0
Zweitstimme,12W606,"12",Reinickendorf,"606",W,6C,6,77,W,1223,730,493,0,547,2,541,5,79,253,97,13,30,41,6,2,0,0,0,1,0,4,0,0,0,0,1,5,0,0,0,0,0,0,0,0,0,0,0,0,0,0,1,8
Zweitstimme,12W607,"12",Reinickendorf,"607",W,6F,6,77,W,989,608,381,0,408,7,404,3,53,176,66,17,48,24,4,9,0,1,0,0,0,0,0,0,0,0,0,1,1,0,0,1,0,0,0,0,0,0,0,0,0,0,1,2
Zweitstimme,12W608,"12",Reinickendorf,"608",W,6G,6,77,W,704,418,286,0,305,6,305,0,72,135,47,8,8,23,0,2,0,1,0,1,0,0,0,1,0,0,1,2,0,0,0,1,0,0,0,0,0,0,0,0,0,1,0,2
Zweitstimme,12W609,"12",Reinickendorf,"609",W,6H,6,77,W,1242,633,609,0,446,7,446,0,77,224,68,13,28,23,3,2,0,1,0,0,0,0,0,0,0,1,0,2,0,0,0,0,0,0,0,0,0,1,0,0,0,0,0,3
Zweitstimme,12W610,"12",Reinickendorf,"610",W,6J,6,77,W,969,539,430,0,398,7,388,2,61,152,71,22,25,32,6,5,2,2,0,0,0,0,0,0,0,0,0,4,1,0,0,0,0,0,0,0,0,0,1,0,0,0,0,4
Zweitstimme,12W611,"12",Reinickendorf,"611",W,6G,6,77,W,807,500,307,0,370,6,365,2,67,146,52,13,31,37,2,6,2,0,0,0,0,0,0,0,0,0,0,1,1,0,0,2,0,0,0,0,0,0,0,0,0,0,1,4
Zweitstimme,12W612,"12",Reinickendorf,"612",W,6I,6,77,W,1224,694,530,0,459,12,455,4,76,192,70,12,35,36,6,9,1,2,0,0,0,1,0,1,0,0,1,0,2,0,0,1,0,0,0,0,0,1,2,0,0,2,1,4
Zweitstimme,12W613,"12",Reinickendorf,"613",W,6J,6,77,W,1079,658,421,0,471,4,469,2,76,196,88,16,40,31,3,10,1,0,0,0,0,0,0,0,0,0,0,3,0,0,0,2,0,0,0,0,0,0,0,0,0,0,0,3
Zweitstimme,12W614,"12",Reinickendorf,"614",W,6K,6,77,W,1212,724,488,0,467,10,463,4,90,161,76,23,45,32,8,3,3,3,1,1,0,0,0,1,0,1,0,6,0,0,0,2,0,0,0,1,0,2,0,0,0,0,0,4
Zweitstimme,12W615,"12",Reinickendorf,"615",W,6L,6,77,W,1295,797,498,0,506,3,502,4,103,221,77,13,41,21,2,7,2,0,0,0,0,0,1,0,0,0,0,5,0,0,0,0,0,0,1,0,0,0,1,0,1,1,0,5
Zweitstimme,12W616,"12",Reinickendorf,"616",W,6M,6,77,W,1213,692,521,0,498,10,495,2,87,209,97,18,41,23,2,6,1,0,0,1,0,0,0,0,0,0,1,7,0,0,0,0,0,0,0,0,0,1,0,0,0,0,0,1
Zweitstimme,12W617,"12",Reinickendorf,"617",W,6N,6,77,W,1198,732,466,0,508,13,498,3,99,185,103,28,22,26,4,18,3,0,0,1,0,0,0,0,0,0,0,2,0,0,0,2,0,0,0,0,0,0,0,0,0,2,1,2
Zweitstimme,12W618,"12",Reinickendorf,"618",W,6P,6,77,W,1263,710,553,0,476,4,470,4,107,180,69,15,30,26,9,11,3,3,0,0,0,0,0,0,0,0,1,3,1,0,0,1,0,0,0,0,0,2,1,0,0,0,2,6
Zweitstimme,12W619,"12",Reinickendorf,"619",W,6Q,6,77,W,1249,811,438,0,596,6,591,5,120,233,100,28,40,38,3,8,0,2,0,0,0,1,0,0,0,1,4,4,0,0,0,2,0,0,0,1,0,3,0,0,0,1,0,2
Zweitstimme,12W620,"12",Reinickendorf,"620",W,6R,6,77,W,964,565,399,0,405,5,401,2,70,165,71,18,41,23,5,4,0,1,0,0,0,0,0,0,0,0,1,1,0,0,0,1,0,0,0,0,0,0,0,0,0,0,0,0
Zweitstimme,12W621,"12",Reinickendorf,"621",W,6S,6,77,W,921,589,332,0,412,6,407,4,91,142,83,20,23,22,4,10,0,0,0,0,0,0,0,0,0,0,1,1,0,0,0,2,0,0,0,0,0,2,0,0,0,1,1,4
Zweitstimme,12W622,"12",Reinickendorf,"622",W,6T,6,77,W,1080,598,482,0,444,9,439,3,78,196,62,10,36,35,1,8,1,1,0,0,0,0,0,0,0,0,0,0,1,0,0,3,0,0,0,0,0,0,0,0,0,0,1,6
Zweitstimme,12W623,"12",Reinickendorf,"623",W,6S,6,77,W,877,513,364,0,404,4,399,5,85,143,75,14,21,40,1,9,1,1,0,0,0,0,0,0,0,1,3,1,0,0,0,0,0,0,0,0,0,0,0,0,0,0,1,3
Zweitstimme,12W624,"12",Reinickendorf,"624",W,6U,6,77,W,1132,792,340,0,544,7,540,2,109,254,62,5,50,29,3,9,0,2,0,0,0,0,0,1,0,1,0,6,0,0,0,5,0,0,1,0,0,0,0,0,1,0,1,1
Zweitstimme,12W625,"12",Reinickendorf,"625",W,6V,6,77,W,1118,658,460,0,424,1,419,5,108,140,37,23,44,32,5,14,2,6,0,0,0,0,0,0,0,0,0,2,0,0,0,1,0,0,0,1,0,0,1,0,0,0,1,2
Zweitstimme,12W626,"12",Reinickendorf,"626",W,6W,6,77,W,1204,670,534,0,448,3,445,1,99,190,59,15,32,26,4,6,0,2,0,0,0,0,0,0,0,1,1,5,0,0,0,1,0,0,0,0,0,0,0,0,0,1,1,2
Zweitstimme,12B6A,"12",Reinickendorf,6A,B,6A,6,77,W,0,0,0,0,520,520,520,0,73,287,79,9,13,37,2,12,0,0,0,1,0,0,0,0,0,1,0,1,3,0,0,0,0,0,0,0,0,1,1,0,0,0,0,0
Zweitstimme,12B6B,"12",Reinickendorf,6B,B,6B,6,77,W,0,0,0,0,472,472,471,1,97,224,59,11,38,15,2,11,1,2,0,0,0,1,0,0,0,0,0,1,1,0,0,2,0,0,0,0,0,2,0,0,0,0,0,4
Zweitstimme,12B6C,"12",Reinickendorf,6C,B,6C,6,77,W,0,0,0,0,475,475,475,0,85,212,78,18,14,43,1,9,0,0,0,0,0,0,0,0,0,0,0,2,0,0,0,1,0,0,0,1,0,4,0,0,0,0,2,5
Zweitstimme,12B6D,"12",Reinickendorf,6D,B,6D,6,77,W,0,0,0,0,346,346,343,2,61,172,49,9,14,18,7,6,1,0,0,0,0,0,0,0,0,0,0,2,0,0,0,0,0,0,0,0,0,0,1,0,0,0,0,3
Zweitstimme,12B6E,"12",Reinickendorf,6E,B,6E,6,77,W,0,0,0,0,402,402,401,1,70,189,62,12,12,33,1,12,1,2,0,0,0,1,0,0,0,0,1,0,0,0,0,1,0,0,0,0,0,3,1,0,0,0,0,0
Zweitstimme,12B6F,"12",Reinickendorf,6F,B,6F,6,77,W,0,0,0,0,350,350,349,1,56,183,31,20,12,31,0,4,3,0,0,0,0,0,0,0,0,0,1,0,0,0,0,1,0,0,1,0,0,1,0,0,0,0,1,4
Zweitstimme,12B6G,"12",Reinickendorf,6G,B,6G,6,77,W,0,0,0,0,548,548,544,4,102,275,73,14,22,37,3,4,0,2,0,0,0,0,0,0,0,0,1,3,0,0,0,1,0,0,1,0,0,1,0,0,0,2,2,1
Zweitstimme,12B6H,"12",Reinickendorf,6H,B,6H,6,77,W,0,0,0,0,578,578,573,5,98,272,99,9,26,39,2,8,3,2,0,0,0,0,0,0,0,2,0,1,0,0,0,1,0,0,0,4,0,0,1,0,0,1,1,4
Zweitstimme,12B6I,"12",Reinickendorf,6I,B,6I,6,77,W,0,0,0,0,464,464,462,2,105,195,51,12,30,41,5,5,1,1,0,1,0,3,0,0,0,0,3,1,0,0,0,0,0,0,1,0,0,0,1,0,0,1,0,5
Zweitstimme,12B6J,"12",Reinickendorf,6J,B,6J,6,77,W,0,0,0,0,777,777,776,1,132,378,98,28,39,71,2,8,1,3,0,0,0,1,0,2,0,0,1,3,0,0,0,0,0,0,0,0,0,4,1,0,0,0,0,4
Zweitstimme,12B6K,"12",Reinickendorf,6K,B,6K,6,77,W,0,0,0,0,442,442,442,0,85,193,68,15,16,34,6,9,0,2,1,2,0,0,0,0,0,0,1,2,0,0,0,1,0,1,1,0,0,0,0,0,0,0,1,4
Zweitstimme,12B6L,"12",Reinickendorf,6L,B,6L,6,77,W,0,0,0,0,463,463,460,3,85,229,60,13,21,23,4,6,3,3,0,0,0,1,0,0,0,0,0,4,0,0,0,1,0,0,0,0,0,3,0,0,1,2,0,1
Zweitstimme,12B6M,"12",Reinickendorf,6M,B,6M,6,77,W,0,0,0,0,481,481,480,1,89,222,76,13,25,38,2,4,1,0,0,1,0,0,0,0,0,0,0,0,0,0,0,2,0,0,0,1,0,4,0,0,0,0,0,2
Zweitstimme,12B6N,"12",Reinickendorf,6N,B,6N,6,77,W,0,0,0,0,425,425,420,4,78,191,69,17,10,31,2,7,0,1,1,1,0,0,0,0,0,0,1,2,0,0,0,2,0,0,1,1,0,0,0,0,0,1,0,4
Zweitstimme,12B6P,"12",Reinickendorf,6P,B,6P,6,77,W,0,0,0,0,508,508,506,2,99,230,86,21,24,16,4,9,2,2,0,0,0,0,0,0,0,0,0,0,0,0,0,2,0,1,0,0,0,2,1,0,0,1,0,6
Zweitstimme,12B6Q,"12",Reinickendorf,6Q,B,6Q,6,77,W,0,0,0,0,392,392,390,2,69,166,79,15,17,25,2,4,0,1,0,2,1,1,0,0,0,1,0,2,1,0,0,1,0,0,0,0,0,0,1,0,1,0,0,1
Zweitstimme,12B6R,"12",Reinickendorf,6R,B,6R,6,77,W,0,0,0,0,388,388,386,2,80,179,51,9,14,31,6,4,0,0,0,1,0,0,0,0,0,0,0,1,1,0,0,1,0,0,1,0,0,3,0,0,1,0,0,3
Zweitstimme,12B6S,"12",Reinickendorf,6S,B,6S,6,77,W,0,0,0,0,634,634,628,6,130,286,94,24,33,37,2,6,0,3,0,1,0,3,0,0,0,0,0,2,0,0,0,3,0,0,0,0,0,3,0,0,0,0,0,1
Zweitstimme,12B6T,"12",Reinickendorf,6T,B,6T,6,77,W,0,0,0,0,426,426,425,1,99,200,43,14,26,20,4,12,1,1,0,1,0,0,0,0,0,0,0,1,0,0,0,1,0,0,0,1,0,0,0,0,0,1,0,0
Zweitstimme,12B6U,"12",Reinickendorf,6U,B,6U,6,77,W,0,0,0,0,301,301,299,2,62,151,40,7,17,10,0,5,0,0,0,2,0,0,0,0,0,1,0,0,0,0,0,1,0,0,1,0,0,1,0,0,0,1,0,0
Zweitstimme,12B6V,"12",Reinickendorf,6V,B,6V,6,77,W,0,0,0,0,427,427,423,4,108,154,65,19,26,19,5,12,0,3,0,1,0,0,0,0,0,0,0,1,1,0,0,4,0,0,0,1,0,1,0,0,1,0,1,1
Zweitstimme,12B6W,"12",Reinickendorf,6W,B,6W,6,77,W,0,0,0,0,501,501,498,2,89,236,68,15,12,47,4,6,2,2,0,0,0,1,3,0,0,1,0,0,0,0,0,3,0,0,1,0,0,1,2,0,1,1,0,3
