<?xml version="1.0" encoding="UTF-8"?>
<osm version="0.6" generator="openstreetmap-cgimap 2.1.0 (3498752 spike-06.openstreetmap.org)" copyright="OpenStreetMap and contributors" attribution="http://www.openstreetmap.org/copyright" license="http://opendatacommons.org/licenses/odbl/1-0/">
 <node id="21385736" visible="true" version="5" changeset="130534392" timestamp="2022-12-26T23:33:07Z" user="Lukas615" uid="675791" lat="52.5095230" lon="13.4749324"/>
 <node id="21385737" visible="true" version="6" changeset="130534392" timestamp="2022-12-26T23:33:07Z" user="Lukas615" uid="675791" lat="52.5102514" lon="13.4754451"/>
 <node id="21385738" visible="true" version="6" changeset="130534392" timestamp="2022-12-26T23:33:07Z" user="Lukas615" uid="675791" lat="52.5110803" lon="13.4756675"/>
 <node id="26124360" visible="true" version="8" changeset="147664294" timestamp="2024-02-19T19:04:32Z" user="Lukas615" uid="675791" lat="52.5372678" lon="13.3536485"/>
 <node id="26124361" visible="true" version="10" changeset="44079349" timestamp="2016-12-01T07:47:13Z" user="bigbug21" uid="15748" lat="52.5362008" lon="13.3442936">
  <tag k="description" v="Geschwindigkeitssignal (Lf7 &quot;8&quot;) in nordöstlicher Richtung"/>
  <tag k="note" v="die Geschwindigkeitssignale beider Richtungen hängen an einem gemeinsamen Mast"/>
  <tag k="railway" v="signal"/>
  <tag k="railway:signal:direction" v="forward"/>
  <tag k="railway:signal:position" v="right"/>
  <tag k="railway:signal:speed_limit" v="DE-ESO:lf7"/>
  <tag k="railway:signal:speed_limit:form" v="sign"/>
  <tag k="railway:signal:speed_limit:height" v="normal"/>
  <tag k="railway:signal:speed_limit:speed" v="80"/>
 </node>
 <node id="26953335" visible="true" version="7" changeset="38275122" timestamp="2016-04-03T20:35:06Z" user="anbr" uid="43566" lat="52.4971197" lon="13.4658027"/>
 <node id="26953336" visible="true" version="10" changeset="130666878" timestamp="2022-12-29T23:56:20Z" user="Lukas615" uid="675791" lat="52.4958463" lon="13.4639469"/>
 <node id="26953338" visible="true" version="9" changeset="38275122" timestamp="2016-04-03T20:35:06Z" user="anbr" uid="43566" lat="52.4953569" lon="13.4632692"/>
 <node id="26953340" visible="true" version="9" changeset="158597161" timestamp="2024-10-31T20:42:12Z" user="Lukas615" uid="675791" lat="52.4947503" lon="13.4624785">
  <tag k="operator" v="DB Netz AG"/>
  <tag k="railway" v="signal"/>
  <tag k="railway:signal:combined" v="DE-ESO:ks"/>
  <tag k="railway:signal:combined:deactivated" v="no"/>
  <tag k="railway:signal:combined:form" v="light"/>
  <tag k="railway:signal:combined:function" v="block"/>
  <tag k="railway:signal:combined:height" v="normal"/>
  <tag k="railway:signal:combined:shortened" v="no"/>
  <tag k="railway:signal:combined:states" v="DE-ESO:hp0;DE-ESO:ks1;DE-ESO:ks2"/>
  <tag k="railway:signal:combined:substitute_signal" v="DE-ESO:db:zs12;DE-ESO:db:zs7"/>
  <tag k="railway:signal:direction" v="forward"/>
  <tag k="railway:signal:position" v="right"/>
  <tag k="railway:signal:speed_limit_distant" v="DE-ESO:zs3v"/>
  <tag k="railway:signal:speed_limit_distant:deactivated" v="no"/>
  <tag k="railway:signal:speed_limit_distant:form" v="light"/>
  <tag k="railway:signal:speed_limit_distant:height" v="normal"/>
  <tag k="railway:signal:speed_limit_distant:speed" v="40;50;off"/>
  <tag k="railway:signal:traversable" v="DE-ESO:mastschild_rot-weiss"/>
  <tag k="railway:signal:traversable:type" v="written_default_speed;dictated_default_speed"/>
  <tag k="ref" v="6081"/>
 </node>
 <node id="26953348" visible="true" version="8" changeset="44925893" timestamp="2017-01-05T14:18:22Z" user="soemisch" uid="2290263" lat="52.4940649" lon="13.4617574"/>
 <node id="26953349" visible="true" version="8" changeset="40930452" timestamp="2016-07-21T19:12:54Z" user="anbr" uid="43566" lat="52.4927000" lon="13.4607203"/>
 <node id="26953359" visible="true" version="6" changeset="146115234" timestamp="2024-01-10T18:50:48Z" user="Lukas615" uid="675791" lat="52.4923409" lon="13.4604832"/>
 <node id="27258803" visible="true" version="6" changeset="19707693" timestamp="2013-12-30T00:59:03Z" user="Elwood" uid="6669" lat="52.5375077" lon="13.3550614"/>
 <node id="27540511" visible="true" version="8" changeset="161673733" timestamp="2025-01-23T13:03:45Z" user="kartograph" uid="17304" lat="52.4706787" lon="13.3859152">
  <tag k="operator" v="DB InfraGO AG"/>
  <tag k="railway" v="signal"/>
  <tag k="railway:signal:direction" v="backward"/>
  <tag k="railway:signal:position" v="left"/>
  <tag k="railway:signal:speed_limit" v="DE-ESO:lf7"/>
  <tag k="railway:signal:speed_limit:deactivated" v="no"/>
  <tag k="railway:signal:speed_limit:form" v="sign"/>
  <tag k="railway:signal:speed_limit:height" v="normal"/>
  <tag k="railway:signal:speed_limit:speed" v="100"/>
 </node>
 <node id="27540514" visible="true" version="21" changeset="172553771" timestamp="2025-09-28T07:19:46Z" user="jengelh" uid="1468043" lat="52.4712316" lon="13.3835184">
  <tag k="description" v="S Tempelhof S41 S45 S46 Bahnsteig"/>
  <tag k="light_rail" v="yes"/>
  <tag k="name" v="Tempelhof"/>
  <tag k="public_transport" v="stop_position"/>
  <tag k="railway" v="stop"/>
  <tag k="ref" v="1"/>
  <tag k="train" v="yes"/>
  <tag k="usage" v="main"/>
 </node>
 <node id="27540521" visible="true" version="8" changeset="146763374" timestamp="2024-01-28T00:50:10Z" user="Lukas615" uid="675791" lat="52.4713536" lon="13.3827725">
  <tag k="operator" v="DB InfraGO AG"/>
  <tag k="railway" v="switch"/>
  <tag k="railway:local_operated" v="no"/>
  <tag k="railway:switch" v="default"/>
  <tag k="railway:switch:electric" v="yes"/>
  <tag k="railway:switch:heated" v="yes"/>
  <tag k="railway:switch:movable_frog" v="no"/>
  <tag k="railway:switch:resetting" v="no"/>
  <tag k="railway:turnout_side" v="left"/>
 </node>
 <node id="28096400" visible="true" version="5" changeset="146763374" timestamp="2024-01-28T00:50:10Z" user="Lukas615" uid="675791" lat="52.4718577" lon="13.3792967"/>
 <node id="28096401" visible="true" version="4" changeset="146763374" timestamp="2024-01-28T00:50:10Z" user="Lukas615" uid="675791" lat="52.4718945" lon="13.3782332"/>
 <node id="28096402" visible="true" version="4" changeset="146763374" timestamp="2024-01-28T00:50:10Z" user="Lukas615" uid="675791" lat="52.4718990" lon="13.3775893"/>
 <node id="28096403" visible="true" version="6" changeset="146763374" timestamp="2024-01-28T00:50:10Z" user="Lukas615" uid="675791" lat="52.4719452" lon="13.3714592"/>
 <node id="28096411" visible="true" version="3" changeset="146763374" timestamp="2024-01-28T00:50:10Z" user="Lukas615" uid="675791" lat="52.4715943" lon="13.3812970"/>
 <node id="28096414" visible="true" version="7" changeset="146763374" timestamp="2024-01-28T00:50:10Z" user="Lukas615" uid="675791" lat="52.4722064" lon="13.3695937"/>
 <node id="28297636" visible="true" version="8" changeset="56397057" timestamp="2018-02-15T21:18:45Z" user="sandrow75" uid="4445038" lat="52.5381807" lon="13.3567792"/>
 <node id="28297637" visible="true" version="7" changeset="33048323" timestamp="2015-08-02T12:48:56Z" user="Nakaner" uid="496201" lat="52.5390353" lon="13.3587209"/>
 <node id="28297639" visible="true" version="7" changeset="8989577" timestamp="2011-08-11T20:40:49Z" user="Shmias" uid="88961" lat="52.5393032" lon="13.3593181"/>
 <node id="28297648" visible="true" version="5" changeset="56397057" timestamp="2018-02-15T21:18:45Z" user="sandrow75" uid="4445038" lat="52.5378175" lon="13.3559529"/>
 <node id="28297649" visible="true" version="8" changeset="147664294" timestamp="2024-02-19T19:04:32Z" user="Lukas615" uid="675791" lat="52.5373494" lon="13.3542958"/>
 <node id="29879244" visible="true" version="5" changeset="146694822" timestamp="2024-01-26T02:55:44Z" user="Lukas615" uid="675791" lat="52.4890852" lon="13.4587301"/>
 <node id="29879247" visible="true" version="7" changeset="140431872" timestamp="2023-08-26T23:09:33Z" user="Lukas615" uid="675791" lat="52.4894406" lon="13.4587385">
  <tag k="operator" v="DB Netz AG"/>
  <tag k="railway" v="signal"/>
  <tag k="railway:signal:direction" v="forward"/>
  <tag k="railway:signal:position" v="right"/>
  <tag k="railway:signal:speed_limit" v="DE-ESO:lf7"/>
  <tag k="railway:signal:speed_limit:deactivated" v="no"/>
  <tag k="railway:signal:speed_limit:form" v="sign"/>
  <tag k="railway:signal:speed_limit:height" v="normal"/>
  <tag k="railway:signal:speed_limit:speed" v="100"/>
 </node>
 <node id="29880684" visible="true" version="7" changeset="40930452" timestamp="2016-07-21T19:12:54Z" user="anbr" uid="43566" lat="52.4904873" lon="13.4591677"/>
 <node id="29880685" visible="true" version="8" changeset="146115234" timestamp="2024-01-10T18:50:48Z" user="Lukas615" uid="675791" lat="52.4909546" lon="13.4595052"/>
 <node id="110088494" visible="true" version="7" changeset="52759538" timestamp="2017-10-09T13:09:01Z" user="30303020" uid="6747298" lat="52.5001944" lon="13.2845556">
  <tag k="railway" v="milestone"/>
  <tag k="railway:milestone:catenary_mast" v="no"/>
  <tag k="railway:milestone:emergency_brake_override" v="no"/>
  <tag k="railway:position" v="30.3"/>
 </node>
 <node id="110088498" visible="true" version="5" changeset="41557728" timestamp="2016-08-19T14:46:53Z" user="ekutscharski" uid="4258249" lat="52.5004566" lon="13.2843192"/>
 <node id="110088501" visible="true" version="2" changeset="5748972" timestamp="2010-09-11T11:27:37Z" user="Elwood" uid="6669" lat="52.5010284" lon="13.2838290"/>
 <node id="110088505" visible="true" version="12" changeset="147711743" timestamp="2024-02-20T23:18:53Z" user="Lukas615" uid="675791" lat="52.5015863" lon="13.2833767">
  <tag k="operator" v="DB Netz AG"/>
  <tag k="railway" v="signal"/>
  <tag k="railway:signal:combined" v="DE-ESO:ks"/>
  <tag k="railway:signal:combined:deactivated" v="no"/>
  <tag k="railway:signal:combined:form" v="light"/>
  <tag k="railway:signal:combined:function" v="block"/>
  <tag k="railway:signal:combined:height" v="normal"/>
  <tag k="railway:signal:combined:shortened" v="no"/>
  <tag k="railway:signal:combined:states" v="DE-ESO:hp0;DE-ESO:ks1;DE-ESO:ks2"/>
  <tag k="railway:signal:combined:substitute_signal" v="DE-ESO:dr:zs1"/>
  <tag k="railway:signal:departure" v="DE-ESO:zp"/>
  <tag k="railway:signal:departure:deactivated" v="no"/>
  <tag k="railway:signal:departure:form" v="light"/>
  <tag k="railway:signal:departure:states" v="DE-ESO:zp9;DE-ESO:zp10"/>
  <tag k="railway:signal:direction" v="forward"/>
  <tag k="railway:signal:position" v="left"/>
  <tag k="railway:signal:speed_limit_distant" v="DE-ESO:zs3v"/>
  <tag k="railway:signal:speed_limit_distant:deactivated" v="no"/>
  <tag k="railway:signal:speed_limit_distant:form" v="light"/>
  <tag k="railway:signal:speed_limit_distant:height" v="normal"/>
  <tag k="railway:signal:speed_limit_distant:speed" v="50;off"/>
  <tag k="railway:signal:traversable" v="DE-ESO:mastschild_schwarz-weiss"/>
  <tag k="railway:signal:traversable:type" v="always_on_sight"/>
  <tag k="ref" v="873"/>
 </node>
 <node id="110088536" visible="true" version="4" changeset="34363706" timestamp="2015-10-01T09:43:26Z" user="tklug" uid="2415107" lat="52.4998659" lon="13.2849251"/>
 <node id="110088541" visible="true" version="5" changeset="149071729" timestamp="2024-03-24T00:25:19Z" user="Lukas615" uid="675791" lat="52.4994249" lon="13.2856103">
  <tag k="operator" v="DB InfraGO AG"/>
  <tag k="railway" v="milestone"/>
  <tag k="railway:milestone:catenary_mast" v="no"/>
  <tag k="railway:milestone:emergency_brake_override" v="no"/>
  <tag k="railway:position" v="30.2"/>
 </node>
 <node id="110088545" visible="true" version="4" changeset="4081956" timestamp="2010-03-09T15:59:26Z" user="wetterfrosch" uid="44274" lat="52.4989827" lon="13.2863799"/>
 <node id="110088550" visible="true" version="4" changeset="149071729" timestamp="2024-03-24T00:25:19Z" user="Lukas615" uid="675791" lat="52.4986833" lon="13.2868751"/>
 <node id="110088555" visible="true" version="12" changeset="149071729" timestamp="2024-03-24T00:25:19Z" user="Lukas615" uid="675791" lat="52.4967316" lon="13.2896563">
  <tag k="operator" v="DB Netz AG"/>
  <tag k="railway" v="switch"/>
  <tag k="railway:local_operated" v="no"/>
  <tag k="railway:switch" v="default"/>
  <tag k="railway:switch:electric" v="yes"/>
  <tag k="railway:switch:heated" v="yes"/>
  <tag k="railway:switch:movable_frog" v="no"/>
  <tag k="railway:switch:resetting" v="no"/>
  <tag k="railway:turnout_side" v="right"/>
  <tag k="ref" v="715"/>
 </node>
 <node id="110088558" visible="true" version="9" changeset="149071729" timestamp="2024-03-24T00:25:19Z" user="Lukas615" uid="675791" lat="52.4966798" lon="13.2897301"/>
 <node id="110088579" visible="true" version="3" changeset="7183970" timestamp="2011-02-04T14:53:32Z" user="Elwood" uid="6669" lat="52.5019804" lon="13.2830762"/>
 <node id="110088583" visible="true" version="5" changeset="34363706" timestamp="2015-10-01T09:43:26Z" user="tklug" uid="2415107" lat="52.5023865" lon="13.2828265"/>
 <node id="110088589" visible="true" version="5" changeset="147412996" timestamp="2024-02-13T15:04:39Z" user="Lukas615" uid="675791" lat="52.5028699" lon="13.2826067"/>
 <node id="110088592" visible="true" version="4" changeset="14849643" timestamp="2013-01-30T16:31:54Z" user="Elwood" uid="6669" lat="52.5030875" lon="13.2825286"/>
 <node id="110088597" visible="true" version="5" changeset="44891413" timestamp="2017-01-04T07:35:20Z" user="soemisch" uid="2290263" lat="52.5041469" lon="13.2823901"/>
 <node id="110088601" visible="true" version="5" changeset="150660431" timestamp="2024-04-29T12:11:29Z" user="Lukas615" uid="675791" lat="52.5051668" lon="13.2825134">
  <tag k="operator" v="DB InfraGO AG"/>
  <tag k="railway" v="signal"/>
  <tag k="railway:signal:direction" v="backward"/>
  <tag k="railway:signal:position" v="left"/>
  <tag k="railway:signal:speed_limit_distant" v="DE-ESO:lf6"/>
  <tag k="railway:signal:speed_limit_distant:deactivated" v="no"/>
  <tag k="railway:signal:speed_limit_distant:form" v="sign"/>
  <tag k="railway:signal:speed_limit_distant:height" v="normal"/>
  <tag k="railway:signal:speed_limit_distant:speed" v="70"/>
 </node>
 <node id="110088603" visible="true" version="6" changeset="150660431" timestamp="2024-04-29T12:11:29Z" user="Lukas615" uid="675791" lat="52.5060802" lon="13.2827369">
  <tag k="operator" v="DB InfraGO AG"/>
  <tag k="railway" v="milestone"/>
  <tag k="railway:milestone:catenary_mast" v="no"/>
  <tag k="railway:milestone:emergency_brake_override" v="no"/>
  <tag k="railway:position" v="31.0"/>
 </node>
 <node id="110124642" visible="true" version="6" changeset="133899117" timestamp="2023-03-20T13:19:22Z" user="robsteinde" uid="10027026" lat="52.4944217" lon="13.2928458">
  <tag k="railway" v="signal"/>
  <tag k="railway:signal:direction" v="backward"/>
  <tag k="railway:signal:position" v="right"/>
  <tag k="railway:signal:speed_limit" v="DE-ESO:lf7"/>
  <tag k="railway:signal:speed_limit:form" v="sign"/>
  <tag k="railway:signal:speed_limit:height" v="normal"/>
  <tag k="railway:signal:speed_limit:speed" v="60"/>
 </node>
 <node id="110124645" visible="true" version="9" changeset="149071729" timestamp="2024-03-24T00:25:19Z" user="Lukas615" uid="675791" lat="52.4953380" lon="13.2915836">
  <tag k="operator" v="DB InfraGO AG"/>
  <tag k="railway" v="switch"/>
  <tag k="railway:local_operated" v="no"/>
  <tag k="railway:switch" v="default"/>
  <tag k="railway:switch:electric" v="yes"/>
  <tag k="railway:switch:heated" v="yes"/>
  <tag k="railway:switch:movable_frog" v="no"/>
  <tag k="railway:switch:resetting" v="no"/>
  <tag k="railway:turnout_side" v="right"/>
 </node>
 <node id="110455189" visible="true" version="6" changeset="149071729" timestamp="2024-03-24T00:25:19Z" user="Lukas615" uid="675791" lat="52.4935993" lon="13.2940071"/>
 <node id="110455193" visible="true" version="5" changeset="146926280" timestamp="2024-02-01T00:50:11Z" user="Lukas615" uid="675791" lat="52.4933766" lon="13.2942854"/>
 <node id="110455196" visible="true" version="5" changeset="146926280" timestamp="2024-02-01T00:50:11Z" user="Lukas615" uid="675791" lat="52.4927350" lon="13.2949399"/>
 <node id="110455200" visible="true" version="5" changeset="146926280" timestamp="2024-02-01T00:50:11Z" user="Lukas615" uid="675791" lat="52.4922536" lon="13.2954020"/>
 <node id="110461572" visible="true" version="6" changeset="149071729" timestamp="2024-03-24T00:25:19Z" user="Lukas615" uid="675791" lat="52.4919413" lon="13.2957494">
  <tag k="operator" v="DB InfraGO AG"/>
  <tag k="railway" v="signal"/>
  <tag k="railway:signal:direction" v="backward"/>
  <tag k="railway:signal:position" v="left"/>
  <tag k="railway:signal:speed_limit_distant" v="DE-ESO:lf6"/>
  <tag k="railway:signal:speed_limit_distant:deactivated" v="no"/>
  <tag k="railway:signal:speed_limit_distant:form" v="sign"/>
  <tag k="railway:signal:speed_limit_distant:height" v="normal"/>
  <tag k="railway:signal:speed_limit_distant:speed" v="70"/>
 </node>
 <node id="110477735" visible="true" version="6" changeset="149071729" timestamp="2024-03-24T00:25:19Z" user="Lukas615" uid="675791" lat="52.4947821" lon="13.2923357">
  <tag k="operator" v="DB InfraGO AG"/>
  <tag k="railway" v="switch"/>
  <tag k="railway:local_operated" v="no"/>
  <tag k="railway:switch" v="default"/>
  <tag k="railway:switch:electric" v="yes"/>
  <tag k="railway:switch:heated" v="yes"/>
  <tag k="railway:switch:movable_frog" v="no"/>
  <tag k="railway:switch:resetting" v="no"/>
  <tag k="railway:turnout_side" v="right"/>
 </node>
 <node id="128376752" visible="true" version="10" changeset="150660431" timestamp="2024-04-29T12:11:29Z" user="Lukas615" uid="675791" lat="52.5069507" lon="13.2830978">
  <tag k="note" v="Mastschild Gelbes Dreieck statt Ne 2"/>
  <tag k="operator" v="DB InfraGO AG"/>
  <tag k="railway" v="signal"/>
  <tag k="railway:signal:direction" v="backward"/>
  <tag k="railway:signal:distant" v="DE-ESO:ks"/>
  <tag k="railway:signal:distant:deactivated" v="no"/>
  <tag k="railway:signal:distant:form" v="light"/>
  <tag k="railway:signal:distant:height" v="normal"/>
  <tag k="railway:signal:distant:repeated" v="no"/>
  <tag k="railway:signal:distant:shortened" v="no"/>
  <tag k="railway:signal:distant:states" v="DE-ESO:ks1;DE-ESO:ks2"/>
  <tag k="railway:signal:position" v="left"/>
  <tag k="ref" v="V872"/>
 </node>
 <node id="128376761" visible="true" version="3" changeset="34381613" timestamp="2015-10-02T04:46:53Z" user="tklug" uid="2415107" lat="52.5088665" lon="13.2844462"/>
 <node id="128376762" visible="true" version="6" changeset="147412996" timestamp="2024-02-13T15:04:39Z" user="Lukas615" uid="675791" lat="52.5095029" lon="13.2849031"/>
 <node id="128376767" visible="true" version="6" changeset="147412996" timestamp="2024-02-13T15:04:39Z" user="Lukas615" uid="675791" lat="52.5105599" lon="13.2855993"/>
 <node id="128376772" visible="true" version="6" changeset="34381613" timestamp="2015-10-02T04:46:53Z" user="tklug" uid="2415107" lat="52.5114229" lon="13.2859868"/>
 <node id="128376783" visible="true" version="6" changeset="150660431" timestamp="2024-04-29T12:11:29Z" user="Lukas615" uid="675791" lat="52.5083693" lon="13.2840839">
  <tag k="operator" v="DB InfraGO AG"/>
  <tag k="railway" v="signal"/>
  <tag k="railway:signal:combined" v="DE-ESO:ks"/>
  <tag k="railway:signal:combined:deactivated" v="no"/>
  <tag k="railway:signal:combined:form" v="light"/>
  <tag k="railway:signal:combined:function" v="block"/>
  <tag k="railway:signal:combined:height" v="normal"/>
  <tag k="railway:signal:combined:shortened" v="no"/>
  <tag k="railway:signal:combined:states" v="DE-ESO:hp0;DE-ESO:ks1;DE-ESO:ks2"/>
  <tag k="railway:signal:combined:substitute_signal" v="DE-ESO:dr:zs1"/>
  <tag k="railway:signal:direction" v="forward"/>
  <tag k="railway:signal:position" v="left"/>
  <tag k="railway:signal:speed_limit_distant" v="DE-ESO:zs3v"/>
  <tag k="railway:signal:speed_limit_distant:deactivated" v="no"/>
  <tag k="railway:signal:speed_limit_distant:form" v="light"/>
  <tag k="railway:signal:speed_limit_distant:height" v="normal"/>
  <tag k="railway:signal:speed_limit_distant:speed" v="60;off"/>
  <tag k="railway:signal:traversable" v="DE-ESO:mastschild_schwarz-weiss"/>
  <tag k="railway:signal:traversable:type" v="always_on_sight"/>
  <tag k="ref" v="881"/>
 </node>
 <node id="128376793" visible="true" version="6" changeset="150660431" timestamp="2024-04-29T12:11:29Z" user="Lukas615" uid="675791" lat="52.5072165" lon="13.2832594">
  <tag k="operator" v="DB InfraGO AG"/>
  <tag k="railway" v="signal"/>
  <tag k="railway:signal:direction" v="backward"/>
  <tag k="railway:signal:position" v="right"/>
  <tag k="railway:signal:stop" v="DE-ESO:ne5"/>
  <tag k="railway:signal:stop:caption" v="24x"/>
  <tag k="railway:signal:stop:deactivated" v="no"/>
  <tag k="railway:signal:stop:form" v="sign"/>
  <tag k="railway:signal:stop:height" v="dwarf"/>
 </node>
 <node id="128376802" visible="true" version="3" changeset="150660431" timestamp="2024-04-29T12:11:29Z" user="Lukas615" uid="675791" lat="52.5062911" lon="13.2828060"/>
 <node id="128376811" visible="true" version="4" changeset="147412996" timestamp="2024-02-13T15:04:39Z" user="Lukas615" uid="675791" lat="52.5058091" lon="13.2826610"/>
 <node id="151024488" visible="true" version="6" changeset="46909477" timestamp="2017-03-16T20:20:05Z" user="deserttunes" uid="3438665" lat="52.5257892" lon="13.2826604"/>
 <node id="151024489" visible="true" version="6" changeset="46909477" timestamp="2017-03-16T20:20:05Z" user="deserttunes" uid="3438665" lat="52.5261351" lon="13.2827219"/>
 <node id="151024490" visible="true" version="6" changeset="149034688" timestamp="2024-03-22T23:59:36Z" user="Lukas615" uid="675791" lat="52.5262809" lon="13.2827594"/>
 <node id="151024492" visible="true" version="5" changeset="149034688" timestamp="2024-03-22T23:59:36Z" user="Lukas615" uid="675791" lat="52.5266433" lon="13.2829085"/>
 <node id="151024493" visible="true" version="4" changeset="2801672" timestamp="2009-10-10T10:40:29Z" user="Elwood" uid="6669" lat="52.5268814" lon="13.2830522"/>
 <node id="151024495" visible="true" version="4" changeset="46909477" timestamp="2017-03-16T20:20:05Z" user="deserttunes" uid="3438665" lat="52.5271845" lon="13.2832752"/>
 <node id="151024497" visible="true" version="4" changeset="46909477" timestamp="2017-03-16T20:20:05Z" user="deserttunes" uid="3438665" lat="52.5275557" lon="13.2836318"/>
 <node id="151024499" visible="true" version="3" changeset="46909477" timestamp="2017-03-16T20:20:05Z" user="deserttunes" uid="3438665" lat="52.5277994" lon="13.2839243"/>
 <node id="151024501" visible="true" version="3" changeset="46909477" timestamp="2017-03-16T20:20:05Z" user="deserttunes" uid="3438665" lat="52.5280240" lon="13.2842453"/>
 <node id="151024504" visible="true" version="3" changeset="46909477" timestamp="2017-03-16T20:20:05Z" user="deserttunes" uid="3438665" lat="52.5282124" lon="13.2845652"/>
 <node id="151024506" visible="true" version="3" changeset="46909477" timestamp="2017-03-16T20:20:04Z" user="deserttunes" uid="3438665" lat="52.5283443" lon="13.2848236"/>
 <node id="151024508" visible="true" version="4" changeset="149034688" timestamp="2024-03-22T23:59:36Z" user="Lukas615" uid="675791" lat="52.5285261" lon="13.2852269"/>
 <node id="151024510" visible="true" version="4" changeset="46909477" timestamp="2017-03-16T20:20:04Z" user="deserttunes" uid="3438665" lat="52.5286481" lon="13.2855488"/>
 <node id="151024512" visible="true" version="3" changeset="46909477" timestamp="2017-03-16T20:20:04Z" user="deserttunes" uid="3438665" lat="52.5288239" lon="13.2860717"/>
 <node id="151024515" visible="true" version="4" changeset="46909477" timestamp="2017-03-16T20:20:04Z" user="deserttunes" uid="3438665" lat="52.5290065" lon="13.2867279"/>
 <node id="151024517" visible="true" version="3" changeset="46909477" timestamp="2017-03-16T20:20:04Z" user="deserttunes" uid="3438665" lat="52.5291521" lon="13.2874418"/>
 <node id="151024519" visible="true" version="3" changeset="46909477" timestamp="2017-03-16T20:20:04Z" user="deserttunes" uid="3438665" lat="52.5292174" lon="13.2879669"/>
 <node id="151024521" visible="true" version="3" changeset="46909477" timestamp="2017-03-16T20:20:04Z" user="deserttunes" uid="3438665" lat="52.5292512" lon="13.2884494"/>
 <node id="151024523" visible="true" version="4" changeset="46909477" timestamp="2017-03-16T20:20:04Z" user="deserttunes" uid="3438665" lat="52.5292791" lon="13.2890038"/>
 <node id="151024525" visible="true" version="6" changeset="149034688" timestamp="2024-03-22T23:59:36Z" user="Lukas615" uid="675791" lat="52.5293154" lon="13.2902274">
  <tag k="operator" v="DB InfraGO AG"/>
  <tag k="railway" v="signal"/>
  <tag k="railway:signal:combined" v="DE-ESO:ks"/>
  <tag k="railway:signal:combined:deactivated" v="no"/>
  <tag k="railway:signal:combined:form" v="light"/>
  <tag k="railway:signal:combined:height" v="normal"/>
  <tag k="railway:signal:combined:shortened" v="no"/>
  <tag k="railway:signal:combined:states" v="DE-ESO:hp0;DE-ESO:ks1;DE-ESO:ks2"/>
  <tag k="railway:signal:combined:substitute_signal" v="DE-ESO:dr:zs1"/>
  <tag k="railway:signal:direction" v="forward"/>
  <tag k="railway:signal:position" v="right"/>
  <tag k="railway:signal:speed_limit" v="DE-ESO:zs3"/>
  <tag k="railway:signal:speed_limit:deactivated" v="no"/>
  <tag k="railway:signal:speed_limit_distant" v="DE-ESO:zs3v"/>
  <tag k="railway:signal:speed_limit_distant:deactivated" v="no"/>
  <tag k="railway:signal:speed_limit_distant:form" v="light"/>
  <tag k="railway:signal:speed_limit_distant:height" v="normal"/>
  <tag k="railway:signal:speed_limit_distant:speed" v="?;off"/>
  <tag k="railway:signal:speed_limit:form" v="light"/>
  <tag k="railway:signal:speed_limit:height" v="normal"/>
  <tag k="railway:signal:speed_limit:speed" v="?;off"/>
  <tag k="railway:signal:traversable" v="DE-ESO:mastschild_schwarz-weiss"/>
  <tag k="railway:signal:traversable:type" v="always_on_sight"/>
  <tag k="ref" v="911"/>
 </node>
 <node id="151024527" visible="true" version="3" changeset="46909477" timestamp="2017-03-16T20:20:04Z" user="deserttunes" uid="3438665" lat="52.5293301" lon="13.2906012"/>
 <node id="151024530" visible="true" version="5" changeset="149034688" timestamp="2024-03-22T23:59:36Z" user="Lukas615" uid="675791" lat="52.5294013" lon="13.2919741">
  <tag k="railway" v="milestone"/>
  <tag k="railway:milestone:catenary_mast" v="no"/>
  <tag k="railway:position" v="34.1"/>
 </node>
 <node id="151024532" visible="true" version="8" changeset="100484712" timestamp="2021-03-05T10:46:05Z" user="robsteinde" uid="10027026" lat="52.5294631" lon="13.2927833"/>
 <node id="151024534" visible="true" version="3" changeset="46909477" timestamp="2017-03-16T20:20:04Z" user="deserttunes" uid="3438665" lat="52.5293550" lon="13.2911762"/>
 <node id="151024540" visible="true" version="3" changeset="46909477" timestamp="2017-03-16T20:20:04Z" user="deserttunes" uid="3438665" lat="52.5290445" lon="13.2868898"/>
 <node id="151025423" visible="true" version="4" changeset="46909477" timestamp="2017-03-16T20:20:05Z" user="deserttunes" uid="3438665" lat="52.5253055" lon="13.2826686"/>
 <node id="151025424" visible="true" version="5" changeset="46909477" timestamp="2017-03-16T20:20:05Z" user="deserttunes" uid="3438665" lat="52.5250395" lon="13.2827036"/>
 <node id="151025425" visible="true" version="4" changeset="46909477" timestamp="2017-03-16T20:20:05Z" user="deserttunes" uid="3438665" lat="52.5244021" lon="13.2828418"/>
 <node id="151026250" visible="true" version="5" changeset="150660431" timestamp="2024-04-29T12:11:29Z" user="Lukas615" uid="675791" lat="52.5191588" lon="13.2841924"/>
 <node id="151026251" visible="true" version="5" changeset="41534795" timestamp="2016-08-18T14:06:46Z" user="ekutscharski" uid="4258249" lat="52.5181815" lon="13.2844953"/>
 <node id="151026252" visible="true" version="8" changeset="150660431" timestamp="2024-04-29T12:11:29Z" user="Lukas615" uid="675791" lat="52.5173497" lon="13.2847892">
  <tag k="operator" v="DB InfraGO AG"/>
  <tag k="railway" v="signal"/>
  <tag k="railway:signal:combined" v="DE-ESO:ks"/>
  <tag k="railway:signal:combined:deactivated" v="no"/>
  <tag k="railway:signal:combined:form" v="light"/>
  <tag k="railway:signal:combined:function" v="block"/>
  <tag k="railway:signal:combined:height" v="normal"/>
  <tag k="railway:signal:combined:shortened" v="no"/>
  <tag k="railway:signal:combined:states" v="DE-ESO:hp0;DE-ESO:ks1;DE-ESO:ks2"/>
  <tag k="railway:signal:combined:substitute_signal" v="DE-ESO:db:zs12;DE-ESO:db:zs7"/>
  <tag k="railway:signal:direction" v="backward"/>
  <tag k="railway:signal:minor" v="DE-ESO:sh1"/>
  <tag k="railway:signal:minor:form" v="light"/>
  <tag k="railway:signal:position" v="left"/>
  <tag k="railway:signal:speed_limit" v="DE-ESO:zs3"/>
  <tag k="railway:signal:speed_limit:deactivated" v="no"/>
  <tag k="railway:signal:speed_limit:form" v="light"/>
  <tag k="railway:signal:speed_limit:height" v="normal"/>
  <tag k="railway:signal:speed_limit:speed" v="40;off"/>
  <tag k="railway:signal:traversable" v="DE-ESO:mastschild_rot-weiss"/>
  <tag k="railway:signal:traversable:type" v="written_default_speed;dictated_default_speed"/>
  <tag k="ref" v="896"/>
 </node>
 <node id="151026255" visible="true" version="9" changeset="149034688" timestamp="2024-03-22T23:59:36Z" user="Lukas615" uid="675791" lat="52.5203424" lon="13.2838395">
  <tag k="operator" v="DB Netz AG"/>
  <tag k="railway" v="switch"/>
  <tag k="railway:local_operated" v="no"/>
  <tag k="railway:switch" v="default"/>
  <tag k="railway:switch:electric" v="yes"/>
  <tag k="railway:switch:heated" v="yes"/>
  <tag k="railway:switch:movable_frog" v="no"/>
  <tag k="railway:switch:resetting" v="no"/>
  <tag k="railway:turnout_side" v="right"/>
 </node>
 <node id="151026380" visible="true" version="9" changeset="149034688" timestamp="2024-03-22T23:59:36Z" user="Lukas615" uid="675791" lat="52.5207765" lon="13.2837130">
  <tag k="operator" v="DB Netz AG"/>
  <tag k="railway" v="switch"/>
  <tag k="railway:local_operated" v="no"/>
  <tag k="railway:switch" v="inner_curved"/>
  <tag k="railway:switch:electric" v="yes"/>
  <tag k="railway:switch:heated" v="yes"/>
  <tag k="railway:switch:movable_frog" v="no"/>
  <tag k="railway:switch:resetting" v="no"/>
  <tag k="railway:turnout_side" v="right"/>
 </node>
 <node id="154686598" visible="true" version="5" changeset="150660431" timestamp="2024-04-29T12:11:29Z" user="Lukas615" uid="675791" lat="52.5164002" lon="13.2851278">
  <tag k="operator" v="DB InfraGO AG"/>
  <tag k="railway" v="milestone"/>
  <tag k="railway:milestone:catenary_mast" v="no"/>
  <tag k="railway:milestone:emergency_brake_override" v="no"/>
  <tag k="railway:position" v="32.2"/>
 </node>
 <node id="154686606" visible="true" version="4" changeset="147432009" timestamp="2024-02-14T01:53:33Z" user="Lukas615" uid="675791" lat="52.5156157" lon="13.2854200"/>
 <node id="154686607" visible="true" version="5" changeset="147432009" timestamp="2024-02-14T01:53:33Z" user="Lukas615" uid="675791" lat="52.5148420" lon="13.2857690"/>
 <node id="154686612" visible="true" version="5" changeset="147432009" timestamp="2024-02-14T01:53:33Z" user="Lukas615" uid="675791" lat="52.5142566" lon="13.2860143">
  <tag k="fixme" v="Ein Zusatzanzeiger noch nicht erfasst"/>
  <tag k="operator" v="DB InfraGO AG"/>
  <tag k="railway" v="signal"/>
  <tag k="railway:signal:combined" v="DE-ESO:ks"/>
  <tag k="railway:signal:combined:deactivated" v="no"/>
  <tag k="railway:signal:combined:form" v="light"/>
  <tag k="railway:signal:combined:height" v="normal"/>
  <tag k="railway:signal:combined:shortened" v="no"/>
  <tag k="railway:signal:combined:states" v="DE-ESO:hp0;DE-ESO:ks1;DE-ESO:ks2"/>
  <tag k="railway:signal:combined:substitute_signal" v="DE-ESO:db:zs12;DE-ESO:dr:zs1"/>
  <tag k="railway:signal:direction" v="forward"/>
  <tag k="railway:signal:position" v="right"/>
  <tag k="railway:signal:traversable" v="DE-ESO:mastschild_rot-weiss"/>
  <tag k="railway:signal:traversable:type" v="written_default_speed;dictated_default_speed"/>
  <tag k="ref" v="887"/>
 </node>
 <node id="154686622" visible="true" version="5" changeset="147432009" timestamp="2024-02-14T01:53:33Z" user="Lukas615" uid="675791" lat="52.5134529" lon="13.2862144"/>
 <node id="154686628" visible="true" version="4" changeset="34381613" timestamp="2015-10-02T04:46:53Z" user="tklug" uid="2415107" lat="52.5125851" lon="13.2862437"/>
 <node id="154686632" visible="true" version="4" changeset="34381613" timestamp="2015-10-02T04:46:53Z" user="tklug" uid="2415107" lat="52.5119168" lon="13.2861295"/>
 <node id="154686639" visible="true" version="5" changeset="147432009" timestamp="2024-02-14T01:53:33Z" user="Lukas615" uid="675791" lat="52.5137878" lon="13.2861524"/>
 <node id="154686643" visible="true" version="5" changeset="147432009" timestamp="2024-02-14T01:53:33Z" user="Lukas615" uid="675791" lat="52.5144738" lon="13.2859313"/>
 <node id="154701163" visible="true" version="5" changeset="147432009" timestamp="2024-02-14T01:53:33Z" user="Lukas615" uid="675791" lat="52.5163356" lon="13.2851507">
  <tag k="operator" v="DB Netz AG"/>
  <tag k="railway" v="switch"/>
 </node>
 <node id="244430192" visible="true" version="7" changeset="130441328" timestamp="2022-12-24T00:58:04Z" user="Lukas615" uid="675791" lat="52.4969896" lon="13.4656132"/>
 <node id="255560929" visible="true" version="4" changeset="146926280" timestamp="2024-02-01T00:50:11Z" user="Lukas615" uid="675791" lat="52.4896251" lon="13.2989453"/>
 <node id="255560931" visible="true" version="4" changeset="34530379" timestamp="2015-10-09T13:58:18Z" user="Gavaasuren" uid="2144605" lat="52.4890753" lon="13.2997653"/>
 <node id="255560933" visible="true" version="5" changeset="34530379" timestamp="2015-10-09T13:58:18Z" user="Gavaasuren" uid="2144605" lat="52.4879589" lon="13.3012392"/>
 <node id="255560934" visible="true" version="4" changeset="146926280" timestamp="2024-02-01T00:50:11Z" user="Lukas615" uid="675791" lat="52.4873066" lon="13.3019831"/>
 <node id="255560936" visible="true" version="7" changeset="149071729" timestamp="2024-03-24T00:25:19Z" user="Lukas615" uid="675791" lat="52.4906541" lon="13.2974613">
  <tag k="operator" v="DB InfraGO AG"/>
  <tag k="railway" v="signal"/>
  <tag k="railway:signal:combined" v="DE-ESO:ks"/>
  <tag k="railway:signal:combined:deactivated" v="no"/>
  <tag k="railway:signal:combined:form" v="light"/>
  <tag k="railway:signal:combined:function" v="block"/>
  <tag k="railway:signal:combined:height" v="normal"/>
  <tag k="railway:signal:combined:shortened" v="no"/>
  <tag k="railway:signal:combined:states" v="DE-ESO:hp0;DE-ESO:ks1;DE-ESO:ks2"/>
  <tag k="railway:signal:combined:substitute_signal" v="DE-ESO:dr:zs1"/>
  <tag k="railway:signal:direction" v="forward"/>
  <tag k="railway:signal:position" v="right"/>
  <tag k="railway:signal:speed_limit" v="DE-ESO:zs3"/>
  <tag k="railway:signal:speed_limit:deactivated" v="no"/>
  <tag k="railway:signal:speed_limit_distant" v="DE-ESO:zs3v"/>
  <tag k="railway:signal:speed_limit_distant:deactivated" v="no"/>
  <tag k="railway:signal:speed_limit_distant:form" v="light"/>
  <tag k="railway:signal:speed_limit_distant:height" v="normal"/>
  <tag k="railway:signal:speed_limit_distant:speed" v="60;?;off"/>
  <tag k="railway:signal:speed_limit:form" v="light"/>
  <tag k="railway:signal:speed_limit:height" v="normal"/>
  <tag k="railway:signal:speed_limit:speed" v="60;?;off"/>
  <tag k="railway:signal:traversable" v="DE-ESO:mastschild_schwarz-weiss"/>
  <tag k="railway:signal:traversable:type" v="always_on_sight"/>
  <tag k="ref" v="853"/>
 </node>
 <node id="255560937" visible="true" version="5" changeset="146926280" timestamp="2024-02-01T00:50:11Z" user="Lukas615" uid="675791" lat="52.4842246" lon="13.3061118">
  <tag k="operator" v="DB InfraGO AG"/>
  <tag k="railway" v="milestone"/>
  <tag k="railway:milestone:catenary_mast" v="no"/>
  <tag k="railway:milestone:emergency_brake_override" v="no"/>
  <tag k="railway:position" v="28.0"/>
 </node>
 <node id="256789789" visible="true" version="4" changeset="56397057" timestamp="2018-02-15T21:18:45Z" user="sandrow75" uid="4445038" lat="52.5376300" lon="13.3554526"/>
 <node id="261750266" visible="true" version="7" changeset="146694822" timestamp="2024-01-26T02:55:44Z" user="Lukas615" uid="675791" lat="52.4884505" lon="13.4587957"/>
 <node id="261750267" visible="true" version="4" changeset="38024412" timestamp="2016-03-23T18:09:21Z" user="Elwood" uid="6669" lat="52.4897438" lon="13.4587954"/>
 <node id="261750268" visible="true" version="6" changeset="146638858" timestamp="2024-01-24T17:08:00Z" user="Lukas615" uid="675791" lat="52.4899050" lon="13.4588558">
  <tag k="operator" v="DB InfraGO AG"/>
  <tag k="railway" v="switch"/>
  <tag k="railway:local_operated" v="no"/>
  <tag k="railway:switch" v="inner_curved"/>
  <tag k="railway:switch:electric" v="yes"/>
  <tag k="railway:switch:heated" v="yes"/>
  <tag k="railway:switch:movable_frog" v="no"/>
  <tag k="railway:switch:resetting" v="no"/>
  <tag k="railway:turnout_side" v="right"/>
 </node>
 <node id="261750686" visible="true" version="5" changeset="114340144" timestamp="2021-11-28T23:22:29Z" user="Lukas615" uid="675791" lat="52.4950752" lon="13.4628698"/>
 <node id="261842696" visible="true" version="5" changeset="146694822" timestamp="2024-01-26T02:55:44Z" user="Lukas615" uid="675791" lat="52.4857543" lon="13.4587017"/>
 <node id="261865472" visible="true" version="6" changeset="44925893" timestamp="2017-01-05T14:18:22Z" user="soemisch" uid="2290263" lat="52.4938906" lon="13.4615840"/>
 <node id="261865473" visible="true" version="12" changeset="163597198" timestamp="2025-03-14T06:23:36Z" user="Lukas615" uid="675791" lat="52.4933145" lon="13.4611030">
  <tag k="note" v="Zeigt Ks 2+Zs 3 &quot;4&quot;+Zs 2 &quot;R&quot; -&gt; Ks 2+Zs 2 &quot;R&quot; -&gt; Ks 1+Zs 3v &quot;4&quot;+Zs 2 &quot;R&quot; -&gt; Ks 1+Zs 2 &quot;R&quot; (Hochsignalisierung) für Fahrt ins Regelgleis Richtung Neukölln"/>
  <tag k="note_2" v="Zeigt Ks 2+Zs 3 &quot;5&quot; -&gt; Ks 1+Zs 3 &quot;5&quot;+Zs 3v &quot;5&quot;+Zs 2v &quot;B&quot; -&gt; Ks 1+Zs 3 &quot;5&quot;+Zs 2v &quot;B&quot; (Hochsignalisierung) für Fahrt ins Regelgleis Richtung Baumschulenweg"/>
  <tag k="operator" v="DB Netz AG"/>
  <tag k="railway" v="signal"/>
  <tag k="railway:signal:combined" v="DE-ESO:ks"/>
  <tag k="railway:signal:combined:deactivated" v="no"/>
  <tag k="railway:signal:combined:form" v="light"/>
  <tag k="railway:signal:combined:height" v="normal"/>
  <tag k="railway:signal:combined:shortened" v="no"/>
  <tag k="railway:signal:combined:states" v="DE-ESO:hp0;DE-ESO:ks1;DE-ESO:ks2"/>
  <tag k="railway:signal:combined:substitute_signal" v="DE-ESO:db:zs12;DE-ESO:db:zs7"/>
  <tag k="railway:signal:direction" v="forward"/>
  <tag k="railway:signal:position" v="right"/>
  <tag k="railway:signal:route" v="DE-ESO:zs2"/>
  <tag k="railway:signal:route:deactivated" v="no"/>
  <tag k="railway:signal:route_distant" v="DE-ESO:zs2v"/>
  <tag k="railway:signal:route_distant:deactivated" v="no"/>
  <tag k="railway:signal:route_distant:form" v="light"/>
  <tag k="railway:signal:route_distant:states" v="B:off"/>
  <tag k="railway:signal:route:form" v="light"/>
  <tag k="railway:signal:route:states" v="R;off"/>
  <tag k="railway:signal:speed_limit" v="DE-ESO:zs3"/>
  <tag k="railway:signal:speed_limit:deactivated" v="no"/>
  <tag k="railway:signal:speed_limit_distant" v="DE-ESO:zs3v"/>
  <tag k="railway:signal:speed_limit_distant:deactivated" v="no"/>
  <tag k="railway:signal:speed_limit_distant:form" v="light"/>
  <tag k="railway:signal:speed_limit_distant:height" v="normal"/>
  <tag k="railway:signal:speed_limit_distant:speed" v="40;50;off"/>
  <tag k="railway:signal:speed_limit:form" v="light"/>
  <tag k="railway:signal:speed_limit:height" v="normal"/>
  <tag k="railway:signal:speed_limit:speed" v="40;50;off"/>
  <tag k="railway:signal:traversable" v="DE-ESO:mastschild_rot-weiss"/>
  <tag k="railway:signal:traversable:type" v="written_default_speed;dictated_default_speed"/>
  <tag k="ref" v="6083"/>
  <tag k="source" v="survey"/>
 </node>
 <node id="263125696" visible="true" version="9" changeset="146843282" timestamp="2024-01-30T01:09:23Z" user="Lukas615" uid="675791" lat="52.4781416" lon="13.3430516"/>
 <node id="263125699" visible="true" version="16" changeset="146843282" timestamp="2024-01-30T01:09:23Z" user="Lukas615" uid="675791" lat="52.4781641" lon="13.3404135">
  <tag k="operator" v="DB InfraGO AG"/>
  <tag k="railway" v="signal"/>
  <tag k="railway:signal:direction" v="forward"/>
  <tag k="railway:signal:position" v="right"/>
  <tag k="railway:signal:stop" v="DE-ESO:ne5"/>
  <tag k="railway:signal:stop:deactivated" v="no"/>
  <tag k="railway:signal:stop:form" v="sign"/>
  <tag k="railway:signal:stop:height" v="normal"/>
 </node>
 <node id="263125700" visible="true" version="8" changeset="146843282" timestamp="2024-01-30T01:09:23Z" user="Lukas615" uid="675791" lat="52.4781531" lon="13.3400239">
  <tag k="operator" v="DB InfraGO AG"/>
  <tag k="railway" v="milestone"/>
  <tag k="railway:milestone:catenary_mast" v="no"/>
  <tag k="railway:milestone:emergency_brake_override" v="no"/>
  <tag k="railway:position" v="25.4"/>
 </node>
 <node id="263125702" visible="true" version="6" changeset="55940099" timestamp="2018-01-31T17:27:19Z" user="sandrow75" uid="4445038" lat="52.4780959" lon="13.3382442"/>
 <node id="263125703" visible="true" version="5" changeset="36069534" timestamp="2015-12-20T17:34:37Z" user="anbr" uid="43566" lat="52.4780325" lon="13.3366689"/>
 <node id="263125704" visible="true" version="7" changeset="146843282" timestamp="2024-01-30T01:09:23Z" user="Lukas615" uid="675791" lat="52.4779256" lon="13.3351119">
  <tag k="operator" v="DB InfraGO AG"/>
  <tag k="railway" v="signal"/>
  <tag k="railway:signal:combined" v="DE-ESO:ks"/>
  <tag k="railway:signal:combined:deactivated" v="no"/>
  <tag k="railway:signal:combined:form" v="light"/>
  <tag k="railway:signal:combined:function" v="entry"/>
  <tag k="railway:signal:combined:height" v="normal"/>
  <tag k="railway:signal:combined:shortened" v="no"/>
  <tag k="railway:signal:combined:states" v="DE-ESO:hp0;DE-ESO:ks1;DE-ESO:ks2"/>
  <tag k="railway:signal:combined:substitute_signal" v="DE-ESO:db:zs12;DE-ESO:dr:zs1"/>
  <tag k="railway:signal:direction" v="forward"/>
  <tag k="railway:signal:position" v="right"/>
  <tag k="railway:signal:traversable" v="DE-ESO:mastschild_rot-weiss"/>
  <tag k="railway:signal:traversable:type" v="written_default_speed;dictated_default_speed"/>
  <tag k="ref" v="821"/>
 </node>
 <node id="263125707" visible="true" version="8" changeset="143494176" timestamp="2023-11-01T20:05:19Z" user="kartograph" uid="17304" lat="52.4777719" lon="13.3329450"/>
 <node id="263125708" visible="true" version="8" changeset="143494176" timestamp="2023-11-01T20:05:19Z" user="kartograph" uid="17304" lat="52.4777474" lon="13.3325918"/>
 <node id="263125709" visible="true" version="4" changeset="55940099" timestamp="2018-01-31T17:27:20Z" user="sandrow75" uid="4445038" lat="52.4777215" lon="13.3320475"/>
 <node id="263125711" visible="true" version="6" changeset="146843282" timestamp="2024-01-30T01:09:23Z" user="Lukas615" uid="675791" lat="52.4777085" lon="13.3308441">
  <tag k="operator" v="DB InfraGO AG"/>
  <tag k="railway" v="switch"/>
  <tag k="railway:local_operated" v="no"/>
  <tag k="railway:switch" v="default"/>
  <tag k="railway:switch:electric" v="yes"/>
  <tag k="railway:switch:heated" v="yes"/>
  <tag k="railway:switch:movable_frog" v="no"/>
  <tag k="railway:switch:resetting" v="no"/>
  <tag k="railway:turnout_side" v="right"/>
  <tag k="ref" v="615"/>
 </node>
 <node id="263125714" visible="true" version="7" changeset="45053382" timestamp="2017-01-10T15:20:31Z" user="soemisch" uid="2290263" lat="52.4777012" lon="13.3288442"/>
 <node id="263125715" visible="true" version="8" changeset="146843282" timestamp="2024-01-30T01:09:23Z" user="Lukas615" uid="675791" lat="52.4789367" lon="13.3498832">
  <tag k="operator" v="DB InfraGO AG"/>
  <tag k="railway" v="switch"/>
  <tag k="railway:local_operated" v="no"/>
  <tag k="railway:switch" v="default"/>
  <tag k="railway:switch:electric" v="yes"/>
  <tag k="railway:switch:heated" v="yes"/>
  <tag k="railway:switch:movable_frog" v="no"/>
  <tag k="railway:switch:resetting" v="no"/>
  <tag k="railway:turnout_side" v="left"/>
 </node>
 <node id="263125717" visible="true" version="9" changeset="116504477" timestamp="2022-01-23T15:45:00Z" user="uboot" uid="26299" lat="52.4784088" lon="13.3479916"/>
 <node id="263125718" visible="true" version="8" changeset="116504477" timestamp="2022-01-23T15:45:00Z" user="uboot" uid="26299" lat="52.4783514" lon="13.3477651"/>
 <node id="263125719" visible="true" version="7" changeset="146843282" timestamp="2024-01-30T01:09:23Z" user="Lukas615" uid="675791" lat="52.4782360" lon="13.3472280">
  <tag k="fixme" v="Ein Zusatzanzeiger noch nicht erfasst"/>
  <tag k="operator" v="DB InfraGO AG"/>
  <tag k="railway" v="signal"/>
  <tag k="railway:signal:combined" v="DE-ESO:ks"/>
  <tag k="railway:signal:combined:deactivated" v="no"/>
  <tag k="railway:signal:combined:form" v="light"/>
  <tag k="railway:signal:combined:function" v="block"/>
  <tag k="railway:signal:combined:height" v="normal"/>
  <tag k="railway:signal:combined:shortened" v="no"/>
  <tag k="railway:signal:combined:states" v="DE-ESO:hp0;DE-ESO:ks1;DE-ESO:ks2"/>
  <tag k="railway:signal:combined:substitute_signal" v="DE-ESO:db:zs12;DE-ESO:dr:zs1"/>
  <tag k="railway:signal:direction" v="forward"/>
  <tag k="railway:signal:position" v="right"/>
  <tag k="railway:signal:traversable" v="DE-ESO:mastschild_rot-weiss"/>
  <tag k="railway:signal:traversable:type" v="written_default_speed;dictated_default_speed"/>
  <tag k="ref" v="813"/>
 </node>
 <node id="263125720" visible="true" version="8" changeset="146843282" timestamp="2024-01-30T01:09:23Z" user="Lukas615" uid="675791" lat="52.4781772" lon="13.3468552"/>
 <node id="263125722" visible="true" version="8" changeset="146843282" timestamp="2024-01-30T01:09:23Z" user="Lukas615" uid="675791" lat="52.4781496" lon="13.3466344">
  <tag k="operator" v="DB InfraGO AG"/>
  <tag k="railway" v="signal"/>
  <tag k="railway:signal:direction" v="forward"/>
  <tag k="railway:signal:electricity" v="DE-ESO:el2"/>
  <tag k="railway:signal:electricity:deactivated" v="no"/>
  <tag k="railway:signal:electricity:form" v="sign"/>
  <tag k="railway:signal:electricity:height" v="normal"/>
  <tag k="railway:signal:electricity:type" v="power_on"/>
  <tag k="railway:signal:position" v="right"/>
 </node>
 <node id="263125724" visible="true" version="6" changeset="146843282" timestamp="2024-01-30T01:09:23Z" user="Lukas615" uid="675791" lat="52.4780952" lon="13.3457810"/>
 <node id="263125725" visible="true" version="5" changeset="146843282" timestamp="2024-01-30T01:09:23Z" user="Lukas615" uid="675791" lat="52.4781077" lon="13.3440735"/>
 <node id="263130676" visible="true" version="9" changeset="149098273" timestamp="2024-03-24T16:58:28Z" user="Lukas615" uid="675791" lat="52.4776933" lon="13.3281527"/>
 <node id="263130678" visible="true" version="5" changeset="149098273" timestamp="2024-03-24T16:58:28Z" user="Lukas615" uid="675791" lat="52.4776821" lon="13.3269979"/>
 <node id="263130680" visible="true" version="5" changeset="149098273" timestamp="2024-03-24T16:58:28Z" user="Lukas615" uid="675791" lat="52.4776743" lon="13.3262330"/>
 <node id="263130681" visible="true" version="7" changeset="149098273" timestamp="2024-03-24T16:58:28Z" user="Lukas615" uid="675791" lat="52.4776637" lon="13.3250150">
  <tag k="operator" v="DB InfraGO AG"/>
  <tag k="railway" v="switch"/>
  <tag k="railway:local_operated" v="no"/>
  <tag k="railway:switch" v="outer_curved"/>
  <tag k="railway:switch:electric" v="yes"/>
  <tag k="railway:switch:heated" v="yes"/>
  <tag k="railway:switch:movable_frog" v="no"/>
  <tag k="railway:switch:resetting" v="no"/>
  <tag k="railway:turnout_side" v="right"/>
  <tag k="source" v="Bing"/>
 </node>
 <node id="263130683" visible="true" version="8" changeset="149098273" timestamp="2024-03-24T16:58:28Z" user="Lukas615" uid="675791" lat="52.4776872" lon="13.3205006"/>
 <node id="263130685" visible="true" version="10" changeset="149098273" timestamp="2024-03-24T16:58:28Z" user="Lukas615" uid="675791" lat="52.4776906" lon="13.3200809"/>
 <node id="263130686" visible="true" version="5" changeset="34857781" timestamp="2015-10-25T11:37:14Z" user="Axel Mauruszat" uid="171055" lat="52.4777158" lon="13.3192478"/>
 <node id="263130687" visible="true" version="6" changeset="149098273" timestamp="2024-03-24T16:58:28Z" user="Lukas615" uid="675791" lat="52.4777873" lon="13.3183863">
  <tag k="operator" v="DB InfraGO AG"/>
  <tag k="railway" v="signal"/>
  <tag k="railway:signal:combined" v="DE-ESO:ks"/>
  <tag k="railway:signal:combined:deactivated" v="no"/>
  <tag k="railway:signal:combined:form" v="light"/>
  <tag k="railway:signal:combined:height" v="normal"/>
  <tag k="railway:signal:combined:shortened" v="no"/>
  <tag k="railway:signal:combined:states" v="DE-ESO:hp0;DE-ESO:ks1;DE-ESO:ks2"/>
  <tag k="railway:signal:combined:substitute_signal" v="DE-ESO:dr:zs1"/>
  <tag k="railway:signal:direction" v="forward"/>
  <tag k="railway:signal:position" v="right"/>
  <tag k="railway:signal:speed_limit" v="DE-ESO:zs3"/>
  <tag k="railway:signal:speed_limit:deactivated" v="no"/>
  <tag k="railway:signal:speed_limit:form" v="light"/>
  <tag k="railway:signal:speed_limit:height" v="normal"/>
  <tag k="railway:signal:speed_limit:speed" v="?;off"/>
  <tag k="railway:signal:traversable" v="DE-ESO:mastschild_schwarz-weiss"/>
  <tag k="railway:signal:traversable:type" v="always_on_sight"/>
  <tag k="ref" v="835"/>
 </node>
 <node id="263130690" visible="true" version="4" changeset="34857781" timestamp="2015-10-25T11:37:14Z" user="Axel Mauruszat" uid="171055" lat="52.4779296" lon="13.3174021"/>
 <node id="263130691" visible="true" version="6" changeset="149098273" timestamp="2024-03-24T16:58:28Z" user="Lukas615" uid="675791" lat="52.4780786" lon="13.3166037">
  <tag k="operator" v="DB InfraGO AG"/>
  <tag k="railway" v="milestone"/>
  <tag k="railway:milestone:catenary_mast" v="no"/>
  <tag k="railway:milestone:emergency_brake_override" v="no"/>
  <tag k="railway:position" v="27.0"/>
 </node>
 <node id="263130692" visible="true" version="7" changeset="149098273" timestamp="2024-03-24T16:58:28Z" user="Lukas615" uid="675791" lat="52.4783608" lon="13.3154673"/>
 <node id="263130694" visible="true" version="6" changeset="149098273" timestamp="2024-03-24T16:58:28Z" user="Lukas615" uid="675791" lat="52.4787264" lon="13.3144109"/>
 <node id="263130695" visible="true" version="5" changeset="149098273" timestamp="2024-03-24T16:58:28Z" user="Lukas615" uid="675791" lat="52.4792322" lon="13.3133149">
  <tag k="operator" v="DB InfraGO AG"/>
  <tag k="railway" v="signal"/>
  <tag k="railway:signal:direction" v="backward"/>
  <tag k="railway:signal:electricity" v="DE-ESO:el1"/>
  <tag k="railway:signal:electricity:deactivated" v="no"/>
  <tag k="railway:signal:electricity:form" v="sign"/>
  <tag k="railway:signal:electricity:height" v="normal"/>
  <tag k="railway:signal:electricity:type" v="power_off"/>
  <tag k="railway:signal:position" v="left"/>
 </node>
 <node id="263130700" visible="true" version="6" changeset="149098273" timestamp="2024-03-24T16:58:28Z" user="Lukas615" uid="675791" lat="52.4805593" lon="13.3111811">
  <tag k="operator" v="DB InfraGO AG"/>
  <tag k="railway" v="signal"/>
  <tag k="railway:signal:direction" v="forward"/>
  <tag k="railway:signal:position" v="right"/>
  <tag k="railway:signal:stop" v="DE-ESO:ne5"/>
  <tag k="railway:signal:stop:deactivated" v="no"/>
  <tag k="railway:signal:stop:form" v="sign"/>
  <tag k="railway:signal:stop:height" v="normal"/>
 </node>
 <node id="263130701" visible="true" version="4" changeset="4081956" timestamp="2010-03-09T15:59:22Z" user="wetterfrosch" uid="44274" lat="52.4808735" lon="13.3107305"/>
 <node id="263131370" visible="true" version="4" changeset="149098273" timestamp="2024-03-24T16:58:28Z" user="Lukas615" uid="675791" lat="52.4815432" lon="13.3097697"/>
 <node id="267313695" visible="true" version="5" changeset="147412996" timestamp="2024-02-13T15:04:39Z" user="Lukas615" uid="675791" lat="52.5110415" lon="13.2858340"/>
 <node id="274227344" visible="true" version="8" changeset="146763374" timestamp="2024-01-28T00:50:10Z" user="Lukas615" uid="675791" lat="52.4720911" lon="13.3700797"/>
 <node id="280828221" visible="true" version="4" changeset="2801672" timestamp="2009-10-10T11:21:02Z" user="Elwood" uid="6669" lat="52.5365343" lon="13.3473681"/>
 <node id="280828223" visible="true" version="6" changeset="139365676" timestamp="2023-08-02T21:47:22Z" user="der neue" uid="2070657" lat="52.5368453" lon="13.3495501"/>
 <node id="280828224" visible="true" version="6" changeset="139365676" timestamp="2023-08-02T21:47:22Z" user="der neue" uid="2070657" lat="52.5369920" lon="13.3504783"/>
 <node id="280828490" visible="true" version="6" changeset="147664294" timestamp="2024-02-19T19:04:32Z" user="Lukas615" uid="675791" lat="52.5364112" lon="13.3459379"/>
 <node id="280828491" visible="true" version="6" changeset="147664294" timestamp="2024-02-19T19:04:32Z" user="Lukas615" uid="675791" lat="52.5366481" lon="13.3483838"/>
 <node id="281661083" visible="true" version="12" changeset="146843282" timestamp="2024-01-30T01:09:23Z" user="Lukas615" uid="675791" lat="52.4791368" lon="13.3506097">
  <tag k="description" v="Ks-Mehrabschnittssignal in südwestlicher Richtung"/>
  <tag k="operator" v="DB InfraGO AG"/>
  <tag k="railway" v="signal"/>
  <tag k="railway:signal:combined" v="DE-ESO:ks"/>
  <tag k="railway:signal:combined:deactivated" v="no"/>
  <tag k="railway:signal:combined:form" v="light"/>
  <tag k="railway:signal:combined:function" v="exit"/>
  <tag k="railway:signal:combined:height" v="normal"/>
  <tag k="railway:signal:combined:shortened" v="no"/>
  <tag k="railway:signal:combined:states" v="DE-ESO:hp0;DE-ESO:ks1;DE-ESO:ks2"/>
  <tag k="railway:signal:combined:substitute_signal" v="DE-ESO:db:zs12;DE-ESO:db:zs7;DE-ESO:dr:zs1"/>
  <tag k="railway:signal:departure" v="DE-ESO:zp"/>
  <tag k="railway:signal:departure:form" v="light"/>
  <tag k="railway:signal:departure:states" v="DE-ESO:zp9;DE-ESO:zp10"/>
  <tag k="railway:signal:direction" v="forward"/>
  <tag k="railway:signal:position" v="left"/>
  <tag k="railway:signal:speed_limit" v="DE-ESO:zs3"/>
  <tag k="railway:signal:speed_limit:deactivated" v="no"/>
  <tag k="railway:signal:speed_limit:form" v="light"/>
  <tag k="railway:signal:speed_limit:height" v="normal"/>
  <tag k="railway:signal:speed_limit:speed" v="40;?;off"/>
  <tag k="railway:signal:traversable" v="DE-ESO:mastschild_rot-weiss"/>
  <tag k="railway:signal:traversable:type" v="written_default_speed;dictated_default_speed"/>
  <tag k="ref" v="809"/>
 </node>
 <node id="281661084" visible="true" version="6" changeset="21622182" timestamp="2014-04-11T08:32:33Z" user="osm-sputnik" uid="167417" lat="52.4793040" lon="13.3512793"/>
 <node id="281661085" visible="true" version="6" changeset="21622182" timestamp="2014-04-11T08:32:33Z" user="osm-sputnik" uid="167417" lat="52.4793791" lon="13.3516370"/>
 <node id="281661093" visible="true" version="11" changeset="162697077" timestamp="2025-02-19T11:37:34Z" user="kartograph" uid="17304" lat="52.4796192" lon="13.3528873"/>
 <node id="281661094" visible="true" version="9" changeset="162697077" timestamp="2025-02-19T11:37:34Z" user="kartograph" uid="17304" lat="52.4797098" lon="13.3534472"/>
 <node id="281661095" visible="true" version="7" changeset="162697077" timestamp="2025-02-19T11:37:34Z" user="kartograph" uid="17304" lat="52.4797586" lon="13.3539242"/>
 <node id="281661096" visible="true" version="7" changeset="146800363" timestamp="2024-01-29T01:42:27Z" user="Lukas615" uid="675791" lat="52.4797808" lon="13.3542892">
  <tag k="operator" v="DB InfraGO AG"/>
  <tag k="railway" v="milestone"/>
  <tag k="railway:milestone:catenary_mast" v="no"/>
  <tag k="railway:milestone:emergency_brake_override" v="no"/>
  <tag k="railway:position" v="24.4"/>
 </node>
 <node id="281661097" visible="true" version="7" changeset="162697339" timestamp="2025-02-19T11:44:57Z" user="kartograph" uid="17304" lat="52.4797951" lon="13.3546396"/>
 <node id="281661100" visible="true" version="5" changeset="162697339" timestamp="2025-02-19T11:44:57Z" user="kartograph" uid="17304" lat="52.4798736" lon="13.3569717"/>
 <node id="281661101" visible="true" version="6" changeset="162697339" timestamp="2025-02-19T11:44:57Z" user="kartograph" uid="17304" lat="52.4798479" lon="13.3575349"/>
 <node id="281661102" visible="true" version="7" changeset="162697339" timestamp="2025-02-19T11:44:57Z" user="kartograph" uid="17304" lat="52.4797997" lon="13.3579852"/>
 <node id="281661113" visible="true" version="5" changeset="162697339" timestamp="2025-02-19T11:44:57Z" user="kartograph" uid="17304" lat="52.4796837" lon="13.3586450">
  <tag k="operator" v="DB InfraGO AG"/>
  <tag k="railway" v="signal"/>
  <tag k="railway:signal:combined" v="DE-ESO:ks"/>
  <tag k="railway:signal:combined:deactivated" v="no"/>
  <tag k="railway:signal:combined:form" v="light"/>
  <tag k="railway:signal:combined:function" v="block"/>
  <tag k="railway:signal:combined:height" v="normal"/>
  <tag k="railway:signal:combined:shortened" v="no"/>
  <tag k="railway:signal:combined:states" v="DE-ESO:hp0;DE-ESO:ks1;DE-ESO:ks2"/>
  <tag k="railway:signal:combined:substitute_signal" v="DE-ESO:db:zs12;DE-ESO:db:zs7;DE-ESO:dr:zs1"/>
  <tag k="railway:signal:direction" v="forward"/>
  <tag k="railway:signal:position" v="right"/>
  <tag k="railway:signal:speed_limit_distant" v="DE-ESO:zs3v"/>
  <tag k="railway:signal:speed_limit_distant:deactivated" v="no"/>
  <tag k="railway:signal:speed_limit_distant:form" v="light"/>
  <tag k="railway:signal:speed_limit_distant:height" v="normal"/>
  <tag k="railway:signal:speed_limit_distant:speed" v="40;?;off"/>
  <tag k="railway:signal:traversable" v="DE-ESO:mastschild_rot-weiss"/>
  <tag k="railway:signal:traversable:type" v="written_default_speed;dictated_default_speed"/>
  <tag k="ref" v="795"/>
 </node>
 <node id="281661114" visible="true" version="6" changeset="146800363" timestamp="2024-01-29T01:42:27Z" user="Lukas615" uid="675791" lat="52.4795565" lon="13.3591909"/>
 <node id="281661115" visible="true" version="4" changeset="3538194" timestamp="2010-01-04T15:59:30Z" user="Elwood" uid="6669" lat="52.4794218" lon="13.3596825"/>
 <node id="281661116" visible="true" version="7" changeset="162318032" timestamp="2025-02-09T15:06:28Z" user="kartograph" uid="17304" lat="52.4793091" lon="13.3600460"/>
 <node id="281661117" visible="true" version="8" changeset="162318032" timestamp="2025-02-09T15:06:28Z" user="kartograph" uid="17304" lat="52.4792060" lon="13.3603554"/>
 <node id="281661118" visible="true" version="4" changeset="146800363" timestamp="2024-01-29T01:42:27Z" user="Lukas615" uid="675791" lat="52.4788891" lon="13.3612646">
  <tag k="operator" v="DB InfraGO AG"/>
  <tag k="railway" v="milestone"/>
  <tag k="railway:milestone:catenary_mast" v="no"/>
  <tag k="railway:milestone:emergency_brake_override" v="no"/>
  <tag k="railway:position" v="23.9"/>
 </node>
 <node id="281661119" visible="true" version="4" changeset="146800363" timestamp="2024-01-29T01:42:27Z" user="Lukas615" uid="675791" lat="52.4787207" lon="13.3617449"/>
 <node id="281661120" visible="true" version="5" changeset="162340510" timestamp="2025-02-10T08:39:37Z" user="kartograph" uid="17304" lat="52.4785039" lon="13.3623270"/>
 <node id="281661121" visible="true" version="5" changeset="162340510" timestamp="2025-02-10T08:39:37Z" user="kartograph" uid="17304" lat="52.4783744" lon="13.3626444"/>
 <node id="281661122" visible="true" version="6" changeset="162340510" timestamp="2025-02-10T08:39:37Z" user="kartograph" uid="17304" lat="52.4782572" lon="13.3629148">
  <tag k="operator" v="DB InfraGO AG"/>
  <tag k="railway" v="signal"/>
  <tag k="railway:signal:combined" v="DE-ESO:ks"/>
  <tag k="railway:signal:combined:deactivated" v="no"/>
  <tag k="railway:signal:combined:form" v="light"/>
  <tag k="railway:signal:combined:function" v="block"/>
  <tag k="railway:signal:combined:height" v="normal"/>
  <tag k="railway:signal:combined:shortened" v="no"/>
  <tag k="railway:signal:combined:states" v="DE-ESO:hp0;DE-ESO:ks1;DE-ESO:ks2"/>
  <tag k="railway:signal:combined:substitute_signal" v="DE-ESO:db:zs12;DE-ESO:db:zs7;DE-ESO:dr:zs1"/>
  <tag k="railway:signal:direction" v="forward"/>
  <tag k="railway:signal:position" v="right"/>
  <tag k="railway:signal:traversable" v="DE-ESO:mastschild_rot-weiss"/>
  <tag k="railway:signal:traversable:type" v="written_default_speed;dictated_default_speed"/>
  <tag k="ref" v="793"/>
 </node>
 <node id="281661123" visible="true" version="10" changeset="162340510" timestamp="2025-02-10T08:39:37Z" user="kartograph" uid="17304" lat="52.4780800" lon="13.3632939"/>
 <node id="281661124" visible="true" version="12" changeset="162340510" timestamp="2025-02-10T08:39:37Z" user="kartograph" uid="17304" lat="52.4779711" lon="13.3635093"/>
 <node id="281661126" visible="true" version="5" changeset="3169831" timestamp="2009-11-20T17:41:58Z" user="Elwood" uid="6669" lat="52.4777461" lon="13.3639124"/>
 <node id="281661127" visible="true" version="6" changeset="132555903" timestamp="2023-02-14T21:39:02Z" user="kartograph" uid="17304" lat="52.4775727" lon="13.3641779"/>
 <node id="281661129" visible="true" version="7" changeset="162340510" timestamp="2025-02-10T08:39:37Z" user="kartograph" uid="17304" lat="52.4773856" lon="13.3644241"/>
 <node id="281661133" visible="true" version="8" changeset="146800363" timestamp="2024-01-29T01:42:27Z" user="Lukas615" uid="675791" lat="52.4765353" lon="13.3651972"/>
 <node id="281661140" visible="true" version="8" changeset="44847037" timestamp="2017-01-02T14:54:57Z" user="soemisch" uid="2290263" lat="52.4753850" lon="13.3659413"/>
 <node id="281661144" visible="true" version="8" changeset="35438272" timestamp="2015-11-19T15:45:53Z" user="rolandmwagner" uid="39288" lat="52.4740086" lon="13.3666809"/>
 <node id="281661147" visible="true" version="7" changeset="146763374" timestamp="2024-01-28T00:50:10Z" user="Lukas615" uid="675791" lat="52.4724395" lon="13.3689021"/>
 <node id="281661148" visible="true" version="10" changeset="146763374" timestamp="2024-01-28T00:50:10Z" user="Lukas615" uid="675791" lat="52.4727456" lon="13.3682289"/>
 <node id="281661149" visible="true" version="8" changeset="146763374" timestamp="2024-01-28T00:50:10Z" user="Lukas615" uid="675791" lat="52.4729525" lon="13.3678622"/>
 <node id="281661150" visible="true" version="9" changeset="146763374" timestamp="2024-01-28T00:50:10Z" user="Lukas615" uid="675791" lat="52.4733788" lon="13.3672728"/>
 <node id="283456566" visible="true" version="15" changeset="146763374" timestamp="2024-01-28T00:50:10Z" user="Lukas615" uid="675791" lat="52.4736663" lon="13.3669728"/>
 <node id="289678324" visible="true" version="9" changeset="39824785" timestamp="2016-06-05T20:32:29Z" user="mapper999" uid="165061" lat="52.5491413" lon="13.3894792"/>
 <node id="289678327" visible="true" version="10" changeset="104598412" timestamp="2021-05-12T21:26:48Z" user="Lukas615" uid="675791" lat="52.5491989" lon="13.3908934">
  <tag k="operator" v="DB Netz AG"/>
  <tag k="railway" v="switch"/>
  <tag k="railway:local_operated" v="no"/>
  <tag k="railway:switch" v="default"/>
  <tag k="railway:switch:electric" v="yes"/>
  <tag k="railway:switch:heated" v="yes"/>
  <tag k="railway:switch:movable_frog" v="no"/>
  <tag k="railway:switch:resetting" v="no"/>
  <tag k="railway:turnout_side" v="right"/>
  <tag k="ref" v="712"/>
 </node>
 <node id="289678330" visible="true" version="5" changeset="2944546" timestamp="2009-10-25T10:17:34Z" user="SaPoX" uid="10549" lat="52.5493161" lon="13.3940359"/>
 <node id="289678331" visible="true" version="11" changeset="147628757" timestamp="2024-02-18T23:56:30Z" user="Lukas615" uid="675791" lat="52.5493968" lon="13.3979210"/>
 <node id="289678332" visible="true" version="8" changeset="147628757" timestamp="2024-02-18T23:56:30Z" user="Lukas615" uid="675791" lat="52.5494053" lon="13.4010269"/>
 <node id="291098529" visible="true" version="3" changeset="3627948" timestamp="2010-01-15T22:16:33Z" user="Elwood" uid="6669" lat="52.5419772" lon="13.3653268"/>
 <node id="291098531" visible="true" version="7" changeset="147329234" timestamp="2024-02-11T14:10:48Z" user="kjon" uid="44217" lat="52.5438105" lon="13.3694296"/>
 <node id="291098533" visible="true" version="5" changeset="147329234" timestamp="2024-02-11T14:10:48Z" user="kjon" uid="44217" lat="52.5441386" lon="13.3701851"/>
 <node id="291098535" visible="true" version="4" changeset="147329234" timestamp="2024-02-11T14:10:48Z" user="kjon" uid="44217" lat="52.5445709" lon="13.3711580"/>
 <node id="291098539" visible="true" version="2" changeset="21714794" timestamp="2014-04-15T18:21:33Z" user="Geogast" uid="51045" lat="52.5448844" lon="13.3718885"/>
 <node id="291098541" visible="true" version="5" changeset="189576105" timestamp="2026-09-26T08:27:32Z" user="kartograph" uid="17304" lat="52.5464359" lon="13.3755327"/>
 <node id="291098543" visible="true" version="4" changeset="189576105" timestamp="2026-09-26T08:27:32Z" user="kartograph" uid="17304" lat="52.5465740" lon="13.3758559"/>
 <node id="291098545" visible="true" version="2" changeset="35874448" timestamp="2015-12-10T21:49:48Z" user="streckenkundler" uid="793389" lat="52.5470574" lon="13.3770100"/>
 <node id="291098548" visible="true" version="3" changeset="147513353" timestamp="2024-02-16T02:12:19Z" user="Lukas615" uid="675791" lat="52.5472959" lon="13.3776625"/>
 <node id="291098551" visible="true" version="3" changeset="147513353" timestamp="2024-02-16T02:12:19Z" user="Lukas615" uid="675791" lat="52.5474864" lon="13.3782771"/>
 <node id="291098552" visible="true" version="2" changeset="35874448" timestamp="2015-12-10T21:49:48Z" user="streckenkundler" uid="793389" lat="52.5476982" lon="13.3790316"/>
 <node id="291098554" visible="true" version="3" changeset="147513353" timestamp="2024-02-16T02:12:19Z" user="Lukas615" uid="675791" lat="52.5479453" lon="13.3800331"/>
 <node id="291098557" visible="true" version="2" changeset="35874448" timestamp="2015-12-10T21:49:49Z" user="streckenkundler" uid="793389" lat="52.5481711" lon="13.3811625"/>
 <node id="291098559" visible="true" version="2" changeset="35874448" timestamp="2015-12-10T21:49:49Z" user="streckenkundler" uid="793389" lat="52.5482731" lon="13.3819177"/>
 <node id="291098563" visible="true" version="2" changeset="35874448" timestamp="2015-12-10T21:49:49Z" user="streckenkundler" uid="793389" lat="52.5483315" lon="13.3826288"/>
 <node id="291098566" visible="true" version="3" changeset="147513353" timestamp="2024-02-16T02:12:19Z" user="Lukas615" uid="675791" lat="52.5484011" lon="13.3838851"/>
 <node id="291098567" visible="true" version="2" changeset="3164070" timestamp="2009-11-19T21:04:33Z" user="SaPoX" uid="10549" lat="52.5486099" lon="13.3854967"/>
 <node id="291098571" visible="true" version="5" changeset="147513353" timestamp="2024-02-16T02:12:19Z" user="Lukas615" uid="675791" lat="52.5488785" lon="13.3872593"/>
 <node id="291099223" visible="true" version="5" changeset="147329234" timestamp="2024-02-11T14:10:48Z" user="kjon" uid="44217" lat="52.5443763" lon="13.3707168"/>
 <node id="291834627" visible="true" version="7" changeset="34697183" timestamp="2015-10-17T16:33:28Z" user="anbr" uid="43566" lat="52.5296232" lon="13.2943282"/>
 <node id="291834629" visible="true" version="8" changeset="34697183" timestamp="2015-10-17T16:33:28Z" user="anbr" uid="43566" lat="52.5299222" lon="13.2964100"/>
 <node id="291842180" visible="true" version="4" changeset="149034688" timestamp="2024-03-22T23:59:36Z" user="Lukas615" uid="675791" lat="52.5301679" lon="13.2980282">
  <tag k="operator" v="DB InfraGO AG"/>
  <tag k="railway" v="signal"/>
  <tag k="railway:signal:combined" v="DE-ESO:ks"/>
  <tag k="railway:signal:combined:deactivated" v="no"/>
  <tag k="railway:signal:combined:form" v="light"/>
  <tag k="railway:signal:combined:height" v="normal"/>
  <tag k="railway:signal:combined:shortened" v="no"/>
  <tag k="railway:signal:combined:states" v="DE-ESO:hp0;DE-ESO:ks1;DE-ESO:ks2"/>
  <tag k="railway:signal:combined:substitute_signal" v="DE-ESO:dr:zs1"/>
  <tag k="railway:signal:direction" v="forward"/>
  <tag k="railway:signal:position" v="right"/>
  <tag k="railway:signal:traversable" v="DE-ESO:mastschild_schwarz-weiss"/>
  <tag k="railway:signal:traversable:type" v="always_on_sight"/>
  <tag k="ref" v="923"/>
 </node>
 <node id="291843723" visible="true" version="6" changeset="54291825" timestamp="2017-12-03T09:02:34Z" user="geozeisig" uid="66391" lat="52.5311721" lon="13.3059286"/>
 <node id="291843724" visible="true" version="3" changeset="2801435" timestamp="2009-10-10T10:12:17Z" user="Elwood" uid="6669" lat="52.5310091" lon="13.3046571"/>
 <node id="299935865" visible="true" version="5" changeset="149098273" timestamp="2024-03-24T16:58:28Z" user="Lukas615" uid="675791" lat="52.4776908" lon="13.3278065">
  <tag k="operator" v="DB InfraGO AG"/>
  <tag k="railway" v="switch"/>
  <tag k="railway:local_operated" v="no"/>
  <tag k="railway:switch" v="default"/>
  <tag k="railway:switch:electric" v="yes"/>
  <tag k="railway:switch:heated" v="yes"/>
  <tag k="railway:switch:movable_frog" v="no"/>
  <tag k="railway:switch:resetting" v="no"/>
  <tag k="railway:turnout_side" v="left"/>
  <tag k="source" v="Bing"/>
 </node>
 <node id="303998874" visible="true" version="3" changeset="3627948" timestamp="2010-01-15T22:16:32Z" user="Elwood" uid="6669" lat="52.5409494" lon="13.3630757"/>
 <node id="303998877" visible="true" version="5" changeset="8989577" timestamp="2011-08-11T20:40:50Z" user="Shmias" uid="88961" lat="52.5395451" lon="13.3598320"/>
 <node id="303998881" visible="true" version="3" changeset="3627948" timestamp="2010-01-15T22:16:32Z" user="Elwood" uid="6669" lat="52.5405287" lon="13.3621594"/>
 <node id="303998885" visible="true" version="3" changeset="3627948" timestamp="2010-01-15T22:16:32Z" user="Elwood" uid="6669" lat="52.5402747" lon="13.3615669"/>
 <node id="303998888" visible="true" version="3" changeset="3627948" timestamp="2010-01-15T22:16:31Z" user="Elwood" uid="6669" lat="52.5399752" lon="13.3608202"/>
 <node id="303998902" visible="true" version="3" changeset="3627948" timestamp="2010-01-15T22:16:31Z" user="Elwood" uid="6669" lat="52.5397670" lon="13.3603455"/>
 <node id="304276116" visible="true" version="6" changeset="185041587" timestamp="2026-07-03T13:55:22Z" user="pfhllnts" uid="14153197" lat="52.5421971" lon="13.3658095"/>
 <node id="304276117" visible="true" version="9" changeset="147664294" timestamp="2024-02-19T19:04:32Z" user="Lukas615" uid="675791" lat="52.5425315" lon="13.3665669">
  <tag k="operator" v="DB InfraGO AG"/>
  <tag k="railway" v="signal"/>
  <tag k="railway:signal:combined" v="DE-ESO:ks"/>
  <tag k="railway:signal:combined:form" v="light"/>
  <tag k="railway:signal:combined:function" v="exit"/>
  <tag k="railway:signal:combined:height" v="normal"/>
  <tag k="railway:signal:combined:substitute_signal" v="DE-ESO:db:zs12"/>
  <tag k="railway:signal:direction" v="backward"/>
  <tag k="railway:signal:position" v="left"/>
  <tag k="railway:signal:speed_limit" v="DE-ESO:zs3"/>
  <tag k="railway:signal:speed_limit_distant" v="DE-ESO:zs3v"/>
  <tag k="railway:signal:speed_limit_distant:form" v="light"/>
  <tag k="railway:signal:speed_limit_distant:height" v="normal"/>
  <tag k="railway:signal:speed_limit:form" v="light"/>
  <tag k="railway:signal:speed_limit:height" v="normal"/>
  <tag k="railway:signal:traversable" v="DE-ESO:mastschild_rot-weiss"/>
  <tag k="railway:signal:traversable:type" v="written_default_speed;dictated_default_speed"/>
  <tag k="ref" v="974"/>
 </node>
 <node id="307381280" visible="true" version="5" changeset="54291825" timestamp="2017-12-03T09:02:34Z" user="geozeisig" uid="66391" lat="52.5312413" lon="13.3064690"/>
 <node id="307381281" visible="true" version="6" changeset="147664294" timestamp="2024-02-19T19:04:32Z" user="Lukas615" uid="675791" lat="52.5320590" lon="13.3125527"/>
 <node id="307381282" visible="true" version="6" changeset="34697183" timestamp="2015-10-17T16:41:33Z" user="anbr" uid="43566" lat="52.5322095" lon="13.3136833"/>
 <node id="310198449" visible="true" version="5" changeset="130534392" timestamp="2022-12-26T23:33:07Z" user="Lukas615" uid="675791" lat="52.5098208" lon="13.4751787"/>
 <node id="310198467" visible="true" version="5" changeset="130534392" timestamp="2022-12-26T23:33:07Z" user="Lukas615" uid="675791" lat="52.5100518" lon="13.4753353"/>
 <node id="310198468" visible="true" version="5" changeset="130534392" timestamp="2022-12-26T23:33:07Z" user="Lukas615" uid="675791" lat="52.5104643" lon="13.4755363"/>
 <node id="310198469" visible="true" version="6" changeset="130534392" timestamp="2022-12-26T23:33:07Z" user="Lukas615" uid="675791" lat="52.5107648" lon="13.4756225"/>
 <node id="310198526" visible="true" version="6" changeset="130534392" timestamp="2022-12-26T23:33:07Z" user="Lukas615" uid="675791" lat="52.5081901" lon="13.4736622"/>
 <node id="310198527" visible="true" version="7" changeset="130534392" timestamp="2022-12-26T23:33:07Z" user="Lukas615" uid="675791" lat="52.5080809" lon="13.4735585"/>
 <node id="316775449" visible="true" version="9" changeset="161785560" timestamp="2025-01-26T15:52:00Z" user="kartograph" uid="17304" lat="52.4708291" lon="13.3853557"/>
 <node id="316775456" visible="true" version="5" changeset="146763374" timestamp="2024-01-28T00:50:10Z" user="Lukas615" uid="675791" lat="52.4706469" lon="13.3860348">
  <tag k="operator" v="DB InfraGO AG"/>
  <tag k="railway" v="switch"/>
  <tag k="railway:local_operated" v="no"/>
  <tag k="railway:switch" v="default"/>
  <tag k="railway:switch:electric" v="yes"/>
  <tag k="railway:switch:heated" v="yes"/>
  <tag k="railway:switch:movable_frog" v="no"/>
  <tag k="railway:switch:resetting" v="no"/>
  <tag k="railway:turnout_side" v="right"/>
 </node>
 <node id="316775460" visible="true" version="2" changeset="146800363" timestamp="2024-01-29T01:42:27Z" user="Lukas615" uid="675791" lat="52.4693071" lon="13.3911065">
  <tag k="operator" v="DB InfraGO AG"/>
  <tag k="railway" v="signal"/>
  <tag k="railway:signal:direction" v="forward"/>
  <tag k="railway:signal:position" v="right"/>
  <tag k="railway:signal:speed_limit_distant" v="DE-ESO:lf6"/>
  <tag k="railway:signal:speed_limit_distant:deactivated" v="no"/>
  <tag k="railway:signal:speed_limit_distant:form" v="sign"/>
  <tag k="railway:signal:speed_limit_distant:height" v="normal"/>
  <tag k="railway:signal:speed_limit_distant:speed" v="80"/>
  <tag k="railway:signal:speed_limit_distant:turn_direction" v="right"/>
 </node>
 <node id="316776084" visible="true" version="1" changeset="124830" timestamp="2008-12-05T12:33:49Z" user="Elwood" uid="6669" lat="52.4690166" lon="13.3918910"/>
 <node id="316776088" visible="true" version="4" changeset="146694822" timestamp="2024-01-26T02:55:44Z" user="Lukas615" uid="675791" lat="52.4668953" lon="13.3968218"/>
 <node id="316776090" visible="true" version="3" changeset="146694822" timestamp="2024-01-26T02:55:44Z" user="Lukas615" uid="675791" lat="52.4662122" lon="13.3988566"/>
 <node id="316776092" visible="true" version="3" changeset="146763374" timestamp="2024-01-28T00:50:10Z" user="Lukas615" uid="675791" lat="52.4697761" lon="13.3895110"/>
 <node id="316776931" visible="true" version="1" changeset="124830" timestamp="2008-12-05T12:42:43Z" user="Elwood" uid="6669" lat="52.4653612" lon="13.4020397"/>
 <node id="316776933" visible="true" version="2" changeset="24967786" timestamp="2014-08-24T00:10:18Z" user="atpl_pilot" uid="881429" lat="52.4651444" lon="13.4031973"/>
 <node id="316776934" visible="true" version="3" changeset="146731952" timestamp="2024-01-27T04:44:32Z" user="Lukas615" uid="675791" lat="52.4649997" lon="13.4043282"/>
 <node id="316776935" visible="true" version="4" changeset="146731952" timestamp="2024-01-27T04:44:32Z" user="Lukas615" uid="675791" lat="52.4649227" lon="13.4056237">
  <tag k="operator" v="DB InfraGO AG"/>
  <tag k="railway" v="signal"/>
  <tag k="railway:signal:combined" v="DE-ESO:ks"/>
  <tag k="railway:signal:combined:deactivated" v="no"/>
  <tag k="railway:signal:combined:form" v="light"/>
  <tag k="railway:signal:combined:function" v="block"/>
  <tag k="railway:signal:combined:height" v="normal"/>
  <tag k="railway:signal:combined:shortened" v="no"/>
  <tag k="railway:signal:combined:states" v="DE-ESO:hp0;DE-ESO:ks1;DE-ESO:ks2"/>
  <tag k="railway:signal:combined:substitute_signal" v="DE-ESO:dr:zs1"/>
  <tag k="railway:signal:direction" v="forward"/>
  <tag k="railway:signal:position" v="right"/>
  <tag k="railway:signal:traversable" v="DE-ESO:mastschild_schwarz-weiss"/>
  <tag k="railway:signal:traversable:type" v="always_on_sight"/>
  <tag k="ref" v="751"/>
 </node>
 <node id="316776936" visible="true" version="4" changeset="146731952" timestamp="2024-01-27T04:44:32Z" user="Lukas615" uid="675791" lat="52.4649444" lon="13.4073471"/>
 <node id="316776937" visible="true" version="3" changeset="146731952" timestamp="2024-01-27T04:44:32Z" user="Lukas615" uid="675791" lat="52.4651256" lon="13.4096710">
  <tag k="operator" v="DB InfraGO AG"/>
  <tag k="railway" v="milestone"/>
  <tag k="railway:milestone:catenary_mast" v="no"/>
  <tag k="railway:milestone:emergency_brake_override" v="no"/>
  <tag k="railway:position" v="20.0"/>
 </node>
 <node id="316777144" visible="true" version="2" changeset="146800363" timestamp="2024-01-29T01:42:27Z" user="Lukas615" uid="675791" lat="52.4659867" lon="13.4192938">
  <tag k="operator" v="DB InfraGO AG"/>
  <tag k="railway" v="signal"/>
  <tag k="railway:signal:combined" v="DE-ESO:ks"/>
  <tag k="railway:signal:combined:deactivated" v="no"/>
  <tag k="railway:signal:combined:form" v="light"/>
  <tag k="railway:signal:combined:function" v="block"/>
  <tag k="railway:signal:combined:height" v="normal"/>
  <tag k="railway:signal:combined:shortened" v="no"/>
  <tag k="railway:signal:combined:states" v="DE-ESO:hp0;DE-ESO:ks1;DE-ESO:ks2"/>
  <tag k="railway:signal:combined:substitute_signal" v="DE-ESO:dr:zs1"/>
  <tag k="railway:signal:direction" v="forward"/>
  <tag k="railway:signal:position" v="right"/>
  <tag k="railway:signal:traversable" v="DE-ESO:mastschild_schwarz-weiss"/>
  <tag k="railway:signal:traversable:type" v="always_on_sight"/>
  <tag k="ref" v="747"/>
 </node>
 <node id="316777146" visible="true" version="3" changeset="146731952" timestamp="2024-01-27T04:44:32Z" user="Lukas615" uid="675791" lat="52.4663535" lon="13.4218073"/>
 <node id="316777149" visible="true" version="3" changeset="146800363" timestamp="2024-01-29T01:42:27Z" user="Lukas615" uid="675791" lat="52.4667269" lon="13.4238342">
  <tag k="operator" v="DB InfraGO AG"/>
  <tag k="railway" v="milestone"/>
  <tag k="railway:milestone:catenary_mast" v="no"/>
  <tag k="railway:milestone:emergency_brake_override" v="no"/>
  <tag k="railway:position" v="19.0"/>
 </node>
 <node id="316777150" visible="true" version="3" changeset="146800363" timestamp="2024-01-29T01:42:27Z" user="Lukas615" uid="675791" lat="52.4672322" lon="13.4279664"/>
 <node id="316777715" visible="true" version="4" changeset="158597161" timestamp="2024-10-31T20:42:12Z" user="Lukas615" uid="675791" lat="52.4678424" lon="13.4322967">
  <tag k="fixme" v="Zwei Zusatzanzeiger noch nicht vollständig erfasst"/>
  <tag k="operator" v="DB InfraGO AG"/>
  <tag k="railway" v="signal"/>
  <tag k="railway:signal:combined" v="DE-ESO:ks"/>
  <tag k="railway:signal:combined:deactivated" v="no"/>
  <tag k="railway:signal:combined:form" v="light"/>
  <tag k="railway:signal:combined:height" v="normal"/>
  <tag k="railway:signal:combined:shortened" v="no"/>
  <tag k="railway:signal:combined:states" v="DE-ESO:hp0;DE-ESO:ks1;DE-ESO:ks2"/>
  <tag k="railway:signal:combined:substitute_signal" v="DE-ESO:db:zs12;DE-ESO:db:zs7;DE-ESO:dr:zs1"/>
  <tag k="railway:signal:departure" v="DE-ESO:zp"/>
  <tag k="railway:signal:departure:deactivated" v="no"/>
  <tag k="railway:signal:departure:form" v="light"/>
  <tag k="railway:signal:departure:states" v="DE-ESO:zp10;DE-ESO:zp9"/>
  <tag k="railway:signal:direction" v="backward"/>
  <tag k="railway:signal:position" v="left"/>
  <tag k="railway:signal:speed_limit" v="DE-ESO:zs3"/>
  <tag k="railway:signal:speed_limit:deactivated" v="no"/>
  <tag k="railway:signal:speed_limit_distant" v="DE-ESO:zs3v"/>
  <tag k="railway:signal:speed_limit_distant:deactivated" v="no"/>
  <tag k="railway:signal:speed_limit_distant:form" v="light"/>
  <tag k="railway:signal:speed_limit_distant:height" v="normal"/>
  <tag k="railway:signal:speed_limit_distant:speed" v="70;off"/>
  <tag k="railway:signal:speed_limit:form" v="light"/>
  <tag k="railway:signal:speed_limit:height" v="normal"/>
  <tag k="railway:signal:speed_limit:speed" v="40;off"/>
  <tag k="railway:signal:traversable" v="DE-ESO:mastschild_rot-weiss"/>
  <tag k="railway:signal:traversable:type" v="written_default_speed;dictated_default_speed"/>
  <tag k="ref" v="730"/>
 </node>
 <node id="316777719" visible="true" version="3" changeset="146829192" timestamp="2024-01-29T16:26:52Z" user="Lukas615" uid="675791" lat="52.4679705" lon="13.4335140"/>
 <node id="316777724" visible="true" version="3" changeset="146829192" timestamp="2024-01-29T16:26:52Z" user="Lukas615" uid="675791" lat="52.4685157" lon="13.4371691">
  <tag k="operator" v="DB InfraGO AG"/>
  <tag k="railway" v="signal"/>
  <tag k="railway:signal:direction" v="forward"/>
  <tag k="railway:signal:electricity" v="DE-ESO:el2"/>
  <tag k="railway:signal:electricity:deactivated" v="no"/>
  <tag k="railway:signal:electricity:form" v="sign"/>
  <tag k="railway:signal:electricity:height" v="normal"/>
  <tag k="railway:signal:electricity:type" v="power_on"/>
  <tag k="railway:signal:position" v="right"/>
 </node>
 <node id="316778066" visible="true" version="11" changeset="146638858" timestamp="2024-01-24T17:08:00Z" user="Lukas615" uid="675791" lat="52.4693063" lon="13.4419192"/>
 <node id="316778068" visible="true" version="28" changeset="172553771" timestamp="2025-09-28T07:19:46Z" user="jengelh" uid="1468043" lat="52.4693782" lon="13.4423656">
  <tag k="description" v="S Neukölln, Gleis 1"/>
  <tag k="light_rail" v="yes"/>
  <tag k="local_ref" v="1"/>
  <tag k="name" v="Neukölln"/>
  <tag k="network" v="Verkehrsverbund Berlin-Brandenburg"/>
  <tag k="network:short" v="VBB"/>
  <tag k="network:wikidata" v="Q315451"/>
  <tag k="operator" v="DB InfraGO AG"/>
  <tag k="public_transport" v="stop_position"/>
  <tag k="railway" v="stop"/>
  <tag k="ref" v="2"/>
  <tag k="train" v="yes"/>
  <tag k="usage" v="main"/>
  <tag k="wikidata" v="Q569905"/>
  <tag k="wikipedia" v="de:Bahnhof Berlin-Neukölln"/>
 </node>
 <node id="316778070" visible="true" version="11" changeset="146638858" timestamp="2024-01-24T17:08:00Z" user="Lukas615" uid="675791" lat="52.4697588" lon="13.4448608">
  <tag k="operator" v="DB InfraGO AG"/>
  <tag k="railway" v="switch"/>
  <tag k="railway:local_operated" v="no"/>
  <tag k="railway:switch" v="outer_curved"/>
  <tag k="railway:switch:electric" v="yes"/>
  <tag k="railway:switch:heated" v="yes"/>
  <tag k="railway:switch:movable_frog" v="no"/>
  <tag k="railway:switch:resetting" v="no"/>
  <tag k="railway:turnout_side" v="right"/>
  <tag k="ref" v="412"/>
 </node>
 <node id="316778650" visible="true" version="5" changeset="146638858" timestamp="2024-01-24T17:08:00Z" user="Lukas615" uid="675791" lat="52.4692284" lon="13.4415150"/>
 <node id="316779010" visible="true" version="4" changeset="57036007" timestamp="2018-03-09T15:54:33Z" user="Supaplex030" uid="418040" lat="52.4701861" lon="13.4475417"/>
 <node id="316779011" visible="true" version="6" changeset="158597161" timestamp="2024-10-31T20:42:12Z" user="Lukas615" uid="675791" lat="52.4705454" lon="13.4497675"/>
 <node id="316779012" visible="true" version="7" changeset="57036007" timestamp="2018-03-09T15:54:33Z" user="Supaplex030" uid="418040" lat="52.4709341" lon="13.4520695"/>
 <node id="316779013" visible="true" version="8" changeset="158597161" timestamp="2024-10-31T20:42:12Z" user="Lukas615" uid="675791" lat="52.4710236" lon="13.4524573"/>
 <node id="316779014" visible="true" version="5" changeset="57036007" timestamp="2018-03-09T15:54:33Z" user="Supaplex030" uid="418040" lat="52.4712667" lon="13.4532158"/>
 <node id="316779020" visible="true" version="4" changeset="57036007" timestamp="2018-03-09T15:54:33Z" user="Supaplex030" uid="418040" lat="52.4718451" lon="13.4543126"/>
 <node id="316779023" visible="true" version="6" changeset="158597161" timestamp="2024-10-31T20:42:12Z" user="Lukas615" uid="675791" lat="52.4726684" lon="13.4553053"/>
 <node id="316779945" visible="true" version="9" changeset="141205721" timestamp="2023-09-13T11:21:33Z" user="Supaplex030" uid="418040" lat="52.4736252" lon="13.4560509"/>
 <node id="316779946" visible="true" version="8" changeset="141205721" timestamp="2023-09-13T11:21:33Z" user="Supaplex030" uid="418040" lat="52.4739131" lon="13.4561965"/>
 <node id="316779947" visible="true" version="7" changeset="146694822" timestamp="2024-01-26T02:55:44Z" user="Lukas615" uid="675791" lat="52.4782430" lon="13.4571858"/>
 <node id="316779948" visible="true" version="8" changeset="146694822" timestamp="2024-01-26T02:55:44Z" user="Lukas615" uid="675791" lat="52.4787930" lon="13.4572966"/>
 <node id="316779949" visible="true" version="6" changeset="146694822" timestamp="2024-01-26T02:55:44Z" user="Lukas615" uid="675791" lat="52.4854221" lon="13.4586347"/>
 <node id="316784607" visible="true" version="6" changeset="104659644" timestamp="2021-05-13T21:21:50Z" user="Lukas615" uid="675791" lat="52.5494602" lon="13.4026351"/>
 <node id="316784608" visible="true" version="7" changeset="147628757" timestamp="2024-02-18T23:56:30Z" user="Lukas615" uid="675791" lat="52.5495817" lon="13.4049744">
  <tag k="operator" v="DB InfraGO AG"/>
  <tag k="railway" v="signal"/>
  <tag k="railway:signal:combined" v="DE-ESO:ks"/>
  <tag k="railway:signal:combined:deactivated" v="no"/>
  <tag k="railway:signal:combined:form" v="light"/>
  <tag k="railway:signal:combined:height" v="normal"/>
  <tag k="railway:signal:combined:shortened" v="no"/>
  <tag k="railway:signal:combined:states" v="DE-ESO:hp0;DE-ESO:ks1;DE-ESO:ks2"/>
  <tag k="railway:signal:combined:substitute_signal" v="DE-ESO:db:zs12;DE-ESO:dr:zs1"/>
  <tag k="railway:signal:direction" v="forward"/>
  <tag k="railway:signal:position" v="right"/>
  <tag k="railway:signal:speed_limit" v="DE-ESO:zs3"/>
  <tag k="railway:signal:speed_limit:deactivated" v="no"/>
  <tag k="railway:signal:speed_limit_distant" v="DE-ESO:zs3v"/>
  <tag k="railway:signal:speed_limit_distant:deactivated" v="no"/>
  <tag k="railway:signal:speed_limit_distant:form" v="light"/>
  <tag k="railway:signal:speed_limit_distant:height" v="normal"/>
  <tag k="railway:signal:speed_limit_distant:speed" v="?;off"/>
  <tag k="railway:signal:speed_limit:form" v="light"/>
  <tag k="railway:signal:speed_limit:height" v="normal"/>
  <tag k="railway:signal:speed_limit:speed" v="?;off"/>
  <tag k="railway:signal:traversable" v="DE-ESO:mastschild_rot-weiss"/>
  <tag k="railway:signal:traversable:type" v="written_default_speed;dictated_default_speed"/>
  <tag k="ref" v="511"/>
 </node>
 <node id="316784610" visible="true" version="7" changeset="147628757" timestamp="2024-02-18T23:56:30Z" user="Lukas615" uid="675791" lat="52.5497160" lon="13.4077888">
  <tag k="operator" v="DB InfraGO AG"/>
  <tag k="railway" v="signal"/>
  <tag k="railway:signal:direction" v="forward"/>
  <tag k="railway:signal:position" v="right"/>
  <tag k="railway:signal:speed_limit_distant" v="DE-ESO:lf6"/>
  <tag k="railway:signal:speed_limit_distant:deactivated" v="no"/>
  <tag k="railway:signal:speed_limit_distant:form" v="sign"/>
  <tag k="railway:signal:speed_limit_distant:height" v="normal"/>
  <tag k="railway:signal:speed_limit_distant:speed" v="70"/>
 </node>
 <node id="316784612" visible="true" version="7" changeset="147628757" timestamp="2024-02-18T23:56:30Z" user="Lukas615" uid="675791" lat="52.5496941" lon="13.4097683">
  <tag k="operator" v="DB InfraGO AG"/>
  <tag k="railway" v="switch"/>
  <tag k="railway:local_operated" v="no"/>
  <tag k="railway:switch" v="inner_curved"/>
  <tag k="railway:switch:electric" v="yes"/>
  <tag k="railway:switch:heated" v="yes"/>
  <tag k="railway:switch:movable_frog" v="no"/>
  <tag k="railway:switch:resetting" v="no"/>
  <tag k="railway:turnout_side" v="left"/>
 </node>
 <node id="316785008" visible="true" version="6" changeset="147628757" timestamp="2024-02-18T23:56:30Z" user="Lukas615" uid="675791" lat="52.5496773" lon="13.4101085"/>
 <node id="316785009" visible="true" version="5" changeset="147628757" timestamp="2024-02-18T23:56:30Z" user="Lukas615" uid="675791" lat="52.5496011" lon="13.4112782"/>
 <node id="316785010" visible="true" version="9" changeset="149202581" timestamp="2024-03-27T03:16:01Z" user="Lukas615" uid="675791" lat="52.5495157" lon="13.4125857">
  <tag k="operator" v="DB InfraGO AG"/>
  <tag k="railway" v="signal"/>
  <tag k="railway:signal:combined" v="DE-ESO:ks"/>
  <tag k="railway:signal:combined:deactivated" v="no"/>
  <tag k="railway:signal:combined:form" v="light"/>
  <tag k="railway:signal:combined:height" v="normal"/>
  <tag k="railway:signal:combined:shortened" v="no"/>
  <tag k="railway:signal:combined:states" v="DE-ESO:hp0;DE-ESO:ks1;DE-ESO:ks2"/>
  <tag k="railway:signal:combined:substitute_signal" v="DE-ESO:db:zs12;DE-ESO:db:zs7;DE-ESO:dr:zs1"/>
  <tag k="railway:signal:direction" v="forward"/>
  <tag k="railway:signal:position" v="right"/>
  <tag k="railway:signal:speed_limit" v="DE-ESO:zs3"/>
  <tag k="railway:signal:speed_limit:deactivated" v="no"/>
  <tag k="railway:signal:speed_limit:form" v="light"/>
  <tag k="railway:signal:speed_limit:height" v="normal"/>
  <tag k="railway:signal:speed_limit:speed" v="40;off"/>
  <tag k="railway:signal:traversable" v="DE-ESO:mastschild_rot-weiss"/>
  <tag k="railway:signal:traversable:type" v="written_default_speed;dictated_default_speed"/>
  <tag k="ref" v="517"/>
 </node>
 <node id="316785011" visible="true" version="10" changeset="147628757" timestamp="2024-02-18T23:56:30Z" user="Lukas615" uid="675791" lat="52.5494670" lon="13.4133526"/>
 <node id="316785012" visible="true" version="11" changeset="44141534" timestamp="2016-12-03T17:26:12Z" user="anbr" uid="43566" lat="52.5493838" lon="13.4143830"/>
 <node id="316785014" visible="true" version="6" changeset="23113325" timestamp="2014-06-24T00:58:26Z" user="atpl_pilot" uid="881429" lat="52.5490362" lon="13.4161207"/>
 <node id="316785083" visible="true" version="9" changeset="156705640" timestamp="2024-09-16T20:44:57Z" user="Lukas615" uid="675791" lat="52.5479387" lon="13.4195021">
  <tag k="operator" v="DB InfraGO AG"/>
  <tag k="railway" v="signal"/>
  <tag k="railway:signal:combined" v="DE-ESO:ks"/>
  <tag k="railway:signal:combined:deactivated" v="no"/>
  <tag k="railway:signal:combined:form" v="light"/>
  <tag k="railway:signal:combined:height" v="normal"/>
  <tag k="railway:signal:combined:shortened" v="no"/>
  <tag k="railway:signal:combined:states" v="DE-ESO:hp0;DE-ESO:ks1;DE-ESO:ks2"/>
  <tag k="railway:signal:combined:substitute_signal" v="DE-ESO:db:zs12;DE-ESO:dr:zs1"/>
  <tag k="railway:signal:direction" v="forward"/>
  <tag k="railway:signal:position" v="right"/>
  <tag k="railway:signal:speed_limit" v="DE-ESO:zs3"/>
  <tag k="railway:signal:speed_limit:deactivated" v="no"/>
  <tag k="railway:signal:speed_limit_distant" v="DE-ESO:zs3v"/>
  <tag k="railway:signal:speed_limit_distant:deactivated" v="no"/>
  <tag k="railway:signal:speed_limit_distant:form" v="light"/>
  <tag k="railway:signal:speed_limit_distant:height" v="normal"/>
  <tag k="railway:signal:speed_limit_distant:speed" v="?;off"/>
  <tag k="railway:signal:speed_limit:form" v="light"/>
  <tag k="railway:signal:speed_limit:height" v="normal"/>
  <tag k="railway:signal:speed_limit:speed" v="40;?;off"/>
  <tag k="railway:signal:traversable" v="DE-ESO:mastschild_rot-weiss"/>
  <tag k="railway:signal:traversable:type" v="written_default_speed;dictated_default_speed"/>
  <tag k="ref" v="525"/>
 </node>
 <node id="316785084" visible="true" version="6" changeset="12945520" timestamp="2012-09-01T18:33:42Z" user="nurinfo" uid="209498" lat="52.5473669" lon="13.4210001"/>
 <node id="316785086" visible="true" version="6" changeset="149154540" timestamp="2024-03-26T00:38:05Z" user="Lukas615" uid="675791" lat="52.5462075" lon="13.4231129">
  <tag k="railway" v="signal"/>
  <tag k="railway:signal:combined" v="DE-ESO:ks"/>
  <tag k="railway:signal:combined:deactivated" v="no"/>
  <tag k="railway:signal:combined:form" v="light"/>
  <tag k="railway:signal:combined:height" v="normal"/>
  <tag k="railway:signal:combined:shortened" v="no"/>
  <tag k="railway:signal:combined:states" v="DE-ESO:hp0;DE-ESO:ks1;DE-ESO:ks2"/>
  <tag k="railway:signal:combined:substitute_signal" v="DE-ESO:db:zs12;DE-ESO:dr:zs1"/>
  <tag k="railway:signal:direction" v="forward"/>
  <tag k="railway:signal:position" v="bridge"/>
  <tag k="railway:signal:speed_limit_distant" v="DE-ESO:zs3v"/>
  <tag k="railway:signal:speed_limit_distant:deactivated" v="no"/>
  <tag k="railway:signal:speed_limit_distant:form" v="light"/>
  <tag k="railway:signal:speed_limit_distant:height" v="normal"/>
  <tag k="railway:signal:speed_limit_distant:speed" v="?;off"/>
  <tag k="railway:signal:traversable" v="DE-ESO:mastschild_rot-weiss"/>
  <tag k="railway:signal:traversable:type" v="written_default_speed;dictated_default_speed"/>
  <tag k="ref" v="531"/>
 </node>
 <node id="316785087" visible="true" version="7" changeset="34649409" timestamp="2015-10-15T08:20:02Z" user="Gavaasuren" uid="2144605" lat="52.5450171" lon="13.4252984"/>
 <node id="316785089" visible="true" version="6" changeset="12945520" timestamp="2012-09-01T18:33:42Z" user="nurinfo" uid="209498" lat="52.5476921" lon="13.4202298"/>
 <node id="316785822" visible="true" version="19" changeset="172553771" timestamp="2025-09-28T07:19:46Z" user="jengelh" uid="1468043" lat="52.5446103" lon="13.4262424">
  <tag k="description" v="S Prenzlauer Allee, Gleis 1"/>
  <tag k="light_rail" v="yes"/>
  <tag k="name" v="Prenzlauer Allee"/>
  <tag k="public_transport" v="stop_position"/>
  <tag k="railway" v="stop"/>
  <tag k="ref" v="1"/>
  <tag k="train" v="yes"/>
  <tag k="usage" v="main"/>
 </node>
 <node id="316785824" visible="true" version="6" changeset="12982019" timestamp="2012-09-04T14:27:03Z" user="nurinfo" uid="209498" lat="52.5434831" lon="13.4294890"/>
 <node id="316785825" visible="true" version="9" changeset="149154540" timestamp="2024-03-26T00:38:05Z" user="Lukas615" uid="675791" lat="52.5424720" lon="13.4331560"/>
 <node id="316785826" visible="true" version="8" changeset="149154540" timestamp="2024-03-26T00:38:05Z" user="Lukas615" uid="675791" lat="52.5412911" lon="13.4363689">
  <tag k="operator" v="DB InfraGO AG"/>
  <tag k="railway" v="signal"/>
  <tag k="railway:signal:combined" v="DE-ESO:ks"/>
  <tag k="railway:signal:combined:deactivated" v="no"/>
  <tag k="railway:signal:combined:form" v="light"/>
  <tag k="railway:signal:combined:height" v="normal"/>
  <tag k="railway:signal:combined:shortened" v="no"/>
  <tag k="railway:signal:combined:states" v="DE-ESO:hp0;DE-ESO:ks1;DE-ESO:ks2"/>
  <tag k="railway:signal:combined:substitute_signal" v="DE-ESO:db:zs12;DE-ESO:db:zs7"/>
  <tag k="railway:signal:direction" v="forward"/>
  <tag k="railway:signal:position" v="right"/>
  <tag k="railway:signal:traversable" v="DE-ESO:mastschild_rot-weiss"/>
  <tag k="railway:signal:traversable:type" v="written_default_speed;dictated_default_speed"/>
  <tag k="ref" v="6009"/>
 </node>
 <node id="316785827" visible="true" version="12" changeset="149154540" timestamp="2024-03-26T00:38:05Z" user="Lukas615" uid="675791" lat="52.5407284" lon="13.4377816"/>
 <node id="316785828" visible="true" version="8" changeset="149154540" timestamp="2024-03-26T00:38:05Z" user="Lukas615" uid="675791" lat="52.5404123" lon="13.4384656"/>
 <node id="316785829" visible="true" version="5" changeset="149154540" timestamp="2024-03-26T00:38:05Z" user="Lukas615" uid="675791" lat="52.5395358" lon="13.4403648">
  <tag k="operator" v="DB InfraGO AG"/>
  <tag k="railway" v="switch"/>
  <tag k="railway:local_operated" v="no"/>
  <tag k="railway:switch" v="default"/>
  <tag k="railway:switch:electric" v="yes"/>
  <tag k="railway:switch:heated" v="yes"/>
  <tag k="railway:switch:movable_frog" v="no"/>
  <tag k="railway:switch:resetting" v="no"/>
  <tag k="railway:turnout_side" v="left"/>
  <tag k="source" v="Bing"/>
 </node>
 <node id="316785830" visible="true" version="6" changeset="149154540" timestamp="2024-03-26T00:38:05Z" user="Lukas615" uid="675791" lat="52.5394647" lon="13.4405192">
  <tag k="operator" v="DB InfraGO AG"/>
  <tag k="railway" v="switch"/>
  <tag k="railway:local_operated" v="no"/>
  <tag k="railway:switch" v="inner_curved"/>
  <tag k="railway:switch:electric" v="yes"/>
  <tag k="railway:switch:heated" v="yes"/>
  <tag k="railway:switch:movable_frog" v="no"/>
  <tag k="railway:switch:resetting" v="no"/>
  <tag k="railway:turnout_side" v="left"/>
  <tag k="source" v="Bing"/>
 </node>
 <node id="316785971" visible="true" version="6" changeset="149154540" timestamp="2024-03-26T00:38:05Z" user="Lukas615" uid="675791" lat="52.5386250" lon="13.4426213"/>
 <node id="316785972" visible="true" version="5" changeset="149154540" timestamp="2024-03-26T00:38:05Z" user="Lukas615" uid="675791" lat="52.5381952" lon="13.4437811">
  <tag k="operator" v="DB InfraGO AG"/>
  <tag k="railway" v="signal"/>
  <tag k="railway:signal:combined" v="DE-ESO:ks"/>
  <tag k="railway:signal:combined:deactivated" v="no"/>
  <tag k="railway:signal:combined:form" v="light"/>
  <tag k="railway:signal:combined:height" v="normal"/>
  <tag k="railway:signal:combined:shortened" v="no"/>
  <tag k="railway:signal:combined:states" v="DE-ESO:hp0;DE-ESO:ks1;DE-ESO:ks2"/>
  <tag k="railway:signal:combined:substitute_signal" v="DE-ESO:db:zs12;DE-ESO:db:zs7"/>
  <tag k="railway:signal:direction" v="forward"/>
  <tag k="railway:signal:position" v="right"/>
  <tag k="railway:signal:speed_limit_distant" v="DE-ESO:zs3v"/>
  <tag k="railway:signal:speed_limit_distant:deactivated" v="no"/>
  <tag k="railway:signal:speed_limit_distant:form" v="light"/>
  <tag k="railway:signal:speed_limit_distant:height" v="normal"/>
  <tag k="railway:signal:speed_limit_distant:speed" v="?;off"/>
  <tag k="railway:signal:traversable" v="DE-ESO:mastschild_rot-weiss"/>
  <tag k="railway:signal:traversable:type" v="written_default_speed;dictated_default_speed"/>
  <tag k="ref" v="6015"/>
 </node>
 <node id="316785973" visible="true" version="5" changeset="120477966" timestamp="2022-05-02T20:41:39Z" user="kartograph" uid="17304" lat="52.5373385" lon="13.4460750"/>
 <node id="316785974" visible="true" version="6" changeset="149154540" timestamp="2024-03-26T00:38:05Z" user="Lukas615" uid="675791" lat="52.5370847" lon="13.4466340">
  <tag k="operator" v="DB InfraGO AG"/>
  <tag k="railway" v="signal"/>
  <tag k="railway:signal:direction" v="forward"/>
  <tag k="railway:signal:distant" v="DE-ESO:ks"/>
  <tag k="railway:signal:distant:deactivated" v="no"/>
  <tag k="railway:signal:distant:form" v="light"/>
  <tag k="railway:signal:distant:height" v="normal"/>
  <tag k="railway:signal:distant:repeated" v="yes"/>
  <tag k="railway:signal:distant:shortened" v="no"/>
  <tag k="railway:signal:distant:states" v="DE-ESO:ks1;DE-ESO:ks2"/>
  <tag k="railway:signal:position" v="right"/>
  <tag k="railway:signal:speed_limit_distant" v="DE-ESO:zs3v"/>
  <tag k="railway:signal:speed_limit_distant:deactivated" v="no"/>
  <tag k="railway:signal:speed_limit_distant:form" v="light"/>
  <tag k="railway:signal:speed_limit_distant:height" v="normal"/>
  <tag k="railway:signal:speed_limit_distant:speed" v="?;off"/>
 </node>
 <node id="316785975" visible="true" version="4" changeset="120477966" timestamp="2022-05-02T20:41:39Z" user="kartograph" uid="17304" lat="52.5368412" lon="13.4470715"/>
 <node id="316785976" visible="true" version="5" changeset="120477966" timestamp="2022-05-02T20:41:39Z" user="kartograph" uid="17304" lat="52.5363435" lon="13.4477725"/>
 <node id="316785977" visible="true" version="5" changeset="149154540" timestamp="2024-03-26T00:38:05Z" user="Lukas615" uid="675791" lat="52.5360179" lon="13.4481244"/>
 <node id="316786332" visible="true" version="6" changeset="146951456" timestamp="2024-02-01T15:37:07Z" user="Lukas615" uid="675791" lat="52.5275787" lon="13.4566286">
  <tag k="operator" v="DB InfraGO AG"/>
  <tag k="railway" v="signal"/>
  <tag k="railway:signal:direction" v="backward"/>
  <tag k="railway:signal:position" v="left"/>
  <tag k="railway:signal:speed_limit" v="DE-ESO:lf7"/>
  <tag k="railway:signal:speed_limit:deactivated" v="no"/>
  <tag k="railway:signal:speed_limit:form" v="sign"/>
  <tag k="railway:signal:speed_limit:height" v="normal"/>
  <tag k="railway:signal:speed_limit:speed" v="80"/>
 </node>
 <node id="316786334" visible="true" version="5" changeset="146951456" timestamp="2024-02-01T15:37:07Z" user="Lukas615" uid="675791" lat="52.5266343" lon="13.4576523"/>
 <node id="316786335" visible="true" version="4" changeset="124285168" timestamp="2022-07-30T22:55:37Z" user="kartograph" uid="17304" lat="52.5260422" lon="13.4583956"/>
 <node id="316786336" visible="true" version="7" changeset="146951456" timestamp="2024-02-01T15:37:07Z" user="Lukas615" uid="675791" lat="52.5254538" lon="13.4594968">
  <tag k="operator" v="DB InfraGO AG"/>
  <tag k="railway" v="signal"/>
  <tag k="railway:signal:combined" v="DE-ESO:ks"/>
  <tag k="railway:signal:combined:deactivated" v="no"/>
  <tag k="railway:signal:combined:form" v="light"/>
  <tag k="railway:signal:combined:function" v="block"/>
  <tag k="railway:signal:combined:height" v="normal"/>
  <tag k="railway:signal:combined:shortened" v="no"/>
  <tag k="railway:signal:combined:states" v="DE-ESO:hp0;DE-ESO:ks1;DE-ESO:ks2"/>
  <tag k="railway:signal:combined:substitute_signal" v="DE-ESO:db:zs12;DE-ESO:db:zs7"/>
  <tag k="railway:signal:direction" v="forward"/>
  <tag k="railway:signal:position" v="right"/>
  <tag k="railway:signal:speed_limit" v="DE-ESO:zs3"/>
  <tag k="railway:signal:speed_limit:deactivated" v="no"/>
  <tag k="railway:signal:speed_limit:form" v="light"/>
  <tag k="railway:signal:speed_limit:height" v="normal"/>
  <tag k="railway:signal:speed_limit:speed" v="?;off"/>
  <tag k="railway:signal:traversable" v="DE-ESO:mastschild_rot-weiss"/>
  <tag k="railway:signal:traversable:type" v="written_default_speed;dictated_default_speed"/>
  <tag k="ref" v="6035"/>
 </node>
 <node id="316786337" visible="true" version="7" changeset="146951456" timestamp="2024-02-01T15:37:07Z" user="Lukas615" uid="675791" lat="52.5244554" lon="13.4623648"/>
 <node id="316786338" visible="true" version="6" changeset="146951456" timestamp="2024-02-01T15:37:07Z" user="Lukas615" uid="675791" lat="52.5241926" lon="13.4631526"/>
 <node id="316786339" visible="true" version="8" changeset="146951456" timestamp="2024-02-01T15:37:07Z" user="Lukas615" uid="675791" lat="52.5233705" lon="13.4663367">
  <tag k="operator" v="DB InfraGO AG"/>
  <tag k="railway" v="signal"/>
  <tag k="railway:signal:combined" v="DE-ESO:ks"/>
  <tag k="railway:signal:combined:deactivated" v="no"/>
  <tag k="railway:signal:combined:form" v="light"/>
  <tag k="railway:signal:combined:function" v="block"/>
  <tag k="railway:signal:combined:height" v="normal"/>
  <tag k="railway:signal:combined:shortened" v="no"/>
  <tag k="railway:signal:combined:states" v="DE-ESO:hp0;DE-ESO:ks1;DE-ESO:ks2"/>
  <tag k="railway:signal:direction" v="forward"/>
  <tag k="railway:signal:position" v="right"/>
  <tag k="railway:signal:traversable" v="DE-ESO:mastschild_schwarz-weiss"/>
  <tag k="railway:signal:traversable:type" v="always_on_sight"/>
  <tag k="ref" v="6041"/>
  <tag k="source" v="survey"/>
 </node>
 <node id="316786612" visible="true" version="5" changeset="146951456" timestamp="2024-02-01T15:37:07Z" user="Lukas615" uid="675791" lat="52.5249571" lon="13.4608611">
  <tag k="operator" v="DB InfraGO AG"/>
  <tag k="railway" v="signal"/>
  <tag k="railway:signal:combined" v="DE-ESO:ks"/>
  <tag k="railway:signal:combined:deactivated" v="no"/>
  <tag k="railway:signal:combined:form" v="light"/>
  <tag k="railway:signal:combined:function" v="block"/>
  <tag k="railway:signal:combined:height" v="normal"/>
  <tag k="railway:signal:combined:shortened" v="no"/>
  <tag k="railway:signal:combined:states" v="DE-ESO:hp0;DE-ESO:ks1;DE-ESO:ks2"/>
  <tag k="railway:signal:combined:substitute_signal" v="DE-ESO:db:zs12;DE-ESO:dr:zs1"/>
  <tag k="railway:signal:direction" v="backward"/>
  <tag k="railway:signal:position" v="left"/>
  <tag k="railway:signal:speed_limit" v="DE-ESO:zs3"/>
  <tag k="railway:signal:speed_limit:deactivated" v="no"/>
  <tag k="railway:signal:speed_limit:form" v="light"/>
  <tag k="railway:signal:speed_limit:height" v="normal"/>
  <tag k="railway:signal:speed_limit:speed" v="?"/>
  <tag k="railway:signal:traversable" v="DE-ESO:mastschild_rot-weiss"/>
  <tag k="railway:signal:traversable:type" v="written_default_speed;dictated_default_speed"/>
  <tag k="ref" v="6038"/>
 </node>
 <node id="316786615" visible="true" version="5" changeset="124285168" timestamp="2022-07-30T22:55:37Z" user="kartograph" uid="17304" lat="52.5251827" lon="13.4602089"/>
 <node id="316786616" visible="true" version="6" changeset="146951456" timestamp="2024-02-01T15:37:07Z" user="Lukas615" uid="675791" lat="52.5257122" lon="13.4589512"/>
 <node id="316786619" visible="true" version="7" changeset="146951456" timestamp="2024-02-01T15:37:07Z" user="Lukas615" uid="675791" lat="52.5238226" lon="13.4643133"/>
 <node id="316786620" visible="true" version="18" changeset="172553771" timestamp="2025-09-28T07:19:46Z" user="jengelh" uid="1468043" lat="52.5235155" lon="13.4656543">
  <tag k="description" v="S Storkower Straße, Gleis 1"/>
  <tag k="light_rail" v="yes"/>
  <tag k="name" v="Storkower Straße"/>
  <tag k="public_transport" v="stop_position"/>
  <tag k="railway" v="stop"/>
  <tag k="ref" v="1"/>
  <tag k="train" v="yes"/>
  <tag k="usage" v="main"/>
 </node>
 <node id="316787127" visible="true" version="4" changeset="124285168" timestamp="2022-07-30T22:55:37Z" user="kartograph" uid="17304" lat="52.5228861" lon="13.4681713"/>
 <node id="316787128" visible="true" version="4" changeset="124285168" timestamp="2022-07-30T22:55:37Z" user="kartograph" uid="17304" lat="52.5225075" lon="13.4689808"/>
 <node id="316787129" visible="true" version="4" changeset="124285168" timestamp="2022-07-30T22:55:37Z" user="kartograph" uid="17304" lat="52.5219848" lon="13.4697426"/>
 <node id="316787130" visible="true" version="3" changeset="124285168" timestamp="2022-07-30T22:55:37Z" user="kartograph" uid="17304" lat="52.5209853" lon="13.4705916"/>
 <node id="316787133" visible="true" version="4" changeset="124285168" timestamp="2022-07-30T22:55:37Z" user="kartograph" uid="17304" lat="52.5222894" lon="13.4693369">
  <tag k="railway" v="signal"/>
  <tag k="ref" v="8043"/>
  <tag k="source" v="survey"/>
 </node>
 <node id="316787134" visible="true" version="4" changeset="124285168" timestamp="2022-07-30T22:55:37Z" user="kartograph" uid="17304" lat="52.5214026" lon="13.4703108"/>
 <node id="316787135" visible="true" version="4" changeset="124285168" timestamp="2022-07-30T22:55:37Z" user="kartograph" uid="17304" lat="52.5226971" lon="13.4686118"/>
 <node id="316787138" visible="true" version="4" changeset="124285168" timestamp="2022-07-30T22:55:37Z" user="kartograph" uid="17304" lat="52.5232290" lon="13.4669908"/>
 <node id="316787141" visible="true" version="4" changeset="124285168" timestamp="2022-07-30T22:55:37Z" user="kartograph" uid="17304" lat="52.5203774" lon="13.4709333"/>
 <node id="316787142" visible="true" version="4" changeset="124285168" timestamp="2022-07-30T22:55:37Z" user="kartograph" uid="17304" lat="52.5196991" lon="13.4713291"/>
 <node id="316787144" visible="true" version="4" changeset="124285168" timestamp="2022-07-30T22:55:37Z" user="kartograph" uid="17304" lat="52.5184853" lon="13.4721882"/>
 <node id="316787414" visible="true" version="3" changeset="124285168" timestamp="2022-07-30T22:55:37Z" user="kartograph" uid="17304" lat="52.5170817" lon="13.4731759"/>
 <node id="316787415" visible="true" version="6" changeset="146951456" timestamp="2024-02-01T15:37:07Z" user="Lukas615" uid="675791" lat="52.5159583" lon="13.4739137"/>
 <node id="316787417" visible="true" version="21" changeset="172741913" timestamp="2025-10-02T10:08:12Z" user="dbsus" uid="10308843" lat="52.5145767" lon="13.4747039">
  <tag k="description" v="S Frankfurter Allee, Gleis 1"/>
  <tag k="light_rail" v="yes"/>
  <tag k="name" v="Frankfurter Allee"/>
  <tag k="operator" v="DB InfraGO AG"/>
  <tag k="public_transport" v="stop_position"/>
  <tag k="railway" v="stop"/>
  <tag k="ref" v="1"/>
  <tag k="train" v="yes"/>
  <tag k="usage" v="main"/>
 </node>
 <node id="316787424" visible="true" version="5" changeset="26385992" timestamp="2014-10-28T12:03:39Z" user="tklug" uid="2415107" lat="52.5141121" lon="13.4749951"/>
 <node id="316787425" visible="true" version="8" changeset="130534392" timestamp="2022-12-26T23:33:07Z" user="Lukas615" uid="675791" lat="52.5134428" lon="13.4752022"/>
 <node id="316787426" visible="true" version="7" changeset="124285168" timestamp="2022-07-30T22:55:37Z" user="kartograph" uid="17304" lat="52.5122068" lon="13.4755019"/>
 <node id="316787553" visible="true" version="8" changeset="124285168" timestamp="2022-07-30T22:55:37Z" user="kartograph" uid="17304" lat="52.5118021" lon="13.4756015"/>
 <node id="316787554" visible="true" version="5" changeset="130534392" timestamp="2022-12-26T23:33:07Z" user="Lukas615" uid="675791" lat="52.5113845" lon="13.4756662"/>
 <node id="316788274" visible="true" version="8" changeset="130534392" timestamp="2022-12-26T23:33:07Z" user="Lukas615" uid="675791" lat="52.5138823" lon="13.4750925"/>
 <node id="320482484" visible="true" version="3" changeset="146115234" timestamp="2024-01-10T18:50:48Z" user="Lukas615" uid="675791" lat="52.4917654" lon="13.4600859">
  <tag k="operator" v="DB InfraGO AG"/>
  <tag k="railway" v="switch"/>
  <tag k="railway:local_operated" v="no"/>
  <tag k="railway:switch" v="default"/>
  <tag k="railway:switch:electric" v="yes"/>
  <tag k="railway:switch:heated" v="yes"/>
  <tag k="railway:switch:movable_frog" v="no"/>
  <tag k="railway:switch:resetting" v="no"/>
  <tag k="railway:turnout_side" v="left"/>
 </node>
 <node id="320482486" visible="true" version="3" changeset="38024412" timestamp="2016-03-23T18:09:22Z" user="Elwood" uid="6669" lat="52.4903121" lon="13.4590560"/>
 <node id="322813769" visible="true" version="6" changeset="147513353" timestamp="2024-02-16T02:12:19Z" user="Lukas615" uid="675791" lat="52.5487612" lon="13.3864976">
  <tag k="description" v="Ks-Mehrabschnittssignal in nordöstlicher Richtung"/>
  <tag k="operator" v="DB Netz AG"/>
  <tag k="railway" v="signal"/>
  <tag k="railway:signal:combined" v="DE-ESO:ks"/>
  <tag k="railway:signal:combined:deactivated" v="no"/>
  <tag k="railway:signal:combined:form" v="light"/>
  <tag k="railway:signal:combined:function" v="block"/>
  <tag k="railway:signal:combined:height" v="normal"/>
  <tag k="railway:signal:combined:shortened" v="no"/>
  <tag k="railway:signal:combined:states" v="DE-ESO:hp0;DE-ESO:ks1;DE-ESO:ks2"/>
  <tag k="railway:signal:combined:substitute_signal" v="DE-ESO:db:zs12;DE-ESO:dr:zs1"/>
  <tag k="railway:signal:direction" v="forward"/>
  <tag k="railway:signal:position" v="right"/>
  <tag k="railway:signal:traversable" v="DE-ESO:mastschild_rot-weiss"/>
  <tag k="railway:signal:traversable:type" v="written_default_speed;dictated_default_speed"/>
  <tag k="ref" v="993"/>
 </node>
 <node id="322813773" visible="true" version="6" changeset="147513353" timestamp="2024-02-16T02:12:19Z" user="Lukas615" uid="675791" lat="52.5489959" lon="13.3880426">
  <tag k="operator" v="DB Netz AG"/>
  <tag k="railway" v="switch"/>
  <tag k="railway:local_operated" v="no"/>
  <tag k="railway:switch" v="default"/>
  <tag k="railway:switch:electric" v="yes"/>
  <tag k="railway:switch:movable_frog" v="no"/>
  <tag k="railway:switch:resetting" v="no"/>
  <tag k="railway:turnout_side" v="left"/>
 </node>
 <node id="322815679" visible="true" version="4" changeset="147628757" timestamp="2024-02-18T23:56:30Z" user="Lukas615" uid="675791" lat="52.5497241" lon="13.4084440"/>
 <node id="348077006" visible="true" version="3" changeset="34530056" timestamp="2015-10-09T13:39:36Z" user="Gavaasuren" uid="2144605" lat="52.4795392" lon="13.3127531"/>
 <node id="361622306" visible="true" version="3" changeset="57036007" timestamp="2018-03-09T15:54:33Z" user="Supaplex030" uid="418040" lat="52.4711581" lon="13.4529110"/>
 <node id="361622309" visible="true" version="2" changeset="57036007" timestamp="2018-03-09T15:54:34Z" user="Supaplex030" uid="418040" lat="52.4715011" lon="13.4537356"/>
 <node id="366015143" visible="true" version="4" changeset="149098273" timestamp="2024-03-24T16:58:28Z" user="Lukas615" uid="675791" lat="52.4784412" lon="13.3152040"/>
 <node id="366040429" visible="true" version="5" changeset="132556582" timestamp="2023-02-14T22:03:12Z" user="kartograph" uid="17304" lat="52.4720005" lon="13.3706632"/>
 <node id="366040430" visible="true" version="7" changeset="146763374" timestamp="2024-01-28T00:50:10Z" user="Lukas615" uid="675791" lat="52.4738343" lon="13.3668213"/>
 <node id="402948576" visible="true" version="5" changeset="158597161" timestamp="2024-10-31T20:42:12Z" user="Lukas615" uid="675791" lat="52.4722623" lon="13.4548581">
  <tag k="operator" v="DB InfraGO AG"/>
  <tag k="railway" v="signal"/>
  <tag k="railway:signal:combined" v="DE-ESO:ks"/>
  <tag k="railway:signal:combined:deactivated" v="no"/>
  <tag k="railway:signal:combined:form" v="light"/>
  <tag k="railway:signal:combined:height" v="normal"/>
  <tag k="railway:signal:combined:shortened" v="no"/>
  <tag k="railway:signal:combined:states" v="DE-ESO:hp0;DE-ESO:ks1;DE-ESO:ks2"/>
  <tag k="railway:signal:combined:substitute_signal" v="DE-ESO:dr:zs1"/>
  <tag k="railway:signal:direction" v="forward"/>
  <tag k="railway:signal:position" v="left"/>
  <tag k="railway:signal:speed_limit_distant" v="DE-ESO:zs3v"/>
  <tag k="railway:signal:speed_limit_distant:deactivated" v="no"/>
  <tag k="railway:signal:speed_limit_distant:form" v="light"/>
  <tag k="railway:signal:speed_limit_distant:height" v="normal"/>
  <tag k="railway:signal:speed_limit_distant:speed" v="60;?;off"/>
  <tag k="railway:signal:traversable" v="DE-ESO:mastschild_schwarz-weiss"/>
  <tag k="railway:signal:traversable:type" v="always_on_sight"/>
  <tag k="ref" v="707"/>
 </node>
 <node id="402948578" visible="true" version="2" changeset="40930452" timestamp="2016-07-21T19:12:55Z" user="anbr" uid="43566" lat="52.4713829" lon="13.4534921"/>
 <node id="402948580" visible="true" version="2" changeset="57036007" timestamp="2018-03-09T15:54:34Z" user="Supaplex030" uid="418040" lat="52.4716913" lon="13.4540813"/>
 <node id="403048448" visible="true" version="4" changeset="34671832" timestamp="2015-10-16T10:02:31Z" user="Gavaasuren" uid="2144605" lat="52.4730049" lon="13.4556204"/>
 <node id="403048455" visible="true" version="3" changeset="34493123" timestamp="2015-10-07T15:16:54Z" user="Gavaasuren" uid="2144605" lat="52.4732644" lon="13.4558133"/>
 <node id="518394188" visible="true" version="7" changeset="147471906" timestamp="2024-02-15T01:43:05Z" user="Lukas615" uid="675791" lat="52.5492558" lon="13.4152487"/>
 <node id="527839710" visible="true" version="1" changeset="2801435" timestamp="2009-10-10T10:12:16Z" user="Elwood" uid="6669" lat="52.5307841" lon="13.3026458"/>
 <node id="527839717" visible="true" version="3" changeset="147664294" timestamp="2024-02-19T19:04:32Z" user="Lukas615" uid="675791" lat="52.5333525" lon="13.3221264">
  <tag k="operator" v="DB InfraGO AG"/>
  <tag k="railway" v="switch"/>
  <tag k="railway:local_operated" v="no"/>
  <tag k="railway:switch" v="default"/>
  <tag k="railway:switch:electric" v="yes"/>
  <tag k="railway:switch:heated" v="yes"/>
  <tag k="railway:switch:movable_frog" v="no"/>
  <tag k="railway:switch:resetting" v="no"/>
  <tag k="railway:turnout_side" v="left"/>
 </node>
 <node id="527839720" visible="true" version="4" changeset="147664294" timestamp="2024-02-19T19:04:32Z" user="Lukas615" uid="675791" lat="52.5337021" lon="13.3247442">
  <tag k="operator" v="DB InfraGO AG"/>
  <tag k="railway" v="switch"/>
  <tag k="railway:local_operated" v="no"/>
  <tag k="railway:switch" v="default"/>
  <tag k="railway:switch:electric" v="yes"/>
  <tag k="railway:switch:heated" v="yes"/>
  <tag k="railway:switch:movable_frog" v="no"/>
  <tag k="railway:switch:resetting" v="no"/>
  <tag k="railway:turnout_side" v="right"/>
 </node>
 <node id="527869626" visible="true" version="2" changeset="147664294" timestamp="2024-02-19T19:04:32Z" user="Lukas615" uid="675791" lat="52.5364578" lon="13.3464177"/>
 <node id="527869632" visible="true" version="2" changeset="147664294" timestamp="2024-02-19T19:04:32Z" user="Lukas615" uid="675791" lat="52.5365877" lon="13.3479190"/>
 <node id="527869637" visible="true" version="4" changeset="147664294" timestamp="2024-02-19T19:04:32Z" user="Lukas615" uid="675791" lat="52.5371586" lon="13.3522985"/>
 <node id="527869639" visible="true" version="3" changeset="139365676" timestamp="2023-08-02T21:47:22Z" user="der neue" uid="2070657" lat="52.5370432" lon="13.3509076"/>
 <node id="540021624" visible="true" version="7" changeset="149071729" timestamp="2024-03-24T00:25:19Z" user="Lukas615" uid="675791" lat="52.4969873" lon="13.2892861">
  <tag k="operator" v="DB Netz AG"/>
  <tag k="railway" v="switch"/>
  <tag k="railway:local_operated" v="no"/>
  <tag k="railway:switch" v="default"/>
  <tag k="railway:switch:electric" v="yes"/>
  <tag k="railway:switch:heated" v="yes"/>
  <tag k="railway:switch:movable_frog" v="no"/>
  <tag k="railway:switch:resetting" v="no"/>
  <tag k="railway:turnout_side" v="left"/>
  <tag k="ref" v="718"/>
 </node>
 <node id="540021625" visible="true" version="4" changeset="55939550" timestamp="2018-01-31T17:06:29Z" user="sandrow75" uid="4445038" lat="52.4975570" lon="13.2884730"/>
 <node id="540043295" visible="true" version="2" changeset="4081956" timestamp="2010-03-09T15:59:24Z" user="wetterfrosch" uid="44274" lat="52.4941427" lon="13.2932739"/>
 <node id="540043301" visible="true" version="6" changeset="149071729" timestamp="2024-03-24T00:25:19Z" user="Lukas615" uid="675791" lat="52.4932071" lon="13.2944743">
  <tag k="operator" v="DB InfraGO AG"/>
  <tag k="railway" v="signal"/>
  <tag k="railway:signal:combined" v="DE-ESO:ks"/>
  <tag k="railway:signal:combined:deactivated" v="no"/>
  <tag k="railway:signal:combined:form" v="light"/>
  <tag k="railway:signal:combined:function" v="block"/>
  <tag k="railway:signal:combined:height" v="normal"/>
  <tag k="railway:signal:combined:shortened" v="no"/>
  <tag k="railway:signal:combined:states" v="DE-ESO:hp0;DE-ESO:ks1;DE-ESO:ks2"/>
  <tag k="railway:signal:combined:substitute_signal" v="DE-ESO:db:zs12;DE-ESO:db:zs7;DE-ESO:dr:zs1"/>
  <tag k="railway:signal:direction" v="forward"/>
  <tag k="railway:signal:position" v="right"/>
  <tag k="railway:signal:speed_limit" v="DE-ESO:zs3"/>
  <tag k="railway:signal:speed_limit:deactivated" v="no"/>
  <tag k="railway:signal:speed_limit_distant" v="DE-ESO:zs3v"/>
  <tag k="railway:signal:speed_limit_distant:deactivated" v="no"/>
  <tag k="railway:signal:speed_limit_distant:form" v="light"/>
  <tag k="railway:signal:speed_limit_distant:height" v="normal"/>
  <tag k="railway:signal:speed_limit_distant:speed" v="40;off"/>
  <tag k="railway:signal:speed_limit:form" v="light"/>
  <tag k="railway:signal:speed_limit:height" v="normal"/>
  <tag k="railway:signal:speed_limit:speed" v="60;?"/>
  <tag k="railway:signal:traversable" v="DE-ESO:mastschild_rot-weiss"/>
  <tag k="railway:signal:traversable:type" v="written_default_speed;dictated_default_speed"/>
  <tag k="ref" v="857"/>
 </node>
 <node id="567183124" visible="true" version="1" changeset="3164070" timestamp="2009-11-19T21:04:29Z" user="SaPoX" uid="10549" lat="52.5484270" lon="13.3841789"/>
 <node id="567183127" visible="true" version="2" changeset="147513353" timestamp="2024-02-16T02:12:19Z" user="Lukas615" uid="675791" lat="52.5484771" lon="13.3846057"/>
 <node id="567183143" visible="true" version="2" changeset="34368716" timestamp="2015-10-01T14:11:12Z" user="Gavaasuren" uid="2144605" lat="52.5488175" lon="13.3868573"/>
 <node id="567474294" visible="true" version="3" changeset="162340510" timestamp="2025-02-10T08:39:37Z" user="kartograph" uid="17304" lat="52.4771557" lon="13.3646756"/>
 <node id="567474319" visible="true" version="3" changeset="146763374" timestamp="2024-01-28T00:50:10Z" user="Lukas615" uid="675791" lat="52.4766879" lon="13.3650850">
  <tag k="operator" v="DB InfraGO AG"/>
  <tag k="railway" v="switch"/>
  <tag k="railway:local_operated" v="no"/>
  <tag k="railway:switch" v="inner_curved"/>
  <tag k="railway:switch:electric" v="yes"/>
  <tag k="railway:switch:heated" v="yes"/>
  <tag k="railway:switch:movable_frog" v="no"/>
  <tag k="railway:switch:resetting" v="no"/>
  <tag k="railway:turnout_side" v="left"/>
 </node>
 <node id="567476006" visible="true" version="5" changeset="146763374" timestamp="2024-01-28T00:50:10Z" user="Lukas615" uid="675791" lat="52.4732019" lon="13.3674924"/>
 <node id="567476013" visible="true" version="10" changeset="146763374" timestamp="2024-01-28T00:50:10Z" user="Lukas615" uid="675791" lat="52.4744768" lon="13.3663714">
  <tag k="operator" v="DB InfraGO AG"/>
  <tag k="railway" v="switch"/>
  <tag k="railway:local_operated" v="no"/>
  <tag k="railway:switch" v="outer_curved"/>
  <tag k="railway:switch:electric" v="yes"/>
  <tag k="railway:switch:heated" v="yes"/>
  <tag k="railway:switch:movable_frog" v="no"/>
  <tag k="railway:switch:resetting" v="no"/>
  <tag k="railway:turnout_side" v="right"/>
 </node>
 <node id="567476016" visible="true" version="8" changeset="146800363" timestamp="2024-01-29T01:42:27Z" user="Lukas615" uid="675791" lat="52.4749877" lon="13.3661164">
  <tag k="fixme" v="Ein Zusatzanzeiger noch nicht vollständig erfasst"/>
  <tag k="operator" v="DB InfraGO AG"/>
  <tag k="railway" v="signal"/>
  <tag k="railway:signal:combined" v="DE-ESO:ks"/>
  <tag k="railway:signal:combined:deactivated" v="no"/>
  <tag k="railway:signal:combined:form" v="light"/>
  <tag k="railway:signal:combined:function" v="intermediate"/>
  <tag k="railway:signal:combined:height" v="normal"/>
  <tag k="railway:signal:combined:shortened" v="yes"/>
  <tag k="railway:signal:combined:states" v="DE-ESO:hp0;DE-ESO:ks1;DE-ESO:ks2"/>
  <tag k="railway:signal:combined:substitute_signal" v="DE-ESO:db:zs12;DE-ESO:dr:zs1"/>
  <tag k="railway:signal:direction" v="forward"/>
  <tag k="railway:signal:position" v="right"/>
  <tag k="railway:signal:speed_limit_distant" v="DE-ESO:zs3v"/>
  <tag k="railway:signal:speed_limit_distant:deactivated" v="no"/>
  <tag k="railway:signal:speed_limit_distant:form" v="light"/>
  <tag k="railway:signal:speed_limit_distant:height" v="normal"/>
  <tag k="railway:signal:speed_limit_distant:speed" v="60;?;off"/>
  <tag k="railway:signal:traversable" v="DE-ESO:mastschild_rot-weiss"/>
  <tag k="railway:signal:traversable:type" v="written_default_speed;dictated_default_speed"/>
  <tag k="ref" v="787"/>
 </node>
 <node id="581893821" visible="true" version="3" changeset="130534392" timestamp="2022-12-26T23:33:07Z" user="Lukas615" uid="675791" lat="52.5106112" lon="13.4755843"/>
 <node id="581893826" visible="true" version="2" changeset="130534392" timestamp="2022-12-26T23:33:07Z" user="Lukas615" uid="675791" lat="52.5109444" lon="13.4756528">
  <tag k="railway" v="signal"/>
  <tag k="railway:signal:combined" v="DE-ESO:ks"/>
  <tag k="railway:signal:combined:deactivated" v="no"/>
  <tag k="railway:signal:combined:form" v="light"/>
  <tag k="railway:signal:combined:function" v="block"/>
  <tag k="railway:signal:combined:height" v="normal"/>
  <tag k="railway:signal:combined:shortened" v="no"/>
  <tag k="railway:signal:combined:states" v="DE-ESO:hp0;DE-ESO:ks1;DE-ESO:ks2"/>
  <tag k="railway:signal:combined:substitute_signal" v="DE-ESO:db:zs12;DE-ESO:dr:zs1"/>
  <tag k="railway:signal:direction" v="backward"/>
  <tag k="railway:signal:position" v="bridge"/>
  <tag k="railway:signal:traversable" v="DE-ESO:mastschild_rot-weiss"/>
  <tag k="railway:signal:traversable:type" v="written_default_speed;dictated_default_speed"/>
  <tag k="ref" v="6054"/>
 </node>
 <node id="581893828" visible="true" version="3" changeset="130534392" timestamp="2022-12-26T23:33:07Z" user="Lukas615" uid="675791" lat="52.5112290" lon="13.4756728"/>
 <node id="604659335" visible="true" version="4" changeset="146843282" timestamp="2024-01-30T01:09:23Z" user="Lukas615" uid="675791" lat="52.4785893" lon="13.3486468">
  <tag k="operator" v="DB InfraGO AG"/>
  <tag k="railway" v="switch"/>
  <tag k="railway:local_operated" v="no"/>
  <tag k="railway:switch" v="default"/>
  <tag k="railway:switch:electric" v="yes"/>
  <tag k="railway:switch:heated" v="yes"/>
  <tag k="railway:switch:movable_frog" v="no"/>
  <tag k="railway:switch:resetting" v="no"/>
  <tag k="railway:turnout_side" v="right"/>
 </node>
 <node id="604676071" visible="true" version="3" changeset="162697339" timestamp="2025-02-19T11:44:57Z" user="kartograph" uid="17304" lat="52.4798540" lon="13.3561085"/>
 <node id="604676082" visible="true" version="3" changeset="162697339" timestamp="2025-02-19T11:44:57Z" user="kartograph" uid="17304" lat="52.4798391" lon="13.3557247"/>
 <node id="604676092" visible="true" version="3" changeset="162697339" timestamp="2025-02-19T11:44:57Z" user="kartograph" uid="17304" lat="52.4798681" lon="13.3572064"/>
 <node id="604676111" visible="true" version="2" changeset="146800363" timestamp="2024-01-29T01:42:27Z" user="Lukas615" uid="675791" lat="52.4796231" lon="13.3589178"/>
 <node id="604676267" visible="true" version="2" changeset="146800363" timestamp="2024-01-29T01:42:27Z" user="Lukas615" uid="675791" lat="52.4794894" lon="13.3594460"/>
 <node id="614445863" visible="true" version="1" changeset="3627948" timestamp="2010-01-15T22:16:29Z" user="Elwood" uid="6669" lat="52.5413340" lon="13.3638886"/>
 <node id="621888103" visible="true" version="3" changeset="146694822" timestamp="2024-01-26T02:55:44Z" user="Lukas615" uid="675791" lat="52.4666298" lon="13.3975540"/>
 <node id="670814567" visible="true" version="4" changeset="45030950" timestamp="2017-01-09T17:01:39Z" user="soemisch" uid="2290263" lat="52.4795836" lon="13.3526849"/>
 <node id="900970298" visible="true" version="3" changeset="150660431" timestamp="2024-04-29T12:11:29Z" user="Lukas615" uid="675791" lat="52.5065937" lon="13.2829259"/>
 <node id="1020296575" visible="true" version="2" changeset="34381613" timestamp="2015-10-02T04:46:53Z" user="tklug" uid="2415107" lat="52.5122513" lon="13.2862002"/>
 <node id="1020296756" visible="true" version="2" changeset="34381613" timestamp="2015-10-02T04:46:53Z" user="tklug" uid="2415107" lat="52.5116693" lon="13.2860658"/>
 <node id="1092531905" visible="true" version="2" changeset="44891413" timestamp="2017-01-04T07:35:21Z" user="soemisch" uid="2290263" lat="52.5046501" lon="13.2824335"/>
 <node id="1092531915" visible="true" version="4" changeset="150660431" timestamp="2024-04-29T12:11:29Z" user="Lukas615" uid="675791" lat="52.5033977" lon="13.2824545">
  <tag k="operator" v="DB InfraGO AG"/>
  <tag k="railway" v="milestone"/>
  <tag k="railway:milestone:catenary_mast" v="no"/>
  <tag k="railway:milestone:emergency_brake_override" v="no"/>
  <tag k="railway:position" v="30.7"/>
 </node>
 <node id="1092652458" visible="true" version="2" changeset="34381613" timestamp="2015-10-02T04:46:53Z" user="tklug" uid="2415107" lat="52.5128479" lon="13.2862521"/>
 <node id="1092652687" visible="true" version="1" changeset="6910287" timestamp="2011-01-08T23:09:11Z" user="Plan_A" uid="59428" lat="52.5112599" lon="13.2859246"/>
 <node id="1092652713" visible="true" version="3" changeset="147412996" timestamp="2024-02-13T15:04:39Z" user="Lukas615" uid="675791" lat="52.5102283" lon="13.2854106">
  <tag k="operator" v="DB InfraGO AG"/>
  <tag k="railway" v="signal"/>
  <tag k="railway:signal:combined" v="DE-ESO:ks"/>
  <tag k="railway:signal:combined:deactivated" v="no"/>
  <tag k="railway:signal:combined:form" v="light"/>
  <tag k="railway:signal:combined:height" v="normal"/>
  <tag k="railway:signal:combined:shortened" v="no"/>
  <tag k="railway:signal:combined:states" v="DE-ESO:hp0;DE-ESO:ks1;DE-ESO:ks2"/>
  <tag k="railway:signal:combined:substitute_signal" v="DE-ESO:dr:zs1"/>
  <tag k="railway:signal:direction" v="forward"/>
  <tag k="railway:signal:position" v="right"/>
  <tag k="railway:signal:speed_limit" v="DE-ESO:zs3"/>
  <tag k="railway:signal:speed_limit:deactivated" v="no"/>
  <tag k="railway:signal:speed_limit:form" v="light"/>
  <tag k="railway:signal:speed_limit:height" v="normal"/>
  <tag k="railway:signal:speed_limit:speed" v="60;?"/>
  <tag k="railway:signal:traversable" v="DE-ESO:mastschild_schwarz-weiss"/>
  <tag k="railway:signal:traversable:type" v="always_on_sight"/>
  <tag k="ref" v="883"/>
 </node>
 <node id="1092652756" visible="true" version="3" changeset="147412996" timestamp="2024-02-13T15:04:39Z" user="Lukas615" uid="675791" lat="52.5107362" lon="13.2856902"/>
 <node id="1095078246" visible="true" version="14" changeset="172553771" timestamp="2025-09-28T07:19:46Z" user="jengelh" uid="1468043" lat="52.4675681" lon="13.4303522">
  <tag k="description" v="S Hermannstraße, Gleis 1"/>
  <tag k="light_rail" v="yes"/>
  <tag k="name" v="Hermannstraße"/>
  <tag k="operator" v="DB InfraGO AG"/>
  <tag k="public_transport" v="stop_position"/>
  <tag k="railway" v="stop"/>
  <tag k="ref" v="1"/>
  <tag k="train" v="yes"/>
  <tag k="usage" v="main"/>
 </node>
 <node id="1095078318" visible="true" version="16" changeset="172553771" timestamp="2025-09-28T07:19:46Z" user="jengelh" uid="1468043" lat="52.4763351" lon="13.3653382">
  <tag k="description" v="S Südkreuz, Gleis 11"/>
  <tag k="light_rail" v="yes"/>
  <tag k="name" v="Südkreuz"/>
  <tag k="operator" v="DB InfraGO AG"/>
  <tag k="public_transport" v="stop_position"/>
  <tag k="railway" v="stop"/>
  <tag k="railway:ref" v="BSKR"/>
  <tag k="ref" v="11"/>
  <tag k="train" v="yes"/>
 </node>
 <node id="1106283795" visible="true" version="15" changeset="172553771" timestamp="2025-09-28T07:19:46Z" user="jengelh" uid="1468043" lat="52.4934080" lon="13.4611736">
  <tag k="description" v="S Treptower Park, Gleis 1"/>
  <tag k="light_rail" v="yes"/>
  <tag k="local_ref" v="1"/>
  <tag k="name" v="Treptower Park"/>
  <tag k="public_transport" v="stop_position"/>
  <tag k="railway" v="stop"/>
  <tag k="ref" v="1"/>
  <tag k="train" v="yes"/>
  <tag k="usage" v="main"/>
 </node>
 <node id="1106283806" visible="true" version="19" changeset="172553771" timestamp="2025-09-28T07:19:46Z" user="jengelh" uid="1468043" lat="52.4725382" lon="13.4551680">
  <tag k="description" v="S Sonnenallee, Gleis 1"/>
  <tag k="gtfs_id" v="060077106401"/>
  <tag k="light_rail" v="yes"/>
  <tag k="local_ref" v="1"/>
  <tag k="name" v="Sonnenallee"/>
  <tag k="public_transport" v="stop_position"/>
  <tag k="railway" v="stop"/>
  <tag k="train" v="yes"/>
 </node>
 <node id="1127966959" visible="true" version="5" changeset="121985193" timestamp="2022-06-05T16:27:26Z" user="kartonage" uid="1497225" lat="52.5489959" lon="13.4162691"/>
 <node id="1127966986" visible="true" version="16" changeset="172647264" timestamp="2025-09-30T07:48:29Z" user="dbsus" uid="10308843" lat="52.5288924" lon="13.4552684">
  <tag k="description" v="S Landsberger Allee, Gleis 1"/>
  <tag k="light_rail" v="yes"/>
  <tag k="name" v="Landsberger Allee"/>
  <tag k="operator" v="DB InfraGO AG"/>
  <tag k="public_transport" v="stop_position"/>
  <tag k="railway" v="stop"/>
  <tag k="ref" v="1"/>
  <tag k="usage" v="main"/>
 </node>
 <node id="1127967028" visible="true" version="16" changeset="172553771" timestamp="2025-09-28T07:19:46Z" user="jengelh" uid="1468043" lat="52.5398615" lon="13.4396585">
  <tag k="description" v="S Greifswalder Straße, Gleis 1"/>
  <tag k="light_rail" v="yes"/>
  <tag k="name" v="Greifswalder Straße"/>
  <tag k="public_transport" v="stop_position"/>
  <tag k="railway" v="stop"/>
  <tag k="ref" v="1"/>
  <tag k="train" v="yes"/>
 </node>
 <node id="1127967031" visible="true" version="16" changeset="172553771" timestamp="2025-09-28T07:19:46Z" user="jengelh" uid="1468043" lat="52.5433212" lon="13.3683388">
  <tag k="description" v="S Wedding, Gleis"/>
  <tag k="light_rail" v="yes"/>
  <tag k="name" v="Wedding"/>
  <tag k="public_transport" v="stop_position"/>
  <tag k="railway" v="stop"/>
  <tag k="ref" v="1"/>
  <tag k="train" v="yes"/>
  <tag k="usage" v="main"/>
 </node>
 <node id="1127967036" visible="true" version="15" changeset="172553771" timestamp="2025-09-28T07:19:46Z" user="jengelh" uid="1468043" lat="52.5489522" lon="13.4164114">
  <tag k="description" v="S Schönhauser Allee, Gleis 1"/>
  <tag k="light_rail" v="yes"/>
  <tag k="name" v="Schönhauser Allee"/>
  <tag k="public_transport" v="stop_position"/>
  <tag k="railway" v="stop"/>
  <tag k="ref" v="1"/>
  <tag k="train" v="yes"/>
  <tag k="usage" v="main"/>
 </node>
 <node id="1135738920" visible="true" version="2" changeset="149071729" timestamp="2024-03-24T00:25:19Z" user="Lukas615" uid="675791" lat="52.4988055" lon="13.2866819">
  <tag k="operator" v="DB InfraGO AG"/>
  <tag k="railway" v="milestone"/>
  <tag k="railway:milestone:catenary_mast" v="no"/>
  <tag k="railway:milestone:emergency_brake_override" v="no"/>
  <tag k="railway:position" v="30.1"/>
 </node>
 <node id="1135738965" visible="true" version="3" changeset="34363706" timestamp="2015-10-01T09:43:27Z" user="tklug" uid="2415107" lat="52.5017974" lon="13.2832082"/>
 <node id="1135739002" visible="true" version="5" changeset="150660431" timestamp="2024-04-29T12:11:29Z" user="Lukas615" uid="675791" lat="52.4993820" lon="13.2856850">
  <tag k="operator" v="DB InfraGO AG"/>
  <tag k="railway" v="signal"/>
  <tag k="railway:signal:direction" v="forward"/>
  <tag k="railway:signal:position" v="right"/>
  <tag k="railway:signal:speed_limit" v="DE-ESO:lf7"/>
  <tag k="railway:signal:speed_limit:deactivated" v="no"/>
  <tag k="railway:signal:speed_limit:form" v="sign"/>
  <tag k="railway:signal:speed_limit:height" v="normal"/>
  <tag k="railway:signal:speed_limit:speed" v="70"/>
 </node>
 <node id="1135739014" visible="true" version="3" changeset="34363706" timestamp="2015-10-01T09:43:27Z" user="tklug" uid="2415107" lat="52.5021834" lon="13.2829459"/>
 <node id="1135739022" visible="true" version="1" changeset="7183970" timestamp="2011-02-04T14:53:19Z" user="Elwood" uid="6669" lat="52.4983158" lon="13.2874099"/>
 <node id="1135739056" visible="true" version="2" changeset="55939550" timestamp="2018-01-31T17:06:30Z" user="sandrow75" uid="4445038" lat="52.4980612" lon="13.2877545"/>
 <node id="1135739063" visible="true" version="3" changeset="34363706" timestamp="2015-10-01T09:43:27Z" user="tklug" uid="2415107" lat="52.5000315" lon="13.2847244"/>
 <node id="1135739082" visible="true" version="2" changeset="34363706" timestamp="2015-10-01T09:43:27Z" user="tklug" uid="2415107" lat="52.4997590" lon="13.2850701"/>
 <node id="1232838143" visible="true" version="4" changeset="185041587" timestamp="2026-07-03T13:55:22Z" user="pfhllnts" uid="14153197" lat="52.5421370" lon="13.3656730">
  <tag k="operator" v="DB InfraGO AG"/>
  <tag k="railway" v="switch"/>
  <tag k="railway:turnout_side" v="right"/>
 </node>
 <node id="1258761708" visible="true" version="4" changeset="147628757" timestamp="2024-02-18T23:56:30Z" user="Lukas615" uid="675791" lat="52.5494271" lon="13.4020168"/>
 <node id="1355577262" visible="true" version="5" changeset="149098273" timestamp="2024-03-24T16:58:28Z" user="Lukas615" uid="675791" lat="52.4777100" lon="13.3312189">
  <tag k="operator" v="DB InfraGO AG"/>
  <tag k="railway" v="signal"/>
  <tag k="railway:signal:direction" v="backward"/>
  <tag k="railway:signal:position" v="right"/>
  <tag k="railway:signal:speed_limit" v="DE-ESO:lf7"/>
  <tag k="railway:signal:speed_limit:deactivated" v="no"/>
  <tag k="railway:signal:speed_limit:form" v="sign"/>
  <tag k="railway:signal:speed_limit:height" v="normal"/>
  <tag k="railway:signal:speed_limit:speed" v="90"/>
 </node>
 <node id="1359442536" visible="true" version="5" changeset="130534392" timestamp="2022-12-26T23:33:07Z" user="Lukas615" uid="675791" lat="52.5055973" lon="13.4710943"/>
 <node id="1359442552" visible="true" version="3" changeset="130534392" timestamp="2022-12-26T23:33:07Z" user="Lukas615" uid="675791" lat="52.5073422" lon="13.4728544">
  <tag k="operator" v="DB Netz AG"/>
  <tag k="railway" v="milestone"/>
  <tag k="railway:milestone:catenary_mast" v="no"/>
  <tag k="railway:milestone:emergency_brake_override" v="no"/>
  <tag k="railway:position" v="12.6"/>
 </node>
 <node id="1359442556" visible="true" version="5" changeset="130534392" timestamp="2022-12-26T23:33:07Z" user="Lukas615" uid="675791" lat="52.5067900" lon="13.4723268">
  <tag k="operator" v="DB Netz AG"/>
  <tag k="railway" v="switch"/>
  <tag k="railway:local_operated" v="no"/>
  <tag k="railway:switch" v="default"/>
  <tag k="railway:switch:electric" v="yes"/>
  <tag k="railway:switch:heated" v="yes"/>
  <tag k="railway:switch:movable_frog" v="no"/>
  <tag k="railway:switch:resetting" v="no"/>
  <tag k="railway:turnout_side" v="right"/>
 </node>
 <node id="1359442575" visible="true" version="5" changeset="130534392" timestamp="2022-12-26T23:33:07Z" user="Lukas615" uid="675791" lat="52.5067043" lon="13.4722448">
  <tag k="operator" v="DB Netz AG"/>
  <tag k="railway" v="switch"/>
  <tag k="railway:local_operated" v="no"/>
  <tag k="railway:switch" v="default"/>
  <tag k="railway:switch:electric" v="yes"/>
  <tag k="railway:switch:heated" v="yes"/>
  <tag k="railway:switch:movable_frog" v="no"/>
  <tag k="railway:switch:resetting" v="no"/>
  <tag k="railway:turnout_side" v="left"/>
 </node>
 <node id="1406769626" visible="true" version="6" changeset="72890047" timestamp="2019-08-01T09:53:14Z" user="robsteinde" uid="10027026" lat="52.5038985" lon="13.4692922"/>
 <node id="1406769627" visible="true" version="4" changeset="86741342" timestamp="2020-06-16T21:34:23Z" user="Lukas615" uid="675791" lat="52.5041380" lon="13.4694703"/>
 <node id="1406769630" visible="true" version="4" changeset="130534392" timestamp="2022-12-26T23:33:07Z" user="Lukas615" uid="675791" lat="52.5050412" lon="13.4704220"/>
 <node id="1406769632" visible="true" version="5" changeset="130534392" timestamp="2022-12-26T23:33:07Z" user="Lukas615" uid="675791" lat="52.5054031" lon="13.4708608"/>
 <node id="1409385374" visible="true" version="7" changeset="146638858" timestamp="2024-01-24T17:08:00Z" user="Lukas615" uid="675791" lat="52.5023616" lon="13.4687014"/>
 <node id="1421645799" visible="true" version="4" changeset="130705890" timestamp="2022-12-30T23:38:35Z" user="Lukas615" uid="675791" lat="52.4995902" lon="13.4677552"/>
 <node id="1421645800" visible="true" version="3" changeset="130705890" timestamp="2022-12-30T23:38:35Z" user="Lukas615" uid="675791" lat="52.5007803" lon="13.4682310"/>
 <node id="1421645801" visible="true" version="2" changeset="14573494" timestamp="2013-01-08T11:26:18Z" user="Nibbler" uid="67020" lat="52.5017516" lon="13.4685895"/>
 <node id="1438381984" visible="true" version="2" changeset="26385992" timestamp="2014-10-28T12:03:38Z" user="tklug" uid="2415107" lat="52.5139899" lon="13.4750541"/>
 <node id="1438381996" visible="true" version="4" changeset="141532046" timestamp="2023-09-20T21:07:22Z" user="Lukas615" uid="675791" lat="52.5143142" lon="13.4748748">
  <tag k="operator" v="DB Netz AG"/>
  <tag k="railway" v="signal"/>
  <tag k="railway:signal:combined" v="DE-ESO:ks"/>
  <tag k="railway:signal:combined:deactivated" v="no"/>
  <tag k="railway:signal:combined:form" v="light"/>
  <tag k="railway:signal:combined:function" v="block"/>
  <tag k="railway:signal:combined:height" v="normal"/>
  <tag k="railway:signal:combined:shortened" v="no"/>
  <tag k="railway:signal:combined:states" v="DE-ESO:hp0;DE-ESO:ks1;DE-ESO:ks2"/>
  <tag k="railway:signal:direction" v="forward"/>
  <tag k="railway:signal:position" v="right"/>
  <tag k="railway:signal:speed_limit_distant" v="DE-ESO:zs3v"/>
  <tag k="railway:signal:speed_limit_distant:deactivated" v="no"/>
  <tag k="railway:signal:speed_limit_distant:form" v="light"/>
  <tag k="railway:signal:speed_limit_distant:height" v="normal"/>
  <tag k="railway:signal:speed_limit_distant:speed" v="60;?;off"/>
  <tag k="railway:signal:traversable" v="DE-ESO:mastschild_rot-weiss"/>
  <tag k="railway:signal:traversable:type" v="written_default_speed;dictated_default_speed"/>
  <tag k="ref" v="6049"/>
 </node>
 <node id="1453429674" visible="true" version="6" changeset="146638858" timestamp="2024-01-24T17:08:00Z" user="Lukas615" uid="675791" lat="52.4977078" lon="13.4665397">
  <tag k="operator" v="DB Netz AG"/>
  <tag k="railway" v="switch"/>
  <tag k="railway:local_operated" v="no"/>
  <tag k="railway:switch" v="outer_curved"/>
  <tag k="railway:switch:electric" v="yes"/>
  <tag k="railway:switch:heated" v="yes"/>
  <tag k="railway:switch:movable_frog" v="no"/>
  <tag k="railway:switch:resetting" v="no"/>
  <tag k="railway:turnout_side" v="left"/>
 </node>
 <node id="1453429675" visible="true" version="6" changeset="162313436" timestamp="2025-02-09T13:01:08Z" user="Lukas615" uid="675791" lat="52.4979149" lon="13.4667692">
  <tag k="note" v="Zeigt Ks 2+Zs 3 &quot;4&quot; für Fahrstraße nach Treptower Park Gleis 4"/>
  <tag k="operator" v="DB Netz AG"/>
  <tag k="railway" v="signal"/>
  <tag k="railway:signal:combined" v="DE-ESO:ks"/>
  <tag k="railway:signal:combined:deactivated" v="no"/>
  <tag k="railway:signal:combined:form" v="light"/>
  <tag k="railway:signal:combined:function" v="block"/>
  <tag k="railway:signal:combined:height" v="normal"/>
  <tag k="railway:signal:combined:shortened" v="no"/>
  <tag k="railway:signal:combined:states" v="DE-ESO:hp0;DE-ESO:ks1;DE-ESO:ks2"/>
  <tag k="railway:signal:combined:substitute_signal" v="DE-ESO:db:zs12;DE-ESO:db:zs7"/>
  <tag k="railway:signal:direction" v="forward"/>
  <tag k="railway:signal:position" v="right"/>
  <tag k="railway:signal:speed_limit" v="DE-ESO:zs3"/>
  <tag k="railway:signal:speed_limit:deactivated" v="no"/>
  <tag k="railway:signal:speed_limit_distant" v="DE-ESO:zs3v"/>
  <tag k="railway:signal:speed_limit_distant:deactivated" v="no"/>
  <tag k="railway:signal:speed_limit_distant:form" v="light"/>
  <tag k="railway:signal:speed_limit_distant:height" v="normal"/>
  <tag k="railway:signal:speed_limit_distant:speed" v="?;off"/>
  <tag k="railway:signal:speed_limit:form" v="light"/>
  <tag k="railway:signal:speed_limit:height" v="normal"/>
  <tag k="railway:signal:speed_limit:speed" v="40;50;?;off"/>
  <tag k="railway:signal:traversable" v="DE-ESO:mastschild_rot-weiss"/>
  <tag k="railway:signal:traversable:type" v="written_default_speed;dictated_default_speed"/>
  <tag k="ref" v="6077"/>
 </node>
 <node id="1453429676" visible="true" version="2" changeset="14573494" timestamp="2013-01-08T11:26:19Z" user="Nibbler" uid="67020" lat="52.4982281" lon="13.4670629"/>
 <node id="1453429677" visible="true" version="2" changeset="14573494" timestamp="2013-01-08T11:26:19Z" user="Nibbler" uid="67020" lat="52.4987079" lon="13.4673828"/>
 <node id="1453429678" visible="true" version="3" changeset="158597161" timestamp="2024-10-31T20:42:12Z" user="Lukas615" uid="675791" lat="52.4992835" lon="13.4676312"/>
 <node id="1499711614" visible="true" version="5" changeset="44847037" timestamp="2017-01-02T14:54:58Z" user="soemisch" uid="2290263" lat="52.4750693" lon="13.3660826"/>
 <node id="1499711635" visible="true" version="8" changeset="147711743" timestamp="2024-02-20T23:18:53Z" user="Lukas615" uid="675791" lat="52.4945998" lon="13.4623167">
  <tag k="operator" v="DB Netz AG"/>
  <tag k="railway" v="signal"/>
  <tag k="railway:signal:combined" v="DE-ESO:ks"/>
  <tag k="railway:signal:combined:deactivated" v="no"/>
  <tag k="railway:signal:combined:form" v="light"/>
  <tag k="railway:signal:combined:height" v="normal"/>
  <tag k="railway:signal:combined:shortened" v="no"/>
  <tag k="railway:signal:combined:states" v="DE-ESO:hp0;DE-ESO:ks1;DE-ESO:ks2"/>
  <tag k="railway:signal:combined:substitute_signal" v="DE-ESO:dr:zs1"/>
  <tag k="railway:signal:direction" v="backward"/>
  <tag k="railway:signal:position" v="left"/>
  <tag k="railway:signal:traversable" v="DE-ESO:mastschild_rot-weiss"/>
  <tag k="railway:signal:traversable:type" v="written_default_speed;dictated_default_speed"/>
  <tag k="ref" v="6080"/>
  <tag k="source" v="survey"/>
 </node>
 <node id="1646862197" visible="true" version="2" changeset="46909477" timestamp="2017-03-16T20:20:04Z" user="deserttunes" uid="3438665" lat="52.5298168" lon="13.2957524"/>
 <node id="1707055885" visible="true" version="2" changeset="147664294" timestamp="2024-02-19T19:04:32Z" user="Lukas615" uid="675791" lat="52.5340151" lon="13.3269515"/>
 <node id="1707055891" visible="true" version="5" changeset="151700424" timestamp="2024-05-23T00:15:31Z" user="Lukas615" uid="675791" lat="52.5344712" lon="13.3304516">
  <tag k="operator" v="DB InfraGO AG"/>
  <tag k="railway" v="signal"/>
  <tag k="railway:signal:combined" v="DE-ESO:ks"/>
  <tag k="railway:signal:combined:deactivated" v="no"/>
  <tag k="railway:signal:combined:form" v="light"/>
  <tag k="railway:signal:combined:height" v="normal"/>
  <tag k="railway:signal:combined:shortened" v="no"/>
  <tag k="railway:signal:combined:states" v="DE-ESO:hp0;DE-ESO:ks1;DE-ESO:ks2"/>
  <tag k="railway:signal:combined:substitute_signal" v="DE-ESO:db:zs12;DE-ESO:dr:zs1"/>
  <tag k="railway:signal:departure" v="DE-ESO:zp"/>
  <tag k="railway:signal:departure:deactivated" v="no"/>
  <tag k="railway:signal:departure:form" v="light"/>
  <tag k="railway:signal:departure:states" v="DE-ESO:zp10;DE-ESO:zp9"/>
  <tag k="railway:signal:direction" v="forward"/>
  <tag k="railway:signal:position" v="left"/>
  <tag k="railway:signal:speed_limit_distant" v="DE-ESO:zs3v"/>
  <tag k="railway:signal:speed_limit_distant:deactivated" v="no"/>
  <tag k="railway:signal:speed_limit_distant:form" v="light"/>
  <tag k="railway:signal:speed_limit_distant:height" v="normal"/>
  <tag k="railway:signal:speed_limit_distant:speed" v="80;?;off"/>
  <tag k="railway:signal:traversable" v="DE-ESO:mastschild_rot-weiss"/>
  <tag k="railway:signal:traversable:type" v="written_default_speed;dictated_default_speed"/>
  <tag k="ref" v="945"/>
 </node>
 <node id="1721460680" visible="true" version="2" changeset="72890047" timestamp="2019-08-01T09:53:14Z" user="robsteinde" uid="10027026" lat="52.5042899" lon="13.4696042"/>
 <node id="1721460701" visible="true" version="2" changeset="130534392" timestamp="2022-12-26T23:33:07Z" user="Lukas615" uid="675791" lat="52.5091822" lon="13.4746080"/>
 <node id="1797163098" visible="true" version="16" changeset="172553771" timestamp="2025-09-28T07:19:46Z" user="jengelh" uid="1468043" lat="52.5027427" lon="13.4687755">
  <tag k="description" v="S Ostkreuz, Gleis 11"/>
  <tag k="light_rail" v="yes"/>
  <tag k="local_ref" v="11"/>
  <tag k="name" v="Ostkreuz"/>
  <tag k="public_transport" v="stop_position"/>
  <tag k="railway" v="stop"/>
  <tag k="railway:ref" v="BOK"/>
  <tag k="train" v="yes"/>
 </node>
 <node id="1806004200" visible="true" version="14" changeset="172553771" timestamp="2025-09-28T07:19:46Z" user="jengelh" uid="1468043" lat="52.5344182" lon="13.3300021">
  <tag k="description" v="S Beusselstraße, Gleis 1"/>
  <tag k="light_rail" v="yes"/>
  <tag k="name" v="Beusselstraße"/>
  <tag k="public_transport" v="stop_position"/>
  <tag k="railway" v="stop"/>
  <tag k="ref" v="1"/>
  <tag k="train" v="yes"/>
  <tag k="usage" v="main"/>
 </node>
 <node id="1806004207" visible="true" version="15" changeset="184222289" timestamp="2026-06-17T11:33:07Z" user="dbsus" uid="10308843" lat="52.4777023" lon="13.3289611">
  <tag k="description" v="S Bundesplatz, Gleis 1"/>
  <tag k="light_rail" v="yes"/>
  <tag k="name" v="Bundesplatz"/>
  <tag k="operator" v="DB InfraGO AG"/>
  <tag k="public_transport" v="stop_position"/>
  <tag k="railway" v="stop"/>
  <tag k="ref" v="1"/>
  <tag k="train" v="yes"/>
 </node>
 <node id="1806004214" visible="true" version="16" changeset="184224683" timestamp="2026-06-17T12:39:56Z" user="dbsus" uid="10308843" lat="52.4960144" lon="13.2906869">
  <tag k="description" v="S Halensee, Gleis 1"/>
  <tag k="light_rail" v="yes"/>
  <tag k="name" v="Halensee"/>
  <tag k="network" v="Verkehrsverbund Berlin-Brandenburg"/>
  <tag k="network:short" v="VBB"/>
  <tag k="network:wikidata" v="Q315451"/>
  <tag k="operator" v="DB InfraGO AG"/>
  <tag k="public_transport" v="stop_position"/>
  <tag k="railway" v="stop"/>
  <tag k="ref" v="1"/>
  <tag k="train" v="yes"/>
  <tag k="usage" v="main"/>
 </node>
 <node id="1806004216" visible="true" version="14" changeset="184222927" timestamp="2026-06-17T11:50:28Z" user="dbsus" uid="10308843" lat="52.4804521" lon="13.3113393">
  <tag k="description" v="S Heidelberger Platz, Gleis"/>
  <tag k="light_rail" v="yes"/>
  <tag k="name" v="Heidelberger Platz"/>
  <tag k="network" v="Verkehrsverbund Berlin-Brandenburg"/>
  <tag k="network:short" v="VBB"/>
  <tag k="operator" v="DB InfraGO AG"/>
  <tag k="public_transport" v="stop_position"/>
  <tag k="railway" v="stop"/>
  <tag k="ref" v="1"/>
  <tag k="train" v="yes"/>
 </node>
 <node id="1806004219" visible="true" version="15" changeset="184224412" timestamp="2026-06-17T12:32:10Z" user="dbsus" uid="10308843" lat="52.4889341" lon="13.2999556">
  <tag k="description" v="S Hohenzollerndamm, Gleis 1"/>
  <tag k="light_rail" v="yes"/>
  <tag k="name" v="Hohenzollerndamm"/>
  <tag k="network" v="Verkehrsverbund Berlin-Brandenburg"/>
  <tag k="network:short" v="VBB"/>
  <tag k="network:wikidata" v="Q315451"/>
  <tag k="operator" v="DB InfraGO AG"/>
  <tag k="public_transport" v="stop_position"/>
  <tag k="railway" v="stop"/>
  <tag k="ref" v="1"/>
  <tag k="train" v="yes"/>
 </node>
 <node id="1806004222" visible="true" version="15" changeset="172553771" timestamp="2025-09-28T07:19:46Z" user="jengelh" uid="1468043" lat="52.5304735" lon="13.3002882">
  <tag k="description" v="S Jungfernheide, Gleis 5"/>
  <tag k="light_rail" v="yes"/>
  <tag k="local_ref" v="5"/>
  <tag k="name" v="Jungfernheide"/>
  <tag k="public_transport" v="stop_position"/>
  <tag k="railway" v="stop"/>
  <tag k="railway:ref" v="BJUN"/>
  <tag k="ref" v="5"/>
  <tag k="train" v="yes"/>
  <tag k="usage" v="main"/>
 </node>
 <node id="1806004223" visible="true" version="18" changeset="172553771" timestamp="2025-09-28T07:19:46Z" user="jengelh" uid="1468043" lat="52.5081700" lon="13.2839390">
  <tag k="light_rail" v="yes"/>
  <tag k="name" v="Messe Nord/ZOB"/>
  <tag k="old_name" v="Messe Nord/ICC"/>
  <tag k="public_transport" v="stop_position"/>
  <tag k="railway" v="stop"/>
  <tag k="ref" v="1"/>
  <tag k="train" v="yes"/>
  <tag k="usage" v="main"/>
 </node>
 <node id="1806004226" visible="true" version="18" changeset="172553771" timestamp="2025-09-28T07:19:46Z" user="jengelh" uid="1468043" lat="52.4792174" lon="13.3509197">
  <tag k="description" v="S Schöneberg, Gleis 11"/>
  <tag k="level" v="2"/>
  <tag k="light_rail" v="yes"/>
  <tag k="name" v="Schöneberg"/>
  <tag k="operator" v="DB Station&amp;Service AG"/>
  <tag k="public_transport" v="stop_position"/>
  <tag k="railway" v="stop"/>
  <tag k="railway:ref" v="BSGR"/>
  <tag k="ref" v="11"/>
  <tag k="train" v="yes"/>
  <tag k="usage" v="main"/>
 </node>
 <node id="1806004228" visible="true" version="17" changeset="172553771" timestamp="2025-09-28T07:19:46Z" user="jengelh" uid="1468043" lat="52.5187699" lon="13.2843103">
  <tag k="description" v="S Westend, Gleis 2"/>
  <tag k="light_rail" v="yes"/>
  <tag k="name" v="Westend"/>
  <tag k="public_transport" v="stop_position"/>
  <tag k="railway" v="stop"/>
  <tag k="ref" v="2"/>
  <tag k="train" v="yes"/>
 </node>
 <node id="1806004231" visible="true" version="13" changeset="172553771" timestamp="2025-09-28T07:19:46Z" user="jengelh" uid="1468043" lat="52.5362865" lon="13.3449438">
  <tag k="description" v="S Westhafen, Gleis 1"/>
  <tag k="light_rail" v="yes"/>
  <tag k="name" v="Westhafen"/>
  <tag k="public_transport" v="stop_position"/>
  <tag k="railway" v="stop"/>
  <tag k="ref" v="1"/>
  <tag k="train" v="yes"/>
  <tag k="usage" v="main"/>
 </node>
 <node id="1806004234" visible="true" version="17" changeset="185249301" timestamp="2026-07-07T07:47:18Z" user="dbsus" uid="10308843" lat="52.5013808" lon="13.2835436">
  <tag k="description" v="S Westkreuz S41 S46 Bahnsteig"/>
  <tag k="light_rail" v="yes"/>
  <tag k="name" v="Westkreuz"/>
  <tag k="name:ja" v="ヴェストクロイツ"/>
  <tag k="network" v="Verkehrsverbund Berlin-Brandenburg"/>
  <tag k="network:short" v="VBB"/>
  <tag k="network:wikidata" v="Q315451"/>
  <tag k="operator" v="DB InfraGO AG"/>
  <tag k="public_transport" v="stop_position"/>
  <tag k="railway" v="stop"/>
  <tag k="ref" v="11"/>
  <tag k="train" v="yes"/>
  <tag k="usage" v="main"/>
 </node>
 <node id="1825130963" visible="true" version="5" changeset="149034688" timestamp="2024-03-22T23:59:36Z" user="Lukas615" uid="675791" lat="52.5212163" lon="13.2835950">
  <tag k="operator" v="DB Netz AG"/>
  <tag k="railway" v="switch"/>
  <tag k="railway:local_operated" v="no"/>
  <tag k="railway:switch" v="outer_curved"/>
  <tag k="railway:switch:electric" v="yes"/>
  <tag k="railway:switch:heated" v="yes"/>
  <tag k="railway:switch:movable_frog" v="no"/>
  <tag k="railway:switch:resetting" v="no"/>
  <tag k="railway:turnout_side" v="left"/>
 </node>
 <node id="1893564739" visible="true" version="1" changeset="12945520" timestamp="2012-09-01T18:33:38Z" user="nurinfo" uid="209498" lat="52.5475353" lon="13.4206230"/>
 <node id="1898391108" visible="true" version="2" changeset="149154540" timestamp="2024-03-26T00:38:05Z" user="Lukas615" uid="675791" lat="52.5419654" lon="13.4345523"/>
 <node id="1898391110" visible="true" version="2" changeset="149154540" timestamp="2024-03-26T00:38:05Z" user="Lukas615" uid="675791" lat="52.5421458" lon="13.4340667"/>
 <node id="1949011116" visible="true" version="1" changeset="13384270" timestamp="2012-10-06T12:24:33Z" user="atpl_pilot" uid="881429" lat="52.4716793" lon="13.3807703"/>
 <node id="1949011122" visible="true" version="4" changeset="146763374" timestamp="2024-01-28T00:50:10Z" user="Lukas615" uid="675791" lat="52.4717874" lon="13.3800339">
  <tag k="fixme" v="Zwei Zusatzanzeiger noch nicht vollständig erfasst"/>
  <tag k="operator" v="DB InfraGO AG"/>
  <tag k="railway" v="signal"/>
  <tag k="railway:signal:combined" v="DE-ESO:ks"/>
  <tag k="railway:signal:combined:deactivated" v="no"/>
  <tag k="railway:signal:combined:form" v="light"/>
  <tag k="railway:signal:combined:function" v="block"/>
  <tag k="railway:signal:combined:height" v="normal"/>
  <tag k="railway:signal:combined:shortened" v="yes"/>
  <tag k="railway:signal:combined:states" v="DE-ESO:hp0;DE-ESO:ks1;DE-ESO:ks2"/>
  <tag k="railway:signal:combined:substitute_signal" v="DE-ESO:db:zs12;DE-ESO:db:zs7"/>
  <tag k="railway:signal:direction" v="forward"/>
  <tag k="railway:signal:minor" v="DE-ESO:sh1"/>
  <tag k="railway:signal:minor:form" v="light"/>
  <tag k="railway:signal:position" v="right"/>
  <tag k="railway:signal:speed_limit" v="DE-ESO:zs3"/>
  <tag k="railway:signal:speed_limit:deactivated" v="no"/>
  <tag k="railway:signal:speed_limit:form" v="light"/>
  <tag k="railway:signal:speed_limit:height" v="normal"/>
  <tag k="railway:signal:speed_limit:speed" v="70;?;off"/>
  <tag k="railway:signal:traversable" v="DE-ESO:mastschild_rot-weiss"/>
  <tag k="railway:signal:traversable:type" v="written_default_speed;dictated_default_speed"/>
  <tag k="ref" v="771"/>
 </node>
 <node id="1949011127" visible="true" version="2" changeset="14304641" timestamp="2012-12-17T13:45:33Z" user="mapper999" uid="165061" lat="52.4718188" lon="13.3797580"/>
 <node id="1949011136" visible="true" version="2" changeset="14304641" timestamp="2012-12-17T13:45:34Z" user="mapper999" uid="165061" lat="52.4718717" lon="13.3790619"/>
 <node id="1949011139" visible="true" version="3" changeset="146763374" timestamp="2024-01-28T00:50:10Z" user="Lukas615" uid="675791" lat="52.4718870" lon="13.3787075"/>
 <node id="1949029818" visible="true" version="4" changeset="51740527" timestamp="2017-09-05T08:01:33Z" user="soemisch" uid="2290263" lat="52.4710365" lon="13.3844825"/>
 <node id="1949029821" visible="true" version="3" changeset="146800363" timestamp="2024-01-29T01:42:27Z" user="Lukas615" uid="675791" lat="52.4711184" lon="13.3841255">
  <tag k="operator" v="DB InfraGO AG"/>
  <tag k="railway" v="milestone"/>
  <tag k="railway:milestone:catenary_mast" v="no"/>
  <tag k="railway:milestone:emergency_brake_override" v="no"/>
  <tag k="railway:position" v="21.9"/>
 </node>
 <node id="2071448542" visible="true" version="2" changeset="146763374" timestamp="2024-01-28T00:50:10Z" user="Lukas615" uid="675791" lat="52.4702325" lon="13.3876491"/>
 <node id="2071448567" visible="true" version="2" changeset="146763374" timestamp="2024-01-28T00:50:10Z" user="Lukas615" uid="675791" lat="52.4704198" lon="13.3868935"/>
 <node id="2071448582" visible="true" version="1" changeset="14304641" timestamp="2012-12-17T13:33:20Z" user="mapper999" uid="165061" lat="52.4705179" lon="13.3865226"/>
 <node id="2071448735" visible="true" version="2" changeset="146763374" timestamp="2024-01-28T00:50:10Z" user="Lukas615" uid="675791" lat="52.4713150" lon="13.3830088"/>
 <node id="2071462117" visible="true" version="1" changeset="14304641" timestamp="2012-12-17T13:45:30Z" user="mapper999" uid="165061" lat="52.4714869" lon="13.3819571"/>
 <node id="2071462124" visible="true" version="1" changeset="14304641" timestamp="2012-12-17T13:45:30Z" user="mapper999" uid="165061" lat="52.4717140" lon="13.3805606"/>
 <node id="2071462127" visible="true" version="2" changeset="146763374" timestamp="2024-01-28T00:50:10Z" user="Lukas615" uid="675791" lat="52.4718410" lon="13.3795217"/>
 <node id="2101295461" visible="true" version="2" changeset="130441328" timestamp="2022-12-24T00:58:04Z" user="Lukas615" uid="675791" lat="52.4964247" lon="13.4647793"/>
 <node id="2101295476" visible="true" version="1" changeset="14573494" timestamp="2013-01-08T11:26:01Z" user="Nibbler" uid="67020" lat="52.4973687" lon="13.4661432"/>
 <node id="2101295481" visible="true" version="1" changeset="14573494" timestamp="2013-01-08T11:26:01Z" user="Nibbler" uid="67020" lat="52.4975362" lon="13.4663488"/>
 <node id="2101295495" visible="true" version="1" changeset="14573494" timestamp="2013-01-08T11:26:01Z" user="Nibbler" uid="67020" lat="52.4981017" lon="13.4669540"/>
 <node id="2101295506" visible="true" version="1" changeset="14573494" timestamp="2013-01-08T11:26:01Z" user="Nibbler" uid="67020" lat="52.4984650" lon="13.4672429"/>
 <node id="2101295519" visible="true" version="1" changeset="14573494" timestamp="2013-01-08T11:26:01Z" user="Nibbler" uid="67020" lat="52.4989483" lon="13.4674917"/>
 <node id="2101295563" visible="true" version="1" changeset="14573494" timestamp="2013-01-08T11:26:02Z" user="Nibbler" uid="67020" lat="52.5014222" lon="13.4684854"/>
 <node id="2101295568" visible="true" version="1" changeset="14573494" timestamp="2013-01-08T11:26:02Z" user="Nibbler" uid="67020" lat="52.5015918" lon="13.4685426"/>
 <node id="2101295577" visible="true" version="1" changeset="14573494" timestamp="2013-01-08T11:26:02Z" user="Nibbler" uid="67020" lat="52.5020356" lon="13.4686559"/>
 <node id="2101295599" visible="true" version="2" changeset="35285584" timestamp="2015-11-13T14:41:31Z" user="Gavaasuren" uid="2144605" lat="52.5029187" lon="13.4688277"/>
 <node id="2101295602" visible="true" version="3" changeset="35907821" timestamp="2015-12-12T12:14:21Z" user="anbr" uid="43566" lat="52.5031982" lon="13.4689153"/>
 <node id="2101295605" visible="true" version="2" changeset="35285584" timestamp="2015-11-13T14:41:31Z" user="Gavaasuren" uid="2144605" lat="52.5035035" lon="13.4690568"/>
 <node id="2101295614" visible="true" version="2" changeset="72890047" timestamp="2019-08-01T09:53:14Z" user="robsteinde" uid="10027026" lat="52.5045208" lon="13.4698199"/>
 <node id="2101295616" visible="true" version="2" changeset="72890047" timestamp="2019-08-01T09:53:14Z" user="robsteinde" uid="10027026" lat="52.5047539" lon="13.4700778"/>
 <node id="2101295633" visible="true" version="2" changeset="130534392" timestamp="2022-12-26T23:33:07Z" user="Lukas615" uid="675791" lat="52.5061407" lon="13.4717020"/>
 <node id="2136195248" visible="true" version="2" changeset="146829192" timestamp="2024-01-29T16:26:52Z" user="Lukas615" uid="675791" lat="52.4690281" lon="13.4405141"/>
 <node id="2136201002" visible="true" version="5" changeset="146731952" timestamp="2024-01-27T04:44:32Z" user="Lukas615" uid="675791" lat="52.4673889" lon="13.4291524">
  <tag k="operator" v="DB InfraGO AG"/>
  <tag k="railway" v="switch"/>
  <tag k="railway:local_operated" v="no"/>
  <tag k="railway:switch" v="outer_curved"/>
  <tag k="railway:switch:electric" v="yes"/>
  <tag k="railway:switch:heated" v="yes"/>
  <tag k="railway:switch:movable_frog" v="no"/>
  <tag k="railway:switch:resetting" v="no"/>
  <tag k="railway:turnout_side" v="left"/>
 </node>
 <node id="2248212442" visible="true" version="3" changeset="149154540" timestamp="2024-03-26T00:38:05Z" user="Lukas615" uid="675791" lat="52.5390558" lon="13.4414776"/>
 <node id="2256000750" visible="true" version="3" changeset="146951456" timestamp="2024-02-01T15:37:07Z" user="Lukas615" uid="675791" lat="52.5268585" lon="13.4574081">
  <tag k="operator" v="DB InfraGO AG"/>
  <tag k="railway" v="switch"/>
  <tag k="railway:local_operated" v="no"/>
  <tag k="railway:switch" v="default"/>
  <tag k="railway:switch:electric" v="yes"/>
  <tag k="railway:switch:heated" v="yes"/>
  <tag k="railway:switch:movable_frog" v="no"/>
  <tag k="railway:switch:resetting" v="no"/>
  <tag k="railway:turnout_side" v="right"/>
  <tag k="source" v="survey"/>
 </node>
 <node id="2256000752" visible="true" version="2" changeset="124285168" timestamp="2022-07-30T22:55:37Z" user="kartograph" uid="17304" lat="52.5230646" lon="13.4676371"/>
 <node id="2256000756" visible="true" version="2" changeset="124285168" timestamp="2022-07-30T22:55:37Z" user="kartograph" uid="17304" lat="52.5216873" lon="13.4700622"/>
 <node id="2375115440" visible="true" version="5" changeset="147513353" timestamp="2024-02-16T02:12:19Z" user="Lukas615" uid="675791" lat="52.5490089" lon="13.3881435"/>
 <node id="2467882590" visible="true" version="3" changeset="44924925" timestamp="2017-01-05T13:39:56Z" user="soemisch" uid="2290263" lat="52.4929763" lon="13.4608868"/>
 <node id="2490790593" visible="true" version="4" changeset="147471906" timestamp="2024-02-15T01:43:05Z" user="Lukas615" uid="675791" lat="52.5493724" lon="13.4144922">
  <tag k="operator" v="DB InfraGO AG"/>
  <tag k="railway" v="signal"/>
  <tag k="railway:signal:direction" v="backward"/>
  <tag k="railway:signal:position" v="right"/>
  <tag k="railway:signal:stop" v="DE-ESO:ne5"/>
  <tag k="railway:signal:stop:deactivated" v="no"/>
  <tag k="railway:signal:stop:form" v="sign"/>
  <tag k="railway:signal:stop:height" v="dwarf"/>
 </node>
 <node id="2490790596" visible="true" version="3" changeset="147628757" timestamp="2024-02-18T23:56:30Z" user="Lukas615" uid="675791" lat="52.5494165" lon="13.4140114"/>
 <node id="2490860032" visible="true" version="2" changeset="39824785" timestamp="2016-06-05T20:32:28Z" user="mapper999" uid="165061" lat="52.5492389" lon="13.3918507"/>
 <node id="2490860034" visible="true" version="2" changeset="39824785" timestamp="2016-06-05T20:32:28Z" user="mapper999" uid="165061" lat="52.5492697" lon="13.3926284"/>
 <node id="2600749198" visible="true" version="4" changeset="151700424" timestamp="2024-05-23T00:15:31Z" user="Lukas615" uid="675791" lat="52.5367131" lon="13.3487886">
  <tag k="operator" v="DB InfraGO AG"/>
  <tag k="railway" v="signal"/>
  <tag k="railway:signal:combined" v="DE-ESO:ks"/>
  <tag k="railway:signal:combined:deactivated" v="no"/>
  <tag k="railway:signal:combined:form" v="light"/>
  <tag k="railway:signal:combined:function" v="block"/>
  <tag k="railway:signal:combined:height" v="normal"/>
  <tag k="railway:signal:combined:shortened" v="no"/>
  <tag k="railway:signal:combined:states" v="DE-ESO:hp0;DE-ESO:ks1;DE-ESO:ks2"/>
  <tag k="railway:signal:combined:substitute_signal" v="DE-ESO:db:zs12"/>
  <tag k="railway:signal:direction" v="forward"/>
  <tag k="railway:signal:position" v="right"/>
  <tag k="railway:signal:speed_limit" v="DE-ESO:zs3"/>
  <tag k="railway:signal:speed_limit:deactivated" v="no"/>
  <tag k="railway:signal:speed_limit_distant" v="DE-ESO:zs3v"/>
  <tag k="railway:signal:speed_limit_distant:deactivated" v="no"/>
  <tag k="railway:signal:speed_limit_distant:form" v="light"/>
  <tag k="railway:signal:speed_limit_distant:height" v="normal"/>
  <tag k="railway:signal:speed_limit_distant:speed" v="?;off"/>
  <tag k="railway:signal:speed_limit:form" v="light"/>
  <tag k="railway:signal:speed_limit:height" v="normal"/>
  <tag k="railway:signal:speed_limit:speed" v="60;off"/>
  <tag k="railway:signal:traversable" v="DE-ESO:mastschild_rot-weiss"/>
  <tag k="railway:signal:traversable:type" v="written_default_speed;dictated_default_speed"/>
  <tag k="ref" v="965"/>
 </node>
 <node id="2600749201" visible="true" version="2" changeset="139365676" timestamp="2023-08-02T21:47:22Z" user="der neue" uid="2070657" lat="52.5367754" lon="13.3491352"/>
 <node id="2600749209" visible="true" version="2" changeset="139365676" timestamp="2023-08-02T21:47:22Z" user="der neue" uid="2070657" lat="52.5369234" lon="13.3500182"/>
 <node id="2600749217" visible="true" version="1" changeset="19707693" timestamp="2013-12-30T00:58:58Z" user="Elwood" uid="6669" lat="52.5370833" lon="13.3513826"/>
 <node id="2600749220" visible="true" version="3" changeset="147664294" timestamp="2024-02-19T19:04:32Z" user="Lukas615" uid="675791" lat="52.5372128" lon="13.3529843"/>
 <node id="2600749221" visible="true" version="2" changeset="147664294" timestamp="2024-02-19T19:04:32Z" user="Lukas615" uid="675791" lat="52.5373067" lon="13.3539952"/>
 <node id="2600749224" visible="true" version="2" changeset="147664294" timestamp="2024-02-19T19:04:32Z" user="Lukas615" uid="675791" lat="52.5374257" lon="13.3546946"/>
 <node id="2611292811" visible="true" version="3" changeset="146694822" timestamp="2024-01-26T02:55:44Z" user="Lukas615" uid="675791" lat="52.4742348" lon="13.4563339"/>
 <node id="2611292816" visible="true" version="2" changeset="146694822" timestamp="2024-01-26T02:55:44Z" user="Lukas615" uid="675791" lat="52.4747536" lon="13.4564828"/>
 <node id="2611292819" visible="true" version="2" changeset="146694822" timestamp="2024-01-26T02:55:44Z" user="Lukas615" uid="675791" lat="52.4754096" lon="13.4566159"/>
 <node id="2769674144" visible="true" version="2" changeset="121982847" timestamp="2022-06-05T15:31:48Z" user="Chemnitzer13" uid="7968096" lat="52.4888723" lon="13.4587482"/>
 <node id="2769674170" visible="true" version="2" changeset="146694822" timestamp="2024-01-26T02:55:44Z" user="Lukas615" uid="675791" lat="52.4892586" lon="13.4587265"/>
 <node id="2769674178" visible="true" version="2" changeset="38024412" timestamp="2016-03-23T18:09:22Z" user="Elwood" uid="6669" lat="52.4895974" lon="13.4587584"/>
 <node id="2769689326" visible="true" version="3" changeset="132556582" timestamp="2023-02-14T22:03:12Z" user="kartograph" uid="17304" lat="52.4725852" lon="13.3685606"/>
 <node id="2769689328" visible="true" version="3" changeset="132556582" timestamp="2023-02-14T22:03:12Z" user="kartograph" uid="17304" lat="52.4728595" lon="13.3680197"/>
 <node id="2769689330" visible="true" version="3" changeset="146763374" timestamp="2024-01-28T00:50:10Z" user="Lukas615" uid="675791" lat="52.4730498" lon="13.3677107">
  <tag k="operator" v="DB InfraGO AG"/>
  <tag k="railway" v="milestone"/>
  <tag k="railway:milestone:catenary_mast" v="no"/>
  <tag k="railway:milestone:emergency_brake_override" v="no"/>
  <tag k="railway:position" v="23.1"/>
 </node>
 <node id="2769689332" visible="true" version="3" changeset="146763374" timestamp="2024-01-28T00:50:10Z" user="Lukas615" uid="675791" lat="52.4735163" lon="13.3671210"/>
 <node id="2769689334" visible="true" version="5" changeset="146800363" timestamp="2024-01-29T01:42:27Z" user="Lukas615" uid="675791" lat="52.4742030" lon="13.3665393">
  <tag k="operator" v="DB InfraGO AG"/>
  <tag k="railway" v="signal"/>
  <tag k="railway:signal:direction" v="forward"/>
  <tag k="railway:signal:electricity" v="DE-ESO:el1"/>
  <tag k="railway:signal:electricity:deactivated" v="no"/>
  <tag k="railway:signal:electricity:form" v="sign"/>
  <tag k="railway:signal:electricity:height" v="normal"/>
  <tag k="railway:signal:electricity:type" v="power_off"/>
  <tag k="railway:signal:position" v="right"/>
 </node>
 <node id="2783636586" visible="true" version="2" changeset="146731952" timestamp="2024-01-27T04:44:32Z" user="Lukas615" uid="675791" lat="52.4649203" lon="13.4065979">
  <tag k="operator" v="DB InfraGO AG"/>
  <tag k="railway" v="milestone"/>
  <tag k="railway:milestone:catenary_mast" v="no"/>
  <tag k="railway:milestone:emergency_brake_override" v="no"/>
  <tag k="railway:position" v="20.2"/>
 </node>
 <node id="2783636587" visible="true" version="3" changeset="146731952" timestamp="2024-01-27T04:44:32Z" user="Lukas615" uid="675791" lat="52.4649411" lon="13.4051434">
  <tag k="operator" v="DB InfraGO AG"/>
  <tag k="railway" v="milestone"/>
  <tag k="railway:milestone:catenary_mast" v="no"/>
  <tag k="railway:milestone:emergency_brake_override" v="no"/>
  <tag k="railway:position" v="20.3"/>
 </node>
 <node id="2783636588" visible="true" version="2" changeset="146731952" timestamp="2024-01-27T04:44:32Z" user="Lukas615" uid="675791" lat="52.4650283" lon="13.4085370"/>
 <node id="2793220364" visible="true" version="3" changeset="147471906" timestamp="2024-02-15T01:43:05Z" user="Lukas615" uid="675791" lat="52.5484615" lon="13.4179271">
  <tag k="operator" v="DB InfraGO AG"/>
  <tag k="railway" v="switch"/>
  <tag k="railway:local_operated" v="no"/>
  <tag k="railway:switch" v="default"/>
  <tag k="railway:switch:electric" v="yes"/>
  <tag k="railway:switch:heated" v="yes"/>
  <tag k="railway:switch:movable_frog" v="no"/>
  <tag k="railway:switch:resetting" v="no"/>
  <tag k="railway:turnout_side" v="right"/>
 </node>
 <node id="2793236561" visible="true" version="3" changeset="147628757" timestamp="2024-02-18T23:56:30Z" user="Lukas615" uid="675791" lat="52.5495681" lon="13.4117958">
  <tag k="operator" v="DB InfraGO AG"/>
  <tag k="railway" v="switch"/>
 </node>
 <node id="2793248277" visible="true" version="4" changeset="147664294" timestamp="2024-02-19T19:04:32Z" user="Lukas615" uid="675791" lat="52.5451600" lon="13.3725306">
  <tag k="operator" v="DB InfraGO AG"/>
  <tag k="railway" v="switch"/>
  <tag k="railway:local_operated" v="no"/>
  <tag k="railway:switch" v="default"/>
  <tag k="railway:switch:electric" v="yes"/>
  <tag k="railway:switch:heated" v="yes"/>
  <tag k="railway:switch:movable_frog" v="no"/>
  <tag k="railway:switch:resetting" v="no"/>
  <tag k="railway:turnout_side" v="left"/>
 </node>
 <node id="2793248283" visible="true" version="3" changeset="147664294" timestamp="2024-02-19T19:04:32Z" user="Lukas615" uid="675791" lat="52.5461790" lon="13.3749292">
  <tag k="operator" v="DB InfraGO AG"/>
  <tag k="railway" v="switch"/>
  <tag k="railway:local_operated" v="no"/>
  <tag k="railway:switch" v="default"/>
  <tag k="railway:switch:electric" v="yes"/>
  <tag k="railway:switch:heated" v="yes"/>
  <tag k="railway:switch:movable_frog" v="no"/>
  <tag k="railway:switch:resetting" v="no"/>
  <tag k="railway:turnout_side" v="right"/>
 </node>
 <node id="2793773290" visible="true" version="4" changeset="146763374" timestamp="2024-01-28T00:50:10Z" user="Lukas615" uid="675791" lat="52.4699769" lon="13.3886944">
  <tag k="operator" v="DB InfraGO AG"/>
  <tag k="railway" v="switch"/>
  <tag k="railway:local_operated" v="no"/>
  <tag k="railway:switch" v="default"/>
  <tag k="railway:switch:electric" v="yes"/>
  <tag k="railway:switch:heated" v="yes"/>
  <tag k="railway:switch:movable_frog" v="no"/>
  <tag k="railway:switch:resetting" v="no"/>
  <tag k="railway:turnout_side" v="left"/>
 </node>
 <node id="2808316066" visible="true" version="3" changeset="146638858" timestamp="2024-01-24T17:08:00Z" user="Lukas615" uid="675791" lat="52.4688180" lon="13.4391511">
  <tag k="railway" v="switch"/>
  <tag k="railway:turnout_side" v="left"/>
  <tag k="ref" v="417"/>
 </node>
 <node id="2808316067" visible="true" version="3" changeset="146638858" timestamp="2024-01-24T17:08:00Z" user="Lukas615" uid="675791" lat="52.4688480" lon="13.4393464">
  <tag k="railway" v="switch"/>
  <tag k="railway:turnout_side" v="right"/>
  <tag k="ref" v="416"/>
 </node>
 <node id="2874265341" visible="true" version="1" changeset="22483506" timestamp="2014-05-22T10:56:22Z" user="glibbertorsten" uid="1879543" lat="52.4711773" lon="13.3838337"/>
 <node id="2874265342" visible="true" version="3" changeset="146800363" timestamp="2024-01-29T01:42:27Z" user="Lukas615" uid="675791" lat="52.4711993" lon="13.3837007">
  <tag k="operator" v="DB InfraGO AG"/>
  <tag k="railway" v="signal"/>
  <tag k="railway:signal:direction" v="forward"/>
  <tag k="railway:signal:position" v="right"/>
  <tag k="railway:signal:stop" v="DE-ESO:ne5"/>
  <tag k="railway:signal:stop:caption" v="24x"/>
  <tag k="railway:signal:stop:deactivated" v="no"/>
  <tag k="railway:signal:stop:form" v="sign"/>
  <tag k="railway:signal:stop:height" v="dwarf"/>
 </node>
 <node id="2930395152" visible="true" version="3" changeset="147471906" timestamp="2024-02-15T01:43:05Z" user="Lukas615" uid="675791" lat="52.5491521" lon="13.4156925"/>
 <node id="2930398633" visible="true" version="3" changeset="147471906" timestamp="2024-02-15T01:43:05Z" user="Lukas615" uid="675791" lat="52.5488787" lon="13.4166412">
  <tag k="operator" v="DB InfraGO AG"/>
  <tag k="railway" v="milestone"/>
  <tag k="railway:milestone:catenary_mast" v="no"/>
  <tag k="railway:milestone:emergency_brake_override" v="no"/>
  <tag k="railway:position" v="6.0"/>
 </node>
 <node id="2930398668" visible="true" version="3" changeset="147471906" timestamp="2024-02-15T01:43:05Z" user="Lukas615" uid="675791" lat="52.5492923" lon="13.4150543"/>
 <node id="2957829711" visible="true" version="2" changeset="40925205" timestamp="2016-07-21T16:17:22Z" user="anbr" uid="43566" lat="52.4673003" lon="13.4285054"/>
 <node id="2966527035" visible="true" version="2" changeset="146843282" timestamp="2024-01-30T01:09:23Z" user="Lukas615" uid="675791" lat="52.4781222" lon="13.3435477"/>
 <node id="2966527036" visible="true" version="4" changeset="146843282" timestamp="2024-01-30T01:09:23Z" user="Lukas615" uid="675791" lat="52.4781621" lon="13.3423395"/>
 <node id="3038147253" visible="true" version="4" changeset="146731952" timestamp="2024-01-27T04:44:32Z" user="Lukas615" uid="675791" lat="52.4650725" lon="13.4036792">
  <tag k="operator" v="DB InfraGO AG"/>
  <tag k="railway" v="milestone"/>
  <tag k="railway:milestone:catenary_mast" v="no"/>
  <tag k="railway:milestone:emergency_brake_override" v="no"/>
  <tag k="railway:position" v="20.4"/>
 </node>
 <node id="3038147299" visible="true" version="1" changeset="24967786" timestamp="2014-08-24T00:09:20Z" user="atpl_pilot" uid="881429" lat="52.4652455" lon="13.4026185"/>
 <node id="3038147394" visible="true" version="2" changeset="146694822" timestamp="2024-01-26T02:55:44Z" user="Lukas615" uid="675791" lat="52.4656659" lon="13.4008468">
  <tag k="operator" v="DB InfraGO AG"/>
  <tag k="railway" v="milestone"/>
  <tag k="railway:milestone:catenary_mast" v="no"/>
  <tag k="railway:milestone:emergency_brake_override" v="no"/>
  <tag k="railway:position" v="20.6"/>
 </node>
 <node id="3038147636" visible="true" version="3" changeset="146800363" timestamp="2024-01-29T01:42:27Z" user="Lukas615" uid="675791" lat="52.4678583" lon="13.3945435">
  <tag k="operator" v="DB InfraGO AG"/>
  <tag k="railway" v="milestone"/>
  <tag k="railway:milestone:catenary_mast" v="no"/>
  <tag k="railway:milestone:emergency_brake_override" v="no"/>
  <tag k="railway:position" v="21.1"/>
 </node>
 <node id="3063558319" visible="true" version="2" changeset="149154540" timestamp="2024-03-26T00:38:05Z" user="Lukas615" uid="675791" lat="52.5397000" lon="13.4400104"/>
 <node id="3154169702" visible="true" version="5" changeset="146951456" timestamp="2024-02-01T15:37:07Z" user="Lukas615" uid="675791" lat="52.5239978" lon="13.4637349"/>
 <node id="3206868458" visible="true" version="3" changeset="146800363" timestamp="2024-01-29T01:42:27Z" user="Lukas615" uid="675791" lat="52.4653711" lon="13.4125472">
  <tag k="operator" v="DB InfraGO AG"/>
  <tag k="railway" v="milestone"/>
  <tag k="railway:milestone:catenary_mast" v="no"/>
  <tag k="railway:milestone:emergency_brake_override" v="no"/>
  <tag k="railway:position" v="19.8"/>
 </node>
 <node id="3206868460" visible="true" version="2" changeset="146731952" timestamp="2024-01-27T04:44:32Z" user="Lukas615" uid="675791" lat="52.4661527" lon="13.4206563"/>
 <node id="3331230373" visible="true" version="1" changeset="28622625" timestamp="2015-02-05T01:05:24Z" user="OSM-Bot" uid="111462" lat="52.4780914" lon="13.3450156"/>
 <node id="3331341151" visible="true" version="2" changeset="132556582" timestamp="2023-02-14T22:03:12Z" user="kartograph" uid="17304" lat="52.4719366" lon="13.3718681"/>
 <node id="3331341152" visible="true" version="2" changeset="132556582" timestamp="2023-02-14T22:03:12Z" user="kartograph" uid="17304" lat="52.4719803" lon="13.3708708"/>
 <node id="3331341153" visible="true" version="1" changeset="28623929" timestamp="2015-02-05T05:04:57Z" user="OSM-Bot" uid="111462" lat="52.4720433" lon="13.3703464"/>
 <node id="3331341154" visible="true" version="3" changeset="146763374" timestamp="2024-01-28T00:50:10Z" user="Lukas615" uid="675791" lat="52.4721454" lon="13.3698298"/>
 <node id="3331341155" visible="true" version="2" changeset="146763374" timestamp="2024-01-28T00:50:10Z" user="Lukas615" uid="675791" lat="52.4722862" lon="13.3693295"/>
 <node id="3609292656" visible="true" version="6" changeset="146763374" timestamp="2024-01-28T00:50:10Z" user="Lukas615" uid="675791" lat="52.4751318" lon="13.3660538">
  <tag k="operator" v="DB InfraGO AG"/>
  <tag k="railway" v="signal"/>
  <tag k="railway:signal:combined" v="DE-ESO:ks"/>
  <tag k="railway:signal:combined:form" v="light"/>
  <tag k="railway:signal:combined:height" v="normal"/>
  <tag k="railway:signal:combined:states" v="DE-ESO:hp0;DE-ESO:ks1;DE-ESO:ks2"/>
  <tag k="railway:signal:combined:substitute_signal" v="DE-ESO:db:zs12;DE-ESO:db:zs7"/>
  <tag k="railway:signal:departure" v="DE-ESO:zp"/>
  <tag k="railway:signal:departure:form" v="light"/>
  <tag k="railway:signal:departure:states" v="DE-ESO:zp9;DE-ESO:zp10"/>
  <tag k="railway:signal:direction" v="backward"/>
  <tag k="railway:signal:minor" v="DE-ESO:sh1"/>
  <tag k="railway:signal:minor:form" v="light"/>
  <tag k="railway:signal:position" v="left"/>
  <tag k="ref" v="776"/>
 </node>
 <node id="3672491285" visible="true" version="3" changeset="130534392" timestamp="2022-12-26T23:33:07Z" user="Lukas615" uid="675791" lat="52.5058092" lon="13.4713511">
  <tag k="description" v="einfache Hektometertafel"/>
  <tag k="note" v="Steht zwischen den beiden Gleisen"/>
  <tag k="operator" v="DB Netz AG"/>
  <tag k="railway" v="milestone"/>
  <tag k="railway:milestone:catenary_mast" v="no"/>
  <tag k="railway:milestone:emergency_brake_override" v="no"/>
  <tag k="railway:position" v="12.8"/>
  <tag k="source" v="estimation; survey"/>
 </node>
 <node id="3768364376" visible="true" version="1" changeset="34381613" timestamp="2015-10-02T04:46:50Z" user="tklug" uid="2415107" lat="52.5130745" lon="13.2862548"/>
 <node id="3774498193" visible="true" version="3" changeset="151700424" timestamp="2024-05-23T00:15:31Z" user="Lukas615" uid="675791" lat="52.5355186" lon="13.3389789">
  <tag k="operator" v="DB InfraGO AG"/>
  <tag k="railway" v="signal"/>
  <tag k="railway:signal:combined" v="DE-ESO:ks"/>
  <tag k="railway:signal:combined:deactivated" v="no"/>
  <tag k="railway:signal:combined:form" v="light"/>
  <tag k="railway:signal:combined:height" v="normal"/>
  <tag k="railway:signal:combined:shortened" v="no"/>
  <tag k="railway:signal:combined:states" v="DE-ESO:hp0;DE-ESO:ks1;DE-ESO:ks2"/>
  <tag k="railway:signal:combined:substitute_signal" v="DE-ESO:dr:zs1"/>
  <tag k="railway:signal:direction" v="forward"/>
  <tag k="railway:signal:position" v="right"/>
  <tag k="railway:signal:speed_limit" v="DE-ESO:zs3"/>
  <tag k="railway:signal:speed_limit:deactivated" v="no"/>
  <tag k="railway:signal:speed_limit:form" v="light"/>
  <tag k="railway:signal:speed_limit:height" v="normal"/>
  <tag k="railway:signal:speed_limit:speed" v="?;off"/>
  <tag k="railway:signal:traversable" v="DE-ESO:mastschild_schwarz-weiss"/>
  <tag k="railway:signal:traversable:type" v="always_on_sight"/>
  <tag k="ref" v="955"/>
 </node>
 <node id="3774498195" visible="true" version="3" changeset="147664294" timestamp="2024-02-19T19:04:32Z" user="Lukas615" uid="675791" lat="52.5360049" lon="13.3427779">
  <tag k="operator" v="DB InfraGO AG"/>
  <tag k="railway" v="signal"/>
  <tag k="railway:signal:combined" v="DE-ESO:ks"/>
  <tag k="railway:signal:combined:deactivated" v="no"/>
  <tag k="railway:signal:combined:form" v="light"/>
  <tag k="railway:signal:combined:height" v="normal"/>
  <tag k="railway:signal:combined:shortened" v="no"/>
  <tag k="railway:signal:combined:states" v="DE-ESO:hp0;DE-ESO:ks1;DE-ESO:ks2"/>
  <tag k="railway:signal:combined:substitute_signal" v="DE-ESO:dr:zs1"/>
  <tag k="railway:signal:direction" v="forward"/>
  <tag k="railway:signal:position" v="right"/>
  <tag k="railway:signal:traversable" v="DE-ESO:mastschild_schwarz-weiss"/>
  <tag k="railway:signal:traversable:type" v="always_on_sight"/>
  <tag k="ref" v="957"/>
 </node>
 <node id="3776296479" visible="true" version="4" changeset="149247513" timestamp="2024-03-28T00:51:26Z" user="Lukas615" uid="675791" lat="52.5301885" lon="13.4539490"/>
 <node id="3776346160" visible="true" version="4" changeset="146951456" timestamp="2024-02-01T15:37:07Z" user="Lukas615" uid="675791" lat="52.5235887" lon="13.4653073">
  <tag k="operator" v="DB InfraGO AG"/>
  <tag k="railway" v="signal"/>
  <tag k="railway:signal:direction" v="forward"/>
  <tag k="railway:signal:position" v="right"/>
  <tag k="railway:signal:stop" v="DE-ESO:ne5"/>
  <tag k="railway:signal:stop:caption" v="24x"/>
  <tag k="railway:signal:stop:deactivated" v="no"/>
  <tag k="railway:signal:stop:form" v="sign"/>
  <tag k="railway:signal:stop:height" v="dwarf"/>
 </node>
 <node id="3776346162" visible="true" version="4" changeset="146951456" timestamp="2024-02-01T15:37:07Z" user="Lukas615" uid="675791" lat="52.5236809" lon="13.4648816">
  <tag k="operator" v="DB InfraGO AG"/>
  <tag k="railway" v="signal"/>
  <tag k="railway:signal:direction" v="forward"/>
  <tag k="railway:signal:position" v="right"/>
  <tag k="railway:signal:stop" v="DE-ESO:ne5"/>
  <tag k="railway:signal:stop:caption" v="Kurzzug"/>
  <tag k="railway:signal:stop:deactivated" v="no"/>
  <tag k="railway:signal:stop:form" v="sign"/>
  <tag k="railway:signal:stop:height" v="dwarf"/>
 </node>
 <node id="3776346168" visible="true" version="4" changeset="146951456" timestamp="2024-02-01T15:37:07Z" user="Lukas615" uid="675791" lat="52.5237494" lon="13.4645924"/>
 <node id="3776346178" visible="true" version="4" changeset="146951456" timestamp="2024-02-01T15:37:07Z" user="Lukas615" uid="675791" lat="52.5239065" lon="13.4640261"/>
 <node id="3776392657" visible="true" version="1" changeset="34488953" timestamp="2015-10-07T11:46:57Z" user="Gavaasuren" uid="2144605" lat="52.5152775" lon="13.4742937"/>
 <node id="3776590972" visible="true" version="2" changeset="44925893" timestamp="2017-01-05T14:18:23Z" user="soemisch" uid="2290263" lat="52.4936654" lon="13.4613814"/>
 <node id="3776874244" visible="true" version="3" changeset="168368259" timestamp="2025-07-01T19:19:58Z" user="bigbug21" uid="15748" lat="52.4723025" lon="13.4549059">
  <tag k="check_date" v="2025-02"/>
  <tag k="operator" v="DB InfraGO AG"/>
  <tag k="railway" v="signal"/>
  <tag k="railway:signal:direction" v="forward"/>
  <tag k="railway:signal:position" v="right"/>
  <tag k="railway:signal:stop" v="DE-ESO:ne5"/>
  <tag k="railway:signal:stop:deactivated" v="no"/>
  <tag k="railway:signal:stop:form" v="sign"/>
  <tag k="railway:signal:stop:height" v="normal"/>
 </node>
 <node id="3776974130" visible="true" version="7" changeset="147711743" timestamp="2024-02-20T23:18:53Z" user="Lukas615" uid="675791" lat="52.4693139" lon="13.4419623">
  <tag k="operator" v="DB Netz AG"/>
  <tag k="railway" v="signal"/>
  <tag k="railway:signal:combined" v="DE-ESO:ks"/>
  <tag k="railway:signal:combined:deactivated" v="no"/>
  <tag k="railway:signal:combined:form" v="light"/>
  <tag k="railway:signal:combined:height" v="normal"/>
  <tag k="railway:signal:combined:shortened" v="no"/>
  <tag k="railway:signal:combined:states" v="DE-ESO:hp0;DE-ESO:ks1;DE-ESO:ks2"/>
  <tag k="railway:signal:combined:substitute_signal" v="DE-ESO:db:zs12;DE-ESO:db:zs7;DE-ESO:dr:zs1"/>
  <tag k="railway:signal:departure" v="DE-ESO:zp"/>
  <tag k="railway:signal:departure:deactivated" v="no"/>
  <tag k="railway:signal:departure:form" v="light"/>
  <tag k="railway:signal:departure:states" v="DE-ESO:zp10;DE-ESO:zp9"/>
  <tag k="railway:signal:direction" v="forward"/>
  <tag k="railway:signal:position" v="left"/>
  <tag k="railway:signal:speed_limit" v="DE-ESO:zs3"/>
  <tag k="railway:signal:speed_limit:deactivated" v="no"/>
  <tag k="railway:signal:speed_limit_distant" v="DE-ESO:zs3v"/>
  <tag k="railway:signal:speed_limit_distant:deactivated" v="no"/>
  <tag k="railway:signal:speed_limit_distant:form" v="light"/>
  <tag k="railway:signal:speed_limit_distant:height" v="normal"/>
  <tag k="railway:signal:speed_limit_distant:speed" v="60;off"/>
  <tag k="railway:signal:speed_limit:form" v="light"/>
  <tag k="railway:signal:speed_limit:height" v="normal"/>
  <tag k="railway:signal:speed_limit:speed" v="40;off"/>
  <tag k="railway:signal:traversable" v="DE-ESO:mastschild_rot-weiss"/>
  <tag k="railway:signal:traversable:type" v="written_default_speed;dictated_default_speed"/>
  <tag k="ref" v="723"/>
 </node>
 <node id="3776974134" visible="true" version="2" changeset="146829192" timestamp="2024-01-29T16:26:52Z" user="Lukas615" uid="675791" lat="52.4696078" lon="13.4438786">
  <tag k="operator" v="DB InfraGO AG"/>
  <tag k="railway" v="milestone"/>
  <tag k="railway:milestone:catenary_mast" v="no"/>
  <tag k="railway:milestone:emergency_brake_override" v="no"/>
  <tag k="railway:position" v="17.6"/>
 </node>
 <node id="3776974140" visible="true" version="4" changeset="147711743" timestamp="2024-02-20T23:18:53Z" user="Lukas615" uid="675791" lat="52.4697062" lon="13.4445135">
  <tag k="note" v="Es kann nur entweder das Zs2 &quot;O&quot; oder das Zs 6 leuchten, da im selben Zusatzanzeiger verbaut"/>
  <tag k="operator" v="DB Netz AG"/>
  <tag k="railway" v="signal"/>
  <tag k="railway:signal:departure" v="DE-ESO:zp"/>
  <tag k="railway:signal:departure:deactivated" v="no"/>
  <tag k="railway:signal:departure:form" v="light"/>
  <tag k="railway:signal:departure:states" v="DE-ESO:zp10;DE-ESO:zp9"/>
  <tag k="railway:signal:direction" v="backward"/>
  <tag k="railway:signal:main" v="DE-ESO:ks"/>
  <tag k="railway:signal:main:deactivated" v="no"/>
  <tag k="railway:signal:main:form" v="light"/>
  <tag k="railway:signal:main:height" v="normal"/>
  <tag k="railway:signal:main:states" v="DE-ESO:hp0;DE-ESO:ks1"/>
  <tag k="railway:signal:main:substitute_signal" v="DE-ESO:db:zs12;DE-ESO:db:zs7"/>
  <tag k="railway:signal:minor" v="DE-ESO:sh1"/>
  <tag k="railway:signal:minor:form" v="light"/>
  <tag k="railway:signal:position" v="left"/>
  <tag k="railway:signal:route" v="DE-ESO:zs2"/>
  <tag k="railway:signal:route:deactivated" v="no"/>
  <tag k="railway:signal:route:form" v="light"/>
  <tag k="railway:signal:route:states" v="O;off"/>
  <tag k="railway:signal:speed_limit" v="DE-ESO:zs3"/>
  <tag k="railway:signal:speed_limit:deactivated" v="no"/>
  <tag k="railway:signal:speed_limit:form" v="light"/>
  <tag k="railway:signal:speed_limit:height" v="normal"/>
  <tag k="railway:signal:speed_limit:speed" v="70;off"/>
  <tag k="railway:signal:traversable" v="DE-ESO:mastschild_rot-weiss"/>
  <tag k="railway:signal:traversable:type" v="written_default_speed;dictated_default_speed"/>
  <tag k="railway:signal:wrong_road" v="DE-ESO:dr:zs7"/>
  <tag k="railway:signal:wrong_road:deactivated" v="no"/>
  <tag k="railway:signal:wrong_road:form" v="light"/>
  <tag k="ref" v="716"/>
 </node>
 <node id="3778070630" visible="true" version="2" changeset="146731952" timestamp="2024-01-27T04:44:32Z" user="Lukas615" uid="675791" lat="52.4675019" lon="13.4299105">
  <tag k="operator" v="DB InfraGO AG"/>
  <tag k="railway" v="signal"/>
  <tag k="railway:signal:direction" v="backward"/>
  <tag k="railway:signal:position" v="left"/>
  <tag k="railway:signal:speed_limit" v="DE-ESO:lf7"/>
  <tag k="railway:signal:speed_limit:deactivated" v="no"/>
  <tag k="railway:signal:speed_limit:form" v="sign"/>
  <tag k="railway:signal:speed_limit:height" v="normal"/>
  <tag k="railway:signal:speed_limit:speed" v="70"/>
 </node>
 <node id="3778070649" visible="true" version="2" changeset="35706686" timestamp="2015-12-02T13:59:16Z" user="Gavaasuren" uid="2144605" lat="52.4677556" lon="13.4316222"/>
 <node id="3778075160" visible="true" version="2" changeset="146829192" timestamp="2024-01-29T16:26:52Z" user="Lukas615" uid="675791" lat="52.4677890" lon="13.4318554"/>
 <node id="3778075165" visible="true" version="2" changeset="146829192" timestamp="2024-01-29T16:26:52Z" user="Lukas615" uid="675791" lat="52.4678572" lon="13.4324441">
  <tag k="operator" v="DB InfraGO AG"/>
  <tag k="railway" v="milestone"/>
  <tag k="railway:milestone:catenary_mast" v="no"/>
  <tag k="railway:milestone:emergency_brake_override" v="no"/>
  <tag k="railway:position" v="18.4"/>
 </node>
 <node id="3778116747" visible="true" version="2" changeset="146763374" timestamp="2024-01-28T00:50:10Z" user="Lukas615" uid="675791" lat="52.4712517" lon="13.3833920"/>
 <node id="3778116748" visible="true" version="3" changeset="146800363" timestamp="2024-01-29T01:42:27Z" user="Lukas615" uid="675791" lat="52.4712787" lon="13.3832270">
  <tag k="operator" v="DB InfraGO AG"/>
  <tag k="railway" v="signal"/>
  <tag k="railway:signal:direction" v="forward"/>
  <tag k="railway:signal:position" v="right"/>
  <tag k="railway:signal:stop" v="DE-ESO:ne5"/>
  <tag k="railway:signal:stop:deactivated" v="no"/>
  <tag k="railway:signal:stop:form" v="sign"/>
  <tag k="railway:signal:stop:height" v="dwarf"/>
 </node>
 <node id="3778116749" visible="true" version="2" changeset="146763374" timestamp="2024-01-28T00:50:10Z" user="Lukas615" uid="675791" lat="52.4713326" lon="13.3829008"/>
 <node id="3778142594" visible="true" version="3" changeset="146800363" timestamp="2024-01-29T01:42:27Z" user="Lukas615" uid="675791" lat="52.4766217" lon="13.3651339">
  <tag k="operator" v="DB InfraGO AG"/>
  <tag k="railway" v="signal"/>
  <tag k="railway:signal:combined" v="DE-ESO:ks"/>
  <tag k="railway:signal:combined:deactivated" v="no"/>
  <tag k="railway:signal:combined:form" v="light"/>
  <tag k="railway:signal:combined:height" v="normal"/>
  <tag k="railway:signal:combined:shortened" v="yes"/>
  <tag k="railway:signal:combined:states" v="DE-ESO:hp0;DE-ESO:ks1;DE-ESO:ks2"/>
  <tag k="railway:signal:combined:substitute_signal" v="DE-ESO:db:zs12;DE-ESO:db:zs7"/>
  <tag k="railway:signal:departure" v="DE-ESO:zp"/>
  <tag k="railway:signal:departure:deactivated" v="no"/>
  <tag k="railway:signal:departure:form" v="light"/>
  <tag k="railway:signal:departure:states" v="DE-ESO:zp10;DE-ESO:zp9"/>
  <tag k="railway:signal:direction" v="forward"/>
  <tag k="railway:signal:minor" v="DE-ESO:sh1"/>
  <tag k="railway:signal:minor:form" v="light"/>
  <tag k="railway:signal:position" v="right"/>
  <tag k="railway:signal:speed_limit" v="DE-ESO:zs3"/>
  <tag k="railway:signal:speed_limit:deactivated" v="no"/>
  <tag k="railway:signal:speed_limit:form" v="light"/>
  <tag k="railway:signal:speed_limit:height" v="normal"/>
  <tag k="railway:signal:speed_limit:speed" v="60;?;off"/>
  <tag k="railway:signal:traversable" v="DE-ESO:mastschild_rot-weiss"/>
  <tag k="railway:signal:traversable:type" v="written_default_speed;dictated_default_speed"/>
  <tag k="ref" v="791"/>
 </node>
 <node id="3778244025" visible="true" version="2" changeset="146843282" timestamp="2024-01-30T01:09:23Z" user="Lukas615" uid="675791" lat="52.4789632" lon="13.3499793"/>
 <node id="3778244031" visible="true" version="3" changeset="146843282" timestamp="2024-01-30T01:09:23Z" user="Lukas615" uid="675791" lat="52.4789884" lon="13.3500683">
  <tag k="operator" v="DB InfraGO AG"/>
  <tag k="railway" v="milestone"/>
  <tag k="railway:milestone:catenary_mast" v="no"/>
  <tag k="railway:milestone:emergency_brake_override" v="no"/>
  <tag k="railway:position" v="24.7"/>
 </node>
 <node id="3778278443" visible="true" version="3" changeset="146843282" timestamp="2024-01-30T01:09:23Z" user="Lukas615" uid="675791" lat="52.4781487" lon="13.3427923"/>
 <node id="3778278444" visible="true" version="4" changeset="146843282" timestamp="2024-01-30T01:09:23Z" user="Lukas615" uid="675791" lat="52.4781547" lon="13.3426246">
  <tag k="description" v="Geschwindigkeitssignal (Lf7 &quot;7&quot;) in östlicher Richtung"/>
  <tag k="note" v="steht in östlicher Richtung links des Gleises, mit Zuordnungspfeil rechts"/>
  <tag k="operator" v="DB InfraGO AG"/>
  <tag k="railway" v="signal"/>
  <tag k="railway:signal:direction" v="backward"/>
  <tag k="railway:signal:position" v="right"/>
  <tag k="railway:signal:speed_limit" v="DE-ESO:lf7"/>
  <tag k="railway:signal:speed_limit:deactivated" v="no"/>
  <tag k="railway:signal:speed_limit:form" v="sign"/>
  <tag k="railway:signal:speed_limit:height" v="normal"/>
  <tag k="railway:signal:speed_limit:speed" v="70"/>
 </node>
 <node id="3778278447" visible="true" version="4" changeset="146843282" timestamp="2024-01-30T01:09:23Z" user="Lukas615" uid="675791" lat="52.4781599" lon="13.3402369">
  <tag k="operator" v="DB InfraGO AG"/>
  <tag k="railway" v="signal"/>
  <tag k="railway:signal:combined" v="DE-ESO:ks"/>
  <tag k="railway:signal:combined:deactivated" v="no"/>
  <tag k="railway:signal:combined:form" v="light"/>
  <tag k="railway:signal:combined:function" v="block"/>
  <tag k="railway:signal:combined:height" v="normal"/>
  <tag k="railway:signal:combined:shortened" v="no"/>
  <tag k="railway:signal:combined:states" v="DE-ESO:hp0;DE-ESO:ks1;DE-ESO:ks2"/>
  <tag k="railway:signal:combined:substitute_signal" v="DE-ESO:dr:zs1"/>
  <tag k="railway:signal:departure" v="DE-ESO:zp"/>
  <tag k="railway:signal:departure:deactivated" v="no"/>
  <tag k="railway:signal:departure:form" v="light"/>
  <tag k="railway:signal:departure:states" v="DE-ESO:zp10;DE-ESO:zp9"/>
  <tag k="railway:signal:direction" v="forward"/>
  <tag k="railway:signal:position" v="left"/>
  <tag k="railway:signal:traversable" v="DE-ESO:mastschild_schwarz-weiss"/>
  <tag k="railway:signal:traversable:type" v="always_on_sight"/>
  <tag k="ref" v="819"/>
 </node>
 <node id="3778278448" visible="true" version="4" changeset="146843282" timestamp="2024-01-30T01:09:23Z" user="Lukas615" uid="675791" lat="52.4781670" lon="13.3421086"/>
 <node id="3778278449" visible="true" version="2" changeset="146843282" timestamp="2024-01-30T01:09:23Z" user="Lukas615" uid="675791" lat="52.4781716" lon="13.3408887">
  <tag k="operator" v="DB InfraGO AG"/>
  <tag k="railway" v="signal"/>
  <tag k="railway:signal:direction" v="forward"/>
  <tag k="railway:signal:position" v="right"/>
  <tag k="railway:signal:stop" v="DE-ESO:ne5"/>
  <tag k="railway:signal:stop:caption" v="24x"/>
  <tag k="railway:signal:stop:deactivated" v="no"/>
  <tag k="railway:signal:stop:form" v="sign"/>
  <tag k="railway:signal:stop:height" v="normal"/>
 </node>
 <node id="3778278451" visible="true" version="3" changeset="146843282" timestamp="2024-01-30T01:09:23Z" user="Lukas615" uid="675791" lat="52.4781735" lon="13.3414197">
  <tag k="operator" v="DB InfraGO AG"/>
  <tag k="railway" v="signal"/>
  <tag k="railway:signal:direction" v="forward"/>
  <tag k="railway:signal:position" v="right"/>
  <tag k="railway:signal:stop" v="DE-ESO:ne5"/>
  <tag k="railway:signal:stop:caption" v="Kurzzug"/>
  <tag k="railway:signal:stop:deactivated" v="no"/>
  <tag k="railway:signal:stop:form" v="sign"/>
  <tag k="railway:signal:stop:height" v="normal"/>
 </node>
 <node id="3779421338" visible="true" version="2" changeset="149098273" timestamp="2024-03-24T16:58:28Z" user="Lukas615" uid="675791" lat="52.4776861" lon="13.3273691"/>
 <node id="3779421339" visible="true" version="4" changeset="158496859" timestamp="2024-10-29T12:52:13Z" user="Lukas615" uid="675791" lat="52.4776933" lon="13.3280976">
  <tag k="operator" v="DB InfraGO AG"/>
  <tag k="railway" v="signal"/>
  <tag k="railway:signal:combined" v="DE-ESO:ks"/>
  <tag k="railway:signal:combined:deactivated" v="no"/>
  <tag k="railway:signal:combined:form" v="light"/>
  <tag k="railway:signal:combined:function" v="exit"/>
  <tag k="railway:signal:combined:height" v="normal"/>
  <tag k="railway:signal:combined:shortened" v="no"/>
  <tag k="railway:signal:combined:states" v="DE-ESO:hp0;DE-ESO:ks1;DE-ESO:ks2"/>
  <tag k="railway:signal:combined:substitute_signal" v="DE-ESO:db:zs12;DE-ESO:db:zs7"/>
  <tag k="railway:signal:departure" v="DE-ESO:zp"/>
  <tag k="railway:signal:departure:deactivated" v="no"/>
  <tag k="railway:signal:departure:form" v="light"/>
  <tag k="railway:signal:departure:states" v="DE-ESO:zp10;DE-ESO:zp9"/>
  <tag k="railway:signal:direction" v="forward"/>
  <tag k="railway:signal:position" v="left"/>
  <tag k="railway:signal:speed_limit" v="DE-ESO:zs3"/>
  <tag k="railway:signal:speed_limit:deactivated" v="no"/>
  <tag k="railway:signal:speed_limit_distant" v="DE-ESO:zs3v"/>
  <tag k="railway:signal:speed_limit_distant:deactivated" v="no"/>
  <tag k="railway:signal:speed_limit_distant:form" v="light"/>
  <tag k="railway:signal:speed_limit_distant:height" v="normal"/>
  <tag k="railway:signal:speed_limit_distant:speed" v="60;off"/>
  <tag k="railway:signal:speed_limit:form" v="light"/>
  <tag k="railway:signal:speed_limit:height" v="normal"/>
  <tag k="railway:signal:speed_limit:speed" v="40;off"/>
  <tag k="railway:signal:traversable" v="DE-ESO:mastschild_rot-weiss"/>
  <tag k="railway:signal:traversable:type" v="written_default_speed;dictated_default_speed"/>
  <tag k="ref" v="829"/>
 </node>
 <node id="3779421342" visible="true" version="2" changeset="146843282" timestamp="2024-01-30T01:09:23Z" user="Lukas615" uid="675791" lat="52.4777070" lon="13.3302905"/>
 <node id="3779421343" visible="true" version="3" changeset="149098273" timestamp="2024-03-24T16:58:28Z" user="Lukas615" uid="675791" lat="52.4777053" lon="13.3298721">
  <tag k="operator" v="DB InfraGO AG"/>
  <tag k="railway" v="milestone"/>
  <tag k="railway:milestone:catenary_mast" v="no"/>
  <tag k="railway:milestone:emergency_brake_override" v="no"/>
  <tag k="railway:position" v="26.1"/>
 </node>
 <node id="3779512243" visible="true" version="1" changeset="34530056" timestamp="2015-10-09T13:39:31Z" user="Gavaasuren" uid="2144605" lat="52.4798814" lon="13.3121792"/>
 <node id="3779512251" visible="true" version="2" changeset="149098273" timestamp="2024-03-24T16:58:28Z" user="Lukas615" uid="675791" lat="52.4803131" lon="13.3115348">
  <tag k="operator" v="DB InfraGO AG"/>
  <tag k="railway" v="signal"/>
  <tag k="railway:signal:direction" v="forward"/>
  <tag k="railway:signal:position" v="right"/>
  <tag k="railway:signal:stop" v="DE-ESO:ne5"/>
  <tag k="railway:signal:stop:caption" v="24x"/>
  <tag k="railway:signal:stop:deactivated" v="no"/>
  <tag k="railway:signal:stop:form" v="sign"/>
  <tag k="railway:signal:stop:height" v="normal"/>
 </node>
 <node id="3779512265" visible="true" version="1" changeset="34530056" timestamp="2015-10-09T13:39:32Z" user="Gavaasuren" uid="2144605" lat="52.4807361" lon="13.3109335"/>
 <node id="3779524357" visible="true" version="4" changeset="146926280" timestamp="2024-02-01T00:50:11Z" user="Lukas615" uid="675791" lat="52.4876364" lon="13.3016000"/>
 <node id="3779524364" visible="true" version="1" changeset="34530379" timestamp="2015-10-09T13:58:16Z" user="Gavaasuren" uid="2144605" lat="52.4883883" lon="13.3006916"/>
 <node id="3779524367" visible="true" version="1" changeset="34530379" timestamp="2015-10-09T13:58:17Z" user="Gavaasuren" uid="2144605" lat="52.4886599" lon="13.3003254"/>
 <node id="3779524372" visible="true" version="2" changeset="146926280" timestamp="2024-02-01T00:50:11Z" user="Lukas615" uid="675791" lat="52.4892213" lon="13.2995564"/>
 <node id="3779524373" visible="true" version="2" changeset="146926280" timestamp="2024-02-01T00:50:11Z" user="Lukas615" uid="675791" lat="52.4893296" lon="13.2994022"/>
 <node id="3783234591" visible="true" version="2" changeset="149071729" timestamp="2024-03-24T00:25:19Z" user="Lukas615" uid="675791" lat="52.4955281" lon="13.2913305"/>
 <node id="3783234594" visible="true" version="3" changeset="149071729" timestamp="2024-03-24T00:25:19Z" user="Lukas615" uid="675791" lat="52.4956817" lon="13.2911234">
  <tag k="operator" v="DB InfraGO AG"/>
  <tag k="railway" v="signal"/>
  <tag k="railway:signal:direction" v="forward"/>
  <tag k="railway:signal:electricity" v="DE-ESO:el2"/>
  <tag k="railway:signal:electricity:deactivated" v="no"/>
  <tag k="railway:signal:electricity:form" v="sign"/>
  <tag k="railway:signal:electricity:height" v="normal"/>
  <tag k="railway:signal:electricity:type" v="power_on"/>
  <tag k="railway:signal:position" v="right"/>
 </node>
 <node id="3783310408" visible="true" version="4" changeset="147412996" timestamp="2024-02-13T15:04:39Z" user="Lukas615" uid="675791" lat="52.5003232" lon="13.2844367">
  <tag k="railway" v="signal"/>
  <tag k="railway:signal:combined" v="DE-ESO:ks"/>
  <tag k="railway:signal:combined:deactivated" v="no"/>
  <tag k="railway:signal:combined:form" v="light"/>
  <tag k="railway:signal:combined:function" v="block"/>
  <tag k="railway:signal:combined:height" v="normal"/>
  <tag k="railway:signal:combined:shortened" v="no"/>
  <tag k="railway:signal:combined:states" v="DE-ESO:hp0;DE-ESO:ks1;DE-ESO:ks2"/>
  <tag k="railway:signal:combined:substitute_signal" v="DE-ESO:db:zs12;DE-ESO:db:zs7;DE-ESO:dr:zs1"/>
  <tag k="railway:signal:departure" v="DE-ESO:zp"/>
  <tag k="railway:signal:departure:form" v="light"/>
  <tag k="railway:signal:departure:states" v="DE-ESO:zp9;DE-ESO:zp10"/>
  <tag k="railway:signal:direction" v="backward"/>
  <tag k="railway:signal:position" v="left"/>
  <tag k="railway:signal:speed_limit_distant" v="DE-ESO:zs3v"/>
  <tag k="railway:signal:speed_limit_distant:form" v="light"/>
  <tag k="railway:signal:speed_limit_distant:height" v="normal"/>
  <tag k="railway:signal:speed_limit_distant:speed" v="40"/>
  <tag k="railway:signal:traversable" v="DE-ESO:mastschild_rot-weiss"/>
  <tag k="railway:signal:traversable:type" v="written_default_speed;dictated_default_speed"/>
  <tag k="ref" v="872"/>
 </node>
 <node id="3783310427" visible="true" version="2" changeset="52759538" timestamp="2017-10-09T13:09:09Z" user="30303020" uid="6747298" lat="52.5017016" lon="13.2832806">
  <tag k="railway" v="milestone"/>
  <tag k="railway:milestone:catenary_mast" v="no"/>
  <tag k="railway:milestone:emergency_brake_override" v="no"/>
  <tag k="railway:position" v="30.5"/>
 </node>
 <node id="3783332668" visible="true" version="2" changeset="150660431" timestamp="2024-04-29T12:11:29Z" user="Lukas615" uid="675791" lat="52.5067802" lon="13.2830060"/>
 <node id="3783332670" visible="true" version="2" changeset="150660431" timestamp="2024-04-29T12:11:29Z" user="Lukas615" uid="675791" lat="52.5068594" lon="13.2830469"/>
 <node id="3783332672" visible="true" version="2" changeset="150660431" timestamp="2024-04-29T12:11:29Z" user="Lukas615" uid="675791" lat="52.5070481" lon="13.2831535">
  <tag k="operator" v="DB InfraGO AG"/>
  <tag k="railway" v="signal"/>
  <tag k="railway:signal:direction" v="backward"/>
  <tag k="railway:signal:position" v="right"/>
  <tag k="railway:signal:stop" v="DE-ESO:ne5"/>
  <tag k="railway:signal:stop:deactivated" v="no"/>
  <tag k="railway:signal:stop:form" v="sign"/>
  <tag k="railway:signal:stop:height" v="dwarf"/>
 </node>
 <node id="3783332676" visible="true" version="2" changeset="150660431" timestamp="2024-04-29T12:11:29Z" user="Lukas615" uid="675791" lat="52.5073675" lon="13.2833609">
  <tag k="operator" v="DB InfraGO AG"/>
  <tag k="railway" v="signal"/>
  <tag k="railway:signal:direction" v="backward"/>
  <tag k="railway:signal:position" v="right"/>
  <tag k="railway:signal:stop" v="DE-ESO:ne5"/>
  <tag k="railway:signal:stop:caption" v="Kurzzug"/>
  <tag k="railway:signal:stop:deactivated" v="no"/>
  <tag k="railway:signal:stop:form" v="sign"/>
  <tag k="railway:signal:stop:height" v="dwarf"/>
 </node>
 <node id="3783332678" visible="true" version="2" changeset="41533293" timestamp="2016-08-18T12:46:46Z" user="ekutscharski" uid="4258249" lat="52.5074772" lon="13.2834420"/>
 <node id="3783332682" visible="true" version="3" changeset="149034688" timestamp="2024-03-22T23:59:36Z" user="Lukas615" uid="675791" lat="52.5075582" lon="13.2834981"/>
 <node id="3787007856" visible="true" version="2" changeset="124285168" timestamp="2022-07-30T22:55:37Z" user="kartograph" uid="17304" lat="52.5198264" lon="13.4712413"/>
 <node id="3787008858" visible="true" version="2" changeset="124285168" timestamp="2022-07-30T22:55:37Z" user="kartograph" uid="17304" lat="52.5206100" lon="13.4708049"/>
 <node id="3787163723" visible="true" version="3" changeset="156705640" timestamp="2024-09-16T20:44:57Z" user="Lukas615" uid="675791" lat="52.5443589" lon="13.4269541"/>
 <node id="3787163724" visible="true" version="3" changeset="156705640" timestamp="2024-09-16T20:44:57Z" user="Lukas615" uid="675791" lat="52.5445032" lon="13.4265400">
  <tag k="operator" v="DB InfraGO AG"/>
  <tag k="railway" v="signal"/>
  <tag k="railway:signal:combined" v="DE-ESO:ks"/>
  <tag k="railway:signal:combined:deactivated" v="no"/>
  <tag k="railway:signal:combined:form" v="light"/>
  <tag k="railway:signal:combined:height" v="normal"/>
  <tag k="railway:signal:combined:shortened" v="no"/>
  <tag k="railway:signal:combined:states" v="DE-ESO:hp0;DE-ESO:ks1;DE-ESO:ks2"/>
  <tag k="railway:signal:departure" v="DE-ESO:zp"/>
  <tag k="railway:signal:departure:deactivated" v="no"/>
  <tag k="railway:signal:departure:form" v="light"/>
  <tag k="railway:signal:departure:states" v="DE-ESO:zp10;DE-ESO:zp9"/>
  <tag k="railway:signal:direction" v="forward"/>
  <tag k="railway:signal:position" v="left"/>
  <tag k="railway:signal:speed_limit_distant" v="DE-ESO:zs3v"/>
  <tag k="railway:signal:speed_limit_distant:deactivated" v="no"/>
  <tag k="railway:signal:speed_limit_distant:form" v="light"/>
  <tag k="railway:signal:speed_limit_distant:height" v="normal"/>
  <tag k="railway:signal:speed_limit_distant:speed" v="60;off"/>
  <tag k="railway:signal:traversable" v="DE-ESO:mastschild_schwarz-weiss"/>
  <tag k="railway:signal:traversable:type" v="always_on_sight"/>
  <tag k="ref" v="535"/>
 </node>
 <node id="3787163736" visible="true" version="3" changeset="156705640" timestamp="2024-09-16T20:44:57Z" user="Lukas615" uid="675791" lat="52.5446853" lon="13.4260442"/>
 <node id="3787163741" visible="true" version="4" changeset="156705640" timestamp="2024-09-16T20:44:57Z" user="Lukas615" uid="675791" lat="52.5449078" lon="13.4255198">
  <tag k="operator" v="DB InfraGO AG"/>
  <tag k="railway" v="signal"/>
  <tag k="railway:signal:direction" v="backward"/>
  <tag k="railway:signal:position" v="right"/>
  <tag k="railway:signal:stop" v="DE-ESO:ne5"/>
  <tag k="railway:signal:stop:caption" v="Kurzzug"/>
  <tag k="railway:signal:stop:deactivated" v="no"/>
  <tag k="railway:signal:stop:form" v="sign"/>
  <tag k="railway:signal:stop:height" v="dwarf"/>
 </node>
 <node id="3787163751" visible="true" version="2" changeset="156705640" timestamp="2024-09-16T20:44:57Z" user="Lukas615" uid="675791" lat="52.5452431" lon="13.4248607"/>
 <node id="3787163754" visible="true" version="1" changeset="34649409" timestamp="2015-10-15T08:19:50Z" user="Gavaasuren" uid="2144605" lat="52.5455429" lon="13.4243158"/>
 <node id="3787328560" visible="true" version="3" changeset="147471906" timestamp="2024-02-15T01:43:05Z" user="Lukas615" uid="675791" lat="52.5486072" lon="13.4174835"/>
 <node id="3787328561" visible="true" version="2" changeset="147471906" timestamp="2024-02-15T01:43:05Z" user="Lukas615" uid="675791" lat="52.5486672" lon="13.4173007"/>
 <node id="3787328562" visible="true" version="2" changeset="147471906" timestamp="2024-02-15T01:43:05Z" user="Lukas615" uid="675791" lat="52.5487483" lon="13.4170468"/>
 <node id="3787328565" visible="true" version="2" changeset="147471906" timestamp="2024-02-15T01:43:05Z" user="Lukas615" uid="675791" lat="52.5493284" lon="13.4148280">
  <tag k="operator" v="DB InfraGO AG"/>
  <tag k="railway" v="signal"/>
  <tag k="railway:signal:direction" v="backward"/>
  <tag k="railway:signal:position" v="right"/>
  <tag k="railway:signal:stop" v="DE-ESO:ne5"/>
  <tag k="railway:signal:stop:caption" v="Kurzzug"/>
  <tag k="railway:signal:stop:deactivated" v="no"/>
  <tag k="railway:signal:stop:form" v="sign"/>
  <tag k="railway:signal:stop:height" v="dwarf"/>
 </node>
 <node id="3787655817" visible="true" version="2" changeset="41531953" timestamp="2016-08-18T11:32:42Z" user="ekutscharski" uid="4258249" lat="52.5342702" lon="13.3287664"/>
 <node id="3787655855" visible="true" version="2" changeset="43712799" timestamp="2016-11-16T22:15:20Z" user="bigbug21" uid="15748" lat="52.5362596" lon="13.3447354">
  <tag k="description" v="einfache Hektometertafel"/>
  <tag k="railway" v="milestone"/>
  <tag k="railway:milestone:catenary_mast" v="no"/>
  <tag k="railway:milestone:emergency_brake_override" v="no"/>
  <tag k="railway:position" v="0.7"/>
  <tag k="source" v="survey"/>
 </node>
 <node id="3787656358" visible="true" version="2" changeset="147664294" timestamp="2024-02-19T19:04:32Z" user="Lukas615" uid="675791" lat="52.5363348" lon="13.3453148">
  <tag k="operator" v="DB InfraGO AG"/>
  <tag k="railway" v="signal"/>
  <tag k="railway:signal:direction" v="forward"/>
  <tag k="railway:signal:position" v="right"/>
  <tag k="railway:signal:stop" v="DE-ESO:ne5"/>
  <tag k="railway:signal:stop:deactivated" v="no"/>
  <tag k="railway:signal:stop:form" v="sign"/>
  <tag k="railway:signal:stop:height" v="normal"/>
 </node>
 <node id="3787656359" visible="true" version="3" changeset="147664294" timestamp="2024-02-19T19:04:32Z" user="Lukas615" uid="675791" lat="52.5363429" lon="13.3453767">
  <tag k="operator" v="DB Netz AG"/>
  <tag k="railway" v="signal"/>
  <tag k="railway:signal:direction" v="backward"/>
  <tag k="railway:signal:position" v="right"/>
  <tag k="railway:signal:speed_limit" v="DE-ESO:lf7"/>
  <tag k="railway:signal:speed_limit:deactivated" v="no"/>
  <tag k="railway:signal:speed_limit:form" v="sign"/>
  <tag k="railway:signal:speed_limit:height" v="normal"/>
  <tag k="railway:signal:speed_limit:speed" v="100"/>
 </node>
 <node id="3787656360" visible="true" version="2" changeset="147664294" timestamp="2024-02-19T19:04:32Z" user="Lukas615" uid="675791" lat="52.5363634" lon="13.3455324">
  <tag k="operator" v="DB InfraGO AG"/>
  <tag k="railway" v="switch"/>
 </node>
 <node id="3788640172" visible="true" version="1" changeset="34669814" timestamp="2015-10-16T08:03:46Z" user="Gavaasuren" uid="2144605" lat="52.5423855" lon="13.3662392"/>
 <node id="3788640175" visible="true" version="3" changeset="44079349" timestamp="2016-12-01T07:47:16Z" user="bigbug21" uid="15748" lat="52.5436832" lon="13.3691344">
  <tag k="description" v="einfache Hektometertafel"/>
  <tag k="railway" v="milestone"/>
  <tag k="railway:milestone:catenary_mast" v="no"/>
  <tag k="railway:milestone:emergency_brake_override" v="no"/>
  <tag k="railway:position" v="2.6"/>
  <tag k="railway:position:exact" v="2.600"/>
  <tag k="source" v="estimate; extrapolate; survey"/>
 </node>
 <node id="3792434784" visible="true" version="2" changeset="146800363" timestamp="2024-01-29T01:42:27Z" user="Lukas615" uid="675791" lat="52.4709319" lon="13.3849618">
  <tag k="fixme" v="caption fehlt noch"/>
  <tag k="operator" v="DB InfraGO AG"/>
  <tag k="railway" v="signal"/>
  <tag k="railway:signal:direction" v="backward"/>
  <tag k="railway:signal:position" v="right"/>
  <tag k="railway:signal:stop" v="DE-ESO:ne5"/>
  <tag k="railway:signal:stop:deactivated" v="no"/>
  <tag k="railway:signal:stop:form" v="sign"/>
  <tag k="railway:signal:stop:height" v="dwarf"/>
 </node>
 <node id="3792749007" visible="true" version="3" changeset="146843282" timestamp="2024-01-30T01:09:23Z" user="Lukas615" uid="675791" lat="52.4781733" lon="13.3411714"/>
 <node id="3799318424" visible="true" version="4" changeset="152447538" timestamp="2024-06-09T10:14:14Z" user="Lukas615" uid="675791" lat="52.5296068" lon="13.4545358">
  <tag k="operator" v="DB InfraGO AG"/>
  <tag k="railway" v="signal"/>
  <tag k="railway:signal:direction" v="backward"/>
  <tag k="railway:signal:position" v="right"/>
  <tag k="railway:signal:stop" v="DE-ESO:ne5"/>
  <tag k="railway:signal:stop:caption" v="Kurzzug"/>
  <tag k="railway:signal:stop:deactivated" v="no"/>
  <tag k="railway:signal:stop:form" v="sign"/>
  <tag k="railway:signal:stop:height" v="dwarf"/>
 </node>
 <node id="3801990827" visible="true" version="1" changeset="34857781" timestamp="2015-10-25T11:37:13Z" user="Axel Mauruszat" uid="171055" lat="52.4777399" lon="13.3188858"/>
 <node id="3801990834" visible="true" version="2" changeset="149098273" timestamp="2024-03-24T16:58:28Z" user="Lukas615" uid="675791" lat="52.4782646" lon="13.3158107"/>
 <node id="3801990837" visible="true" version="2" changeset="149098273" timestamp="2024-03-24T16:58:28Z" user="Lukas615" uid="675791" lat="52.4780061" lon="13.3169645"/>
 <node id="3801990838" visible="true" version="1" changeset="34857781" timestamp="2015-10-25T11:37:13Z" user="Axel Mauruszat" uid="171055" lat="52.4777593" lon="13.3186535"/>
 <node id="3801990842" visible="true" version="2" changeset="149098273" timestamp="2024-03-24T16:58:28Z" user="Lukas615" uid="675791" lat="52.4777060" lon="13.3194684">
  <tag k="operator" v="DB InfraGO AG"/>
  <tag k="railway" v="milestone"/>
  <tag k="railway:milestone:catenary_mast" v="no"/>
  <tag k="railway:milestone:emergency_brake_override" v="no"/>
  <tag k="railway:position" v="26.8"/>
 </node>
 <node id="3801990844" visible="true" version="1" changeset="34857781" timestamp="2015-10-25T11:37:13Z" user="Axel Mauruszat" uid="171055" lat="52.4778530" lon="13.3178912"/>
 <node id="3833990693" visible="true" version="2" changeset="146951456" timestamp="2024-02-01T15:37:07Z" user="Lukas615" uid="675791" lat="52.5241150" lon="13.4633855">
  <tag k="operator" v="DB InfraGO AG"/>
  <tag k="railway" v="signal"/>
  <tag k="railway:signal:direction" v="backward"/>
  <tag k="railway:signal:distant" v="DE-ESO:ks"/>
  <tag k="railway:signal:distant:deactivated" v="no"/>
  <tag k="railway:signal:distant:form" v="light"/>
  <tag k="railway:signal:distant:height" v="normal"/>
  <tag k="railway:signal:distant:repeated" v="yes"/>
  <tag k="railway:signal:distant:shortened" v="no"/>
  <tag k="railway:signal:distant:states" v="DE-ESO:ks1;DE-ESO:ks2"/>
  <tag k="railway:signal:position" v="left"/>
  <tag k="railway:signal:speed_limit_distant" v="DE-ESO:zs3v"/>
  <tag k="railway:signal:speed_limit_distant:deactivated" v="no"/>
  <tag k="railway:signal:speed_limit_distant:form" v="light"/>
  <tag k="railway:signal:speed_limit_distant:height" v="normal"/>
  <tag k="railway:signal:speed_limit_distant:speed" v="?;off"/>
 </node>
 <node id="3834380586" visible="true" version="5" changeset="130705890" timestamp="2022-12-30T23:38:35Z" user="Lukas615" uid="675791" lat="52.5025382" lon="13.4687367">
  <tag k="operator" v="DB Netz AG"/>
  <tag k="railway" v="signal"/>
  <tag k="railway:signal:combined" v="DE-ESO:ks"/>
  <tag k="railway:signal:combined:deactivated" v="no"/>
  <tag k="railway:signal:combined:form" v="light"/>
  <tag k="railway:signal:combined:function" v="block"/>
  <tag k="railway:signal:combined:height" v="normal"/>
  <tag k="railway:signal:combined:shortened" v="no"/>
  <tag k="railway:signal:combined:states" v="DE-ESO:hp0;DE-ESO:ks1;DE-ESO:ks2"/>
  <tag k="railway:signal:combined:substitute_signal" v="DE-ESO:db:zs12;DE-ESO:db:zs7"/>
  <tag k="railway:signal:direction" v="forward"/>
  <tag k="railway:signal:minor" v="DE-ESO:sh1"/>
  <tag k="railway:signal:minor:form" v="light"/>
  <tag k="railway:signal:position" v="right"/>
  <tag k="railway:signal:speed_limit_distant" v="DE-ESO:zs3v"/>
  <tag k="railway:signal:speed_limit_distant:deactivated" v="no"/>
  <tag k="railway:signal:speed_limit_distant:form" v="light"/>
  <tag k="railway:signal:speed_limit_distant:height" v="normal"/>
  <tag k="railway:signal:speed_limit_distant:speed" v="50;60;off"/>
  <tag k="railway:signal:traversable" v="DE-ESO:mastschild_rot-weiss"/>
  <tag k="railway:signal:traversable:type" v="written_default_speed;dictated_default_speed"/>
  <tag k="ref" v="6067"/>
 </node>
 <node id="3834380644" visible="true" version="1" changeset="35285584" timestamp="2015-11-13T14:41:16Z" user="Gavaasuren" uid="2144605" lat="52.5030150" lon="13.4688562"/>
 <node id="3834381019" visible="true" version="2" changeset="35907821" timestamp="2015-12-12T12:14:24Z" user="anbr" uid="43566" lat="52.5033385" lon="13.4689771"/>
 <node id="3872632777" visible="true" version="4" changeset="152447538" timestamp="2024-06-09T10:14:14Z" user="Lukas615" uid="675791" lat="52.5287843" lon="13.4553807">
  <tag k="description" v="Im &quot;normalen&quot; Blockbetrieb ins Regelgleis Richung Ostkreuz: Hp 0 -&gt; Ks 2 -&gt; Ks 1 + Zs 3v &quot;4&quot; -&gt; Ks 1"/>
  <tag k="operator" v="DB InfraGO AG"/>
  <tag k="railway" v="signal"/>
  <tag k="railway:signal:combined" v="DE-ESO:ks"/>
  <tag k="railway:signal:combined:deactivated" v="no"/>
  <tag k="railway:signal:combined:form" v="light"/>
  <tag k="railway:signal:combined:function" v="block"/>
  <tag k="railway:signal:combined:height" v="normal"/>
  <tag k="railway:signal:combined:shortened" v="yes"/>
  <tag k="railway:signal:combined:states" v="DE-ESO:hp0;DE-ESO:ks1;DE-ESO:ks2"/>
  <tag k="railway:signal:combined:substitute_signal" v="DE-ESO:db:zs12;DE-ESO:db:zs7"/>
  <tag k="railway:signal:direction" v="forward"/>
  <tag k="railway:signal:position" v="bridge"/>
  <tag k="railway:signal:speed_limit" v="DE-ESO:zs3"/>
  <tag k="railway:signal:speed_limit:deactivated" v="no"/>
  <tag k="railway:signal:speed_limit_distant" v="DE-ESO:zs3v"/>
  <tag k="railway:signal:speed_limit_distant:deactivated" v="no"/>
  <tag k="railway:signal:speed_limit_distant:form" v="light"/>
  <tag k="railway:signal:speed_limit_distant:height" v="normal"/>
  <tag k="railway:signal:speed_limit_distant:speed" v="40;off"/>
  <tag k="railway:signal:speed_limit:form" v="light"/>
  <tag k="railway:signal:speed_limit:height" v="normal"/>
  <tag k="railway:signal:speed_limit:speed" v="60;off"/>
  <tag k="railway:signal:traversable" v="DE-ESO:mastschild_rot-weiss"/>
  <tag k="railway:signal:traversable:type" v="written_default_speed;dictated_default_speed"/>
  <tag k="ref" v="6029"/>
  <tag k="source" v="survey"/>
 </node>
 <node id="3872884860" visible="true" version="3" changeset="146731952" timestamp="2024-01-27T04:44:32Z" user="Lukas615" uid="675791" lat="52.4675052" lon="13.4299307">
  <tag k="operator" v="DB InfraGO AG"/>
  <tag k="railway" v="signal"/>
  <tag k="railway:signal:direction" v="forward"/>
  <tag k="railway:signal:position" v="right"/>
  <tag k="railway:signal:speed_limit" v="DE-ESO:lf7"/>
  <tag k="railway:signal:speed_limit:deactivated" v="no"/>
  <tag k="railway:signal:speed_limit:form" v="sign"/>
  <tag k="railway:signal:speed_limit:height" v="normal"/>
  <tag k="railway:signal:speed_limit:speed" v="100"/>
 </node>
 <node id="3882345537" visible="true" version="2" changeset="38024412" timestamp="2016-03-23T18:09:22Z" user="Elwood" uid="6669" lat="52.4901461" lon="13.4589620"/>
 <node id="3886770176" visible="true" version="1" changeset="35874448" timestamp="2015-12-10T21:49:34Z" user="streckenkundler" uid="793389" lat="52.5480844" lon="13.3806731"/>
 <node id="3886770181" visible="true" version="2" changeset="147628757" timestamp="2024-02-18T23:56:30Z" user="Lukas615" uid="675791" lat="52.5496709" lon="13.4066592"/>
 <node id="3886770391" visible="true" version="1" changeset="35874448" timestamp="2015-12-10T21:49:33Z" user="streckenkundler" uid="793389" lat="52.5471892" lon="13.3773566"/>
 <node id="3886770397" visible="true" version="1" changeset="35874448" timestamp="2015-12-10T21:49:34Z" user="streckenkundler" uid="793389" lat="52.5483055" lon="13.3822692"/>
 <node id="3901768678" visible="true" version="3" changeset="139365676" timestamp="2023-08-02T21:47:22Z" user="der neue" uid="2070657" lat="52.5457192" lon="13.3738531">
  <tag k="description" v="Ks-Mehrabschnittssignal in nordöstlicher Richtung"/>
  <tag k="fixme" v="+ Zusatzanzeiger Zs?"/>
  <tag k="operator" v="DB Netz AG"/>
  <tag k="railway" v="signal"/>
  <tag k="railway:signal:combined" v="DE-ESO:ks"/>
  <tag k="railway:signal:combined:form" v="light"/>
  <tag k="railway:signal:combined:function" v="block"/>
  <tag k="railway:signal:combined:height" v="normal"/>
  <tag k="railway:signal:combined:substitute_signal" v="DE-ESO:db:zs12;DE-ESO:dr:zs1"/>
  <tag k="railway:signal:direction" v="forward"/>
  <tag k="railway:signal:position" v="right"/>
  <tag k="railway:signal:traversable" v="DE-ESO:mastschild_rot-weiss"/>
  <tag k="railway:signal:traversable:type" v="written_default_speed;dictated_default_speed"/>
  <tag k="ref" v="985"/>
  <tag k="source" v="bing; estimate; survey"/>
 </node>
 <node id="3901769090" visible="true" version="3" changeset="104598412" timestamp="2021-05-12T21:26:48Z" user="Lukas615" uid="675791" lat="52.5491886" lon="13.3906587">
  <tag k="description" v="einfache Hektometertafel"/>
  <tag k="note" v="hängt an der Wand des benachbarten Treppenhauses"/>
  <tag k="operator" v="DB Netz AG"/>
  <tag k="railway" v="milestone"/>
  <tag k="railway:milestone:catenary_mast" v="no"/>
  <tag k="railway:milestone:emergency_brake_override" v="no"/>
  <tag k="railway:position" v="4.2"/>
 </node>
 <node id="3901769091" visible="true" version="7" changeset="162313436" timestamp="2025-02-09T13:01:08Z" user="Lukas615" uid="675791" lat="52.5491899" lon="13.3906950">
  <tag k="description" v="Ks-Mehrabschnittssignal in östlicher Richtung"/>
  <tag k="note" v="Zeigt Zs2 &quot;R&quot; für gerade Ausfahrt und &quot;S&quot; für abzweigende Ausfahrt; Hochsignalisierung; Zeigt Ks 1+Zs 3 &quot;6&quot;+Zs 3v &quot;5&quot; für Fahrstraße nach Bornholmer Straße Gleis 4"/>
  <tag k="operator" v="DB Netz AG"/>
  <tag k="railway" v="signal"/>
  <tag k="railway:signal:combined" v="DE-ESO:ks"/>
  <tag k="railway:signal:combined:deactivated" v="no"/>
  <tag k="railway:signal:combined:form" v="light"/>
  <tag k="railway:signal:combined:function" v="block"/>
  <tag k="railway:signal:combined:height" v="normal"/>
  <tag k="railway:signal:combined:shortened" v="no"/>
  <tag k="railway:signal:combined:states" v="DE-ESO:hp0;DE-ESO:ks1;DE-ESO:ks2"/>
  <tag k="railway:signal:combined:substitute_signal" v="DE-ESO:db:zs12;DE-ESO:db:zs7"/>
  <tag k="railway:signal:departure" v="DE-ESO:zp"/>
  <tag k="railway:signal:departure:deactivated" v="no"/>
  <tag k="railway:signal:departure:form" v="light"/>
  <tag k="railway:signal:departure:states" v="DE-ESO:zp9;DE-ESO:zp10"/>
  <tag k="railway:signal:direction" v="forward"/>
  <tag k="railway:signal:minor" v="DE-ESO:sh1"/>
  <tag k="railway:signal:minor:form" v="light"/>
  <tag k="railway:signal:position" v="right"/>
  <tag k="railway:signal:route" v="DE-ESO:zs2"/>
  <tag k="railway:signal:route:deactivated" v="no"/>
  <tag k="railway:signal:route:form" v="light"/>
  <tag k="railway:signal:route:states" v="R;S;off"/>
  <tag k="railway:signal:speed_limit" v="DE-ESO:zs3"/>
  <tag k="railway:signal:speed_limit:deactivated" v="no"/>
  <tag k="railway:signal:speed_limit_distant" v="DE-ESO:zs3v"/>
  <tag k="railway:signal:speed_limit_distant:deactivated" v="no"/>
  <tag k="railway:signal:speed_limit_distant:form" v="light"/>
  <tag k="railway:signal:speed_limit_distant:height" v="normal"/>
  <tag k="railway:signal:speed_limit_distant:speed" v="50;60;off"/>
  <tag k="railway:signal:speed_limit:form" v="light"/>
  <tag k="railway:signal:speed_limit:height" v="normal"/>
  <tag k="railway:signal:speed_limit:speed" v="40;60;off"/>
  <tag k="railway:signal:traversable" v="DE-ESO:mastschild_rot-weiss"/>
  <tag k="railway:signal:traversable:type" v="written_default_speed;dictated_default_speed"/>
  <tag k="ref" v="503"/>
  <tag k="source" v="estimate; extrapolate; survey"/>
 </node>
 <node id="3901769092" visible="true" version="4" changeset="66476585" timestamp="2019-01-20T14:11:25Z" user="Lukas615" uid="675791" lat="52.5491904" lon="13.3907111">
  <tag k="description" v="Geschwindigkeitssignal (Lf7 &quot;9&quot;) in östlicher Richtung"/>
  <tag k="operator" v="DB Netz AG"/>
  <tag k="railway" v="signal"/>
  <tag k="railway:signal:direction" v="forward"/>
  <tag k="railway:signal:position" v="right"/>
  <tag k="railway:signal:speed_limit" v="DE-ESO:lf7"/>
  <tag k="railway:signal:speed_limit:form" v="sign"/>
  <tag k="railway:signal:speed_limit:height" v="normal"/>
  <tag k="railway:signal:speed_limit:speed" v="90"/>
 </node>
 <node id="4075589307" visible="true" version="1" changeset="38024412" timestamp="2016-03-23T18:54:56Z" user="Elwood" uid="6669" lat="52.4900336" lon="13.4589061"/>
 <node id="4075589320" visible="true" version="3" changeset="114340144" timestamp="2021-11-28T23:22:29Z" user="Lukas615" uid="675791" lat="52.4931624" lon="13.4610029">
  <tag k="railway" v="milestone"/>
  <tag k="railway:milestone:catenary_mast" v="no"/>
  <tag k="railway:milestone:emergency_brake_override" v="no"/>
  <tag k="railway:position" v="14.4"/>
 </node>
 <node id="4095972397" visible="true" version="1" changeset="38275122" timestamp="2016-04-03T20:28:28Z" user="anbr" uid="43566" lat="52.4949067" lon="13.4626611"/>
 <node id="4207708118" visible="true" version="2" changeset="149154540" timestamp="2024-03-26T00:38:05Z" user="Lukas615" uid="675791" lat="52.5322188" lon="13.4519201">
  <tag k="operator" v="DB InfraGO AG"/>
  <tag k="railway" v="switch"/>
  <tag k="railway:local_operated" v="no"/>
  <tag k="railway:switch" v="default"/>
  <tag k="railway:switch:electric" v="yes"/>
  <tag k="railway:switch:heated" v="yes"/>
  <tag k="railway:switch:movable_frog" v="no"/>
  <tag k="railway:switch:resetting" v="no"/>
  <tag k="railway:turnout_side" v="left"/>
 </node>
 <node id="4209909276" visible="true" version="1" changeset="39592856" timestamp="2016-05-26T23:12:59Z" user="martinum4" uid="206782" lat="52.5032683" lon="13.4689430"/>
 <node id="4227229189" visible="true" version="1" changeset="39824785" timestamp="2016-06-05T20:32:16Z" user="mapper999" uid="165061" lat="52.5490971" lon="13.3889570"/>
 <node id="4227229191" visible="true" version="1" changeset="39824785" timestamp="2016-06-05T20:32:16Z" user="mapper999" uid="165061" lat="52.5491296" lon="13.3892800"/>
 <node id="4227229206" visible="true" version="1" changeset="39824785" timestamp="2016-06-05T20:32:16Z" user="mapper999" uid="165061" lat="52.5492543" lon="13.3922615"/>
 <node id="4264679408" visible="true" version="1" changeset="40285030" timestamp="2016-06-25T16:51:02Z" user="Nakaner" uid="496201" lat="52.5491222" lon="13.3892067">
  <tag k="railway" v="signal"/>
  <tag k="railway:signal:direction" v="backward"/>
  <tag k="railway:signal:position" v="left"/>
  <tag k="railway:signal:stop" v="DE-ESO:ne5"/>
  <tag k="railway:signal:stop:caption" v="24x Kurzzug"/>
  <tag k="railway:signal:stop:form" v="sign"/>
  <tag k="railway:signal:stop:height" v="normal"/>
 </node>
 <node id="4264679410" visible="true" version="1" changeset="40285030" timestamp="2016-06-25T16:51:02Z" user="Nakaner" uid="496201" lat="52.5491717" lon="13.3902919">
  <tag k="railway" v="signal"/>
  <tag k="railway:signal:direction" v="forward"/>
  <tag k="railway:signal:position" v="left"/>
  <tag k="railway:signal:stop" v="DE-ESO:ne5"/>
  <tag k="railway:signal:stop:caption" v="24x Kurzzug"/>
  <tag k="railway:signal:stop:form" v="sign"/>
 </node>
 <node id="4264679412" visible="true" version="1" changeset="40285030" timestamp="2016-06-25T16:51:02Z" user="Nakaner" uid="496201" lat="52.5491746" lon="13.3903693"/>
 <node id="4264679416" visible="true" version="4" changeset="158597161" timestamp="2024-10-31T20:42:12Z" user="Lukas615" uid="675791" lat="52.5493101" lon="13.3938530">
  <tag k="operator" v="DB Netz AG"/>
  <tag k="railway" v="signal"/>
  <tag k="railway:signal:combined" v="DE-ESO:ks"/>
  <tag k="railway:signal:combined:deactivated" v="no"/>
  <tag k="railway:signal:combined:form" v="light"/>
  <tag k="railway:signal:combined:function" v="block"/>
  <tag k="railway:signal:combined:height" v="normal"/>
  <tag k="railway:signal:combined:shortened" v="no"/>
  <tag k="railway:signal:combined:states" v="DE-ESO:hp0;DE-ESO:ks1;DE-ESO:ks2"/>
  <tag k="railway:signal:combined:substitute_signal" v="DE-ESO:db:zs12;DE-ESO:dr:zs1"/>
  <tag k="railway:signal:direction" v="forward"/>
  <tag k="railway:signal:position" v="right"/>
  <tag k="railway:signal:speed_limit_distant" v="DE-ESO:zs3v"/>
  <tag k="railway:signal:speed_limit_distant:deactivated" v="no"/>
  <tag k="railway:signal:speed_limit_distant:form" v="light"/>
  <tag k="railway:signal:speed_limit_distant:height" v="normal"/>
  <tag k="railway:signal:speed_limit_distant:speed" v="?;off"/>
  <tag k="railway:signal:traversable" v="DE-ESO:mastschild_rot-weiss"/>
  <tag k="railway:signal:traversable:type" v="written_default_speed;dictated_default_speed"/>
  <tag k="ref" v="505"/>
 </node>
 <node id="4264708639" visible="true" version="2" changeset="147513353" timestamp="2024-02-16T02:12:19Z" user="Lukas615" uid="675791" lat="52.5487875" lon="13.3866711"/>
 <node id="4264708640" visible="true" version="4" changeset="147513353" timestamp="2024-02-16T02:12:19Z" user="Lukas615" uid="675791" lat="52.5489932" lon="13.3880248">
  <tag k="operator" v="DB InfraGO AG"/>
  <tag k="railway" v="signal"/>
  <tag k="railway:signal:direction" v="backward"/>
  <tag k="railway:signal:position" v="left"/>
  <tag k="railway:signal:speed_limit" v="DE-ESO:lf7"/>
  <tag k="railway:signal:speed_limit:deactivated" v="no"/>
  <tag k="railway:signal:speed_limit:form" v="sign"/>
  <tag k="railway:signal:speed_limit:height" v="dwarf"/>
  <tag k="railway:signal:speed_limit:speed" v="80"/>
 </node>
 <node id="4264708641" visible="true" version="6" changeset="158554334" timestamp="2024-10-30T18:29:57Z" user="Lukas615" uid="675791" lat="52.5490244" lon="13.3882627">
  <tag k="note" v="Zs 2 und Zs 6 sind im selben Zusatzanzeiger untergebracht, können also nicht gleichzeitig angschaltet sein"/>
  <tag k="operator" v="DB InfraGO AG"/>
  <tag k="railway" v="signal"/>
  <tag k="railway:signal:combined" v="DE-ESO:ks"/>
  <tag k="railway:signal:combined:deactivated" v="no"/>
  <tag k="railway:signal:combined:form" v="light"/>
  <tag k="railway:signal:combined:height" v="normal"/>
  <tag k="railway:signal:combined:shortened" v="no"/>
  <tag k="railway:signal:combined:states" v="DE-ESO:hp0;DE-ESO:ks1;DE-ESO:ks2"/>
  <tag k="railway:signal:combined:substitute_signal" v="DE-ESO:db:zs7"/>
  <tag k="railway:signal:departure" v="DE-ESO:zp"/>
  <tag k="railway:signal:departure:deactivated" v="no"/>
  <tag k="railway:signal:departure:form" v="light"/>
  <tag k="railway:signal:departure:states" v="DE-ESO:zp10;DE-ESO:zp9"/>
  <tag k="railway:signal:direction" v="backward"/>
  <tag k="railway:signal:minor" v="DE-ESO:sh1"/>
  <tag k="railway:signal:minor:form" v="light"/>
  <tag k="railway:signal:position" v="left"/>
  <tag k="railway:signal:route" v="DE-ESO:zs2"/>
  <tag k="railway:signal:route:deactivated" v="no"/>
  <tag k="railway:signal:route:form" v="light"/>
  <tag k="railway:signal:route:states" v="R;off"/>
  <tag k="railway:signal:speed_limit" v="DE-ESO:zs3"/>
  <tag k="railway:signal:speed_limit:deactivated" v="no"/>
  <tag k="railway:signal:speed_limit_distant" v="DE-ESO:zs3v"/>
  <tag k="railway:signal:speed_limit_distant:deactivated" v="no"/>
  <tag k="railway:signal:speed_limit_distant:form" v="light"/>
  <tag k="railway:signal:speed_limit_distant:height" v="normal"/>
  <tag k="railway:signal:speed_limit_distant:speed" v="50;60;off"/>
  <tag k="railway:signal:speed_limit:form" v="light"/>
  <tag k="railway:signal:speed_limit:height" v="normal"/>
  <tag k="railway:signal:speed_limit:speed" v="50;off"/>
  <tag k="railway:signal:traversable" v="DE-ESO:mastschild_rot-weiss"/>
  <tag k="railway:signal:traversable:type" v="written_default_speed;dictated_default_speed"/>
  <tag k="railway:signal:wrong_road" v="DE-ESO:dr:zs7"/>
  <tag k="railway:signal:wrong_road:deactivated" v="no"/>
  <tag k="railway:signal:wrong_road:form" v="light"/>
  <tag k="ref" v="992"/>
 </node>
 <node id="4264708642" visible="true" version="2" changeset="41631915" timestamp="2016-08-23T08:04:04Z" user="tklug" uid="2415107" lat="52.5490662" lon="13.3886215">
  <tag k="railway" v="signal"/>
  <tag k="railway:signal:direction" v="backward"/>
  <tag k="railway:signal:stop" v="DE-ESO:ne5"/>
  <tag k="railway:signal:stop:form" v="sign"/>
 </node>
 <node id="4264720740" visible="true" version="10" changeset="172553771" timestamp="2025-09-28T07:19:46Z" user="jengelh" uid="1468043" lat="52.5491593" lon="13.3899951">
  <tag k="layer" v="-1"/>
  <tag k="level" v="-1"/>
  <tag k="light_rail" v="yes"/>
  <tag k="name" v="Gesundbrunnen"/>
  <tag k="public_transport" v="stop_position"/>
  <tag k="railway" v="stop"/>
  <tag k="railway:ref" v="BGB"/>
  <tag k="ref" v="3"/>
  <tag k="train" v="yes"/>
  <tag k="usage" v="main"/>
 </node>
 <node id="4264831463" visible="true" version="2" changeset="104598412" timestamp="2021-05-12T21:26:48Z" user="Lukas615" uid="675791" lat="52.5491931" lon="13.3907725">
  <tag k="operator" v="DB Netz AG"/>
  <tag k="railway" v="signal"/>
  <tag k="railway:signal:direction" v="backward"/>
  <tag k="railway:signal:position" v="right"/>
  <tag k="railway:signal:speed_limit" v="DE-ESO:lf7"/>
  <tag k="railway:signal:speed_limit:form" v="sign"/>
  <tag k="railway:signal:speed_limit:height" v="dwarf"/>
  <tag k="railway:signal:speed_limit:speed" v="70"/>
 </node>
 <node id="4264864764" visible="true" version="4" changeset="149247513" timestamp="2024-03-28T00:51:26Z" user="Lukas615" uid="675791" lat="52.5302134" lon="13.4539231">
  <tag k="operator" v="DB InfraGO AG"/>
  <tag k="railway" v="signal"/>
  <tag k="railway:signal:combined" v="DE-ESO:ks"/>
  <tag k="railway:signal:combined:deactivated" v="no"/>
  <tag k="railway:signal:combined:form" v="light"/>
  <tag k="railway:signal:combined:height" v="normal"/>
  <tag k="railway:signal:combined:shortened" v="no"/>
  <tag k="railway:signal:combined:states" v="DE-ESO:hp0;DE-ESO:ks1;DE-ESO:ks2"/>
  <tag k="railway:signal:combined:substitute_signal" v="DE-ESO:dr:zs1"/>
  <tag k="railway:signal:direction" v="backward"/>
  <tag k="railway:signal:position" v="left"/>
  <tag k="railway:signal:traversable" v="DE-ESO:mastschild_rot-weiss"/>
  <tag k="railway:signal:traversable:type" v="written_default_speed;dictated_default_speed"/>
  <tag k="ref" v="6026"/>
 </node>
 <node id="4309616499" visible="true" version="2" changeset="146731952" timestamp="2024-01-27T04:44:32Z" user="Lukas615" uid="675791" lat="52.4649157" lon="13.4061125"/>
 <node id="4309616504" visible="true" version="2" changeset="146694822" timestamp="2024-01-26T02:55:44Z" user="Lukas615" uid="675791" lat="52.4671236" lon="13.3962419"/>
 <node id="4309616518" visible="true" version="2" changeset="146800363" timestamp="2024-01-29T01:42:27Z" user="Lukas615" uid="675791" lat="52.4695629" lon="13.3903057"/>
 <node id="4309616521" visible="true" version="1" changeset="40826950" timestamp="2016-07-18T17:26:55Z" user="anbr" uid="43566" lat="52.4696735" lon="13.3899100"/>
 <node id="4314579069" visible="true" version="1" changeset="40925205" timestamp="2016-07-21T16:17:10Z" user="anbr" uid="43566" lat="52.4655206" lon="13.4143035"/>
 <node id="4314579070" visible="true" version="1" changeset="40925205" timestamp="2016-07-21T16:17:10Z" user="anbr" uid="43566" lat="52.4656845" lon="13.4160619"/>
 <node id="4353949914" visible="true" version="1" changeset="41512372" timestamp="2016-08-17T13:29:22Z" user="e_kloth" uid="4045355" lat="52.5424603" lon="13.3664094"/>
 <node id="4355497825" visible="true" version="2" changeset="147664294" timestamp="2024-02-19T19:04:32Z" user="Lukas615" uid="675791" lat="52.5341225" lon="13.3277064">
  <tag k="operator" v="DB InfraGO AG"/>
  <tag k="railway" v="signal"/>
  <tag k="railway:signal:combined" v="DE-ESO:ks"/>
  <tag k="railway:signal:combined:deactivated" v="no"/>
  <tag k="railway:signal:combined:form" v="light"/>
  <tag k="railway:signal:combined:height" v="normal"/>
  <tag k="railway:signal:combined:shortened" v="no"/>
  <tag k="railway:signal:combined:states" v="DE-ESO:hp0;DE-ESO:ks1;DE-ESO:ks2"/>
  <tag k="railway:signal:combined:substitute_signal" v="DE-ESO:db:zs12;DE-ESO:dr:zs1"/>
  <tag k="railway:signal:direction" v="forward"/>
  <tag k="railway:signal:position" v="right"/>
  <tag k="railway:signal:traversable" v="DE-ESO:mastschild_rot-weiss"/>
  <tag k="railway:signal:traversable:type" v="written_default_speed;dictated_default_speed"/>
  <tag k="ref" v="943"/>
 </node>
 <node id="4355930623" visible="true" version="1" changeset="41535845" timestamp="2016-08-18T15:01:08Z" user="ekutscharski" uid="4258249" lat="52.5430023" lon="13.3676208"/>
 <node id="4357590655" visible="true" version="1" changeset="41557728" timestamp="2016-08-19T14:46:42Z" user="ekutscharski" uid="4258249" lat="52.5007771" lon="13.2840405"/>
 <node id="4366601369" visible="true" version="3" changeset="147513353" timestamp="2024-02-16T02:12:19Z" user="Lukas615" uid="675791" lat="52.5483819" lon="13.3835977">
  <tag k="operator" v="DB InfraGO AG"/>
  <tag k="railway" v="signal"/>
  <tag k="railway:signal:direction" v="backward"/>
  <tag k="railway:signal:distant" v="DE-ESO:ks"/>
  <tag k="railway:signal:distant:deactivated" v="no"/>
  <tag k="railway:signal:distant:form" v="light"/>
  <tag k="railway:signal:distant:height" v="normal"/>
  <tag k="railway:signal:distant:repeated" v="yes"/>
  <tag k="railway:signal:distant:shortened" v="no"/>
  <tag k="railway:signal:distant:states" v="DE-ESO:ks1;DE-ESO:ks2"/>
  <tag k="railway:signal:position" v="bridge"/>
  <tag k="railway:signal:speed_limit_distant" v="DE-ESO:zs3v"/>
  <tag k="railway:signal:speed_limit_distant:form" v="light"/>
  <tag k="railway:signal:speed_limit_distant:height" v="normal"/>
 </node>
 <node id="4438769722" visible="true" version="3" changeset="151700424" timestamp="2024-05-23T00:15:31Z" user="Lukas615" uid="675791" lat="52.5349495" lon="13.3343433">
  <tag k="operator" v="DB InfraGO AG"/>
  <tag k="railway" v="signal"/>
  <tag k="railway:signal:combined" v="DE-ESO:ks"/>
  <tag k="railway:signal:combined:deactivated" v="no"/>
  <tag k="railway:signal:combined:form" v="light"/>
  <tag k="railway:signal:combined:height" v="normal"/>
  <tag k="railway:signal:combined:shortened" v="no"/>
  <tag k="railway:signal:combined:states" v="DE-ESO:hp0;DE-ESO:ks1;DE-ESO:ks2"/>
  <tag k="railway:signal:combined:substitute_signal" v="DE-ESO:db:zs12;DE-ESO:dr:zs1"/>
  <tag k="railway:signal:direction" v="forward"/>
  <tag k="railway:signal:position" v="right"/>
  <tag k="railway:signal:speed_limit" v="DE-ESO:zs3"/>
  <tag k="railway:signal:speed_limit:deactivated" v="no"/>
  <tag k="railway:signal:speed_limit_distant" v="DE-ESO:zs3v"/>
  <tag k="railway:signal:speed_limit_distant:deactivated" v="no"/>
  <tag k="railway:signal:speed_limit_distant:form" v="light"/>
  <tag k="railway:signal:speed_limit_distant:height" v="normal"/>
  <tag k="railway:signal:speed_limit_distant:speed" v="?;off"/>
  <tag k="railway:signal:speed_limit:form" v="light"/>
  <tag k="railway:signal:speed_limit:height" v="normal"/>
  <tag k="railway:signal:speed_limit:speed" v="80;?;off"/>
  <tag k="railway:signal:traversable" v="DE-ESO:mastschild_rot-weiss"/>
  <tag k="railway:signal:traversable:type" v="written_default_speed;dictated_default_speed"/>
  <tag k="ref" v="949"/>
 </node>
 <node id="4459430403" visible="true" version="2" changeset="149098273" timestamp="2024-03-24T16:58:28Z" user="Lukas615" uid="675791" lat="52.4788977" lon="13.3140078">
  <tag k="description" v="einfache Hektometertafel"/>
  <tag k="railway" v="milestone"/>
  <tag k="railway:milestone:catenary_mast" v="no"/>
  <tag k="railway:milestone:emergency_brake_override" v="no"/>
  <tag k="railway:position" v="27.2"/>
  <tag k="source" v="estimate; survey"/>
 </node>
 <node id="4531537779" visible="true" version="1" changeset="44079349" timestamp="2016-12-01T07:47:09Z" user="bigbug21" uid="15748" lat="52.5361996" lon="13.3442841">
  <tag k="description" v="Geschwindigkeitssignal (Lf7 &quot;10&quot;) in südwestlicher Richtung"/>
  <tag k="note" v="hängt in südwestlicher Richtung links vom Gleis, mit Zuordnungspfeil rechts; die Geschwindigkeitssignale beider Richtungen hängen an einem gemeinsamen Mast"/>
  <tag k="railway" v="signal"/>
  <tag k="railway:signal:direction" v="backward"/>
  <tag k="railway:signal:position" v="right"/>
  <tag k="railway:signal:speed_limit" v="DE-ESO:lf7"/>
  <tag k="railway:signal:speed_limit:form" v="sign"/>
  <tag k="railway:signal:speed_limit:height" v="normal"/>
  <tag k="railway:signal:speed_limit:speed" v="100"/>
 </node>
 <node id="4531537787" visible="true" version="2" changeset="149247513" timestamp="2024-03-28T00:51:26Z" user="Lukas615" uid="675791" lat="52.5431578" lon="13.3679691">
  <tag k="description" v="&quot;Kurzzug&quot;-Haltetafel in nordöstlicher Richtung"/>
  <tag k="operator" v="DB InfraGO AG"/>
  <tag k="railway" v="signal"/>
  <tag k="railway:signal:direction" v="forward"/>
  <tag k="railway:signal:position" v="right"/>
  <tag k="railway:signal:stop" v="DE-ESO:ne5"/>
  <tag k="railway:signal:stop:caption" v="Kurzzug"/>
  <tag k="railway:signal:stop:deactivated" v="no"/>
  <tag k="railway:signal:stop:form" v="sign"/>
  <tag k="railway:signal:stop:height" v="normal"/>
  <tag k="source" v="survey"/>
 </node>
 <node id="4531537788" visible="true" version="2" changeset="149247513" timestamp="2024-03-28T00:51:26Z" user="Lukas615" uid="675791" lat="52.5432517" lon="13.3681814">
  <tag k="description" v="&quot;24X&quot;-Haltetafel in nordöstlicher Richtung"/>
  <tag k="operator" v="DB InfraGO AG"/>
  <tag k="railway" v="signal"/>
  <tag k="railway:signal:direction" v="forward"/>
  <tag k="railway:signal:position" v="right"/>
  <tag k="railway:signal:stop" v="DE-ESO:ne5"/>
  <tag k="railway:signal:stop:caption" v="24X"/>
  <tag k="railway:signal:stop:form" v="sign"/>
  <tag k="railway:signal:stop:height" v="normal"/>
  <tag k="source" v="survey"/>
 </node>
 <node id="4531543100" visible="true" version="2" changeset="149247513" timestamp="2024-03-28T00:51:26Z" user="Lukas615" uid="675791" lat="52.5433478" lon="13.3683990">
  <tag k="description" v="Haltetafel in nordöstlicher Richtung"/>
  <tag k="operator" v="DB InfraGO AG"/>
  <tag k="railway" v="signal"/>
  <tag k="railway:signal:direction" v="forward"/>
  <tag k="railway:signal:position" v="right"/>
  <tag k="railway:signal:stop" v="DE-ESO:ne5"/>
  <tag k="railway:signal:stop:deactivated" v="no"/>
  <tag k="railway:signal:stop:form" v="sign"/>
  <tag k="railway:signal:stop:height" v="normal"/>
  <tag k="source" v="survey"/>
 </node>
 <node id="4531543102" visible="true" version="3" changeset="149247513" timestamp="2024-03-28T00:51:26Z" user="Lukas615" uid="675791" lat="52.5433791" lon="13.3684712">
  <tag k="description" v="Ks-Mehrabschnittssignal, mit variablem Geschwindigkeitsvoranzeiger (Zs3v), in nordöstlicher Richtung"/>
  <tag k="railway" v="signal"/>
  <tag k="railway:signal:combined" v="DE-ESO:ks"/>
  <tag k="railway:signal:combined:form" v="light"/>
  <tag k="railway:signal:combined:function" v="block"/>
  <tag k="railway:signal:combined:height" v="normal"/>
  <tag k="railway:signal:combined:states" v="DE-ESO:hp0;DE-ESO:ks1;DE-ESO:ks2"/>
  <tag k="railway:signal:combined:substitute_signal" v="DE-ESO:db:zs12;DE-ESO:dr:zs1"/>
  <tag k="railway:signal:direction" v="forward"/>
  <tag k="railway:signal:position" v="right"/>
  <tag k="railway:signal:speed_limit_distant" v="DE-ESO:zs3v"/>
  <tag k="railway:signal:speed_limit_distant:deactivated" v="yes"/>
  <tag k="railway:signal:speed_limit_distant:form" v="light"/>
  <tag k="railway:signal:speed_limit_distant:height" v="normal"/>
  <tag k="railway:signal:speed_limit_distant:speed" v="60;off"/>
  <tag k="railway:signal:traversable" v="DE-ESO:mastschild_rot-weiss"/>
  <tag k="railway:signal:traversable:type" v="written_default_speed;dictated_default_speed"/>
  <tag k="ref" v="979"/>
 </node>
 <node id="4531543105" visible="true" version="2" changeset="149247513" timestamp="2024-03-28T00:51:26Z" user="Lukas615" uid="675791" lat="52.5431709" lon="13.3679992">
  <tag k="description" v="einfache Hektometertafel"/>
  <tag k="operator" v="DB InfraGO AG"/>
  <tag k="railway" v="milestone"/>
  <tag k="railway:milestone:catenary_mast" v="no"/>
  <tag k="railway:milestone:emergency_brake_override" v="no"/>
  <tag k="railway:position" v="2.5"/>
  <tag k="railway:position:exact" v="2.500"/>
  <tag k="source" v="survey"/>
 </node>
 <node id="4531543601" visible="true" version="3" changeset="152447538" timestamp="2024-06-09T10:14:14Z" user="Lukas615" uid="675791" lat="52.5490005" lon="13.3880781">
  <tag k="description" v="Ks-Mehrabschnittssignal in östlicher Richtung"/>
  <tag k="operator" v="DB InfraGO AG"/>
  <tag k="railway" v="signal"/>
  <tag k="railway:signal:combined" v="DE-ESO:ks"/>
  <tag k="railway:signal:combined:deactivated" v="no"/>
  <tag k="railway:signal:combined:form" v="light"/>
  <tag k="railway:signal:combined:height" v="normal"/>
  <tag k="railway:signal:combined:shortened" v="yes"/>
  <tag k="railway:signal:combined:states" v="DE-ESO:hp0;DE-ESO:ks1;DE-ESO:ks2"/>
  <tag k="railway:signal:direction" v="forward"/>
  <tag k="railway:signal:minor" v="DE-ESO:sh1"/>
  <tag k="railway:signal:minor:form" v="light"/>
  <tag k="railway:signal:position" v="right"/>
  <tag k="railway:signal:traversable" v="DE-ESO:mastschild_rot-weiss"/>
  <tag k="railway:signal:traversable:type" v="written_default_speed;dictated_default_speed"/>
  <tag k="ref" v="995"/>
  <tag k="source" v="estimate; extrapolate; survey"/>
 </node>
 <node id="4536055032" visible="true" version="2" changeset="149154540" timestamp="2024-03-26T00:38:05Z" user="Lukas615" uid="675791" lat="52.5408858" lon="13.4374283"/>
 <node id="4536055033" visible="true" version="2" changeset="149154540" timestamp="2024-03-26T00:38:05Z" user="Lukas615" uid="675791" lat="52.5410388" lon="13.4370459"/>
 <node id="4536055041" visible="true" version="2" changeset="149154540" timestamp="2024-03-26T00:38:05Z" user="Lukas615" uid="675791" lat="52.5426012" lon="13.4327313">
  <tag k="description" v="Vorsignalbake Ne 3 mit 2 Streifen in Normalgröße"/>
  <tag k="operator" v="DB InfraGO AG"/>
  <tag k="railway" v="signal"/>
  <tag k="railway:signal:direction" v="backward"/>
  <tag k="railway:signal:position" v="right"/>
 </node>
 <node id="4536055042" visible="true" version="1" changeset="44141534" timestamp="2016-12-03T17:08:24Z" user="anbr" uid="43566" lat="52.5427344" lon="13.4322454"/>
 <node id="4536055043" visible="true" version="2" changeset="149154540" timestamp="2024-03-26T00:38:05Z" user="Lukas615" uid="675791" lat="52.5428707" lon="13.4317200">
  <tag k="description" v="Vorsignalbake Ne 3 mit 1 Streifen in Normalgröße"/>
  <tag k="operator" v="DB InfraGO AG"/>
  <tag k="railway" v="signal"/>
  <tag k="railway:signal:direction" v="backward"/>
  <tag k="railway:signal:position" v="right"/>
 </node>
 <node id="4536055050" visible="true" version="3" changeset="156705640" timestamp="2024-09-16T20:44:57Z" user="Lukas615" uid="675791" lat="52.5432630" lon="13.4302266">
  <tag k="operator" v="DB InfraGO AG"/>
  <tag k="railway" v="signal"/>
  <tag k="railway:signal:combined" v="DE-ESO:ks"/>
  <tag k="railway:signal:combined:deactivated" v="no"/>
  <tag k="railway:signal:combined:form" v="light"/>
  <tag k="railway:signal:combined:height" v="normal"/>
  <tag k="railway:signal:combined:shortened" v="no"/>
  <tag k="railway:signal:combined:states" v="DE-ESO:hp0;DE-ESO:ks1;DE-ESO:ks2"/>
  <tag k="railway:signal:combined:substitute_signal" v="DE-ESO:db:zs12;DE-ESO:db:zs7"/>
  <tag k="railway:signal:direction" v="forward"/>
  <tag k="railway:signal:position" v="right"/>
  <tag k="railway:signal:speed_limit" v="DE-ESO:zs3"/>
  <tag k="railway:signal:speed_limit:deactivated" v="no"/>
  <tag k="railway:signal:speed_limit_distant" v="DE-ESO:zs3v"/>
  <tag k="railway:signal:speed_limit_distant:deactivated" v="no"/>
  <tag k="railway:signal:speed_limit_distant:form" v="light"/>
  <tag k="railway:signal:speed_limit_distant:height" v="normal"/>
  <tag k="railway:signal:speed_limit_distant:speed" v="40;60;?;off"/>
  <tag k="railway:signal:speed_limit:form" v="light"/>
  <tag k="railway:signal:speed_limit:height" v="normal"/>
  <tag k="railway:signal:speed_limit:speed" v="60;off"/>
  <tag k="railway:signal:traversable" v="DE-ESO:mastschild_rot-weiss"/>
  <tag k="railway:signal:traversable:type" v="written_default_speed;dictated_default_speed"/>
  <tag k="ref" v="6003"/>
 </node>
 <node id="4587011038" visible="true" version="3" changeset="168368259" timestamp="2025-07-01T19:19:58Z" user="bigbug21" uid="15748" lat="52.4722299" lon="13.4548186">
  <tag k="check_date" v="2025-02"/>
  <tag k="description" v="einfache Hektometertafel"/>
  <tag k="note" v="ohne metergenauen Wert"/>
  <tag k="railway" v="milestone"/>
  <tag k="railway:milestone:catenary_mast" v="no"/>
  <tag k="railway:milestone:emergency_brake_override" v="no"/>
  <tag k="railway:position" v="16.8"/>
  <tag k="source" v="estimate; extrapolate; survey"/>
 </node>
 <node id="4588583425" visible="true" version="2" changeset="150660431" timestamp="2024-04-29T12:11:29Z" user="Lukas615" uid="675791" lat="52.5039483" lon="13.2823881"/>
 <node id="4588583426" visible="true" version="3" changeset="150660431" timestamp="2024-04-29T12:11:29Z" user="Lukas615" uid="675791" lat="52.5034513" lon="13.2824433">
  <tag k="operator" v="DB InfraGO AG"/>
  <tag k="railway" v="signal"/>
  <tag k="railway:signal:combined" v="DE-ESO:ks"/>
  <tag k="railway:signal:combined:deactivated" v="no"/>
  <tag k="railway:signal:combined:form" v="light"/>
  <tag k="railway:signal:combined:function" v="block"/>
  <tag k="railway:signal:combined:height" v="normal"/>
  <tag k="railway:signal:combined:shortened" v="no"/>
  <tag k="railway:signal:combined:states" v="DE-ESO:hp0;DE-ESO:ks1;DE-ESO:ks2"/>
  <tag k="railway:signal:combined:substitute_signal" v="DE-ESO:dr:zs1"/>
  <tag k="railway:signal:direction" v="forward"/>
  <tag k="railway:signal:position" v="right"/>
  <tag k="railway:signal:speed_limit" v="DE-ESO:zs3"/>
  <tag k="railway:signal:speed_limit:deactivated" v="no"/>
  <tag k="railway:signal:speed_limit:form" v="light"/>
  <tag k="railway:signal:speed_limit:height" v="normal"/>
  <tag k="railway:signal:speed_limit:speed" v="50;?"/>
  <tag k="railway:signal:traversable" v="DE-ESO:mastschild_schwarz-weiss"/>
  <tag k="railway:signal:traversable:type" v="always_on_sight"/>
  <tag k="ref" v="875"/>
 </node>
 <node id="4590844569" visible="true" version="1" changeset="44925893" timestamp="2017-01-05T14:18:22Z" user="soemisch" uid="2290263" lat="52.4934982" lon="13.4612421"/>
 <node id="4598373852" visible="true" version="1" changeset="45030950" timestamp="2017-01-09T17:01:35Z" user="soemisch" uid="2290263" lat="52.4794518" lon="13.3519900"/>
 <node id="4601453867" visible="true" version="1" changeset="45074165" timestamp="2017-01-11T11:32:25Z" user="soemisch" uid="2290263" lat="52.4793321" lon="13.3131235"/>
 <node id="4738679653" visible="true" version="1" changeset="46909477" timestamp="2017-03-16T20:20:02Z" user="deserttunes" uid="3438665" lat="52.5293415" lon="13.2908854"/>
 <node id="4738679654" visible="true" version="1" changeset="46909477" timestamp="2017-03-16T20:20:02Z" user="deserttunes" uid="3438665" lat="52.5294213" lon="13.2922452"/>
 <node id="4738679655" visible="true" version="3" changeset="149034688" timestamp="2024-03-22T23:59:36Z" user="Lukas615" uid="675791" lat="52.5295213" lon="13.2934064">
  <tag k="operator" v="DB InfraGO AG"/>
  <tag k="railway" v="milestone"/>
  <tag k="railway:milestone:catenary_mast" v="no"/>
  <tag k="railway:milestone:emergency_brake_override" v="no"/>
  <tag k="railway:position" v="34.2"/>
 </node>
 <node id="4738679656" visible="true" version="1" changeset="46909477" timestamp="2017-03-16T20:20:02Z" user="deserttunes" uid="3438665" lat="52.5295659" lon="13.2938458"/>
 <node id="4738679663" visible="true" version="1" changeset="46909477" timestamp="2017-03-16T20:20:02Z" user="deserttunes" uid="3438665" lat="52.5292957" lon="13.2895058"/>
 <node id="4738679665" visible="true" version="1" changeset="46909477" timestamp="2017-03-16T20:20:02Z" user="deserttunes" uid="3438665" lat="52.5292677" lon="13.2887167"/>
 <node id="4738679666" visible="true" version="1" changeset="46909477" timestamp="2017-03-16T20:20:02Z" user="deserttunes" uid="3438665" lat="52.5292343" lon="13.2881767"/>
 <node id="4738679667" visible="true" version="1" changeset="46909477" timestamp="2017-03-16T20:20:02Z" user="deserttunes" uid="3438665" lat="52.5291980" lon="13.2877906"/>
 <node id="4738679668" visible="true" version="1" changeset="46909477" timestamp="2017-03-16T20:20:02Z" user="deserttunes" uid="3438665" lat="52.5291763" lon="13.2876046"/>
 <node id="4738679674" visible="true" version="1" changeset="46909477" timestamp="2017-03-16T20:20:02Z" user="deserttunes" uid="3438665" lat="52.5290843" lon="13.2870610"/>
 <node id="4738679675" visible="true" version="1" changeset="46909477" timestamp="2017-03-16T20:20:02Z" user="deserttunes" uid="3438665" lat="52.5291197" lon="13.2872432"/>
 <node id="4738679678" visible="true" version="1" changeset="46909477" timestamp="2017-03-16T20:20:02Z" user="deserttunes" uid="3438665" lat="52.5297716" lon="13.2954477"/>
 <node id="4738679680" visible="true" version="1" changeset="46909477" timestamp="2017-03-16T20:20:02Z" user="deserttunes" uid="3438665" lat="52.5296943" lon="13.2948930"/>
 <node id="4738679683" visible="true" version="1" changeset="46909477" timestamp="2017-03-16T20:20:02Z" user="deserttunes" uid="3438665" lat="52.5289343" lon="13.2864520"/>
 <node id="4738679684" visible="true" version="1" changeset="46909477" timestamp="2017-03-16T20:20:02Z" user="deserttunes" uid="3438665" lat="52.5288740" lon="13.2862471"/>
 <node id="4738679685" visible="true" version="1" changeset="46909477" timestamp="2017-03-16T20:20:02Z" user="deserttunes" uid="3438665" lat="52.5287013" lon="13.2856902"/>
 <node id="4738679686" visible="true" version="1" changeset="46909477" timestamp="2017-03-16T20:20:02Z" user="deserttunes" uid="3438665" lat="52.5287667" lon="13.2858806"/>
 <node id="4738679695" visible="true" version="3" changeset="149034688" timestamp="2024-03-22T23:59:36Z" user="Lukas615" uid="675791" lat="52.5285682" lon="13.2853347">
  <tag k="operator" v="DB InfraGO AG"/>
  <tag k="railway" v="signal"/>
  <tag k="railway:signal:combined" v="DE-ESO:ks"/>
  <tag k="railway:signal:combined:deactivated" v="no"/>
  <tag k="railway:signal:combined:form" v="light"/>
  <tag k="railway:signal:combined:height" v="normal"/>
  <tag k="railway:signal:combined:shortened" v="no"/>
  <tag k="railway:signal:combined:states" v="DE-ESO:hp0;DE-ESO:ks1;DE-ESO:ks2"/>
  <tag k="railway:signal:combined:substitute_signal" v="DE-ESO:dr:zs1"/>
  <tag k="railway:signal:direction" v="forward"/>
  <tag k="railway:signal:position" v="right"/>
  <tag k="railway:signal:speed_limit" v="DE-ESO:zs3"/>
  <tag k="railway:signal:speed_limit:deactivated" v="no"/>
  <tag k="railway:signal:speed_limit_distant" v="DE-ESO:zs3v"/>
  <tag k="railway:signal:speed_limit_distant:deactivated" v="no"/>
  <tag k="railway:signal:speed_limit_distant:form" v="light"/>
  <tag k="railway:signal:speed_limit_distant:height" v="normal"/>
  <tag k="railway:signal:speed_limit_distant:speed" v="?;off"/>
  <tag k="railway:signal:speed_limit:form" v="light"/>
  <tag k="railway:signal:speed_limit:height" v="normal"/>
  <tag k="railway:signal:speed_limit:speed" v="?;off"/>
  <tag k="railway:signal:traversable" v="DE-ESO:mastschild_schwarz-weiss"/>
  <tag k="railway:signal:traversable:type" v="always_on_sight"/>
  <tag k="ref" v="905"/>
 </node>
 <node id="4738679696" visible="true" version="1" changeset="46909477" timestamp="2017-03-16T20:20:02Z" user="deserttunes" uid="3438665" lat="52.5286183" lon="13.2854649"/>
 <node id="4738679697" visible="true" version="1" changeset="46909477" timestamp="2017-03-16T20:20:02Z" user="deserttunes" uid="3438665" lat="52.5284601" lon="13.2850702"/>
 <node id="4738679698" visible="true" version="1" changeset="46909477" timestamp="2017-03-16T20:20:02Z" user="deserttunes" uid="3438665" lat="52.5284049" lon="13.2849509"/>
 <node id="4738679702" visible="true" version="1" changeset="46909477" timestamp="2017-03-16T20:20:03Z" user="deserttunes" uid="3438665" lat="52.5280789" lon="13.2843343"/>
 <node id="4738679703" visible="true" version="1" changeset="46909477" timestamp="2017-03-16T20:20:03Z" user="deserttunes" uid="3438665" lat="52.5281384" lon="13.2844354"/>
 <node id="4738679704" visible="true" version="1" changeset="46909477" timestamp="2017-03-16T20:20:03Z" user="deserttunes" uid="3438665" lat="52.5282764" lon="13.2846865"/>
 <node id="4738679708" visible="true" version="1" changeset="46909477" timestamp="2017-03-16T20:20:03Z" user="deserttunes" uid="3438665" lat="52.5278690" lon="13.2840198"/>
 <node id="4738679709" visible="true" version="1" changeset="46909477" timestamp="2017-03-16T20:20:03Z" user="deserttunes" uid="3438665" lat="52.5279499" lon="13.2841350"/>
 <node id="4738679711" visible="true" version="1" changeset="46909477" timestamp="2017-03-16T20:20:03Z" user="deserttunes" uid="3438665" lat="52.5277239" lon="13.2838283"/>
 <node id="4738679713" visible="true" version="1" changeset="46909477" timestamp="2017-03-16T20:20:03Z" user="deserttunes" uid="3438665" lat="52.5276332" lon="13.2837189"/>
 <node id="4738679715" visible="true" version="1" changeset="46909477" timestamp="2017-03-16T20:20:03Z" user="deserttunes" uid="3438665" lat="52.5274735" lon="13.2835413"/>
 <node id="4738679716" visible="true" version="1" changeset="46909477" timestamp="2017-03-16T20:20:03Z" user="deserttunes" uid="3438665" lat="52.5274003" lon="13.2834705"/>
 <node id="4738679717" visible="true" version="1" changeset="46909477" timestamp="2017-03-16T20:20:03Z" user="deserttunes" uid="3438665" lat="52.5272788" lon="13.2833577"/>
 <node id="4738680521" visible="true" version="1" changeset="46909477" timestamp="2017-03-16T20:20:03Z" user="deserttunes" uid="3438665" lat="52.5270810" lon="13.2831932"/>
 <node id="4738680522" visible="true" version="1" changeset="46909477" timestamp="2017-03-16T20:20:03Z" user="deserttunes" uid="3438665" lat="52.5269797" lon="13.2831179"/>
 <node id="4738680524" visible="true" version="2" changeset="149034688" timestamp="2024-03-22T23:59:36Z" user="Lukas615" uid="675791" lat="52.5267800" lon="13.2829825"/>
 <node id="4738680542" visible="true" version="3" changeset="150660431" timestamp="2024-04-29T12:11:29Z" user="Lukas615" uid="675791" lat="52.5265092" lon="13.2828454">
  <tag k="operator" v="DB InfraGO AG"/>
  <tag k="railway" v="signal"/>
  <tag k="railway:signal:combined" v="DE-ESO:ks"/>
  <tag k="railway:signal:combined:deactivated" v="no"/>
  <tag k="railway:signal:combined:form" v="light"/>
  <tag k="railway:signal:combined:height" v="normal"/>
  <tag k="railway:signal:combined:shortened" v="no"/>
  <tag k="railway:signal:combined:states" v="DE-ESO:hp0;DE-ESO:ks1;DE-ESO:ks2"/>
  <tag k="railway:signal:combined:substitute_signal" v="DE-ESO:db:zs12;DE-ESO:dr:zs1"/>
  <tag k="railway:signal:direction" v="backward"/>
  <tag k="railway:signal:position" v="bridge"/>
  <tag k="railway:signal:speed_limit" v="DE-ESO:zs3"/>
  <tag k="railway:signal:speed_limit:deactivated" v="no"/>
  <tag k="railway:signal:speed_limit_distant" v="DE-ESO:zs3v"/>
  <tag k="railway:signal:speed_limit_distant:deactivated" v="no"/>
  <tag k="railway:signal:speed_limit_distant:form" v="light"/>
  <tag k="railway:signal:speed_limit_distant:height" v="normal"/>
  <tag k="railway:signal:speed_limit_distant:speed" v="40;?;off"/>
  <tag k="railway:signal:speed_limit:form" v="light"/>
  <tag k="railway:signal:speed_limit:height" v="normal"/>
  <tag k="railway:signal:speed_limit:speed" v="?"/>
  <tag k="railway:signal:traversable" v="DE-ESO:mastschild_rot-weiss"/>
  <tag k="railway:signal:traversable:type" v="written_default_speed;dictated_default_speed"/>
  <tag k="ref" v="906"/>
 </node>
 <node id="4738680543" visible="true" version="2" changeset="149034688" timestamp="2024-03-22T23:59:36Z" user="Lukas615" uid="675791" lat="52.5264043" lon="13.2828030"/>
 <node id="4738680544" visible="true" version="1" changeset="46909477" timestamp="2017-03-16T20:20:03Z" user="deserttunes" uid="3438665" lat="52.5260153" lon="13.2826946"/>
 <node id="4738680545" visible="true" version="1" changeset="46909477" timestamp="2017-03-16T20:20:03Z" user="deserttunes" uid="3438665" lat="52.5258852" lon="13.2826723"/>
 <node id="4738680546" visible="true" version="1" changeset="46909477" timestamp="2017-03-16T20:20:03Z" user="deserttunes" uid="3438665" lat="52.5256745" lon="13.2826553"/>
 <node id="4738680547" visible="true" version="1" changeset="46909477" timestamp="2017-03-16T20:20:03Z" user="deserttunes" uid="3438665" lat="52.5255576" lon="13.2826528"/>
 <node id="4738680548" visible="true" version="1" changeset="46909477" timestamp="2017-03-16T20:20:03Z" user="deserttunes" uid="3438665" lat="52.5254337" lon="13.2826576"/>
 <node id="4738680549" visible="true" version="1" changeset="46909477" timestamp="2017-03-16T20:20:03Z" user="deserttunes" uid="3438665" lat="52.5251624" lon="13.2826861"/>
 <node id="4738680550" visible="true" version="1" changeset="46909477" timestamp="2017-03-16T20:20:03Z" user="deserttunes" uid="3438665" lat="52.5248494" lon="13.2827403"/>
 <node id="4738680551" visible="true" version="1" changeset="46909477" timestamp="2017-03-16T20:20:03Z" user="deserttunes" uid="3438665" lat="52.5246215" lon="13.2827902"/>
 <node id="4738680552" visible="true" version="2" changeset="149034688" timestamp="2024-03-22T23:59:36Z" user="Lukas615" uid="675791" lat="52.5227377" lon="13.2832324"/>
 <node id="4738680553" visible="true" version="2" changeset="149034688" timestamp="2024-03-22T23:59:36Z" user="Lukas615" uid="675791" lat="52.5220469" lon="13.2833961"/>
 <node id="4738680554" visible="true" version="2" changeset="81725131" timestamp="2020-03-03T11:29:19Z" user="Lukas615" uid="675791" lat="52.5216526" lon="13.2834924">
  <tag k="railway" v="milestone"/>
  <tag k="railway:milestone:catenary_mast" v="no"/>
  <tag k="railway:milestone:emergency_brake_override" v="no"/>
  <tag k="railway:position" v="32.8"/>
 </node>
 <node id="4738680580" visible="true" version="2" changeset="149034688" timestamp="2024-03-22T23:59:36Z" user="Lukas615" uid="675791" lat="52.5204967" lon="13.2837937"/>
 <node id="4738680588" visible="true" version="2" changeset="150660431" timestamp="2024-04-29T12:11:29Z" user="Lukas615" uid="675791" lat="52.5189662" lon="13.2842501"/>
 <node id="4868074433" visible="true" version="4" changeset="147471906" timestamp="2024-02-15T01:43:05Z" user="Lukas615" uid="675791" lat="52.5488937" lon="13.4165954">
  <tag k="note" v="Zs 2 &quot;R&quot; für Fahrten ins Regelgleis Richtung Prenzlauer Allee"/>
  <tag k="operator" v="DB InfraGO AG"/>
  <tag k="railway" v="signal"/>
  <tag k="railway:signal:combined" v="DE-ESO:ks"/>
  <tag k="railway:signal:combined:deactivated" v="no"/>
  <tag k="railway:signal:combined:form" v="light"/>
  <tag k="railway:signal:combined:height" v="normal"/>
  <tag k="railway:signal:combined:shortened" v="no"/>
  <tag k="railway:signal:combined:states" v="DE-ESO:hp0;DE-ESO:ks1;DE-ESO:ks2"/>
  <tag k="railway:signal:combined:substitute_signal" v="DE-ESO:db:zs12;DE-ESO:db:zs7"/>
  <tag k="railway:signal:departure" v="DE-ESO:zp"/>
  <tag k="railway:signal:departure:deactivated" v="no"/>
  <tag k="railway:signal:departure:form" v="light"/>
  <tag k="railway:signal:departure:states" v="DE-ESO:zp10;DE-ESO:zp9"/>
  <tag k="railway:signal:direction" v="forward"/>
  <tag k="railway:signal:position" v="left"/>
  <tag k="railway:signal:route" v="DE-ESO:zs2"/>
  <tag k="railway:signal:route:deactivated" v="no"/>
  <tag k="railway:signal:route:form" v="light"/>
  <tag k="railway:signal:route:states" v="R;S"/>
  <tag k="railway:signal:speed_limit" v="DE-ESO:zs3"/>
  <tag k="railway:signal:speed_limit:deactivated" v="no"/>
  <tag k="railway:signal:speed_limit_distant" v="DE-ESO:zs3v"/>
  <tag k="railway:signal:speed_limit_distant:deactivated" v="no"/>
  <tag k="railway:signal:speed_limit_distant:form" v="light"/>
  <tag k="railway:signal:speed_limit_distant:height" v="normal"/>
  <tag k="railway:signal:speed_limit_distant:speed" v="40;50;off"/>
  <tag k="railway:signal:speed_limit:form" v="light"/>
  <tag k="railway:signal:speed_limit:height" v="normal"/>
  <tag k="railway:signal:speed_limit:speed" v="40;60;off"/>
  <tag k="railway:signal:traversable" v="DE-ESO:mastschild_rot-weiss"/>
  <tag k="railway:signal:traversable:type" v="written_default_speed;dictated_default_speed"/>
  <tag k="ref" v="521"/>
 </node>
 <node id="4868107384" visible="true" version="4" changeset="149154540" timestamp="2024-03-26T00:38:05Z" user="Lukas615" uid="675791" lat="52.5303617" lon="13.4537752">
  <tag k="operator" v="DB InfraGO AG"/>
  <tag k="railway" v="signal"/>
  <tag k="railway:signal:combined" v="DE-ESO:ks"/>
  <tag k="railway:signal:combined:deactivated" v="no"/>
  <tag k="railway:signal:combined:form" v="light"/>
  <tag k="railway:signal:combined:height" v="normal"/>
  <tag k="railway:signal:combined:shortened" v="no"/>
  <tag k="railway:signal:combined:states" v="DE-ESO:hp0;DE-ESO:ks1;DE-ESO:ks2"/>
  <tag k="railway:signal:combined:substitute_signal" v="DE-ESO:db:zs12;DE-ESO:db:zs7"/>
  <tag k="railway:signal:direction" v="forward"/>
  <tag k="railway:signal:position" v="left"/>
  <tag k="railway:signal:speed_limit_distant" v="DE-ESO:zs3v"/>
  <tag k="railway:signal:speed_limit_distant:deactivated" v="no"/>
  <tag k="railway:signal:speed_limit_distant:form" v="light"/>
  <tag k="railway:signal:speed_limit_distant:height" v="normal"/>
  <tag k="railway:signal:speed_limit_distant:speed" v="?;off"/>
  <tag k="railway:signal:traversable" v="DE-ESO:mastschild_rot-weiss"/>
  <tag k="railway:signal:traversable:type" v="written_default_speed;dictated_default_speed"/>
  <tag k="ref" v="6027"/>
 </node>
 <node id="4868122043" visible="true" version="4" changeset="149154540" timestamp="2024-03-26T00:38:05Z" user="Lukas615" uid="675791" lat="52.5314698" lon="13.4526678">
  <tag k="operator" v="DB InfraGO AG"/>
  <tag k="railway" v="signal"/>
  <tag k="railway:signal:combined" v="DE-ESO:ks"/>
  <tag k="railway:signal:combined:deactivated" v="no"/>
  <tag k="railway:signal:combined:form" v="light"/>
  <tag k="railway:signal:combined:height" v="normal"/>
  <tag k="railway:signal:combined:shortened" v="yes"/>
  <tag k="railway:signal:combined:states" v="DE-ESO:hp0;DE-ESO:ks1;DE-ESO:ks2"/>
  <tag k="railway:signal:combined:substitute_signal" v="DE-ESO:db:zs12;DE-ESO:db:zs7"/>
  <tag k="railway:signal:direction" v="forward"/>
  <tag k="railway:signal:position" v="bridge"/>
  <tag k="railway:signal:speed_limit" v="DE-ESO:zs3"/>
  <tag k="railway:signal:speed_limit:deactivated" v="no"/>
  <tag k="railway:signal:speed_limit:form" v="light"/>
  <tag k="railway:signal:speed_limit:height" v="normal"/>
  <tag k="railway:signal:speed_limit:speed" v="40;?;off"/>
  <tag k="railway:signal:traversable" v="DE-ESO:mastschild_rot-weiss"/>
  <tag k="railway:signal:traversable:type" v="written_default_speed;dictated_default_speed"/>
  <tag k="ref" v="6025"/>
 </node>
 <node id="4868149150" visible="true" version="4" changeset="149154540" timestamp="2024-03-26T00:38:05Z" user="Lukas615" uid="675791" lat="52.5377222" lon="13.4450565">
  <tag k="operator" v="DB InfraGO AG"/>
  <tag k="railway" v="signal"/>
  <tag k="railway:signal:combined" v="DE-ESO:ks"/>
  <tag k="railway:signal:combined:deactivated" v="no"/>
  <tag k="railway:signal:combined:form" v="light"/>
  <tag k="railway:signal:combined:height" v="normal"/>
  <tag k="railway:signal:combined:shortened" v="no"/>
  <tag k="railway:signal:combined:states" v="DE-ESO:hp0;DE-ESO:ks1;DE-ESO:ks2"/>
  <tag k="railway:signal:combined:substitute_signal" v="DE-ESO:db:zs12;DE-ESO:dr:zs1"/>
  <tag k="railway:signal:direction" v="backward"/>
  <tag k="railway:signal:minor" v="DE-ESO:sh1"/>
  <tag k="railway:signal:minor:form" v="light"/>
  <tag k="railway:signal:position" v="left"/>
  <tag k="railway:signal:speed_limit:form" v="light"/>
  <tag k="railway:signal:traversable" v="DE-ESO:mastschild_rot-weiss"/>
  <tag k="railway:signal:traversable:type" v="written_default_speed;dictated_default_speed"/>
  <tag k="ref" v="6016"/>
 </node>
 <node id="4868501894" visible="true" version="2" changeset="149154540" timestamp="2024-03-26T00:38:05Z" user="Lukas615" uid="675791" lat="52.5432249" lon="13.4303717">
  <tag k="operator" v="DB InfraGO AG"/>
  <tag k="railway" v="signal"/>
  <tag k="railway:signal:direction" v="backward"/>
  <tag k="railway:signal:distant" v="DE-ESO:ks"/>
  <tag k="railway:signal:distant:deactivated" v="no"/>
  <tag k="railway:signal:distant:form" v="light"/>
  <tag k="railway:signal:distant:height" v="normal"/>
  <tag k="railway:signal:distant:repeated" v="no"/>
  <tag k="railway:signal:distant:shortened" v="no"/>
  <tag k="railway:signal:distant:states" v="DE-ESO:ks1;DE-ESO:ks2"/>
  <tag k="railway:signal:position" v="bridge"/>
  <tag k="railway:signal:speed_limit_distant" v="DE-ESO:zs3v"/>
  <tag k="railway:signal:speed_limit_distant:deactivated" v="no"/>
  <tag k="railway:signal:speed_limit_distant:form" v="light"/>
  <tag k="railway:signal:speed_limit_distant:height" v="normal"/>
  <tag k="railway:signal:speed_limit_distant:speed" v="?;off"/>
 </node>
 <node id="5144503484" visible="true" version="2" changeset="147471906" timestamp="2024-02-15T01:43:05Z" user="Lukas615" uid="675791" lat="52.5484044" lon="13.4180993">
  <tag k="operator" v="DB InfraGO AG"/>
  <tag k="railway" v="switch"/>
  <tag k="railway:local_operated" v="no"/>
  <tag k="railway:switch" v="default"/>
  <tag k="railway:switch:electric" v="yes"/>
  <tag k="railway:switch:heated" v="yes"/>
  <tag k="railway:switch:movable_frog" v="no"/>
  <tag k="railway:switch:resetting" v="no"/>
  <tag k="railway:turnout_side" v="left"/>
 </node>
 <node id="5157040669" visible="true" version="1" changeset="52759538" timestamp="2017-10-09T13:08:41Z" user="30303020" uid="6747298" lat="52.4880104" lon="13.3011736">
  <tag k="railway" v="signal"/>
  <tag k="railway:signal:direction" v="backward"/>
  <tag k="railway:signal:position" v="right"/>
  <tag k="railway:signal:stop" v="DE-ESO:ne5"/>
  <tag k="railway:signal:stop:form" v="sign"/>
  <tag k="railway:signal:stop:height" v="normal"/>
 </node>
 <node id="5157040673" visible="true" version="2" changeset="149071729" timestamp="2024-03-24T00:25:19Z" user="Lukas615" uid="675791" lat="52.4956857" lon="13.2911182">
  <tag k="operator" v="DB InfraGO AG"/>
  <tag k="railway" v="signal"/>
  <tag k="railway:signal:direction" v="backward"/>
  <tag k="railway:signal:position" v="right"/>
  <tag k="railway:signal:stop" v="DE-ESO:ne5"/>
  <tag k="railway:signal:stop:caption" v="24x"/>
  <tag k="railway:signal:stop:deactivated" v="no"/>
  <tag k="railway:signal:stop:form" v="sign"/>
  <tag k="railway:signal:stop:height" v="normal"/>
 </node>
 <node id="5157040674" visible="true" version="2" changeset="147412996" timestamp="2024-02-13T15:04:39Z" user="Lukas615" uid="675791" lat="52.5025646" lon="13.2827333"/>
 <node id="5157040675" visible="true" version="2" changeset="150660431" timestamp="2024-04-29T12:11:29Z" user="Lukas615" uid="675791" lat="52.5069141" lon="13.2830772"/>
 <node id="5157040677" visible="true" version="3" changeset="150660431" timestamp="2024-04-29T12:11:29Z" user="Lukas615" uid="675791" lat="52.5076301" lon="13.2835505">
  <tag k="operator" v="DB InfraGO AG"/>
  <tag k="railway" v="milestone"/>
  <tag k="railway:milestone:catenary_mast" v="no"/>
  <tag k="railway:milestone:emergency_brake_override" v="no"/>
  <tag k="railway:position" v="31.2"/>
 </node>
 <node id="5157040679" visible="true" version="2" changeset="149034688" timestamp="2024-03-22T23:59:36Z" user="Lukas615" uid="675791" lat="52.5082764" lon="13.2840163">
  <tag k="operator" v="DB InfraGO AG"/>
  <tag k="railway" v="signal"/>
  <tag k="railway:signal:direction" v="forward"/>
  <tag k="railway:signal:position" v="right"/>
  <tag k="railway:signal:stop" v="DE-ESO:ne5"/>
  <tag k="railway:signal:stop:deactivated" v="no"/>
  <tag k="railway:signal:stop:form" v="sign"/>
  <tag k="railway:signal:stop:height" v="normal"/>
 </node>
 <node id="5157040680" visible="true" version="1" changeset="52759538" timestamp="2017-10-09T13:08:43Z" user="30303020" uid="6747298" lat="52.5084419" lon="13.2841381">
  <tag k="railway" v="milestone"/>
  <tag k="railway:milestone:catenary_mast" v="no"/>
  <tag k="railway:milestone:emergency_brake_override" v="no"/>
  <tag k="railway:position" v="31.3"/>
 </node>
 <node id="5157040682" visible="true" version="2" changeset="147432009" timestamp="2024-02-14T01:53:33Z" user="Lukas615" uid="675791" lat="52.5155204" lon="13.2854615">
  <tag k="operator" v="DB InfraGO AG"/>
  <tag k="railway" v="milestone"/>
  <tag k="railway:milestone:catenary_mast" v="no"/>
  <tag k="railway:milestone:emergency_brake_override" v="no"/>
  <tag k="railway:position" v="32.1"/>
 </node>
 <node id="5157040683" visible="true" version="3" changeset="150660431" timestamp="2024-04-29T12:11:29Z" user="Lukas615" uid="675791" lat="52.5174288" lon="13.2847614">
  <tag k="operator" v="DB InfraGO AG"/>
  <tag k="railway" v="signal"/>
  <tag k="railway:signal:direction" v="backward"/>
  <tag k="railway:signal:position" v="right"/>
  <tag k="railway:signal:stop" v="DE-ESO:ne5"/>
  <tag k="railway:signal:stop:deactivated" v="no"/>
  <tag k="railway:signal:stop:form" v="sign"/>
  <tag k="railway:signal:stop:height" v="dwarf"/>
 </node>
 <node id="5157040687" visible="true" version="2" changeset="150660431" timestamp="2024-04-29T12:11:29Z" user="Lukas615" uid="675791" lat="52.5187215" lon="13.2843271">
  <tag k="operator" v="DB InfraGO AG"/>
  <tag k="railway" v="signal"/>
  <tag k="railway:signal:direction" v="forward"/>
  <tag k="railway:signal:position" v="right"/>
  <tag k="railway:signal:stop" v="DE-ESO:ne5"/>
  <tag k="railway:signal:stop:deactivated" v="no"/>
  <tag k="railway:signal:stop:form" v="sign"/>
  <tag k="railway:signal:stop:height" v="normal"/>
 </node>
 <node id="5157040688" visible="true" version="2" changeset="149034688" timestamp="2024-03-22T23:59:36Z" user="Lukas615" uid="675791" lat="52.5199220" lon="13.2839650">
  <tag k="railway" v="milestone"/>
  <tag k="railway:milestone:catenary_mast" v="no"/>
  <tag k="railway:milestone:emergency_brake_override" v="no"/>
  <tag k="railway:position" v="32.6"/>
 </node>
 <node id="5157040718" visible="true" version="3" changeset="146926280" timestamp="2024-02-01T00:50:11Z" user="Lukas615" uid="675791" lat="52.4891367" lon="13.2996761"/>
 <node id="5157040720" visible="true" version="3" changeset="149071729" timestamp="2024-03-24T00:25:19Z" user="Lukas615" uid="675791" lat="52.4966283" lon="13.2898078">
  <tag k="operator" v="DB Netz AG"/>
  <tag k="railway" v="signal"/>
  <tag k="railway:signal:direction" v="forward"/>
  <tag k="railway:signal:position" v="right"/>
  <tag k="railway:signal:speed_limit" v="DE-ESO:lf7"/>
  <tag k="railway:signal:speed_limit:deactivated" v="no"/>
  <tag k="railway:signal:speed_limit_distant" v="DE-ESO:lf6"/>
  <tag k="railway:signal:speed_limit_distant:deactivated" v="no"/>
  <tag k="railway:signal:speed_limit_distant:form" v="sign"/>
  <tag k="railway:signal:speed_limit_distant:height" v="normal"/>
  <tag k="railway:signal:speed_limit_distant:speed" v="70"/>
  <tag k="railway:signal:speed_limit_distant:turn_direction" v="left"/>
  <tag k="railway:signal:speed_limit:form" v="sign"/>
  <tag k="railway:signal:speed_limit:height" v="normal"/>
  <tag k="railway:signal:speed_limit:speed" v="80"/>
 </node>
 <node id="5157041421" visible="true" version="3" changeset="133899117" timestamp="2023-03-20T13:19:22Z" user="robsteinde" uid="10027026" lat="52.5016125" lon="13.2833549">
  <tag k="operator" v="DB Netz AG"/>
  <tag k="railway" v="signal"/>
  <tag k="railway:signal:direction" v="backward"/>
  <tag k="railway:signal:position" v="left"/>
  <tag k="railway:signal:speed_limit" v="DE-ESO:lf7"/>
  <tag k="railway:signal:speed_limit:deactivated" v="no"/>
  <tag k="railway:signal:speed_limit:form" v="sign"/>
  <tag k="railway:signal:speed_limit:height" v="normal"/>
  <tag k="railway:signal:speed_limit:speed" v="70"/>
 </node>
 <node id="5157041424" visible="true" version="2" changeset="149098273" timestamp="2024-03-24T16:58:28Z" user="Lukas615" uid="675791" lat="52.4806206" lon="13.3110936">
  <tag k="operator" v="DB InfraGO AG"/>
  <tag k="railway" v="signal"/>
  <tag k="railway:signal:combined" v="DE-ESO:ks"/>
  <tag k="railway:signal:combined:deactivated" v="no"/>
  <tag k="railway:signal:combined:form" v="light"/>
  <tag k="railway:signal:combined:function" v="block"/>
  <tag k="railway:signal:combined:height" v="normal"/>
  <tag k="railway:signal:combined:shortened" v="no"/>
  <tag k="railway:signal:combined:states" v="DE-ESO:hp0;DE-ESO:ks1;DE-ESO:ks2"/>
  <tag k="railway:signal:combined:substitute_signal" v="DE-ESO:dr:zs1"/>
  <tag k="railway:signal:departure" v="DE-ESO:zp"/>
  <tag k="railway:signal:departure:deactivated" v="no"/>
  <tag k="railway:signal:departure:form" v="light"/>
  <tag k="railway:signal:departure:states" v="DE-ESO:zp10;DE-ESO:zp9"/>
  <tag k="railway:signal:direction" v="forward"/>
  <tag k="railway:signal:position" v="left"/>
  <tag k="railway:signal:traversable" v="DE-ESO:mastschild_schwarz-weiss"/>
  <tag k="railway:signal:traversable:type" v="always_on_sight"/>
  <tag k="ref" v="841"/>
 </node>
 <node id="5157041427" visible="true" version="2" changeset="146926280" timestamp="2024-02-01T00:50:11Z" user="Lukas615" uid="675791" lat="52.4905411" lon="13.2976146"/>
 <node id="5157041429" visible="true" version="4" changeset="149071729" timestamp="2024-03-24T00:25:19Z" user="Lukas615" uid="675791" lat="52.4891469" lon="13.2996611">
  <tag k="operator" v="DB InfraGO AG"/>
  <tag k="railway" v="signal"/>
  <tag k="railway:signal:combined" v="DE-ESO:ks"/>
  <tag k="railway:signal:combined:deactivated" v="no"/>
  <tag k="railway:signal:combined:form" v="light"/>
  <tag k="railway:signal:combined:function" v="block"/>
  <tag k="railway:signal:combined:height" v="normal"/>
  <tag k="railway:signal:combined:shortened" v="no"/>
  <tag k="railway:signal:combined:states" v="DE-ESO:hp0;DE-ESO:ks1;DE-ESO:ks2"/>
  <tag k="railway:signal:combined:substitute_signal" v="DE-ESO:dr:zs1"/>
  <tag k="railway:signal:departure" v="DE-ESO:zp"/>
  <tag k="railway:signal:departure:form" v="light"/>
  <tag k="railway:signal:departure:states" v="DE-ESO:zp9;DE-ESO:zp10"/>
  <tag k="railway:signal:direction" v="forward"/>
  <tag k="railway:signal:position" v="left"/>
  <tag k="railway:signal:speed_limit" v="DE-ESO:zs3"/>
  <tag k="railway:signal:speed_limit:deactivated" v="no"/>
  <tag k="railway:signal:speed_limit_distant" v="DE-ESO:zs3v"/>
  <tag k="railway:signal:speed_limit_distant:deactivated" v="no"/>
  <tag k="railway:signal:speed_limit_distant:form" v="light"/>
  <tag k="railway:signal:speed_limit_distant:height" v="normal"/>
  <tag k="railway:signal:speed_limit_distant:speed" v="60;?;off"/>
  <tag k="railway:signal:speed_limit:form" v="light"/>
  <tag k="railway:signal:speed_limit:height" v="normal"/>
  <tag k="railway:signal:speed_limit:speed" v="60;off"/>
  <tag k="railway:signal:traversable" v="DE-ESO:mastschild_schwarz-weiss"/>
  <tag k="railway:signal:traversable:type" v="always_on_sight"/>
  <tag k="ref" v="851"/>
 </node>
 <node id="5157041432" visible="true" version="2" changeset="146926280" timestamp="2024-02-01T00:50:11Z" user="Lukas615" uid="675791" lat="52.4914932" lon="13.2963328"/>
 <node id="5157041437" visible="true" version="3" changeset="149071729" timestamp="2024-03-24T00:25:19Z" user="Lukas615" uid="675791" lat="52.4985819" lon="13.2870299">
  <tag k="fixme" v="Ein Zusatzanzeiger noch nicht erfasst"/>
  <tag k="operator" v="DB InfraGO AG"/>
  <tag k="railway" v="signal"/>
  <tag k="railway:signal:combined" v="DE-ESO:ks"/>
  <tag k="railway:signal:combined:deactivated" v="no"/>
  <tag k="railway:signal:combined:form" v="light"/>
  <tag k="railway:signal:combined:function" v="block"/>
  <tag k="railway:signal:combined:height" v="normal"/>
  <tag k="railway:signal:combined:shortened" v="no"/>
  <tag k="railway:signal:combined:states" v="DE-ESO:hp0;DE-ESO:ks1;DE-ESO:ks2"/>
  <tag k="railway:signal:combined:substitute_signal" v="DE-ESO:db:zs12;DE-ESO:db:zs7;DE-ESO:dr:zs1"/>
  <tag k="railway:signal:direction" v="forward"/>
  <tag k="railway:signal:position" v="right"/>
  <tag k="railway:signal:traversable" v="DE-ESO:mastschild_rot-weiss"/>
  <tag k="railway:signal:traversable:type" v="written_default_speed;dictated_default_speed"/>
  <tag k="ref" v="867"/>
 </node>
 <node id="5157041439" visible="true" version="3" changeset="149071729" timestamp="2024-03-24T00:25:19Z" user="Lukas615" uid="675791" lat="52.4966219" lon="13.2898172">
  <tag k="operator" v="DB Netz AG"/>
  <tag k="railway" v="signal"/>
  <tag k="railway:signal:combined" v="DE-ESO:ks"/>
  <tag k="railway:signal:combined:deactivated" v="no"/>
  <tag k="railway:signal:combined:form" v="light"/>
  <tag k="railway:signal:combined:function" v="block"/>
  <tag k="railway:signal:combined:height" v="normal"/>
  <tag k="railway:signal:combined:shortened" v="no"/>
  <tag k="railway:signal:combined:states" v="DE-ESO:hp0;DE-ESO:ks1;DE-ESO:ks2"/>
  <tag k="railway:signal:combined:substitute_signal" v="DE-ESO:db:zs12;DE-ESO:db:zs7"/>
  <tag k="railway:signal:departure" v="DE-ESO:zp"/>
  <tag k="railway:signal:departure:deactivated" v="no"/>
  <tag k="railway:signal:departure:form" v="light"/>
  <tag k="railway:signal:departure:states" v="DE-ESO:zp9;DE-ESO:zp10"/>
  <tag k="railway:signal:direction" v="forward"/>
  <tag k="railway:signal:position" v="left"/>
  <tag k="railway:signal:route" v="DE-ESO:zs2"/>
  <tag k="railway:signal:route:deactivated" v="no"/>
  <tag k="railway:signal:route:form" v="light"/>
  <tag k="railway:signal:route:states" v="C;W"/>
  <tag k="railway:signal:speed_limit" v="DE-ESO:zs3"/>
  <tag k="railway:signal:speed_limit:deactivated" v="no"/>
  <tag k="railway:signal:speed_limit:form" v="light"/>
  <tag k="railway:signal:speed_limit:height" v="normal"/>
  <tag k="railway:signal:speed_limit:speed" v="40;off"/>
  <tag k="railway:signal:traversable" v="DE-ESO:mastschild_rot-weiss"/>
  <tag k="railway:signal:traversable:type" v="written_default_speed;dictated_default_speed"/>
  <tag k="ref" v="863"/>
 </node>
 <node id="5157041440" visible="true" version="2" changeset="149071729" timestamp="2024-03-24T00:25:19Z" user="Lukas615" uid="675791" lat="52.4954627" lon="13.2914171">
  <tag k="fixme" v="Zs Anzeiger überprüfen, ist hier wirklich ein Zs 13 vorhanden?"/>
  <tag k="operator" v="DB InfraGO AG"/>
  <tag k="railway" v="signal"/>
  <tag k="railway:signal:combined" v="DE-ESO:ks"/>
  <tag k="railway:signal:combined:deactivated" v="no"/>
  <tag k="railway:signal:combined:form" v="light"/>
  <tag k="railway:signal:combined:function" v="block"/>
  <tag k="railway:signal:combined:height" v="normal"/>
  <tag k="railway:signal:combined:shortened" v="no"/>
  <tag k="railway:signal:combined:states" v="DE-ESO:hp0;DE-ESO:ks1;DE-ESO:ks2"/>
  <tag k="railway:signal:combined:substitute_signal" v="DE-ESO:db:zs12;DE-ESO:db:zs7;DE-ESO:dr:zs1"/>
  <tag k="railway:signal:departure" v="DE-ESO:zp"/>
  <tag k="railway:signal:departure:deactivated" v="no"/>
  <tag k="railway:signal:departure:form" v="light"/>
  <tag k="railway:signal:departure:states" v="DE-ESO:zp10;DE-ESO:zp9"/>
  <tag k="railway:signal:direction" v="backward"/>
  <tag k="railway:signal:minor" v="DE-ESO:sh1"/>
  <tag k="railway:signal:minor:form" v="light"/>
  <tag k="railway:signal:position" v="left"/>
  <tag k="railway:signal:route" v="DE-ESO:zs2"/>
  <tag k="railway:signal:route:form" v="light"/>
  <tag k="railway:signal:route:states" v="S;?"/>
  <tag k="railway:signal:short_route" v="DE-ESO:zs13"/>
  <tag k="railway:signal:short_route:form" v="light"/>
  <tag k="railway:signal:short_route:height" v="normal"/>
  <tag k="railway:signal:speed_limit" v="DE-ESO:zs3"/>
  <tag k="railway:signal:speed_limit:deactivated" v="no"/>
  <tag k="railway:signal:speed_limit:form" v="light"/>
  <tag k="railway:signal:speed_limit:height" v="normal"/>
  <tag k="railway:signal:speed_limit:speed" v="40;60;?"/>
  <tag k="railway:signal:traversable" v="DE-ESO:mastschild_rot-weiss"/>
  <tag k="railway:signal:traversable:type" v="written_default_speed;dictated_default_speed"/>
  <tag k="ref" v="864"/>
 </node>
 <node id="5157041447" visible="true" version="3" changeset="150660431" timestamp="2024-04-29T12:11:29Z" user="Lukas615" uid="675791" lat="52.5188060" lon="13.2842981">
  <tag k="note" v="Signalschirm hat Optik für verkürzten Bremswegabstand, diese leuchtet aber im Normalbetrieb nicht"/>
  <tag k="operator" v="DB InfraGO AG"/>
  <tag k="railway" v="signal"/>
  <tag k="railway:signal:combined" v="DE-ESO:ks"/>
  <tag k="railway:signal:combined:deactivated" v="no"/>
  <tag k="railway:signal:combined:form" v="light"/>
  <tag k="railway:signal:combined:function" v="block"/>
  <tag k="railway:signal:combined:height" v="normal"/>
  <tag k="railway:signal:combined:shortened" v="no"/>
  <tag k="railway:signal:combined:states" v="DE-ESO:hp0;DE-ESO:ks1;DE-ESO:ks2"/>
  <tag k="railway:signal:combined:substitute_signal" v="DE-ESO:db:zs12;DE-ESO:db:zs7"/>
  <tag k="railway:signal:direction" v="forward"/>
  <tag k="railway:signal:minor" v="DE-ESO:sh1"/>
  <tag k="railway:signal:minor:form" v="light"/>
  <tag k="railway:signal:position" v="left"/>
  <tag k="railway:signal:speed_limit" v="DE-ESO:zs3"/>
  <tag k="railway:signal:speed_limit:deactivated" v="no"/>
  <tag k="railway:signal:speed_limit_distant" v="DE-ESO:zs3v"/>
  <tag k="railway:signal:speed_limit_distant:deactivated" v="no"/>
  <tag k="railway:signal:speed_limit_distant:form" v="light"/>
  <tag k="railway:signal:speed_limit_distant:height" v="normal"/>
  <tag k="railway:signal:speed_limit_distant:speed" v="60;off"/>
  <tag k="railway:signal:speed_limit:form" v="light"/>
  <tag k="railway:signal:speed_limit:height" v="normal"/>
  <tag k="railway:signal:speed_limit:speed" v="60;off"/>
  <tag k="railway:signal:traversable" v="DE-ESO:mastschild_rot-weiss"/>
  <tag k="railway:signal:traversable:type" v="written_default_speed;dictated_default_speed"/>
  <tag k="ref" v="893"/>
 </node>
 <node id="5157041449" visible="true" version="4" changeset="150660431" timestamp="2024-04-29T12:11:29Z" user="Lukas615" uid="675791" lat="52.5206927" lon="13.2837356">
  <tag k="operator" v="DB Netz AG"/>
  <tag k="railway" v="signal"/>
  <tag k="railway:signal:combined" v="DE-ESO:ks"/>
  <tag k="railway:signal:combined:deactivated" v="no"/>
  <tag k="railway:signal:combined:form" v="light"/>
  <tag k="railway:signal:combined:function" v="block"/>
  <tag k="railway:signal:combined:height" v="normal"/>
  <tag k="railway:signal:combined:shortened" v="yes"/>
  <tag k="railway:signal:combined:states" v="DE-ESO:hp0;DE-ESO:ks1;DE-ESO:ks2"/>
  <tag k="railway:signal:combined:substitute_signal" v="DE-ESO:db:zs12;DE-ESO:dr:zs1"/>
  <tag k="railway:signal:direction" v="forward"/>
  <tag k="railway:signal:minor" v="DE-ESO:sh1"/>
  <tag k="railway:signal:minor:form" v="light"/>
  <tag k="railway:signal:position" v="right"/>
  <tag k="railway:signal:route" v="DE-ESO:zs2"/>
  <tag k="railway:signal:route:form" v="light"/>
  <tag k="railway:signal:route:states" v="R;off;?"/>
  <tag k="railway:signal:speed_limit" v="DE-ESO:zs3"/>
  <tag k="railway:signal:speed_limit:deactivated" v="no"/>
  <tag k="railway:signal:speed_limit:form" v="light"/>
  <tag k="railway:signal:speed_limit:height" v="normal"/>
  <tag k="railway:signal:speed_limit:speed" v="60;off"/>
  <tag k="railway:signal:traversable" v="DE-ESO:mastschild_rot-weiss"/>
  <tag k="railway:signal:traversable:type" v="written_default_speed;dictated_default_speed"/>
  <tag k="ref" v="897"/>
 </node>
 <node id="5168745213" visible="true" version="3" changeset="146800363" timestamp="2024-01-29T01:42:27Z" user="Lukas615" uid="675791" lat="52.4673556" lon="13.3956869">
  <tag k="operator" v="DB InfraGO AG"/>
  <tag k="railway" v="milestone"/>
  <tag k="railway:milestone:catenary_mast" v="no"/>
  <tag k="railway:milestone:emergency_brake_override" v="no"/>
  <tag k="railway:position" v="21.0"/>
 </node>
 <node id="5168745217" visible="true" version="3" changeset="146800363" timestamp="2024-01-29T01:42:27Z" user="Lukas615" uid="675791" lat="52.4684018" lon="13.3933043">
  <tag k="operator" v="DB InfraGO AG"/>
  <tag k="railway" v="milestone"/>
  <tag k="railway:milestone:catenary_mast" v="no"/>
  <tag k="railway:milestone:emergency_brake_override" v="no"/>
  <tag k="railway:position" v="21.2"/>
 </node>
 <node id="5168745218" visible="true" version="2" changeset="146800363" timestamp="2024-01-29T01:42:27Z" user="Lukas615" uid="675791" lat="52.4714346" lon="13.3822728"/>
 <node id="5168745223" visible="true" version="3" changeset="146843282" timestamp="2024-01-30T01:09:23Z" user="Lukas615" uid="675791" lat="52.4785466" lon="13.3484934">
  <tag k="operator" v="DB InfraGO AG"/>
  <tag k="railway" v="milestone"/>
  <tag k="railway:milestone:catenary_mast" v="no"/>
  <tag k="railway:milestone:emergency_brake_override" v="no"/>
  <tag k="railway:position" v="24.8"/>
 </node>
 <node id="5168745227" visible="true" version="2" changeset="146843282" timestamp="2024-01-30T01:09:23Z" user="Lukas615" uid="675791" lat="52.4781449" lon="13.3429500">
  <tag k="railway" v="milestone"/>
  <tag k="railway:milestone:catenary_mast" v="no"/>
  <tag k="railway:milestone:emergency_brake_override" v="no"/>
  <tag k="railway:position" v="25.2"/>
 </node>
 <node id="5168745228" visible="true" version="2" changeset="149098273" timestamp="2024-03-24T16:58:28Z" user="Lukas615" uid="675791" lat="52.4776755" lon="13.3224083">
  <tag k="operator" v="DB InfraGO AG"/>
  <tag k="railway" v="milestone"/>
  <tag k="railway:milestone:catenary_mast" v="no"/>
  <tag k="railway:milestone:emergency_brake_override" v="no"/>
  <tag k="railway:position" v="26.6"/>
 </node>
 <node id="5168745230" visible="true" version="2" changeset="149098273" timestamp="2024-03-24T16:58:28Z" user="Lukas615" uid="675791" lat="52.4777265" lon="13.3190878"/>
 <node id="5168745234" visible="true" version="2" changeset="149098273" timestamp="2024-03-24T16:58:28Z" user="Lukas615" uid="675791" lat="52.4776634" lon="13.3249915">
  <tag k="operator" v="DB InfraGO AG"/>
  <tag k="railway" v="signal"/>
  <tag k="railway:signal:direction" v="backward"/>
  <tag k="railway:signal:position" v="right"/>
  <tag k="railway:signal:speed_limit_distant" v="DE-ESO:lf6"/>
  <tag k="railway:signal:speed_limit_distant:deactivated" v="no"/>
  <tag k="railway:signal:speed_limit_distant:form" v="sign"/>
  <tag k="railway:signal:speed_limit_distant:height" v="normal"/>
  <tag k="railway:signal:speed_limit_distant:speed" v="90"/>
 </node>
 <node id="5168745235" visible="true" version="2" changeset="146843282" timestamp="2024-01-30T01:09:23Z" user="Lukas615" uid="675791" lat="52.4777101" lon="13.3310909">
  <tag k="operator" v="DB InfraGO AG"/>
  <tag k="railway" v="milestone"/>
  <tag k="railway:milestone:catenary_mast" v="no"/>
  <tag k="railway:milestone:emergency_brake_override" v="no"/>
  <tag k="railway:position" v="26.0"/>
 </node>
 <node id="5168745262" visible="true" version="3" changeset="146800363" timestamp="2024-01-29T01:42:27Z" user="Lukas615" uid="675791" lat="52.4682897" lon="13.3935581">
  <tag k="operator" v="DB InfraGO AG"/>
  <tag k="railway" v="signal"/>
  <tag k="railway:signal:combined" v="DE-ESO:ks"/>
  <tag k="railway:signal:combined:deactivated" v="no"/>
  <tag k="railway:signal:combined:form" v="light"/>
  <tag k="railway:signal:combined:function" v="entry"/>
  <tag k="railway:signal:combined:height" v="normal"/>
  <tag k="railway:signal:combined:shortened" v="no"/>
  <tag k="railway:signal:combined:states" v="DE-ESO:hp0;DE-ESO:ks1;DE-ESO:ks2"/>
  <tag k="railway:signal:combined:substitute_signal" v="DE-ESO:db:zs12;DE-ESO:db:zs7;DE-ESO:dr:zs1"/>
  <tag k="railway:signal:direction" v="forward"/>
  <tag k="railway:signal:position" v="right"/>
  <tag k="railway:signal:speed_limit" v="DE-ESO:zs3"/>
  <tag k="railway:signal:speed_limit:deactivated" v="no"/>
  <tag k="railway:signal:speed_limit_distant" v="DE-ESO:zs3v"/>
  <tag k="railway:signal:speed_limit_distant:deactivated" v="no"/>
  <tag k="railway:signal:speed_limit_distant:form" v="light"/>
  <tag k="railway:signal:speed_limit_distant:height" v="normal"/>
  <tag k="railway:signal:speed_limit_distant:speed" v="60;?;off"/>
  <tag k="railway:signal:speed_limit:form" v="light"/>
  <tag k="railway:signal:speed_limit:height" v="normal"/>
  <tag k="railway:signal:speed_limit:speed" v="40;?;off"/>
  <tag k="railway:signal:traversable" v="DE-ESO:mastschild_rot-weiss"/>
  <tag k="railway:signal:traversable:type" v="written_default_speed;dictated_default_speed"/>
  <tag k="ref" v="757"/>
 </node>
 <node id="5168745264" visible="true" version="3" changeset="146800363" timestamp="2024-01-29T01:42:27Z" user="Lukas615" uid="675791" lat="52.4661402" lon="13.3991061">
  <tag k="fixme" v="Ein Zusatzanzeiger noch nicht vollständig erfasst"/>
  <tag k="operator" v="DB InfraGO AG"/>
  <tag k="railway" v="signal"/>
  <tag k="railway:signal:combined" v="DE-ESO:ks"/>
  <tag k="railway:signal:combined:deactivated" v="no"/>
  <tag k="railway:signal:combined:form" v="light"/>
  <tag k="railway:signal:combined:function" v="block"/>
  <tag k="railway:signal:combined:height" v="normal"/>
  <tag k="railway:signal:combined:shortened" v="no"/>
  <tag k="railway:signal:combined:states" v="DE-ESO:hp0;DE-ESO:ks1;DE-ESO:ks2"/>
  <tag k="railway:signal:combined:substitute_signal" v="DE-ESO:db:zs7;DE-ESO:dr:zs1"/>
  <tag k="railway:signal:direction" v="forward"/>
  <tag k="railway:signal:position" v="right"/>
  <tag k="railway:signal:speed_limit_distant" v="DE-ESO:zs3v"/>
  <tag k="railway:signal:speed_limit_distant:deactivated" v="no"/>
  <tag k="railway:signal:speed_limit_distant:form" v="light"/>
  <tag k="railway:signal:speed_limit_distant:height" v="normal"/>
  <tag k="railway:signal:speed_limit_distant:speed" v="40;?;off"/>
  <tag k="railway:signal:traversable" v="DE-ESO:mastschild_schwarz-weiss"/>
  <tag k="railway:signal:traversable:type" v="always_on_sight"/>
  <tag k="ref" v="753"/>
 </node>
 <node id="5168745266" visible="true" version="2" changeset="161784892" timestamp="2025-01-26T15:37:34Z" user="kartograph" uid="17304" lat="52.4708016" lon="13.3854581">
  <tag k="railway" v="milestone"/>
  <tag k="railway:position" v="21.8"/>
 </node>
 <node id="5168745267" visible="true" version="3" changeset="146926280" timestamp="2024-02-01T00:50:11Z" user="Lukas615" uid="675791" lat="52.4712964" lon="13.3831188">
  <tag k="operator" v="DB InfraGO AG"/>
  <tag k="railway" v="signal"/>
  <tag k="railway:signal:combined" v="DE-ESO:ks"/>
  <tag k="railway:signal:combined:deactivated" v="no"/>
  <tag k="railway:signal:combined:form" v="light"/>
  <tag k="railway:signal:combined:function" v="intermediate"/>
  <tag k="railway:signal:combined:height" v="normal"/>
  <tag k="railway:signal:combined:shortened" v="no"/>
  <tag k="railway:signal:combined:states" v="DE-ESO:hp0;DE-ESO:ks1;DE-ESO:ks2"/>
  <tag k="railway:signal:combined:substitute_signal" v="DE-ESO:db:zs12;DE-ESO:db:zs7"/>
  <tag k="railway:signal:departure" v="DE-ESO:zp"/>
  <tag k="railway:signal:departure:deactivated" v="no"/>
  <tag k="railway:signal:departure:form" v="light"/>
  <tag k="railway:signal:departure:states" v="DE-ESO:zp10;DE-ESO:zp9"/>
  <tag k="railway:signal:direction" v="forward"/>
  <tag k="railway:signal:minor" v="DE-ESO:sh1"/>
  <tag k="railway:signal:minor:form" v="light"/>
  <tag k="railway:signal:position" v="left"/>
  <tag k="railway:signal:speed_limit_distant" v="DE-ESO:zs3v"/>
  <tag k="railway:signal:speed_limit_distant:deactivated" v="no"/>
  <tag k="railway:signal:speed_limit_distant:form" v="light"/>
  <tag k="railway:signal:speed_limit_distant:height" v="normal"/>
  <tag k="railway:signal:speed_limit_distant:speed" v="70;?;off"/>
  <tag k="railway:signal:traversable" v="DE-ESO:mastschild_rot-weiss"/>
  <tag k="railway:signal:traversable:type" v="written_default_speed;dictated_default_speed"/>
  <tag k="ref" v="767"/>
 </node>
 <node id="5168745269" visible="true" version="4" changeset="161673733" timestamp="2025-01-23T13:03:45Z" user="kartograph" uid="17304" lat="52.4706688" lon="13.3859530">
  <tag k="operator" v="DB InfraGO AG"/>
  <tag k="railway" v="signal"/>
  <tag k="railway:signal:direction" v="forward"/>
  <tag k="railway:signal:position" v="right"/>
  <tag k="railway:signal:speed_limit" v="DE-ESO:lf7"/>
  <tag k="railway:signal:speed_limit:deactivated" v="no"/>
  <tag k="railway:signal:speed_limit:form" v="sign"/>
  <tag k="railway:signal:speed_limit:height" v="normal"/>
  <tag k="railway:signal:speed_limit:speed" v="80"/>
 </node>
 <node id="5168745272" visible="true" version="2" changeset="161784892" timestamp="2025-01-26T15:37:34Z" user="kartograph" uid="17304" lat="52.4708373" lon="13.3853265">
  <tag k="railway" v="signal"/>
  <tag k="railway:signal:combined" v="DE-ESO:ks"/>
  <tag k="railway:signal:combined:form" v="light"/>
  <tag k="railway:signal:combined:function" v="exit"/>
  <tag k="railway:signal:combined:height" v="dwarf"/>
  <tag k="railway:signal:combined:shortened" v="yes"/>
  <tag k="railway:signal:combined:states" v="DE-ESO:hp0;DE-ESO:ks1;DE-ESO:ks2"/>
  <tag k="railway:signal:combined:substitute_signal" v="DE-ESO:db:zs12;DE-ESO:db:zs7"/>
  <tag k="railway:signal:departure" v="DE-ESO:zp"/>
  <tag k="railway:signal:departure:form" v="light"/>
  <tag k="railway:signal:departure:states" v="DE-ESO:zp9;DE-ESO:zp10"/>
  <tag k="railway:signal:direction" v="backward"/>
  <tag k="railway:signal:position" v="left"/>
  <tag k="railway:signal:speed_limit" v="DE-ESO:zs3"/>
  <tag k="railway:signal:speed_limit:form" v="light"/>
  <tag k="railway:signal:speed_limit:height" v="dwarf"/>
  <tag k="railway:signal:speed_limit:speed" v="40"/>
  <tag k="ref" v="758"/>
 </node>
 <node id="5168745276" visible="true" version="2" changeset="146843282" timestamp="2024-01-30T01:09:23Z" user="Lukas615" uid="675791" lat="52.4790826" lon="13.3504105">
  <tag k="operator" v="DB InfraGO AG"/>
  <tag k="railway" v="signal"/>
  <tag k="railway:signal:direction" v="forward"/>
  <tag k="railway:signal:position" v="right"/>
  <tag k="railway:signal:speed_limit" v="DE-ESO:lf7"/>
  <tag k="railway:signal:speed_limit:form" v="sign"/>
  <tag k="railway:signal:speed_limit:height" v="normal"/>
  <tag k="railway:signal:speed_limit:speed" v="80"/>
 </node>
 <node id="5168745278" visible="true" version="3" changeset="162697077" timestamp="2025-02-19T11:37:34Z" user="kartograph" uid="17304" lat="52.4796082" lon="13.3528275">
  <tag k="operator" v="DB InfraGO AG"/>
  <tag k="railway" v="signal"/>
  <tag k="railway:signal:combined" v="DE-ESO:ks"/>
  <tag k="railway:signal:combined:deactivated" v="no"/>
  <tag k="railway:signal:combined:form" v="light"/>
  <tag k="railway:signal:combined:function" v="exit"/>
  <tag k="railway:signal:combined:height" v="normal"/>
  <tag k="railway:signal:combined:states" v="DE-ESO:hp0;DE-ESO:ks1;DE-ESO:ks2"/>
  <tag k="railway:signal:combined:substitute_signal" v="DE-ESO:db:zs12;DE-ESO:db:zs7;DE-ESO:dr:zs1"/>
  <tag k="railway:signal:departure" v="DE-ESO:zp"/>
  <tag k="railway:signal:departure:form" v="light"/>
  <tag k="railway:signal:departure:states" v="DE-ESO:zp9;DE-ESO:zp10"/>
  <tag k="railway:signal:direction" v="backward"/>
  <tag k="railway:signal:position" v="left"/>
  <tag k="railway:signal:traversable" v="DE-ESO:mastschild_rot-weiss"/>
  <tag k="railway:signal:traversable:type" v="written_default_speed;dictated_default_speed"/>
  <tag k="ref" v="796"/>
 </node>
 <node id="5168745279" visible="true" version="2" changeset="146843282" timestamp="2024-01-30T01:09:23Z" user="Lukas615" uid="675791" lat="52.4781122" lon="13.3462123"/>
 <node id="5168745280" visible="true" version="2" changeset="146843282" timestamp="2024-01-30T01:09:23Z" user="Lukas615" uid="675791" lat="52.4781293" lon="13.3464323"/>
 <node id="5168745281" visible="true" version="2" changeset="146843282" timestamp="2024-01-30T01:09:23Z" user="Lukas615" uid="675791" lat="52.4781033" lon="13.3460530"/>
 <node id="5168745282" visible="true" version="2" changeset="146843282" timestamp="2024-01-30T01:09:23Z" user="Lukas615" uid="675791" lat="52.4780981" lon="13.3459304"/>
 <node id="5168745287" visible="true" version="3" changeset="146843282" timestamp="2024-01-30T01:09:23Z" user="Lukas615" uid="675791" lat="52.4781541" lon="13.3426407">
  <tag k="operator" v="DB InfraGO AG"/>
  <tag k="railway" v="signal"/>
  <tag k="railway:signal:combined" v="DE-ESO:ks"/>
  <tag k="railway:signal:combined:deactivated" v="no"/>
  <tag k="railway:signal:combined:form" v="light"/>
  <tag k="railway:signal:combined:function" v="entry"/>
  <tag k="railway:signal:combined:height" v="normal"/>
  <tag k="railway:signal:combined:states" v="DE-ESO:hp0;DE-ESO:ks1;DE-ESO:ks2"/>
  <tag k="railway:signal:combined:substitute_signal" v="DE-ESO:db:zs12;DE-ESO:db:zs7"/>
  <tag k="railway:signal:departure" v="DE-ESO:zp"/>
  <tag k="railway:signal:departure:deactivated" v="no"/>
  <tag k="railway:signal:departure:form" v="light"/>
  <tag k="railway:signal:departure:states" v="DE-ESO:zp10;DE-ESO:zp9"/>
  <tag k="railway:signal:direction" v="backward"/>
  <tag k="railway:signal:position" v="left"/>
  <tag k="railway:signal:speed_limit" v="DE-ESO:zs3"/>
  <tag k="railway:signal:speed_limit:deactivated" v="no"/>
  <tag k="railway:signal:speed_limit:form" v="light"/>
  <tag k="railway:signal:speed_limit:height" v="normal"/>
  <tag k="railway:signal:speed_limit:speed" v="40"/>
  <tag k="ref" v="816"/>
 </node>
 <node id="5168745291" visible="true" version="3" changeset="146843282" timestamp="2024-01-30T01:09:23Z" user="Lukas615" uid="675791" lat="52.4779013" lon="13.3347853"/>
 <node id="5168745292" visible="true" version="2" changeset="149098273" timestamp="2024-03-24T16:58:28Z" user="Lukas615" uid="675791" lat="52.4785012" lon="13.3150183">
  <tag k="operator" v="DB InfraGO AG"/>
  <tag k="railway" v="signal"/>
  <tag k="railway:signal:combined" v="DE-ESO:ks"/>
  <tag k="railway:signal:combined:deactivated" v="no"/>
  <tag k="railway:signal:combined:form" v="light"/>
  <tag k="railway:signal:combined:function" v="block"/>
  <tag k="railway:signal:combined:height" v="normal"/>
  <tag k="railway:signal:combined:shortened" v="no"/>
  <tag k="railway:signal:combined:states" v="DE-ESO:hp0;DE-ESO:ks1;DE-ESO:ks2"/>
  <tag k="railway:signal:combined:substitute_signal" v="DE-ESO:dr:zs1"/>
  <tag k="railway:signal:direction" v="forward"/>
  <tag k="railway:signal:position" v="right"/>
  <tag k="railway:signal:traversable" v="DE-ESO:mastschild_schwarz-weiss"/>
  <tag k="railway:signal:traversable:type" v="always_on_sight"/>
  <tag k="ref" v="837"/>
 </node>
 <node id="5168745293" visible="true" version="3" changeset="149098273" timestamp="2024-03-24T16:58:28Z" user="Lukas615" uid="675791" lat="52.4788379" lon="13.3141418">
  <tag k="operator" v="DB InfraGO AG"/>
  <tag k="railway" v="signal"/>
  <tag k="railway:signal:direction" v="backward"/>
  <tag k="railway:signal:distant" v="DE-ESO:ks"/>
  <tag k="railway:signal:distant:deactivated" v="no"/>
  <tag k="railway:signal:distant:form" v="light"/>
  <tag k="railway:signal:distant:height" v="normal"/>
  <tag k="railway:signal:distant:repeated" v="no"/>
  <tag k="railway:signal:distant:shortened" v="no"/>
  <tag k="railway:signal:distant:states" v="DE-ESO:ks1;DE-ESO:ks2"/>
  <tag k="railway:signal:position" v="left"/>
  <tag k="railway:signal:speed_limit_distant" v="DE-ESO:zs3v"/>
  <tag k="railway:signal:speed_limit_distant:deactivated" v="no"/>
  <tag k="railway:signal:speed_limit_distant:form" v="light"/>
  <tag k="railway:signal:speed_limit_distant:height" v="normal"/>
  <tag k="railway:signal:speed_limit_distant:speed" v="40;?;off"/>
 </node>
 <node id="5168745294" visible="true" version="2" changeset="149098273" timestamp="2024-03-24T16:58:28Z" user="Lukas615" uid="675791" lat="52.4822065" lon="13.3088330">
  <tag k="note" v="Blocksignal mit Hinweistafeln FSP und ZBS"/>
  <tag k="operator" v="DB InfraGO AG"/>
  <tag k="railway" v="signal"/>
  <tag k="railway:signal:combined" v="DE-ESO:ks"/>
  <tag k="railway:signal:combined:deactivated" v="no"/>
  <tag k="railway:signal:combined:form" v="light"/>
  <tag k="railway:signal:combined:function" v="block"/>
  <tag k="railway:signal:combined:height" v="normal"/>
  <tag k="railway:signal:combined:shortened" v="no"/>
  <tag k="railway:signal:combined:states" v="DE-ESO:hp0;DE-ESO:ks1;DE-ESO:ks2"/>
  <tag k="railway:signal:combined:substitute_signal" v="DE-ESO:dr:zs1"/>
  <tag k="railway:signal:direction" v="forward"/>
  <tag k="railway:signal:position" v="right"/>
  <tag k="railway:signal:train_protection" v="DE-DB:FSP;DE-DB:ZBS"/>
  <tag k="railway:signal:train_protection:form" v="sign"/>
  <tag k="railway:signal:traversable" v="DE-ESO:mastschild_schwarz-weiss"/>
  <tag k="railway:signal:traversable:type" v="always_on_sight"/>
  <tag k="ref" v="843"/>
 </node>
 <node id="5168745295" visible="true" version="2" changeset="146926280" timestamp="2024-02-01T00:50:11Z" user="Lukas615" uid="675791" lat="52.4852355" lon="13.3047539">
  <tag k="operator" v="DB InfraGO AG"/>
  <tag k="railway" v="signal"/>
  <tag k="railway:signal:combined" v="DE-ESO:ks"/>
  <tag k="railway:signal:combined:deactivated" v="no"/>
  <tag k="railway:signal:combined:form" v="light"/>
  <tag k="railway:signal:combined:function" v="block"/>
  <tag k="railway:signal:combined:height" v="normal"/>
  <tag k="railway:signal:combined:shortened" v="no"/>
  <tag k="railway:signal:combined:states" v="DE-ESO:hp0;DE-ESO:ks1;DE-ESO:ks2"/>
  <tag k="railway:signal:combined:substitute_signal" v="DE-ESO:dr:zs1"/>
  <tag k="railway:signal:direction" v="forward"/>
  <tag k="railway:signal:position" v="right"/>
  <tag k="railway:signal:speed_limit_distant" v="DE-ESO:zs3v"/>
  <tag k="railway:signal:speed_limit_distant:deactivated" v="no"/>
  <tag k="railway:signal:speed_limit_distant:form" v="light"/>
  <tag k="railway:signal:speed_limit_distant:height" v="normal"/>
  <tag k="railway:signal:speed_limit_distant:speed" v="60;?;off"/>
  <tag k="railway:signal:traversable" v="DE-ESO:mastschild_schwarz-weiss"/>
  <tag k="railway:signal:traversable:type" v="always_on_sight"/>
  <tag k="ref" v="845"/>
 </node>
 <node id="5168745297" visible="true" version="3" changeset="158496859" timestamp="2024-10-29T12:52:13Z" user="Lukas615" uid="675791" lat="52.4776636" lon="13.3245589">
  <tag k="fixme" v="Zwei Zusatzanzeiger noch nicht vollständig erfasst"/>
  <tag k="operator" v="DB InfraGO AG"/>
  <tag k="railway" v="signal"/>
  <tag k="railway:signal:combined" v="DE-ESO:ks"/>
  <tag k="railway:signal:combined:deactivated" v="no"/>
  <tag k="railway:signal:combined:form" v="light"/>
  <tag k="railway:signal:combined:function" v="block"/>
  <tag k="railway:signal:combined:height" v="normal"/>
  <tag k="railway:signal:combined:shortened" v="no"/>
  <tag k="railway:signal:combined:states" v="DE-ESO:hp0;DE-ESO:ks1;DE-ESO:ks2"/>
  <tag k="railway:signal:combined:substitute_signal" v="DE-ESO:db:zs12;DE-ESO:db:zs7;DE-ESO:dr:zs1"/>
  <tag k="railway:signal:direction" v="forward"/>
  <tag k="railway:signal:position" v="right"/>
  <tag k="railway:signal:speed_limit" v="DE-ESO:zs3"/>
  <tag k="railway:signal:speed_limit:deactivated" v="no"/>
  <tag k="railway:signal:speed_limit:form" v="light"/>
  <tag k="railway:signal:speed_limit:height" v="normal"/>
  <tag k="railway:signal:speed_limit:speed" v="60;off"/>
  <tag k="railway:signal:traversable" v="DE-ESO:mastschild_rot-weiss"/>
  <tag k="railway:signal:traversable:type" v="written_default_speed;dictated_default_speed"/>
  <tag k="ref" v="833"/>
 </node>
 <node id="5168745298" visible="true" version="3" changeset="149098273" timestamp="2024-03-24T16:58:28Z" user="Lukas615" uid="675791" lat="52.4777071" lon="13.3305473">
  <tag k="operator" v="DB InfraGO AG"/>
  <tag k="railway" v="signal"/>
  <tag k="railway:signal:combined" v="DE-ESO:ks"/>
  <tag k="railway:signal:combined:deactivated" v="no"/>
  <tag k="railway:signal:combined:form" v="light"/>
  <tag k="railway:signal:combined:function" v="block"/>
  <tag k="railway:signal:combined:height" v="normal"/>
  <tag k="railway:signal:combined:states" v="DE-ESO:hp0;DE-ESO:ks1;DE-ESO:ks2"/>
  <tag k="railway:signal:combined:substitute_signal" v="DE-ESO:db:zs12;DE-ESO:db:zs7"/>
  <tag k="railway:signal:departure" v="DE-ESO:zp"/>
  <tag k="railway:signal:departure:form" v="light"/>
  <tag k="railway:signal:departure:states" v="DE-ESO:zp9;DE-ESO:zp10"/>
  <tag k="railway:signal:direction" v="backward"/>
  <tag k="railway:signal:minor" v="DE-ESO:sh1"/>
  <tag k="railway:signal:minor:form" v="light"/>
  <tag k="railway:signal:position" v="left"/>
  <tag k="ref" v="828"/>
 </node>
 <node id="5375785517" visible="true" version="2" changeset="149071729" timestamp="2024-03-24T00:25:19Z" user="Lukas615" uid="675791" lat="52.4984521" lon="13.2872189"/>
 <node id="5375785520" visible="true" version="2" changeset="149071729" timestamp="2024-03-24T00:25:19Z" user="Lukas615" uid="675791" lat="52.4979281" lon="13.2879376"/>
 <node id="5375789921" visible="true" version="2" changeset="149071729" timestamp="2024-03-24T00:25:19Z" user="Lukas615" uid="675791" lat="52.4977918" lon="13.2881292"/>
 <node id="5375789927" visible="true" version="3" changeset="149071729" timestamp="2024-03-24T00:25:19Z" user="Lukas615" uid="675791" lat="52.4974749" lon="13.2885847">
  <tag k="railway" v="milestone"/>
  <tag k="railway:milestone:catenary_mast" v="no"/>
  <tag k="railway:milestone:emergency_brake_override" v="no"/>
  <tag k="railway:position" v="29.9"/>
 </node>
 <node id="5375789928" visible="true" version="1" changeset="55939550" timestamp="2018-01-31T17:06:28Z" user="sandrow75" uid="4445038" lat="52.4973695" lon="13.2887395"/>
 <node id="5375789929" visible="true" version="1" changeset="55939550" timestamp="2018-01-31T17:06:28Z" user="sandrow75" uid="4445038" lat="52.4971289" lon="13.2890857"/>
 <node id="5375822588" visible="true" version="1" changeset="55939812" timestamp="2018-01-31T17:18:33Z" user="sandrow75" uid="4445038" lat="52.4777314" lon="13.3323197"/>
 <node id="5375841151" visible="true" version="1" changeset="55940099" timestamp="2018-01-31T17:27:19Z" user="sandrow75" uid="4445038" lat="52.4777163" lon="13.3318954"/>
 <node id="5375841171" visible="true" version="2" changeset="146843282" timestamp="2024-01-30T01:09:23Z" user="Lukas615" uid="675791" lat="52.4781703" lon="13.3418107"/>
 <node id="5375841177" visible="true" version="2" changeset="109300926" timestamp="2021-08-07T09:06:36Z" user="kartograph" uid="17304" lat="52.4780658" lon="13.3374541"/>
 <node id="5375841181" visible="true" version="2" changeset="109300926" timestamp="2021-08-07T09:06:36Z" user="kartograph" uid="17304" lat="52.4781115" lon="13.3387574"/>
 <node id="5415218802" visible="true" version="1" changeset="56397057" timestamp="2018-02-15T21:18:45Z" user="sandrow75" uid="4445038" lat="52.5377202" lon="13.3557099"/>
 <node id="5467642283" visible="true" version="2" changeset="158597161" timestamp="2024-10-31T20:42:12Z" user="Lukas615" uid="675791" lat="52.4710512" lon="13.4525609">
  <tag k="operator" v="DB InfraGO AG"/>
  <tag k="railway" v="signal"/>
  <tag k="railway:signal:combined" v="DE-ESO:ks"/>
  <tag k="railway:signal:combined:deactivated" v="no"/>
  <tag k="railway:signal:combined:form" v="light"/>
  <tag k="railway:signal:combined:height" v="normal"/>
  <tag k="railway:signal:combined:shortened" v="no"/>
  <tag k="railway:signal:combined:states" v="DE-ESO:hp0;DE-ESO:ks1;DE-ESO:ks2"/>
  <tag k="railway:signal:combined:substitute_signal" v="DE-ESO:dr:zs1"/>
  <tag k="railway:signal:direction" v="forward"/>
  <tag k="railway:signal:position" v="left"/>
  <tag k="railway:signal:speed_limit" v="DE-ESO:zs3"/>
  <tag k="railway:signal:speed_limit:deactivated" v="no"/>
  <tag k="railway:signal:speed_limit:form" v="light"/>
  <tag k="railway:signal:speed_limit:height" v="normal"/>
  <tag k="railway:signal:speed_limit:speed" v="60;?;off"/>
  <tag k="railway:signal:traversable" v="DE-ESO:mastschild_schwarz-weiss"/>
  <tag k="railway:signal:traversable:type" v="always_on_sight"/>
  <tag k="ref" v="709"/>
 </node>
 <node id="5467642284" visible="true" version="1" changeset="57036007" timestamp="2018-03-09T15:54:24Z" user="Supaplex030" uid="418040" lat="52.4708846" lon="13.4518192"/>
 <node id="5467642285" visible="true" version="1" changeset="57036007" timestamp="2018-03-09T15:54:24Z" user="Supaplex030" uid="418040" lat="52.4708376" lon="13.4515643"/>
 <node id="5467642286" visible="true" version="1" changeset="57036007" timestamp="2018-03-09T15:54:24Z" user="Supaplex030" uid="418040" lat="52.4707254" lon="13.4509109"/>
 <node id="5467642287" visible="true" version="4" changeset="158597161" timestamp="2024-10-31T20:42:12Z" user="Lukas615" uid="675791" lat="52.4703672" lon="13.4486601">
  <tag k="operator" v="DB InfraGO AG"/>
  <tag k="railway" v="signal"/>
  <tag k="railway:signal:combined" v="DE-ESO:ks"/>
  <tag k="railway:signal:combined:deactivated" v="no"/>
  <tag k="railway:signal:combined:form" v="light"/>
  <tag k="railway:signal:combined:height" v="normal"/>
  <tag k="railway:signal:combined:shortened" v="no"/>
  <tag k="railway:signal:combined:states" v="DE-ESO:hp0;DE-ESO:ks1;DE-ESO:ks2"/>
  <tag k="railway:signal:combined:substitute_signal" v="DE-ESO:db:zs12;DE-ESO:dr:zs1"/>
  <tag k="railway:signal:direction" v="forward"/>
  <tag k="railway:signal:position" v="right"/>
  <tag k="railway:signal:speed_limit" v="DE-ESO:zs3"/>
  <tag k="railway:signal:speed_limit:deactivated" v="no"/>
  <tag k="railway:signal:speed_limit:form" v="light"/>
  <tag k="railway:signal:speed_limit:height" v="normal"/>
  <tag k="railway:signal:speed_limit:speed" v="?;off"/>
  <tag k="railway:signal:traversable" v="DE-ESO:mastschild_rot-weiss"/>
  <tag k="railway:signal:traversable:type" v="written_default_speed;dictated_default_speed"/>
  <tag k="ref" v="711"/>
 </node>
 <node id="5574670171" visible="true" version="2" changeset="86741342" timestamp="2020-06-16T21:34:23Z" user="Lukas615" uid="675791" lat="52.5026443" lon="13.4687517">
  <tag k="operator" v="DB Netz AG"/>
  <tag k="railway" v="milestone"/>
  <tag k="railway:milestone:catenary_mast" v="no"/>
  <tag k="railway:milestone:emergency_brake_override" v="no"/>
  <tag k="railway:position" v="13.2"/>
  <tag k="source" v="estimate; extrapolate; survey"/>
 </node>
 <node id="5603417703" visible="true" version="2" changeset="146694822" timestamp="2024-01-26T02:55:44Z" user="Lukas615" uid="675791" lat="52.4839973" lon="13.4583468">
  <tag k="operator" v="DB InfraGO AG"/>
  <tag k="railway" v="signal"/>
  <tag k="railway:signal:combined" v="DE-ESO:ks"/>
  <tag k="railway:signal:combined:deactivated" v="no"/>
  <tag k="railway:signal:combined:form" v="light"/>
  <tag k="railway:signal:combined:function" v="block"/>
  <tag k="railway:signal:combined:height" v="normal"/>
  <tag k="railway:signal:combined:shortened" v="no"/>
  <tag k="railway:signal:combined:states" v="DE-ESO:hp0;DE-ESO:ks1;DE-ESO:ks2"/>
  <tag k="railway:signal:direction" v="forward"/>
  <tag k="railway:signal:position" v="right"/>
  <tag k="railway:signal:speed_limit" v="DE-ESO:zs3"/>
  <tag k="railway:signal:speed_limit:deactivated" v="no"/>
  <tag k="railway:signal:speed_limit_distant" v="DE-ESO:zs3v"/>
  <tag k="railway:signal:speed_limit_distant:deactivated" v="no"/>
  <tag k="railway:signal:speed_limit_distant:form" v="light"/>
  <tag k="railway:signal:speed_limit_distant:height" v="normal"/>
  <tag k="railway:signal:speed_limit_distant:speed" v="?;off"/>
  <tag k="railway:signal:speed_limit:form" v="light"/>
  <tag k="railway:signal:speed_limit:height" v="normal"/>
  <tag k="railway:signal:speed_limit:speed" v="?;off"/>
  <tag k="railway:signal:traversable" v="DE-ESO:mastschild_schwarz-weiss"/>
  <tag k="railway:signal:traversable:type" v="always_on_sight"/>
  <tag k="ref" v="695"/>
 </node>
 <node id="6184208367" visible="true" version="1" changeset="66026692" timestamp="2019-01-04T16:21:45Z" user="SteMue" uid="6811035" lat="52.5296136" lon="13.2942475"/>
 <node id="6222833122" visible="true" version="3" changeset="130705890" timestamp="2022-12-30T23:38:35Z" user="Lukas615" uid="675791" lat="52.5010741" lon="13.4683521">
  <tag k="operator" v="DB Netz AG"/>
  <tag k="railway" v="signal"/>
  <tag k="railway:signal:direction" v="forward"/>
  <tag k="railway:signal:distant" v="DE-ESO:ks"/>
  <tag k="railway:signal:distant:deactivated" v="no"/>
  <tag k="railway:signal:distant:form" v="light"/>
  <tag k="railway:signal:distant:height" v="normal"/>
  <tag k="railway:signal:distant:repeated" v="yes"/>
  <tag k="railway:signal:distant:shortened" v="no"/>
  <tag k="railway:signal:distant:states" v="DE-ESO:ks1;DE-ESO:ks2"/>
  <tag k="railway:signal:position" v="right"/>
  <tag k="railway:signal:speed_limit_distant" v="DE-ESO:zs3v"/>
  <tag k="railway:signal:speed_limit_distant:deactivated" v="no"/>
  <tag k="railway:signal:speed_limit_distant:form" v="light"/>
  <tag k="railway:signal:speed_limit_distant:height" v="normal"/>
  <tag k="railway:signal:speed_limit_distant:speed" v="50;60;off"/>
 </node>
 <node id="6222833124" visible="true" version="3" changeset="130705890" timestamp="2022-12-30T23:38:35Z" user="Lukas615" uid="675791" lat="52.5026333" lon="13.4687501">
  <tag k="operator" v="DB Netz AG"/>
  <tag k="railway" v="signal"/>
  <tag k="railway:signal:direction" v="forward"/>
  <tag k="railway:signal:position" v="right"/>
  <tag k="railway:signal:stop" v="DE-ESO:ne5"/>
  <tag k="railway:signal:stop:deactivated" v="no"/>
  <tag k="railway:signal:stop:form" v="sign"/>
  <tag k="railway:signal:stop:height" v="dwarf"/>
 </node>
 <node id="6222833126" visible="true" version="3" changeset="130705890" timestamp="2022-12-30T23:38:35Z" user="Lukas615" uid="675791" lat="52.5024075" lon="13.4687101">
  <tag k="operator" v="DB Netz AG"/>
  <tag k="railway" v="switch"/>
  <tag k="railway:local_operated" v="no"/>
  <tag k="railway:switch" v="default"/>
  <tag k="railway:switch:electric" v="yes"/>
  <tag k="railway:switch:heated" v="yes"/>
  <tag k="railway:switch:movable_frog" v="no"/>
  <tag k="railway:switch:resetting" v="no"/>
  <tag k="railway:turnout_side" v="left"/>
 </node>
 <node id="6669719773" visible="true" version="2" changeset="130534392" timestamp="2022-12-26T23:33:07Z" user="Lukas615" uid="675791" lat="52.5058850" lon="13.4714343"/>
 <node id="6685372099" visible="true" version="2" changeset="86688833" timestamp="2020-06-15T21:58:14Z" user="Lukas615" uid="675791" lat="52.5048532" lon="13.4701949">
  <tag k="operator" v="DB Netz AG"/>
  <tag k="railway" v="signal"/>
  <tag k="railway:signal:direction" v="forward"/>
  <tag k="railway:signal:position" v="right"/>
  <tag k="railway:signal:speed_limit" v="DE-ESO:lf7"/>
  <tag k="railway:signal:speed_limit:deactivated" v="no"/>
  <tag k="railway:signal:speed_limit:form" v="sign"/>
  <tag k="railway:signal:speed_limit:height" v="normal"/>
  <tag k="railway:signal:speed_limit:speed" v="60"/>
 </node>
 <node id="6685372100" visible="true" version="2" changeset="86688833" timestamp="2020-06-15T21:58:14Z" user="Lukas615" uid="675791" lat="52.5048405" lon="13.4701785">
  <tag k="operator" v="DB Netz AG"/>
  <tag k="railway" v="signal"/>
  <tag k="railway:signal:direction" v="backward"/>
  <tag k="railway:signal:position" v="left"/>
  <tag k="railway:signal:speed_limit" v="DE-ESO:lf7"/>
  <tag k="railway:signal:speed_limit:deactivated" v="no"/>
  <tag k="railway:signal:speed_limit:form" v="sign"/>
  <tag k="railway:signal:speed_limit:height" v="normal"/>
  <tag k="railway:signal:speed_limit:speed" v="80"/>
 </node>
 <node id="6685372101" visible="true" version="3" changeset="86688833" timestamp="2020-06-15T21:58:14Z" user="Lukas615" uid="675791" lat="52.5043009" lon="13.4696145">
  <tag k="operator" v="DB Netz AG"/>
  <tag k="railway" v="signal"/>
  <tag k="railway:signal:direction" v="forward"/>
  <tag k="railway:signal:position" v="right"/>
  <tag k="railway:signal:speed_limit" v="DE-ESO:lf7"/>
  <tag k="railway:signal:speed_limit:deactivated" v="no"/>
  <tag k="railway:signal:speed_limit:form" v="sign"/>
  <tag k="railway:signal:speed_limit:height" v="normal"/>
  <tag k="railway:signal:speed_limit:speed" v="80"/>
 </node>
 <node id="6685372102" visible="true" version="3" changeset="86688833" timestamp="2020-06-15T21:58:14Z" user="Lukas615" uid="675791" lat="52.5042777" lon="13.4695938">
  <tag k="operator" v="DB Netz AG"/>
  <tag k="railway" v="signal"/>
  <tag k="railway:signal:direction" v="backward"/>
  <tag k="railway:signal:position" v="left"/>
  <tag k="railway:signal:speed_limit" v="DE-ESO:lf7"/>
  <tag k="railway:signal:speed_limit:deactivated" v="no"/>
  <tag k="railway:signal:speed_limit:form" v="sign"/>
  <tag k="railway:signal:speed_limit:height" v="normal"/>
  <tag k="railway:signal:speed_limit:speed" v="60"/>
 </node>
 <node id="6946321451" visible="true" version="8" changeset="172553771" timestamp="2025-09-28T07:19:46Z" user="jengelh" uid="1468043" lat="52.4781680" lon="13.3406589">
  <tag k="description" v="S Innsbrucker Platz, Gleis"/>
  <tag k="light_rail" v="yes"/>
  <tag k="name" v="Innsbrucker Platz"/>
  <tag k="public_transport" v="stop_position"/>
  <tag k="railway" v="stop"/>
  <tag k="ref" v="1"/>
  <tag k="train" v="yes"/>
  <tag k="usage" v="main"/>
 </node>
 <node id="6970905253" visible="true" version="2" changeset="149071729" timestamp="2024-03-24T00:25:19Z" user="Lukas615" uid="675791" lat="52.4953712" lon="13.2915398">
  <tag k="railway" v="signal"/>
  <tag k="railway:signal:direction" v="forward"/>
  <tag k="railway:signal:position" v="right"/>
  <tag k="railway:signal:speed_limit_distant" v="DE-ESO:lf6"/>
  <tag k="railway:signal:speed_limit_distant:form" v="sign"/>
  <tag k="railway:signal:speed_limit_distant:speed" v="50"/>
  <tag k="railway:signal:speed_limit_distant:turn_direction" v="right"/>
 </node>
 <node id="6970905254" visible="true" version="2" changeset="146926280" timestamp="2024-02-01T00:50:11Z" user="Lukas615" uid="675791" lat="52.4925869" lon="13.2950760">
  <tag k="operator" v="DB InfraGO AG"/>
  <tag k="railway" v="milestone"/>
  <tag k="railway:milestone:catenary_mast" v="no"/>
  <tag k="railway:milestone:emergency_brake_override" v="no"/>
  <tag k="railway:position" v="29.2"/>
 </node>
 <node id="6970905256" visible="true" version="2" changeset="146926280" timestamp="2024-02-01T00:50:11Z" user="Lukas615" uid="675791" lat="52.4900628" lon="13.2982690"/>
 <node id="6970905258" visible="true" version="2" changeset="146926280" timestamp="2024-02-01T00:50:11Z" user="Lukas615" uid="675791" lat="52.4891433" lon="13.2996662">
  <tag k="operator" v="DB InfraGO AG"/>
  <tag k="railway" v="signal"/>
  <tag k="railway:signal:direction" v="forward"/>
  <tag k="railway:signal:position" v="right"/>
  <tag k="railway:signal:speed_limit" v="DE-ESO:lf7"/>
  <tag k="railway:signal:speed_limit:deactivated" v="no"/>
  <tag k="railway:signal:speed_limit:form" v="sign"/>
  <tag k="railway:signal:speed_limit:height" v="normal"/>
  <tag k="railway:signal:speed_limit:speed" v="80"/>
 </node>
 <node id="7598349453" visible="true" version="2" changeset="149034688" timestamp="2024-03-22T23:59:36Z" user="Lukas615" uid="675791" lat="52.5293097" lon="13.2900357">
  <tag k="operator" v="DB InfraGO AG"/>
  <tag k="railway" v="signal"/>
  <tag k="railway:signal:direction" v="forward"/>
  <tag k="railway:signal:position" v="right"/>
  <tag k="railway:signal:speed_limit" v="DE-ESO:lf7"/>
  <tag k="railway:signal:speed_limit:deactivated" v="no"/>
  <tag k="railway:signal:speed_limit:form" v="sign"/>
  <tag k="railway:signal:speed_limit:height" v="normal"/>
 </node>
 <node id="7598349454" visible="true" version="2" changeset="149034688" timestamp="2024-03-22T23:59:36Z" user="Lukas615" uid="675791" lat="52.5299827" lon="13.2967772">
  <tag k="operator" v="DB InfraGO AG"/>
  <tag k="railway" v="signal"/>
  <tag k="railway:signal:direction" v="backward"/>
  <tag k="railway:signal:distant" v="DE-ESO:ks"/>
  <tag k="railway:signal:distant:deactivated" v="no"/>
  <tag k="railway:signal:distant:form" v="light"/>
  <tag k="railway:signal:distant:height" v="normal"/>
  <tag k="railway:signal:distant:repeated" v="no"/>
  <tag k="railway:signal:distant:shortened" v="no"/>
  <tag k="railway:signal:distant:states" v="DE-ESO:ks1;DE-ESO:ks2"/>
  <tag k="railway:signal:position" v="left"/>
  <tag k="railway:signal:speed_limit_distant" v="DE-ESO:zs3v"/>
  <tag k="railway:signal:speed_limit_distant:deactivated" v="no"/>
  <tag k="railway:signal:speed_limit_distant:form" v="light"/>
  <tag k="railway:signal:speed_limit_distant:height" v="normal"/>
  <tag k="railway:signal:speed_limit_distant:speed" v="?;off"/>
 </node>
 <node id="7627200781" visible="true" version="3" changeset="141532046" timestamp="2023-09-20T21:07:22Z" user="Lukas615" uid="675791" lat="52.5040977" lon="13.4694403">
  <tag k="note" v="Hier ist auch noch ein Zs2 oder Zs2v mit den Kennbuchstaben R;S vorhanden"/>
  <tag k="operator" v="DB Netz AG"/>
  <tag k="railway" v="signal"/>
  <tag k="railway:signal:combined" v="DE-ESO:ks"/>
  <tag k="railway:signal:combined:deactivated" v="no"/>
  <tag k="railway:signal:combined:form" v="light"/>
  <tag k="railway:signal:combined:height" v="normal"/>
  <tag k="railway:signal:combined:shortened" v="no"/>
  <tag k="railway:signal:combined:states" v="DE-ESO:hp0;DE-ESO:ks1;DE-ESO:ks2"/>
  <tag k="railway:signal:combined:substitute_signal" v="DE-ESO:db:zs12;DE-ESO:db:zs7"/>
  <tag k="railway:signal:direction" v="backward"/>
  <tag k="railway:signal:position" v="left"/>
  <tag k="railway:signal:speed_limit" v="DE-ESO:zs3"/>
  <tag k="railway:signal:speed_limit:deactivated" v="no"/>
  <tag k="railway:signal:speed_limit_distant" v="DE-ESO:zs3v"/>
  <tag k="railway:signal:speed_limit_distant:deactivated" v="no"/>
  <tag k="railway:signal:speed_limit_distant:form" v="light"/>
  <tag k="railway:signal:speed_limit_distant:height" v="normal"/>
  <tag k="railway:signal:speed_limit_distant:speed" v="70;off"/>
  <tag k="railway:signal:speed_limit:form" v="light"/>
  <tag k="railway:signal:speed_limit:height" v="normal"/>
  <tag k="railway:signal:speed_limit:speed" v="50;off"/>
  <tag k="railway:signal:traversable" v="DE-ESO:mastschild_rot-weiss"/>
  <tag k="railway:signal:traversable:type" v="written_default_speed;dictated_default_speed"/>
  <tag k="ref" v="6064"/>
 </node>
 <node id="7699771686" visible="true" version="2" changeset="130534392" timestamp="2022-12-26T23:33:07Z" user="Lukas615" uid="675791" lat="52.5146847" lon="13.4746348"/>
 <node id="8495025031" visible="true" version="1" changeset="100592150" timestamp="2021-03-07T21:08:07Z" user="Lukas615" uid="675791" lat="52.5015975" lon="13.2833674">
  <tag k="operator" v="DB Netz AG"/>
  <tag k="railway" v="signal"/>
  <tag k="railway:signal:direction" v="forward"/>
  <tag k="railway:signal:position" v="right"/>
  <tag k="railway:signal:speed_limit" v="DE-ESO:lf7"/>
  <tag k="railway:signal:speed_limit:deactivated" v="no"/>
  <tag k="railway:signal:speed_limit:form" v="sign"/>
  <tag k="railway:signal:speed_limit:height" v="normal"/>
  <tag k="railway:signal:speed_limit:speed" v="80"/>
 </node>
 <node id="8495025032" visible="true" version="2" changeset="149071729" timestamp="2024-03-24T00:25:19Z" user="Lukas615" uid="675791" lat="52.4973181" lon="13.2888134"/>
 <node id="8495025039" visible="true" version="2" changeset="149071729" timestamp="2024-03-24T00:25:19Z" user="Lukas615" uid="675791" lat="52.4965244" lon="13.2899568">
  <tag k="operator" v="DB InfraGO AG"/>
  <tag k="railway" v="signal"/>
  <tag k="railway:signal:direction" v="forward"/>
  <tag k="railway:signal:position" v="right"/>
  <tag k="railway:signal:stop" v="DE-ESO:ne5"/>
  <tag k="railway:signal:stop:deactivated" v="no"/>
  <tag k="railway:signal:stop:form" v="sign"/>
  <tag k="railway:signal:stop:height" v="normal"/>
 </node>
 <node id="8987481786" visible="true" version="1" changeset="109300926" timestamp="2021-08-07T09:06:36Z" user="kartograph" uid="17304" lat="52.4797735" lon="13.3541415"/>
 <node id="8987481790" visible="true" version="2" changeset="162697339" timestamp="2025-02-19T11:44:57Z" user="kartograph" uid="17304" lat="52.4798655" lon="13.3564485"/>
 <node id="8987481793" visible="true" version="4" changeset="162697339" timestamp="2025-02-19T11:44:57Z" user="kartograph" uid="17304" lat="52.4798282" lon="13.3577518"/>
 <node id="8987481797" visible="true" version="2" changeset="146800363" timestamp="2024-01-29T01:42:27Z" user="Lukas615" uid="675791" lat="52.4791701" lon="13.3604567">
  <tag k="fixme" v="Ein Zusatzanzeiger noch nicht erfasst"/>
  <tag k="operator" v="DB InfraGO AG"/>
  <tag k="railway" v="signal"/>
  <tag k="railway:signal:combined" v="DE-ESO:ks"/>
  <tag k="railway:signal:combined:deactivated" v="no"/>
  <tag k="railway:signal:combined:form" v="light"/>
  <tag k="railway:signal:combined:function" v="entry"/>
  <tag k="railway:signal:combined:height" v="normal"/>
  <tag k="railway:signal:combined:shortened" v="no"/>
  <tag k="railway:signal:combined:states" v="DE-ESO:hp0;DE-ESO:ks1;DE-ESO:ks2"/>
  <tag k="railway:signal:combined:substitute_signal" v="DE-ESO:db:zs12;DE-ESO:db:zs7;DE-ESO:dr:zs1"/>
  <tag k="railway:signal:direction" v="backward"/>
  <tag k="railway:signal:position" v="left"/>
  <tag k="railway:signal:traversable" v="DE-ESO:mastschild_rot-weiss"/>
  <tag k="railway:signal:traversable:type" v="written_default_speed;dictated_default_speed"/>
  <tag k="ref" v="786"/>
 </node>
 <node id="9291522754" visible="true" version="1" changeset="114340144" timestamp="2021-11-28T23:22:29Z" user="Lukas615" uid="675791" lat="52.4947265" lon="13.4624526">
  <tag k="railway" v="milestone"/>
  <tag k="railway:milestone:catenary_mast" v="no"/>
  <tag k="railway:milestone:emergency_brake_override" v="no"/>
  <tag k="railway:position" v="14.2"/>
 </node>
 <node id="9291522755" visible="true" version="1" changeset="114340144" timestamp="2021-11-28T23:22:29Z" user="Lukas615" uid="675791" lat="52.4945269" lon="13.4622381">
  <tag k="operator" v="DB Netz AG"/>
  <tag k="railway" v="signal"/>
  <tag k="railway:signal:direction" v="backward"/>
  <tag k="railway:signal:position" v="right"/>
  <tag k="railway:signal:stop" v="DE-ESO:ne5"/>
  <tag k="railway:signal:stop:deactivated" v="no"/>
  <tag k="railway:signal:stop:form" v="sign"/>
  <tag k="railway:signal:stop:height" v="normal"/>
 </node>
 <node id="9291522756" visible="true" version="1" changeset="114340144" timestamp="2021-11-28T23:22:29Z" user="Lukas615" uid="675791" lat="52.4946153" lon="13.4623326">
  <tag k="operator" v="DB Netz AG"/>
  <tag k="railway" v="signal"/>
  <tag k="railway:signal:direction" v="backward"/>
  <tag k="railway:signal:position" v="right"/>
  <tag k="railway:signal:speed_limit" v="DE-ESO:lf7"/>
  <tag k="railway:signal:speed_limit:deactivated" v="no"/>
  <tag k="railway:signal:speed_limit:form" v="sign"/>
  <tag k="railway:signal:speed_limit:height" v="normal"/>
  <tag k="railway:signal:speed_limit:speed" v="60"/>
 </node>
 <node id="9291522761" visible="true" version="1" changeset="114340144" timestamp="2021-11-28T23:22:29Z" user="Lukas615" uid="675791" lat="52.4944167" lon="13.4621244"/>
 <node id="9291522762" visible="true" version="2" changeset="114378320" timestamp="2021-11-29T21:40:59Z" user="Lukas615" uid="675791" lat="52.4952597" lon="13.4631169">
  <tag k="operator" v="DB Netz AG"/>
  <tag k="railway" v="signal"/>
  <tag k="railway:signal:direction" v="backward"/>
  <tag k="railway:signal:position" v="right"/>
  <tag k="railway:signal:speed_limit" v="DE-ESO:lf7"/>
  <tag k="railway:signal:speed_limit:deactivated" v="no"/>
  <tag k="railway:signal:speed_limit:form" v="sign"/>
  <tag k="railway:signal:speed_limit:height" v="normal"/>
  <tag k="railway:signal:speed_limit:speed" v="80"/>
 </node>
 <node id="9710028147" visible="true" version="2" changeset="149154540" timestamp="2024-03-26T00:38:05Z" user="Lukas615" uid="675791" lat="52.5365250" lon="13.4475439"/>
 <node id="9710028154" visible="true" version="1" changeset="120477966" timestamp="2022-05-02T20:41:39Z" user="kartograph" uid="17304" lat="52.5365898" lon="13.4474523"/>
 <node id="9710028156" visible="true" version="1" changeset="120477966" timestamp="2022-05-02T20:41:39Z" user="kartograph" uid="17304" lat="52.5367261" lon="13.4472557"/>
 <node id="9710028159" visible="true" version="2" changeset="149154540" timestamp="2024-03-26T00:38:05Z" user="Lukas615" uid="675791" lat="52.5369973" lon="13.4468012"/>
 <node id="9710028160" visible="true" version="1" changeset="120477966" timestamp="2022-05-02T20:41:39Z" user="kartograph" uid="17304" lat="52.5372565" lon="13.4462711"/>
 <node id="9710028177" visible="true" version="3" changeset="149154540" timestamp="2024-03-26T00:38:05Z" user="Lukas615" uid="675791" lat="52.5336019" lon="13.4505383">
  <tag k="operator" v="DB InfraGO AG"/>
  <tag k="railway" v="signal"/>
  <tag k="railway:signal:combined" v="DE-ESO:ks"/>
  <tag k="railway:signal:combined:deactivated" v="no"/>
  <tag k="railway:signal:combined:form" v="light"/>
  <tag k="railway:signal:combined:height" v="normal"/>
  <tag k="railway:signal:combined:shortened" v="no"/>
  <tag k="railway:signal:combined:states" v="DE-ESO:hp0;DE-ESO:ks1;DE-ESO:ks2"/>
  <tag k="railway:signal:combined:substitute_signal" v="DE-ESO:dr:zs1"/>
  <tag k="railway:signal:direction" v="backward"/>
  <tag k="railway:signal:position" v="bridge"/>
  <tag k="railway:signal:traversable" v="DE-ESO:mastschild_rot-weiss"/>
  <tag k="railway:signal:traversable:type" v="written_default_speed;dictated_default_speed"/>
  <tag k="ref" v="6022"/>
 </node>
 <node id="9710028182" visible="true" version="1" changeset="120477966" timestamp="2022-05-02T20:41:39Z" user="kartograph" uid="17304" lat="52.5281702" lon="13.4560029"/>
 <node id="9796784046" visible="true" version="2" changeset="146694822" timestamp="2024-01-26T02:55:44Z" user="Lukas615" uid="675791" lat="52.4843110" lon="13.4584115"/>
 <node id="9796784048" visible="true" version="3" changeset="146694822" timestamp="2024-01-26T02:55:44Z" user="Lukas615" uid="675791" lat="52.4859653" lon="13.4587444"/>
 <node id="9796784049" visible="true" version="1" changeset="121982847" timestamp="2022-06-05T15:31:48Z" user="Chemnitzer13" uid="7968096" lat="52.4883067" lon="13.4588101"/>
 <node id="9796784051" visible="true" version="2" changeset="146694822" timestamp="2024-01-26T02:55:44Z" user="Lukas615" uid="675791" lat="52.4878775" lon="13.4588542">
  <tag k="fixme" v="Zwei Zusatzanzeiger noch nicht erfasst"/>
  <tag k="operator" v="DB InfraGO AG"/>
  <tag k="railway" v="signal"/>
  <tag k="railway:signal:combined" v="DE-ESO:ks"/>
  <tag k="railway:signal:combined:deactivated" v="no"/>
  <tag k="railway:signal:combined:form" v="light"/>
  <tag k="railway:signal:combined:function" v="block"/>
  <tag k="railway:signal:combined:height" v="normal"/>
  <tag k="railway:signal:combined:shortened" v="no"/>
  <tag k="railway:signal:combined:states" v="DE-ESO:hp0;DE-ESO:ks1;DE-ESO:ks2"/>
  <tag k="railway:signal:direction" v="forward"/>
  <tag k="railway:signal:position" v="right"/>
  <tag k="railway:signal:speed_limit" v="DE-ESO:zs3"/>
  <tag k="railway:signal:speed_limit:deactivated" v="no"/>
  <tag k="railway:signal:speed_limit_distant" v="DE-ESO:zs3v"/>
  <tag k="railway:signal:speed_limit_distant:deactivated" v="no"/>
  <tag k="railway:signal:speed_limit_distant:form" v="light"/>
  <tag k="railway:signal:speed_limit_distant:height" v="normal"/>
  <tag k="railway:signal:speed_limit_distant:speed" v="?;off"/>
  <tag k="railway:signal:speed_limit:form" v="light"/>
  <tag k="railway:signal:speed_limit:height" v="normal"/>
  <tag k="railway:signal:speed_limit:speed" v="?;off"/>
  <tag k="railway:signal:traversable" v="DE-ESO:mastschild_rot-weiss"/>
  <tag k="railway:signal:traversable:type" v="written_default_speed;dictated_default_speed"/>
  <tag k="ref" v="6091"/>
 </node>
 <node id="9796784052" visible="true" version="1" changeset="121982847" timestamp="2022-06-05T15:31:48Z" user="Chemnitzer13" uid="7968096" lat="52.4873692" lon="13.4588869"/>
 <node id="9796784053" visible="true" version="1" changeset="121982847" timestamp="2022-06-05T15:31:48Z" user="Chemnitzer13" uid="7968096" lat="52.4871665" lon="13.4588879"/>
 <node id="9796784054" visible="true" version="1" changeset="121982847" timestamp="2022-06-05T15:31:48Z" user="Chemnitzer13" uid="7968096" lat="52.4875986" lon="13.4588781"/>
 <node id="9796784055" visible="true" version="3" changeset="146694822" timestamp="2024-01-26T02:55:44Z" user="Lukas615" uid="675791" lat="52.4870174" lon="13.4588839"/>
 <node id="9921606935" visible="true" version="2" changeset="130705890" timestamp="2022-12-30T23:38:35Z" user="Lukas615" uid="675791" lat="52.5165277" lon="13.4735638"/>
 <node id="9921606936" visible="true" version="3" changeset="146951456" timestamp="2024-02-01T15:37:07Z" user="Lukas615" uid="675791" lat="52.5162434" lon="13.4737473"/>
 <node id="9921606965" visible="true" version="1" changeset="124285168" timestamp="2022-07-30T22:55:37Z" user="kartograph" uid="17304" lat="52.5211951" lon="13.4704576"/>
 <node id="9921606967" visible="true" version="1" changeset="124285168" timestamp="2022-07-30T22:55:37Z" user="kartograph" uid="17304" lat="52.5215478" lon="13.4701929"/>
 <node id="9921606968" visible="true" version="1" changeset="124285168" timestamp="2022-07-30T22:55:37Z" user="kartograph" uid="17304" lat="52.5218405" lon="13.4699088"/>
 <node id="9921606969" visible="true" version="1" changeset="124285168" timestamp="2022-07-30T22:55:37Z" user="kartograph" uid="17304" lat="52.5221424" lon="13.4695462"/>
 <node id="9921606970" visible="true" version="1" changeset="124285168" timestamp="2022-07-30T22:55:37Z" user="kartograph" uid="17304" lat="52.5224013" lon="13.4691625"/>
 <node id="9921606972" visible="true" version="2" changeset="133628205" timestamp="2023-03-13T14:30:04Z" user="der neue" uid="2070657" lat="52.5227978" lon="13.4683999"/>
 <node id="9921606973" visible="true" version="1" changeset="124285168" timestamp="2022-07-30T22:55:37Z" user="kartograph" uid="17304" lat="52.5226045" lon="13.4688000"/>
 <node id="9921606974" visible="true" version="1" changeset="124285168" timestamp="2022-07-30T22:55:37Z" user="kartograph" uid="17304" lat="52.5229814" lon="13.4679060"/>
 <node id="9921606975" visible="true" version="1" changeset="124285168" timestamp="2022-07-30T22:55:37Z" user="kartograph" uid="17304" lat="52.5231512" lon="13.4673167"/>
 <node id="9921606979" visible="true" version="2" changeset="146951456" timestamp="2024-02-01T15:37:07Z" user="Lukas615" uid="675791" lat="52.5252344" lon="13.4600592"/>
 <node id="9921606980" visible="true" version="1" changeset="124285168" timestamp="2022-07-30T22:55:37Z" user="kartograph" uid="17304" lat="52.5255568" lon="13.4592719"/>
 <node id="9921606982" visible="true" version="1" changeset="124285168" timestamp="2022-07-30T22:55:37Z" user="kartograph" uid="17304" lat="52.5258479" lon="13.4587101"/>
 <node id="9921606984" visible="true" version="1" changeset="124285168" timestamp="2022-07-30T22:55:37Z" user="kartograph" uid="17304" lat="52.5263350" lon="13.4580007"/>
 <node id="9921606986" visible="true" version="1" changeset="124285168" timestamp="2022-07-30T22:55:37Z" user="kartograph" uid="17304" lat="52.5261870" lon="13.4581909"/>
 <node id="9921606988" visible="true" version="2" changeset="146951456" timestamp="2024-02-01T15:37:07Z" user="Lukas615" uid="675791" lat="52.5264825" lon="13.4578212"/>
 <node id="9921606996" visible="true" version="2" changeset="130534392" timestamp="2022-12-26T23:33:07Z" user="Lukas615" uid="675791" lat="52.5116193" lon="13.4756378"/>
 <node id="10210559232" visible="true" version="2" changeset="156705640" timestamp="2024-09-16T20:44:57Z" user="Lukas615" uid="675791" lat="52.5451267" lon="13.4250793">
  <tag k="operator" v="DB InfraGO AG"/>
  <tag k="railway" v="signal"/>
  <tag k="railway:signal:direction" v="backward"/>
  <tag k="railway:signal:position" v="right"/>
  <tag k="railway:signal:stop" v="DE-ESO:ne5"/>
  <tag k="railway:signal:stop:caption" v="24X"/>
  <tag k="railway:signal:stop:deactivated" v="no"/>
  <tag k="railway:signal:stop:form" v="sign"/>
  <tag k="railway:signal:stop:height" v="dwarf"/>
 </node>
 <node id="10210559233" visible="true" version="2" changeset="156705640" timestamp="2024-09-16T20:44:57Z" user="Lukas615" uid="675791" lat="52.5453381" lon="13.4246898">
  <tag k="operator" v="DB InfraGO AG"/>
  <tag k="railway" v="signal"/>
  <tag k="railway:signal:direction" v="backward"/>
  <tag k="railway:signal:position" v="right"/>
  <tag k="railway:signal:stop" v="DE-ESO:ne5"/>
  <tag k="railway:signal:stop:deactivated" v="no"/>
  <tag k="railway:signal:stop:form" v="sign"/>
  <tag k="railway:signal:stop:height" v="normal"/>
 </node>
 <node id="10250754554" visible="true" version="1" changeset="129935055" timestamp="2022-12-10T14:17:35Z" user="Lukas615" uid="675791" lat="52.4735614" lon="13.4560103">
  <tag k="operator" v="DB Netz AG"/>
  <tag k="railway" v="signal"/>
  <tag k="railway:signal:combined" v="DE-ESO:ks"/>
  <tag k="railway:signal:combined:deactivated" v="no"/>
  <tag k="railway:signal:combined:form" v="light"/>
  <tag k="railway:signal:combined:function" v="block"/>
  <tag k="railway:signal:combined:height" v="normal"/>
  <tag k="railway:signal:combined:shortened" v="no"/>
  <tag k="railway:signal:combined:states" v="DE-ESO:hp0;DE-ESO:ks1;DE-ESO:ks2"/>
  <tag k="railway:signal:combined:substitute_signal" v="DE-ESO:dr:zs1"/>
  <tag k="railway:signal:direction" v="forward"/>
  <tag k="railway:signal:position" v="right"/>
  <tag k="railway:signal:traversable" v="DE-ESO:mastschild_schwarz-weiss"/>
  <tag k="railway:signal:traversable:type" v="always_on_sight"/>
  <tag k="ref" v="705"/>
 </node>
 <node id="10283918162" visible="true" version="3" changeset="158597161" timestamp="2024-10-31T20:42:12Z" user="Lukas615" uid="675791" lat="52.4961757" lon="13.4644144">
  <tag k="operator" v="DB Netz AG"/>
  <tag k="railway" v="signal"/>
  <tag k="railway:signal:combined" v="DE-ESO:ks"/>
  <tag k="railway:signal:combined:deactivated" v="no"/>
  <tag k="railway:signal:combined:form" v="light"/>
  <tag k="railway:signal:combined:function" v="block"/>
  <tag k="railway:signal:combined:height" v="normal"/>
  <tag k="railway:signal:combined:states" v="DE-ESO:hp0;DE-ESO:ks1;DE-ESO:ks2"/>
  <tag k="railway:signal:combined:substitute_signal" v="DE-ESO:db:zs12"/>
  <tag k="railway:signal:direction" v="forward"/>
  <tag k="railway:signal:position" v="right"/>
  <tag k="railway:signal:speed_limit" v="DE-ESO:zs3"/>
  <tag k="railway:signal:speed_limit:deactivated" v="no"/>
  <tag k="railway:signal:speed_limit:form" v="light"/>
  <tag k="railway:signal:speed_limit:height" v="normal"/>
  <tag k="railway:signal:speed_limit:speed" v="?;off"/>
  <tag k="railway:signal:traversable" v="DE-ESO:mastschild_rot-weiss"/>
  <tag k="railway:signal:traversable:type" v="written_default_speed;dictated_default_speed"/>
  <tag k="ref" v="6079"/>
 </node>
 <node id="10288479808" visible="true" version="3" changeset="185559153" timestamp="2026-07-11T20:36:24Z" user="FoDeGu" uid="23416645" lat="52.5144262" lon="13.4748034">
  <tag k="operator" v="DB InfraGO"/>
  <tag k="railway" v="signal"/>
  <tag k="railway:signal:direction" v="forward"/>
  <tag k="railway:signal:position" v="right"/>
  <tag k="railway:signal:speed_limit" v="DE-ESO:lf7"/>
  <tag k="railway:signal:speed_limit:deactivated" v="no"/>
  <tag k="railway:signal:speed_limit:form" v="sign"/>
  <tag k="railway:signal:speed_limit:height" v="normal"/>
  <tag k="railway:signal:speed_limit:speed" v="50"/>
 </node>
 <node id="10288523909" visible="true" version="4" changeset="185559153" timestamp="2026-07-11T20:36:24Z" user="FoDeGu" uid="23416645" lat="52.5144445" lon="13.4747915">
  <tag k="operator" v="DB InfraGO"/>
  <tag k="railway" v="signal"/>
  <tag k="railway:signal:direction" v="backward"/>
  <tag k="railway:signal:position" v="left"/>
  <tag k="railway:signal:speed_limit" v="DE-ESO:lf7"/>
  <tag k="railway:signal:speed_limit:deactivated" v="no"/>
  <tag k="railway:signal:speed_limit:form" v="sign"/>
  <tag k="railway:signal:speed_limit:height" v="normal"/>
  <tag k="railway:signal:speed_limit:speed" v="70"/>
 </node>
 <node id="10288523911" visible="true" version="3" changeset="133603590" timestamp="2023-03-12T22:36:40Z" user="der neue" uid="2070657" lat="52.5122451" lon="13.4754926">
  <tag k="operator" v="DB Netz AG"/>
  <tag k="railway" v="signal"/>
  <tag k="railway:signal:combined" v="DE-ESO:ks"/>
  <tag k="railway:signal:combined:deactivated" v="no"/>
  <tag k="railway:signal:combined:form" v="light"/>
  <tag k="railway:signal:combined:function" v="block"/>
  <tag k="railway:signal:combined:height" v="normal"/>
  <tag k="railway:signal:combined:shortened" v="no"/>
  <tag k="railway:signal:combined:states" v="DE-ESO:hp0;DE-ESO:ks1;DE-ESO:ks2"/>
  <tag k="railway:signal:combined:substitute_signal" v="DE-ESO:db:zs12"/>
  <tag k="railway:signal:direction" v="forward"/>
  <tag k="railway:signal:position" v="right"/>
  <tag k="railway:signal:speed_limit" v="DE-ESO:zs3"/>
  <tag k="railway:signal:speed_limit_distant" v="DE-ESO:zs3v"/>
  <tag k="railway:signal:speed_limit_distant:form" v="light"/>
  <tag k="railway:signal:speed_limit_distant:height" v="normal"/>
  <tag k="railway:signal:speed_limit:form" v="light"/>
  <tag k="railway:signal:speed_limit:height" v="normal"/>
  <tag k="railway:signal:traversable" v="DE-ESO:mastschild_rot-weiss"/>
  <tag k="railway:signal:traversable:type" v="written_default_speed;dictated_default_speed"/>
  <tag k="ref" v="6053"/>
 </node>
 <node id="10288523936" visible="true" version="3" changeset="133603209" timestamp="2023-03-12T22:19:16Z" user="der neue" uid="2070657" lat="52.5090816" lon="13.4745126">
  <tag k="operator" v="DB Netz AG"/>
  <tag k="railway" v="signal"/>
  <tag k="railway:signal:combined" v="DE-ESO:ks"/>
  <tag k="railway:signal:combined:deactivated" v="no"/>
  <tag k="railway:signal:combined:form" v="light"/>
  <tag k="railway:signal:combined:function" v="block"/>
  <tag k="railway:signal:combined:height" v="normal"/>
  <tag k="railway:signal:combined:shortened" v="no"/>
  <tag k="railway:signal:combined:states" v="DE-ESO:hp0;DE-ESO:ks1;DE-ESO:ks2"/>
  <tag k="railway:signal:combined:substitute_signal" v="DE-ESO:db:zs12"/>
  <tag k="railway:signal:direction" v="forward"/>
  <tag k="railway:signal:position" v="right"/>
  <tag k="railway:signal:speed_limit" v="DE-ESO:zs3"/>
  <tag k="railway:signal:speed_limit_distant" v="DE-ESO:zs3v"/>
  <tag k="railway:signal:speed_limit_distant:form" v="light"/>
  <tag k="railway:signal:speed_limit_distant:height" v="normal"/>
  <tag k="railway:signal:speed_limit:form" v="light"/>
  <tag k="railway:signal:speed_limit:height" v="normal"/>
  <tag k="railway:signal:traversable" v="DE-ESO:mastschild_rot-weiss"/>
  <tag k="railway:signal:traversable:type" v="written_default_speed;dictated_default_speed"/>
  <tag k="ref" v="6055"/>
 </node>
 <node id="10288523966" visible="true" version="2" changeset="133603209" timestamp="2023-03-12T22:19:16Z" user="der neue" uid="2070657" lat="52.5074947" lon="13.4730005">
  <tag k="operator" v="DB Netz AG"/>
  <tag k="railway" v="signal"/>
  <tag k="railway:signal:combined" v="DE-ESO:ks"/>
  <tag k="railway:signal:combined:deactivated" v="no"/>
  <tag k="railway:signal:combined:form" v="light"/>
  <tag k="railway:signal:combined:function" v="block"/>
  <tag k="railway:signal:combined:height" v="normal"/>
  <tag k="railway:signal:combined:shortened" v="no"/>
  <tag k="railway:signal:combined:states" v="DE-ESO:hp0;DE-ESO:ks1;DE-ESO:ks2"/>
  <tag k="railway:signal:combined:substitute_signal" v="DE-ESO:db:zs12"/>
  <tag k="railway:signal:direction" v="forward"/>
  <tag k="railway:signal:position" v="right"/>
  <tag k="railway:signal:speed_limit" v="DE-ESO:zs3"/>
  <tag k="railway:signal:speed_limit_distant" v="DE-ESO:zs3v"/>
  <tag k="railway:signal:speed_limit_distant:form" v="light"/>
  <tag k="railway:signal:speed_limit_distant:height" v="normal"/>
  <tag k="railway:signal:speed_limit:form" v="light"/>
  <tag k="railway:signal:speed_limit:height" v="normal"/>
  <tag k="railway:signal:traversable" v="DE-ESO:mastschild_rot-weiss"/>
  <tag k="railway:signal:traversable:type" v="written_default_speed;dictated_default_speed"/>
  <tag k="ref" v="6059"/>
 </node>
 <node id="10290541010" visible="true" version="2" changeset="133624677" timestamp="2023-03-13T13:04:44Z" user="der neue" uid="2070657" lat="52.5096913" lon="13.4750744">
  <tag k="operator" v="DB Netz AG"/>
  <tag k="railway" v="signal"/>
  <tag k="railway:signal:direction" v="backward"/>
  <tag k="railway:signal:position" v="right"/>
  <tag k="railway:signal:speed_limit_distant" v="DE-ESO:lf6"/>
  <tag k="railway:signal:speed_limit_distant:deactivated" v="no"/>
  <tag k="railway:signal:speed_limit_distant:form" v="sign"/>
  <tag k="railway:signal:speed_limit_distant:height" v="normal"/>
  <tag k="railway:signal:speed_limit_distant:speed" v="50"/>
  <tag k="railway:signal:speed_limit_distant:turn_direction" v="right"/>
 </node>
 <node id="10290541013" visible="true" version="3" changeset="133624677" timestamp="2023-03-13T13:04:44Z" user="der neue" uid="2070657" lat="52.5133714" lon="13.4752187">
  <tag k="operator" v="DB Netz AG"/>
  <tag k="railway" v="signal"/>
  <tag k="railway:signal:direction" v="backward"/>
  <tag k="railway:signal:position" v="right"/>
  <tag k="railway:signal:speed_limit" v="DE-ESO:lf7"/>
  <tag k="railway:signal:speed_limit:deactivated" v="no"/>
  <tag k="railway:signal:speed_limit:form" v="sign"/>
  <tag k="railway:signal:speed_limit:height" v="normal"/>
  <tag k="railway:signal:speed_limit:speed" v="50"/>
  <tag k="railway:signal:speed_limit:turn_direction" v="right"/>
 </node>
 <node id="10294263625" visible="true" version="1" changeset="130666878" timestamp="2022-12-29T23:56:20Z" user="Lukas615" uid="675791" lat="52.5133756" lon="13.4752177">
  <tag k="operator" v="DB Netz AG"/>
  <tag k="railway" v="signal"/>
  <tag k="railway:signal:direction" v="forward"/>
  <tag k="railway:signal:position" v="right"/>
  <tag k="railway:signal:speed_limit" v="DE-ESO:lf7"/>
  <tag k="railway:signal:speed_limit:deactivated" v="no"/>
  <tag k="railway:signal:speed_limit:form" v="sign"/>
  <tag k="railway:signal:speed_limit:height" v="normal"/>
  <tag k="railway:signal:speed_limit:speed" v="80"/>
 </node>
 <node id="10296033400" visible="true" version="1" changeset="130705890" timestamp="2022-12-30T23:38:35Z" user="Lukas615" uid="675791" lat="52.5090978" lon="13.4745279">
  <tag k="operator" v="DB Netz AG"/>
  <tag k="railway" v="signal"/>
  <tag k="railway:signal:direction" v="forward"/>
  <tag k="railway:signal:position" v="right"/>
  <tag k="railway:signal:speed_limit_distant" v="DE-ESO:lf6"/>
  <tag k="railway:signal:speed_limit_distant:deactivated" v="no"/>
  <tag k="railway:signal:speed_limit_distant:form" v="sign"/>
  <tag k="railway:signal:speed_limit_distant:height" v="normal"/>
  <tag k="railway:signal:speed_limit_distant:speed" v="60"/>
 </node>
 <node id="10296033403" visible="true" version="3" changeset="158597161" timestamp="2024-10-31T20:42:12Z" user="Lukas615" uid="675791" lat="52.4904472" lon="13.4591408">
  <tag k="fixme" v="2 Zs Anzeiger noch nicht erfasst"/>
  <tag k="operator" v="DB Netz AG"/>
  <tag k="railway" v="signal"/>
  <tag k="railway:signal:combined" v="DE-ESO:ks"/>
  <tag k="railway:signal:combined:deactivated" v="no"/>
  <tag k="railway:signal:combined:form" v="light"/>
  <tag k="railway:signal:combined:function" v="block"/>
  <tag k="railway:signal:combined:height" v="normal"/>
  <tag k="railway:signal:combined:shortened" v="no"/>
  <tag k="railway:signal:combined:states" v="DE-ESO:hp0;DE-ESO:ks1;DE-ESO:ks2"/>
  <tag k="railway:signal:combined:substitute_signal" v="DE-ESO:db:zs12;DE-ESO:db:zs7"/>
  <tag k="railway:signal:direction" v="forward"/>
  <tag k="railway:signal:position" v="right"/>
  <tag k="railway:signal:speed_limit" v="DE-ESO:zs3"/>
  <tag k="railway:signal:speed_limit:deactivated" v="no"/>
  <tag k="railway:signal:speed_limit_distant" v="DE-ESO:zs3v"/>
  <tag k="railway:signal:speed_limit_distant:deactivated" v="no"/>
  <tag k="railway:signal:speed_limit_distant:form" v="light"/>
  <tag k="railway:signal:speed_limit_distant:height" v="normal"/>
  <tag k="railway:signal:speed_limit_distant:speed" v="?;off"/>
  <tag k="railway:signal:speed_limit:form" v="light"/>
  <tag k="railway:signal:speed_limit:height" v="normal"/>
  <tag k="railway:signal:speed_limit:speed" v="40;?;off"/>
  <tag k="railway:signal:traversable" v="DE-ESO:mastschild_rot-weiss"/>
  <tag k="railway:signal:traversable:type" v="written_default_speed;dictated_default_speed"/>
  <tag k="ref" v="6089"/>
 </node>
 <node id="10296033407" visible="true" version="3" changeset="146951456" timestamp="2024-02-01T15:37:07Z" user="Lukas615" uid="675791" lat="52.5160160" lon="13.4738812">
  <tag k="operator" v="DB InfraGO AG"/>
  <tag k="railway" v="signal"/>
  <tag k="railway:signal:direction" v="backward"/>
  <tag k="railway:signal:position" v="left"/>
  <tag k="railway:signal:speed_limit" v="DE-ESO:lf7"/>
  <tag k="railway:signal:speed_limit:deactivated" v="no"/>
  <tag k="railway:signal:speed_limit:form" v="sign"/>
  <tag k="railway:signal:speed_limit:height" v="normal"/>
  <tag k="railway:signal:speed_limit:speed" v="80"/>
 </node>
 <node id="10296033408" visible="true" version="2" changeset="146951456" timestamp="2024-02-01T15:37:07Z" user="Lukas615" uid="675791" lat="52.5160748" lon="13.4738472">
  <tag k="fixme" v="Ein Zusatzanzeiger noch nicht erfasst"/>
  <tag k="operator" v="DB Netz AG"/>
  <tag k="railway" v="signal"/>
  <tag k="railway:signal:direction" v="backward"/>
  <tag k="railway:signal:main" v="DE-ESO:ks"/>
  <tag k="railway:signal:main:deactivated" v="no"/>
  <tag k="railway:signal:main:form" v="light"/>
  <tag k="railway:signal:main:function" v="block"/>
  <tag k="railway:signal:main:height" v="normal"/>
  <tag k="railway:signal:main:states" v="DE-ESO:hp0;DE-ESO:ks1"/>
  <tag k="railway:signal:main:substitute_signal" v="DE-ESO:db:zs7"/>
  <tag k="railway:signal:position" v="bridge"/>
  <tag k="railway:signal:traversable" v="DE-ESO:mastschild_rot-weiss"/>
  <tag k="railway:signal:traversable:type" v="written_default_speed;dictated_default_speed"/>
  <tag k="ref" v="6048"/>
 </node>
 <node id="10659763345" visible="true" version="2" changeset="162340510" timestamp="2025-02-10T08:39:37Z" user="kartograph" uid="17304" lat="52.4770022" lon="13.3648205"/>
 <node id="10659763356" visible="true" version="2" changeset="162340510" timestamp="2025-02-10T08:39:37Z" user="kartograph" uid="17304" lat="52.4772998" lon="13.3645230"/>
 <node id="10659763357" visible="true" version="1" changeset="132555903" timestamp="2023-02-14T21:39:02Z" user="kartograph" uid="17304" lat="52.4776610" lon="13.3640472"/>
 <node id="10659804427" visible="true" version="1" changeset="132556582" timestamp="2023-02-14T22:03:12Z" user="kartograph" uid="17304" lat="52.4725099" lon="13.3687326"/>
 <node id="10659804428" visible="true" version="2" changeset="146763374" timestamp="2024-01-28T00:50:10Z" user="Lukas615" uid="675791" lat="52.4719636" lon="13.3710864"/>
 <node id="10659804429" visible="true" version="2" changeset="146763374" timestamp="2024-01-28T00:50:10Z" user="Lukas615" uid="675791" lat="52.4719300" lon="13.3727010">
  <tag k="fixme" v="Zwei Zusatzanzeiger noch nicht erfasst"/>
  <tag k="operator" v="DB InfraGO AG"/>
  <tag k="railway" v="signal"/>
  <tag k="railway:signal:combined" v="DE-ESO:ks"/>
  <tag k="railway:signal:combined:deactivated" v="no"/>
  <tag k="railway:signal:combined:form" v="light"/>
  <tag k="railway:signal:combined:function" v="block"/>
  <tag k="railway:signal:combined:height" v="normal"/>
  <tag k="railway:signal:combined:shortened" v="no"/>
  <tag k="railway:signal:combined:states" v="DE-ESO:hp0;DE-ESO:ks1;DE-ESO:ks2"/>
  <tag k="railway:signal:combined:substitute_signal" v="DE-ESO:db:zs12;DE-ESO:db:zs7;DE-ESO:dr:zs1"/>
  <tag k="railway:signal:direction" v="forward"/>
  <tag k="railway:signal:position" v="right"/>
  <tag k="railway:signal:traversable" v="DE-ESO:mastschild_rot-weiss"/>
  <tag k="railway:signal:traversable:type" v="written_default_speed;dictated_default_speed"/>
  <tag k="ref" v="777"/>
 </node>
 <node id="10659804446" visible="true" version="2" changeset="146763374" timestamp="2024-01-28T00:50:10Z" user="Lukas615" uid="675791" lat="52.4719071" lon="13.3763499">
  <tag k="operator" v="DB InfraGO AG"/>
  <tag k="railway" v="signal"/>
  <tag k="railway:signal:combined" v="DE-ESO:ks"/>
  <tag k="railway:signal:combined:deactivated" v="no"/>
  <tag k="railway:signal:combined:form" v="light"/>
  <tag k="railway:signal:combined:function" v="block"/>
  <tag k="railway:signal:combined:height" v="normal"/>
  <tag k="railway:signal:combined:states" v="DE-ESO:hp0;DE-ESO:ks1;DE-ESO:ks2"/>
  <tag k="railway:signal:direction" v="backward"/>
  <tag k="railway:signal:position" v="left"/>
 </node>
 <node id="10659804487" visible="true" version="2" changeset="146763374" timestamp="2024-01-28T00:50:10Z" user="Lukas615" uid="675791" lat="52.4733307" lon="13.3673303">
  <tag k="fixme" v="Zwei Zusatzanzeiger noch nicht erfasst"/>
  <tag k="operator" v="DB InfraGO AG"/>
  <tag k="railway" v="signal"/>
  <tag k="railway:signal:combined" v="DE-ESO:ks"/>
  <tag k="railway:signal:combined:deactivated" v="no"/>
  <tag k="railway:signal:combined:form" v="light"/>
  <tag k="railway:signal:combined:function" v="block"/>
  <tag k="railway:signal:combined:height" v="normal"/>
  <tag k="railway:signal:combined:shortened" v="no"/>
  <tag k="railway:signal:combined:states" v="DE-ESO:hp0;DE-ESO:ks1;DE-ESO:ks2"/>
  <tag k="railway:signal:combined:substitute_signal" v="DE-ESO:db:zs12;DE-ESO:db:zs7;DE-ESO:dr:zs1"/>
  <tag k="railway:signal:direction" v="forward"/>
  <tag k="railway:signal:position" v="right"/>
  <tag k="railway:signal:traversable" v="DE-ESO:mastschild_rot-weiss"/>
  <tag k="railway:signal:traversable:type" v="written_default_speed;dictated_default_speed"/>
  <tag k="ref" v="783"/>
 </node>
 <node id="10729870555" visible="true" version="2" changeset="158597161" timestamp="2024-10-31T20:42:12Z" user="Lukas615" uid="675791" lat="52.4977982" lon="13.4666425">
  <tag k="operator" v="DB InfraGO AG"/>
  <tag k="railway" v="signal"/>
  <tag k="railway:signal:direction" v="backward"/>
  <tag k="railway:signal:position" v="left"/>
  <tag k="railway:signal:speed_limit" v="DE-ESO:lf7"/>
  <tag k="railway:signal:speed_limit:deactivated" v="no"/>
  <tag k="railway:signal:speed_limit:form" v="sign"/>
  <tag k="railway:signal:speed_limit:height" v="normal"/>
  <tag k="railway:signal:speed_limit:speed" v="80"/>
 </node>
 <node id="10729870569" visible="true" version="1" changeset="133586639" timestamp="2023-03-12T13:38:56Z" user="der neue" uid="2070657" lat="52.4929963" lon="13.4608993">
  <tag k="railway" v="signal"/>
  <tag k="railway:signal:direction" v="backward"/>
  <tag k="railway:signal:electricity" v="DE-ESO:el2"/>
  <tag k="railway:signal:electricity:form" v="sign"/>
  <tag k="railway:signal:electricity:height" v="normal"/>
  <tag k="railway:signal:electricity:type" v="power_on"/>
  <tag k="railway:signal:position" v="left"/>
 </node>
 <node id="10731596947" visible="true" version="2" changeset="152447538" timestamp="2024-06-09T10:14:14Z" user="Lukas615" uid="675791" lat="52.5057242" lon="13.4712481">
  <tag k="operator" v="DB InfraGO AG"/>
  <tag k="railway" v="signal"/>
  <tag k="railway:signal:combined" v="DE-ESO:ks"/>
  <tag k="railway:signal:combined:deactivated" v="no"/>
  <tag k="railway:signal:combined:form" v="light"/>
  <tag k="railway:signal:combined:function" v="entry"/>
  <tag k="railway:signal:combined:height" v="normal"/>
  <tag k="railway:signal:combined:states" v="DE-ESO:hp0;DE-ESO:ks1;DE-ESO:ks2"/>
  <tag k="railway:signal:combined:substitute_signal" v="DE-ESO:db:zs12"/>
  <tag k="railway:signal:direction" v="forward"/>
  <tag k="railway:signal:position" v="right"/>
  <tag k="railway:signal:speed_limit" v="DE-ESO:zs3"/>
  <tag k="railway:signal:speed_limit:deactivated" v="no"/>
  <tag k="railway:signal:speed_limit:form" v="light"/>
  <tag k="railway:signal:speed_limit:height" v="normal"/>
  <tag k="railway:signal:speed_limit:speed" v="?;off"/>
  <tag k="railway:signal:traversable" v="DE-ESO:mastschild_rot-weiss"/>
  <tag k="railway:signal:traversable:type" v="written_default_speed;dictated_default_speed"/>
  <tag k="ref" v="6061"/>
 </node>
 <node id="10732723268" visible="true" version="1" changeset="133624677" timestamp="2023-03-13T13:04:44Z" user="der neue" uid="2070657" lat="52.5150814" lon="13.4744065">
  <tag k="railway" v="signal"/>
  <tag k="railway:signal:direction" v="both"/>
  <tag k="railway:signal:main_repeated" v="DE-ESO:fahrtanzeiger"/>
  <tag k="railway:signal:main_repeated:form" v="light"/>
  <tag k="railway:signal:position" v="left"/>
 </node>
 <node id="10732723270" visible="true" version="1" changeset="133624677" timestamp="2023-03-13T13:04:44Z" user="der neue" uid="2070657" lat="52.5146600" lon="13.4746506">
  <tag k="railway" v="signal"/>
  <tag k="railway:signal:direction" v="backward"/>
  <tag k="railway:signal:position" v="right"/>
  <tag k="railway:signal:stop" v="DE-ESO:ne5"/>
  <tag k="railway:signal:stop:form" v="sign"/>
  <tag k="railway:signal:stop:height" v="normal"/>
 </node>
 <node id="10732723272" visible="true" version="1" changeset="133624677" timestamp="2023-03-13T13:04:44Z" user="der neue" uid="2070657" lat="52.5078614" lon="13.4733495">
  <tag k="railway" v="signal"/>
  <tag k="railway:signal:direction" v="backward"/>
  <tag k="railway:signal:electricity" v="DE-ESO:el2"/>
  <tag k="railway:signal:electricity:form" v="sign"/>
  <tag k="railway:signal:electricity:height" v="normal"/>
  <tag k="railway:signal:electricity:type" v="power_on"/>
  <tag k="railway:signal:position" v="right"/>
 </node>
 <node id="10732723274" visible="true" version="1" changeset="133624677" timestamp="2023-03-13T13:04:44Z" user="der neue" uid="2070657" lat="52.5152869" lon="13.4742884">
  <tag k="railway" v="signal"/>
  <tag k="railway:signal:direction" v="backward"/>
  <tag k="railway:signal:position" v="right"/>
  <tag k="railway:signal:stop" v="DE-ESO:ne5"/>
  <tag k="railway:signal:stop:caption" v="Kurzzug"/>
  <tag k="railway:signal:stop:form" v="sign"/>
  <tag k="railway:signal:stop:height" v="normal"/>
 </node>
 <node id="10732723277" visible="true" version="1" changeset="133624677" timestamp="2023-03-13T13:04:44Z" user="der neue" uid="2070657" lat="52.5155838" lon="13.4741202">
  <tag k="railway" v="signal"/>
  <tag k="railway:signal:direction" v="backward"/>
  <tag k="railway:signal:position" v="right"/>
  <tag k="railway:signal:stop" v="DE-ESO:ne5"/>
  <tag k="railway:signal:stop:caption" v="24x"/>
  <tag k="railway:signal:stop:form" v="sign"/>
  <tag k="railway:signal:stop:height" v="normal"/>
 </node>
 <node id="10732723278" visible="true" version="2" changeset="146951456" timestamp="2024-02-01T15:37:07Z" user="Lukas615" uid="675791" lat="52.5158915" lon="13.4739515">
  <tag k="railway" v="signal"/>
  <tag k="railway:signal:direction" v="backward"/>
  <tag k="railway:signal:position" v="right"/>
  <tag k="railway:signal:stop" v="DE-ESO:ne5"/>
  <tag k="railway:signal:stop:form" v="sign"/>
  <tag k="railway:signal:stop:height" v="normal"/>
 </node>
 <node id="10732947134" visible="true" version="2" changeset="149154540" timestamp="2024-03-26T00:38:05Z" user="Lukas615" uid="675791" lat="52.5306617" lon="13.4534760"/>
 <node id="10733014365" visible="true" version="2" changeset="149154540" timestamp="2024-03-26T00:38:05Z" user="Lukas615" uid="675791" lat="52.5418243" lon="13.4349320">
  <tag k="operator" v="DB InfraGO AG"/>
  <tag k="railway" v="signal"/>
  <tag k="railway:signal:direction" v="backward"/>
  <tag k="railway:signal:position" v="right"/>
  <tag k="railway:signal:speed_limit_distant" v="DE-ESO:lf6"/>
  <tag k="railway:signal:speed_limit_distant:deactivated" v="no"/>
  <tag k="railway:signal:speed_limit_distant:form" v="sign"/>
  <tag k="railway:signal:speed_limit_distant:height" v="dwarf"/>
  <tag k="railway:signal:speed_limit_distant:speed" v="70"/>
 </node>
 <node id="10733014369" visible="true" version="2" changeset="149154540" timestamp="2024-03-26T00:38:05Z" user="Lukas615" uid="675791" lat="52.5406359" lon="13.4379825">
  <tag k="operator" v="DB InfraGO AG"/>
  <tag k="railway" v="signal"/>
  <tag k="railway:signal:direction" v="backward"/>
  <tag k="railway:signal:position" v="right"/>
  <tag k="railway:signal:stop" v="DE-ESO:ne5"/>
  <tag k="railway:signal:stop:deactivated" v="no"/>
  <tag k="railway:signal:stop:form" v="sign"/>
  <tag k="railway:signal:stop:height" v="dwarf"/>
 </node>
 <node id="10733014370" visible="true" version="2" changeset="149154540" timestamp="2024-03-26T00:38:05Z" user="Lukas615" uid="675791" lat="52.5404039" lon="13.4384835">
  <tag k="operator" v="DB InfraGO AG"/>
  <tag k="railway" v="signal"/>
  <tag k="railway:signal:direction" v="backward"/>
  <tag k="railway:signal:position" v="right"/>
  <tag k="railway:signal:stop" v="DE-ESO:ne5"/>
  <tag k="railway:signal:stop:caption" v="Kurzzug"/>
  <tag k="railway:signal:stop:form" v="sign"/>
  <tag k="railway:signal:stop:height" v="dwarf"/>
 </node>
 <node id="10733014374" visible="true" version="2" changeset="149154540" timestamp="2024-03-26T00:38:05Z" user="Lukas615" uid="675791" lat="52.5389749" lon="13.4416868">
  <tag k="operator" v="DB InfraGO AG"/>
  <tag k="railway" v="signal"/>
  <tag k="railway:signal:direction" v="backward"/>
  <tag k="railway:signal:minor" v="DE-ESO:sh"/>
  <tag k="railway:signal:minor:deactivated" v="no"/>
  <tag k="railway:signal:minor:form" v="light"/>
  <tag k="railway:signal:minor:height" v="dwarf"/>
  <tag k="railway:signal:minor:states" v="DE-ESO:hp0;DE-ESO:sh1"/>
  <tag k="railway:signal:position" v="left"/>
 </node>
 <node id="10733014380" visible="true" version="2" changeset="149154540" timestamp="2024-03-26T00:38:05Z" user="Lukas615" uid="675791" lat="52.5364572" lon="13.4476307">
  <tag k="operator" v="DB InfraGO AG"/>
  <tag k="railway" v="signal"/>
  <tag k="railway:signal:combined" v="DE-ESO:ks"/>
  <tag k="railway:signal:combined:deactivated" v="no"/>
  <tag k="railway:signal:combined:form" v="light"/>
  <tag k="railway:signal:combined:function" v="block"/>
  <tag k="railway:signal:combined:height" v="normal"/>
  <tag k="railway:signal:combined:shortened" v="no"/>
  <tag k="railway:signal:combined:states" v="DE-ESO:hp0;DE-ESO:ks1;DE-ESO:ks2"/>
  <tag k="railway:signal:combined:substitute_signal" v="DE-ESO:db:zs12;DE-ESO:db:zs7"/>
  <tag k="railway:signal:direction" v="forward"/>
  <tag k="railway:signal:position" v="right"/>
  <tag k="railway:signal:speed_limit" v="DE-ESO:zs3"/>
  <tag k="railway:signal:speed_limit:deactivated" v="no"/>
  <tag k="railway:signal:speed_limit_distant" v="DE-ESO:zs3v"/>
  <tag k="railway:signal:speed_limit_distant:deactivated" v="no"/>
  <tag k="railway:signal:speed_limit_distant:form" v="light"/>
  <tag k="railway:signal:speed_limit_distant:height" v="normal"/>
  <tag k="railway:signal:speed_limit_distant:speed" v="50;?;off"/>
  <tag k="railway:signal:speed_limit:form" v="light"/>
  <tag k="railway:signal:speed_limit:height" v="normal"/>
  <tag k="railway:signal:speed_limit:speed" v="60;?;off"/>
  <tag k="railway:signal:traversable" v="DE-ESO:mastschild_rot-weiss"/>
  <tag k="railway:signal:traversable:type" v="written_default_speed;dictated_default_speed"/>
  <tag k="ref" v="6019"/>
 </node>
 <node id="10733328193" visible="true" version="2" changeset="149154540" timestamp="2024-03-26T00:38:05Z" user="Lukas615" uid="675791" lat="52.5477824" lon="13.4199728">
  <tag k="operator" v="DB InfraGO AG"/>
  <tag k="railway" v="signal"/>
  <tag k="railway:signal:direction" v="forward"/>
  <tag k="railway:signal:electricity" v="DE-ESO:el2"/>
  <tag k="railway:signal:electricity:deactivated" v="no"/>
  <tag k="railway:signal:electricity:form" v="sign"/>
  <tag k="railway:signal:electricity:height" v="normal"/>
  <tag k="railway:signal:electricity:type" v="power_on"/>
  <tag k="railway:signal:position" v="right"/>
 </node>
 <node id="10733328203" visible="true" version="2" changeset="156705640" timestamp="2024-09-16T20:44:57Z" user="Lukas615" uid="675791" lat="52.5443103" lon="13.4270949">
  <tag k="operator" v="DB InfraGO AG"/>
  <tag k="railway" v="signal"/>
  <tag k="railway:signal:direction" v="backward"/>
  <tag k="railway:signal:position" v="left"/>
  <tag k="railway:signal:speed_limit" v="DE-ESO:lf7"/>
  <tag k="railway:signal:speed_limit:deactivated" v="no"/>
  <tag k="railway:signal:speed_limit:form" v="sign"/>
  <tag k="railway:signal:speed_limit:height" v="normal"/>
  <tag k="railway:signal:speed_limit:speed" v="70"/>
 </node>
 <node id="10733337309" visible="true" version="2" changeset="149154540" timestamp="2024-03-26T00:38:05Z" user="Lukas615" uid="675791" lat="52.5422345" lon="13.4338259">
  <tag k="operator" v="DB InfraGO AG"/>
  <tag k="railway" v="signal"/>
  <tag k="railway:signal:combined" v="DE-ESO:ks"/>
  <tag k="railway:signal:combined:deactivated" v="no"/>
  <tag k="railway:signal:combined:form" v="light"/>
  <tag k="railway:signal:combined:function" v="block"/>
  <tag k="railway:signal:combined:height" v="normal"/>
  <tag k="railway:signal:combined:shortened" v="no"/>
  <tag k="railway:signal:combined:states" v="DE-ESO:hp0;DE-ESO:ks1;DE-ESO:ks2"/>
  <tag k="railway:signal:combined:substitute_signal" v="DE-ESO:db:zs12;DE-ESO:db:zs7"/>
  <tag k="railway:signal:direction" v="forward"/>
  <tag k="railway:signal:position" v="right"/>
  <tag k="railway:signal:speed_limit" v="DE-ESO:zs3"/>
  <tag k="railway:signal:speed_limit:deactivated" v="no"/>
  <tag k="railway:signal:speed_limit:form" v="light"/>
  <tag k="railway:signal:speed_limit:height" v="normal"/>
  <tag k="railway:signal:speed_limit:speed" v="40;60;?;off"/>
  <tag k="railway:signal:traversable" v="DE-ESO:mastschild_rot-weiss"/>
  <tag k="railway:signal:traversable:type" v="written_default_speed;dictated_default_speed"/>
  <tag k="ref" v="6005"/>
 </node>
 <node id="10733809031" visible="true" version="4" changeset="149202581" timestamp="2024-03-27T03:16:01Z" user="Lukas615" uid="675791" lat="52.5493830" lon="13.4143916">
  <tag k="operator" v="DB InfraGO AG"/>
  <tag k="railway" v="signal"/>
  <tag k="railway:signal:direction" v="backward"/>
  <tag k="railway:signal:position" v="right"/>
  <tag k="railway:signal:speed_limit" v="DE-ESO:lf7"/>
  <tag k="railway:signal:speed_limit:deactivated" v="no"/>
  <tag k="railway:signal:speed_limit_distant" v="DE-ESO:lf6"/>
  <tag k="railway:signal:speed_limit_distant:deactivated" v="no"/>
  <tag k="railway:signal:speed_limit_distant:form" v="sign"/>
  <tag k="railway:signal:speed_limit_distant:height" v="normal"/>
  <tag k="railway:signal:speed_limit_distant:speed" v="70"/>
  <tag k="railway:signal:speed_limit_distant:turn_direction" v="left"/>
  <tag k="railway:signal:speed_limit:form" v="sign"/>
  <tag k="railway:signal:speed_limit:height" v="normal"/>
  <tag k="railway:signal:speed_limit:speed" v="90"/>
 </node>
 <node id="10734709686" visible="true" version="2" changeset="147628757" timestamp="2024-02-18T23:56:30Z" user="Lukas615" uid="675791" lat="52.5494017" lon="13.3994606">
  <tag k="operator" v="DB InfraGO AG"/>
  <tag k="railway" v="signal"/>
  <tag k="railway:signal:direction" v="backward"/>
  <tag k="railway:signal:position" v="right"/>
  <tag k="railway:signal:speed_limit_distant" v="DE-ESO:lf6"/>
  <tag k="railway:signal:speed_limit_distant:deactivated" v="no"/>
  <tag k="railway:signal:speed_limit_distant:form" v="sign"/>
  <tag k="railway:signal:speed_limit_distant:height" v="normal"/>
  <tag k="railway:signal:speed_limit_distant:speed" v="70"/>
 </node>
 <node id="10739275024" visible="true" version="2" changeset="146694822" timestamp="2024-01-26T02:55:44Z" user="Lukas615" uid="675791" lat="52.4864935" lon="13.4588380"/>
 <node id="10741216867" visible="true" version="3" changeset="146694822" timestamp="2024-01-26T02:55:44Z" user="Lukas615" uid="675791" lat="52.4746538" lon="13.4564603">
  <tag k="operator" v="DB InfraGO AG"/>
  <tag k="railway" v="signal"/>
  <tag k="railway:signal:direction" v="forward"/>
  <tag k="railway:signal:position" v="right"/>
  <tag k="railway:signal:speed_limit" v="DE-ESO:lf7"/>
  <tag k="railway:signal:speed_limit:deactivated" v="no"/>
  <tag k="railway:signal:speed_limit:form" v="sign"/>
  <tag k="railway:signal:speed_limit:height" v="normal"/>
  <tag k="railway:signal:speed_limit:speed" v="80"/>
 </node>
 <node id="10741227446" visible="true" version="2" changeset="146763374" timestamp="2024-01-28T00:50:10Z" user="Lukas615" uid="675791" lat="52.4719325" lon="13.3722557">
  <tag k="operator" v="DB InfraGO AG"/>
  <tag k="railway" v="signal"/>
  <tag k="railway:signal:direction" v="forward"/>
  <tag k="railway:signal:position" v="right"/>
  <tag k="railway:signal:speed_limit" v="DE-ESO:lf7"/>
  <tag k="railway:signal:speed_limit:deactivated" v="no"/>
  <tag k="railway:signal:speed_limit:form" v="sign"/>
  <tag k="railway:signal:speed_limit:height" v="normal"/>
  <tag k="railway:signal:speed_limit:speed" v="80"/>
 </node>
 <node id="10741342084" visible="true" version="2" changeset="149098273" timestamp="2024-03-24T16:58:28Z" user="Lukas615" uid="675791" lat="52.4777098" lon="13.3312301">
  <tag k="operator" v="DB InfraGO AG"/>
  <tag k="railway" v="signal"/>
  <tag k="railway:signal:direction" v="forward"/>
  <tag k="railway:signal:position" v="right"/>
  <tag k="railway:signal:speed_limit" v="DE-ESO:lf7"/>
  <tag k="railway:signal:speed_limit:deactivated" v="no"/>
  <tag k="railway:signal:speed_limit:form" v="sign"/>
  <tag k="railway:signal:speed_limit:height" v="normal"/>
  <tag k="railway:signal:speed_limit:speed" v="100"/>
 </node>
 <node id="10741342085" visible="true" version="2" changeset="146800363" timestamp="2024-01-29T01:42:27Z" user="Lukas615" uid="675791" lat="52.4797677" lon="13.3582021">
  <tag k="operator" v="DB InfraGO AG"/>
  <tag k="railway" v="signal"/>
  <tag k="railway:signal:direction" v="forward"/>
  <tag k="railway:signal:position" v="right"/>
  <tag k="railway:signal:speed_limit" v="DE-ESO:lf7"/>
  <tag k="railway:signal:speed_limit:deactivated" v="no"/>
  <tag k="railway:signal:speed_limit:form" v="sign"/>
  <tag k="railway:signal:speed_limit:height" v="normal"/>
  <tag k="railway:signal:speed_limit:speed" v="70"/>
 </node>
 <node id="10741342086" visible="true" version="2" changeset="146800363" timestamp="2024-01-29T01:42:27Z" user="Lukas615" uid="675791" lat="52.4797706" lon="13.3581849">
  <tag k="operator" v="DB InfraGO AG"/>
  <tag k="railway" v="signal"/>
  <tag k="railway:signal:direction" v="backward"/>
  <tag k="railway:signal:position" v="right"/>
  <tag k="railway:signal:speed_limit" v="DE-ESO:lf7"/>
  <tag k="railway:signal:speed_limit:deactivated" v="no"/>
  <tag k="railway:signal:speed_limit:form" v="sign"/>
  <tag k="railway:signal:speed_limit:height" v="normal"/>
  <tag k="railway:signal:speed_limit:speed" v="80"/>
 </node>
 <node id="10748342359" visible="true" version="2" changeset="146829192" timestamp="2024-01-29T16:26:52Z" user="Lukas615" uid="675791" lat="52.4681027" lon="13.4344393">
  <tag k="operator" v="DB InfraGO AG"/>
  <tag k="railway" v="signal"/>
  <tag k="railway:signal:direction" v="forward"/>
  <tag k="railway:signal:position" v="right"/>
  <tag k="railway:signal:speed_limit" v="DE-ESO:lf7"/>
  <tag k="railway:signal:speed_limit:deactivated" v="no"/>
  <tag k="railway:signal:speed_limit:form" v="sign"/>
  <tag k="railway:signal:speed_limit:height" v="dwarf"/>
  <tag k="railway:signal:speed_limit:speed" v="70"/>
 </node>
 <node id="10748342361" visible="true" version="2" changeset="146829192" timestamp="2024-01-29T16:26:52Z" user="Lukas615" uid="675791" lat="52.4681007" lon="13.4344254">
  <tag k="operator" v="DB InfraGO AG"/>
  <tag k="railway" v="signal"/>
  <tag k="railway:signal:direction" v="backward"/>
  <tag k="railway:signal:position" v="right"/>
  <tag k="railway:signal:speed_limit" v="DE-ESO:lf7"/>
  <tag k="railway:signal:speed_limit:deactivated" v="no"/>
  <tag k="railway:signal:speed_limit:form" v="sign"/>
  <tag k="railway:signal:speed_limit:height" v="dwarf"/>
  <tag k="railway:signal:speed_limit:speed" v="80"/>
 </node>
 <node id="10748342362" visible="true" version="3" changeset="158597161" timestamp="2024-10-31T20:42:12Z" user="Lukas615" uid="675791" lat="52.4700840" lon="13.4469019">
  <tag k="operator" v="DB InfraGO AG"/>
  <tag k="railway" v="signal"/>
  <tag k="railway:signal:direction" v="backward"/>
  <tag k="railway:signal:position" v="left"/>
  <tag k="railway:signal:speed_limit" v="DE-ESO:lf7"/>
  <tag k="railway:signal:speed_limit:form" v="sign"/>
  <tag k="railway:signal:speed_limit:height" v="normal"/>
  <tag k="railway:signal:speed_limit:speed" v="80"/>
 </node>
 <node id="10748445349" visible="true" version="2" changeset="146926280" timestamp="2024-02-01T00:50:11Z" user="Lukas615" uid="675791" lat="52.4869732" lon="13.3024158">
  <tag k="operator" v="DB InfraGO AG"/>
  <tag k="railway" v="signal"/>
  <tag k="railway:signal:direction" v="backward"/>
  <tag k="railway:signal:position" v="right"/>
  <tag k="railway:signal:speed_limit" v="DE-ESO:lf7"/>
  <tag k="railway:signal:speed_limit:deactivated" v="no"/>
  <tag k="railway:signal:speed_limit:form" v="sign"/>
  <tag k="railway:signal:speed_limit:height" v="normal"/>
  <tag k="railway:signal:speed_limit:speed" v="100"/>
 </node>
 <node id="10748445350" visible="true" version="1" changeset="133899117" timestamp="2023-03-20T13:19:22Z" user="robsteinde" uid="10027026" lat="52.4939755" lon="13.2935038">
  <tag k="railway" v="signal"/>
  <tag k="railway:signal:direction" v="backward"/>
  <tag k="railway:signal:position" v="right"/>
  <tag k="railway:signal:speed_limit" v="DE-ESO:lf7"/>
  <tag k="railway:signal:speed_limit:form" v="sign"/>
  <tag k="railway:signal:speed_limit:height" v="normal"/>
  <tag k="railway:signal:speed_limit:speed" v="80"/>
 </node>
 <node id="10748445351" visible="true" version="2" changeset="149071729" timestamp="2024-03-24T00:25:19Z" user="Lukas615" uid="675791" lat="52.4993847" lon="13.2856801">
  <tag k="operator" v="DB InfraGO AG"/>
  <tag k="railway" v="signal"/>
  <tag k="railway:signal:direction" v="backward"/>
  <tag k="railway:signal:position" v="right"/>
  <tag k="railway:signal:speed_limit" v="DE-ESO:lf7"/>
  <tag k="railway:signal:speed_limit:deactivated" v="no"/>
  <tag k="railway:signal:speed_limit:form" v="sign"/>
  <tag k="railway:signal:speed_limit:height" v="normal"/>
  <tag k="railway:signal:speed_limit:speed" v="80"/>
 </node>
 <node id="10748445355" visible="true" version="2" changeset="146926280" timestamp="2024-02-01T00:50:11Z" user="Lukas615" uid="675791" lat="52.4869717" lon="13.3024178">
  <tag k="operator" v="DB InfraGO AG"/>
  <tag k="railway" v="signal"/>
  <tag k="railway:signal:direction" v="forward"/>
  <tag k="railway:signal:position" v="right"/>
  <tag k="railway:signal:speed_limit" v="DE-ESO:lf7"/>
  <tag k="railway:signal:speed_limit:deactivated" v="no"/>
  <tag k="railway:signal:speed_limit:form" v="sign"/>
  <tag k="railway:signal:speed_limit:height" v="normal"/>
  <tag k="railway:signal:speed_limit:speed" v="70"/>
 </node>
 <node id="10748539817" visible="true" version="2" changeset="147664294" timestamp="2024-02-19T19:04:32Z" user="Lukas615" uid="675791" lat="52.5305172" lon="13.3006153">
  <tag k="operator" v="DB Netz AG"/>
  <tag k="railway" v="signal"/>
  <tag k="railway:signal:direction" v="backward"/>
  <tag k="railway:signal:position" v="left"/>
  <tag k="railway:signal:speed_limit" v="DE-ESO:lf7"/>
  <tag k="railway:signal:speed_limit:deactivated" v="no"/>
  <tag k="railway:signal:speed_limit:form" v="sign"/>
  <tag k="railway:signal:speed_limit:height" v="normal"/>
  <tag k="railway:signal:speed_limit:speed" v="80"/>
 </node>
 <node id="10748539818" visible="true" version="2" changeset="147664294" timestamp="2024-02-19T19:04:32Z" user="Lukas615" uid="675791" lat="52.5305156" lon="13.3006031">
  <tag k="operator" v="DB Netz AG"/>
  <tag k="railway" v="signal"/>
  <tag k="railway:signal:direction" v="forward"/>
  <tag k="railway:signal:position" v="right"/>
  <tag k="railway:signal:speed_limit" v="DE-ESO:lf7"/>
  <tag k="railway:signal:speed_limit:deactivated" v="no"/>
  <tag k="railway:signal:speed_limit:form" v="sign"/>
  <tag k="railway:signal:speed_limit:height" v="normal"/>
  <tag k="railway:signal:speed_limit:speed" v="100"/>
 </node>
 <node id="10748548626" visible="true" version="2" changeset="147664294" timestamp="2024-02-19T19:04:32Z" user="Lukas615" uid="675791" lat="52.5363421" lon="13.3453711">
  <tag k="operator" v="DB Netz AG"/>
  <tag k="railway" v="signal"/>
  <tag k="railway:signal:direction" v="forward"/>
  <tag k="railway:signal:position" v="right"/>
  <tag k="railway:signal:speed_limit" v="DE-ESO:lf7"/>
  <tag k="railway:signal:speed_limit:deactivated" v="no"/>
  <tag k="railway:signal:speed_limit:form" v="sign"/>
  <tag k="railway:signal:speed_limit:height" v="normal"/>
  <tag k="railway:signal:speed_limit:speed" v="80"/>
 </node>
 <node id="10748773956" visible="true" version="2" changeset="146951456" timestamp="2024-02-01T15:37:07Z" user="Lukas615" uid="675791" lat="52.5268733" lon="13.4573921">
  <tag k="operator" v="DB InfraGO AG"/>
  <tag k="railway" v="signal"/>
  <tag k="railway:signal:direction" v="forward"/>
  <tag k="railway:signal:position" v="right"/>
  <tag k="railway:signal:speed_limit" v="DE-ESO:lf7"/>
  <tag k="railway:signal:speed_limit:deactivated" v="no"/>
  <tag k="railway:signal:speed_limit:form" v="sign"/>
  <tag k="railway:signal:speed_limit:height" v="normal"/>
  <tag k="railway:signal:speed_limit:speed" v="70"/>
 </node>
 <node id="10748773957" visible="true" version="2" changeset="156705640" timestamp="2024-09-16T20:44:57Z" user="Lukas615" uid="675791" lat="52.5443149" lon="13.4270814">
  <tag k="operator" v="DB InfraGO AG"/>
  <tag k="railway" v="signal"/>
  <tag k="railway:signal:direction" v="forward"/>
  <tag k="railway:signal:position" v="left"/>
  <tag k="railway:signal:speed_limit" v="DE-ESO:lf7"/>
  <tag k="railway:signal:speed_limit:deactivated" v="no"/>
  <tag k="railway:signal:speed_limit:form" v="sign"/>
  <tag k="railway:signal:speed_limit:height" v="normal"/>
  <tag k="railway:signal:speed_limit:speed" v="80"/>
 </node>
 <node id="10748773960" visible="true" version="2" changeset="147513353" timestamp="2024-02-16T02:12:19Z" user="Lukas615" uid="675791" lat="52.5489918" lon="13.3880151">
  <tag k="operator" v="DB InfraGO AG"/>
  <tag k="railway" v="signal"/>
  <tag k="railway:signal:direction" v="forward"/>
  <tag k="railway:signal:position" v="right"/>
  <tag k="railway:signal:speed_limit" v="DE-ESO:lf7"/>
  <tag k="railway:signal:speed_limit:deactivated" v="no"/>
  <tag k="railway:signal:speed_limit:form" v="sign"/>
  <tag k="railway:signal:speed_limit:height" v="dwarf"/>
  <tag k="railway:signal:speed_limit:speed" v="70"/>
 </node>
 <node id="10748887674" visible="true" version="2" changeset="146951456" timestamp="2024-02-01T15:37:07Z" user="Lukas615" uid="675791" lat="52.5253052" lon="13.4598690">
  <tag k="operator" v="DB InfraGO AG"/>
  <tag k="railway" v="signal"/>
  <tag k="railway:signal:direction" v="backward"/>
  <tag k="railway:signal:position" v="right"/>
  <tag k="railway:signal:speed_limit" v="DE-ESO:lf7"/>
  <tag k="railway:signal:speed_limit:deactivated" v="no"/>
  <tag k="railway:signal:speed_limit:form" v="sign"/>
  <tag k="railway:signal:speed_limit:height" v="normal"/>
  <tag k="railway:signal:speed_limit:speed" v="70"/>
 </node>
 <node id="10748887677" visible="true" version="2" changeset="146951456" timestamp="2024-02-01T15:37:07Z" user="Lukas615" uid="675791" lat="52.5253088" lon="13.4598596">
  <tag k="operator" v="DB InfraGO AG"/>
  <tag k="railway" v="signal"/>
  <tag k="railway:signal:direction" v="forward"/>
  <tag k="railway:signal:position" v="right"/>
  <tag k="railway:signal:speed_limit" v="DE-ESO:lf7"/>
  <tag k="railway:signal:speed_limit:deactivated" v="no"/>
  <tag k="railway:signal:speed_limit:form" v="sign"/>
  <tag k="railway:signal:speed_limit:height" v="normal"/>
  <tag k="railway:signal:speed_limit:speed" v="80"/>
 </node>
 <node id="11084390440" visible="true" version="2" changeset="147664294" timestamp="2024-02-19T19:04:32Z" user="Lukas615" uid="675791" lat="52.5359911" lon="13.3426694">
  <tag k="operator" v="DB InfraGO AG"/>
  <tag k="railway" v="signal"/>
  <tag k="railway:signal:combined" v="DE-ESO:ks"/>
  <tag k="railway:signal:combined:deactivated" v="no"/>
  <tag k="railway:signal:combined:form" v="light"/>
  <tag k="railway:signal:combined:function" v="block"/>
  <tag k="railway:signal:combined:height" v="normal"/>
  <tag k="railway:signal:combined:shortened" v="no"/>
  <tag k="railway:signal:combined:states" v="DE-ESO:hp0;DE-ESO:ks1;DE-ESO:ks2"/>
  <tag k="railway:signal:combined:substitute_signal" v="DE-ESO:db:zs12;DE-ESO:db:zs7"/>
  <tag k="railway:signal:direction" v="backward"/>
  <tag k="railway:signal:position" v="left"/>
  <tag k="railway:signal:traversable" v="DE-ESO:mastschild_rot-weiss"/>
  <tag k="railway:signal:traversable:type" v="written_default_speed;dictated_default_speed"/>
  <tag k="ref" v="956"/>
 </node>
 <node id="11084390441" visible="true" version="2" changeset="147664294" timestamp="2024-02-19T19:04:32Z" user="Lukas615" uid="675791" lat="52.5360548" lon="13.3431649">
  <tag k="operator" v="DB InfraGO AG"/>
  <tag k="railway" v="signal"/>
  <tag k="railway:signal:direction" v="backward"/>
  <tag k="railway:signal:position" v="right"/>
  <tag k="railway:signal:stop" v="DE-ESO:ne5"/>
  <tag k="railway:signal:stop:form" v="sign"/>
  <tag k="railway:signal:stop:height" v="normal"/>
 </node>
 <node id="11084390443" visible="true" version="1" changeset="139365676" timestamp="2023-08-02T21:47:22Z" user="der neue" uid="2070657" lat="52.5367535" lon="13.3490156">
  <tag k="railway" v="milestone"/>
  <tag k="railway:position" v="1.0"/>
 </node>
 <node id="11084390448" visible="true" version="3" changeset="177450185" timestamp="2026-01-19T21:28:49Z" user="Lukas615" uid="675791" lat="52.5372859" lon="13.3538190">
  <tag k="operator" v="DB InfraGO AG"/>
  <tag k="railway" v="signal"/>
  <tag k="railway:signal:combined" v="DE-ESO:ks"/>
  <tag k="railway:signal:combined:deactivated" v="no"/>
  <tag k="railway:signal:combined:form" v="light"/>
  <tag k="railway:signal:combined:function" v="block"/>
  <tag k="railway:signal:combined:height" v="normal"/>
  <tag k="railway:signal:combined:shortened" v="no"/>
  <tag k="railway:signal:combined:states" v="DE-ESO:hp0;DE-ESO:ks1;DE-ESO:ks2"/>
  <tag k="railway:signal:combined:substitute_signal" v="DE-ESO:dr:zs1"/>
  <tag k="railway:signal:direction" v="forward"/>
  <tag k="railway:signal:position" v="right"/>
  <tag k="railway:signal:speed_limit" v="DE-ESO:zs3"/>
  <tag k="railway:signal:speed_limit:deactivated" v="no"/>
  <tag k="railway:signal:speed_limit_distant" v="DE-ESO:zs3v"/>
  <tag k="railway:signal:speed_limit_distant:deactivated" v="no"/>
  <tag k="railway:signal:speed_limit_distant:form" v="light"/>
  <tag k="railway:signal:speed_limit_distant:height" v="normal"/>
  <tag k="railway:signal:speed_limit_distant:speed" v="60;?;off"/>
  <tag k="railway:signal:speed_limit:form" v="light"/>
  <tag k="railway:signal:speed_limit:height" v="normal"/>
  <tag k="railway:signal:speed_limit:speed" v="50;?;off"/>
  <tag k="railway:signal:traversable" v="DE-ESO:mastschild_schwarz-weiss"/>
  <tag k="railway:signal:traversable:type" v="always_on_sight"/>
  <tag k="ref" v="967"/>
 </node>
 <node id="11084390449" visible="true" version="2" changeset="147664294" timestamp="2024-02-19T19:04:32Z" user="Lukas615" uid="675791" lat="52.5372542" lon="13.3535026">
  <tag k="operator" v="DB InfraGO AG"/>
  <tag k="railway" v="signal"/>
  <tag k="railway:signal:combined" v="DE-ESO:ks"/>
  <tag k="railway:signal:combined:deactivated" v="no"/>
  <tag k="railway:signal:combined:form" v="light"/>
  <tag k="railway:signal:combined:function" v="block"/>
  <tag k="railway:signal:combined:height" v="normal"/>
  <tag k="railway:signal:combined:states" v="DE-ESO:hp0;DE-ESO:ks1;DE-ESO:ks2"/>
  <tag k="railway:signal:combined:substitute_signal" v="DE-ESO:db:zs12;DE-ESO:db:zs7"/>
  <tag k="railway:signal:direction" v="backward"/>
  <tag k="railway:signal:position" v="bridge"/>
  <tag k="railway:signal:traversable" v="DE-ESO:mastschild_rot-weiss"/>
  <tag k="railway:signal:traversable:type" v="written_default_speed;dictated_default_speed"/>
  <tag k="ref" v="964"/>
 </node>
 <node id="11084390451" visible="true" version="2" changeset="177450185" timestamp="2026-01-19T21:28:49Z" user="Lukas615" uid="675791" lat="52.5378588" lon="13.3560469">
  <tag k="railway" v="signal"/>
  <tag k="railway:signal:combined" v="DE-ESO:ks"/>
  <tag k="railway:signal:combined:deactivated" v="no"/>
  <tag k="railway:signal:combined:form" v="light"/>
  <tag k="railway:signal:combined:function" v="block"/>
  <tag k="railway:signal:combined:height" v="normal"/>
  <tag k="railway:signal:combined:states" v="DE-ESO:hp0;DE-ESO:ks1;DE-ESO:ks2"/>
  <tag k="railway:signal:combined:substitute_signal" v="DE-ESO:dr:zs1"/>
  <tag k="railway:signal:direction" v="forward"/>
  <tag k="railway:signal:position" v="right"/>
  <tag k="railway:signal:speed_limit" v="DE-ESO:zs3"/>
  <tag k="railway:signal:speed_limit:deactivated" v="no"/>
  <tag k="railway:signal:speed_limit_distant" v="DE-ESO:zs3v"/>
  <tag k="railway:signal:speed_limit_distant:deactivated" v="no"/>
  <tag k="railway:signal:speed_limit_distant:form" v="light"/>
  <tag k="railway:signal:speed_limit_distant:height" v="normal"/>
  <tag k="railway:signal:speed_limit_distant:speed" v="40;?;off"/>
  <tag k="railway:signal:speed_limit:form" v="light"/>
  <tag k="railway:signal:speed_limit:height" v="normal"/>
  <tag k="railway:signal:speed_limit:speed" v="60;?;off"/>
  <tag k="railway:signal:traversable" v="DE-ESO:mastschild_schwarz-weiss"/>
  <tag k="railway:signal:traversable:type" v="always_on_sight"/>
  <tag k="ref" v="969"/>
 </node>
 <node id="11084390458" visible="true" version="2" changeset="177450185" timestamp="2026-01-19T21:28:49Z" user="Lukas615" uid="675791" lat="52.5392133" lon="13.3591176">
  <tag k="railway" v="signal"/>
  <tag k="railway:signal:combined" v="DE-ESO:ks"/>
  <tag k="railway:signal:combined:form" v="light"/>
  <tag k="railway:signal:combined:function" v="block"/>
  <tag k="railway:signal:combined:height" v="normal"/>
  <tag k="railway:signal:combined:states" v="DE-ESO:hp0;DE-ESO:ks1;DE-ESO:ks2"/>
  <tag k="railway:signal:combined:substitute_signal" v="DE-ESO:db:zs12;DE-ESO:dr:zs1"/>
  <tag k="railway:signal:direction" v="forward"/>
  <tag k="railway:signal:position" v="right"/>
  <tag k="railway:signal:speed_limit" v="DE-ESO:zs3"/>
  <tag k="railway:signal:speed_limit:deactivated" v="no"/>
  <tag k="railway:signal:speed_limit_distant" v="DE-ESO:zs3v"/>
  <tag k="railway:signal:speed_limit_distant:deactivated" v="no"/>
  <tag k="railway:signal:speed_limit_distant:form" v="light"/>
  <tag k="railway:signal:speed_limit_distant:height" v="normal"/>
  <tag k="railway:signal:speed_limit_distant:speed" v="?;off"/>
  <tag k="railway:signal:speed_limit:form" v="light"/>
  <tag k="railway:signal:speed_limit:height" v="normal"/>
  <tag k="railway:signal:speed_limit:speed" v="40;?;off"/>
  <tag k="railway:signal:traversable" v="DE-ESO:mastschild_rot-weiss"/>
  <tag k="railway:signal:traversable:type" v="written_default_speed;dictated_default_speed"/>
  <tag k="ref" v="971"/>
 </node>
 <node id="11084390462" visible="true" version="2" changeset="185041587" timestamp="2026-07-03T13:55:22Z" user="pfhllnts" uid="14153197" lat="52.5421814" lon="13.3657744">
  <tag k="railway" v="signal"/>
  <tag k="railway:signal:combined" v="DE-ESO:ks"/>
  <tag k="railway:signal:combined:form" v="light"/>
  <tag k="railway:signal:combined:function" v="block"/>
  <tag k="railway:signal:combined:height" v="normal"/>
  <tag k="railway:signal:combined:states" v="DE-ESO:hp0;DE-ESO:ks1;DE-ESO:ks2"/>
  <tag k="railway:signal:combined:substitute_signal" v="DE-ESO:db:zs12;DE-ESO:dr:zs1"/>
  <tag k="railway:signal:direction" v="forward"/>
  <tag k="railway:signal:position" v="right"/>
  <tag k="railway:signal:speed_limit_distant" v="DE-ESO:zs3v"/>
  <tag k="railway:signal:speed_limit_distant:form" v="light"/>
  <tag k="railway:signal:speed_limit_distant:height" v="normal"/>
  <tag k="railway:signal:traversable" v="DE-ESO:mastschild_rot-weiss"/>
  <tag k="railway:signal:traversable:type" v="written_default_speed;dictated_default_speed"/>
  <tag k="ref" v="977"/>
 </node>
 <node id="11084390464" visible="true" version="1" changeset="139365676" timestamp="2023-08-02T21:47:22Z" user="der neue" uid="2070657" lat="52.5426709" lon="13.3668788">
  <tag k="railway" v="milestone"/>
  <tag k="railway:position" v="2.4"/>
 </node>
 <node id="11084390465" visible="true" version="1" changeset="139365676" timestamp="2023-08-02T21:47:22Z" user="der neue" uid="2070657" lat="52.5425742" lon="13.3666624">
  <tag k="railway" v="signal"/>
  <tag k="railway:signal:direction" v="backward"/>
  <tag k="railway:signal:position" v="right"/>
  <tag k="railway:signal:stop" v="DE-ESO:ne5"/>
  <tag k="railway:signal:stop:caption" v="Kurzzug"/>
  <tag k="railway:signal:stop:form" v="sign"/>
  <tag k="railway:signal:stop:height" v="dwarf"/>
 </node>
 <node id="11084390466" visible="true" version="1" changeset="139365676" timestamp="2023-08-02T21:47:22Z" user="der neue" uid="2070657" lat="52.5426485" lon="13.3668288">
  <tag k="railway" v="signal"/>
  <tag k="railway:signal:direction" v="backward"/>
  <tag k="railway:signal:position" v="right"/>
  <tag k="railway:signal:stop" v="DE-ESO:ne5"/>
  <tag k="railway:signal:stop:caption" v="24x"/>
  <tag k="railway:signal:stop:form" v="sign"/>
  <tag k="railway:signal:stop:height" v="dwarf"/>
 </node>
 <node id="11084390467" visible="true" version="1" changeset="139365676" timestamp="2023-08-02T21:47:22Z" user="der neue" uid="2070657" lat="52.5427664" lon="13.3670926">
  <tag k="railway" v="signal"/>
  <tag k="railway:signal:direction" v="backward"/>
  <tag k="railway:signal:position" v="right"/>
  <tag k="railway:signal:stop" v="DE-ESO:ne5"/>
  <tag k="railway:signal:stop:caption" v="Kurzzug"/>
  <tag k="railway:signal:stop:form" v="sign"/>
  <tag k="railway:signal:stop:height" v="dwarf"/>
 </node>
 <node id="11084390468" visible="true" version="2" changeset="147329234" timestamp="2024-02-11T14:10:48Z" user="kjon" uid="44217" lat="52.5443691" lon="13.3707008">
  <tag k="railway" v="signal"/>
  <tag k="railway:signal:direction" v="backward"/>
  <tag k="railway:signal:electricity" v="DE-ESO:el2"/>
  <tag k="railway:signal:electricity:form" v="sign"/>
  <tag k="railway:signal:electricity:height" v="normal"/>
  <tag k="railway:signal:electricity:turn_direction" v="right"/>
  <tag k="railway:signal:electricity:type" v="power_on"/>
  <tag k="railway:signal:position" v="right"/>
 </node>
 <node id="11084390470" visible="true" version="1" changeset="139365676" timestamp="2023-08-02T21:47:22Z" user="der neue" uid="2070657" lat="52.5446023" lon="13.3712275">
  <tag k="railway" v="signal"/>
  <tag k="railway:signal:combined" v="DE-ESO:ks"/>
  <tag k="railway:signal:combined:form" v="light"/>
  <tag k="railway:signal:combined:function" v="block"/>
  <tag k="railway:signal:combined:height" v="normal"/>
  <tag k="railway:signal:combined:states" v="DE-ESO:hp0;DE-ESO:ks1;DE-ESO:ks2"/>
  <tag k="railway:signal:combined:substitute_signal" v="DE-ESO:db:zs12;DE-ESO:dr:zs1"/>
  <tag k="railway:signal:direction" v="forward"/>
  <tag k="railway:signal:position" v="right"/>
  <tag k="railway:signal:speed_limit" v="DE-ESO:zs3"/>
  <tag k="railway:signal:speed_limit_distant" v="DE-ESO:zs3v"/>
  <tag k="railway:signal:speed_limit_distant:form" v="light"/>
  <tag k="railway:signal:speed_limit_distant:height" v="normal"/>
  <tag k="railway:signal:speed_limit:form" v="light"/>
  <tag k="railway:signal:speed_limit:height" v="normal"/>
  <tag k="railway:signal:traversable" v="DE-ESO:mastschild_rot-weiss"/>
  <tag k="railway:signal:traversable:type" v="written_default_speed;dictated_default_speed"/>
  <tag k="railway:signal:wrong_road" v="DE-ESO:dr:zs7"/>
  <tag k="railway:signal:wrong_road:form" v="light"/>
  <tag k="ref" v="983"/>
 </node>
 <node id="11084390473" visible="true" version="1" changeset="139365676" timestamp="2023-08-02T21:47:22Z" user="der neue" uid="2070657" lat="52.5447540" lon="13.3715885">
  <tag k="railway" v="milestone"/>
  <tag k="railway:position" v="2.8"/>
 </node>
 <node id="11084390481" visible="true" version="1" changeset="139365676" timestamp="2023-08-02T21:47:22Z" user="der neue" uid="2070657" lat="52.5457821" lon="13.3740028">
  <tag k="railway" v="milestone"/>
  <tag k="railway:position" v="6.0"/>
 </node>
 <node id="11084390498" visible="true" version="2" changeset="147513353" timestamp="2024-02-16T02:12:19Z" user="Lukas615" uid="675791" lat="52.5483002" lon="13.3822115">
  <tag k="operator" v="DB InfraGO AG"/>
  <tag k="railway" v="signal"/>
  <tag k="railway:signal:direction" v="forward"/>
  <tag k="railway:signal:position" v="right"/>
  <tag k="railway:signal:speed_limit_distant" v="DE-ESO:lf6"/>
  <tag k="railway:signal:speed_limit_distant:form" v="sign"/>
  <tag k="railway:signal:speed_limit_distant:height" v="normal"/>
  <tag k="railway:signal:speed_limit_distant:speed" v="70"/>
 </node>
 <node id="11084390499" visible="true" version="2" changeset="147513353" timestamp="2024-02-16T02:12:19Z" user="Lukas615" uid="675791" lat="52.5479795" lon="13.3801786">
  <tag k="railway" v="signal"/>
  <tag k="railway:signal:combined" v="DE-ESO:ks"/>
  <tag k="railway:signal:combined:form" v="light"/>
  <tag k="railway:signal:combined:function" v="block"/>
  <tag k="railway:signal:combined:states" v="DE-ESO:hp0;DE-ESO:ks1;DE-ESO:ks2"/>
  <tag k="railway:signal:combined:substitute_signal" v="DE-ESO:db:zs12;DE-ESO:dr:zs1"/>
  <tag k="railway:signal:direction" v="forward"/>
  <tag k="railway:signal:position" v="bridge"/>
  <tag k="railway:signal:speed_limit" v="DE-ESO:zs3"/>
  <tag k="railway:signal:speed_limit_distant" v="DE-ESO:zs3v"/>
  <tag k="railway:signal:speed_limit_distant:form" v="light"/>
  <tag k="railway:signal:speed_limit_distant:height" v="normal"/>
  <tag k="railway:signal:speed_limit:form" v="light"/>
  <tag k="railway:signal:speed_limit:height" v="normal"/>
  <tag k="railway:signal:traversable" v="DE-ESO:mastschild_rot-weiss"/>
  <tag k="railway:signal:traversable:type" v="written_default_speed;dictated_default_speed"/>
  <tag k="ref" v="989"/>
 </node>
 <node id="11084390502" visible="true" version="2" changeset="147664294" timestamp="2024-02-19T19:04:32Z" user="Lukas615" uid="675791" lat="52.5470830" lon="13.3770774">
  <tag k="operator" v="DB InfraGO AG"/>
  <tag k="railway" v="signal"/>
  <tag k="railway:signal:direction" v="forward"/>
  <tag k="railway:signal:distant" v="DE-ESO:ks"/>
  <tag k="railway:signal:distant:deactivated" v="no"/>
  <tag k="railway:signal:distant:form" v="light"/>
  <tag k="railway:signal:distant:height" v="normal"/>
  <tag k="railway:signal:distant:repeated" v="yes"/>
  <tag k="railway:signal:distant:shortened" v="no"/>
  <tag k="railway:signal:distant:states" v="DE-ESO:ks1;DE-ESO:ks2"/>
  <tag k="railway:signal:position" v="right"/>
  <tag k="railway:signal:speed_limit_distant" v="DE-ESO:zs3v"/>
  <tag k="railway:signal:speed_limit_distant:deactivated" v="no"/>
  <tag k="railway:signal:speed_limit_distant:form" v="light"/>
  <tag k="railway:signal:speed_limit_distant:height" v="normal"/>
  <tag k="railway:signal:speed_limit_distant:speed" v="?;off"/>
 </node>
 <node id="11084390503" visible="true" version="2" changeset="147664294" timestamp="2024-02-19T19:04:32Z" user="Lukas615" uid="675791" lat="52.5469687" lon="13.3767993">
  <tag k="operator" v="DB InfraGO AG"/>
  <tag k="railway" v="signal"/>
  <tag k="railway:signal:direction" v="forward"/>
  <tag k="railway:signal:electricity" v="DE-ESO:el2"/>
  <tag k="railway:signal:electricity:deactivated" v="no"/>
  <tag k="railway:signal:electricity:form" v="sign"/>
  <tag k="railway:signal:electricity:height" v="normal"/>
  <tag k="railway:signal:electricity:type" v="power_on"/>
  <tag k="railway:signal:position" v="right"/>
 </node>
 <node id="11084394110" visible="true" version="2" changeset="147513353" timestamp="2024-02-16T02:12:19Z" user="Lukas615" uid="675791" lat="52.5479891" lon="13.3802209">
  <tag k="note" v="+ Schild &quot;FSP ZBS&quot;"/>
  <tag k="railway" v="signal"/>
  <tag k="railway:signal:combined" v="DE-ESO:ks"/>
  <tag k="railway:signal:combined:deactivated" v="no"/>
  <tag k="railway:signal:combined:form" v="light"/>
  <tag k="railway:signal:combined:function" v="block"/>
  <tag k="railway:signal:combined:height" v="normal"/>
  <tag k="railway:signal:combined:states" v="DE-ESO:hp0;DE-ESO:ks1;DE-ESO:ks2"/>
  <tag k="railway:signal:combined:substitute_signal" v="DE-ESO:db:zs12"/>
  <tag k="railway:signal:direction" v="backward"/>
  <tag k="railway:signal:position" v="bridge"/>
  <tag k="railway:signal:speed_limit" v="DE-ESO:zs3"/>
  <tag k="railway:signal:speed_limit_distant" v="DE-ESO:zs3v"/>
  <tag k="railway:signal:speed_limit_distant:form" v="light"/>
  <tag k="railway:signal:speed_limit_distant:height" v="normal"/>
  <tag k="railway:signal:speed_limit:form" v="light"/>
  <tag k="railway:signal:speed_limit:height" v="normal"/>
  <tag k="railway:signal:traversable" v="DE-ESO:mastschild_rot-weiss"/>
  <tag k="railway:signal:traversable:type" v="written_default_speed;dictated_default_speed"/>
  <tag k="ref" v="986"/>
 </node>
 <node id="11085544734" visible="true" version="2" changeset="147664294" timestamp="2024-02-19T19:04:32Z" user="Lukas615" uid="675791" lat="52.5354457" lon="13.3383814">
  <tag k="operator" v="DB InfraGO AG"/>
  <tag k="railway" v="signal"/>
  <tag k="railway:signal:combined" v="DE-ESO:ks"/>
  <tag k="railway:signal:combined:deactivated" v="no"/>
  <tag k="railway:signal:combined:form" v="light"/>
  <tag k="railway:signal:combined:function" v="block"/>
  <tag k="railway:signal:combined:height" v="normal"/>
  <tag k="railway:signal:combined:shortened" v="no"/>
  <tag k="railway:signal:combined:states" v="DE-ESO:hp0;DE-ESO:ks1;DE-ESO:ks2"/>
  <tag k="railway:signal:combined:substitute_signal" v="DE-ESO:db:zs12;DE-ESO:dr:zs1"/>
  <tag k="railway:signal:direction" v="backward"/>
  <tag k="railway:signal:position" v="left"/>
  <tag k="railway:signal:speed_limit_distant" v="DE-ESO:zs3v"/>
  <tag k="railway:signal:speed_limit_distant:deactivated" v="no"/>
  <tag k="railway:signal:speed_limit_distant:form" v="light"/>
  <tag k="railway:signal:speed_limit_distant:height" v="normal"/>
  <tag k="railway:signal:speed_limit_distant:speed" v="?;off"/>
  <tag k="railway:signal:traversable" v="DE-ESO:mastschild_rot-weiss"/>
  <tag k="railway:signal:traversable:type" v="written_default_speed;dictated_default_speed"/>
  <tag k="ref" v="948"/>
 </node>
 <node id="11224411038" visible="true" version="3" changeset="147628757" timestamp="2024-02-18T23:56:30Z" user="Lukas615" uid="675791" lat="52.5493780" lon="13.4144414">
  <tag k="operator" v="DB InfraGO AG"/>
  <tag k="railway" v="signal"/>
  <tag k="railway:signal:combined" v="DE-ESO:ks"/>
  <tag k="railway:signal:combined:deactivated" v="no"/>
  <tag k="railway:signal:combined:form" v="light"/>
  <tag k="railway:signal:combined:height" v="normal"/>
  <tag k="railway:signal:combined:shortened" v="no"/>
  <tag k="railway:signal:combined:states" v="DE-ESO:hp0;DE-ESO:ks1;DE-ESO:ks2"/>
  <tag k="railway:signal:combined:substitute_signal" v="DE-ESO:db:zs12;DE-ESO:db:zs7"/>
  <tag k="railway:signal:departure" v="DE-ESO:zp"/>
  <tag k="railway:signal:departure:deactivated" v="no"/>
  <tag k="railway:signal:departure:form" v="light"/>
  <tag k="railway:signal:departure:states" v="DE-ESO:zp10;DE-ESO:zp9"/>
  <tag k="railway:signal:direction" v="backward"/>
  <tag k="railway:signal:position" v="left"/>
  <tag k="railway:signal:route" v="DE-ESO:zs2"/>
  <tag k="railway:signal:route:deactivated" v="no"/>
  <tag k="railway:signal:route:form" v="light"/>
  <tag k="railway:signal:route:states" v="R;off"/>
  <tag k="railway:signal:speed_limit" v="DE-ESO:zs3"/>
  <tag k="railway:signal:speed_limit:deactivated" v="no"/>
  <tag k="railway:signal:speed_limit_distant" v="DE-ESO:zs3v"/>
  <tag k="railway:signal:speed_limit_distant:deactivated" v="no"/>
  <tag k="railway:signal:speed_limit_distant:form" v="light"/>
  <tag k="railway:signal:speed_limit_distant:height" v="normal"/>
  <tag k="railway:signal:speed_limit_distant:speed" v="60;off"/>
  <tag k="railway:signal:speed_limit:form" v="light"/>
  <tag k="railway:signal:speed_limit:height" v="normal"/>
  <tag k="railway:signal:speed_limit:speed" v="40;off"/>
  <tag k="railway:signal:traversable" v="DE-ESO:mastschild_rot-weiss"/>
  <tag k="railway:signal:traversable:type" v="written_default_speed;dictated_default_speed"/>
  <tag k="ref" v="526"/>
 </node>
 <node id="11226405253" visible="true" version="2" changeset="156705640" timestamp="2024-09-16T20:44:57Z" user="Lukas615" uid="675791" lat="52.5454217" lon="13.4245386">
  <tag k="operator" v="DB InfraGO AG"/>
  <tag k="railway" v="signal"/>
  <tag k="railway:signal:combined" v="DE-ESO:ks"/>
  <tag k="railway:signal:combined:deactivated" v="no"/>
  <tag k="railway:signal:combined:form" v="light"/>
  <tag k="railway:signal:combined:height" v="normal"/>
  <tag k="railway:signal:combined:shortened" v="no"/>
  <tag k="railway:signal:combined:states" v="DE-ESO:hp0;DE-ESO:ks1;DE-ESO:ks2"/>
  <tag k="railway:signal:combined:substitute_signal" v="DE-ESO:db:zs12;DE-ESO:db:zs7;DE-ESO:dr:zs1"/>
  <tag k="railway:signal:departure" v="DE-ESO:zp"/>
  <tag k="railway:signal:departure:form" v="light"/>
  <tag k="railway:signal:departure:states" v="DE-ESO:zp10;DE-ESO:zp9"/>
  <tag k="railway:signal:direction" v="backward"/>
  <tag k="railway:signal:position" v="left"/>
  <tag k="railway:signal:speed_limit_distant" v="DE-ESO:zs3v"/>
  <tag k="railway:signal:speed_limit_distant:form" v="light"/>
  <tag k="railway:signal:speed_limit_distant:height" v="normal"/>
  <tag k="railway:signal:speed_limit_distant:speed" v="40"/>
  <tag k="railway:signal:traversable" v="DE-ESO:mastschild_rot-weiss"/>
  <tag k="railway:signal:traversable:type" v="written_default_speed;dictated_default_speed"/>
  <tag k="ref" v="540"/>
 </node>
 <node id="11547027520" visible="true" version="2" changeset="158597161" timestamp="2024-10-31T20:42:12Z" user="Lukas615" uid="675791" lat="52.4699588" lon="13.4461391">
  <tag k="fixme" v="Ein Zusatzanzeiger noch nicht erfasst"/>
  <tag k="operator" v="DB InfraGO AG"/>
  <tag k="railway" v="signal"/>
  <tag k="railway:signal:combined" v="DE-ESO:ks"/>
  <tag k="railway:signal:combined:deactivated" v="no"/>
  <tag k="railway:signal:combined:form" v="light"/>
  <tag k="railway:signal:combined:height" v="normal"/>
  <tag k="railway:signal:combined:shortened" v="no"/>
  <tag k="railway:signal:combined:states" v="DE-ESO:hp0;DE-ESO:ks1;DE-ESO:ks2"/>
  <tag k="railway:signal:combined:substitute_signal" v="DE-ESO:db:zs12;DE-ESO:dr:zs1"/>
  <tag k="railway:signal:direction" v="forward"/>
  <tag k="railway:signal:position" v="right"/>
  <tag k="railway:signal:speed_limit_distant" v="DE-ESO:zs3v"/>
  <tag k="railway:signal:speed_limit_distant:deactivated" v="no"/>
  <tag k="railway:signal:speed_limit_distant:form" v="light"/>
  <tag k="railway:signal:speed_limit_distant:height" v="normal"/>
  <tag k="railway:signal:speed_limit_distant:speed" v="40;off"/>
  <tag k="railway:signal:traversable" v="DE-ESO:mastschild_rot-weiss"/>
  <tag k="railway:signal:traversable:type" v="written_default_speed;dictated_default_speed"/>
  <tag k="ref" v="715"/>
 </node>
 <node id="11552979478" visible="true" version="1" changeset="146694822" timestamp="2024-01-26T02:55:44Z" user="Lukas615" uid="675791" lat="52.4664219" lon="13.3981785">
  <tag k="operator" v="DB InfraGO AG"/>
  <tag k="railway" v="milestone"/>
  <tag k="railway:milestone:catenary_mast" v="no"/>
  <tag k="railway:milestone:emergency_brake_override" v="no"/>
  <tag k="railway:position" v="20.8"/>
 </node>
 <node id="11552979488" visible="true" version="1" changeset="146694822" timestamp="2024-01-26T02:55:44Z" user="Lukas615" uid="675791" lat="52.4815341" lon="13.4578509">
  <tag k="fixme" v="Ein Zusatzanzeiger noch nicht erfasst"/>
  <tag k="operator" v="DB InfraGO AG"/>
  <tag k="railway" v="signal"/>
  <tag k="railway:signal:direction" v="backward"/>
  <tag k="railway:signal:distant" v="DE-ESO:ks"/>
  <tag k="railway:signal:distant:deactivated" v="no"/>
  <tag k="railway:signal:distant:form" v="light"/>
  <tag k="railway:signal:distant:height" v="normal"/>
  <tag k="railway:signal:distant:repeated" v="no"/>
  <tag k="railway:signal:distant:shortened" v="no"/>
  <tag k="railway:signal:distant:states" v="DE-ESO:ks1;DE-ESO:ks2"/>
  <tag k="railway:signal:position" v="bridge"/>
  <tag k="railway:signal:speed_limit_distant" v="DE-ESO:zs3v"/>
  <tag k="railway:signal:speed_limit_distant:deactivated" v="no"/>
  <tag k="railway:signal:speed_limit_distant:form" v="light"/>
  <tag k="railway:signal:speed_limit_distant:height" v="normal"/>
  <tag k="railway:signal:speed_limit_distant:speed" v="?;off"/>
 </node>
 <node id="11552979489" visible="true" version="1" changeset="146694822" timestamp="2024-01-26T02:55:44Z" user="Lukas615" uid="675791" lat="52.4746509" lon="13.4564595">
  <tag k="operator" v="DB InfraGO AG"/>
  <tag k="railway" v="signal"/>
  <tag k="railway:signal:direction" v="backward"/>
  <tag k="railway:signal:position" v="right"/>
  <tag k="railway:signal:speed_limit" v="DE-ESO:lf7"/>
  <tag k="railway:signal:speed_limit:deactivated" v="no"/>
  <tag k="railway:signal:speed_limit:form" v="sign"/>
  <tag k="railway:signal:speed_limit:height" v="normal"/>
  <tag k="railway:signal:speed_limit:speed" v="100"/>
 </node>
 <node id="11552979491" visible="true" version="1" changeset="146694822" timestamp="2024-01-26T02:55:44Z" user="Lukas615" uid="675791" lat="52.4744851" lon="13.4564160">
  <tag k="operator" v="DB InfraGO AG"/>
  <tag k="railway" v="signal"/>
  <tag k="railway:signal:combined" v="DE-ESO:ks"/>
  <tag k="railway:signal:combined:deactivated" v="no"/>
  <tag k="railway:signal:combined:form" v="light"/>
  <tag k="railway:signal:combined:function" v="block"/>
  <tag k="railway:signal:combined:height" v="normal"/>
  <tag k="railway:signal:combined:shortened" v="no"/>
  <tag k="railway:signal:combined:states" v="DE-ESO:hp0;DE-ESO:ks1;DE-ESO:ks2"/>
  <tag k="railway:signal:combined:substitute_signal" v="DE-ESO:dr:zs1"/>
  <tag k="railway:signal:direction" v="forward"/>
  <tag k="railway:signal:position" v="right"/>
  <tag k="railway:signal:speed_limit" v="DE-ESO:zs3"/>
  <tag k="railway:signal:speed_limit:deactivated" v="no"/>
  <tag k="railway:signal:speed_limit_distant" v="DE-ESO:zs3v"/>
  <tag k="railway:signal:speed_limit_distant:deactivated" v="no"/>
  <tag k="railway:signal:speed_limit_distant:form" v="light"/>
  <tag k="railway:signal:speed_limit_distant:height" v="normal"/>
  <tag k="railway:signal:speed_limit_distant:speed" v="?;off"/>
  <tag k="railway:signal:speed_limit:form" v="light"/>
  <tag k="railway:signal:speed_limit:height" v="normal"/>
  <tag k="railway:signal:speed_limit:speed" v="?;off"/>
  <tag k="railway:signal:traversable" v="DE-ESO:mastschild_schwarz-weiss"/>
  <tag k="railway:signal:traversable:type" v="always_on_sight"/>
  <tag k="ref" v="703"/>
 </node>
 <node id="11552979492" visible="true" version="1" changeset="146694822" timestamp="2024-01-26T02:55:44Z" user="Lukas615" uid="675791" lat="52.4817699" lon="13.4578986">
  <tag k="operator" v="DB InfraGO AG"/>
  <tag k="railway" v="signal"/>
  <tag k="railway:signal:combined" v="DE-ESO:ks"/>
  <tag k="railway:signal:combined:deactivated" v="no"/>
  <tag k="railway:signal:combined:form" v="light"/>
  <tag k="railway:signal:combined:function" v="block"/>
  <tag k="railway:signal:combined:height" v="normal"/>
  <tag k="railway:signal:combined:shortened" v="no"/>
  <tag k="railway:signal:combined:states" v="DE-ESO:hp0;DE-ESO:ks1;DE-ESO:ks2"/>
  <tag k="railway:signal:combined:substitute_signal" v="DE-ESO:dr:zs1"/>
  <tag k="railway:signal:direction" v="forward"/>
  <tag k="railway:signal:position" v="right"/>
  <tag k="railway:signal:speed_limit" v="DE-ESO:zs3"/>
  <tag k="railway:signal:speed_limit:deactivated" v="no"/>
  <tag k="railway:signal:speed_limit_distant" v="DE-ESO:zs3v"/>
  <tag k="railway:signal:speed_limit_distant:deactivated" v="no"/>
  <tag k="railway:signal:speed_limit_distant:form" v="light"/>
  <tag k="railway:signal:speed_limit_distant:height" v="normal"/>
  <tag k="railway:signal:speed_limit_distant:speed" v="?;off"/>
  <tag k="railway:signal:speed_limit:form" v="light"/>
  <tag k="railway:signal:speed_limit:height" v="normal"/>
  <tag k="railway:signal:speed_limit:speed" v="?;off"/>
  <tag k="railway:signal:traversable" v="DE-ESO:mastschild_schwarz-weiss"/>
  <tag k="railway:signal:traversable:type" v="always_on_sight"/>
  <tag k="ref" v="697"/>
 </node>
 <node id="11552979494" visible="true" version="1" changeset="146694822" timestamp="2024-01-26T02:55:44Z" user="Lukas615" uid="675791" lat="52.4866914" lon="13.4588622"/>
 <node id="11552979495" visible="true" version="3" changeset="174746524" timestamp="2025-11-16T21:26:23Z" user="Lukas615" uid="675791" lat="52.4868909" lon="13.4588777">
  <tag k="fixme" v="Ein Zusatzanzeiger noch nicht erfasst"/>
  <tag k="operator" v="DB InfraGO AG"/>
  <tag k="railway" v="signal"/>
  <tag k="railway:signal:combined" v="DE-ESO:ks"/>
  <tag k="railway:signal:combined:deactivated" v="no"/>
  <tag k="railway:signal:combined:form" v="light"/>
  <tag k="railway:signal:combined:height" v="normal"/>
  <tag k="railway:signal:combined:shortened" v="no"/>
  <tag k="railway:signal:combined:states" v="DE-ESO:hp0;DE-ESO:ks1;DE-ESO:ks2"/>
  <tag k="railway:signal:combined:substitute_signal" v="DE-ESO:db:zs12;DE-ESO:dr:zs1"/>
  <tag k="railway:signal:direction" v="backward"/>
  <tag k="railway:signal:position" v="left"/>
  <tag k="railway:signal:speed_limit" v="DE-ESO:zs3"/>
  <tag k="railway:signal:speed_limit:deactivated" v="no"/>
  <tag k="railway:signal:speed_limit:form" v="light"/>
  <tag k="railway:signal:speed_limit:height" v="normal"/>
  <tag k="railway:signal:speed_limit:speed" v="50;?"/>
  <tag k="railway:signal:traversable" v="DE-ESO:mastschild_rot-weiss"/>
  <tag k="railway:signal:traversable:type" v="written_default_speed;dictated_default_speed"/>
  <tag k="ref" v="6094"/>
 </node>
 <node id="11552979497" visible="true" version="1" changeset="146694822" timestamp="2024-01-26T02:55:44Z" user="Lukas615" uid="675791" lat="52.4862285" lon="13.4587948"/>
 <node id="11555873697" visible="true" version="1" changeset="146731952" timestamp="2024-01-27T04:44:32Z" user="Lukas615" uid="675791" lat="52.4675720" lon="13.4303783">
  <tag k="operator" v="DB InfraGO AG"/>
  <tag k="railway" v="signal"/>
  <tag k="railway:signal:direction" v="forward"/>
  <tag k="railway:signal:position" v="right"/>
  <tag k="railway:signal:stop" v="DE-ESO:ne5"/>
  <tag k="railway:signal:stop:caption" v="24x"/>
  <tag k="railway:signal:stop:deactivated" v="no"/>
  <tag k="railway:signal:stop:form" v="sign"/>
  <tag k="railway:signal:stop:height" v="dwarf"/>
 </node>
 <node id="11555873698" visible="true" version="1" changeset="146731952" timestamp="2024-01-27T04:44:32Z" user="Lukas615" uid="675791" lat="52.4675234" lon="13.4300535">
  <tag k="operator" v="DB InfraGO AG"/>
  <tag k="railway" v="signal"/>
  <tag k="railway:signal:direction" v="forward"/>
  <tag k="railway:signal:position" v="right"/>
  <tag k="railway:signal:stop" v="DE-ESO:ne5"/>
  <tag k="railway:signal:stop:deactivated" v="no"/>
  <tag k="railway:signal:stop:form" v="sign"/>
  <tag k="railway:signal:stop:height" v="dwarf"/>
 </node>
 <node id="11555873699" visible="true" version="1" changeset="146731952" timestamp="2024-01-27T04:44:32Z" user="Lukas615" uid="675791" lat="52.4675080" lon="13.4299488">
  <tag k="fixme" v="Ein Zusatzanzeiger noch nicht erfasst"/>
  <tag k="operator" v="DB InfraGO AG"/>
  <tag k="railway" v="signal"/>
  <tag k="railway:signal:combined" v="DE-ESO:ks"/>
  <tag k="railway:signal:combined:deactivated" v="no"/>
  <tag k="railway:signal:combined:form" v="light"/>
  <tag k="railway:signal:combined:height" v="normal"/>
  <tag k="railway:signal:combined:shortened" v="no"/>
  <tag k="railway:signal:combined:states" v="DE-ESO:hp0;DE-ESO:ks1;DE-ESO:ks2"/>
  <tag k="railway:signal:combined:substitute_signal" v="DE-ESO:db:zs12;DE-ESO:db:zs7"/>
  <tag k="railway:signal:direction" v="forward"/>
  <tag k="railway:signal:minor" v="DE-ESO:sh1"/>
  <tag k="railway:signal:minor:form" v="light"/>
  <tag k="railway:signal:position" v="left"/>
  <tag k="railway:signal:traversable" v="DE-ESO:mastschild_rot-weiss"/>
  <tag k="railway:signal:traversable:type" v="written_default_speed;dictated_default_speed"/>
  <tag k="ref" v="739"/>
 </node>
 <node id="11555873705" visible="true" version="1" changeset="146731952" timestamp="2024-01-27T04:44:32Z" user="Lukas615" uid="675791" lat="52.4665428" lon="13.4227693">
  <tag k="fixme" v="Ein Zusatzanzeiger noch nicht erfasst"/>
  <tag k="operator" v="DB InfraGO AG"/>
  <tag k="railway" v="signal"/>
  <tag k="railway:signal:combined" v="DE-ESO:ks"/>
  <tag k="railway:signal:combined:deactivated" v="no"/>
  <tag k="railway:signal:combined:form" v="light"/>
  <tag k="railway:signal:combined:function" v="block"/>
  <tag k="railway:signal:combined:height" v="normal"/>
  <tag k="railway:signal:combined:shortened" v="no"/>
  <tag k="railway:signal:combined:states" v="DE-ESO:hp0;DE-ESO:ks1;DE-ESO:ks2"/>
  <tag k="railway:signal:combined:substitute_signal" v="DE-ESO:db:zs12;DE-ESO:dr:zs1"/>
  <tag k="railway:signal:direction" v="backward"/>
  <tag k="railway:signal:position" v="left"/>
  <tag k="railway:signal:traversable" v="DE-ESO:mastschild_rot-weiss"/>
  <tag k="railway:signal:traversable:type" v="written_default_speed;dictated_default_speed"/>
  <tag k="ref" v="736"/>
 </node>
 <node id="11555873708" visible="true" version="2" changeset="146800363" timestamp="2024-01-29T01:42:27Z" user="Lukas615" uid="675791" lat="52.4658766" lon="13.4181277">
  <tag k="operator" v="DB InfraGO AG"/>
  <tag k="railway" v="milestone"/>
  <tag k="railway:milestone:catenary_mast" v="no"/>
  <tag k="railway:milestone:emergency_brake_override" v="no"/>
  <tag k="railway:position" v="19.4"/>
 </node>
 <node id="11555873711" visible="true" version="1" changeset="146731952" timestamp="2024-01-27T04:44:32Z" user="Lukas615" uid="675791" lat="52.4649915" lon="13.4080739">
  <tag k="operator" v="DB InfraGO AG"/>
  <tag k="railway" v="milestone"/>
  <tag k="railway:milestone:catenary_mast" v="no"/>
  <tag k="railway:milestone:emergency_brake_override" v="no"/>
  <tag k="railway:position" v="20.1"/>
 </node>
 <node id="11555873712" visible="true" version="1" changeset="146731952" timestamp="2024-01-27T04:44:32Z" user="Lukas615" uid="675791" lat="52.4650067" lon="13.4082733">
  <tag k="operator" v="DB InfraGO AG"/>
  <tag k="railway" v="signal"/>
  <tag k="railway:signal:direction" v="backward"/>
  <tag k="railway:signal:distant" v="DE-ESO:ks"/>
  <tag k="railway:signal:distant:deactivated" v="no"/>
  <tag k="railway:signal:distant:form" v="light"/>
  <tag k="railway:signal:distant:height" v="normal"/>
  <tag k="railway:signal:distant:repeated" v="no"/>
  <tag k="railway:signal:distant:shortened" v="no"/>
  <tag k="railway:signal:distant:states" v="DE-ESO:ks1;DE-ESO:ks2"/>
  <tag k="railway:signal:position" v="bridge"/>
 </node>
 <node id="11555873714" visible="true" version="1" changeset="146731952" timestamp="2024-01-27T04:44:32Z" user="Lukas615" uid="675791" lat="52.4649663" lon="13.4047318"/>
 <node id="11558214690" visible="true" version="1" changeset="146763374" timestamp="2024-01-28T00:50:10Z" user="Lukas615" uid="675791" lat="52.4743295" lon="13.3664580"/>
 <node id="11558214705" visible="true" version="1" changeset="146763374" timestamp="2024-01-28T00:50:10Z" user="Lukas615" uid="675791" lat="52.4768379" lon="13.3649639"/>
 <node id="11558214706" visible="true" version="1" changeset="146763374" timestamp="2024-01-28T00:50:10Z" user="Lukas615" uid="675791" lat="52.4745638" lon="13.3663263">
  <tag k="operator" v="DB InfraGO AG"/>
  <tag k="railway" v="milestone"/>
  <tag k="railway:milestone:catenary_mast" v="no"/>
  <tag k="railway:milestone:emergency_brake_override" v="no"/>
  <tag k="railway:position" v="23.3"/>
 </node>
 <node id="11558214707" visible="true" version="1" changeset="146763374" timestamp="2024-01-28T00:50:10Z" user="Lukas615" uid="675791" lat="52.4747018" lon="13.3662549"/>
 <node id="11558214709" visible="true" version="1" changeset="146763374" timestamp="2024-01-28T00:50:10Z" user="Lukas615" uid="675791" lat="52.4726612" lon="13.3683969">
  <tag k="fixme" v="Zwei Zusatzanzeiger noch nicht erfasst"/>
  <tag k="operator" v="DB InfraGO AG"/>
  <tag k="railway" v="signal"/>
  <tag k="railway:signal:combined" v="DE-ESO:ks"/>
  <tag k="railway:signal:combined:deactivated" v="no"/>
  <tag k="railway:signal:combined:form" v="light"/>
  <tag k="railway:signal:combined:function" v="block"/>
  <tag k="railway:signal:combined:height" v="normal"/>
  <tag k="railway:signal:combined:shortened" v="no"/>
  <tag k="railway:signal:combined:states" v="DE-ESO:hp0;DE-ESO:ks1;DE-ESO:ks2"/>
  <tag k="railway:signal:combined:substitute_signal" v="DE-ESO:db:zs12;DE-ESO:db:zs7;DE-ESO:dr:zs1"/>
  <tag k="railway:signal:direction" v="forward"/>
  <tag k="railway:signal:position" v="right"/>
  <tag k="railway:signal:traversable" v="DE-ESO:mastschild_rot-weiss"/>
  <tag k="railway:signal:traversable:type" v="written_default_speed;dictated_default_speed"/>
  <tag k="ref" v="781"/>
 </node>
 <node id="11558214710" visible="true" version="1" changeset="146763374" timestamp="2024-01-28T00:50:10Z" user="Lukas615" uid="675791" lat="52.4723597" lon="13.3691151"/>
 <node id="11558214711" visible="true" version="1" changeset="146763374" timestamp="2024-01-28T00:50:10Z" user="Lukas615" uid="675791" lat="52.4717570" lon="13.3802583"/>
 <node id="11562454226" visible="true" version="1" changeset="146800363" timestamp="2024-01-29T01:42:27Z" user="Lukas615" uid="675791" lat="52.4674548" lon="13.4295943">
  <tag k="operator" v="DB InfraGO AG"/>
  <tag k="railway" v="milestone"/>
  <tag k="railway:milestone:catenary_mast" v="no"/>
  <tag k="railway:milestone:emergency_brake_override" v="no"/>
  <tag k="railway:position" v="18.6"/>
 </node>
 <node id="11562454229" visible="true" version="1" changeset="146800363" timestamp="2024-01-29T01:42:27Z" user="Lukas615" uid="675791" lat="52.4670928" lon="13.4267871">
  <tag k="operator" v="DB InfraGO AG"/>
  <tag k="railway" v="signal"/>
  <tag k="railway:signal:combined" v="DE-ESO:ks"/>
  <tag k="railway:signal:combined:deactivated" v="no"/>
  <tag k="railway:signal:combined:form" v="light"/>
  <tag k="railway:signal:combined:function" v="block"/>
  <tag k="railway:signal:combined:height" v="normal"/>
  <tag k="railway:signal:combined:shortened" v="no"/>
  <tag k="railway:signal:combined:states" v="DE-ESO:hp0;DE-ESO:ks1;DE-ESO:ks2"/>
  <tag k="railway:signal:combined:substitute_signal" v="DE-ESO:dr:zs1"/>
  <tag k="railway:signal:direction" v="forward"/>
  <tag k="railway:signal:position" v="right"/>
  <tag k="railway:signal:traversable" v="DE-ESO:mastschild_schwarz-weiss"/>
  <tag k="railway:signal:traversable:type" v="always_on_sight"/>
  <tag k="ref" v="743"/>
 </node>
 <node id="11562454230" visible="true" version="1" changeset="146800363" timestamp="2024-01-29T01:42:27Z" user="Lukas615" uid="675791" lat="52.4670810" lon="13.4266877">
  <tag k="operator" v="DB InfraGO AG"/>
  <tag k="railway" v="milestone"/>
  <tag k="railway:milestone:catenary_mast" v="no"/>
  <tag k="railway:milestone:emergency_brake_override" v="no"/>
  <tag k="railway:position" v="18.8"/>
 </node>
 <node id="11562454237" visible="true" version="1" changeset="146800363" timestamp="2024-01-29T01:42:27Z" user="Lukas615" uid="675791" lat="52.4668002" lon="13.4243803"/>
 <node id="11562454238" visible="true" version="1" changeset="146800363" timestamp="2024-01-29T01:42:27Z" user="Lukas615" uid="675791" lat="52.4666731" lon="13.4234892"/>
 <node id="11562454242" visible="true" version="1" changeset="146800363" timestamp="2024-01-29T01:42:27Z" user="Lukas615" uid="675791" lat="52.4666104" lon="13.4231311"/>
 <node id="11562454243" visible="true" version="1" changeset="146800363" timestamp="2024-01-29T01:42:27Z" user="Lukas615" uid="675791" lat="52.4665358" lon="13.4227336">
  <tag k="operator" v="DB InfraGO AG"/>
  <tag k="railway" v="signal"/>
  <tag k="railway:signal:direction" v="backward"/>
  <tag k="railway:signal:position" v="left"/>
  <tag k="railway:signal:speed_limit_distant" v="DE-ESO:lf6"/>
  <tag k="railway:signal:speed_limit_distant:deactivated" v="no"/>
  <tag k="railway:signal:speed_limit_distant:form" v="sign"/>
  <tag k="railway:signal:speed_limit_distant:height" v="normal"/>
  <tag k="railway:signal:speed_limit_distant:speed" v="70"/>
 </node>
 <node id="11562454245" visible="true" version="1" changeset="146800363" timestamp="2024-01-29T01:42:27Z" user="Lukas615" uid="675791" lat="52.4662095" lon="13.4210128">
  <tag k="operator" v="DB InfraGO AG"/>
  <tag k="railway" v="milestone"/>
  <tag k="railway:milestone:catenary_mast" v="no"/>
  <tag k="railway:milestone:emergency_brake_override" v="no"/>
  <tag k="railway:position" v="19.2"/>
 </node>
 <node id="11562454247" visible="true" version="1" changeset="146800363" timestamp="2024-01-29T01:42:27Z" user="Lukas615" uid="675791" lat="52.4660297" lon="13.4197032"/>
 <node id="11562454250" visible="true" version="1" changeset="146800363" timestamp="2024-01-29T01:42:27Z" user="Lukas615" uid="675791" lat="52.4660781" lon="13.4201116"/>
 <node id="11562454252" visible="true" version="1" changeset="146800363" timestamp="2024-01-29T01:42:27Z" user="Lukas615" uid="675791" lat="52.4656045" lon="13.4152090">
  <tag k="operator" v="DB InfraGO AG"/>
  <tag k="railway" v="milestone"/>
  <tag k="railway:milestone:catenary_mast" v="no"/>
  <tag k="railway:milestone:emergency_brake_override" v="no"/>
  <tag k="railway:position" v="19.6"/>
 </node>
 <node id="11562454265" visible="true" version="1" changeset="146800363" timestamp="2024-01-29T01:42:27Z" user="Lukas615" uid="675791" lat="52.4694040" lon="13.3908172">
  <tag k="operator" v="DB InfraGO AG"/>
  <tag k="railway" v="signal"/>
  <tag k="railway:signal:direction" v="backward"/>
  <tag k="railway:signal:electricity" v="DE-ESO:el2"/>
  <tag k="railway:signal:electricity:deactivated" v="no"/>
  <tag k="railway:signal:electricity:form" v="sign"/>
  <tag k="railway:signal:electricity:height" v="normal"/>
  <tag k="railway:signal:electricity:type" v="power_on"/>
  <tag k="railway:signal:position" v="right"/>
 </node>
 <node id="11562454266" visible="true" version="1" changeset="146800363" timestamp="2024-01-29T01:42:27Z" user="Lukas615" uid="675791" lat="52.4691201" lon="13.3916178">
  <tag k="operator" v="DB InfraGO AG"/>
  <tag k="railway" v="milestone"/>
  <tag k="railway:milestone:catenary_mast" v="no"/>
  <tag k="railway:milestone:emergency_brake_override" v="no"/>
  <tag k="railway:position" v="21.3"/>
 </node>
 <node id="11562536780" visible="true" version="1" changeset="146800363" timestamp="2024-01-29T01:42:27Z" user="Lukas615" uid="675791" lat="52.4766774" lon="13.3650928">
  <tag k="operator" v="DB InfraGO AG"/>
  <tag k="railway" v="signal"/>
  <tag k="railway:signal:direction" v="forward"/>
  <tag k="railway:signal:position" v="right"/>
  <tag k="railway:signal:speed_limit_distant" v="DE-ESO:lf6"/>
  <tag k="railway:signal:speed_limit_distant:deactivated" v="no"/>
  <tag k="railway:signal:speed_limit_distant:form" v="sign"/>
  <tag k="railway:signal:speed_limit_distant:height" v="dwarf"/>
  <tag k="railway:signal:speed_limit_distant:speed" v="70"/>
  <tag k="railway:signal:speed_limit_distant:turn_direction" v="right"/>
 </node>
 <node id="11562536781" visible="true" version="2" changeset="162697339" timestamp="2025-02-19T11:44:57Z" user="kartograph" uid="17304" lat="52.4796738" lon="13.3586903">
  <tag k="operator" v="DB InfraGO AG"/>
  <tag k="railway" v="milestone"/>
  <tag k="railway:milestone:catenary_mast" v="no"/>
  <tag k="railway:milestone:emergency_brake_override" v="no"/>
  <tag k="railway:position" v="24.1"/>
 </node>
 <node id="11562536783" visible="true" version="1" changeset="146800363" timestamp="2024-01-29T01:42:27Z" user="Lukas615" uid="675791" lat="52.4778461" lon="13.3637453">
  <tag k="operator" v="DB InfraGO AG"/>
  <tag k="railway" v="milestone"/>
  <tag k="railway:milestone:catenary_mast" v="no"/>
  <tag k="railway:milestone:emergency_brake_override" v="no"/>
  <tag k="railway:position" v="23.7"/>
 </node>
 <node id="11562536787" visible="true" version="1" changeset="146800363" timestamp="2024-01-29T01:42:27Z" user="Lukas615" uid="675791" lat="52.4758161" lon="13.3656724">
  <tag k="operator" v="DB InfraGO AG"/>
  <tag k="railway" v="signal"/>
  <tag k="railway:signal:direction" v="forward"/>
  <tag k="railway:signal:electricity" v="DE-ESO:el2"/>
  <tag k="railway:signal:electricity:deactivated" v="no"/>
  <tag k="railway:signal:electricity:form" v="sign"/>
  <tag k="railway:signal:electricity:height" v="normal"/>
  <tag k="railway:signal:electricity:type" v="power_on"/>
  <tag k="railway:signal:position" v="right"/>
 </node>
 <node id="11562536788" visible="true" version="1" changeset="146800363" timestamp="2024-01-29T01:42:27Z" user="Lukas615" uid="675791" lat="52.4719309" lon="13.3725430">
  <tag k="operator" v="DB InfraGO AG"/>
  <tag k="railway" v="milestone"/>
  <tag k="railway:milestone:catenary_mast" v="no"/>
  <tag k="railway:milestone:emergency_brake_override" v="no"/>
  <tag k="railway:position" v="22.7"/>
 </node>
 <node id="11562536789" visible="true" version="1" changeset="146800363" timestamp="2024-01-29T01:42:27Z" user="Lukas615" uid="675791" lat="52.4713687" lon="13.3826792">
  <tag k="operator" v="DB InfraGO AG"/>
  <tag k="railway" v="milestone"/>
  <tag k="railway:milestone:catenary_mast" v="no"/>
  <tag k="railway:milestone:emergency_brake_override" v="no"/>
  <tag k="railway:position" v="22.0"/>
 </node>
 <node id="11562536790" visible="true" version="1" changeset="146800363" timestamp="2024-01-29T01:42:27Z" user="Lukas615" uid="675791" lat="52.4709547" lon="13.3848638">
  <tag k="operator" v="DB InfraGO AG"/>
  <tag k="railway" v="signal"/>
  <tag k="railway:signal:direction" v="forward"/>
  <tag k="railway:signal:electricity" v="DE-ESO:el2"/>
  <tag k="railway:signal:electricity:deactivated" v="no"/>
  <tag k="railway:signal:electricity:form" v="sign"/>
  <tag k="railway:signal:electricity:height" v="normal"/>
  <tag k="railway:signal:electricity:type" v="power_on"/>
  <tag k="railway:signal:position" v="right"/>
 </node>
 <node id="11562536794" visible="true" version="1" changeset="146800363" timestamp="2024-01-29T01:42:27Z" user="Lukas615" uid="675791" lat="52.4699464" lon="13.3888186">
  <tag k="operator" v="DB InfraGO AG"/>
  <tag k="railway" v="signal"/>
  <tag k="railway:signal:direction" v="forward"/>
  <tag k="railway:signal:electricity" v="DE-ESO:el1"/>
  <tag k="railway:signal:electricity:deactivated" v="no"/>
  <tag k="railway:signal:electricity:form" v="sign"/>
  <tag k="railway:signal:electricity:height" v="normal"/>
  <tag k="railway:signal:electricity:turn_direction" v="left"/>
  <tag k="railway:signal:electricity:type" v="power_off"/>
  <tag k="railway:signal:position" v="right"/>
 </node>
 <node id="11564730176" visible="true" version="1" changeset="146829192" timestamp="2024-01-29T16:26:52Z" user="Lukas615" uid="675791" lat="52.4693466" lon="13.4421642">
  <tag k="operator" v="DB InfraGO AG"/>
  <tag k="railway" v="signal"/>
  <tag k="railway:signal:direction" v="forward"/>
  <tag k="railway:signal:position" v="right"/>
  <tag k="railway:signal:stop" v="DE-ESO:ne5"/>
  <tag k="railway:signal:stop:deactivated" v="no"/>
  <tag k="railway:signal:stop:form" v="sign"/>
  <tag k="railway:signal:stop:height" v="dwarf"/>
 </node>
 <node id="11564730177" visible="true" version="1" changeset="146829192" timestamp="2024-01-29T16:26:52Z" user="Lukas615" uid="675791" lat="52.4694162" lon="13.4425954">
  <tag k="operator" v="DB InfraGO AG"/>
  <tag k="railway" v="signal"/>
  <tag k="railway:signal:direction" v="forward"/>
  <tag k="railway:signal:position" v="right"/>
  <tag k="railway:signal:stop" v="DE-ESO:ne5"/>
  <tag k="railway:signal:stop:caption" v="24x Kurzzug"/>
  <tag k="railway:signal:stop:deactivated" v="no"/>
  <tag k="railway:signal:stop:form" v="sign"/>
  <tag k="railway:signal:stop:height" v="dwarf"/>
 </node>
 <node id="11564730185" visible="true" version="1" changeset="146829192" timestamp="2024-01-29T16:26:52Z" user="Lukas615" uid="675791" lat="52.4693090" lon="13.4419345">
  <tag k="operator" v="DB InfraGO AG"/>
  <tag k="railway" v="signal"/>
  <tag k="railway:signal:direction" v="forward"/>
  <tag k="railway:signal:position" v="right"/>
  <tag k="railway:signal:speed_limit_distant" v="DE-ESO:lf6"/>
  <tag k="railway:signal:speed_limit_distant:deactivated" v="no"/>
  <tag k="railway:signal:speed_limit_distant:form" v="sign"/>
  <tag k="railway:signal:speed_limit_distant:height" v="normal"/>
  <tag k="railway:signal:speed_limit_distant:speed" v="70"/>
 </node>
 <node id="11564730193" visible="true" version="1" changeset="146829192" timestamp="2024-01-29T16:26:52Z" user="Lukas615" uid="675791" lat="52.4692464" lon="13.4416086">
  <tag k="operator" v="DB InfraGO AG"/>
  <tag k="railway" v="signal"/>
  <tag k="railway:signal:direction" v="backward"/>
  <tag k="railway:signal:electricity" v="DE-ESO:el2"/>
  <tag k="railway:signal:electricity:deactivated" v="no"/>
  <tag k="railway:signal:electricity:form" v="sign"/>
  <tag k="railway:signal:electricity:height" v="normal"/>
  <tag k="railway:signal:electricity:type" v="power_on"/>
  <tag k="railway:signal:position" v="left"/>
 </node>
 <node id="11564730196" visible="true" version="1" changeset="146829192" timestamp="2024-01-29T16:26:52Z" user="Lukas615" uid="675791" lat="52.4690827" lon="13.4408095"/>
 <node id="11564730197" visible="true" version="1" changeset="146829192" timestamp="2024-01-29T16:26:52Z" user="Lukas615" uid="675791" lat="52.4691383" lon="13.4410895">
  <tag k="operator" v="DB InfraGO AG"/>
  <tag k="railway" v="milestone"/>
  <tag k="railway:milestone:catenary_mast" v="no"/>
  <tag k="railway:milestone:emergency_brake_override" v="no"/>
  <tag k="railway:position" v="17.8"/>
 </node>
 <node id="11564730198" visible="true" version="1" changeset="146829192" timestamp="2024-01-29T16:26:52Z" user="Lukas615" uid="675791" lat="52.4689783" lon="13.4402134"/>
 <node id="11564730201" visible="true" version="1" changeset="146829192" timestamp="2024-01-29T16:26:52Z" user="Lukas615" uid="675791" lat="52.4686747" lon="13.4382086">
  <tag k="operator" v="DB InfraGO AG"/>
  <tag k="railway" v="milestone"/>
  <tag k="railway:milestone:catenary_mast" v="no"/>
  <tag k="railway:milestone:emergency_brake_override" v="no"/>
  <tag k="railway:position" v="18.0"/>
 </node>
 <node id="11564730202" visible="true" version="2" changeset="146843282" timestamp="2024-01-30T01:09:23Z" user="Lukas615" uid="675791" lat="52.4687187" lon="13.4384950">
  <tag k="fixme" v="Zwei Zusatzanzeiger noch nicht vollständig erfasst"/>
  <tag k="operator" v="DB InfraGO AG"/>
  <tag k="railway" v="signal"/>
  <tag k="railway:signal:combined" v="DE-ESO:ks"/>
  <tag k="railway:signal:combined:deactivated" v="no"/>
  <tag k="railway:signal:combined:form" v="light"/>
  <tag k="railway:signal:combined:function" v="block"/>
  <tag k="railway:signal:combined:height" v="normal"/>
  <tag k="railway:signal:combined:shortened" v="no"/>
  <tag k="railway:signal:combined:states" v="DE-ESO:hp0;DE-ESO:ks1;DE-ESO:ks2"/>
  <tag k="railway:signal:combined:substitute_signal" v="DE-ESO:db:zs12;DE-ESO:db:zs7;DE-ESO:dr:zs1"/>
  <tag k="railway:signal:direction" v="forward"/>
  <tag k="railway:signal:position" v="right"/>
  <tag k="railway:signal:speed_limit" v="DE-ESO:zs3"/>
  <tag k="railway:signal:speed_limit:deactivated" v="no"/>
  <tag k="railway:signal:speed_limit:form" v="light"/>
  <tag k="railway:signal:speed_limit:height" v="normal"/>
  <tag k="railway:signal:speed_limit:speed" v="60;?;off"/>
  <tag k="railway:signal:traversable" v="DE-ESO:mastschild_rot-weiss"/>
  <tag k="railway:signal:traversable:type" v="written_default_speed;dictated_default_speed"/>
  <tag k="ref" v="725"/>
 </node>
 <node id="11564730224" visible="true" version="1" changeset="146829192" timestamp="2024-01-29T16:26:52Z" user="Lukas615" uid="675791" lat="52.4679118" lon="13.4329966"/>
 <node id="11564730225" visible="true" version="1" changeset="146829192" timestamp="2024-01-29T16:26:52Z" user="Lukas615" uid="675791" lat="52.4682389" lon="13.4353403">
  <tag k="operator" v="DB InfraGO AG"/>
  <tag k="railway" v="milestone"/>
  <tag k="railway:milestone:catenary_mast" v="no"/>
  <tag k="railway:milestone:emergency_brake_override" v="no"/>
  <tag k="railway:position" v="18.2"/>
 </node>
 <node id="11564730226" visible="true" version="1" changeset="146829192" timestamp="2024-01-29T16:26:52Z" user="Lukas615" uid="675791" lat="52.4682295" lon="13.4352782">
  <tag k="fixme" v="Ein Zusatzanzeiger noch nicht vollständig erfasst"/>
  <tag k="operator" v="DB InfraGO AG"/>
  <tag k="railway" v="signal"/>
  <tag k="railway:signal:combined" v="DE-ESO:ks"/>
  <tag k="railway:signal:combined:deactivated" v="no"/>
  <tag k="railway:signal:combined:form" v="light"/>
  <tag k="railway:signal:combined:function" v="block"/>
  <tag k="railway:signal:combined:height" v="normal"/>
  <tag k="railway:signal:combined:shortened" v="no"/>
  <tag k="railway:signal:combined:states" v="DE-ESO:hp0;DE-ESO:ks1;DE-ESO:ks2"/>
  <tag k="railway:signal:combined:substitute_signal" v="DE-ESO:db:zs12;DE-ESO:db:zs7;DE-ESO:dr:zs1"/>
  <tag k="railway:signal:direction" v="forward"/>
  <tag k="railway:signal:position" v="right"/>
  <tag k="railway:signal:traversable" v="DE-ESO:mastschild_rot-weiss"/>
  <tag k="railway:signal:traversable:type" v="written_default_speed;dictated_default_speed"/>
  <tag k="ref" v="729"/>
 </node>
 <node id="11564730227" visible="true" version="1" changeset="146829192" timestamp="2024-01-29T16:26:52Z" user="Lukas615" uid="675791" lat="52.4678205" lon="13.4320900"/>
 <node id="11565843314" visible="true" version="1" changeset="146843282" timestamp="2024-01-30T01:09:23Z" user="Lukas615" uid="675791" lat="52.4779874" lon="13.3359969">
  <tag k="operator" v="DB InfraGO AG"/>
  <tag k="railway" v="signal"/>
  <tag k="railway:signal:direction" v="backward"/>
  <tag k="railway:signal:distant" v="DE-ESO:ks"/>
  <tag k="railway:signal:distant:deactivated" v="no"/>
  <tag k="railway:signal:distant:form" v="light"/>
  <tag k="railway:signal:distant:height" v="normal"/>
  <tag k="railway:signal:distant:repeated" v="no"/>
  <tag k="railway:signal:distant:shortened" v="no"/>
  <tag k="railway:signal:distant:states" v="DE-ESO:ks1;DE-ESO:ks2"/>
  <tag k="railway:signal:position" v="left"/>
  <tag k="railway:signal:speed_limit_distant" v="DE-ESO:zs3v"/>
  <tag k="railway:signal:speed_limit_distant:deactivated" v="no"/>
  <tag k="railway:signal:speed_limit_distant:form" v="light"/>
  <tag k="railway:signal:speed_limit_distant:height" v="normal"/>
  <tag k="railway:signal:speed_limit_distant:speed" v="?;off"/>
 </node>
 <node id="11565843315" visible="true" version="1" changeset="146843282" timestamp="2024-01-30T01:09:23Z" user="Lukas615" uid="675791" lat="52.4781311" lon="13.3393590"/>
 <node id="11565843316" visible="true" version="1" changeset="146843282" timestamp="2024-01-30T01:09:23Z" user="Lukas615" uid="675791" lat="52.4781733" lon="13.3415118">
  <tag k="operator" v="DB InfraGO AG"/>
  <tag k="railway" v="milestone"/>
  <tag k="railway:milestone:catenary_mast" v="no"/>
  <tag k="railway:milestone:emergency_brake_override" v="no"/>
  <tag k="railway:position" v="25.3"/>
 </node>
 <node id="11565843318" visible="true" version="1" changeset="146843282" timestamp="2024-01-30T01:09:23Z" user="Lukas615" uid="675791" lat="52.4782616" lon="13.3473640">
  <tag k="operator" v="DB InfraGO AG"/>
  <tag k="railway" v="milestone"/>
  <tag k="railway:milestone:catenary_mast" v="no"/>
  <tag k="railway:milestone:emergency_brake_override" v="no"/>
  <tag k="railway:position" v="24.9"/>
 </node>
 <node id="11565843321" visible="true" version="1" changeset="146843282" timestamp="2024-01-30T01:09:23Z" user="Lukas615" uid="675791" lat="52.4782912" lon="13.3475025"/>
 <node id="11575205948" visible="true" version="1" changeset="146926280" timestamp="2024-02-01T00:50:11Z" user="Lukas615" uid="675791" lat="52.4929774" lon="13.2947103"/>
 <node id="11575205949" visible="true" version="1" changeset="146926280" timestamp="2024-02-01T00:50:11Z" user="Lukas615" uid="675791" lat="52.4911387" lon="13.2968101">
  <tag k="operator" v="DB InfraGO AG"/>
  <tag k="railway" v="milestone"/>
  <tag k="railway:milestone:catenary_mast" v="no"/>
  <tag k="railway:milestone:emergency_brake_override" v="no"/>
  <tag k="railway:position" v="29.0"/>
 </node>
 <node id="11575205951" visible="true" version="1" changeset="146926280" timestamp="2024-02-01T00:50:11Z" user="Lukas615" uid="675791" lat="52.4898407" lon="13.2986028"/>
 <node id="11575205952" visible="true" version="1" changeset="146926280" timestamp="2024-02-01T00:50:11Z" user="Lukas615" uid="675791" lat="52.4894800" lon="13.2991738"/>
 <node id="11575205953" visible="true" version="1" changeset="146926280" timestamp="2024-02-01T00:50:11Z" user="Lukas615" uid="675791" lat="52.4869724" lon="13.3024168">
  <tag k="operator" v="DB InfraGO AG"/>
  <tag k="railway" v="milestone"/>
  <tag k="railway:milestone:catenary_mast" v="no"/>
  <tag k="railway:milestone:emergency_brake_override" v="no"/>
  <tag k="railway:position" v="28.4"/>
 </node>
 <node id="11575205954" visible="true" version="1" changeset="146926280" timestamp="2024-02-01T00:50:11Z" user="Lukas615" uid="675791" lat="52.4874707" lon="13.3017880"/>
 <node id="11575205955" visible="true" version="1" changeset="146926280" timestamp="2024-02-01T00:50:11Z" user="Lukas615" uid="675791" lat="52.4871314" lon="13.3022071"/>
 <node id="11576962918" visible="true" version="1" changeset="146951456" timestamp="2024-02-01T15:37:07Z" user="Lukas615" uid="675791" lat="52.5234817" lon="13.4658132">
  <tag k="operator" v="DB InfraGO AG"/>
  <tag k="railway" v="signal"/>
  <tag k="railway:signal:direction" v="forward"/>
  <tag k="railway:signal:position" v="right"/>
  <tag k="railway:signal:stop" v="DE-ESO:ne5"/>
  <tag k="railway:signal:stop:deactivated" v="no"/>
  <tag k="railway:signal:stop:form" v="sign"/>
  <tag k="railway:signal:stop:height" v="dwarf"/>
 </node>
 <node id="11576962919" visible="true" version="1" changeset="146951456" timestamp="2024-02-01T15:37:07Z" user="Lukas615" uid="675791" lat="52.5244771" lon="13.4622996">
  <tag k="operator" v="DB InfraGO AG"/>
  <tag k="railway" v="milestone"/>
  <tag k="railway:milestone:catenary_mast" v="no"/>
  <tag k="railway:milestone:emergency_brake_override" v="no"/>
  <tag k="railway:position" v="10.2"/>
 </node>
 <node id="11576962920" visible="true" version="1" changeset="146951456" timestamp="2024-02-01T15:37:07Z" user="Lukas615" uid="675791" lat="52.5246572" lon="13.4617583">
  <tag k="operator" v="DB InfraGO AG"/>
  <tag k="railway" v="signal"/>
  <tag k="railway:signal:combined" v="DE-ESO:ks"/>
  <tag k="railway:signal:combined:deactivated" v="no"/>
  <tag k="railway:signal:combined:form" v="light"/>
  <tag k="railway:signal:combined:function" v="block"/>
  <tag k="railway:signal:combined:height" v="normal"/>
  <tag k="railway:signal:combined:shortened" v="no"/>
  <tag k="railway:signal:combined:states" v="DE-ESO:hp0;DE-ESO:ks1;DE-ESO:ks2"/>
  <tag k="railway:signal:direction" v="forward"/>
  <tag k="railway:signal:position" v="right"/>
  <tag k="railway:signal:traversable" v="DE-ESO:mastschild_schwarz-weiss"/>
  <tag k="railway:signal:traversable:type" v="always_on_sight"/>
  <tag k="ref" v="6037"/>
 </node>
 <node id="11576962921" visible="true" version="2" changeset="152447538" timestamp="2024-06-09T10:14:14Z" user="Lukas615" uid="675791" lat="52.5267573" lon="13.4575183">
  <tag k="operator" v="DB InfraGO AG"/>
  <tag k="railway" v="signal"/>
  <tag k="railway:signal:combined" v="DE-ESO:ks"/>
  <tag k="railway:signal:combined:deactivated" v="no"/>
  <tag k="railway:signal:combined:form" v="light"/>
  <tag k="railway:signal:combined:function" v="block"/>
  <tag k="railway:signal:combined:height" v="normal"/>
  <tag k="railway:signal:combined:shortened" v="no"/>
  <tag k="railway:signal:combined:states" v="DE-ESO:hp0;DE-ESO:ks1;DE-ESO:ks2"/>
  <tag k="railway:signal:combined:substitute_signal" v="DE-ESO:db:zs12;DE-ESO:db:zs7"/>
  <tag k="railway:signal:direction" v="forward"/>
  <tag k="railway:signal:position" v="right"/>
  <tag k="railway:signal:speed_limit" v="DE-ESO:zs3"/>
  <tag k="railway:signal:speed_limit:deactivated" v="no"/>
  <tag k="railway:signal:speed_limit_distant" v="DE-ESO:zs3v"/>
  <tag k="railway:signal:speed_limit_distant:deactivated" v="no"/>
  <tag k="railway:signal:speed_limit_distant:form" v="light"/>
  <tag k="railway:signal:speed_limit_distant:height" v="normal"/>
  <tag k="railway:signal:speed_limit_distant:speed" v="?;off"/>
  <tag k="railway:signal:speed_limit:form" v="light"/>
  <tag k="railway:signal:speed_limit:height" v="normal"/>
  <tag k="railway:signal:speed_limit:speed" v="40;off"/>
  <tag k="railway:signal:traversable" v="DE-ESO:mastschild_rot-weiss"/>
  <tag k="railway:signal:traversable:type" v="written_default_speed;dictated_default_speed"/>
  <tag k="ref" v="6033"/>
 </node>
 <node id="11576962923" visible="true" version="1" changeset="146951456" timestamp="2024-02-01T15:37:07Z" user="Lukas615" uid="675791" lat="52.5253781" lon="13.4596822"/>
 <node id="11576962924" visible="true" version="1" changeset="146951456" timestamp="2024-02-01T15:37:07Z" user="Lukas615" uid="675791" lat="52.5233944" lon="13.4662242">
  <tag k="operator" v="DB InfraGO AG"/>
  <tag k="railway" v="signal"/>
  <tag k="railway:signal:direction" v="backward"/>
  <tag k="railway:signal:distant" v="DE-ESO:ks"/>
  <tag k="railway:signal:distant:deactivated" v="no"/>
  <tag k="railway:signal:distant:form" v="light"/>
  <tag k="railway:signal:distant:height" v="normal"/>
  <tag k="railway:signal:distant:repeated" v="no"/>
  <tag k="railway:signal:distant:shortened" v="no"/>
  <tag k="railway:signal:distant:states" v="DE-ESO:ks1;DE-ESO:ks2"/>
  <tag k="railway:signal:position" v="left"/>
  <tag k="railway:signal:speed_limit_distant" v="DE-ESO:zs3v"/>
  <tag k="railway:signal:speed_limit_distant:deactivated" v="no"/>
  <tag k="railway:signal:speed_limit_distant:form" v="light"/>
  <tag k="railway:signal:speed_limit_distant:height" v="normal"/>
  <tag k="railway:signal:speed_limit_distant:speed" v="?;off"/>
 </node>
 <node id="11618794210" visible="true" version="1" changeset="147412996" timestamp="2024-02-13T15:04:39Z" user="Lukas615" uid="675791" lat="52.5097245" lon="13.2850627"/>
 <node id="11618794211" visible="true" version="1" changeset="147412996" timestamp="2024-02-13T15:04:39Z" user="Lukas615" uid="675791" lat="52.5099657" lon="13.2852340"/>
 <node id="11618794212" visible="true" version="1" changeset="147412996" timestamp="2024-02-13T15:04:39Z" user="Lukas615" uid="675791" lat="52.5108938" lon="13.2857661"/>
 <node id="11618794213" visible="true" version="1" changeset="147412996" timestamp="2024-02-13T15:04:39Z" user="Lukas615" uid="675791" lat="52.5054587" lon="13.2825736">
  <tag k="operator" v="DB InfraGO AG"/>
  <tag k="railway" v="signal"/>
  <tag k="railway:signal:combined" v="DE-ESO:ks"/>
  <tag k="railway:signal:combined:deactivated" v="no"/>
  <tag k="railway:signal:combined:form" v="light"/>
  <tag k="railway:signal:combined:height" v="normal"/>
  <tag k="railway:signal:combined:shortened" v="no"/>
  <tag k="railway:signal:combined:states" v="DE-ESO:hp0;DE-ESO:ks1;DE-ESO:ks2"/>
  <tag k="railway:signal:combined:substitute_signal" v="DE-ESO:dr:zs1"/>
  <tag k="railway:signal:direction" v="forward"/>
  <tag k="railway:signal:position" v="right"/>
  <tag k="railway:signal:traversable" v="DE-ESO:mastschild_schwarz-weiss"/>
  <tag k="railway:signal:traversable:type" v="always_on_sight"/>
  <tag k="ref" v="877"/>
 </node>
 <node id="11618794214" visible="true" version="2" changeset="150660431" timestamp="2024-04-29T12:11:29Z" user="Lukas615" uid="675791" lat="52.5034234" lon="13.2824492"/>
 <node id="11618794215" visible="true" version="1" changeset="147412996" timestamp="2024-02-13T15:04:39Z" user="Lukas615" uid="675791" lat="52.5032430" lon="13.2824892"/>
 <node id="11618794216" visible="true" version="1" changeset="147412996" timestamp="2024-02-13T15:04:39Z" user="Lukas615" uid="675791" lat="52.5026842" lon="13.2826805"/>
 <node id="11620262924" visible="true" version="1" changeset="147432009" timestamp="2024-02-14T01:53:33Z" user="Lukas615" uid="675791" lat="52.5136202" lon="13.2861872"/>
 <node id="11620262925" visible="true" version="1" changeset="147432009" timestamp="2024-02-14T01:53:33Z" user="Lukas615" uid="675791" lat="52.5140208" lon="13.2860913"/>
 <node id="11620262926" visible="true" version="1" changeset="147432009" timestamp="2024-02-14T01:53:33Z" user="Lukas615" uid="675791" lat="52.5146657" lon="13.2858479"/>
 <node id="11625204878" visible="true" version="1" changeset="147471906" timestamp="2024-02-15T01:43:05Z" user="Lukas615" uid="675791" lat="52.5493521" lon="13.4146503"/>
 <node id="11625204879" visible="true" version="2" changeset="147628757" timestamp="2024-02-18T23:56:30Z" user="Lukas615" uid="675791" lat="52.5494243" lon="13.4139140"/>
 <node id="11628657092" visible="true" version="1" changeset="147513353" timestamp="2024-02-16T02:12:19Z" user="Lukas615" uid="675791" lat="52.5485404" lon="13.3850447"/>
 <node id="11628657093" visible="true" version="1" changeset="147513353" timestamp="2024-02-16T02:12:19Z" user="Lukas615" uid="675791" lat="52.5473785" lon="13.3779141"/>
 <node id="11639199865" visible="true" version="3" changeset="158597161" timestamp="2024-10-31T20:42:12Z" user="Lukas615" uid="675791" lat="52.5494003" lon="13.3990333">
  <tag k="operator" v="DB InfraGO AG"/>
  <tag k="railway" v="signal"/>
  <tag k="railway:signal:combined" v="DE-ESO:ks"/>
  <tag k="railway:signal:combined:deactivated" v="no"/>
  <tag k="railway:signal:combined:form" v="light"/>
  <tag k="railway:signal:combined:height" v="normal"/>
  <tag k="railway:signal:combined:shortened" v="no"/>
  <tag k="railway:signal:combined:states" v="DE-ESO:hp0;DE-ESO:ks1;DE-ESO:ks2"/>
  <tag k="railway:signal:combined:substitute_signal" v="DE-ESO:db:zs12;DE-ESO:dr:zs1"/>
  <tag k="railway:signal:direction" v="forward"/>
  <tag k="railway:signal:position" v="right"/>
  <tag k="railway:signal:speed_limit" v="DE-ESO:zs3"/>
  <tag k="railway:signal:speed_limit:deactivated" v="no"/>
  <tag k="railway:signal:speed_limit_distant" v="DE-ESO:zs3v"/>
  <tag k="railway:signal:speed_limit_distant:deactivated" v="no"/>
  <tag k="railway:signal:speed_limit_distant:form" v="light"/>
  <tag k="railway:signal:speed_limit_distant:height" v="normal"/>
  <tag k="railway:signal:speed_limit_distant:speed" v="70;?;off"/>
  <tag k="railway:signal:speed_limit:form" v="light"/>
  <tag k="railway:signal:speed_limit:height" v="normal"/>
  <tag k="railway:signal:speed_limit:speed" v="?;off"/>
  <tag k="railway:signal:traversable" v="DE-ESO:mastschild_rot-weiss"/>
  <tag k="railway:signal:traversable:type" v="written_default_speed;dictated_default_speed"/>
  <tag k="ref" v="509"/>
 </node>
 <node id="11639199866" visible="true" version="2" changeset="147664294" timestamp="2024-02-19T19:04:32Z" user="Lukas615" uid="675791" lat="52.5494012" lon="13.3992987">
  <tag k="operator" v="DB InfraGO AG"/>
  <tag k="railway" v="signal"/>
  <tag k="railway:signal:combined" v="DE-ESO:ks"/>
  <tag k="railway:signal:combined:deactivated" v="no"/>
  <tag k="railway:signal:combined:form" v="light"/>
  <tag k="railway:signal:combined:height" v="normal"/>
  <tag k="railway:signal:combined:shortened" v="no"/>
  <tag k="railway:signal:combined:states" v="DE-ESO:hp0;DE-ESO:ks1;DE-ESO:ks2"/>
  <tag k="railway:signal:combined:substitute_signal" v="DE-ESO:db:zs12;DE-ESO:dr:zs1"/>
  <tag k="railway:signal:direction" v="backward"/>
  <tag k="railway:signal:position" v="right"/>
  <tag k="railway:signal:speed_limit_distant" v="DE-ESO:zs3v"/>
  <tag k="railway:signal:speed_limit_distant:deactivated" v="no"/>
  <tag k="railway:signal:speed_limit_distant:form" v="light"/>
  <tag k="railway:signal:speed_limit_distant:height" v="normal"/>
  <tag k="railway:signal:speed_limit_distant:speed" v="?;off"/>
  <tag k="railway:signal:traversable" v="DE-ESO:mastschild_rot-weiss"/>
  <tag k="railway:signal:traversable:type" v="written_default_speed;dictated_default_speed"/>
 </node>
 <node id="11639232369" visible="true" version="1" changeset="147628757" timestamp="2024-02-18T23:56:30Z" user="Lukas615" uid="675791" lat="52.5494126" lon="13.4015208"/>
 <node id="11639232372" visible="true" version="2" changeset="149202581" timestamp="2024-03-27T03:16:01Z" user="Lukas615" uid="675791" lat="52.5493888" lon="13.4143261">
  <tag k="operator" v="DB InfraGO AG"/>
  <tag k="railway" v="signal"/>
  <tag k="railway:signal:combined" v="DE-ESO:ks"/>
  <tag k="railway:signal:combined:deactivated" v="no"/>
  <tag k="railway:signal:combined:form" v="light"/>
  <tag k="railway:signal:combined:height" v="normal"/>
  <tag k="railway:signal:combined:states" v="DE-ESO:hp0;DE-ESO:ks1;DE-ESO:ks2"/>
  <tag k="railway:signal:direction" v="forward"/>
  <tag k="railway:signal:position" v="left"/>
  <tag k="railway:signal:speed_limit_distant" v="DE-ESO:zs3v"/>
  <tag k="railway:signal:speed_limit_distant:deactivated" v="no"/>
  <tag k="railway:signal:speed_limit_distant:form" v="light"/>
  <tag k="railway:signal:speed_limit_distant:height" v="normal"/>
  <tag k="railway:signal:speed_limit_distant:speed" v="40;60;off"/>
  <tag k="railway:signal:traversable" v="DE-ESO:mastschild_rot-weiss"/>
  <tag k="railway:signal:traversable:type" v="written_default_speed;dictated_default_speed"/>
  <tag k="ref" v="519"/>
 </node>
 <node id="11639232373" visible="true" version="1" changeset="147628757" timestamp="2024-02-18T23:56:30Z" user="Lukas615" uid="675791" lat="52.5493835" lon="13.4143866">
  <tag k="operator" v="DB InfraGO AG"/>
  <tag k="railway" v="signal"/>
  <tag k="railway:signal:direction" v="forward"/>
  <tag k="railway:signal:position" v="right"/>
  <tag k="railway:signal:speed_limit" v="DE-ESO:lf7"/>
  <tag k="railway:signal:speed_limit:deactivated" v="no"/>
  <tag k="railway:signal:speed_limit:form" v="sign"/>
  <tag k="railway:signal:speed_limit:height" v="normal"/>
  <tag k="railway:signal:speed_limit:speed" v="70"/>
 </node>
 <node id="11639232377" visible="true" version="1" changeset="147628757" timestamp="2024-02-18T23:56:30Z" user="Lukas615" uid="675791" lat="52.5496402" lon="13.4107017"/>
 <node id="11639232379" visible="true" version="2" changeset="149202581" timestamp="2024-03-27T03:16:01Z" user="Lukas615" uid="675791" lat="52.5497202" lon="13.4080202">
  <tag k="operator" v="DB InfraGO AG"/>
  <tag k="railway" v="signal"/>
  <tag k="railway:signal:combined" v="DE-ESO:ks"/>
  <tag k="railway:signal:combined:deactivated" v="no"/>
  <tag k="railway:signal:combined:form" v="light"/>
  <tag k="railway:signal:combined:height" v="normal"/>
  <tag k="railway:signal:combined:shortened" v="no"/>
  <tag k="railway:signal:combined:states" v="DE-ESO:hp0;DE-ESO:ks1;DE-ESO:ks2"/>
  <tag k="railway:signal:combined:substitute_signal" v="DE-ESO:db:zs12;DE-ESO:dr:zs1"/>
  <tag k="railway:signal:direction" v="forward"/>
  <tag k="railway:signal:position" v="right"/>
  <tag k="railway:signal:speed_limit" v="DE-ESO:zs3"/>
  <tag k="railway:signal:speed_limit:deactivated" v="no"/>
  <tag k="railway:signal:speed_limit_distant" v="DE-ESO:zs3v"/>
  <tag k="railway:signal:speed_limit_distant:deactivated" v="no"/>
  <tag k="railway:signal:speed_limit_distant:form" v="light"/>
  <tag k="railway:signal:speed_limit_distant:height" v="normal"/>
  <tag k="railway:signal:speed_limit_distant:speed" v="40;off"/>
  <tag k="railway:signal:speed_limit:form" v="light"/>
  <tag k="railway:signal:speed_limit:height" v="normal"/>
  <tag k="railway:signal:speed_limit:speed" v="?;off"/>
  <tag k="railway:signal:traversable" v="DE-ESO:mastschild_rot-weiss"/>
  <tag k="railway:signal:traversable:type" v="written_default_speed;dictated_default_speed"/>
  <tag k="ref" v="513"/>
 </node>
 <node id="11639232381" visible="true" version="1" changeset="147628757" timestamp="2024-02-18T23:56:30Z" user="Lukas615" uid="675791" lat="52.5497221" lon="13.4087665"/>
 <node id="11639232383" visible="true" version="1" changeset="147628757" timestamp="2024-02-18T23:56:30Z" user="Lukas615" uid="675791" lat="52.5497073" lon="13.4094343"/>
 <node id="11639232385" visible="true" version="1" changeset="147628757" timestamp="2024-02-18T23:56:30Z" user="Lukas615" uid="675791" lat="52.5497184" lon="13.4091004"/>
 <node id="11639232389" visible="true" version="1" changeset="147628757" timestamp="2024-02-18T23:56:30Z" user="Lukas615" uid="675791" lat="52.5497007" lon="13.4072948"/>
 <node id="11642338280" visible="true" version="1" changeset="147664294" timestamp="2024-02-19T19:04:32Z" user="Lukas615" uid="675791" lat="52.5373851" lon="13.3544951"/>
 <node id="11642338281" visible="true" version="2" changeset="151700424" timestamp="2024-05-23T00:15:31Z" user="Lukas615" uid="675791" lat="52.5363513" lon="13.3454420">
  <tag k="operator" v="DB InfraGO AG"/>
  <tag k="railway" v="signal"/>
  <tag k="railway:signal:combined" v="DE-ESO:ks"/>
  <tag k="railway:signal:combined:deactivated" v="no"/>
  <tag k="railway:signal:combined:form" v="light"/>
  <tag k="railway:signal:combined:height" v="normal"/>
  <tag k="railway:signal:combined:shortened" v="no"/>
  <tag k="railway:signal:combined:states" v="DE-ESO:hp0;DE-ESO:ks1;DE-ESO:ks2"/>
  <tag k="railway:signal:combined:substitute_signal" v="DE-ESO:db:zs12;DE-ESO:db:zs7;DE-ESO:dr:zs1"/>
  <tag k="railway:signal:direction" v="forward"/>
  <tag k="railway:signal:position" v="left"/>
  <tag k="railway:signal:speed_limit_distant" v="DE-ESO:zs3v"/>
  <tag k="railway:signal:speed_limit_distant:deactivated" v="no"/>
  <tag k="railway:signal:speed_limit_distant:form" v="light"/>
  <tag k="railway:signal:speed_limit_distant:height" v="normal"/>
  <tag k="railway:signal:speed_limit_distant:speed" v="60;off"/>
  <tag k="railway:signal:traversable" v="DE-ESO:mastschild_rot-weiss"/>
  <tag k="railway:signal:traversable:type" v="written_default_speed;dictated_default_speed"/>
  <tag k="ref" v="961"/>
 </node>
 <node id="11642338283" visible="true" version="1" changeset="147664294" timestamp="2024-02-19T19:04:32Z" user="Lukas615" uid="675791" lat="52.5355143" lon="13.3389432">
  <tag k="operator" v="DB InfraGO AG"/>
  <tag k="railway" v="signal"/>
  <tag k="railway:signal:direction" v="forward"/>
  <tag k="railway:signal:position" v="right"/>
  <tag k="railway:signal:speed_limit_distant" v="DE-ESO:lf6"/>
  <tag k="railway:signal:speed_limit_distant:deactivated" v="no"/>
  <tag k="railway:signal:speed_limit_distant:form" v="sign"/>
  <tag k="railway:signal:speed_limit_distant:height" v="normal"/>
  <tag k="railway:signal:speed_limit_distant:speed" v="80"/>
 </node>
 <node id="11642338284" visible="true" version="1" changeset="147664294" timestamp="2024-02-19T19:04:32Z" user="Lukas615" uid="675791" lat="52.5325411" lon="13.3160791"/>
 <node id="11642338286" visible="true" version="2" changeset="158682861" timestamp="2024-11-03T02:05:21Z" user="Lukas615" uid="675791" lat="52.5331509" lon="13.3206267">
  <tag k="operator" v="DB InfraGO AG"/>
  <tag k="railway" v="signal"/>
  <tag k="railway:signal:combined" v="DE-ESO:ks"/>
  <tag k="railway:signal:combined:deactivated" v="no"/>
  <tag k="railway:signal:combined:form" v="light"/>
  <tag k="railway:signal:combined:height" v="normal"/>
  <tag k="railway:signal:combined:shortened" v="no"/>
  <tag k="railway:signal:combined:states" v="DE-ESO:hp0;DE-ESO:ks1;DE-ESO:ks2"/>
  <tag k="railway:signal:combined:substitute_signal" v="DE-ESO:db:zs12;DE-ESO:dr:zs1"/>
  <tag k="railway:signal:direction" v="forward"/>
  <tag k="railway:signal:position" v="right"/>
  <tag k="railway:signal:speed_limit" v="DE-ESO:zs3"/>
  <tag k="railway:signal:speed_limit:deactivated" v="no"/>
  <tag k="railway:signal:speed_limit:form" v="light"/>
  <tag k="railway:signal:speed_limit:height" v="normal"/>
  <tag k="railway:signal:speed_limit:speed" v="60;?;off"/>
  <tag k="railway:signal:traversable" v="DE-ESO:mastschild_rot-weiss"/>
  <tag k="railway:signal:traversable:type" v="written_default_speed;dictated_default_speed"/>
  <tag k="ref" v="939"/>
 </node>
 <node id="11642338288" visible="true" version="3" changeset="158682861" timestamp="2024-11-03T02:05:21Z" user="Lukas615" uid="675791" lat="52.5322977" lon="13.3143291">
  <tag k="operator" v="DB InfraGO AG"/>
  <tag k="railway" v="signal"/>
  <tag k="railway:signal:combined" v="DE-ESO:ks"/>
  <tag k="railway:signal:combined:deactivated" v="no"/>
  <tag k="railway:signal:combined:form" v="light"/>
  <tag k="railway:signal:combined:height" v="normal"/>
  <tag k="railway:signal:combined:shortened" v="no"/>
  <tag k="railway:signal:combined:states" v="DE-ESO:hp0;DE-ESO:ks1;DE-ESO:ks2"/>
  <tag k="railway:signal:combined:substitute_signal" v="DE-ESO:db:zs12;DE-ESO:dr:zs1"/>
  <tag k="railway:signal:direction" v="forward"/>
  <tag k="railway:signal:position" v="bridge"/>
  <tag k="railway:signal:speed_limit" v="DE-ESO:zs3"/>
  <tag k="railway:signal:speed_limit:deactivated" v="no"/>
  <tag k="railway:signal:speed_limit_distant" v="DE-ESO:zs3v"/>
  <tag k="railway:signal:speed_limit_distant:deactivated" v="no"/>
  <tag k="railway:signal:speed_limit_distant:form" v="light"/>
  <tag k="railway:signal:speed_limit_distant:height" v="normal"/>
  <tag k="railway:signal:speed_limit_distant:speed" v="60;?;off"/>
  <tag k="railway:signal:speed_limit:form" v="light"/>
  <tag k="railway:signal:speed_limit:height" v="normal"/>
  <tag k="railway:signal:speed_limit:speed" v="70;?;off"/>
  <tag k="railway:signal:traversable" v="DE-ESO:mastschild_rot-weiss"/>
  <tag k="railway:signal:traversable:type" v="written_default_speed;dictated_default_speed"/>
  <tag k="ref" v="937"/>
 </node>
 <node id="11642338290" visible="true" version="1" changeset="147664294" timestamp="2024-02-19T19:04:32Z" user="Lukas615" uid="675791" lat="52.5327873" lon="13.3179158"/>
 <node id="11642338291" visible="true" version="2" changeset="158682861" timestamp="2024-11-03T02:05:21Z" user="Lukas615" uid="675791" lat="52.5314371" lon="13.3079300">
  <tag k="operator" v="DB InfraGO AG"/>
  <tag k="railway" v="signal"/>
  <tag k="railway:signal:combined" v="DE-ESO:ks"/>
  <tag k="railway:signal:combined:deactivated" v="no"/>
  <tag k="railway:signal:combined:form" v="light"/>
  <tag k="railway:signal:combined:height" v="normal"/>
  <tag k="railway:signal:combined:shortened" v="no"/>
  <tag k="railway:signal:combined:states" v="DE-ESO:hp0;DE-ESO:ks1;DE-ESO:ks2"/>
  <tag k="railway:signal:combined:substitute_signal" v="DE-ESO:dr:zs1"/>
  <tag k="railway:signal:direction" v="forward"/>
  <tag k="railway:signal:position" v="right"/>
  <tag k="railway:signal:speed_limit_distant" v="DE-ESO:zs3v"/>
  <tag k="railway:signal:speed_limit_distant:deactivated" v="no"/>
  <tag k="railway:signal:speed_limit_distant:form" v="light"/>
  <tag k="railway:signal:speed_limit_distant:height" v="normal"/>
  <tag k="railway:signal:speed_limit_distant:speed" v="70;?;off"/>
  <tag k="railway:signal:traversable" v="DE-ESO:mastschild_schwarz-weiss"/>
  <tag k="railway:signal:traversable:type" v="always_on_sight"/>
  <tag k="ref" v="931"/>
 </node>
 <node id="11642338292" visible="true" version="1" changeset="147664294" timestamp="2024-02-19T19:04:32Z" user="Lukas615" uid="675791" lat="52.5309070" lon="13.3037661">
  <tag k="operator" v="DB InfraGO AG"/>
  <tag k="railway" v="signal"/>
  <tag k="railway:signal:combined" v="DE-ESO:ks"/>
  <tag k="railway:signal:combined:deactivated" v="no"/>
  <tag k="railway:signal:combined:form" v="light"/>
  <tag k="railway:signal:combined:height" v="normal"/>
  <tag k="railway:signal:combined:shortened" v="no"/>
  <tag k="railway:signal:combined:states" v="DE-ESO:hp0;DE-ESO:ks1;DE-ESO:ks2"/>
  <tag k="railway:signal:combined:substitute_signal" v="DE-ESO:dr:zs1"/>
  <tag k="railway:signal:direction" v="forward"/>
  <tag k="railway:signal:position" v="right"/>
  <tag k="railway:signal:traversable" v="DE-ESO:mastschild_schwarz-weiss"/>
  <tag k="railway:signal:traversable:type" v="always_on_sight"/>
  <tag k="ref" v="929"/>
 </node>
 <node id="11642338293" visible="true" version="3" changeset="151555653" timestamp="2024-05-19T23:43:03Z" user="Lukas615" uid="675791" lat="52.5305115" lon="13.3005715">
  <tag k="note" v="Untypisch, aber dieses Signal hat kein Ersatzsignal"/>
  <tag k="operator" v="DB InfraGO AG"/>
  <tag k="railway" v="signal"/>
  <tag k="railway:signal:combined" v="DE-ESO:ks"/>
  <tag k="railway:signal:combined:deactivated" v="no"/>
  <tag k="railway:signal:combined:form" v="light"/>
  <tag k="railway:signal:combined:height" v="normal"/>
  <tag k="railway:signal:combined:shortened" v="no"/>
  <tag k="railway:signal:combined:states" v="DE-ESO:hp0;DE-ESO:ks1;DE-ESO:ks2"/>
  <tag k="railway:signal:combined:substitute_signal" v="no"/>
  <tag k="railway:signal:direction" v="forward"/>
  <tag k="railway:signal:position" v="left"/>
  <tag k="railway:signal:traversable" v="DE-ESO:mastschild_schwarz-weiss"/>
  <tag k="railway:signal:traversable:type" v="always_on_sight"/>
  <tag k="ref" v="925"/>
 </node>
 <node id="11642338300" visible="true" version="1" changeset="147664294" timestamp="2024-02-19T19:04:32Z" user="Lukas615" uid="675791" lat="52.5313951" lon="13.3076165">
  <tag k="operator" v="DB InfraGO AG"/>
  <tag k="railway" v="signal"/>
  <tag k="railway:signal:direction" v="backward"/>
  <tag k="railway:signal:position" v="right"/>
  <tag k="railway:signal:speed_limit_distant" v="DE-ESO:lf6"/>
  <tag k="railway:signal:speed_limit_distant:deactivated" v="no"/>
  <tag k="railway:signal:speed_limit_distant:form" v="sign"/>
  <tag k="railway:signal:speed_limit_distant:height" v="dwarf"/>
  <tag k="railway:signal:speed_limit_distant:speed" v="80"/>
 </node>
 <node id="11642338308" visible="true" version="1" changeset="147664294" timestamp="2024-02-19T19:04:32Z" user="Lukas615" uid="675791" lat="52.5338594" lon="13.3258695">
  <tag k="operator" v="DB InfraGO AG"/>
  <tag k="railway" v="signal"/>
  <tag k="railway:signal:combined" v="DE-ESO:ks"/>
  <tag k="railway:signal:combined:deactivated" v="no"/>
  <tag k="railway:signal:combined:form" v="light"/>
  <tag k="railway:signal:combined:height" v="normal"/>
  <tag k="railway:signal:combined:shortened" v="no"/>
  <tag k="railway:signal:combined:states" v="DE-ESO:hp0;DE-ESO:ks1;DE-ESO:ks2"/>
  <tag k="railway:signal:combined:substitute_signal" v="DE-ESO:db:zs12;DE-ESO:dr:zs1"/>
  <tag k="railway:signal:direction" v="forward"/>
  <tag k="railway:signal:position" v="right"/>
  <tag k="railway:signal:traversable" v="DE-ESO:mastschild_rot-weiss"/>
  <tag k="railway:signal:traversable:type" v="written_default_speed;dictated_default_speed"/>
  <tag k="ref" v="941"/>
 </node>
 <node id="11754154776" visible="true" version="1" changeset="149034688" timestamp="2024-03-22T23:59:36Z" user="Lukas615" uid="675791" lat="52.5304254" lon="13.2999312">
  <tag k="operator" v="DB InfraGO AG"/>
  <tag k="railway" v="signal"/>
  <tag k="railway:signal:direction" v="forward"/>
  <tag k="railway:signal:position" v="right"/>
  <tag k="railway:signal:stop" v="DE-ESO:ne5"/>
  <tag k="railway:signal:stop:caption" v="Kurzzug"/>
  <tag k="railway:signal:stop:deactivated" v="no"/>
  <tag k="railway:signal:stop:form" v="sign"/>
  <tag k="railway:signal:stop:height" v="normal"/>
 </node>
 <node id="11754154777" visible="true" version="1" changeset="149034688" timestamp="2024-03-22T23:59:36Z" user="Lukas615" uid="675791" lat="52.5304604" lon="13.3001900">
  <tag k="operator" v="DB InfraGO AG"/>
  <tag k="railway" v="signal"/>
  <tag k="railway:signal:direction" v="forward"/>
  <tag k="railway:signal:position" v="right"/>
  <tag k="railway:signal:stop" v="DE-ESO:ne5"/>
  <tag k="railway:signal:stop:caption" v="24X"/>
  <tag k="railway:signal:stop:deactivated" v="no"/>
  <tag k="railway:signal:stop:form" v="sign"/>
  <tag k="railway:signal:stop:height" v="normal"/>
 </node>
 <node id="11754154778" visible="true" version="1" changeset="149034688" timestamp="2024-03-22T23:59:36Z" user="Lukas615" uid="675791" lat="52.5304951" lon="13.3004442">
  <tag k="operator" v="DB InfraGO AG"/>
  <tag k="railway" v="signal"/>
  <tag k="railway:signal:direction" v="forward"/>
  <tag k="railway:signal:position" v="right"/>
  <tag k="railway:signal:stop" v="DE-ESO:ne5"/>
  <tag k="railway:signal:stop:deactivated" v="no"/>
  <tag k="railway:signal:stop:form" v="sign"/>
  <tag k="railway:signal:stop:height" v="normal"/>
 </node>
 <node id="11754154779" visible="true" version="1" changeset="149034688" timestamp="2024-03-22T23:59:36Z" user="Lukas615" uid="675791" lat="52.5299250" lon="13.2964270">
  <tag k="operator" v="DB InfraGO AG"/>
  <tag k="railway" v="signal"/>
  <tag k="railway:signal:combined" v="DE-ESO:ks"/>
  <tag k="railway:signal:combined:deactivated" v="no"/>
  <tag k="railway:signal:combined:form" v="light"/>
  <tag k="railway:signal:combined:height" v="normal"/>
  <tag k="railway:signal:combined:shortened" v="no"/>
  <tag k="railway:signal:combined:states" v="DE-ESO:hp0;DE-ESO:ks1;DE-ESO:ks2"/>
  <tag k="railway:signal:combined:substitute_signal" v="DE-ESO:dr:zs1"/>
  <tag k="railway:signal:direction" v="forward"/>
  <tag k="railway:signal:position" v="right"/>
  <tag k="railway:signal:speed_limit" v="DE-ESO:zs3"/>
  <tag k="railway:signal:speed_limit:deactivated" v="no"/>
  <tag k="railway:signal:speed_limit:form" v="light"/>
  <tag k="railway:signal:speed_limit:height" v="normal"/>
  <tag k="railway:signal:speed_limit:speed" v="?;off"/>
  <tag k="railway:signal:traversable" v="DE-ESO:mastschild_schwarz-weiss"/>
  <tag k="railway:signal:traversable:type" v="always_on_sight"/>
  <tag k="ref" v="921"/>
 </node>
 <node id="11754154780" visible="true" version="1" changeset="149034688" timestamp="2024-03-22T23:59:36Z" user="Lukas615" uid="675791" lat="52.5285875" lon="13.2853835">
  <tag k="operator" v="DB InfraGO AG"/>
  <tag k="railway" v="signal"/>
  <tag k="railway:signal:direction" v="backward"/>
  <tag k="railway:signal:distant" v="DE-ESO:ks"/>
  <tag k="railway:signal:distant:deactivated" v="no"/>
  <tag k="railway:signal:distant:form" v="light"/>
  <tag k="railway:signal:distant:height" v="normal"/>
  <tag k="railway:signal:distant:repeated" v="yes"/>
  <tag k="railway:signal:distant:shortened" v="no"/>
  <tag k="railway:signal:distant:states" v="DE-ESO:ks1;DE-ESO:ks2"/>
  <tag k="railway:signal:position" v="bridge"/>
  <tag k="railway:signal:speed_limit_distant" v="DE-ESO:zs3v"/>
  <tag k="railway:signal:speed_limit_distant:deactivated" v="no"/>
  <tag k="railway:signal:speed_limit_distant:form" v="light"/>
  <tag k="railway:signal:speed_limit_distant:height" v="normal"/>
  <tag k="railway:signal:speed_limit_distant:speed" v="?;off"/>
 </node>
 <node id="11754154783" visible="true" version="1" changeset="149034688" timestamp="2024-03-22T23:59:36Z" user="Lukas615" uid="675791" lat="52.5235577" lon="13.2830390">
  <tag k="fixme" v="Ein Zusatzanzeiger noch nicht erfasst"/>
  <tag k="operator" v="DB InfraGO AG"/>
  <tag k="railway" v="signal"/>
  <tag k="railway:signal:combined" v="DE-ESO:ks"/>
  <tag k="railway:signal:combined:deactivated" v="no"/>
  <tag k="railway:signal:combined:form" v="light"/>
  <tag k="railway:signal:combined:height" v="normal"/>
  <tag k="railway:signal:combined:shortened" v="no"/>
  <tag k="railway:signal:combined:states" v="DE-ESO:hp0;DE-ESO:ks1;DE-ESO:ks2"/>
  <tag k="railway:signal:combined:substitute_signal" v="DE-ESO:db:zs12;DE-ESO:dr:zs1"/>
  <tag k="railway:signal:direction" v="forward"/>
  <tag k="railway:signal:position" v="right"/>
  <tag k="railway:signal:traversable" v="DE-ESO:mastschild_rot-weiss"/>
  <tag k="railway:signal:traversable:type" v="written_default_speed;dictated_default_speed"/>
  <tag k="ref" v="901"/>
 </node>
 <node id="11754154786" visible="true" version="1" changeset="149034688" timestamp="2024-03-22T23:59:36Z" user="Lukas615" uid="675791" lat="52.5199158" lon="13.2839669">
  <tag k="operator" v="DB InfraGO AG"/>
  <tag k="railway" v="signal"/>
  <tag k="railway:signal:direction" v="backward"/>
  <tag k="railway:signal:electricity" v="DE-ESO:el2"/>
  <tag k="railway:signal:electricity:deactivated" v="no"/>
  <tag k="railway:signal:electricity:form" v="sign"/>
  <tag k="railway:signal:electricity:height" v="dwarf"/>
  <tag k="railway:signal:electricity:type" v="power_on"/>
  <tag k="railway:signal:position" v="right"/>
 </node>
 <node id="11754154793" visible="true" version="1" changeset="149034688" timestamp="2024-03-22T23:59:36Z" user="Lukas615" uid="675791" lat="52.5079583" lon="13.2837867">
  <tag k="operator" v="DB InfraGO AG"/>
  <tag k="railway" v="signal"/>
  <tag k="railway:signal:direction" v="forward"/>
  <tag k="railway:signal:position" v="right"/>
  <tag k="railway:signal:stop" v="DE-ESO:ne5"/>
  <tag k="railway:signal:stop:caption" v="Kurzzug"/>
  <tag k="railway:signal:stop:deactivated" v="no"/>
  <tag k="railway:signal:stop:form" v="sign"/>
  <tag k="railway:signal:stop:height" v="normal"/>
 </node>
 <node id="11754154794" visible="true" version="1" changeset="149034688" timestamp="2024-03-22T23:59:36Z" user="Lukas615" uid="675791" lat="52.5081233" lon="13.2839054">
  <tag k="operator" v="DB InfraGO AG"/>
  <tag k="railway" v="signal"/>
  <tag k="railway:signal:direction" v="forward"/>
  <tag k="railway:signal:position" v="right"/>
  <tag k="railway:signal:stop" v="DE-ESO:ne5"/>
  <tag k="railway:signal:stop:caption" v="24x"/>
  <tag k="railway:signal:stop:deactivated" v="no"/>
  <tag k="railway:signal:stop:form" v="sign"/>
  <tag k="railway:signal:stop:height" v="normal"/>
 </node>
 <node id="11754154796" visible="true" version="1" changeset="149034688" timestamp="2024-03-22T23:59:36Z" user="Lukas615" uid="675791" lat="52.5211172" lon="13.2836205"/>
 <node id="11756896335" visible="true" version="1" changeset="149071729" timestamp="2024-03-24T00:25:19Z" user="Lukas615" uid="675791" lat="52.4891502" lon="13.2996564">
  <tag k="operator" v="DB InfraGO AG"/>
  <tag k="railway" v="signal"/>
  <tag k="railway:signal:direction" v="backward"/>
  <tag k="railway:signal:position" v="left"/>
  <tag k="railway:signal:speed_limit" v="DE-ESO:lf7"/>
  <tag k="railway:signal:speed_limit:deactivated" v="no"/>
  <tag k="railway:signal:speed_limit:form" v="sign"/>
  <tag k="railway:signal:speed_limit:height" v="normal"/>
  <tag k="railway:signal:speed_limit:speed" v="?"/>
 </node>
 <node id="11756896337" visible="true" version="1" changeset="149071729" timestamp="2024-03-24T00:25:19Z" user="Lukas615" uid="675791" lat="52.4967764" lon="13.2895915">
  <tag k="operator" v="DB InfraGO AG"/>
  <tag k="railway" v="milestone"/>
  <tag k="railway:milestone:catenary_mast" v="no"/>
  <tag k="railway:milestone:emergency_brake_override" v="no"/>
  <tag k="railway:position" v="29.8"/>
 </node>
 <node id="11756896342" visible="true" version="1" changeset="149071729" timestamp="2024-03-24T00:25:19Z" user="Lukas615" uid="675791" lat="52.4995882" lon="13.2853353"/>
 <node id="11758722633" visible="true" version="1" changeset="149098273" timestamp="2024-03-24T16:58:28Z" user="Lukas615" uid="675791" lat="52.4855903" lon="13.3042765">
  <tag k="operator" v="DB InfraGO AG"/>
  <tag k="railway" v="milestone"/>
  <tag k="railway:milestone:catenary_mast" v="no"/>
  <tag k="railway:milestone:emergency_brake_override" v="no"/>
  <tag k="railway:position" v="28.2"/>
 </node>
 <node id="11758722635" visible="true" version="1" changeset="149098273" timestamp="2024-03-24T16:58:28Z" user="Lukas615" uid="675791" lat="52.4838434" lon="13.3066257">
  <tag k="operator" v="DB InfraGO AG"/>
  <tag k="railway" v="signal"/>
  <tag k="railway:signal:direction" v="forward"/>
  <tag k="railway:signal:position" v="right"/>
  <tag k="railway:signal:speed_limit_distant" v="DE-ESO:lf6"/>
  <tag k="railway:signal:speed_limit_distant:deactivated" v="no"/>
  <tag k="railway:signal:speed_limit_distant:form" v="sign"/>
  <tag k="railway:signal:speed_limit_distant:height" v="normal"/>
  <tag k="railway:signal:speed_limit_distant:speed" v="70"/>
 </node>
 <node id="11758722640" visible="true" version="1" changeset="149098273" timestamp="2024-03-24T16:58:28Z" user="Lukas615" uid="675791" lat="52.4828374" lon="13.3079816">
  <tag k="operator" v="DB InfraGO AG"/>
  <tag k="railway" v="milestone"/>
  <tag k="railway:milestone:catenary_mast" v="no"/>
  <tag k="railway:milestone:emergency_brake_override" v="no"/>
  <tag k="railway:position" v="27.8"/>
 </node>
 <node id="11758722642" visible="true" version="1" changeset="149098273" timestamp="2024-03-24T16:58:28Z" user="Lukas615" uid="675791" lat="52.4803080" lon="13.3115423">
  <tag k="operator" v="DB InfraGO AG"/>
  <tag k="railway" v="signal"/>
  <tag k="railway:signal:direction" v="forward"/>
  <tag k="railway:signal:electricity" v="DE-ESO:el2"/>
  <tag k="railway:signal:electricity:deactivated" v="no"/>
  <tag k="railway:signal:electricity:form" v="sign"/>
  <tag k="railway:signal:electricity:height" v="normal"/>
  <tag k="railway:signal:electricity:type" v="power_on"/>
  <tag k="railway:signal:position" v="right"/>
 </node>
 <node id="11758722643" visible="true" version="1" changeset="149098273" timestamp="2024-03-24T16:58:28Z" user="Lukas615" uid="675791" lat="52.4801339" lon="13.3117990">
  <tag k="operator" v="DB InfraGO AG"/>
  <tag k="railway" v="signal"/>
  <tag k="railway:signal:direction" v="forward"/>
  <tag k="railway:signal:position" v="right"/>
  <tag k="railway:signal:stop" v="DE-ESO:ne5"/>
  <tag k="railway:signal:stop:caption" v="Kurzzug"/>
  <tag k="railway:signal:stop:deactivated" v="no"/>
  <tag k="railway:signal:stop:form" v="sign"/>
  <tag k="railway:signal:stop:height" v="normal"/>
 </node>
 <node id="11758722644" visible="true" version="1" changeset="149098273" timestamp="2024-03-24T16:58:28Z" user="Lukas615" uid="675791" lat="52.4801057" lon="13.3118403">
  <tag k="operator" v="DB InfraGO AG"/>
  <tag k="railway" v="milestone"/>
  <tag k="railway:milestone:catenary_mast" v="no"/>
  <tag k="railway:milestone:emergency_brake_override" v="no"/>
  <tag k="railway:position" v="27.4"/>
 </node>
 <node id="11758722645" visible="true" version="1" changeset="149098273" timestamp="2024-03-24T16:58:28Z" user="Lukas615" uid="675791" lat="52.4792377" lon="13.3133043">
  <tag k="operator" v="DB InfraGO AG"/>
  <tag k="railway" v="signal"/>
  <tag k="railway:signal:direction" v="forward"/>
  <tag k="railway:signal:electricity" v="DE-ESO:el1"/>
  <tag k="railway:signal:electricity:deactivated" v="no"/>
  <tag k="railway:signal:electricity:form" v="sign"/>
  <tag k="railway:signal:electricity:height" v="normal"/>
  <tag k="railway:signal:electricity:type" v="power_off"/>
  <tag k="railway:signal:position" v="right"/>
 </node>
 <node id="11758722647" visible="true" version="1" changeset="149098273" timestamp="2024-03-24T16:58:28Z" user="Lukas615" uid="675791" lat="52.4790562" lon="13.3136655"/>
 <node id="11758722648" visible="true" version="1" changeset="149098273" timestamp="2024-03-24T16:58:28Z" user="Lukas615" uid="675791" lat="52.4781695" lon="13.3161961"/>
 <node id="11758722652" visible="true" version="1" changeset="149098273" timestamp="2024-03-24T16:58:28Z" user="Lukas615" uid="675791" lat="52.4776933" lon="13.3281351">
  <tag k="operator" v="DB InfraGO AG"/>
  <tag k="railway" v="milestone"/>
  <tag k="railway:milestone:catenary_mast" v="no"/>
  <tag k="railway:milestone:emergency_brake_override" v="no"/>
  <tag k="railway:position" v="26.2"/>
 </node>
 <node id="11758722653" visible="true" version="1" changeset="149098273" timestamp="2024-03-24T16:58:28Z" user="Lukas615" uid="675791" lat="52.4776946" lon="13.3282704">
  <tag k="operator" v="DB InfraGO AG"/>
  <tag k="railway" v="signal"/>
  <tag k="railway:signal:direction" v="forward"/>
  <tag k="railway:signal:position" v="right"/>
  <tag k="railway:signal:stop" v="DE-ESO:ne5"/>
  <tag k="railway:signal:stop:deactivated" v="no"/>
  <tag k="railway:signal:stop:form" v="sign"/>
  <tag k="railway:signal:stop:height" v="normal"/>
 </node>
 <node id="11758722662" visible="true" version="1" changeset="149098273" timestamp="2024-03-24T16:58:28Z" user="Lukas615" uid="675791" lat="52.4776651" lon="13.3251822">
  <tag k="operator" v="DB InfraGO AG"/>
  <tag k="railway" v="milestone"/>
  <tag k="railway:milestone:catenary_mast" v="no"/>
  <tag k="railway:milestone:emergency_brake_override" v="no"/>
  <tag k="railway:position" v="26.4"/>
 </node>
 <node id="11758722666" visible="true" version="2" changeset="158496859" timestamp="2024-10-29T12:52:13Z" user="Lukas615" uid="675791" lat="52.4776908" lon="13.3200632">
  <tag k="operator" v="DB InfraGO AG"/>
  <tag k="railway" v="signal"/>
  <tag k="railway:signal:combined" v="DE-ESO:ks"/>
  <tag k="railway:signal:combined:deactivated" v="no"/>
  <tag k="railway:signal:combined:form" v="light"/>
  <tag k="railway:signal:combined:height" v="normal"/>
  <tag k="railway:signal:combined:shortened" v="no"/>
  <tag k="railway:signal:combined:states" v="DE-ESO:hp0;DE-ESO:ks1;DE-ESO:ks2"/>
  <tag k="railway:signal:combined:substitute_signal" v="DE-ESO:db:zs12;DE-ESO:dr:zs1"/>
  <tag k="railway:signal:direction" v="backward"/>
  <tag k="railway:signal:position" v="left"/>
  <tag k="railway:signal:speed_limit" v="DE-ESO:zs3"/>
  <tag k="railway:signal:speed_limit:deactivated" v="no"/>
  <tag k="railway:signal:speed_limit_distant" v="DE-ESO:zs3v"/>
  <tag k="railway:signal:speed_limit_distant:deactivated" v="no"/>
  <tag k="railway:signal:speed_limit_distant:form" v="light"/>
  <tag k="railway:signal:speed_limit_distant:height" v="normal"/>
  <tag k="railway:signal:speed_limit_distant:speed" v="?;off"/>
  <tag k="railway:signal:speed_limit:form" v="light"/>
  <tag k="railway:signal:speed_limit:height" v="normal"/>
  <tag k="railway:signal:speed_limit:speed" v="40;?"/>
  <tag k="railway:signal:traversable" v="DE-ESO:mastschild_rot-weiss"/>
  <tag k="railway:signal:traversable:type" v="written_default_speed;dictated_default_speed"/>
  <tag k="ref" v="834"/>
 </node>
 <node id="11758722667" visible="true" version="1" changeset="149098273" timestamp="2024-03-24T16:58:28Z" user="Lukas615" uid="675791" lat="52.4776952" lon="13.3198376"/>
 <node id="11758738571" visible="true" version="1" changeset="149098273" timestamp="2024-03-24T16:58:28Z" user="Lukas615" uid="675791" lat="52.4786045" lon="13.3147273"/>
 <node id="11758738574" visible="true" version="1" changeset="149098273" timestamp="2024-03-24T16:58:28Z" user="Lukas615" uid="675791" lat="52.4832115" lon="13.3074775"/>
 <node id="11758738575" visible="true" version="1" changeset="149098273" timestamp="2024-03-24T16:58:28Z" user="Lukas615" uid="675791" lat="52.4818753" lon="13.3092974"/>
 <node id="11762493055" visible="true" version="1" changeset="149154540" timestamp="2024-03-26T00:38:05Z" user="Lukas615" uid="675791" lat="52.5336338" lon="13.4505066">
  <tag k="operator" v="DB InfraGO AG"/>
  <tag k="railway" v="signal"/>
  <tag k="railway:signal:combined" v="DE-ESO:ks"/>
  <tag k="railway:signal:combined:deactivated" v="no"/>
  <tag k="railway:signal:combined:form" v="light"/>
  <tag k="railway:signal:combined:height" v="normal"/>
  <tag k="railway:signal:combined:shortened" v="yes"/>
  <tag k="railway:signal:combined:states" v="DE-ESO:hp0;DE-ESO:ks1;DE-ESO:ks2"/>
  <tag k="railway:signal:combined:substitute_signal" v="DE-ESO:db:zs12;DE-ESO:db:zs7"/>
  <tag k="railway:signal:direction" v="forward"/>
  <tag k="railway:signal:position" v="bridge"/>
  <tag k="railway:signal:speed_limit" v="DE-ESO:zs3"/>
  <tag k="railway:signal:speed_limit:deactivated" v="no"/>
  <tag k="railway:signal:speed_limit_distant" v="DE-ESO:zs3v"/>
  <tag k="railway:signal:speed_limit_distant:deactivated" v="no"/>
  <tag k="railway:signal:speed_limit_distant:form" v="light"/>
  <tag k="railway:signal:speed_limit_distant:height" v="normal"/>
  <tag k="railway:signal:speed_limit_distant:speed" v="40;?;off"/>
  <tag k="railway:signal:speed_limit:form" v="light"/>
  <tag k="railway:signal:speed_limit:height" v="normal"/>
  <tag k="railway:signal:speed_limit:speed" v="50;?;off"/>
  <tag k="railway:signal:traversable" v="DE-ESO:mastschild_rot-weiss"/>
  <tag k="railway:signal:traversable:type" v="written_default_speed;dictated_default_speed"/>
  <tag k="ref" v="6021"/>
 </node>
 <node id="11762493067" visible="true" version="1" changeset="149154540" timestamp="2024-03-26T00:38:05Z" user="Lukas615" uid="675791" lat="52.5371715" lon="13.4464561"/>
 <node id="11762493068" visible="true" version="1" changeset="149154540" timestamp="2024-03-26T00:38:05Z" user="Lukas615" uid="675791" lat="52.5375285" lon="13.4455792"/>
 <node id="11762517369" visible="true" version="1" changeset="149154540" timestamp="2024-03-26T00:38:05Z" user="Lukas615" uid="675791" lat="52.5392948" lon="13.4408997"/>
 <node id="11762517370" visible="true" version="1" changeset="149154540" timestamp="2024-03-26T00:38:05Z" user="Lukas615" uid="675791" lat="52.5391543" lon="13.4412276"/>
 <node id="11762517371" visible="true" version="1" changeset="149154540" timestamp="2024-03-26T00:38:05Z" user="Lukas615" uid="675791" lat="52.5388450" lon="13.4420289"/>
 <node id="11762517380" visible="true" version="1" changeset="149154540" timestamp="2024-03-26T00:38:05Z" user="Lukas615" uid="675791" lat="52.5397830" lon="13.4398295">
  <tag k="note" v="Hängt unter dem Bahnsteigdach"/>
  <tag k="operator" v="DB InfraGO AG"/>
  <tag k="railway" v="signal"/>
  <tag k="railway:signal:direction" v="forward"/>
  <tag k="railway:signal:position" v="left"/>
  <tag k="railway:signal:stop" v="DE-ESO:ne5"/>
  <tag k="railway:signal:stop:deactivated" v="no"/>
  <tag k="railway:signal:stop:form" v="sign"/>
  <tag k="railway:signal:stop:height" v="normal"/>
 </node>
 <node id="11762517382" visible="true" version="2" changeset="151555653" timestamp="2024-05-19T23:43:03Z" user="Lukas615" uid="675791" lat="52.5399384" lon="13.4394918">
  <tag k="operator" v="DB InfraGO AG"/>
  <tag k="railway" v="signal"/>
  <tag k="railway:signal:direction" v="forward"/>
  <tag k="railway:signal:minor" v="DE-ESO:sh"/>
  <tag k="railway:signal:minor:deactivated" v="no"/>
  <tag k="railway:signal:minor:form" v="light"/>
  <tag k="railway:signal:minor:height" v="dwarf"/>
  <tag k="railway:signal:minor:states" v="DE-ESO:hp0;DE-ESO:sh1"/>
  <tag k="railway:signal:position" v="right"/>
  <tag k="railway:signal:traversable" v="DE-ESO:mastschild_schwarz-weiss-punkte"/>
  <tag k="ref" v="21L 511X"/>
 </node>
 <node id="11762517386" visible="true" version="1" changeset="149154540" timestamp="2024-03-26T00:38:05Z" user="Lukas615" uid="675791" lat="52.5395236" lon="13.4403913">
  <tag k="operator" v="DB InfraGO AG"/>
  <tag k="railway" v="signal"/>
  <tag k="railway:signal:combined" v="DE-ESO:ks"/>
  <tag k="railway:signal:combined:deactivated" v="no"/>
  <tag k="railway:signal:combined:form" v="light"/>
  <tag k="railway:signal:combined:height" v="normal"/>
  <tag k="railway:signal:combined:shortened" v="no"/>
  <tag k="railway:signal:combined:states" v="DE-ESO:hp0;DE-ESO:ks1;DE-ESO:ks2"/>
  <tag k="railway:signal:combined:substitute_signal" v="DE-ESO:db:zs12;DE-ESO:db:zs7"/>
  <tag k="railway:signal:direction" v="forward"/>
  <tag k="railway:signal:minor" v="DE-ESO:sh1"/>
  <tag k="railway:signal:minor:form" v="light"/>
  <tag k="railway:signal:position" v="left"/>
  <tag k="railway:signal:traversable" v="DE-ESO:mastschild_rot-weiss"/>
  <tag k="railway:signal:traversable:type" v="written_default_speed;dictated_default_speed"/>
  <tag k="ref" v="6011"/>
 </node>
 <node id="11762517415" visible="true" version="1" changeset="149154540" timestamp="2024-03-26T00:38:05Z" user="Lukas615" uid="675791" lat="52.5412315" lon="13.4365288">
  <tag k="operator" v="DB InfraGO AG"/>
  <tag k="railway" v="milestone"/>
  <tag k="railway:milestone:catenary_mast" v="no"/>
  <tag k="railway:milestone:emergency_brake_override" v="no"/>
  <tag k="railway:position" v="7.6"/>
 </node>
 <node id="11762517416" visible="true" version="1" changeset="149154540" timestamp="2024-03-26T00:38:05Z" user="Lukas615" uid="675791" lat="52.5407569" lon="13.4377208">
  <tag k="operator" v="DB InfraGO AG"/>
  <tag k="railway" v="signal"/>
  <tag k="railway:signal:direction" v="backward"/>
  <tag k="railway:signal:main" v="DE-ESO:ks"/>
  <tag k="railway:signal:main:deactivated" v="no"/>
  <tag k="railway:signal:main:form" v="light"/>
  <tag k="railway:signal:main:height" v="normal"/>
  <tag k="railway:signal:main:states" v="DE-ESO:hp0;DE-ESO:ks1"/>
  <tag k="railway:signal:main:substitute_signal" v="DE-ESO:dr:zs1"/>
  <tag k="railway:signal:position" v="left"/>
  <tag k="railway:signal:traversable" v="DE-ESO:mastschild_rot-weiss"/>
  <tag k="railway:signal:traversable:type" v="written_default_speed;dictated_default_speed"/>
  <tag k="ref" v="6010"/>
 </node>
 <node id="11762517426" visible="true" version="1" changeset="149154540" timestamp="2024-03-26T00:38:05Z" user="Lukas615" uid="675791" lat="52.5430460" lon="13.4310490"/>
 <node id="11762517428" visible="true" version="1" changeset="149154540" timestamp="2024-03-26T00:38:05Z" user="Lukas615" uid="675791" lat="52.5422822" lon="13.4336970">
  <tag k="description" v="Vorsignalbake Ne 3 mit 3 Streifen in Normalgröße"/>
  <tag k="operator" v="DB InfraGO AG"/>
  <tag k="railway" v="signal"/>
  <tag k="railway:signal:direction" v="backward"/>
  <tag k="railway:signal:position" v="right"/>
 </node>
 <node id="11762517429" visible="true" version="1" changeset="149154540" timestamp="2024-03-26T00:38:05Z" user="Lukas615" uid="675791" lat="52.5433651" lon="13.4298732"/>
 <node id="11762517431" visible="true" version="1" changeset="149154540" timestamp="2024-03-26T00:38:05Z" user="Lukas615" uid="675791" lat="52.5457677" lon="13.4239101"/>
 <node id="11767616761" visible="true" version="1" changeset="149247513" timestamp="2024-03-28T00:51:26Z" user="Lukas615" uid="675791" lat="52.5416007" lon="13.3644725">
  <tag k="operator" v="DB InfraGO AG"/>
  <tag k="railway" v="signal"/>
  <tag k="railway:signal:combined" v="DE-ESO:ks"/>
  <tag k="railway:signal:combined:deactivated" v="no"/>
  <tag k="railway:signal:combined:form" v="light"/>
  <tag k="railway:signal:combined:height" v="normal"/>
  <tag k="railway:signal:combined:shortened" v="no"/>
  <tag k="railway:signal:combined:states" v="DE-ESO:hp0;DE-ESO:ks1;DE-ESO:ks2"/>
  <tag k="railway:signal:combined:substitute_signal" v="DE-ESO:db:zs12;DE-ESO:dr:zs1"/>
  <tag k="railway:signal:direction" v="forward"/>
  <tag k="railway:signal:position" v="right"/>
  <tag k="railway:signal:speed_limit" v="DE-ESO:zs3"/>
  <tag k="railway:signal:speed_limit:deactivated" v="no"/>
  <tag k="railway:signal:speed_limit_distant" v="DE-ESO:zs3v"/>
  <tag k="railway:signal:speed_limit_distant:deactivated" v="no"/>
  <tag k="railway:signal:speed_limit_distant:form" v="light"/>
  <tag k="railway:signal:speed_limit_distant:height" v="normal"/>
  <tag k="railway:signal:speed_limit_distant:speed" v="?;off"/>
  <tag k="railway:signal:speed_limit:form" v="light"/>
  <tag k="railway:signal:speed_limit:height" v="normal"/>
  <tag k="railway:signal:speed_limit:speed" v="?;off"/>
  <tag k="railway:signal:traversable" v="DE-ESO:mastschild_rot-weiss"/>
  <tag k="railway:signal:traversable:type" v="written_default_speed;dictated_default_speed"/>
  <tag k="ref" v="975"/>
 </node>
 <node id="11866000666" visible="true" version="1" changeset="150660431" timestamp="2024-04-29T12:11:29Z" user="Lukas615" uid="675791" lat="52.5180294" lon="13.2845527">
  <tag k="operator" v="DB InfraGO AG"/>
  <tag k="railway" v="milestone"/>
  <tag k="railway:milestone:catenary_mast" v="no"/>
  <tag k="railway:milestone:emergency_brake_override" v="no"/>
  <tag k="railway:position" v="32.4"/>
 </node>
 <node id="11866000667" visible="true" version="1" changeset="150660431" timestamp="2024-04-29T12:11:29Z" user="Lukas615" uid="675791" lat="52.5180850" lon="13.2845338">
  <tag k="operator" v="DB InfraGO AG"/>
  <tag k="railway" v="signal"/>
  <tag k="railway:signal:direction" v="backward"/>
  <tag k="railway:signal:position" v="right"/>
  <tag k="railway:signal:stop" v="DE-ESO:ne5"/>
  <tag k="railway:signal:stop:caption" v="Kurzzug"/>
  <tag k="railway:signal:stop:deactivated" v="no"/>
  <tag k="railway:signal:stop:form" v="sign"/>
  <tag k="railway:signal:stop:height" v="dwarf"/>
 </node>
 <node id="11866000668" visible="true" version="1" changeset="150660431" timestamp="2024-04-29T12:11:29Z" user="Lukas615" uid="675791" lat="52.5177544" lon="13.2846463">
  <tag k="operator" v="DB InfraGO AG"/>
  <tag k="railway" v="signal"/>
  <tag k="railway:signal:direction" v="backward"/>
  <tag k="railway:signal:position" v="right"/>
  <tag k="railway:signal:stop" v="DE-ESO:ne5"/>
  <tag k="railway:signal:stop:caption" v="24x"/>
  <tag k="railway:signal:stop:deactivated" v="no"/>
  <tag k="railway:signal:stop:form" v="sign"/>
  <tag k="railway:signal:stop:height" v="dwarf"/>
 </node>
 <node id="11866144871" visible="true" version="1" changeset="150660431" timestamp="2024-04-29T12:11:29Z" user="Lukas615" uid="675791" lat="52.5036971" lon="13.2824077"/>
 <node id="11866144873" visible="true" version="1" changeset="150660431" timestamp="2024-04-29T12:11:29Z" user="Lukas615" uid="675791" lat="52.5051877" lon="13.2825171">
  <tag k="operator" v="DB InfraGO AG"/>
  <tag k="railway" v="milestone"/>
  <tag k="railway:milestone:catenary_mast" v="no"/>
  <tag k="railway:milestone:emergency_brake_override" v="no"/>
  <tag k="railway:position" v="30.9"/>
 </node>
 <node id="11927185980" visible="true" version="1" changeset="151700424" timestamp="2024-05-23T00:15:31Z" user="Lukas615" uid="675791" lat="52.5363484" lon="13.3454184">
  <tag k="operator" v="DB InfraGO AG"/>
  <tag k="railway" v="signal"/>
  <tag k="railway:signal:direction" v="forward"/>
  <tag k="railway:signal:position" v="left"/>
  <tag k="railway:signal:route" v="DE-ESO:zs2"/>
  <tag k="railway:signal:route:deactivated" v="no"/>
  <tag k="railway:signal:route:form" v="light"/>
  <tag k="railway:signal:route:states" v="H;W"/>
 </node>
 <node id="11966209508" visible="true" version="1" changeset="152447538" timestamp="2024-06-09T10:14:14Z" user="Lukas615" uid="675791" lat="52.5290131" lon="13.4551446">
  <tag k="operator" v="DB InfraGO AG"/>
  <tag k="railway" v="signal"/>
  <tag k="railway:signal:direction" v="forward"/>
  <tag k="railway:signal:position" v="right"/>
  <tag k="railway:signal:stop" v="DE-ESO:ne5"/>
  <tag k="railway:signal:stop:deactivated" v="no"/>
  <tag k="railway:signal:stop:form" v="sign"/>
  <tag k="railway:signal:stop:height" v="dwarf"/>
 </node>
 <node id="11966209509" visible="true" version="1" changeset="152447538" timestamp="2024-06-09T10:14:14Z" user="Lukas615" uid="675791" lat="52.5298649" lon="13.4542719">
  <tag k="operator" v="DB InfraGO AG"/>
  <tag k="railway" v="signal"/>
  <tag k="railway:signal:direction" v="backward"/>
  <tag k="railway:signal:position" v="right"/>
  <tag k="railway:signal:stop" v="DE-ESO:ne5"/>
  <tag k="railway:signal:stop:caption" v="24x"/>
  <tag k="railway:signal:stop:deactivated" v="no"/>
  <tag k="railway:signal:stop:form" v="sign"/>
  <tag k="railway:signal:stop:height" v="dwarf"/>
 </node>
 <node id="11966209510" visible="true" version="1" changeset="152447538" timestamp="2024-06-09T10:14:14Z" user="Lukas615" uid="675791" lat="52.5301598" lon="13.4539776">
  <tag k="operator" v="DB InfraGO AG"/>
  <tag k="railway" v="signal"/>
  <tag k="railway:signal:direction" v="backward"/>
  <tag k="railway:signal:position" v="right"/>
  <tag k="railway:signal:stop" v="DE-ESO:ne5"/>
  <tag k="railway:signal:stop:deactivated" v="no"/>
  <tag k="railway:signal:stop:form" v="sign"/>
  <tag k="railway:signal:stop:height" v="dwarf"/>
 </node>
 <node id="12180989064" visible="true" version="1" changeset="156705640" timestamp="2024-09-16T20:44:57Z" user="Lukas615" uid="675791" lat="52.5447775" lon="13.4258190"/>
 <node id="12180989065" visible="true" version="1" changeset="156705640" timestamp="2024-09-16T20:44:57Z" user="Lukas615" uid="675791" lat="52.5445496" lon="13.4264109">
  <tag k="operator" v="DB InfraGO AG"/>
  <tag k="railway" v="signal"/>
  <tag k="railway:signal:direction" v="forward"/>
  <tag k="railway:signal:position" v="right"/>
  <tag k="railway:signal:stop" v="DE-ESO:ne5"/>
  <tag k="railway:signal:stop:deactivated" v="no"/>
  <tag k="railway:signal:stop:form" v="sign"/>
  <tag k="railway:signal:stop:height" v="normal"/>
 </node>
 <node id="12180989067" visible="true" version="1" changeset="156705640" timestamp="2024-09-16T20:44:57Z" user="Lukas615" uid="675791" lat="52.5441646" lon="13.4275172"/>
 <node id="12302413755" visible="true" version="1" changeset="158597161" timestamp="2024-10-31T20:42:12Z" user="Lukas615" uid="675791" lat="52.4917848" lon="13.4600993">
  <tag k="operator" v="DB InfraGO AG"/>
  <tag k="railway" v="signal"/>
  <tag k="railway:signal:direction" v="backward"/>
  <tag k="railway:signal:position" v="right"/>
  <tag k="railway:signal:speed_limit_distant" v="DE-ESO:lf6"/>
  <tag k="railway:signal:speed_limit_distant:deactivated" v="no"/>
  <tag k="railway:signal:speed_limit_distant:form" v="sign"/>
  <tag k="railway:signal:speed_limit_distant:height" v="normal"/>
  <tag k="railway:signal:speed_limit_distant:speed" v="60"/>
 </node>
 <node id="12302413756" visible="true" version="1" changeset="158597161" timestamp="2024-10-31T20:42:12Z" user="Lukas615" uid="675791" lat="52.5008750" lon="13.4682700">
  <tag k="operator" v="DB InfraGO AG"/>
  <tag k="railway" v="milestone"/>
  <tag k="railway:milestone:catenary_mast" v="no"/>
  <tag k="railway:milestone:emergency_brake_override" v="no"/>
  <tag k="railway:position" v="13.4"/>
 </node>
 <node id="12302413757" visible="true" version="1" changeset="158597161" timestamp="2024-10-31T20:42:12Z" user="Lukas615" uid="675791" lat="52.5008725" lon="13.4682690">
  <tag k="operator" v="DB InfraGO AG"/>
  <tag k="railway" v="signal"/>
  <tag k="railway:signal:direction" v="backward"/>
  <tag k="railway:signal:position" v="right"/>
  <tag k="railway:signal:speed_limit_distant" v="DE-ESO:lf6"/>
  <tag k="railway:signal:speed_limit_distant:deactivated" v="no"/>
  <tag k="railway:signal:speed_limit_distant:form" v="sign"/>
  <tag k="railway:signal:speed_limit_distant:height" v="normal"/>
  <tag k="railway:signal:speed_limit_distant:speed" v="60"/>
 </node>
 <node id="12302413758" visible="true" version="1" changeset="158597161" timestamp="2024-10-31T20:42:12Z" user="Lukas615" uid="675791" lat="52.4995338" lon="13.4677324">
  <tag k="operator" v="DB InfraGO AG"/>
  <tag k="railway" v="signal"/>
  <tag k="railway:signal:combined" v="DE-ESO:ks"/>
  <tag k="railway:signal:combined:deactivated" v="no"/>
  <tag k="railway:signal:combined:form" v="light"/>
  <tag k="railway:signal:combined:height" v="normal"/>
  <tag k="railway:signal:combined:states" v="DE-ESO:hp0;DE-ESO:ks1;DE-ESO:ks2"/>
  <tag k="railway:signal:direction" v="backward"/>
  <tag k="railway:signal:position" v="left"/>
  <tag k="railway:signal:speed_limit_distant" v="DE-ESO:zs3v"/>
  <tag k="railway:signal:speed_limit_distant:deactivated" v="no"/>
  <tag k="railway:signal:speed_limit_distant:form" v="light"/>
  <tag k="railway:signal:speed_limit_distant:height" v="normal"/>
  <tag k="railway:signal:speed_limit_distant:speed" v="50;off"/>
  <tag k="railway:signal:traversable" v="DE-ESO:mastschild_rot-weiss"/>
  <tag k="railway:signal:traversable:type" v="written_default_speed;dictated_default_speed"/>
 </node>
 <node id="12302413759" visible="true" version="1" changeset="158597161" timestamp="2024-10-31T20:42:12Z" user="Lukas615" uid="675791" lat="52.5000418" lon="13.4679357">
  <tag k="operator" v="DB InfraGO AG"/>
  <tag k="railway" v="signal"/>
  <tag k="railway:signal:combined" v="DE-ESO:ks"/>
  <tag k="railway:signal:combined:deactivated" v="no"/>
  <tag k="railway:signal:combined:form" v="light"/>
  <tag k="railway:signal:combined:height" v="normal"/>
  <tag k="railway:signal:combined:shortened" v="no"/>
  <tag k="railway:signal:combined:states" v="DE-ESO:hp0;DE-ESO:ks1;DE-ESO:ks2"/>
  <tag k="railway:signal:direction" v="forward"/>
  <tag k="railway:signal:position" v="right"/>
  <tag k="railway:signal:speed_limit" v="DE-ESO:zs3"/>
  <tag k="railway:signal:speed_limit:deactivated" v="no"/>
  <tag k="railway:signal:speed_limit_distant" v="DE-ESO:zs3v"/>
  <tag k="railway:signal:speed_limit_distant:deactivated" v="no"/>
  <tag k="railway:signal:speed_limit_distant:form" v="light"/>
  <tag k="railway:signal:speed_limit_distant:height" v="normal"/>
  <tag k="railway:signal:speed_limit_distant:speed" v="50;?;off"/>
  <tag k="railway:signal:speed_limit:form" v="light"/>
  <tag k="railway:signal:speed_limit:height" v="normal"/>
  <tag k="railway:signal:speed_limit:speed" v="50;60;off"/>
  <tag k="railway:signal:traversable" v="DE-ESO:mastschild_rot-weiss"/>
  <tag k="railway:signal:traversable:type" v="written_default_speed;dictated_default_speed"/>
 </node>
 <node id="12302413760" visible="true" version="1" changeset="158597161" timestamp="2024-10-31T20:42:12Z" user="Lukas615" uid="675791" lat="52.5495905" lon="13.4051402">
  <tag k="operator" v="DB InfraGO AG"/>
  <tag k="railway" v="milestone"/>
  <tag k="railway:milestone:catenary_mast" v="no"/>
  <tag k="railway:milestone:emergency_brake_override" v="no"/>
  <tag k="railway:position" v="5.2"/>
 </node>
 <node id="12302413762" visible="true" version="1" changeset="158597161" timestamp="2024-10-31T20:42:12Z" user="Lukas615" uid="675791" lat="52.5494010" lon="13.3992366">
  <tag k="operator" v="DB InfraGO AG"/>
  <tag k="railway" v="milestone"/>
  <tag k="railway:milestone:catenary_mast" v="no"/>
  <tag k="railway:milestone:emergency_brake_override" v="no"/>
  <tag k="railway:position" v="4.8"/>
 </node>
 <node id="12302413766" visible="true" version="1" changeset="158597161" timestamp="2024-10-31T20:42:12Z" user="Lukas615" uid="675791" lat="52.5493947" lon="13.3969621">
  <tag k="fixme" v="Position geschätzt, Zusatzanzeiger fehlen vermutlich noch"/>
  <tag k="railway" v="signal"/>
  <tag k="railway:signal:direction" v="forward"/>
  <tag k="railway:signal:distant" v="DE-ESO:ks"/>
  <tag k="railway:signal:distant:deactivated" v="no"/>
  <tag k="railway:signal:distant:form" v="light"/>
  <tag k="railway:signal:distant:height" v="normal"/>
  <tag k="railway:signal:distant:repeated" v="yes"/>
  <tag k="railway:signal:distant:shortened" v="no"/>
  <tag k="railway:signal:distant:states" v="DE-ESO:ks1;DE-ESO:ks2"/>
  <tag k="railway:signal:position" v="right"/>
 </node>
 <node id="12302413768" visible="true" version="1" changeset="158597161" timestamp="2024-10-31T20:42:12Z" user="Lukas615" uid="675791" lat="52.5493786" lon="13.3959888"/>
 <node id="12302413773" visible="true" version="1" changeset="158597161" timestamp="2024-10-31T20:42:12Z" user="Lukas615" uid="675791" lat="52.4724910" lon="13.4551154">
  <tag k="operator" v="DB InfraGO AG"/>
  <tag k="railway" v="signal"/>
  <tag k="railway:signal:direction" v="forward"/>
  <tag k="railway:signal:position" v="right"/>
  <tag k="railway:signal:stop" v="DE-ESO:ne5"/>
  <tag k="railway:signal:stop:caption" v="24X"/>
  <tag k="railway:signal:stop:deactivated" v="no"/>
  <tag k="railway:signal:stop:form" v="sign"/>
  <tag k="railway:signal:stop:height" v="normal"/>
 </node>
 <node id="12302413774" visible="true" version="1" changeset="158597161" timestamp="2024-10-31T20:42:12Z" user="Lukas615" uid="675791" lat="52.4711037" lon="13.4527400"/>
 <node id="12308533039" visible="true" version="1" changeset="158682861" timestamp="2024-11-03T02:05:21Z" user="Lukas615" uid="675791" lat="52.5341684" lon="13.3280356">
  <tag k="note" v="Zeigt Ks 1+Zs 3 &quot;6&quot;+Zs 2 &quot;S&quot; ins Regelgleis Richtung Jungfernheide"/>
  <tag k="operator" v="DB InfraGO AG"/>
  <tag k="railway" v="signal"/>
  <tag k="railway:signal:combined" v="DE-ESO:ks"/>
  <tag k="railway:signal:combined:deactivated" v="no"/>
  <tag k="railway:signal:combined:form" v="light"/>
  <tag k="railway:signal:combined:height" v="normal"/>
  <tag k="railway:signal:combined:states" v="DE-ESO:hp0;DE-ESO:ks1;DE-ESO:ks2"/>
  <tag k="railway:signal:direction" v="backward"/>
  <tag k="railway:signal:position" v="left"/>
  <tag k="railway:signal:route" v="DE-ESO:zs2"/>
  <tag k="railway:signal:route:deactivated" v="no"/>
  <tag k="railway:signal:route:form" v="light"/>
  <tag k="railway:signal:route:states" v="S;?"/>
  <tag k="railway:signal:speed_limit" v="DE-ESO:zs3"/>
  <tag k="railway:signal:speed_limit:deactivated" v="no"/>
  <tag k="railway:signal:speed_limit:form" v="light"/>
  <tag k="railway:signal:speed_limit:height" v="normal"/>
  <tag k="railway:signal:speed_limit:speed" v="60;?"/>
  <tag k="railway:signal:traversable" v="DE-ESO:mastschild_rot-weiss"/>
  <tag k="railway:signal:traversable:type" v="written_default_speed;dictated_default_speed"/>
  <tag k="ref" v="944"/>
 </node>
 <node id="12573632127" visible="true" version="1" changeset="162340510" timestamp="2025-02-10T08:39:37Z" user="kartograph" uid="17304" lat="52.4786330" lon="13.3619881"/>
 <node id="12573632128" visible="true" version="1" changeset="162340510" timestamp="2025-02-10T08:39:37Z" user="kartograph" uid="17304" lat="52.4785476" lon="13.3622164"/>
 <node id="12573632129" visible="true" version="1" changeset="162340510" timestamp="2025-02-10T08:39:37Z" user="kartograph" uid="17304" lat="52.4781688" lon="13.3631063"/>
 <node id="12573632144" visible="true" version="1" changeset="162340510" timestamp="2025-02-10T08:39:37Z" user="kartograph" uid="17304" lat="52.4775127" lon="13.3642625"/>
 <node id="12573632145" visible="true" version="1" changeset="162340510" timestamp="2025-02-10T08:39:37Z" user="kartograph" uid="17304" lat="52.4774464" lon="13.3643473"/>
 <node id="12573632146" visible="true" version="1" changeset="162340510" timestamp="2025-02-10T08:39:37Z" user="kartograph" uid="17304" lat="52.4772229" lon="13.3646052"/>
 <node id="12573632147" visible="true" version="1" changeset="162340510" timestamp="2025-02-10T08:39:37Z" user="kartograph" uid="17304" lat="52.4770850" lon="13.3647444"/>
 <node id="12600507659" visible="true" version="1" changeset="162697339" timestamp="2025-02-19T11:44:57Z" user="kartograph" uid="17304" lat="52.4797297" lon="13.3584126"/>
 <node id="12600507660" visible="true" version="1" changeset="162697339" timestamp="2025-02-19T11:44:57Z" user="kartograph" uid="17304" lat="52.4798598" lon="13.3573685"/>
 <node id="12600507661" visible="true" version="1" changeset="162697339" timestamp="2025-02-19T11:44:57Z" user="kartograph" uid="17304" lat="52.4798725" lon="13.3567335"/>
 <node id="12600507662" visible="true" version="1" changeset="162697339" timestamp="2025-02-19T11:44:57Z" user="kartograph" uid="17304" lat="52.4798131" lon="13.3550986"/>
 <node id="12600517901" visible="true" version="1" changeset="162697077" timestamp="2025-02-19T11:37:34Z" user="kartograph" uid="17304" lat="52.4797023" lon="13.3533903"/>
 <node id="12600517902" visible="true" version="1" changeset="162697077" timestamp="2025-02-19T11:37:34Z" user="kartograph" uid="17304" lat="52.4796899" lon="13.3533088"/>
 <node id="12600517903" visible="true" version="1" changeset="162697077" timestamp="2025-02-19T11:37:34Z" user="kartograph" uid="17304" lat="52.4796645" lon="13.3531502"/>
 <node id="12600517904" visible="true" version="1" changeset="162697077" timestamp="2025-02-19T11:37:34Z" user="kartograph" uid="17304" lat="52.4797298" lon="13.3536151"/>
 <node id="12600517905" visible="true" version="1" changeset="162697077" timestamp="2025-02-19T11:37:34Z" user="kartograph" uid="17304" lat="52.4797462" lon="13.3537827"/>
 <node id="14142758758" visible="true" version="1" changeset="188430531" timestamp="2026-09-02T16:59:53Z" user="kiwilecker" uid="20889298" lat="52.5431899" lon="13.4305042"/>
 <node id="14219042465" visible="true" version="1" changeset="189576105" timestamp="2026-09-26T08:27:32Z" user="kartograph" uid="17304" lat="52.5467982" lon="13.3763862"/>
 <way id="4476093" visible="true" version="19" changeset="188430531" timestamp="2026-09-02T16:59:53Z" user="kiwilecker" uid="20889298">
  <nd ref="28297637"/>
  <nd ref="11084390458"/>
  <nd ref="28297639"/>
  <tag k="electrified" v="rail"/>
  <tag k="frequency" v="0"/>
  <tag k="gauge" v="1435"/>
  <tag k="maxspeed" v="80"/>
  <tag k="operator" v="DB InfraGO AG"/>
  <tag k="railway" v="light_rail"/>
  <tag k="railway:train_protection" v="DE:ZBS"/>
  <tag k="railway:zbs" v="yes"/>
  <tag k="ref" v="6020"/>
  <tag k="usage" v="main"/>
  <tag k="voltage" v="750"/>
  <tag k="workrules" v="DE:EBO"/>
 </way>
 <way id="4677636" visible="true" version="28" changeset="188430531" timestamp="2026-09-02T16:59:53Z" user="kiwilecker" uid="20889298">
  <nd ref="3787656360"/>
  <nd ref="280828490"/>
  <nd ref="527869626"/>
  <nd ref="280828221"/>
  <nd ref="527869632"/>
  <nd ref="280828491"/>
  <nd ref="2600749198"/>
  <nd ref="11084390443"/>
  <nd ref="2600749201"/>
  <nd ref="280828223"/>
  <nd ref="2600749209"/>
  <nd ref="280828224"/>
  <nd ref="527869639"/>
  <nd ref="2600749217"/>
  <nd ref="527869637"/>
  <nd ref="2600749220"/>
  <nd ref="11084390449"/>
  <nd ref="26124360"/>
  <nd ref="11084390448"/>
  <nd ref="2600749221"/>
  <nd ref="28297649"/>
  <nd ref="11642338280"/>
  <nd ref="2600749224"/>
  <nd ref="27258803"/>
  <nd ref="256789789"/>
  <nd ref="5415218802"/>
  <nd ref="28297648"/>
  <nd ref="11084390451"/>
  <nd ref="28297636"/>
  <tag k="electrified" v="rail"/>
  <tag k="frequency" v="0"/>
  <tag k="gauge" v="1435"/>
  <tag k="maxspeed" v="80"/>
  <tag k="operator" v="DB InfraGO AG"/>
  <tag k="railway" v="light_rail"/>
  <tag k="railway:train_protection" v="DE:ZBS"/>
  <tag k="railway:zbs" v="yes"/>
  <tag k="ref" v="6020"/>
  <tag k="usage" v="main"/>
  <tag k="voltage" v="750"/>
  <tag k="workrules" v="DE:EBO"/>
 </way>
 <way id="4677637" visible="true" version="17" changeset="188430531" timestamp="2026-09-02T16:59:53Z" user="kiwilecker" uid="20889298">
  <nd ref="28297636"/>
  <nd ref="28297637"/>
  <tag k="bridge" v="yes"/>
  <tag k="electrified" v="rail"/>
  <tag k="frequency" v="0"/>
  <tag k="gauge" v="1435"/>
  <tag k="layer" v="1"/>
  <tag k="maxspeed" v="80"/>
  <tag k="operator" v="DB InfraGO AG"/>
  <tag k="railway" v="light_rail"/>
  <tag k="railway:train_protection" v="DE:ZBS"/>
  <tag k="railway:zbs" v="yes"/>
  <tag k="ref" v="6020"/>
  <tag k="usage" v="main"/>
  <tag k="voltage" v="750"/>
  <tag k="workrules" v="DE:EBO"/>
 </way>
 <way id="4685957" visible="true" version="36" changeset="188432432" timestamp="2026-09-02T17:40:33Z" user="kiwilecker" uid="20889298">
  <nd ref="26953338"/>
  <nd ref="9291522762"/>
  <nd ref="261750686"/>
  <nd ref="4095972397"/>
  <nd ref="26953340"/>
  <nd ref="9291522754"/>
  <nd ref="9291522756"/>
  <tag k="electrified" v="rail"/>
  <tag k="frequency" v="0"/>
  <tag k="gauge" v="1435"/>
  <tag k="layer" v="1"/>
  <tag k="level" v="1"/>
  <tag k="maxspeed" v="80"/>
  <tag k="operator" v="DB InfraGO AG"/>
  <tag k="proposed:railway:train_protection" v="DE:ZBS"/>
  <tag k="proposed:railway:zbs" v="yes"/>
  <tag k="railway" v="light_rail"/>
  <tag k="ref" v="6020"/>
  <tag k="usage" v="main"/>
  <tag k="voltage" v="750"/>
  <tag k="workrules" v="DE:EBO"/>
 </way>
 <way id="4686020" visible="true" version="26" changeset="188432432" timestamp="2026-09-02T17:40:33Z" user="kiwilecker" uid="20889298">
  <nd ref="1421645799"/>
  <nd ref="12302413758"/>
  <nd ref="1453429678"/>
  <nd ref="2101295519"/>
  <nd ref="1453429677"/>
  <nd ref="2101295506"/>
  <nd ref="1453429676"/>
  <nd ref="2101295495"/>
  <nd ref="1453429675"/>
  <nd ref="10729870555"/>
  <nd ref="1453429674"/>
  <tag k="electrified" v="rail"/>
  <tag k="frequency" v="0"/>
  <tag k="gauge" v="1435"/>
  <tag k="level" v="1"/>
  <tag k="maxspeed" v="80"/>
  <tag k="operator" v="DB InfraGO AG"/>
  <tag k="proposed:railway:train_protection" v="DE:ZBS"/>
  <tag k="proposed:railway:zbs" v="yes"/>
  <tag k="railway" v="light_rail"/>
  <tag k="ref" v="6020"/>
  <tag k="usage" v="main"/>
  <tag k="voltage" v="750"/>
  <tag k="workrules" v="DE:EBO"/>
 </way>
 <way id="4699268" visible="true" version="12" changeset="188432432" timestamp="2026-09-02T17:40:33Z" user="kiwilecker" uid="20889298">
  <nd ref="29880685"/>
  <nd ref="29880684"/>
  <tag k="bridge" v="yes"/>
  <tag k="electrified" v="rail"/>
  <tag k="frequency" v="0"/>
  <tag k="gauge" v="1435"/>
  <tag k="layer" v="1"/>
  <tag k="maxspeed" v="80"/>
  <tag k="operator" v="DB InfraGO AG"/>
  <tag k="proposed:railway:train_protection" v="DE:ZBS"/>
  <tag k="proposed:railway:zbs" v="yes"/>
  <tag k="railway" v="light_rail"/>
  <tag k="ref" v="6020"/>
  <tag k="usage" v="main"/>
  <tag k="voltage" v="750"/>
  <tag k="workrules" v="DE:EBO"/>
 </way>
 <way id="4920118" visible="true" version="24" changeset="188432432" timestamp="2026-09-02T17:40:33Z" user="kiwilecker" uid="20889298">
  <nd ref="29880684"/>
  <nd ref="10296033403"/>
  <nd ref="320482486"/>
  <nd ref="3882345537"/>
  <nd ref="4075589307"/>
  <nd ref="261750268"/>
  <tag k="electrified" v="rail"/>
  <tag k="frequency" v="0"/>
  <tag k="gauge" v="1435"/>
  <tag k="maxspeed" v="80"/>
  <tag k="operator" v="DB InfraGO AG"/>
  <tag k="proposed:railway:train_protection" v="DE:ZBS"/>
  <tag k="proposed:railway:zbs" v="yes"/>
  <tag k="railway" v="light_rail"/>
  <tag k="ref" v="6020"/>
  <tag k="usage" v="main"/>
  <tag k="voltage" v="750"/>
  <tag k="workrules" v="DE:EBO"/>
 </way>
 <way id="10307635" visible="true" version="29" changeset="188432432" timestamp="2026-09-02T17:40:33Z" user="kiwilecker" uid="20889298">
  <nd ref="316787553"/>
  <nd ref="9921606996"/>
  <nd ref="316787554"/>
  <nd ref="581893828"/>
  <nd ref="21385738"/>
  <nd ref="581893826"/>
  <nd ref="310198469"/>
  <nd ref="581893821"/>
  <nd ref="310198468"/>
  <nd ref="21385737"/>
  <nd ref="310198467"/>
  <nd ref="310198449"/>
  <nd ref="10290541010"/>
  <nd ref="21385736"/>
  <nd ref="1721460701"/>
  <nd ref="10296033400"/>
  <nd ref="10288523936"/>
  <nd ref="310198526"/>
  <tag k="electrified" v="rail"/>
  <tag k="frequency" v="0"/>
  <tag k="gauge" v="1435"/>
  <tag k="maxspeed" v="80"/>
  <tag k="operator" v="DB InfraGO AG"/>
  <tag k="proposed:railway:train_protection" v="DE:ZBS"/>
  <tag k="proposed:railway:zbs" v="yes"/>
  <tag k="railway" v="light_rail"/>
  <tag k="ref" v="6020"/>
  <tag k="usage" v="main"/>
  <tag k="voltage" v="750"/>
  <tag k="workrules" v="DE:EBO"/>
 </way>
 <way id="12146815" visible="true" version="19" changeset="188430531" timestamp="2026-09-02T16:59:53Z" user="kiwilecker" uid="20889298">
  <nd ref="110088498"/>
  <nd ref="4357590655"/>
  <nd ref="110088501"/>
  <tag k="bridge" v="yes"/>
  <tag k="electrified" v="rail"/>
  <tag k="frequency" v="0"/>
  <tag k="gauge" v="1435"/>
  <tag k="layer" v="1"/>
  <tag k="level" v="0"/>
  <tag k="maxspeed" v="70"/>
  <tag k="operator" v="DB InfraGO AG"/>
  <tag k="railway" v="light_rail"/>
  <tag k="railway:track_ref" v="11"/>
  <tag k="railway:train_protection" v="DE:ZBS"/>
  <tag k="railway:zbs" v="yes"/>
  <tag k="ref" v="6020"/>
  <tag k="usage" v="main"/>
  <tag k="voltage" v="750"/>
  <tag k="workrules" v="DE:EBO"/>
 </way>
 <way id="12146816" visible="true" version="36" changeset="188430531" timestamp="2026-09-02T16:59:53Z" user="kiwilecker" uid="20889298">
  <nd ref="5157040675"/>
  <nd ref="128376752"/>
  <nd ref="3783332672"/>
  <nd ref="128376793"/>
  <nd ref="3783332676"/>
  <nd ref="3783332678"/>
  <nd ref="3783332682"/>
  <nd ref="5157040677"/>
  <nd ref="11754154793"/>
  <nd ref="11754154794"/>
  <nd ref="1806004223"/>
  <nd ref="5157040679"/>
  <nd ref="128376783"/>
  <nd ref="5157040680"/>
  <tag k="electrified" v="rail"/>
  <tag k="frequency" v="0"/>
  <tag k="gauge" v="1435"/>
  <tag k="layer" v="-2"/>
  <tag k="level" v="-1"/>
  <tag k="maxspeed" v="80"/>
  <tag k="operator" v="DB InfraGO AG"/>
  <tag k="railway" v="light_rail"/>
  <tag k="railway:track_ref" v="1"/>
  <tag k="railway:train_protection" v="DE:ZBS"/>
  <tag k="railway:zbs" v="yes"/>
  <tag k="ref" v="6020"/>
  <tag k="usage" v="main"/>
  <tag k="voltage" v="750"/>
  <tag k="workrules" v="DE:EBO"/>
 </way>
 <way id="13252424" visible="true" version="20" changeset="188432432" timestamp="2026-09-02T17:40:33Z" user="kiwilecker" uid="20889298">
  <nd ref="26953349"/>
  <nd ref="26953359"/>
  <tag k="bridge" v="yes"/>
  <tag k="electrified" v="rail"/>
  <tag k="frequency" v="0"/>
  <tag k="gauge" v="1435"/>
  <tag k="layer" v="1"/>
  <tag k="level" v="1"/>
  <tag k="maxspeed" v="80"/>
  <tag k="operator" v="DB InfraGO AG"/>
  <tag k="proposed:railway:train_protection" v="DE:ZBS"/>
  <tag k="proposed:railway:zbs" v="yes"/>
  <tag k="railway" v="light_rail"/>
  <tag k="ref" v="6020"/>
  <tag k="usage" v="main"/>
  <tag k="voltage" v="750"/>
  <tag k="workrules" v="DE:EBO"/>
 </way>
 <way id="15245116" visible="true" version="29" changeset="188430531" timestamp="2026-09-02T16:59:53Z" user="kiwilecker" uid="20889298">
  <nd ref="128376772"/>
  <nd ref="1020296756"/>
  <nd ref="154686632"/>
  <nd ref="1020296575"/>
  <nd ref="154686628"/>
  <nd ref="1092652458"/>
  <nd ref="3768364376"/>
  <nd ref="154686622"/>
  <nd ref="11620262924"/>
  <nd ref="154686639"/>
  <nd ref="11620262925"/>
  <nd ref="154686612"/>
  <nd ref="154686643"/>
  <nd ref="11620262926"/>
  <nd ref="154686607"/>
  <nd ref="5157040682"/>
  <nd ref="154686606"/>
  <nd ref="154701163"/>
  <nd ref="154686598"/>
  <tag k="electrified" v="rail"/>
  <tag k="frequency" v="0"/>
  <tag k="gauge" v="1435"/>
  <tag k="level" v="-2"/>
  <tag k="maxspeed" v="80"/>
  <tag k="operator" v="DB InfraGO AG"/>
  <tag k="railway" v="light_rail"/>
  <tag k="railway:train_protection" v="DE:ZBS"/>
  <tag k="railway:zbs" v="yes"/>
  <tag k="ref" v="6020"/>
  <tag k="usage" v="main"/>
  <tag k="voltage" v="750"/>
  <tag k="workrules" v="DE:EBO"/>
 </way>
 <way id="15245117" visible="true" version="17" changeset="188430531" timestamp="2026-09-02T16:59:53Z" user="kiwilecker" uid="20889298">
  <nd ref="151024510"/>
  <nd ref="4738679685"/>
  <nd ref="4738679686"/>
  <nd ref="151024512"/>
  <nd ref="4738679684"/>
  <nd ref="4738679683"/>
  <nd ref="151024515"/>
  <tag k="bridge" v="yes"/>
  <tag k="electrified" v="rail"/>
  <tag k="frequency" v="0"/>
  <tag k="gauge" v="1435"/>
  <tag k="layer" v="1"/>
  <tag k="maxspeed" v="80"/>
  <tag k="operator" v="DB InfraGO AG"/>
  <tag k="railway" v="light_rail"/>
  <tag k="railway:train_protection" v="DE:ZBS"/>
  <tag k="railway:zbs" v="yes"/>
  <tag k="ref" v="6020"/>
  <tag k="usage" v="main"/>
  <tag k="voltage" v="750"/>
  <tag k="workrules" v="DE:EBO"/>
 </way>
 <way id="15245118" visible="true" version="23" changeset="188430531" timestamp="2026-09-02T16:59:53Z" user="kiwilecker" uid="20889298">
  <nd ref="151024515"/>
  <nd ref="151024540"/>
  <nd ref="4738679674"/>
  <nd ref="4738679675"/>
  <nd ref="151024517"/>
  <nd ref="4738679668"/>
  <nd ref="4738679667"/>
  <nd ref="151024519"/>
  <nd ref="4738679666"/>
  <nd ref="151024521"/>
  <nd ref="4738679665"/>
  <nd ref="151024523"/>
  <nd ref="4738679663"/>
  <nd ref="7598349453"/>
  <nd ref="151024525"/>
  <nd ref="151024527"/>
  <nd ref="4738679653"/>
  <nd ref="151024534"/>
  <nd ref="151024530"/>
  <nd ref="4738679654"/>
  <nd ref="151024532"/>
  <tag k="electrified" v="rail"/>
  <tag k="frequency" v="0"/>
  <tag k="gauge" v="1435"/>
  <tag k="layer" v="1"/>
  <tag k="maxspeed" v="80"/>
  <tag k="operator" v="DB InfraGO AG"/>
  <tag k="railway" v="light_rail"/>
  <tag k="railway:train_protection" v="DE:ZBS"/>
  <tag k="railway:zbs" v="yes"/>
  <tag k="ref" v="6020"/>
  <tag k="usage" v="main"/>
  <tag k="voltage" v="750"/>
  <tag k="workrules" v="DE:EBO"/>
 </way>
 <way id="22768990" visible="true" version="22" changeset="188432432" timestamp="2026-09-02T17:40:33Z" user="kiwilecker" uid="20889298">
  <nd ref="244430192"/>
  <nd ref="2101295461"/>
  <nd ref="10283918162"/>
  <nd ref="26953336"/>
  <tag k="electrified" v="rail"/>
  <tag k="frequency" v="0"/>
  <tag k="gauge" v="1435"/>
  <tag k="level" v="1"/>
  <tag k="maxspeed" v="80"/>
  <tag k="operator" v="DB InfraGO AG"/>
  <tag k="proposed:railway:train_protection" v="DE:ZBS"/>
  <tag k="proposed:railway:zbs" v="yes"/>
  <tag k="railway" v="light_rail"/>
  <tag k="ref" v="6020"/>
  <tag k="usage" v="main"/>
  <tag k="voltage" v="750"/>
  <tag k="workrules" v="DE:EBO"/>
 </way>
 <way id="22768991" visible="true" version="22" changeset="188432432" timestamp="2026-09-02T17:40:33Z" user="kiwilecker" uid="20889298">
  <nd ref="26953336"/>
  <nd ref="26953338"/>
  <tag k="bridge" v="yes"/>
  <tag k="bridge:structure" v="truss"/>
  <tag k="electrified" v="rail"/>
  <tag k="frequency" v="0"/>
  <tag k="gauge" v="1435"/>
  <tag k="layer" v="1"/>
  <tag k="level" v="1"/>
  <tag k="maxspeed" v="80"/>
  <tag k="operator" v="DB InfraGO AG"/>
  <tag k="proposed:railway:train_protection" v="DE:ZBS"/>
  <tag k="proposed:railway:zbs" v="yes"/>
  <tag k="railway" v="light_rail"/>
  <tag k="ref" v="6020"/>
  <tag k="usage" v="main"/>
  <tag k="voltage" v="750"/>
  <tag k="workrules" v="DE:EBO"/>
 </way>
 <way id="23707856" visible="true" version="20" changeset="188430531" timestamp="2026-09-02T16:59:53Z" user="kiwilecker" uid="20889298">
  <nd ref="28297639"/>
  <nd ref="303998877"/>
  <tag k="bridge" v="yes"/>
  <tag k="electrified" v="rail"/>
  <tag k="frequency" v="0"/>
  <tag k="gauge" v="1435"/>
  <tag k="layer" v="2"/>
  <tag k="maxspeed" v="80"/>
  <tag k="operator" v="DB InfraGO AG"/>
  <tag k="railway" v="light_rail"/>
  <tag k="railway:train_protection" v="DE:ZBS"/>
  <tag k="railway:zbs" v="yes"/>
  <tag k="ref" v="6020"/>
  <tag k="usage" v="main"/>
  <tag k="voltage" v="750"/>
  <tag k="workrules" v="DE:EBO"/>
 </way>
 <way id="24178827" visible="true" version="19" changeset="188432432" timestamp="2026-09-02T17:40:33Z" user="kiwilecker" uid="20889298">
  <nd ref="261842696"/>
  <nd ref="316779949"/>
  <tag k="bridge" v="yes"/>
  <tag k="electrified" v="rail"/>
  <tag k="frequency" v="0"/>
  <tag k="gauge" v="1435"/>
  <tag k="maxspeed" v="100"/>
  <tag k="operator" v="DB InfraGO AG"/>
  <tag k="proposed:railway:train_protection" v="DE:ZBS"/>
  <tag k="proposed:railway:zbs" v="yes"/>
  <tag k="railway" v="light_rail"/>
  <tag k="usage" v="main"/>
  <tag k="voltage" v="750"/>
 </way>
 <way id="24295311" visible="true" version="27" changeset="188432432" timestamp="2026-09-02T17:40:33Z" user="kiwilecker" uid="20889298">
  <nd ref="3778278444"/>
  <nd ref="2966527036"/>
  <nd ref="3778278448"/>
  <nd ref="5375841171"/>
  <nd ref="11565843316"/>
  <nd ref="3778278451"/>
  <nd ref="3792749007"/>
  <nd ref="3778278449"/>
  <nd ref="6946321451"/>
  <nd ref="263125699"/>
  <nd ref="3778278447"/>
  <nd ref="263125700"/>
  <tag k="electrified" v="rail"/>
  <tag k="frequency" v="0"/>
  <tag k="gauge" v="1435"/>
  <tag k="level" v="1"/>
  <tag k="maxspeed:backward" v="90"/>
  <tag k="maxspeed:forward" v="80"/>
  <tag k="operator" v="DB InfraGO AG"/>
  <tag k="proposed:railway:train_protection" v="DE:ZBS"/>
  <tag k="proposed:railway:zbs" v="yes"/>
  <tag k="railway" v="light_rail"/>
  <tag k="railway:track_ref" v="1"/>
  <tag k="ref" v="6020"/>
  <tag k="usage" v="main"/>
  <tag k="voltage" v="750"/>
 </way>
 <way id="24295312" visible="true" version="14" changeset="188432432" timestamp="2026-09-02T17:40:33Z" user="kiwilecker" uid="20889298">
  <nd ref="263125707"/>
  <nd ref="263125708"/>
  <tag k="bridge" v="yes"/>
  <tag k="electrified" v="rail"/>
  <tag k="frequency" v="0"/>
  <tag k="gauge" v="1435"/>
  <tag k="layer" v="1"/>
  <tag k="maxspeed:backward" v="90"/>
  <tag k="maxspeed:forward" v="80"/>
  <tag k="operator" v="DB InfraGO AG"/>
  <tag k="proposed:railway:train_protection" v="DE:ZBS"/>
  <tag k="proposed:railway:zbs" v="yes"/>
  <tag k="railway" v="light_rail"/>
  <tag k="ref" v="6020"/>
  <tag k="usage" v="main"/>
  <tag k="voltage" v="750"/>
 </way>
 <way id="24295313" visible="true" version="22" changeset="188432432" timestamp="2026-09-02T17:40:33Z" user="kiwilecker" uid="20889298">
  <nd ref="263125708"/>
  <nd ref="5375822588"/>
  <nd ref="263125709"/>
  <nd ref="5375841151"/>
  <nd ref="10741342084"/>
  <nd ref="1355577262"/>
  <tag k="electrified" v="rail"/>
  <tag k="frequency" v="0"/>
  <tag k="gauge" v="1435"/>
  <tag k="maxspeed:backward" v="90"/>
  <tag k="maxspeed:forward" v="80"/>
  <tag k="operator" v="DB InfraGO AG"/>
  <tag k="proposed:railway:train_protection" v="DE:ZBS"/>
  <tag k="proposed:railway:zbs" v="yes"/>
  <tag k="railway" v="light_rail"/>
  <tag k="ref" v="6020"/>
  <tag k="usage" v="main"/>
  <tag k="voltage" v="750"/>
 </way>
 <way id="24295315" visible="true" version="17" changeset="188432432" timestamp="2026-09-02T17:40:33Z" user="kiwilecker" uid="20889298">
  <nd ref="263125724"/>
  <nd ref="3331230373"/>
  <nd ref="263125725"/>
  <nd ref="2966527035"/>
  <nd ref="263125696"/>
  <tag k="bridge" v="yes"/>
  <tag k="electrified" v="rail"/>
  <tag k="frequency" v="0"/>
  <tag k="gauge" v="1435"/>
  <tag k="layer" v="1"/>
  <tag k="maxspeed:backward" v="70"/>
  <tag k="maxspeed:forward" v="80"/>
  <tag k="operator" v="DB InfraGO AG"/>
  <tag k="proposed:railway:train_protection" v="DE:ZBS"/>
  <tag k="proposed:railway:zbs" v="yes"/>
  <tag k="railway" v="light_rail"/>
  <tag k="ref" v="6020"/>
  <tag k="usage" v="main"/>
  <tag k="voltage" v="750"/>
 </way>
 <way id="24295378" visible="true" version="14" changeset="188432432" timestamp="2026-09-02T17:40:33Z" user="kiwilecker" uid="20889298">
  <nd ref="263130683"/>
  <nd ref="263130685"/>
  <tag k="bridge" v="yes"/>
  <tag k="electrified" v="rail"/>
  <tag k="frequency" v="0"/>
  <tag k="gauge" v="1435"/>
  <tag k="layer" v="1"/>
  <tag k="maxspeed" v="100"/>
  <tag k="operator" v="DB InfraGO AG"/>
  <tag k="proposed:railway:train_protection" v="DE:ZBS"/>
  <tag k="proposed:railway:zbs" v="yes"/>
  <tag k="railway" v="light_rail"/>
  <tag k="ref" v="6020"/>
  <tag k="usage" v="main"/>
  <tag k="voltage" v="750"/>
 </way>
 <way id="24295379" visible="true" version="31" changeset="188432432" timestamp="2026-09-02T17:40:33Z" user="kiwilecker" uid="20889298">
  <nd ref="263130685"/>
  <nd ref="11758722666"/>
  <nd ref="11758722667"/>
  <nd ref="3801990842"/>
  <nd ref="263130686"/>
  <nd ref="5168745230"/>
  <nd ref="3801990827"/>
  <nd ref="3801990838"/>
  <nd ref="263130687"/>
  <nd ref="3801990844"/>
  <nd ref="263130690"/>
  <nd ref="3801990837"/>
  <nd ref="263130691"/>
  <nd ref="11758722648"/>
  <nd ref="3801990834"/>
  <nd ref="263130692"/>
  <nd ref="366015143"/>
  <nd ref="5168745292"/>
  <nd ref="11758738571"/>
  <nd ref="263130694"/>
  <nd ref="5168745293"/>
  <nd ref="4459430403"/>
  <nd ref="11758722647"/>
  <nd ref="263130695"/>
  <tag k="electrified" v="rail"/>
  <tag k="frequency" v="0"/>
  <tag k="gauge" v="1435"/>
  <tag k="maxspeed" v="100"/>
  <tag k="operator" v="DB InfraGO AG"/>
  <tag k="proposed:railway:train_protection" v="DE:ZBS"/>
  <tag k="proposed:railway:zbs" v="yes"/>
  <tag k="railway" v="light_rail"/>
  <tag k="ref" v="6020"/>
  <tag k="usage" v="main"/>
  <tag k="voltage" v="750"/>
 </way>
 <way id="24295388" visible="true" version="16" changeset="188432432" timestamp="2026-09-02T17:40:33Z" user="kiwilecker" uid="20889298">
  <nd ref="263125714"/>
  <nd ref="11758722653"/>
  <nd ref="263130676"/>
  <tag k="bridge" v="yes"/>
  <tag k="electrified" v="rail"/>
  <tag k="frequency" v="0"/>
  <tag k="gauge" v="1435"/>
  <tag k="layer" v="1"/>
  <tag k="level" v="1"/>
  <tag k="maxspeed" v="100"/>
  <tag k="operator" v="DB InfraGO AG"/>
  <tag k="proposed:railway:train_protection" v="DE:ZBS"/>
  <tag k="proposed:railway:zbs" v="yes"/>
  <tag k="railway" v="light_rail"/>
  <tag k="railway:track_ref" v="1"/>
  <tag k="ref" v="6020"/>
  <tag k="usage" v="main"/>
  <tag k="voltage" v="750"/>
 </way>
 <way id="24295389" visible="true" version="19" changeset="188432432" timestamp="2026-09-02T17:40:33Z" user="kiwilecker" uid="20889298">
  <nd ref="263130676"/>
  <nd ref="11758722652"/>
  <nd ref="3779421339"/>
  <nd ref="299935865"/>
  <tag k="electrified" v="rail"/>
  <tag k="frequency" v="0"/>
  <tag k="gauge" v="1435"/>
  <tag k="level" v="1"/>
  <tag k="maxspeed" v="100"/>
  <tag k="operator" v="DB InfraGO AG"/>
  <tag k="proposed:railway:train_protection" v="DE:ZBS"/>
  <tag k="proposed:railway:zbs" v="yes"/>
  <tag k="railway" v="light_rail"/>
  <tag k="ref" v="6020"/>
  <tag k="usage" v="main"/>
  <tag k="voltage" v="750"/>
 </way>
 <way id="25982211" visible="true" version="16" changeset="188432432" timestamp="2026-09-02T17:40:33Z" user="kiwilecker" uid="20889298">
  <nd ref="281661117"/>
  <nd ref="281661116"/>
  <tag k="bridge" v="yes"/>
  <tag k="electrified" v="rail"/>
  <tag k="frequency" v="0"/>
  <tag k="gauge" v="1435"/>
  <tag k="layer" v="1"/>
  <tag k="maxspeed" v="80"/>
  <tag k="operator" v="DB InfraGO AG"/>
  <tag k="proposed:railway:train_protection" v="DE:ZBS"/>
  <tag k="proposed:railway:zbs" v="yes"/>
  <tag k="railway" v="light_rail"/>
  <tag k="ref" v="6020"/>
  <tag k="usage" v="main"/>
  <tag k="voltage" v="750"/>
 </way>
 <way id="25982212" visible="true" version="22" changeset="188432432" timestamp="2026-09-02T17:40:33Z" user="kiwilecker" uid="20889298">
  <nd ref="10741342085"/>
  <nd ref="10741342086"/>
  <nd ref="281661102"/>
  <nd ref="8987481793"/>
  <nd ref="281661101"/>
  <nd ref="12600507660"/>
  <nd ref="604676092"/>
  <nd ref="281661100"/>
  <nd ref="12600507661"/>
  <nd ref="8987481790"/>
  <nd ref="604676071"/>
  <nd ref="604676082"/>
  <nd ref="12600507662"/>
  <nd ref="281661097"/>
  <nd ref="281661096"/>
  <nd ref="8987481786"/>
  <nd ref="281661095"/>
  <nd ref="12600517905"/>
  <nd ref="12600517904"/>
  <nd ref="281661094"/>
  <tag k="electrified" v="rail"/>
  <tag k="frequency" v="0"/>
  <tag k="gauge" v="1435"/>
  <tag k="maxspeed" v="70"/>
  <tag k="operator" v="DB InfraGO AG"/>
  <tag k="proposed:railway:train_protection" v="DE:ZBS"/>
  <tag k="proposed:railway:zbs" v="yes"/>
  <tag k="railway" v="light_rail"/>
  <tag k="ref" v="6020"/>
  <tag k="usage" v="main"/>
  <tag k="voltage" v="750"/>
 </way>
 <way id="25982343" visible="true" version="20" changeset="188432432" timestamp="2026-09-02T17:40:33Z" user="kiwilecker" uid="20889298">
  <nd ref="281661094"/>
  <nd ref="12600517901"/>
  <nd ref="12600517902"/>
  <nd ref="12600517903"/>
  <nd ref="281661093"/>
  <tag k="bridge" v="yes"/>
  <tag k="electrified" v="rail"/>
  <tag k="frequency" v="0"/>
  <tag k="gauge" v="1435"/>
  <tag k="layer" v="2"/>
  <tag k="maxspeed" v="70"/>
  <tag k="operator" v="DB InfraGO AG"/>
  <tag k="proposed:railway:train_protection" v="DE:ZBS"/>
  <tag k="proposed:railway:zbs" v="yes"/>
  <tag k="railway" v="light_rail"/>
  <tag k="ref" v="6020"/>
  <tag k="usage" v="main"/>
  <tag k="voltage" v="750"/>
 </way>
 <way id="25982344" visible="true" version="21" changeset="172553771" timestamp="2025-09-28T07:19:46Z" user="jengelh" uid="1468043">
  <nd ref="281661093"/>
  <nd ref="5168745278"/>
  <nd ref="670814567"/>
  <tag k="electrified" v="rail"/>
  <tag k="frequency" v="0"/>
  <tag k="gauge" v="1435"/>
  <tag k="level" v="2"/>
  <tag k="maxspeed" v="70"/>
  <tag k="operator" v="DB InfraGO AG"/>
  <tag k="railway" v="light_rail"/>
  <tag k="ref" v="6020"/>
  <tag k="usage" v="main"/>
  <tag k="voltage" v="750"/>
 </way>
 <way id="25983301" visible="true" version="20" changeset="188432432" timestamp="2026-09-02T17:40:33Z" user="kiwilecker" uid="20889298">
  <nd ref="281661150"/>
  <nd ref="2769689332"/>
  <nd ref="283456566"/>
  <tag k="bridge" v="yes"/>
  <tag k="detail" v="track"/>
  <tag k="electrified" v="rail"/>
  <tag k="frequency" v="0"/>
  <tag k="gauge" v="1435"/>
  <tag k="layer" v="1"/>
  <tag k="maxspeed" v="80"/>
  <tag k="operator" v="DB InfraGO AG"/>
  <tag k="proposed:railway:train_protection" v="DE:ZBS"/>
  <tag k="proposed:railway:zbs" v="yes"/>
  <tag k="railway" v="light_rail"/>
  <tag k="ref" v="6020"/>
  <tag k="usage" v="main"/>
  <tag k="voltage" v="750"/>
  <tag k="workrules" v="DE:EBO"/>
 </way>
 <way id="25983302" visible="true" version="35" changeset="188432432" timestamp="2026-09-02T17:40:33Z" user="kiwilecker" uid="20889298">
  <nd ref="283456566"/>
  <nd ref="366040430"/>
  <nd ref="281661144"/>
  <nd ref="2769689334"/>
  <nd ref="11558214690"/>
  <nd ref="567476013"/>
  <nd ref="11558214706"/>
  <nd ref="11558214707"/>
  <nd ref="567476016"/>
  <nd ref="1499711614"/>
  <tag k="detail" v="track"/>
  <tag k="electrified" v="rail"/>
  <tag k="frequency" v="0"/>
  <tag k="gauge" v="1435"/>
  <tag k="level" v="1"/>
  <tag k="maxspeed" v="80"/>
  <tag k="operator" v="DB InfraGO AG"/>
  <tag k="proposed:railway:train_protection" v="DE:ZBS"/>
  <tag k="proposed:railway:zbs" v="yes"/>
  <tag k="railway" v="light_rail"/>
  <tag k="ref" v="6020"/>
  <tag k="usage" v="main"/>
  <tag k="voltage" v="750"/>
  <tag k="workrules" v="DE:EBO"/>
 </way>
 <way id="25983303" visible="true" version="18" changeset="188432432" timestamp="2026-09-02T17:40:33Z" user="kiwilecker" uid="20889298">
  <nd ref="281661124"/>
  <nd ref="281661123"/>
  <tag k="bridge" v="yes"/>
  <tag k="detail" v="track"/>
  <tag k="electrified" v="rail"/>
  <tag k="frequency" v="0"/>
  <tag k="gauge" v="1435"/>
  <tag k="layer" v="1"/>
  <tag k="maxspeed" v="80"/>
  <tag k="operator" v="DB InfraGO AG"/>
  <tag k="proposed:railway:train_protection" v="DE:ZBS"/>
  <tag k="proposed:railway:zbs" v="yes"/>
  <tag k="railway" v="light_rail"/>
  <tag k="ref" v="6020"/>
  <tag k="usage" v="main"/>
  <tag k="voltage" v="750"/>
  <tag k="workrules" v="DE:EBO"/>
 </way>
 <way id="25983304" visible="true" version="20" changeset="188432432" timestamp="2026-09-02T17:40:33Z" user="kiwilecker" uid="20889298">
  <nd ref="281661123"/>
  <nd ref="12573632129"/>
  <nd ref="281661122"/>
  <nd ref="281661121"/>
  <nd ref="281661120"/>
  <nd ref="12573632128"/>
  <nd ref="12573632127"/>
  <nd ref="281661119"/>
  <nd ref="281661118"/>
  <nd ref="8987481797"/>
  <nd ref="281661117"/>
  <tag k="detail" v="track"/>
  <tag k="electrified" v="rail"/>
  <tag k="frequency" v="0"/>
  <tag k="gauge" v="1435"/>
  <tag k="maxspeed" v="80"/>
  <tag k="operator" v="DB InfraGO AG"/>
  <tag k="proposed:railway:train_protection" v="DE:ZBS"/>
  <tag k="proposed:railway:zbs" v="yes"/>
  <tag k="railway" v="light_rail"/>
  <tag k="ref" v="6020"/>
  <tag k="usage" v="main"/>
  <tag k="voltage" v="750"/>
  <tag k="workrules" v="DE:EBO"/>
 </way>
 <way id="26436023" visible="true" version="31" changeset="188384579" timestamp="2026-09-01T19:08:01Z" user="kiwilecker" uid="20889298">
  <nd ref="4264720740"/>
  <nd ref="4264679410"/>
  <nd ref="4264679412"/>
  <nd ref="3901769090"/>
  <nd ref="3901769091"/>
  <nd ref="3901769092"/>
  <tag k="electrified" v="rail"/>
  <tag k="frequency" v="0"/>
  <tag k="gauge" v="1435"/>
  <tag k="layer" v="-1"/>
  <tag k="level" v="-1"/>
  <tag k="maxspeed" v="70"/>
  <tag k="operator" v="DB InfraGO AG"/>
  <tag k="railway" v="light_rail"/>
  <tag k="railway:track_ref" v="3"/>
  <tag k="railway:train_protection" v="DE:ZBS"/>
  <tag k="railway:zbs" v="yes"/>
  <tag k="ref" v="6020"/>
  <tag k="usage" v="main"/>
  <tag k="voltage" v="750"/>
  <tag k="workrules" v="DE:EBO"/>
 </way>
 <way id="26436024" visible="true" version="32" changeset="188430531" timestamp="2026-09-02T16:59:53Z" user="kiwilecker" uid="20889298">
  <nd ref="289678331"/>
  <nd ref="11639199865"/>
  <nd ref="12302413762"/>
  <nd ref="11639199866"/>
  <nd ref="10734709686"/>
  <nd ref="289678332"/>
  <nd ref="11639232369"/>
  <nd ref="1258761708"/>
  <tag k="electrified" v="rail"/>
  <tag k="frequency" v="0"/>
  <tag k="gauge" v="1435"/>
  <tag k="maxspeed" v="90"/>
  <tag k="operator" v="DB InfraGO AG"/>
  <tag k="railway" v="light_rail"/>
  <tag k="railway:train_protection" v="DE:ZBS"/>
  <tag k="railway:zbs" v="yes"/>
  <tag k="ref" v="6020"/>
  <tag k="usage" v="main"/>
  <tag k="voltage" v="750"/>
  <tag k="workrules" v="DE:EBO"/>
 </way>
 <way id="26436025" visible="true" version="21" changeset="188430531" timestamp="2026-09-02T16:59:53Z" user="kiwilecker" uid="20889298">
  <nd ref="289678330"/>
  <nd ref="12302413768"/>
  <nd ref="12302413766"/>
  <nd ref="289678331"/>
  <tag k="electrified" v="rail"/>
  <tag k="frequency" v="0"/>
  <tag k="gauge" v="1435"/>
  <tag k="layer" v="-1"/>
  <tag k="maxspeed" v="90"/>
  <tag k="operator" v="DB InfraGO AG"/>
  <tag k="railway" v="light_rail"/>
  <tag k="railway:train_protection" v="DE:ZBS"/>
  <tag k="railway:zbs" v="yes"/>
  <tag k="ref" v="6020"/>
  <tag k="tunnel" v="yes"/>
  <tag k="usage" v="main"/>
  <tag k="voltage" v="750"/>
  <tag k="workrules" v="DE:EBO"/>
 </way>
 <way id="26436026" visible="true" version="23" changeset="188430531" timestamp="2026-09-02T16:59:53Z" user="kiwilecker" uid="20889298">
  <nd ref="289678327"/>
  <nd ref="2490860032"/>
  <nd ref="4227229206"/>
  <nd ref="2490860034"/>
  <nd ref="4264679416"/>
  <nd ref="289678330"/>
  <tag k="electrified" v="rail"/>
  <tag k="frequency" v="0"/>
  <tag k="gauge" v="1435"/>
  <tag k="maxspeed" v="90"/>
  <tag k="operator" v="DB InfraGO AG"/>
  <tag k="railway" v="light_rail"/>
  <tag k="railway:train_protection" v="DE:ZBS"/>
  <tag k="railway:zbs" v="yes"/>
  <tag k="ref" v="6020"/>
  <tag k="usage" v="main"/>
  <tag k="voltage" v="750"/>
  <tag k="workrules" v="DE:EBO"/>
 </way>
 <way id="26556661" visible="true" version="25" changeset="188430531" timestamp="2026-09-02T16:59:53Z" user="kiwilecker" uid="20889298">
  <nd ref="303998877"/>
  <nd ref="303998902"/>
  <nd ref="303998888"/>
  <nd ref="303998885"/>
  <nd ref="303998881"/>
  <nd ref="303998874"/>
  <nd ref="614445863"/>
  <nd ref="11767616761"/>
  <nd ref="291098529"/>
  <nd ref="1232838143"/>
  <tag k="electrified" v="rail"/>
  <tag k="frequency" v="0"/>
  <tag k="gauge" v="1435"/>
  <tag k="maxspeed" v="80"/>
  <tag k="operator" v="DB InfraGO AG"/>
  <tag k="railway" v="light_rail"/>
  <tag k="railway:train_protection" v="DE:ZBS"/>
  <tag k="railway:zbs" v="yes"/>
  <tag k="ref" v="6020"/>
  <tag k="usage" v="main"/>
  <tag k="voltage" v="750"/>
  <tag k="workrules" v="DE:EBO"/>
 </way>
 <way id="26556712" visible="true" version="17" changeset="188430531" timestamp="2026-09-02T16:59:53Z" user="kiwilecker" uid="20889298">
  <nd ref="291098541"/>
  <nd ref="291098543"/>
  <tag k="bridge" v="yes"/>
  <tag k="electrified" v="rail"/>
  <tag k="frequency" v="0"/>
  <tag k="gauge" v="1435"/>
  <tag k="layer" v="1"/>
  <tag k="level" v="1"/>
  <tag k="maxspeed" v="80"/>
  <tag k="operator" v="DB InfraGO AG"/>
  <tag k="railway" v="light_rail"/>
  <tag k="railway:train_protection" v="DE:ZBS"/>
  <tag k="railway:zbs" v="yes"/>
  <tag k="ref" v="6020"/>
  <tag k="usage" v="main"/>
  <tag k="voltage" v="750"/>
  <tag k="workrules" v="DE:EBO"/>
 </way>
 <way id="26556713" visible="true" version="26" changeset="188430531" timestamp="2026-09-02T16:59:53Z" user="kiwilecker" uid="20889298">
  <nd ref="3886770397"/>
  <nd ref="291098563"/>
  <nd ref="4366601369"/>
  <nd ref="291098566"/>
  <nd ref="567183124"/>
  <nd ref="567183127"/>
  <nd ref="11628657092"/>
  <nd ref="291098567"/>
  <nd ref="322813769"/>
  <nd ref="4264708639"/>
  <nd ref="567183143"/>
  <nd ref="291098571"/>
  <nd ref="10748773960"/>
  <nd ref="4264708640"/>
  <nd ref="322813773"/>
  <tag k="electrified" v="rail"/>
  <tag k="frequency" v="0"/>
  <tag k="gauge" v="1435"/>
  <tag k="layer" v="-1"/>
  <tag k="level" v="-1"/>
  <tag k="maxspeed" v="80"/>
  <tag k="operator" v="DB InfraGO AG"/>
  <tag k="railway" v="light_rail"/>
  <tag k="railway:train_protection" v="DE:ZBS"/>
  <tag k="railway:zbs" v="yes"/>
  <tag k="ref" v="6020"/>
  <tag k="usage" v="main"/>
  <tag k="voltage" v="750"/>
  <tag k="workrules" v="DE:EBO"/>
 </way>
 <way id="26556718" visible="true" version="16" changeset="188430531" timestamp="2026-09-02T16:59:53Z" user="kiwilecker" uid="20889298">
  <nd ref="291099223"/>
  <nd ref="291098535"/>
  <tag k="bridge" v="yes"/>
  <tag k="electrified" v="rail"/>
  <tag k="frequency" v="0"/>
  <tag k="gauge" v="1435"/>
  <tag k="layer" v="1"/>
  <tag k="level" v="1"/>
  <tag k="maxspeed" v="80"/>
  <tag k="operator" v="DB InfraGO AG"/>
  <tag k="railway" v="light_rail"/>
  <tag k="railway:train_protection" v="DE:ZBS"/>
  <tag k="railway:zbs" v="yes"/>
  <tag k="ref" v="6020"/>
  <tag k="usage" v="main"/>
  <tag k="voltage" v="750"/>
  <tag k="workrules" v="DE:EBO"/>
 </way>
 <way id="26556719" visible="true" version="19" changeset="188430531" timestamp="2026-09-02T16:59:53Z" user="kiwilecker" uid="20889298">
  <nd ref="291098535"/>
  <nd ref="11084390470"/>
  <nd ref="11084390473"/>
  <nd ref="291098539"/>
  <nd ref="2793248277"/>
  <nd ref="3901768678"/>
  <nd ref="11084390481"/>
  <nd ref="2793248283"/>
  <nd ref="291098541"/>
  <tag k="electrified" v="rail"/>
  <tag k="frequency" v="0"/>
  <tag k="gauge" v="1435"/>
  <tag k="maxspeed" v="80"/>
  <tag k="operator" v="DB InfraGO AG"/>
  <tag k="railway" v="light_rail"/>
  <tag k="railway:train_protection" v="DE:ZBS"/>
  <tag k="railway:zbs" v="yes"/>
  <tag k="ref" v="6020"/>
  <tag k="usage" v="main"/>
  <tag k="voltage" v="750"/>
  <tag k="workrules" v="DE:EBO"/>
 </way>
 <way id="27707587" visible="true" version="15" changeset="188430531" timestamp="2026-09-02T16:59:53Z" user="kiwilecker" uid="20889298">
  <nd ref="291098531"/>
  <nd ref="291098533"/>
  <tag k="bridge" v="yes"/>
  <tag k="electrified" v="rail"/>
  <tag k="frequency" v="0"/>
  <tag k="gauge" v="1435"/>
  <tag k="layer" v="1"/>
  <tag k="maxspeed" v="80"/>
  <tag k="operator" v="DB InfraGO AG"/>
  <tag k="railway" v="light_rail"/>
  <tag k="railway:train_protection" v="DE:ZBS"/>
  <tag k="railway:zbs" v="yes"/>
  <tag k="ref" v="6020"/>
  <tag k="usage" v="main"/>
  <tag k="voltage" v="750"/>
  <tag k="workrules" v="DE:EBO"/>
 </way>
 <way id="27707588" visible="true" version="19" changeset="188430531" timestamp="2026-09-02T16:59:53Z" user="kiwilecker" uid="20889298">
  <nd ref="291098533"/>
  <nd ref="11084390468"/>
  <nd ref="291099223"/>
  <tag k="electrified" v="rail"/>
  <tag k="frequency" v="0"/>
  <tag k="gauge" v="1435"/>
  <tag k="level" v="1"/>
  <tag k="maxspeed" v="80"/>
  <tag k="operator" v="DB InfraGO AG"/>
  <tag k="railway" v="light_rail"/>
  <tag k="railway:train_protection" v="DE:ZBS"/>
  <tag k="railway:zbs" v="yes"/>
  <tag k="ref" v="6020"/>
  <tag k="usage" v="main"/>
  <tag k="voltage" v="750"/>
  <tag k="workrules" v="DE:EBO"/>
 </way>
 <way id="27708531" visible="true" version="17" changeset="188430531" timestamp="2026-09-02T16:59:53Z" user="kiwilecker" uid="20889298">
  <nd ref="304276116"/>
  <nd ref="3788640172"/>
  <nd ref="4353949914"/>
  <nd ref="304276117"/>
  <tag k="bridge" v="yes"/>
  <tag k="electrified" v="rail"/>
  <tag k="frequency" v="0"/>
  <tag k="gauge" v="1435"/>
  <tag k="layer" v="1"/>
  <tag k="maxspeed" v="80"/>
  <tag k="operator" v="DB InfraGO AG"/>
  <tag k="railway" v="light_rail"/>
  <tag k="railway:train_protection" v="DE:ZBS"/>
  <tag k="railway:zbs" v="yes"/>
  <tag k="ref" v="6020"/>
  <tag k="usage" v="main"/>
  <tag k="voltage" v="750"/>
  <tag k="workrules" v="DE:EBO"/>
 </way>
 <way id="27708533" visible="true" version="24" changeset="188430531" timestamp="2026-09-02T16:59:53Z" user="kiwilecker" uid="20889298">
  <nd ref="304276117"/>
  <nd ref="11084390465"/>
  <nd ref="11084390466"/>
  <nd ref="11084390464"/>
  <nd ref="11084390467"/>
  <nd ref="4355930623"/>
  <nd ref="4531537787"/>
  <nd ref="4531543105"/>
  <nd ref="4531537788"/>
  <nd ref="1127967031"/>
  <nd ref="4531543100"/>
  <nd ref="4531543102"/>
  <nd ref="3788640175"/>
  <nd ref="291098531"/>
  <tag k="electrified" v="rail"/>
  <tag k="frequency" v="0"/>
  <tag k="gauge" v="1435"/>
  <tag k="level" v="1"/>
  <tag k="maxspeed" v="80"/>
  <tag k="operator" v="DB InfraGO AG"/>
  <tag k="railway" v="light_rail"/>
  <tag k="railway:track_ref" v="1"/>
  <tag k="railway:train_protection" v="DE:ZBS"/>
  <tag k="railway:zbs" v="yes"/>
  <tag k="ref" v="6020"/>
  <tag k="usage" v="main"/>
  <tag k="voltage" v="750"/>
  <tag k="workrules" v="DE:EBO"/>
 </way>
 <way id="27734930" visible="true" version="24" changeset="188432432" timestamp="2026-09-02T17:40:33Z" user="kiwilecker" uid="20889298">
  <nd ref="281661085"/>
  <nd ref="281661084"/>
  <nd ref="1806004226"/>
  <tag k="electrified" v="rail"/>
  <tag k="frequency" v="0"/>
  <tag k="gauge" v="1435"/>
  <tag k="layer" v="1"/>
  <tag k="level" v="2"/>
  <tag k="maxspeed" v="70"/>
  <tag k="operator" v="DB InfraGO AG"/>
  <tag k="proposed:railway:train_protection" v="DE:ZBS"/>
  <tag k="proposed:railway:zbs" v="yes"/>
  <tag k="railway" v="light_rail"/>
  <tag k="railway:track_ref" v="11"/>
  <tag k="ref" v="6020"/>
  <tag k="usage" v="main"/>
  <tag k="voltage" v="750"/>
 </way>
 <way id="27992304" visible="true" version="16" changeset="188430531" timestamp="2026-09-02T16:59:53Z" user="kiwilecker" uid="20889298">
  <nd ref="307381281"/>
  <nd ref="307381282"/>
  <tag k="bridge" v="yes"/>
  <tag k="electrified" v="rail"/>
  <tag k="frequency" v="0"/>
  <tag k="gauge" v="1435"/>
  <tag k="layer" v="1"/>
  <tag k="maxspeed" v="100"/>
  <tag k="operator" v="DB InfraGO AG"/>
  <tag k="railway" v="light_rail"/>
  <tag k="railway:train_protection" v="DE:ZBS"/>
  <tag k="railway:zbs" v="yes"/>
  <tag k="ref" v="6020"/>
  <tag k="usage" v="main"/>
  <tag k="voltage" v="750"/>
  <tag k="workrules" v="DE:EBO"/>
 </way>
 <way id="27992305" visible="true" version="24" changeset="188430531" timestamp="2026-09-02T16:59:53Z" user="kiwilecker" uid="20889298">
  <nd ref="291834629"/>
  <nd ref="11754154779"/>
  <nd ref="7598349454"/>
  <nd ref="291842180"/>
  <nd ref="11754154776"/>
  <nd ref="11754154777"/>
  <nd ref="1806004222"/>
  <nd ref="11754154778"/>
  <nd ref="11642338293"/>
  <nd ref="10748539818"/>
  <tag k="electrified" v="rail"/>
  <tag k="frequency" v="0"/>
  <tag k="gauge" v="1435"/>
  <tag k="layer" v="1"/>
  <tag k="level" v="1"/>
  <tag k="maxspeed" v="80"/>
  <tag k="operator" v="DB InfraGO AG"/>
  <tag k="railway" v="light_rail"/>
  <tag k="railway:track_ref" v="5"/>
  <tag k="railway:train_protection" v="DE:ZBS"/>
  <tag k="railway:zbs" v="yes"/>
  <tag k="ref" v="6020"/>
  <tag k="usage" v="main"/>
  <tag k="voltage" v="750"/>
  <tag k="workrules" v="DE:EBO"/>
 </way>
 <way id="27992306" visible="true" version="16" changeset="188430531" timestamp="2026-09-02T16:59:53Z" user="kiwilecker" uid="20889298">
  <nd ref="291843723"/>
  <nd ref="307381280"/>
  <tag k="bridge" v="yes"/>
  <tag k="electrified" v="rail"/>
  <tag k="frequency" v="0"/>
  <tag k="gauge" v="1435"/>
  <tag k="layer" v="1"/>
  <tag k="level" v="1"/>
  <tag k="maxspeed" v="100"/>
  <tag k="operator" v="DB InfraGO AG"/>
  <tag k="railway" v="light_rail"/>
  <tag k="railway:train_protection" v="DE:ZBS"/>
  <tag k="railway:zbs" v="yes"/>
  <tag k="ref" v="6020"/>
  <tag k="usage" v="main"/>
  <tag k="voltage" v="750"/>
  <tag k="workrules" v="DE:EBO"/>
 </way>
 <way id="27992308" visible="true" version="16" changeset="188430531" timestamp="2026-09-02T16:59:53Z" user="kiwilecker" uid="20889298">
  <nd ref="307381280"/>
  <nd ref="11642338300"/>
  <nd ref="11642338291"/>
  <nd ref="307381281"/>
  <tag k="electrified" v="rail"/>
  <tag k="frequency" v="0"/>
  <tag k="gauge" v="1435"/>
  <tag k="maxspeed" v="100"/>
  <tag k="operator" v="DB InfraGO AG"/>
  <tag k="railway" v="light_rail"/>
  <tag k="railway:train_protection" v="DE:ZBS"/>
  <tag k="railway:zbs" v="yes"/>
  <tag k="ref" v="6020"/>
  <tag k="usage" v="main"/>
  <tag k="voltage" v="750"/>
  <tag k="workrules" v="DE:EBO"/>
 </way>
 <way id="28243476" visible="true" version="17" changeset="188432432" timestamp="2026-09-02T17:40:33Z" user="kiwilecker" uid="20889298">
  <nd ref="310198526"/>
  <nd ref="310198527"/>
  <tag k="bridge" v="yes"/>
  <tag k="electrified" v="rail"/>
  <tag k="frequency" v="0"/>
  <tag k="gauge" v="1435"/>
  <tag k="layer" v="1"/>
  <tag k="maxspeed" v="80"/>
  <tag k="operator" v="DB InfraGO AG"/>
  <tag k="proposed:railway:train_protection" v="DE:ZBS"/>
  <tag k="proposed:railway:zbs" v="yes"/>
  <tag k="railway" v="light_rail"/>
  <tag k="ref" v="6020"/>
  <tag k="usage" v="main"/>
  <tag k="voltage" v="750"/>
  <tag k="workrules" v="DE:EBO"/>
 </way>
 <way id="28812475" visible="true" version="21" changeset="188432432" timestamp="2026-09-02T17:40:33Z" user="kiwilecker" uid="20889298">
  <nd ref="27540511"/>
  <nd ref="5168745266"/>
  <nd ref="316775449"/>
  <tag k="bridge" v="yes"/>
  <tag k="detail" v="track"/>
  <tag k="electrified" v="rail"/>
  <tag k="frequency" v="0"/>
  <tag k="gauge" v="1435"/>
  <tag k="layer" v="1"/>
  <tag k="level" v="1"/>
  <tag k="maxspeed" v="80"/>
  <tag k="operator" v="DB InfraGO AG"/>
  <tag k="proposed:railway:train_protection" v="DE:ZBS"/>
  <tag k="proposed:railway:zbs" v="yes"/>
  <tag k="railway" v="light_rail"/>
  <tag k="ref" v="6020"/>
  <tag k="usage" v="main"/>
  <tag k="voltage" v="750"/>
  <tag k="workrules" v="DE:EBO"/>
 </way>
 <way id="28812806" visible="true" version="15" changeset="188432432" timestamp="2026-09-02T17:40:33Z" user="kiwilecker" uid="20889298">
  <nd ref="316778066"/>
  <nd ref="11564730193"/>
  <nd ref="316778650"/>
  <tag k="bridge" v="yes"/>
  <tag k="electrified" v="rail"/>
  <tag k="frequency" v="0"/>
  <tag k="gauge" v="1435"/>
  <tag k="layer" v="1"/>
  <tag k="level" v="1"/>
  <tag k="maxspeed" v="80"/>
  <tag k="operator" v="DB InfraGO AG"/>
  <tag k="proposed:railway:train_protection" v="DE:ZBS"/>
  <tag k="proposed:railway:zbs" v="yes"/>
  <tag k="railway" v="light_rail"/>
  <tag k="ref" v="6020"/>
  <tag k="usage" v="main"/>
  <tag k="voltage" v="750"/>
  <tag k="workrules" v="DE:EBO"/>
 </way>
 <way id="28812807" visible="true" version="22" changeset="188432432" timestamp="2026-09-02T17:40:33Z" user="kiwilecker" uid="20889298">
  <nd ref="316778650"/>
  <nd ref="11564730197"/>
  <nd ref="11564730196"/>
  <nd ref="2136195248"/>
  <nd ref="11564730198"/>
  <nd ref="2808316067"/>
  <tag k="electrified" v="rail"/>
  <tag k="frequency" v="0"/>
  <tag k="gauge" v="1435"/>
  <tag k="maxspeed" v="80"/>
  <tag k="operator" v="DB InfraGO AG"/>
  <tag k="proposed:railway:train_protection" v="DE:ZBS"/>
  <tag k="proposed:railway:zbs" v="yes"/>
  <tag k="railway" v="light_rail"/>
  <tag k="ref" v="6020"/>
  <tag k="usage" v="main"/>
  <tag k="voltage" v="750"/>
  <tag k="workrules" v="DE:EBO"/>
 </way>
 <way id="28812994" visible="true" version="16" changeset="188432432" timestamp="2026-09-02T17:40:33Z" user="kiwilecker" uid="20889298">
  <nd ref="316779948"/>
  <nd ref="316779947"/>
  <tag k="bridge" v="yes"/>
  <tag k="electrified" v="rail"/>
  <tag k="frequency" v="0"/>
  <tag k="gauge" v="1435"/>
  <tag k="layer" v="1"/>
  <tag k="maxspeed" v="100"/>
  <tag k="operator" v="DB InfraGO AG"/>
  <tag k="proposed:railway:train_protection" v="DE:ZBS"/>
  <tag k="proposed:railway:zbs" v="yes"/>
  <tag k="railway" v="light_rail"/>
  <tag k="ref" v="6020"/>
  <tag k="usage" v="main"/>
  <tag k="voltage" v="750"/>
  <tag k="workrules" v="DE:EBO"/>
 </way>
 <way id="28812995" visible="true" version="16" changeset="188432432" timestamp="2026-09-02T17:40:33Z" user="kiwilecker" uid="20889298">
  <nd ref="316779947"/>
  <nd ref="2611292819"/>
  <nd ref="2611292816"/>
  <nd ref="10741216867"/>
  <tag k="electrified" v="rail"/>
  <tag k="frequency" v="0"/>
  <tag k="gauge" v="1435"/>
  <tag k="maxspeed" v="100"/>
  <tag k="operator" v="DB InfraGO AG"/>
  <tag k="proposed:railway:train_protection" v="DE:ZBS"/>
  <tag k="proposed:railway:zbs" v="yes"/>
  <tag k="railway" v="light_rail"/>
  <tag k="ref" v="6020"/>
  <tag k="usage" v="main"/>
  <tag k="voltage" v="750"/>
  <tag k="workrules" v="DE:EBO"/>
 </way>
 <way id="28813046" visible="true" version="17" changeset="188432432" timestamp="2026-09-02T17:40:33Z" user="kiwilecker" uid="20889298">
  <nd ref="316779946"/>
  <nd ref="316779945"/>
  <tag k="bridge" v="yes"/>
  <tag k="electrified" v="rail"/>
  <tag k="frequency" v="0"/>
  <tag k="gauge" v="1435"/>
  <tag k="layer" v="1"/>
  <tag k="level" v="1"/>
  <tag k="maxspeed" v="80"/>
  <tag k="operator" v="DB InfraGO AG"/>
  <tag k="proposed:railway:train_protection" v="DE:ZBS"/>
  <tag k="proposed:railway:zbs" v="yes"/>
  <tag k="railway" v="light_rail"/>
  <tag k="ref" v="6020"/>
  <tag k="usage" v="main"/>
  <tag k="voltage" v="750"/>
  <tag k="workrules" v="DE:EBO"/>
 </way>
 <way id="28813047" visible="true" version="27" changeset="188432432" timestamp="2026-09-02T17:40:33Z" user="kiwilecker" uid="20889298">
  <nd ref="316779945"/>
  <nd ref="10250754554"/>
  <nd ref="403048455"/>
  <nd ref="403048448"/>
  <nd ref="316779023"/>
  <nd ref="1106283806"/>
  <nd ref="12302413773"/>
  <nd ref="3776874244"/>
  <nd ref="402948576"/>
  <nd ref="4587011038"/>
  <tag k="electrified" v="rail"/>
  <tag k="frequency" v="0"/>
  <tag k="gauge" v="1435"/>
  <tag k="level" v="1"/>
  <tag k="maxspeed" v="80"/>
  <tag k="operator" v="DB InfraGO AG"/>
  <tag k="proposed:railway:train_protection" v="DE:ZBS"/>
  <tag k="proposed:railway:zbs" v="yes"/>
  <tag k="railway" v="light_rail"/>
  <tag k="railway:track_ref" v="1"/>
  <tag k="ref" v="6020"/>
  <tag k="usage" v="main"/>
  <tag k="voltage" v="750"/>
  <tag k="workrules" v="DE:EBO"/>
 </way>
 <way id="28813657" visible="true" version="24" changeset="188432432" timestamp="2026-09-02T17:40:33Z" user="kiwilecker" uid="20889298">
  <nd ref="316785827"/>
  <nd ref="10733014369"/>
  <nd ref="316785828"/>
  <tag k="bridge" v="yes"/>
  <tag k="electrified" v="rail"/>
  <tag k="frequency" v="0"/>
  <tag k="gauge" v="1435"/>
  <tag k="layer" v="1"/>
  <tag k="level" v="1"/>
  <tag k="maxspeed" v="80"/>
  <tag k="operator" v="DB InfraGO AG"/>
  <tag k="proposed:railway:train_protection" v="DE:ZBS"/>
  <tag k="proposed:railway:zbs" v="yes"/>
  <tag k="railway" v="light_rail"/>
  <tag k="railway:track_ref" v="1"/>
  <tag k="ref" v="6020"/>
  <tag k="usage" v="main"/>
  <tag k="voltage" v="750"/>
  <tag k="workrules" v="DE:EBO"/>
 </way>
 <way id="28813658" visible="true" version="41" changeset="188432432" timestamp="2026-09-02T17:40:33Z" user="kiwilecker" uid="20889298">
  <nd ref="316785830"/>
  <nd ref="11762517369"/>
  <nd ref="11762517370"/>
  <nd ref="2248212442"/>
  <nd ref="10733014374"/>
  <nd ref="11762517371"/>
  <nd ref="316785971"/>
  <nd ref="316785972"/>
  <nd ref="4868149150"/>
  <nd ref="11762493068"/>
  <nd ref="316785973"/>
  <nd ref="9710028160"/>
  <nd ref="11762493067"/>
  <nd ref="316785974"/>
  <nd ref="9710028159"/>
  <nd ref="316785975"/>
  <nd ref="9710028156"/>
  <nd ref="9710028154"/>
  <nd ref="9710028147"/>
  <nd ref="10733014380"/>
  <nd ref="316785976"/>
  <nd ref="316785977"/>
  <nd ref="11762493055"/>
  <nd ref="9710028177"/>
  <nd ref="4207708118"/>
  <nd ref="4868122043"/>
  <nd ref="10732947134"/>
  <nd ref="4868107384"/>
  <nd ref="4264864764"/>
  <nd ref="3776296479"/>
  <tag k="electrified" v="rail"/>
  <tag k="frequency" v="0"/>
  <tag k="gauge" v="1435"/>
  <tag k="maxspeed" v="80"/>
  <tag k="operator" v="DB InfraGO AG"/>
  <tag k="proposed:railway:train_protection" v="DE:ZBS"/>
  <tag k="proposed:railway:zbs" v="yes"/>
  <tag k="railway" v="light_rail"/>
  <tag k="ref" v="6020"/>
  <tag k="usage" v="main"/>
  <tag k="voltage" v="750"/>
  <tag k="workrules" v="DE:EBO"/>
 </way>
 <way id="28813703" visible="true" version="19" changeset="188432432" timestamp="2026-09-02T17:40:33Z" user="kiwilecker" uid="20889298">
  <nd ref="316786337"/>
  <nd ref="316786338"/>
  <tag k="bridge" v="yes"/>
  <tag k="electrified" v="rail"/>
  <tag k="frequency" v="0"/>
  <tag k="gauge" v="1435"/>
  <tag k="layer" v="1"/>
  <tag k="maxspeed" v="80"/>
  <tag k="operator" v="DB InfraGO AG"/>
  <tag k="proposed:railway:train_protection" v="DE:ZBS"/>
  <tag k="proposed:railway:zbs" v="yes"/>
  <tag k="railway" v="light_rail"/>
  <tag k="ref" v="6020"/>
  <tag k="usage" v="main"/>
  <tag k="voltage" v="750"/>
  <tag k="workrules" v="DE:EBO"/>
 </way>
 <way id="28813704" visible="true" version="40" changeset="188432432" timestamp="2026-09-02T17:40:33Z" user="kiwilecker" uid="20889298">
  <nd ref="316786339"/>
  <nd ref="316787138"/>
  <nd ref="9921606975"/>
  <nd ref="2256000752"/>
  <nd ref="9921606974"/>
  <nd ref="316787127"/>
  <nd ref="9921606972"/>
  <nd ref="316787135"/>
  <nd ref="9921606973"/>
  <nd ref="316787128"/>
  <nd ref="9921606970"/>
  <nd ref="316787133"/>
  <nd ref="9921606969"/>
  <nd ref="316787129"/>
  <nd ref="9921606968"/>
  <nd ref="2256000756"/>
  <nd ref="9921606967"/>
  <nd ref="316787134"/>
  <nd ref="9921606965"/>
  <nd ref="316787130"/>
  <tag k="electrified" v="rail"/>
  <tag k="frequency" v="0"/>
  <tag k="gauge" v="1435"/>
  <tag k="maxspeed" v="80"/>
  <tag k="operator" v="DB InfraGO AG"/>
  <tag k="proposed:railway:train_protection" v="DE:ZBS"/>
  <tag k="proposed:railway:zbs" v="yes"/>
  <tag k="railway" v="light_rail"/>
  <tag k="ref" v="6020"/>
  <tag k="usage" v="main"/>
  <tag k="voltage" v="750"/>
  <tag k="workrules" v="DE:EBO"/>
 </way>
 <way id="28813800" visible="true" version="18" changeset="188432432" timestamp="2026-09-02T17:40:33Z" user="kiwilecker" uid="20889298">
  <nd ref="316787426"/>
  <nd ref="316787553"/>
  <tag k="bridge" v="yes"/>
  <tag k="electrified" v="rail"/>
  <tag k="frequency" v="0"/>
  <tag k="gauge" v="1435"/>
  <tag k="layer" v="2"/>
  <tag k="maxspeed" v="80"/>
  <tag k="operator" v="DB InfraGO AG"/>
  <tag k="proposed:railway:train_protection" v="DE:ZBS"/>
  <tag k="proposed:railway:zbs" v="yes"/>
  <tag k="railway" v="light_rail"/>
  <tag k="ref" v="6020"/>
  <tag k="usage" v="main"/>
  <tag k="voltage" v="750"/>
  <tag k="workrules" v="DE:EBO"/>
 </way>
 <way id="28813865" visible="true" version="20" changeset="188432432" timestamp="2026-09-02T17:40:33Z" user="kiwilecker" uid="20889298">
  <nd ref="316788274"/>
  <nd ref="316787425"/>
  <tag k="bridge" v="yes"/>
  <tag k="electrified" v="rail"/>
  <tag k="frequency" v="0"/>
  <tag k="gauge" v="1435"/>
  <tag k="layer" v="2"/>
  <tag k="level" v="1"/>
  <tag k="maxspeed" v="50"/>
  <tag k="operator" v="DB InfraGO AG"/>
  <tag k="proposed:railway:train_protection" v="DE:ZBS"/>
  <tag k="proposed:railway:zbs" v="yes"/>
  <tag k="railway" v="light_rail"/>
  <tag k="ref" v="6020"/>
  <tag k="usage" v="main"/>
  <tag k="voltage" v="750"/>
  <tag k="workrules" v="DE:EBO"/>
 </way>
 <way id="28813866" visible="true" version="22" changeset="188432432" timestamp="2026-09-02T17:40:33Z" user="kiwilecker" uid="20889298">
  <nd ref="316787425"/>
  <nd ref="10294263625"/>
  <nd ref="10290541013"/>
  <tag k="electrified" v="rail"/>
  <tag k="frequency" v="0"/>
  <tag k="gauge" v="1435"/>
  <tag k="maxspeed" v="50"/>
  <tag k="operator" v="DB InfraGO AG"/>
  <tag k="proposed:railway:train_protection" v="DE:ZBS"/>
  <tag k="proposed:railway:zbs" v="yes"/>
  <tag k="railway" v="light_rail"/>
  <tag k="ref" v="6020"/>
  <tag k="usage" v="main"/>
  <tag k="voltage" v="750"/>
  <tag k="workrules" v="DE:EBO"/>
 </way>
 <way id="28820205" visible="true" version="24" changeset="188430531" timestamp="2026-09-02T16:59:53Z" user="kiwilecker" uid="20889298">
  <nd ref="316785011"/>
  <nd ref="11625204879"/>
  <nd ref="2490790596"/>
  <tag k="electrified" v="rail"/>
  <tag k="frequency" v="0"/>
  <tag k="gauge" v="1435"/>
  <tag k="layer" v="-1"/>
  <tag k="maxspeed" v="90"/>
  <tag k="operator" v="DB InfraGO AG"/>
  <tag k="railway" v="light_rail"/>
  <tag k="railway:train_protection" v="DE:ZBS"/>
  <tag k="railway:zbs" v="yes"/>
  <tag k="ref" v="6020"/>
  <tag k="tunnel" v="yes"/>
  <tag k="usage" v="main"/>
  <tag k="voltage" v="750"/>
  <tag k="workrules" v="DE:EBO"/>
 </way>
 <way id="28820206" visible="true" version="33" changeset="188430531" timestamp="2026-09-02T16:59:53Z" user="kiwilecker" uid="20889298">
  <nd ref="316785012"/>
  <nd ref="11639232373"/>
  <nd ref="10733809031"/>
  <nd ref="11224411038"/>
  <nd ref="2490790593"/>
  <nd ref="11625204878"/>
  <nd ref="3787328565"/>
  <nd ref="2930398668"/>
  <nd ref="518394188"/>
  <tag k="electrified" v="rail"/>
  <tag k="frequency" v="0"/>
  <tag k="gauge" v="1435"/>
  <tag k="level" v="-2"/>
  <tag k="maxspeed" v="70"/>
  <tag k="operator" v="DB InfraGO AG"/>
  <tag k="railway" v="light_rail"/>
  <tag k="railway:track_ref" v="1"/>
  <tag k="railway:train_protection" v="DE:ZBS"/>
  <tag k="railway:zbs" v="yes"/>
  <tag k="ref" v="6020"/>
  <tag k="usage" v="main"/>
  <tag k="voltage" v="750"/>
  <tag k="workrules" v="DE:EBO"/>
 </way>
 <way id="29131426" visible="true" version="17" changeset="188432432" timestamp="2026-09-02T17:40:33Z" user="kiwilecker" uid="20889298">
  <nd ref="26953359"/>
  <nd ref="12302413755"/>
  <nd ref="320482484"/>
  <tag k="electrified" v="rail"/>
  <tag k="frequency" v="0"/>
  <tag k="gauge" v="1435"/>
  <tag k="maxspeed" v="80"/>
  <tag k="operator" v="DB InfraGO AG"/>
  <tag k="proposed:railway:train_protection" v="DE:ZBS"/>
  <tag k="proposed:railway:zbs" v="yes"/>
  <tag k="railway" v="light_rail"/>
  <tag k="ref" v="6020"/>
  <tag k="usage" v="main"/>
  <tag k="voltage" v="750"/>
  <tag k="workrules" v="DE:EBO"/>
 </way>
 <way id="29131427" visible="true" version="12" changeset="188432432" timestamp="2026-09-02T17:40:33Z" user="kiwilecker" uid="20889298">
  <nd ref="320482484"/>
  <nd ref="29880685"/>
  <tag k="electrified" v="rail"/>
  <tag k="frequency" v="0"/>
  <tag k="gauge" v="1435"/>
  <tag k="maxspeed" v="80"/>
  <tag k="operator" v="DB InfraGO AG"/>
  <tag k="proposed:railway:train_protection" v="DE:ZBS"/>
  <tag k="proposed:railway:zbs" v="yes"/>
  <tag k="railway" v="light_rail"/>
  <tag k="ref" v="6020"/>
  <tag k="usage" v="main"/>
  <tag k="voltage" v="750"/>
  <tag k="workrules" v="DE:EBO"/>
 </way>
 <way id="29653893" visible="true" version="20" changeset="188432432" timestamp="2026-09-02T17:40:33Z" user="kiwilecker" uid="20889298">
  <nd ref="316778070"/>
  <nd ref="3776974140"/>
  <nd ref="3776974134"/>
  <nd ref="11564730177"/>
  <nd ref="316778068"/>
  <nd ref="11564730176"/>
  <nd ref="3776974130"/>
  <nd ref="11564730185"/>
  <nd ref="316778066"/>
  <tag k="electrified" v="rail"/>
  <tag k="electrified:rail" v="bottom"/>
  <tag k="frequency" v="0"/>
  <tag k="gauge" v="1435"/>
  <tag k="level" v="1"/>
  <tag k="maxspeed" v="80"/>
  <tag k="operator" v="DB InfraGO AG"/>
  <tag k="proposed:railway:train_protection" v="DE:ZBS"/>
  <tag k="proposed:railway:zbs" v="yes"/>
  <tag k="railway" v="light_rail"/>
  <tag k="railway:track_ref" v="1"/>
  <tag k="ref" v="6020"/>
  <tag k="usage" v="main"/>
  <tag k="voltage" v="750"/>
  <tag k="workrules" v="DE:EBO"/>
 </way>
 <way id="30712995" visible="true" version="21" changeset="188430531" timestamp="2026-09-02T16:59:53Z" user="kiwilecker" uid="20889298">
  <nd ref="316784612"/>
  <nd ref="316785008"/>
  <nd ref="11639232377"/>
  <nd ref="316785009"/>
  <nd ref="2793236561"/>
  <nd ref="316785010"/>
  <nd ref="316785011"/>
  <tag k="electrified" v="rail"/>
  <tag k="frequency" v="0"/>
  <tag k="gauge" v="1435"/>
  <tag k="maxspeed" v="90"/>
  <tag k="operator" v="DB InfraGO AG"/>
  <tag k="railway" v="light_rail"/>
  <tag k="railway:train_protection" v="DE:ZBS"/>
  <tag k="railway:zbs" v="yes"/>
  <tag k="ref" v="6020"/>
  <tag k="usage" v="main"/>
  <tag k="voltage" v="750"/>
  <tag k="workrules" v="DE:EBO"/>
 </way>
 <way id="31964394" visible="true" version="14" changeset="188432432" timestamp="2026-09-02T17:40:33Z" user="kiwilecker" uid="20889298">
  <nd ref="316779013"/>
  <nd ref="316779012"/>
  <tag k="bridge" v="yes"/>
  <tag k="electrified" v="rail"/>
  <tag k="frequency" v="0"/>
  <tag k="gauge" v="1435"/>
  <tag k="layer" v="1"/>
  <tag k="maxspeed" v="80"/>
  <tag k="operator" v="DB InfraGO AG"/>
  <tag k="proposed:railway:train_protection" v="DE:ZBS"/>
  <tag k="proposed:railway:zbs" v="yes"/>
  <tag k="railway" v="light_rail"/>
  <tag k="ref" v="6020"/>
  <tag k="usage" v="main"/>
  <tag k="voltage" v="750"/>
  <tag k="workrules" v="DE:EBO"/>
 </way>
 <way id="31964395" visible="true" version="17" changeset="188432432" timestamp="2026-09-02T17:40:33Z" user="kiwilecker" uid="20889298">
  <nd ref="316779012"/>
  <nd ref="5467642284"/>
  <nd ref="5467642285"/>
  <nd ref="5467642286"/>
  <nd ref="316779011"/>
  <nd ref="5467642287"/>
  <nd ref="316779010"/>
  <nd ref="10748342362"/>
  <nd ref="11547027520"/>
  <nd ref="316778070"/>
  <tag k="electrified" v="rail"/>
  <tag k="frequency" v="0"/>
  <tag k="gauge" v="1435"/>
  <tag k="maxspeed" v="80"/>
  <tag k="operator" v="DB InfraGO AG"/>
  <tag k="proposed:railway:train_protection" v="DE:ZBS"/>
  <tag k="proposed:railway:zbs" v="yes"/>
  <tag k="railway" v="light_rail"/>
  <tag k="ref" v="6020"/>
  <tag k="usage" v="main"/>
  <tag k="voltage" v="750"/>
  <tag k="workrules" v="DE:EBO"/>
 </way>
 <way id="36853645" visible="true" version="22" changeset="188430531" timestamp="2026-09-02T16:59:53Z" user="kiwilecker" uid="20889298">
  <nd ref="1806004228"/>
  <nd ref="5157041447"/>
  <nd ref="4738680588"/>
  <nd ref="151026250"/>
  <tag k="electrified" v="rail"/>
  <tag k="frequency" v="0"/>
  <tag k="gauge" v="1435"/>
  <tag k="layer" v="-1"/>
  <tag k="level" v="0"/>
  <tag k="maxspeed" v="80"/>
  <tag k="operator" v="DB InfraGO AG"/>
  <tag k="railway" v="light_rail"/>
  <tag k="railway:track_ref" v="1"/>
  <tag k="railway:train_protection" v="DE:ZBS"/>
  <tag k="railway:zbs" v="yes"/>
  <tag k="ref" v="6020"/>
  <tag k="usage" v="main"/>
  <tag k="voltage" v="750"/>
  <tag k="workrules" v="DE:EBO"/>
 </way>
 <way id="41893765" visible="true" version="31" changeset="188430531" timestamp="2026-09-02T16:59:53Z" user="kiwilecker" uid="20889298">
  <nd ref="1127966959"/>
  <nd ref="1127967036"/>
  <nd ref="4868074433"/>
  <nd ref="2930398633"/>
  <tag k="electrified" v="rail"/>
  <tag k="frequency" v="0"/>
  <tag k="gauge" v="1435"/>
  <tag k="level" v="-2"/>
  <tag k="maxspeed" v="70"/>
  <tag k="operator" v="DB InfraGO AG"/>
  <tag k="railway" v="light_rail"/>
  <tag k="railway:track_ref" v="1"/>
  <tag k="railway:train_protection" v="DE:ZBS"/>
  <tag k="railway:zbs" v="yes"/>
  <tag k="ref" v="6020"/>
  <tag k="usage" v="main"/>
  <tag k="voltage" v="750"/>
  <tag k="workrules" v="DE:EBO"/>
 </way>
 <way id="41893768" visible="true" version="22" changeset="188430531" timestamp="2026-09-02T16:59:53Z" user="kiwilecker" uid="20889298">
  <nd ref="518394188"/>
  <nd ref="2930395152"/>
  <nd ref="316785014"/>
  <nd ref="1127966959"/>
  <tag k="electrified" v="rail"/>
  <tag k="frequency" v="0"/>
  <tag k="gauge" v="1435"/>
  <tag k="layer" v="-2"/>
  <tag k="level" v="-2"/>
  <tag k="maxspeed" v="70"/>
  <tag k="operator" v="DB InfraGO AG"/>
  <tag k="railway" v="light_rail"/>
  <tag k="railway:track_ref" v="1"/>
  <tag k="railway:train_protection" v="DE:ZBS"/>
  <tag k="railway:zbs" v="yes"/>
  <tag k="ref" v="6020"/>
  <tag k="tunnel" v="yes"/>
  <tag k="usage" v="main"/>
  <tag k="voltage" v="750"/>
  <tag k="workrules" v="DE:EBO"/>
 </way>
 <way id="44908542" visible="true" version="23" changeset="188384579" timestamp="2026-09-01T19:08:01Z" user="kiwilecker" uid="20889298">
  <nd ref="322813773"/>
  <nd ref="4531543601"/>
  <nd ref="2375115440"/>
  <nd ref="4264708641"/>
  <tag k="electrified" v="rail"/>
  <tag k="frequency" v="0"/>
  <tag k="gauge" v="1435"/>
  <tag k="layer" v="-1"/>
  <tag k="level" v="-1"/>
  <tag k="maxspeed" v="70"/>
  <tag k="operator" v="DB InfraGO AG"/>
  <tag k="railway" v="light_rail"/>
  <tag k="railway:train_protection" v="DE:ZBS"/>
  <tag k="railway:zbs" v="yes"/>
  <tag k="ref" v="6020"/>
  <tag k="tunnel" v="yes"/>
  <tag k="usage" v="main"/>
  <tag k="voltage" v="750"/>
  <tag k="workrules" v="DE:EBO"/>
 </way>
 <way id="52782253" visible="true" version="21" changeset="188432432" timestamp="2026-09-02T17:40:33Z" user="kiwilecker" uid="20889298">
  <nd ref="567474319"/>
  <nd ref="11558214705"/>
  <nd ref="10659763345"/>
  <nd ref="12573632147"/>
  <nd ref="567474294"/>
  <nd ref="12573632146"/>
  <nd ref="10659763356"/>
  <nd ref="281661129"/>
  <nd ref="12573632145"/>
  <nd ref="12573632144"/>
  <nd ref="281661127"/>
  <nd ref="10659763357"/>
  <nd ref="281661126"/>
  <nd ref="11562536783"/>
  <nd ref="281661124"/>
  <tag k="detail" v="track"/>
  <tag k="electrified" v="rail"/>
  <tag k="frequency" v="0"/>
  <tag k="gauge" v="1435"/>
  <tag k="level" v="1"/>
  <tag k="maxspeed" v="80"/>
  <tag k="operator" v="DB InfraGO AG"/>
  <tag k="proposed:railway:train_protection" v="DE:ZBS"/>
  <tag k="proposed:railway:zbs" v="yes"/>
  <tag k="railway" v="light_rail"/>
  <tag k="ref" v="6020"/>
  <tag k="usage" v="main"/>
  <tag k="voltage" v="750"/>
  <tag k="workrules" v="DE:EBO"/>
 </way>
 <way id="52937826" visible="true" version="17" changeset="188432432" timestamp="2026-09-02T17:40:33Z" user="kiwilecker" uid="20889298">
  <nd ref="670814567"/>
  <nd ref="4598373852"/>
  <nd ref="281661085"/>
  <tag k="bridge" v="yes"/>
  <tag k="electrified" v="rail"/>
  <tag k="frequency" v="0"/>
  <tag k="gauge" v="1435"/>
  <tag k="layer" v="2"/>
  <tag k="level" v="2"/>
  <tag k="maxspeed" v="70"/>
  <tag k="operator" v="DB InfraGO AG"/>
  <tag k="proposed:railway:train_protection" v="DE:ZBS"/>
  <tag k="proposed:railway:zbs" v="yes"/>
  <tag k="railway" v="light_rail"/>
  <tag k="railway:track_ref" v="11"/>
  <tag k="ref" v="6020"/>
  <tag k="usage" v="main"/>
  <tag k="voltage" v="750"/>
 </way>
 <way id="110143432" visible="true" version="13" changeset="188430531" timestamp="2026-09-02T16:59:53Z" user="kiwilecker" uid="20889298">
  <nd ref="316784607"/>
  <nd ref="316784608"/>
  <nd ref="12302413760"/>
  <nd ref="3886770181"/>
  <nd ref="11639232389"/>
  <nd ref="316784610"/>
  <nd ref="11639232379"/>
  <nd ref="322815679"/>
  <nd ref="11639232381"/>
  <nd ref="11639232385"/>
  <nd ref="11639232383"/>
  <nd ref="316784612"/>
  <tag k="electrified" v="rail"/>
  <tag k="frequency" v="0"/>
  <tag k="gauge" v="1435"/>
  <tag k="maxspeed" v="90"/>
  <tag k="operator" v="DB InfraGO AG"/>
  <tag k="railway" v="light_rail"/>
  <tag k="railway:train_protection" v="DE:ZBS"/>
  <tag k="railway:zbs" v="yes"/>
  <tag k="ref" v="6020"/>
  <tag k="usage" v="main"/>
  <tag k="voltage" v="750"/>
  <tag k="workrules" v="DE:EBO"/>
 </way>
 <way id="110143436" visible="true" version="10" changeset="188430531" timestamp="2026-09-02T16:59:53Z" user="kiwilecker" uid="20889298">
  <nd ref="1258761708"/>
  <nd ref="316784607"/>
  <tag k="electrified" v="rail"/>
  <tag k="frequency" v="0"/>
  <tag k="gauge" v="1435"/>
  <tag k="layer" v="-1"/>
  <tag k="maxspeed" v="90"/>
  <tag k="operator" v="DB InfraGO AG"/>
  <tag k="railway" v="light_rail"/>
  <tag k="railway:train_protection" v="DE:ZBS"/>
  <tag k="railway:zbs" v="yes"/>
  <tag k="ref" v="6020"/>
  <tag k="tunnel" v="yes"/>
  <tag k="usage" v="main"/>
  <tag k="voltage" v="750"/>
  <tag k="workrules" v="DE:EBO"/>
 </way>
 <way id="121421955" visible="true" version="17" changeset="188432432" timestamp="2026-09-02T17:40:33Z" user="kiwilecker" uid="20889298">
  <nd ref="310198527"/>
  <nd ref="10732723272"/>
  <nd ref="10288523966"/>
  <nd ref="1359442552"/>
  <nd ref="1359442556"/>
  <nd ref="1359442575"/>
  <nd ref="2101295633"/>
  <nd ref="6669719773"/>
  <nd ref="3672491285"/>
  <nd ref="10731596947"/>
  <nd ref="1359442536"/>
  <tag k="electrified" v="rail"/>
  <tag k="frequency" v="0"/>
  <tag k="gauge" v="1435"/>
  <tag k="maxspeed" v="80"/>
  <tag k="operator" v="DB InfraGO AG"/>
  <tag k="proposed:railway:train_protection" v="DE:ZBS"/>
  <tag k="proposed:railway:zbs" v="yes"/>
  <tag k="railway" v="light_rail"/>
  <tag k="ref" v="6020"/>
  <tag k="usage" v="main"/>
  <tag k="voltage" v="750"/>
  <tag k="workrules" v="DE:EBO"/>
 </way>
 <way id="127025009" visible="true" version="10" changeset="188432432" timestamp="2026-09-02T17:40:33Z" user="kiwilecker" uid="20889298">
  <nd ref="1359442536"/>
  <nd ref="1406769632"/>
  <tag k="bridge" v="yes"/>
  <tag k="electrified" v="rail"/>
  <tag k="frequency" v="0"/>
  <tag k="gauge" v="1435"/>
  <tag k="level" v="1"/>
  <tag k="maxspeed" v="80"/>
  <tag k="operator" v="DB InfraGO AG"/>
  <tag k="proposed:railway:train_protection" v="DE:ZBS"/>
  <tag k="proposed:railway:zbs" v="yes"/>
  <tag k="railway" v="light_rail"/>
  <tag k="ref" v="6020"/>
  <tag k="usage" v="main"/>
  <tag k="voltage" v="750"/>
  <tag k="workrules" v="DE:EBO"/>
 </way>
 <way id="127025012" visible="true" version="16" changeset="188432432" timestamp="2026-09-02T17:40:33Z" user="kiwilecker" uid="20889298">
  <nd ref="6685372099"/>
  <nd ref="6685372100"/>
  <nd ref="2101295616"/>
  <nd ref="2101295614"/>
  <nd ref="6685372101"/>
  <nd ref="1721460680"/>
  <tag k="electrified" v="rail"/>
  <tag k="frequency" v="0"/>
  <tag k="gauge" v="1435"/>
  <tag k="level" v="1"/>
  <tag k="maxspeed" v="60"/>
  <tag k="operator" v="DB InfraGO AG"/>
  <tag k="proposed:railway:train_protection" v="DE:ZBS"/>
  <tag k="proposed:railway:zbs" v="yes"/>
  <tag k="railway" v="light_rail"/>
  <tag k="ref" v="6020"/>
  <tag k="source" v="memory"/>
  <tag k="usage" v="main"/>
  <tag k="voltage" v="750"/>
  <tag k="workrules" v="DE:EBO"/>
 </way>
 <way id="128703126" visible="true" version="15" changeset="188432432" timestamp="2026-09-02T17:40:33Z" user="kiwilecker" uid="20889298">
  <nd ref="1421645800"/>
  <nd ref="12302413759"/>
  <nd ref="1421645799"/>
  <tag k="electrified" v="rail"/>
  <tag k="frequency" v="0"/>
  <tag k="gauge" v="1435"/>
  <tag k="layer" v="-1"/>
  <tag k="level" v="0"/>
  <tag k="maxspeed" v="80"/>
  <tag k="operator" v="DB InfraGO AG"/>
  <tag k="proposed:railway:train_protection" v="DE:ZBS"/>
  <tag k="proposed:railway:zbs" v="yes"/>
  <tag k="railway" v="light_rail"/>
  <tag k="ref" v="6020"/>
  <tag k="source" v="memory"/>
  <tag k="tunnel" v="yes"/>
  <tag k="usage" v="main"/>
  <tag k="voltage" v="750"/>
  <tag k="workrules" v="DE:EBO"/>
 </way>
 <way id="132062733" visible="true" version="11" changeset="188432432" timestamp="2026-09-02T17:40:33Z" user="kiwilecker" uid="20889298">
  <nd ref="26953335"/>
  <nd ref="244430192"/>
  <tag k="bridge" v="yes"/>
  <tag k="electrified" v="rail"/>
  <tag k="frequency" v="0"/>
  <tag k="gauge" v="1435"/>
  <tag k="layer" v="1"/>
  <tag k="level" v="1"/>
  <tag k="maxspeed" v="80"/>
  <tag k="operator" v="DB InfraGO AG"/>
  <tag k="proposed:railway:train_protection" v="DE:ZBS"/>
  <tag k="proposed:railway:zbs" v="yes"/>
  <tag k="railway" v="light_rail"/>
  <tag k="ref" v="6020"/>
  <tag k="usage" v="main"/>
  <tag k="voltage" v="750"/>
  <tag k="workrules" v="DE:EBO"/>
 </way>
 <way id="136703815" visible="true" version="16" changeset="188432432" timestamp="2026-09-02T17:40:33Z" user="kiwilecker" uid="20889298">
  <nd ref="261865473"/>
  <nd ref="4075589320"/>
  <nd ref="10729870569"/>
  <nd ref="2467882590"/>
  <nd ref="26953349"/>
  <tag k="electrified" v="rail"/>
  <tag k="frequency" v="0"/>
  <tag k="gauge" v="1435"/>
  <tag k="layer" v="1"/>
  <tag k="level" v="1"/>
  <tag k="maxspeed" v="80"/>
  <tag k="operator" v="DB InfraGO AG"/>
  <tag k="proposed:railway:train_protection" v="DE:ZBS"/>
  <tag k="proposed:railway:zbs" v="yes"/>
  <tag k="railway" v="light_rail"/>
  <tag k="ref" v="6020"/>
  <tag k="usage" v="main"/>
  <tag k="voltage" v="750"/>
  <tag k="workrules" v="DE:EBO"/>
 </way>
 <way id="136703825" visible="true" version="16" changeset="188432432" timestamp="2026-09-02T17:40:33Z" user="kiwilecker" uid="20889298">
  <nd ref="1499711635"/>
  <nd ref="9291522755"/>
  <nd ref="9291522761"/>
  <nd ref="26953348"/>
  <nd ref="261865472"/>
  <nd ref="3776590972"/>
  <nd ref="4590844569"/>
  <nd ref="1106283795"/>
  <nd ref="261865473"/>
  <tag k="electrified" v="rail"/>
  <tag k="frequency" v="0"/>
  <tag k="gauge" v="1435"/>
  <tag k="layer" v="1"/>
  <tag k="level" v="1"/>
  <tag k="maxspeed" v="80"/>
  <tag k="operator" v="DB InfraGO AG"/>
  <tag k="proposed:railway:train_protection" v="DE:ZBS"/>
  <tag k="proposed:railway:zbs" v="yes"/>
  <tag k="railway" v="light_rail"/>
  <tag k="railway:track_ref" v="1"/>
  <tag k="ref" v="6020"/>
  <tag k="usage" v="main"/>
  <tag k="voltage" v="750"/>
  <tag k="workrules" v="DE:EBO"/>
 </way>
 <way id="136703827" visible="true" version="17" changeset="188432432" timestamp="2026-09-02T17:40:33Z" user="kiwilecker" uid="20889298">
  <nd ref="1095078318"/>
  <nd ref="281661133"/>
  <nd ref="3778142594"/>
  <nd ref="11562536780"/>
  <nd ref="567474319"/>
  <tag k="detail" v="track"/>
  <tag k="electrified" v="rail"/>
  <tag k="frequency" v="0"/>
  <tag k="gauge" v="1435"/>
  <tag k="layer" v="1"/>
  <tag k="level" v="1"/>
  <tag k="maxspeed" v="80"/>
  <tag k="operator" v="DB InfraGO AG"/>
  <tag k="proposed:railway:train_protection" v="DE:ZBS"/>
  <tag k="proposed:railway:zbs" v="yes"/>
  <tag k="railway" v="light_rail"/>
  <tag k="railway:track_ref" v="11"/>
  <tag k="ref" v="6020"/>
  <tag k="usage" v="main"/>
  <tag k="voltage" v="750"/>
  <tag k="workrules" v="DE:EBO"/>
 </way>
 <way id="141176099" visible="true" version="17" changeset="188432432" timestamp="2026-09-02T17:40:33Z" user="kiwilecker" uid="20889298">
  <nd ref="3872884860"/>
  <nd ref="3778070630"/>
  <nd ref="11562454226"/>
  <nd ref="2136201002"/>
  <tag k="detail" v="track"/>
  <tag k="electrified" v="rail"/>
  <tag k="frequency" v="0"/>
  <tag k="gauge" v="1435"/>
  <tag k="level" v="-1"/>
  <tag k="maxspeed" v="100"/>
  <tag k="operator" v="DB InfraGO AG"/>
  <tag k="proposed:railway:train_protection" v="DE:ZBS"/>
  <tag k="proposed:railway:zbs" v="yes"/>
  <tag k="railway" v="light_rail"/>
  <tag k="ref" v="6020"/>
  <tag k="usage" v="main"/>
  <tag k="voltage" v="750"/>
  <tag k="workrules" v="DE:EBO"/>
 </way>
 <way id="151847465" visible="true" version="12" changeset="188430531" timestamp="2026-09-02T16:59:53Z" user="kiwilecker" uid="20889298">
  <nd ref="151024532"/>
  <nd ref="4738679655"/>
  <nd ref="4738679656"/>
  <nd ref="6184208367"/>
  <nd ref="291834627"/>
  <tag k="electrified" v="rail"/>
  <tag k="frequency" v="0"/>
  <tag k="gauge" v="1435"/>
  <tag k="layer" v="1"/>
  <tag k="maxspeed" v="80"/>
  <tag k="operator" v="DB InfraGO AG"/>
  <tag k="railway" v="light_rail"/>
  <tag k="railway:train_protection" v="DE:ZBS"/>
  <tag k="railway:zbs" v="yes"/>
  <tag k="ref" v="6020"/>
  <tag k="usage" v="main"/>
  <tag k="voltage" v="750"/>
  <tag k="workrules" v="DE:EBO"/>
 </way>
 <way id="151847466" visible="true" version="10" changeset="188430531" timestamp="2026-09-02T16:59:53Z" user="kiwilecker" uid="20889298">
  <nd ref="291834627"/>
  <nd ref="4738679680"/>
  <nd ref="4738679678"/>
  <nd ref="1646862197"/>
  <nd ref="291834629"/>
  <tag k="bridge" v="yes"/>
  <tag k="electrified" v="rail"/>
  <tag k="frequency" v="0"/>
  <tag k="gauge" v="1435"/>
  <tag k="layer" v="1"/>
  <tag k="level" v="1"/>
  <tag k="maxspeed" v="80"/>
  <tag k="operator" v="DB InfraGO AG"/>
  <tag k="railway" v="light_rail"/>
  <tag k="railway:train_protection" v="DE:ZBS"/>
  <tag k="railway:zbs" v="yes"/>
  <tag k="ref" v="6020"/>
  <tag k="usage" v="main"/>
  <tag k="voltage" v="750"/>
  <tag k="workrules" v="DE:EBO"/>
 </way>
 <way id="154456594" visible="true" version="15" changeset="188432432" timestamp="2026-09-02T17:40:33Z" user="kiwilecker" uid="20889298">
  <nd ref="1409385374"/>
  <nd ref="2101295577"/>
  <nd ref="1421645801"/>
  <nd ref="2101295568"/>
  <nd ref="2101295563"/>
  <nd ref="6222833122"/>
  <nd ref="12302413756"/>
  <nd ref="12302413757"/>
  <nd ref="1421645800"/>
  <tag k="electrified" v="rail"/>
  <tag k="frequency" v="0"/>
  <tag k="gauge" v="1435"/>
  <tag k="level" v="1"/>
  <tag k="maxspeed" v="80"/>
  <tag k="operator" v="DB InfraGO AG"/>
  <tag k="proposed:railway:train_protection" v="DE:ZBS"/>
  <tag k="proposed:railway:zbs" v="yes"/>
  <tag k="railway" v="light_rail"/>
  <tag k="ref" v="6020"/>
  <tag k="usage" v="main"/>
  <tag k="voltage" v="750"/>
  <tag k="workrules" v="DE:EBO"/>
 </way>
 <way id="154456628" visible="true" version="19" changeset="188432432" timestamp="2026-09-02T17:40:33Z" user="kiwilecker" uid="20889298">
  <nd ref="1406769626"/>
  <nd ref="2101295605"/>
  <nd ref="3834381019"/>
  <nd ref="4209909276"/>
  <nd ref="2101295602"/>
  <nd ref="3834380644"/>
  <nd ref="2101295599"/>
  <nd ref="1797163098"/>
  <nd ref="5574670171"/>
  <nd ref="6222833124"/>
  <nd ref="3834380586"/>
  <nd ref="6222833126"/>
  <nd ref="1409385374"/>
  <tag k="bridge" v="yes"/>
  <tag k="electrified" v="rail"/>
  <tag k="frequency" v="0"/>
  <tag k="gauge" v="1435"/>
  <tag k="layer" v="1"/>
  <tag k="level" v="1"/>
  <tag k="maxspeed" v="80"/>
  <tag k="operator" v="DB InfraGO AG"/>
  <tag k="proposed:railway:train_protection" v="DE:ZBS"/>
  <tag k="proposed:railway:zbs" v="yes"/>
  <tag k="railway" v="light_rail"/>
  <tag k="railway:track_ref" v="11"/>
  <tag k="ref" v="6020"/>
  <tag k="usage" v="main"/>
  <tag k="voltage" v="750"/>
  <tag k="workrules" v="DE:EBO"/>
 </way>
 <way id="158520528" visible="true" version="18" changeset="188430531" timestamp="2026-09-02T16:59:53Z" user="kiwilecker" uid="20889298">
  <nd ref="307381282"/>
  <nd ref="11642338288"/>
  <nd ref="11642338284"/>
  <nd ref="11642338290"/>
  <nd ref="11642338286"/>
  <nd ref="527839717"/>
  <nd ref="527839720"/>
  <nd ref="11642338308"/>
  <nd ref="1707055885"/>
  <nd ref="4355497825"/>
  <tag k="electrified" v="rail"/>
  <tag k="frequency" v="0"/>
  <tag k="gauge" v="1435"/>
  <tag k="level" v="0"/>
  <tag k="maxspeed" v="100"/>
  <tag k="operator" v="DB InfraGO AG"/>
  <tag k="railway" v="light_rail"/>
  <tag k="railway:train_protection" v="DE:ZBS"/>
  <tag k="railway:zbs" v="yes"/>
  <tag k="ref" v="6020"/>
  <tag k="usage" v="main"/>
  <tag k="voltage" v="750"/>
  <tag k="workrules" v="DE:EBO"/>
 </way>
 <way id="180406887" visible="true" version="11" changeset="188430531" timestamp="2026-09-02T16:59:53Z" user="kiwilecker" uid="20889298">
  <nd ref="151026250"/>
  <nd ref="11754154786"/>
  <nd ref="5157040688"/>
  <nd ref="151026255"/>
  <nd ref="4738680580"/>
  <nd ref="5157041449"/>
  <nd ref="151026380"/>
  <nd ref="11754154796"/>
  <nd ref="1825130963"/>
  <nd ref="4738680554"/>
  <nd ref="4738680553"/>
  <nd ref="4738680552"/>
  <nd ref="11754154783"/>
  <nd ref="151025425"/>
  <nd ref="4738680551"/>
  <nd ref="4738680550"/>
  <nd ref="151025424"/>
  <nd ref="4738680549"/>
  <nd ref="151025423"/>
  <nd ref="4738680548"/>
  <nd ref="4738680547"/>
  <nd ref="4738680546"/>
  <nd ref="151024488"/>
  <nd ref="4738680545"/>
  <nd ref="4738680544"/>
  <nd ref="151024489"/>
  <nd ref="151024490"/>
  <nd ref="4738680543"/>
  <nd ref="4738680542"/>
  <nd ref="151024492"/>
  <nd ref="4738680524"/>
  <nd ref="151024493"/>
  <nd ref="4738680522"/>
  <nd ref="4738680521"/>
  <nd ref="151024495"/>
  <nd ref="4738679717"/>
  <nd ref="4738679716"/>
  <nd ref="4738679715"/>
  <nd ref="151024497"/>
  <nd ref="4738679713"/>
  <nd ref="4738679711"/>
  <nd ref="151024499"/>
  <nd ref="4738679708"/>
  <nd ref="4738679709"/>
  <nd ref="151024501"/>
  <nd ref="4738679702"/>
  <nd ref="4738679703"/>
  <nd ref="151024504"/>
  <nd ref="4738679704"/>
  <nd ref="151024506"/>
  <nd ref="4738679698"/>
  <nd ref="4738679697"/>
  <nd ref="151024508"/>
  <nd ref="4738679695"/>
  <nd ref="11754154780"/>
  <nd ref="4738679696"/>
  <nd ref="151024510"/>
  <tag k="electrified" v="rail"/>
  <tag k="frequency" v="0"/>
  <tag k="gauge" v="1435"/>
  <tag k="maxspeed" v="80"/>
  <tag k="operator" v="DB InfraGO AG"/>
  <tag k="railway" v="light_rail"/>
  <tag k="railway:train_protection" v="DE:ZBS"/>
  <tag k="railway:zbs" v="yes"/>
  <tag k="ref" v="6020"/>
  <tag k="usage" v="main"/>
  <tag k="voltage" v="750"/>
  <tag k="workrules" v="DE:EBO"/>
 </way>
 <way id="184424731" visible="true" version="27" changeset="188432432" timestamp="2026-09-02T17:40:33Z" user="kiwilecker" uid="20889298">
  <nd ref="2071448735"/>
  <nd ref="3778116749"/>
  <nd ref="27540521"/>
  <nd ref="11562536789"/>
  <nd ref="5168745218"/>
  <nd ref="2071462117"/>
  <nd ref="28096411"/>
  <nd ref="1949011116"/>
  <nd ref="2071462124"/>
  <nd ref="11558214711"/>
  <nd ref="1949011122"/>
  <nd ref="1949011127"/>
  <nd ref="2071462127"/>
  <nd ref="28096400"/>
  <nd ref="1949011136"/>
  <nd ref="1949011139"/>
  <nd ref="28096401"/>
  <nd ref="28096402"/>
  <nd ref="10659804446"/>
  <nd ref="10659804429"/>
  <nd ref="11562536788"/>
  <nd ref="10741227446"/>
  <nd ref="3331341151"/>
  <nd ref="28096403"/>
  <nd ref="10659804428"/>
  <nd ref="3331341152"/>
  <nd ref="366040429"/>
  <nd ref="3331341153"/>
  <nd ref="274227344"/>
  <nd ref="3331341154"/>
  <nd ref="28096414"/>
  <nd ref="3331341155"/>
  <nd ref="11558214710"/>
  <nd ref="281661147"/>
  <nd ref="10659804427"/>
  <nd ref="2769689326"/>
  <nd ref="11558214709"/>
  <nd ref="281661148"/>
  <nd ref="2769689328"/>
  <nd ref="281661149"/>
  <nd ref="2769689330"/>
  <nd ref="567476006"/>
  <nd ref="10659804487"/>
  <nd ref="281661150"/>
  <tag k="detail" v="track"/>
  <tag k="electrified" v="rail"/>
  <tag k="frequency" v="0"/>
  <tag k="gauge" v="1435"/>
  <tag k="maxspeed" v="80"/>
  <tag k="operator" v="DB InfraGO AG"/>
  <tag k="proposed:railway:train_protection" v="DE:ZBS"/>
  <tag k="proposed:railway:zbs" v="yes"/>
  <tag k="railway" v="light_rail"/>
  <tag k="ref" v="6020"/>
  <tag k="usage" v="main"/>
  <tag k="voltage" v="750"/>
  <tag k="workrules" v="DE:EBO"/>
 </way>
 <way id="224705867" visible="true" version="10" changeset="188432432" timestamp="2026-09-02T17:40:33Z" user="kiwilecker" uid="20889298">
  <nd ref="1453429674"/>
  <nd ref="2101295481"/>
  <nd ref="2101295476"/>
  <nd ref="26953335"/>
  <tag k="electrified" v="rail"/>
  <tag k="frequency" v="0"/>
  <tag k="gauge" v="1435"/>
  <tag k="level" v="1"/>
  <tag k="maxspeed" v="80"/>
  <tag k="operator" v="DB InfraGO AG"/>
  <tag k="proposed:railway:train_protection" v="DE:ZBS"/>
  <tag k="proposed:railway:zbs" v="yes"/>
  <tag k="railway" v="light_rail"/>
  <tag k="ref" v="6020"/>
  <tag k="usage" v="main"/>
  <tag k="voltage" v="750"/>
  <tag k="workrules" v="DE:EBO"/>
 </way>
 <way id="237947334" visible="true" version="17" changeset="188384579" timestamp="2026-09-01T19:08:01Z" user="kiwilecker" uid="20889298">
  <nd ref="4264708641"/>
  <nd ref="4264708642"/>
  <nd ref="4227229189"/>
  <nd ref="4264679408"/>
  <nd ref="4227229191"/>
  <nd ref="289678324"/>
  <tag k="electrified" v="rail"/>
  <tag k="frequency" v="0"/>
  <tag k="gauge" v="1435"/>
  <tag k="layer" v="-1"/>
  <tag k="level" v="-1"/>
  <tag k="maxspeed" v="70"/>
  <tag k="operator" v="DB InfraGO AG"/>
  <tag k="railway" v="light_rail"/>
  <tag k="railway:train_protection" v="DE:ZBS"/>
  <tag k="railway:zbs" v="yes"/>
  <tag k="ref" v="6020"/>
  <tag k="tunnel" v="yes"/>
  <tag k="usage" v="main"/>
  <tag k="voltage" v="750"/>
  <tag k="workrules" v="DE:EBO"/>
 </way>
 <way id="276205107" visible="true" version="11" changeset="188432432" timestamp="2026-09-02T17:40:33Z" user="kiwilecker" uid="20889298">
  <nd ref="5168745276"/>
  <nd ref="3778244031"/>
  <nd ref="3778244025"/>
  <nd ref="263125715"/>
  <tag k="electrified" v="rail"/>
  <tag k="frequency" v="0"/>
  <tag k="gauge" v="1435"/>
  <tag k="layer" v="1"/>
  <tag k="level" v="2"/>
  <tag k="maxspeed:backward" v="70"/>
  <tag k="maxspeed:forward" v="80"/>
  <tag k="operator" v="DB InfraGO AG"/>
  <tag k="proposed:railway:train_protection" v="DE:ZBS"/>
  <tag k="proposed:railway:zbs" v="yes"/>
  <tag k="railway" v="light_rail"/>
  <tag k="ref" v="6020"/>
  <tag k="usage" v="main"/>
  <tag k="voltage" v="750"/>
 </way>
 <way id="276205113" visible="true" version="12" changeset="188432432" timestamp="2026-09-02T17:40:33Z" user="kiwilecker" uid="20889298">
  <nd ref="263125718"/>
  <nd ref="11565843321"/>
  <nd ref="11565843318"/>
  <nd ref="263125719"/>
  <nd ref="263125720"/>
  <nd ref="263125722"/>
  <nd ref="5168745280"/>
  <nd ref="5168745279"/>
  <nd ref="5168745281"/>
  <nd ref="5168745282"/>
  <nd ref="263125724"/>
  <tag k="electrified" v="rail"/>
  <tag k="frequency" v="0"/>
  <tag k="gauge" v="1435"/>
  <tag k="layer" v="1"/>
  <tag k="maxspeed:backward" v="70"/>
  <tag k="maxspeed:forward" v="80"/>
  <tag k="operator" v="DB InfraGO AG"/>
  <tag k="proposed:railway:train_protection" v="DE:ZBS"/>
  <tag k="proposed:railway:zbs" v="yes"/>
  <tag k="railway" v="light_rail"/>
  <tag k="ref" v="6020"/>
  <tag k="usage" v="main"/>
  <tag k="voltage" v="750"/>
 </way>
 <way id="290736429" visible="true" version="10" changeset="188432432" timestamp="2026-09-02T17:40:33Z" user="kiwilecker" uid="20889298">
  <nd ref="263125711"/>
  <nd ref="5168745298"/>
  <nd ref="3779421342"/>
  <nd ref="3779421343"/>
  <nd ref="1806004207"/>
  <nd ref="263125714"/>
  <tag k="electrified" v="rail"/>
  <tag k="frequency" v="0"/>
  <tag k="gauge" v="1435"/>
  <tag k="level" v="1"/>
  <tag k="maxspeed" v="100"/>
  <tag k="operator" v="DB InfraGO AG"/>
  <tag k="proposed:railway:train_protection" v="DE:ZBS"/>
  <tag k="proposed:railway:zbs" v="yes"/>
  <tag k="railway" v="light_rail"/>
  <tag k="railway:track_ref" v="1"/>
  <tag k="ref" v="6020"/>
  <tag k="usage" v="main"/>
  <tag k="voltage" v="750"/>
 </way>
 <way id="290738873" visible="true" version="9" changeset="188432432" timestamp="2026-09-02T17:40:33Z" user="kiwilecker" uid="20889298">
  <nd ref="299935865"/>
  <nd ref="3779421338"/>
  <nd ref="263130678"/>
  <nd ref="263130680"/>
  <nd ref="11758722662"/>
  <nd ref="263130681"/>
  <tag k="electrified" v="rail"/>
  <tag k="frequency" v="0"/>
  <tag k="gauge" v="1435"/>
  <tag k="maxspeed" v="100"/>
  <tag k="operator" v="DB InfraGO AG"/>
  <tag k="proposed:railway:train_protection" v="DE:ZBS"/>
  <tag k="proposed:railway:zbs" v="yes"/>
  <tag k="railway" v="light_rail"/>
  <tag k="ref" v="6020"/>
  <tag k="usage" v="main"/>
  <tag k="voltage" v="750"/>
 </way>
 <way id="290738874" visible="true" version="7" changeset="188432432" timestamp="2026-09-02T17:40:33Z" user="kiwilecker" uid="20889298">
  <nd ref="263130681"/>
  <nd ref="5168745234"/>
  <nd ref="5168745297"/>
  <nd ref="5168745228"/>
  <nd ref="263130683"/>
  <tag k="electrified" v="rail"/>
  <tag k="frequency" v="0"/>
  <tag k="gauge" v="1435"/>
  <tag k="maxspeed" v="100"/>
  <tag k="operator" v="DB InfraGO AG"/>
  <tag k="proposed:railway:train_protection" v="DE:ZBS"/>
  <tag k="proposed:railway:zbs" v="yes"/>
  <tag k="railway" v="light_rail"/>
  <tag k="ref" v="6020"/>
  <tag k="usage" v="main"/>
  <tag k="voltage" v="750"/>
 </way>
 <way id="290741156" visible="true" version="14" changeset="188430531" timestamp="2026-09-02T16:59:53Z" user="kiwilecker" uid="20889298">
  <nd ref="110124645"/>
  <nd ref="6970905253"/>
  <nd ref="5157041440"/>
  <nd ref="3783234591"/>
  <nd ref="3783234594"/>
  <nd ref="5157040673"/>
  <nd ref="1806004214"/>
  <nd ref="8495025039"/>
  <nd ref="5157041439"/>
  <nd ref="5157040720"/>
  <tag k="electrified" v="rail"/>
  <tag k="frequency" v="0"/>
  <tag k="gauge" v="1435"/>
  <tag k="maxspeed" v="60"/>
  <tag k="operator" v="DB InfraGO AG"/>
  <tag k="railway" v="light_rail"/>
  <tag k="railway:track_ref" v="1"/>
  <tag k="railway:train_protection" v="DE:ZBS"/>
  <tag k="railway:zbs" v="yes"/>
  <tag k="ref" v="6020"/>
  <tag k="usage" v="main"/>
  <tag k="voltage" v="750"/>
  <tag k="workrules" v="DE:EBO"/>
 </way>
 <way id="290741849" visible="true" version="9" changeset="188430531" timestamp="2026-09-02T16:59:53Z" user="kiwilecker" uid="20889298">
  <nd ref="110088555"/>
  <nd ref="11756896337"/>
  <nd ref="540021624"/>
  <tag k="electrified" v="rail"/>
  <tag k="frequency" v="0"/>
  <tag k="gauge" v="1435"/>
  <tag k="maxspeed" v="80"/>
  <tag k="operator" v="DB InfraGO AG"/>
  <tag k="railway" v="light_rail"/>
  <tag k="railway:train_protection" v="DE:ZBS"/>
  <tag k="railway:zbs" v="yes"/>
  <tag k="ref" v="6020"/>
  <tag k="usage" v="main"/>
  <tag k="voltage" v="750"/>
  <tag k="workrules" v="DE:EBO"/>
 </way>
 <way id="290741851" visible="true" version="14" changeset="188430531" timestamp="2026-09-02T16:59:53Z" user="kiwilecker" uid="20889298">
  <nd ref="540021624"/>
  <nd ref="5375789929"/>
  <nd ref="8495025032"/>
  <nd ref="5375789928"/>
  <nd ref="5375789927"/>
  <nd ref="540021625"/>
  <nd ref="5375789921"/>
  <nd ref="5375785520"/>
  <nd ref="1135739056"/>
  <nd ref="1135739022"/>
  <nd ref="5375785517"/>
  <nd ref="5157041437"/>
  <nd ref="110088550"/>
  <nd ref="1135738920"/>
  <nd ref="110088545"/>
  <nd ref="1135739002"/>
  <tag k="electrified" v="rail"/>
  <tag k="frequency" v="0"/>
  <tag k="gauge" v="1435"/>
  <tag k="maxspeed" v="80"/>
  <tag k="operator" v="DB InfraGO AG"/>
  <tag k="railway" v="light_rail"/>
  <tag k="railway:train_protection" v="DE:ZBS"/>
  <tag k="railway:zbs" v="yes"/>
  <tag k="ref" v="6020"/>
  <tag k="usage" v="main"/>
  <tag k="voltage" v="750"/>
  <tag k="workrules" v="DE:EBO"/>
 </way>
 <way id="292235128" visible="true" version="18" changeset="188432432" timestamp="2026-09-02T17:40:33Z" user="kiwilecker" uid="20889298">
  <nd ref="2136201002"/>
  <nd ref="2957829711"/>
  <nd ref="316777150"/>
  <nd ref="11562454229"/>
  <nd ref="11562454230"/>
  <nd ref="11562454237"/>
  <nd ref="316777149"/>
  <nd ref="11562454238"/>
  <nd ref="11562454242"/>
  <nd ref="11555873705"/>
  <nd ref="11562454243"/>
  <nd ref="316777146"/>
  <nd ref="11562454245"/>
  <nd ref="3206868460"/>
  <nd ref="11562454250"/>
  <nd ref="11562454247"/>
  <nd ref="316777144"/>
  <nd ref="11555873708"/>
  <nd ref="4314579070"/>
  <nd ref="11562454252"/>
  <nd ref="4314579069"/>
  <nd ref="3206868458"/>
  <nd ref="316776937"/>
  <nd ref="2783636588"/>
  <nd ref="11555873712"/>
  <nd ref="11555873711"/>
  <nd ref="316776936"/>
  <nd ref="2783636586"/>
  <nd ref="4309616499"/>
  <nd ref="316776935"/>
  <nd ref="2783636587"/>
  <nd ref="11555873714"/>
  <nd ref="316776934"/>
  <nd ref="3038147253"/>
  <nd ref="316776933"/>
  <nd ref="3038147299"/>
  <nd ref="316776931"/>
  <nd ref="3038147394"/>
  <nd ref="5168745264"/>
  <nd ref="316776090"/>
  <nd ref="11552979478"/>
  <nd ref="621888103"/>
  <nd ref="316776088"/>
  <nd ref="4309616504"/>
  <nd ref="5168745213"/>
  <nd ref="3038147636"/>
  <nd ref="5168745262"/>
  <nd ref="5168745217"/>
  <nd ref="316776084"/>
  <nd ref="11562454266"/>
  <nd ref="316775460"/>
  <nd ref="11562454265"/>
  <nd ref="4309616518"/>
  <nd ref="4309616521"/>
  <nd ref="316776092"/>
  <nd ref="11562536794"/>
  <nd ref="2793773290"/>
  <nd ref="2071448542"/>
  <nd ref="2071448567"/>
  <nd ref="2071448582"/>
  <nd ref="316775456"/>
  <nd ref="5168745269"/>
  <nd ref="27540511"/>
  <tag k="detail" v="track"/>
  <tag k="electrified" v="rail"/>
  <tag k="frequency" v="0"/>
  <tag k="gauge" v="1435"/>
  <tag k="maxspeed" v="100"/>
  <tag k="operator" v="DB InfraGO AG"/>
  <tag k="proposed:railway:train_protection" v="DE:ZBS"/>
  <tag k="proposed:railway:zbs" v="yes"/>
  <tag k="railway" v="light_rail"/>
  <tag k="ref" v="6020"/>
  <tag k="usage" v="main"/>
  <tag k="voltage" v="750"/>
  <tag k="workrules" v="DE:EBO"/>
 </way>
 <way id="292236431" visible="true" version="15" changeset="188432432" timestamp="2026-09-02T17:40:33Z" user="kiwilecker" uid="20889298">
  <nd ref="3778075165"/>
  <nd ref="316777715"/>
  <nd ref="11564730227"/>
  <nd ref="3778075160"/>
  <nd ref="3778070649"/>
  <nd ref="11555873697"/>
  <nd ref="1095078246"/>
  <tag k="detail" v="track"/>
  <tag k="electrified" v="rail"/>
  <tag k="frequency" v="0"/>
  <tag k="gauge" v="1435"/>
  <tag k="level" v="-1"/>
  <tag k="maxspeed" v="70"/>
  <tag k="operator" v="DB InfraGO AG"/>
  <tag k="proposed:railway:train_protection" v="DE:ZBS"/>
  <tag k="proposed:railway:zbs" v="yes"/>
  <tag k="railway" v="light_rail"/>
  <tag k="railway:track_ref" v="1"/>
  <tag k="ref" v="6020"/>
  <tag k="usage" v="main"/>
  <tag k="voltage" v="750"/>
  <tag k="workrules" v="DE:EBO"/>
 </way>
 <way id="292236433" visible="true" version="7" changeset="180691322" timestamp="2026-03-31T20:36:35Z" user="Patrick1977Bln" uid="259536">
  <nd ref="2808316067"/>
  <nd ref="2808316066"/>
  <tag k="electrified" v="rail"/>
  <tag k="frequency" v="0"/>
  <tag k="gauge" v="1435"/>
  <tag k="maxspeed" v="80"/>
  <tag k="operator" v="DB InfraGO AG"/>
  <tag k="railway" v="light_rail"/>
  <tag k="ref" v="6020"/>
  <tag k="usage" v="main"/>
  <tag k="voltage" v="750"/>
  <tag k="workrules" v="DE:EBO"/>
 </way>
 <way id="374931224" visible="true" version="11" changeset="188430531" timestamp="2026-09-02T16:59:53Z" user="kiwilecker" uid="20889298">
  <nd ref="3779524373"/>
  <nd ref="11575205952"/>
  <nd ref="255560929"/>
  <nd ref="11575205951"/>
  <nd ref="6970905256"/>
  <nd ref="5157041427"/>
  <nd ref="255560936"/>
  <nd ref="11575205949"/>
  <nd ref="5157041432"/>
  <nd ref="110461572"/>
  <nd ref="110455200"/>
  <nd ref="6970905254"/>
  <nd ref="110455196"/>
  <nd ref="11575205948"/>
  <nd ref="540043301"/>
  <tag k="electrified" v="rail"/>
  <tag k="frequency" v="0"/>
  <tag k="gauge" v="1435"/>
  <tag k="maxspeed" v="80"/>
  <tag k="operator" v="DB InfraGO AG"/>
  <tag k="railway" v="light_rail"/>
  <tag k="railway:train_protection" v="DE:ZBS"/>
  <tag k="railway:zbs" v="yes"/>
  <tag k="ref" v="6020"/>
  <tag k="usage" v="main"/>
  <tag k="voltage" v="750"/>
  <tag k="workrules" v="DE:EBO"/>
 </way>
 <way id="374931227" visible="true" version="12" changeset="188432432" timestamp="2026-09-02T17:40:33Z" user="kiwilecker" uid="20889298">
  <nd ref="263130695"/>
  <nd ref="11758722645"/>
  <nd ref="4601453867"/>
  <nd ref="348077006"/>
  <nd ref="3779512243"/>
  <nd ref="11758722644"/>
  <nd ref="11758722643"/>
  <nd ref="11758722642"/>
  <nd ref="3779512251"/>
  <nd ref="1806004216"/>
  <nd ref="263130700"/>
  <nd ref="5157041424"/>
  <nd ref="3779512265"/>
  <nd ref="263130701"/>
  <tag k="electrified" v="rail"/>
  <tag k="frequency" v="0"/>
  <tag k="gauge" v="1435"/>
  <tag k="level" v="-1"/>
  <tag k="maxspeed" v="90"/>
  <tag k="operator" v="DB InfraGO AG"/>
  <tag k="proposed:railway:train_protection" v="DE:ZBS"/>
  <tag k="proposed:railway:zbs" v="yes"/>
  <tag k="railway" v="light_rail"/>
  <tag k="railway:track_ref" v="1"/>
  <tag k="ref" v="6020"/>
  <tag k="usage" v="main"/>
  <tag k="voltage" v="750"/>
 </way>
 <way id="375331609" visible="true" version="17" changeset="188432432" timestamp="2026-09-02T17:40:33Z" user="kiwilecker" uid="20889298">
  <nd ref="316787415"/>
  <nd ref="10732723278"/>
  <nd ref="10732723277"/>
  <nd ref="10732723274"/>
  <nd ref="3776392657"/>
  <nd ref="10732723268"/>
  <nd ref="7699771686"/>
  <nd ref="10732723270"/>
  <nd ref="316787417"/>
  <nd ref="10288523909"/>
  <nd ref="10288479808"/>
  <tag k="electrified" v="rail"/>
  <tag k="embankment" v="yes"/>
  <tag k="frequency" v="0"/>
  <tag k="gauge" v="1435"/>
  <tag k="level" v="1"/>
  <tag k="maxspeed" v="70"/>
  <tag k="operator" v="DB InfraGO AG"/>
  <tag k="proposed:railway:train_protection" v="DE:ZBS"/>
  <tag k="proposed:railway:zbs" v="yes"/>
  <tag k="railway" v="light_rail"/>
  <tag k="railway:track_ref" v="1"/>
  <tag k="ref" v="6020"/>
  <tag k="usage" v="main"/>
  <tag k="voltage" v="750"/>
  <tag k="workrules" v="DE:EBO"/>
 </way>
 <way id="375331633" visible="true" version="9" changeset="188432432" timestamp="2026-09-02T17:40:33Z" user="kiwilecker" uid="20889298">
  <nd ref="316787130"/>
  <nd ref="3787008858"/>
  <nd ref="316787141"/>
  <nd ref="3787007856"/>
  <tag k="electrified" v="rail"/>
  <tag k="frequency" v="0"/>
  <tag k="gauge" v="1435"/>
  <tag k="maxspeed" v="80"/>
  <tag k="operator" v="DB InfraGO AG"/>
  <tag k="proposed:railway:train_protection" v="DE:ZBS"/>
  <tag k="proposed:railway:zbs" v="yes"/>
  <tag k="railway" v="light_rail"/>
  <tag k="ref" v="6020"/>
  <tag k="usage" v="main"/>
  <tag k="voltage" v="750"/>
  <tag k="workrules" v="DE:EBO"/>
 </way>
 <way id="375348222" visible="true" version="14" changeset="188430531" timestamp="2026-09-02T16:59:53Z" user="kiwilecker" uid="20889298">
  <nd ref="3787163754"/>
  <nd ref="11226405253"/>
  <nd ref="10210559233"/>
  <nd ref="3787163751"/>
  <nd ref="10210559232"/>
  <nd ref="316785087"/>
  <nd ref="3787163741"/>
  <nd ref="12180989064"/>
  <nd ref="3787163736"/>
  <nd ref="316785822"/>
  <nd ref="12180989065"/>
  <nd ref="3787163724"/>
  <tag k="electrified" v="rail"/>
  <tag k="frequency" v="0"/>
  <tag k="gauge" v="1435"/>
  <tag k="level" v="-1"/>
  <tag k="maxspeed" v="70"/>
  <tag k="operator" v="DB InfraGO AG"/>
  <tag k="railway" v="light_rail"/>
  <tag k="railway:track_ref" v="1"/>
  <tag k="railway:train_protection" v="DE:ZBS"/>
  <tag k="railway:zbs" v="yes"/>
  <tag k="ref" v="6020"/>
  <tag k="usage" v="main"/>
  <tag k="voltage" v="750"/>
  <tag k="workrules" v="DE:EBO"/>
 </way>
 <way id="375348224" visible="true" version="15" changeset="188432432" timestamp="2026-09-02T17:40:33Z" user="kiwilecker" uid="20889298">
  <nd ref="14142758758"/>
  <nd ref="11762517426"/>
  <nd ref="4536055043"/>
  <nd ref="4536055042"/>
  <nd ref="4536055041"/>
  <nd ref="316785825"/>
  <nd ref="11762517428"/>
  <nd ref="10733337309"/>
  <nd ref="1898391110"/>
  <nd ref="1898391108"/>
  <nd ref="10733014365"/>
  <nd ref="316785826"/>
  <nd ref="11762517415"/>
  <nd ref="4536055033"/>
  <nd ref="4536055032"/>
  <nd ref="11762517416"/>
  <nd ref="316785827"/>
  <tag k="electrified" v="rail"/>
  <tag k="frequency" v="0"/>
  <tag k="gauge" v="1435"/>
  <tag k="level" v="0"/>
  <tag k="maxspeed" v="80"/>
  <tag k="operator" v="DB InfraGO AG"/>
  <tag k="proposed:railway:train_protection" v="DE:ZBS"/>
  <tag k="proposed:railway:zbs" v="yes"/>
  <tag k="railway" v="light_rail"/>
  <tag k="ref" v="6020"/>
  <tag k="usage" v="main"/>
  <tag k="voltage" v="750"/>
  <tag k="workrules" v="DE:EBO"/>
 </way>
 <way id="375361370" visible="true" version="13" changeset="188430531" timestamp="2026-09-02T16:59:53Z" user="kiwilecker" uid="20889298">
  <nd ref="2930398633"/>
  <nd ref="3787328562"/>
  <nd ref="3787328561"/>
  <nd ref="3787328560"/>
  <nd ref="2793220364"/>
  <nd ref="5144503484"/>
  <nd ref="316785083"/>
  <nd ref="10733328193"/>
  <nd ref="316785089"/>
  <nd ref="1893564739"/>
  <nd ref="316785084"/>
  <nd ref="316785086"/>
  <nd ref="11762517431"/>
  <nd ref="3787163754"/>
  <tag k="electrified" v="rail"/>
  <tag k="frequency" v="0"/>
  <tag k="gauge" v="1435"/>
  <tag k="level" v="0"/>
  <tag k="maxspeed" v="70"/>
  <tag k="operator" v="DB InfraGO AG"/>
  <tag k="railway" v="light_rail"/>
  <tag k="railway:train_protection" v="DE:ZBS"/>
  <tag k="railway:zbs" v="yes"/>
  <tag k="ref" v="6020"/>
  <tag k="usage" v="main"/>
  <tag k="voltage" v="750"/>
  <tag k="workrules" v="DE:EBO"/>
 </way>
 <way id="375361372" visible="true" version="12" changeset="188430531" timestamp="2026-09-02T16:59:53Z" user="kiwilecker" uid="20889298">
  <nd ref="2490790596"/>
  <nd ref="11639232372"/>
  <nd ref="316785012"/>
  <tag k="electrified" v="rail"/>
  <tag k="frequency" v="0"/>
  <tag k="gauge" v="1435"/>
  <tag k="layer" v="-1"/>
  <tag k="level" v="-2"/>
  <tag k="maxspeed" v="90"/>
  <tag k="operator" v="DB InfraGO AG"/>
  <tag k="railway" v="light_rail"/>
  <tag k="railway:track_ref" v="1"/>
  <tag k="railway:train_protection" v="DE:ZBS"/>
  <tag k="railway:zbs" v="yes"/>
  <tag k="ref" v="6020"/>
  <tag k="tunnel" v="yes"/>
  <tag k="usage" v="main"/>
  <tag k="voltage" v="750"/>
  <tag k="workrules" v="DE:EBO"/>
 </way>
 <way id="375935982" visible="true" version="11" changeset="188432432" timestamp="2026-09-02T17:40:33Z" user="kiwilecker" uid="20889298">
  <nd ref="263125700"/>
  <nd ref="11565843315"/>
  <nd ref="5375841181"/>
  <nd ref="263125702"/>
  <nd ref="5375841177"/>
  <nd ref="263125703"/>
  <nd ref="11565843314"/>
  <nd ref="263125704"/>
  <nd ref="5168745291"/>
  <nd ref="263125707"/>
  <tag k="electrified" v="rail"/>
  <tag k="frequency" v="0"/>
  <tag k="gauge" v="1435"/>
  <tag k="maxspeed:backward" v="90"/>
  <tag k="maxspeed:forward" v="80"/>
  <tag k="operator" v="DB InfraGO AG"/>
  <tag k="proposed:railway:train_protection" v="DE:ZBS"/>
  <tag k="proposed:railway:zbs" v="yes"/>
  <tag k="railway" v="light_rail"/>
  <tag k="ref" v="6020"/>
  <tag k="usage" v="main"/>
  <tag k="voltage" v="750"/>
 </way>
 <way id="383960622" visible="true" version="14" changeset="188432432" timestamp="2026-09-02T17:40:33Z" user="kiwilecker" uid="20889298">
  <nd ref="2256000750"/>
  <nd ref="11576962921"/>
  <nd ref="316786334"/>
  <nd ref="9921606988"/>
  <nd ref="9921606984"/>
  <nd ref="9921606986"/>
  <nd ref="316786335"/>
  <nd ref="9921606982"/>
  <nd ref="316786616"/>
  <nd ref="9921606980"/>
  <nd ref="316786336"/>
  <nd ref="11576962923"/>
  <nd ref="10748887677"/>
  <tag k="electrified" v="rail"/>
  <tag k="frequency" v="0"/>
  <tag k="gauge" v="1435"/>
  <tag k="layer" v="-1"/>
  <tag k="maxspeed" v="70"/>
  <tag k="operator" v="DB InfraGO AG"/>
  <tag k="proposed:railway:train_protection" v="DE:ZBS"/>
  <tag k="proposed:railway:zbs" v="yes"/>
  <tag k="railway" v="light_rail"/>
  <tag k="ref" v="6020"/>
  <tag k="usage" v="main"/>
  <tag k="voltage" v="750"/>
  <tag k="workrules" v="DE:EBO"/>
 </way>
 <way id="383960625" visible="true" version="13" changeset="188432432" timestamp="2026-09-02T17:40:33Z" user="kiwilecker" uid="20889298">
  <nd ref="3776296479"/>
  <nd ref="11966209510"/>
  <nd ref="11966209509"/>
  <nd ref="3799318424"/>
  <nd ref="11966209508"/>
  <nd ref="1127966986"/>
  <nd ref="3872632777"/>
  <tag k="electrified" v="rail"/>
  <tag k="frequency" v="0"/>
  <tag k="gauge" v="1435"/>
  <tag k="layer" v="-1"/>
  <tag k="level" v="-1"/>
  <tag k="maxspeed" v="80"/>
  <tag k="operator" v="DB InfraGO AG"/>
  <tag k="proposed:railway:train_protection" v="DE:ZBS"/>
  <tag k="proposed:railway:zbs" v="yes"/>
  <tag k="railway" v="light_rail"/>
  <tag k="railway:track_ref" v="1"/>
  <tag k="ref" v="6020"/>
  <tag k="usage" v="main"/>
  <tag k="voltage" v="750"/>
  <tag k="workrules" v="DE:EBO"/>
 </way>
 <way id="383989506" visible="true" version="10" changeset="188432432" timestamp="2026-09-02T17:40:33Z" user="kiwilecker" uid="20889298">
  <nd ref="10748342359"/>
  <nd ref="10748342361"/>
  <nd ref="316777719"/>
  <nd ref="11564730224"/>
  <nd ref="3778075165"/>
  <tag k="electrified" v="rail"/>
  <tag k="frequency" v="0"/>
  <tag k="gauge" v="1435"/>
  <tag k="maxspeed" v="70"/>
  <tag k="operator" v="DB InfraGO AG"/>
  <tag k="proposed:railway:train_protection" v="DE:ZBS"/>
  <tag k="proposed:railway:zbs" v="yes"/>
  <tag k="railway" v="light_rail"/>
  <tag k="ref" v="6020"/>
  <tag k="usage" v="main"/>
  <tag k="voltage" v="750"/>
  <tag k="workrules" v="DE:EBO"/>
 </way>
 <way id="384165126" visible="true" version="8" changeset="172553771" timestamp="2025-09-28T07:19:46Z" user="jengelh" uid="1468043">
  <nd ref="5168745294"/>
  <nd ref="11758722640"/>
  <nd ref="11758738574"/>
  <nd ref="11758722635"/>
  <nd ref="255560937"/>
  <nd ref="5168745295"/>
  <nd ref="11758722633"/>
  <nd ref="10748445355"/>
  <tag k="electrified" v="rail"/>
  <tag k="frequency" v="0"/>
  <tag k="gauge" v="1435"/>
  <tag k="maxspeed" v="100"/>
  <tag k="operator" v="DB InfraGO AG"/>
  <tag k="railway" v="light_rail"/>
  <tag k="railway:zbs" v="yes"/>
  <tag k="ref" v="6020"/>
  <tag k="usage" v="main"/>
  <tag k="voltage" v="750"/>
 </way>
 <way id="384165128" visible="true" version="9" changeset="172553771" timestamp="2025-09-28T07:19:46Z" user="jengelh" uid="1468043">
  <nd ref="3779524357"/>
  <nd ref="255560933"/>
  <nd ref="5157040669"/>
  <nd ref="3779524364"/>
  <nd ref="3779524367"/>
  <nd ref="1806004219"/>
  <nd ref="255560931"/>
  <nd ref="5157040718"/>
  <tag k="electrified" v="rail"/>
  <tag k="frequency" v="0"/>
  <tag k="gauge" v="1435"/>
  <tag k="level" v="-1"/>
  <tag k="maxspeed" v="70"/>
  <tag k="operator" v="DB InfraGO AG"/>
  <tag k="railway" v="light_rail"/>
  <tag k="railway:track_ref" v="1"/>
  <tag k="railway:zbs" v="yes"/>
  <tag k="ref" v="6020"/>
  <tag k="usage" v="main"/>
  <tag k="voltage" v="750"/>
 </way>
 <way id="421646138" visible="true" version="7" changeset="188384579" timestamp="2026-09-01T19:08:01Z" user="kiwilecker" uid="20889298">
  <nd ref="3901769092"/>
  <nd ref="4264831463"/>
  <nd ref="289678327"/>
  <tag k="electrified" v="rail"/>
  <tag k="frequency" v="0"/>
  <tag k="gauge" v="1435"/>
  <tag k="layer" v="-1"/>
  <tag k="level" v="-1"/>
  <tag k="maxspeed" v="90"/>
  <tag k="operator" v="DB InfraGO AG"/>
  <tag k="railway" v="light_rail"/>
  <tag k="railway:track_ref" v="3"/>
  <tag k="railway:train_protection" v="DE:ZBS"/>
  <tag k="railway:zbs" v="yes"/>
  <tag k="ref" v="6020"/>
  <tag k="usage" v="main"/>
  <tag k="voltage" v="750"/>
  <tag k="workrules" v="DE:EBO"/>
 </way>
 <way id="438414952" visible="true" version="8" changeset="188430531" timestamp="2026-09-02T16:59:53Z" user="kiwilecker" uid="20889298">
  <nd ref="5157041421"/>
  <nd ref="3783310427"/>
  <nd ref="1135738965"/>
  <nd ref="110088579"/>
  <nd ref="1135739014"/>
  <nd ref="110088583"/>
  <nd ref="5157040674"/>
  <nd ref="11618794216"/>
  <tag k="electrified" v="rail"/>
  <tag k="frequency" v="0"/>
  <tag k="gauge" v="1435"/>
  <tag k="layer" v="-2"/>
  <tag k="level" v="0"/>
  <tag k="maxspeed" v="80"/>
  <tag k="operator" v="DB InfraGO AG"/>
  <tag k="railway" v="light_rail"/>
  <tag k="railway:train_protection" v="DE:ZBS"/>
  <tag k="railway:zbs" v="yes"/>
  <tag k="ref" v="6020"/>
  <tag k="usage" v="main"/>
  <tag k="voltage" v="750"/>
  <tag k="workrules" v="DE:EBO"/>
 </way>
 <way id="438768575" visible="true" version="10" changeset="188430531" timestamp="2026-09-02T16:59:53Z" user="kiwilecker" uid="20889298">
  <nd ref="154686598"/>
  <nd ref="151026252"/>
  <nd ref="5157040683"/>
  <nd ref="11866000668"/>
  <nd ref="11866000666"/>
  <nd ref="11866000667"/>
  <nd ref="151026251"/>
  <tag k="electrified" v="rail"/>
  <tag k="frequency" v="0"/>
  <tag k="gauge" v="1435"/>
  <tag k="level" v="0"/>
  <tag k="maxspeed" v="80"/>
  <tag k="operator" v="DB InfraGO AG"/>
  <tag k="railway" v="light_rail"/>
  <tag k="railway:track_ref" v="1"/>
  <tag k="railway:train_protection" v="DE:ZBS"/>
  <tag k="railway:zbs" v="yes"/>
  <tag k="ref" v="6020"/>
  <tag k="usage" v="main"/>
  <tag k="voltage" v="750"/>
  <tag k="workrules" v="DE:EBO"/>
 </way>
 <way id="438832773" visible="true" version="8" changeset="188430531" timestamp="2026-09-02T16:59:53Z" user="kiwilecker" uid="20889298">
  <nd ref="26124361"/>
  <nd ref="3787655855"/>
  <nd ref="1806004231"/>
  <nd ref="3787656358"/>
  <nd ref="10748548626"/>
  <tag k="electrified" v="rail"/>
  <tag k="frequency" v="0"/>
  <tag k="gauge" v="1435"/>
  <tag k="level" v="0"/>
  <tag k="maxspeed" v="100"/>
  <tag k="operator" v="DB InfraGO AG"/>
  <tag k="railway" v="light_rail"/>
  <tag k="railway:track_ref" v="1"/>
  <tag k="railway:train_protection" v="DE:ZBS"/>
  <tag k="railway:zbs" v="yes"/>
  <tag k="ref" v="6020"/>
  <tag k="usage" v="main"/>
  <tag k="voltage" v="750"/>
  <tag k="workrules" v="DE:EBO"/>
 </way>
 <way id="446633269" visible="true" version="12" changeset="188430531" timestamp="2026-09-02T16:59:53Z" user="kiwilecker" uid="20889298">
  <nd ref="4438769722"/>
  <nd ref="11085544734"/>
  <nd ref="11642338283"/>
  <nd ref="3774498193"/>
  <nd ref="11084390440"/>
  <nd ref="3774498195"/>
  <nd ref="11084390441"/>
  <tag k="electrified" v="rail"/>
  <tag k="frequency" v="0"/>
  <tag k="gauge" v="1435"/>
  <tag k="level" v="0"/>
  <tag k="maxspeed" v="100"/>
  <tag k="operator" v="DB InfraGO AG"/>
  <tag k="railway" v="light_rail"/>
  <tag k="railway:train_protection" v="DE:ZBS"/>
  <tag k="railway:zbs" v="yes"/>
  <tag k="ref" v="6020"/>
  <tag k="usage" v="main"/>
  <tag k="voltage" v="750"/>
  <tag k="workrules" v="DE:EBO"/>
 </way>
 <way id="463431365" visible="true" version="12" changeset="188432432" timestamp="2026-09-02T17:40:33Z" user="kiwilecker" uid="20889298">
  <nd ref="316785828"/>
  <nd ref="10733014370"/>
  <nd ref="11762517382"/>
  <nd ref="1127967028"/>
  <nd ref="11762517380"/>
  <nd ref="3063558319"/>
  <nd ref="316785829"/>
  <nd ref="11762517386"/>
  <nd ref="316785830"/>
  <tag k="electrified" v="rail"/>
  <tag k="frequency" v="0"/>
  <tag k="gauge" v="1435"/>
  <tag k="layer" v="1"/>
  <tag k="level" v="1"/>
  <tag k="maxspeed" v="80"/>
  <tag k="operator" v="DB InfraGO AG"/>
  <tag k="proposed:railway:train_protection" v="DE:ZBS"/>
  <tag k="proposed:railway:zbs" v="yes"/>
  <tag k="railway" v="light_rail"/>
  <tag k="railway:track_ref" v="1"/>
  <tag k="ref" v="6020"/>
  <tag k="usage" v="main"/>
  <tag k="voltage" v="750"/>
  <tag k="workrules" v="DE:EBO"/>
 </way>
 <way id="463435052" visible="true" version="11" changeset="188432432" timestamp="2026-09-02T17:40:33Z" user="kiwilecker" uid="20889298">
  <nd ref="316775449"/>
  <nd ref="5168745272"/>
  <nd ref="3792434784"/>
  <nd ref="11562536790"/>
  <nd ref="1949029818"/>
  <nd ref="1949029821"/>
  <nd ref="2874265341"/>
  <nd ref="2874265342"/>
  <nd ref="27540514"/>
  <nd ref="3778116747"/>
  <nd ref="3778116748"/>
  <nd ref="5168745267"/>
  <nd ref="2071448735"/>
  <tag k="detail" v="track"/>
  <tag k="electrified" v="rail"/>
  <tag k="frequency" v="0"/>
  <tag k="gauge" v="1435"/>
  <tag k="layer" v="1"/>
  <tag k="level" v="1"/>
  <tag k="maxspeed" v="80"/>
  <tag k="operator" v="DB InfraGO AG"/>
  <tag k="proposed:railway:train_protection" v="DE:ZBS"/>
  <tag k="proposed:railway:zbs" v="yes"/>
  <tag k="railway" v="light_rail"/>
  <tag k="railway:track_ref" v="1"/>
  <tag k="ref" v="6020"/>
  <tag k="usage" v="main"/>
  <tag k="voltage" v="750"/>
  <tag k="workrules" v="DE:EBO"/>
 </way>
 <way id="463435954" visible="true" version="9" changeset="188432432" timestamp="2026-09-02T17:40:33Z" user="kiwilecker" uid="20889298">
  <nd ref="4587011038"/>
  <nd ref="316779020"/>
  <nd ref="402948580"/>
  <nd ref="361622309"/>
  <nd ref="402948578"/>
  <nd ref="316779014"/>
  <nd ref="361622306"/>
  <nd ref="12302413774"/>
  <nd ref="5467642283"/>
  <nd ref="316779013"/>
  <tag k="electrified" v="rail"/>
  <tag k="frequency" v="0"/>
  <tag k="gauge" v="1435"/>
  <tag k="maxspeed" v="80"/>
  <tag k="operator" v="DB InfraGO AG"/>
  <tag k="proposed:railway:train_protection" v="DE:ZBS"/>
  <tag k="proposed:railway:zbs" v="yes"/>
  <tag k="railway" v="light_rail"/>
  <tag k="ref" v="6020"/>
  <tag k="usage" v="main"/>
  <tag k="voltage" v="750"/>
  <tag k="workrules" v="DE:EBO"/>
 </way>
 <way id="464700827" visible="true" version="9" changeset="189576105" timestamp="2026-09-26T08:27:32Z" user="kartograph" uid="17304">
  <nd ref="291098543"/>
  <nd ref="14219042465"/>
  <nd ref="11084390503"/>
  <nd ref="291098545"/>
  <nd ref="11084390502"/>
  <nd ref="3886770391"/>
  <nd ref="291098548"/>
  <nd ref="11628657093"/>
  <nd ref="291098551"/>
  <nd ref="291098552"/>
  <nd ref="291098554"/>
  <nd ref="11084390499"/>
  <nd ref="11084394110"/>
  <nd ref="3886770176"/>
  <nd ref="291098557"/>
  <nd ref="291098559"/>
  <nd ref="11084390498"/>
  <nd ref="3886770397"/>
  <tag k="electrified" v="rail"/>
  <tag k="frequency" v="0"/>
  <tag k="gauge" v="1435"/>
  <tag k="maxspeed" v="80"/>
  <tag k="operator" v="DB InfraGO AG"/>
  <tag k="railway" v="light_rail"/>
  <tag k="railway:train_protection" v="DE:ZBS"/>
  <tag k="railway:zbs" v="yes"/>
  <tag k="ref" v="6020"/>
  <tag k="usage" v="main"/>
  <tag k="voltage" v="750"/>
  <tag k="workrules" v="DE:EBO"/>
 </way>
 <way id="504503840" visible="true" version="7" changeset="188384579" timestamp="2026-09-01T19:08:01Z" user="kiwilecker" uid="20889298">
  <nd ref="289678324"/>
  <nd ref="4264720740"/>
  <tag k="electrified" v="rail"/>
  <tag k="frequency" v="0"/>
  <tag k="gauge" v="1435"/>
  <tag k="layer" v="-1"/>
  <tag k="level" v="-1"/>
  <tag k="maxspeed" v="70"/>
  <tag k="operator" v="DB InfraGO AG"/>
  <tag k="railway" v="light_rail"/>
  <tag k="railway:track_ref" v="3"/>
  <tag k="railway:train_protection" v="DE:ZBS"/>
  <tag k="railway:zbs" v="yes"/>
  <tag k="ref" v="6020"/>
  <tag k="usage" v="main"/>
  <tag k="voltage" v="750"/>
  <tag k="workrules" v="DE:EBO"/>
 </way>
 <way id="531237632" visible="true" version="8" changeset="188430531" timestamp="2026-09-02T16:59:53Z" user="kiwilecker" uid="20889298">
  <nd ref="5157040718"/>
  <nd ref="6970905258"/>
  <nd ref="5157041429"/>
  <nd ref="11756896335"/>
  <nd ref="3779524372"/>
  <nd ref="3779524373"/>
  <tag k="electrified" v="rail"/>
  <tag k="frequency" v="0"/>
  <tag k="gauge" v="1435"/>
  <tag k="level" v="-1"/>
  <tag k="maxspeed" v="80"/>
  <tag k="operator" v="DB InfraGO AG"/>
  <tag k="railway" v="light_rail"/>
  <tag k="railway:train_protection" v="DE:ZBS"/>
  <tag k="railway:zbs" v="yes"/>
  <tag k="ref" v="6020"/>
  <tag k="usage" v="main"/>
  <tag k="voltage" v="750"/>
 </way>
 <way id="531237636" visible="true" version="7" changeset="188430531" timestamp="2026-09-02T16:59:53Z" user="kiwilecker" uid="20889298">
  <nd ref="5157040720"/>
  <nd ref="110088558"/>
  <nd ref="110088555"/>
  <tag k="electrified" v="rail"/>
  <tag k="frequency" v="0"/>
  <tag k="gauge" v="1435"/>
  <tag k="maxspeed" v="80"/>
  <tag k="operator" v="DB InfraGO AG"/>
  <tag k="railway" v="light_rail"/>
  <tag k="railway:train_protection" v="DE:ZBS"/>
  <tag k="railway:zbs" v="yes"/>
  <tag k="ref" v="6020"/>
  <tag k="usage" v="main"/>
  <tag k="voltage" v="750"/>
  <tag k="workrules" v="DE:EBO"/>
 </way>
 <way id="531237639" visible="true" version="9" changeset="188430531" timestamp="2026-09-02T16:59:53Z" user="kiwilecker" uid="20889298">
  <nd ref="1135739002"/>
  <nd ref="10748445351"/>
  <nd ref="110088541"/>
  <nd ref="11756896342"/>
  <nd ref="1135739082"/>
  <nd ref="110088536"/>
  <nd ref="1135739063"/>
  <nd ref="110088494"/>
  <tag k="electrified" v="rail"/>
  <tag k="frequency" v="0"/>
  <tag k="gauge" v="1435"/>
  <tag k="level" v="0"/>
  <tag k="maxspeed" v="70"/>
  <tag k="operator" v="DB InfraGO AG"/>
  <tag k="railway" v="light_rail"/>
  <tag k="railway:train_protection" v="DE:ZBS"/>
  <tag k="railway:zbs" v="yes"/>
  <tag k="ref" v="6020"/>
  <tag k="usage" v="main"/>
  <tag k="voltage" v="750"/>
  <tag k="workrules" v="DE:EBO"/>
 </way>
 <way id="531237646" visible="true" version="8" changeset="188430531" timestamp="2026-09-02T16:59:53Z" user="kiwilecker" uid="20889298">
  <nd ref="110088501"/>
  <nd ref="1806004234"/>
  <nd ref="110088505"/>
  <nd ref="8495025031"/>
  <nd ref="5157041421"/>
  <tag k="electrified" v="rail"/>
  <tag k="frequency" v="0"/>
  <tag k="gauge" v="1435"/>
  <tag k="layer" v="-2"/>
  <tag k="level" v="0"/>
  <tag k="maxspeed" v="70"/>
  <tag k="operator" v="DB InfraGO AG"/>
  <tag k="railway" v="light_rail"/>
  <tag k="railway:track_ref" v="11"/>
  <tag k="railway:train_protection" v="DE:ZBS"/>
  <tag k="railway:zbs" v="yes"/>
  <tag k="ref" v="6020"/>
  <tag k="usage" v="main"/>
  <tag k="voltage" v="750"/>
  <tag k="workrules" v="DE:EBO"/>
 </way>
 <way id="532685283" visible="true" version="8" changeset="188432432" timestamp="2026-09-02T17:40:33Z" user="kiwilecker" uid="20889298">
  <nd ref="263125696"/>
  <nd ref="5168745227"/>
  <nd ref="3778278443"/>
  <nd ref="5168745287"/>
  <nd ref="3778278444"/>
  <tag k="electrified" v="rail"/>
  <tag k="frequency" v="0"/>
  <tag k="gauge" v="1435"/>
  <tag k="layer" v="1"/>
  <tag k="level" v="1"/>
  <tag k="maxspeed:backward" v="70"/>
  <tag k="maxspeed:forward" v="80"/>
  <tag k="operator" v="DB InfraGO AG"/>
  <tag k="proposed:railway:train_protection" v="DE:ZBS"/>
  <tag k="proposed:railway:zbs" v="yes"/>
  <tag k="railway" v="light_rail"/>
  <tag k="ref" v="6020"/>
  <tag k="usage" v="main"/>
  <tag k="voltage" v="750"/>
 </way>
 <way id="532685286" visible="true" version="5" changeset="188432432" timestamp="2026-09-02T17:40:33Z" user="kiwilecker" uid="20889298">
  <nd ref="1355577262"/>
  <nd ref="5168745235"/>
  <nd ref="263125711"/>
  <tag k="electrified" v="rail"/>
  <tag k="frequency" v="0"/>
  <tag k="gauge" v="1435"/>
  <tag k="maxspeed" v="100"/>
  <tag k="operator" v="DB InfraGO AG"/>
  <tag k="proposed:railway:train_protection" v="DE:ZBS"/>
  <tag k="proposed:railway:zbs" v="yes"/>
  <tag k="railway" v="light_rail"/>
  <tag k="ref" v="6020"/>
  <tag k="usage" v="main"/>
  <tag k="voltage" v="750"/>
 </way>
 <way id="711114629" visible="true" version="6" changeset="188432432" timestamp="2026-09-02T17:40:33Z" user="kiwilecker" uid="20889298">
  <nd ref="1406769632"/>
  <nd ref="1406769630"/>
  <nd ref="6685372099"/>
  <tag k="electrified" v="rail"/>
  <tag k="frequency" v="0"/>
  <tag k="gauge" v="1435"/>
  <tag k="level" v="1"/>
  <tag k="maxspeed" v="80"/>
  <tag k="operator" v="DB InfraGO AG"/>
  <tag k="proposed:railway:train_protection" v="DE:ZBS"/>
  <tag k="proposed:railway:zbs" v="yes"/>
  <tag k="railway" v="light_rail"/>
  <tag k="ref" v="6020"/>
  <tag k="source" v="memory"/>
  <tag k="usage" v="main"/>
  <tag k="voltage" v="750"/>
  <tag k="workrules" v="DE:EBO"/>
 </way>
 <way id="711114630" visible="true" version="8" changeset="188432432" timestamp="2026-09-02T17:40:33Z" user="kiwilecker" uid="20889298">
  <nd ref="1721460680"/>
  <nd ref="6685372102"/>
  <nd ref="1406769627"/>
  <nd ref="7627200781"/>
  <nd ref="1406769626"/>
  <tag k="electrified" v="rail"/>
  <tag k="frequency" v="0"/>
  <tag k="gauge" v="1435"/>
  <tag k="level" v="1"/>
  <tag k="maxspeed" v="80"/>
  <tag k="operator" v="DB InfraGO AG"/>
  <tag k="proposed:railway:train_protection" v="DE:ZBS"/>
  <tag k="proposed:railway:zbs" v="yes"/>
  <tag k="railway" v="light_rail"/>
  <tag k="ref" v="6020"/>
  <tag k="source" v="memory"/>
  <tag k="usage" v="main"/>
  <tag k="voltage" v="750"/>
  <tag k="workrules" v="DE:EBO"/>
 </way>
 <way id="741587612" visible="true" version="6" changeset="188432432" timestamp="2026-09-02T17:40:33Z" user="kiwilecker" uid="20889298">
  <nd ref="1806004226"/>
  <nd ref="281661083"/>
  <nd ref="5168745276"/>
  <tag k="electrified" v="rail"/>
  <tag k="frequency" v="0"/>
  <tag k="gauge" v="1435"/>
  <tag k="layer" v="1"/>
  <tag k="level" v="2"/>
  <tag k="maxspeed" v="70"/>
  <tag k="operator" v="DB InfraGO AG"/>
  <tag k="proposed:railway:train_protection" v="DE:ZBS"/>
  <tag k="proposed:railway:zbs" v="yes"/>
  <tag k="railway" v="light_rail"/>
  <tag k="ref" v="6020"/>
  <tag k="usage" v="main"/>
  <tag k="voltage" v="750"/>
 </way>
 <way id="744828052" visible="true" version="7" changeset="188430531" timestamp="2026-09-02T16:59:53Z" user="kiwilecker" uid="20889298">
  <nd ref="540043301"/>
  <nd ref="110455193"/>
  <nd ref="110455189"/>
  <nd ref="10748445350"/>
  <nd ref="540043295"/>
  <nd ref="110124642"/>
  <nd ref="110477735"/>
  <nd ref="110124645"/>
  <tag k="electrified" v="rail"/>
  <tag k="frequency" v="0"/>
  <tag k="gauge" v="1435"/>
  <tag k="maxspeed" v="60"/>
  <tag k="operator" v="DB InfraGO AG"/>
  <tag k="railway" v="light_rail"/>
  <tag k="railway:train_protection" v="DE:ZBS"/>
  <tag k="railway:zbs" v="yes"/>
  <tag k="ref" v="6020"/>
  <tag k="usage" v="main"/>
  <tag k="voltage" v="750"/>
  <tag k="workrules" v="DE:EBO"/>
 </way>
 <way id="802024939" visible="true" version="7" changeset="188430531" timestamp="2026-09-02T16:59:53Z" user="kiwilecker" uid="20889298">
  <nd ref="151026251"/>
  <nd ref="5157040687"/>
  <nd ref="1806004228"/>
  <tag k="electrified" v="rail"/>
  <tag k="frequency" v="0"/>
  <tag k="gauge" v="1435"/>
  <tag k="layer" v="-1"/>
  <tag k="level" v="0"/>
  <tag k="maxspeed" v="80"/>
  <tag k="operator" v="DB InfraGO AG"/>
  <tag k="railway" v="light_rail"/>
  <tag k="railway:track_ref" v="1"/>
  <tag k="railway:train_protection" v="DE:ZBS"/>
  <tag k="railway:zbs" v="yes"/>
  <tag k="ref" v="6020"/>
  <tag k="usage" v="main"/>
  <tag k="voltage" v="750"/>
  <tag k="workrules" v="DE:EBO"/>
 </way>
 <way id="802024949" visible="true" version="8" changeset="188432432" timestamp="2026-09-02T17:40:33Z" user="kiwilecker" uid="20889298">
  <nd ref="1499711614"/>
  <nd ref="3609292656"/>
  <nd ref="281661140"/>
  <nd ref="11562536787"/>
  <nd ref="1095078318"/>
  <tag k="detail" v="track"/>
  <tag k="electrified" v="rail"/>
  <tag k="frequency" v="0"/>
  <tag k="gauge" v="1435"/>
  <tag k="layer" v="1"/>
  <tag k="level" v="1"/>
  <tag k="maxspeed" v="80"/>
  <tag k="operator" v="DB InfraGO AG"/>
  <tag k="proposed:railway:train_protection" v="DE:ZBS"/>
  <tag k="proposed:railway:zbs" v="yes"/>
  <tag k="railway" v="light_rail"/>
  <tag k="railway:track_ref" v="11"/>
  <tag k="ref" v="6020"/>
  <tag k="usage" v="main"/>
  <tag k="voltage" v="750"/>
  <tag k="workrules" v="DE:EBO"/>
 </way>
 <way id="1007153249" visible="true" version="4" changeset="180691322" timestamp="2026-03-31T20:36:35Z" user="Patrick1977Bln" uid="259536">
  <nd ref="9291522756"/>
  <nd ref="1499711635"/>
  <tag k="electrified" v="rail"/>
  <tag k="frequency" v="0"/>
  <tag k="gauge" v="1435"/>
  <tag k="layer" v="1"/>
  <tag k="level" v="1"/>
  <tag k="maxspeed" v="80"/>
  <tag k="operator" v="DB InfraGO AG"/>
  <tag k="railway" v="light_rail"/>
  <tag k="ref" v="6020"/>
  <tag k="usage" v="main"/>
  <tag k="voltage" v="750"/>
  <tag k="workrules" v="DE:EBO"/>
 </way>
 <way id="1023966237" visible="true" version="7" changeset="188432432" timestamp="2026-09-02T17:40:33Z" user="kiwilecker" uid="20889298">
  <nd ref="263125717"/>
  <nd ref="263125718"/>
  <tag k="bridge" v="yes"/>
  <tag k="electrified" v="rail"/>
  <tag k="frequency" v="0"/>
  <tag k="gauge" v="1435"/>
  <tag k="layer" v="1"/>
  <tag k="maxspeed:backward" v="70"/>
  <tag k="maxspeed:forward" v="80"/>
  <tag k="operator" v="DB InfraGO AG"/>
  <tag k="proposed:railway:train_protection" v="DE:ZBS"/>
  <tag k="proposed:railway:zbs" v="yes"/>
  <tag k="railway" v="light_rail"/>
  <tag k="ref" v="6020"/>
  <tag k="usage" v="main"/>
  <tag k="voltage" v="750"/>
 </way>
 <way id="1023966243" visible="true" version="7" changeset="188432432" timestamp="2026-09-02T17:40:33Z" user="kiwilecker" uid="20889298">
  <nd ref="263125715"/>
  <nd ref="604659335"/>
  <nd ref="5168745223"/>
  <nd ref="263125717"/>
  <tag k="electrified" v="rail"/>
  <tag k="frequency" v="0"/>
  <tag k="gauge" v="1435"/>
  <tag k="layer" v="1"/>
  <tag k="maxspeed:backward" v="70"/>
  <tag k="maxspeed:forward" v="80"/>
  <tag k="operator" v="DB InfraGO AG"/>
  <tag k="proposed:railway:train_protection" v="DE:ZBS"/>
  <tag k="proposed:railway:zbs" v="yes"/>
  <tag k="railway" v="light_rail"/>
  <tag k="ref" v="6020"/>
  <tag k="usage" v="main"/>
  <tag k="voltage" v="750"/>
 </way>
 <way id="1066932617" visible="true" version="9" changeset="188432432" timestamp="2026-09-02T17:40:33Z" user="kiwilecker" uid="20889298">
  <nd ref="316779949"/>
  <nd ref="9796784046"/>
  <nd ref="5603417703"/>
  <nd ref="11552979492"/>
  <nd ref="11552979488"/>
  <nd ref="316779948"/>
  <tag k="electrified" v="rail"/>
  <tag k="frequency" v="0"/>
  <tag k="gauge" v="1435"/>
  <tag k="maxspeed" v="100"/>
  <tag k="operator" v="DB InfraGO AG"/>
  <tag k="proposed:railway:train_protection" v="DE:ZBS"/>
  <tag k="proposed:railway:zbs" v="yes"/>
  <tag k="railway" v="light_rail"/>
  <tag k="ref" v="6020"/>
  <tag k="usage" v="main"/>
  <tag k="voltage" v="750"/>
  <tag k="workrules" v="DE:EBO"/>
 </way>
 <way id="1066932622" visible="true" version="9" changeset="188432432" timestamp="2026-09-02T17:40:33Z" user="kiwilecker" uid="20889298">
  <nd ref="29879247"/>
  <nd ref="2769674170"/>
  <nd ref="29879244"/>
  <nd ref="2769674144"/>
  <nd ref="261750266"/>
  <nd ref="9796784049"/>
  <nd ref="9796784051"/>
  <nd ref="9796784054"/>
  <nd ref="9796784052"/>
  <nd ref="9796784053"/>
  <nd ref="9796784055"/>
  <tag k="electrified" v="rail"/>
  <tag k="frequency" v="0"/>
  <tag k="gauge" v="1435"/>
  <tag k="maxspeed" v="100"/>
  <tag k="operator" v="DB InfraGO AG"/>
  <tag k="proposed:railway:train_protection" v="DE:ZBS"/>
  <tag k="proposed:railway:zbs" v="yes"/>
  <tag k="railway" v="light_rail"/>
  <tag k="ref" v="6020"/>
  <tag k="usage" v="main"/>
  <tag k="voltage" v="750"/>
  <tag k="workrules" v="DE:EBO"/>
 </way>
 <way id="1115652879" visible="true" version="6" changeset="188432432" timestamp="2026-09-02T17:40:33Z" user="kiwilecker" uid="20889298">
  <nd ref="9796784048"/>
  <nd ref="261842696"/>
  <tag k="electrified" v="rail"/>
  <tag k="frequency" v="0"/>
  <tag k="gauge" v="1435"/>
  <tag k="maxspeed" v="100"/>
  <tag k="operator" v="DB InfraGO AG"/>
  <tag k="proposed:railway:train_protection" v="DE:ZBS"/>
  <tag k="proposed:railway:zbs" v="yes"/>
  <tag k="railway" v="light_rail"/>
  <tag k="ref" v="6020"/>
  <tag k="usage" v="main"/>
  <tag k="voltage" v="750"/>
  <tag k="workrules" v="DE:EBO"/>
 </way>
 <way id="1115652880" visible="true" version="9" changeset="188432432" timestamp="2026-09-02T17:40:33Z" user="kiwilecker" uid="20889298">
  <nd ref="9796784055"/>
  <nd ref="11552979495"/>
  <nd ref="11552979494"/>
  <nd ref="10739275024"/>
  <nd ref="11552979497"/>
  <nd ref="9796784048"/>
  <tag k="bridge" v="yes"/>
  <tag k="electrified" v="rail"/>
  <tag k="frequency" v="0"/>
  <tag k="gauge" v="1435"/>
  <tag k="layer" v="2"/>
  <tag k="maxspeed" v="100"/>
  <tag k="operator" v="DB InfraGO AG"/>
  <tag k="proposed:railway:train_protection" v="DE:ZBS"/>
  <tag k="proposed:railway:zbs" v="yes"/>
  <tag k="railway" v="light_rail"/>
  <tag k="ref" v="6020"/>
  <tag k="usage" v="main"/>
  <tag k="voltage" v="750"/>
  <tag k="workrules" v="DE:EBO"/>
 </way>
 <way id="1125949325" visible="true" version="6" changeset="188432432" timestamp="2026-09-02T17:40:33Z" user="kiwilecker" uid="20889298">
  <nd ref="3787007856"/>
  <nd ref="316787142"/>
  <nd ref="316787144"/>
  <nd ref="316787414"/>
  <nd ref="9921606935"/>
  <nd ref="9921606936"/>
  <nd ref="10296033408"/>
  <nd ref="10296033407"/>
  <nd ref="316787415"/>
  <tag k="electrified" v="rail"/>
  <tag k="frequency" v="0"/>
  <tag k="gauge" v="1435"/>
  <tag k="maxspeed" v="80"/>
  <tag k="operator" v="DB InfraGO AG"/>
  <tag k="proposed:railway:train_protection" v="DE:ZBS"/>
  <tag k="proposed:railway:zbs" v="yes"/>
  <tag k="railway" v="light_rail"/>
  <tag k="ref" v="6020"/>
  <tag k="usage" v="main"/>
  <tag k="voltage" v="750"/>
  <tag k="workrules" v="DE:EBO"/>
 </way>
 <way id="1125949327" visible="true" version="5" changeset="188432432" timestamp="2026-09-02T17:40:33Z" user="kiwilecker" uid="20889298">
  <nd ref="10288479808"/>
  <nd ref="1438381996"/>
  <nd ref="316787424"/>
  <nd ref="1438381984"/>
  <nd ref="316788274"/>
  <tag k="electrified" v="rail"/>
  <tag k="embankment" v="yes"/>
  <tag k="frequency" v="0"/>
  <tag k="gauge" v="1435"/>
  <tag k="level" v="1"/>
  <tag k="maxspeed" v="50"/>
  <tag k="operator" v="DB InfraGO AG"/>
  <tag k="proposed:railway:train_protection" v="DE:ZBS"/>
  <tag k="proposed:railway:zbs" v="yes"/>
  <tag k="railway" v="light_rail"/>
  <tag k="ref" v="6020"/>
  <tag k="usage" v="main"/>
  <tag k="voltage" v="750"/>
  <tag k="workrules" v="DE:EBO"/>
 </way>
 <way id="1125949329" visible="true" version="5" changeset="188432432" timestamp="2026-09-02T17:40:33Z" user="kiwilecker" uid="20889298">
  <nd ref="10290541013"/>
  <nd ref="10288523911"/>
  <nd ref="316787426"/>
  <tag k="electrified" v="rail"/>
  <tag k="frequency" v="0"/>
  <tag k="gauge" v="1435"/>
  <tag k="maxspeed" v="80"/>
  <tag k="operator" v="DB InfraGO AG"/>
  <tag k="proposed:railway:train_protection" v="DE:ZBS"/>
  <tag k="proposed:railway:zbs" v="yes"/>
  <tag k="railway" v="light_rail"/>
  <tag k="ref" v="6020"/>
  <tag k="usage" v="main"/>
  <tag k="voltage" v="750"/>
  <tag k="workrules" v="DE:EBO"/>
 </way>
 <way id="1154986480" visible="true" version="5" changeset="188432432" timestamp="2026-09-02T17:40:33Z" user="kiwilecker" uid="20889298">
  <nd ref="261750268"/>
  <nd ref="261750267"/>
  <nd ref="2769674178"/>
  <nd ref="29879247"/>
  <tag k="electrified" v="rail"/>
  <tag k="frequency" v="0"/>
  <tag k="gauge" v="1435"/>
  <tag k="maxspeed" v="80"/>
  <tag k="operator" v="DB InfraGO AG"/>
  <tag k="proposed:railway:train_protection" v="DE:ZBS"/>
  <tag k="proposed:railway:zbs" v="yes"/>
  <tag k="railway" v="light_rail"/>
  <tag k="ref" v="6020"/>
  <tag k="usage" v="main"/>
  <tag k="voltage" v="750"/>
  <tag k="workrules" v="DE:EBO"/>
 </way>
 <way id="1154986482" visible="true" version="6" changeset="188432432" timestamp="2026-09-02T17:40:33Z" user="kiwilecker" uid="20889298">
  <nd ref="10741216867"/>
  <nd ref="11552979489"/>
  <nd ref="11552979491"/>
  <nd ref="2611292811"/>
  <nd ref="316779946"/>
  <tag k="electrified" v="rail"/>
  <tag k="frequency" v="0"/>
  <tag k="gauge" v="1435"/>
  <tag k="maxspeed" v="80"/>
  <tag k="operator" v="DB InfraGO AG"/>
  <tag k="proposed:railway:train_protection" v="DE:ZBS"/>
  <tag k="proposed:railway:zbs" v="yes"/>
  <tag k="railway" v="light_rail"/>
  <tag k="ref" v="6020"/>
  <tag k="usage" v="main"/>
  <tag k="voltage" v="750"/>
  <tag k="workrules" v="DE:EBO"/>
 </way>
 <way id="1154999742" visible="true" version="7" changeset="188432432" timestamp="2026-09-02T17:40:33Z" user="kiwilecker" uid="20889298">
  <nd ref="281661116"/>
  <nd ref="281661115"/>
  <nd ref="604676267"/>
  <nd ref="281661114"/>
  <nd ref="604676111"/>
  <nd ref="11562536781"/>
  <nd ref="281661113"/>
  <nd ref="12600507659"/>
  <nd ref="10741342085"/>
  <tag k="electrified" v="rail"/>
  <tag k="frequency" v="0"/>
  <tag k="gauge" v="1435"/>
  <tag k="maxspeed" v="80"/>
  <tag k="operator" v="DB InfraGO AG"/>
  <tag k="proposed:railway:train_protection" v="DE:ZBS"/>
  <tag k="proposed:railway:zbs" v="yes"/>
  <tag k="railway" v="light_rail"/>
  <tag k="ref" v="6020"/>
  <tag k="usage" v="main"/>
  <tag k="voltage" v="750"/>
 </way>
 <way id="1155777188" visible="true" version="6" changeset="180691322" timestamp="2026-03-31T20:36:35Z" user="Patrick1977Bln" uid="259536">
  <nd ref="1095078246"/>
  <nd ref="11555873698"/>
  <nd ref="11555873699"/>
  <nd ref="3872884860"/>
  <tag k="detail" v="track"/>
  <tag k="electrified" v="rail"/>
  <tag k="frequency" v="0"/>
  <tag k="gauge" v="1435"/>
  <tag k="level" v="-1"/>
  <tag k="maxspeed" v="70"/>
  <tag k="operator" v="DB InfraGO AG"/>
  <tag k="railway" v="light_rail"/>
  <tag k="railway:track_ref" v="1"/>
  <tag k="ref" v="6020"/>
  <tag k="usage" v="main"/>
  <tag k="voltage" v="750"/>
  <tag k="workrules" v="DE:EBO"/>
 </way>
 <way id="1155777189" visible="true" version="6" changeset="188432432" timestamp="2026-09-02T17:40:33Z" user="kiwilecker" uid="20889298">
  <nd ref="2808316066"/>
  <nd ref="11564730202"/>
  <nd ref="11564730201"/>
  <nd ref="316777724"/>
  <nd ref="11564730225"/>
  <nd ref="11564730226"/>
  <nd ref="10748342359"/>
  <tag k="electrified" v="rail"/>
  <tag k="frequency" v="0"/>
  <tag k="gauge" v="1435"/>
  <tag k="maxspeed" v="80"/>
  <tag k="operator" v="DB InfraGO AG"/>
  <tag k="proposed:railway:train_protection" v="DE:ZBS"/>
  <tag k="proposed:railway:zbs" v="yes"/>
  <tag k="railway" v="light_rail"/>
  <tag k="ref" v="6020"/>
  <tag k="usage" v="main"/>
  <tag k="voltage" v="750"/>
  <tag k="workrules" v="DE:EBO"/>
 </way>
 <way id="1155801228" visible="true" version="6" changeset="188430531" timestamp="2026-09-02T16:59:53Z" user="kiwilecker" uid="20889298">
  <nd ref="10748539818"/>
  <nd ref="10748539817"/>
  <nd ref="527839710"/>
  <nd ref="11642338292"/>
  <nd ref="291843724"/>
  <nd ref="291843723"/>
  <tag k="electrified" v="rail"/>
  <tag k="frequency" v="0"/>
  <tag k="gauge" v="1435"/>
  <tag k="layer" v="1"/>
  <tag k="level" v="1"/>
  <tag k="maxspeed" v="100"/>
  <tag k="operator" v="DB InfraGO AG"/>
  <tag k="railway" v="light_rail"/>
  <tag k="railway:train_protection" v="DE:ZBS"/>
  <tag k="railway:zbs" v="yes"/>
  <tag k="ref" v="6020"/>
  <tag k="usage" v="main"/>
  <tag k="voltage" v="750"/>
  <tag k="workrules" v="DE:EBO"/>
 </way>
 <way id="1155804299" visible="true" version="6" changeset="180691322" timestamp="2026-03-31T20:36:35Z" user="Patrick1977Bln" uid="259536">
  <nd ref="10748548626"/>
  <nd ref="3787656359"/>
  <nd ref="11927185980"/>
  <nd ref="11642338281"/>
  <nd ref="3787656360"/>
  <tag k="electrified" v="rail"/>
  <tag k="frequency" v="0"/>
  <tag k="gauge" v="1435"/>
  <tag k="level" v="0"/>
  <tag k="maxspeed" v="80"/>
  <tag k="operator" v="DB InfraGO AG"/>
  <tag k="railway" v="light_rail"/>
  <tag k="ref" v="6020"/>
  <tag k="usage" v="main"/>
  <tag k="voltage" v="750"/>
  <tag k="workrules" v="DE:EBO"/>
 </way>
 <way id="1155829919" visible="true" version="5" changeset="188432432" timestamp="2026-09-02T17:40:33Z" user="kiwilecker" uid="20889298">
  <nd ref="3872632777"/>
  <nd ref="9710028182"/>
  <nd ref="316786332"/>
  <nd ref="10748773956"/>
  <nd ref="2256000750"/>
  <tag k="electrified" v="rail"/>
  <tag k="frequency" v="0"/>
  <tag k="gauge" v="1435"/>
  <tag k="layer" v="-1"/>
  <tag k="maxspeed" v="80"/>
  <tag k="operator" v="DB InfraGO AG"/>
  <tag k="proposed:railway:train_protection" v="DE:ZBS"/>
  <tag k="proposed:railway:zbs" v="yes"/>
  <tag k="railway" v="light_rail"/>
  <tag k="ref" v="6020"/>
  <tag k="usage" v="main"/>
  <tag k="voltage" v="750"/>
  <tag k="workrules" v="DE:EBO"/>
 </way>
 <way id="1155829920" visible="true" version="5" changeset="188430531" timestamp="2026-09-02T16:59:53Z" user="kiwilecker" uid="20889298">
  <nd ref="3787163724"/>
  <nd ref="3787163723"/>
  <nd ref="10748773957"/>
  <tag k="electrified" v="rail"/>
  <tag k="frequency" v="0"/>
  <tag k="gauge" v="1435"/>
  <tag k="level" v="0"/>
  <tag k="maxspeed" v="70"/>
  <tag k="operator" v="DB InfraGO AG"/>
  <tag k="railway" v="light_rail"/>
  <tag k="railway:train_protection" v="DE:ZBS"/>
  <tag k="railway:zbs" v="yes"/>
  <tag k="ref" v="6020"/>
  <tag k="usage" v="main"/>
  <tag k="voltage" v="750"/>
  <tag k="workrules" v="DE:EBO"/>
 </way>
 <way id="1155847958" visible="true" version="6" changeset="188432432" timestamp="2026-09-02T17:40:33Z" user="kiwilecker" uid="20889298">
  <nd ref="10748887677"/>
  <nd ref="10748887674"/>
  <nd ref="9921606979"/>
  <nd ref="316786615"/>
  <nd ref="316786612"/>
  <nd ref="11576962920"/>
  <nd ref="11576962919"/>
  <nd ref="316786337"/>
  <tag k="electrified" v="rail"/>
  <tag k="frequency" v="0"/>
  <tag k="gauge" v="1435"/>
  <tag k="layer" v="-1"/>
  <tag k="maxspeed" v="80"/>
  <tag k="operator" v="DB InfraGO AG"/>
  <tag k="proposed:railway:train_protection" v="DE:ZBS"/>
  <tag k="proposed:railway:zbs" v="yes"/>
  <tag k="railway" v="light_rail"/>
  <tag k="ref" v="6020"/>
  <tag k="usage" v="main"/>
  <tag k="voltage" v="750"/>
  <tag k="workrules" v="DE:EBO"/>
 </way>
 <way id="1236722171" visible="true" version="5" changeset="188430531" timestamp="2026-09-02T16:59:53Z" user="kiwilecker" uid="20889298">
  <nd ref="110088494"/>
  <nd ref="3783310408"/>
  <nd ref="110088498"/>
  <tag k="electrified" v="rail"/>
  <tag k="frequency" v="0"/>
  <tag k="gauge" v="1435"/>
  <tag k="level" v="0"/>
  <tag k="maxspeed" v="70"/>
  <tag k="operator" v="DB InfraGO AG"/>
  <tag k="railway" v="light_rail"/>
  <tag k="railway:track_ref" v="11"/>
  <tag k="railway:train_protection" v="DE:ZBS"/>
  <tag k="railway:zbs" v="yes"/>
  <tag k="ref" v="6020"/>
  <tag k="usage" v="main"/>
  <tag k="voltage" v="750"/>
  <tag k="workrules" v="DE:EBO"/>
 </way>
 <way id="1237407030" visible="true" version="6" changeset="172553771" timestamp="2025-09-28T07:19:46Z" user="jengelh" uid="1468043">
  <nd ref="10748445355"/>
  <nd ref="11575205953"/>
  <nd ref="10748445349"/>
  <nd ref="11575205955"/>
  <nd ref="255560934"/>
  <nd ref="11575205954"/>
  <nd ref="3779524357"/>
  <tag k="electrified" v="rail"/>
  <tag k="frequency" v="0"/>
  <tag k="gauge" v="1435"/>
  <tag k="level" v="-1"/>
  <tag k="maxspeed" v="70"/>
  <tag k="operator" v="DB InfraGO AG"/>
  <tag k="railway" v="light_rail"/>
  <tag k="railway:zbs" v="yes"/>
  <tag k="ref" v="6020"/>
  <tag k="usage" v="main"/>
  <tag k="voltage" v="750"/>
 </way>
 <way id="1237407031" visible="true" version="6" changeset="188432432" timestamp="2026-09-02T17:40:33Z" user="kiwilecker" uid="20889298">
  <nd ref="316786338"/>
  <nd ref="3833990693"/>
  <nd ref="3154169702"/>
  <nd ref="3776346178"/>
  <nd ref="316786619"/>
  <nd ref="3776346168"/>
  <nd ref="3776346162"/>
  <nd ref="3776346160"/>
  <nd ref="316786620"/>
  <nd ref="11576962918"/>
  <nd ref="11576962924"/>
  <nd ref="316786339"/>
  <tag k="electrified" v="rail"/>
  <tag k="frequency" v="0"/>
  <tag k="gauge" v="1435"/>
  <tag k="maxspeed" v="80"/>
  <tag k="operator" v="DB InfraGO AG"/>
  <tag k="proposed:railway:train_protection" v="DE:ZBS"/>
  <tag k="proposed:railway:zbs" v="yes"/>
  <tag k="railway" v="light_rail"/>
  <tag k="railway:track_ref" v="1"/>
  <tag k="ref" v="6020"/>
  <tag k="usage" v="main"/>
  <tag k="voltage" v="750"/>
  <tag k="workrules" v="DE:EBO"/>
 </way>
 <way id="1237407032" visible="true" version="5" changeset="188430531" timestamp="2026-09-02T16:59:53Z" user="kiwilecker" uid="20889298">
  <nd ref="11084390441"/>
  <nd ref="4531537779"/>
  <nd ref="26124361"/>
  <tag k="electrified" v="rail"/>
  <tag k="frequency" v="0"/>
  <tag k="gauge" v="1435"/>
  <tag k="level" v="0"/>
  <tag k="maxspeed" v="100"/>
  <tag k="operator" v="DB InfraGO AG"/>
  <tag k="railway" v="light_rail"/>
  <tag k="railway:track_ref" v="1"/>
  <tag k="railway:train_protection" v="DE:ZBS"/>
  <tag k="railway:zbs" v="yes"/>
  <tag k="ref" v="6020"/>
  <tag k="usage" v="main"/>
  <tag k="voltage" v="750"/>
  <tag k="workrules" v="DE:EBO"/>
 </way>
 <way id="1237407033" visible="true" version="6" changeset="188430531" timestamp="2026-09-02T16:59:53Z" user="kiwilecker" uid="20889298">
  <nd ref="4355497825"/>
  <nd ref="12308533039"/>
  <nd ref="3787655817"/>
  <nd ref="1806004200"/>
  <nd ref="1707055891"/>
  <tag k="electrified" v="rail"/>
  <tag k="frequency" v="0"/>
  <tag k="gauge" v="1435"/>
  <tag k="level" v="0"/>
  <tag k="maxspeed" v="100"/>
  <tag k="operator" v="DB InfraGO AG"/>
  <tag k="railway" v="light_rail"/>
  <tag k="railway:track_ref" v="1"/>
  <tag k="railway:train_protection" v="DE:ZBS"/>
  <tag k="railway:zbs" v="yes"/>
  <tag k="ref" v="6020"/>
  <tag k="usage" v="main"/>
  <tag k="voltage" v="750"/>
  <tag k="workrules" v="DE:EBO"/>
 </way>
 <way id="1237407036" visible="true" version="5" changeset="188430531" timestamp="2026-09-02T16:59:53Z" user="kiwilecker" uid="20889298">
  <nd ref="1707055891"/>
  <nd ref="4438769722"/>
  <tag k="electrified" v="rail"/>
  <tag k="frequency" v="0"/>
  <tag k="gauge" v="1435"/>
  <tag k="level" v="0"/>
  <tag k="maxspeed" v="100"/>
  <tag k="operator" v="DB InfraGO AG"/>
  <tag k="railway" v="light_rail"/>
  <tag k="railway:train_protection" v="DE:ZBS"/>
  <tag k="railway:zbs" v="yes"/>
  <tag k="ref" v="6020"/>
  <tag k="usage" v="main"/>
  <tag k="voltage" v="750"/>
  <tag k="workrules" v="DE:EBO"/>
 </way>
 <way id="1237407037" visible="true" version="7" changeset="188430531" timestamp="2026-09-02T16:59:53Z" user="kiwilecker" uid="20889298">
  <nd ref="5157040680"/>
  <nd ref="128376761"/>
  <nd ref="128376762"/>
  <nd ref="11618794210"/>
  <nd ref="11618794211"/>
  <nd ref="1092652713"/>
  <nd ref="128376767"/>
  <nd ref="1092652756"/>
  <nd ref="11618794212"/>
  <nd ref="267313695"/>
  <nd ref="1092652687"/>
  <nd ref="128376772"/>
  <tag k="electrified" v="rail"/>
  <tag k="frequency" v="0"/>
  <tag k="gauge" v="1435"/>
  <tag k="level" v="-1"/>
  <tag k="maxspeed" v="80"/>
  <tag k="operator" v="DB InfraGO AG"/>
  <tag k="railway" v="light_rail"/>
  <tag k="railway:train_protection" v="DE:ZBS"/>
  <tag k="railway:zbs" v="yes"/>
  <tag k="ref" v="6020"/>
  <tag k="usage" v="main"/>
  <tag k="voltage" v="750"/>
  <tag k="workrules" v="DE:EBO"/>
 </way>
 <way id="1237407039" visible="true" version="7" changeset="188430531" timestamp="2026-09-02T16:59:53Z" user="kiwilecker" uid="20889298">
  <nd ref="11618794216"/>
  <nd ref="110088589"/>
  <nd ref="110088592"/>
  <nd ref="11618794215"/>
  <nd ref="1092531915"/>
  <nd ref="11618794214"/>
  <nd ref="4588583426"/>
  <nd ref="11866144871"/>
  <nd ref="4588583425"/>
  <nd ref="110088597"/>
  <nd ref="1092531905"/>
  <nd ref="110088601"/>
  <nd ref="11866144873"/>
  <nd ref="11618794213"/>
  <nd ref="128376811"/>
  <nd ref="110088603"/>
  <nd ref="128376802"/>
  <nd ref="900970298"/>
  <nd ref="3783332668"/>
  <nd ref="3783332670"/>
  <nd ref="5157040675"/>
  <tag k="electrified" v="rail"/>
  <tag k="frequency" v="0"/>
  <tag k="gauge" v="1435"/>
  <tag k="layer" v="-2"/>
  <tag k="level" v="-1"/>
  <tag k="maxspeed" v="80"/>
  <tag k="operator" v="DB InfraGO AG"/>
  <tag k="railway" v="light_rail"/>
  <tag k="railway:train_protection" v="DE:ZBS"/>
  <tag k="railway:zbs" v="yes"/>
  <tag k="ref" v="6020"/>
  <tag k="usage" v="main"/>
  <tag k="voltage" v="750"/>
  <tag k="workrules" v="DE:EBO"/>
 </way>
 <way id="1265856116" visible="true" version="4" changeset="188432432" timestamp="2026-09-02T17:40:33Z" user="kiwilecker" uid="20889298">
  <nd ref="263130701"/>
  <nd ref="263131370"/>
  <nd ref="11758738575"/>
  <nd ref="5168745294"/>
  <tag k="electrified" v="rail"/>
  <tag k="frequency" v="0"/>
  <tag k="gauge" v="1435"/>
  <tag k="maxspeed" v="100"/>
  <tag k="operator" v="DB InfraGO AG"/>
  <tag k="proposed:railway:train_protection" v="DE:ZBS"/>
  <tag k="proposed:railway:zbs" v="yes"/>
  <tag k="railway" v="light_rail"/>
  <tag k="ref" v="6020"/>
  <tag k="usage" v="main"/>
  <tag k="voltage" v="750"/>
 </way>
 <way id="1529641557" visible="true" version="2" changeset="188430531" timestamp="2026-09-02T16:59:53Z" user="kiwilecker" uid="20889298">
  <nd ref="1232838143"/>
  <nd ref="11084390462"/>
  <nd ref="304276116"/>
  <tag k="electrified" v="rail"/>
  <tag k="frequency" v="0"/>
  <tag k="gauge" v="1435"/>
  <tag k="maxspeed" v="80"/>
  <tag k="operator" v="DB InfraGO AG"/>
  <tag k="railway" v="light_rail"/>
  <tag k="railway:train_protection" v="DE:ZBS"/>
  <tag k="railway:zbs" v="yes"/>
  <tag k="ref" v="6020"/>
  <tag k="usage" v="main"/>
  <tag k="voltage" v="750"/>
  <tag k="workrules" v="DE:EBO"/>
 </way>
 <way id="1554558270" visible="true" version="1" changeset="188430531" timestamp="2026-09-02T16:59:53Z" user="kiwilecker" uid="20889298">
  <nd ref="10748773957"/>
  <nd ref="10733328203"/>
  <nd ref="12180989067"/>
  <nd ref="316785824"/>
  <nd ref="11762517429"/>
  <nd ref="4536055050"/>
  <nd ref="4868501894"/>
  <nd ref="14142758758"/>
  <tag k="electrified" v="rail"/>
  <tag k="frequency" v="0"/>
  <tag k="gauge" v="1435"/>
  <tag k="level" v="0"/>
  <tag k="maxspeed" v="80"/>
  <tag k="operator" v="DB InfraGO AG"/>
  <tag k="railway" v="light_rail"/>
  <tag k="railway:train_protection" v="DE:ZBS"/>
  <tag k="railway:zbs" v="yes"/>
  <tag k="ref" v="6020"/>
  <tag k="usage" v="main"/>
  <tag k="voltage" v="750"/>
  <tag k="workrules" v="DE:EBO"/>
 </way>
 <relation id="14981" visible="true" version="297" changeset="188430531" timestamp="2026-09-02T16:59:53Z" user="kiwilecker" uid="20889298">
  <member type="node" ref="4264720740" role="stop"/>
  <member type="relation" ref="3721106" role="platform"/>
  <member type="node" ref="1127967036" role="stop"/>
  <member type="relation" ref="11764602" role="platform"/>
  <member type="node" ref="316785822" role="stop"/>
  <member type="relation" ref="11764632" role="platform"/>
  <member type="node" ref="1127967028" role="stop"/>
  <member type="relation" ref="4143255" role="platform"/>
  <member type="node" ref="1127966986" role="stop"/>
  <member type="relation" ref="6876977" role="platform"/>
  <member type="node" ref="316786620" role="stop"/>
  <member type="relation" ref="11764675" role="platform"/>
  <member type="node" ref="316787417" role="stop"/>
  <member type="relation" ref="11764689" role="platform"/>
  <member type="node" ref="1797163098" role="stop"/>
  <member type="relation" ref="5660337" role="platform"/>
  <member type="node" ref="1106283795" role="stop"/>
  <member type="relation" ref="5705374" role="platform"/>
  <member type="node" ref="1106283806" role="stop"/>
  <member type="relation" ref="5567105" role="platform"/>
  <member type="node" ref="316778068" role="stop"/>
  <member type="relation" ref="6852415" role="platform"/>
  <member type="node" ref="1095078246" role="stop"/>
  <member type="relation" ref="7028066" role="platform"/>
  <member type="node" ref="27540514" role="stop"/>
  <member type="relation" ref="11764745" role="platform"/>
  <member type="node" ref="1095078318" role="stop"/>
  <member type="relation" ref="6844110" role="platform"/>
  <member type="node" ref="1806004226" role="stop"/>
  <member type="relation" ref="3673123" role="platform"/>
  <member type="node" ref="6946321451" role="stop"/>
  <member type="relation" ref="11764770" role="platform"/>
  <member type="node" ref="1806004207" role="stop"/>
  <member type="relation" ref="5578529" role="platform"/>
  <member type="node" ref="1806004216" role="stop"/>
  <member type="relation" ref="11764789" role="platform"/>
  <member type="node" ref="1806004219" role="stop"/>
  <member type="relation" ref="11764807" role="platform"/>
  <member type="node" ref="1806004214" role="stop"/>
  <member type="relation" ref="11764836" role="platform"/>
  <member type="node" ref="1806004234" role="stop"/>
  <member type="relation" ref="5550689" role="platform"/>
  <member type="node" ref="1806004223" role="stop"/>
  <member type="relation" ref="11764873" role="platform"/>
  <member type="node" ref="1806004228" role="stop"/>
  <member type="relation" ref="11764889" role="platform"/>
  <member type="node" ref="1806004222" role="stop"/>
  <member type="relation" ref="5561156" role="platform"/>
  <member type="node" ref="1806004200" role="stop"/>
  <member type="relation" ref="11764211" role="platform"/>
  <member type="node" ref="1806004231" role="stop"/>
  <member type="relation" ref="11764220" role="platform"/>
  <member type="node" ref="1127967031" role="stop"/>
  <member type="relation" ref="5559039" role="platform"/>
  <member type="node" ref="4264720740" role="stop"/>
  <member type="relation" ref="3721106" role="platform"/>
  <member type="way" ref="26436023" role=""/>
  <member type="way" ref="421646138" role=""/>
  <member type="way" ref="26436026" role=""/>
  <member type="way" ref="26436025" role=""/>
  <member type="way" ref="26436024" role=""/>
  <member type="way" ref="110143436" role=""/>
  <member type="way" ref="110143432" role=""/>
  <member type="way" ref="30712995" role=""/>
  <member type="way" ref="28820205" role=""/>
  <member type="way" ref="375361372" role=""/>
  <member type="way" ref="28820206" role=""/>
  <member type="way" ref="41893768" role=""/>
  <member type="way" ref="41893765" role=""/>
  <member type="way" ref="375361370" role=""/>
  <member type="way" ref="375348222" role=""/>
  <member type="way" ref="1155829920" role=""/>
  <member type="way" ref="1554558270" role=""/>
  <member type="way" ref="375348224" role=""/>
  <member type="way" ref="28813657" role=""/>
  <member type="way" ref="463431365" role=""/>
  <member type="way" ref="28813658" role=""/>
  <member type="way" ref="383960625" role=""/>
  <member type="way" ref="1155829919" role=""/>
  <member type="way" ref="383960622" role=""/>
  <member type="way" ref="1155847958" role=""/>
  <member type="way" ref="28813703" role=""/>
  <member type="way" ref="1237407031" role=""/>
  <member type="way" ref="28813704" role=""/>
  <member type="way" ref="375331633" role=""/>
  <member type="way" ref="1125949325" role=""/>
  <member type="way" ref="375331609" role=""/>
  <member type="way" ref="1125949327" role=""/>
  <member type="way" ref="28813865" role=""/>
  <member type="way" ref="28813866" role=""/>
  <member type="way" ref="1125949329" role=""/>
  <member type="way" ref="28813800" role=""/>
  <member type="way" ref="10307635" role=""/>
  <member type="way" ref="28243476" role=""/>
  <member type="way" ref="121421955" role=""/>
  <member type="way" ref="127025009" role=""/>
  <member type="way" ref="711114629" role=""/>
  <member type="way" ref="127025012" role=""/>
  <member type="way" ref="711114630" role=""/>
  <member type="way" ref="154456628" role=""/>
  <member type="way" ref="154456594" role=""/>
  <member type="way" ref="128703126" role=""/>
  <member type="way" ref="4686020" role=""/>
  <member type="way" ref="224705867" role=""/>
  <member type="way" ref="132062733" role=""/>
  <member type="way" ref="22768990" role=""/>
  <member type="way" ref="22768991" role=""/>
  <member type="way" ref="4685957" role=""/>
  <member type="way" ref="1007153249" role=""/>
  <member type="way" ref="136703825" role=""/>
  <member type="way" ref="136703815" role=""/>
  <member type="way" ref="13252424" role=""/>
  <member type="way" ref="29131426" role=""/>
  <member type="way" ref="29131427" role=""/>
  <member type="way" ref="4699268" role=""/>
  <member type="way" ref="4920118" role=""/>
  <member type="way" ref="1154986480" role=""/>
  <member type="way" ref="1066932622" role=""/>
  <member type="way" ref="1115652880" role=""/>
  <member type="way" ref="1115652879" role=""/>
  <member type="way" ref="24178827" role=""/>
  <member type="way" ref="1066932617" role=""/>
  <member type="way" ref="28812994" role=""/>
  <member type="way" ref="28812995" role=""/>
  <member type="way" ref="1154986482" role=""/>
  <member type="way" ref="28813046" role=""/>
  <member type="way" ref="28813047" role=""/>
  <member type="way" ref="463435954" role=""/>
  <member type="way" ref="31964394" role=""/>
  <member type="way" ref="31964395" role=""/>
  <member type="way" ref="29653893" role=""/>
  <member type="way" ref="28812806" role=""/>
  <member type="way" ref="28812807" role=""/>
  <member type="way" ref="292236433" role=""/>
  <member type="way" ref="1155777189" role=""/>
  <member type="way" ref="383989506" role=""/>
  <member type="way" ref="292236431" role=""/>
  <member type="way" ref="1155777188" role=""/>
  <member type="way" ref="141176099" role=""/>
  <member type="way" ref="292235128" role=""/>
  <member type="way" ref="28812475" role=""/>
  <member type="way" ref="463435052" role=""/>
  <member type="way" ref="184424731" role=""/>
  <member type="way" ref="25983301" role=""/>
  <member type="way" ref="25983302" role=""/>
  <member type="way" ref="802024949" role=""/>
  <member type="way" ref="136703827" role=""/>
  <member type="way" ref="52782253" role=""/>
  <member type="way" ref="25983303" role=""/>
  <member type="way" ref="25983304" role=""/>
  <member type="way" ref="25982211" role=""/>
  <member type="way" ref="1154999742" role=""/>
  <member type="way" ref="25982212" role=""/>
  <member type="way" ref="25982343" role=""/>
  <member type="way" ref="25982344" role=""/>
  <member type="way" ref="52937826" role=""/>
  <member type="way" ref="27734930" role=""/>
  <member type="way" ref="741587612" role=""/>
  <member type="way" ref="276205107" role=""/>
  <member type="way" ref="1023966243" role=""/>
  <member type="way" ref="1023966237" role=""/>
  <member type="way" ref="276205113" role=""/>
  <member type="way" ref="24295315" role=""/>
  <member type="way" ref="532685283" role=""/>
  <member type="way" ref="24295311" role=""/>
  <member type="way" ref="375935982" role=""/>
  <member type="way" ref="24295312" role=""/>
  <member type="way" ref="24295313" role=""/>
  <member type="way" ref="532685286" role=""/>
  <member type="way" ref="290736429" role=""/>
  <member type="way" ref="24295388" role=""/>
  <member type="way" ref="24295389" role=""/>
  <member type="way" ref="290738873" role=""/>
  <member type="way" ref="290738874" role=""/>
  <member type="way" ref="24295378" role=""/>
  <member type="way" ref="24295379" role=""/>
  <member type="way" ref="374931227" role=""/>
  <member type="way" ref="1265856116" role=""/>
  <member type="way" ref="384165126" role=""/>
  <member type="way" ref="1237407030" role=""/>
  <member type="way" ref="384165128" role=""/>
  <member type="way" ref="531237632" role=""/>
  <member type="way" ref="374931224" role=""/>
  <member type="way" ref="744828052" role=""/>
  <member type="way" ref="290741156" role=""/>
  <member type="way" ref="531237636" role=""/>
  <member type="way" ref="290741849" role=""/>
  <member type="way" ref="290741851" role=""/>
  <member type="way" ref="531237639" role=""/>
  <member type="way" ref="1236722171" role=""/>
  <member type="way" ref="12146815" role=""/>
  <member type="way" ref="531237646" role=""/>
  <member type="way" ref="438414952" role=""/>
  <member type="way" ref="1237407039" role=""/>
  <member type="way" ref="12146816" role=""/>
  <member type="way" ref="1237407037" role=""/>
  <member type="way" ref="15245116" role=""/>
  <member type="way" ref="438768575" role=""/>
  <member type="way" ref="802024939" role=""/>
  <member type="way" ref="36853645" role=""/>
  <member type="way" ref="180406887" role=""/>
  <member type="way" ref="15245117" role=""/>
  <member type="way" ref="15245118" role=""/>
  <member type="way" ref="151847465" role=""/>
  <member type="way" ref="151847466" role=""/>
  <member type="way" ref="27992305" role=""/>
  <member type="way" ref="1155801228" role=""/>
  <member type="way" ref="27992306" role=""/>
  <member type="way" ref="27992308" role=""/>
  <member type="way" ref="27992304" role=""/>
  <member type="way" ref="158520528" role=""/>
  <member type="way" ref="1237407033" role=""/>
  <member type="way" ref="1237407036" role=""/>
  <member type="way" ref="446633269" role=""/>
  <member type="way" ref="1237407032" role=""/>
  <member type="way" ref="438832773" role=""/>
  <member type="way" ref="1155804299" role=""/>
  <member type="way" ref="4677636" role=""/>
  <member type="way" ref="4677637" role=""/>
  <member type="way" ref="4476093" role=""/>
  <member type="way" ref="23707856" role=""/>
  <member type="way" ref="26556661" role=""/>
  <member type="way" ref="1529641557" role=""/>
  <member type="way" ref="27708531" role=""/>
  <member type="way" ref="27708533" role=""/>
  <member type="way" ref="27707587" role=""/>
  <member type="way" ref="27707588" role=""/>
  <member type="way" ref="26556718" role=""/>
  <member type="way" ref="26556719" role=""/>
  <member type="way" ref="26556712" role=""/>
  <member type="way" ref="464700827" role=""/>
  <member type="way" ref="26556713" role=""/>
  <member type="way" ref="44908542" role=""/>
  <member type="way" ref="237947334" role=""/>
  <member type="way" ref="504503840" role=""/>
  <tag k="colour" v="#9F4C37"/>
  <tag k="interval" v="5"/>
  <tag k="interval:midday" v="10"/>
  <tag k="interval:weekend" v="10"/>
  <tag k="name" v="S41: Ring im Uhrzeigersinn ↻"/>
  <tag k="name:en" v="S-Bahn Circle Line (Clockwise, Ringbahn S41) ↻"/>
  <tag k="network" v="Verkehrsverbund Berlin-Brandenburg"/>
  <tag k="network:metro" v="s-bahn"/>
  <tag k="network:short" v="VBB"/>
  <tag k="network:wikidata" v="Q315451"/>
  <tag k="network:wikipedia" v="de:Verkehrsverbund Berlin-Brandenburg"/>
  <tag k="note" v="im Uhrzeigersinn"/>
  <tag k="operator" v="S-Bahn Berlin GmbH"/>
  <tag k="public_transport:version" v="2"/>
  <tag k="ref" v="S41"/>
  <tag k="roundtrip" v="yes"/>
  <tag k="route" v="light_rail"/>
  <tag k="type" v="route"/>
  <tag k="wikidata" v="Q12374455"/>
 </relation>
 <relation id="3673123" visible="true" version="21" changeset="143033270" timestamp="2023-10-23T19:43:22Z" user="kartograph" uid="17304">
  <member type="way" ref="268567130" role="outer"/>
  <member type="way" ref="859916725" role="outer"/>
  <member type="way" ref="859916727" role="outer"/>
  <member type="way" ref="859916726" role="outer"/>
  <member type="way" ref="464762073" role="inner"/>
  <member type="way" ref="276205127" role="inner"/>
  <member type="way" ref="464762081" role="inner"/>
  <tag k="area" v="yes"/>
  <tag k="bench" v="yes"/>
  <tag k="bin" v="yes"/>
  <tag k="covered" v="yes"/>
  <tag k="description" v="S Schöneberg S41 S42 S46 Bahnsteig"/>
  <tag k="layer" v="2"/>
  <tag k="level" v="2"/>
  <tag k="light_rail" v="yes"/>
  <tag k="lit" v="yes"/>
  <tag k="name" v="Schöneberg"/>
  <tag k="passenger_information_display" v="yes"/>
  <tag k="passenger_information_display:speech_output" v="no"/>
  <tag k="public_transport" v="platform"/>
  <tag k="railway" v="platform"/>
  <tag k="railway:ref" v="BSGR"/>
  <tag k="ref" v="11;12"/>
  <tag k="ref:IFOPT" v="de:11000:900054104:2"/>
  <tag k="shelter" v="yes"/>
  <tag k="tactile_paving" v="yes"/>
  <tag k="type" v="multipolygon"/>
  <tag k="wheelchair" v="yes"/>
 </relation>
 <relation id="3721106" visible="true" version="15" changeset="144212493" timestamp="2023-11-19T15:21:39Z" user="thom_bike_bln" uid="4974073">
  <member type="way" ref="241454552" role="outer"/>
  <member type="way" ref="859931426" role="outer"/>
  <member type="way" ref="859931425" role="outer"/>
  <member type="way" ref="859931424" role="outer"/>
  <member type="way" ref="279811034" role="inner"/>
  <tag k="area" v="yes"/>
  <tag k="bench" v="yes"/>
  <tag k="bin" v="yes"/>
  <tag k="designation" v="Bahnsteig"/>
  <tag k="layer" v="-1"/>
  <tag k="level" v="-1"/>
  <tag k="light_rail" v="yes"/>
  <tag k="lit" v="yes"/>
  <tag k="name" v="Gesundbrunnen"/>
  <tag k="operator" v="DB Station&amp;Service AG"/>
  <tag k="passenger_information_display" v="yes"/>
  <tag k="passenger_information_display:speech_output" v="no"/>
  <tag k="public_transport" v="platform"/>
  <tag k="railway" v="platform"/>
  <tag k="ref" v="3;4"/>
  <tag k="ref:IFOPT" v="de:11000:900007102:2"/>
  <tag k="shelter" v="yes"/>
  <tag k="surface" v="paving_stones"/>
  <tag k="surveillance" v="outdoor"/>
  <tag k="tactile_paving" v="yes"/>
  <tag k="type" v="multipolygon"/>
  <tag k="wheelchair" v="yes"/>
 </relation>
 <relation id="4143255" visible="true" version="16" changeset="144239902" timestamp="2023-11-20T10:10:04Z" user="aleixstw" uid="16037237">
  <member type="way" ref="97390922" role="outer"/>
  <member type="way" ref="860170990" role="outer"/>
  <member type="way" ref="860170992" role="outer"/>
  <member type="way" ref="860170991" role="outer"/>
  <member type="way" ref="310074900" role="inner"/>
  <member type="way" ref="310074899" role="inner"/>
  <tag k="bench" v="yes"/>
  <tag k="bin" v="yes"/>
  <tag k="departures_board" v="realtime"/>
  <tag k="description" v="S Greifswalder Straße S8 S41 S42 S85 Bahnsteig"/>
  <tag k="level" v="1"/>
  <tag k="light_rail" v="yes"/>
  <tag k="lit" v="yes"/>
  <tag k="name" v="Greifswalder Straße"/>
  <tag k="operator" v="S-Bahn Berlin GmbH"/>
  <tag k="public_transport" v="platform"/>
  <tag k="railway" v="platform"/>
  <tag k="ref" v="1;2"/>
  <tag k="ref:IFOPT" v="de:11000:900110003:1"/>
  <tag k="shelter" v="yes"/>
  <tag k="surface" v="paving_stones"/>
  <tag k="tactile_paving" v="yes"/>
  <tag k="type" v="multipolygon"/>
  <tag k="wheelchair" v="yes"/>
 </relation>
 <relation id="5550689" visible="true" version="19" changeset="185249301" timestamp="2026-07-07T07:47:18Z" user="dbsus" uid="10308843">
  <member type="way" ref="59696568" role="outer"/>
  <member type="way" ref="860199494" role="outer"/>
  <member type="way" ref="860199492" role="outer"/>
  <member type="way" ref="860199493" role="outer"/>
  <member type="way" ref="373188841" role="inner"/>
  <member type="way" ref="374948652" role="inner"/>
  <member type="way" ref="373188842" role="inner"/>
  <member type="way" ref="374948651" role="inner"/>
  <tag k="area" v="yes"/>
  <tag k="bench" v="yes"/>
  <tag k="bin" v="yes"/>
  <tag k="departures_board" v="realtime"/>
  <tag k="description" v="Westkreuz S41 S42 S46 Bahnsteig"/>
  <tag k="layer" v="1"/>
  <tag k="level" v="0"/>
  <tag k="light_rail" v="yes"/>
  <tag k="lit" v="yes"/>
  <tag k="name" v="Westkreuz"/>
  <tag k="name:ja" v="ヴェストクロイツ"/>
  <tag k="network" v="Verkehrsverbund Berlin-Brandenburg"/>
  <tag k="network:short" v="VBB"/>
  <tag k="network:wikidata" v="Q315451"/>
  <tag k="operator" v="DB InfraGO AG"/>
  <tag k="public_transport" v="platform"/>
  <tag k="railway" v="platform"/>
  <tag k="ref" v="11;12"/>
  <tag k="ref:IFOPT" v="de:11000:900024102:3"/>
  <tag k="shelter" v="yes"/>
  <tag k="surface" v="paving_stones"/>
  <tag k="tactile_paving" v="yes"/>
  <tag k="type" v="multipolygon"/>
  <tag k="wheelchair" v="yes"/>
 </relation>
 <relation id="5559039" visible="true" version="23" changeset="168981366" timestamp="2025-07-15T19:17:26Z" user="thom_bike_bln" uid="4974073">
  <member type="way" ref="373863638" role="inner"/>
  <member type="way" ref="97390944" role="outer"/>
  <member type="way" ref="860165446" role="outer"/>
  <member type="way" ref="860165448" role="outer"/>
  <member type="way" ref="860165447" role="outer"/>
  <tag k="area" v="yes"/>
  <tag k="bench" v="yes"/>
  <tag k="bin" v="yes"/>
  <tag k="departures_board" v="realtime"/>
  <tag k="description" v="S Wedding S41 S42 Bahnsteig"/>
  <tag k="level" v="1"/>
  <tag k="light_rail" v="yes"/>
  <tag k="lit" v="yes"/>
  <tag k="name" v="Wedding"/>
  <tag k="passenger_information_display" v="yes"/>
  <tag k="passenger_information_display:speech_output" v="no"/>
  <tag k="public_transport" v="platform"/>
  <tag k="railway" v="platform"/>
  <tag k="railway:station_category" v="4"/>
  <tag k="ref" v="1;2"/>
  <tag k="ref:IFOPT" v="de:11000:900009104:1"/>
  <tag k="shelter" v="yes"/>
  <tag k="surface" v="paving_stones"/>
  <tag k="tactile_paving" v="yes"/>
  <tag k="type" v="multipolygon"/>
  <tag k="wheelchair" v="yes"/>
 </relation>
 <relation id="5561156" visible="true" version="19" changeset="175117736" timestamp="2025-11-25T16:14:34Z" user="Paul_H 82122" uid="23476408">
  <member type="way" ref="142899483" role="outer"/>
  <member type="way" ref="860145392" role="outer"/>
  <member type="way" ref="860145393" role="outer"/>
  <member type="way" ref="860145391" role="outer"/>
  <member type="way" ref="374051029" role="inner"/>
  <tag k="area" v="yes"/>
  <tag k="bench" v="yes"/>
  <tag k="bin" v="yes"/>
  <tag k="departures_board" v="realtime"/>
  <tag k="description" v="S Jungfernheide S41/S42 Bahnsteig"/>
  <tag k="level" v="1"/>
  <tag k="light_rail" v="yes"/>
  <tag k="lit" v="yes"/>
  <tag k="name" v="Jungfernheide"/>
  <tag k="name:ja" v="ユングフェルンハイデ"/>
  <tag k="public_transport" v="platform"/>
  <tag k="railway" v="platform"/>
  <tag k="railway:ref" v="BJUN"/>
  <tag k="ref" v="5;6"/>
  <tag k="ref:IFOPT" v="de:11000:900020201:2"/>
  <tag k="shelter" v="yes"/>
  <tag k="tactile_paving" v="yes"/>
  <tag k="type" v="multipolygon"/>
  <tag k="wheelchair" v="yes"/>
 </relation>
 <relation id="5567105" visible="true" version="18" changeset="174908418" timestamp="2025-11-20T14:11:27Z" user="dbsus" uid="10308843">
  <member type="way" ref="344795252" role="outer"/>
  <member type="way" ref="397815978" role="outer"/>
  <member type="way" ref="397815977" role="outer"/>
  <member type="way" ref="397815976" role="outer"/>
  <member type="way" ref="374312108" role="inner"/>
  <tag k="area" v="yes"/>
  <tag k="bench" v="yes"/>
  <tag k="bin" v="yes"/>
  <tag k="departures_board" v="realtime"/>
  <tag k="description" v="S Sonnenallee S41 S42 Bahnsteig"/>
  <tag k="level" v="1"/>
  <tag k="light_rail" v="yes"/>
  <tag k="lit" v="yes"/>
  <tag k="name" v="Sonnenallee"/>
  <tag k="operator" v="DB InfraGO AG"/>
  <tag k="public_transport" v="platform"/>
  <tag k="railway" v="platform"/>
  <tag k="ref" v="1;2"/>
  <tag k="ref:IFOPT" v="de:11000:900077106:1"/>
  <tag k="shelter" v="no"/>
  <tag k="surface" v="paving_stones"/>
  <tag k="tactile_paving" v="contrasted"/>
  <tag k="type" v="multipolygon"/>
  <tag k="wheelchair" v="yes"/>
 </relation>
 <relation id="5578529" visible="true" version="18" changeset="184222289" timestamp="2026-06-17T11:33:07Z" user="dbsus" uid="10308843">
  <member type="way" ref="38617844" role="outer"/>
  <member type="way" ref="860196140" role="outer"/>
  <member type="way" ref="860196139" role="outer"/>
  <member type="way" ref="860196138" role="outer"/>
  <member type="way" ref="374919444" role="inner"/>
  <tag k="area" v="yes"/>
  <tag k="bench" v="yes"/>
  <tag k="bin" v="yes"/>
  <tag k="departures_board" v="realtime"/>
  <tag k="description" v="Bundesplatz S41 S42 S45 S46 Bahnsteig"/>
  <tag k="layer" v="3"/>
  <tag k="level" v="1"/>
  <tag k="light_rail" v="yes"/>
  <tag k="lit" v="yes"/>
  <tag k="name" v="Bundesplatz"/>
  <tag k="operator" v="DB InfraGO AG"/>
  <tag k="public_transport" v="platform"/>
  <tag k="railway" v="platform"/>
  <tag k="ref" v="1;2"/>
  <tag k="ref:IFOPT" v="de:11000:900044202:1"/>
  <tag k="shelter" v="yes"/>
  <tag k="surface" v="tiles"/>
  <tag k="tactile_paving" v="yes"/>
  <tag k="type" v="multipolygon"/>
  <tag k="wheelchair" v="yes"/>
 </relation>
 <relation id="5660337" visible="true" version="17" changeset="145653663" timestamp="2023-12-29T10:05:47Z" user="dbsus" uid="10308843">
  <member type="way" ref="385668690" role="outer"/>
  <member type="way" ref="860176262" role="outer"/>
  <member type="way" ref="860176264" role="outer"/>
  <member type="way" ref="860176263" role="outer"/>
  <member type="way" ref="374304668" role="inner"/>
  <member type="way" ref="380091982" role="inner"/>
  <member type="way" ref="380091979" role="inner"/>
  <member type="way" ref="380091976" role="inner"/>
  <member type="way" ref="380091981" role="inner"/>
  <member type="way" ref="380091980" role="inner"/>
  <member type="way" ref="380091983" role="inner"/>
  <member type="way" ref="380091977" role="inner"/>
  <member type="way" ref="380091978" role="inner"/>
  <member type="way" ref="234085599" role="inner"/>
  <tag k="area" v="yes"/>
  <tag k="bench" v="yes"/>
  <tag k="bin" v="yes"/>
  <tag k="departures_board" v="realtime"/>
  <tag k="layer" v="1"/>
  <tag k="level" v="1"/>
  <tag k="light_rail" v="yes"/>
  <tag k="lit" v="yes"/>
  <tag k="local_ref" v="11;12"/>
  <tag k="name" v="Ostkreuz"/>
  <tag k="operator" v="DB InfraGO AG"/>
  <tag k="public_transport" v="platform"/>
  <tag k="railway" v="platform"/>
  <tag k="railway:ref" v="BOK"/>
  <tag k="ref" v="F"/>
  <tag k="ref:IFOPT" v="de:11000:900120003:5"/>
  <tag k="shelter" v="yes"/>
  <tag k="surface" v="paving_stones"/>
  <tag k="tactile_paving" v="yes"/>
  <tag k="type" v="multipolygon"/>
  <tag k="wheelchair" v="yes"/>
 </relation>
 <relation id="5705374" visible="true" version="18" changeset="174909199" timestamp="2025-11-20T14:28:42Z" user="dbsus" uid="10308843">
  <member type="way" ref="95404124" role="outer"/>
  <member type="way" ref="860178679" role="outer"/>
  <member type="way" ref="860178681" role="outer"/>
  <member type="way" ref="860178680" role="outer"/>
  <member type="way" ref="383405293" role="inner"/>
  <member type="way" ref="383405300" role="inner"/>
  <member type="way" ref="383405298" role="inner"/>
  <tag k="area" v="yes"/>
  <tag k="bench" v="yes"/>
  <tag k="bin" v="yes"/>
  <tag k="departures_board" v="realtime"/>
  <tag k="description" v="S Treptower Park S41 S8 S85 S9 Bahnsteig"/>
  <tag k="layer" v="1"/>
  <tag k="level" v="1"/>
  <tag k="light_rail" v="yes"/>
  <tag k="lit" v="yes"/>
  <tag k="name" v="Treptower Park"/>
  <tag k="operator" v="DB InfraGO AG"/>
  <tag k="passenger_information_display" v="yes"/>
  <tag k="passenger_information_display:speech_output" v="no"/>
  <tag k="public_transport" v="platform"/>
  <tag k="railway" v="platform"/>
  <tag k="ref" v="1;3"/>
  <tag k="ref:IFOPT" v="de:11000:900190001:1"/>
  <tag k="shelter" v="yes"/>
  <tag k="surface" v="paving_stones"/>
  <tag k="tactile_paving" v="yes"/>
  <tag k="type" v="multipolygon"/>
  <tag k="wheelchair" v="yes"/>
 </relation>
 <relation id="6844110" visible="true" version="15" changeset="167788586" timestamp="2025-06-18T15:49:13Z" user="dbsus" uid="10308843">
  <member type="way" ref="48124067" role="outer"/>
  <member type="way" ref="860195146" role="outer"/>
  <member type="way" ref="860195148" role="outer"/>
  <member type="way" ref="860195147" role="outer"/>
  <member type="way" ref="463410938" role="inner"/>
  <member type="way" ref="381240570" role="inner"/>
  <member type="way" ref="381240560" role="inner"/>
  <member type="way" ref="381240576" role="inner"/>
  <member type="way" ref="381240578" role="inner"/>
  <member type="way" ref="381240577" role="inner"/>
  <member type="way" ref="381240584" role="inner"/>
  <member type="way" ref="381240581" role="inner"/>
  <member type="way" ref="381240734" role="inner"/>
  <member type="way" ref="381240732" role="inner"/>
  <member type="way" ref="381240725" role="inner"/>
  <member type="way" ref="381240730" role="inner"/>
  <member type="way" ref="381240723" role="inner"/>
  <tag k="area" v="yes"/>
  <tag k="bench" v="yes"/>
  <tag k="bin" v="yes"/>
  <tag k="covered" v="yes"/>
  <tag k="departures_board" v="realtime"/>
  <tag k="indoor" v="corridor"/>
  <tag k="layer" v="1"/>
  <tag k="level" v="1"/>
  <tag k="light_rail" v="yes"/>
  <tag k="lit" v="yes"/>
  <tag k="name" v="Südkreuz"/>
  <tag k="network" v="Verkehrsverbund Berlin-Brandenburg"/>
  <tag k="network:short" v="VBB"/>
  <tag k="operator" v="DB InfraGO AG"/>
  <tag k="passenger_information_display" v="yes"/>
  <tag k="passenger_information_display:speech_output" v="no"/>
  <tag k="public_transport" v="platform"/>
  <tag k="railway" v="platform"/>
  <tag k="railway:ref" v="BSKR"/>
  <tag k="ref" v="11;12"/>
  <tag k="ref:IFOPT" v="de:11000:900058101:5"/>
  <tag k="shelter" v="yes"/>
  <tag k="surface" v="paving_stones"/>
  <tag k="tactile_paving" v="yes"/>
  <tag k="type" v="multipolygon"/>
  <tag k="wheelchair" v="yes"/>
 </relation>
 <relation id="6852415" visible="true" version="12" changeset="171077058" timestamp="2025-08-27T12:07:08Z" user="dbsus" uid="10308843">
  <member type="way" ref="39723831" role="outer"/>
  <member type="way" ref="860181377" role="outer"/>
  <member type="way" ref="860181379" role="outer"/>
  <member type="way" ref="860181378" role="outer"/>
  <member type="way" ref="464048054" role="inner"/>
  <member type="way" ref="464048057" role="inner"/>
  <tag k="area" v="yes"/>
  <tag k="bench" v="yes"/>
  <tag k="bin" v="yes"/>
  <tag k="covered" v="yes"/>
  <tag k="departures_board" v="realtime"/>
  <tag k="description" v="S Neukölln S41 S42 S45 S46 S47 Bahnsteig"/>
  <tag k="level" v="1"/>
  <tag k="light_rail" v="yes"/>
  <tag k="lit" v="yes"/>
  <tag k="name" v="Neukölln"/>
  <tag k="operator" v="DB InfraGO AG"/>
  <tag k="public_transport" v="platform"/>
  <tag k="railway" v="platform"/>
  <tag k="ref" v="1;2"/>
  <tag k="ref:IFOPT" v="de:11000:900078201:1"/>
  <tag k="surface" v="paving_stones"/>
  <tag k="tactile_paving" v="contrasted"/>
  <tag k="type" v="multipolygon"/>
  <tag k="wheelchair" v="yes"/>
 </relation>
 <relation id="6876977" visible="true" version="16" changeset="172647264" timestamp="2025-09-30T07:48:29Z" user="dbsus" uid="10308843">
  <member type="way" ref="97390940" role="outer"/>
  <member type="way" ref="860172147" role="outer"/>
  <member type="way" ref="860172149" role="outer"/>
  <member type="way" ref="860172148" role="outer"/>
  <member type="way" ref="465593902" role="inner"/>
  <member type="way" ref="465593901" role="inner"/>
  <tag k="area" v="yes"/>
  <tag k="bench" v="yes"/>
  <tag k="bin" v="yes"/>
  <tag k="departures_board" v="realtime"/>
  <tag k="description" v="S Landsberger Allee S41 S42 S8 S85 S9 Bahnsteig"/>
  <tag k="layer" v="-2"/>
  <tag k="level" v="-1"/>
  <tag k="light_rail" v="yes"/>
  <tag k="lit" v="yes"/>
  <tag k="name" v="Landsberger Allee"/>
  <tag k="operator" v="DB InfraGO AG"/>
  <tag k="passenger_information_display" v="yes"/>
  <tag k="passenger_information_display:speech_output" v="no"/>
  <tag k="public_transport" v="platform"/>
  <tag k="railway" v="platform"/>
  <tag k="ref" v="1;2"/>
  <tag k="ref:IFOPT" v="de:11000:900110004:1"/>
  <tag k="shelter" v="yes"/>
  <tag k="surface" v="paving_stones"/>
  <tag k="tactile_paving" v="yes"/>
  <tag k="type" v="multipolygon"/>
  <tag k="wheelchair" v="yes"/>
 </relation>
 <relation id="7028066" visible="true" version="13" changeset="171078409" timestamp="2025-08-27T12:34:07Z" user="dbsus" uid="10308843">
  <member type="way" ref="48997692" role="outer"/>
  <member type="way" ref="860182071" role="outer"/>
  <member type="way" ref="860182073" role="outer"/>
  <member type="way" ref="860182072" role="outer"/>
  <member type="way" ref="478085248" role="inner"/>
  <member type="way" ref="478085247" role="inner"/>
  <tag k="bench" v="yes"/>
  <tag k="bin" v="yes"/>
  <tag k="departures_board" v="realtime"/>
  <tag k="description" v="S Hermannstraße S41 S42 S45 S46 S47 Bahnsteig"/>
  <tag k="level" v="-1"/>
  <tag k="light_rail" v="yes"/>
  <tag k="name" v="Hermannstraße"/>
  <tag k="operator" v="DB InfraGO AG"/>
  <tag k="public_transport" v="platform"/>
  <tag k="railway" v="platform"/>
  <tag k="ref" v="1;2"/>
  <tag k="ref:IFOPT" v="de:11000:900079221:1"/>
  <tag k="surface" v="paving_stones"/>
  <tag k="tactile_paving" v="yes"/>
  <tag k="type" v="multipolygon"/>
  <tag k="wheelchair" v="yes"/>
 </relation>
 <relation id="11764211" visible="true" version="9" changeset="141261362" timestamp="2023-09-14T14:46:47Z" user="momabebra" uid="9508237">
  <member type="way" ref="44286283" role="outer"/>
  <member type="way" ref="860147885" role="outer"/>
  <member type="way" ref="860147886" role="outer"/>
  <member type="way" ref="860147884" role="outer"/>
  <tag k="area" v="yes"/>
  <tag k="bench" v="yes"/>
  <tag k="bin" v="yes"/>
  <tag k="description" v="S Beusselstraße S41 S42 Bahnsteig"/>
  <tag k="level" v="0"/>
  <tag k="light_rail" v="yes"/>
  <tag k="lit" v="yes"/>
  <tag k="name" v="Beusselstraße"/>
  <tag k="public_transport" v="platform"/>
  <tag k="railway" v="platform"/>
  <tag k="ref" v="1;2"/>
  <tag k="ref:IFOPT" v="de:11000:900020202:1"/>
  <tag k="shelter" v="yes"/>
  <tag k="tactile_paving" v="yes"/>
  <tag k="type" v="multipolygon"/>
  <tag k="wheelchair" v="yes"/>
 </relation>
 <relation id="11764220" visible="true" version="12" changeset="182340968" timestamp="2026-05-07T14:07:05Z" user="MMG_" uid="20215649">
  <member type="way" ref="30737128" role="outer"/>
  <member type="way" ref="860157765" role="outer"/>
  <member type="way" ref="860157767" role="outer"/>
  <member type="way" ref="860157766" role="outer"/>
  <tag k="area" v="yes"/>
  <tag k="bench" v="yes"/>
  <tag k="bin" v="yes"/>
  <tag k="description" v="S Westhafen S41 S42 Bahnsteig"/>
  <tag k="layer" v="-1"/>
  <tag k="level" v="0"/>
  <tag k="light_rail" v="yes"/>
  <tag k="lit" v="yes"/>
  <tag k="name" v="S Westhafen"/>
  <tag k="passenger_information_display" v="yes"/>
  <tag k="passenger_information_display:speech_output" v="no"/>
  <tag k="public_transport" v="platform"/>
  <tag k="railway" v="platform"/>
  <tag k="ref" v="1;2"/>
  <tag k="ref:IFOPT" v="de:11000:900001201:1"/>
  <tag k="shelter" v="yes"/>
  <tag k="surface" v="paved"/>
  <tag k="tactile_paving" v="yes"/>
  <tag k="type" v="multipolygon"/>
  <tag k="wheelchair" v="yes"/>
 </relation>
 <relation id="11764602" visible="true" version="9" changeset="145924658" timestamp="2024-01-05T14:32:32Z" user="thom_bike_bln" uid="4974073">
  <member type="way" ref="32440863" role="outer"/>
  <member type="way" ref="860167118" role="outer"/>
  <member type="way" ref="860167120" role="outer"/>
  <member type="way" ref="860167119" role="outer"/>
  <tag k="area" v="yes"/>
  <tag k="bench" v="yes"/>
  <tag k="bin" v="yes"/>
  <tag k="departures_board" v="realtime"/>
  <tag k="description" v="S Schönhauser Allee S41 S42 S8 S85 Bahnsteig"/>
  <tag k="indoor" v="yes"/>
  <tag k="layer" v="-2"/>
  <tag k="level" v="-2"/>
  <tag k="light_rail" v="yes"/>
  <tag k="name" v="Schönhauser Allee"/>
  <tag k="public_transport" v="platform"/>
  <tag k="railway" v="platform"/>
  <tag k="ref" v="1;2"/>
  <tag k="ref:IFOPT" v="de:11000:900110001:1"/>
  <tag k="tactile_paving" v="yes"/>
  <tag k="type" v="multipolygon"/>
  <tag k="wheelchair" v="yes"/>
 </relation>
 <relation id="11764632" visible="true" version="7" changeset="149626691" timestamp="2024-04-05T17:48:50Z" user="StevenKGER" uid="12093155">
  <member type="way" ref="32349877" role="outer"/>
  <member type="way" ref="860169765" role="outer"/>
  <member type="way" ref="860169767" role="outer"/>
  <member type="way" ref="860169766" role="outer"/>
  <tag k="area" v="yes"/>
  <tag k="bench" v="yes"/>
  <tag k="bin" v="yes"/>
  <tag k="description" v="S Prenzlauer Allee S41 S42 S8 S9 S85 Bahnsteig"/>
  <tag k="level" v="-1"/>
  <tag k="light_rail" v="yes"/>
  <tag k="lit" v="yes"/>
  <tag k="name" v="Prenzlauer Allee"/>
  <tag k="passenger_information_display" v="yes"/>
  <tag k="passenger_information_display:speech_output" v="no"/>
  <tag k="public_transport" v="platform"/>
  <tag k="railway" v="platform"/>
  <tag k="ref" v="1;2"/>
  <tag k="ref:IFOPT" v="de:11000:900110002:1"/>
  <tag k="shelter" v="yes"/>
  <tag k="surface" v="paved"/>
  <tag k="tactile_paving" v="yes"/>
  <tag k="type" v="multipolygon"/>
  <tag k="usage" v="main"/>
  <tag k="wheelchair" v="yes"/>
 </relation>
 <relation id="11764675" visible="true" version="8" changeset="141607047" timestamp="2023-09-22T14:13:56Z" user="Kili" uid="43942">
  <member type="way" ref="44419982" role="outer"/>
  <member type="way" ref="860172896" role="outer"/>
  <member type="way" ref="860172898" role="outer"/>
  <member type="way" ref="860172897" role="outer"/>
  <tag k="area" v="yes"/>
  <tag k="bench" v="yes"/>
  <tag k="bin" v="yes"/>
  <tag k="covered" v="no"/>
  <tag k="departures_board" v="realtime"/>
  <tag k="description" v="S Storkower Straße S41 S42 S8 S85 S9 Bahnsteig"/>
  <tag k="level" v="0"/>
  <tag k="light_rail" v="yes"/>
  <tag k="lit" v="yes"/>
  <tag k="name" v="Storkower Straße"/>
  <tag k="public_transport" v="platform"/>
  <tag k="railway" v="platform"/>
  <tag k="ref" v="1;2"/>
  <tag k="ref:IFOPT" v="de:11000:900110012:1"/>
  <tag k="surface" v="paving_stones"/>
  <tag k="tactile_paving" v="yes"/>
  <tag k="type" v="multipolygon"/>
  <tag k="wheelchair" v="yes"/>
 </relation>
 <relation id="11764689" visible="true" version="12" changeset="172741913" timestamp="2025-10-02T10:08:12Z" user="dbsus" uid="10308843">
  <member type="way" ref="44419967" role="outer"/>
  <member type="way" ref="860175830" role="outer"/>
  <member type="way" ref="860175832" role="outer"/>
  <member type="way" ref="860175831" role="outer"/>
  <tag k="area" v="yes"/>
  <tag k="bench" v="yes"/>
  <tag k="bin" v="yes"/>
  <tag k="departures_board" v="realtime"/>
  <tag k="description" v="S Frankfurter Allee S41 S42 S8 S85 S9 Bahnsteig"/>
  <tag k="level" v="1"/>
  <tag k="light_rail" v="yes"/>
  <tag k="lit" v="yes"/>
  <tag k="name" v="Frankfurter Allee"/>
  <tag k="operator" v="DB InfraGO AG"/>
  <tag k="public_transport" v="platform"/>
  <tag k="railway" v="platform"/>
  <tag k="ref" v="1;2"/>
  <tag k="ref:IFOPT" v="de:11000:900120001:1"/>
  <tag k="shelter" v="yes"/>
  <tag k="surface" v="paving_stones"/>
  <tag k="tactile_paving" v="contrasted"/>
  <tag k="type" v="multipolygon"/>
  <tag k="wheelchair" v="yes"/>
 </relation>
 <relation id="11764745" visible="true" version="7" changeset="140949408" timestamp="2023-09-07T16:45:20Z" user="delineatorix" uid="11731221">
  <member type="way" ref="283582037" role="outer"/>
  <member type="way" ref="860194472" role="outer"/>
  <member type="way" ref="860194474" role="outer"/>
  <member type="way" ref="860194473" role="outer"/>
  <tag k="area" v="yes"/>
  <tag k="bench" v="yes"/>
  <tag k="bin" v="yes"/>
  <tag k="covered" v="yes"/>
  <tag k="departures_board" v="realtime"/>
  <tag k="description" v="S Tempelhof S41 S42 S45 S46 Bahnsteig"/>
  <tag k="layer" v="1"/>
  <tag k="level" v="1"/>
  <tag k="light_rail" v="yes"/>
  <tag k="lit" v="yes"/>
  <tag k="operator" v="DB Station&amp;Service AG"/>
  <tag k="passenger_information_display" v="yes"/>
  <tag k="passenger_information_display:speech_output" v="no"/>
  <tag k="public_transport" v="platform"/>
  <tag k="railway" v="platform"/>
  <tag k="ref" v="1;2"/>
  <tag k="ref:IFOPT" v="de:11000:900068201:1"/>
  <tag k="shelter" v="yes"/>
  <tag k="surface" v="paved"/>
  <tag k="tactile_paving" v="yes"/>
  <tag k="type" v="multipolygon"/>
  <tag k="wheelchair" v="yes"/>
 </relation>
 <relation id="11764770" visible="true" version="11" changeset="184327962" timestamp="2026-06-19T18:31:04Z" user="svona ferðamaður" uid="33181">
  <member type="way" ref="37937148" role="outer"/>
  <member type="way" ref="860195764" role="outer"/>
  <member type="way" ref="860195765" role="outer"/>
  <member type="way" ref="860195766" role="outer"/>
  <tag k="area" v="yes"/>
  <tag k="bench" v="yes"/>
  <tag k="bin" v="yes"/>
  <tag k="description" v="S Innsbrucker Platz S41 S42 S45 S46 Bahnsteig"/>
  <tag k="layer" v="1"/>
  <tag k="level" v="1"/>
  <tag k="light_rail" v="yes"/>
  <tag k="lit" v="yes"/>
  <tag k="name" v="Innsbrucker Platz"/>
  <tag k="operator" v="DB Station&amp;Service AG"/>
  <tag k="passenger_information_display" v="yes"/>
  <tag k="public_transport" v="platform"/>
  <tag k="railway" v="platform"/>
  <tag k="ref" v="1;2"/>
  <tag k="ref:IFOPT" v="de:11000:900054105:1"/>
  <tag k="shelter" v="yes"/>
  <tag k="tactile_paving" v="yes"/>
  <tag k="type" v="multipolygon"/>
  <tag k="usage" v="main"/>
  <tag k="wheelchair" v="yes"/>
 </relation>
 <relation id="11764789" visible="true" version="8" changeset="184222927" timestamp="2026-06-17T11:50:28Z" user="dbsus" uid="10308843">
  <member type="way" ref="47907959" role="outer"/>
  <member type="way" ref="860196977" role="outer"/>
  <member type="way" ref="860196978" role="outer"/>
  <member type="way" ref="860196976" role="outer"/>
  <tag k="area" v="yes"/>
  <tag k="bench" v="yes"/>
  <tag k="bin" v="yes"/>
  <tag k="departures_board" v="realtime"/>
  <tag k="description" v="Heidelberger Platz S41 S42 S46 Bahnsteig"/>
  <tag k="layer" v="-1"/>
  <tag k="level" v="-1"/>
  <tag k="light_rail" v="yes"/>
  <tag k="name" v="Heidelberger Platz"/>
  <tag k="network" v="Verkehrsverbund Berlin-Brandenburg"/>
  <tag k="network:short" v="VBB"/>
  <tag k="operator" v="DB InfraGO AG"/>
  <tag k="public_transport" v="platform"/>
  <tag k="railway" v="platform"/>
  <tag k="ref" v="1;2"/>
  <tag k="ref:IFOPT" v="de:11000:900045102:1"/>
  <tag k="tactile_paving" v="yes"/>
  <tag k="type" v="multipolygon"/>
  <tag k="wheelchair" v="yes"/>
 </relation>
 <relation id="11764807" visible="true" version="9" changeset="184224412" timestamp="2026-06-17T12:32:10Z" user="dbsus" uid="10308843">
  <member type="way" ref="47907732" role="outer"/>
  <member type="way" ref="860197667" role="outer"/>
  <member type="way" ref="860197665" role="outer"/>
  <member type="way" ref="860197666" role="outer"/>
  <tag k="area" v="yes"/>
  <tag k="bench" v="yes"/>
  <tag k="bin" v="yes"/>
  <tag k="departures_board" v="realtime"/>
  <tag k="description" v="S Hohenzollerndamm S41 S42 S46 Bahnsteig"/>
  <tag k="level" v="-1"/>
  <tag k="light_rail" v="yes"/>
  <tag k="name" v="Hohenzollerndamm"/>
  <tag k="network" v="Verkehrsverbund Berlin-Brandenburg"/>
  <tag k="network:short" v="VBB"/>
  <tag k="network:wikidata" v="Q315451"/>
  <tag k="operator" v="DB InfraGO AG"/>
  <tag k="public_transport" v="platform"/>
  <tag k="railway" v="platform"/>
  <tag k="ref" v="1;2"/>
  <tag k="ref:IFOPT" v="de:11000:900044101:1"/>
  <tag k="tactile_paving" v="yes"/>
  <tag k="type" v="multipolygon"/>
  <tag k="wheelchair" v="yes"/>
 </relation>
 <relation id="11764836" visible="true" version="12" changeset="184224648" timestamp="2026-06-17T12:38:59Z" user="dbsus" uid="10308843">
  <member type="way" ref="47907736" role="outer"/>
  <member type="way" ref="860198478" role="outer"/>
  <member type="way" ref="860198479" role="outer"/>
  <member type="way" ref="860198477" role="outer"/>
  <tag k="bench" v="yes"/>
  <tag k="bin" v="yes"/>
  <tag k="departures_board" v="realtime"/>
  <tag k="description" v="Halensee S41 S42 S46 Bahnsteig"/>
  <tag k="level" v="0"/>
  <tag k="light_rail" v="yes"/>
  <tag k="lit" v="yes"/>
  <tag k="name" v="Halensee"/>
  <tag k="network" v="Verkehrsverbund Berlin-Brandenburg"/>
  <tag k="network:short" v="VBB"/>
  <tag k="network:wikidata" v="Q315451"/>
  <tag k="operator" v="DB InfraGO AG"/>
  <tag k="public_transport" v="platform"/>
  <tag k="railway" v="platform"/>
  <tag k="ref" v="1;2"/>
  <tag k="ref:IFOPT" v="de:11000:900040101:1"/>
  <tag k="shelter" v="yes"/>
  <tag k="tactile_paving" v="yes"/>
  <tag k="type" v="multipolygon"/>
  <tag k="wheelchair" v="yes"/>
 </relation>
 <relation id="11764873" visible="true" version="6" changeset="160262721" timestamp="2024-12-13T21:42:20Z" user="_Mathieu_" uid="53964">
  <member type="way" ref="335540539" role="outer"/>
  <member type="way" ref="860200367" role="outer"/>
  <member type="way" ref="860200368" role="outer"/>
  <member type="way" ref="860200369" role="outer"/>
  <tag k="area" v="yes"/>
  <tag k="bench" v="yes"/>
  <tag k="bin" v="yes"/>
  <tag k="covered" v="yes"/>
  <tag k="description" v="B Messe Nord/ICC, S-Bahnsteig"/>
  <tag k="level" v="-1"/>
  <tag k="light_rail" v="yes"/>
  <tag k="name" v="Messe Nord/ZOB"/>
  <tag k="old_name" v="Messe Nord/ICC"/>
  <tag k="public_transport" v="platform"/>
  <tag k="railway" v="platform"/>
  <tag k="ref" v="1;2"/>
  <tag k="ref:IFOPT" v="de:11000:900024106:1"/>
  <tag k="tactile_paving" v="yes"/>
  <tag k="type" v="multipolygon"/>
  <tag k="usage" v="main"/>
  <tag k="wheelchair" v="yes"/>
 </relation>
 <relation id="11764889" visible="true" version="12" changeset="156766116" timestamp="2024-09-18T10:44:02Z" user="Macsico" uid="131628">
  <member type="way" ref="47908181" role="outer"/>
  <member type="way" ref="860204509" role="outer"/>
  <member type="way" ref="860204511" role="outer"/>
  <member type="way" ref="860204510" role="outer"/>
  <tag k="bench" v="yes"/>
  <tag k="bin" v="yes"/>
  <tag k="description" v="S Westend Bahnsteig Gleis 1 + 2"/>
  <tag k="layer" v="-1"/>
  <tag k="level" v="0"/>
  <tag k="light_rail" v="yes"/>
  <tag k="lit" v="yes"/>
  <tag k="name" v="Westend"/>
  <tag k="passenger_information_display" v="yes"/>
  <tag k="passenger_information_display:speech_output" v="no"/>
  <tag k="public_transport" v="platform"/>
  <tag k="railway" v="platform"/>
  <tag k="ref" v="1;2"/>
  <tag k="ref:IFOPT" v="de:11000:900026207:1"/>
  <tag k="shelter" v="yes"/>
  <tag k="surface" v="paved"/>
  <tag k="tactile_paving" v="yes"/>
  <tag k="type" v="multipolygon"/>
 </relation>
</osm>
