bwb,wber,valid,CDU,SPD,Greens,Left,AfD,FDP,valid23,CDU23,SPD23,Greens23,Left23,AfD23,pop,pop65,foreign,mig,share65,share_foreign,dist_km,in_ring,east,band,ring_lab,ew_lab
011A,2059,1637,20.830788026878437,11.667684789248625,24.373854612095297,24.862553451435552,5.192425167990226,5.00916310323763,1150,20.608695652173914,14.08695652173913,29.130434782608695,10,3.739130434782609,4124,145,1589,533,3.516003879728419,38.53055286129971,2.163031905890297,TRUE,TRUE,2-4,inside the Ring,East Berlin
011B,1946,1589,15.859030837004406,11.139081183134046,27.690371302706104,28.9490245437382,4.594084329767149,2.7690371302706103,1228,14.657980456026058,12.214983713355048,38.59934853420195,15.716612377850163,2.3615635179153096,3397,230,1041,390,6.770680011775096,30.644686488077717,2.853741164204526,TRUE,TRUE,2-4,inside the Ring,East Berlin
011C,1940,1586,17.150063051702396,9.836065573770492,24.59016393442623,28.814627994955863,6.431273644388399,2.711223203026482,1157,14.952463267070009,12.186689714779602,37.85652549697493,14.693171996542784,3.4572169403630078,3079,264,819,299,8.574212406625527,26.59954530691783,2.8874736090149145,TRUE,TRUE,2-4,inside the Ring,East Berlin
011D,2130,1212,19.554455445544555,12.211221122112212,19.38943894389439,28.63036303630363,10.726072607260726,1.7326732673267327,1216,22.779605263157894,18.832236842105264,26.31578947368421,12.088815789473685,6.4144736842105265,3151,598,646,400,18.978102189781023,20.50142811805776,2.3857656136852126,TRUE,TRUE,2-4,inside the Ring,East Berlin
011E,2172,1750,22,11.885714285714286,23.885714285714286,22.34285714285714,6.628571428571429,4.3428571428571425,1249,23.939151321056844,16.01281024819856,28.582866293034428,8.246597277822257,3.44275420336269,3966,351,1405,425,8.850226928895612,35.4261220373172,1.9555278728595915,TRUE,TRUE,0-2,inside the Ring,East Berlin
011F,2053,1388,17.579250720461093,11.239193083573488,19.164265129683,27.23342939481268,6.628242074927954,5.259365994236311,1681,24.27126710291493,16.418798334324805,26.174895895300416,9.042236763831053,5.472932778108269,5777,200,3230,836,3.462004500605851,55.91137268478449,2.102729585479464,TRUE,FALSE,2-4,inside the Ring,West Berlin
011G,2008,1654,16.324062877871825,11.487303506650544,27.08585247883918,27.629987908101572,5.562273276904474,3.3857315598548974,1231,17.384240454914703,14.541023558082859,34.36230706742486,15.272136474411047,2.1933387489845653,3279,273,836,369,8.325709057639525,25.495577920097592,2.4627158172887533,TRUE,TRUE,2-4,inside the Ring,East Berlin
011H,1368,940,20.319148936170212,12.446808510638299,19.361702127659573,24.78723404255319,10.957446808510639,3.297872340425532,1410,24.397163120567377,17.092198581560282,26.80851063829787,10.212765957446809,5.886524822695035,2763,275,1100,484,9.952949692363374,39.811798769453496,1.4776010107226485,TRUE,FALSE,0-2,inside the Ring,West Berlin
011J,1918,1533,16.69928245270711,9.328114807566863,25.505544683626876,30.071754729288976,6.066536203522505,2.73972602739726,1130,14.778761061946902,14.15929203539823,38.230088495575224,14.247787610619469,3.5398230088495577,3125,216,860,318,6.912,27.52,2.7015764169525553,TRUE,TRUE,2-4,inside the Ring,East Berlin
011K,1085,903,19.158361018826135,11.406423034330011,26.245847176079735,24.58471760797342,5.3156146179401995,2.990033222591362,652,18.865030674846626,16.56441717791411,33.74233128834356,13.343558282208589,3.834355828220859,1721,124,472,160,7.205113306217315,27.425915165601396,2.091866613639435,TRUE,TRUE,2-4,inside the Ring,East Berlin
011L,2155,1770,22.48587570621469,9.6045197740113,26.610169491525422,24.463276836158194,4.971751412429379,3.1638418079096047,1305,22.60536398467433,17.547892720306514,28.582375478927204,12.030651340996169,2.9118773946360155,4306,306,1727,409,7.106363214119833,40.10682768230376,1.5994532777801944,TRUE,TRUE,0-2,inside the Ring,East Berlin
011M,2007,1549,21.755971594577147,12.330535829567463,21.110393802453196,24.33828276307295,7.359586830213041,4.6481601032924464,1187,26.62173546756529,16.006739679865206,25.02106149957877,10.530749789385004,4.380791912384161,3488,379,1264,425,10.865825688073395,36.23853211009175,1.0119631769601387,TRUE,TRUE,0-2,inside the Ring,East Berlin
011N,2111,1704,18.309859154929576,8.274647887323944,29.401408450704224,26.408450704225352,3.2863849765258215,3.227699530516432,1249,18.33466773418735,13.370696557245797,34.34747798238591,14.811849479583667,1.8414731785428342,3607,326,1140,378,9.037981702245634,31.60521208760743,2.3005114342835955,TRUE,TRUE,2-4,inside the Ring,East Berlin
011P,1142,869,16.110471806674337,8.51553509781358,22.554660529344073,34.52243958573072,7.825086306098965,2.0713463751438437,664,16.566265060240966,13.403614457831326,34.18674698795181,17.771084337349397,3.1626506024096384,1894,139,538,251,7.3389651531151,28.405491024287223,1.9380712949080494,TRUE,TRUE,0-2,inside the Ring,East Berlin
011Q,2165,1733,16.33006347374495,10.732833237160992,25.851125216387768,27.639930755914598,7.847663012117715,2.8851702250432774,1337,19.222139117427076,15.18324607329843,33.50785340314136,14.659685863874346,3.3657442034405385,3499,313,957,398,8.945412975135753,27.35067162046299,1.6534204719920234,TRUE,TRUE,0-2,inside the Ring,East Berlin
011R,1989,1568,20.216836734693878,10.267857142857142,18.941326530612244,27.678571428571427,10.012755102040817,2.806122448979592,1152,20.052083333333332,14.23611111111111,25.086805555555557,16.493055555555557,7.8125,3095,380,792,380,12.277867528271406,25.589660743134086,1.9271233168748665,TRUE,TRUE,0-2,inside the Ring,East Berlin
011S,1132,924,17.316017316017316,11.363636363636363,26.83982683982684,25.649350649350648,4.761904761904762,4.545454545454546,616,21.266233766233768,13.14935064935065,30.844155844155843,16.071428571428573,4.220779220779221,1855,127,583,175,6.846361185983827,31.428571428571427,1.444084962203347,TRUE,TRUE,0-2,inside the Ring,East Berlin
011T,1121,861,29.152148664343787,9.639953542392567,18.00232288037166,19.97677119628339,8.826945412311266,4.761904761904762,618,28.802588996763753,17.475728155339805,19.25566343042071,10.35598705501618,4.368932038834951,1840,314,580,204,17.065217391304348,31.52173913043478,0.8992973738355614,TRUE,TRUE,0-2,inside the Ring,East Berlin
012A,2074,1615,17.275541795665635,7.678018575851393,22.60061919504644,31.455108359133128,8.173374613003096,2.1671826625387,1337,16.978309648466716,13.163799551234106,30.740463724756918,16.230366492146597,5.68436798803291,3482,338,1113,382,9.707064905226881,31.964388282596207,2.304732239770015,TRUE,TRUE,2-4,inside the Ring,East Berlin
012B,2098,1500,15.266666666666667,9.333333333333334,19.333333333333332,32.733333333333334,9.533333333333333,4,1230,17.723577235772357,13.252032520325203,27.073170731707318,16.991869918699187,6.666666666666667,3858,301,1520,489,7.801969932607569,39.39865215137377,2.527723898788357,TRUE,TRUE,2-4,inside the Ring,East Berlin
012C,1869,1491,18.51106639839034,10.7981220657277,25.35211267605634,27.09590878604963,6.237424547283702,3.35345405767941,1296,16.435185185185187,13.811728395061728,32.94753086419753,15.200617283950617,3.7808641975308643,3012,266,806,317,8.831341301460823,26.759628154050464,1.8279938036807044,TRUE,TRUE,0-2,inside the Ring,East Berlin
012D,2078,1412,13.668555240793202,11.473087818696884,9.06515580736544,38.172804532577906,13.314447592067989,2.3371104815864023,1162,25.129087779690188,20.051635111876077,12.134251290877797,21.34251290877797,8.347676419965577,4052,828,1569,607,20.434353405725567,38.72161895360316,2.8899379837700296,TRUE,TRUE,2-4,inside the Ring,East Berlin
012E,2252,1634,15.850673194614442,11.627906976744185,10.648714810281518,30.47735618115055,16.09547123623011,2.386780905752754,1341,24.981357196122296,21.02908277404922,9.619686800894854,22.371364653243848,9.545115585384043,4073,801,1496,495,19.666093788362385,36.72968328013749,3.0594979566445883,TRUE,TRUE,2-4,inside the Ring,East Berlin
012F,1895,1328,17.620481927710845,12.274096385542169,11.295180722891565,32.07831325301205,14.231927710843374,1.5813253012048192,1176,22.534013605442176,20.32312925170068,14.965986394557824,21.768707482993197,8.843537414965986,3015,696,893,427,23.084577114427862,29.618573797678277,1.9826661602903806,TRUE,TRUE,0-2,inside the Ring,East Berlin
012G,2130,1406,16.998577524893314,10.099573257467995,9.743954480796585,34.21052631578947,13.655761024182077,1.8492176386913228,1246,25.280898876404493,19.42215088282504,13.32263242375602,21.107544141252006,8.747993579454254,3906,886,1458,503,22.68305171530978,37.327188940092164,2.817425678371273,TRUE,TRUE,2-4,inside the Ring,East Berlin
012H,1905,1438,18.01112656467316,10.15299026425591,17.73296244784423,29.902642559109875,9.944367176634215,3.68567454798331,1159,25.194132873166524,19.413287316652287,16.13459879206212,18.809318377911993,7.075064710957722,3421,471,1194,424,13.767904121601871,34.90207541654487,2.549486749482525,TRUE,TRUE,2-4,inside the Ring,East Berlin
012J,1828,1318,22.458270106221548,12.291350531107739,11.760242792109256,25.720789074355082,13.808801213960546,4.931714719271624,1134,30.687830687830687,16.666666666666668,13.580246913580247,15.696649029982364,8.024691358024691,2896,579,793,472,19.993093922651934,27.382596685082873,1.402368329971533,TRUE,TRUE,0-2,inside the Ring,East Berlin
012K,2007,1403,25.374198146828224,8.553100498930862,10.762651461154668,22.30933713471133,16.17961511047755,4.704205274411974,1149,34.46475195822455,16.362053959965188,12.184508268059181,14.273281114012185,7.83289817232376,4309,675,2051,575,15.664887444882803,47.598050591784634,0.625959910402527,TRUE,TRUE,0-2,inside the Ring,East Berlin
012L,1843,1336,14.67065868263473,10.32934131736527,10.62874251497006,36.75149700598802,13.47305389221557,2.320359281437126,1198,24.207011686143574,18.196994991652755,15.358931552587647,19.532554257095157,7.095158597662771,3221,609,1032,473,18.90717168581186,32.03973921142502,2.0339969257144292,TRUE,TRUE,2-4,inside the Ring,East Berlin
012M,1877,1405,27.402135231316727,11.316725978647687,14.02135231316726,20.1423487544484,11.459074733096086,5.480427046263345,1116,27.8673835125448,16.93548387096774,18.010752688172044,14.605734767025089,6.093189964157706,3606,464,1421,607,12.867443150305046,39.406544647809206,1.9568978117481757,TRUE,TRUE,0-2,inside the Ring,East Berlin
012N,1776,1416,14.61864406779661,10.38135593220339,19.279661016949152,36.08757062146893,8.686440677966102,2.1186440677966103,1185,18.649789029535864,15.69620253164557,30.29535864978903,16.540084388185655,4.9789029535864975,3418,435,1315,330,12.72674078408426,38.47279110590989,3.2763683985623198,TRUE,TRUE,2-4,inside the Ring,East Berlin
012P,2033,1450,23.17241379310345,10.689655172413794,12.827586206896552,25.379310344827587,12.689655172413794,3.7241379310344827,1201,32.389675270607825,17.069109075770193,15.154038301415486,14.238134887593672,8.32639467110741,3811,775,1471,575,20.335869850432957,38.598792967725004,1.3831720971172494,TRUE,TRUE,0-2,inside the Ring,East Berlin
012Q,1974,1429,15.95521343596921,12.736179146256124,12.596221133659903,33.1000699790063,12.386284114765571,1.959412176347096,1224,25.49019607843137,19.934640522875817,19.19934640522876,17.320261437908496,6.944444444444445,3533,613,1187,483,17.350693461647325,33.59750919898104,2.7504164423468067,TRUE,TRUE,2-4,inside the Ring,East Berlin
012R,2115,1680,18.80952380952381,12.857142857142858,15.416666666666666,28.63095238095238,11.071428571428571,2.619047619047619,1377,23.238925199709513,18.591140159767612,21.568627450980394,17.066085693536674,7.116920842411038,3554,649,1141,426,18.261114237478896,32.104670793472145,2.3878488049400968,TRUE,TRUE,2-4,inside the Ring,East Berlin
012S,2131,1696,18.160377358490567,11.025943396226415,19.39858490566038,28.125,9.964622641509434,1.945754716981132,1359,23.5467255334805,18.61662987490802,25.607064017660043,15.894039735099337,5.371596762325239,3857,670,1364,389,17.371013741249676,35.36427275084262,3.065650676542263,TRUE,TRUE,2-4,inside the Ring,East Berlin
013A,1473,945,9.206349206349206,9.206349206349206,17.142857142857142,44.33862433862434,8.994708994708995,1.4814814814814814,802,12.59351620947631,13.46633416458853,28.179551122194514,18.952618453865338,4.114713216957606,3341,333,1632,455,9.96707572583059,48.847650404070635,4.021352346656009,TRUE,FALSE,4-6,inside the Ring,West Berlin
013B,1762,1273,10.133542812254516,9.897879025923016,18.931657501963866,38.57030636292223,9.112333071484683,1.8067556952081696,972,15.123456790123457,15.22633744855967,28.909465020576132,15.637860082304528,5.761316872427984,3298,404,1217,477,12.249848392965433,36.9011522134627,3.244346181737478,TRUE,FALSE,2-4,inside the Ring,West Berlin
013C,1989,1385,19.205776173285198,13.35740072202166,14.07942238267148,30.3971119133574,10.108303249097473,2.527075812274368,1062,25.329566854990585,20.338983050847457,20.056497175141242,11.016949152542374,7.815442561205273,3437,516,1060,696,15.013092813500146,30.840849578120455,1.2432990947789373,TRUE,FALSE,0-2,inside the Ring,West Berlin
013D,2213,1736,15.43778801843318,13.652073732718893,26.555299539170505,24.481566820276498,6.451612903225806,3.3986175115207375,1429,20.01399580125962,19.59412176347096,30.230930720783764,12.456263121063682,4.548635409377187,3403,575,833,493,16.896855715545108,24.478401410520128,2.0941177135301774,TRUE,FALSE,2-4,inside the Ring,West Berlin
013E,1873,1535,15.765472312703583,14.267100977198696,27.29641693811075,28.599348534201955,3.973941368078176,2.1498371335504887,1295,18.301158301158303,17.76061776061776,32.8957528957529,12.432432432432432,3.3976833976833976,2660,517,500,346,19.43609022556391,18.796992481203006,2.6841104618614158,TRUE,FALSE,2-4,inside the Ring,West Berlin
013F,1882,1388,11.311239193083573,11.527377521613833,23.77521613832853,36.38328530259366,5.475504322766571,2.0172910662824206,1092,16.3003663003663,17.673992673992675,33.51648351648352,14.468864468864469,4.395604395604396,3359,453,1200,524,13.486156594224472,35.72491813039595,3.1036895304677805,TRUE,FALSE,2-4,inside the Ring,West Berlin
013G,1980,1562,15.941101152368757,13.956466069142126,26.12035851472471,27.784891165172855,7.106274007682458,2.3047375160051216,1301,21.598770176787088,18.370484242890086,30.438124519600308,12.144504227517295,4.15065334358186,3012,652,791,385,21.646746347941566,26.261620185922975,3.1551665980686017,TRUE,FALSE,2-4,inside the Ring,West Berlin
013H,1906,1407,18.69225302061123,14.783226723525232,22.67235252309879,26.652452025586353,7.3205401563610515,1.847903340440654,1178,22.835314091680814,19.60950764006791,28.268251273344653,12.903225806451612,3.6502546689303905,3254,609,1052,478,18.71542716656423,32.32944068838353,1.7110112606620818,TRUE,FALSE,0-2,inside the Ring,West Berlin
013J,2161,1794,14.659977703455965,14.158305462653288,26.08695652173913,28.87402452619844,6.5774804905239685,2.1739130434782608,1517,16.413974950560316,18.78707976268952,36.38760711931444,13.381674357284114,3.3618984838497035,3019,629,609,355,20.834713481285196,20.172242464392184,2.888827519286022,TRUE,FALSE,2-4,inside the Ring,West Berlin
013K,2007,1532,24.216710182767624,15.926892950391645,20.430809399477805,19.19060052219321,9.660574412532638,3.0678851174934727,1262,28.84310618066561,19.25515055467512,23.93026941362916,9.746434231378764,5.784469096671949,2848,667,591,369,23.41994382022472,20.751404494382022,1.1282441899116784,TRUE,FALSE,0-2,inside the Ring,West Berlin
013L,1607,1312,20.960365853658537,13.643292682926829,24.085365853658537,23.170731707317074,6.935975609756097,3.582317073170732,1136,27.37676056338028,19.982394366197184,26.320422535211268,10.035211267605634,4.313380281690141,2507,619,728,306,24.69086557638612,29.03869166334264,2.4090400373646133,TRUE,FALSE,2-4,inside the Ring,West Berlin
013M,1871,1440,17.84722222222222,14.375,22.5,27.36111111111111,7.361111111111111,1.5972222222222223,1236,23.624595469255663,19.174757281553397,28.31715210355987,11.650485436893204,3.9644012944983817,3601,528,1413,480,14.662593723965566,39.23910024993057,2.7994300981099025,TRUE,FALSE,2-4,inside the Ring,West Berlin
013N,1820,1303,33.38449731389102,11.742133537989256,12.73983115886416,16.88411358403684,12.125863392171912,4.834996162701458,1046,31.835564053537286,17.495219885277248,20.45889101338432,9.082217973231357,6.500956022944551,4020,683,1926,577,16.99004975124378,47.91044776119403,1.5944106744197128,TRUE,FALSE,0-2,inside the Ring,West Berlin
013P,2237,1462,22.298221614227085,11.764705882352942,15.868673050615595,26.470588235294116,9.644322845417237,4.993160054719562,1181,30.228619813717188,20.914479254868755,20.406435224386115,10.668924640135478,4.487722269263336,4206,776,1586,885,18.44983357108892,37.708036138849266,2.1704960365019397,TRUE,FALSE,2-4,inside the Ring,West Berlin
013Q,2150,1573,17.60966306420852,12.205975842339479,20.788302606484425,28.48061029879212,8.200890019071837,2.9879211697393515,1240,21.048387096774192,18.951612903225808,29.112903225806452,13.387096774193548,4.67741935483871,4152,741,1591,653,17.846820809248555,38.31888246628131,1.802852230254836,TRUE,FALSE,0-2,inside the Ring,West Berlin
013R,1906,1387,16.94304253785148,9.877433309300649,22.27829848594088,33.4534967555876,5.2631578947368425,1.9466474405191059,1071,23.34267040149393,15.219421101774042,26.984126984126984,12.791783380018675,4.481792717086835,3839,362,1587,711,9.429538942432925,41.33889033602501,1.6683017002047305,TRUE,FALSE,0-2,inside the Ring,West Berlin
014A,1790,1283,8.106001558846454,9.976617303195635,20.73265783320343,44.81683554169914,8.18394388152767,1.4029618082618862,1086,12.062615101289135,12.523020257826888,34.43830570902394,20.441988950276244,4.696132596685083,3391,401,1283,399,11.825420230020644,37.83544677086405,3.914783872612668,FALSE,FALSE,2-4,outside the Ring,West Berlin
014B,2065,1517,9.426499670402109,10.48121292023731,18.78707976268952,45.35266974291365,6.855636123928807,1.4502307185234014,1259,12.946783161239079,13.661636219221604,32.9626687847498,20.33359809372518,5.083399523431295,3864,382,1486,572,9.886128364389235,38.457556935817806,3.768069195735034,FALSE,FALSE,2-4,outside the Ring,West Berlin
014C,1531,1129,8.325952170062001,9.300265721877768,18.511957484499558,48.00708591674048,7.7059344552701505,1.2400354295837024,968,13.946280991735538,15.289256198347108,29.132231404958677,19.421487603305785,5.371900826446281,3033,331,1295,474,10.913287174414771,42.69699967029344,3.5354307242749328,FALSE,FALSE,2-4,outside the Ring,West Berlin
014D,1976,1479,10.61528059499662,9.871534820824882,22.718052738336713,39.553752535496955,6.423258958755916,1.7579445571331982,1194,14.321608040201005,14.07035175879397,37.60469011725293,16.24790619765494,3.6850921273031827,3655,428,1312,444,11.709986320109438,35.896032831737344,3.6410067029505018,FALSE,FALSE,2-4,outside the Ring,West Berlin
014E,2131,1593,9.73006905210295,8.662900188323917,21.782799748901443,42.05900816070307,6.465787821720025,1.569365976145637,1273,16.260801256873528,12.647289866457188,35.97800471327572,16.57501963864886,3.927729772191673,3952,379,1391,647,9.59008097165992,35.19736842105263,2.458701426486495,TRUE,FALSE,2-4,inside the Ring,West Berlin
014F,2011,1469,9.18992511912866,10.891763104152485,21.37508509189925,39.89108236895847,5.650102110279102,1.8379850238257318,1243,14.641995172968624,14.641995172968624,36.04183427192277,17.216411906677394,4.022526146419952,3584,375,1207,569,10.463169642857142,33.677455357142854,2.8340186417699784,TRUE,FALSE,2-4,inside the Ring,West Berlin
014G,2009,1574,10.165184243964422,10.73697585768742,24.20584498094028,38.94536213468869,6.16264294790343,1.3341804320203303,1241,14.987912973408541,16.59951651893634,35.294117647058826,16.438356164383563,3.62610797743755,3245,481,895,418,14.822804314329739,27.5808936825886,3.233734344997097,TRUE,FALSE,2-4,inside the Ring,West Berlin
014H,1955,1350,7.851851851851852,12.222222222222221,19.62962962962963,44.888888888888886,6.444444444444445,1.4074074074074074,1104,14.492753623188406,14.945652173913043,35.416666666666664,17.66304347826087,4.3478260869565215,4052,400,1774,543,9.871668311944719,43.780848963474824,3.6269618983280836,TRUE,FALSE,2-4,inside the Ring,West Berlin
014J,1987,1354,13.44165435745938,10.709010339734121,17.94682422451994,34.85967503692762,9.970457902511079,1.846381093057607,1038,23.69942196531792,18.497109826589597,24.951830443159924,12.138728323699421,7.803468208092486,3572,574,1134,680,16.06942889137738,31.746920492721166,2.0149156340650634,TRUE,FALSE,2-4,inside the Ring,West Berlin
014K,1951,1367,11.704462326261888,13.02121433796635,20.190197512801756,37.820043891733725,6.437454279444038,2.633504023408925,1065,18.122065727699532,16.056338028169016,32.76995305164319,15.492957746478874,4.507042253521127,3525,455,1204,539,12.907801418439716,34.156028368794324,2.486112680106181,TRUE,FALSE,2-4,inside the Ring,West Berlin
014L,1912,1288,7.763975155279503,7.065217391304348,21.040372670807454,43.245341614906835,8.618012422360248,1.6304347826086956,1026,14.230019493177387,12.085769980506823,34.113060428849906,16.471734892787524,6.432748538011696,3700,362,1441,526,9.783783783783784,38.945945945945944,4.081164524027046,TRUE,FALSE,4-6,inside the Ring,West Berlin
014M,2204,1655,10.93655589123867,12.870090634441087,26.042296072507554,33.23262839879154,6.948640483383686,1.5709969788519638,1324,15.634441087613293,15.93655589123867,36.10271903323263,16.31419939577039,4.078549848942598,3601,541,1126,502,15.023604554290475,31.269091918911414,2.960191387687958,TRUE,FALSE,2-4,inside the Ring,West Berlin
014N,2099,1461,9.514031485284052,9.71937029431896,18.61738535249829,44.62696783025325,6.297056810403833,1.5058179329226558,1136,19.10211267605634,14.788732394366198,33.71478873239437,15.669014084507042,2.9049295774647885,4128,473,1617,712,11.458333333333334,39.17151162790697,2.7321828374727324,TRUE,FALSE,2-4,inside the Ring,West Berlin
014P,1825,1215,9.876543209876543,11.687242798353909,20.411522633744855,41.56378600823045,7.407407407407407,2.3868312757201644,911,11.85510428100988,16.68496158068057,33.91877058177827,17.34357848518112,5.48847420417124,4126,409,1961,594,9.912748424624333,47.52787203102278,3.613786855754818,TRUE,FALSE,2-4,inside the Ring,West Berlin
014Q,1978,1518,11.396574440052701,9.881422924901186,23.45191040843215,38.01054018445323,6.851119894598155,1.9104084321475625,1184,17.820945945945947,12.922297297297296,39.695945945945944,14.358108108108109,3.3783783783783785,3614,519,1349,447,14.36081903707803,37.327061427780855,3.265740996646085,TRUE,FALSE,2-4,inside the Ring,West Berlin
015A,1805,1193,25.23051131601006,16.010058675607713,6.789606035205365,24.224643755238894,16.261525565800504,2.682313495389774,1164,37.97250859106529,23.367697594501717,10.652920962199312,7.302405498281787,9.36426116838488,3115,850,957,475,27.287319422150883,30.7223113964687,5.721564566883069,FALSE,FALSE,4-6,outside the Ring,West Berlin
015B,1912,1247,15.156375300721733,14.113873295910185,11.307137129109863,32.31756214915798,13.953488372093023,2.8067361668003206,1054,27.893738140417458,19.35483870967742,17.362428842504745,9.962049335863378,9.20303605313093,3263,687,1058,523,21.054244560220656,32.42414955562366,5.269541723046263,FALSE,FALSE,4-6,outside the Ring,West Berlin
015C,1894,1270,14.409448818897637,12.755905511811024,11.88976377952756,30.078740157480315,17.95275590551181,2.440944881889764,951,27.549947423764458,18.29652996845426,17.665615141955836,12.302839116719243,10.199789695057834,3084,484,892,436,15.693904020752269,28.923476005188068,5.455765542545464,FALSE,FALSE,4-6,outside the Ring,West Berlin
015D,1912,1391,14.090582314881381,14.306254493170382,11.646297627606039,34.651329978432784,13.443565780014378,2.516175413371675,1095,26.39269406392694,22.28310502283105,17.534246575342465,11.689497716894977,8.858447488584474,3184,583,950,369,18.310301507537687,29.83668341708543,5.165410724865379,FALSE,FALSE,4-6,outside the Ring,West Berlin
015E,2212,1370,14.963503649635037,14.087591240875913,6.861313868613139,29.197080291970803,21.094890510948904,1.6788321167883211,1131,31.38815207780725,19.18656056587091,12.73209549071618,10.079575596816976,12.37842617152962,3254,772,611,508,23.72464658881377,18.776889981561155,4.859799259293562,FALSE,FALSE,4-6,outside the Ring,West Berlin
015F,1848,1201,17.90174854288093,11.99000832639467,10.074937552039966,32.139883430474605,16.736053288925895,2.3313905079100747,1009,30.426164519326065,22.001982160555006,12.388503468780971,8.820614469772051,10.109018830525272,3296,602,1120,488,18.264563106796118,33.980582524271846,5.556897574321554,FALSE,FALSE,4-6,outside the Ring,West Berlin
015G,2712,1610,10.434782608695652,11.801242236024844,8.26086956521739,38.94409937888199,17.577639751552795,1.6770186335403727,1301,21.521906225980015,18.293620292083013,19.830899308224442,13.681783243658725,11.145272867025366,5344,705,2029,881,13.192365269461078,37.96781437125748,4.65917466187413,FALSE,FALSE,4-6,outside the Ring,West Berlin
015H,1739,1204,11.627906976744185,12.209302325581396,15.780730897009967,42.35880398671096,9.385382059800664,1.3289036544850499,915,18.360655737704917,17.814207650273225,24.59016393442623,17.595628415300546,8.087431693989071,3725,487,1651,416,13.073825503355705,44.32214765100671,4.714292866023485,FALSE,FALSE,4-6,outside the Ring,West Berlin
015J,1817,1112,11.600719424460431,13.489208633093526,14.028776978417266,38.93884892086331,11.151079136690647,1.618705035971223,764,19.76439790575916,18.32460732984293,23.298429319371728,16.623036649214658,8.37696335078534,3269,982,1286,448,30.039767513000918,39.33924747629244,4.300922105703287,FALSE,FALSE,4-6,outside the Ring,West Berlin
015K,3159,2058,7.6773566569484935,9.135082604470359,15.54907677356657,48.63945578231292,8.16326530612245,1.7006802721088434,1594,14.052697616060225,14.491844416562108,32.936010037641154,21.9573400250941,5.395232120451694,5900,734,2165,1009,12.440677966101696,36.69491525423729,4.257204839786376,FALSE,FALSE,4-6,outside the Ring,West Berlin
015L,1826,1185,9.535864978902953,11.39240506329114,15.527426160337553,41.18143459915612,11.729957805907173,1.6877637130801688,909,22.55225522552255,16.611661166116612,23.982398239823983,16.831683168316832,8.250825082508252,3432,481,1316,473,14.015151515151516,38.344988344988344,4.75462465395989,FALSE,FALSE,4-6,outside the Ring,West Berlin
015M,1775,1208,9.602649006622517,10.016556291390728,16.63907284768212,42.88079470198676,8.857615894039736,1.5728476821192052,997,19.7592778335005,15.747241725175527,30.892678034102307,15.947843530591776,6.519558676028084,3169,413,1073,484,13.032502366677186,33.859261596718206,4.4246324815576354,FALSE,FALSE,4-6,outside the Ring,West Berlin
015N,1690,1206,18.407960199004975,14.427860696517413,16.16915422885572,30.514096185737976,9.950248756218905,2.0729684908789388,1001,31.26873126873127,18.581418581418582,21.47852147852148,11.288711288711289,6.393606393606394,2731,565,732,410,20.688392530208716,26.80336872940315,4.295774867455742,FALSE,FALSE,4-6,outside the Ring,West Berlin
015P,1611,1174,6.729131175468484,9.114139693356048,18.56899488926746,47.27427597955707,6.558773424190801,1.8739352640545144,1012,9.782608695652174,14.130434782608695,35.869565217391305,21.442687747035574,5.0395256916996045,3332,300,1455,369,9.003601440576231,43.667466986794715,4.2148825982216795,FALSE,FALSE,4-6,outside the Ring,West Berlin
016A,2174,1391,5.823148813803019,7.979870596693027,15.815959741193385,52.98346513299784,6.9734004313443565,1.0783608914450036,1076,12.825278810408921,12.825278810408921,28.438661710037174,22.58364312267658,5.204460966542751,5388,475,2712,671,8.815887156644395,50.334075723830736,5.220649757917422,FALSE,FALSE,4-6,outside the Ring,West Berlin
016B,1812,1112,10.341726618705035,11.420863309352518,12.140287769784173,41.36690647482014,12.140287769784173,1.8884892086330936,822,20.437956204379564,18.248175182481752,22.62773722627737,16.78832116788321,6.81265206812652,3925,509,1585,719,12.968152866242038,40.382165605095544,5.164208736963485,FALSE,FALSE,4-6,outside the Ring,West Berlin
016C,1913,1350,9.703703703703704,8.666666666666666,18,45.111111111111114,9.925925925925926,0.6666666666666666,1087,14.811407543698252,15.823367065317388,26.494940202391906,18.30726770929163,8.463661453541858,3183,385,1026,362,12.09550738297204,32.23374175306315,5.231017438302248,FALSE,FALSE,4-6,outside the Ring,West Berlin
016D,1803,1190,6.722689075630252,8.319327731092438,13.781512605042018,49.57983193277311,9.915966386554622,1.680672268907563,857,16.45274212368728,14.352392065344224,24.620770128354724,22.0536756126021,6.417736289381564,3784,403,1555,489,10.650105708245244,41.09408033826639,4.950564815008072,FALSE,FALSE,4-6,outside the Ring,West Berlin
016E,1899,1098,4.735883424408015,6.375227686703097,14.663023679417122,57.650273224043715,5.828779599271402,1.092896174863388,770,11.2987012987013,12.077922077922079,30.12987012987013,24.805194805194805,5.194805194805195,4376,479,2055,646,10.946069469835466,46.960694698354665,4.611531287942069,FALSE,FALSE,4-6,outside the Ring,West Berlin
016F,1796,1119,5.361930294906166,8.221626452189454,12.779267202859696,56.47899910634495,7.327971403038427,1.6085790884718498,834,11.870503597122303,12.949640287769784,27.218225419664268,24.22062350119904,5.275779376498801,3791,451,1459,627,11.896597203903983,38.485887628594035,4.593733095566677,FALSE,FALSE,4-6,outside the Ring,West Berlin
016G,2099,1258,9.141494435612083,8.028616852146264,11.92368839427663,51.669316375198726,7.790143084260731,1.2718600953895072,930,13.548387096774194,15.591397849462366,27.526881720430108,22.688172043010752,5.698924731182796,4780,532,2084,895,11.129707112970712,43.59832635983263,4.161076437751793,FALSE,FALSE,4-6,outside the Ring,West Berlin
016H,2012,1282,6.318252730109204,8.034321372854913,15.678627145085803,52.106084243369736,7.956318252730109,1.4820592823712948,888,10.923423423423424,14.18918918918919,30.96846846846847,25.9009009009009,3.6036036036036037,4580,410,2146,728,8.951965065502183,46.85589519650655,4.095628987156549,FALSE,FALSE,4-6,outside the Ring,West Berlin
016J,2080,1315,5.247148288973384,7.756653992395437,15.893536121673003,57.034220532319395,4.638783269961977,0.9885931558935361,1001,11.588411588411589,14.885114885114884,33.26673326673327,22.577422577422578,3.896103896103896,4942,429,2350,743,8.68069607446378,47.551598543099956,4.101636475444061,FALSE,FALSE,4-6,outside the Ring,West Berlin
016K,1918,1280,6.796875,9.296875,17.5,51.09375,5.234375,1.09375,985,16.85279187817259,12.690355329949238,33.2994923857868,20.101522842639593,4.365482233502538,3927,330,1639,521,8.403361344537815,41.73669467787115,4.285431908759193,FALSE,FALSE,4-6,outside the Ring,West Berlin
016L,1836,1254,11.802232854864434,9.968102073365232,16.666666666666668,38.59649122807018,12.360446570972886,1.674641148325359,1012,18.972332015810277,15.217391304347826,26.877470355731226,18.181818181818183,6.719367588932807,3130,487,919,470,15.559105431309904,29.361022364217252,4.15360930560799,FALSE,FALSE,4-6,outside the Ring,West Berlin
016M,2800,1762,7.888762769580023,11.350737797956867,14.585698070374574,47.559591373439275,8.51305334846765,1.7593643586833143,1188,16.245791245791246,18.68686868686869,29.377104377104377,19.276094276094277,5.05050505050505,6044,644,2674,1016,10.655195234943745,44.2422236929186,3.6063686898777614,FALSE,FALSE,2-4,outside the Ring,West Berlin
016N,2016,1210,4.710743801652892,9.338842975206612,12.975206611570249,58.099173553719005,5.785123966942149,0.8264462809917356,859,13.620488940628638,12.689173457508732,31.31548311990687,25.960419091967402,2.6775320139697323,4380,502,1961,781,11.461187214611872,44.77168949771689,3.8785288236681446,FALSE,FALSE,2-4,outside the Ring,West Berlin
016P,1892,1224,7.761437908496732,9.232026143790849,15.84967320261438,49.91830065359477,7.271241830065359,1.3071895424836601,844,16.46919431279621,16.46919431279621,29.265402843601894,19.66824644549763,5.331753554502369,3986,408,1661,682,10.235825388861013,41.6708479678876,3.625694216497555,FALSE,FALSE,2-4,outside the Ring,West Berlin
017A,2365,1532,8.681462140992167,9.203655352480418,15.796344647519582,49.869451697127936,6.788511749347259,1.174934725848564,1256,13.05732484076433,12.101910828025478,33.359872611464965,21.735668789808916,4.45859872611465,5616,505,2866,725,8.992165242165242,51.03276353276353,3.7711842883869546,FALSE,FALSE,2-4,outside the Ring,West Berlin
017B,2006,1212,10.313531353135314,11.551155115511552,14.191419141914192,41.254125412541256,6.518151815181518,2.227722772277228,826,20.702179176755447,18.765133171912833,24.092009685230025,12.590799031476998,4.116222760290557,4452,405,1652,1040,9.097035040431267,37.106918238993714,3.7453659493586082,TRUE,FALSE,2-4,inside the Ring,West Berlin
017C,2023,1293,10.59551430781129,9.899458623356535,14.694508894044857,43.31013147718484,8.43000773395205,1.3147718484145399,907,21.940463065049613,16.979051819184125,25.027563395810365,16.09702315325248,5.512679162072767,3958,343,1433,818,8.66599292572006,36.20515411824154,3.087161466245878,TRUE,FALSE,2-4,inside the Ring,West Berlin
017D,1859,1266,9.71563981042654,11.453396524486571,14.691943127962086,46.287519747235386,8.214849921011059,1.1058451816745656,976,19.262295081967213,17.315573770491802,28.58606557377049,16.08606557377049,5.430327868852459,3785,544,1554,605,14.372523117569353,41.05680317040951,3.4780765688099486,FALSE,FALSE,2-4,outside the Ring,West Berlin
017E,2851,1833,9.165302782324058,11.347517730496454,13.03873431533006,38.57064920894708,12.438625204582651,1.4729950900163666,1276,20.768025078369906,19.592476489028215,21.238244514106583,14.81191222570533,8.463949843260188,4962,677,1359,1014,13.643692059653366,27.388149939540508,3.3912768266635593,TRUE,FALSE,2-4,inside the Ring,West Berlin
017F,2012,1160,8.879310344827585,11.120689655172415,8.10344827586207,45.51724137931034,14.310344827586206,1.7241379310344827,822,22.62773722627737,21.046228710462287,16.909975669099758,14.476885644768856,8.75912408759124,3766,605,1114,938,16.064790228359,29.580456718003187,3.2949527390103794,TRUE,FALSE,2-4,inside the Ring,West Berlin
017G,1904,1221,10.81081081081081,11.384111384111383,15.806715806715808,42.75184275184275,7.125307125307125,1.556101556101556,914,17.067833698030636,16.958424507658645,27.461706783369802,18.052516411378555,5.25164113785558,3662,445,1261,657,12.151829601310759,34.43473511742217,2.9994176838722373,TRUE,FALSE,2-4,inside the Ring,West Berlin
017H,1957,1206,9.203980099502488,11.194029850746269,15.837479270315091,47.67827529021559,6.633499170812604,1.492537313432836,934,17.558886509635975,14.453961456102784,29.443254817987153,19.80728051391863,5.353319057815845,4614,462,2218,722,10.01300390117035,48.07108799306459,2.911902809162351,TRUE,FALSE,2-4,inside the Ring,West Berlin
017J,1639,1149,6.005221932114883,7.919930374238469,19.147084421235856,48.302872062663184,7.83289817232376,1.1314186248912097,873,14.0893470790378,12.943871706758305,34.47880870561283,19.35853379152348,4.581901489117984,4142,304,2122,510,7.339449541284404,51.23128923225495,3.1599650817410505,FALSE,FALSE,2-4,outside the Ring,West Berlin
017K,1772,1223,6.623058053965658,11.774325429272281,19.46034341782502,44.72608340147179,7.522485690923958,1.6353229762878168,892,14.349775784753364,14.013452914798206,34.64125560538117,20.96412556053812,4.484304932735426,3942,359,1798,606,9.10705225773719,45.61136478944698,2.7196975845086433,TRUE,FALSE,2-4,inside the Ring,West Berlin
017L,2248,1673,7.710699342498506,9.145248057381949,22.175732217573223,44.889420203227736,5.977286312014345,1.6138673042438734,1414,11.032531824611032,13.224893917963225,39.603960396039604,18.458274398868458,3.818953323903819,4082,379,1452,526,9.2846643802057809,35.57079862812347,3.2342871037409227,FALSE,FALSE,2-4,outside the Ring,West Berlin
017M,1751,1314,6.544901065449011,9.665144596651446,22.526636225266362,47.03196347031963,5.936073059360731,1.36986301369863,1006,9.44333996023857,15.009940357852882,37.8727634194831,21.570576540755468,3.1809145129224654,3140,310,1152,371,9.872611464968152,36.68789808917197,3.2880127269098973,FALSE,FALSE,2-4,outside the Ring,West Berlin
017N,3048,1918,13.555787278415016,14.02502606882169,9.59332638164755,38.26903023983316,12.565172054223149,1.5641293013555788,1323,25.62358276643991,18.065003779289494,21.08843537414966,15.948601662887377,7.558578987150415,4868,939,1202,966,19.28923582580115,24.69186524239934,2.537511452073631,TRUE,FALSE,2-4,inside the Ring,West Berlin
017P,1850,1105,8.959276018099548,11.855203619909503,12.850678733031675,42.44343891402715,9.864253393665159,2.3529411764705883,805,23.850931677018632,21.73913043478261,19.503105590062113,14.53416149068323,7.701863354037267,4588,491,2156,858,10.701830863121186,46.99215344376635,2.8201980144661296,TRUE,FALSE,2-4,inside the Ring,West Berlin
021A,988,826,16.222760290556902,12.953995157384988,29.90314769975787,22.397094430992738,5.447941888619854,3.1476997578692494,642,20.24922118380062,14.174454828660435,32.242990654205606,7.94392523364486,3.2710280373831777,1958,198,731,244,10.112359550561798,37.334014300306436,2.1392040439779687,TRUE,FALSE,2-4,inside the Ring,West Berlin
021B,2098,1280,10.9375,12.03125,12.890625,39.140625,8.28125,2.265625,986,22.00811359026369,19.97971602434077,22.718052738336713,12.778904665314402,5.070993914807302,5147,649,2622,977,12.60928696327958,50.94229648338838,1.3062642259765953,TRUE,FALSE,0-2,inside the Ring,West Berlin
021C,2265,1445,8.996539792387543,10.795847750865052,13.979238754325259,44.91349480968858,7.404844290657439,2.3529411764705883,1085,22.764976958525345,16.774193548387096,25.069124423963135,14.56221198156682,3.870967741935484,4375,393,1525,1009,8.982857142857142,34.857142857142854,1.7876293631851958,TRUE,FALSE,0-2,inside the Ring,West Berlin
021D,953,775,8.903225806451612,11.612903225806452,23.225806451612904,40.774193548387096,5.161290322580645,2.193548387096774,655,11.908396946564885,15.114503816793894,38.778625954198475,18.015267175572518,2.595419847328244,1514,208,441,178,13.738441215323647,29.128137384412152,2.104720992857212,TRUE,FALSE,2-4,inside the Ring,West Berlin
021E,897,726,12.672176308539944,11.707988980716253,29.889807162534435,30.71625344352617,4.545454545454546,1.6528925619834711,595,13.277310924369749,15.798319327731093,37.81512605042017,15.966386554621849,2.1848739495798317,1387,232,296,146,16.7267483777938,21.341023792357607,2.3810622562801114,TRUE,FALSE,2-4,inside the Ring,West Berlin
021F,924,826,7.38498789346247,9.927360774818402,40.0726392251816,34.74576271186441,1.4527845036319613,0.7263922518159807,679,11.192930780559646,14.43298969072165,43.888070692194404,15.758468335787924,1.4727540500736378,1360,308,239,137,22.647058823529413,17.573529411764707,2.590543072054081,TRUE,FALSE,2-4,inside the Ring,West Berlin
021G,2104,1289,13.809154383242824,9.930178432893715,15.050426687354538,38.94491854150504,6.904577191621412,2.1722265321955003,911,25.466520307354557,20.96597145993414,20.30735455543359,12.513721185510429,4.610318331503842,4623,528,1951,950,11.421155094094743,42.20203331170236,1.5790369701994003,TRUE,FALSE,0-2,inside the Ring,West Berlin
021H,2147,1296,9.182098765432098,9.25925925925926,13.580246913580247,46.99074074074074,5.401234567901234,1.9290123456790123,974,21.35523613963039,16.529774127310063,26.591375770020534,16.83778234086242,3.7987679671457903,3705,531,1037,970,14.331983805668017,27.989203778677464,2.034562913139601,TRUE,FALSE,2-4,inside the Ring,West Berlin
021J,2007,1268,9.936908517350158,11.750788643533124,14.274447949526813,42.35015772870663,8.438485804416404,1.3406940063091484,935,22.13903743315508,18.502673796791445,22.566844919786096,15.828877005347593,4.919786096256685,3838,609,1426,795,15.867639395518498,37.15476810838979,2.339062808120942,TRUE,FALSE,2-4,inside the Ring,West Berlin
021K,1071,710,8.450704225352112,11.830985915492958,14.366197183098592,47.183098591549296,7.183098591549296,0.9859154929577465,545,20.73394495412844,21.28440366972477,25.321100917431192,11.376146788990825,6.238532110091743,1840,265,530,474,14.402173913043478,28.804347826086957,2.0262426417505024,TRUE,FALSE,2-4,inside the Ring,West Berlin
021L,2146,1364,7.844574780058651,13.563049853372434,11.730205278592376,44.20821114369502,10.92375366568915,1.686217008797654,1059,22.474032105760152,21.34088762983947,23.607176581680832,13.220018885741265,5.571293673276676,4126,594,1522,831,14.396509936984973,36.88802714493456,2.1041868319088115,TRUE,FALSE,2-4,inside the Ring,West Berlin
021M,2009,1228,4.96742671009772,10.423452768729641,10.260586319218241,57.65472312703583,6.026058631921824,1.4657980456026058,847,20.188902007083826,18.417945690672962,22.31404958677686,21.13341204250295,4.250295159386068,4328,477,1729,976,11.021256931608134,39.94916820702403,2.7462507051458225,TRUE,FALSE,2-4,inside the Ring,West Berlin
021N,1832,989,9.504550050556118,12.133468149646108,8.088978766430738,52.072800808897874,7.684529828109201,1.5166835187057635,740,27.16216216216216,22.16216216216216,14.054054054054054,16.756756756756758,4.72972972972973,3455,538,1202,930,15.57163531114327,34.790159189580315,2.7057982722961342,TRUE,FALSE,2-4,inside the Ring,West Berlin
021P,2023,1353,4.656319290465632,7.317073170731708,17.29490022172949,58.1670362158167,2.6607538802660753,1.2564671101256466,978,12.269938650306749,13.190184049079754,31.186094069529652,29.038854805725972,1.8404907975460123,3618,547,1236,655,15.118850193477058,34.16252072968491,3.111365147113993,TRUE,FALSE,2-4,inside the Ring,West Berlin
021Q,1826,1341,4.325130499627144,7.233407904548844,21.327367636092468,55.257270693512304,2.087994034302759,0.8948545861297539,1107,10.38843721770551,12.285456187895212,35.04968383017164,27.280939476061427,1.8066847335140017,3229,445,1039,556,13.781356457107464,32.17714462681945,3.3296179197310876,TRUE,FALSE,2-4,inside the Ring,West Berlin
021R,1991,1359,4.267844002943341,7.28476821192053,16.777041942604857,58.79323031640912,3.3112582781456954,1.177336276674025,1053,11.68091168091168,12.915479582146249,28.01519468186135,29.72459639126306,3.038936372269706,3930,569,1539,741,14.478371501272264,39.16030534351145,3.6669949698467104,TRUE,FALSE,2-4,inside the Ring,West Berlin
021S,1925,1357,4.200442151805453,8.032424465733236,17.907148120854828,55.490051584377305,3.0950626381724393,1.2527634487840826,1129,11.426040744021257,13.551815766164747,33.83525243578388,26.83790965456156,2.0372010628875112,3474,453,1114,711,13.03972366148532,32.06678180771445,3.74019162843178,TRUE,FALSE,2-4,inside the Ring,West Berlin
021T,1779,1336,5.4640718562874255,9.431137724550899,18.48802395209581,53.293413173652695,4.640718562874252,0.8233532934131736,1042,12.380038387715931,15.259117082533589,34.26103646833013,24.664107485604607,1.8234165067178503,2930,412,838,454,14.061433447098976,28.600682593856654,4.014502974253657,TRUE,FALSE,4-6,inside the Ring,West Berlin
021U,929,755,5.960264900662252,7.814569536423841,27.68211920529801,47.28476821192053,3.1788079470198674,0.7947019867549668,610,8.19672131147541,13.60655737704918,37.540983606557376,26.885245901639344,1.4754098360655739,1634,241,561,155,14.749082007343942,34.332925336597306,4.063846091578305,TRUE,FALSE,4-6,inside the Ring,West Berlin
021V,918,702,8.262108262108262,8.262108262108262,24.501424501424502,44.87179487179487,2.9914529914529915,1.7094017094017093,578,8.477508650519031,14.359861591695502,37.37024221453287,23.529411764705884,1.5570934256055364,1530,202,483,205,13.202614379084967,31.568627450980394,4.435697573893272,TRUE,FALSE,4-6,inside the Ring,West Berlin
022A,912,722,9.695290858725762,12.049861495844876,27.700831024930746,38.227146814404435,3.3240997229916895,1.8005540166204985,580,11.206896551724139,13.448275862068966,43.44827586206897,16.551724137931036,2.413793103448276,1440,145,378,191,10.069444444444445,26.25,3.028759628200026,TRUE,FALSE,2-4,inside the Ring,West Berlin
022B,989,801,6.367041198501872,11.735330836454432,27.21598002496879,42.82147315855181,3.620474406991261,0.8739076154806492,662,8.761329305135952,13.746223564954683,43.957703927492446,17.673716012084594,1.8126888217522659,1616,186,429,202,11.509900990099009,26.547029702970296,3.3545386242191686,TRUE,FALSE,2-4,inside the Ring,West Berlin
022C,976,839,16.090584028605484,10.131108462455304,33.373063170441,26.579261025029798,2.9797377830750893,2.026221692491061,725,16.96551724137931,15.448275862068966,40.41379310344828,12,1.793103448275862,1500,156,283,152,10.4,18.866666666666667,3.1848256235046204,TRUE,FALSE,2-4,inside the Ring,West Berlin
022D,941,780,8.974358974358974,12.435897435897436,24.102564102564102,42.82051282051282,1.9230769230769231,2.051282051282051,686,11.078717201166182,15.306122448979592,40.2332361516035,17.93002915451895,1.3119533527696794,1561,198,436,177,12.684176809737348,27.930813581037796,2.853277487153068,TRUE,FALSE,2-4,inside the Ring,West Berlin
022E,1092,938,11.087420042643924,13.326226012793176,28.35820895522388,33.582089552238806,4.371002132196162,1.492537313432836,759,11.989459815546772,16.073781291172594,39.92094861660079,15.942028985507246,3.689064558629776,1658,264,419,213,15.922798552472859,25.271411338962604,2.8360606424218857,TRUE,FALSE,2-4,inside the Ring,West Berlin
022F,1048,847,9.445100354191263,11.806375442739078,25.619834710743802,41.20425029515938,4.132231404958677,1.6528925619834711,801,10.362047440699126,14.731585518102372,46.81647940074907,16.604244694132333,1.9975031210986267,1666,240,426,218,14.40576230492197,25.570228091236494,2.666495204553983,TRUE,FALSE,2-4,inside the Ring,West Berlin
022G,1032,821,7.429963459196102,9.7442143727162,21.680876979293544,48.59926918392205,4.750304506699147,1.218026796589525,660,9.848484848484848,13.787878787878787,39.09090909090909,22.727272727272727,3.9393939393939394,1807,224,613,213,12.396236856668512,33.923630326508025,2.3700182417184834,TRUE,FALSE,2-4,inside the Ring,West Berlin
022H,1065,758,8.70712401055409,10.422163588390502,23.614775725593667,42.21635883905013,5.54089709762533,1.5831134564643798,634,12.77602523659306,16.08832807570978,33.91167192429022,21.451104100946374,2.996845425867508,1789,260,573,280,14.533258803801006,32.0290665176076,2.516744541212259,TRUE,FALSE,2-4,inside the Ring,West Berlin
022J,1029,811,6.658446362515413,8.877928483353884,26.51048088779285,45.99260172626387,2.342786683107275,1.6029593094944512,674,10.534124629080118,17.2106824925816,39.61424332344214,17.062314540059347,2.373887240356083,1806,248,638,232,13.732004429678849,35.326688815060905,2.896193745751042,TRUE,FALSE,2-4,inside the Ring,West Berlin
022K,939,764,11.780104712041885,11.649214659685864,25.654450261780106,34.55497382198953,5.890052356020942,1.8324607329842932,674,17.062314540059347,16.172106824925816,37.68545994065282,13.649851632047477,2.373887240356083,1471,251,365,203,17.063222297756628,24.813052345343305,3.3439948082436257,TRUE,FALSE,2-4,inside the Ring,West Berlin
022L,981,780,6.153846153846154,10,27.94871794871795,41.666666666666664,3.8461538461538463,1.4102564102564104,635,12.440944881889763,16.22047244094488,37.48031496062992,19.68503937007874,2.5196850393700787,1471,209,319,239,14.208021753908906,21.68592794017675,3.1639544041108185,TRUE,FALSE,2-4,inside the Ring,West Berlin
022M,1102,861,8.478513356562138,12.311265969802555,25.551684088269454,41.92799070847851,2.3228803716608595,1.1614401858304297,695,8.776978417266188,13.381294964028777,40.28776978417266,22.158273381294965,2.8776978417266186,1530,335,264,188,21.895424836601308,17.254901960784313,3.42453829046462,TRUE,FALSE,2-4,inside the Ring,West Berlin
022N,1043,856,8.411214953271028,9.813084112149532,26.869158878504674,41.705607476635514,3.5046728971962615,0.7009345794392523,722,9.97229916897507,14.265927977839334,37.53462603878116,22.714681440443215,2.6315789473684212,1590,288,331,201,18.11320754716981,20.81761006289308,3.4108397605843774,TRUE,FALSE,2-4,inside the Ring,West Berlin
022P,980,811,6.165228113440198,9.98766954377312,27.743526510480887,45.86929716399507,2.7127003699136867,0.8631319358816276,697,9.182209469153515,15.781922525107603,41.1764705882353,19.225251076040173,1.4347202295552368,1478,235,350,193,15.899864682002706,23.68064952638701,3.320507210882982,TRUE,FALSE,2-4,inside the Ring,West Berlin
022Q,1042,801,6.741573033707865,10.362047440699126,23.72034956304619,45.56803995006242,2.871410736579276,1.6229712858926342,667,13.043478260869565,15.892053973013493,35.83208395802099,20.689655172413794,2.2488755622188905,1612,255,415,290,15.818858560794045,25.744416873449133,3.2243449843611147,TRUE,FALSE,2-4,inside the Ring,West Berlin
022R,1065,862,6.612529002320185,10.556844547563806,24.593967517401392,45.475638051044086,3.1322505800464038,1.3921113689095128,695,10.79136690647482,15.53956834532374,38.41726618705036,20.431654676258994,2.302158273381295,1757,155,525,217,8.821855435401252,29.8804780876494,3.057637210867554,TRUE,FALSE,2-4,inside the Ring,West Berlin
022S,1063,850,7.764705882352941,11.764705882352942,24.58823529411765,44.23529411764706,2.588235294117647,0.9411764705882353,689,9.433962264150944,15.384615384615385,41.944847605224965,21.04499274310595,1.741654571843251,1704,193,477,217,11.326291079812206,27.992957746478872,2.932220902324423,TRUE,FALSE,2-4,inside the Ring,West Berlin
022T,1065,828,9.178743961352657,9.782608695652174,22.82608695652174,43.35748792270532,5.676328502415459,1.8115942028985508,673,11.292719167904904,15.453194650817236,37.444279346211,21.2481426448737,3.5661218424962855,1818,241,606,242,13.256325632563255,33.333333333333336,2.5987746778818503,TRUE,FALSE,2-4,inside the Ring,West Berlin
022U,1009,633,5.529225908372828,10.268562401263823,12.480252764612954,52.60663507109005,5.055292259083728,1.263823064770932,459,15.686274509803921,16.122004357298476,31.372549019607842,18.736383442265794,3.7037037037037037,1841,274,585,442,14.883215643671917,31.77620858229223,2.8575990075053435,TRUE,FALSE,2-4,inside the Ring,West Berlin
022V,868,697,7.604017216642755,7.604017216642755,26.829268292682926,44.90674318507891,4.30416068866571,1.721664275466284,529,10.207939508506616,13.799621928166351,41.965973534971646,20.982986767485823,1.890359168241966,1418,190,411,231,13.399153737658674,28.98448519040903,2.8373611111047423,TRUE,FALSE,2-4,inside the Ring,West Berlin
022W,902,748,5.882352941176471,10.695187165775401,29.81283422459893,43.850267379679146,2.406417112299465,0.5347593582887701,597,9.045226130653266,13.23283082077052,46.39865996649916,20.100502512562816,0.8375209380234506,1468,170,386,171,11.580381471389646,26.294277929155314,2.913129362141484,TRUE,FALSE,2-4,inside the Ring,West Berlin
022X,927,708,8.474576271186441,11.864406779661017,27.401129943502823,39.83050847457627,3.9548022598870056,1.271186440677966,580,9.310344827586206,15.172413793103448,41.89655172413793,22.06896551724138,2.586206896551724,1551,233,485,246,15.022566086395873,31.27014829142489,3.0719991284609187,TRUE,FALSE,2-4,inside the Ring,West Berlin
022Y,1124,909,7.260726072607261,12.43124312431243,32.45324532453245,36.633663366336634,2.8602860286028604,1.87018701870187,750,12,15.866666666666667,43.2,17.333333333333332,0.8,1872,256,534,206,13.675213675213675,28.525641025641026,3.307981614966082,TRUE,FALSE,2-4,inside the Ring,West Berlin
022Z,866,736,7.336956521739131,10.326086956521738,31.52173913043478,38.858695652173914,2.717391304347826,1.6304347826086956,590,10.508474576271187,15.423728813559322,40.67796610169491,17.28813559322034,2.0338983050847457,1180,186,193,128,15.76271186440678,16.35593220338983,3.7244166579686535,TRUE,FALSE,2-4,inside the Ring,West Berlin
022ZA,921,788,7.868020304568528,8.248730964467006,28.426395939086294,44.923857868020306,2.5380710659898478,1.3959390862944163,658,7.750759878419453,13.221884498480243,45.2887537993921,20.66869300911854,1.6717325227963526,1506,164,407,142,10.889774236387781,27.02523240371846,3.3427222883123022,TRUE,FALSE,2-4,inside the Ring,West Berlin
022ZB,940,798,10.150375939849624,13.408521303258146,29.82456140350877,33.83458646616541,3.8847117794486214,1.2531328320802004,658,15.349544072948328,15.653495440729483,40.88145896656535,16.869300911854104,1.9756838905775076,1425,191,283,132,13.403508771929825,19.859649122807017,3.1992150202436047,TRUE,FALSE,2-4,inside the Ring,West Berlin
022ZC,1028,889,10.573678290213723,11.023622047244094,31.946006749156357,35.77052868391451,3.1496062992125986,0.8998875140607424,756,14.814814814814815,13.88888888888889,42.72486772486773,17.857142857142858,1.4550264550264551,1431,184,255,133,12.858141160027952,17.81970649895178,3.526057528761743,TRUE,FALSE,2-4,inside the Ring,West Berlin
022ZD,995,848,9.55188679245283,11.084905660377359,25.117924528301888,40.68396226415094,3.419811320754717,2.240566037735849,753,12.48339973439575,16.334661354581673,38.114209827357236,20.584329349269588,1.593625498007968,1397,230,231,172,16.4638511095204,16.53543307086614,3.5276150098709738,TRUE,FALSE,2-4,inside the Ring,West Berlin
022ZE,1026,870,7.7011494252873565,13.793103448275861,29.54022988505747,38.160919540229884,4.022988505747127,0.8045977011494253,717,11.297071129707113,17.433751743375176,37.517433751743376,21.05997210599721,2.510460251046025,1512,221,295,154,14.616402116402117,19.51058201058201,3.7257173825330727,TRUE,FALSE,2-4,inside the Ring,West Berlin
022ZF,951,757,5.284015852047556,10.435931307793924,26.81638044914135,43.59313077939234,5.019815059445178,1.0568031704095113,632,10.284810126582279,17.088607594936708,40.822784810126585,19.462025316455698,2.5316455696202533,1579,238,418,222,15.07283090563648,26.472450918302723,3.8176716445389767,TRUE,FALSE,2-4,inside the Ring,West Berlin
022ZG,968,774,6.072351421188631,9.560723514211887,24.41860465116279,48.44961240310077,3.746770025839793,1.550387596899225,636,10.377358490566039,10.69182389937107,43.23899371069182,22.0125786163522,2.20125786163522,1525,205,408,163,13.442622950819672,26.75409836065574,3.8429188304068025,TRUE,FALSE,2-4,inside the Ring,West Berlin
022ZH,992,599,4.507512520868113,7.679465776293823,12.353923205342237,59.76627712854758,2.5041736227045077,1.1686143572621035,433,18.937644341801384,10.392609699769054,32.10161662817552,23.094688221709006,1.6166281755196306,2106,206,717,530,9.781576448243115,34.04558404558404,3.9867661778128274,TRUE,FALSE,2-4,inside the Ring,West Berlin
022ZJ,1041,780,5.897435897435898,8.717948717948717,21.53846153846154,52.05128205128205,2.4358974358974357,1.5384615384615385,571,12.43432574430823,12.259194395796847,38.879159369527144,23.117338003502628,1.7513134851138354,1623,145,444,266,8.93407270486753,27.35674676524954,4.262022746842646,TRUE,FALSE,4-6,inside the Ring,West Berlin
022ZK,1020,749,4.138851802403204,9.746328437917223,21.2283044058745,51.66889185580774,3.4712950600801067,0.9345794392523364,582,7.0446735395189,11.512027491408935,41.065292096219935,25.945017182130584,1.7182130584192439,1996,218,789,315,10.92184368737475,39.52905811623246,4.22665057006715,TRUE,FALSE,4-6,inside the Ring,West Berlin
023A,1785,1276,4.623824451410658,9.247648902821316,17.63322884012539,56.58307210031348,2.8213166144200628,0.4702194357366771,1081,13.691026827012026,15.541165587419057,28.029602220166513,26.179463459759482,2.590194264569843,3157,496,1010,661,15.711118150142541,31.99239784605638,3.3735051560657046,TRUE,FALSE,2-4,inside the Ring,West Berlin
023B,982,812,6.0344827586206895,9.113300492610838,33.49753694581281,40.02463054187192,3.2019704433497536,1.477832512315271,693,10.822510822510823,11.3997113997114,44.877344877344875,22.7994227994228,1.1544011544011543,1496,150,395,143,10.026737967914439,26.40374331550802,3.6183135844855596,TRUE,FALSE,2-4,inside the Ring,West Berlin
023C,968,717,6.834030683403069,10.181311018131101,25.24407252440725,46.72245467224547,2.510460251046025,1.1157601115760112,588,11.904761904761905,16.3265306122449,37.074829931972786,20.74829931972789,2.0408163265306123,1543,338,377,222,21.905379131561894,24.43292287751134,3.9619641818098006,TRUE,FALSE,2-4,inside the Ring,West Berlin
023D,859,652,5.521472392638037,8.282208588957054,25.153374233128833,49.5398773006135,2.7607361963190185,0.6134969325153374,544,10.110294117647058,13.419117647058824,45.036764705882355,20.58823529411765,0.9191176470588235,1610,207,589,242,12.857142857142858,36.58385093167702,3.7533510441853992,TRUE,FALSE,2-4,inside the Ring,West Berlin
023E,974,646,5.108359133126935,8.513931888544892,17.647058823529413,55.26315789473684,4.643962848297214,1.5479876160990713,468,14.316239316239317,15.384615384615385,31.41025641025641,24.145299145299145,2.1367521367521367,1850,237,649,381,12.81081081081081,35.08108108108108,3.5918189301608168,TRUE,FALSE,2-4,inside the Ring,West Berlin
023F,1007,735,4.35374149659864,8.979591836734693,17.687074829931973,54.5578231292517,3.5374149659863945,1.9047619047619047,580,11.724137931034482,12.931034482758621,38.44827586206897,26.03448275862069,2.586206896551724,2030,222,862,321,10.935960591133005,42.46305418719212,3.8385874149720736,TRUE,FALSE,2-4,inside the Ring,West Berlin
023G,974,791,5.815423514538558,10.11378002528445,25.663716814159294,48.419721871049305,1.7699115044247788,1.1378002528445006,653,7.3506891271056665,13.629402756508423,43.18529862174579,23.736600306278714,1.6845329249617151,1588,183,455,213,11.523929471032746,28.652392947103273,3.9030569489057187,TRUE,FALSE,2-4,inside the Ring,West Berlin
023H,1034,827,5.4413542926239415,9.673518742442564,23.70012091898428,49.93954050785973,2.418379685610641,0.4836759371221282,624,9.134615384615385,13.621794871794872,38.62179487179487,27.403846153846153,1.6025641025641026,1730,212,532,230,12.254335260115607,30.751445086705203,4.2739420600552505,TRUE,FALSE,4-6,inside the Ring,West Berlin
023J,1041,801,5.368289637952559,8.98876404494382,19.600499375780274,59.675405742821475,1.4981273408239701,0.12484394506866417,594,9.090909090909092,10.942760942760943,41.41414141414141,29.292929292929294,1.5151515151515151,1802,222,573,204,12.319644839067703,31.798002219755826,4.101908309121011,TRUE,FALSE,4-6,inside the Ring,West Berlin
023K,987,747,4.953145917001339,6.157965194109773,18.87550200803213,57.965194109772426,2.8112449799196786,0.6693440428380187,559,9.30232558139535,11.627906976744185,41.14490161001789,27.906976744186046,1.6100178890876566,1869,170,645,281,9.095773140716961,34.51043338683788,4.395512017626067,TRUE,FALSE,4-6,inside the Ring,West Berlin
023L,954,734,4.632152588555858,9.400544959128066,19.754768392370572,56.53950953678474,2.5885558583106265,0.4087193460490463,605,9.75206611570248,11.074380165289256,37.02479338842975,29.09090909090909,1.1570247933884297,1814,199,636,252,10.970231532524807,35.0606394707828,4.570876956110541,TRUE,FALSE,4-6,inside the Ring,West Berlin
023M,992,750,8.133333333333333,8.133333333333333,20.8,50.13333333333333,4.933333333333334,1.0666666666666667,560,10.892857142857142,12.321428571428571,40,24.285714285714285,1.6071428571428572,1753,202,611,253,11.52310325156874,34.854535082715344,4.682569799641154,TRUE,FALSE,4-6,inside the Ring,West Berlin
023N,1058,861,9.523809523809524,10.801393728222996,23.112659698025553,45.87688734030198,2.7874564459930316,1.5098722415795587,668,12.275449101796408,13.622754491017965,41.31736526946108,23.20359281437126,1.6467065868263473,1743,205,458,222,11.761331038439472,26.27653471026965,4.648549518533835,TRUE,FALSE,4-6,inside the Ring,West Berlin
023P,946,704,5.3977272727272725,6.9602272727272725,22.301136363636363,52.13068181818182,5.823863636363637,0.9943181818181818,568,9.859154929577464,11.971830985915492,41.19718309859155,23.943661971830984,2.288732394366197,1508,197,447,159,13.063660477453581,29.641909814323608,4.976543467962838,TRUE,FALSE,4-6,inside the Ring,West Berlin
023Q,1002,794,4.282115869017632,6.54911838790932,17.002518891687657,63.09823677581864,1.8891687657430731,1.1335012594458438,626,5.9105431309904155,12.779552715654953,36.5814696485623,28.594249201277954,2.07667731629393,1843,202,667,263,10.960390667390124,36.19099294628323,4.583078768289031,TRUE,FALSE,4-6,inside the Ring,West Berlin
023R,1000,748,4.278074866310161,4.679144385026738,22.192513368983956,58.8235294117647,2.272727272727273,0.5347593582887701,609,6.568144499178982,10.016420361247947,42.692939244663386,28.07881773399015,1.80623973727422,1861,245,683,314,13.164965072541644,36.700698549167114,4.730489109546778,TRUE,FALSE,4-6,inside the Ring,West Berlin
023S,903,751,5.193075898801598,6.391478029294274,19.30758988015979,59.92010652463382,3.8615179760319576,0.6657789613848203,610,7.213114754098361,11.147540983606557,35.24590163934426,31.639344262295083,1.639344262295082,1565,162,512,172,10.351437699680512,32.715654952076676,4.878056561138037,TRUE,FALSE,4-6,inside the Ring,West Berlin
023T,1039,851,4.112808460634548,4.81786133960047,25.381903642773207,54.75910693301998,3.525264394829612,0,709,7.052186177715091,8.744710860366714,37.09449929478138,30.8885754583921,1.9746121297602257,1782,172,567,222,9.652076318742985,31.818181818181817,5.036185807535177,TRUE,FALSE,4-6,inside the Ring,West Berlin
023U,870,687,5.240174672489083,9.170305676855895,23.435225618631733,51.09170305676856,2.183406113537118,1.0189228529839884,585,10.427350427350428,11.623931623931623,40.17094017094017,23.247863247863247,1.8803418803418803,1424,147,430,170,10.323033707865168,30.196629213483146,5.184883665136322,TRUE,FALSE,4-6,inside the Ring,West Berlin
023V,1037,832,13.58173076923077,9.615384615384615,24.51923076923077,33.77403846153846,5.288461538461538,2.764423076923077,727,14.580467675378268,13.75515818431912,35.900962861072905,12.792297111416781,3.1636863823933976,2231,115,962,214,5.154639175257732,43.119677274764676,5.477362502046352,TRUE,TRUE,4-6,inside the Ring,East Berlin
023W,838,697,8.60832137733142,7.173601147776184,16.3558106169297,49.21090387374462,6.025824964131994,2.152080344332855,583,13.722126929674099,13.550600343053173,32.41852487135506,20.58319039451115,3.6020583190394513,1353,96,351,117,7.095343680709535,25.942350332594234,5.336936322895038,TRUE,TRUE,4-6,inside the Ring,East Berlin
023X,1032,846,8.865248226950355,9.929078014184396,20.685579196217493,43.498817966903076,5.791962174940898,1.6548463356973995,725,8.413793103448276,11.586206896551724,38.89655172413793,20.689655172413794,3.586206896551724,1719,68,573,155,3.9557882489819662,33.333333333333336,5.309421963566621,TRUE,TRUE,4-6,inside the Ring,East Berlin
023Y,1022,844,8.886255924170616,7.345971563981043,23.222748815165875,49.052132701421804,3.3175355450236967,1.8957345971563981,679,7.069219440353461,10.456553755522828,38.586156111929306,24.889543446244478,2.7982326951399115,1777,50,593,173,2.8137310073157007,33.37084974676421,5.163722627715084,TRUE,TRUE,4-6,inside the Ring,East Berlin
023Z,1006,829,7.720144752714114,8.323281061519904,19.300361881785282,50.42219541616405,3.860072376357057,1.6887816646562124,727,12.929848693259972,11.691884456671252,32.04951856946355,22.833562585969737,3.576341127922971,1807,67,675,173,3.707802988378528,37.35473159933591,5.630276593538067,TRUE,TRUE,4-6,inside the Ring,East Berlin
023ZA,1030,853,7.737397420867526,11.48886283704572,13.716295427901525,48.18288393903869,7.737397420867526,0.5861664712778429,748,14.304812834224599,12.70053475935829,28.20855614973262,24.46524064171123,3.2085561497326203,1283,190,127,74,14.809041309431022,9.89867498051442,5.947763714703909,TRUE,TRUE,4-6,inside the Ring,East Berlin
023ZB,979,817,9.424724602203183,8.200734394124847,25.458996328029375,43.57405140758874,4.039167686658507,1.4687882496940023,686,10.932944606413994,11.661807580174926,36.29737609329446,22.011661807580175,3.061224489795918,1536,74,367,155,4.817708333333333,23.893229166666668,6.135723063805594,TRUE,TRUE,6-8,inside the Ring,East Berlin
023ZC,966,831,6.618531889290012,6.979542719614922,21.660649819494584,49.57882069795427,4.813477737665464,1.444043321299639,663,6.184012066365008,10.558069381598793,39.06485671191554,21.71945701357466,3.0165912518853695,1499,48,352,165,3.202134756504336,23.482321547698465,6.302721323410894,TRUE,TRUE,6-8,inside the Ring,East Berlin
023ZD,1000,883,15.968289920724802,10.87202718006795,32.276330690826725,27.746319365798414,3.5107587768969424,1.9252548131370328,767,14.99348109517601,12.385919165580182,39.895697522816164,13.03780964797914,1.4341590612777053,1689,73,290,138,4.322084073416223,17.169923031379515,5.982136440499548,TRUE,TRUE,4-6,inside the Ring,East Berlin
023ZE,1053,830,9.036144578313253,8.072289156626505,20.481927710843372,46.024096385542165,6.385542168674699,1.8072289156626506,676,7.6923076923076925,10.355029585798816,40.828402366863905,20.118343195266274,3.106508875739645,1931,110,720,208,5.696530295183843,37.286380113930605,6.084688345206926,TRUE,TRUE,6-8,inside the Ring,East Berlin
023ZF,988,701,8.7018544935806,8.7018544935806,11.412268188302425,41.940085592011414,15.549215406562054,1.9971469329529243,554,16.24548736462094,15.703971119133573,21.660649819494584,18.95306859205776,9.025270758122744,1669,190,518,158,11.384062312762133,31.03654883163571,5.72025434196023,TRUE,TRUE,4-6,inside the Ring,East Berlin
023ZG,950,749,7.4766355140186915,8.144192256341789,18.55807743658211,46.461949265687586,7.4766355140186915,2.5367156208277706,606,9.075907590759076,11.716171617161717,33.663366336633665,18.151815181518153,4.9504950495049505,1755,85,662,161,4.843304843304844,37.72079772079772,6.035516037630712,TRUE,TRUE,6-8,inside the Ring,East Berlin
023ZH,816,691,18.08972503617945,8.972503617945007,24.891461649782922,29.52243125904486,6.657018813314037,2.460202604920405,606,18.81188118811881,12.046204620462046,37.788778877887786,10.231023102310232,2.6402640264026402,1345,67,244,160,4.981412639405204,18.141263940520446,6.496013278347901,FALSE,TRUE,6-8,outside the Ring,East Berlin
023ZJ,886,674,17.359050445103858,11.72106824925816,29.080118694362017,25.66765578635015,5.786350148367952,2.077151335311573,649,19.722650231124806,12.63482280431433,36.517719568567024,10.015408320493066,2.9275808936825887,1243,197,184,88,15.84875301689461,14.802896218825422,6.714600784628154,FALSE,TRUE,6-8,outside the Ring,East Berlin
023ZK,890,751,20.63914780292943,12.117177097203728,21.03861517976032,24.63382157123835,9.85352862849534,2.130492676431425,746,22.386058981233244,20.241286863270776,23.056300268096514,11.662198391420912,4.959785522788204,1262,205,148,104,16.24405705229794,11.727416798732172,6.920101762533001,FALSE,TRUE,6-8,outside the Ring,East Berlin
023ZL,897,732,23.770491803278688,11.202185792349727,20.081967213114755,18.169398907103826,11.475409836065573,3.6885245901639343,723,25.172890733056708,15.767634854771785,28.492392807745503,7.468879668049793,4.011065006915629,1304,154,148,119,11.809815950920246,11.349693251533742,7.314386009786066,FALSE,TRUE,6-8,outside the Ring,East Berlin
024A,1828,1194,13.73534338358459,9.380234505862646,7.28643216080402,38.52596314907873,16.08040201005025,2.1775544388609713,1061,21.960414703110274,17.6248821866164,10.838831291234685,25.730442978322337,10.08482563619227,2817,774,739,334,27.476038338658146,26.233581824636136,3.3392940944867435,TRUE,TRUE,2-4,inside the Ring,East Berlin
024B,1895,1263,13.143309580364212,10.60965954077593,11.163895486935868,33.966745843230406,15.914489311163896,1.8210609659540775,1006,21.073558648111334,21.073558648111334,11.530815109343937,23.359840954274354,9.244532803180915,2950,743,716,399,25.1864406779661,24.271186440677965,3.5428765289686948,TRUE,TRUE,2-4,inside the Ring,East Berlin
024C,893,641,11.076443057722308,9.67238689547582,8.268330733229329,34.477379095163805,20.12480499219969,2.0280811232449296,558,21.50537634408602,18.100358422939067,9.13978494623656,21.32616487455197,12.724014336917563,1363,279,301,156,20.469552457813645,22.083639031548056,3.7130658098306966,TRUE,TRUE,2-4,inside the Ring,East Berlin
024D,1063,802,8.852867830423941,8.977556109725686,16.209476309226932,39.02743142144639,12.967581047381547,1.8703241895261846,688,14.825581395348838,16.13372093023256,23.546511627906977,20.78488372093023,7.848837209302325,1755,185,464,209,10.54131054131054,26.43874643874644,3.730775717574943,TRUE,TRUE,2-4,inside the Ring,East Berlin
024E,1072,823,11.907654921020656,13.001215066828676,12.879708383961118,38.639125151883356,11.300121506682867,1.2150668286755772,658,20.364741641337385,21.580547112462007,21.88449848024316,16.717325227963524,6.686930091185411,1725,316,473,160,18.318840579710145,27.420289855072465,4.241745202026792,TRUE,TRUE,4-6,inside the Ring,East Berlin
024F,1168,954,15.30398322851153,10.58700209643606,18.448637316561843,34.59119496855346,8.280922431865829,3.9832285115303985,738,15.040650406504065,16.260162601626018,26.558265582655828,16.937669376693766,3.794037940379404,2031,142,704,255,6.9916297390448054,34.66272772033481,4.13899714573223,TRUE,TRUE,4-6,inside the Ring,East Berlin
024G,861,658,13.373860182370821,12.462006079027356,9.270516717325227,36.62613981762918,14.74164133738602,1.9756838905775076,565,18.938053097345133,18.761061946902654,18.58407079646018,23.539823008849556,6.725663716814159,1282,345,269,152,26.911076443057723,20.982839313572544,3.8929539310448162,TRUE,TRUE,2-4,inside the Ring,East Berlin
024H,952,733,9.140518417462483,9.004092769440655,16.780354706684857,43.79263301500682,8.458390177353342,2.4556616643929057,623,16.853932584269664,17.335473515248797,22.150882825040128,22.63242375601926,6.260032102728732,1596,173,515,156,10.839598997493734,32.26817042606516,4.109316326288538,TRUE,TRUE,4-6,inside the Ring,East Berlin
024J,1074,958,14.091858037578287,11.377870563674321,27.870563674321502,26.931106471816285,6.680584551148225,2.4008350730688934,844,17.89099526066351,15.402843601895734,36.611374407582936,12.085308056872037,3.3175355450236967,1578,167,218,136,10.583016476552599,13.814955640050696,4.434605081532743,TRUE,TRUE,4-6,inside the Ring,East Berlin
024K,1032,821,8.76979293544458,9.987819732034104,22.77710109622412,40.68209500609014,5.724725943970768,1.3398294762484775,729,11.796982167352537,16.323731138545952,31.550068587105624,19.89026063100137,3.429355281207133,1576,112,370,133,7.106598984771574,23.477157360406093,4.763318997068194,TRUE,TRUE,4-6,inside the Ring,East Berlin
024L,915,728,8.653846153846153,9.065934065934066,20.32967032967033,44.642857142857146,6.730769230769231,1.098901098901099,613,11.419249592169658,15.33442088091354,32.62642740619902,20.391517128874387,4.404567699836868,1495,101,411,151,6.7558528428093645,27.49163879598662,4.9455958346705335,TRUE,TRUE,4-6,inside the Ring,East Berlin
024M,1040,796,7.4120603015075375,9.296482412060302,20.85427135678392,39.949748743718594,9.798994974874372,1.6331658291457287,656,12.042682926829269,14.329268292682928,31.25,20.274390243902438,6.097560975609756,1586,122,334,127,7.6923076923076925,21.059268600252206,5.052017817675358,TRUE,TRUE,4-6,inside the Ring,East Berlin
024N,992,744,8.333333333333334,9.005376344086022,18.682795698924732,42.33870967741935,11.021505376344086,1.478494623655914,656,11.432926829268293,14.024390243902438,34.90853658536585,19.664634146341463,5.335365853658536,1770,150,638,158,8.474576271186441,36.045197740113,5.087256250201775,TRUE,TRUE,4-6,inside the Ring,East Berlin
024P,1073,839,6.197854588796186,9.535160905840286,21.93087008343266,47.07985697258641,5.00595947556615,1.430274135876043,673,9.955423476968797,12.184249628528974,33.7295690936107,21.545319465081725,6.092124814264487,1672,62,435,167,3.708133971291866,26.016746411483254,5.153760712722893,TRUE,TRUE,4-6,inside the Ring,East Berlin
024Q,1060,875,9.142857142857142,9.714285714285714,17.6,44,8.457142857142857,1.6,753,14.209827357237716,15.272244355909695,26.56042496679947,26.02921646746348,6.108897742363878,1544,218,337,153,14.119170984455959,21.826424870466322,4.584530326651321,TRUE,TRUE,4-6,inside the Ring,East Berlin
024R,899,720,9.305555555555555,10.555555555555555,17.083333333333332,43.611111111111114,8.472222222222221,1.9444444444444444,631,12.836767036450079,17.27416798732171,28.20919175911252,25.198098256735342,3.803486529318542,1277,119,272,101,9.318715740015662,21.29992169146437,4.731762168729114,TRUE,TRUE,4-6,inside the Ring,East Berlin
024S,1062,894,9.955257270693512,9.955257270693512,24.496644295302012,38.03131991051454,5.480984340044743,1.9015659955257271,711,11.673699015471167,18.424753867791843,32.34880450070324,19.831223628691983,4.360056258790436,1755,86,484,168,4.9002849002849,27.57834757834758,4.850723518435781,TRUE,TRUE,4-6,inside the Ring,East Berlin
024T,940,630,9.047619047619047,8.253968253968255,15.873015873015873,43.80952380952381,10,1.2698412698412698,536,10.634328358208956,18.84328358208955,26.119402985074625,22.94776119402985,6.7164179104477615,1430,320,320,162,22.377622377622377,22.377622377622377,5.026429772364483,TRUE,TRUE,4-6,inside the Ring,East Berlin
024U,1073,853,14.302461899179367,11.840562719812427,15.005861664712778,35.40445486518171,8.792497069167643,2.8135990621336457,733,18.69031377899045,17.598908594815825,21.828103683492497,24.147339699863576,6.275579809004093,1758,341,492,219,19.397042093287826,27.986348122866893,3.486527254193275,TRUE,TRUE,2-4,inside the Ring,East Berlin
024V,1024,720,13.055555555555555,9.027777777777779,14.583333333333334,35.27777777777778,14.444444444444445,1.6666666666666667,619,22.940226171243943,16.31663974151858,15.024232633279484,24.394184168012924,8.40064620355412,1568,435,374,200,27.742346938775512,23.852040816326532,3.5295517092271482,TRUE,TRUE,2-4,inside the Ring,East Berlin
024W,1051,688,14.244186046511627,10.901162790697674,5.959302325581396,37.5,16.71511627906977,1.4534883720930232,570,21.75438596491228,21.57894736842105,8.947368421052632,25.614035087719298,11.403508771929825,1717,460,489,255,26.790914385556203,28.479906814210832,3.8481630272819163,TRUE,TRUE,2-4,inside the Ring,East Berlin
024X,1085,821,10.840438489646772,7.429963459196102,17.417783191230207,43.36175395858709,9.135200974421437,2.192448233861145,659,18.057663125948405,13.960546282245827,26.100151745068285,22.91350531107739,5.614567526555387,2030,222,780,220,10.935960591133005,38.423645320197046,4.10098302932531,TRUE,TRUE,4-6,inside the Ring,East Berlin
024Y,1056,832,10.697115384615385,9.375,11.41826923076923,41.34615384615385,12.259615384615385,1.2019230769230769,706,18.838526912181305,17.705382436260624,19.405099150141645,23.654390934844194,5.807365439093484,1451,266,260,137,18.332184700206753,17.91867677463818,4.4813519232794174,TRUE,TRUE,4-6,inside the Ring,East Berlin
024Z,1089,861,11.73054587688734,11.498257839721255,9.175377468060395,38.095238095238095,13.356562137049941,1.9744483159117305,721,18.58529819694868,18.723994452149793,19.55617198335645,21.081830790568656,7.3509015256588075,1396,323,172,114,23.13753581661891,12.320916905444125,4.459504118876449,TRUE,TRUE,4-6,inside the Ring,East Berlin
024ZA,1072,841,7.609988109393579,7.491082045184305,15.457788347205707,47.08680142687277,10.107015457788346,1.426872770511296,715,14.265734265734265,16.223776223776223,26.013986013986013,23.216783216783217,7.4125874125874125,1779,196,593,126,11.017425519955031,33.333333333333336,4.684471103076012,TRUE,TRUE,4-6,inside the Ring,East Berlin
024ZB,1075,887,13.754227733934611,9.808342728297632,22.77339346110485,37.429537767756486,5.411499436302142,2.0293122886133035,714,12.88515406162465,16.666666666666668,33.4733893557423,17.787114845938376,4.761904761904762,2701,136,1425,191,5.0351721584598295,52.75823768974454,4.987938473696412,TRUE,TRUE,4-6,inside the Ring,East Berlin
024ZC,1117,930,10.53763440860215,8.602150537634408,23.978494623655912,40.86021505376344,4.838709677419355,1.935483870967742,781,12.163892445582587,12.03585147247119,33.80281690140845,22.279129321382843,4.097311139564661,2071,103,768,165,4.973442781265089,37.083534524384355,4.898497800553409,TRUE,TRUE,4-6,inside the Ring,East Berlin
024ZD,1076,891,9.764309764309765,9.31537598204265,19.079685746352414,45.56677890011223,5.948372615039282,1.122334455667789,794,12.594458438287154,14.483627204030226,33.6272040302267,22.292191435768263,3.022670025188917,1615,95,371,166,5.882352941176471,22.972136222910216,4.910891569383176,TRUE,TRUE,4-6,inside the Ring,East Berlin
024ZE,989,693,13.41991341991342,9.812409812409813,11.255411255411255,35.78643578643579,14.43001443001443,3.896103896103896,532,23.49624060150376,17.481203007518797,13.533834586466165,17.293233082706767,10.526315789473685,1716,244,528,263,14.21911421911422,30.76923076923077,3.3273743307256765,TRUE,TRUE,2-4,inside the Ring,East Berlin
024ZF,1071,713,12.201963534361852,8.274894810659186,10.659186535764375,40.813464235624124,14.726507713884994,2.244039270687237,531,23.91713747645951,18.64406779661017,16.760828625235405,18.07909604519774,9.03954802259887,2056,214,789,285,10.408560311284047,38.37548638132296,3.5886344381520776,TRUE,TRUE,2-4,inside the Ring,East Berlin
024ZG,1075,704,15.767045454545455,11.363636363636363,13.210227272727273,34.375,10.511363636363637,2.272727272727273,616,22.07792207792208,15.584415584415584,21.915584415584416,17.532467532467532,7.305194805194805,1916,364,646,277,18.997912317327767,33.7160751565762,3.798651629213013,TRUE,TRUE,2-4,inside the Ring,East Berlin
024ZH,1045,720,10.416666666666666,7.638888888888889,9.722222222222221,42.22222222222222,11.527777777777779,1.9444444444444444,554,20.577617328519857,16.24548736462094,17.689530685920577,19.855595667870038,10.288808664259928,2682,267,1441,299,9.955257270693512,53.72856077554064,4.041102475532608,TRUE,TRUE,4-6,inside the Ring,East Berlin
024ZJ,1076,793,12.35813366960908,7.818411097099622,17.150063051702396,38.96595208070618,9.836065573770492,3.278688524590164,599,19.69949916527546,16.86143572621035,28.547579298831387,18.363939899833056,5.008347245409015,1978,146,760,224,7.381193124368049,38.42264914054601,4.514194911748183,TRUE,TRUE,4-6,inside the Ring,East Berlin
025A,1040,839,6.6746126340882,9.65435041716329,20.38140643623361,46.841477949940405,7.032181168057211,1.66865315852205,666,10.36036036036036,15.315315315315315,32.88288288288288,23.273273273273272,4.804804804804805,1712,96,514,188,5.607476635514018,30.023364485981308,5.189171501926108,TRUE,TRUE,4-6,inside the Ring,East Berlin
025B,1019,822,6.326034063260341,8.02919708029197,18.856447688564476,48.41849148418491,6.326034063260341,1.5815085158150852,653,10.10719754977029,14.39509954058193,35.52833078101072,20.520673813169985,4.287901990811639,1780,95,582,162,5.337078651685394,32.69662921348315,5.143515847152234,TRUE,TRUE,4-6,inside the Ring,East Berlin
025C,1077,887,6.313416009019166,9.357384441939121,19.84216459977452,46.786922209695604,7.7790304396843295,1.1273957158962795,707,9.618104667609618,14.992927864214993,36.916548797736915,21.923620933521924,3.536067892503536,1576,111,351,131,7.043147208121828,22.271573604060915,5.327967661668883,TRUE,TRUE,4-6,inside the Ring,East Berlin
025D,957,701,7.275320970042796,10.699001426533524,19.115549215406563,47.50356633380884,4.85021398002853,1.4265335235378032,593,9.949409780775717,15.51433389544688,33.895446880269816,21.41652613827993,4.2158516020236085,1540,208,434,168,13.506493506493506,28.181818181818183,5.278280824886305,TRUE,TRUE,4-6,inside the Ring,East Berlin
025E,1040,851,10.45828437132785,6.462984723854289,20.681551116333726,44.65334900117509,7.050528789659224,1.2925969447708578,759,11.198945981554678,11.594202898550725,33.86034255599473,23.715415019762847,4.479578392621871,1587,142,358,135,8.947700063011972,22.55828607435413,5.584315962576924,TRUE,TRUE,4-6,inside the Ring,East Berlin
025F,1152,984,7.926829268292683,10.365853658536585,23.78048780487805,41.36178861788618,4.573170731707317,2.2357723577235773,663,11.312217194570136,15.686274509803921,37.70739064856712,19.607843137254903,2.5641025641025643,1965,101,591,236,5.139949109414759,30.076335877862597,5.456793646207193,TRUE,TRUE,4-6,inside the Ring,East Berlin
025G,980,799,6.88360450563204,5.7571964956195245,20.150187734668336,50.563204005006256,6.758448060075094,1.6270337922403004,679,12.076583210603829,11.487481590574374,31.95876288659794,25.47864506627393,4.418262150220913,1452,113,317,107,7.78236914600551,21.831955922865014,6.076674213933061,TRUE,TRUE,6-8,inside the Ring,East Berlin
025H,902,793,6.17906683480454,10.466582597730138,25.346784363177807,45.64943253467844,4.287515762925599,1.1349306431273645,641,7.956318252730109,15.600624024960998,37.753510140405616,22.776911076443056,2.65210608424337,1424,64,318,122,4.49438202247191,22.331460674157302,5.879132874642806,TRUE,TRUE,4-6,inside the Ring,East Berlin
025J,918,757,9.114927344782034,6.472919418758257,23.645970937912814,45.442536327608984,6.208718626155878,0.7926023778071334,606,11.056105610561056,12.541254125412541,36.13861386138614,24.09240924092409,2.8052805280528053,1360,70,297,108,5.147058823529412,21.83823529411765,5.79613551748178,TRUE,TRUE,4-6,inside the Ring,East Berlin
025K,1002,822,6.934306569343065,8.150851581508515,21.289537712895378,50.48661800486618,3.40632603406326,1.4598540145985401,697,9.038737446197992,9.899569583931134,39.02439024390244,22.66857962697274,1.721664275466284,1674,112,487,182,6.690561529271207,29.091995221027478,5.763473108730594,TRUE,TRUE,4-6,inside the Ring,East Berlin
025L,986,856,10.514018691588785,6.542056074766355,20.794392523364486,46.845794392523366,4.088785046728972,1.5186915887850467,681,11.30690161527166,12.041116005873715,37.15124816446402,22.760646108663728,2.790014684287812,1598,64,410,146,4.005006257822278,25.657071339173967,6.081038174210669,TRUE,TRUE,6-8,inside the Ring,East Berlin
025M,903,737,5.834464043419267,5.698778833107191,21.98100407055631,52.23880597014925,4.884667571234735,1.2211668928086838,607,10.049423393739703,10.873146622734762,36.40856672158155,23.72322899505766,2.6359143327841843,1418,34,343,123,2.397743300423131,24.188998589562765,6.009941790330666,TRUE,TRUE,6-8,inside the Ring,East Berlin
025N,1066,906,10.816777041942604,10.706401766004415,21.63355408388521,40.618101545253865,5.077262693156733,1.5452538631346577,709,11.988716502115656,13.11706629055007,36.95345557122708,22.425952045133993,3.9492242595204514,1775,78,465,165,4.394366197183099,26.197183098591548,6.309170503847879,TRUE,TRUE,6-8,inside the Ring,East Berlin
025P,985,821,10.475030450669914,7.064555420219245,22.53349573690621,43.48355663824604,4.993909866017052,1.5834348355663825,642,12.616822429906541,10.74766355140187,35.3582554517134,22.897196261682243,4.205607476635514,1526,68,361,151,4.456094364351245,23.656618610747053,6.276502903433118,TRUE,TRUE,6-8,inside the Ring,East Berlin
025Q,906,734,10.217983651226158,8.85558583106267,18.66485013623978,41.689373297002724,9.128065395095367,1.771117166212534,591,14.890016920473773,12.351945854483926,34.34856175972927,23.011844331641285,5.583756345177665,1624,105,519,164,6.4655172413793105,31.958128078817733,6.110027901440644,TRUE,TRUE,6-8,inside the Ring,East Berlin
025R,976,762,8.530183727034121,8.79265091863517,23.62204724409449,40.15748031496063,7.217847769028872,1.7060367454068242,626,12.140575079872205,13.258785942492013,37.22044728434505,21.24600638977636,4.63258785942492,1682,149,450,173,8.858501783590963,26.7538644470868,6.502142001996859,FALSE,TRUE,6-8,outside the Ring,East Berlin
025S,948,809,9.641532756489493,9.394313967861557,23.733003708281828,40.42027194066749,4.449938195302843,2.9666254635352285,661,11.649016641452345,13.010590015128592,38.57791225416036,22.239031770045386,1.51285930408472,1663,125,533,172,7.516536380036079,32.05051112447384,5.367535811056506,TRUE,TRUE,4-6,inside the Ring,East Berlin
025T,948,770,7.532467532467533,6.753246753246753,22.857142857142858,46.103896103896105,5.584415584415584,0.7792207792207793,588,10.884353741496598,8.673469387755102,39.285714285714285,28.231292517006803,2.380952380952381,1595,83,490,144,5.2037617554858935,30.721003134796238,5.259236426065547,TRUE,TRUE,4-6,inside the Ring,East Berlin
025U,981,783,7.918263090676883,8.684546615581098,24.904214559386972,42.52873563218391,5.874840357598979,1.9157088122605364,621,10.950080515297907,12.238325281803542,39.774557165861516,18.035426731078903,3.5426731078904994,1823,61,689,160,3.3461327482172245,37.79484366428963,5.238430122707653,TRUE,TRUE,4-6,inside the Ring,East Berlin
025V,1028,812,10.22167487684729,7.758620689655173,21.305418719211822,43.22660098522167,7.142857142857143,0.6157635467980296,674,12.908011869436201,9.792284866468842,33.531157270029674,22.551928783382788,2.9673590504451037,1683,122,498,168,7.2489601901366605,29.590017825311943,5.606508871952367,TRUE,TRUE,4-6,inside the Ring,East Berlin
025W,987,801,5.617977528089888,8.614232209737828,20.848938826466917,51.68539325842696,3.3707865168539324,1.7478152309612984,618,8.090614886731391,10.841423948220065,40.1294498381877,26.051779935275082,2.103559870550162,1671,63,570,127,3.770197486535009,34.1113105924596,5.552737038555675,TRUE,TRUE,4-6,inside the Ring,East Berlin
025X,950,761,5.519053876478318,10.249671484888305,21.28777923784494,49.40867279894875,3.416557161629435,2.4967148488830486,610,7.868852459016393,13.934426229508198,40.98360655737705,25.24590163934426,2.459016393442623,1646,60,577,132,3.6452004860267313,35.0546780072904,5.520735266176677,TRUE,TRUE,4-6,inside the Ring,East Berlin
025Y,1030,774,9.17312661498708,9.30232558139535,16.925064599483203,42.248062015503876,10.594315245478036,1.421188630490956,657,12.937595129375952,15.068493150684931,29.22374429223744,22.98325722983257,6.392694063926941,1703,162,450,182,9.512624779800353,26.423957721667644,5.820273369757564,TRUE,TRUE,4-6,inside the Ring,East Berlin
025Z,972,804,7.711442786069652,7.08955223880597,20.024875621890548,52.114427860696516,5.472636815920398,0.746268656716418,642,7.94392523364486,12.928348909657322,38.006230529595015,23.98753894080997,2.959501557632399,1635,74,488,153,4.525993883792049,29.847094801223243,5.889672879515327,TRUE,TRUE,4-6,inside the Ring,East Berlin
025ZA,1048,843,6.761565836298932,7.473309608540926,20.166073546856467,50.29655990510083,5.812574139976276,1.4234875444839858,685,9.197080291970803,11.24087591240876,40.583941605839414,24.67153284671533,2.335766423357664,1636,54,418,130,3.3007334963325183,25.550122249388753,5.836921856996438,TRUE,TRUE,4-6,inside the Ring,East Berlin
025ZB,918,779,7.958921694480103,10.911424903722722,23.36328626444159,45.314505776636715,3.9794608472400514,1.4120667522464698,678,8.849557522123893,14.011799410029498,38.34808259587021,22.123893805309734,3.0973451327433628,1391,84,366,111,6.03882099209202,26.312005751258088,5.779681717573209,TRUE,TRUE,4-6,inside the Ring,East Berlin
025ZC,1043,800,6.5,10.25,14.125,47.5,10.25,1.375,674,11.572700296735905,14.836795252225519,29.228486646884274,23.590504451038576,5.044510385756676,1848,138,615,193,7.467532467532467,33.27922077922078,6.146870005334784,TRUE,TRUE,6-8,inside the Ring,East Berlin
025ZD,1011,840,6.666666666666667,10.714285714285714,20.833333333333332,48.214285714285715,4.523809523809524,2.0238095238095237,691,8.538350217076701,12.301013024602026,39.507959479015916,25.180897250361795,3.4732272069464543,1635,81,467,156,4.954128440366972,28.56269113149847,6.087150557045242,TRUE,TRUE,6-8,inside the Ring,East Berlin
025ZE,1058,895,7.374301675977653,8.71508379888268,22.905027932960895,46.815642458100555,3.1284916201117317,1.3407821229050279,696,9.195402298850574,12.21264367816092,42.09770114942529,21.839080459770116,1.7241379310344827,1865,60,649,191,3.2171581769436997,34.79892761394102,6.050337162822201,TRUE,TRUE,6-8,inside the Ring,East Berlin
025ZF,1057,782,6.649616368286445,7.544757033248082,17.647058823529413,50.38363171355499,6.90537084398977,1.7902813299232736,626,9.584664536741213,11.182108626198083,35.78274760383387,24.920127795527158,5.431309904153355,1974,112,784,194,5.673758865248227,39.716312056737586,6.47474916933931,TRUE,TRUE,6-8,inside the Ring,East Berlin
025ZG,1030,829,7.961399276236429,6.393244873341375,23.16043425814234,46.682750301568156,6.7551266586248495,1.5681544028950543,682,11.143695014662757,11.87683284457478,37.976539589442815,22.434017595307918,3.665689149560117,1781,88,568,175,4.941044357102752,31.892195395845032,6.341295951544597,TRUE,TRUE,6-8,inside the Ring,East Berlin
025ZH,1108,922,9.761388286334057,10.412147505422993,19.84815618221258,40.23861171366595,7.375271149674621,1.5184381778741864,740,12.702702702702704,16.08108108108108,31.62162162162162,23.783783783783782,3.3783783783783785,1767,85,435,158,4.810413129598189,24.617996604414262,6.35716345776675,TRUE,TRUE,6-8,inside the Ring,East Berlin
025ZJ,1076,909,8.910891089108912,10.671067106710671,27.722772277227723,37.403740374037405,2.9702970297029703,2.9702970297029703,737,9.362279511533243,13.83989145183175,44.50474898236092,16.010854816824967,1.2211668928086838,2144,60,769,239,2.798507462686567,35.867537313432834,6.3540944981680365,TRUE,TRUE,6-8,inside the Ring,East Berlin
025ZK,1004,761,8.015768725361367,6.701708278580814,18.791064388961892,47.56898817345598,8.278580814717477,1.0512483574244416,593,10.961214165261383,10.286677908937605,37.268128161888704,22.4283305227656,7.082630691399663,1924,73,728,196,3.7941787941787943,37.83783783783784,6.587138030663427,TRUE,TRUE,6-8,inside the Ring,East Berlin
031A,1838,1249,13.130504403522819,9.44755804643715,16.413130504403522,23.298638911128904,21.617293835068054,2.8823058446757406,1164,25.343642611683848,15.378006872852234,16.75257731958763,14.003436426116838,11.426116838487973,2820,417,539,156,14.787234042553191,19.113475177304963,15.74237304672004,FALSE,TRUE,15+,outside the Ring,East Berlin
031B,1778,1425,20.63157894736842,11.087719298245615,15.157894736842104,21.12280701754386,17.75438596491228,2.3859649122807016,1118,26.118067978533094,15.742397137745975,15.295169946332736,14.400715563506262,11.717352415026834,2287,614,140,74,26.84739833843463,6.121556624398775,16.73244236930432,FALSE,TRUE,15+,outside the Ring,East Berlin
031C,1747,1008,14.484126984126984,10.01984126984127,10.813492063492063,22.321428571428573,25.496031746031747,1.8849206349206349,857,27.18786464410735,15.752625437572929,8.634772462077013,13.53558926487748,18.319719953325553,3081,671,986,186,21.77864329763064,32.00259655955858,16.027551748076764,FALSE,TRUE,15+,outside the Ring,East Berlin
031D,1830,1252,15.97444089456869,9.904153354632587,5.5910543130990416,21.08626198083067,30.750798722044728,1.1182108626198084,1028,28.59922178988327,18.67704280155642,4.377431906614786,15.077821011673151,19.64980544747082,2870,818,755,76,28.501742160278745,26.306620209059233,15.194641283328975,FALSE,TRUE,15+,outside the Ring,East Berlin
031E,2503,1466,10.572987721691678,9.072305593451569,4.365620736698499,19.440654843110504,40.791268758526606,1.159618008185539,1126,25.399644760213143,17.2291296625222,4.529307282415631,13.321492007104796,25.22202486678508,4145,876,1083,201,21.133896260554884,26.12786489746683,14.85966311733937,FALSE,TRUE,11-15,outside the Ring,East Berlin
031F,1710,1080,11.481481481481481,10.092592592592593,4.166666666666667,17.22222222222222,39.53703703703704,2.685185185185185,874,22.76887871853547,18.19221967963387,4.3478260869565215,12.929061784897025,25.17162471395881,2400,536,362,102,22.333333333333332,15.083333333333334,14.408561830026242,FALSE,TRUE,11-15,outside the Ring,East Berlin
031G,1917,1522,21.944809461235216,10.315374507227332,9.526938239159001,17.871222076215506,25.821287779237846,3.2851511169513796,1252,36.10223642172524,14.856230031948881,9.504792332268371,9.584664536741213,15.575079872204473,2528,486,252,183,19.224683544303797,9.968354430379748,12.763953671967236,FALSE,TRUE,11-15,outside the Ring,East Berlin
031H,1722,1190,11.176470588235293,8.15126050420168,7.226890756302521,20.92436974789916,34.11764705882353,1.8487394957983194,998,27.85571142284569,16.33266533066132,7.915831663326653,8.71743486973948,21.743486973947896,2574,325,408,197,12.626262626262626,15.85081585081585,13.900989056558663,FALSE,TRUE,11-15,outside the Ring,East Berlin
031J,1652,1260,20.238095238095237,9.920634920634921,5.476190476190476,14.444444444444445,34.84126984126984,1.9047619047619047,1040,35.19230769230769,15.096153846153847,6.25,10.288461538461538,22.01923076923077,2106,524,156,57,24.881291547958213,7.407407407407407,13.860956526425175,FALSE,TRUE,11-15,outside the Ring,East Berlin
031K,1674,1277,14.956930305403288,10.415035238841034,7.7525450274079875,18.79404855129209,30.85356303837118,3.3672670321064997,1028,32.19844357976654,16.147859922178988,9.727626459143968,9.24124513618677,17.996108949416342,2133,491,193,91,23.01922175339897,9.048288795124238,13.522007197301969,FALSE,TRUE,11-15,outside the Ring,East Berlin
031L,1636,1160,13.448275862068966,9.310344827586206,7.931034482758621,18.448275862068964,35.258620689655174,1.9827586206896552,999,32.632632632632635,16.716716716716718,8.008008008008009,9.90990990990991,20.02002002002002,3109,382,929,222,12.286908973946607,29.88099067224188,13.256495447976176,FALSE,TRUE,11-15,outside the Ring,East Berlin
031M,1671,1240,19.838709677419356,9.67741935483871,8.709677419354838,19.758064516129032,26.532258064516128,1.935483870967742,1039,34.93743984600577,16.650625601539943,8.46968238691049,9.913378248315688,18.38306063522618,2527,426,364,156,16.857934309457857,14.404432132963988,13.123023633968,FALSE,TRUE,11-15,outside the Ring,East Berlin
031N,1641,1372,25.801749271137027,9.402332361516034,12.973760932944606,18.513119533527696,19.825072886297377,2.9154518950437316,1241,37.389202256244964,16.76067687348912,11.120064464141821,11.120064464141821,12.73166800966962,2092,597,124,86,28.537284894837477,5.927342256214149,12.801290159885335,FALSE,TRUE,11-15,outside the Ring,East Berlin
031P,1732,1438,25.382475660639777,10.15299026425591,10.292072322670375,14.255910987482615,23.157162726008345,3.407510431154381,1259,40.11119936457506,15.726767275615568,9.769658459094519,10.563939634630659,14.7736298649722,2181,636,141,79,29.160935350756535,6.464924346629986,11.897480491868208,FALSE,TRUE,11-15,outside the Ring,East Berlin
031Q,1889,1523,23.703217334208798,7.616546290216678,9.914642153644124,17.859487852921866,26.526592252133945,3.3486539724228495,1308,41.59021406727829,15.596330275229358,8.256880733944953,10.321100917431192,14.37308868501529,2407,543,132,88,22.55920232654757,5.4840049854590776,12.16661275742157,FALSE,TRUE,11-15,outside the Ring,East Berlin
031R,1708,1336,25.37425149700599,10.32934131736527,8.158682634730539,15.494011976047904,26.347305389221557,3.068862275449102,1125,37.68888888888889,16.8,8.88888888888889,8.88888888888889,16,2363,412,255,197,17.43546339399069,10.79136690647482,11.202723924612286,FALSE,TRUE,11-15,outside the Ring,East Berlin
031S,1894,1549,22.59522272433828,10.135571336346029,9.425435765009684,13.298902517753389,27.11426726920594,2.711426726920594,1349,38.39881393624907,15.6412157153447,8.673091178650852,9.859154929577464,17.049666419570052,2401,568,186,87,23.656809662640566,7.746772178259059,11.02997519865081,FALSE,TRUE,11-15,outside the Ring,East Berlin
031T,2568,2116,25.189035916824196,9.829867674858223,11.1531190926276,14.555765595463138,23.204158790170133,3.780718336483932,1759,38.60147811256396,15.690733371233655,11.256395679363274,10.403638430926662,13.700966458214895,3317,712,289,150,21.46517937895689,8.712692191739524,10.0424487594489,FALSE,TRUE,8-11,outside the Ring,East Berlin
031U,1870,1436,20.473537604456826,9.331476323119777,13.649025069637883,17.409470752089135,23.885793871866294,3.203342618384401,1263,37.608867775138556,15.835312747426762,12.66825019794141,9.184481393507522,14.56848772763262,2739,429,411,192,15.662650602409638,15.005476451259584,9.780288131047232,FALSE,TRUE,8-11,outside the Ring,East Berlin
032A,1571,1240,17.580645161290324,7.82258064516129,9.193548387096774,13.14516129032258,39.11290322580645,3.306451612903226,1171,32.79248505550811,13.748932536293767,10.418445772843723,8.198121263877027,21.776259607173355,1885,523,86,49,27.745358090185675,4.562334217506631,12.128251832947987,FALSE,TRUE,11-15,outside the Ring,East Berlin
032B,2010,1509,16.50099403578529,9.675281643472498,7.090788601722996,20.212060967528164,31.477799867461897,1.7229953611663353,1222,31.342062193126022,16.612111292962357,6.546644844517185,10.310965630114566,17.34860883797054,2661,581,251,199,21.83389703119128,9.432544156332206,10.633464806685685,FALSE,TRUE,8-11,outside the Ring,East Berlin
032C,1691,1279,17.279124315871776,8.522283033620015,8.522283033620015,16.888193901485536,33.620015637216575,1.7982799061767005,1030,32.42718446601942,16.116504854368934,6.796116504854369,10.485436893203884,17.0873786407767,2287,459,216,171,20.069960647135986,9.444687363358112,10.566636826644228,FALSE,TRUE,8-11,outside the Ring,East Berlin
032D,1641,1226,19.73898858075041,10.929853181076671,8.890701468189233,16.721044045676997,29.363784665579118,3.099510603588907,1024,32.91015625,15.13671875,7.8125,9.9609375,16.50390625,2144,501,166,114,23.367537313432837,7.742537313432836,10.000308733472425,FALSE,TRUE,8-11,outside the Ring,East Berlin
032E,1752,1321,22.861468584405753,10.370931112793338,9.386828160484482,13.626040878122634,30.582891748675245,3.1037093111279335,1194,32.99832495812395,17.922948073701843,11.055276381909549,9.128978224455611,15.075376884422111,2240,580,199,129,25.892857142857142,8.883928571428571,9.330137341940487,FALSE,TRUE,8-11,outside the Ring,East Berlin
032F,1747,1404,24.358974358974358,10.612535612535613,14.173789173789174,16.096866096866098,21.937321937321936,2.7777777777777777,1219,36.751435602953244,16.488925348646433,12.387202625102542,7.547169811320755,12.87940935192781,2360,556,278,199,23.559322033898304,11.779661016949152,8.679617985413673,FALSE,TRUE,8-11,outside the Ring,East Berlin
032G,1863,1503,23.15369261477046,9.115103127079175,11.510312707917498,18.296739853626082,22.954091816367267,3.4597471723220226,1301,33.28209069946195,17.832436587240583,11.990776325903152,10.376633358954651,12.45196003074558,2399,395,165,263,16.465193830762818,6.877865777407253,8.635580395712052,FALSE,TRUE,8-11,outside the Ring,East Berlin
032H,1694,1308,21.10091743119266,11.238532110091743,15.36697247706422,17.507645259938837,21.17737003058104,2.675840978593272,1104,29.891304347826086,18.206521739130434,13.043478260869565,11.684782608695652,14.583333333333334,2554,508,528,161,19.890368050117463,20.6734534064213,8.497321857360074,FALSE,TRUE,8-11,outside the Ring,East Berlin
032J,1833,1424,19.452247191011235,11.376404494382022,11.797752808988765,22.471910112359552,18.96067415730337,3.651685393258427,1217,27.52670501232539,18.898931799506986,14.297452752670502,13.14708299096138,12.736236647493838,2653,445,437,212,16.773464003015455,16.471918582736524,8.747735586463058,FALSE,TRUE,8-11,outside the Ring,East Berlin
032K,1707,1381,19.044170890658943,12.020275162925417,14.554670528602461,22.954380883417812,17.30629978276611,2.606806661839247,1150,24.08695652173913,19.043478260869566,16,13.565217391304348,12.434782608695652,2372,446,353,112,18.802698145025296,14.881956155143339,8.680091299408746,FALSE,TRUE,8-11,outside the Ring,East Berlin
032L,1820,1414,19.66053748231966,13.437057991513438,13.154172560113155,18.246110325318245,19.377652050919377,3.041018387553041,1183,27.64158918005072,17.920540997464073,13.355874894336432,12.256973795435334,13.947590870667794,2350,645,227,151,27.4468085106383,9.659574468085106,8.129616324396775,FALSE,TRUE,8-11,outside the Ring,East Berlin
032M,1853,1348,14.020771513353116,10.830860534124628,12.98219584569733,23.961424332344215,22.032640949554896,3.7833827893175074,1149,27.067014795474325,18.45082680591819,14.273281114012185,12.358572671888599,13.577023498694517,2542,439,405,278,17.269866247049567,15.932336742722265,7.718989961590386,FALSE,TRUE,6-8,outside the Ring,East Berlin
032N,1396,1177,24.044180118946475,11.809685641461343,15.46304163126593,17.587085811384878,17.84197111299915,2.293967714528462,924,33.65800865800866,19.58874458874459,14.069264069264069,10.930735930735931,9.74025974025974,1808,405,191,148,22.400442477876105,10.564159292035399,7.9889056722757505,FALSE,TRUE,6-8,outside the Ring,East Berlin
032P,1901,1517,19.44627554383652,9.95385629531971,17.402768622280817,25.510876730388926,13.513513513513514,2.6367831245880025,1262,25.594294770206023,16.798732171156892,19.80982567353407,15.530903328050712,9.19175911251981,2568,531,362,135,20.677570093457945,14.096573208722742,8.0558570908827,FALSE,TRUE,8-11,outside the Ring,East Berlin
032Q,2075,1646,17.496962332928312,11.360874848116646,16.0996354799514,25.273390036452003,17.314702308626973,2.67314702308627,1400,24.571428571428573,18.357142857142858,18.785714285714285,14.642857142857142,10.857142857142858,3296,467,768,175,14.16868932038835,23.300970873786408,7.784230562372378,FALSE,TRUE,6-8,outside the Ring,East Berlin
032R,1633,1327,15.523737754333082,10.92690278824416,21.703089675960815,26.60135644310475,12.132629992464205,2.110022607385079,1150,25.91304347826087,16.956521739130434,22.08695652173913,15.304347826086957,9.217391304347826,2424,335,392,122,13.82013201320132,16.17161716171617,7.666990169794138,FALSE,TRUE,6-8,outside the Ring,East Berlin
032S,2016,1670,19.70059880239521,11.616766467065869,18.38323353293413,20.179640718562876,14.550898203592814,3.413173652694611,1425,27.36842105263158,16.280701754385966,20.350877192982455,13.964912280701755,9.824561403508772,2626,557,316,142,21.210967250571212,12.033511043412034,7.357769756226991,FALSE,TRUE,6-8,outside the Ring,East Berlin
032T,1869,1567,21.250797702616463,11.550733886407148,16.464582003828973,21.442246330567965,15.507338864071475,2.361199744735163,1316,30.167173252279635,18.996960486322187,17.24924012158055,12.917933130699089,9.80243161094225,2562,456,359,183,17.798594847775174,14.012490241998439,6.916535672416453,FALSE,TRUE,6-8,outside the Ring,East Berlin
032U,1609,1250,19.2,12.24,14.16,19.6,19.76,2.72,1065,28.544600938967136,20.469483568075116,16.525821596244132,12.300469483568076,10.704225352112676,2334,509,405,153,21.808054841473865,17.35218508997429,7.639939159419441,FALSE,TRUE,6-8,outside the Ring,East Berlin
033A,1776,1402,18.687589158345222,10.984308131241084,12.553495007132668,18.40228245363766,23.680456490727533,3.8516405135520686,1245,29.718875502008032,16.70682730923695,11.566265060240964,11.646586345381525,14.29718875502008,2465,495,376,149,20.081135902636916,15.253549695740364,8.836707987337165,FALSE,TRUE,8-11,outside the Ring,East Berlin
033B,1563,1046,10.707456978967496,10.22944550669216,7.265774378585086,22.94455066921606,33.652007648183556,1.8164435946462716,807,24.65923172242875,18.09169764560099,7.311028500619579,13.754646840148698,16.97645600991326,2138,518,272,124,24.228250701590273,12.722170252572498,8.509469411555088,FALSE,TRUE,8-11,outside the Ring,East Berlin
033C,1634,1230,15.040650406504065,10.24390243902439,12.682926829268293,20.08130081300813,25.284552845528456,2.5203252032520327,1044,25.67049808429119,17.337164750957854,10.53639846743295,13.88888888888889,16.091954022988507,2215,439,246,104,19.81941309255079,11.10609480812641,8.129625989026684,FALSE,TRUE,8-11,outside the Ring,East Berlin
033D,1761,1442,17.891816920943135,10.332871012482663,19.55617198335645,23.647711511789183,15.256588072122053,2.7739251040221915,1166,23.756432246998283,17.32418524871355,17.58147512864494,14.83704974271012,11.749571183533448,2553,375,366,148,14.688601645123384,14.336075205640423,7.783045706755997,FALSE,TRUE,6-8,outside the Ring,East Berlin
033E,1866,1452,14.462809917355372,11.776859504132231,13.705234159779614,23.484848484848484,22.796143250688704,2.203856749311295,1209,25.062034739454095,20.016542597187758,11.993382961124897,13.730355665839538,14.474772539288669,2452,637,262,122,25.97879282218597,10.68515497553018,7.800767228464294,FALSE,TRUE,6-8,outside the Ring,East Berlin
033F,1997,1450,13.586206896551724,10.89655172413793,16,22.413793103448278,22.413793103448278,2.1379310344827585,1188,22.39057239057239,16.245791245791246,14.73063973063973,15.404040404040405,13.973063973063972,2922,609,424,176,20.84188911704312,14.510609171800137,7.759348103221545,FALSE,TRUE,6-8,outside the Ring,East Berlin
033G,1849,1469,10.211027910142954,10.551395507147719,14.908100748808714,31.4499659632403,16.882232811436353,1.9060585432266848,1213,19.868095630667767,17.477328936521022,17.559769167353668,17.807089859851608,11.294311624072547,2278,483,162,97,21.202809482001754,7.111501316944688,7.273240256753431,FALSE,TRUE,6-8,outside the Ring,East Berlin
033H,1696,1344,18.00595238095238,11.979166666666666,18.00595238095238,21.800595238095237,16.517857142857142,2.306547619047619,1171,22.971818958155424,18.445772843723315,21.263877028181042,14.17591801878736,8.710503842869343,2280,440,257,120,19.29824561403509,11.271929824561404,7.215951737068708,FALSE,TRUE,6-8,outside the Ring,East Berlin
033J,1781,1462,12.65389876880985,11.149110807113543,22.22982216142271,31.326949384404926,10.328317373461012,1.1627906976744187,1163,18.916595012897677,17.282889079965607,25.107480653482373,17.798796216680998,7.738607050730868,2348,414,239,104,17.632027257240203,10.178875638841568,7.015801091544754,FALSE,TRUE,6-8,outside the Ring,East Berlin
033K,1865,1432,11.1731843575419,9.427374301675977,17.38826815642458,30.58659217877095,18.226256983240223,1.9553072625698324,1147,19.96512641673932,16.477768090671315,20.83696599825632,16.390584132519617,11.769834350479512,2831,364,506,212,12.857647474390674,17.873542917696927,7.274170651210282,FALSE,TRUE,6-8,outside the Ring,East Berlin
033L,1615,1272,10.927672955974844,9.040880503144654,19.18238993710692,33.9622641509434,12.735849056603774,2.5157232704402515,1003,17.94616151545364,17.24825523429711,24.825523429710866,18.245264207377865,8.374875373878364,2515,229,403,196,9.105367793240557,16.02385685884692,6.882474135644436,FALSE,TRUE,6-8,outside the Ring,East Berlin
033M,1847,1498,19.492656875834445,10.347129506008011,18.09078771695594,27.970627503337784,10.413885180240321,2.069425901201602,1272,23.742138364779873,16.9811320754717,22.87735849056604,15.330188679245284,5.4245283018867925,2521,465,285,115,18.44506148353828,11.305037683458945,6.659198592406193,FALSE,TRUE,6-8,outside the Ring,East Berlin
033N,1692,1399,13.795568263045032,12.22301644031451,22.802001429592565,32.09435310936383,8.64903502501787,1.501072194424589,1145,19.388646288209607,17.20524017467249,27.074235807860262,18.8646288209607,6.462882096069869,2285,496,261,140,21.706783369803063,11.422319474835886,6.44978762635785,FALSE,TRUE,6-8,outside the Ring,East Berlin
033P,1756,1436,11.420612813370473,13.231197771587743,21.23955431754875,30.362116991643454,11.28133704735376,1.532033426183844,1203,16.209476309226932,16.708229426433917,29.758935993349958,20.28262676641729,6.068162926018288,2617,477,537,149,18.22697745510126,20.519679021780664,6.218722671470973,FALSE,TRUE,6-8,outside the Ring,East Berlin
033Q,1762,1403,12.045616535994299,10.477548111190307,17.89023521026372,35.06771204561654,11.903064861012117,2.4233784746970777,1119,17.42627345844504,16.175156389633603,27.16711349419124,18.051831992850758,7.41733690795353,2539,258,460,208,10.161480897991336,18.11736904293029,6.330493137777099,FALSE,TRUE,6-8,outside the Ring,East Berlin
033R,1729,1412,10.48158640226629,12.322946175637394,22.804532577903682,34.773371104815865,7.648725212464589,1.9830028328611897,1120,16.785714285714285,16.25,30.714285714285715,18.214285714285715,5.357142857142857,2519,228,445,193,9.051210797935688,17.665740373163953,5.780004523942698,FALSE,TRUE,4-6,outside the Ring,East Berlin
033S,1712,1300,13.461538461538462,13.384615384615385,24.153846153846153,31.692307692307693,6.461538461538462,2.076923076923077,1007,15.590863952333665,17.477656405163852,33.9622641509434,20.05958291956306,4.07149950347567,2441,654,402,135,26.792298238426874,16.46866038508808,6.035069069277934,FALSE,TRUE,6-8,outside the Ring,East Berlin
033T,1796,1544,10.16839378238342,11.787564766839377,23.121761658031087,38.21243523316062,6.023316062176166,1.6191709844559585,1245,14.136546184738956,16.46586345381526,33.734939759036145,20.160642570281123,4.979919678714859,2536,249,284,179,9.818611987381704,11.198738170347003,5.825023703080141,FALSE,TRUE,4-6,outside the Ring,East Berlin
033U,1546,1308,9.097859327217126,12.46177370030581,26.605504587155963,33.86850152905199,7.874617737003058,1.3761467889908257,1067,15.83880037488285,15.182755388940956,35.70759137769447,16.026241799437674,4.686035613870666,2279,196,376,141,8.600263273365512,16.498464238701185,5.273196970195887,FALSE,TRUE,4-6,outside the Ring,East Berlin
033V,1873,1601,15.178013741411618,11.930043722673329,25.42161149281699,28.10743285446596,7.682698313554028,2.061211742660837,1231,15.353371242891958,16.328188464662876,33.22502030869212,17.790414297319252,6.011372867587327,2591,256,326,169,9.880355075260518,12.582014666152064,5.505336995432746,FALSE,TRUE,4-6,outside the Ring,East Berlin
034A,1664,1397,24.838940586972083,10.307802433786685,10.093056549749463,15.748031496062993,23.76521116678597,3.6506800286327845,1222,38.05237315875614,15.548281505728314,9.247135842880525,10.474631751227497,13.420621931260229,2050,531,88,64,25.902439024390244,4.2926829268292686,11.001050586292227,FALSE,TRUE,11-15,outside the Ring,East Berlin
034B,1684,1408,23.224431818181817,10.014204545454545,10.014204545454545,15.767045454545455,25.071022727272727,3.125,1311,36.15560640732266,16.475972540045767,7.093821510297483,9.763539282990084,15.865751334858887,2044,521,79,60,25.489236790606654,3.8649706457925634,11.203577182022492,FALSE,TRUE,11-15,outside the Ring,East Berlin
034C,1652,1174,25.298126064735946,8.262350936967632,8.858603066439523,15.843270868824531,27.086882453151617,3.577512776831346,1090,39.08256880733945,15.412844036697248,7.706422018348624,9.541284403669724,14.678899082568808,2167,551,250,72,25.426857406552838,11.536686663590217,9.93403391588036,FALSE,TRUE,8-11,outside the Ring,East Berlin
034D,1855,1489,19.207521826729348,11.55137676292814,8.327736736064473,14.909335124244459,31.094694425789122,2.4177300201477503,1302,33.794162826420894,16.052227342549923,8.832565284178187,10.522273425499233,16.359447004608295,2506,704,389,84,28.092577813248205,15.522745411013567,8.956832383368726,FALSE,TRUE,8-11,outside the Ring,East Berlin
034E,1768,1397,19.89978525411596,9.234073013600574,8.589835361488905,14.960629921259843,29.205440229062276,1.9327129563350036,1220,35.32786885245902,14.180327868852459,9.59016393442623,10.491803278688524,15.737704918032787,2193,552,183,65,25.170998632010942,8.344733242134064,8.751717283629576,FALSE,TRUE,8-11,outside the Ring,East Berlin
034F,1658,1199,12.67723102585488,9.50792326939116,11.592994161801501,25.18765638031693,25.521267723102586,3.16930775646372,994,26.861167002012074,17.303822937625753,13.078470824949699,14.386317907444669,13.682092555331993,2691,459,778,114,17.05685618729097,28.91118543292456,7.525540678649896,FALSE,TRUE,6-8,outside the Ring,East Berlin
034G,1921,1356,8.702064896755163,10.545722713864306,12.24188790560472,29.57227138643068,21.976401179941004,2.286135693215339,1088,19.94485294117647,15.165441176470589,17.279411764705884,17.279411764705884,12.867647058823529,2762,356,520,191,12.889210716871832,18.82693700217234,7.539979576775605,FALSE,TRUE,6-8,outside the Ring,East Berlin
034H,1775,1241,12.73166800966962,10.95890410958904,8.70265914585012,26.26913779210314,26.107977437550364,1.6921837228041903,980,27.857142857142858,21.122448979591837,11.53061224489796,14.285714285714286,14.693877551020408,2340,607,336,113,25.94017094017094,14.35897435897436,8.022179195771495,FALSE,TRUE,8-11,outside the Ring,East Berlin
034J,1855,1393,13.424264178033022,11.701363962670495,9.619526202440776,21.536252692031585,26.274228284278536,2.5843503230437905,1088,31.341911764705884,18.566176470588236,9.650735294117647,13.970588235294118,14.981617647058824,2641,567,560,98,21.46914047709201,21.204089360090876,8.453952628747846,FALSE,TRUE,8-11,outside the Ring,East Berlin
034K,1849,1238,14.539579967689821,13.651050080775445,6.381260096930533,23.990306946688207,25.20193861066236,1.8578352180936994,1001,25.474525474525475,25.574425574425575,8.691308691308691,13.686313686313687,15.384615384615385,2287,760,265,96,33.231307389593354,11.587232181897683,7.820573600506045,FALSE,TRUE,6-8,outside the Ring,East Berlin
034L,1745,1321,9.841029523088569,9.235427706283119,9.841029523088569,30.28009084027252,23.467070401211203,1.8925056775170326,1102,25.045372050816695,17.422867513611614,12.522686025408348,17.876588021778584,12.704174228675136,2362,453,329,86,19.178662150719727,13.92887383573243,6.775456957792525,FALSE,TRUE,6-8,outside the Ring,East Berlin
034M,1668,1304,16.180981595092025,12.5,16.947852760736197,27.14723926380368,14.493865030674847,2.223926380368098,1087,27.690892364305427,19.50321987120515,17.01931922723091,15.639374425022998,9.567617295308187,2652,418,673,152,15.761689291101057,25.37707390648567,6.663068578247065,FALSE,TRUE,6-8,outside the Ring,East Berlin
034N,1905,1311,11.212814645308924,9.992372234935164,9.382151029748284,31.426392067124333,21.357742181540807,2.288329519450801,994,23.641851106639837,19.215291750503017,11.368209255533198,18.10865191146881,14.587525150905433,2627,464,655,143,17.6627331556909,24.933384088313666,6.217523760322016,FALSE,TRUE,6-8,outside the Ring,East Berlin
034P,1555,1216,13.240131578947368,11.101973684210526,19.325657894736842,28.700657894736842,14.0625,2.3026315789473686,983,20.54933875890132,17.599186164801626,20.651068158697864,20.2441505595117,8.646998982706002,2225,349,421,149,15.685393258426966,18.921348314606742,6.721120645350061,FALSE,TRUE,6-8,outside the Ring,East Berlin
034Q,1743,1320,13.484848484848484,12.727272727272727,19.015151515151516,29.318181818181817,11.969696969696969,1.5909090909090908,1101,18.52861035422343,18.4377838328792,25.9763851044505,17.892824704813805,7.629427792915531,2559,463,498,139,18.093005080109418,19.460726846424386,7.085980554714844,FALSE,TRUE,6-8,outside the Ring,East Berlin
034R,1811,1279,16.419077404222048,13.291634089132135,10.398749022673965,25.723221266614544,19.702892885066458,1.2509773260359656,1122,28.431372549019606,21.925133689839573,10.16042780748663,15.953654188948306,12.032085561497325,2190,748,176,100,34.15525114155251,8.036529680365296,7.358555737942077,FALSE,TRUE,6-8,outside the Ring,East Berlin
034S,1070,765,11.895424836601308,9.019607843137255,4.052287581699346,26.666666666666668,30.065359477124183,1.3071895424836601,585,25.299145299145298,19.82905982905983,5.299145299145299,16.923076923076923,19.145299145299145,1716,234,313,120,13.636363636363637,18.24009324009324,7.629202752199321,FALSE,TRUE,6-8,outside the Ring,East Berlin
035A,1739,1412,19.475920679886684,8.427762039660056,10.55240793201133,20.53824362606232,24.575070821529746,2.8328611898016995,1158,29.533678756476682,16.83937823834197,9.153713298791018,11.917098445595855,16.23488773747841,2418,487,395,119,20.140612076095948,16.335814722911497,7.734506428632195,FALSE,TRUE,6-8,outside the Ring,East Berlin
035B,1823,1352,15.902366863905325,10.872781065088757,12.8698224852071,24.630177514792898,20.784023668639055,3.1804733727810652,1003,29.71086739780658,16.550348953140578,9.770687936191425,11.864406779661017,15.154536390827518,2945,516,733,231,17.521222410865875,24.889643463497453,7.16649489229959,FALSE,TRUE,6-8,outside the Ring,East Berlin
035C,1706,1185,8.691983122362869,8.523206751054852,10.717299578059071,32.573839662447256,24.38818565400844,2.0253164556962027,1025,23.024390243902438,16.195121951219512,12.975609756097562,14.926829268292684,14.048780487804878,2334,338,429,160,14.481576692373608,18.380462724935732,6.8780076411339275,FALSE,TRUE,6-8,outside the Ring,East Berlin
035D,1770,1318,9.332321699544766,10.849772382397573,13.581183611532625,29.362670713201823,20.78907435508346,1.289833080424886,1204,18.272425249169434,16.777408637873755,16.611295681063122,18.35548172757475,12.375415282392026,2291,440,255,131,19.205587079877784,11.130510694020078,6.428688790446709,FALSE,TRUE,6-8,outside the Ring,East Berlin
035E,1774,1422,19.620253164556964,11.040787623066104,14.20534458509142,20.88607594936709,17.72151898734177,4.289732770745429,1229,31.00081366965012,17.08706265256306,11.065907241659886,12.205044751830757,12.205044751830757,3498,495,1384,210,14.150943396226415,39.56546598056032,6.620652664753333,FALSE,TRUE,6-8,outside the Ring,East Berlin
035F,1842,1441,10.54823039555864,9.507286606523248,18.181818181818183,32.47744621790423,14.087439278278973,1.31852879944483,1160,17.93103448275862,15.517241379310345,19.74137931034483,22.06896551724138,9.051724137931034,2507,384,340,122,15.317112086158755,13.562026326286398,6.205059168541166,FALSE,TRUE,6-8,outside the Ring,East Berlin
035G,1933,1588,10.831234256926953,10.453400503778338,18.324937027707808,32.11586901763224,14.105793450881611,1.63727959697733,1221,17.69041769041769,18.01801801801802,21.62162162162162,18.91891891891892,8.927108927108927,2528,450,263,151,17.800632911392405,10.403481012658228,6.015462029818627,FALSE,TRUE,6-8,outside the Ring,East Berlin
035H,1910,1354,12.555391432791728,12.555391432791728,11.447562776957165,27.91728212703102,20.974889217134418,1.7725258493353029,1261,20.77716098334655,17.6050753370341,16.732751784298177,17.922283901665345,11.736716891356066,2896,629,700,178,21.71961325966851,24.171270718232044,5.881114232395255,FALSE,TRUE,4-6,outside the Ring,East Berlin
035J,1897,1429,12.31630510846746,10.98670398880336,13.71588523442967,26.731980405878236,19.454163750874738,2.239328201539538,1134,20.8994708994709,18.430335097001763,15.432098765432098,17.63668430335097,13.139329805996473,2699,518,481,180,19.19229344201556,17.82141533901445,5.7290860129569525,FALSE,TRUE,4-6,outside the Ring,East Berlin
035K,1875,1409,10.22001419446416,12.775017743080198,18.097941802696948,33.073101490418736,14.123491838183108,1.4194464158978,1183,16.314454775993237,19.611158072696533,25.274725274725274,18.34319526627219,6.931530008453086,2795,375,585,143,13.416815742397137,20.930232558139537,5.65782202550003,FALSE,TRUE,4-6,outside the Ring,East Berlin
035L,1894,1563,10.876519513755598,11.64427383237364,20.409468969929623,32.50159948816379,11.004478566858605,2.0473448496481126,1291,18.12548412083656,19.364833462432223,21.920991479473276,19.829589465530596,8.443067389620449,3178,384,917,119,12.083071113908119,28.854625550660792,5.428340485943081,FALSE,TRUE,4-6,outside the Ring,East Berlin
035M,1753,1370,10.583941605839415,12.554744525547445,12.18978102189781,28.248175182481752,20.364963503649633,1.0218978102189782,1142,21.015761821366024,19.001751313485112,16.199649737302977,21.103327495621716,10.945709281961472,2193,575,173,115,26.219790241678066,7.888736890104879,5.1342028354568905,FALSE,TRUE,4-6,outside the Ring,East Berlin
035N,1913,1491,10.194500335345406,11.334674714956405,18.041582830315225,32.12608987256875,15.694164989939638,1.4755197853789404,1211,17.010734929810074,18.662262592898433,23.781998348472335,19.240297274979355,8.75309661436829,2546,412,307,160,16.182246661429694,12.058130400628437,5.376392262153927,FALSE,TRUE,4-6,outside the Ring,East Berlin
035P,1643,1218,9.35960591133005,9.113300492610838,15.106732348111658,31.773399014778324,18.637110016420362,1.7241379310344827,1008,19.047619047619047,16.964285714285715,21.726190476190474,20.932539682539684,9.623015873015873,2126,454,249,101,21.354656632173096,11.712135465663218,5.525393824574882,FALSE,TRUE,4-6,outside the Ring,East Berlin
035Q,1994,1668,10.311750599520384,9.59232613908873,28.357314148681056,30.39568345323741,9.532374100719425,1.9184652278177459,1310,14.732824427480915,17.251908396946565,32.900763358778626,18.396946564885496,5.801526717557252,3038,294,604,243,9.67741935483871,19.88150098749177,5.170536177247145,FALSE,TRUE,4-6,outside the Ring,East Berlin
035R,1849,1382,11.360347322720695,12.083936324167873,20.839363241678726,32.99565846599132,9.479015918958032,1.5918958031837915,1161,18.6046511627907,16.020671834625322,26.52885443583118,18.087855297157624,7.579672695951766,2803,411,647,225,14.662861220121298,23.08241170174813,5.150854449760854,FALSE,TRUE,4-6,outside the Ring,East Berlin
035S,2130,1743,13.59724612736661,10.269650028686174,19.219736087205966,31.497418244406195,12.794033275960986,1.663798049340218,1337,19.3717277486911,15.93118922961855,26.55198204936425,16.37995512341062,7.778608825729244,3222,379,759,242,11.762880198634388,23.556797020484172,5.366324719638245,FALSE,TRUE,4-6,outside the Ring,East Berlin
036A,1663,1297,10.794140323824209,12.952968388589051,22.89899768696993,32.07401696222051,9.56052428681573,1.6962220508866614,1092,12.271062271062272,13.827838827838828,31.776556776556777,18.223443223443223,4.945054945054945,2884,329,893,274,11.407766990291263,30.96393897364771,4.751914855844131,FALSE,TRUE,4-6,outside the Ring,East Berlin
036B,1809,1435,10.174216027874564,10.24390243902439,25.78397212543554,37.35191637630662,5.365853658536586,1.6724738675958188,1150,11.73913043478261,14.695652173913043,33.56521739130435,18.52173913043478,4.3478260869565215,3000,171,891,274,5.7,29.7,4.777437709837435,FALSE,TRUE,4-6,outside the Ring,East Berlin
036C,1856,1552,9.278350515463918,11.662371134020619,25.70876288659794,36.146907216494846,6.185567010309279,1.675257731958763,1353,12.490761271249076,13.008130081300813,33.85070214338507,19.51219512195122,4.138950480413895,2948,230,785,242,7.801899592944369,26.628222523744913,4.543370729827512,FALSE,TRUE,4-6,outside the Ring,East Berlin
036D,1788,1486,10.901749663526244,9.892328398384926,24.158815612382234,38.02153432032301,6.864064602960969,1.749663526244953,1193,12.154233025984912,12.238055322715843,36.127409891031014,19.86588432523051,3.8558256496228,2726,187,664,220,6.85986793837124,24.358033749082907,4.398937662676539,FALSE,TRUE,4-6,outside the Ring,East Berlin
036E,1598,1334,10.644677661169416,10.944527736131935,29.160419790104946,32.608695652173914,5.772113943028486,2.3238380809595203,1061,13.00659754948162,14.70311027332705,36.94627709707823,16.96512723845429,3.6757775683317626,2504,204,624,230,8.146964856230031,24.920127795527158,4.486001784664014,FALSE,TRUE,4-6,outside the Ring,East Berlin
036F,1044,871,7.003444316877153,10.792192881745121,25.832376578645235,38.576349024110215,5.510907003444317,1.722158438576349,729,10.2880658436214,12.208504801097394,38.27160493827161,18.655692729766805,3.840877914951989,1567,68,372,132,4.339502233567326,23.73962986598596,4.2109901746091385,FALSE,TRUE,4-6,outside the Ring,East Berlin
036G,1797,1512,10.78042328042328,10.383597883597883,28.703703703703702,33.06878306878307,6.283068783068783,1.3227513227513228,1231,11.941510966693745,12.591389114541023,40.53614947197401,17.384240454914703,3.330625507717303,2797,213,642,205,7.615302109402932,22.95316410439757,4.184352889295093,FALSE,TRUE,4-6,outside the Ring,East Berlin
036H,1751,1446,11.065006915629322,9.889349930843707,28.284923928077454,37.96680497925311,4.218533886583679,1.7289073305670817,1227,12.143439282803586,11.817440912795435,43.0317848410758,17.52241238793806,2.7709861450692745,2679,158,648,237,5.89772303098171,24.188129899216126,3.8908694333139375,TRUE,TRUE,2-4,inside the Ring,East Berlin
036J,1839,1498,10.347129506008011,10.61415220293725,28.7716955941255,32.510013351134845,4.739652870493992,2.5367156208277706,1306,12.710566615620214,12.940275650842267,40.505359877488516,18.60643185298622,3.215926493108729,2945,165,779,299,5.602716468590832,26.451612903225808,4.019091291045504,TRUE,TRUE,4-6,inside the Ring,East Berlin
036K,1130,917,9.269356597600872,8.287895310796074,31.84296619411123,35.98691384950927,3.489640130861505,2.0719738276990185,739,10.148849797023004,11.772665764546685,43.978349120433016,19.350473612990527,2.165087956698241,1788,102,498,142,5.704697986577181,27.85234899328859,4.180452816967225,TRUE,TRUE,4-6,inside the Ring,East Berlin
036L,1734,1447,13.061506565307532,9.744298548721492,26.330338631651692,33.44851416724257,6.2197650310988255,1.796821008984105,1158,14.853195164075993,12.953367875647668,34.542314335060446,20.207253886010363,3.7996545768566494,3023,152,942,290,5.028117763810784,31.161098246774728,4.334818092171568,TRUE,TRUE,4-6,inside the Ring,East Berlin
036M,1807,1512,12.566137566137566,10.119047619047619,25.793650793650794,35.18518518518518,4.365079365079365,1.917989417989418,1204,13.289036544850498,13.039867109634551,37.04318936877076,20.930232558139537,3.0730897009966776,2782,195,647,229,7.009345794392523,23.25664989216391,4.186168238884186,TRUE,TRUE,4-6,inside the Ring,East Berlin
036N,1903,1620,11.11111111111111,8.88888888888889,28.395061728395063,35.67901234567901,4.753086419753086,0.8024691358024691,1302,11.674347158218126,14.055299539170507,39.70814132104454,20.19969278033794,2.8417818740399388,2784,205,525,257,7.363505747126437,18.857758620689655,4.465649532278562,TRUE,TRUE,4-6,inside the Ring,East Berlin
036P,1676,1376,10.101744186046512,10.101744186046512,28.415697674418606,38.66279069767442,3.4156976744186047,1.4534883720930232,1109,11.632100991884581,12.894499549143372,35.88818755635708,21.911632100991884,3.426510369702435,2519,132,550,203,5.240174672489083,21.83406113537118,4.20212225437817,TRUE,TRUE,4-6,inside the Ring,East Berlin
036Q,1055,862,9.860788863109049,9.164733178654293,25.05800464037123,38.63109048723898,4.408352668213457,2.4361948955916475,686,8.746355685131196,13.411078717201166,40.670553935860056,20.99125364431487,2.9154518950437316,1654,86,435,136,5.199516324062878,26.29987908101572,4.236104488883921,TRUE,TRUE,4-6,inside the Ring,East Berlin
036R,958,794,9.697732997481108,9.697732997481108,30.9823677581864,32.99748110831234,5.163727959697733,2.141057934508816,621,11.11111111111111,14.009661835748792,42.028985507246375,17.713365539452496,2.898550724637681,1515,68,390,135,4.488448844884489,25.742574257425744,4.33007149065637,TRUE,TRUE,4-6,inside the Ring,East Berlin
036S,1069,872,9.747706422018348,13.073394495412844,30.96330275229358,30.84862385321101,4.243119266055046,1.834862385321101,708,10.59322033898305,14.830508474576272,39.83050847457627,16.949152542372882,3.1073446327683616,1606,109,343,148,6.787048567870485,21.357409713574096,4.117360817607357,TRUE,TRUE,4-6,inside the Ring,East Berlin
036T,1745,1455,13.127147766323024,10.515463917525773,28.1786941580756,31.75257731958763,5.085910652920962,1.7869415807560138,1165,11.330472103004292,13.562231759656653,38.62660944206009,18.369098712446352,3.4334763948497855,2664,135,589,233,5.0675675675675675,22.10960960960961,3.944810324266078,TRUE,TRUE,2-4,inside the Ring,East Berlin
036U,1896,1600,11.625,8.8125,27.8125,36.6875,4.125,1.5,1242,12.238325281803542,13.20450885668277,38.64734299516908,18.92109500805153,3.7037037037037037,2985,137,710,289,4.589614740368509,23.785594639865998,3.850827721389703,TRUE,TRUE,2-4,inside the Ring,East Berlin
036V,1092,876,9.931506849315069,9.58904109589041,26.027397260273972,36.18721461187214,6.621004566210046,1.4840182648401827,660,13.181818181818182,13.030303030303031,36.81818181818182,20.454545454545453,3.787878787878788,1693,97,426,144,5.729474305965741,25.1624335499114,3.736226208524956,TRUE,TRUE,2-4,inside the Ring,East Berlin
036W,1058,808,8.415841584158416,10.51980198019802,25.247524752475247,38.86138613861386,7.178217821782178,0.9900990099009901,646,14.396284829721361,12.538699690402476,34.6749226006192,21.207430340557277,3.869969040247678,1749,146,474,142,8.347627215551745,27.101200686106345,3.6416884831122704,TRUE,TRUE,2-4,inside the Ring,East Berlin
037A,1747,1375,10.10909090909091,8.727272727272727,16.945454545454545,34.836363636363636,15.2,2.618181818181818,1125,16.355555555555554,15.022222222222222,25.42222222222222,14.488888888888889,9.066666666666666,2921,258,818,258,8.832591578226635,28.004108182129407,5.603257289125661,FALSE,TRUE,4-6,outside the Ring,East Berlin
037B,1561,1260,11.11111111111111,10.238095238095237,22.22222222222222,30.07936507936508,14.523809523809524,1.9841269841269842,1038,16.184971098265898,16.184971098265898,28.42003853564547,13.776493256262043,9.152215799614643,2372,244,466,138,10.286677908937605,19.645868465430016,5.804610371697716,FALSE,TRUE,4-6,outside the Ring,East Berlin
037C,1854,1473,10.930074677528852,9.708078750848609,21.181262729124235,28.716904276985744,15.682281059063136,2.0366598778004072,1192,17.114093959731544,14.429530201342281,24.58053691275168,15.855704697986576,9.563758389261745,2698,286,485,168,10.600444773906597,17.97627872498147,5.748712380604467,FALSE,TRUE,4-6,outside the Ring,East Berlin
037D,2050,1514,10.171730515191545,9.180977542932629,15.852047556142669,33.81770145310436,17.23910171730515,1.7833553500660502,1168,18.921232876712327,15.496575342465754,20.633561643835616,17.80821917808219,11.215753424657533,3262,314,861,209,9.625996321275291,26.394849785407725,5.91635219713792,FALSE,TRUE,4-6,outside the Ring,East Berlin
037E,1703,1371,12.691466083150985,8.60685630926331,22.611232676878192,33.479212253829324,11.159737417943107,2.1881838074398248,1086,16.206261510128915,16.298342541436465,29.005524861878452,15.377532228360957,7.734806629834254,2667,276,543,185,10.348706411698538,20.359955005624297,6.342669691326342,FALSE,TRUE,6-8,outside the Ring,East Berlin
037F,1596,1254,9.170653907496012,9.170653907496012,18.660287081339714,37.00159489633174,13.397129186602871,2.3125996810207337,1034,16.827852998065765,15.473887814313347,24.37137330754352,17.11798839458414,10.541586073500968,2532,218,565,169,8.609794628751974,22.31437598736177,6.0962906917975,FALSE,TRUE,6-8,outside the Ring,East Berlin
037G,1668,1218,9.93431855500821,10.50903119868637,10.83743842364532,31.60919540229885,20.19704433497537,1.8883415435139572,1104,19.565217391304348,14.31159420289855,17.66304347826087,20.28985507246377,9.601449275362318,2335,388,416,154,16.616702355460387,17.815845824411134,5.538282018898219,FALSE,TRUE,4-6,outside the Ring,East Berlin
037H,1816,1315,9.885931558935361,9.429657794676807,13.916349809885931,35.51330798479088,15.5893536121673,1.596958174904943,1080,18.98148148148148,14.25925925925926,17.962962962962962,19.72222222222222,9.166666666666666,2822,428,711,274,15.166548547129695,25.194897236002834,5.322921031944393,FALSE,TRUE,4-6,outside the Ring,East Berlin
037J,1777,1375,8.290909090909091,9.818181818181818,17.30909090909091,38.61818181818182,14.10909090909091,1.3818181818181818,1155,17.142857142857142,14.632034632034632,24.58874458874459,20.952380952380953,8.13852813852814,2441,363,476,207,14.870954526833264,19.500204834084393,5.073359102606392,FALSE,TRUE,4-6,outside the Ring,East Berlin
037K,1742,1358,9.793814432989691,8.689248895434462,18.998527245949926,39.39617083946981,10.751104565537556,1.914580265095729,1062,15.348399246704332,15.065913370998116,25.6120527306968,21.939736346516007,6.4030131826742,2664,231,737,249,8.67117117117117,27.665165165165167,4.81177351671906,FALSE,TRUE,4-6,outside the Ring,East Berlin
037L,1709,1301,9.377401998462721,9.377401998462721,21.060722521137585,38.8162951575711,8.147578785549577,1.767870868562644,1060,14.622641509433961,14.81132075471698,29.056603773584907,20.849056603773583,5.566037735849057,2681,310,754,235,11.562849682954122,28.12383439015293,5.206190222922257,FALSE,TRUE,4-6,outside the Ring,East Berlin
037M,1109,892,9.417040358744394,10.538116591928251,20.85201793721973,36.54708520179372,8.52017937219731,1.2331838565022422,668,15.419161676646707,15.419161676646707,29.491017964071855,21.706586826347305,5.538922155688622,1574,168,305,136,10.673443456162643,19.377382465057178,5.008950630546824,FALSE,TRUE,4-6,outside the Ring,East Berlin
037N,2043,1592,10.42713567839196,9.045226130653266,20.35175879396985,36.243718592964825,11.369346733668342,2.0728643216080402,1382,15.77424023154848,14.47178002894356,28.94356005788712,20.47756874095514,5.861070911722142,2818,388,518,229,13.76863023420866,18.38183108587651,4.982233762153153,FALSE,TRUE,4-6,outside the Ring,East Berlin
037P,1943,1533,8.741030658838879,10.241356816699282,19.373776908023483,39.79125896934116,10.045662100456621,1.0437051532941943,1186,14.671163575042158,15.177065767284992,29.51096121416526,21.58516020236088,5.564924114671164,2639,335,453,174,12.694202349374763,17.165593027661995,5.053764920403675,FALSE,TRUE,4-6,outside the Ring,East Berlin
037Q,1711,1403,9.123307198859587,9.7647897362794,23.59230220955096,36.20812544547398,9.052031361368496,1.9957234497505345,1166,12.607204116638078,13.893653516295025,37.13550600343053,19.639794168096056,4.030874785591767,2481,292,490,205,11.76944780330512,19.750100765820235,4.72132320909284,FALSE,TRUE,4-6,outside the Ring,East Berlin
037R,1008,841,13.555291319857313,8.799048751486326,27.348394768133176,34.244946492271104,4.5184304399524375,3.329369797859691,667,13.793103448275861,12.743628185907047,37.6311844077961,19.340329835082457,2.998500749625187,1610,94,414,159,5.838509316770186,25.714285714285715,4.692145575356607,FALSE,TRUE,4-6,outside the Ring,East Berlin
037S,1772,1464,10.724043715846994,9.76775956284153,26.092896174863387,31.898907103825138,7.718579234972678,1.2978142076502732,1145,15.02183406113537,15.37117903930131,34.41048034934498,19.388646288209607,4.978165938864628,2592,241,540,222,9.29783950617284,20.833333333333332,4.693800608988205,FALSE,TRUE,4-6,outside the Ring,East Berlin
037T,1568,1288,10.869565217391305,11.024844720496894,26.70807453416149,33.462732919254655,6.366459627329193,1.7857142857142858,1060,13.584905660377359,15.283018867924529,34.81132075471698,18.962264150943398,4.056603773584905,2429,177,538,236,7.286949361877316,22.149032523672293,4.721279943735346,FALSE,TRUE,4-6,outside the Ring,East Berlin
038A,1916,1378,13.280116110304789,10.014513788098693,10.595065312046444,32.00290275761974,19.375907111756167,2.3222060957910013,1153,18.039895923677363,15.524718126626192,16.91240242844753,20.381613183000866,12.489158716392021,2751,636,511,238,23.11886586695747,18.575063613231553,4.498391838446176,TRUE,TRUE,4-6,inside the Ring,East Berlin
038B,1861,1464,10.314207650273223,8.53825136612022,25,37.021857923497265,6.420765027322404,1.639344262295082,1174,14.054514480408859,13.543441226575808,33.13458262350937,18.48381601362862,5.1107325383304945,3063,217,942,275,7.084557623245185,30.754162585700293,4.1553333920413,TRUE,TRUE,4-6,inside the Ring,East Berlin
038C,1077,886,10.948081264108351,10.045146726862303,29.45823927765237,32.16704288939052,4.6275395033860045,1.8058690744920993,750,14,12.933333333333334,37.733333333333334,16,3.7333333333333334,1629,112,363,190,6.875383670963782,22.283609576427256,3.9695632778695944,TRUE,TRUE,2-4,inside the Ring,East Berlin
038D,1767,1500,13.333333333333334,8.4,26.6,35.266666666666666,4.866666666666666,2.533333333333333,1188,14.057239057239057,12.710437710437711,38.13131313131313,18.265993265993266,3.1144781144781146,2706,196,606,217,7.243163340724316,22.394678492239468,3.9657273229919383,TRUE,TRUE,2-4,inside the Ring,East Berlin
038E,1950,1644,14.05109489051095,9.914841849148418,27.25060827250608,32.360097323600975,4.13625304136253,2.1289537712895377,1269,12.293144208037825,12.371946414499606,40.66193853427896,17.65169424743893,3.1520882584712373,3155,222,853,262,7.0364500792393025,27.0364500792393,3.8829418138545564,TRUE,TRUE,2-4,inside the Ring,East Berlin
038F,1067,886,16.704288939051917,10.835214446952596,27.426636568848757,31.82844243792325,3.160270880361174,1.693002257336343,695,13.81294964028777,13.66906474820144,37.985611510791365,15.683453237410072,2.302158273381295,1664,90,383,150,5.408653846153846,23.016826923076923,3.676559692601036,TRUE,TRUE,2-4,inside the Ring,East Berlin
038G,1833,1576,14.720812182741117,9.454314720812183,29.885786802030456,28.934010152284262,4.441624365482234,2.3477157360406093,1293,14.230471771075019,13.534416086620263,38.437741686001544,17.40139211136891,2.8615622583139984,2934,197,675,252,6.714383094751193,23.006134969325153,3.5710406905841996,TRUE,TRUE,2-4,inside the Ring,East Berlin
038H,2011,1584,13.005050505050505,11.426767676767676,18.055555555555557,32.323232323232325,10.353535353535353,2.904040404040404,1341,17.822520507084267,16.778523489932887,25.950782997762865,19.313944817300523,6.1894108873974645,3315,467,928,338,14.087481146304675,27.99396681749623,3.2296821711456016,TRUE,TRUE,2-4,inside the Ring,East Berlin
038J,1943,1577,13.06277742549144,10.019023462270134,27.90107799619531,33.54470513633481,4.058338617628408,2.346227013316424,1314,11.263318112633181,14.992389649923897,36.529680365296805,18.41704718417047,2.6636225266362255,3090,203,810,329,6.56957928802589,26.21359223300971,3.495219622559618,TRUE,TRUE,2-4,inside the Ring,East Berlin
038K,1742,1494,15.127175368139223,10.441767068273093,26.03748326639893,28.982597054886213,6.157965194109773,1.8741633199464525,1242,14.814814814814815,15.056360708534621,33.89694041867955,17.55233494363929,2.657004830917874,2621,229,582,207,8.737123235406333,22.205265165967187,3.6583426555410017,TRUE,TRUE,2-4,inside the Ring,East Berlin
038L,1669,1398,14.592274678111588,10.157367668097281,25.822603719599428,31.11587982832618,5.293276108726753,1.78826895565093,1093,14.089661482159196,12.717291857273558,33.85178408051235,19.30466605672461,3.293687099725526,2688,170,641,262,6.324404761904762,23.84672619047619,3.179640562726071,TRUE,TRUE,2-4,inside the Ring,East Berlin
038M,1650,1323,11.866969009826153,10.279667422524565,26.00151171579743,34.845049130763414,5.139833711262282,1.436130007558579,1136,12.32394366197183,12.852112676056338,35.2112676056338,19.806338028169016,3.257042253521127,2610,264,622,236,10.114942528735632,23.831417624521073,3.801841058930212,TRUE,TRUE,2-4,inside the Ring,East Berlin
038N,1847,1543,13.804277381723914,11.471160077770577,29.29358392741413,28.839922229423202,4.601425793907971,2.462734931950745,1306,12.404287901990811,13.093415007656969,36.37059724349158,21.362940275650843,2.5267993874425727,2952,243,696,278,8.231707317073171,23.577235772357724,3.1938198359954684,TRUE,TRUE,2-4,inside the Ring,East Berlin
038P,1962,1641,15.965874466788543,13.893967093235831,25.35039609993906,25.22851919561243,5.78915295551493,2.9859841560024374,1332,14.864864864864865,13.513513513513514,33.108108108108105,20.795795795795797,3.4534534534534536,3018,306,696,241,10.139165009940358,23.061630218687874,3.3893729637612213,TRUE,TRUE,2-4,inside the Ring,East Berlin
038Q,1099,908,14.647577092511014,10.242290748898679,25.550660792951543,31.938325991189426,5.176211453744493,1.5418502202643172,742,19.67654986522911,14.285714285714286,31.940700808625337,16.711590296495956,2.964959568733154,1613,117,336,149,7.253564786112833,20.8307501549907,3.1707415887605372,TRUE,TRUE,2-4,inside the Ring,East Berlin
038R,1958,1628,16.646191646191646,8.415233415233415,26.167076167076168,29.23832923832924,6.203931203931204,3.3169533169533167,1276,16.927899686520377,13.244514106583072,34.71786833855799,16.4576802507837,3.5266457680250785,3755,212,1369,340,5.645805592543276,36.45805592543276,2.828643425218276,TRUE,TRUE,2-4,inside the Ring,East Berlin
038S,1938,1606,13.013698630136986,8.592777085927771,26.961394769613946,33.56164383561644,4.2341220423412205,2.9887920298879203,1276,13.16614420062696,10.893416927899686,38.087774294670844,20.454545454545453,2.4294670846394983,2999,207,752,271,6.902300766922307,25.075025008336112,2.7223676228170306,TRUE,TRUE,2-4,inside the Ring,East Berlin
038T,1011,840,12.976190476190476,7.261904761904762,31.19047619047619,35.23809523809524,3.0952380952380953,2.142857142857143,697,11.621233859397417,12.769010043041607,37.30272596843616,18.7948350071736,2.72596843615495,1789,78,600,160,4.3599776411403015,33.53828954723309,3.1009173790930977,TRUE,TRUE,2-4,inside the Ring,East Berlin
039A,1819,1438,9.527121001390821,11.68289290681502,15.92489568845619,35.674547983310156,12.726008344923505,0.9040333796940194,1261,17.922283901665345,15.14670896114195,23.39413164155432,19.508326724821572,8.009516256938937,2929,297,695,157,10.139979515192898,23.72823489245476,6.9248283854827015,FALSE,TRUE,6-8,outside the Ring,East Berlin
039B,1769,1477,11.509817197020988,11.509817197020988,17.87406905890318,33.98781313473257,11.374407582938389,1.4895057549085986,1194,18.00670016750419,15.494137353433835,25.4606365159129,18.174204355108877,7.202680067001675,2615,260,469,195,9.94263862332696,17.934990439770555,6.457397665655468,FALSE,TRUE,6-8,outside the Ring,East Berlin
039C,1619,1301,9.915449654112221,11.990776325903152,21.214450422751728,34.12759415833974,10.607225211375864,2.536510376633359,1038,19.460500963391137,16.088631984585742,26.30057803468208,16.28131021194605,8.092485549132949,2535,244,531,182,9.62524654832347,20.94674556213018,6.107677258545031,FALSE,TRUE,6-8,outside the Ring,East Berlin
039D,1693,1331,15.026296018031555,12.546957175056349,13.373403456048084,24.267468069120962,21.93839218632607,1.8782870022539444,1124,21.441281138790035,18.23843416370107,18.505338078291814,16.99288256227758,11.654804270462634,2059,444,116,75,21.56386595434677,5.633802816901408,6.561468928663693,FALSE,TRUE,6-8,outside the Ring,East Berlin
039E,1871,1212,11.633663366336634,19.884488448844884,6.270627062706271,28.795379537953796,18.151815181518153,1.7326732673267327,1024,21.6796875,27.63671875,5.56640625,18.45703125,10.44921875,2122,1051,124,127,49.528746465598495,5.843543826578699,5.883333658690381,FALSE,TRUE,4-6,outside the Ring,East Berlin
039F,1792,1374,11.717612809315867,12.809315866084425,9.825327510917031,29.33042212518195,20.524017467248907,2.037845705967977,1052,23.76425855513308,17.870722433460077,12.262357414448669,16.44486692015209,13.307984790874524,3079,639,1019,170,20.753491393309517,33.09516076648262,5.939898711711764,FALSE,TRUE,4-6,outside the Ring,East Berlin
039G,1774,1145,10.393013100436681,16.33187772925764,4.716157205240175,28.820960698689955,25.152838427947597,1.0480349344978166,1002,24.35129740518962,23.552894211576845,6.287425149700598,18.163672654690618,13.972055888223553,2388,809,389,127,33.87772194304858,16.289782244556115,5.612245194601938,FALSE,TRUE,4-6,outside the Ring,East Berlin
039H,2095,1493,10.046885465505694,17.07970529135968,4.8894842598794375,26.38981915606162,27.193569993302077,1.2726054922973877,1257,24.741447891805887,21.40015910898966,6.284805091487669,16.785998408910103,16.785998408910103,2758,977,385,162,35.42422044960116,13.959390862944163,5.472869864063329,FALSE,TRUE,4-6,outside the Ring,East Berlin
039J,1775,1270,9.84251968503937,10.94488188976378,10.15748031496063,36.69291338582677,20.551181102362204,1.0236220472440944,1036,19.594594594594593,19.498069498069498,12.548262548262548,19.787644787644787,12.548262548262548,2686,544,694,203,20.253164556962027,25.837676842889053,5.251870725219171,FALSE,TRUE,4-6,outside the Ring,East Berlin
039K,1638,1283,10.678098207326578,11.61340607950117,20.265003897116134,31.488698363211224,10.2883865939205,2.1044427123928293,1049,14.680648236415633,13.44137273593899,28.026692087702575,20.11439466158246,7.340324118207817,2658,277,761,228,10.421369450714824,28.630549285176826,4.906269920565174,TRUE,TRUE,4-6,inside the Ring,East Berlin
039L,1662,1349,9.266123054114159,11.34173461823573,26.09340252038547,35.65604151223128,6.226834692364714,2.446256486286138,1065,12.018779342723004,13.52112676056338,33.051643192488264,20.56338028169014,4.788732394366197,2519,188,551,229,7.463279078999603,21.87375942834458,4.532652171557109,TRUE,TRUE,4-6,inside the Ring,East Berlin
039M,1531,1282,11.076443057722308,9.750390015600624,28.62714508580343,34.71138845553822,4.758190327613105,2.1840873634945397,1043,13.806327900287632,12.27229146692234,36.52924256951103,17.929050814956856,3.451581975071908,2323,125,515,173,5.380972879896685,22.169608265174343,4.331662214318682,TRUE,TRUE,4-6,inside the Ring,East Berlin
039N,2234,1904,11.554621848739496,11.029411764705882,30.409663865546218,30.409663865546218,5.409663865546219,1.7331932773109244,1535,13.355048859934854,15.11400651465798,37.58957654723127,18.371335504885995,3.517915309446254,3248,229,654,293,7.050492610837439,20.135467980295566,4.172795529422107,TRUE,TRUE,4-6,inside the Ring,East Berlin
039P,1548,1306,18.60643185298622,10.260336906584993,26.339969372128635,26.110260336906585,5.130168453292496,2.679938744257274,1028,15.75875486381323,14.883268482490273,38.2295719844358,15.369649805447471,2.821011673151751,2260,224,408,187,9.91150442477876,18.053097345132745,3.7467548990484265,TRUE,TRUE,2-4,inside the Ring,East Berlin
039Q,1809,1487,12.037659717552119,10.356422326832549,28.71553463349025,31.87626092804304,5.043712172158709,1.4122394082044385,1307,12.394797245600612,16.602907421576127,37.9495026778883,18.056618209640398,3.5195103289977046,2632,246,506,222,9.346504559270517,19.224924012158056,4.021365897063142,TRUE,TRUE,4-6,inside the Ring,East Berlin
039R,2421,1899,10.584518167456556,9.95260663507109,18.85202738283307,37.33543970510795,11.058451816745656,1.05318588730911,1591,14.582023884349466,15.336266499057198,30.609679446888748,19.86172218730358,6.159648020113137,3342,445,569,267,13.31538001196888,17.025733093955715,4.501941618214818,TRUE,TRUE,4-6,inside the Ring,East Berlin
039S,1527,1038,12.33140655105973,11.464354527938342,14.932562620423893,31.695568400770714,14.258188824662813,1.8304431599229287,815,18.15950920245399,16.687116564417177,20.613496932515336,20.12269938650307,8.466257668711657,4666,297,2762,277,6.365195027861123,59.1941705957994,5.183348399210936,TRUE,TRUE,4-6,inside the Ring,East Berlin
039T,1555,1141,9.903593339176162,10.604732690622262,16.038562664329536,35.75810692375109,13.40929009640666,2.716914986853637,879,13.993174061433447,15.927189988623436,28.21387940841866,21.046643913538112,8.987485779294653,2440,308,669,201,12.62295081967213,27.418032786885245,4.895841479325902,TRUE,TRUE,4-6,inside the Ring,East Berlin
039U,2012,1728,18.171296296296298,16.89814814814815,23.61111111111111,23.78472222222222,5.150462962962963,3.240740740740741,1421,19.422941590429275,24.63054187192118,28.64180154820549,11.541168191414497,3.6593947923997185,3440,257,820,320,7.47093023255814,23.837209302325583,5.709149500913981,TRUE,TRUE,4-6,inside the Ring,East Berlin
041A,3425,2149,19.776640297812936,15.402512796649605,7.864122847836203,21.6379711493718,20.567705909725454,3.024662633783155,1671,34.88928785158588,21.96289646918013,10.23339317773788,5.445840813883902,11.669658886894075,5539,1413,1593,762,25.510019859180357,28.75970391767467,6.108250412456664,FALSE,FALSE,6-8,outside the Ring,West Berlin
041B,1843,1093,19.57913998170174,13.906678865507777,4.84903934126258,24.611161939615737,23.055809698078683,2.92772186642269,893,38.52183650615901,20.26875699888018,6.83090705487122,4.927211646136618,12.318029115341545,3206,579,892,667,18.059887710542732,27.822832189644416,6.396019658777391,FALSE,FALSE,6-8,outside the Ring,West Berlin
041C,2095,1240,18.467741935483872,14.919354838709678,6.532258064516129,25.403225806451612,20.64516129032258,1.6935483870967742,934,30.83511777301927,25.160599571734476,10.06423982869379,7.708779443254818,10.599571734475374,4377,780,1981,659,17.82042494859493,45.25931002970071,6.6233952798913975,FALSE,FALSE,6-8,outside the Ring,West Berlin
041D,2679,1622,19.05055487053021,14.05672009864365,5.6720098643649814,25.95561035758323,22.13316892725031,2.157829839704069,1275,36.78431372549019,22.901960784313726,7.764705882352941,5.7254901960784315,13.254901960784315,4780,972,1468,971,20.334728033472803,30.711297071129707,5.886578318457164,FALSE,FALSE,4-6,outside the Ring,West Berlin
041E,2287,1496,14.438502673796792,16.510695187165776,11.497326203208557,27.272727272727273,18.315508021390375,2.2058823529411766,1180,28.135593220338983,22.796610169491526,15.677966101694915,8.389830508474576,10.338983050847459,3914,727,1250,682,18.5743484925907,31.93663771078181,5.534413114318361,FALSE,FALSE,4-6,outside the Ring,West Berlin
041F,1173,862,11.600928074245939,16.357308584686773,17.40139211136891,27.378190255220417,13.109048723897912,3.82830626450116,736,23.641304347826086,18.070652173913043,26.766304347826086,11.005434782608695,6.114130434782608,1827,333,527,304,18.226600985221676,28.845101258894363,5.447486979005932,TRUE,FALSE,4-6,inside the Ring,West Berlin
041G,2401,1858,13.993541442411194,15.823466092572659,19.429494079655544,29.817007534983855,9.311087190527449,2.3681377825618943,1536,20.052083333333332,19.270833333333332,29.231770833333332,10.611979166666666,5.989583333333333,3870,669,1180,518,17.286821705426355,30.49095607235142,4.901404914156208,TRUE,FALSE,4-6,inside the Ring,West Berlin
041H,1092,852,16.666666666666668,12.089201877934272,20.070422535211268,29.460093896713616,10.211267605633802,2.347417840375587,743,16.41991924629879,18.842530282637956,31.89771197846568,12.24764468371467,5.248990578734858,1725,284,458,223,16.463768115942027,26.55072463768116,5.418733096565715,TRUE,FALSE,4-6,inside the Ring,West Berlin
041I,1037,751,23.03595206391478,14.913448735019973,13.715046604527297,24.63382157123835,10.785619174434087,3.728362183754993,661,27.231467473524962,19.667170953101362,21.6338880484115,8.472012102874432,5.748865355521937,2694,343,1486,336,12.731997030438011,55.15961395694135,4.601429738223475,TRUE,FALSE,4-6,inside the Ring,West Berlin
041J,1213,889,15.523059617547807,16.87289088863892,16.310461192350957,28.458942632170977,8.998875140607424,3.4870641169853767,668,25.29940119760479,20.65868263473054,24.550898203592816,10.029940119760479,5.688622754491018,1834,328,464,245,17.884405670665213,25.29989094874591,4.527118263906652,TRUE,FALSE,4-6,inside the Ring,West Berlin
041K,1183,875,14.628571428571428,14.514285714285714,17.485714285714284,32.114285714285714,10.628571428571428,1.9428571428571428,725,18.06896551724138,20.275862068965516,28.137931034482758,14.344827586206897,5.655172413793103,1982,290,594,344,14.631685166498487,29.96972754793138,5.078160751832023,TRUE,FALSE,4-6,inside the Ring,West Berlin
042A,1948,1528,35.40575916230367,14.136125654450261,15.641361256544503,10.602094240837696,11.19109947643979,5.693717277486911,1332,40.990990990990994,19.744744744744743,16.74174174174174,4.129129129129129,5.48048048048048,3218,852,920,299,26.476072094468613,28.589185829707894,10.089838956210574,FALSE,FALSE,8-11,outside the Ring,West Berlin
042B,1166,911,32.16245883644347,16.68496158068057,17.453347969264545,14.5993413830955,8.122941822173436,3.7321624588364433,816,37.009803921568626,21.323529411764707,15.073529411764707,6.127450980392157,4.28921568627451,1547,524,261,148,33.87201034259858,16.87136393018746,9.19329035017463,FALSE,FALSE,8-11,outside the Ring,West Berlin
042C,1275,897,31.549609810479375,16.05351170568562,9.698996655518394,15.719063545150501,15.273132664437012,4.124860646599777,856,40.070093457943926,24.182242990654206,8.761682242990654,4.55607476635514,7.009345794392523,2004,684,570,187,34.131736526946106,28.44311377245509,10.554210597634846,FALSE,FALSE,8-11,outside the Ring,West Berlin
042D,1116,894,43.288590604026844,14.765100671140939,14.988814317673379,8.501118568232663,8.612975391498882,3.5794183445190155,838,36.51551312649165,19.451073985680193,15.155131264916468,5.608591885441528,4.534606205250597,1659,372,321,171,22.423146473779386,19.349005424954793,9.210740983417676,FALSE,FALSE,8-11,outside the Ring,West Berlin
042E,2163,1646,28.18955042527339,15.552855407047387,14.88456865127582,15.188335358444714,14.034021871202917,3.7059538274605104,1461,37.30321697467488,20.944558521560573,15.605749486652977,5.065023956194388,6.844626967830253,3324,735,799,437,22.111913357400724,24.03730445246691,7.919787359054673,FALSE,FALSE,6-8,outside the Ring,West Berlin
042F,1087,810,28.765432098765434,14.444444444444445,11.851851851851851,18.271604938271604,13.82716049382716,3.580246913580247,759,32.93807641633729,17.786561264822133,16.337285902503293,7.7733860342556,7.905138339920948,1981,408,735,218,20.595658758202926,37.102473498233216,6.870977492644474,FALSE,FALSE,6-8,outside the Ring,West Berlin
042G,2185,1546,18.4993531694696,13.71280724450194,18.111254851228978,27.102199223803364,8.34411384217335,4.269081500646831,1184,21.875,21.368243243243242,26.85810810810811,9.20608108108108,5.996621621621622,4071,523,1503,526,12.846966347334806,36.919675755342666,6.119999392631293,TRUE,FALSE,6-8,inside the Ring,West Berlin
042H,1171,925,34.91891891891892,15.243243243243244,13.08108108108108,15.243243243243244,11.243243243243244,4.324324324324325,844,42.77251184834123,22.156398104265403,15.165876777251185,4.265402843601896,5.805687203791469,1507,473,190,141,31.386861313868614,12.607830126078301,7.967099048064888,FALSE,FALSE,6-8,outside the Ring,West Berlin
042J,1139,935,37.64705882352941,14.759358288770054,16.577540106951872,9.518716577540108,8.983957219251337,4.81283422459893,821,39.46406820950061,20.828258221680876,15.834348355663824,4.263093788063338,5.35931790499391,1558,544,299,138,34.91655969191271,19.191270860077022,7.293843982670605,FALSE,FALSE,6-8,outside the Ring,West Berlin
042K,1210,996,35.6425702811245,14.65863453815261,14.056224899598394,11.345381526104418,9.036144578313253,6.626506024096385,918,39.43355119825708,22.22222222222222,15.14161220043573,4.030501089324619,5.446623093681917,1625,475,233,154,29.23076923076923,14.338461538461539,8.08498021625873,FALSE,FALSE,8-11,outside the Ring,West Berlin
042L,1083,881,36.095346197502835,12.145289443813848,17.253121452894437,11.804767309875142,9.761634506242906,5.902383654937571,833,39.61584633853541,16.086434573829532,18.127250900360146,2.881152460984394,4.801920768307323,1541,410,294,158,26.606099935107075,19.078520441271902,10.29501265051071,FALSE,FALSE,8-11,outside the Ring,West Berlin
042M,1097,820,28.414634146341463,16.097560975609756,18.048780487804876,16.585365853658537,8.414634146341463,4.146341463414634,699,33.76251788268956,21.602288984263232,19.88555078683834,5.7224606580829755,6.723891273247497,1723,482,496,149,27.974463145676147,28.786999419616947,6.785580995775425,FALSE,FALSE,6-8,outside the Ring,West Berlin
042N,1286,898,11.58129175946548,16.258351893095767,15.924276169265033,34.632516703786195,8.240534521158128,2.5612472160356345,693,19.336219336219337,21.5007215007215,29.87012987012987,10.678210678210679,4.761904761904762,2082,451,559,413,21.661863592699326,26.84918347742555,6.03583483984078,TRUE,FALSE,6-8,inside the Ring,West Berlin
042P,1266,997,36.91073219658977,14.744232698094283,16.0481444332999,11.033099297893681,10.230692076228687,4.112337011033099,897,42.028985507246375,20.624303232998884,15.273132664437012,4.570791527313267,5.797101449275362,1671,550,245,167,32.91442250149611,14.661879114302813,7.7325409230295685,FALSE,FALSE,6-8,outside the Ring,West Berlin
042Q,1227,1005,37.014925373134325,14.527363184079602,15.92039800995025,13.233830845771145,7.960199004975125,4.875621890547263,892,38.56502242152467,19.170403587443946,18.27354260089686,4.37219730941704,4.596412556053812,1671,534,239,183,31.956912028725313,14.302812687013764,8.023133431201277,FALSE,FALSE,8-11,outside the Ring,West Berlin
042R,1214,938,36.46055437100213,14.712153518123667,15.245202558635395,14.818763326226012,7.356076759061834,4.157782515991471,847,38.96103896103896,19.36245572609209,18.181818181818183,5.548996458087367,4.368358913813459,1802,528,375,237,29.3007769145394,20.810210876803552,7.390948220583937,FALSE,FALSE,6-8,outside the Ring,West Berlin
042S,1302,1002,29.44111776447106,17.265469061876246,12.674650698602795,17.664670658682635,9.3812375249501,4.590818363273453,855,37.19298245614035,25.029239766081872,14.853801169590643,5.2631578947368425,5.614035087719298,1871,603,377,321,32.228754676643504,20.149652592196688,7.186245735732367,FALSE,FALSE,6-8,outside the Ring,West Berlin
042T,2078,1790,35.41899441340782,13.519553072625698,21.452513966480446,13.240223463687151,6.592178770949721,3.2960893854748603,1627,35.648432698217576,17.516902274124156,24.154886293792256,4.917025199754149,2.9502151198524893,3341,816,826,264,24.423825202035317,24.723136785393596,8.169739001068802,FALSE,FALSE,8-11,outside the Ring,West Berlin
042U,1249,975,33.84615384615385,13.128205128205128,16.512820512820515,14.76923076923077,8.923076923076923,5.333333333333333,855,36.49122807017544,18.362573099415204,17.77777777777778,5.380116959064328,3.9766081871345027,1995,501,583,262,25.112781954887218,29.223057644110277,7.185625256854044,FALSE,FALSE,6-8,outside the Ring,West Berlin
042V,1229,910,20.21978021978022,16.483516483516482,19.89010989010989,19.67032967032967,10.43956043956044,4.5054945054945055,766,25.326370757180158,20.234986945169712,25.718015665796344,8.616187989556137,6.396866840731071,1999,415,569,258,20.76038019009505,28.464232116058028,6.618932464761093,FALSE,FALSE,6-8,outside the Ring,West Berlin
042W,1099,798,24.18546365914787,14.160401002506266,19.172932330827066,15.914786967418546,11.528822055137844,7.017543859649122,691,31.114327062228654,19.68162083936324,18.08972503617945,5.209840810419681,5.933429811866859,1651,392,384,258,23.74318594791036,23.25863113264688,6.50013272406853,FALSE,FALSE,6-8,outside the Ring,West Berlin
042X,1252,726,15.426997245179063,16.94214876033058,15.426997245179063,26.170798898071624,11.845730027548209,3.168044077134986,586,23.72013651877133,25.426621160409557,25.59726962457338,9.215017064846416,6.143344709897611,2369,643,958,313,27.142254115660617,40.43900379907134,5.8074884712834685,TRUE,FALSE,4-6,inside the Ring,West Berlin
042Y,1280,1041,31.21998078770413,15.081652257444764,17.29106628242075,15.561959654178674,8.357348703170029,5.283381364073007,859,37.71827706635623,23.515715948777647,17.345750873108265,5.122235157159488,4.423748544819557,1792,436,279,252,24.330357142857142,15.569196428571429,7.702624163406611,FALSE,FALSE,6-8,outside the Ring,West Berlin
043A,2335,1791,10.552763819095478,12.89782244556114,22.389726409826913,33.27749860413177,9.491903964265774,1.954215522054718,1522,17.41130091984231,18.85676741130092,29.43495400788436,15.111695137976348,4.599211563731932,3631,762,847,620,20.985954282566787,23.32690718810245,5.685880040585199,TRUE,FALSE,4-6,inside the Ring,West Berlin
043B,2249,1739,18.3438757906843,15.583668775158136,21.90914318573893,23.80678550891317,7.993099482461185,3.4502587694077054,1503,25.282767797737858,20.55888223552894,25.34930139720559,8.715901530272788,4.9234863606121095,3525,759,959,561,21.53191489361702,27.20567375886525,5.2694374792735506,TRUE,FALSE,4-6,inside the Ring,West Berlin
043C,2075,1652,18.765133171912833,14.891041162227603,22.276029055690074,24.757869249394673,7.627118644067797,2.723970944309927,1365,24.175824175824175,20.952380952380953,27.47252747252747,8.937728937728938,4.468864468864469,3367,591,903,448,17.552717552717553,26.81912681912682,5.1068948160618195,TRUE,FALSE,4-6,inside the Ring,West Berlin
043D,2204,1772,13.882618510158014,18.058690744920995,22.742663656884876,28.386004514672685,6.997742663656885,1.8623024830699775,1492,19.03485254691689,20.509383378016086,31.300268096514746,13.002680965147453,3.954423592493298,3294,667,746,475,20.248937462052215,22.64723740133576,5.6204175329481965,TRUE,FALSE,4-6,inside the Ring,West Berlin
043E,2358,1832,16.266375545851528,15.174672489082969,19.213973799126638,28.548034934497817,8.24235807860262,2.893013100436681,1582,24.146649810366625,22.060682680151707,25.537294563843236,10.240202275600506,5.246523388116309,3690,732,923,519,19.83739837398374,25.013550135501355,6.195559432650115,TRUE,FALSE,6-8,inside the Ring,West Berlin
043F,1977,1503,22.954091816367267,14.836992681304059,17.365269461077844,20.159680638722556,11.776447105788423,3.193612774451098,1302,28.2642089093702,22.580645161290324,18.663594470046082,9.293394777265744,6.682027649769585,2682,649,430,382,24.198359433258762,16.032811334824757,6.576342890653576,FALSE,FALSE,6-8,outside the Ring,West Berlin
043G,1153,935,19.572192513368982,14.973262032085561,20.962566844919785,25.989304812834224,8.128342245989305,3.3155080213903743,798,23.55889724310777,20.050125313283207,26.31578947368421,12.280701754385966,5.2631578947368425,1836,347,468,220,18.899782135076254,25.49019607843137,6.168367339173121,TRUE,FALSE,6-8,inside the Ring,West Berlin
043H,988,761,28.38370565045992,14.98028909329829,20.630749014454665,16.4257555847569,7.490144546649145,4.862023653088042,640,28.90625,20.3125,24.0625,7.65625,2.65625,1521,312,380,201,20.512820512820515,24.983563445101908,5.977850879103163,TRUE,FALSE,4-6,inside the Ring,West Berlin
043I,1949,1514,18.163804491413476,15.521796565389696,24.966974900924704,26.28797886393659,5.614266842800529,2.3117569352708056,1276,22.25705329153605,20.768025078369906,31.112852664576803,11.050156739811912,3.605015673981191,3013,588,706,449,19.51543312313309,23.431795552605376,5.655173478419902,TRUE,FALSE,4-6,inside the Ring,West Berlin
043J,1212,945,23.174603174603174,15.238095238095237,23.174603174603174,17.883597883597883,8.571428571428571,3.7037037037037037,802,29.42643391521197,20.57356608478803,24.064837905236907,7.4812967581047385,3.7406483790523692,1755,418,400,233,23.817663817663817,22.79202279202279,6.256048773158796,TRUE,FALSE,6-8,inside the Ring,West Berlin
043K,2102,1670,18.802395209580837,14.850299401197605,25.688622754491018,24.131736526946106,6.526946107784431,2.9940119760479043,1378,21.552975326560233,20.754716981132077,30.986937590711175,11.756168359941945,3.3381712626995648,3077,635,711,401,20.636984075398114,23.106922326941827,5.502560128234206,TRUE,FALSE,4-6,inside the Ring,West Berlin
043L,2133,1712,29.848130841121495,16.121495327102803,20.502336448598133,16.121495327102803,6.775700934579439,3.796728971962617,1514,30.581241743725233,21.400264200792602,23.513870541611624,6.803170409511228,3.368560105680317,3136,1066,744,417,33.99234693877551,23.724489795918366,6.1265484060746225,TRUE,FALSE,6-8,inside the Ring,West Berlin
043M,1181,1009,21.40733399405352,16.154608523290385,22.993062438057482,24.182358771060457,6.144697720515362,1.9821605550049555,865,16.878612716763005,19.07514450867052,31.560693641618496,13.410404624277456,3.815028901734104,1554,390,235,173,25.096525096525095,15.122265122265123,5.908539591689889,TRUE,FALSE,4-6,inside the Ring,West Berlin
043N,940,804,20.52238805970149,13.930348258706468,26.243781094527364,21.393034825870647,5.970149253731344,3.109452736318408,643,20.37325038880249,21.61741835147745,34.52566096423017,11.35303265940902,2.332814930015552,1310,279,241,140,21.297709923664122,18.396946564885496,5.539423685773471,TRUE,FALSE,4-6,inside the Ring,West Berlin
043P,1722,1249,19.375500400320256,13.77101681345076,24.499599679743795,25.620496397117694,5.684547638110488,3.6829463570856684,1064,21.146616541353385,19.548872180451127,31.672932330827066,11.56015037593985,3.6654135338345863,3305,581,1285,455,17.57942511346445,38.88048411497731,5.182414549755473,TRUE,FALSE,4-6,inside the Ring,West Berlin
043Q,1131,859,22.0023282887078,17.462165308498253,21.536670547147846,20.139697322467985,6.169965075669383,5.238649592549476,753,25.36520584329349,19.787516600265604,28.55245683930943,7.304116865869854,3.585657370517928,1758,395,470,278,22.468714448236632,26.734926052332195,5.345679035795984,TRUE,FALSE,4-6,inside the Ring,West Berlin
043R,1243,1029,21.379980563654033,17.881438289601554,25.364431486880466,20.01943634596696,5.442176870748299,2.2351797862001943,867,23.760092272203,22.14532871972318,29.757785467128027,8.53517877739331,2.7681660899653977,1965,410,580,215,20.865139949109416,29.516539440203562,5.601828147801917,TRUE,FALSE,4-6,inside the Ring,West Berlin
043S,2201,1636,26.65036674816626,15.158924205378973,19.193154034229828,17.6039119804401,8.863080684596577,4.5843520782396086,1456,31.11263736263736,19.8489010989011,21.978021978021978,6.730769230769231,4.395604395604396,3455,920,949,603,26.62807525325615,27.46743849493488,5.133008791113634,TRUE,FALSE,4-6,inside the Ring,West Berlin
044A,1269,988,17.307692307692307,14.676113360323887,21.153846153846153,25.101214574898787,8.906882591093117,3.340080971659919,841,21.64090368608799,20.451843043995243,28.894173602853744,10.225921521997622,4.637336504161712,1980,455,553,273,22.97979797979798,27.92929292929293,4.803158960972265,TRUE,FALSE,4-6,inside the Ring,West Berlin
044B,1273,906,20.309050772626932,15.01103752759382,14.1280353200883,23.28918322295806,13.024282560706402,3.752759381898455,784,26.53061224489796,24.23469387755102,16.581632653061224,8.418367346938776,7.01530612244898,2224,473,763,405,21.26798561151079,34.30755395683453,4.452326368992244,TRUE,FALSE,4-6,inside the Ring,West Berlin
044C,1626,1145,31.353711790393014,13.362445414847162,18.078602620087338,16.943231441048034,8.384279475982533,5.414847161572053,1054,29.22201138519924,20.20872865275142,22.201138519924097,6.83111954459203,5.1233396584440225,2685,634,832,509,23.612662942271882,30.986964618249534,3.556379667863224,TRUE,FALSE,2-4,inside the Ring,West Berlin
044D,1982,1480,17.635135135135137,14.932432432432432,21.486486486486488,25.472972972972972,8.445945945945946,3.7837837837837838,1276,23.981191222570533,22.021943573667713,27.351097178683386,9.87460815047022,4.153605015673981,3201,719,942,445,22.46173070915339,29.42830365510778,5.299143537048377,TRUE,FALSE,4-6,inside the Ring,West Berlin
044E,1187,919,18.171926006528835,13.710554951033732,24.483133841131664,25.136017410228508,6.2023939064200215,3.9173014145810665,777,22.00772200772201,17.76061776061776,30.244530244530246,10.682110682110682,4.504504504504505,1891,328,513,256,17.34531993654151,27.128503437334743,5.136087527708507,TRUE,FALSE,4-6,inside the Ring,West Berlin
044F,2349,1612,19.975186104218363,14.01985111662531,14.950372208436725,26.116625310173696,11.228287841191067,3.9081885856079404,1324,29.682779456193355,20.845921450151057,21.299093655589125,8.685800604229607,5.891238670694864,4284,1022,1566,737,23.856209150326798,36.554621848739494,4.664083540194035,TRUE,FALSE,4-6,inside the Ring,West Berlin
044G,1260,990,24.04040404040404,15.757575757575758,19.292929292929294,21.91919191919192,7.97979797979798,3.3333333333333335,869,25.891829689298042,19.677790563866512,27.387802071346375,9.321058688147296,4.602991944764097,2023,453,565,281,22.392486406327237,27.928818586258032,4.129956185417209,TRUE,FALSE,4-6,inside the Ring,West Berlin
044H,2301,1683,19.25133689839572,14.379084967320262,20.439691027926322,26.262626262626263,8.615567439096852,1.9013666072489601,1403,24.803991446899502,18.674269422665716,27.940128296507485,9.47968638631504,4.989308624376337,4248,769,1668,677,18.102636534839924,39.26553672316384,4.896098778113378,TRUE,FALSE,4-6,inside the Ring,West Berlin
044J,1298,945,21.904761904761905,12.486772486772487,22.32804232804233,21.693121693121693,7.5132275132275135,3.9153439153439153,752,26.329787234042552,17.819148936170212,30.71808510638298,8.111702127659575,2.7925531914893615,2153,329,690,365,15.281003251277287,32.048304691128656,4.942931921944764,TRUE,FALSE,4-6,inside the Ring,West Berlin
044K,1152,864,22.453703703703702,14.467592592592593,19.675925925925927,23.37962962962963,7.523148148148148,5.324074074074074,723,22.406639004149376,21.023513139695712,25.44951590594744,10.096818810511756,5.809128630705394,1852,367,550,303,19.816414686825055,29.697624190064793,4.302804825591558,TRUE,FALSE,4-6,inside the Ring,West Berlin
044L,2440,1908,26.20545073375262,13.469601677148846,21.960167714884697,17.92452830188679,7.0754716981132075,4.926624737945493,1550,25.677419354838708,21.741935483870968,24.516129032258064,7.806451612903226,4.516129032258065,3675,845,909,562,22.993197278911566,24.73469387755102,3.605557786717577,TRUE,FALSE,2-4,inside the Ring,West Berlin
044M,1974,1402,24.251069900142653,13.837375178316691,19.40085592011412,22.03994293865906,7.845934379457917,5.2781740370898715,1206,27.611940298507463,19.154228855721392,25.456053067993366,7.877280265339967,4.8092868988391375,3276,759,1013,533,23.168498168498168,30.921855921855922,4.533679721662811,TRUE,FALSE,4-6,inside the Ring,West Berlin
044N,1969,1587,29.930686830497795,13.73660995589162,24.511657214870826,15.879017013232515,5.608065532451166,3.780718336483932,1378,28.592162554426704,20.609579100145137,26.342525399129173,6.2409288824383164,3.7010159651669086,2845,693,598,419,24.358523725834797,21.01933216168717,4.765398699103509,TRUE,FALSE,4-6,inside the Ring,West Berlin
044P,1235,936,27.457264957264957,15.705128205128204,22.32905982905983,16.666666666666668,4.487179487179487,5.769230769230769,847,27.744982290436838,18.654073199527744,23.376623376623378,11.216056670602125,2.125147579693034,1677,462,319,241,27.549194991055455,19.02206320810972,4.118718654100564,TRUE,FALSE,4-6,inside the Ring,West Berlin
044Q,988,692,26.734104046242773,12.716763005780347,18.208092485549134,18.352601156069365,8.236994219653178,7.9479768786127165,566,31.978798586572438,20.49469964664311,17.6678445229682,6.007067137809187,5.123674911660777,1777,343,662,280,19.302194710185706,37.253798536859875,3.3011362505900204,TRUE,FALSE,2-4,inside the Ring,West Berlin
044R,1295,1029,34.305150631681244,14.67444120505345,18.367346938775512,13.605442176870747,7.774538386783285,4.567541302235179,878,30.751708428246015,18.337129840546698,23.917995444191344,6.719817767653758,4.669703872437358,1834,538,385,268,29.334787350054526,20.99236641221374,4.561691076364725,TRUE,FALSE,4-6,inside the Ring,West Berlin
044S,872,617,34.35980551053485,9.238249594813615,11.993517017828202,14.586709886547812,11.831442463533225,7.779578606158833,446,42.82511210762332,17.04035874439462,15.022421524663677,2.690582959641256,4.484304932735426,1879,361,813,297,19.212346993081425,43.26769558275679,4.2620772850392825,TRUE,FALSE,4-6,inside the Ring,West Berlin
044T,1184,915,34.09836065573771,15.300546448087431,19.453551912568305,13.442622950819672,8.087431693989071,3.8251366120218577,803,35.491905354919055,22.789539227895393,17.31008717310087,6.102117061021171,4.109589041095891,1955,488,609,290,24.9616368286445,31.15089514066496,4.954719603736437,TRUE,FALSE,4-6,inside the Ring,West Berlin
044U,1181,914,33.36980306345733,15.317286652078774,15.536105032822757,12.25382932166302,9.518599562363239,6.12691466083151,786,39.18575063613232,19.59287531806616,15.776081424936386,4.707379134860051,5.216284987277354,1631,451,299,240,27.651747394236665,18.332311465358675,4.664396978097755,TRUE,FALSE,4-6,inside the Ring,West Berlin
044V,1126,809,23.485784919653895,13.720642768850432,16.19283065512979,22.49690976514215,10.754017305315204,4.07911001236094,615,32.357723577235774,17.398373983739837,24.065040650406505,6.341463414634147,6.991869918699187,2010,279,693,381,13.880597014925373,34.47761194029851,4.007235888496016,TRUE,FALSE,4-6,inside the Ring,West Berlin
044W,1218,1003,20.638085742771686,14.955134596211366,23.13060817547358,20.937188434695912,7.377866400797608,4.087736789631107,887,24.577226606538897,21.984216459977453,25.704622322435174,9.244644870349493,4.509582863585118,1932,404,519,266,20.910973084886127,26.86335403726708,4.5462421822204435,TRUE,FALSE,4-6,inside the Ring,West Berlin
044X,1202,850,23.41176470588235,12.823529411764707,16.823529411764707,25.294117647058822,10.588235294117647,3.8823529411764706,697,28.12051649928264,18.36441893830703,24.820659971305595,11.33428981348637,4.878048780487805,2275,425,893,406,18.681318681318682,39.252747252747255,3.4636455715884584,TRUE,FALSE,2-4,inside the Ring,West Berlin
045A,1181,913,45.56407447973713,9.419496166484118,11.281489594742606,7.995618838992333,10.295728368017524,8.871851040525739,775,44.903225806451616,15.870967741935484,9.548387096774194,4.258064516129032,4.645161290322581,1778,464,381,240,26.09673790776153,21.428571428571427,10.667936711196992,FALSE,FALSE,8-11,outside the Ring,West Berlin
045B,2059,1528,47.382198952879584,10.405759162303665,10.209424083769633,6.675392670157068,10.536649214659686,8.638743455497382,1379,50.76142131979695,16.533720087019578,9.354604786076868,2.9006526468455403,3.9883973894126177,3243,967,807,394,29.818069688559977,24.88436632747456,7.6203977625088335,FALSE,FALSE,6-8,outside the Ring,West Berlin
045C,2348,1692,39.125295508274235,12.825059101654846,11.643026004728132,14.30260047281324,9.160756501182034,7.092198581560283,1473,43.04141208418194,16.836388323150032,14.867617107942973,4.955872369314324,3.937542430414121,3861,987,1098,607,25.563325563325563,28.43822843822844,6.915380909223471,FALSE,FALSE,6-8,outside the Ring,West Berlin
045D,1179,876,25.114155251141554,15.525114155251142,16.210045662100455,19.17808219178082,10.045662100456621,5.0228310502283104,722,31.85595567867036,20.221606648199447,18.975069252077564,7.202216066481994,4.7091412742382275,2083,299,668,364,14.354296687469995,32.06913106096975,6.076481484477611,TRUE,FALSE,6-8,inside the Ring,West Berlin
045E,1218,942,29.1932059447983,15.180467091295117,19.32059447983015,17.409766454352443,8.492569002123142,3.9278131634819533,763,30.9305373525557,21.10091743119266,21.756225425950195,5.897771952817824,5.111402359108781,1864,436,499,260,23.390557939914164,26.77038626609442,6.079823366876871,TRUE,FALSE,6-8,inside the Ring,West Berlin
045F,1774,1324,27.794561933534744,15.785498489425981,17.673716012084594,17.900302114803626,9.818731117824774,4.380664652567976,1157,31.201382886776145,22.039757994814174,20.311149524632672,6.741573033707865,5.617977528089888,2780,646,789,423,23.237410071942445,28.381294964028775,6.016271772293732,TRUE,FALSE,6-8,inside the Ring,West Berlin
045G,1988,1543,30.265716137394687,15.683732987686325,19.50745301360985,15.942968243681142,7.841866493843162,4.1477640959170445,1308,32.95107033639144,20.10703363914373,24.159021406727827,6.345565749235474,3.287461773700306,2774,874,587,395,31.506849315068493,21.16077865897621,5.719502336812397,TRUE,FALSE,4-6,inside the Ring,West Berlin
045H,1155,883,25.481313703284258,15.855039637599093,14.382785956964893,17.780294450736125,13.023782559456398,3.8505096262740657,780,34.35897435897436,19.358974358974358,17.94871794871795,5.384615384615385,6.923076923076923,1620,422,309,270,26.049382716049383,19.074074074074073,5.927886536296601,TRUE,FALSE,4-6,inside the Ring,West Berlin
045I,2035,1434,32.00836820083682,14.295676429567642,13.528591352859136,14.783821478382148,11.157601115760112,6.206415620641562,1258,37.44038155802862,22.019077901430844,14.467408585055644,6.359300476947536,6.597774244833069,3325,892,991,570,26.827067669172934,29.804511278195488,5.439940866651885,TRUE,FALSE,4-6,inside the Ring,West Berlin
045J,2170,1556,26.22107969151671,14.331619537275063,16.002570694087403,18.76606683804627,10.282776349614396,5.334190231362468,1330,33.1578947368421,19.548872180451127,18.42105263157895,5.7894736842105265,6.090225563909774,3632,703,1228,552,19.355726872246695,33.81057268722467,5.345426727934264,TRUE,FALSE,4-6,inside the Ring,West Berlin
045K,1885,1468,25.47683923705722,15.599455040871934,20.708446866485012,17.09809264305177,9.059945504087194,4.632152588555858,1245,28.514056224899598,23.373493975903614,21.526104417670684,6.666666666666667,5.542168674698795,2851,688,746,469,24.13188354963171,26.16625745352508,4.961602175928482,TRUE,FALSE,4-6,inside the Ring,West Berlin
045L,1276,945,24.33862433862434,15.343915343915343,14.17989417989418,20.105820105820104,12.486772486772487,4.444444444444445,769,35.63068920676203,19.245773732119638,16.90507152145644,7.672301690507152,7.022106631989597,2055,426,565,330,20.72992700729927,27.49391727493917,5.65213476608311,TRUE,FALSE,4-6,inside the Ring,West Berlin
045M,1207,862,24.82598607888631,14.617169373549883,13.341067285382831,19.48955916473318,12.877030162412993,5.916473317865429,680,34.55882352941177,19.11764705882353,18.823529411764707,6.911764705882353,6.470588235294118,2045,313,616,389,15.30562347188264,30.122249388753055,6.080406058122653,TRUE,FALSE,6-8,inside the Ring,West Berlin
045N,2234,1610,29.130434782608695,14.037267080745341,13.664596273291925,15.652173913043478,14.409937888198758,5.46583850931677,1393,37.329504666188086,19.16726489590811,14.429289303661163,5.527638190954774,7.035175879396985,3404,876,897,443,25.734430082256168,26.35135135135135,6.473136836424251,FALSE,FALSE,6-8,outside the Ring,West Berlin
045P,1284,999,33.333333333333336,14.914914914914915,15.115115115115115,13.513513513513514,12.612612612612613,3.803803803803804,876,40.981735159817354,20.4337899543379,15.182648401826484,4.4520547945205475,5.707762557077626,1832,494,375,242,26.965065502183407,20.46943231441048,6.904073493436887,FALSE,FALSE,6-8,outside the Ring,West Berlin
045Q,2257,1741,43.0786904078116,10.45376220562895,11.545089029293509,8.84549109707065,12.004595060310166,8.84549109707065,1577,47.622067216233354,15.409004438807862,10.209258084971465,3.360811667723526,6.848446417247939,3286,932,592,444,28.362751065124773,18.015824710894705,7.860240832099657,FALSE,FALSE,6-8,outside the Ring,West Berlin
045R,1189,947,56.916578669482575,7.602956705385427,7.81414994720169,5.59662090813094,10.13727560718057,7.81414994720169,868,58.525345622119815,10.714285714285714,8.525345622119815,1.2672811059907834,4.032258064516129,1685,556,314,235,32.997032640949556,18.635014836795254,8.34426253407907,FALSE,FALSE,8-11,outside the Ring,West Berlin
045S,1215,944,46.29237288135593,11.652542372881356,11.546610169491526,7.838983050847458,11.864406779661017,6.038135593220339,789,50.443599493029154,16.476552598225602,11.02661596958175,2.788339670468948,4.435994930291508,1651,583,311,248,35.31193216232586,18.837068443367656,8.028947954218589,FALSE,FALSE,8-11,outside the Ring,West Berlin
045T,1101,831,30.32490974729242,14.560770156438027,16.60649819494585,17.809867629362213,8.543922984356197,5.29482551143201,654,31.95718654434251,20.489296636085626,20.948012232415902,6.116207951070336,4.434250764525994,1881,446,598,273,23.710792131844762,31.791600212652845,5.095087616741457,TRUE,FALSE,4-6,inside the Ring,West Berlin
046A,2135,1660,30,13.493975903614459,19.93975903614458,17.228915662650603,7.951807228915663,4.036144578313253,1502,31.691078561917443,20.306258322237017,21.03861517976032,7.789613848202396,4.26098535286285,3151,893,738,433,28.340209457315137,23.42113614725484,4.240765867308403,TRUE,FALSE,4-6,inside the Ring,West Berlin
046B,2517,1706,28.370457209847597,13.65767878077374,17.05744431418523,18.757327080890974,10.492379835873388,3.106682297772567,1443,30.83853083853084,20.92862092862093,20.02772002772003,8.593208593208594,4.296604296604297,4500,1049,1686,683,23.31111111111111,37.46666666666667,3.6671829436920427,TRUE,FALSE,2-4,inside the Ring,West Berlin
046C,1052,800,24.75,14.5,22.25,18.875,9.375,2.625,681,26.2848751835536,22.320117474302496,22.46696035242291,10.279001468428781,4.992657856093979,1575,413,372,267,26.22222222222222,23.61904761904762,3.5851029270913943,TRUE,FALSE,2-4,inside the Ring,West Berlin
046D,1207,921,26.710097719869708,14.440825190010857,19.218241042345277,19.76112920738328,7.817589576547231,2.6058631921824102,768,30.46875,20.963541666666668,21.223958333333332,6.770833333333333,4.557291666666667,1886,464,496,320,24.60233297985154,26.299045599151643,3.8531405801479326,TRUE,FALSE,2-4,inside the Ring,West Berlin
046E,1077,809,23.60939431396786,13.22620519159456,26.08158220024722,19.03584672435105,7.169344870210136,4.573547589616811,694,28.530259365994237,18.443804034582133,26.945244956772335,7.204610951008646,4.178674351585014,1790,508,570,225,28.379888268156424,31.843575418994412,4.127552677292084,TRUE,FALSE,4-6,inside the Ring,West Berlin
046F,1257,892,24.43946188340807,15.47085201793722,19.282511210762333,19.618834080717487,10.201793721973095,3.9237668161434978,735,28.843537414965986,22.17687074829932,20.272108843537413,9.115646258503402,4.8979591836734695,1971,410,549,337,20.801623541349567,27.85388127853881,4.43105913564761,TRUE,FALSE,4-6,inside the Ring,West Berlin
046G,1088,817,29.498164014687884,16.27906976744186,14.075887392900857,17.870257037943695,11.750305997552019,3.916768665850673,697,32.7116212338594,20.65997130559541,16.78622668579627,8.464849354375897,7.173601147776184,1845,539,606,207,29.21409214092141,32.84552845528455,4.665880687912695,TRUE,FALSE,4-6,inside the Ring,West Berlin
046H,1123,917,24.536532170119955,15.267175572519085,23.11886586695747,18.974918211559434,7.52453653217012,2.9443838604143946,846,27.423167848699762,21.27659574468085,27.541371158392433,8.51063829787234,4.7281323877068555,1577,405,288,208,25.681674064679772,18.26252377932784,4.447277864949424,TRUE,FALSE,4-6,inside the Ring,West Berlin
046I,1230,924,30.844155844155843,14.502164502164502,21.753246753246753,17.316017316017316,5.9523809523809526,3.2467532467532467,884,32.918552036199095,21.493212669683256,22.737556561085974,6.787330316742081,2.6018099547511313,1889,488,522,261,25.83377448385389,27.633668607728957,4.251330904237314,TRUE,FALSE,4-6,inside the Ring,West Berlin
046J,1125,875,25.485714285714284,13.6,22.17142857142857,19.428571428571427,10.742857142857142,2.2857142857142856,743,31.628532974427994,21.534320323014803,19.380888290713326,7.537012113055182,4.710632570659489,1608,441,355,254,27.425373134328357,22.077114427860696,3.956009402236361,TRUE,FALSE,2-4,inside the Ring,West Berlin
046K,1235,981,22.73190621814475,17.125382262996943,26.19775739041794,18.246687054026502,6.116207951070336,3.261977573904179,851,24.676850763807284,23.384253819036427,29.024676850763807,7.63807285546416,3.290246768507638,1721,463,319,222,26.902963393375945,18.535735037768738,4.097370084147198,TRUE,FALSE,4-6,inside the Ring,West Berlin
046L,1131,855,25.146198830409357,15.789473684210526,18.362573099415204,22.105263157894736,7.1345029239766085,4.3274853801169595,728,29.945054945054945,22.115384615384617,21.428571428571427,7.28021978021978,3.8461538461538463,1842,461,534,245,25.0271444082519,28.990228013029316,4.30282208476801,TRUE,FALSE,4-6,inside the Ring,West Berlin
046M,1196,912,21.82017543859649,13.596491228070175,21.38157894736842,21.05263157894737,9.758771929824562,3.6184210526315788,762,28.871391076115486,23.35958005249344,20.603674540682416,8.005249343832022,5.774278215223097,1760,427,377,249,24.261363636363637,21.420454545454547,4.5697649713217565,TRUE,FALSE,4-6,inside the Ring,West Berlin
046N,1053,874,21.73913043478261,14.988558352402746,27.11670480549199,21.51029748283753,5.377574370709382,2.288329519450801,765,21.30718954248366,21.96078431372549,31.764705882352942,9.542483660130719,2.7450980392156863,1523,379,308,171,24.885095206828627,20.223243598161524,4.642950807626441,TRUE,FALSE,4-6,inside the Ring,West Berlin
046P,1295,991,23.107971745711403,13.6226034308779,22.50252270433905,22.906155398587284,6.559031281533804,3.7336024217961654,803,29.638854296388544,18.555417185554173,28.14445828144458,10.46077210460772,3.2378580323785804,2153,428,714,306,19.879238272178355,33.16302833255922,4.756364961000749,TRUE,FALSE,4-6,inside the Ring,West Berlin
046Q,1157,887,21.53325817361894,15.670800450958286,25.591882750845546,22.998872604284102,5.749718151071026,2.931228861330327,774,20.671834625322997,24.031007751937985,29.58656330749354,8.268733850129198,4.651162790697675,1716,327,394,252,19.055944055944057,22.96037296037296,4.843683755334514,TRUE,FALSE,4-6,inside the Ring,West Berlin
046R,2389,1841,22.759369907658883,17.055947854426943,21.78164041281912,19.663226507332972,8.527973927213472,3.1504617055947852,1610,26.770186335403725,24.782608695652176,23.788819875776397,8.881987577639752,4.409937888198757,3466,946,792,464,27.293710328909405,22.85054818234276,4.974928141757911,TRUE,FALSE,4-6,inside the Ring,West Berlin
046S,1221,947,23.759239704329463,14.889123548046463,17.740232312565997,21.647307286166843,8.870116156282998,4.118268215417107,827,29.866989117291414,21.402660217654173,20.556227327690447,8.948004836759372,3.8694074969770256,2226,453,807,291,20.350404312668463,36.253369272237194,4.664359925317033,TRUE,FALSE,4-6,inside the Ring,West Berlin
046T,1297,995,20.201005025125628,16.281407035175878,21.608040201005025,23.819095477386934,7.6381909547738696,2.2110552763819094,855,25.380116959064328,19.53216374269006,28.304093567251464,8.187134502923977,5.029239766081871,2135,343,655,294,16.065573770491802,30.679156908665107,4.848755914616915,TRUE,FALSE,4-6,inside the Ring,West Berlin
046U,1323,1074,21.22905027932961,15.64245810055866,22.81191806331471,23.83612662942272,5.865921787709497,3.35195530726257,930,24.301075268817204,22.365591397849464,26.236559139784948,8.709677419354838,3.978494623655914,1986,427,477,286,21.50050352467271,24.018126888217523,4.4080330523303575,TRUE,FALSE,4-6,inside the Ring,West Berlin
046V,2468,1959,17.866258295048492,16.641143440530882,24.14497192445125,25.267993874425727,7.3506891271056665,2.501276161306789,1756,23.34851936218679,20.956719817767652,29.043280182232348,9.851936218678816,3.1890660592255125,3697,777,805,416,21.017040843927507,21.77441168515012,5.301897137241793,TRUE,FALSE,4-6,inside the Ring,West Berlin
046W,2091,1479,18.728870858688303,15.889114266396213,17.849898580121703,25.828262339418526,9.60108181203516,2.974983096686951,1264,23.97151898734177,22.231012658227847,24.604430379746834,9.49367088607595,6.487341772151899,3413,668,948,576,19.57222384998535,27.77615001464987,4.959798008828113,TRUE,FALSE,4-6,inside the Ring,West Berlin
047A,1251,959,21.8978102189781,13.555787278415016,18.35245046923879,24.50469238790407,10.114702815432743,2.2940563086548487,798,29.448621553884713,23.55889724310777,20.551378446115287,9.147869674185463,4.887218045112782,1802,422,342,293,23.41842397336293,18.978912319644838,5.254885006483155,TRUE,FALSE,4-6,inside the Ring,West Berlin
047B,2150,1434,26.569037656903767,15.202231520223153,12.273361227336123,16.317991631799163,14.714086471408647,3.905160390516039,1295,36.447876447876446,20.54054054054054,12.895752895752896,6.254826254826255,7.722007722007722,3852,834,1317,526,21.65109034267913,34.190031152647975,6.156533501134343,FALSE,FALSE,6-8,outside the Ring,West Berlin
047C,1233,908,17.73127753303965,12.775330396475772,19.933920704845814,30.726872246696036,8.810572687224669,2.202643171806167,793,23.203026481715007,17.90668348045397,27.994955863808322,11.853720050441362,4.918032786885246,2162,311,731,292,14.384828862164662,33.81128584643848,5.211362576751921,TRUE,FALSE,4-6,inside the Ring,West Berlin
047D,2444,1859,19.47283485745024,17.159763313609467,17.912856374394835,22.485207100591715,10.112963959117804,3.4965034965034967,1542,27.82101167315175,22.762645914396888,21.91958495460441,8.430609597924773,6.160830090791181,3820,798,960,555,20.89005235602094,25.130890052356023,5.722206088936219,TRUE,FALSE,4-6,inside the Ring,West Berlin
047E,1088,901,16.64816870144284,15.982241953385127,25.749167591564927,22.97447280799112,7.436182019977802,2.5527192008879025,783,23.627075351213282,20.306513409961685,32.18390804597701,7.0242656449553005,4.597701149425287,1549,317,328,187,20.464816010329244,21.174951581665592,5.474911961410277,TRUE,FALSE,4-6,inside the Ring,West Berlin
047F,1180,1012,21.14624505928854,17.09486166007905,26.778656126482215,17.786561264822133,6.719367588932807,1.482213438735178,923,25.677139761646803,24.160346695557962,27.843986998916577,7.8006500541711805,3.358613217768147,1555,383,170,145,24.630225080385852,10.932475884244372,5.466950952871475,TRUE,FALSE,4-6,inside the Ring,West Berlin
047G,2218,1656,23.067632850241544,14.61352657004831,17.08937198067633,23.97342995169082,9.057971014492754,3.0193236714975846,1404,26.923076923076923,21.43874643874644,22.64957264957265,8.831908831908832,5.982905982905983,3407,798,939,464,23.42236571764015,27.560904021132963,6.0500895005475694,FALSE,FALSE,6-8,outside the Ring,West Berlin
047H,1248,880,30.90909090909091,16.25,9.772727272727273,16.704545454545453,16.136363636363637,3.75,752,38.16489361702128,21.80851063829787,12.101063829787234,6.51595744680851,8.51063829787234,1823,727,381,270,39.87931980252331,20.899616017553484,6.682663704574694,FALSE,FALSE,6-8,outside the Ring,West Berlin
047I,1309,1107,27.19060523938573,17.073170731707318,25.293586269196027,14.182475158084914,7.317073170731708,2.6196928635953025,995,30.954773869346734,26.4321608040201,23.115577889447238,6.030150753768845,3.5175879396984926,1589,544,137,128,34.235368156073,8.621774701069855,6.090317369919117,FALSE,FALSE,6-8,outside the Ring,West Berlin
047J,1300,1032,25.387596899224807,18.7015503875969,16.569767441860463,15.213178294573643,10.852713178294573,3.488372093023256,897,33.22185061315496,21.516164994425864,17.725752508361204,7.58082497212932,6.0200668896321075,1698,504,233,188,29.681978798586574,13.722025912838633,7.138894495820591,FALSE,FALSE,6-8,outside the Ring,West Berlin
047K,1271,1055,25.876777251184834,16.966824644549764,23.601895734597157,17.251184834123222,6.2559241706161135,3.6018957345971563,925,29.18918918918919,24.324324324324323,24,7.351351351351352,3.027027027027027,1966,492,479,164,25.025432349949135,24.364191251271617,6.3399984350545235,FALSE,FALSE,6-8,outside the Ring,West Berlin
047L,1185,972,31.378600823045268,12.654320987654321,19.650205761316872,17.48971193415638,9.465020576131687,3.60082304526749,920,33.26086956521739,21.41304347826087,22.17391304347826,6.739130434782608,4.456521739130435,1699,483,349,193,28.428487345497352,20.541494997057093,6.7354952985183,FALSE,FALSE,6-8,outside the Ring,West Berlin
047M,1258,1014,22.287968441814595,15.581854043392505,21.499013806706113,20.907297830374752,8.777120315581854,1.9723865877712032,913,27.820372398685652,21.686746987951807,23.548740416210297,8.652792990142387,4.052573932092004,1719,395,267,222,22.97847585805701,15.532286212914485,6.6163341813860175,FALSE,FALSE,6-8,outside the Ring,West Berlin
047N,1173,891,30.976430976430976,15.151515151515152,13.804713804713804,13.692480359147027,13.468013468013469,3.9281705948372614,738,38.34688346883469,22.22222222222222,12.737127371273713,4.336043360433604,7.588075880758808,1630,514,279,166,31.533742331288344,17.116564417177916,7.191472714381787,FALSE,FALSE,6-8,outside the Ring,West Berlin
047P,1257,986,17.44421906693712,15.010141987829615,19.168356997971603,26.774847870182555,11.866125760649087,2.636916835699797,849,25.206124852767964,19.67020023557126,22.37926972909305,13.663133097762072,7.302709069493522,1643,442,249,185,26.902008520998173,15.15520389531345,6.890435086855989,FALSE,FALSE,6-8,outside the Ring,West Berlin
047Q,1237,1070,20.46728971962617,18.130841121495326,22.990654205607477,20,7.94392523364486,2.803738317757009,960,22.916666666666668,23.645833333333332,25.625,10.625,4.479166666666667,1569,385,167,147,24.537922243467175,10.64372211599745,6.654332746781812,FALSE,FALSE,6-8,outside the Ring,West Berlin
047R,1040,868,31.912442396313363,16.474654377880185,14.976958525345623,12.096774193548388,12.327188940092165,4.147465437788019,690,37.10144927536232,22.89855072463768,13.18840579710145,4.782608695652174,7.826086956521739,1434,339,182,199,23.640167364016737,12.691771269177126,7.095693983301211,FALSE,FALSE,6-8,outside the Ring,West Berlin
047S,1270,988,38.36032388663968,14.271255060728745,12.854251012145749,9.412955465587045,10.121457489878543,7.6923076923076925,845,40.946745562130175,21.775147928994084,14.201183431952662,4.615384615384615,4.260355029585799,1837,602,362,250,32.77082199237888,19.706042460533478,7.640557982444975,FALSE,FALSE,6-8,outside the Ring,West Berlin
047T,1246,985,30.558375634517766,16.85279187817259,15.025380710659899,13.096446700507615,11.97969543147208,4.67005076142132,909,39.05390539053906,21.23212321232123,14.3014301430143,6.16061606160616,5.83058305830583,1755,532,265,185,30.313390313390315,15.0997150997151,7.272024321470465,FALSE,FALSE,6-8,outside the Ring,West Berlin
047U,1326,1051,27.783063748810658,15.509039010466223,15.033301617507137,17.0313986679353,9.705042816365367,5.32825880114177,922,36.44251626898048,21.25813449023861,17.787418655097614,6.290672451193059,5.639913232104122,1784,540,335,181,30.269058295964125,18.778026905829595,7.432810777477087,FALSE,FALSE,6-8,outside the Ring,West Berlin
047V,1200,880,34.31818181818182,13.522727272727273,15.681818181818182,14.318181818181818,8.522727272727273,6.25,789,37.00887198986058,21.79974651457541,17.363751584283904,4.309252217997465,5.449936628643853,2375,314,932,350,13.221052631578948,39.242105263157896,6.775924942633082,FALSE,FALSE,6-8,outside the Ring,West Berlin
047W,2408,1888,35.01059322033898,14.883474576271187,14.353813559322035,13.50635593220339,11.811440677966102,3.336864406779661,1723,40.917005223447475,21.99651770168311,16.598955310504934,3.7144515380150898,5.455600696459664,3383,1008,638,319,29.796039018622526,18.859000886786877,7.493525116467039,FALSE,FALSE,6-8,outside the Ring,West Berlin
047X,1241,1032,24.515503875968992,19.37984496124031,18.410852713178294,17.732558139534884,8.430232558139535,3.488372093023256,966,28.053830227743273,23.29192546583851,19.66873706004141,8.695652173913043,5.693581780538302,1654,485,220,177,29.32285368802902,13.301088270858525,6.412914263257293,FALSE,FALSE,6-8,outside the Ring,West Berlin
048A,2306,1689,20.84073416222617,14.328004736530492,15.689757252812315,22.972172883362937,11.071640023682653,3.611604499703967,1378,27.213352685050797,21.407837445573296,23.367198838896954,9.288824383164005,5.515239477503629,4046,839,1429,721,20.73652990608008,35.318833415719226,4.669127745702357,TRUE,FALSE,4-6,inside the Ring,West Berlin
048B,1185,918,18.954248366013072,15.032679738562091,22.984749455337692,20.915032679738562,8.714596949891067,4.139433551198257,711,27.848101265822784,20.112517580872012,25.738396624472575,8.016877637130802,5.766526019690577,1836,310,470,259,16.884531590413943,25.59912854030501,4.83356954348478,TRUE,FALSE,4-6,inside the Ring,West Berlin
048C,1179,875,20.457142857142856,18.62857142857143,15.428571428571429,23.542857142857144,10.057142857142857,3.085714285714286,687,27.074235807860262,23.726346433770015,20.232896652110625,9.461426491994178,5.531295487627365,1601,568,314,244,35.477826358525924,19.61274203622736,4.523820831046318,TRUE,FALSE,4-6,inside the Ring,West Berlin
048D,1292,914,19.14660831509847,12.035010940919037,17.505470459518598,26.2582056892779,9.956236323851204,5.032822757111598,637,26.84458398744113,16.797488226059656,22.29199372056515,8.948194662480377,8.47723704866562,2404,233,839,463,9.692179700499167,34.90016638935108,3.8037719187101957,TRUE,FALSE,2-4,inside the Ring,West Berlin
048E,1256,970,15.670103092783505,13.402061855670103,21.95876288659794,27.7319587628866,8.041237113402062,3.0927835051546393,770,21.68831168831169,20.38961038961039,28.7012987012987,10.38961038961039,3.7662337662337664,2000,352,536,293,17.6,26.8,3.9016505952120264,TRUE,FALSE,2-4,inside the Ring,West Berlin
048F,1121,802,14.962593516209477,13.216957605985037,17.955112219451372,29.800498753117207,10.84788029925187,2.493765586034913,685,23.357664233576642,16.642335766423358,28.467153284671532,11.386861313868613,6.2773722627737225,2022,361,713,286,17.85361028684471,35.26211671612265,3.78163647066241,TRUE,FALSE,2-4,inside the Ring,West Berlin
051A,1803,1336,23.802395209580837,18.11377245508982,16.317365269461078,15.94311377245509,14.071856287425149,2.320359281437126,1167,34.447300771208226,23.13624678663239,18.1662382176521,5.569837189374464,6.255355612682091,2397,791,316,145,32.99958281184814,13.183145598664998,14.618031784407473,FALSE,FALSE,11-15,outside the Ring,West Berlin
051B,2157,1448,22.859116022099446,16.16022099447514,8.701657458563536,13.88121546961326,22.168508287292816,3.798342541436464,1171,38.68488471391973,18.958155422715627,10.845431255337319,4.611443210930829,11.357813834329633,3274,589,572,367,17.990226023213197,17.47098350641417,12.60436577446118,FALSE,FALSE,11-15,outside the Ring,West Berlin
051C,2098,1379,17.98404641044235,16.316171138506164,7.4691805656272665,21.31979695431472,21.029731689630168,2.3930384336475705,963,35.41017653167186,20.04153686396677,10.176531671858775,6.022845275181724,11.42263759086189,4328,530,1516,625,12.245841035120147,35.02772643253235,12.420955124750572,FALSE,FALSE,11-15,outside the Ring,West Berlin
051D,1385,879,18.88509670079636,12.627986348122867,6.143344709897611,23.321956769055745,21.160409556313994,3.185437997724687,560,41.42857142857143,20.178571428571427,6.25,3.75,13.571428571428571,2307,310,667,423,13.437364542696143,28.912006935413956,11.824559824651404,FALSE,FALSE,11-15,outside the Ring,West Berlin
051E,1337,858,17.016317016317018,13.86946386946387,6.526806526806527,22.96037296037296,25.291375291375292,2.097902097902098,553,36.166365280289334,16.998191681735985,7.775768535262206,4.701627486437613,13.743218806509946,2768,331,1220,249,11.958092485549132,44.07514450867052,12.170956612799547,FALSE,FALSE,11-15,outside the Ring,West Berlin
051F,651,357,18.207282913165265,15.686274509803921,11.484593837535014,22.408963585434172,15.966386554621849,4.761904761904762,191,34.55497382198953,15.706806282722512,6.806282722513089,4.712041884816754,14.136125654450261,1263,178,610,135,14.093428345209817,48.29770387965162,12.107133577548876,FALSE,FALSE,11-15,outside the Ring,West Berlin
051G,2521,1457,24.776938915579958,21.61976664378861,9.814687714481812,15.236787920384351,14.687714481811943,3.2944406314344543,1114,37.432675044883304,25.763016157989227,8.617594254937163,4.21903052064632,10.053859964093357,3611,1220,637,585,33.78565494322902,17.640542785931874,11.70526802742628,FALSE,FALSE,11-15,outside the Ring,West Berlin
051H,1529,1019,21.982335623159962,13.150147203140333,11.874386653581944,24.23945044160942,15.309126594700688,3.434739941118744,638,36.05015673981191,23.04075235109718,12.695924764890282,5.956112852664577,9.87460815047022,2805,300,978,475,10.695187165775401,34.86631016042781,11.582299993909128,FALSE,FALSE,11-15,outside the Ring,West Berlin
051J,2910,1773,17.87930062041737,14.156796390298929,7.727016356457981,20.078962210941906,26.001128031584884,2.2560631697687534,1459,32.21384509938314,21.864290610006854,11.103495544893763,5.140507196710075,13.091158327621658,6199,876,2822,604,14.131311501855137,45.523471527665755,12.538632543678814,FALSE,FALSE,11-15,outside the Ring,West Berlin
051K,1925,1355,20,14.760147601476016,11.14391143911439,17.269372693726936,20.7380073800738,3.3948339483394836,1061,33.081998114985865,22.714420358152687,10.838831291234685,6.314797360980207,10.65032987747408,2474,624,308,182,25.222312045270815,12.449474535165724,12.573590382230694,FALSE,FALSE,11-15,outside the Ring,West Berlin
051L,1997,1364,20.89442815249267,15.6158357771261,8.577712609970675,14.662756598240469,25.073313782991203,3.0791788856304985,1085,35.39170506912443,21.84331797235023,9.953917050691244,4.88479262672811,13.824884792626728,2671,700,477,224,26.20741295394983,17.85847997004867,12.729815978174146,FALSE,FALSE,11-15,outside the Ring,West Berlin
051M,1968,1330,26.69172932330827,14.81203007518797,6.7669172932330826,13.458646616541353,24.43609022556391,2.1052631578947367,1211,42.6094137076796,21.387283236994218,8.340214698596201,4.211395540875309,10.982658959537572,2843,828,507,281,29.124164614843476,17.833274709813576,13.27163431752752,FALSE,FALSE,11-15,outside the Ring,West Berlin
051N,1993,1567,32.09955328653478,13.975749840459477,12.25271218889598,11.997447351627313,17.358008934269304,4.594767070835992,1365,43.88278388278388,20.146520146520146,11.208791208791208,3.5164835164835164,10.476190476190476,2685,783,323,262,29.162011173184357,12.02979515828678,15.835956788633753,FALSE,FALSE,15+,outside the Ring,West Berlin
051P,1164,844,30.09478672985782,16.113744075829384,9.47867298578199,11.611374407582938,18.72037914691943,4.62085308056872,697,42.75466284074606,20.803443328550934,8.895265423242467,4.878048780487805,10.18651362984218,1463,443,149,143,30.280246069719755,10.184552289815448,13.362887169158238,FALSE,FALSE,11-15,outside the Ring,West Berlin
051Q,2828,1595,15.736677115987462,16.112852664576803,4.326018808777429,21.9435736677116,28.087774294670847,2.006269592476489,1221,30.13923013923014,26.126126126126128,7.862407862407863,6.142506142506143,17.28091728091728,5261,864,1720,764,16.42273332066147,32.69340429576126,13.684104844508179,FALSE,FALSE,11-15,outside the Ring,West Berlin
051R,2179,1432,18.50558659217877,17.178770949720672,4.120111731843576,15.921787709497206,31.145251396648046,3.0726256983240225,1167,36.675235646958015,24.592973436161095,4.712939160239931,3.8560411311053984,16.281062553556126,3537,703,938,602,19.875600791631324,26.51964942041278,14.34913254545677,FALSE,FALSE,11-15,outside the Ring,West Berlin
051S,1538,971,26.36457260556128,16.065911431513904,3.810504634397528,18.640576725025745,22.55406797116375,3.604531410916581,814,43.61179361179361,26.044226044226043,5.528255528255528,3.43980343980344,10.565110565110565,2736,626,797,384,22.880116959064328,29.130116959064328,14.881432640250038,FALSE,FALSE,11-15,outside the Ring,West Berlin
051T,2915,1634,17.99265605875153,14.443084455324357,5.0795593635250915,17.135862913096695,30.416156670746634,2.5091799265605874,1219,37.48974569319114,21.821164889253488,7.219031993437244,5.004101722723544,16.406890894175554,4806,1232,1348,697,25.634623387432377,28.048272992093217,15.6559014046618,FALSE,FALSE,15+,outside the Ring,West Berlin
052A,2506,1585,17.350157728706623,14.511041009463723,9.589905362776026,20.630914826498422,23.154574132492115,2.5236593059936907,1314,31.202435312024352,20.624048706240487,9.58904109589041,7.382039573820395,13.089802130898022,4526,693,1577,490,15.311533362792753,34.84312859036677,12.8588177703129,FALSE,FALSE,11-15,outside the Ring,West Berlin
052B,2856,1696,15.330188679245284,15.44811320754717,8.608490566037736,25.88443396226415,20.1061320754717,1.7099056603773586,1376,28.415697674418606,23.401162790697676,12.863372093023257,6.976744186046512,11.845930232558139,6426,809,2944,679,12.58948023653906,45.81388110799875,12.233314874785684,FALSE,FALSE,11-15,outside the Ring,West Berlin
052C,2474,1688,20.675355450236967,17.53554502369668,7.64218009478673,20.14218009478673,16.232227488151658,2.31042654028436,1184,31.33445945945946,24.324324324324323,13.429054054054054,6.841216216216216,10.557432432432432,4334,1020,1389,765,23.534840793724044,32.048915551453625,11.79077211655953,FALSE,FALSE,11-15,outside the Ring,West Berlin
052D,1849,1253,18.355945730247406,17.398244213886674,11.332801276935355,21.22905027932961,16.999201915403034,2.9529130087789306,1052,32.41444866920152,22.433460076045627,12.832699619771864,7.224334600760456,9.695817490494296,3276,435,1140,425,13.27838827838828,34.798534798534796,12.24177258280102,FALSE,FALSE,11-15,outside the Ring,West Berlin
052E,1789,1184,18.074324324324323,15.287162162162161,8.108108108108109,17.820945945945947,26.013513513513512,3.0405405405405403,934,28.800856531049252,25.802997858672377,10.06423982869379,4.925053533190578,14.132762312633833,2987,584,872,389,19.551389353866757,29.19317040508872,12.399487945432448,FALSE,FALSE,11-15,outside the Ring,West Berlin
052F,1743,1144,17.307692307692307,15.55944055944056,10.664335664335665,14.51048951048951,28.321678321678323,1.8356643356643356,947,32.101372756071804,23.65364308342133,9.609292502639915,5.279831045406547,14.6779303062302,2614,556,654,240,21.27008416220352,25.01912777352716,12.99047839359851,FALSE,FALSE,11-15,outside the Ring,West Berlin
052G,1950,1067,13.964386129334583,15.651358950328023,6.279287722586692,19.49390815370197,29.14714151827554,1.780693533270853,782,32.09718670076726,24.424552429667518,6.90537084398977,4.987212276214834,18.542199488491047,3513,499,1207,412,14.204383717620267,34.35809849131796,13.351838001313228,FALSE,FALSE,11-15,outside the Ring,West Berlin
052H,2171,1228,16.530944625407166,17.263843648208468,5.863192182410423,16.205211726384366,30.21172638436482,2.198697068403909,845,31.715976331360945,25.207100591715978,6.863905325443787,4.023668639053255,17.869822485207102,3702,860,1157,822,23.23068611561318,31.25337655321448,13.69890843381684,FALSE,FALSE,11-15,outside the Ring,West Berlin
052J,2115,1350,24.22222222222222,15.11111111111111,7.111111111111111,14.074074074074074,25.185185185185187,2.888888888888889,1120,40.625,23.303571428571427,7.053571428571429,3.482142857142857,12.053571428571429,3446,798,832,687,23.157283807312826,24.143934997098086,14.12552853098415,FALSE,FALSE,11-15,outside the Ring,West Berlin
052K,2300,1348,23.516320474777448,16.468842729970326,5.712166172106825,17.2106824925816,23.664688427299705,1.4094955489614243,1164,36.597938144329895,25.171821305841924,7.903780068728523,4.639175257731959,12.628865979381443,3900,758,1231,511,19.435897435897434,31.564102564102566,13.642376355471612,FALSE,FALSE,11-15,outside the Ring,West Berlin
052L,1812,1121,16.770740410347905,16.23550401427297,8.206958073148973,19.892952720785015,23.81801962533452,2.1409455842997325,774,28.42377260981912,22.997416020671835,9.431524547803617,5.684754521963824,14.082687338501293,3408,509,1152,440,14.935446009389672,33.80281690140845,12.990218368533313,FALSE,FALSE,11-15,outside the Ring,West Berlin
052M,1631,1108,25.9927797833935,17.23826714801444,8.032490974729242,14.891696750902527,21.3898916967509,3.4296028880866425,955,43.1413612565445,20.31413612565445,9.424083769633508,5.445026178010472,8.69109947643979,2563,632,691,247,24.658603199375733,26.960593055013657,12.880100061441137,FALSE,FALSE,11-15,outside the Ring,West Berlin
052N,1635,1032,23.837209302325583,13.081395348837209,8.527131782945736,18.313953488372093,22.57751937984496,3.294573643410853,834,38.249400479616305,20.863309352517987,11.031175059952039,3.9568345323741005,12.350119904076738,2861,515,923,382,18.00069905627403,32.26144704648724,13.38131641282075,FALSE,FALSE,11-15,outside the Ring,West Berlin
052P,1611,1064,20.018796992481203,13.62781954887218,7.424812030075188,19.07894736842105,24.718045112781954,2.0676691729323307,870,41.14942528735632,19.885057471264368,7.35632183908046,5.287356321839081,12.873563218390805,2533,529,653,402,20.88432688511646,25.77970785629688,12.804029906743292,FALSE,FALSE,11-15,outside the Ring,West Berlin
053A,1947,1308,20.795107033639145,14.296636085626911,10.703363914373089,20.871559633027523,18.577981651376145,2.981651376146789,1082,34.288354898336415,18.299445471349355,13.031423290203326,5.730129390018484,11.645101663585953,3505,643,1144,413,18.345221112696148,32.639087018544934,12.299067711446172,FALSE,FALSE,11-15,outside the Ring,West Berlin
053B,2330,1597,16.46837820914214,13.462742642454602,12.523481527864746,22.1665623043206,20.100187852222916,3.1934877896055105,1327,28.183873398643556,20.195930670685758,14.39336850037679,7.309721175584024,11.9819140919367,3924,614,1229,458,15.647298674821611,31.320081549439347,12.41330331193305,FALSE,FALSE,11-15,outside the Ring,West Berlin
053C,2269,1575,17.142857142857142,15.238095238095237,10.603174603174603,22.41269841269841,20.063492063492063,2.4761904761904763,1280,31.71875,22.265625,12.5,6.953125,11.328125,3768,635,1102,400,16.85244161358811,29.24628450106157,12.232083311712266,FALSE,FALSE,11-15,outside the Ring,West Berlin
053D,2038,1314,16.28614916286149,13.698630136986301,10.80669710806697,22.070015220700153,21.765601217656013,2.43531202435312,1113,31.266846361185983,23.629829290206647,13.477088948787062,5.660377358490566,10.332434860736747,3438,579,1074,356,16.841186736474693,31.239092495637,11.897444186426933,FALSE,FALSE,11-15,outside the Ring,West Berlin
053E,1872,1198,27.462437395659432,16.69449081803005,8.931552587646078,17.612687813021704,17.111853088480803,2.8380634390651087,965,37.409326424870464,22.27979274611399,10.466321243523316,4.974093264248705,10.155440414507773,3181,863,942,402,27.129833385727757,29.613329141779314,11.940824699812707,FALSE,FALSE,11-15,outside the Ring,West Berlin
053F,2088,1379,22.697606961566354,17.11385061638869,9.137055837563452,17.91153009427121,19.361856417693982,3.2632342277012327,1176,36.81972789115646,21.08843537414966,10.629251700680273,5.782312925170068,9.948979591836734,3405,711,928,506,20.88105726872247,27.25403817914831,11.172365601796345,FALSE,FALSE,11-15,outside the Ring,West Berlin
053G,2021,1382,19.971056439942114,12.373371924746744,10.85383502170767,23.154848046309695,18.81331403762663,3.1114327062228653,1102,30.852994555353902,19.872958257713247,14.246823956442832,7.259528130671506,10.980036297640654,5142,558,2728,474,10.851808634772462,53.05328665888759,9.40489166486111,FALSE,FALSE,8-11,outside the Ring,West Berlin
053H,2104,1377,18.30065359477124,15.250544662309368,11.11111111111111,26.36165577342048,16.63035584604212,2.759622367465505,1137,30.255057167985928,20.756376429199648,15.919085312225153,7.387862796833773,9.586631486367635,3749,652,1197,570,17.391304347826086,31.928514270472125,7.285932490450437,FALSE,FALSE,6-8,outside the Ring,West Berlin
053J,1980,1304,20.322085889570552,15.107361963190185,10.199386503067485,21.242331288343557,18.021472392638035,2.0705521472392636,1073,30.848089468779126,19.94408201304753,14.818266542404473,8.201304753028891,9.319664492078285,3524,704,1219,523,19.977298524404087,34.59137343927355,8.407846039472824,FALSE,FALSE,8-11,outside the Ring,West Berlin
053K,1841,1292,19.58204334365325,15.092879256965944,14.78328173374613,20.356037151702786,14.628482972136222,3.1733746130030958,1071,33.42670401493931,22.128851540616246,16.433239962651726,5.882352941176471,6.629318394024277,3022,523,763,467,17.306419589675713,25.24818001323627,8.239451617025155,FALSE,FALSE,8-11,outside the Ring,West Berlin
053L,1280,819,22.1001221001221,14.652014652014651,6.95970695970696,20.512820512820515,22.344322344322343,3.2967032967032965,630,40.476190476190474,21.26984126984127,9.365079365079366,4.126984126984127,12.698412698412698,1755,491,434,228,27.97720797720798,24.729344729344728,9.720839327105123,FALSE,FALSE,8-11,outside the Ring,West Berlin
053M,2277,1319,18.953752843062926,13.949962092494314,6.747536012130402,24.564063684609554,18.195602729340408,3.184230477634572,904,39.823008849557525,22.45575221238938,8.628318584070797,4.977876106194691,10.951327433628318,3883,595,1165,847,15.32320370847283,30.002575328354364,8.95313927637148,FALSE,FALSE,8-11,outside the Ring,West Berlin
053N,1985,1250,21.12,18.48,5.68,19.12,19.84,2.32,1005,40.8955223880597,22.98507462686567,7.8606965174129355,3.8805970149253732,9.651741293532337,3255,756,779,606,23.225806451612904,23.932411674347158,9.59678328091477,FALSE,FALSE,8-11,outside the Ring,West Berlin
053P,2107,1205,16.265560165975103,14.688796680497925,6.390041493775934,18.506224066390043,31.203319502074688,2.074688796680498,926,35.20518358531317,19.546436285097194,7.775377969762419,5.291576673866091,16.630669546436284,3570,696,1142,530,19.49579831932773,31.988795518207283,10.122234151936096,FALSE,FALSE,8-11,outside the Ring,West Berlin
053Q,1282,900,24,18,8.555555555555555,19.333333333333332,15.333333333333334,3.2222222222222223,628,44.745222929936304,23.40764331210191,9.394904458598726,3.343949044585987,8.757961783439491,1384,295,161,347,21.315028901734102,11.632947976878613,10.747634264512904,FALSE,FALSE,8-11,outside the Ring,West Berlin
053R,1853,1153,13.529921942758023,11.96877710320902,8.239375542064181,29.401561144839548,15.784908933217693,4.076322636600174,747,31.72690763052209,20.74966532797858,11.914323962516734,5.4886211512717535,10.174029451137885,3923,139,1264,811,3.5432067295437166,32.22023961254142,11.186597616254858,FALSE,FALSE,11-15,outside the Ring,West Berlin
053S,2356,1376,14.534883720930232,11.991279069767442,6.395348837209302,23.76453488372093,26.453488372093023,2.3255813953488373,978,36.09406952965235,21.267893660531698,10.736196319018404,5.419222903885481,13.905930470347649,4076,502,1097,800,12.315996074582925,26.913640824337588,10.700376337795058,FALSE,FALSE,8-11,outside the Ring,West Berlin
054A,2521,1506,26.826029216467465,16.666666666666668,4.9800796812749,14.409030544488711,25.630810092961486,2.456839309428951,1335,41.42322097378277,25.617977528089888,5.7677902621722845,3.6704119850187267,12.284644194756554,4558,960,1483,634,21.06186924089513,32.53620008775779,15.7976782170311,FALSE,FALSE,15+,outside the Ring,West Berlin
054B,2198,1486,27.590847913862717,17.63122476446837,6.998654104979812,14.199192462987886,20.861372812920592,2.826379542395693,1220,43.278688524590166,23.770491803278688,8.442622950819672,3.360655737704918,10.737704918032787,3601,817,956,532,22.68814218272702,26.54818106081644,14.612973856201105,FALSE,FALSE,11-15,outside the Ring,West Berlin
054C,2004,1580,31.518987341772153,18.29113924050633,7.2784810126582276,9.810126582278482,20.569620253164558,2.721518987341772,1488,44.28763440860215,21.908602150537636,7.459677419354839,2.486559139784946,9.274193548387096,2537,765,217,258,30.15372487189594,8.553409538825385,15.666102425565317,FALSE,FALSE,15+,outside the Ring,West Berlin
054D,1503,1180,34.57627118644068,10.59322033898305,11.271186440677965,12.288135593220339,18.220338983050848,2.8813559322033897,989,51.2639029322548,17.795753286147622,8.998988877654195,3.7411526794742165,6.976744186046512,2002,397,227,271,19.83016983016983,11.338661338661339,16.829070490553992,FALSE,FALSE,15+,outside the Ring,West Berlin
054E,1064,749,31.90921228304406,16.688918558077436,7.610146862483311,12.283044058744993,21.762349799732977,2.403204272363151,665,44.661654135338345,20.451127819548873,10.075187969924812,3.6090225563909772,7.067669172932331,1389,348,153,163,25.053995680345572,11.01511879049676,17.052136066799378,FALSE,FALSE,15+,outside the Ring,West Berlin
054F,1056,889,35.09561304836895,13.385826771653543,12.260967379077615,10.123734533183352,16.985376827896513,2.699662542182227,823,45.92952612393682,16.88942891859052,12.515188335358445,3.402187120291616,8.262454434993925,1350,305,123,130,22.59259259259259,9.11111111111111,17.041340379076097,FALSE,FALSE,15+,outside the Ring,West Berlin
054G,1106,880,30.90909090909091,12.954545454545455,8.409090909090908,11.25,22.84090909090909,3.6363636363636362,774,49.354005167958654,16.925064599483203,7.751937984496124,4.780361757105943,8.527131782945736,1422,325,115,191,22.855133614627285,8.08720112517581,16.484258259877212,FALSE,FALSE,15+,outside the Ring,West Berlin
054H,2136,1593,31.512868801004394,16.0075329566855,9.792843691148775,13.245448838669178,15.944758317639673,2.071563088512241,1379,44.379985496736765,21.464829586656997,9.209572153734591,3.1907179115300943,9.789702683103698,3046,683,362,328,22.42284963887065,11.884438608010505,15.362067698996109,FALSE,FALSE,15+,outside the Ring,West Berlin
054J,2108,1480,23.445945945945947,12.22972972972973,8.04054054054054,14.594594594594595,26.14864864864865,4.054054054054054,1223,41.53720359771055,19.70564186426819,7.931316434995912,3.761242845461979,12.183156173344235,3212,573,812,265,17.839352428393525,25.280199252801992,16.74814304333586,FALSE,FALSE,15+,outside the Ring,West Berlin
054K,2449,1478,23.951285520974288,15.426251691474967,2.6387009472259813,13.734776725304465,31.39377537212449,1.8944519621109608,1228,42.34527687296417,21.579804560260587,3.3387622149837135,3.013029315960912,16.85667752442997,3864,1051,921,434,27.199792960662524,23.835403726708076,15.579385675981246,FALSE,FALSE,15+,outside the Ring,West Berlin
054L,2126,1376,25.218023255813954,14.534883720930232,5.0145348837209305,11.700581395348838,28.851744186046513,3.125,1193,43.922883487007546,19.19530595138307,7.460184409052808,3.520536462699078,13.411567476948868,3440,764,963,394,22.209302325581394,27.99418604651163,14.531692980321086,FALSE,FALSE,11-15,outside the Ring,West Berlin
054M,1925,1238,25.44426494345719,16.15508885298869,6.78513731825525,13.81260096930533,25.2827140549273,3.7964458804523424,1049,44.804575786463296,22.4976167778837,6.768350810295519,3.0505243088655862,12.392755004766444,3434,716,1041,515,20.85032032615026,30.314502038439137,14.038912438314703,FALSE,FALSE,11-15,outside the Ring,West Berlin
054N,1649,1132,30.300353356890458,15.812720848056538,8.12720848056537,12.897526501766784,21.643109540636043,2.9151943462897525,1011,41.04846686449061,23.44213649851632,7.220573689416419,3.857566765578635,13.155291790306627,2920,679,872,409,23.253424657534246,29.863013698630137,14.770149491854554,FALSE,FALSE,11-15,outside the Ring,West Berlin
054P,3379,2038,19.921491658488716,13.640824337585869,5.103042198233562,18.792934249263983,28.60647693817468,3.5819430814524043,1601,40.91193004372267,22.423485321673954,6.308557151780137,4.934415990006246,13.054341036851968,6334,1095,2236,861,17.287653931165142,35.30154720555731,15.204279453842906,FALSE,FALSE,15+,outside the Ring,West Berlin
054Q,1841,1286,20.37325038880249,13.996889580093313,6.998444790046657,13.841368584758943,27.682737169517885,3.8880248833592534,1082,41.03512014787431,22.45841035120148,6.931608133086876,3.512014787430684,13.308687615526802,2677,481,407,257,17.967874486365336,15.203586103847591,15.604184821817265,FALSE,FALSE,15+,outside the Ring,West Berlin
054R,2023,1547,30.44602456367162,12.605042016806722,9.696186166774401,12.281835811247577,21.654815772462833,4.201680672268908,1293,46.09435421500387,18.561484918793504,10.82753286929621,2.2428460943542152,9.976798143851509,2775,620,404,388,22.34234234234234,14.558558558558559,16.805879134796818,FALSE,FALSE,15+,outside the Ring,West Berlin
055A,2146,1392,27.945402298850574,15.804597701149426,6.17816091954023,13.433908045977011,23.275862068965516,3.0172413793103448,1088,45.12867647058823,21.783088235294116,6.0661764705882355,1.9301470588235294,12.683823529411764,3789,883,1101,492,23.30430192662972,29.05779889152811,15.120483017091795,FALSE,FALSE,15+,outside the Ring,West Berlin
055B,3662,1874,14.994663820704377,15.581643543223052,3.4151547491995733,20.17075773745998,32.123799359658484,2.134471718249733,1186,32.29342327150084,24.957841483979763,4.63743676222597,4.2158516020236085,19.983136593591905,7838,1206,3121,1479,15.386578208726716,39.81883133452411,14.048052056384392,FALSE,FALSE,11-15,outside the Ring,West Berlin
055C,2007,1401,25.19628836545325,17.20199857244825,8.20842255531763,14.775160599571734,22.12705210563883,2.9978586723768736,1247,39.45469125902165,23.496391339214114,7.858861267040898,3.8492381716118684,11.387329591018444,3049,807,727,335,26.467694326008527,23.84388324040669,13.421220816228406,FALSE,FALSE,11-15,outside the Ring,West Berlin
055D,1854,1507,36.82813536828135,15.593895155938952,10.94890510948905,10.218978102189782,16.19110816191108,3.5832780358327803,1423,45.95924104005622,21.50386507378777,9.768095572733662,3.0217849613492622,7.519325368938862,2426,805,305,256,33.182192910140145,12.572135201978565,14.112323450006905,FALSE,FALSE,11-15,outside the Ring,West Berlin
055E,1732,1421,38.21252638986629,18.226600985221676,10.133708655876143,7.318789584799437,15.763546798029557,3.8705137227304713,1352,48.81656804733728,19.452662721893493,9.763313609467456,2.8106508875739644,5.621301775147929,2302,784,274,189,34.05734144222415,11.902693310165073,13.407837938206834,FALSE,FALSE,11-15,outside the Ring,West Berlin
055F,2017,1421,28.2899366643209,17.45249824067558,9.429978888106968,11.75228712174525,19.704433497536947,3.096410978184377,1312,44.96951219512195,22.789634146341463,8.765243902439025,3.048780487804878,8.231707317073171,2811,878,470,325,31.234436143721094,16.72002845962291,12.878342145391452,FALSE,FALSE,11-15,outside the Ring,West Berlin
055G,2124,1481,22.01215395003376,15.732613099257259,12.221471978392978,15.597569209993248,20.189061444969614,3.038487508440243,1227,35.12632436837816,24.04237978810106,12.876935615321923,4.88997555012225,10.02444987775061,3107,773,688,281,24.879304795622787,22.1435468297393,12.244562489110072,FALSE,FALSE,11-15,outside the Ring,West Berlin
055H,1048,793,38.71374527112232,15.762925598991172,13.240857503152585,7.944514501891551,13.114754098360656,4.665825977301387,798,43.85964912280702,25.43859649122807,11.278195488721805,2.255639097744361,7.017543859649122,1325,611,190,83,46.113207547169814,14.339622641509434,11.892746492465557,FALSE,FALSE,11-15,outside the Ring,West Berlin
055J,1772,1477,38.185511171293165,14.624238320920785,15.233581584292486,8.463100880162491,13.676371022342586,2.775897088693297,1408,43.32386363636363,18.323863636363637,14.630681818181818,3.4801136363636362,6.676136363636363,2261,790,196,198,34.940291906236176,8.6687306501548,14.666357517426071,FALSE,FALSE,11-15,outside the Ring,West Berlin
055K,1727,1436,34.749303621169915,11.629526462395543,15.73816155988858,9.470752089136491,15.041782729805014,5.8495821727019495,1257,43.35719968178202,16.070007955449483,15.592680986475736,3.1026252983293556,7.159904534606206,2541,576,290,273,22.668240850059032,11.412829594647777,15.398149087847358,FALSE,FALSE,15+,outside the Ring,West Berlin
055L,1823,1457,34.72889498970487,16.609471516815375,16.609471516815375,10.226492793411118,13.589567604667124,1.7844886753603295,1360,42.279411764705884,22.941176470588236,13.676470588235293,3.8970588235294117,7.205882352941177,2292,832,142,136,36.30017452006981,6.195462478184991,17.291716423126626,FALSE,FALSE,15+,outside the Ring,West Berlin
055M,974,845,37.0414201183432,16.923076923076923,15.621301775147929,8.520710059171599,11.95266272189349,4.260355029585799,783,44.95530012771392,22.860791826309068,13.537675606641123,2.426564495530013,5.747126436781609,1177,499,53,65,42.39592183517417,4.502973661852167,18.608688469313638,FALSE,FALSE,15+,outside the Ring,West Berlin
055N,1238,978,35.07157464212679,16.257668711656443,10.940695296523517,11.14519427402863,14.314928425357873,4.703476482617587,863,44.3800695249131,21.78447276940904,10.312862108922364,4.171494785631518,6.488991888760139,1640,572,133,149,34.8780487804878,8.109756097560975,19.045342360137525,FALSE,FALSE,15+,outside the Ring,West Berlin
055P,1872,1553,39.98712169993561,14.874436574372183,11.654861558274307,6.69671603348358,13.586606567933034,5.1513200257566005,1403,46.68567355666429,18.460441910192444,11.475409836065573,3.7776193870277974,6.272273699215966,2379,771,165,168,32.40857503152585,6.935687263556116,18.173530695123112,FALSE,FALSE,15+,outside the Ring,West Berlin
055Q,1961,1683,38.56209150326797,12.953060011883542,14.022578728461081,10.041592394533572,14.20083184789067,4.09982174688057,1517,46.80290046143705,17.073170731707318,13.249835201054713,3.2959789057350033,7.9762689518787075,2584,554,161,225,21.439628482972136,6.230650154798762,18.199310452777564,FALSE,FALSE,15+,outside the Ring,West Berlin
055R,1978,1679,39.070875521143535,14.115544967242407,11.25670041691483,7.802263251935676,13.46039309112567,6.31328171530673,1496,48.32887700534759,16.711229946524064,11.697860962566844,2.072192513368984,6.951871657754011,2615,513,203,257,19.617590822179732,7.762906309751434,18.32203888986896,FALSE,FALSE,15+,outside the Ring,West Berlin
055S,1867,1510,33.64238410596027,13.841059602649006,12.052980132450331,9.602649006622517,17.880794701986755,4.8344370860927155,1333,47.11177794448612,15.003750937734434,13.653413353338335,3.3008252063015755,8.702175543885971,2548,610,255,184,23.940345368916798,10.007849293563579,16.787887436549404,FALSE,FALSE,15+,outside the Ring,West Berlin
061A,1099,930,34.40860215053763,14.408602150537634,23.870967741935484,12.473118279569892,5.483870967741935,2.903225806451613,904,31.858407079646017,21.238938053097346,20.13274336283186,5.420353982300885,4.424778761061947,1432,460,197,127,32.12290502793296,13.756983240223464,7.5291839108578555,FALSE,FALSE,6-8,outside the Ring,West Berlin
061B,1103,892,20.96412556053812,17.152466367713004,16.031390134529147,23.99103139013453,10.089686098654708,3.6995515695067263,832,27.52403846153846,21.995192307692307,23.4375,6.730769230769231,3.9663461538461537,1588,380,288,218,23.929471032745592,18.1360201511335,7.138625896616367,FALSE,FALSE,6-8,outside the Ring,West Berlin
061C,1027,878,18.223234624145785,17.53986332574032,24.829157175398635,22.4373576309795,5.808656036446469,3.1890660592255125,702,23.504273504273506,19.373219373219374,28.774928774928775,8.262108262108262,4.5584045584045585,1389,306,174,153,22.03023758099352,12.526997840172786,6.830532330790508,FALSE,FALSE,6-8,outside the Ring,West Berlin
061D,1119,893,21.16461366181411,15.565509518477043,22.620380739081746,20.156774916013436,8.734602463605823,3.471444568868981,609,25.94417077175698,18.555008210180624,27.750410509031198,7.8817733990147785,4.926108374384237,1470,268,190,165,18.231292517006803,12.92517006802721,6.877127478886547,FALSE,FALSE,6-8,outside the Ring,West Berlin
061E,1068,840,16.547619047619047,17.61904761904762,22.38095238095238,25.714285714285715,8.095238095238095,2.619047619047619,779,23.234916559691914,19.6405648267009,27.72785622593068,9.370988446726573,4.7496790757381255,1424,271,197,159,19.030898876404493,13.834269662921349,6.724011354334491,FALSE,FALSE,6-8,outside the Ring,West Berlin
061F,1107,881,18.047673098751417,13.166855845629966,21.906923950056754,24.74460839954597,9.761634506242906,3.2917139614074915,778,23.13624678663239,17.60925449871465,26.86375321336761,10.154241645244216,5.912596401028278,1592,307,359,224,19.28391959798995,22.550251256281406,6.432569139258858,FALSE,FALSE,6-8,outside the Ring,West Berlin
061G,1077,798,23.30827067669173,13.157894736842104,17.418546365914786,23.55889724310777,10.275689223057643,2.756892230576441,673,28.826151560178307,18.7221396731055,21.2481426448737,7.8751857355126305,6.092124814264487,1691,372,432,250,21.998817267888825,25.547013601419277,6.358369962838314,FALSE,FALSE,6-8,outside the Ring,West Berlin
061H,1127,912,18.75,13.486842105263158,24.56140350877193,24.780701754385966,8.114035087719298,3.289473684210526,765,25.098039215686274,19.477124183006534,26.405228758169933,9.281045751633988,4.444444444444445,1597,307,305,160,19.223544145272385,19.09830932999374,6.433161841205081,FALSE,FALSE,6-8,outside the Ring,West Berlin
061J,1066,751,19.840213049267643,14.913448735019973,13.715046604527297,22.769640479360852,16.511318242343542,1.5978695073235685,662,30.362537764350453,20.694864048338367,16.163141993957705,6.948640483383686,9.06344410876133,1459,324,240,170,22.206991089787525,16.449623029472242,6.651243131153239,FALSE,FALSE,6-8,outside the Ring,West Berlin
061K,1108,844,24.28909952606635,18.364928909952607,15.165876777251185,19.549763033175356,12.559241706161137,1.6587677725118484,740,31.486486486486488,21.62162162162162,16.89189189189189,6.621621621621622,6.621621621621622,1456,437,204,142,30.013736263736263,14.010989010989011,6.7264320938837665,FALSE,FALSE,6-8,outside the Ring,West Berlin
061L,1061,841,21.521997621878715,19.024970273483948,17.717003567181926,20.927467300832344,10.344827586206897,2.0214030915576693,753,29.216467463479415,22.97476759628154,21.646746347941566,6.6401062416998675,6.374501992031872,1576,315,285,190,19.987309644670052,18.083756345177665,6.740153734122722,FALSE,FALSE,6-8,outside the Ring,West Berlin
061M,1020,712,20.646067415730336,15.589887640449438,16.151685393258425,21.348314606741575,12.640449438202246,3.792134831460674,652,30.21472392638037,19.631901840490798,20.552147239263803,6.748466257668712,7.208588957055214,1561,331,387,222,21.204356181934656,24.791800128122997,6.656779772190216,FALSE,FALSE,6-8,outside the Ring,West Berlin
061N,1067,836,18.181818181818183,13.397129186602871,17.464114832535884,23.205741626794257,14.473684210526315,3.4688995215311005,703,29.30298719772404,19.34566145092461,20.76813655761024,6.685633001422475,7.965860597439545,1489,303,246,168,20.349227669576898,16.521155137676292,6.909552475734358,FALSE,FALSE,6-8,outside the Ring,West Berlin
061P,1091,826,20.581113801452783,14.40677966101695,17.796610169491526,24.93946731234867,9.564164648910412,2.0581113801452786,733,26.60300136425648,20.32742155525239,23.73806275579809,9.959072305593452,5.04774897680764,1737,349,458,280,20.09211283822683,26.367299942429476,6.9485672877621365,FALSE,FALSE,6-8,outside the Ring,West Berlin
061Q,1002,777,18.146718146718147,14.157014157014157,20.84942084942085,24.967824967824967,10.939510939510939,2.574002574002574,705,25.673758865248228,21.418439716312058,27.375886524822697,6.666666666666667,5.815602836879433,1631,263,442,222,16.1250766400981,27.099938687921522,7.040820801352122,FALSE,FALSE,6-8,outside the Ring,West Berlin
061R,1083,842,19.59619952494062,14.133016627078385,20.42755344418052,24.82185273159145,7.957244655581948,2.375296912114014,706,24.22096317280453,21.246458923512748,27.478753541076486,8.923512747875353,4.390934844192635,1714,323,432,231,18.84480746791132,25.204200700116687,7.127615638044573,FALSE,FALSE,6-8,outside the Ring,West Berlin
061S,1032,887,31.905298759864714,13.19052987598647,22.322435174746335,15.670800450958286,6.538895152198422,2.818489289740699,813,29.52029520295203,20.91020910209102,23.985239852398525,8.118081180811808,4.059040590405904,1330,433,198,82,32.556390977443606,14.887218045112782,7.4966356171587485,FALSE,FALSE,6-8,outside the Ring,West Berlin
061T,1055,864,34.02777777777778,14.930555555555555,17.59259259259259,14.583333333333334,8.333333333333334,3.240740740740741,876,36.18721461187214,19.40639269406393,20.205479452054796,5.936073059360731,4.337899543378995,1495,379,277,154,25.351170568561873,18.528428093645484,7.764642167014159,FALSE,FALSE,6-8,outside the Ring,West Berlin
061U,1108,818,27.139364303178485,19.070904645476773,19.682151589242054,15.525672371638143,7.701711491442543,3.1784841075794623,754,28.912466843501328,21.087533156498672,24.40318302387268,8.620689655172415,4.774535809018568,1495,558,255,147,37.324414715719065,17.05685618729097,7.558850587478694,FALSE,FALSE,6-8,outside the Ring,West Berlin
061V,1065,851,24.324324324324323,17.391304347826086,22.09165687426557,17.626321974148063,7.990599294947121,3.172737955346651,771,27.237354085603112,20.103761348897535,24.124513618677042,8.041504539559014,4.669260700389105,1653,404,417,184,24.440411373260737,25.226860254083483,7.50853055552588,FALSE,FALSE,6-8,outside the Ring,West Berlin
061W,1088,933,22.293676312968916,16.184351554126472,24.115755627009648,19.935691318327976,6.109324758842444,3.322615219721329,728,27.060439560439562,21.978021978021978,26.236263736263737,7.142857142857143,5.631868131868132,1490,384,213,153,25.77181208053691,14.295302013422818,7.314049043030542,FALSE,FALSE,6-8,outside the Ring,West Berlin
061X,1084,833,23.4093637454982,14.525810324129651,17.406962785114047,24.369747899159663,9.723889555822328,2.4009603841536613,743,26.64872139973082,21.80349932705249,25.57200538358008,7.133243606998654,4.710632570659489,1685,338,394,217,20.059347181008903,23.382789317507417,7.429261520125997,FALSE,FALSE,6-8,outside the Ring,West Berlin
061Y,1098,864,29.050925925925927,14.467592592592593,21.64351851851852,18.40277777777778,6.018518518518518,4.166666666666667,744,32.526881720430104,18.951612903225808,23.9247311827957,6.451612903225806,4.166666666666667,1551,383,267,163,24.693745970341716,17.214700193423596,8.204291559822195,FALSE,FALSE,8-11,outside the Ring,West Berlin
061Z,1076,782,22.762148337595907,14.961636828644501,17.774936061381073,24.55242966751918,8.312020460358056,2.6854219948849103,672,28.571428571428573,19.791666666666668,23.214285714285715,6.25,6.101190476190476,1609,287,384,274,17.837165941578622,23.865755127408327,8.127182432744755,FALSE,FALSE,8-11,outside the Ring,West Berlin
061ZA,1051,845,26.153846153846153,15.384615384615385,19.644970414201183,17.514792899408285,11.479289940828401,2.2485207100591715,710,32.394366197183096,20.422535211267604,22.535211267605632,6.056338028169014,6.338028169014085,1360,335,175,166,24.63235294117647,12.867647058823529,8.665815296717465,FALSE,FALSE,8-11,outside the Ring,West Berlin
061ZB,1070,862,19.48955916473318,16.82134570765661,20.99767981438515,19.48955916473318,11.368909512761022,2.9002320185614847,783,29.118773946360154,21.58365261813538,23.116219667943806,7.535121328224776,6.002554278416348,1596,329,300,166,20.614035087719298,18.796992481203006,8.753961312005384,FALSE,FALSE,8-11,outside the Ring,West Berlin
061ZC,1027,889,22.38470191226097,17.547806524184477,23.3970753655793,19.910011248593925,6.636670416197975,3.5995500562429696,766,26.37075718015666,22.45430809399478,24.02088772845953,9.26892950391645,5.483028720626632,1429,323,214,118,22.60321903428971,14.975507347795661,9.084360067804086,FALSE,FALSE,8-11,outside the Ring,West Berlin
061ZD,1054,910,28.9010989010989,17.36263736263736,22.087912087912088,13.076923076923077,8.68131868131868,3.1868131868131866,726,33.19559228650138,20.66115702479339,22.176308539944902,6.887052341597796,4.958677685950414,1339,368,113,76,27.483196415235252,8.439133681852129,9.09163769438357,FALSE,FALSE,8-11,outside the Ring,West Berlin
061ZE,1092,864,27.89351851851852,15.74074074074074,17.12962962962963,18.51851851851852,8.333333333333334,3.3564814814814814,781,31.754161331626122,21.382842509603073,21.76696542893726,8.706786171574905,3.9692701664532652,1448,387,235,162,26.726519337016576,16.2292817679558,9.462400365102951,FALSE,FALSE,8-11,outside the Ring,West Berlin
061ZF,921,764,34.29319371727749,13.612565445026178,20.680628272251308,14.267015706806284,6.93717277486911,3.141361256544503,677,33.82570162481536,20.6794682422452,21.71344165435746,6.3515509601181686,4.283604135893649,1426,348,330,133,24.403927068723704,23.141654978962134,9.112574273259805,FALSE,FALSE,8-11,outside the Ring,West Berlin
062A,961,764,19.240837696335078,18.32460732984293,18.586387434554975,22.774869109947645,10.340314136125654,2.486910994764398,739,25.71041948579161,20.97428958051421,22.73342354533153,7.307171853856563,6.2246278755074425,1382,252,244,160,18.234442836468887,17.655571635311144,7.312852016796345,FALSE,FALSE,6-8,outside the Ring,West Berlin
062B,1043,831,19.253910950661854,18.050541516245488,16.726835138387486,21.660649819494584,11.552346570397113,2.286401925391095,747,27.44310575635877,22.48995983935743,19.27710843373494,6.291834002677376,6.961178045515395,1447,281,243,201,19.419488597097445,16.79336558396683,7.019339066867288,FALSE,FALSE,6-8,outside the Ring,West Berlin
062C,1021,824,22.57281553398058,17.839805825242717,17.597087378640776,18.08252427184466,11.893203883495145,3.762135922330097,690,28.55072463768116,22.318840579710145,21.014492753623188,6.811594202898551,6.811594202898551,1359,378,209,156,27.814569536423843,15.378955114054452,7.1315022370605305,FALSE,FALSE,6-8,outside the Ring,West Berlin
062D,1102,862,24.361948955916475,13.689095127610209,20.765661252900234,21.34570765661253,8.816705336426914,3.82830626450116,800,24.625,19.625,26.125,9.75,5.125,1619,381,350,229,23.53304508956146,21.618282890673257,7.551966532701476,FALSE,FALSE,6-8,outside the Ring,West Berlin
062E,1011,759,19.367588932806324,15.41501976284585,18.840579710144926,25.032938076416336,9.617918313570488,4.216073781291173,684,29.678362573099417,20.760233918128655,20.46783625730994,7.894736842105263,6.871345029239766,1569,304,324,211,19.37539834289356,20.650095602294456,7.5837193434542485,FALSE,FALSE,6-8,outside the Ring,West Berlin
062F,1059,788,20.050761421319798,18.274111675126903,17.258883248730964,18.401015228426395,12.690355329949238,3.4263959390862944,704,27.414772727272727,21.448863636363637,20.59659090909091,8.096590909090908,6.9602272727272725,1606,373,397,189,23.22540473225405,24.719800747198008,7.7450431265279285,FALSE,FALSE,6-8,outside the Ring,West Berlin
062G,1074,745,19.59731543624161,16.91275167785235,13.020134228187919,20.40268456375839,16.778523489932887,3.221476510067114,677,32.20088626292467,22.008862629246675,16.691285081240768,7.385524372230428,7.0901033973412115,1526,330,298,234,21.62516382699869,19.528178243774573,7.5516152005349655,FALSE,FALSE,6-8,outside the Ring,West Berlin
062H,1034,794,21.410579345088163,18.639798488664987,13.476070528967254,19.77329974811083,12.720403022670025,2.5188916876574305,682,34.16422287390029,21.407624633431084,15.835777126099707,6.158357771260997,5.571847507331379,1546,338,357,250,21.86287192755498,23.091849935316947,7.4812300090707184,FALSE,FALSE,6-8,outside the Ring,West Berlin
062J,1083,851,25.264394829612222,15.393654524089307,16.686251468860164,17.861339600470036,11.045828437132785,3.525264394829612,743,33.51278600269179,23.95693135935397,15.343203230148049,5.114401076716016,6.056527590847914,1509,344,237,203,22.796554009277667,15.705765407554672,7.099652819797025,FALSE,FALSE,6-8,outside the Ring,West Berlin
062K,982,735,26.258503401360546,17.006802721088434,19.31972789115646,14.829931972789115,11.564625850340136,3.2653061224489797,686,33.38192419825073,23.323615160349853,16.18075801749271,5.1020408163265305,6.41399416909621,1528,369,408,223,24.149214659685864,26.701570680628272,7.449377192847469,FALSE,FALSE,6-8,outside the Ring,West Berlin
062L,1047,791,28.192161820480404,15.676359039190897,13.400758533501897,16.308470290771176,13.653603034134008,3.413400758533502,760,38.1578947368421,18.68421052631579,17.105263157894736,5.394736842105263,6.315789473684211,1414,329,205,129,23.26732673267327,14.497878359264497,7.619605507441636,FALSE,FALSE,6-8,outside the Ring,West Berlin
062M,1052,825,32.484848484848484,16.727272727272727,15.030303030303031,12.121212121212121,10.909090909090908,3.757575757575758,728,40.65934065934066,18.13186813186813,16.208791208791208,5.082417582417582,5.4945054945054945,1522,365,255,205,23.981603153745073,16.754270696452036,8.063709802667425,FALSE,FALSE,8-11,outside the Ring,West Berlin
062N,1025,697,23.38593974175036,14.777618364418938,11.047345767575322,17.647058823529413,17.073170731707318,2.72596843615495,633,37.2827804107425,21.64296998420221,15.323854660347552,5.213270142180095,5.529225908372828,1453,323,278,220,22.22986923606332,19.13282863041982,7.868096919748671,FALSE,FALSE,6-8,outside the Ring,West Berlin
062P,834,628,22.929936305732483,17.67515923566879,16.401273885350317,19.904458598726116,12.579617834394904,1.2738853503184713,555,27.92792792792793,23.963963963963963,19.0990990990991,8.108108108108109,5.945945945945946,1124,252,184,130,22.419928825622776,16.370106761565836,8.082004117401386,FALSE,FALSE,8-11,outside the Ring,West Berlin
062Q,985,772,17.098445595854923,15.025906735751295,20.077720207253886,27.46113989637306,9.974093264248705,3.3678756476683938,649,25.423728813559322,20.184899845916796,24.19106317411402,9.244992295839754,5.3929121725731894,1364,312,247,160,22.873900293255133,18.10850439882698,7.8463903820996155,FALSE,FALSE,6-8,outside the Ring,West Berlin
062R,1008,803,18.679950186799502,16.936488169364882,20.049813200498132,21.793275217932752,10.709838107098381,2.86425902864259,628,27.229299363057326,22.29299363057325,21.496815286624205,7.484076433121019,7.006369426751593,1571,247,375,159,15.722469764481222,23.870146403564608,7.8000377133564065,FALSE,FALSE,6-8,outside the Ring,West Berlin
062S,990,735,17.82312925170068,14.013605442176871,18.639455782312925,25.578231292517007,10.884353741496598,2.17687074829932,645,26.046511627906977,22.325581395348838,25.58139534883721,7.906976744186046,4.961240310077519,1462,263,254,252,17.9890560875513,17.3734610123119,8.024852364977832,FALSE,FALSE,8-11,outside the Ring,West Berlin
062T,1015,807,16.728624535315983,15.241635687732343,19.206939281288722,24.53531598513011,10.408921933085502,1.982651796778191,661,27.68532526475038,24.20574886535552,21.331316187594553,8.018154311649017,5.295007564296521,1380,231,207,160,16.73913043478261,15,8.188243225373492,FALSE,FALSE,8-11,outside the Ring,West Berlin
062U,967,690,23.47826086956522,17.536231884057973,16.81159420289855,18.115942028985508,10.869565217391305,2.753623188405797,593,30.016863406408095,22.596964586846543,21.922428330522767,5.227655986509275,5.902192242833053,1242,402,163,139,32.367149758454104,13.123993558776167,8.1703451124202,FALSE,FALSE,8-11,outside the Ring,West Berlin
062V,1040,838,26.13365155131265,15.035799522673031,19.09307875894988,21.599045346062052,8.83054892601432,3.2219570405727924,756,30.29100529100529,19.973544973544975,23.015873015873016,6.613756613756614,5.158730158730159,1658,398,448,179,24.004825090470447,27.020506634499398,8.035340433187672,FALSE,FALSE,8-11,outside the Ring,West Berlin
062W,1036,783,18.773946360153257,16.091954022988507,19.412515964240104,25.28735632183908,8.301404853128991,3.0651340996168583,669,26.307922272047833,21.973094170403588,24.663677130044842,8.968609865470851,4.633781763826607,1722,277,499,227,16.085946573751453,28.977932636469223,7.710389412256238,FALSE,FALSE,6-8,outside the Ring,West Berlin
062X,1050,844,22.156398104265403,17.654028436018958,22.274881516587676,17.417061611374407,10.071090047393366,3.080568720379147,664,28.313253012048193,21.987951807228917,22.740963855421686,7.981927710843373,4.969879518072289,1455,355,301,184,24.398625429553263,20.6872852233677,7.925880588117704,FALSE,FALSE,6-8,outside the Ring,West Berlin
062Y,1036,828,21.014492753623188,16.545893719806763,18.357487922705314,21.497584541062803,11.11111111111111,3.502415458937198,696,30.89080459770115,21.551724137931036,21.264367816091955,7.902298850574713,5.890804597701149,1453,332,264,164,22.849277357192015,18.169304886441843,8.133006822837658,FALSE,FALSE,8-11,outside the Ring,West Berlin
062Z,1028,827,29.383313180169285,18.016928657799273,19.347037484885128,13.663845223700122,11.487303506650544,2.418379685610641,698,31.51862464183381,21.91977077363897,21.20343839541547,7.306590257879656,5.444126074498567,1402,459,218,132,32.73894436519258,15.549215406562054,8.072876963112988,FALSE,FALSE,8-11,outside the Ring,West Berlin
062ZA,1079,785,17.579617834394906,15.92356687898089,19.61783439490446,21.019108280254777,12.738853503184714,3.949044585987261,691,30.246020260492042,20.839363241678726,22.14182344428365,6.801736613603473,6.2228654124457305,1613,293,352,181,18.164910105393677,21.822690638561685,8.44521482682594,FALSE,FALSE,8-11,outside the Ring,West Berlin
062ZB,1091,812,19.211822660098523,17.610837438423644,17.733990147783253,23.76847290640394,9.852216748768473,2.3399014778325125,693,28.86002886002886,23.376623376623378,22.07792207792208,7.503607503607504,5.916305916305916,1822,322,550,232,17.672886937431393,30.186608122941823,8.463024837886042,FALSE,FALSE,8-11,outside the Ring,West Berlin
062ZC,1081,914,26.14879649890591,14.660831509846828,20.240700218818382,17.177242888402628,8.643326039387308,3.6105032822757113,702,29.77207977207977,20.512820512820515,23.36182336182336,7.122507122507122,5.982905982905983,1485,365,236,158,24.579124579124578,15.892255892255893,8.77909666220648,FALSE,FALSE,8-11,outside the Ring,West Berlin
062ZD,1105,810,20.493827160493826,18.271604938271604,21.234567901234566,19.876543209876544,11.11111111111111,2.7160493827160495,692,28.90173410404624,20.08670520231214,22.6878612716763,7.22543352601156,5.780346820809249,1546,376,329,158,24.320827943078914,21.28072445019405,9.19526377501933,FALSE,FALSE,8-11,outside the Ring,West Berlin
062ZE,1043,737,20.21709633649932,15.19674355495251,14.111261872455902,22.795115332428765,13.297150610583447,3.5278154681139755,629,30.68362480127186,20.66772655007949,21.144674085850557,6.518282988871224,6.041335453100159,1665,382,427,213,22.942942942942942,25.645645645645647,8.599383687911816,FALSE,FALSE,8-11,outside the Ring,West Berlin
062ZF,1075,842,21.49643705463183,17.102137767220903,19.477434679334916,18.28978622327791,11.876484560570072,3.681710213776722,745,27.91946308724832,24.29530201342282,21.20805369127517,5.503355704697986,6.97986577181208,1540,354,280,136,22.98701298701299,18.181818181818183,8.377842430062868,FALSE,FALSE,8-11,outside the Ring,West Berlin
063A,1085,851,29.964747356051703,19.27144535840188,18.331374853113985,13.160987074030553,7.63807285546416,2.1151586368977675,912,31.25,20.833333333333332,20.50438596491228,6.25,3.3991228070175437,1612,486,339,137,30.148883374689827,21.029776674937967,10.217643033445977,FALSE,FALSE,8-11,outside the Ring,West Berlin
063B,1041,857,25.670945157526255,18.66977829638273,20.536756126021004,17.386231038506416,7.934655775962661,2.6837806301050176,895,30.279329608938546,22.681564245810055,20.11173184357542,5.58659217877095,3.910614525139665,1433,395,213,135,27.564549895324493,14.863921842288905,9.693161406720199,FALSE,FALSE,8-11,outside the Ring,West Berlin
063C,1095,948,32.38396624472574,16.350210970464136,23.206751054852322,11.603375527426161,6.540084388185654,3.059071729957806,870,30.57471264367816,22.298850574712645,21.149425287356323,6.32183908045977,4.022988505747127,1459,422,192,108,28.92392049348869,13.159698423577794,9.442299827245373,FALSE,FALSE,8-11,outside the Ring,West Berlin
063D,1027,755,24.635761589403973,19.072847682119207,14.834437086092715,22.91390728476821,7.947019867549669,3.0463576158940397,791,30.34134007585335,22.629582806573957,19.342604298356513,7.206068268015171,4.171934260429835,1534,314,334,183,20.46936114732725,21.773142112125164,9.240577763754057,FALSE,FALSE,8-11,outside the Ring,West Berlin
063E,1020,785,22.29299363057325,18.471337579617835,20.89171974522293,15.92356687898089,11.337579617834395,3.1847133757961785,828,28.985507246376812,21.618357487922705,21.497584541062803,6.884057971014493,4.5893719806763285,1355,361,213,130,26.642066420664207,15.719557195571955,9.68218408644023,FALSE,FALSE,8-11,outside the Ring,West Berlin
063F,1013,881,30.987514188422246,17.82065834279228,20.771850170261068,11.91827468785471,7.945516458569807,2.9511918274687856,840,32.976190476190474,20.952380952380953,20.714285714285715,5.595238095238095,3.9285714285714284,1334,431,170,120,32.30884557721139,12.743628185907047,10.200752491036756,FALSE,FALSE,8-11,outside the Ring,West Berlin
063G,1068,873,27.605956471935855,19.81672394043528,20.847651775486828,13.745704467353951,5.498281786941581,4.581901489117984,900,32,20.333333333333332,22.22222222222222,5.888888888888889,3.6666666666666665,1557,417,280,124,26.782273603082853,17.98330122029544,10.116132021944976,FALSE,FALSE,8-11,outside the Ring,West Berlin
063H,1067,902,35.14412416851441,15.077605321507761,23.946784922394677,11.64079822616408,6.097560975609756,2.9933481152993346,919,34.82045701849837,19.69532100108814,19.58650707290533,4.787812840043525,3.6996735582154514,1355,428,140,90,31.58671586715867,10.33210332103321,10.476623724029357,FALSE,FALSE,8-11,outside the Ring,West Berlin
063J,1084,961,38.70967741935484,14.151925078043705,18.93860561914672,10.613943808532778,7.075962539021853,4.786680541103018,910,36.81318681318681,20.10989010989011,17.912087912087912,4.5054945054945055,3.6263736263736264,1444,396,125,125,27.42382271468144,8.65650969529086,10.951133071663358,FALSE,FALSE,8-11,outside the Ring,West Berlin
063K,1099,953,35.15215110178384,14.795383001049318,23.609653725078697,11.962224554039874,4.4071353620146905,3.777544596012592,949,32.77133825079031,16.332982086406744,25.28977871443625,5.1633298208640674,2.73972602739726,1475,465,188,92,31.52542372881356,12.745762711864407,10.723870729687837,FALSE,FALSE,8-11,outside the Ring,West Berlin
063L,1082,864,24.537037037037038,17.47685185185185,18.055555555555557,12.847222222222221,10.87962962962963,4.861111111111111,865,34.91329479768786,19.653179190751445,19.653179190751445,5.895953757225434,4.277456647398844,1646,364,387,170,22.114216281895505,23.51154313487242,10.782140902328422,FALSE,FALSE,8-11,outside the Ring,West Berlin
063M,1092,954,34.486373165618446,18.134171907756812,18.9727463312369,11.0062893081761,9.224318658280922,3.668763102725367,903,37.43078626799557,20.70874861572536,17.829457364341085,4.651162790697675,4.540420819490587,1368,284,99,147,20.760233918128655,7.2368421052631575,11.389123715119142,FALSE,FALSE,11-15,outside the Ring,West Berlin
063N,1025,808,34.40594059405941,16.831683168316832,17.821782178217823,12.623762376237623,7.920792079207921,4.207920792079208,876,38.81278538812786,21.232876712328768,17.69406392694064,4.223744292237443,3.9954337899543377,1437,405,199,129,28.183716075156575,13.84829505915101,11.208498354909741,FALSE,FALSE,11-15,outside the Ring,West Berlin
063P,1087,965,41.13989637305699,14.404145077720207,17.305699481865286,9.740932642487047,7.979274611398964,4.352331606217617,878,41.34396355353075,20.387243735763096,15.945330296127562,3.416856492027335,3.7585421412300684,1384,417,85,141,30.13005780346821,6.141618497109826,11.704389436750422,FALSE,FALSE,11-15,outside the Ring,West Berlin
063Q,1082,956,37.55230125523013,15.376569037656903,17.259414225941423,7.426778242677824,8.368200836820083,6.171548117154812,878,41.68564920273349,20.159453302961275,16.856492027334852,3.1890660592255125,3.8724373576309796,1420,421,131,92,29.64788732394366,9.225352112676056,11.918307234974186,FALSE,FALSE,11-15,outside the Ring,West Berlin
063R,1079,919,40.04352557127312,16.539717083786726,19.1512513601741,8.161044613710555,5.767138193688792,5.00544069640914,920,40.108695652173914,20.108695652173914,17.934782608695652,2.717391304347826,3.8043478260869565,1434,405,156,113,28.242677824267783,10.878661087866108,12.54392667980605,FALSE,FALSE,11-15,outside the Ring,West Berlin
063S,1112,879,34.129692832764505,17.064846416382252,20.36405005688282,11.717861205915813,7.849829351535837,2.7303754266211606,844,39.45497630331754,21.208530805687204,17.654028436018958,4.85781990521327,3.909952606635071,1479,558,207,128,37.72819472616633,13.995943204868155,13.153638574353058,FALSE,FALSE,11-15,outside the Ring,West Berlin
063T,1087,830,36.98795180722892,16.867469879518072,16.987951807228917,10.240963855421686,8.91566265060241,3.1325301204819276,789,39.67046894803549,21.79974651457541,14.195183776932826,4.435994930291508,6.97084917617237,1363,627,135,110,46.00146735143067,9.904622157006603,14.080281425585616,FALSE,FALSE,11-15,outside the Ring,West Berlin
063U,1085,896,35.267857142857146,15.290178571428571,17.522321428571427,10.9375,9.151785714285714,4.575892857142857,850,38.23529411764706,20.823529411764707,19.176470588235293,5.647058823529412,3.0588235294117645,1519,458,211,155,30.151415404871624,13.890717577353522,13.317318703850336,FALSE,FALSE,11-15,outside the Ring,West Berlin
063V,1107,745,34.22818791946309,15.436241610738255,18.389261744966444,9.12751677852349,11.677852348993289,4.429530201342282,769,41.352405721716515,20.0260078023407,15.474642392717815,4.421326397919376,6.631989596879063,1687,570,424,151,33.78778897451097,25.133372851215174,13.227320375526892,FALSE,FALSE,11-15,outside the Ring,West Berlin
063W,1161,1009,37.16551040634291,13.676907829534192,16.352824578790884,11.992071357779981,9.613478691774034,4.955401387512389,945,43.28042328042328,19.365079365079364,16.084656084656086,3.2804232804232805,4.867724867724868,1485,439,119,152,29.562289562289564,8.013468013468014,12.562377557744664,FALSE,FALSE,11-15,outside the Ring,West Berlin
063X,1065,908,36.563876651982376,15.748898678414097,15.418502202643172,11.123348017621145,8.810572687224669,6.057268722466961,851,44.41833137485311,20.446533490011753,14.688601645123384,3.290246768507638,4.3478260869565215,1396,348,136,201,24.92836676217765,9.742120343839542,12.347369332186169,FALSE,FALSE,11-15,outside the Ring,West Berlin
063Y,1148,920,34.67391304347826,15.652173913043478,10.978260869565217,9.782608695652174,13.478260869565217,6.521739130434782,869,41.54200230149597,19.44764096662831,14.039125431530495,3.9125431530494823,5.408515535097814,1840,240,440,272,13.043478260869565,23.91304347826087,12.432446185585055,FALSE,FALSE,11-15,outside the Ring,West Berlin
063Z,1074,863,41.483198146002316,13.209733487833141,12.282734646581691,9.965237543453071,12.977983777520278,3.939745075318656,790,41.51898734177215,18.481012658227847,14.30379746835443,3.670886075949367,7.215189873417722,1464,356,200,183,24.316939890710383,13.66120218579235,13.449400433926051,FALSE,FALSE,11-15,outside the Ring,West Berlin
063ZA,1099,886,29.79683972911964,15.914221218961625,16.02708803611738,13.99548532731377,12.076749435665914,3.6117381489841986,719,38.525730180806676,20.723226703755216,16.689847009735743,6.258692628650904,7.093184979137691,1505,436,252,155,28.970099667774086,16.74418604651163,13.726367513382337,FALSE,FALSE,11-15,outside the Ring,West Berlin
063ZB,1094,917,32.93347873500545,14.940021810250817,16.03053435114504,9.923664122137405,14.940021810250817,4.79825517993457,770,38.18181818181818,22.337662337662337,15.974025974025974,4.545454545454546,6.753246753246753,1608,423,283,171,26.30597014925373,17.59950248756219,13.876027145859256,FALSE,FALSE,11-15,outside the Ring,West Berlin
063ZC,1101,810,23.08641975308642,16.17283950617284,10.864197530864198,16.419753086419753,20.493827160493826,2.8395061728395063,752,37.63297872340426,20.345744680851062,14.49468085106383,3.856382978723404,10.23936170212766,1507,347,262,122,23.02587923025879,17.38553417385534,14.317260616885875,FALSE,FALSE,11-15,outside the Ring,West Berlin
063ZD,1076,768,18.619791666666668,12.890625,13.151041666666666,20.442708333333332,19.140625,4.166666666666667,716,31.843575418994412,21.787709497206706,18.575418994413408,5.446927374301676,8.798882681564246,1550,328,321,182,21.161290322580644,20.70967741935484,14.182067051762273,FALSE,FALSE,11-15,outside the Ring,West Berlin
063ZE,1073,772,23.963730569948186,14.248704663212436,8.678756476683938,14.896373056994818,24.352331606217618,2.849740932642487,729,37.86008230452675,17.00960219478738,12.89437585733882,6.721536351165981,10.83676268861454,1470,330,256,160,22.448979591836736,17.41496598639456,14.461593887713962,FALSE,FALSE,11-15,outside the Ring,West Berlin
064A,1069,837,27.120669056152927,15.651135005973716,17.921146953405017,17.323775388291516,10.394265232974911,3.106332138590203,735,33.46938775510204,18.367346938775512,20,5.850340136054422,4.761904761904762,1921,371,673,178,19.31285788651744,35.03383654346695,9.911527107564261,FALSE,FALSE,8-11,outside the Ring,West Berlin
064B,969,763,30.9305373525557,15.858453473132371,17.955439056356486,13.499344692005243,10.615989515072084,3.669724770642202,653,34.30321592649311,18.223583460949463,18.68300153139357,5.972434915773354,5.359877488514548,1389,391,243,147,28.149748020158388,17.49460043196544,10.237612752445072,FALSE,FALSE,8-11,outside the Ring,West Berlin
064C,1091,844,26.18483412322275,16.94312796208531,18.601895734597157,15.876777251184834,9.71563981042654,4.1469194312796205,669,36.771300448430495,20.328849028400597,14.947683109118087,4.484304932735426,6.278026905829597,1687,385,363,147,22.821576763485478,21.51748666271488,10.402931368477326,FALSE,FALSE,8-11,outside the Ring,West Berlin
064D,1114,835,28.143712574850298,15.449101796407186,14.491017964071856,14.011976047904191,13.053892215568862,4.6706586826347305,665,36.090225563909776,18.646616541353385,14.887218045112782,3.7593984962406015,5.413533834586466,1632,380,383,158,23.284313725490197,23.46813725490196,10.526525493688867,FALSE,FALSE,8-11,outside the Ring,West Berlin
064E,1010,798,20.67669172932331,17.794486215538846,18.42105263157895,21.17794486215539,9.774436090225564,3.2581453634085213,624,34.455128205128204,21.955128205128204,16.506410256410255,4.326923076923077,5.448717948717949,1542,336,353,113,21.78988326848249,22.892347600518807,10.263004393608934,FALSE,FALSE,8-11,outside the Ring,West Berlin
064F,1112,757,22.98546895640687,16.6446499339498,10.83223249669749,17.17305151915456,19.418758256274767,4.227212681638045,649,34.20647149460709,20.184899845916796,11.40215716486903,4.9306625577812015,10.323574730354391,1629,412,380,175,25.29158993247391,23.32719459791283,9.980470097940389,FALSE,FALSE,8-11,outside the Ring,West Berlin
064G,1032,787,28.46251588310038,17.407878017789074,19.949174078780178,12.833545108005083,9.91105463786531,3.4307496823379924,677,33.82570162481536,20.974889217134418,17.42983751846381,5.760709010339734,5.908419497784343,1342,414,142,87,30.849478390461996,10.581222056631892,10.464282155460792,FALSE,FALSE,8-11,outside the Ring,West Berlin
064H,1065,884,26.809954751131222,18.778280542986426,19.79638009049774,12.55656108597285,9.728506787330316,3.3936651583710407,745,35.16778523489933,21.34228187919463,18.523489932885905,5.100671140939597,4.832214765100671,1395,395,178,83,28.315412186379927,12.759856630824373,10.725201786291542,FALSE,FALSE,8-11,outside the Ring,West Berlin
064J,1082,888,32.9954954954955,15.765765765765765,19.144144144144143,13.063063063063064,9.121621621621621,3.6036036036036037,761,38.89618922470434,16.95137976346912,17.47700394218134,5.124835742444152,4.730617608409987,1455,427,198,94,29.347079037800686,13.608247422680412,11.25379537011392,FALSE,FALSE,11-15,outside the Ring,West Berlin
064K,1029,767,26.857887874837026,20.73011734028683,13.689700130378096,14.471968709256846,12.25554106910039,3.650586701434159,592,38.17567567567568,20.27027027027027,15.54054054054054,5.405405405405405,7.77027027027027,1480,372,332,188,25.135135135135137,22.43243243243243,11.404774476657444,FALSE,FALSE,11-15,outside the Ring,West Berlin
064L,1056,786,26.463104325699746,17.048346055979643,11.577608142493638,12.468193384223918,15.521628498727736,4.198473282442748,630,37.61904761904762,23.015873015873016,13.65079365079365,4.603174603174603,7.142857142857143,1473,375,286,168,25.45824847250509,19.416157501697217,10.960368427749144,FALSE,FALSE,8-11,outside the Ring,West Berlin
064M,887,710,36.478873239436616,15.211267605633802,16.056338028169016,10.422535211267606,10.56338028169014,4.788732394366197,610,40.49180327868852,21.147540983606557,13.442622950819672,4.098360655737705,5.573770491803279,1236,246,190,117,19.902912621359224,15.372168284789645,11.240152071667739,FALSE,FALSE,11-15,outside the Ring,West Berlin
064N,889,749,36.048064085447265,20.026702269692922,14.686248331108144,12.016021361815755,7.610146862483311,3.3377837116154874,622,42.28295819935691,19.292604501607716,15.27331189710611,3.8585209003215435,4.662379421221865,1264,338,184,118,26.740506329113924,14.556962025316455,10.78530434413835,FALSE,FALSE,8-11,outside the Ring,West Berlin
064P,902,794,37.65743073047859,16.24685138539043,16.120906801007557,10.453400503778338,9.445843828715365,4.156171284634761,573,43.455497382198956,20.244328097731238,14.136125654450261,3.4904013961605584,5.061082024432809,1154,259,92,151,22.44367417677643,7.972270363951473,11.782230765620596,FALSE,FALSE,11-15,outside the Ring,West Berlin
064Q,949,703,30.72546230440967,16.927453769559033,10.099573257467995,13.086770981507824,14.935988620199147,4.694167852062589,629,42.289348171701114,21.144674085850557,13.513513513513514,3.8155802861685215,5.405405405405405,1788,346,652,139,19.351230425055927,36.46532438478747,12.3429325579428,FALSE,FALSE,11-15,outside the Ring,West Berlin
064R,1080,828,28.502415458937197,20.531400966183575,8.93719806763285,8.454106280193237,18.115942028985508,3.502415458937198,691,39.65267727930535,20.11577424023155,10.709117221418234,4.92040520984081,10.274963820549928,1283,409,66,63,31.878409976617302,5.14419329696025,12.42548470691124,FALSE,FALSE,11-15,outside the Ring,West Berlin
064S,1106,764,22.643979057591622,18.717277486910994,12.041884816753926,18.848167539267017,16.49214659685864,1.5706806282722514,568,37.852112676056336,20.598591549295776,13.908450704225352,5.809859154929577,8.97887323943662,1771,341,456,235,19.25465838509317,25.74816487859966,11.66420365142873,FALSE,FALSE,11-15,outside the Ring,West Berlin
064T,1076,827,30.471584038694076,18.742442563482467,11.85006045949214,11.608222490931077,13.301088270858525,5.4413542926239415,627,39.39393939393939,25.996810207336523,13.397129186602871,4.625199362041467,6.698564593301436,1472,549,236,125,37.296195652173914,16.032608695652176,12.348162237524509,FALSE,FALSE,11-15,outside the Ring,West Berlin
064U,1064,675,27.85185185185185,17.62962962962963,8.148148148148149,13.333333333333334,19.11111111111111,3.259259259259259,578,40.484429065743946,23.70242214532872,10.380622837370241,4.671280276816609,10.380622837370241,1859,571,646,231,30.7154384077461,34.74986551909629,12.08155079764469,FALSE,FALSE,11-15,outside the Ring,West Berlin
064V,1083,578,15.7439446366782,13.494809688581315,3.8062283737024223,25.432525951557093,25.432525951557093,2.2491349480968856,396,33.83838383838384,22.727272727272727,5.303030303030303,5.555555555555555,16.414141414141415,1829,333,472,429,18.20667031164571,25.806451612903224,12.290178297803338,FALSE,FALSE,11-15,outside the Ring,West Berlin
064W,1038,693,23.80952380952381,16.017316017316016,8.513708513708513,17.604617604617605,18.037518037518037,4.473304473304474,540,38.7037037037037,23.333333333333332,9.074074074074074,4.2592592592592595,11.296296296296296,1793,402,456,300,22.420524261015057,25.43223647518126,11.956001058163956,FALSE,FALSE,11-15,outside the Ring,West Berlin
064X,1059,834,30.81534772182254,16.786570743405274,10.431654676258994,16.666666666666668,13.42925659472422,3.357314148681055,612,40.19607843137255,21.405228758169933,14.052287581699346,4.738562091503268,7.189542483660131,1405,390,192,163,27.75800711743772,13.665480427046264,11.699905481813522,FALSE,FALSE,11-15,outside the Ring,West Berlin
064Y,1053,908,37.66519823788546,14.86784140969163,15.198237885462555,10.022026431718063,11.894273127753303,4.185022026431718,783,43.039591315453386,17.369093231162196,17.24137931034483,4.086845466155811,5.108556832694764,1445,394,169,123,27.26643598615917,11.695501730103807,11.470524089418332,FALSE,FALSE,11-15,outside the Ring,West Berlin
064Z,1054,875,31.771428571428572,16.8,16.457142857142856,12.685714285714285,10.057142857142857,4.114285714285714,728,37.91208791208791,20.467032967032967,19.917582417582416,4.945054945054945,5.082417582417582,1340,396,135,114,29.55223880597015,10.074626865671641,10.923728402036915,FALSE,FALSE,8-11,outside the Ring,West Berlin
064ZA,1086,921,39.413680781758956,13.789359391965256,16.612377850162865,11.726384364820847,8.034744842562432,3.6916395222584146,744,43.95161290322581,19.489247311827956,17.338709677419356,3.8978494623655915,4.704301075268817,1474,481,242,76,32.632293080054275,16.417910447761194,11.040035642778767,FALSE,FALSE,11-15,outside the Ring,West Berlin
064ZB,1074,916,40.93886462882096,15.502183406113538,14.956331877729257,8.842794759825328,8.842794759825328,3.6026200873362444,765,46.27450980392157,21.176470588235293,15.163398692810457,3.9215686274509802,4.183006535947713,1397,453,92,133,32.42662848962062,6.58554044380816,11.402195351901435,FALSE,FALSE,11-15,outside the Ring,West Berlin
064ZC,1090,880,40.79545454545455,16.931818181818183,14.318181818181818,9.204545454545455,9.659090909090908,5.454545454545454,768,46.744791666666664,20.703125,13.541666666666666,3.90625,4.557291666666667,1302,583,102,86,44.77726574500768,7.8341013824884795,11.946114916361887,FALSE,FALSE,11-15,outside the Ring,West Berlin
064ZD,1096,848,30.89622641509434,17.452830188679247,12.735849056603774,13.443396226415095,14.74056603773585,3.5377358490566038,598,38.79598662207358,22.40802675585284,15.384615384615385,4.849498327759197,7.190635451505017,1573,495,274,157,31.46853146853147,17.418944691671964,11.940126021359898,FALSE,FALSE,11-15,outside the Ring,West Berlin
064ZE,1013,750,27.6,15.466666666666667,13.066666666666666,16.4,16.533333333333335,2.6666666666666665,551,39.201451905626136,25.045372050816695,14.156079854809438,5.081669691470054,7.6225045372050815,1572,343,338,206,21.81933842239186,21.501272264631044,12.822628313644493,FALSE,FALSE,11-15,outside the Ring,West Berlin
064ZF,1089,808,26.73267326732673,15.099009900990099,13.985148514851485,14.48019801980198,16.212871287128714,4.455445544554456,629,39.904610492845784,27.66295707472178,11.92368839427663,4.451510333863275,6.677265500794912,1634,393,300,160,24.05140758873929,18.359853121175032,12.725452656394005,FALSE,FALSE,11-15,outside the Ring,West Berlin
065A,1089,853,35.052754982415,17.584994138335286,16.060961313012896,12.661195779601407,8.206330597889801,3.5169988276670576,782,38.491048593350385,18.414322250639387,16.49616368286445,5.242966751918159,4.219948849104859,1452,558,229,95,38.429752066115704,15.771349862258953,9.957501107775103,FALSE,FALSE,8-11,outside the Ring,West Berlin
065B,1052,857,34.305717619603264,17.386231038506416,16.919486581096848,11.201866977829638,8.868144690781797,4.900816802800467,765,36.07843137254902,20.392156862745097,16.470588235294116,4.183006535947713,5.490196078431373,1394,443,211,126,31.779053084648492,15.136298421807748,9.259284070844997,FALSE,FALSE,8-11,outside the Ring,West Berlin
065C,1048,870,35.05747126436781,15.172413793103448,20,11.724137931034482,8.39080459770115,3.4482758620689653,792,36.994949494949495,19.696969696969695,18.68686868686869,4.292929292929293,5.1767676767676765,1426,483,210,134,33.87096774193548,14.726507713884994,9.752344400076126,FALSE,FALSE,8-11,outside the Ring,West Berlin
065D,1081,792,22.853535353535353,15.025252525252526,13.51010101010101,20.328282828282827,13.383838383838384,3.787878787878788,688,32.70348837209303,19.476744186046513,13.80813953488372,6.686046511627907,8.430232558139535,1602,322,368,147,20.09987515605493,22.971285892634207,9.607935627983027,FALSE,FALSE,8-11,outside the Ring,West Berlin
065E,1078,882,34.467120181405896,17.46031746031746,17.800453514739228,10.54421768707483,9.183673469387756,2.947845804988662,813,35.42435424354244,19.92619926199262,17.343173431734318,4.551045510455104,6.642066420664206,1419,495,162,103,34.883720930232556,11.416490486257928,9.286926457857291,FALSE,FALSE,8-11,outside the Ring,West Berlin
065F,1043,840,31.785714285714285,16.071428571428573,16.30952380952381,13.928571428571429,9.166666666666666,4.285714285714286,766,36.422976501305484,20.10443864229765,15.66579634464752,5.221932114882507,6.266318537859008,1342,436,151,121,32.48882265275708,11.251862891207153,8.929002537327023,FALSE,FALSE,8-11,outside the Ring,West Berlin
065G,1090,811,27.620221948212084,17.13933415536375,14.426633785450061,15.289765721331689,13.810110974106042,4.192355117139334,735,37.414965986394556,21.224489795918366,15.510204081632653,5.034013605442177,6.258503401360544,1584,392,316,233,24.747474747474747,19.949494949494948,8.615714759874903,FALSE,FALSE,8-11,outside the Ring,West Berlin
065H,1016,663,27.300150829562593,15.233785822021115,11.161387631975867,15.535444947209653,17.194570135746606,3.0165912518853695,653,36.14088820826952,20.06125574272588,13.32312404287902,5.206738131699847,8.575803981623277,2018,391,807,175,19.37561942517344,39.990089197224975,8.53240027565364,FALSE,FALSE,8-11,outside the Ring,West Berlin
065J,1059,866,34.41108545034642,16.166281755196305,13.97228637413395,10.623556581986143,14.087759815242494,4.618937644341801,732,39.34426229508197,21.44808743169399,12.431693989071038,6.0109289617486334,7.5136612021857925,1478,466,231,126,31.52909336941813,15.629228687415425,8.47613459622145,FALSE,FALSE,8-11,outside the Ring,West Berlin
065K,922,662,29.758308157099698,16.163141993957705,10.574018126888218,12.235649546827794,17.522658610271904,5.13595166163142,593,43.00168634064081,19.224283305227654,9.106239460370995,5.059021922428331,9.443507588532883,1251,345,148,137,27.577937649880095,11.830535571542766,8.818550370208676,FALSE,FALSE,8-11,outside the Ring,West Berlin
065L,1077,752,28.324468085106382,16.888297872340427,7.3138297872340425,10.904255319148936,22.20744680851064,3.9893617021276597,687,47.161572052401745,20.378457059679768,8.005822416302765,3.784570596797671,8.879184861717613,1536,485,282,158,31.575520833333332,18.359375,9.193925588769202,FALSE,FALSE,8-11,outside the Ring,West Berlin
065M,1081,709,30.324400564174894,13.399153737658674,10.860366713681241,15.232722143864597,16.07898448519041,2.6798307475317347,629,40.69952305246423,17.965023847376788,10.333863275039745,5.405405405405405,9.220985691573928,1565,354,304,201,22.619808306709267,19.424920127795527,9.099187787597772,FALSE,FALSE,8-11,outside the Ring,West Berlin
065N,1035,731,22.43502051983584,16.963064295485637,9.575923392612859,15.868673050615595,19.562243502051984,2.8727770177838576,613,38.499184339314844,17.128874388254488,12.724306688417618,5.057096247960848,11.419249592169658,1651,312,409,184,18.89763779527559,24.772864930345246,8.963264584100044,FALSE,FALSE,8-11,outside the Ring,West Berlin
065P,1082,808,23.514851485148515,15.470297029702971,16.707920792079207,17.07920792079208,15.346534653465346,3.217821782178218,674,37.240356083086056,19.73293768545994,13.501483679525222,5.341246290801187,8.6053412462908,1562,381,290,196,24.39180537772087,18.56594110115237,9.01293625771464,FALSE,FALSE,8-11,outside the Ring,West Berlin
065Q,1069,717,21.338912133891213,14.225941422594142,8.92608089260809,20.92050209205021,18.828451882845187,4.184100418410042,571,32.399299474605954,22.942206654991242,14.010507880910684,5.779334500875657,10.332749562171628,1622,372,350,235,22.934648581997536,21.57829839704069,9.435494339660098,FALSE,FALSE,8-11,outside the Ring,West Berlin
065R,1104,755,17.880794701986755,14.172185430463577,9.933774834437086,19.47019867549669,22.649006622516556,2.6490066225165565,618,38.349514563106794,20.71197411003236,11.812297734627832,5.501618122977346,9.546925566343042,1579,314,286,197,19.886003799873336,18.11272957568081,9.291419770497088,FALSE,FALSE,8-11,outside the Ring,West Berlin
065S,1066,745,17.71812080536913,14.36241610738255,11.140939597315436,24.42953020134228,17.315436241610737,2.684563758389262,549,32.05828779599271,23.13296903460838,14.025500910746812,5.828779599271402,9.836065573770492,1571,297,359,212,18.90515595162317,22.851686823679184,9.571784367610915,FALSE,FALSE,8-11,outside the Ring,West Berlin
065T,1128,785,22.29299363057325,13.503184713375797,11.719745222929935,18.726114649681527,19.10828025477707,3.0573248407643314,583,33.9622641509434,20.41166380789022,12.521440823327616,5.660377358490566,10.4631217838765,1696,391,430,244,23.05424528301887,25.35377358490566,9.701693283091165,FALSE,FALSE,8-11,outside the Ring,West Berlin
065U,1077,731,22.298221614227085,17.09986320109439,6.292749658002736,14.36388508891929,25.3077975376197,3.283173734610123,531,40.301318267419965,22.975517890772128,8.097928436911488,3.9548022598870056,11.67608286252354,1445,498,216,199,34.463667820069205,14.948096885813149,9.55211562530137,FALSE,FALSE,8-11,outside the Ring,West Berlin
065V,1084,744,25.537634408602152,13.172043010752688,9.005376344086022,13.978494623655914,23.521505376344088,4.032258064516129,643,40.1244167962675,19.751166407465007,11.508553654743391,4.821150855365475,10.419906687402799,2061,372,797,260,18.049490538573508,38.670548277535175,9.460166848571724,FALSE,FALSE,8-11,outside the Ring,West Berlin
065W,1004,756,29.232804232804234,14.682539682539682,11.640211640211641,13.359788359788359,16.93121693121693,3.1746031746031744,627,42.10526315789474,19.29824561403509,12.440191387559809,4.146730462519936,9.569377990430622,1425,355,226,189,24.912280701754387,15.859649122807017,10.009205998619663,FALSE,FALSE,8-11,outside the Ring,West Berlin
065X,1036,672,16.964285714285715,14.732142857142858,6.5476190476190474,27.232142857142858,20.535714285714285,2.0833333333333335,491,36.45621181262729,21.384928716904277,9.775967413441956,5.7026476578411405,13.238289205702648,1590,296,313,232,18.61635220125786,19.68553459119497,9.749296356860613,FALSE,FALSE,8-11,outside the Ring,West Berlin
065Y,1029,709,23.2722143864598,13.11706629055007,11.706629055007053,18.899858956276447,19.605077574047954,2.538787023977433,654,37.308868501529055,23.547400611620795,13.302752293577981,3.8226299694189603,9.63302752293578,1382,418,195,109,30.246020260492042,14.10998552821997,10.319908670073334,FALSE,FALSE,8-11,outside the Ring,West Berlin
065Z,948,793,37.3266078184111,16.897856242118536,18.915510718789406,9.331651954602775,9.583858764186633,2.5220680958385877,624,42.467948717948715,21.955128205128204,14.903846153846153,3.2051282051282053,7.051282051282051,1379,337,209,152,24.437998549673676,15.155910079767947,10.475623250501815,FALSE,FALSE,8-11,outside the Ring,West Berlin
065ZA,1076,733,26.60300136425648,15.279672578444748,9.004092769440655,19.645293315143245,16.5075034106412,2.319236016371078,573,35.95113438045375,22.338568935427574,13.089005235602095,6.108202443280978,8.900523560209423,1549,525,290,193,33.89283408650743,18.721755971594575,9.905294430506855,FALSE,FALSE,8-11,outside the Ring,West Berlin
065ZB,920,597,23.785594639865998,13.90284757118928,8.710217755443885,21.943048576214405,17.922948073701843,3.0150753768844223,490,37.95918367346939,21.632653061224488,12.653061224489797,5.714285714285714,7.755102040816326,1286,301,237,159,23.405909797822705,18.42923794712286,9.924615291483608,FALSE,FALSE,8-11,outside the Ring,West Berlin
065ZC,1036,759,17.786561264822133,11.857707509881424,12.648221343873518,24.110671936758894,15.942028985507246,4.3478260869565215,551,36.29764065335753,22.686025408348456,12.159709618874773,5.9891107078039925,7.80399274047187,1566,169,226,202,10.79182630906769,14.431673052362708,10.171276203811773,FALSE,FALSE,8-11,outside the Ring,West Berlin
065ZD,917,776,31.95876288659794,15.721649484536082,15.206185567010309,12.242268041237113,14.948453608247423,3.7371134020618557,665,42.10526315789474,18.94736842105263,16.541353383458645,4.06015037593985,7.067669172932331,1170,261,108,79,22.307692307692307,9.23076923076923,10.53041351442034,FALSE,FALSE,8-11,outside the Ring,West Berlin
065ZE,924,786,36.6412213740458,14.885496183206106,15.521628498727736,11.959287531806616,9.414758269720101,4.580152671755725,704,46.30681818181818,22.15909090909091,13.636363636363637,2.1306818181818183,4.829545454545454,1274,365,147,127,28.649921507064363,11.538461538461538,11.03264134000045,FALSE,FALSE,11-15,outside the Ring,West Berlin
066A,1079,943,31.495227995758217,16.542948038176036,21.951219512195124,11.452810180275716,10.604453870625663,2.4390243902439024,879,31.0580204778157,22.525597269624573,20.25028441410694,5.460750853242321,3.299203640500569,1405,412,121,76,29.323843416370106,8.612099644128113,11.694192430084168,FALSE,FALSE,11-15,outside the Ring,West Berlin
066B,1033,916,24.344978165938866,17.24890829694323,29.366812227074234,15.502183406113538,5.131004366812227,2.2925764192139737,814,29.975429975429975,19.9017199017199,25.061425061425062,6.019656019656019,4.545454545454546,1421,377,135,116,26.53061224489796,9.500351864883884,10.456058113353333,FALSE,FALSE,8-11,outside the Ring,West Berlin
066C,1040,861,28.222996515679444,13.008130081300813,15.911730545876887,17.073170731707318,10.917537746806039,5.458768873403019,791,34.260429835651074,18.20480404551201,16.68773704171934,6.321112515802781,6.700379266750948,1488,203,201,254,13.64247311827957,13.508064516129032,9.583557677364068,FALSE,FALSE,8-11,outside the Ring,West Berlin
066D,1083,821,52.13154689403167,9.378806333739343,7.917174177831912,7.3081607795371495,12.058465286236297,6.33373934226553,818,49.511002444987774,10.146699266503667,11.98044009779951,2.444987775061125,4.156479217603912,1622,526,321,205,32.42909987669544,19.790382244143032,9.044448825383874,FALSE,FALSE,8-11,outside the Ring,West Berlin
066E,1085,940,52.4468085106383,8.829787234042554,15.851063829787234,5.212765957446808,6.382978723404255,5.851063829787234,818,49.266503667481665,11.36919315403423,12.71393643031785,2.078239608801956,4.034229828850855,1527,449,203,136,29.404060248853963,13.29404060248854,9.151571636499952,FALSE,FALSE,8-11,outside the Ring,West Berlin
066F,1045,854,51.87353629976581,10.187353629976581,9.36768149882904,5.386416861826698,10.53864168618267,6.674473067915691,802,48.12967581047381,11.346633416458852,12.967581047381547,1.9950124688279303,5.361596009975062,1474,498,259,159,33.78561736770692,17.57123473541384,8.242583098343298,FALSE,FALSE,8-11,outside the Ring,West Berlin
066G,1132,982,46.33401221995927,12.932790224032587,17.311608961303463,9.266802443991853,4.480651731160896,5.7026476578411405,878,43.8496583143508,13.78132118451025,16.514806378132118,3.530751708428246,3.7585421412300684,1491,401,202,183,26.894701542588866,13.547954393024815,8.720985230793316,FALSE,FALSE,8-11,outside the Ring,West Berlin
066H,1088,925,34.16216216216216,13.405405405405405,21.513513513513512,11.135135135135135,7.243243243243243,4.972972972972973,847,39.55135773317591,15.702479338842975,17.82762691853601,5.312868949232586,3.6599763872491144,1428,400,145,115,28.011204481792717,10.15406162464986,9.778488104571712,FALSE,FALSE,8-11,outside the Ring,West Berlin
066J,1054,841,41.37931034482759,12.485136741973841,15.101070154577883,9.63139120095125,8.323424494649228,5.231866825208086,760,43.421052631578945,15.789473684210526,15.789473684210526,3.4210526315789473,3.5526315789473686,1724,348,510,217,20.185614849187935,29.582366589327147,9.991700071826264,FALSE,FALSE,8-11,outside the Ring,West Berlin
066K,1066,860,31.976744186046513,11.046511627906977,13.953488372093023,13.720930232558139,13.13953488372093,5,757,42.40422721268164,16.512549537648614,14.663143989431969,4.227212681638045,5.019815059445178,1574,262,253,223,16.645489199491742,16.07369758576874,10.18676999707357,FALSE,FALSE,8-11,outside the Ring,West Berlin
066L,1077,878,28.246013667425967,14.920273348519363,17.995444191343964,18.678815489749432,7.6309794988610475,5.125284738041002,821,30.20706455542022,20.584652862362972,25.94397076735688,6.211936662606577,4.6285018270401945,1488,328,188,201,22.043010752688172,12.634408602150538,10.642693201354797,FALSE,FALSE,8-11,outside the Ring,West Berlin
066M,1071,889,24.184476940382453,18.785151856017997,26.88413948256468,12.4859392575928,8.098987626546682,3.374578177727784,781,29.06530089628681,21.895006402048654,23.047375160051217,6.786171574903969,5.505761843790013,1348,445,125,106,33.01186943620178,9.27299703264095,11.52965784078873,FALSE,FALSE,11-15,outside the Ring,West Berlin
066N,1071,851,18.44888366627497,18.213866039952997,15.511163337250293,20.9165687426557,14.218566392479437,2.8202115158636896,771,28.404669260700388,21.40077821011673,23.735408560311285,7.003891050583658,5.966277561608301,1363,383,207,112,28.0997798972854,15.187087307410124,11.403998979405126,FALSE,FALSE,11-15,outside the Ring,West Berlin
066P,1050,877,27.936145952109463,14.253135689851767,19.954389965792473,15.051311288483467,11.630558722919043,4.903078677309008,772,31.865284974093264,18.39378238341969,21.632124352331605,5.699481865284974,5.699481865284974,1335,384,133,117,28.764044943820224,9.962546816479401,11.989575434278045,FALSE,FALSE,11-15,outside the Ring,West Berlin
066Q,1021,879,29.465301478953357,14.675767918088738,26.962457337883958,12.514220705346986,5.915813424345847,3.868031854379977,753,30.1460823373174,20.0531208499336,24.302788844621514,5.9760956175298805,4.51527224435591,1300,375,87,57,28.846153846153847,6.6923076923076925,11.350190862174113,FALSE,FALSE,11-15,outside the Ring,West Berlin
066R,1062,906,30.242825607064017,16.335540838852097,21.96467991169978,12.362030905077262,9.161147902869757,2.6490066225165565,840,29.404761904761905,20.238095238095237,28.69047619047619,5.833333333333333,3.2142857142857144,1345,389,100,125,28.92193308550186,7.434944237918216,10.973840678290216,FALSE,FALSE,8-11,outside the Ring,West Berlin
066S,1022,840,48.095238095238095,12.261904761904763,13.928571428571429,10.833333333333334,6.904761904761905,4.285714285714286,746,38.47184986595174,17.158176943699733,21.58176943699732,4.1554959785522785,3.8873994638069704,1437,497,238,135,34.585942936673625,16.562282533054976,10.941788102325383,FALSE,FALSE,8-11,outside the Ring,West Berlin
066T,1078,952,48.109243697478995,11.134453781512605,14.915966386554622,9.34873949579832,6.932773109243698,3.991596638655462,838,36.9928400954654,17.899761336515514,19.809069212410503,5.727923627684964,4.05727923627685,1578,399,272,140,25.285171102661597,17.23700887198986,10.515355627483967,FALSE,FALSE,8-11,outside the Ring,West Berlin
066U,1034,890,34.26966292134831,15.730337078651685,23.707865168539325,10.898876404494382,6.067415730337078,4.269662921348314,737,33.37856173677069,24.559023066485754,18.99592944369064,6.377204884667571,4.477611940298507,1454,352,175,157,24.20907840440165,12.03576341127923,10.98321118783891,FALSE,FALSE,8-11,outside the Ring,West Berlin
066V,1076,827,42.07980652962515,16.807738814993954,10.64087061668682,12.333736396614269,8.585247883917775,2.176541717049577,752,42.287234042553195,22.606382978723403,13.164893617021276,4.654255319148936,4.5212765957446805,1384,699,230,110,50.505780346820806,16.61849710982659,11.436587021020312,FALSE,FALSE,11-15,outside the Ring,West Berlin
066W,1080,946,34.143763213530654,17.12473572938689,19.556025369978858,10.676532769556026,8.13953488372093,2.959830866807611,784,36.734693877551024,20.535714285714285,19.132653061224488,4.974489795918367,4.846938775510204,1576,490,305,116,31.091370558375633,19.35279187817259,11.686626645725466,FALSE,FALSE,11-15,outside the Ring,West Berlin
066X,1066,904,29.0929203539823,16.924778761061948,19.358407079646017,15.376106194690266,6.969026548672566,3.8716814159292037,771,31.64721141374838,19.974059662775616,19.974059662775616,6.744487678339818,5.836575875486381,1427,431,225,116,30.203223545900492,15.767344078486335,12.222848643608195,FALSE,FALSE,11-15,outside the Ring,West Berlin
066Y,1096,838,27.804295942720763,16.46778042959427,17.541766109785204,15.513126491646778,9.307875894988067,4.05727923627685,729,35.25377229080933,20.027434842249658,20.987654320987655,5.349794238683128,5.486968449931413,1779,403,428,181,22.65317594154019,24.058459808881395,12.005884190637305,FALSE,FALSE,11-15,outside the Ring,West Berlin
066Z,1055,808,24.876237623762375,15.470297029702971,17.698019801980198,20.915841584158414,9.900990099009901,3.589108910891089,703,33.428165007112376,21.906116642958747,21.337126600284495,5.974395448079658,5.405405405405405,1431,416,271,140,29.07058001397624,18.93780573025856,11.586113613251655,FALSE,FALSE,11-15,outside the Ring,West Berlin
066ZA,1091,863,25.492468134414832,16.801853997682503,16.33835457705678,17.033603707995365,9.385863267670915,3.8238702201622248,706,32.436260623229465,21.813031161473088,19.546742209631727,7.223796033994335,5.807365439093484,1485,440,186,203,29.62962962962963,12.525252525252526,10.845057417381657,FALSE,FALSE,8-11,outside the Ring,West Berlin
066ZB,1096,833,18.967587034813924,15.366146458583433,19.687875150060023,20.28811524609844,12.845138055222089,4.441776710684274,695,35.539568345323744,21.007194244604317,18.992805755395683,6.330935251798561,6.618705035971223,1519,344,329,181,22.646477946017118,21.658986175115206,11.24760862902213,FALSE,FALSE,11-15,outside the Ring,West Berlin
066ZC,1094,890,33.146067415730336,13.370786516853933,15.50561797752809,13.03370786516854,11.573033707865168,5.056179775280899,753,37.98140770252324,18.326693227091635,15.936254980079681,5.9760956175298805,7.702523240371846,1639,371,272,228,22.63575350823673,16.59548505186089,11.46129385328386,FALSE,FALSE,11-15,outside the Ring,West Berlin
066ZD,1088,868,23.502304147465438,15.09216589861751,16.474654377880185,17.62672811059908,12.557603686635945,2.6497695852534564,779,35.81514762516046,22.464698331193837,16.68806161745828,6.93196405648267,4.364569961489089,1454,311,188,142,21.38927097661623,12.929848693259972,11.59267055314603,FALSE,FALSE,11-15,outside the Ring,West Berlin
066ZE,1080,892,30.94170403587444,17.376681614349774,20.067264573991032,12.219730941704036,9.192825112107624,4.0358744394618835,746,35.79088471849866,21.447721179624665,19.43699731903485,6.3002680965147455,4.959785522788204,1381,485,158,147,35.11947863866763,11.440984793627806,11.9415786912698,FALSE,FALSE,11-15,outside the Ring,West Berlin
066ZF,1078,825,33.81818181818182,13.090909090909092,15.757575757575758,14.787878787878787,11.757575757575758,3.393939393939394,738,38.75338753387534,19.647696476964768,17.344173441734416,6.368563685636857,4.742547425474255,1618,378,395,188,23.362175525339925,24.412855377008654,12.785692496550965,FALSE,FALSE,11-15,outside the Ring,West Berlin
067A,1073,870,37.81609195402299,12.298850574712644,17.126436781609197,8.160919540229886,13.10344827586207,6.091954022988506,828,37.43961352657005,17.14975845410628,16.183574879227052,4.2270531400966185,5.555555555555555,1412,431,153,82,30.524079320113316,10.835694050991501,20.604110827463845,FALSE,FALSE,15+,outside the Ring,West Berlin
067B,1106,934,38.22269807280514,12.312633832976445,18.30835117773019,11.777301927194861,9.314775160599572,4.17558886509636,854,37.704918032786885,17.681498829039814,17.096018735362996,4.8009367681498825,3.981264637002342,1473,451,143,107,30.617786829599456,9.708078750848609,19.694728147440703,FALSE,FALSE,15+,outside the Ring,West Berlin
067C,1107,938,41.57782515991471,12.153518123667377,16.417910447761194,8.422174840085288,8.315565031982942,6.823027718550106,859,43.189755529685684,15.133876600698487,15.715948777648428,3.1431897555296855,4.074505238649593,1503,441,169,94,29.34131736526946,11.244178310046573,19.529131571703395,FALSE,FALSE,15+,outside the Ring,West Berlin
067D,1070,875,42.51428571428571,10.4,14.285714285714286,9.714285714285714,10.057142857142857,5.371428571428571,804,40.17412935323383,16.417910447761194,15.796019900497512,3.3582089552238807,6.343283582089552,1475,449,202,123,30.440677966101696,13.694915254237289,18.63471454632092,FALSE,FALSE,15+,outside the Ring,West Berlin
067E,1103,885,42.824858757062145,12.542372881355933,15.254237288135593,7.570621468926554,9.717514124293785,5.988700564971752,833,41.896758703481396,16.80672268907563,13.68547418967587,2.881152460984394,4.801920768307323,1432,561,154,119,39.175977653631286,10.754189944134078,18.34582069812514,FALSE,FALSE,15+,outside the Ring,West Berlin
067F,1291,1014,41.71597633136095,13.017751479289942,15.483234714003945,6.70611439842209,10.848126232741617,6.903353057199211,914,38.840262582056894,15.317286652078774,17.72428884026258,3.2822757111597376,5.689277899343545,1977,460,478,130,23.26757713707638,24.17804754678806,18.14984373455796,FALSE,FALSE,15+,outside the Ring,West Berlin
067G,1100,865,34.91329479768786,14.104046242774567,17.45664739884393,11.907514450867051,10.289017341040463,6.011560693641618,774,31.782945736434108,19.37984496124031,20.025839793281655,4.263565891472868,5.813953488372093,1581,441,275,134,27.893738140417458,17.39405439595193,16.9502318393344,FALSE,FALSE,15+,outside the Ring,West Berlin
067H,1042,788,31.598984771573605,14.34010152284264,18.527918781725887,13.705583756345177,10.532994923857869,6.218274111675127,792,38.005050505050505,16.035353535353536,18.30808080808081,3.5353535353535355,6.313131313131313,1878,442,651,138,23.535676251331203,34.66453674121406,14.359623680936336,FALSE,FALSE,11-15,outside the Ring,West Berlin
067J,1098,937,45.46424759871932,13.660618996798293,17.075773745997864,7.150480256136606,6.189967982924227,5.976520811099253,849,40.753828032979975,16.13663133097762,18.138987043580684,3.415783274440518,4.946996466431095,1412,437,124,118,30.94900849858357,8.78186968838527,14.210750600654283,FALSE,FALSE,11-15,outside the Ring,West Berlin
067K,1087,928,43.42672413793103,10.560344827586206,20.25862068965517,7.974137931034483,8.72844827586207,3.9870689655172415,830,38.674698795180724,17.46987951807229,19.27710843373494,3.1325301204819276,2.7710843373493974,1445,508,155,89,35.155709342560556,10.726643598615917,13.269906426459137,FALSE,FALSE,11-15,outside the Ring,West Berlin
067L,1122,964,40.66390041493776,13.589211618257261,18.672199170124482,9.12863070539419,6.639004149377594,5.29045643153527,832,37.13942307692308,18.26923076923077,19.23076923076923,3.2451923076923075,3.2451923076923075,1459,475,156,106,32.55654557916381,10.692254969156958,12.834665674992992,FALSE,FALSE,11-15,outside the Ring,West Berlin
067M,1049,890,42.13483146067416,13.258426966292134,17.078651685393258,8.98876404494382,7.303370786516854,4.719101123595506,809,37.08281829419036,19.283065512978986,19.530284301606923,3.584672435105068,3.708281829419036,1338,455,159,85,34.005979073243644,11.883408071748878,12.80943212503544,FALSE,FALSE,11-15,outside the Ring,West Berlin
067N,1039,903,43.18936877076412,12.624584717607974,16.943521594684384,9.080841638981173,7.530454042081949,4.540420819490587,761,38.76478318002628,19.185282522996058,19.44809461235217,3.2851511169513796,2.4967148488830486,1426,400,166,129,28.050490883590463,11.640953716690042,13.46816039912377,FALSE,FALSE,11-15,outside the Ring,West Berlin
067P,1058,906,40.397350993377486,15.45253863134658,16.777041942604857,9.050772626931566,6.843267108167771,5.298013245033113,806,41.811414392059554,16.74937965260546,19.106699751861044,3.4739454094292803,3.970223325062035,1401,505,147,124,36.04568165596003,10.492505353319057,13.92972167927837,FALSE,FALSE,11-15,outside the Ring,West Berlin
067Q,1054,853,33.05978898007034,17.35052754982415,16.764361078546308,11.254396248534583,9.261430246189917,4.103165298944901,795,36.9811320754717,20.754716981132077,18.742138364779873,4.150943396226415,4.276729559748428,1373,474,139,126,34.52294246176256,10.1238164603059,14.177802090492715,FALSE,FALSE,11-15,outside the Ring,West Berlin
067R,1075,919,34.71164309031556,12.404787812840043,21.436343852013056,11.534276387377584,9.57562568008705,4.787812840043525,780,37.17948717948718,17.94871794871795,20.384615384615383,5,5.641025641025641,1447,365,147,80,25.224602626123012,10.158949550794748,14.17747602071531,FALSE,FALSE,11-15,outside the Ring,West Berlin
067S,1106,971,47.476828012358396,12.049433573635428,15.242018537590113,7.72399588053553,7.003089598352214,5.76725025746653,832,42.78846153846154,17.78846153846154,17.307692307692307,3.485576923076923,4.086538461538462,1486,480,149,107,32.30148048452221,10.026917900403769,14.962812706095246,FALSE,FALSE,11-15,outside the Ring,West Berlin
067T,1099,948,42.61603375527426,14.029535864978904,18.565400843881857,8.333333333333334,6.6455696202531644,6.118143459915612,821,42.50913520097442,18.148599269183922,17.295980511571255,3.7758830694275276,4.263093788063338,1400,447,157,113,31.928571428571427,11.214285714285714,15.151960245807022,FALSE,FALSE,15+,outside the Ring,West Berlin
067U,1083,878,37.01594533029613,14.464692482915718,16.74259681093394,11.958997722095672,10.478359908883826,5.466970387243736,788,38.70558375634518,20.17766497461929,18.02030456852792,4.314720812182741,4.441624365482234,1445,500,174,94,34.602076124567475,12.04152249134948,15.78454452494266,FALSE,FALSE,15+,outside the Ring,West Berlin
067V,945,788,35.40609137055838,15.355329949238579,15.48223350253807,9.390862944162437,13.451776649746193,5.710659898477157,727,39.20220082530949,20.77028885832187,14.718019257221458,4.126547455295736,5.914718019257221,1265,380,137,105,30.039525691699605,10.8300395256917,16.013887556765766,FALSE,FALSE,15+,outside the Ring,West Berlin
067W,911,777,28.571428571428573,19.305019305019304,19.948519948519948,13.513513513513514,7.850707850707851,3.98970398970399,708,32.76836158192091,21.89265536723164,22.175141242937855,5.367231638418079,4.237288135593221,1250,403,131,131,32.24,10.48,15.294288395334046,FALSE,FALSE,15+,outside the Ring,West Berlin
067X,885,731,25.58139534883721,15.45827633378933,22.024623803009575,17.510259917920656,9.30232558139535,3.009575923392613,683,30.74670571010249,21.961932650073205,23.133235724743777,6.295754026354319,5.270863836017569,1826,324,774,108,17.743702081051477,42.38773274917853,14.597034090863561,FALSE,FALSE,11-15,outside the Ring,West Berlin
067Y,971,802,25.06234413965087,18.82793017456359,15.46134663341646,16.084788029925186,10.723192019950124,4.738154613466334,724,37.569060773480665,19.88950276243094,18.370165745856355,5.386740331491713,5.386740331491713,1343,316,129,128,23.529411764705884,9.60536113179449,14.172598565030041,FALSE,FALSE,11-15,outside the Ring,West Berlin
067Z,1084,894,37.24832214765101,13.534675615212528,18.008948545861298,10.29082774049217,9.731543624161073,5.257270693512305,799,43.67959949937422,20.150187734668336,14.768460575719649,3.0037546933667083,4.881101376720901,1663,440,387,107,26.458208057727,23.271196632591703,13.72246673286025,FALSE,FALSE,11-15,outside the Ring,West Berlin
067ZA,1093,899,27.808676307007786,15.572858731924361,19.799777530589544,15.46162402669633,9.010011123470523,4.226918798665183,833,32.89315726290516,20.408163265306122,23.169267707082835,5.882352941176471,4.6818727490996395,1541,371,235,158,24.075275794938353,15.249837767683323,12.614382184777543,FALSE,FALSE,11-15,outside the Ring,West Berlin
067ZB,1158,995,24.020100502512562,15.979899497487438,22.412060301507537,16.582914572864322,9.14572864321608,4.0201005025125625,907,29.878721058434397,22.160970231532524,21.940463065049613,7.166482910694597,4.961411245865491,1493,419,144,110,28.064300066979236,9.645010046885465,13.237669976650523,FALSE,FALSE,11-15,outside the Ring,West Berlin
067ZC,1048,826,30.508474576271187,19.612590799031477,10.048426150121065,12.832929782082324,13.680387409200968,4.600484261501211,738,38.888888888888886,23.441734417344172,14.227642276422765,3.658536585365854,8.265582655826558,1474,438,193,138,29.71506105834464,13.093622795115332,13.71957761549789,FALSE,FALSE,11-15,outside the Ring,West Berlin
067ZD,1072,882,35.034013605442176,13.605442176870747,16.55328798185941,9.183673469387756,14.625850340136054,4.761904761904762,805,45.590062111801245,19.25465838509317,14.906832298136646,3.1055900621118013,4.596273291925466,1398,514,163,116,36.76680972818312,11.659513590844062,14.136119314044418,FALSE,FALSE,11-15,outside the Ring,West Berlin
071A,2152,1363,25.898752751283933,13.206162876008804,14.966984592809977,18.855465884079237,12.839325018341892,3.521643433602348,1250,30.16,20.72,19.52,7.52,5.52,3644,963,1248,787,26.42700329308452,34.24807903402854,2.8484999499743275,TRUE,FALSE,2-4,inside the Ring,West Berlin
071B,1761,1219,17.63740771123872,13.945857260049221,16.406890894175554,30.434782608695652,8.777686628383922,1.9688269073010665,1030,25.145631067961165,18.737864077669904,24.660194174757283,10.194174757281553,4.951456310679611,3589,608,1519,600,16.940651992198383,42.32376706603511,2.5769543032980655,TRUE,FALSE,2-4,inside the Ring,West Berlin
071C,1869,1464,17.281420765027324,13.251366120218579,26.84426229508197,27.595628415300546,6.215846994535519,2.1174863387978142,1200,19.416666666666668,18.75,32.166666666666664,12.416666666666666,4,2998,609,904,402,20.313542361574385,30.153435623749168,2.757264946305528,TRUE,FALSE,2-4,inside the Ring,West Berlin
071D,2138,1522,16.36005256241787,11.892247043363994,17.017082785808146,31.471747700394218,9.264126149802891,2.9566360052562417,1088,19.301470588235293,20.404411764705884,26.470588235294116,13.511029411764707,5.790441176470588,3945,733,1496,704,18.580481622306717,37.9214195183777,2.3631005477844855,TRUE,FALSE,2-4,inside the Ring,West Berlin
071E,1152,780,10.64102564102564,9.487179487179487,16.923076923076923,44.35897435897436,6.794871794871795,1.5384615384615385,579,18.65284974093264,19.86183074265976,27.63385146804836,14.507772020725389,5.699481865284974,2545,368,1199,458,14.459724950884086,47.11198428290766,2.3201907708208522,TRUE,FALSE,2-4,inside the Ring,West Berlin
071F,1105,760,9.473684210526315,14.078947368421053,15,40.526315789473685,7.5,2.8947368421052633,588,17.857142857142858,16.3265306122449,30.272108843537413,18.197278911564627,4.081632653061225,1889,372,604,470,19.692959237691902,31.974589730015882,2.2442305642782765,TRUE,FALSE,2-4,inside the Ring,West Berlin
071G,1193,848,6.485849056603773,11.43867924528302,19.221698113207548,43.632075471698116,8.962264150943396,2.0047169811320753,623,17.656500802568218,16.53290529695024,33.22632423756019,18.298555377207062,3.2102728731942216,2352,391,945,432,16.624149659863946,40.17857142857143,2.5292411664871532,TRUE,FALSE,2-4,inside the Ring,West Berlin
071H,2079,1501,13.457694870086609,11.925383077948034,20.1199200532978,36.8421052631579,5.396402398401066,1.9986675549633577,1256,17.197452229299362,18.471337579617835,35.6687898089172,14.012738853503185,3.1847133757961785,4080,563,1565,738,13.799019607843137,38.3578431372549,2.83780366292416,TRUE,FALSE,2-4,inside the Ring,West Berlin
071J,1970,1597,15.654351909830932,16.40576080150282,26.236693800876644,26.54978083907326,6.136505948653726,1.6906700062617408,1244,18.890675241157556,19.694533762057876,33.27974276527331,11.816720257234726,3.697749196141479,2818,698,609,345,24.76933995741661,21.611071682044003,2.9608186633672138,TRUE,FALSE,2-4,inside the Ring,West Berlin
071K,2064,1556,24.74293059125964,14.781491002570695,17.673521850899743,23.26478149100257,8.033419023136247,3.4704370179948585,1268,27.129337539432175,18.690851735015773,26.735015772870664,9.46372239747634,4.574132492113565,3327,749,1025,472,22.51277427111512,30.80853621881575,3.153515285343951,TRUE,FALSE,2-4,inside the Ring,West Berlin
071L,2083,1732,25.69284064665127,14.665127020785219,23.787528868360276,19.05311778290993,6.351039260969977,3.5219399538106235,1305,31.57088122605364,20.306513409961685,23.831417624521073,7.662835249042145,4.367816091954023,3128,827,735,428,26.438618925831204,23.497442455242968,3.327656626835387,TRUE,FALSE,2-4,inside the Ring,West Berlin
071M,1951,1514,19.616908850726553,14.597093791281374,18.626155878467635,25.82562747688243,9.511228533685602,2.774108322324967,1253,27.214684756584198,21.22905027932961,26.177174780526737,10.05586592178771,4.868316041500399,2888,654,691,473,22.645429362880886,23.926592797783933,3.5418388952149393,TRUE,FALSE,2-4,inside the Ring,West Berlin
071N,2119,1736,20.56451612903226,14.400921658986174,23.963133640552996,23.67511520737327,7.258064516129032,3.3410138248847927,1446,24.20470262793914,20.33195020746888,30.08298755186722,9.266943291839558,4.287690179806362,3075,696,704,410,22.634146341463413,22.89430894308943,3.871370217456681,TRUE,FALSE,2-4,inside the Ring,West Berlin
071P,2108,1622,18.49568434032059,15.536374845869297,20.776818742293464,25.832305795314426,8.692971639950677,2.5893958076448826,1310,21.755725190839694,21.14503816793893,29.236641221374047,11.755725190839694,4.809160305343512,3421,662,1075,409,19.35106693949138,31.423560362467114,3.5245292061109468,TRUE,FALSE,2-4,inside the Ring,West Berlin
071Q,2139,1778,16.87289088863892,12.204724409448819,27.277840269966255,28.515185601799775,4.949381327334083,2.3059617547806526,1505,19.20265780730897,19.40199335548173,34.883720930232556,10.96345514950166,3.255813953488372,3270,610,802,359,18.654434250764528,24.525993883792047,3.155887262009788,TRUE,FALSE,2-4,inside the Ring,West Berlin
071R,2053,1745,16.67621776504298,16.50429799426934,27.163323782234958,27.335243553008596,3.839541547277937,1.66189111747851,1434,15.13249651324965,19.246861924686193,40.65550906555091,13.807531380753138,2.789400278940028,2952,601,545,325,20.35907859078591,18.462059620596207,3.379205324008298,TRUE,FALSE,2-4,inside the Ring,West Berlin
071S,1858,1502,11.984021304926765,12.51664447403462,28.162450066577897,33.82157123834887,3.8615179760319576,1.7976031957390146,1196,14.046822742474916,18.22742474916388,40.38461538461539,14.882943143812708,2.759197324414716,2846,476,663,383,16.725228390723824,23.295853829936753,3.2493421438138577,TRUE,FALSE,2-4,inside the Ring,West Berlin
071T,1097,795,9.559748427672956,8.427672955974844,20.754716981132077,45.911949685534594,5.660377358490566,1.7610062893081762,619,15.508885298869144,16.478190630048466,38.2875605815832,17.932148626817447,2.7463651050080777,2076,298,788,361,14.354527938342967,37.957610789980734,2.807462518745018,TRUE,FALSE,2-4,inside the Ring,West Berlin
071U,2143,1647,8.500303582270796,11.475409836065573,26.836672738312082,38.797814207650276,3.6429872495446265,1.639344262295082,1261,13.79857256145916,17.287866772402854,37.82712133227597,18.636003172085648,2.379064234734338,3569,489,1017,578,13.701316895488933,28.495376856262258,2.8508278690138136,TRUE,FALSE,2-4,inside the Ring,West Berlin
072A,1099,899,23.5817575083426,15.350389321468299,24.137931034482758,22.1357063403782,6.117908787541713,2.447163515016685,798,25.18796992481203,20.67669172932331,24.68671679197995,9.774436090225564,4.511278195488722,1546,369,254,185,23.86804657179819,16.429495472186286,4.190024273633634,TRUE,FALSE,4-6,inside the Ring,West Berlin
072B,1144,900,19.88888888888889,14.11111111111111,21.77777777777778,24.555555555555557,9.555555555555555,1.2222222222222223,752,24.867021276595743,20.74468085106383,24.46808510638298,10.106382978723405,4.920212765957447,1568,432,297,185,27.551020408163264,18.941326530612244,4.418789093195191,TRUE,FALSE,4-6,inside the Ring,West Berlin
072C,2122,1720,18.6046511627907,15.63953488372093,24.476744186046513,24.24418604651163,7.674418604651163,2.3255813953488373,1486,23.149394347240914,20.861372812920592,29.138627187079408,11.305518169582772,3.970390309555855,2956,644,529,361,21.786197564276048,17.895805142083898,4.071857064115833,TRUE,FALSE,4-6,inside the Ring,West Berlin
072D,1772,1536,14.583333333333334,16.40625,31.0546875,26.7578125,3.515625,1.4322916666666667,1346,15.898959881129272,18.350668647845467,38.335809806835066,12.035661218424963,2.600297176820208,2414,498,387,244,20.629660314830158,16.031483015741507,3.699809590231641,TRUE,FALSE,2-4,inside the Ring,West Berlin
072E,2020,1489,14.573539288112828,15.648085963734049,26.863666890530556,29.482874412357287,4.3653458697112155,1.6789791806581598,1282,17.004680187207487,19.50078003120125,35.413416536661465,12.558502340093604,2.574102964118565,3169,583,832,424,18.396970653202903,26.254338908172926,4.048731958803915,TRUE,FALSE,4-6,inside the Ring,West Berlin
072F,1917,1510,20.066225165562916,14.304635761589404,22.251655629139073,25.033112582781456,8.013245033112582,2.7152317880794703,1248,23.637820512820515,20.352564102564102,27.483974358974358,10.817307692307692,3.766025641025641,3547,689,1269,478,19.42486608401466,35.7767127149704,4.613965613328225,TRUE,FALSE,4-6,inside the Ring,West Berlin
072G,1906,1464,11.748633879781421,12.363387978142077,23.08743169398907,36.54371584699454,5.601092896174864,2.2540983606557377,1225,15.918367346938776,18.448979591836736,35.265306122448976,13.387755102040817,3.4285714285714284,3089,376,803,463,12.17222402071868,25.995467788928455,4.568392788981931,TRUE,FALSE,4-6,inside the Ring,West Berlin
072H,1131,707,9.900990099009901,13.861386138613861,11.598302687411598,41.15983026874116,10.325318246110326,2.4045261669024045,588,15.136054421768707,20.238095238095237,31.802721088435373,13.605442176870747,4.761904761904762,2125,367,745,376,17.270588235294117,35.05882352941177,4.179135943031646,TRUE,FALSE,4-6,inside the Ring,West Berlin
072J,1173,902,9.312638580931264,10.975609756097562,21.61862527716186,43.569844789356985,6.541019955654102,1.7738359201773837,613,13.866231647634583,18.270799347471453,34.58401305057096,16.150081566068515,4.567699836867863,1893,228,488,291,12.044374009508717,25.77918647649234,3.9547358470100082,TRUE,FALSE,2-4,inside the Ring,West Berlin
072K,1885,1422,11.251758087201125,12.79887482419128,25.386779184247537,36.990154711673696,4.571026722925457,1.2658227848101267,1203,14.2975893599335,18.952618453865338,37.1571072319202,14.630091438071489,2.1612635078969245,3214,405,923,489,12.601120099564406,28.718108276291225,3.723396358513696,TRUE,FALSE,2-4,inside the Ring,West Berlin
072L,1140,909,7.81078107810781,13.861386138613861,31.133113311331133,36.08360836083608,4.070407040704071,0.5500550055005501,727,11.554332874828061,18.019257221458048,39.61485557083906,16.23108665749656,2.4759284731774414,1793,334,477,251,18.627997769102063,26.60345789180145,3.3770488467551645,TRUE,FALSE,2-4,inside the Ring,West Berlin
072M,2011,1667,8.398320335932814,12.837432513497301,26.634673065386924,38.692261547690464,4.019196160767846,1.799640071985603,1362,10.646108663729809,17.694566813509546,42.51101321585903,15.565345080763583,2.276064610866373,3024,505,714,392,16.69973544973545,23.61111111111111,3.09379882110788,TRUE,FALSE,2-4,inside the Ring,West Berlin
072N,1913,1559,10.198845413726747,12.700449005772931,27.902501603592047,35.53559974342527,4.425914047466325,1.667735728030789,1257,11.774065234685759,17.740652346857598,41.44789180588703,15.194908512330947,2.6252983293556085,3015,430,690,395,14.262023217247098,22.885572139303484,3.367172720506517,TRUE,FALSE,2-4,inside the Ring,West Berlin
072P,2122,1443,15.384615384615385,14.8995148995149,14.483714483714484,27.78932778932779,13.652113652113652,1.9404019404019404,1189,28.595458368376786,23.04457527333894,16.400336417157273,10.933557611438184,7.653490328006728,3029,592,571,466,19.544404093760317,18.851105975569496,3.7347226553735298,TRUE,FALSE,2-4,inside the Ring,West Berlin
072Q,1123,766,16.57963446475196,13.70757180156658,18.01566579634465,29.373368146214098,12.27154046997389,1.6971279373368147,623,21.508828250401283,21.187800963081862,25.682182985553773,10.112359550561798,7.544141252006421,1799,329,424,351,18.28793774319066,23.568649249583103,4.245121899782929,TRUE,FALSE,4-6,inside the Ring,West Berlin
072R,1948,1553,7.920154539600773,14.037347070186735,25.692208628461042,36.12363168061816,5.602060528010303,2.1249195106245975,1266,12.954186413902054,17.140600315955766,40.758293838862556,15.323854660347552,3.5545023696682465,3289,266,953,407,8.08756460930374,28.975372453633323,4.33297432752504,TRUE,FALSE,4-6,inside the Ring,West Berlin
072S,2052,1702,9.341950646298473,13.043478260869565,28.025851938895418,35.370152761457106,4.054054054054054,1.7038777908343126,1343,12.583767684288905,18.391660461653014,41.102010424422936,14.445271779597915,3.1273268801191363,3106,456,672,378,14.68126207340631,21.635544108177722,3.7500931534350146,TRUE,FALSE,2-4,inside the Ring,West Berlin
072T,1917,1586,10.21437578814628,12.862547288776797,31.46279949558638,32.40857503152585,4.476670870113493,1.1349306431273645,1305,12.10727969348659,18.9272030651341,40.91954022988506,15.78544061302682,2.528735632183908,2849,381,618,318,13.373113373113373,21.69182169182169,3.9813122130060767,TRUE,FALSE,2-4,inside the Ring,West Berlin
072U,1450,953,12.277019937040924,12.17208814270724,19.412381951731376,37.250786988457506,7.555089192025184,2.8331584470094437,735,18.367346938775512,18.91156462585034,34.285714285714285,15.374149659863946,3.945578231292517,2625,350,804,500,13.333333333333334,30.62857142857143,4.874318584808985,FALSE,FALSE,4-6,outside the Ring,West Berlin
072V,1731,1327,13.564431047475509,14.242652599849285,19.593067068575735,35.19216277317257,8.81688018085908,0.9796533534287868,1026,19.005847953216374,19.68810916179337,30.116959064327485,15.399610136452242,4.385964912280702,2852,476,878,416,16.690042075736326,30.785413744740534,4.8672702936503685,FALSE,FALSE,4-6,outside the Ring,West Berlin
073A,2121,1808,18.58407079646018,16.648230088495577,27.26769911504425,22.56637168141593,5.6415929203539825,2.599557522123894,1594,21.141781681304895,21.204516938519447,31.11668757841907,10.53952321204517,2.948557089084065,2872,594,433,303,20.682451253481894,15.076601671309191,5.847090957864672,FALSE,FALSE,4-6,outside the Ring,West Berlin
073B,1099,952,17.016806722689076,18.172268907563026,27.415966386554622,22.373949579831933,5.567226890756302,1.995798319327731,810,20.123456790123456,20.493827160493826,32.592592592592595,9.753086419753087,2.8395061728395063,1531,391,236,155,25.538863487916394,15.414761593729589,5.803615997422849,FALSE,FALSE,4-6,outside the Ring,West Berlin
073C,2053,1733,20.023081361800347,16.61858049624928,25.67801500288517,21.92729371032891,6.405077899596076,2.538949798038084,1491,21.99865861837693,22.26693494299128,31.857813547954393,8.115358819584172,3.2193158953722336,2816,638,416,308,22.65625,14.772727272727273,5.528022188234865,FALSE,FALSE,4-6,outside the Ring,West Berlin
073D,2229,1762,17.877412031782065,15.550510783200908,26.4472190692395,24.74460839954597,4.824063564131668,2.8944381384790012,1447,21.078092605390463,21.976503109882515,31.582584657912925,10.158949550794748,2.4187975120939877,3964,530,1320,507,13.370332996972754,33.29969727547931,5.143461284060962,FALSE,FALSE,4-6,outside the Ring,West Berlin
073E,1048,867,18.915801614763552,15.340253748558247,28.027681660899653,20.991926182237602,7.151095732410611,1.6147635524798154,788,23.223350253807105,20.939086294416242,32.10659898477157,7.106598984771574,4.822335025380711,1488,332,223,177,22.311827956989248,14.986559139784946,5.352319877531376,FALSE,FALSE,4-6,outside the Ring,West Berlin
073F,1108,928,17.995689655172413,14.331896551724139,32.543103448275865,20.79741379310345,4.525862068965517,2.3706896551724137,817,20.930232558139537,23.133414932680537,30.232558139534884,8.69033047735618,3.427172582619339,1507,393,222,135,26.07830126078301,14.73125414731254,5.506005650259734,FALSE,FALSE,4-6,outside the Ring,West Berlin
073G,2072,1757,22.538417757541264,15.879339783722253,29.197495731360274,19.351166761525327,5.2361980648833235,1.6505406943653955,1536,24.8046875,22.265625,30.598958333333332,7.486979166666667,3.125,3052,825,690,254,27.031454783748362,22.608125819134994,5.621668149250685,FALSE,FALSE,4-6,outside the Ring,West Berlin
073H,2086,1772,19.69525959367946,16.817155756207676,29.17607223476298,19.864559819413092,4.345372460496614,3.6681715575620766,1520,21.44736842105263,21.513157894736842,31.57894736842105,10.131578947368421,2.6973684210526314,2775,592,373,308,21.333333333333332,13.441441441441441,6.1057795124295575,FALSE,FALSE,6-8,outside the Ring,West Berlin
073J,1979,1662,18.231046931407942,18.471720818291214,28.51985559566787,20.3971119133574,6.016847172081829,1.9253910950661852,1447,21.700069108500344,21.976503109882515,33.72494816862474,8.500345542501728,3.31720801658604,2847,693,562,272,24.341412012644888,19.74007727432385,6.440075420082759,FALSE,FALSE,6-8,outside the Ring,West Berlin
073K,1836,1565,18.977635782747605,15.207667731629392,28.881789137380192,22.747603833865814,5.878594249201278,2.236421725239617,1360,22.352941176470587,20.441176470588236,34.779411764705884,8.161764705882353,3.3088235294117645,2465,475,311,229,19.26977687626775,12.616632860040568,6.53004092341963,FALSE,FALSE,6-8,outside the Ring,West Berlin
073L,1141,954,18.134171907756812,15.30398322851153,27.463312368972748,21.90775681341719,7.4423480083857445,2.20125786163522,826,22.88135593220339,20.82324455205811,30.871670702179177,9.564164648910412,3.87409200968523,1627,344,300,172,21.14320835894284,18.43884449907806,6.146095501635279,FALSE,FALSE,6-8,outside the Ring,West Berlin
073M,2069,1691,14.961561206386753,16.321703134240096,23.71377882909521,27.498521584861027,6.9781194559432285,2.6611472501478417,1438,20.23643949930459,23.08762169680111,30.598052851182196,9.527121001390821,3.477051460361613,2906,545,545,408,18.754301445285616,18.754301445285616,6.2834417251987205,FALSE,FALSE,6-8,outside the Ring,West Berlin
073N,2060,1737,18.134715025906736,16.753022452504318,27.921704087507198,22.68278641335636,5.411629245826137,2.7058146229130684,1454,22.696011004126547,21.526822558459422,32.11829436038514,9.07840440165062,3.0261348005502064,3023,616,583,297,20.37710883228581,19.28547800198478,5.917575006380156,FALSE,FALSE,4-6,outside the Ring,West Berlin
073P,1106,929,18.51453175457481,17.007534983853606,31.216361679224974,19.268030139935416,6.135629709364909,1.6146393972012918,794,22.670025188916878,20.151133501259444,34.005037783375315,9.193954659949622,3.022670025188917,1558,372,287,157,23.876765083440308,18.42105263157895,5.7888242295860675,FALSE,FALSE,4-6,outside the Ring,West Berlin
073Q,1941,1605,14.330218068535826,16.074766355140188,26.542056074766354,24.85981308411215,8.22429906542056,2.1183800623052957,1320,20.37878787878788,21.21212121212121,32.121212121212125,10.151515151515152,4.393939393939394,2747,599,458,284,21.80560611576265,16.67273389151802,6.061395455300725,FALSE,FALSE,6-8,outside the Ring,West Berlin
073R,1965,1425,12.701754385964913,15.859649122807017,22.035087719298247,32,6.456140350877193,2.0350877192982457,1223,17.906786590351594,24.1210139002453,30.417007358953395,12.183156173344235,3.9247751430907605,3296,460,896,633,13.95631067961165,27.184466019417474,5.68832996861982,FALSE,FALSE,4-6,outside the Ring,West Berlin
073S,1100,945,17.566137566137566,15.238095238095237,28.465608465608465,25.714285714285715,5.291005291005291,1.9047619047619047,712,17.5561797752809,21.629213483146067,35.81460674157304,11.376404494382022,3.932584269662921,1513,322,222,154,21.28222075346993,14.672835426305353,6.14750274304148,FALSE,FALSE,6-8,outside the Ring,West Berlin
073T,1952,1270,14.173228346456693,17.007874015748033,16.53543307086614,26.69291338582677,11.968503937007874,2.3622047244094486,1040,24.03846153846154,25,21.634615384615383,9.903846153846153,6.826923076923077,3528,551,1159,592,15.617913832199546,32.85147392290249,5.814409153370646,FALSE,FALSE,4-6,outside the Ring,West Berlin
073U,2045,1579,14.312856238125395,17.35275490816973,16.022799240025332,23.432552248258393,13.996200126662444,3.1665611146295123,1207,29.41176470588235,20.87821043910522,19.46975973487987,8.202154101077051,8.450704225352112,3239,591,792,372,18.246372337141093,24.45199135535659,5.942196025230735,FALSE,FALSE,4-6,outside the Ring,West Berlin
073V,1940,1417,27.452364149611856,19.26605504587156,12.208892025405786,15.384615384615385,14.114326040931546,2.5405786873676783,1286,40.35769828926905,22.472783825816485,15.007776049766719,5.132192846034215,7.387247278382581,2693,779,436,318,28.926847382101744,16.190122539918306,7.179429820961829,FALSE,FALSE,6-8,outside the Ring,West Berlin
074A,1191,1004,15.338645418326694,11.952191235059761,28.08764940239044,30.378486055776893,4.9800796812749,1.593625498007968,907,23.814773980154357,16.648291069459756,29.658213891951487,13.671444321940463,1.9845644983461963,1737,390,345,230,22.45250431778929,19.86183074265976,3.6056165723625506,TRUE,FALSE,2-4,inside the Ring,West Berlin
074B,2048,1699,11.771630370806356,13.83166568569747,29.37021777516186,30.547380812242494,4.767510300176575,2.236609770453208,1518,21.541501976284586,15.612648221343873,33.333333333333336,12.121212121212121,3.4914361001317524,5178,650,2734,365,12.553109308613363,52.80030899961375,4.835943581246247,TRUE,FALSE,4-6,inside the Ring,West Berlin
074C,2060,1699,16.53914067098293,12.889935256032961,26.486168334314304,27.369040612124778,8.063566804002354,1.0005885815185402,1462,25.3077975376197,17.16826265389877,30.027359781121753,10.738714090287278,4.172366621067032,3045,622,493,368,20.426929392446635,16.19047619047619,4.248356908379569,TRUE,FALSE,4-6,inside the Ring,West Berlin
074D,2139,1447,20.939875604699377,13.614374568071872,13.199723565998617,26.53766413268832,12.439530062197651,2.6952315134761577,1386,30.88023088023088,17.965367965367964,20.634920634920636,9.74025974025974,5.1226551226551225,3241,740,751,577,22.83245911755631,23.171860536871336,4.638596150592874,TRUE,FALSE,4-6,inside the Ring,West Berlin
074E,2005,1503,17.232202262142383,14.437791084497672,17.83100465735196,27.0791749833666,11.310711909514305,2.328675981370592,1212,30.528052805280527,18.646864686468646,19.306930693069308,10.231023102310232,6.023102310231023,2978,618,654,413,20.752182672934854,21.96104768300873,5.098278907633039,FALSE,FALSE,4-6,outside the Ring,West Berlin
074F,1970,1311,14.187643020594965,12.356979405034325,13.043478260869565,34.17238749046529,12.280701754385966,2.669717772692601,1138,28.558875219683657,19.59578207381371,19.244288224956062,9.314586994727593,7.469244288224956,3881,470,1472,625,12.110280855449627,37.92836897706776,5.465023709890418,FALSE,FALSE,4-6,outside the Ring,West Berlin
074G,1132,752,10.372340425531915,15.02659574468085,15.292553191489361,34.840425531914896,11.702127659574469,2.6595744680851063,674,26.706231454005934,20.771513353115726,19.73293768545994,11.275964391691394,6.083086053412463,1722,344,390,335,19.97677119628339,22.64808362369338,5.617336512791937,FALSE,FALSE,4-6,outside the Ring,West Berlin
074H,1829,1330,16.2406015037594,13.834586466165414,14.962406015037594,31.203007518796994,9.62406015037594,3.4586466165413534,1129,31.88662533215235,20.106288751107176,18.600531443755536,10.274579273693535,5.845881310894597,2749,545,542,363,19.82539105129138,19.71626045834849,5.983263885815294,FALSE,FALSE,4-6,outside the Ring,West Berlin
074J,1882,1423,19.114546732255796,16.444132115249474,17.35769501054111,22.557976106816586,13.984539704848912,1.8271257905832747,1117,29.90152193375112,20.322291853178157,21.038495971351836,9.042076991942704,6.624888093106535,2651,699,521,319,26.367408525084873,19.65296114673708,6.341523272463795,FALSE,FALSE,6-8,outside the Ring,West Berlin
074K,1070,800,16.5,13,17.125,33,8.75,2.375,684,24.12280701754386,19.15204678362573,26.608187134502923,10.818713450292398,4.970760233918129,2308,271,986,260,11.741767764298094,42.7209705372617,6.7013907310085985,FALSE,FALSE,6-8,outside the Ring,West Berlin
074L,1126,797,12.045169385194479,13.174404015056462,19.196988707653702,33.75156838143037,9.284818067754077,1.631116687578419,635,20.944881889763778,20.787401574803148,26.456692913385826,11.338582677165354,5.511811023622047,1672,265,409,243,15.849282296650717,24.461722488038276,6.6655341356711455,FALSE,FALSE,6-8,outside the Ring,West Berlin
074M,1941,1520,16.842105263157894,14.671052631578947,21.31578947368421,27.960526315789473,7.828947368421052,2.1052631578947367,1323,24.565381708238853,18.972033257747544,27.739984882842027,9.82615268329554,5.139833711262282,2830,625,581,332,22.084805653710248,20.530035335689046,6.048025488872428,FALSE,FALSE,6-8,outside the Ring,West Berlin
074N,1102,924,18.181818181818183,15.367965367965368,22.186147186147185,26.2987012987013,8.008658008658008,1.7316017316017316,794,27.07808564231738,19.0176322418136,27.455919395465994,9.06801007556675,4.534005037783375,1629,347,335,145,21.301411909146715,20.56476365868631,5.741403156964844,FALSE,FALSE,4-6,outside the Ring,West Berlin
074P,1168,791,15.170670037926675,13.400758533501897,13.653603034134008,29.45638432364096,15.423514538558786,3.1605562579013906,675,33.77777777777778,20.296296296296298,14.962962962962964,9.037037037037036,8.74074074074074,1736,346,383,285,19.930875576036865,22.06221198156682,5.756348211509862,FALSE,FALSE,4-6,outside the Ring,West Berlin
074Q,2017,1555,17.234726688102892,14.983922829581994,21.221864951768488,25.980707395498392,10.546623794212218,1.6720257234726688,1310,26.48854961832061,20.15267175572519,23.893129770992367,10.381679389312977,6.33587786259542,2992,647,631,354,21.62433155080214,21.08957219251337,6.102980994196366,FALSE,FALSE,6-8,outside the Ring,West Berlin
074R,2019,1380,18.405797101449274,12.101449275362318,12.46376811594203,28.115942028985508,15.289855072463768,1.8115942028985508,1173,32.13981244671782,21.22762148337596,14.578005115089514,9.121909633418586,8.951406649616368,3055,598,673,477,19.574468085106382,22.029459901800326,6.275040104923077,FALSE,FALSE,6-8,outside the Ring,West Berlin
074S,2010,1482,15.519568151147098,15.384615384615385,17.341430499325234,28.272604588394064,10.458839406207828,3.1713900134952766,1205,26.307053941908713,19.66804979253112,25.809128630705395,9.95850622406639,6.058091286307054,3189,499,780,406,15.647538413295704,24.459078080903105,6.533830317754922,FALSE,FALSE,6-8,outside the Ring,West Berlin
074T,2031,1465,18.293515358361773,16.860068259385667,11.877133105802049,24.300341296928327,16.450511945392492,1.9112627986348123,1210,35.20661157024794,21.818181818181817,13.553719008264462,7.355371900826446,8.429752066115702,2689,594,359,303,22.089996281145407,13.350687988099665,6.77021360531636,FALSE,FALSE,6-8,outside the Ring,West Berlin
074U,1970,1503,16.96606786427146,14.703925482368597,16.96606786427146,27.278775781769795,11.04457751164338,3.0605455755156354,1160,26.810344827586206,17.93103448275862,25.517241379310345,10.517241379310345,6.379310344827586,2884,571,593,358,19.79889042995839,20.561719833564492,6.939321385539037,FALSE,FALSE,6-8,outside the Ring,West Berlin
075A,2028,1252,11.182108626198083,8.30670926517572,13.019169329073483,40.2555910543131,14.936102236421725,1.3578274760383386,985,21.624365482233504,15.025380710659899,18.68020304568528,16.243654822335024,9.238578680203046,3988,447,1568,578,11.2086258776329,39.317953861584755,6.857672870350616,FALSE,FALSE,6-8,outside the Ring,West Berlin
075B,1849,1321,25.13247539742619,13.701741105223316,9.235427706283119,15.442846328538986,20.439061317183953,3.4822104466313397,1117,40.46553267681289,17.905102954341988,10.653536257833483,4.744852282900626,10.116383169203223,2542,624,413,316,24.547600314712824,16.247049567269865,7.841230299472772,FALSE,FALSE,6-8,outside the Ring,West Berlin
075C,1744,1201,26.14487926727727,15.82014987510408,7.327227310574521,16.319733555370526,19.400499583680265,3.330557868442964,1063,40.169332079021636,20.413922859830667,10.159924741298212,5.55032925682032,8.560677328316087,2528,780,446,326,30.854430379746834,17.64240506329114,7.249264998983808,FALSE,FALSE,6-8,outside the Ring,West Berlin
075D,2024,1336,19.760479041916167,13.47305389221557,12.425149700598803,24.026946107784433,14.595808383233534,3.068862275449102,1098,35.51912568306011,20.947176684881605,13.02367941712204,7.741347905282331,7.468123861566484,3173,697,727,582,21.966593129530413,22.912070595650803,7.2205808272932455,FALSE,FALSE,6-8,outside the Ring,West Berlin
075E,1217,860,16.74418604651163,14.30232558139535,13.604651162790697,27.906976744186046,14.418604651162791,1.9767441860465116,735,27.346938775510203,19.183673469387756,20.272108843537413,8.299319727891156,10.068027210884354,1803,305,432,232,16.916250693288962,23.960066555740433,7.481589765628077,FALSE,FALSE,6-8,outside the Ring,West Berlin
075F,1973,1374,22.343522561863175,16.448326055312954,13.39155749636099,21.033478893740902,14.847161572052402,2.7656477438136826,1126,37.47779751332149,20.159857904085257,13.676731793960924,6.74955595026643,8.170515097690942,2909,715,627,415,24.578893090409075,21.55379855620488,7.671854719883819,FALSE,FALSE,6-8,outside the Ring,West Berlin
075G,2055,1391,17.325664989216392,14.809489575844715,10.136592379583034,26.74335010783609,17.757009345794394,2.0848310567936736,1155,37.4025974025974,21.21212121212121,12.813852813852813,6.83982683982684,8.571428571428571,3008,675,696,405,22.440159574468087,23.138297872340427,8.066393437497773,FALSE,FALSE,8-11,outside the Ring,West Berlin
075H,1087,719,24.200278164116828,14.74269819193324,11.821974965229485,24.200278164116828,11.821974965229485,3.8942976356050067,637,35.79277864992151,21.50706436420722,13.343799058084773,7.849293563579278,6.593406593406593,1690,434,422,242,25.680473372781066,24.97041420118343,7.867951467923557,FALSE,FALSE,6-8,outside the Ring,West Berlin
075J,1309,842,21.852731591448933,16.270783847980997,6.7695961995249405,24.465558194774346,17.93349168646081,2.2565320665083135,706,39.093484419263454,21.954674220963174,9.34844192634561,4.957507082152975,8.78186968838527,2306,474,619,485,20.555073720728533,26.843018213356462,8.03725554799673,FALSE,FALSE,8-11,outside the Ring,West Berlin
075K,1042,788,23.477157360406093,15.355329949238579,10.65989847715736,21.446700507614214,14.974619289340101,2.7918781725888326,650,36.30769230769231,20.307692307692307,13.23076923076923,8,6.769230769230769,1509,341,269,216,22.597746852220013,17.826375082836314,7.776331285702396,FALSE,FALSE,6-8,outside the Ring,West Berlin
075L,1886,1344,22.61904761904762,13.467261904761905,12.87202380952381,20.758928571428573,17.55952380952381,2.455357142857143,1159,35.893011216566,19.413287316652287,12.079378774805868,6.298533218291631,8.5418464193270065,2845,585,658,360,20.56239015817223,23.12829525483304,7.5177944781015045,FALSE,FALSE,6-8,outside the Ring,West Berlin
075M,1715,1155,19.22077922077922,15.238095238095237,12.813852813852813,23.376623376623378,14.112554112554113,3.54978354978355,995,35.778894472361806,18.894472361809044,13.06532663316583,7.437185929648241,7.738693467336684,2907,502,863,319,17.268661850705193,29.686962504299967,8.321207450434958,FALSE,FALSE,8-11,outside the Ring,West Berlin
075N,1847,1257,23.15035799522673,15.194908512330947,10.023866348448687,20.286396181384248,19.013524264120925,3.023070803500398,998,38.57715430861723,21.442885771543086,11.52304609218437,5.7114228456913825,9.318637274549099,3405,568,1202,472,16.68135095447871,35.30102790014684,9.273586680961468,FALSE,FALSE,8-11,outside the Ring,West Berlin
075P,1945,1299,22.786759045419554,14.472671285604312,10.007698229407236,17.321016166281755,20.63125481139338,2.617397998460354,1011,39.16913946587537,21.562809099901088,11.968348170128586,5.539070227497527,10.682492581602373,2928,706,759,369,24.112021857923498,25.922131147540984,8.898248923044292,FALSE,FALSE,8-11,outside the Ring,West Berlin
075Q,1861,1190,22.605042016806724,15.210084033613445,10.084033613445378,22.436974789915965,15.46218487394958,3.5294117647058822,1001,39.06093906093906,20.97902097902098,12.887112887112886,6.793206793206793,9.19080919080919,3152,730,957,447,23.15989847715736,30.361675126903553,8.358298743502296,FALSE,FALSE,8-11,outside the Ring,West Berlin
075R,1977,1387,23.143475126171595,15.28478731074261,10.742609949531362,21.629416005767844,15.21268925739005,3.1002162941600577,1189,42.304457527333895,19.51219512195122,11.69049621530698,5.046257359125315,7.9899074852817495,2882,633,546,420,21.963913948646773,18.945176960444137,8.31220260017002,FALSE,FALSE,8-11,outside the Ring,West Berlin
075S,2162,1571,28.70782940802037,15.786123488224062,11.775938892425208,14.831317632081477,15.531508593252706,3.6282622533418203,1295,43.08880308880309,19.536679536679536,9.575289575289576,4.324324324324325,10.038610038610038,3157,769,585,465,24.358568261007285,18.530250237567312,8.853946038227104,FALSE,FALSE,8-11,outside the Ring,West Berlin
075T,1783,1331,33.35837716003005,15.55221637866266,8.940646130728775,13.14800901577761,15.92787377911345,3.6063110443275734,1225,47.91836734693877,22.93877551020408,8.571428571428571,3.2653061224489797,7.755102040816326,2640,770,450,339,29.166666666666668,17.045454545454547,9.005871904083332,FALSE,FALSE,8-11,outside the Ring,West Berlin
075U,1735,1386,36.724386724386726,19.336219336219337,10.533910533910534,10.606060606060606,13.203463203463203,2.958152958152958,1131,48.98320070733864,23.165340406719718,7.8691423519009724,3.4482758620689653,7.957559681697613,2244,954,230,201,42.51336898395722,10.249554367201426,9.569258524285651,FALSE,FALSE,8-11,outside the Ring,West Berlin
076A,1074,828,39.492753623188406,20.28985507246377,6.521739130434782,10.748792270531402,13.16425120772947,2.898550724637681,751,43.14247669773635,23.834886817576564,8.788282290279627,3.5952063914780292,7.057256990679095,1454,682,237,164,46.9050894085282,16.299862448418157,9.83299089423546,FALSE,FALSE,8-11,outside the Ring,West Berlin
076B,1907,1548,34.49612403100775,15.180878552971576,11.757105943152455,11.434108527131784,15.568475452196383,3.488372093023256,1429,44.50664800559832,18.614415675297412,13.855843247025891,2.099370188943317,7.3477956613016095,2464,714,276,261,28.977272727272727,11.2012987012987,10.228591551693993,FALSE,FALSE,8-11,outside the Ring,West Berlin
076C,2047,1431,29.140461215932913,12.78825995807128,8.59538784067086,14.605171208944794,18.72816212438854,4.40251572327044,1264,45.88607594936709,19.85759493670886,8.781645569620252,3.7183544303797467,8.227848101265822,3113,719,616,419,23.096691294571155,19.78798586572438,10.939236835929501,FALSE,FALSE,8-11,outside the Ring,West Berlin
076D,1102,903,34.883720930232556,15.39313399778516,10.299003322259136,10.852713178294573,17.165005537098562,3.9867109634551494,871,45.69460390355913,19.173363949483353,8.840413318025258,3.5591274397244548,8.725602755453501,1483,477,190,143,32.16453135536076,12.811867835468645,10.35875189571649,FALSE,FALSE,8-11,outside the Ring,West Berlin
076E,1861,1310,34.50381679389313,13.969465648854962,7.938931297709924,14.961832061068701,16.412213740458014,3.816793893129771,1291,49.961270333075134,18.435321456235478,7.048799380325329,4.8799380325329205,7.513555383423703,2762,819,521,458,29.652425778421435,18.86314265025344,10.965868913930432,FALSE,FALSE,8-11,outside the Ring,West Berlin
076F,1941,1443,29.175329175329175,13.513513513513514,12.612612612612613,14.96881496881497,15.453915453915453,3.8115038115038113,1363,43.06676449009538,19.148936170212767,12.10564930300807,3.961848862802641,6.749816581071166,3027,671,730,395,22.16716220680542,24.116286752560292,10.294197203371995,FALSE,FALSE,8-11,outside the Ring,West Berlin
076G,2007,1443,28.8981288981289,14.067914067914067,9.424809424809425,13.652113652113652,18.503118503118504,3.1185031185031185,1221,44.06224406224406,18.91891891891892,9.582309582309582,3.8493038493038494,9.41850941850942,3446,758,1096,341,21.99651770168311,31.804991294254208,10.824080012436465,FALSE,FALSE,8-11,outside the Ring,West Berlin
076H,1859,1497,37.54175016700067,13.092852371409485,12.959251837007349,10.888443553774215,14.963259853039412,3.6072144288577155,1343,48.771407297096054,19.21072226358898,11.317944899478778,3.4996276991809383,6.180193596425912,2457,607,246,296,24.704924704924704,10.012210012210012,11.459432482423445,FALSE,FALSE,11-15,outside the Ring,West Berlin
076J,1934,1288,27.63975155279503,14.285714285714286,6.754658385093168,17.934782608695652,21.428571428571427,2.1739130434782608,1072,45.98880597014925,16.417910447761194,7.742537313432836,4.477611940298507,11.66044776119403,3293,654,890,557,19.860309747950197,27.027027027027028,11.141359885960593,FALSE,FALSE,11-15,outside the Ring,West Berlin
076K,1912,1275,28.941176470588236,13.019607843137255,6.823529411764706,14.117647058823529,24.15686274509804,2.4313725490196076,1112,47.84172661870504,21.492805755395683,6.384892086330935,3.5971223021582732,10.341726618705035,2973,811,730,464,27.278842919609822,24.55432223343424,11.403944921635892,FALSE,FALSE,11-15,outside the Ring,West Berlin
076L,1864,1220,23.934426229508198,13.688524590163935,4.918032786885246,15.573770491803279,27.704918032786885,2.9508196721311477,963,41.640706126687434,20.24922118380062,5.503634475597092,4.7767393561786085,17.133956386292834,2736,736,481,481,26.900584795321638,17.580409356725145,11.84711821320073,FALSE,FALSE,11-15,outside the Ring,West Berlin
076M,1886,1156,21.366782006920417,17.301038062283737,4.1522491349480966,14.013840830449826,28.546712802768166,2.9411764705882355,911,39.51701427003293,22.722283205268937,5.48847420417124,5.48847420417124,14.489571899012075,2762,823,541,537,29.797248370745837,19.587255611875452,11.75783088592457,FALSE,FALSE,11-15,outside the Ring,West Berlin
076N,1951,1106,17.540687160940326,12.206148282097649,4.61121157323689,17.088607594936708,32.5497287522604,2.6220614828209765,884,39.932126696832576,21.153846153846153,5.316742081447964,5.203619909502263,17.194570135746606,2973,685,610,627,23.040699630003363,20.5179952909519,11.938233424188526,FALSE,FALSE,11-15,outside the Ring,West Berlin
076P,1930,1254,28.38915470494418,14.5933014354067,4.784688995215311,14.035087719298245,25.757575757575758,2.4720893141945774,984,44.00406504065041,22.5609756097561,5.691056910569106,4.776422764227642,12.601626016260163,2812,817,473,521,29.054054054054053,16.82076813655761,12.359913496457295,FALSE,FALSE,11-15,outside the Ring,West Berlin
076Q,1894,1328,24.623493975903614,15.436746987951807,6.77710843373494,13.78012048192771,26.731927710843372,3.38855421686747,1193,43.83906119027662,21.79379715004191,7.292539815590947,4.107292539815591,12.238055322715843,2805,735,548,386,26.203208556149733,19.536541889483065,12.435207425041591,FALSE,FALSE,11-15,outside the Ring,West Berlin
076R,1953,1639,37.76693105552166,14.154972544234289,13.91092129347163,10.06711409395973,13.117754728492983,3.7217815741305675,1435,48.710801393728225,19.930313588850176,13.101045296167248,2.229965156794425,6.829268292682927,2544,671,260,228,26.37578616352201,10.220125786163521,13.163636761391597,FALSE,FALSE,11-15,outside the Ring,West Berlin
076S,1125,911,40.065861690450056,11.745334796926455,10.208562019758507,10.537870472008782,14.1602634467618,4.829857299670691,891,52.18855218855219,18.6307519640853,10.549943883277217,2.6936026936026938,6.509539842873176,1464,358,131,115,24.453551912568305,8.948087431693988,12.12761593072259,FALSE,FALSE,11-15,outside the Ring,West Berlin
076T,1009,762,34.514435695538054,15.485564304461942,12.204724409448819,10.236220472440944,16.666666666666668,4.8556430446194225,711,51.33614627285513,20.534458509142052,11.39240506329114,2.5316455696202533,6.610407876230661,1311,478,159,83,36.460717009916095,12.128146453089245,12.68567851498683,FALSE,FALSE,11-15,outside the Ring,West Berlin
077A,1814,1426,34.922861150070126,14.165497896213184,11.921458625525947,9.747545582047685,15.918653576437588,5.049088359046284,1365,49.37728937728938,16.923076923076923,9.8168498168498175,3.0036630036630036,6.886446886446887,2317,688,222,259,29.693569270608545,9.581355200690549,11.792545656358783,FALSE,FALSE,11-15,outside the Ring,West Berlin
077B,1938,1403,30.14967925873129,13.399857448325017,11.689237348538846,11.689237348538846,19.672131147540984,3.6350677120456165,1334,48.275862068965516,20.014992503748125,6.896551724137931,2.923538230884558,8.470764617691154,2696,620,328,266,22.997032640949556,12.166172106824925,12.625698172230154,FALSE,FALSE,11-15,outside the Ring,West Berlin
077C,2022,1529,34.2053629823414,16.285153695225638,7.455853499018967,10.39895356442119,19.162851536952257,2.9431000654022235,1352,50.07396449704142,19.15680473372781,7.618343195266272,2.588757396449704,8.801775147928995,2675,787,313,250,29.42056074766355,11.700934579439252,12.440342869436032,FALSE,FALSE,11-15,outside the Ring,West Berlin
077D,2095,1540,32.857142857142854,11.818181818181818,9.025974025974026,10.779220779220779,21.68831168831169,5.064935064935065,1491,47.88732394366197,19.047619047619047,7.44466800804829,3.5546613011401744,9.121395036887995,2827,780,380,278,27.59108595684471,13.441811107180756,12.522254972857647,FALSE,FALSE,11-15,outside the Ring,West Berlin
077E,1076,883,35.900339750849376,14.04303510758777,13.703284258210646,7.474518686296716,18.346545866364664,3.737259343148358,748,48.1283422459893,16.844919786096256,10.962566844919786,2.9411764705882355,8.422459893048128,1482,371,170,134,25.033738191632928,11.470985155195681,13.202452641024944,FALSE,FALSE,11-15,outside the Ring,West Berlin
077F,1096,777,31.91763191763192,11.840411840411841,8.494208494208495,12.226512226512227,20.592020592020592,4.890604890604891,769,49.28478543563069,16.644993498049416,8.842652795838752,2.600780234070221,8.58257477243173,1550,390,237,177,25.161290322580644,15.290322580645162,13.302569180911767,FALSE,FALSE,11-15,outside the Ring,West Berlin
077G,2028,1590,37.42138364779874,14.842767295597485,8.80503144654088,9.30817610062893,17.9874213836478,3.5849056603773586,1300,50.61538461538461,18.76923076923077,7.461538461538462,2.8461538461538463,8.923076923076923,2721,781,293,240,28.70268283719221,10.768099963248806,13.45832179950028,FALSE,FALSE,11-15,outside the Ring,West Berlin
077H,2096,1294,24.497681607418855,12.982998454404946,4.714064914992272,16.460587326120557,26.89335394126739,3.400309119010819,1200,46,20.916666666666668,7.083333333333333,4,9.75,3406,770,857,544,22.607163828537875,25.161479741632412,14.136086091869112,FALSE,FALSE,11-15,outside the Ring,West Berlin
077J,2045,1458,31.069958847736626,11.659807956104252,7.818930041152264,13.443072702331962,21.39917695473251,3.635116598079561,1164,44.67353951890034,19.15807560137457,8.59106529209622,5.154639175257732,9.879725085910653,3175,739,704,409,23.275590551181104,22.173228346456693,14.112754510060716,FALSE,FALSE,11-15,outside the Ring,West Berlin
077K,2043,1396,25.143266475644698,14.040114613180515,7.4498567335243555,14.82808022922636,25.35816618911175,2.865329512893983,1182,45.09306260575296,19.627749576988155,7.021996615905246,4.230118443316413,12.013536379018612,2984,785,587,384,26.30697050938338,19.671581769436997,14.337917628448839,FALSE,FALSE,11-15,outside the Ring,West Berlin
077L,2122,1374,23.435225618631733,14.046579330422125,6.477438136826783,16.302765647743815,25.109170305676855,2.547307132459971,1148,43.03135888501742,20.034843205574912,7.40418118466899,5.052264808362369,11.759581881533101,2990,824,453,344,27.558528428093645,15.150501672240802,14.098664484115963,FALSE,FALSE,11-15,outside the Ring,West Berlin
077M,1273,783,20.434227330779056,12.132822477650064,5.236270753512133,18.51851851851852,28.35249042145594,2.2988505747126435,662,38.21752265861027,20.694864048338367,4.833836858006042,4.833836858006042,13.141993957703928,2005,382,424,272,19.052369077306732,21.14713216957606,13.728224504363162,FALSE,FALSE,11-15,outside the Ring,West Berlin
077N,1911,1489,36.400268636668905,14.976494291470786,12.558764271323035,10.275352585627939,15.312290127602418,4.163868368032237,1386,47.61904761904762,19.552669552669553,12.626262626262626,3.1746031746031744,6.0606060606060606,2728,693,484,265,25.403225806451612,17.741935483870968,13.638079744510044,FALSE,FALSE,11-15,outside the Ring,West Berlin
077P,2017,1528,29.384816753926703,12.172774869109947,14.921465968586388,15.641361256544503,16.49214659685864,3.7958115183246073,1306,47.54977029096478,19.601837672281775,11.255742725880552,3.5222052067381315,7.810107197549771,3175,611,604,343,19.244094488188978,19.023622047244096,14.502955754262974,FALSE,FALSE,11-15,outside the Ring,West Berlin
077Q,1904,1463,29.254955570745043,14.42241968557758,15.1742993848257,12.713602187286398,15.994531784005469,4.30622009569378,1321,44.20893262679788,19.90915972747918,13.701741105223316,3.9364118092354277,7.191521574564724,2586,612,342,225,23.665893271461716,13.22505800464037,14.61030314834991,FALSE,FALSE,11-15,outside the Ring,West Berlin
077R,1589,1271,38.55232100708104,13.690007867820613,14.162077104642014,10.54287962234461,15.106215578284814,2.989771833202203,1175,48.42553191489362,19.06382978723404,13.617021276595745,3.4893617021276597,5.787234042553192,2133,603,195,161,28.270042194092827,9.142053445850914,15.27072236092897,FALSE,FALSE,15+,outside the Ring,West Berlin
077S,1934,1453,35.65037852718513,15.209910529938059,10.598761183757743,9.4287680660702,17.687543014452856,4.335856847900895,1321,49.58364875094625,19.076457229371687,8.327024981074944,3.709311127933384,9.916729750189251,2606,881,290,238,33.80660015349194,11.128165771297008,14.807885713722348,FALSE,FALSE,11-15,outside the Ring,West Berlin
077T,1583,1259,35.74265289912629,11.358220810166799,9.293089753772836,9.531374106433677,22.478157267672756,3.812549642573471,1056,49.621212121212125,19.223484848484848,7.575757575757576,3.3143939393939394,10.606060606060606,2357,571,488,133,24.22571064913025,20.704285108188376,15.356248818045307,FALSE,FALSE,15+,outside the Ring,West Berlin
081A,1043,795,5.911949685534591,10.062893081761006,26.666666666666668,48.0503144654088,2.641509433962264,0.8805031446540881,692,7.22543352601156,17.052023121387283,34.53757225433526,23.98843930635838,2.023121387283237,1928,240,681,269,12.448132780082988,35.321576763485474,3.9475533409239785,TRUE,FALSE,2-4,inside the Ring,West Berlin
081B,1055,844,7.109004739336493,10.189573459715639,25.71090047393365,45.85308056872038,3.199052132701422,0.7109004739336493,722,7.340720221606648,13.573407202216066,39.335180055401665,21.191135734072024,2.3545706371191137,1718,160,472,210,9.31315483119907,27.47380675203725,4.157709445148763,TRUE,FALSE,4-6,inside the Ring,West Berlin
081C,1984,1532,3.8511749347258486,10.248041775456919,24.869451697127936,50.78328981723238,3.0026109660574414,0.7180156657963447,1302,6.912442396313364,13.748079877112135,39.1705069124424,25.11520737327189,1.3824884792626728,3418,341,1110,462,9.976594499707431,32.475131655939144,4.351705583855672,TRUE,FALSE,4-6,inside the Ring,West Berlin
081D,2058,1544,4.4689119170984455,8.095854922279793,22.409326424870468,52.00777202072539,5.116580310880829,0.7772020725388601,1248,6.730769230769231,11.458333333333334,41.58653846153846,26.362179487179485,2.1634615384615383,3741,368,1314,516,9.83694199411922,35.1242983159583,4.689190350511015,TRUE,FALSE,4-6,inside the Ring,West Berlin
081E,2075,1576,5.520304568527918,8.058375634517766,27.03045685279188,46.129441624365484,3.553299492385787,1.015228426395939,1291,9.450038729666925,13.245546088303641,44.306738962044925,20.21688613477924,1.9364833462432223,3516,351,1109,487,9.982935153583618,31.541524459613196,4.510891721496955,TRUE,FALSE,4-6,inside the Ring,West Berlin
081F,2080,1493,5.425318151373074,7.300736771600803,21.634293369055595,52.1098459477562,4.822505023442733,1.071667782987274,1179,8.9058524173028,11.959287531806616,40.62765055131467,22.646310432569976,2.544529262086514,4379,371,1963,572,8.472253939255538,44.827586206896555,5.008363191291878,TRUE,FALSE,4-6,inside the Ring,West Berlin
081G,1959,1516,6.068601583113456,8.311345646437994,23.350923482849606,51.58311345646438,4.287598944591029,0.7255936675461742,1226,10.603588907014682,12.887438825448614,36.6231647634584,26.182707993474715,2.6101141924959217,3434,371,1055,447,10.803727431566687,30.72218986604543,4.880745527495285,TRUE,FALSE,4-6,inside the Ring,West Berlin
081H,1978,1485,5.117845117845118,9.494949494949495,22.76094276094276,49.225589225589225,5.589225589225589,0.8754208754208754,1247,10.425020048115478,14.113873295910185,32.878909382518046,27.987169206094627,3.127506014434643,3250,397,926,445,12.215384615384615,28.49230769230769,5.401179570916152,TRUE,FALSE,4-6,inside the Ring,West Berlin
081J,2257,1581,6.957621758380772,9.930423782416192,17.773561037318153,48.7033523086654,7.2738772928526245,0.5692599620493358,1310,12.748091603053435,16.412213740458014,31.52671755725191,22.671755725190838,3.66412213740458,3922,501,1289,561,12.774094849566549,32.865884752677204,5.768107020779559,TRUE,FALSE,4-6,inside the Ring,West Berlin
081K,1922,1445,7.26643598615917,7.0588235294117645,17.993079584775085,51.76470588235294,6.366782006920415,1.453287197231834,1202,12.81198003327787,12.728785357737104,32.529118136439266,27.371048252911812,4.242928452579035,3224,336,946,400,10.421836228287841,29.3424317617866,5.835492198813336,TRUE,FALSE,4-6,inside the Ring,West Berlin
081L,1943,1431,6.988120195667365,9.36408106219427,18.099231306778478,48.21802935010482,8.24598183088749,0.9783368273934312,1102,13.248638838475499,16.061705989110706,29.85480943738657,26.860254083484573,5.172413793103448,3463,399,1110,450,11.521801905861969,32.053133121570895,6.0807112792622995,TRUE,FALSE,6-8,inside the Ring,West Berlin
081M,1958,1148,8.536585365853659,7.926829268292683,14.634146341463415,51.91637630662021,8.275261324041812,0.7839721254355401,919,12.94885745375408,15.01632208922742,30.25027203482046,25.89771490750816,4.896626768226333,4224,535,1795,604,12.665719696969697,42.49526515151515,6.544504672331541,TRUE,FALSE,6-8,inside the Ring,West Berlin
081N,2010,1430,6.503496503496503,9.020979020979022,21.04895104895105,47.97202797202797,6.013986013986014,0.9090909090909091,1175,10.638297872340425,15.659574468085106,33.191489361702125,24.340425531914892,4.851063829787234,3706,397,1385,463,10.712358337830546,37.371829465731246,6.212677594456934,TRUE,FALSE,6-8,inside the Ring,West Berlin
081P,1137,815,5.153374233128834,6.748466257668712,20.98159509202454,56.809815950920246,2.576687116564417,0.6134969325153374,634,7.097791798107256,13.8801261829653,41.798107255520506,26.182965299684543,2.2082018927444795,2045,200,773,268,9.7799511002445,37.79951100244499,5.259670768241484,TRUE,FALSE,4-6,inside the Ring,West Berlin
081Q,1189,787,7.242693773824651,9.021601016518424,16.645489199491742,51.84243964421855,5.844980940279543,0.8894536213468869,575,13.565217391304348,17.391304347826086,29.565217391304348,24,5.391304347826087,2160,280,734,363,12.962962962962964,33.98148148148148,5.160502740126831,TRUE,FALSE,4-6,inside the Ring,West Berlin
081R,1100,796,4.396984924623116,7.788944723618091,18.34170854271357,55.778894472361806,4.522613065326633,0.3768844221105528,625,8.8,13.44,34.24,28.64,2.88,2139,212,811,344,9.911173445535297,37.914913510986445,5.442144613857437,TRUE,FALSE,4-6,inside the Ring,West Berlin
081S,1048,777,5.276705276705277,8.751608751608751,19.948519948519948,56.88545688545688,3.088803088803089,0.3861003861003861,586,7.508532423208191,13.993174061433447,39.59044368600683,27.64505119453925,2.7303754266211606,2144,165,895,299,7.69589552238806,41.74440298507463,5.661209708074609,TRUE,FALSE,4-6,inside the Ring,West Berlin
081T,1170,884,6.447963800904978,7.239819004524887,19.23076923076923,51.69683257918552,5.542986425339366,1.244343891402715,721,8.876560332871012,15.117891816920944,35.64493758668516,27.184466019417474,3.0513176144244105,2042,213,659,260,10.430950048971596,32.27228207639569,5.883851758466152,TRUE,FALSE,4-6,inside the Ring,West Berlin
081U,1065,787,11.054637865311308,13.595933926302415,10.673443456162643,36.213468869123254,14.612452350698856,1.7789072426937738,647,22.874806800618238,19.629057187017,17.001545595054097,13.75579598145286,10.664605873261205,1256,297,84,84,23.646496815286625,6.687898089171974,5.645371967061272,TRUE,FALSE,4-6,inside the Ring,West Berlin
081V,861,686,3.498542274052478,9.475218658892128,23.61516034985423,51.16618075801749,5.1020408163265305,0.5830903790087464,586,8.19112627986348,15.699658703071673,35.83617747440273,27.986348122866893,2.5597269624573378,1648,120,633,170,7.281553398058253,38.41019417475728,6.598464253122176,TRUE,FALSE,6-8,inside the Ring,West Berlin
082A,1983,1409,5.039034776437189,7.877927608232789,21.930447125621008,51.525904897090136,4.68417317246274,0.9226401703335699,1128,8.24468085106383,13.829787234042554,34.13120567375886,25.177304964539008,3.0141843971631204,3984,451,1682,543,11.320281124497992,42.21887550200803,4.769624485655852,TRUE,FALSE,4-6,inside the Ring,West Berlin
082B,2009,1500,3.8666666666666667,7.666666666666667,21.6,53.6,4.8,0.4,1219,7.301066447908122,12.87940935192781,40.525020508613615,24.61033634126333,2.6251025430680888,3714,411,1352,541,11.066235864297253,36.402800215401186,5.081836927391161,TRUE,FALSE,4-6,inside the Ring,West Berlin
082C,1164,897,8.02675585284281,9.03010033444816,26.867335562987737,44.03567447045708,4.013377926421405,1.560758082497213,725,10.758620689655173,14.068965517241379,40.55172413793103,20,1.9310344827586208,2174,254,741,292,11.683532658693652,34.08463661453542,4.4494143464412295,TRUE,FALSE,4-6,inside the Ring,West Berlin
082D,1147,824,4.490291262135922,8.495145631067961,19.41747572815534,54.36893203883495,4.490291262135922,0.6067961165048543,668,10.479041916167665,17.81437125748503,37.275449101796404,23.05389221556886,1.4970059880239521,2209,232,808,335,10.502489814395654,36.57763693979176,5.135296060659688,TRUE,FALSE,4-6,inside the Ring,West Berlin
082E,2237,1272,4.088050314465409,8.726415094339623,13.60062893081761,55.81761006289308,8.176100628930818,0.7075471698113207,998,13.326653306613226,16.432865731462925,27.955911823647295,26.65330661322645,4.809619238476954,4328,527,1614,826,12.17652495378928,37.292051756007396,5.519332529552305,TRUE,FALSE,4-6,inside the Ring,West Berlin
082F,1917,1457,6.177076183939602,7.0006863417982155,21.82566918325326,53.397391901166785,4.049416609471517,0.34317089910775567,1164,8.934707903780069,12.800687285223368,38.402061855670105,28.350515463917525,2.2336769759450172,3321,355,1109,418,10.689551339957845,33.3935561577838,5.284280475111261,TRUE,FALSE,4-6,inside the Ring,West Berlin
082G,1121,761,5.519053876478318,10.11826544021025,19.579500657030223,51.51116951379763,5.913272010512483,0.5256241787122208,606,7.260726072607261,13.531353135313532,35.973597359735976,22.937293729372936,4.29042904290429,2249,269,877,362,11.960871498443753,38.99510893730547,5.582064359471022,TRUE,FALSE,4-6,inside the Ring,West Berlin
082H,1115,823,4.374240583232078,8.262454434993925,19.441069258809236,58.201701093560146,3.280680437424058,0.48602673147023084,607,5.766062602965404,10.70840197693575,36.902800658978585,31.13673805601318,1.9769357495881383,2227,173,920,310,7.76829815895824,41.31118096093399,5.337403742801299,TRUE,FALSE,4-6,inside the Ring,West Berlin
082J,1077,769,6.111833550065019,9.492847854356308,22.886866059817944,50.455136540962286,3.5110533159947983,0.5201560468140443,633,10.584518167456556,15.797788309636651,37.44075829383886,22.748815165876778,2.6856240126382307,2106,245,806,256,11.633428300094966,38.27160493827161,6.158950729633216,TRUE,FALSE,6-8,inside the Ring,West Berlin
082K,1123,809,7.5401730531520395,9.517923362175525,20.3955500618047,49.81458590852905,5.315203955500618,1.4833127317676142,623,11.235955056179776,17.014446227929373,36.43659711075441,22.953451043338685,4.173354735152488,2190,288,850,325,13.150684931506849,38.81278538812786,5.443634559531551,TRUE,FALSE,4-6,inside the Ring,West Berlin
082L,2088,1550,5.935483870967742,6.516129032258065,20.774193548387096,53.354838709677416,6.580645161290323,0.45161290322580644,1231,9.0982940698619,12.266450040617384,41.18602761982128,24.695369618196587,3.736799350121852,3807,347,1325,533,9.114788547412662,34.80430785395325,5.5786724113651704,TRUE,FALSE,4-6,inside the Ring,West Berlin
082M,2035,1490,4.563758389261745,7.9865771812080535,19.86577181208054,52.348993288590606,6.442953020134228,0.5369127516778524,1208,10.016556291390728,13.907284768211921,35.43046357615894,24.00662251655629,4.2218543046357615,3378,411,980,475,12.16696269982238,29.01124925991711,5.597427965109604,TRUE,FALSE,4-6,inside the Ring,West Berlin
082N,1093,778,5.3984575835475574,9.897172236503856,22.493573264781492,47.81491002570694,6.5552699228791775,0.3856041131105398,628,8.598726114649681,13.694267515923567,39.968152866242036,23.248407643312103,3.821656050955414,1844,216,591,291,11.713665943600867,32.049891540130155,6.1109009303173165,TRUE,FALSE,6-8,inside the Ring,West Berlin
082P,2036,1363,5.57593543653705,7.850330154071901,15.553925165077036,54.145267791636094,7.850330154071901,0.880410858400587,988,11.133603238866396,16.295546558704455,29.453441295546558,28.036437246963562,5.364372469635628,3621,463,1190,571,12.786523059928196,32.863849765258216,5.920101320480388,TRUE,FALSE,4-6,inside the Ring,West Berlin
082Q,2160,1514,6.803170409511228,8.652575957727873,14.464993394980185,54.8216644649934,6.142668428005284,1.1228533685601056,1144,12.937062937062937,16.958041958041957,29.458041958041957,26.573426573426573,3.234265734265734,4349,486,1694,686,11.174982754656243,38.95148309956312,6.101366728949216,TRUE,FALSE,6-8,inside the Ring,West Berlin
082R,1993,1355,4.797047970479705,7.380073800738008,18.081180811808117,53.874538745387454,6.642066420664206,0.959409594095941,1047,11.3658070678128,16.6189111747851,32.9512893982808,25.310410697230182,3.7249283667621778,3740,373,1382,501,9.973262032085561,36.95187165775401,6.393566650113865,TRUE,FALSE,6-8,inside the Ring,West Berlin
082S,1880,1410,3.971631205673759,7.588652482269503,23.54609929078014,53.40425531914894,4.822695035460993,0.6382978723404256,1088,7.077205882352941,14.0625,39.43014705882353,27.389705882352942,2.9411764705882355,3414,358,1271,431,10.486233157586408,37.2290568248389,6.227086876415106,TRUE,FALSE,6-8,inside the Ring,West Berlin
082T,2162,1423,4.848910751932537,8.854532677442023,15.881939564300772,55.65706254392129,5.762473647224175,0.7730147575544624,1092,10.897435897435898,11.446886446886447,34.70695970695971,27.106227106227106,4.1208791208791204,4838,361,2170,680,7.461761058288549,44.85324514262092,6.160838037129468,TRUE,FALSE,6-8,inside the Ring,West Berlin
082U,1787,1262,4.437400950871632,6.497622820919176,18.7797147385103,54.5958795562599,5.3882725832012675,1.109350237717908,1023,8.01564027370479,13.00097751710655,34.89736070381232,29.423264907135874,2.6392961876832843,3483,292,1300,568,8.383577375825437,37.324145851277635,6.607063379590944,TRUE,FALSE,6-8,inside the Ring,West Berlin
083A,1816,1406,6.970128022759602,8.961593172119487,24.466571834992887,46.65718349928876,4.978662873399715,0.7112375533428165,1158,9.32642487046632,15.716753022452504,37.99654576856649,23.316062176165804,3.8860103626943006,3084,333,927,374,10.797665369649806,30.058365758754864,6.620730871223744,TRUE,FALSE,6-8,inside the Ring,West Berlin
083B,1980,1380,5.144927536231884,7.753623188405797,17.971014492753625,57.10144927536232,4.63768115942029,0.36231884057971014,1158,6.7357512953367875,13.298791018998273,35.57858376511226,26.25215889464594,3.9723661485319517,3842,372,1454,600,9.682457053617908,37.84487246225924,6.675868492085375,TRUE,FALSE,6-8,inside the Ring,West Berlin
083C,1884,1377,5.737109658678286,7.915758896151053,17.501815541031227,54.538852578068266,5.954974582425563,0.7988380537400145,1119,9.472743521000893,13.22609472743521,36.371760500446825,25.201072386058982,3.395889186773905,3563,335,1249,523,9.402189166432782,35.054729160819534,6.7950464655891265,TRUE,FALSE,6-8,inside the Ring,West Berlin
083D,2053,1446,5.117565698478561,7.19225449515906,21.991701244813278,51.45228215767635,6.016597510373444,0.7607192254495159,1165,8.412017167381974,14.24892703862661,36.39484978540773,24.463519313304722,3.948497854077253,3883,386,1439,463,9.9407674478496,37.058975019314964,6.975959681589977,TRUE,FALSE,6-8,inside the Ring,West Berlin
083E,2987,1507,7.962840079628401,11.347047113470472,6.436629064366291,52.95288652952887,8.42733908427339,0.79628400796284,1201,24.812656119900083,25.7285595337219,9.908409658617819,15.487094088259784,7.410491257285595,7837,811,3825,1333,10.348347581982901,48.80694143167028,7.4923823848981135,FALSE,FALSE,6-8,outside the Ring,West Berlin
083F,1700,1097,17.502278942570648,15.405651777575205,10.027347310847766,27.529626253418414,15.86144029170465,1.731996353691887,739,30.717185385656293,23.41001353179973,11.366711772665765,12.449255751014885,7.577807848443843,2840,631,830,439,22.218309859154928,29.225352112676056,8.053940730131746,FALSE,FALSE,8-11,outside the Ring,West Berlin
083G,3575,1765,8.271954674220963,12.974504249291785,3.909348441926346,43.79603399433428,13.654390934844193,1.5864022662889519,1079,28.730305838739575,30.67655236329935,5.004633920296571,10.843373493975903,9.63855421686747,7159,1001,2340,1673,13.9823997765051,32.68612934767425,8.634921210116005,FALSE,FALSE,8-11,outside the Ring,West Berlin
083H,2147,1372,8.309037900874635,11.807580174927114,14.941690962099125,51.74927113702624,5.029154518950437,0.7288629737609329,1190,14.957983193277311,19.41176470588235,31.092436974789916,19.57983193277311,3.7815126050420167,4297,543,1738,717,12.636723295322318,40.44682336513847,6.54999609347322,FALSE,FALSE,6-8,outside the Ring,West Berlin
083J,2396,1615,10.588235294117647,11.08359133126935,17.027863777089784,42.10526315789474,7.678018575851393,1.3622291021671826,1157,20.65687121866897,20.397579948141747,22.644770959377702,17.45894554883319,6.1365600691443385,4358,613,1384,780,14.066085360256999,31.757687012391006,6.9411757107403504,FALSE,FALSE,6-8,outside the Ring,West Berlin
083K,2388,1473,12.830957230142566,11.405295315682281,8.55397148676171,31.43245078071962,19.823489477257297,1.9687712152070604,1008,29.66269841269841,24.503968253968253,12.698412698412698,11.706349206349206,9.027777777777779,4203,705,1354,562,16.773733047822983,32.21508446347847,7.290322466813594,FALSE,FALSE,6-8,outside the Ring,West Berlin
083L,2306,1452,6.74931129476584,10.192837465564738,14.118457300275482,49.44903581267218,8.746556473829202,1.5151515151515151,1023,16.422287390029325,15.347018572825025,27.565982404692082,21.21212121212121,5.865102639296188,4998,483,2268,701,9.663865546218487,45.378151260504204,7.188796036002403,FALSE,FALSE,6-8,outside the Ring,West Berlin
083M,2131,1451,7.856650585802894,9.786354238456237,14.266023432115782,48.51826326671261,9.166092350103376,1.3783597518952446,988,14.574898785425102,15.080971659919028,27.93522267206478,23.279352226720647,6.275303643724697,3918,451,1438,593,11.510974987238386,36.702399183256766,6.806077557935522,FALSE,FALSE,6-8,outside the Ring,West Berlin
083N,2197,1278,10.954616588419405,12.754303599374023,9.23317683881064,37.480438184663534,14.788732394366198,1.408450704225352,930,27.526881720430108,25.376344086021504,14.408602150537634,13.010752688172044,8.494623655913978,4284,553,1531,749,12.908496732026144,35.737628384687206,7.705224619019152,FALSE,FALSE,6-8,outside the Ring,West Berlin
083P,1990,1378,20.174165457184326,14.731494920174166,12.264150943396226,23.367198838896954,17.34397677793904,2.1044992743105952,1060,31.9811320754717,24.339622641509433,15.09433962264151,8.018867924528301,10.09433962264151,3639,762,1248,425,20.93981863149217,34.295136026380874,8.367074704326397,FALSE,FALSE,8-11,outside the Ring,West Berlin
083Q,2304,1411,15.662650602409638,15.662650602409638,6.307583274273565,25.79730687455705,21.828490432317505,1.8426647767540751,1015,34.77832512315271,26.995073891625616,9.753694581280788,7.487684729064039,10.64039408866995,3574,742,854,597,20.76105204252938,23.894795747062116,7.910673334294769,FALSE,FALSE,6-8,outside the Ring,West Berlin
084A,2233,1540,26.883116883116884,18.116883116883116,5.51948051948052,14.025974025974026,23.571428571428573,2.727272727272727,1335,42.02247191011236,26.816479400749063,4.269662921348314,3.595505617977528,9.737827715355806,3293,1008,575,415,30.610385666565442,17.461281506225326,9.988095212208744,FALSE,FALSE,8-11,outside the Ring,West Berlin
084B,2066,1454,30.674002751031637,14.855570839064649,5.983493810178817,17.950481430536453,17.744154057771663,2.751031636863824,1365,44.83516483516483,25.56776556776557,6.813186813186813,4.761904761904762,6.73992673992674,2926,803,435,463,27.44360902255639,14.866712235133289,10.158917908698701,FALSE,FALSE,8-11,outside the Ring,West Berlin
084C,1916,1426,35.20336605890603,14.375876577840112,5.890603085553997,12.97335203366059,19.284712482468443,4.207573632538569,1369,50.03652300949598,20.818115412710007,5.6245434623813,3.3601168736303872,8.108108108108109,2774,728,490,410,26.24369142033165,17.664023071377073,11.181449005160527,FALSE,FALSE,11-15,outside the Ring,West Berlin
084D,927,710,25.91549295774648,15.633802816901408,8.732394366197184,17.887323943661972,18.309859154929576,3.6619718309859155,626,38.65814696485623,20.766773162939298,9.26517571884984,5.9105431309904155,10.543130990415335,1434,313,345,185,21.82705718270572,24.05857740585774,10.433989216704662,FALSE,FALSE,8-11,outside the Ring,West Berlin
084E,1082,769,22.756827048114435,15.864759427828348,6.631989596879063,18.985695708712615,21.976592977893368,2.210663198959688,655,35.87786259541985,25.34351145038168,7.786259541984733,4.885496183206107,11.145038167938932,1581,398,343,200,25.17394054395952,21.695129664769134,9.972463978139734,FALSE,FALSE,8-11,outside the Ring,West Berlin
084F,2167,1416,26.271186440677965,17.161016949152543,7.69774011299435,18.43220338983051,18.997175141242938,2.6129943502824857,1240,41.45161290322581,27.903225806451612,6.209677419354839,4.758064516129032,8.709677419354838,3140,942,598,482,30,19.044585987261147,10.6463877897736,FALSE,FALSE,8-11,outside the Ring,West Berlin
084G,2153,1345,18.736059479553905,15.018587360594795,8.475836431226766,21.858736059479554,21.04089219330855,2.2304832713754648,1162,34.76764199655766,24.612736660929432,9.036144578313253,5.76592082616179,11.790017211703958,3109,657,670,424,21.13219684786105,21.550337729173368,9.671230493010125,FALSE,FALSE,8-11,outside the Ring,West Berlin
084H,2092,1305,19.54022988505747,19.386973180076627,5.210727969348659,21.60919540229885,20.613026819923373,1.7624521072796935,1180,39.66101694915254,31.10169491525424,3.8983050847457625,5.254237288135593,9.6610169491525415,3338,933,876,632,27.950868783702816,26.243259436788495,10.648153653141096,FALSE,FALSE,8-11,outside the Ring,West Berlin
084J,2120,907,21.389195148842337,20.17640573318633,3.9691289966923926,18.96361631753032,22.160970231532524,2.094818081587652,1024,38.57421875,31.8359375,3.02734375,4.8828125,12.40234375,3221,984,758,638,30.54951878298665,23.533064265755975,11.048464221542886,FALSE,FALSE,11-15,outside the Ring,West Berlin
084K,3268,1866,21.114683815648444,18.435155412647376,3.1618435155412645,24.330117899249732,19.828510182207932,1.5541264737406217,1464,40.778688524590166,30.669398907103826,4.2349726775956285,5.8743169398907105,10.109289617486338,5531,1229,1351,1349,22.220213342975953,24.425962755378773,11.285575681025064,FALSE,FALSE,11-15,outside the Ring,West Berlin
084L,2858,1696,19.044811320754718,17.57075471698113,3.5377358490566038,22.287735849056602,23.99764150943396,2.1226415094339623,1414,37.41159830268741,31.32956152758133,3.3946251768033946,4.596888260254597,13.366336633663366,4576,1211,1091,907,26.46416083916084,23.841783216783217,11.665464181037771,FALSE,FALSE,11-15,outside the Ring,West Berlin
084M,2006,1331,27.64838467317806,18.482344102178814,3.9819684447783623,18.106686701728023,20.36063110443276,2.629601803155522,1095,44.47488584474886,27.579908675799086,4.383561643835616,3.0136986301369864,9.58904109589041,3025,857,656,607,28.330578512396695,21.68595041322314,11.135177049496182,FALSE,FALSE,11-15,outside the Ring,West Berlin
084N,2420,1537,25.439167208848406,16.590761223162005,5.009759271307742,18.802862719583604,20.88484059856864,2.9277813923227067,1200,45.5,25.416666666666668,5,4.416666666666667,10.833333333333334,4130,1008,1221,687,24.406779661016948,29.564164648910413,11.660484818789293,FALSE,FALSE,11-15,outside the Ring,West Berlin
084P,2171,1196,18.22742474916388,18.97993311036789,3.9297658862876252,22.073578595317727,23.91304347826087,1.839464882943144,893,38.96976483762598,28.21948488241881,4.927211646136618,5.151175811870101,14.221724524076148,3518,793,865,684,22.5412166003411,24.58783399658897,11.96148892911031,FALSE,FALSE,11-15,outside the Ring,West Berlin
084Q,2951,1678,19.129916567342075,18.891537544696067,3.8140643623361146,21.33492252681764,22.526817640047675,1.8474374255065553,1355,39.11439114391144,30.84870848708487,3.690036900369004,3.837638376383764,14.243542435424354,4570,1149,963,1047,25.142231947483587,21.072210065645514,11.935748202545893,FALSE,FALSE,11-15,outside the Ring,West Berlin
085A,2134,1410,25.46099290780142,15.602836879432624,12.4822695035461,18.581560283687942,13.97163120567376,3.971631205673759,1258,37.51987281399046,22.33704292527822,12.559618441971383,5.643879173290938,7.5516693163751984,3420,777,796,464,22.719298245614034,23.27485380116959,8.201112633900594,FALSE,FALSE,8-11,outside the Ring,West Berlin
085B,1060,886,31.82844243792325,17.042889390519186,12.302483069977427,15.011286681715575,10.496613995485328,5.530474040632054,824,40.04854368932039,23.54368932038835,13.83495145631068,3.3980582524271843,3.883495145631068,1533,365,203,253,23.80952380952381,13.242009132420092,9.035370073289222,FALSE,FALSE,8-11,outside the Ring,West Berlin
085C,1038,679,22.827687776141385,21.06038291605302,6.480117820324006,12.960235640648012,22.97496318114875,2.3564064801178204,612,37.908496732026144,25,6.045751633986928,3.5947712418300655,11.601307189542483,1391,324,205,163,23.292595255212078,14.737598849748382,9.650490055629588,FALSE,FALSE,8-11,outside the Ring,West Berlin
085D,1873,1432,15.293296089385475,18.924581005586592,18.08659217877095,22.55586592178771,13.61731843575419,2.9329608938547485,1257,25.69610182975338,26.332537788385043,17.104216388225936,8.750994431185362,7.319013524264121,2601,573,364,248,22.029988465974625,13.994617454825068,8.876858475218857,FALSE,FALSE,8-11,outside the Ring,West Berlin
085E,917,753,16.600265604249667,19.256308100929616,18.06108897742364,21.248339973439574,13.147410358565738,1.593625498007968,662,25.226586102719033,30.211480362537763,20.996978851963746,7.552870090634441,4.833836858006042,1256,284,130,132,22.611464968152866,10.35031847133758,9.125916980288187,FALSE,FALSE,8-11,outside the Ring,West Berlin
085F,2229,1404,19.08831908831909,21.296296296296298,8.68945868945869,17.02279202279202,20.22792022792023,2.5641025641025643,1192,32.63422818791946,28.27181208053691,9.228187919463087,5.87248322147651,11.157718120805368,3258,889,628,409,27.286678944137506,19.2756292203806,8.922884527605532,FALSE,FALSE,8-11,outside the Ring,West Berlin
085G,1959,1382,16.280752532561504,14.616497829232996,11.722141823444284,21.562952243125906,22.575976845151953,2.7496382054992763,1151,30.92962641181581,26.498696785403997,13.119026933101651,6.516072980017376,10.860121633362294,2645,632,338,307,23.89413988657845,12.77882797731569,9.451787879730388,FALSE,FALSE,8-11,outside the Ring,West Berlin
085H,1932,1369,26.6617969320672,16.654492330168004,5.186267348429511,15.558802045288532,22.790357925493062,3.4331628926223523,1223,43.99018806214227,26.819296811120196,4.497138184791496,2.7800490596892886,10.7113654946852,2782,773,558,330,27.785765636232927,20.057512580877066,10.274405509546208,FALSE,FALSE,8-11,outside the Ring,West Berlin
085J,2017,1496,34.157754010695186,15.641711229946525,6.483957219251337,11.163101604278076,21.122994652406415,2.807486631016043,1404,45.86894586894587,24.572649572649574,5.056980056980057,2.9914529914529915,9.401709401709402,2606,876,285,276,33.61473522640061,10.936300844205679,10.23900070840722,FALSE,FALSE,8-11,outside the Ring,West Berlin
085K,2651,1937,23.799690242643262,15.023231801755292,7.743933918430563,14.81672689726381,23.128549303045947,3.4073309241094476,1695,40.825958702064895,24.71976401179941,7.669616519174041,4.424778761061947,10.737463126843657,3627,870,532,436,23.986765922249795,14.667769506479184,10.885744044053574,FALSE,FALSE,8-11,outside the Ring,West Berlin
085L,1771,1286,33.90357698289269,13.608087091757387,6.376360808709176,12.28615863141524,21.30637636080871,2.177293934681182,1086,48.25046040515654,21.54696132596685,6.445672191528545,2.7624309392265194,10.773480662983426,2639,669,538,378,25.350511557408108,20.386510041682456,11.463239190602202,FALSE,FALSE,11-15,outside the Ring,West Berlin
085M,1824,1301,25.518831667947733,14.911606456571867,5.841660261337433,14.604150653343583,23.90468870099923,3.7663335895465027,1178,44.56706281833616,23.514431239388795,5.432937181663837,2.6315789473684212,12.054329371816639,2687,735,477,384,27.353926311871977,17.752139933010792,10.903764944285387,FALSE,FALSE,8-11,outside the Ring,West Berlin
085N,1780,1422,33.12236286919831,14.556962025316455,8.79043600562588,11.251758087201125,18.776371308016877,3.3052039381153304,1261,47.73988897700238,22.12529738302934,8.009516256938937,3.647898493259318,8.009516256938937,2480,641,413,278,25.846774193548388,16.653225806451612,11.696245502549711,FALSE,FALSE,11-15,outside the Ring,West Berlin
085P,1620,1041,22.574447646493756,12.487992315081652,5.667627281460135,18.635926993275696,24.111431316042268,2.3054755043227666,839,41.95470798569726,28.128724672228845,4.290822407628129,3.575685339690107,11.680572109654351,2703,535,601,409,19.792822789493155,22.234554199038104,11.566583661585593,FALSE,FALSE,11-15,outside the Ring,West Berlin
085Q,1757,1224,26.225490196078432,17.320261437908496,5.9640522875816995,17.075163398692812,19.68954248366013,3.104575163398693,1011,45.89515331355094,27.992087042532145,5.9347181008902075,3.3630069238377844,8.308605341246292,2580,610,501,334,23.643410852713178,19.41860465116279,11.350230607839778,FALSE,FALSE,11-15,outside the Ring,West Berlin
085R,3036,1756,22.095671981776764,16.23006833712984,4.271070615034168,22.03872437357631,19.874715261958997,2.164009111617312,1492,43.90080428954423,27.613941018766756,5.160857908847185,3.552278820375335,11.058981233243967,5605,1123,2026,878,20.035682426404996,36.14629794826048,11.853708993033246,FALSE,FALSE,11-15,outside the Ring,West Berlin
085S,1873,1254,28.86762360446571,16.905901116427433,4.545454545454546,14.752791068580542,20.972886762360446,4.226475279106858,1047,43.83954154727794,23.59121298949379,4.871060171919771,3.5339063992359123,13.753581661891117,2769,697,546,392,25.171542072950523,19.718309859154928,11.148007391339439,FALSE,FALSE,11-15,outside the Ring,West Berlin
085T,1901,1291,24.55460883036406,16.421378776142525,5.731990704879938,22.695584817970566,17.118512780790084,3.098373353989156,985,41.82741116751269,24.365482233502537,6.802030456852792,5.177664974619289,11.472081218274111,3317,612,1001,495,18.450406994271933,30.17787157069641,11.63501607908717,FALSE,FALSE,11-15,outside the Ring,West Berlin
086A,3080,1836,13.88888888888889,16.285403050108933,3.812636165577342,30.33769063180828,20.915032679738562,1.579520697167756,1427,35.0385423966363,27.189908899789767,4.204625087596356,5.956552207428171,12.053258584442887,5077,959,1171,1209,18.889107740791808,23.06480204845381,12.377488825849175,FALSE,FALSE,11-15,outside the Ring,West Berlin
086B,2061,1108,12.184115523465705,17.779783393501805,2.7978339350180503,30.415162454873645,24.27797833935018,1.8050541516245486,903,36.10188261351052,26.79955703211517,5.2048726467331115,5.869324473975637,13.732004429678849,3783,611,1056,887,16.151202749140893,27.914353687549564,12.535201004308437,FALSE,FALSE,11-15,outside the Ring,West Berlin
086C,1954,1467,33.87866394001363,17.38241308793456,8.248125426039536,10.633946830265849,19.56373551465576,2.658486707566462,1382,46.816208393632415,23.444283646888568,6.58465991316932,3.979739507959479,8.972503617945007,2814,690,449,422,24.520255863539447,15.955934612651031,12.524382555648797,FALSE,FALSE,11-15,outside the Ring,West Berlin
086D,864,657,39.269406392694066,14.61187214611872,6.544901065449011,10.502283105022832,18.264840182648403,2.2831050228310503,646,50.92879256965944,23.529411764705884,3.0959752321981426,3.0959752321981426,7.120743034055727,1176,318,164,169,27.040816326530614,13.945578231292517,12.159481551083395,FALSE,FALSE,11-15,outside the Ring,West Berlin
086E,1837,1340,29.70149253731343,15.82089552238806,5.746268656716418,14.701492537313433,20.746268656716417,3.5074626865671643,1253,47.007182761372704,25.538707102952912,4.628890662410216,2.075019952114924,9.896249002394255,2660,737,554,339,27.706766917293233,20.827067669172934,12.78953337756622,FALSE,FALSE,11-15,outside the Ring,West Berlin
086F,2594,1822,25.850713501646542,16.794731064763997,6.641053787047201,15.75192096597146,23.54555433589462,3.0186608122941823,1640,41.76829268292683,27.317073170731707,5.365853658536586,3.292682926829268,11.524390243902438,3990,965,747,430,24.18546365914787,18.721804511278197,13.716793574921965,FALSE,FALSE,11-15,outside the Ring,West Berlin
086G,1720,1304,29.984662576687118,18.328220858895705,8.205521472392638,12.806748466257668,20.16871165644172,1.8404907975460123,1125,41.955555555555556,25.955555555555556,8.444444444444445,2.7555555555555555,10.311111111111112,2382,693,321,359,29.093198992443323,13.476070528967254,13.310852139794084,FALSE,FALSE,11-15,outside the Ring,West Berlin
086H,1940,1378,26.560232220609578,19.81132075471698,7.111756168359942,12.336719883889696,22.133526850507984,2.3222060957910013,1161,40.74074074074074,26.701119724375538,4.823428079242032,4.134366925064599,11.972437553832902,2780,926,458,310,33.30935251798561,16.47482014388489,13.362887439411189,FALSE,FALSE,11-15,outside the Ring,West Berlin
086J,1786,1400,33.214285714285715,17.142857142857142,8.785714285714286,10.071428571428571,20.285714285714285,3.2857142857142856,1277,47.533281127642915,25.92012529365701,6.108065779169929,2.349256068911511,9.866875489428347,2438,677,306,242,27.768662838392125,12.551271534044298,13.070708894492244,FALSE,FALSE,11-15,outside the Ring,West Berlin
086K,1718,1345,32.193308550185876,17.026022304832715,8.401486988847584,9.516728624535316,20.892193308550187,3.197026022304833,1259,47.49801429706116,23.98729150119142,5.798252581413821,2.7799841143764894,10.16679904686259,2253,620,195,236,27.518863737239236,8.655126498002662,14.044877657389465,FALSE,FALSE,11-15,outside the Ring,West Berlin
086L,2548,1877,28.71603622802344,14.651038891848694,5.487480021310602,12.573255194459243,24.400639318060737,2.3974427277570594,1655,44.35045317220544,24.47129909365559,5.981873111782478,3.806646525679758,10.694864048338369,3589,856,496,424,23.85065477848983,13.820005572582891,14.282025881473096,FALSE,FALSE,11-15,outside the Ring,West Berlin
086M,1983,1382,24.96382054992764,19.39218523878437,4.2691751085383505,12.228654124457309,27.85817655571635,2.0260492040520983,1154,44.36741767764298,25.823223570190642,4.679376083188908,3.2062391681109186,13.17157712305026,2792,739,327,285,26.468481375358166,11.712034383954155,14.363941697491889,FALSE,FALSE,11-15,outside the Ring,West Berlin
086N,2761,1931,26.87726566545831,14.500258933195235,5.385810460901087,13.93060590367685,27.49870533402382,1.9161056447436562,1628,40.97051597051597,24.01719901719902,5.405405405405405,3.43980343980344,13.574938574938574,3931,808,521,449,20.55456626812516,13.253625031798524,15.333403695597607,FALSE,FALSE,15+,outside the Ring,West Berlin
086P,1793,1195,26.694560669456067,18.91213389121339,5.857740585774058,11.631799163179917,24.602510460251047,2.426778242677824,1194,43.63484087102177,24.87437185929648,5.778894472361809,4.187604690117253,11.222780569514239,2447,586,298,338,23.947691050265632,12.178177360032693,15.060441677964306,FALSE,FALSE,15+,outside the Ring,West Berlin
086Q,944,709,34.97884344146686,15.796897038081806,7.193229901269394,10.155148095909732,17.48942172073343,3.5260930888575457,587,49.23339011925042,25.894378194207835,4.770017035775128,3.2367972742759794,9.028960817717206,1311,342,175,184,26.08695652173913,13.348588863463005,14.52877358005576,FALSE,FALSE,11-15,outside the Ring,West Berlin
086R,1071,809,36.46477132262052,16.31644004944376,5.80964153275649,11.248454882571075,18.54140914709518,3.3374536464771323,648,47.68518518518518,24.537037037037038,6.172839506172839,3.3950617283950617,8.796296296296296,1534,456,276,228,29.726205997392437,17.99217731421121,13.973605600232908,FALSE,FALSE,11-15,outside the Ring,West Berlin
086S,1967,1577,31.959416613823716,15.53582752060875,7.67279644895371,12.74571972098922,19.59416613823716,4.56563094483196,1383,48.5177151120752,22.559652928416487,7.375271149674621,3.036876355748373,8.170643528561099,2789,536,267,387,19.21835783434923,9.573323771961276,14.722775579017176,FALSE,FALSE,11-15,outside the Ring,West Berlin
091A,1975,1607,9.831985065339142,9.085252022401992,23.771001866832606,40.75917859365277,6.658369632856254,1.866832607342875,1312,11.28048780487805,11.432926829268293,33.99390243902439,24.847560975609756,4.496951219512195,2989,340,579,281,11.375041820006691,19.371027099364337,5.341817624828815,TRUE,TRUE,4-6,inside the Ring,East Berlin
091B,1886,1483,7.4173971679029,9.372892784895482,15.778826702629804,46.19015509103169,9.97977073499663,1.2137559002022926,1279,11.25879593432369,12.744331508991399,32.681782642689605,23.534010946051602,5.629397967161845,2672,353,434,203,13.211077844311378,16.24251497005988,5.602845049880372,TRUE,TRUE,4-6,inside the Ring,East Berlin
091C,2025,1637,6.047648136835675,6.719609040928527,21.747098350641416,49.17532070861332,6.169822846670739,0.9773976786805131,1373,10.852148579752367,12.017479970866715,34.52294246176256,23.670793882010198,4.879825200291333,3162,270,722,222,8.538899430740038,22.833649588867804,5.484341474745813,TRUE,TRUE,4-6,inside the Ring,East Berlin
091D,1086,871,11.595866819747418,10.103329506314582,22.388059701492537,37.772675086107924,8.151549942594718,1.492537313432836,718,15.181058495821727,11.838440111420613,32.033426183844014,18.941504178272982,4.874651810584958,1577,291,284,159,18.45275840202917,18.00887761572606,5.736297908757296,TRUE,TRUE,4-6,inside the Ring,East Berlin
091E,1621,1274,6.9073783359497645,8.634222919937205,21.978021978021978,48.430141287284144,4.631083202511774,1.4913657770800628,1091,8.615948670944087,11.090742438130157,33.82218148487626,26.03116406966086,2.841429880843263,3044,153,944,380,5.026281208935611,31.011826544021027,6.597082089258126,FALSE,TRUE,6-8,outside the Ring,East Berlin
091F,1805,1505,9.368770764119601,8.970099667774086,21.727574750830566,41.66112956810631,7.2425249169435215,1.7275747508305648,1356,12.020648967551622,14.085545722713864,30.088495575221238,21.16519174041298,5.088495575221239,2565,301,361,187,11.734892787524366,14.074074074074074,6.791687086343947,FALSE,TRUE,6-8,outside the Ring,East Berlin
091G,1937,1399,10.793423874195854,8.9349535382416,12.294496068620443,36.09721229449607,18.942101501072194,1.4295925661186561,1058,19.943289224952743,16.16257088846881,15.59546313799622,19.659735349716446,12.098298676748582,2553,447,459,174,17.508813160987074,17.978848413631024,7.907156827297488,FALSE,TRUE,6-8,outside the Ring,East Berlin
091H,1871,1297,9.86892829606785,9.483423284502699,7.632999228989977,36.39167309175019,23.670007710100233,1.2336160370084812,1052,21.958174904942965,15.96958174904943,12.547528517110266,21.197718631178706,11.977186311787072,2689,586,546,158,21.792487913722574,20.304946076608406,8.154598521391343,FALSE,TRUE,8-11,outside the Ring,East Berlin
091J,1849,1250,10.96,10.08,11.44,35.44,19.04,1.36,1005,17.01492537313433,14.72636815920398,16.119402985074625,21.29353233830846,11.940298507462687,2527,504,447,204,19.94459833795014,17.68895924020578,9.119666942672822,FALSE,TRUE,8-11,outside the Ring,East Berlin
091K,1856,1220,8.934426229508198,10.98360655737705,7.131147540983607,33.9344262295082,25.327868852459016,1.4754098360655739,952,20.903361344537814,18.277310924369747,9.873949579831933,18.69747899159664,17.331932773109244,2951,565,919,188,19.146052185699762,31.14198576753643,8.270565998669381,FALSE,TRUE,8-11,outside the Ring,East Berlin
091L,1947,1462,9.50752393980848,10.39671682626539,14.774281805745554,37.277701778385776,15.595075239398085,1.5047879616963065,1195,15.146443514644352,15.313807531380753,22.09205020920502,22.343096234309623,8.535564853556485,2841,406,562,212,14.290742696233721,19.781766983456528,9.129561668679637,FALSE,TRUE,8-11,outside the Ring,East Berlin
091M,1971,1522,7.424441524310118,9.986859395532194,16.819973718791065,40.73587385019711,13.337713534822601,1.773981603153745,1295,13.127413127413128,14.980694980694981,23.243243243243242,22.084942084942085,8.494208494208495,3003,318,689,222,10.589410589410589,22.943722943722943,9.170963133155912,FALSE,TRUE,8-11,outside the Ring,East Berlin
091N,1079,809,8.776266996291719,10.630407911001235,7.787391841779975,37.45364647713226,20.7663782447466,1.3597033374536465,679,23.12223858615611,18.40942562592047,7.511045655375552,18.556701030927837,15.316642120765833,1368,369,147,70,26.973684210526315,10.74561403508772,8.604698691400932,FALSE,TRUE,8-11,outside the Ring,East Berlin
091P,2042,1517,11.733684904416611,10.67897165458141,9.03098220171391,32.432432432432435,23.269611074489124,1.4502307185234014,1288,20.652173913043477,19.720496894409937,12.422360248447205,21.040372670807454,11.645962732919255,2659,823,338,135,30.95148552087251,12.711545693869876,8.993716963008115,FALSE,TRUE,8-11,outside the Ring,East Berlin
091Q,1921,1405,11.672597864768683,10.96085409252669,9.181494661921707,38.64768683274021,17.722419928825623,1.4946619217081851,1176,20.663265306122447,17.857142857142858,15.731292517006803,20.493197278911566,9.353741496598639,2685,632,466,196,23.538175046554933,17.355679702048416,9.540305412045777,FALSE,TRUE,8-11,outside the Ring,East Berlin
091R,1969,1478,10.960757780784844,13.937753721244926,11.840324763193506,32.47631935047362,17.117726657645466,1.4208389715832206,1272,19.339622641509433,17.845911949685533,15.80188679245283,20.440251572327043,9.984276729559749,2565,555,288,172,21.637426900584796,11.228070175438596,9.190581214293164,FALSE,TRUE,8-11,outside the Ring,East Berlin
092A,1852,1246,9.309791332263242,8.426966292134832,8.025682182985554,32.34349919743178,25.84269662921348,2.568218298555377,950,18.842105263157894,13.894736842105264,15.894736842105264,15.052631578947368,14.631578947368421,3406,365,1242,244,10.716382853787435,36.46506165590135,9.878246520067076,FALSE,TRUE,8-11,outside the Ring,East Berlin
092B,1899,1370,7.153284671532846,9.05109489051095,10.802919708029197,39.34306569343066,19.197080291970803,1.532846715328467,1014,12.820512820512821,14.792899408284024,16.173570019723865,20.512820512820515,13.708086785009861,3031,262,789,220,8.644011877268229,26.03101286704058,10.571824752894198,FALSE,TRUE,8-11,outside the Ring,East Berlin
092C,1909,1372,7.215743440233236,9.183673469387756,11.078717201166182,38.92128279883382,19.169096209912535,1.6034985422740524,1116,16.57706093189964,18.27956989247312,14.336917562724015,19.35483870967742,11.738351254480287,3104,359,859,171,11.565721649484535,27.673969072164947,12.409915920791532,FALSE,TRUE,11-15,outside the Ring,East Berlin
092D,1912,1428,9.943977591036415,9.173669467787114,11.344537815126051,36.554621848739494,18.137254901960784,1.8207282913165266,1183,16.990701606086223,18.681318681318682,17.49788672865596,17.836010143702453,11.242603550295858,2510,464,302,163,18.48605577689243,12.03187250996016,11.195015372475112,FALSE,TRUE,11-15,outside the Ring,East Berlin
092E,1850,1273,4.791830322073841,8.326787117046347,10.683424980361352,40.298507462686565,21.52395915161037,0.8641005498821681,1023,13.489736070381232,16.129032258064516,20.527859237536656,19.843597262952102,10.850439882697946,3393,314,1216,220,9.254347185381668,35.838491010904804,11.005219360779412,FALSE,TRUE,11-15,outside the Ring,East Berlin
092F,1773,1305,6.743295019157088,6.283524904214559,13.563218390804598,40.842911877394634,16.7816091954023,1.9157088122605364,914,14.00437636761488,14.332603938730854,20.13129102844639,20.13129102844639,11.597374179431073,2897,193,744,230,6.662064204349327,25.681739730755954,11.807872727191397,FALSE,TRUE,11-15,outside the Ring,East Berlin
092G,1866,1308,8.562691131498472,9.785932721712538,9.021406727828746,30.045871559633028,26.376146788990827,1.834862385321101,1053,16.999050332383664,18.138651471984804,12.725546058879392,17.094017094017094,15.384615384615385,2955,442,699,153,14.957698815566836,23.65482233502538,11.817143114151305,FALSE,TRUE,11-15,outside the Ring,East Berlin
092H,1793,1205,6.970954356846473,9.46058091286307,9.21161825726141,36.92946058091286,20.91286307053942,1.6597510373443984,967,16.23578076525336,17.890382626680456,16.649431230610134,17.78697001034126,11.168562564632886,2976,280,878,220,9.408602150537634,29.502688172043012,12.2863222554345,FALSE,TRUE,11-15,outside the Ring,East Berlin
092J,1910,1475,16.338983050847457,11.457627118644067,11.457627118644067,27.593220338983052,18.440677966101696,2.6440677966101696,1115,23.856502242152466,17.39910313901345,15.605381165919283,13.452914798206278,10.852017937219731,3277,444,1044,232,13.548977723527617,31.858407079646017,13.679300720548975,FALSE,TRUE,11-15,outside the Ring,East Berlin
092K,2102,1663,14.97294046903187,10.463018641010223,10.944076969332531,28.32230907997595,19.72339146121467,1.984365604329525,1256,21.576433121019107,16.480891719745223,16.95859872611465,17.356687898089174,11.863057324840764,2896,499,485,143,17.230662983425415,16.747237569060772,14.939952621377408,FALSE,TRUE,11-15,outside the Ring,East Berlin
092L,1977,1532,12.532637075718016,10.900783289817232,11.488250652741515,28.590078328981722,21.148825065274153,0.9138381201044387,1399,23.15939957112223,18.084345961401002,13.938527519656898,18.441744102930663,11.293781272337384,2557,577,294,123,22.565506452874462,11.497849041845914,14.885991175002065,FALSE,TRUE,11-15,outside the Ring,East Berlin
092M,1734,1194,9.463986599664992,8.291457286432161,13.23283082077052,38.44221105527638,18.34170854271357,1.5912897822445562,1004,18.725099601593627,15.836653386454183,16.03585657370518,19.422310756972113,13.346613545816734,2636,345,560,149,13.088012139605462,21.244309559939303,15.477108752920918,FALSE,TRUE,15+,outside the Ring,East Berlin
092N,1658,1288,18.400621118012424,9.627329192546584,10.79192546583851,22.981366459627328,23.524844720496894,2.1739130434782608,1040,26.442307692307693,18.75,12.5,16.634615384615383,12.211538461538462,2123,613,238,106,28.87423457371644,11.210551106924164,16.12378500804118,FALSE,TRUE,15+,outside the Ring,East Berlin
092P,1758,1365,16.19047619047619,11.868131868131869,12.893772893772894,29.01098901098901,17.655677655677657,2.1245421245421245,1101,22.888283378746593,16.802906448683014,15.440508628519527,17.620345140781108,11.807447774750226,2525,504,453,125,19.96039603960396,17.940594059405942,15.759615077385268,FALSE,TRUE,15+,outside the Ring,East Berlin
092Q,1764,1413,14.154281670205236,10.75725406935598,7.855626326963907,29.723991507431,21.51450813871196,2.1231422505307855,1169,27.54491017964072,18.99059024807528,10.436270316509837,17.4508126603935,12.83147989734816,2220,641,133,73,28.873873873873872,5.990990990990991,17.059330446850492,FALSE,TRUE,15+,outside the Ring,East Berlin
093A,2077,1612,23.01488833746898,12.71712158808933,9.11910669975186,18.17617866004963,23.387096774193548,2.109181141439206,1471,35.825968728755946,18.286879673691367,9.585316111488783,12.168592794017675,11.216859279401767,3108,724,648,279,23.294723294723294,20.84942084942085,9.912391857208531,FALSE,TRUE,8-11,outside the Ring,East Berlin
093B,2077,1478,13.058186738836266,16.711772665764546,8.119079837618404,26.38700947225981,23.883626522327468,1.3531799729364005,1246,26.484751203852326,24.077046548956663,8.426966292134832,15.890850722311397,13.081861958266453,2880,713,505,165,24.756944444444443,17.53472222222222,10.714060636461637,FALSE,TRUE,8-11,outside the Ring,East Berlin
093C,1872,1429,13.435969209237228,12.666200139958013,9.237228831350595,25.122463261021693,24.072778166550034,2.3792862141357594,1227,23.39038304808476,22.167889160554196,9.7799511002445,13.447432762836186,15.403422982885086,2625,517,441,154,19.695238095238096,16.8,11.559661017604585,FALSE,TRUE,11-15,outside the Ring,East Berlin
093D,1731,1245,11.405622489959839,17.91164658634538,2.9718875502008033,22.89156626506024,30.36144578313253,1.6867469879518073,1086,23.204419889502763,27.44014732965009,4.696132596685083,15.193370165745856,16.482504604051567,2286,795,251,96,34.77690288713911,10.979877515310585,12.022753545458468,FALSE,TRUE,11-15,outside the Ring,East Berlin
093E,2055,1516,15.435356200527705,15.105540897097626,6.530343007915567,23.218997361477573,24.20844327176781,2.9683377308707124,1291,34.23702556158017,21.223857474825717,7.900852052672347,8.210689388071263,14.329976762199845,3133,422,626,410,13.469518033833387,19.98084902649218,12.638537841693761,FALSE,TRUE,11-15,outside the Ring,East Berlin
093F,1206,931,21.37486573576799,15.467239527389903,8.270676691729323,19.11922663802363,20.83780880773362,2.1482277121374866,709,34.41466854724965,20.451339915373765,8.744710860366714,8.180535966149506,14.245416078984485,1682,234,184,245,13.912009512485136,10.93935790725327,13.268211717269436,FALSE,TRUE,11-15,outside the Ring,East Berlin
093G,1735,1317,11.617312072892938,11.693242217160213,11.921032649962035,29.916476841305997,21.488230827638574,1.974183750949127,1103,21.57751586582049,21.033544877606527,11.15140525838622,16.953762466001812,12.511332728921124,2719,410,572,196,15.079073188672306,21.03714600956234,11.931501229934433,FALSE,TRUE,11-15,outside the Ring,East Berlin
093H,1928,1506,16.865869853917662,15.405046480743692,10.0265604249668,24.568393094289508,21.248339973439574,1.2616201859229748,1190,23.361344537815125,24.95798319327731,11.344537815126051,14.201680672268907,12.605042016806722,2474,688,213,117,27.809215844785772,8.609539207760712,11.494333283507652,FALSE,TRUE,11-15,outside the Ring,East Berlin
093J,1754,1308,11.391437308868502,11.926605504587156,9.480122324159021,27.828746177370032,23.547400611620795,1.529051987767584,1165,23.433476394849784,21.716738197424892,10.214592274678111,16.13733905579399,13.905579399141631,2364,463,301,116,19.58544839255499,12.732656514382402,11.661922941057137,FALSE,TRUE,11-15,outside the Ring,East Berlin
093K,1945,1502,11.51797603195739,9.920106524633821,10.319573901464715,29.96005326231691,23.36884154460719,2.5299600532623168,1216,24.835526315789473,18.42105263157895,12.088815789473685,14.638157894736842,14.391447368421053,2591,380,446,160,14.66615206483983,17.21343110768043,12.601882952385479,FALSE,TRUE,11-15,outside the Ring,East Berlin
093L,2122,1522,7.227332457293035,8.73850197109067,13.797634691195794,42.96977660972405,15.177398160315375,2.2339027595269383,1228,16.938110749185668,15.553745928338762,20.765472312703583,18.15960912052117,11.563517915309447,4570,213,2064,361,4.660831509846827,45.16411378555799,10.688287544010212,FALSE,TRUE,8-11,outside the Ring,East Berlin
093M,1161,892,9.977578475336323,11.547085201793722,15.582959641255606,35.53811659192825,13.565022421524663,2.1300448430493275,605,17.355371900826448,14.87603305785124,21.15702479338843,17.355371900826448,12.066115702479339,1873,197,503,138,10.517885744794448,26.855312333155364,11.64213012644262,FALSE,TRUE,11-15,outside the Ring,East Berlin
093N,1964,1418,8.533145275035261,11.6361071932299,8.392101551480959,28.63187588152327,25.317348377997178,2.8208744710860367,1071,19.514472455648928,19.42110177404295,13.071895424836601,16.61998132586368,14.565826330532213,2939,479,599,182,16.298060564817966,20.381082000680504,12.097864356378464,FALSE,TRUE,11-15,outside the Ring,East Berlin
093P,2040,1417,14.184897671136204,12.138320395201129,10.162314749470713,24.48835568101623,24.417784050811573,2.117148906139732,1192,23.825503355704697,22.063758389261746,10.40268456375839,16.107382550335572,14.177852348993289,3091,641,769,204,20.737625363959882,24.878680038822388,12.885990873297782,FALSE,TRUE,11-15,outside the Ring,East Berlin
093Q,2042,1518,10.869565217391305,10.935441370223979,5.4018445322793145,27.140974967061922,29.314888010540184,1.251646903820817,1297,26.214340786430224,20.123361603700847,8.326908249807248,19.58365458750964,13.955281418658442,2806,702,431,125,25.01781895937277,15.359942979330008,13.501268444821218,FALSE,TRUE,11-15,outside the Ring,East Berlin
093R,2108,1615,17.956656346749227,9.969040247678018,14.922600619195046,24.891640866873065,15.975232198142415,3.343653250773994,1392,27.801724137931036,17.097701149425287,20.25862068965517,8.908045977011493,7.327586206896552,4355,306,1615,412,7.026406429391504,37.08381171067738,14.235801394084758,FALSE,TRUE,11-15,outside the Ring,East Berlin
094A,2020,1503,26.081170991350632,8.449767132401863,7.318695941450432,17.897538256819693,26.813040585495674,2.7944111776447107,1319,37.225170583775586,17.437452615617893,8.112206216830932,8.036391205458681,14.859742228961334,3029,497,433,254,16.408055463849454,14.295146913172664,14.680989467941066,FALSE,TRUE,11-15,outside the Ring,East Berlin
094B,2024,1584,24.17929292929293,8.017676767676768,7.3232323232323235,16.91919191919192,28.282828282828284,2.7777777777777777,1367,36.72275054864667,16.093635698610097,6.656912948061448,10.75347476225311,16.971470373079736,2658,577,352,135,21.708051166290446,13.243039879608729,15.546177145310152,FALSE,TRUE,15+,outside the Ring,East Berlin
094C,2057,1548,23.578811369509044,10.335917312661499,8.268733850129198,17.05426356589147,27.0671834625323,2.454780361757106,1328,38.25301204819277,15.135542168674698,7.454819277108434,11.069277108433734,15.060240963855422,3033,596,548,213,19.6505110451698,18.067919551599076,15.67022015761977,FALSE,TRUE,15+,outside the Ring,East Berlin
094D,1934,1455,22.33676975945017,9.072164948453608,4.948453608247423,18.213058419243985,28.38487972508591,2.7491408934707904,1194,32.663316582914575,18.00670016750419,4.773869346733668,12.89782244556114,17.33668341708543,2585,540,227,179,20.889748549323016,8.781431334622823,15.568139810859757,FALSE,TRUE,15+,outside the Ring,East Berlin
094E,1927,1462,23.803009575923394,8.13953488372093,7.3187414500684,17.920656634746923,28.864569083447332,2.0519835841313268,1312,36.8140243902439,16.38719512195122,5.7926829268292686,10.518292682926829,18.521341463414632,3375,439,846,355,13.007407407407408,25.066666666666666,16.10091552806788,FALSE,TRUE,15+,outside the Ring,East Berlin
094F,2145,1560,17.564102564102566,8.717948717948717,3.9743589743589745,18.076923076923077,37.56410256410256,1.5384615384615385,1117,34.10922112802149,17.54700089525515,2.864816472694718,10.295434198746642,21.038495971351836,2758,482,365,139,17.47643219724438,13.234227701232777,16.190531607726097,FALSE,TRUE,15+,outside the Ring,East Berlin
094G,1827,1252,11.581469648562301,7.907348242811501,2.476038338658147,20.287539936102238,43.05111821086262,1.1182108626198084,928,30.711206896551722,14.762931034482758,2.478448275862069,9.482758620689655,25.754310344827587,2938,384,514,298,13.070115724982982,17.494894486044927,16.883232476782567,FALSE,TRUE,15+,outside the Ring,East Berlin
094H,1937,1486,18.10228802153432,9.62314939434724,5.921938088829071,17.69851951547779,33.24360699865411,2.826379542395693,1134,36.331569664903,15.167548500881834,6.790123456790123,8.994708994708995,18.1657848324515,2972,381,615,182,12.81965006729475,20.693135935397038,16.984393499792223,FALSE,TRUE,15+,outside the Ring,East Berlin
094J,2015,1631,25.137952176578786,8.890251379521766,8.583690987124463,18.332311465358675,24.708767627222564,2.452483139178418,1417,38.46153846153846,16.725476358503883,8.962597035991532,11.714890613973182,13.97318278052223,2624,556,242,113,21.1890243902439,9.222560975609756,16.706934611699953,FALSE,TRUE,15+,outside the Ring,East Berlin
094K,1839,1127,12.51109139307897,7.808340727595386,3.194321206743567,18.456078083407277,43.744454303460515,1.774622892635315,749,25.233644859813083,18.157543391188252,2.1361815754339117,13.35113484646195,26.56875834445928,2762,569,511,175,20.60101375814627,18.501086169442434,15.882923036192144,FALSE,TRUE,15+,outside the Ring,East Berlin
094L,1953,1252,17.41214057507987,8.466453674121405,2.635782747603834,15.015974440894569,41.77316293929712,1.4376996805111821,944,33.898305084745765,15.783898305084746,2.860169491525424,10.38135593220339,24.152542372881356,3261,613,798,236,18.797914750076664,24.471021159153633,16.47564082724472,FALSE,TRUE,15+,outside the Ring,East Berlin
094M,1881,1179,13.061916878710772,8.057675996607294,4.410517387616625,20.780322307039864,36.21713316369805,1.8659881255301103,983,32.45167853509664,16.480162767039676,5.493387589013225,11.597151576805697,19.938962360122076,3192,443,879,232,13.87844611528822,27.537593984962406,17.825085641230515,FALSE,TRUE,15+,outside the Ring,East Berlin
094N,2111,1603,20.773549594510293,9.91890205864005,8.733624454148472,20.711166562694945,23.705552089831567,2.495321272613849,1246,33.70786516853933,18.459069020866774,9.55056179775281,13.081861958266453,11.476725521669342,3066,548,536,230,17.87345075016308,17.482061317677758,17.517982589855702,FALSE,TRUE,15+,outside the Ring,East Berlin
094P,2014,1582,21.3653603034134,8.975979772439949,4.677623261694058,16.561314791403287,32.99620733249052,1.9595448798988622,1297,36.54587509637625,16.808018504240554,5.628373168851195,11.48804934464148,18.195836545875096,2457,585,108,117,23.80952380952381,4.395604395604396,18.394600322048955,FALSE,TRUE,15+,outside the Ring,East Berlin
094Q,1046,818,21.149144254278728,11.36919315403423,10.75794621026895,17.48166259168704,24.69437652811736,3.545232273838631,713,32.53856942496494,18.2328190743338,9.256661991584853,11.50070126227209,12.903225806451612,1745,368,495,75,21.088825214899714,28.36676217765043,18.174340498524007,FALSE,TRUE,15+,outside the Ring,East Berlin
094R,2039,1675,18.507462686567163,9.313432835820896,7.104477611940299,17.01492537313433,31.940298507462686,2.626865671641791,1453,33.65450791465933,16.930488644184447,5.2993805918788714,14.59050240880936,18.444597384721266,2629,663,249,105,25.218714340053253,9.471281856219095,19.08683407810138,FALSE,TRUE,15+,outside the Ring,East Berlin
094S,1957,1486,18.70794078061911,9.825033647375506,4.3741588156123825,19.24629878869448,32.57065948855989,2.826379542395693,1332,34.75975975975976,16.74174174174174,4.42942942942943,12.462462462462462,18.91891891891892,2608,692,325,151,26.533742331288344,12.46165644171779,19.075304718243405,FALSE,TRUE,15+,outside the Ring,East Berlin
095A,2245,1809,19.734660033167497,11.221669430624654,11.7191818684356,23.991155334438915,19.84521835268104,2.3217247097844114,1337,28.571428571428573,18.848167539267017,10.99476439790576,15.482423335826477,13.163799551234106,3193,601,630,187,18.822424052615094,19.73066082054494,14.509951977274232,FALSE,TRUE,11-15,outside the Ring,East Berlin
095B,2092,1486,10.363391655450874,8.613728129205922,11.103633916554509,33.10901749663526,23.28398384925976,1.3458950201884252,1110,21.26126126126126,17.74774774774775,14.414414414414415,18.01801801801802,14.774774774774775,3040,370,673,173,12.171052631578947,22.138157894736842,14.938553440957753,FALSE,TRUE,11-15,outside the Ring,East Berlin
095C,1988,1385,9.675090252707582,10.252707581227437,7.148014440433213,27.942238267148014,28.231046931407942,1.516245487364621,1075,19.72093023255814,17.3953488372093,12.465116279069768,18.325581395348838,16.093023255813954,2777,483,476,131,17.392870003601008,17.140799423838676,15.151159278046116,FALSE,TRUE,15+,outside the Ring,East Berlin
095D,1931,1377,12.418300653594772,8.569353667392884,9.295570079883806,25.925925925925927,27.233115468409586,1.6702977487291213,1102,25.58983666061706,17.876588021778584,12.341197822141561,14.065335753176043,14.791288566243194,2912,470,600,220,16.14010989010989,20.604395604395606,15.903842820624691,FALSE,TRUE,15+,outside the Ring,East Berlin
095E,1982,1261,9.199048374306106,9.278350515463918,6.661379857256146,24.821570182394925,34.09992069785884,2.53766851704996,872,20.756880733944953,19.724770642201836,6.8807339449541285,13.761467889908257,20.298165137614678,3520,468,1132,193,13.295454545454545,32.15909090909091,15.725703403148446,FALSE,TRUE,15+,outside the Ring,East Berlin
095F,1936,1456,16.27747252747253,10.989010989010989,6.936813186813187,24.86263736263736,26.785714285714285,1.510989010989011,1160,25.17241379310345,17.93103448275862,10.344827586206897,15.689655172413794,16.551724137931036,2716,647,508,131,23.82179675994109,18.7039764359352,13.571242320636244,FALSE,TRUE,11-15,outside the Ring,East Berlin
095G,1977,1528,11.256544502617801,10.732984293193716,10.929319371727749,27.159685863874344,24.345549738219894,1.963350785340314,1166,23.41337907375643,20.58319039451115,12.607204116638078,14.83704974271012,15.008576329331046,3123,537,797,185,17.195004803073967,25.5203330131284,14.123631033022052,FALSE,TRUE,11-15,outside the Ring,East Berlin
095H,2066,1479,12.170385395537526,9.533468559837727,9.533468559837727,26.97768762677485,25.557809330628803,1.352265043948614,1195,23.01255230125523,18.410041841004183,12.635983263598327,16.485355648535563,17.238493723849373,3029,535,660,153,17.6625949158138,21.789369428854407,14.726420021243928,FALSE,TRUE,11-15,outside the Ring,East Berlin
095J,1952,1383,12.292118582791034,10.91829356471439,10.629067245119305,24.87346348517715,24.222704266088215,2.458423716558207,1150,20,18.434782608695652,14.173913043478262,16,13.565217391304348,3544,305,1319,205,8.60609480812641,37.21783295711061,14.682897991747181,FALSE,TRUE,11-15,outside the Ring,East Berlin
095K,1993,1375,13.6,11.636363636363637,7.781818181818182,25.6,25.672727272727272,2.327272727272727,1043,21.09300095877277,19.55896452540748,11.313518696069032,15.532118887823586,15.819750719079579,2938,478,667,171,16.269571136827775,22.702518720217835,14.938334278945685,FALSE,TRUE,11-15,outside the Ring,East Berlin
095L,1960,1475,15.864406779661017,9.491525423728813,9.491525423728813,23.25423728813559,26.508474576271187,2.711864406779661,1206,29.519071310116086,18.1592039800995,10.945273631840797,14.510779436152571,12.935323383084578,2758,467,520,165,16.93255982596084,18.85424220449601,16.17089810284751,FALSE,TRUE,15+,outside the Ring,East Berlin
095M,2156,1675,20.65671641791045,11.582089552238806,11.522388059701493,19.28358208955224,22.80597014925373,3.283582089552239,1381,25.923244026068065,21.288921071687184,14.771904417089067,12.020275162925417,11.73062997827661,3035,644,473,176,21.219110378912685,15.584843492586492,16.95302245995355,FALSE,TRUE,15+,outside the Ring,East Berlin
095N,2094,1652,20.76271186440678,10.290556900726392,12.227602905569007,23.426150121065376,19.915254237288135,2.7845036319612593,1448,28.24585635359116,19.26795580110497,13.604972375690608,13.466850828729282,12.085635359116022,2910,593,445,165,20.378006872852232,15.292096219931272,17.472851589522413,FALSE,TRUE,15+,outside the Ring,East Berlin
095P,1899,1577,22.89156626506024,12.301838934686113,9.63855421686747,19.91122384273938,19.720989220038046,2.346227013316424,1294,32.76661514683153,20.015455950540957,11.128284389489954,13.833075734157651,10.664605873261205,2438,790,227,107,32.40360951599672,9.310910582444627,20.2763598301826,FALSE,TRUE,15+,outside the Ring,East Berlin
095Q,1633,1354,24.519940915805023,11.004431314623337,8.714918759231905,19.12850812407681,20.753323485967503,3.914327917282127,1210,33.63636363636363,20.165289256198346,8.099173553719009,13.71900826446281,12.231404958677686,2029,633,98,110,31.197634302612123,4.829965500246427,22.487808753145757,FALSE,TRUE,15+,outside the Ring,East Berlin
095R,1106,888,23.873873873873872,9.45945945945946,7.545045045045045,17.792792792792792,27.13963963963964,3.265765765765766,827,34.94558645707376,17.775090689238212,9.673518742442564,9.552599758162032,13.663845223700122,1411,347,130,40,24.592487597448617,9.213323883770375,25.510461018178656,FALSE,TRUE,15+,outside the Ring,East Berlin
096A,2020,1433,12.630844382414516,11.79344033496162,6.908583391486392,23.656664340544314,29.030006978367062,1.5352407536636428,1084,26.568265682656826,19.833948339483396,8.118081180811808,15.40590405904059,17.619926199261993,2869,614,484,170,21.40118508191007,16.86998954339491,16.59887286234016,FALSE,TRUE,15+,outside the Ring,East Berlin
096B,2030,1440,12.291666666666666,13.472222222222221,6.458333333333333,25.555555555555557,28.680555555555557,1.3888888888888888,1214,22.899505766062603,26.029654036243823,4.85996705107084,16.88632619439868,17.133443163097198,2835,967,570,74,34.10934744268078,20.105820105820104,16.478446610965733,FALSE,TRUE,15+,outside the Ring,East Berlin
096C,2131,1554,13.191763191763192,12.226512226512227,4.633204633204633,23.873873873873872,29.6010296010296,1.8018018018018018,1168,24.143835616438356,22.85958904109589,5.136986301369863,16.78082191780822,19.006849315068493,2628,934,256,142,35.54033485540335,9.74124809741248,16.598505442895224,FALSE,TRUE,15+,outside the Ring,East Berlin
096D,1801,1260,14.365079365079366,12.698412698412698,3.4126984126984126,25.555555555555557,29.047619047619047,1.6666666666666667,953,25.183630640083944,23.399790136411333,3.777544596012592,18.677859391395593,17.628541448058762,2180,1027,169,111,47.11009174311926,7.752293577981652,17.45975723175389,FALSE,TRUE,15+,outside the Ring,East Berlin
096E,1874,1381,14.409847936278059,10.137581462708182,5.213613323678494,22.73714699493121,31.13685734974656,1.882693700217234,1148,25.43554006968641,18.902439024390244,6.533101045296167,15.940766550522648,20.121951219512194,2354,744,191,101,31.605777400169924,8.113848768054375,18.189690679522034,FALSE,TRUE,15+,outside the Ring,East Berlin
096F,1897,1455,14.43298969072165,9.209621993127147,5.77319587628866,22.611683848797252,30.378006872852232,2.611683848797251,1219,27.56357670221493,20.50861361771944,5.578342904019689,15.586546349466776,18.70385561936013,2374,773,194,53,32.56107834877843,8.171861836562764,17.171872702326898,FALSE,TRUE,15+,outside the Ring,East Berlin
096G,1992,1411,8.575478384124734,6.449326718639263,8.433734939759036,30.474840538625088,28.490432317505316,0.8504606661941885,1073,18.91891891891892,17.148182665424045,8.946877912395154,18.452935694315006,19.384902143522833,2803,372,442,177,13.271494826971102,15.76881912236889,15.943642798140653,FALSE,TRUE,15+,outside the Ring,East Berlin
096H,2092,1450,11.241379310344827,10.551724137931034,9.172413793103448,25.79310344827586,28.275862068965516,1.3103448275862069,1171,25.78992314261315,18.958155422715627,10.589239965841161,14.944491887275833,17.16481639624253,3028,720,603,165,23.778071334214,19.914134742404226,16.483154570840405,FALSE,TRUE,15+,outside the Ring,East Berlin
096J,2224,1616,17.75990099009901,10.024752475247524,9.344059405940595,21.72029702970297,26.67079207920792,1.9801980198019802,1168,31.506849315068493,16.095890410958905,8.304794520547945,14.897260273972602,16.523972602739725,3163,587,750,194,18.558330698703763,23.711666139740753,16.580532761777235,FALSE,TRUE,15+,outside the Ring,East Berlin
096K,2104,1539,16.179337231968812,11.56595191682911,5.588044184535413,20.012995451591944,30.92917478882391,2.3391812865497075,1265,29.565217391304348,23.24110671936759,5.217391304347826,15.098814229249012,17.07509881422925,2323,961,55,43,41.36891950064572,2.3676280671545413,17.389585677342378,FALSE,TRUE,15+,outside the Ring,East Berlin
096L,1925,1438,18.01112656467316,10.361613351877608,8.27538247566064,23.018080667593882,24.339360222531294,2.086230876216968,1109,28.313796212804327,18.935978358881876,7.033363390441839,16.952209197475202,17.04238052299369,2472,650,306,151,26.294498381877023,12.37864077669903,17.66109106760392,FALSE,TRUE,15+,outside the Ring,East Berlin
096M,1919,1513,19.10112359550562,9.451421017845341,8.129543952412426,22.075346992729678,25.84269662921348,2.7098479841374754,1279,30.961688819390147,17.43549648162627,9.382329945269742,14.93354182955434,14.386239249413604,2556,664,253,115,25.97809076682316,9.898278560250391,18.844524292017642,FALSE,TRUE,15+,outside the Ring,East Berlin
096N,1873,1467,18.336741649625086,9.270620313565098,6.271301976823449,17.314246762099522,33.537832310838446,2.658486707566462,1289,32.42823894491854,18.619084561675717,5.818463925523662,13.421256788207913,18.386346004654772,2330,684,109,87,29.356223175965667,4.6781115879828326,21.42349704751966,FALSE,TRUE,15+,outside the Ring,East Berlin
096P,1896,1472,17.595108695652176,8.220108695652174,5.095108695652174,18.61413043478261,36.48097826086956,2.785326086956522,1347,34.892353377876766,14.625092798812176,5.270972531551596,11.061618411284336,22.12323682256867,2465,599,198,82,24.300202839756594,8.032454361054766,24.039399385749913,FALSE,TRUE,15+,outside the Ring,East Berlin
096Q,1923,1577,21.306277742549145,8.370323398858591,5.326569435637286,13.760304375396322,35.95434369055168,3.360811667723526,1339,37.490664675130695,15.160567587752054,4.854368932038835,9.335324869305452,20.761762509335323,2312,668,121,104,28.89273356401384,5.23356401384083,22.8779071918782,FALSE,TRUE,15+,outside the Ring,East Berlin
097A,1915,1572,19.020356234096692,9.351145038167939,9.732824427480915,21.18320610687023,26.653944020356235,1.6539440203562341,1348,33.08605341246291,20.10385756676558,7.640949554896142,14.688427299703264,14.762611275964392,2408,699,205,83,29.028239202657808,8.513289036544851,13.697711434070566,FALSE,TRUE,11-15,outside the Ring,East Berlin
097B,1898,1424,13.834269662921349,12.780898876404494,7.654494382022472,25.421348314606742,24.929775280898877,1.8258426966292134,1103,28.195829555757026,22.484134179510427,8.975521305530371,16.047144152311876,14.233907524932004,2371,717,188,66,30.240404892450442,7.929143821172501,14.71970636020665,FALSE,TRUE,11-15,outside the Ring,East Berlin
097C,1884,1584,20.643939393939394,10.29040404040404,10.732323232323232,25.505050505050505,18.75,2.272727272727273,1361,33.06392358559882,19.47097722263042,11.903012490815577,14.327700220426157,11.903012490815577,2374,638,172,90,26.87447346251053,7.245155855096883,14.767861683884064,FALSE,TRUE,11-15,outside the Ring,East Berlin
097D,2032,1510,17.814569536423843,10.52980132450331,11.19205298013245,26.026490066225165,20.33112582781457,1.9867549668874172,1194,24.706867671691793,20.938023450586265,10.636515912897822,18.09045226130653,12.311557788944723,2586,813,323,130,31.438515081206496,12.490332559938128,15.34972166578911,FALSE,TRUE,15+,outside the Ring,East Berlin
097E,1974,1500,16.6,10.933333333333334,8.2,27.733333333333334,23.933333333333334,1.2,1215,26.419753086419753,20.411522633744855,10.534979423868313,16.54320987654321,14.074074074074074,2614,678,377,86,25.93726090283091,14.422341239479724,15.812840097823253,FALSE,TRUE,15+,outside the Ring,East Berlin
097F,1874,1480,17.364864864864863,9.932432432432432,13.64864864864865,24.527027027027028,20.2027027027027,1.9594594594594594,1347,28.73051224944321,15.590200445434299,16.92650334075724,17.520415738678544,10.838901262063846,2394,580,229,82,24.227234753550544,9.565580618212197,18.48919957540491,FALSE,TRUE,15+,outside the Ring,East Berlin
097G,1775,1431,13.347309573724669,12.089447938504541,11.250873515024459,30.538085255066388,19.217330538085257,1.4675052410901468,1114,24.95511669658887,19.299820466786354,12.118491921005386,19.569120287253142,13.644524236983843,2352,555,232,80,23.596938775510203,9.863945578231293,17.639112068178644,FALSE,TRUE,15+,outside the Ring,East Berlin
097H,2112,1589,15.733165512901195,10.258023914411579,9.943360604153556,28.634361233480178,19.57205789804909,1.7621145374449338,1270,26.062992125984252,19.921259842519685,12.440944881889763,20.787401574803148,11.968503937007874,2605,895,254,100,34.35700575815739,9.750479846449137,17.944314220151817,FALSE,TRUE,15+,outside the Ring,East Berlin
097J,2019,1682,19.976218787158146,9.096313912009512,14.625445897740784,24.910820451843044,17.89536266349584,1.5457788347205708,1360,27.647058823529413,16.691176470588236,17.058823529411764,17.205882352941178,10.294117647058824,2662,537,233,72,20.172802404207363,8.75281743050338,18.000058120481857,FALSE,TRUE,15+,outside the Ring,East Berlin
097K,1095,906,17.439293598233995,9.492273730684326,17.328918322295806,30.573951434878587,11.589403973509933,2.6490066225165565,672,24.851190476190474,16.964285714285715,18.75,21.577380952380953,8.18452380952381,1384,380,81,28,27.45664739884393,5.8526011560693645,18.318336767682577,FALSE,TRUE,15+,outside the Ring,East Berlin
097L,2009,1491,16.834339369550637,10.596914822266935,15.157612340710932,26.358148893360163,17.505030181086518,1.2743125419181758,1292,26.470588235294116,17.956656346749227,16.486068111455108,19.814241486068113,8.591331269349846,2419,906,78,95,37.45349317899959,3.2244729226953286,18.756730346349464,FALSE,TRUE,15+,outside the Ring,East Berlin
097M,1982,1589,16.362492133417245,9.565764631843926,11.95720578980491,28.697293895531782,19.194461925739457,1.2586532410320956,1390,25.827338129496404,17.769784172661872,15.755395683453237,18.848920863309353,10.359712230215827,2444,641,119,80,26.227495908346974,4.869067103109656,18.748484994350807,FALSE,TRUE,15+,outside the Ring,East Berlin
097N,2110,1723,21.99651770168311,10.562971561230412,11.781775972141613,18.97852582704585,22.460824143934996,2.7858386535113175,1424,31.109550561797754,17.20505617977528,11.797752808988765,15.870786516853933,12.359550561797754,2599,698,188,90,26.856483262793382,7.233551365909966,21.322777761419463,FALSE,TRUE,15+,outside the Ring,East Berlin
097P,2115,1778,26.490438695163103,8.211473565804274,9.448818897637794,16.141732283464567,25.646794150731157,2.418447694038245,1452,35.743801652892564,16.046831955922865,10.055096418732782,13.636363636363637,14.87603305785124,2599,855,146,74,32.897268180069254,5.617545209696037,24.502865594741852,FALSE,TRUE,15+,outside the Ring,East Berlin
097Q,2131,1727,24.261725535610886,10.364794441227563,10.712217718587146,21.019108280254777,21.656050955414013,1.795020266357846,1475,34.440677966101696,17.423728813559322,11.864406779661017,12.88135593220339,13.220338983050848,2686,797,130,89,29.672375279225616,4.839910647803425,23.84171030948167,FALSE,TRUE,15+,outside the Ring,East Berlin
097R,2139,1607,21.34411947728687,9.645301804604854,10.703173615432483,17.48599875544493,24.95332918481643,3.1113876789047916,1422,37.41209563994374,15.119549929676513,10.337552742616033,13.150492264416314,13.642756680731365,2805,668,277,114,23.814616755793228,9.875222816399287,24.745936614911898,FALSE,TRUE,15+,outside the Ring,East Berlin
097S,1112,842,21.377672209026127,8.669833729216151,8.669833729216151,20.071258907363422,23.63420427553444,2.494061757719715,724,37.430939226519335,12.845303867403315,10.6353591160221,12.292817679558011,15.05524861878453,1775,269,389,105,15.154929577464788,21.91549295774648,25.899058321325676,FALSE,TRUE,15+,outside the Ring,East Berlin
101A,2919,1731,8.145580589254767,5.892547660311958,3.17735413056037,17.504332755632582,49.16233391103408,1.097631426920855,1313,23.83853769992384,13.328255902513328,3.5795887281035794,12.642802741812643,29.093678598629094,4604,763,1116,410,16.57254561251086,24.23979148566464,13.214492468507165,FALSE,TRUE,11-15,outside the Ring,East Berlin
101B,2868,1850,8.972972972972974,6.54054054054054,3.3513513513513513,23.2972972972973,41.189189189189186,2.054054054054054,1293,22.041763341067284,15.31322505800464,4.795050270688321,15.235885537509667,25.135344160866204,4739,820,1260,337,17.303228529225574,26.587887740029544,14.156176228428235,FALSE,TRUE,11-15,outside the Ring,East Berlin
101C,2372,1360,6.764705882352941,6.029411764705882,2.8676470588235294,18.897058823529413,49.48529411764706,1.6911764705882353,1018,21.021611001964637,12.475442043222005,3.43811394891945,16.30648330058939,31.041257367387033,3698,604,723,306,16.333153055705786,19.551108707409412,14.773520124498722,FALSE,TRUE,11-15,outside the Ring,East Berlin
101D,2082,1232,7.305194805194805,6.574675324675325,2.1915584415584415,20.211038961038962,47.4025974025974,1.1363636363636365,912,21.710526315789473,16.11842105263158,2.741228070175439,14.802631578947368,26.973684210526315,2830,647,323,257,22.862190812720847,11.413427561837455,14.131512989657054,FALSE,TRUE,11-15,outside the Ring,East Berlin
101E,2224,1341,10.51454138702461,7.084265473527219,3.43027591349739,23.788217747949293,39.448173005219985,0.9694258016405667,955,21.047120418848166,17.905759162303664,3.4554973821989527,17.801047120418847,23.455497382198953,3543,892,930,250,25.176404177250916,26.248941574936495,13.788548883642736,FALSE,TRUE,11-15,outside the Ring,East Berlin
101F,2028,1154,8.05892547660312,6.3258232235701906,1.8197573656845754,22.616984402079723,44.454072790294624,0.8665511265164645,811,21.57829839704069,14.426633785450061,3.4525277435265105,15.536374845869297,29.839704069050555,2942,460,514,351,15.635622025832767,17.471108089734873,14.3016336806037,FALSE,TRUE,11-15,outside the Ring,East Berlin
101G,1996,1111,5.0405040504050405,6.480648064806481,2.25022502250225,20.792079207920793,48.874887488748875,1.5301530153015301,795,18.9937106918239,11.949685534591195,4.276729559748428,15.09433962264151,31.446540880503143,2983,498,559,356,16.694602748910494,18.739523969158565,14.348541300625522,FALSE,TRUE,11-15,outside the Ring,East Berlin
101H,2727,1537,9.303838646714379,7.41704619388419,5.074821080026025,21.73064411190631,40.013012361743655,2.0169160702667535,1083,24.83841181902124,13.758079409048937,3.9704524469067404,15.327793167128346,27.239150507848567,4851,684,1529,596,14.100185528756958,31.519274376417233,13.178655305618399,FALSE,TRUE,11-15,outside the Ring,East Berlin
101J,2695,1640,10.548780487804878,7.804878048780488,3.292682926829268,19.75609756097561,42.86585365853659,1.646341463414634,1103,23.57207615593835,15.956482320942882,2.7198549410698094,17.86038077969175,27.198549410698096,4048,991,733,350,24.481225296442688,18.107707509881422,13.568618892667708,FALSE,TRUE,11-15,outside the Ring,East Berlin
101K,2308,1684,11.045130641330166,5.997624703087886,3.6223277909738716,22.446555819477435,41.80522565320665,1.6033254156769596,1306,29.17304747320061,14.701378254211333,3.8284839203675345,15.620214395099541,26.033690658499236,2736,922,131,129,33.698830409356724,4.788011695906433,13.97866281015969,FALSE,TRUE,11-15,outside the Ring,East Berlin
101L,2138,1368,6.798245614035087,6.213450292397661,2.9239766081871346,23.099415204678362,44.15204678362573,1.6812865497076024,926,23.974082073434126,15.226781857451403,3.347732181425486,16.73866090712743,29.15766738660907,3052,649,524,198,21.264744429882043,17.169069462647446,14.046523168255865,FALSE,TRUE,11-15,outside the Ring,East Berlin
101M,2186,1415,9.328621908127209,8.12720848056537,2.8975265017667846,21.20141342756184,43.533568904593636,1.4840989399293287,953,22.9800629590766,17.313746065057714,2.6232948583420774,18.88772298006296,28.43651626442812,2734,706,228,91,25.822970007315288,8.339429407461594,13.881444044442071,FALSE,TRUE,11-15,outside the Ring,East Berlin
101N,3260,1889,7.993647432503971,5.452620434092112,2.6469031233456857,21.28110111169931,44.36209634727369,1.5881418740074114,1228,20.765472312703583,16.775244299674267,3.175895765472313,16.530944625407166,30.45602605863192,4790,893,904,373,18.643006263048015,18.872651356993735,14.418140228081379,FALSE,TRUE,11-15,outside the Ring,East Berlin
102A,2100,1295,7.5675675675675675,7.722007722007722,3.088803088803089,19.768339768339768,47.181467181467184,0.8494208494208494,1035,25.507246376811594,18.067632850241544,3.4782608695652173,17.681159420289855,20.386473429951693,2819,905,504,214,32.10358283079106,17.87868038311458,12.602717747752246,FALSE,TRUE,11-15,outside the Ring,East Berlin
102B,2119,1364,13.709677419354838,7.9178885630498534,4.545454545454546,24.120234604105573,33.504398826979475,1.9794721407624634,1061,24.882186616399622,18.85014137606032,4.335532516493874,16.39962299717248,18.473138548539115,2902,836,517,264,28.807718814610613,17.815299793246037,12.708108892394604,FALSE,TRUE,11-15,outside the Ring,East Berlin
102C,2160,1326,11.613876319758672,8.446455505279035,3.469079939668175,24.8868778280543,35.671191553544496,2.1870286576168927,1057,24.503311258278146,17.691579943235574,3.878902554399243,18.921475875118258,19.110690633869442,3210,970,713,316,30.218068535825545,22.21183800623053,13.11139309495626,FALSE,TRUE,11-15,outside the Ring,East Berlin
102D,2169,1420,8.591549295774648,6.197183098591549,3.8028169014084505,23.943661971830984,40.63380281690141,1.1267605633802817,1033,22.07163601161665,14.133591481122943,5.90513068731849,17.618586640851888,23.814133591481124,3369,741,762,288,21.9946571682992,22.617987533392697,13.260503609115089,FALSE,TRUE,11-15,outside the Ring,East Berlin
102E,2052,1417,14.255469301340861,6.280875088214538,4.587155963302752,21.171489061397317,36.41496118560339,2.046577275935074,1126,26.642984014209592,17.939609236234457,4.085257548845471,13.854351687388988,24.067495559502664,4182,801,1620,315,19.15351506456241,38.73744619799139,13.379083337175167,FALSE,TRUE,11-15,outside the Ring,East Berlin
102F,1916,1293,12.91569992266048,8.043310131477185,3.17092034029389,21.423047177107502,38.51508120649652,1.160092807424594,1074,27.467411545623836,16.387337057728118,3.35195530726257,15.363128491620111,22.3463687150838,2750,838,462,181,30.472727272727273,16.8,12.946624068662675,FALSE,TRUE,11-15,outside the Ring,East Berlin
102G,1836,1202,12.479201331114808,7.653910149750416,3.9101497504159735,27.12146422628952,33.94342762063228,1.8302828618968385,936,26.602564102564102,18.91025641025641,3.5256410256410255,19.23076923076923,18.91025641025641,2597,759,513,235,29.22603003465537,19.75356180207932,12.516948420905639,FALSE,TRUE,11-15,outside the Ring,East Berlin
102H,1784,1058,11.909262759924385,8.695652173913043,3.9697542533081287,26.559546313799622,33.93194706994329,1.3232514177693762,832,26.201923076923077,20.3125,3.9663461538461537,18.509615384615383,16.70673076923077,3024,672,1038,156,22.22222222222222,34.32539682539682,11.813196359685495,FALSE,TRUE,11-15,outside the Ring,East Berlin
102J,2574,1551,9.993552546744036,7.479045776918118,3.094777562862669,25.72533849129594,39.00709219858156,1.0315925209542232,1218,23.316912972085387,16.091954022988507,4.187192118226601,19.211822660098523,23.645320197044335,3913,1050,787,412,26.833631484794275,20.112445693841043,12.064422507770455,FALSE,TRUE,11-15,outside the Ring,East Berlin
102K,1866,1120,10.267857142857142,6.696428571428571,4.196428571428571,25.089285714285715,38.125,1.5178571428571428,969,24.97420020639835,17.750257997936018,5.572755417956657,17.956656346749227,20.330237358101137,3331,700,1218,323,21.014710297208044,36.565595917142,11.437376559635181,FALSE,TRUE,11-15,outside the Ring,East Berlin
102L,1227,852,23.356807511737088,7.394366197183099,4.929577464788732,15.96244131455399,30.281690140845072,4.460093896713615,695,32.23021582733813,17.697841726618705,3.884892086330935,14.388489208633093,18.992805755395683,1774,570,360,158,32.13077790304397,20.293122886133034,11.69155380860941,FALSE,TRUE,11-15,outside the Ring,East Berlin
102M,1848,1344,16.517857142857142,8.928571428571429,5.803571428571429,21.13095238095238,29.166666666666668,2.306547619047619,1095,30.50228310502283,17.26027397260274,4.931506849315069,17.442922374429223,17.534246575342465,2496,768,366,219,30.76923076923077,14.663461538461538,12.431891150208532,FALSE,TRUE,11-15,outside the Ring,East Berlin
102N,1892,1288,14.285714285714286,9.937888198757763,5.8229813664596275,24.68944099378882,29.19254658385093,1.7080745341614907,1068,29.307116104868914,20.0374531835206,4.962546816479401,17.415730337078653,16.760299625468164,2746,790,514,229,28.76911871813547,18.718135469774218,12.112492495919797,FALSE,TRUE,11-15,outside the Ring,East Berlin
102P,1973,1435,13.310104529616725,9.547038327526133,3.205574912891986,21.951219512195124,34.35540069686411,1.951219512195122,1079,28.82298424467099,18.257645968489342,3.6144578313253013,19.555143651529193,19.925857275254867,2461,903,200,160,36.692401462819994,8.126777732629012,12.53868334822993,FALSE,TRUE,11-15,outside the Ring,East Berlin
102Q,1822,1173,12.872975277067349,8.184143222506394,3.0690537084398977,22.421142369991475,36.65814151747656,1.619778346121057,898,29.621380846325167,19.599109131403118,2.6726057906458798,16.481069042316257,23.2739420935412,2951,738,790,298,25.008471704506945,26.770586241951882,12.741771704789643,FALSE,TRUE,11-15,outside the Ring,East Berlin
102R,2051,1356,10.914454277286136,9.144542772861357,2.728613569321534,24.188790560471976,38.5693215339233,1.991150442477876,1039,27.43022136669875,19.53801732435034,4.234841193455245,17.709335899903753,21.655437921077958,2726,818,342,274,30.00733675715334,12.545854732208364,13.009348487314492,FALSE,TRUE,11-15,outside the Ring,East Berlin
102S,2002,1230,11.463414634146341,9.268292682926829,3.252032520325203,23.739837398373982,36.260162601626014,1.8699186991869918,889,29.02137232845894,19.57255343082115,3.262092238470191,19.23509561304837,19.797525309336333,3222,783,834,280,24.30167597765363,25.884543761638735,13.419154446491673,FALSE,TRUE,11-15,outside the Ring,East Berlin
103A,2315,1739,17.02127659574468,8.51063829787234,4.6003450258769405,22.94422081656124,29.902242668200117,2.0701552616446235,1451,33.14955203308063,15.024121295658167,4.755341144038594,15.506547208821502,14.403859407305307,3184,720,329,241,22.613065326633166,10.332914572864322,13.808530214022761,FALSE,TRUE,11-15,outside the Ring,East Berlin
103B,2020,1136,6.161971830985915,4.049295774647887,2.3767605633802815,19.806338028169016,51.320422535211264,1.4964788732394365,753,20.0531208499336,12.881806108897742,2.7888446215139444,13.678618857901727,28.02124833997344,3344,404,794,296,12.08133971291866,23.74401913875598,14.509709551550635,FALSE,TRUE,11-15,outside the Ring,East Berlin
103C,2145,1199,8.590492076730609,7.339449541284404,2.835696413678065,18.34862385321101,47.956630525437866,1.0008340283569641,788,20.431472081218274,11.802030456852792,3.6802030456852792,13.071065989847716,31.85279187817259,4254,474,1526,378,11.142454160789844,35.87212035731076,15.236878199807364,FALSE,TRUE,15+,outside the Ring,East Berlin
103D,1923,1015,6.108374384236453,6.896551724137931,1.9704433497536946,22.167487684729064,46.69950738916256,0.8866995073891626,682,17.302052785923753,14.516129032258064,3.5190615835777126,14.809384164222873,28.1524926686217,3815,416,1353,223,10.9043250327654,35.46526867627785,16.12213883097164,FALSE,TRUE,15+,outside the Ring,East Berlin
103E,2528,1478,9.336941813261165,5.7510148849797025,3.9242219215155614,19.891745602165088,44.65493910690122,1.2855209742895806,1003,22.532402791625124,14.15752741774676,4.785643070787637,13.260219341974079,26.121635094715852,4773,518,1653,403,10.852713178294573,34.63230672532998,17.086603796397657,FALSE,TRUE,15+,outside the Ring,East Berlin
103F,2557,1672,10.107655502392344,6.339712918660287,4.126794258373206,17.822966507177032,44.79665071770335,1.3157894736842106,1142,22.066549912434326,12.87215411558669,5.954465849387041,13.572679509632223,25.21891418563923,3464,614,443,141,17.725173210161664,12.788683602771362,14.489677235790628,FALSE,TRUE,11-15,outside the Ring,East Berlin
103G,2209,1402,8.630527817403708,6.704707560627675,3.4950071326676175,21.683309557774606,39.94293865905849,1.9258202567760343,957,23.301985370950888,12.957157784743991,6.0606060606060606,14.211076280041798,26.12330198537095,3916,618,1298,266,15.781409601634321,33.146067415730336,14.847817917870765,FALSE,TRUE,11-15,outside the Ring,East Berlin
103H,2602,1460,7.534246575342466,5.821917808219178,4.041095890410959,23.63013698630137,41.50684931506849,1.4383561643835616,953,22.140608604407134,14.375655823714586,4.931794333683106,14.480587618048268,26.547743966421827,5272,506,2018,345,9.597875569044007,38.277693474962064,15.464709183638929,FALSE,TRUE,15+,outside the Ring,East Berlin
103J,2728,1528,9.424083769633508,5.039267015706806,1.8324607329842932,19.56806282722513,46.79319371727749,1.37434554973822,1163,26.053310404127256,14.789337919174548,3.52536543422184,14.445399828030954,26.39724849527085,4905,745,1634,235,15.188583078491336,33.31294597349643,14.487514353400444,FALSE,TRUE,11-15,outside the Ring,East Berlin
103K,2689,1670,10.658682634730539,6.467065868263473,3.2335329341317367,21.197604790419163,40.718562874251496,1.9161676646706587,1129,23.649247121346324,14.703277236492472,3.808680248007086,15.411868910540301,29.317980513728962,5088,642,1801,413,12.617924528301886,35.397012578616355,15.108005923403645,FALSE,TRUE,15+,outside the Ring,East Berlin
103L,3272,1924,9.043659043659044,7.276507276507276,4.002079002079002,24.22037422037422,41.58004158004158,1.1434511434511434,1364,21.627565982404693,16.20234604105572,4.9853372434017595,18.621700879765395,25.65982404692082,5587,888,1798,522,15.894039735099337,32.18185072489708,15.759321100944444,FALSE,TRUE,15+,outside the Ring,East Berlin
103M,1937,1246,11.396468699839486,6.500802568218298,2.889245585874799,19.98394863563403,44.06099518459069,1.3643659711075442,957,27.586206896551722,16.927899686520377,3.6572622779519333,14.629049111807733,23.61546499477534,2903,585,622,195,20.151567344126764,21.426110919738203,16.004061883060075,FALSE,TRUE,15+,outside the Ring,East Berlin
103N,1845,1281,12.177985948477751,7.02576112412178,4.059328649492584,21.46760343481655,36.0655737704918,2.419984387197502,869,28.5385500575374,16.915995397008054,3.567318757192175,14.729574223245109,23.36018411967779,2680,458,516,158,17.08955223880597,19.253731343283583,16.33610636663839,FALSE,TRUE,15+,outside the Ring,East Berlin
103P,1832,1236,9.546925566343042,5.501618122977346,5.663430420711974,22.57281553398058,41.019417475728154,0.889967637540453,868,27.995391705069125,16.820276497695854,3.80184331797235,15.2073732718894,25.57603686635945,3634,490,1344,118,13.48376444689048,36.98403962575674,16.550146989903862,FALSE,TRUE,15+,outside the Ring,East Berlin
103Q,1806,1175,10.808510638297872,8.25531914893617,3.6595744680851063,18.29787234042553,43.06382978723404,1.5319148936170213,866,26.32794457274827,19.168591224018474,3.233256351039261,14.665127020785219,24.249422632794456,2820,518,610,147,18.368794326241133,21.631205673758867,16.801912342927377,FALSE,TRUE,15+,outside the Ring,East Berlin
104A,1553,1139,21.071115013169447,9.043020193151888,7.726075504828797,20.54433713784021,27.568042142230027,2.019315188762072,991,40.06054490413724,13.420787083753783,6.659939455095863,10.393541876892028,14.42986881937437,2970,529,1117,227,17.811447811447813,37.60942760942761,10.396229663365762,FALSE,TRUE,8-11,outside the Ring,East Berlin
104B,1845,1251,10.071942446043165,7.6738609112709835,5.0359712230215825,26.378896882494004,35.4916067146283,1.2789768185451638,1096,25.182481751824817,16.605839416058394,6.021897810218978,19.616788321167885,17.062043795620436,3142,675,908,274,21.48313176320815,28.898790579248885,11.402632644543855,FALSE,TRUE,11-15,outside the Ring,East Berlin
104C,1791,1225,13.714285714285714,9.387755102040817,3.673469387755102,26.857142857142858,28.489795918367346,1.5510204081632653,972,25.82304526748971,17.386831275720166,4.62962962962963,20.88477366255144,15.637860082304528,2581,833,599,210,32.27431228206122,23.208058891902365,11.176517592260709,FALSE,TRUE,11-15,outside the Ring,East Berlin
104D,1874,1245,11.325301204819278,6.907630522088353,6.42570281124498,25.863453815261042,35.42168674698795,0.963855421686747,1005,24.875621890547265,15.422885572139304,5.074626865671642,20.199004975124378,17.412935323383085,2647,742,521,335,28.03173403853419,19.682659614658103,11.177599377244105,FALSE,TRUE,11-15,outside the Ring,East Berlin
104E,2530,1617,11.626468769325912,6.555349412492269,4.638218923933209,25.355596784168213,33.70439084724799,1.6079158936301794,1297,26.137239784117195,16.576715497301464,3.623747108712413,20.508866615265998,18.504240555127218,3989,983,1163,356,24.642767610930058,29.155176736024067,11.14528903696162,FALSE,TRUE,11-15,outside the Ring,East Berlin
104F,1863,1223,11.447260834014719,7.440719542109567,3.8430089942763694,25.26573998364677,36.140637775960755,1.7988552739165986,1050,26.38095238095238,16,2.2857142857142856,18.952380952380953,20.19047619047619,2605,768,455,265,29.481765834932823,17.46641074856046,11.590441507889796,FALSE,TRUE,11-15,outside the Ring,East Berlin
104G,1959,1408,20.525568181818183,7.599431818181818,5.113636363636363,19.957386363636363,29.616477272727273,1.7755681818181819,1187,33.614153327716934,14.743049705139006,4.549283909014322,16.512215669755687,18.44987363100253,2750,753,443,273,27.381818181818183,16.10909090909091,11.89698002106822,FALSE,TRUE,11-15,outside the Ring,East Berlin
104H,971,801,24.344569288389515,10.486891385767791,9.113607990012484,19.975031210986266,23.3458177278402,1.4981273408239701,751,39.81358189081225,16.511318242343542,6.924101198402131,12.250332889480692,13.581890812250332,1232,434,95,60,35.22727272727273,7.711038961038961,11.911759229478244,FALSE,TRUE,11-15,outside the Ring,East Berlin
104J,961,793,22.69861286254729,10.08827238335435,5.926860025220681,16.77175283732661,27.616645649432535,2.269861286254729,708,37.14689265536723,16.384180790960453,6.3559322033898304,14.689265536723164,14.124293785310735,1176,445,88,57,37.84013605442177,7.482993197278912,12.47678799947875,FALSE,TRUE,11-15,outside the Ring,East Berlin
104K,2000,1290,16.82170542635659,7.906976744186046,6.666666666666667,21.627906976744185,30.310077519379846,2.7906976744186047,1090,35.22935779816514,16.605504587155963,5.412844036697248,14.587155963302752,18.256880733944953,3472,646,1123,286,18.60599078341014,32.34447004608295,12.631840786937865,FALSE,TRUE,11-15,outside the Ring,East Berlin
104L,1907,1366,18.594436310395317,7.540263543191801,4.538799414348462,19.838945827232795,32.13762811127379,2.1961932650073206,1117,35.45210384959714,14.50313339301701,4.6553267681289165,13.697403760071621,17.72605192479857,2394,677,257,149,28.27903091060986,10.735171261487052,13.217224444699585,FALSE,TRUE,11-15,outside the Ring,East Berlin
104M,1843,1261,16.8913560666138,7.454401268834259,6.502775574940523,23.86994448850119,27.67644726407613,1.823949246629659,1012,34.88142292490119,15.612648221343873,6.324110671936759,14.328063241106719,16.304347826086957,2761,582,501,171,21.079319087287214,18.14559942049982,13.185479116094916,FALSE,TRUE,11-15,outside the Ring,East Berlin
104N,1087,916,25.436681222707424,10.480349344978166,9.934497816593886,18.013100436681224,21.943231441048034,2.510917030567686,752,38.430851063829785,15.957446808510639,9.308510638297872,13.03191489361702,11.569148936170214,1339,411,103,67,30.694548170276324,7.6923076923076925,12.238333370704423,FALSE,TRUE,11-15,outside the Ring,East Berlin
104P,1009,824,24.02912621359223,8.37378640776699,9.830097087378642,17.961165048543688,23.300970873786408,2.5485436893203883,740,41.21621621621622,14.864864864864865,7.4324324324324325,13.108108108108109,13.243243243243244,1256,360,92,52,28.662420382165607,7.32484076433121,11.670884643365188,FALSE,TRUE,11-15,outside the Ring,East Berlin
104Q,1145,931,20.730397422126746,7.303974221267454,8.70032223415682,22.55639097744361,24.81203007518797,2.6852846401718584,851,37.72032902467685,15.511163337250293,7.873090481786134,12.808460634547592,13.866039952996475,1983,353,569,100,17.801311144730207,28.69389813414019,12.501718310205835,FALSE,TRUE,11-15,outside the Ring,East Berlin
104R,1837,1335,19.325842696629213,8.838951310861423,11.985018726591761,20.374531835205993,22.471910112359552,3.295880149812734,1091,36.11365719523373,15.857011915673693,12.557286892758937,10.999083409715857,12.190650779101741,2639,532,450,275,20.159151193633953,17.051913603637743,11.444155778048508,FALSE,TRUE,11-15,outside the Ring,East Berlin
104S,1900,1523,26.986211424819434,10.965200262639527,9.848982271831911,18.253447143795142,20.15758371634931,3.2829940906106367,1435,46.20209059233449,14.773519163763066,9.268292682926829,11.010452961672474,10.801393728222996,2415,733,171,140,30.351966873706004,7.080745341614906,12.504202658525397,FALSE,TRUE,11-15,outside the Ring,East Berlin
104T,1036,893,28.443449048152296,11.422172452407615,11.87010078387458,15.22956326987682,19.48488241881299,3.471444568868981,756,45.10582010582011,15.60846560846561,10.714285714285714,9.788359788359788,9.39153439153439,1457,295,135,98,20.247083047357584,9.265614275909403,13.42275943790262,FALSE,TRUE,11-15,outside the Ring,East Berlin
104V,1001,863,27.57821552723059,7.531865585168019,10.776361529548089,15.179606025492468,24.33371958285052,3.1286210892236386,785,46.24203821656051,16.94267515923567,8.02547770700637,11.0828025477707,10.445859872611464,1318,310,136,112,23.520485584218513,10.318664643399089,12.585118746442113,FALSE,TRUE,11-15,outside the Ring,East Berlin
104W,942,790,24.050632911392405,11.89873417721519,13.164556962025317,17.468354430379748,20.88607594936709,2.4050632911392404,708,42.3728813559322,17.09039548022599,9.03954802259887,12.005649717514125,11.158192090395481,1234,366,109,62,29.659643435980552,8.833063209076174,11.883104108378378,FALSE,TRUE,11-15,outside the Ring,East Berlin
104X,1866,1546,27.166882276843467,7.309184993531694,10.802069857697283,15.394566623544632,21.99223803363519,2.846054333764554,1347,43.42984409799555,15.664439495174461,8.834446919079436,10.46770601336303,12.175204157386785,2391,652,188,115,27.26892513592639,7.862818904224174,12.471539914743179,FALSE,TRUE,11-15,outside the Ring,East Berlin
104Y,2002,1630,26.441717791411044,10.061349693251534,8.466257668711657,14.846625766871165,26.073619631901842,2.208588957055215,1401,44.75374732334047,14.346895074946467,6.709493219129193,12.84796573875803,12.276945039257672,2517,805,224,96,31.982518871672625,8.8994835121176,12.948023973190898,FALSE,TRUE,11-15,outside the Ring,East Berlin
105A,963,804,24.62686567164179,7.587064676616915,9.203980099502488,16.417910447761194,25.870646766169155,2.2388059701492535,725,38.3448275862069,15.862068965517242,7.172413793103448,12.689655172413794,12.551724137931034,1221,356,86,35,29.156429156429155,7.0434070434070435,16.227557553757496,FALSE,TRUE,15+,outside the Ring,East Berlin
105B,876,758,27.83641160949868,8.575197889182059,6.332453825857519,14.511873350923484,27.572559366754618,1.4511873350923483,696,38.9367816091954,15.948275862068966,6.609195402298851,11.494252873563218,13.362068965517242,1065,313,45,22,29.389671361502348,4.225352112676056,16.949435478650717,FALSE,TRUE,15+,outside the Ring,East Berlin
105C,933,748,22.727272727272727,9.224598930481283,8.957219251336898,15.775401069518717,27.272727272727273,2.406417112299465,692,37.283236994219656,17.341040462427745,7.22543352601156,11.99421965317919,13.728323699421965,1181,334,94,50,28.28111769686706,7.959356477561388,17.041473958613643,FALSE,TRUE,15+,outside the Ring,East Berlin
105D,890,747,25.301204819277107,8.56760374832664,5.890227576974565,19.27710843373494,27.710843373493976,1.07095046854083,658,37.68996960486322,17.173252279635257,6.5349544072948325,11.702127659574469,14.74164133738602,1114,339,51,40,30.430879712746858,4.578096947935368,17.73083915351726,FALSE,TRUE,15+,outside the Ring,East Berlin
105E,869,714,23.529411764705884,9.523809523809524,7.002801120448179,14.565826330532213,30.252100840336134,2.661064425770308,663,36.802413273001505,16.742081447963802,6.184012066365008,11.463046757164404,14.630467571644042,1092,243,73,48,22.252747252747252,6.684981684981685,18.481090690225393,FALSE,TRUE,15+,outside the Ring,East Berlin
105F,940,809,26.45241038318912,9.641532756489493,7.045735475896168,13.22620519159456,29.04820766378245,3.584672435105068,737,41.92672998643148,16.28222523744912,6.512890094979647,9.090909090909092,13.16146540027137,1306,178,56,71,13.629402756508423,4.287901990811639,17.70139909037096,FALSE,TRUE,15+,outside the Ring,East Berlin
105G,995,846,27.423167848699762,11.11111111111111,7.68321513002364,14.893617021276595,25.65011820330969,2.7186761229314422,810,43.82716049382716,15.802469135802468,6.790123456790123,8.518518518518519,12.469135802469136,1276,285,84,57,22.33542319749216,6.58307210031348,17.09339621322642,FALSE,TRUE,15+,outside the Ring,East Berlin
105H,993,806,28.287841191067,9.181141439205955,9.305210918114144,16.377171215880892,23.82133995037221,3.101736972704715,795,39.24528301886792,17.10691823899371,7.79874213836478,9.182389937106919,12.20125786163522,1253,398,69,42,31.763766959297687,5.506783719074222,16.580436886794406,FALSE,TRUE,15+,outside the Ring,East Berlin
105J,1181,918,22.657952069716774,8.387799564270152,9.041394335511983,21.568627450980394,21.78649237472767,2.7233115468409586,854,30.327868852459016,19.437939110070257,8.548009367681498,13.583138173302109,11.592505854800937,1456,443,106,57,30.425824175824175,7.28021978021978,15.991797434492357,FALSE,TRUE,15+,outside the Ring,East Berlin
105K,1769,1486,19.24629878869448,10.228802153432031,10.969044414535666,24.56258411843876,20.659488559892328,2.624495289367429,1280,32.96875,18.046875,11.328125,13.671875,12.5,2303,515,256,60,22.362136343899262,11.115935735996526,13.928819873479181,FALSE,TRUE,11-15,outside the Ring,East Berlin
105L,905,649,22.033898305084747,10.169491525423728,6.163328197226503,14.637904468412943,29.58397534668721,3.852080123266564,630,35.714285714285715,16.19047619047619,7.936507936507937,13.65079365079365,11.904761904761905,1085,391,72,34,36.036866359447004,6.635944700460829,14.831644635274577,FALSE,TRUE,11-15,outside the Ring,East Berlin
105M,887,727,23.108665749656122,7.702888583218707,6.740027510316368,18.43191196698762,24.896836313617605,3.0261348005502064,596,36.577181208053695,14.59731543624161,7.718120805369128,13.087248322147651,11.74496644295302,1194,315,132,76,26.381909547738694,11.055276381909549,14.438554613434212,FALSE,TRUE,11-15,outside the Ring,East Berlin
105N,880,731,22.70861833105335,9.30232558139535,6.703146374829001,19.288645690834475,25.3077975376197,4.377564979480164,672,31.845238095238095,19.345238095238095,11.011904761904763,14.880952380952381,11.011904761904763,1114,348,56,55,31.23877917414722,5.026929982046679,13.827885749265414,FALSE,TRUE,11-15,outside the Ring,East Berlin
105P,919,732,28.55191256830601,9.01639344262295,6.420765027322404,14.754098360655737,23.907103825136613,3.9617486338797816,682,44.868035190615835,14.662756598240469,7.038123167155425,11.436950146627566,11.143695014662757,1154,347,55,48,30.069324090121317,4.766031195840554,14.051373082234829,FALSE,TRUE,11-15,outside the Ring,East Berlin
105Q,887,747,25.568942436412318,10.441767068273093,8.433734939759036,15.930388219544845,24.765729585006692,2.8112449799196786,651,41.321044546851,15.97542242703533,7.06605222734255,10.906298003072196,14.285714285714286,1055,289,18,39,27.393364928909953,1.7061611374407584,13.421934712797377,FALSE,TRUE,11-15,outside the Ring,East Berlin
105R,886,735,25.306122448979593,9.65986394557823,5.442176870748299,15.238095238095237,29.65986394557823,2.857142857142857,648,40.74074074074074,16.358024691358025,7.253086419753086,11.265432098765432,14.506172839506172,1123,323,89,60,28.762243989314335,7.92520035618878,13.590904379529233,FALSE,TRUE,11-15,outside the Ring,East Berlin
105S,894,757,27.080581241743726,8.718626155878468,10.303830911492735,17.040951122853368,23.645970937912814,2.774108322324967,703,37.41109530583215,18.06543385490754,10.953058321479373,11.806543385490754,8.392603129445234,1099,304,22,32,27.661510464058235,2.001819836214741,13.607756246948659,FALSE,TRUE,11-15,outside the Ring,East Berlin
105T,1823,1559,26.940346375881976,7.889672867222578,7.312379730596536,13.598460551635664,28.99294419499679,3.2713277742142397,1410,42.765957446808514,15.390070921985815,5.815602836879433,10.28368794326241,15.177304964539006,2191,616,97,79,28.115015974440894,4.4272021907804655,14.32919006051127,FALSE,TRUE,11-15,outside the Ring,East Berlin
105V,942,798,29.19799498746867,9.649122807017545,8.020050125313283,14.912280701754385,25.18796992481203,2.506265664160401,743,40.376850605652756,16.41991924629879,7.537012113055182,11.978465679676985,13.189771197846568,1148,338,46,29,29.442508710801395,4.006968641114983,15.18082689391662,FALSE,TRUE,15+,outside the Ring,East Berlin
105W,954,799,25.53191489361702,8.88610763454318,7.759699624530663,14.768460575719649,26.2828535669587,4.130162703379224,686,44.16909620991254,14.868804664723031,5.830903790087463,10.349854227405247,12.099125364431487,1159,337,71,18,29.07679033649698,6.125970664365832,15.210128371618959,FALSE,TRUE,15+,outside the Ring,East Berlin
105X,928,739,24.89851150202977,9.607577807848443,6.495263870094723,14.343707713125847,29.36400541271989,3.3829499323410013,686,40.816326530612244,17.93002915451895,5.539358600583091,12.682215743440233,12.682215743440233,1178,287,96,22,24.36332767402377,8.149405772495756,15.54404881505139,FALSE,TRUE,15+,outside the Ring,East Berlin
105Y,940,762,21.391076115485564,10.10498687664042,7.086614173228346,23.62204724409449,21.653543307086615,1.5748031496062993,703,35.13513513513514,16.073968705547653,10.099573257467995,13.229018492176387,12.091038406827881,1134,332,47,53,29.27689594356261,4.144620811287478,16.233842760995955,FALSE,TRUE,15+,outside the Ring,East Berlin
105ZA,1879,1582,28.6346396965866,7.648546144121365,8.154235145385588,15.61314791403287,24.652338811630848,2.4652338811630847,1397,42.87759484609878,15.175375805297065,7.015032211882605,12.598425196850394,12.31209735146743,2303,701,82,87,30.438558402084237,3.5605731654363875,16.278253380821994,FALSE,TRUE,15+,outside the Ring,East Berlin
105ZB,1162,1006,29.324055666003975,7.654075546719682,7.157057654075547,13.121272365805169,27.23658051689861,2.584493041749503,880,43.97727272727273,13.75,6.4772727272727275,11.363636363636363,14.659090909090908,1402,417,57,41,29.743223965763196,4.065620542082739,15.106569399420964,FALSE,TRUE,15+,outside the Ring,East Berlin
105ZC,1821,1517,30.652603823335532,7.778510217534608,7.844429795649308,13.183915622940013,24.390243902439025,3.164139749505603,1374,44.97816593886463,16.157205240174672,5.822416302765648,9.606986899563319,14.992721979621543,2201,635,66,87,28.850522489777372,2.9986369831894595,16.410575963520944,FALSE,TRUE,15+,outside the Ring,East Berlin
105ZD,1807,1544,26.683937823834196,9.261658031088082,6.800518134715026,14.961139896373057,27.979274611398964,3.4974093264248705,1307,46.21270084162204,14.384085692425401,6.197398622800306,10.099464422341239,14.919663351185921,2227,576,132,65,25.86439155814998,5.927256398742704,16.07264565678988,FALSE,TRUE,15+,outside the Ring,East Berlin
105ZE,1890,1604,26.371571072319203,8.852867830423941,6.85785536159601,14.463840399002494,28.241895261845386,3.678304239401496,1385,45.27075812274368,14.368231046931408,7.653429602888087,8.592057761732852,14.07942238267148,2531,458,152,151,18.095614381667325,6.00553141050968,15.995500935960122,FALSE,TRUE,15+,outside the Ring,East Berlin
105ZF,1719,1396,21.91977077363897,10.458452722063038,8.954154727793696,18.76790830945559,25.429799426934096,2.650429799426934,1174,36.54173764906303,18.313458262350938,7.410562180579216,14.139693356047701,14.65076660988075,2280,557,241,114,24.42982456140351,10.570175438596491,15.713730128341902,FALSE,TRUE,15+,outside the Ring,East Berlin
105ZG,1748,1419,24.171952078928822,9.090909090909092,8.949964763918253,17.265680056377732,25.44045102184637,2.959830866807611,1213,39.901071723000825,15.004122011541632,8.656224237427864,12.118713932399011,14.262159934047816,2185,633,140,73,28.97025171624714,6.407322654462242,16.719119457855882,FALSE,TRUE,15+,outside the Ring,East Berlin
106A,1278,878,13.097949886104784,9.339407744874716,2.9612756264236904,22.209567198177677,35.7630979498861,2.5056947608200457,706,31.161473087818695,13.031161473087819,4.81586402266289,13.172804532577903,19.546742209631727,1667,409,201,101,24.535092981403718,12.057588482303538,14.065925750345105,FALSE,TRUE,11-15,outside the Ring,East Berlin
106B,2199,1393,14.788226848528357,6.389088298636037,4.1636755204594404,20.244077530509692,38.765254845656855,2.440775305096913,1088,31.709558823529413,13.235294117647058,5.055147058823529,14.338235294117647,20.955882352941178,3540,619,840,311,17.48587570621469,23.728813559322035,14.372650015770597,FALSE,TRUE,11-15,outside the Ring,East Berlin
106C,1873,1245,15.983935742971887,6.104417670682731,4.417670682730924,19.919678714859437,37.670682730923694,1.1244979919678715,957,33.751306165099265,14.629049111807733,4.179728317659352,13.793103448275861,18.286311389759664,2788,543,540,149,19.47632711621234,19.368723098995694,14.782837434280008,FALSE,TRUE,11-15,outside the Ring,East Berlin
106D,2085,1166,8.319039451114923,5.574614065180103,3.7735849056603774,20.41166380789022,43.82504288164665,1.8010291595197256,955,24.50261780104712,14.973821989528796,4.0837696335078535,13.717277486910994,25.654450261780106,3601,332,963,192,9.219661205220772,26.74257150791447,14.782904539963836,FALSE,TRUE,11-15,outside the Ring,East Berlin
106E,1732,1203,19.035743973399835,6.816292601828762,3.657522859517872,17.456359102244388,34.58021612635079,2.4106400665004157,898,29.844097995545656,15.033407572383073,4.565701559020044,12.806236080178174,23.16258351893096,2358,625,282,151,26.505513146734522,11.959287531806616,15.248354173076073,FALSE,TRUE,15+,outside the Ring,East Berlin
106F,2492,1391,12.07764198418404,5.823148813803019,3.4507548526240117,21.99856218547807,42.84687275341481,1.7253774263120059,1095,28.949771689497716,13.333333333333334,5.114155251141552,12.785388127853881,23.19634703196347,4958,532,1797,304,10.73013311819282,36.244453408632516,15.368133781198425,FALSE,TRUE,15+,outside the Ring,East Berlin
106G,2388,1533,12.13307240704501,6.001304631441617,3.522504892367906,18.917155903457274,45.40117416829746,1.4350945857795172,1073,28.704566635601118,15.097856477166822,4.566635601118359,11.649580615097857,25.722273998136068,3809,702,949,206,18.43003412969283,24.914675767918087,15.886988280224102,FALSE,TRUE,15+,outside the Ring,East Berlin
106H,1665,1080,15.185185185185185,7.037037037037037,2.685185185185185,16.574074074074073,43.425925925925924,2.037037037037037,893,29.339305711086226,15.789473684210526,3.807390817469205,12.76595744680851,24.63605823068309,2915,348,808,142,11.938250428816467,27.71869639794168,16.24573140776786,FALSE,TRUE,15+,outside the Ring,East Berlin
106J,1031,841,25.802615933412604,8.799048751486326,5.826397146254459,17.479191438763376,27.110582639714625,1.6646848989298455,747,35.20749665327978,17.13520749665328,6.5595716198125835,13.788487282463185,15.662650602409638,1221,318,45,38,26.044226044226043,3.6855036855036856,15.624928957721036,FALSE,TRUE,15+,outside the Ring,East Berlin
106K,1854,1381,22.2302679217958,8.32729905865315,5.937726285300507,18.609703113685736,29.32657494569153,1.5206372194062274,1213,36.93322341302556,15.663643858202803,7.007419620774938,12.036273701566364,15.993404781533389,2402,446,173,89,18.567860116569527,7.2023313905079105,15.210464197554332,FALSE,TRUE,15+,outside the Ring,East Berlin
106L,1998,1271,19.35483870967742,7.317073170731708,3.147128245476003,19.43351691581432,34.225019669551536,1.6522423288749017,1029,35.8600583090379,15.646258503401361,3.69290573372206,16.034985422740526,16.71525753158406,2613,805,335,151,30.807500956754687,12.820512820512821,14.7148664641508,FALSE,TRUE,11-15,outside the Ring,East Berlin
106M,2069,1307,16.908951798010712,9.104820198928845,3.5195103289977046,20.734506503443,37.64345830145371,0.6885998469778117,994,33.199195171026155,16.29778672032193,4.225352112676056,15.694164989939638,19.3158953722334,2808,834,530,202,29.700854700854702,18.874643874643876,14.31588061093624,FALSE,TRUE,11-15,outside the Ring,East Berlin
106N,1798,1111,14.221422142214221,8.010801080108012,4.14041404140414,22.41224122412241,35.37353735373537,1.3501350135013501,799,32.54067584480601,14.142678347934918,4.130162703379224,15.39424280350438,21.401752190237797,2536,469,512,204,18.493690851735014,20.189274447949526,14.105968913554708,FALSE,TRUE,11-15,outside the Ring,East Berlin
106P,1690,1134,16.225749559082892,6.084656084656085,3.1746031746031744,23.368606701940035,36.68430335097002,0.9700176366843033,885,28.361581920903955,14.915254237288135,4.406779661016949,17.966101694915253,22.033898305084747,2447,657,559,141,26.84920310584389,22.844299141806292,13.739611909568975,FALSE,TRUE,11-15,outside the Ring,East Berlin
106Q,1727,1217,19.80279375513558,9.449465899753493,4.19063270336894,19.80279375513558,30.073952341824157,1.6433853738701725,1001,30.56943056943057,19.18081918081918,4.395604395604396,16.783216783216783,19.58041958041958,2261,756,320,147,33.43653250773994,14.153029632905794,13.63880179604441,FALSE,TRUE,11-15,outside the Ring,East Berlin
106R,1827,1260,19.523809523809526,10.317460317460318,5.555555555555555,19.603174603174605,29.603174603174605,2.380952380952381,1071,32.399626517273575,16.713352007469656,6.349206349206349,16.526610644257705,15.779645191409898,2280,777,172,121,34.078947368421055,7.543859649122807,14.244759705617586,FALSE,TRUE,11-15,outside the Ring,East Berlin
106S,1260,1030,24.07766990291262,9.70873786407767,9.320388349514563,15.728155339805825,27.281553398058254,3.203883495145631,831,38.50782190132371,14.440433212996389,7.9422382671480145,13.598074608904934,15.16245487364621,1523,418,111,59,27.445830597504923,7.288246881155614,14.98320831679286,FALSE,TRUE,11-15,outside the Ring,East Berlin
111A,2001,1398,17.167381974248926,6.866952789699571,3.7911301859799713,17.453505007153076,38.412017167381975,1.5736766809728182,1215,40.74074074074074,14.40329218106996,4.032921810699588,10.617283950617283,19.25925925925926,3251,595,796,172,18.30206090433713,24.48477391571824,11.26888593849576,FALSE,TRUE,11-15,outside the Ring,East Berlin
111B,1969,1620,30.308641975308642,6.3580246913580245,4.382716049382716,13.580246913580247,30.37037037037037,1.7901234567901234,1347,43.28136599851522,12.843355605048256,5.419450631031923,11.432813659985152,16.77802524127691,2475,626,166,111,25.292929292929294,6.707070707070707,12.3743926095416,FALSE,TRUE,11-15,outside the Ring,East Berlin
111C,1678,1288,23.524844720496894,6.055900621118012,8.229813664596273,18.322981366459626,31.677018633540374,2.329192546583851,977,40.83930399181167,10.133060388945752,6.345957011258956,8.597748208802457,18.321392016376663,3276,318,1071,222,9.706959706959706,32.69230769230769,13.421916249285392,FALSE,TRUE,11-15,outside the Ring,East Berlin
111D,1806,1124,13.790035587188612,5.604982206405694,2.1352313167259784,21.26334519572954,39.76868327402135,1.5124555160142348,913,29.791894852135815,15.005476451259584,3.833515881708653,14.676889375684556,23.329682365826944,3106,532,869,258,17.128139085640697,27.978106889890533,10.635618409256228,FALSE,TRUE,8-11,outside the Ring,East Berlin
111E,1932,1148,11.67247386759582,8.797909407665506,3.397212543554007,23.519163763066203,38.501742160278745,0.8710801393728222,717,30.82287308228731,13.249651324965132,3.486750348675035,15.06276150627615,22.594142259414227,3084,661,833,216,21.43320363164721,27.010376134889754,10.991602283301924,FALSE,TRUE,8-11,outside the Ring,East Berlin
111F,1646,1048,17.080152671755727,4.484732824427481,1.9083969465648856,21.278625954198475,41.88931297709924,0.9541984732824428,795,33.333333333333336,10.69182389937107,4.654088050314465,15.974842767295597,24.0251572327044,2680,479,672,239,17.87313432835821,25.074626865671643,10.890567755341507,FALSE,TRUE,8-11,outside the Ring,East Berlin
111G,1466,974,20.53388090349076,5.852156057494867,3.593429158110883,23.100616016427104,32.238193018480494,1.1293634496919918,744,36.02150537634409,12.096774193548388,4.166666666666667,14.516129032258064,22.446236559139784,2753,559,1009,232,20.305121685434074,36.650926262259354,11.139118947267898,FALSE,TRUE,11-15,outside the Ring,East Berlin
111H,1782,1137,17.150395778364118,6.772207563764292,3.8698328935795954,22.7792436235708,35.44415127528584,0.4397537379067722,851,32.90246768507638,15.27614571092832,2.937720329024677,16.56874265569918,20.446533490011753,3101,623,973,312,20.090293453724605,31.376975169300227,11.659624374399959,FALSE,TRUE,11-15,outside the Ring,East Berlin
111K,1739,1173,16.624040920716112,6.479113384484228,2.9838022165387894,20.886615515771528,37.510656436487636,1.278772378516624,938,35.28784648187633,13.539445628997868,3.091684434968017,14.498933901918976,19.936034115138593,2295,603,346,234,26.274509803921568,15.076252723311546,10.986172888066001,FALSE,TRUE,8-11,outside the Ring,East Berlin
111L,1775,1052,11.50190114068441,5.893536121673004,2.2813688212927756,20.247148288973385,44.58174904942966,0.9505703422053232,784,28.571428571428573,11.096938775510203,3.061224489795918,14.540816326530612,26.403061224489797,3009,471,897,308,15.653040877367896,29.810568295114656,11.200793316318673,FALSE,TRUE,11-15,outside the Ring,East Berlin
111M,1998,1203,12.136325852036576,5.901911886949294,2.3275145469659186,22.443890274314214,40.31587697423109,0.6650041562759768,803,29.140722291407222,13.823163138231632,3.7359900373599,15.193026151930262,24.533001245330013,3357,609,909,365,18.141197497765862,27.07774798927614,11.566897526063334,FALSE,TRUE,11-15,outside the Ring,East Berlin
111N,1975,1308,13.149847094801224,6.422018348623853,3.8990825688073394,21.865443425076453,37.38532110091743,1.9877675840978593,1056,32.95454545454545,10.890151515151516,4.450757575757576,12.878787878787879,22.821969696969695,3169,423,762,222,13.34805932470811,24.045440201956453,11.996518674945637,FALSE,TRUE,11-15,outside the Ring,East Berlin
111P,1843,1199,17.264386989157632,4.75396163469558,3.16930775646372,21.51793160967473,38.03169307756464,0.9174311926605505,948,34.81012658227848,13.50210970464135,3.691983122362869,14.662447257383967,21.41350210970464,3338,557,1104,225,16.686638705811863,33.073696824445776,11.252381449922312,FALSE,TRUE,11-15,outside the Ring,East Berlin
111R,1849,1315,18.250950570342205,7.224334600760456,3.193916349809886,22.129277566539923,32.09125475285171,0.9125475285171103,951,34.174553101997894,15.983175604626709,3.680336487907466,15.983175604626709,19.873817034700316,2230,879,169,103,39.417040358744394,7.57847533632287,10.234052133340791,FALSE,TRUE,8-11,outside the Ring,East Berlin
111S,1561,1055,13.744075829383887,8.625592417061611,3.0331753554502368,20.473933649289098,38.48341232227488,0.9478672985781991,832,34.73557692307692,17.548076923076923,3.485576923076923,14.783653846153847,19.35096153846154,2161,607,342,225,28.08884775566867,15.826006478482185,10.441225307284867,FALSE,TRUE,8-11,outside the Ring,East Berlin
111T,1717,1160,19.310344827586206,6.896551724137931,2.8448275862068964,20.344827586206897,34.39655172413793,0.7758620689655172,857,34.53908984830805,16.45274212368728,3.267211201866978,15.402567094515753,19.83663943990665,2407,728,402,175,30.245118404653095,16.701287910261737,10.281229229996326,FALSE,TRUE,8-11,outside the Ring,East Berlin
111U,1873,1121,10.437109723461194,6.779661016949152,3.033006244424621,24.531668153434435,38.80463871543265,1.0704727921498662,805,30.559006211180126,14.285714285714286,3.4782608695652173,19.751552795031056,24.84472049689441,3563,657,1254,422,18.439517260735336,35.195060342408084,10.389413529437478,FALSE,TRUE,8-11,outside the Ring,East Berlin
111W,1734,1159,19.327006039689387,7.506471095772217,3.537532355478861,20.621225194132872,32.78688524590164,1.4667817083692838,940,32.5531914893617,16.914893617021278,4.25531914893617,15.212765957446809,17.97872340425532,2664,657,648,197,24.66216216216216,24.324324324324323,10.15130882912955,FALSE,TRUE,8-11,outside the Ring,East Berlin
111X,1675,1261,20.14274385408406,8.24742268041237,3.7272006344171293,20.61855670103093,30.531324345757337,1.4274385408406027,1080,34.44444444444444,18.14814814814815,3.7962962962962963,16.666666666666668,18.425925925925927,2108,802,285,115,38.04554079696395,13.519924098671726,10.503608185405714,FALSE,TRUE,8-11,outside the Ring,East Berlin
112A,1766,1167,16.709511568123393,5.998286203941731,2.827763496143959,17.994858611825194,41.55955441302485,1.4567266495287061,1032,36.627906976744185,12.790697674418604,4.651162790697675,11.918604651162791,20.058139534883722,2652,544,554,164,20.512820512820515,20.889894419306184,10.010278672918327,FALSE,TRUE,8-11,outside the Ring,East Berlin
112B,1900,1171,14.17591801878736,8.198121263877027,2.220324508966695,21.605465414175917,40.563620836891545,1.0247651579846284,875,28.914285714285715,15.085714285714285,3.2,15.885714285714286,20.685714285714287,2993,563,794,241,18.810557968593386,26.52856665552957,9.88540393148613,FALSE,TRUE,8-11,outside the Ring,East Berlin
112C,1722,1193,21.79379715004191,6.286672254819782,3.604358759430008,19.86588432523051,33.36127409891031,1.2573344509639564,947,34.84688489968321,12.249208025343188,4.857444561774023,14.78352692713833,18.057022175290392,2517,632,472,180,25.109257052046086,18.752483114819228,9.402069500729663,FALSE,TRUE,8-11,outside the Ring,East Berlin
112D,1699,1036,14.961389961389962,4.44015444015444,2.413127413127413,19.111969111969113,39.47876447876448,0.7722007722007722,912,33.44298245614035,13.37719298245614,4.605263157894737,13.706140350877194,20.285087719298247,3049,614,917,252,20.137750081994096,30.075434568711053,9.910120123252073,FALSE,TRUE,8-11,outside the Ring,East Berlin
112E,1974,1645,27.659574468085108,8.389057750759878,7.720364741641338,20.851063829787233,23.10030395136778,2.188449848024316,1409,42.44144783534421,13.4847409510291,6.0326472675656495,14.83321504613201,12.704045422285308,2499,762,196,109,30.4921968787515,7.8431372549019605,9.493897933007124,FALSE,TRUE,8-11,outside the Ring,East Berlin
112F,2518,1778,22.834645669291337,4.83689538807649,2.81214848143982,22.722159730033745,31.046119235095613,0.9561304836895388,1463,38.34586466165413,11.961722488038278,4.6479835953520166,17.97676008202324,15.994531784005469,4558,813,1380,276,17.836770513383062,30.27643703378675,10.544129076584595,FALSE,TRUE,8-11,outside the Ring,East Berlin
112G,1455,1016,18.011811023622048,7.086614173228346,7.381889763779528,23.72047244094488,26.08267716535433,3.543307086614173,780,33.97435897435897,13.974358974358974,7.564102564102564,16.025641025641026,15,3341,292,1485,237,8.739898234061657,44.44777012870398,9.902685447753663,FALSE,TRUE,8-11,outside the Ring,East Berlin
112H,1929,1486,21.063257065948857,7.873485868102288,5.450874831763122,21.534320323014803,28.465679676985197,1.547779273216689,1355,38.81918819188192,14.612546125461254,6.4944649446494465,16.236162361623617,13.948339483394834,2818,715,598,124,25.372604684173172,21.220723917672107,9.0755348333327,FALSE,TRUE,8-11,outside the Ring,East Berlin
112K,1910,1480,23.31081081081081,9.72972972972973,9.256756756756756,21.283783783783782,20.135135135135137,2.1621621621621623,1290,36.51162790697674,14.728682170542635,8.837209302325581,16.976744186046513,11.937984496124031,2510,678,253,129,27.01195219123506,10.079681274900398,8.311819776575925,FALSE,TRUE,8-11,outside the Ring,East Berlin
112L,1721,1219,15.012305168170633,8.941755537325676,6.398687448728466,26.989335520918786,27.809680065627564,1.5586546349466777,1057,34.437086092715234,15.042573320719017,6.5279091769157995,19.489120151371807,14.096499526963104,2420,608,435,156,25.123966942148762,17.975206611570247,9.048538402096247,FALSE,TRUE,8-11,outside the Ring,East Berlin
112M,1732,1113,16.352201257861637,8.176100628930818,4.0431266846361185,27.852650494159928,29.290206648697215,0.6289308176100629,919,31.882480957562567,17.954298150163222,5.44069640914037,17.19260065288357,15.995647442872688,2607,748,556,225,28.69198312236287,21.327196010740316,9.339776014053509,FALSE,TRUE,8-11,outside the Ring,East Berlin
112N,1671,1289,16.91233514352211,8.844065166795966,6.8269976726144295,26.997672614429792,24.12723041117145,1.7843289371605897,1044,32.95019157088122,15.804597701149426,8.237547892720306,16.95402298850575,14.846743295019158,2334,418,460,144,17.90916880891174,19.70865467009426,8.577683159560653,FALSE,TRUE,8-11,outside the Ring,East Berlin
112P,1847,1370,17.2992700729927,8.248175182481752,9.197080291970803,23.868613138686133,25.182481751824817,1.532846715328467,1123,30.632235084594836,15.583259127337488,10.863757791629563,14.603739982190561,14.870881567230633,2702,463,556,163,17.13545521835677,20.577350111028867,8.052984788755829,FALSE,TRUE,8-11,outside the Ring,East Berlin
112R,1736,1347,19.15367483296214,10.244988864142538,11.729769858945806,25.167037861915368,17.965850037119523,2.6726057906458798,1188,34.25925925925926,16.077441077441076,14.562289562289562,13.215488215488216,10.016835016835017,3101,401,994,156,12.93131247984521,32.05417607223476,7.424384680564955,FALSE,TRUE,6-8,outside the Ring,East Berlin
112S,1691,1147,13.339145597210113,9.24149956408021,6.015693112467306,30.60156931124673,25.196163905841324,2.005231037489102,912,27.74122807017544,18.75,7.017543859649122,17.54385964912281,16.44736842105263,2899,452,855,232,15.59158330458779,29.49292859606761,8.135851919441201,FALSE,TRUE,8-11,outside the Ring,East Berlin
112T,1745,1168,13.099315068493151,8.133561643835616,5.051369863013699,30.393835616438356,27.397260273972602,1.7123287671232876,968,27.892561983471076,18.285123966942148,8.057851239669422,17.665289256198346,15.702479338842975,3151,563,1040,257,17.86734370041257,33.00539511266265,8.531161007240978,FALSE,TRUE,8-11,outside the Ring,East Berlin
112U,1978,1508,20.358090185676392,7.957559681697613,5.968169761273209,21.419098143236074,29.310344827586206,2.320954907161804,1265,37.15415019762846,15.019762845849803,5.612648221343873,14.387351778656127,14.229249011857707,3188,487,771,286,15.27603513174404,24.18444165621079,9.969572954118517,FALSE,TRUE,8-11,outside the Ring,East Berlin
112W,1881,1437,15.796798886569242,8.48990953375087,5.288796102992345,26.026443980514962,28.322894919972164,2.0876826722338206,1176,32.993197278911566,15.816326530612244,5.612244897959184,16.241496598639454,15.136054421768707,3079,615,850,243,19.97401753816174,27.606365703150374,9.15171927222752,FALSE,TRUE,8-11,outside the Ring,East Berlin
113A,1979,1364,13.12316715542522,8.504398826979472,6.5982404692082115,26.759530791788855,28.44574780058651,1.6129032258064515,1141,22.085889570552148,19.456617002629272,6.660823838737949,17.70376862401402,17.002629272567923,4271,831,1939,272,19.456801685787873,45.399203933505035,6.8958867821822585,FALSE,TRUE,6-8,outside the Ring,East Berlin
113B,1782,1273,12.725844461901021,8.562450903377847,8.483896307934014,25.765907305577375,27.336999214454046,2.592301649646504,1020,23.333333333333332,18.529411764705884,8.92156862745098,17.254901960784313,14.607843137254902,2600,517,496,194,19.884615384615383,19.076923076923077,7.465267741918444,FALSE,TRUE,6-8,outside the Ring,East Berlin
113C,1819,1271,12.667191188040913,7.946498819826908,5.979543666404406,30.44846577498033,26.357199055861525,1.8882769472856018,1006,24.652087475149106,16.998011928429424,8.846918489065606,16.69980119284294,15.308151093439363,2784,462,626,235,16.594827586206897,22.485632183908045,7.79189358158052,FALSE,TRUE,6-8,outside the Ring,East Berlin
113D,1753,1108,11.101083032490974,10.1985559566787,5.054151624548736,30.23465703971119,27.52707581227437,1.7148014440433212,895,25.363128491620113,19.441340782122904,6.4804469273743015,20.11173184357542,15.083798882681565,3064,681,956,287,22.22584856396867,31.201044386422975,8.268390155488555,FALSE,TRUE,8-11,outside the Ring,East Berlin
113E,1941,1264,16.139240506329113,6.80379746835443,3.7974683544303796,23.496835443037973,32.674050632911396,2.0569620253164556,1057,30.558183538315987,15.042573320719017,4.446546830652791,14.380321665089877,20.151371807000945,2542,845,402,174,33.241542092840284,15.814319433516916,8.721025050796827,FALSE,TRUE,8-11,outside the Ring,East Berlin
113F,1832,1282,14.742589703588143,13.026521060842434,4.914196567862715,28.861154446177846,22.07488299531981,1.4820592823712948,1023,23.558162267839688,23.26490713587488,6.35386119257087,19.257086999022484,13.098729227761487,2224,812,250,179,36.510791366906474,11.241007194244604,6.189251565743055,FALSE,TRUE,6-8,outside the Ring,East Berlin
113G,1687,1003,9.970089730807578,10.967098703888334,4.885343968095713,35.59322033898305,23.13060817547358,1.296111665004985,873,22.33676975945017,20.274914089347078,6.0710194730813285,21.878579610538374,14.20389461626575,3046,616,1014,427,20.223243598161524,33.28956007879186,6.652659292904236,FALSE,TRUE,6-8,outside the Ring,East Berlin
113H,1743,1182,11.928934010152284,6.598984771573604,4.653130287648054,28.426395939086294,32.48730964467005,1.5228426395939085,922,22.559652928416487,20.932754880694144,5.531453362255966,21.0412147505423,15.184381778741866,2511,562,421,270,22.381521306252488,16.766228594185584,7.225149164362168,FALSE,TRUE,6-8,outside the Ring,East Berlin
113K,1726,1120,14.285714285714286,12.142857142857142,4.821428571428571,27.946428571428573,25.803571428571427,2.3214285714285716,942,24.94692144373673,20.59447983014862,7.32484076433121,19.426751592356688,13.26963906581741,2465,757,474,256,30.709939148073023,19.22920892494929,6.250248181147216,FALSE,TRUE,6-8,outside the Ring,East Berlin
113L,1765,1170,13.504273504273504,10.683760683760683,5.897435897435898,30,23.675213675213676,1.2820512820512822,937,23.052294557097117,18.356456776947706,7.04375667022412,22.198505869797224,14.4076840981857,2465,669,512,238,27.13995943204868,20.77079107505071,6.8067427676686,FALSE,TRUE,6-8,outside the Ring,East Berlin
113M,1671,1066,10.975609756097562,9.662288930581614,4.5966228893058165,32.17636022514071,26.26641651031895,1.3133208255159474,872,21.674311926605505,18.807339449541285,7.798165137614679,21.788990825688074,14.44954128440367,2812,629,819,306,22.36842105263158,29.125177809388337,7.1918837659625465,FALSE,TRUE,6-8,outside the Ring,East Berlin
113N,1857,1076,10.037174721189592,5.483271375464684,4.182156133828996,32.43494423791822,30.018587360594797,1.3940520446096654,864,22.10648148148148,17.939814814814813,10.185185185185185,18.055555555555557,15.393518518518519,5297,493,2905,371,9.307154993392487,54.84236360203889,8.561602342306927,FALSE,TRUE,8-11,outside the Ring,East Berlin
113P,1728,1162,12.392426850258175,10.843373493975903,15.232358003442341,33.648881239242684,14.027538726333907,2.8399311531841653,827,20.435308343409915,17.04957678355502,20.314389359129382,16.56590084643289,8.34340991535671,4419,474,2346,241,10.726408689748812,53.088934147997286,9.019805048600446,FALSE,TRUE,8-11,outside the Ring,East Berlin
113R,1592,1231,16.328188464662876,11.860276198212835,10.885458976441917,24.776604386677498,21.202274573517464,2.355808285946385,1069,25.818521983161833,19.08325537885875,11.973807296538821,18.42843779232928,9.635173058933583,2141,440,165,90,20.551144325081736,7.706679121905651,8.623036487049138,FALSE,TRUE,8-11,outside the Ring,East Berlin
113S,1609,1195,7.698744769874477,7.7824267782426775,11.213389121338912,42.25941422594142,15.98326359832636,1.8410041841004183,953,15.005246589716684,13.116474291710388,20.98635886673662,20.67156348373557,10.912906610703043,2861,192,971,201,6.71094023068857,33.939182104159386,8.547435567668995,FALSE,TRUE,8-11,outside the Ring,East Berlin
113T,1658,1148,12.543554006968641,9.75609756097561,8.362369337979095,29.965156794425088,22.735191637630663,1.3066202090592334,898,20.93541202672606,18.262806236080177,10.022271714922049,25.167037861915368,14.365256124721604,2346,615,511,192,26.214833759590793,21.78175618073316,9.190367209149613,FALSE,TRUE,8-11,outside the Ring,East Berlin
113U,1508,950,11.789473684210526,9.157894736842104,5.7894736842105265,30.736842105263158,26.94736842105263,1.1578947368421053,803,23.6612702366127,18.555417185554173,7.970112079701121,23.412204234122044,15.317559153175592,2282,488,586,299,21.384750219106046,25.67922874671341,9.320278365548118,FALSE,TRUE,8-11,outside the Ring,East Berlin
113W,1837,1180,13.05084745762712,8.559322033898304,6.52542372881356,29.576271186440678,28.050847457627118,1.5254237288135593,892,22.6457399103139,18.27354260089686,6.502242152466367,22.533632286995516,15.919282511210762,2961,644,811,321,21.749408983451538,27.389395474501857,9.916898449247364,FALSE,TRUE,8-11,outside the Ring,East Berlin
113X,2237,1462,11.627906976744185,8.276333789329685,6.634746922024624,29.20656634746922,27.77017783857729,1.915184678522572,1179,22.815945716709077,17.557251908396946,9.584393553859202,16.62425784563189,18.150975402883798,3884,638,1127,422,16.42636457260556,29.016477857878474,10.494438380712161,FALSE,TRUE,8-11,outside the Ring,East Berlin
114A,1823,1339,10.604929051530993,11.202389843166543,11.57580283793876,31.142643764002987,20.911127707244212,0.8961911874533234,1283,20.576773187841,16.757599376461418,14.26344505066251,21.823850350740454,11.379579111457522,2744,493,662,215,17.966472303207,24.12536443148688,5.829836755407146,FALSE,TRUE,4-6,outside the Ring,East Berlin
114B,1752,1243,10.86082059533387,11.182622687047466,8.688656476267095,33.547868061142395,21.802091713596138,1.4481094127111827,1089,21.395775941230486,19.834710743801654,9.366391184573002,20.385674931129476,13.406795224977044,2675,602,593,274,22.50467289719626,22.16822429906542,6.141230052261252,FALSE,TRUE,6-8,outside the Ring,East Berlin
114C,1752,1218,13.711001642036125,10.83743842364532,4.679802955665025,29.967159277504106,25.36945812807882,1.0673234811165846,1067,22.58669165885661,20.712277413308342,6.747891283973758,20.89971883786317,14.339268978444236,2634,760,561,287,28.85345482156416,21.298405466970387,6.434661872113913,FALSE,TRUE,6-8,outside the Ring,East Berlin
114D,1684,1148,14.45993031358885,10.801393728222996,5.052264808362369,29.094076655052266,24.477351916376307,0.9581881533101045,944,19.809322033898304,20.021186440677965,9.851694915254237,21.29237288135593,15.572033898305085,2820,683,947,199,24.21985815602837,33.58156028368794,6.828167178425942,FALSE,TRUE,6-8,outside the Ring,East Berlin
114E,1776,1155,11.774891774891774,11.86147186147186,6.666666666666667,33.59307359307359,20.606060606060606,1.8181818181818181,914,20.45951859956236,20.13129102844639,10.940919037199125,17.61487964989059,13.457330415754923,3043,697,1106,218,22.905027932960895,36.34571146894512,7.5735570333033095,FALSE,TRUE,6-8,outside the Ring,East Berlin
114F,1716,1215,9.465020576131687,9.547325102880658,11.687242798353909,37.11934156378601,17.86008230452675,1.3991769547325104,995,18.391959798994975,18.09045226130653,14.07035175879397,22.412060301507537,11.055276381909549,3096,497,1169,256,16.05297157622739,37.758397932816536,6.623587419403618,FALSE,TRUE,6-8,outside the Ring,East Berlin
114G,1846,1239,10.895883777239709,9.281678773204197,8.958837772397095,32.92978208232446,20.177562550443906,2.5020177562550443,1017,20.845624385447394,17.305801376597838,12.88102261553589,20.845624385447394,12.192723697148477,2562,500,451,191,19.516003122560498,17.60343481654957,7.572319542384937,FALSE,TRUE,6-8,outside the Ring,East Berlin
114H,1837,1462,12.038303693570452,11.559507523939809,15.321477428180575,34.81532147742818,12.448700410396716,2.188782489740082,1185,17.29957805907173,17.552742616033754,22.025316455696203,19.240506329113924,6.582278481012659,2536,523,329,199,20.623028391167193,12.973186119873818,6.8173395433924515,FALSE,TRUE,6-8,outside the Ring,East Berlin
114K,1776,1367,9.070958302852963,8.412582297000732,14.19166057059254,39.72201901975128,14.411119239209949,2.3408924652523773,1057,14.947965941343424,12.677388836329234,24.69252601702933,21.192052980132452,8.420056764427626,2470,285,443,227,11.538461538461538,17.93522267206478,7.188647013353085,FALSE,TRUE,6-8,outside the Ring,East Berlin
114L,1794,1287,10.334110334110335,6.993006993006993,10.878010878010878,36.75213675213675,18.492618492618494,1.1655011655011656,1057,18.543046357615893,14.664143803216652,15.421002838221382,26.490066225165563,9.839167455061494,2547,451,532,183,17.707106399685905,20.887318413820182,7.623225248624408,FALSE,TRUE,6-8,outside the Ring,East Berlin
114M,1640,1153,15.524718126626192,11.188204683434519,15.611448395490026,26.799653078924546,16.565481352992194,3.209019947961839,967,20.2688728024819,15.718717683557394,20.062047569803514,17.47673216132368,8.996897621509824,3757,417,1764,208,11.099281341495875,46.95235560287463,7.872772597024843,FALSE,TRUE,6-8,outside the Ring,East Berlin
114N,1544,1179,9.075487701441899,7.972858354537744,13.655640373197626,38.67684478371501,16.70907548770144,1.8659881255301103,911,15.148188803512623,14.050493962678376,22.502744237102085,19.538968166849617,10.647639956092206,2530,284,749,148,11.225296442687746,29.604743083003953,8.102399856257625,FALSE,TRUE,8-11,outside the Ring,East Berlin
114P,1794,1229,9.438567941415785,8.787632221318145,13.100081366965012,44.67046379170057,11.879576891781937,1.871440195280716,1027,14.89776046738072,15.287244401168453,25.90068159688413,22.103213242453748,6.134371957156767,3153,225,942,446,7.136060894386299,29.87630827783064,7.204180481313204,FALSE,TRUE,6-8,outside the Ring,East Berlin
114R,1606,1181,7.705334462320068,8.29805249788315,12.785774767146487,44.70787468247248,15.325994919559696,1.0160880609652836,951,14.511041009463723,13.459516298633018,22.502628811777075,21.976866456361723,9.46372239747634,2701,220,787,234,8.145131432802666,29.13735653461681,8.02200026341377,FALSE,TRUE,8-11,outside the Ring,East Berlin
114S,1924,1274,10.204081632653061,10.204081632653061,5.023547880690738,33.51648351648352,27.001569858712717,0.7849293563579278,995,20,18.391959798994975,9.447236180904522,25.025125628140703,15.477386934673367,3018,788,746,418,26.110006626905236,24.71835652750166,7.173668517751918,FALSE,TRUE,6-8,outside the Ring,East Berlin
114T,1817,1355,11.881918819188192,9.74169741697417,5.313653136531365,33.800738007380076,21.328413284132843,1.1070110701107012,1062,21.092278719397363,20.056497175141242,9.698681732580038,24.199623352165727,13.559322033898304,2613,646,473,243,24.72254114045159,18.101798698813624,7.097588105582736,FALSE,TRUE,6-8,outside the Ring,East Berlin
114U,1830,1220,8.688524590163935,7.622950819672131,8.442622950819672,39.50819672131148,19.83606557377049,1.721311475409836,929,18.945102260495155,17.330462863293864,12.701829924650161,25.618945102260493,13.993541442411194,3686,398,1614,396,10.797612588171459,43.78730330982094,7.558018342788757,FALSE,TRUE,6-8,outside the Ring,East Berlin
114W,1688,1312,8.307926829268293,9.679878048780488,18.0640243902439,38.49085365853659,11.585365853658537,1.524390243902439,1133,14.121800529567519,16.76963812886143,26.037069726390115,21.977052074139454,6.972639011473963,2467,332,403,224,13.457640859343332,16.335630320226997,6.765113288093297,FALSE,TRUE,6-8,outside the Ring,East Berlin
114X,1875,1602,7.428214731585518,6.242197253433209,23.970037453183522,43.258426966292134,7.365792759051186,1.373283395755306,1295,9.420849420849422,12.046332046332047,34.5945945945946,25.096525096525095,4.864864864864865,2859,139,553,182,4.861839804127317,19.342427422175586,6.837927431342264,FALSE,TRUE,6-8,outside the Ring,East Berlin
115A,1604,1127,7.009760425909494,7.453416149068323,11.978704525288377,44.631765749778175,14.81810115350488,2.218278615794144,1044,14.655172413793103,12.068965517241379,21.551724137931036,19.25287356321839,9.195402298850574,3024,189,1176,252,6.25,38.888888888888886,8.35750567568814,FALSE,TRUE,8-11,outside the Ring,East Berlin
115B,1902,1399,9.93566833452466,7.433881343817012,14.010007147962831,36.66904932094353,18.01286633309507,1.7869907076483202,1220,15.98360655737705,15.163934426229508,18.442622950819672,19.262295081967213,11.721311475409836,2899,332,752,222,11.452224905139703,25.939979303208002,8.726745374729282,FALSE,TRUE,8-11,outside the Ring,East Berlin
115C,1722,1162,10.929432013769363,7.917383820998279,8.864027538726335,29.432013769363166,25.645438898450948,2.495697074010327,967,21.09617373319545,16.649431230610134,10.444674250258531,18.821096173733196,15.6153050672182,2851,470,789,276,16.485443703963522,27.674500175377062,9.048548731116187,FALSE,TRUE,8-11,outside the Ring,East Berlin
115D,1943,1376,13.081395348837209,10.101744186046512,4.869186046511628,25.58139534883721,29.36046511627907,1.2354651162790697,1201,24.31307243963364,17.65195670274771,7.327227310574521,17.485428809325562,18.401332223147378,2369,856,195,153,36.13338961587168,8.23132123258759,9.415746841751893,FALSE,TRUE,8-11,outside the Ring,East Berlin
115E,1771,1108,12.00361010830325,8.574007220216606,6.137184115523466,29.061371841155236,26.895306859205775,1.3537906137184115,876,22.374429223744293,16.095890410958905,8.561643835616438,19.748858447488583,15.182648401826484,2881,730,828,225,25.338424158278375,28.740020826102047,10.05361907167229,FALSE,TRUE,8-11,outside the Ring,East Berlin
115F,1430,1051,7.80209324452902,7.516650808753568,13.796384395813512,44.90960989533777,13.13035204567079,1.3320647002854424,848,13.443396226415095,12.735849056603774,22.87735849056604,24.17452830188679,8.608490566037736,2275,196,621,145,8.615384615384615,27.296703296703296,7.913852864636406,FALSE,TRUE,6-8,outside the Ring,East Berlin
115G,1535,1139,7.111501316944688,7.726075504828797,13.69622475856014,41.1764705882353,15.891132572431959,1.2291483757682178,954,15.09433962264151,12.473794549266247,21.80293501048218,21.69811320754717,11.0062893081761,2350,241,567,143,10.25531914893617,24.127659574468087,8.182663965697701,FALSE,TRUE,8-11,outside the Ring,East Berlin
115H,1778,1299,8.698999230177058,8.92994611239415,12.240184757505773,33.333333333333336,22.324865280985374,1.6936104695919938,1128,18.617021276595743,14.804964539007091,17.19858156028369,20.56737588652482,13.120567375886525,2581,323,492,167,12.514529252227819,19.0623789228981,8.451531021080081,FALSE,TRUE,8-11,outside the Ring,East Berlin
115K,1719,1296,11.728395061728396,10.030864197530864,9.41358024691358,33.56481481481482,19.598765432098766,2.1604938271604937,1132,20.58303886925795,16.519434628975265,14.575971731448764,21.113074204946997,11.837455830388693,2113,448,177,137,21.202082347373402,8.376715570279224,8.83021266574998,FALSE,TRUE,8-11,outside the Ring,East Berlin
115L,2056,1571,12.603437301082113,11.01209420751114,4.83768300445576,30.299172501591343,22.66072565245067,1.9732654360280077,1336,26.047904191616766,17.140718562874252,6.88622754491018,22.904191616766468,13.39820359281437,2756,906,451,184,32.873730043541364,16.364296081277214,9.528779806175285,FALSE,TRUE,8-11,outside the Ring,East Berlin
115M,1591,1148,11.411149825783973,10.19163763066202,7.665505226480836,31.097560975609756,24.390243902439025,1.3066202090592334,940,23.93617021276596,17.23404255319149,8.72340425531915,23.72340425531915,12.97872340425532,2053,535,278,136,26.059425231368728,13.54115927910375,9.221944531741832,FALSE,TRUE,8-11,outside the Ring,East Berlin
115N,1830,1279,12.900703674745895,9.46051602814699,4.4566067240031275,33.15089913995309,22.204847537138388,1.4855355746677092,1074,22.998137802607076,19.273743016759777,5.027932960893855,24.67411545623836,14.711359404096834,3164,733,954,307,23.166877370417193,30.15170670037927,10.257542584049224,FALSE,TRUE,8-11,outside the Ring,East Berlin
115P,1548,1191,8.144416456759027,7.5566750629722925,16.79261125104954,42.0654911838791,12.00671704450042,1.4273719563392107,942,14.331210191082803,9.872611464968152,28.980891719745223,21.97452229299363,9.129511677282379,2556,133,669,171,5.203442879499217,26.173708920187792,7.719216651601169,FALSE,TRUE,6-8,outside the Ring,East Berlin
115R,1678,1337,11.069558713537772,8.526551982049364,22.513089005235603,34.70456245325355,10.321615557217651,2.169035153328347,1121,13.737734165923284,12.221231043710972,34.43354148082069,17.216770740410347,6.601248884924175,3231,170,1085,215,5.261528938409161,33.580934695140826,7.640898540633901,FALSE,TRUE,6-8,outside the Ring,East Berlin
115S,1835,1388,10.302593659942364,7.8530259365994235,13.61671469740634,36.59942363112392,17.29106628242075,2.521613832853026,1134,17.019400352733687,15.167548500881834,23.104056437389772,20.8994708994709,9.700176366843033,2851,326,635,208,11.434584356366187,22.2728867064188,8.102411975244374,FALSE,TRUE,8-11,outside the Ring,East Berlin
115T,1784,1276,10.658307210031348,8.699059561128527,6.112852664576803,28.996865203761754,27.037617554858933,1.8025078369905956,1064,21.710526315789473,18.139097744360903,10.808270676691729,20.958646616541355,14.849624060150376,2481,578,445,118,23.297057638049175,17.93631600161225,8.71114534991065,FALSE,TRUE,8-11,outside the Ring,East Berlin
115U,1840,1196,10.117056856187292,8.4448160535117065,6.0200668896321075,29.180602006688964,27.842809364548494,1.4214046822742474,1051,23.50142721217888,18.458610846812558,7.611798287345385,21.883920076117985,15.318744053282588,2754,734,723,204,26.652142338416848,26.25272331154684,9.128206541230506,FALSE,TRUE,8-11,outside the Ring,East Berlin
115W,1630,1084,12.453874538745387,10.885608856088561,4.520295202952029,34.50184501845018,21.494464944649447,1.4760147601476015,874,22.31121281464531,20.366132723112127,7.665903890160183,22.54004576659039,15.560640732265446,3107,706,1227,256,22.72288381074992,39.49147087222401,9.533334499018201,FALSE,TRUE,8-11,outside the Ring,East Berlin
115X,1657,1079,10.750695088044486,9.360518999073216,5.097312326227989,31.974050046339205,26.320667284522706,1.9462465245597775,857,23.687281213535588,19.719953325554258,8.518086347724621,20.30338389731622,15.169194865810969,2521,584,639,249,23.165410551368506,25.347084490281635,10.459042607713863,FALSE,TRUE,8-11,outside the Ring,East Berlin
116A,2249,1841,15.154807170016296,10.700706137968496,18.95708853883759,31.66757197175448,10.429114611624117,1.8468223791417708,1369,22.644265887509132,16.28926223520818,23.37472607742878,15.777940102264427,5.551497443389335,3586,409,787,318,11.405465699944228,21.946458449525934,7.098420552052086,FALSE,TRUE,6-8,outside the Ring,East Berlin
116B,2064,1481,10.195813639432815,9.3855503038487509,7.697501688048616,30.114787305874408,24.848075624577987,1.6205266711681297,1254,22.00956937799043,17.1451355661882,8.213716108452951,25.518341307814993,13.397129186602871,3045,753,750,208,24.72906403940887,24.63054187192118,8.45950491263771,FALSE,TRUE,8-11,outside the Ring,East Berlin
116C,1768,1213,9.892827699917559,10.057708161582852,9.398186314921682,33.14097279472382,20.69249793899423,1.731244847485573,914,16.739606126914662,16.849015317286653,10.175054704595185,21.772428884026258,14.113785557986871,3319,595,1114,380,17.927086471828865,33.564326604398914,8.83968049751103,FALSE,TRUE,8-11,outside the Ring,East Berlin
116D,1650,1139,10.359964881474978,11.325724319578578,6.84811237928007,30.02633889376646,22.563652326602284,2.2827041264266903,915,22.07650273224044,17.595628415300546,8.852459016393443,23.060109289617486,14.53551912568306,2889,548,872,265,18.968501211491866,30.183454482519902,9.242119065781843,FALSE,TRUE,8-11,outside the Ring,East Berlin
116E,1834,1314,12.404870624048707,11.263318112633181,5.098934550989346,29.984779299847794,23.59208523592085,2.207001522070015,1104,23.731884057971016,19.92753623188406,6.702898550724638,21.467391304347824,13.315217391304348,2431,870,376,174,35.78774167009461,15.46688605512135,9.496423972543838,FALSE,TRUE,8-11,outside the Ring,East Berlin
116F,1783,1259,11.596505162827642,9.928514694201747,10.96108022239873,30.73868149324861,19.777601270849882,1.7474185861795075,1032,23.449612403100776,17.635658914728683,14.437984496124031,17.635658914728683,11.724806201550388,3462,456,1334,311,13.17157712305026,38.53264009243212,10.15791831916421,FALSE,TRUE,8-11,outside the Ring,East Berlin
116G,2002,1549,18.463524854744996,9.941897998708844,8.844415752098127,26.404131697869595,20.464816010329244,3.2278889606197545,1401,28.19414703783012,17.84439685938615,8.708065667380442,19.48608137044968,11.491791577444681,2476,705,204,134,28.47334410339257,8.239095315024233,10.965492309035737,FALSE,TRUE,8-11,outside the Ring,East Berlin
116H,1715,1336,14.071856287425149,8.083832335329342,14.446107784431138,25.748502994011975,22.15568862275449,1.6467065868263473,1143,20.99737532808399,13.823272090988626,17.322834645669293,15.485564304461942,14.610673665791776,2708,385,511,162,14.217134416543574,18.870014771048744,9.79936013815083,FALSE,TRUE,8-11,outside the Ring,East Berlin
116K,1614,1306,13.32312404287902,10.183767228177642,13.016845329249618,32.08269525267994,16.079632465543646,3.0627871362940278,1118,21.288014311270125,16.27906976744186,16.815742397137747,18.783542039355993,8.586762075134168,2316,312,324,129,13.471502590673575,13.989637305699482,10.437031266653129,FALSE,TRUE,8-11,outside the Ring,East Berlin
116L,1802,1584,21.906565656565657,9.090909090909092,17.613636363636363,21.1489898989899,12.941919191919192,2.967171717171717,1304,28.374233128834355,17.484662576687118,17.791411042944784,14.570552147239264,6.671779141104294,2915,258,511,129,8.850771869639795,17.53001715265866,11.549282873516805,FALSE,TRUE,11-15,outside the Ring,East Berlin
116M,2032,1753,20.13690815744438,11.12378779235596,22.304620650313748,22.6468910439247,10.26811180832858,2.5099828864803193,1366,24.670571010248903,16.471449487554906,25.54904831625183,11.420204978038067,7.833089311859443,3091,311,558,216,10.06146878032999,18.05241022322873,8.646088255902399,FALSE,TRUE,8-11,outside the Ring,East Berlin
116N,1730,1399,13.581129378127233,9.578270192994996,16.368834882058614,31.879914224446033,13.581129378127233,2.930664760543245,1124,23.398576512455517,15.391459074733095,20.90747330960854,17.615658362989326,9.875444839857652,3548,234,1301,267,6.595264937993235,36.668545659526494,9.836801415092346,FALSE,TRUE,8-11,outside the Ring,East Berlin
116P,1703,1414,13.295615275813295,10.396039603960396,14.71004243281471,29.915134370579914,16.053748231966054,1.8387553041018387,1247,19.326383319967924,15.878107457898958,19.0056134723336,21.651964715316762,9.30232558139535,2361,436,268,109,18.466751376535367,11.351122405760272,10.228684768405671,FALSE,TRUE,8-11,outside the Ring,East Berlin
116R,1845,1534,16.49282920469361,11.016949152542374,15.580182529335072,30.508474576271187,11.277705345501955,2.346805736636245,1344,20.68452380952381,19.419642857142858,18.675595238095237,20.535714285714285,7.142857142857143,2504,486,333,139,19.40894568690096,13.298722044728434,10.751548719553385,FALSE,TRUE,8-11,outside the Ring,East Berlin
116S,1692,1348,22.255192878338278,10.830860534124628,14.688427299703264,25.816023738872403,12.908011869436201,2.373887240356083,1226,27.569331158238175,18.92332789559543,17.862969004893966,16.884176182707993,7.096247960848287,2224,524,222,139,23.56115107913669,9.982014388489208,11.026031593282418,FALSE,TRUE,11-15,outside the Ring,East Berlin
116T,1827,1592,17.839195979899497,10.175879396984925,17.525125628140703,27.701005025125628,11.746231155778894,2.5753768844221105,1243,22.123893805309734,15.124698310539019,22.043443282381336,18.503620273531777,8.608205953338697,2481,413,330,113,16.64651350261991,13.301088270858525,10.436471083756398,FALSE,TRUE,8-11,outside the Ring,East Berlin
116U,1755,1440,11.180555555555555,12.5,12.777777777777779,27.291666666666668,17.430555555555557,1.8055555555555556,1278,19.640062597809077,20.187793427230048,15.571205007824727,19.483568075117372,11.267605633802816,2306,549,245,120,23.80745880312229,10.624457935819601,11.828094329071542,FALSE,TRUE,11-15,outside the Ring,East Berlin
116W,1666,1441,22.970159611380986,11.172796668979876,19.222761970853576,23.039555863983345,11.242192921582234,2.2900763358778624,1185,27.426160337552744,16.793248945147678,22.025316455696203,14.430379746835444,7.4261603375527425,2451,285,319,175,11.627906976744185,13.015095879232966,11.303560814990295,FALSE,TRUE,11-15,outside the Ring,East Berlin
121A,1991,1316,23.632218844984802,13.297872340425531,10.790273556231003,20.592705167173253,18.9209726443769,2.735562310030395,1101,36.23978201634878,19.346049046321525,13.442325158946412,5.812897366030881,10.717529518619436,3176,707,841,411,22.260705289672543,26.47984886649874,7.329839193636805,FALSE,FALSE,6-8,outside the Ring,West Berlin
121B,1646,1023,18.377321603128056,11.827956989247312,10.459433040078201,25.513196480938415,19.257086999022484,2.150537634408602,831,33.45367027677497,17.32851985559567,14.199759326113117,7.460890493381468,12.033694344163658,3068,458,1080,487,14.928292046936114,35.202086049543674,6.571032384868187,FALSE,FALSE,6-8,outside the Ring,West Berlin
121C,2051,1219,13.453650533223954,12.469237079573421,9.105824446267432,33.223954060705495,17.96554552912223,1.5586546349466777,921,26.710097719869708,19.109663409337678,17.69815418023887,10.31487513572204,11.509229098805646,3605,516,1177,563,14.313453536754508,32.649098474341194,6.332384918212021,FALSE,FALSE,6-8,outside the Ring,West Berlin
121D,1941,1266,20.300157977883096,16.034755134281202,6.240126382306477,19.747235387045812,24.170616113744074,2.527646129541864,1149,40.469973890339425,20.800696257615318,8.181026979982594,4.873803307223673,12.445604873803306,2820,655,613,398,23.22695035460993,21.73758865248227,6.2376892220664,FALSE,FALSE,6-8,outside the Ring,West Berlin
121E,2027,1100,18.272727272727273,12.272727272727273,7,26.09090909090909,22.545454545454547,2.1818181818181817,958,34.446764091858036,18.37160751565762,11.064718162839249,7.620041753653445,13.778705636743215,3303,676,932,486,20.46624280956706,28.21677263094157,6.182407911993075,FALSE,FALSE,6-8,outside the Ring,West Berlin
121F,2083,1286,15.007776049766719,10.031104199066874,8.709175738724728,33.90357698289269,21.15085536547434,1.088646967340591,1007,32.770605759682226,17.874875868917577,12.909632571996028,8.738828202581926,13.10824230387289,4073,510,1521,542,12.521482936410509,37.34348146329487,5.834709784326919,FALSE,FALSE,4-6,outside the Ring,West Berlin
121G,867,623,21.990369181380416,15.569823434991974,8.346709470304976,19.582664526484752,23.113964686998393,2.086677367576244,531,39.548022598870055,20.150659133709983,10.922787193973635,4.708097928436912,9.981167608286253,1197,288,196,140,24.06015037593985,16.374269005847953,6.642735489089372,FALSE,FALSE,6-8,outside the Ring,West Berlin
121H,1621,1026,21.05263157894737,14.230019493177387,6.140350877192983,18.908382066276804,24.171539961013647,2.6315789473684212,847,39.197166469893745,19.834710743801654,10.035419126328216,5.430932703659977,12.750885478158205,2753,508,806,426,18.452597166727205,29.277152197602614,6.339877968544732,FALSE,FALSE,6-8,outside the Ring,West Berlin
121J,2055,1276,17.24137931034483,13.009404388714733,10.736677115987462,28.91849529780564,18.025078369905955,2.4294670846394983,970,33.608247422680414,21.34020618556701,11.649484536082474,8.65979381443299,11.237113402061855,3568,580,1116,481,16.255605381165918,31.278026905829595,5.780937642699448,FALSE,FALSE,4-6,outside the Ring,West Berlin
121K,2159,1326,16.36500754147813,14.027149321266968,7.541478129713424,32.503770739064855,17.26998491704374,2.1116138763197587,997,33.29989969909729,23.069207622868607,11.835506519558676,9.729187562688065,9.62888665997994,3658,864,1130,515,23.61946418808092,30.89119737561509,5.621511119387771,FALSE,FALSE,4-6,outside the Ring,West Berlin
121L,1857,1171,15.456874466268147,11.784799316823229,8.795900939368062,31.682322801024764,17.335610589239966,2.7327070879590094,871,32.37657864523536,19.63260619977038,12.85878300803674,10.103329506314582,10.677382319173365,3434,451,1180,565,13.133372160745486,34.362259755387306,6.0053312739149955,FALSE,FALSE,6-8,outside the Ring,West Berlin
121M,2049,1234,15.39708265802269,11.993517017828202,9.238249594813615,31.19935170178282,20.907617504051863,1.6207455429497568,948,33.54430379746835,18.565400843881857,14.767932489451477,9.915611814345992,10.864978902953586,3700,656,1161,590,17.72972972972973,31.37837837837838,5.3755187859032665,FALSE,FALSE,4-6,outside the Ring,West Berlin
121N,1760,1075,13.953488372093023,11.348837209302326,9.30232558139535,30.88372093023256,22.6046511627907,1.8604651162790697,833,35.414165666266506,16.086434573829532,12.48499399759904,9.363745498199279,12.965186074429772,3214,468,1126,413,14.561294337274424,35.034225264467956,5.761732538798306,FALSE,FALSE,4-6,outside the Ring,West Berlin
121P,1819,1093,10.887465690759377,10.430009149130832,9.332113449222323,37.785910338517844,19.030192131747484,1.0064043915827996,784,32.39795918367347,17.857142857142858,14.285714285714286,10.96938775510204,11.989795918367347,3857,439,1627,600,11.381903033445683,42.183043816437646,5.19211054204586,FALSE,FALSE,4-6,outside the Ring,West Berlin
121Q,1060,686,17.05539358600583,11.078717201166182,9.475218658892128,31.632653061224488,17.638483965014576,1.8950437317784257,521,32.24568138195777,18.042226487523994,15.547024952015356,11.900191938579654,10.36468330134357,1967,295,725,270,14.997458057956278,36.85815963396035,5.054651044679518,FALSE,FALSE,4-6,outside the Ring,West Berlin
121R,1112,581,18.9328743545611,14.113597246127366,5.851979345955249,26.333907056798623,20.481927710843372,1.549053356282272,461,38.611713665943604,21.25813449023861,9.761388286334057,7.158351409978308,14.099783080260304,2119,362,750,304,17.08352996696555,35.39405379896177,6.120488174349124,FALSE,FALSE,6-8,outside the Ring,West Berlin
122A,1992,1454,24.82806052269601,14.442916093535075,9.147180192572215,13.961485557083906,23.4525447042641,3.1636863823933976,1247,40.8981555733761,20.44907778668805,9.382518043303929,4.811547714514836,12.10906174819567,2968,662,607,284,22.304582210242586,20.451482479784367,8.157984060675796,FALSE,FALSE,8-11,outside the Ring,West Berlin
122B,1062,735,23.401360544217688,16.05442176870748,8.02721088435374,16.598639455782312,23.12925170068027,2.4489795918367347,666,40.990990990990994,20.27027027027027,7.357357357357357,4.504504504504505,10.51051051051051,1576,423,350,195,26.84010152284264,22.20812182741117,7.6186786446561525,FALSE,FALSE,6-8,outside the Ring,West Berlin
122C,1046,693,26.118326118326117,15.151515151515152,10.1010101010101,16.161616161616163,20.346320346320347,1.2987012987012987,556,36.330935251798564,21.942446043165468,11.510791366906474,4.136690647482014,10.251798561151078,1657,367,388,190,22.148461074230536,23.415811707905853,7.892758677936875,FALSE,FALSE,6-8,outside the Ring,West Berlin
122D,2055,1352,24.03846153846154,14.644970414201184,5.9171597633136095,17.75147928994083,23.5207100591716,2.2928994082840237,1208,39.15562913907285,20.52980132450331,7.367549668874172,5.711920529801325,13.410596026490067,3210,717,798,403,22.33644859813084,24.85981308411215,7.3416346345243255,FALSE,FALSE,6-8,outside the Ring,West Berlin
122E,1083,827,34.3409915356711,13.905683192261185,10.519951632406288,10.882708585247883,16.807738814993954,5.078597339782346,797,42.659974905897116,19.824341279799246,10.163111668757843,3.764115432873275,8.531994981179423,1527,432,248,157,28.290766208251473,16.24099541584807,9.627089964930962,FALSE,FALSE,8-11,outside the Ring,West Berlin
122F,2112,1477,28.029790115098173,13.202437373053487,11.374407582938389,17.603249830737983,18.28029790115098,2.640487474610697,1315,39.92395437262358,20.15209125475285,12.091254752851711,3.726235741444867,9.429657794676807,3273,684,844,393,20.89825847846013,25.786739993889398,8.91273784739739,FALSE,FALSE,8-11,outside the Ring,West Berlin
122G,948,703,25.320056899004268,11.379800853485063,12.233285917496444,17.923186344238974,17.63869132290185,3.840682788051209,466,33.69098712446352,21.673819742489272,11.802575107296137,4.935622317596566,9.871244635193133,1586,248,373,213,15.636822194199244,23.51828499369483,8.413431018191295,FALSE,FALSE,8-11,outside the Ring,West Berlin
122H,2180,1250,21.04,14.8,5.28,17.68,28.8,1.04,1083,36.011080332409975,21.144967682363806,7.109879963065558,6.740535549399815,14.035087719298245,3642,912,1012,748,25.041186161449755,27.786930258099947,7.904359610659031,FALSE,FALSE,6-8,outside the Ring,West Berlin
122J,2219,1376,17.078488372093023,13.444767441860465,8.212209302325581,26.308139534883722,20.930232558139537,2.3255813953488373,986,36.004056795131845,18.255578093306287,9.837728194726166,6.693711967545639,12.778904665314402,4352,641,1696,582,14.728860294117647,38.970588235294116,7.671676033412364,FALSE,FALSE,6-8,outside the Ring,West Berlin
122K,1976,1055,12.890995260663507,10.52132701421801,7.488151658767772,32.70142180094787,21.327014218009477,1.8009478672985781,766,30.548302872062663,20.626631853785902,11.74934725848564,9.138381201044387,16.057441253263708,5066,504,2567,721,9.948677457560205,50.671140939597315,7.212410807506847,FALSE,FALSE,6-8,outside the Ring,West Berlin
122L,1775,1175,22.638297872340427,15.23404255319149,6.723404255319149,21.95744680851064,20,3.574468085106383,942,36.30573248407644,21.86836518046709,10.40339702760085,6.1571125265392785,12.738853503184714,4941,634,2810,442,12.831410645618297,56.87107872900223,8.01448937574391,FALSE,FALSE,8-11,outside the Ring,West Berlin
122M,2018,1333,23.030757689422355,15.153788447111777,6.976744186046512,16.129032258064516,24.23105776444111,3.675918979744936,1097,39.8359161349134,20.419325432999088,7.657247037374658,4.922515952597995,14.402917046490428,3245,739,856,515,22.773497688751927,26.37904468412943,7.380450566696745,FALSE,FALSE,6-8,outside the Ring,West Berlin
122N,980,659,23.823975720789075,11.532625189681335,4.855842185128983,15.477996965098635,29.893778452200305,3.6418816388467374,526,38.78326996197718,19.011406844106464,8.55513307984791,4.752851711026616,16.34980988593156,1495,342,359,164,22.876254180602007,24.013377926421406,6.694315515868139,FALSE,FALSE,6-8,outside the Ring,West Berlin
122P,1044,718,25.487465181058496,14.206128133704736,7.381615598885793,17.827298050139277,23.119777158774372,1.6713091922005572,551,40.83484573502722,21.415607985480943,7.985480943738657,3.8112522686025407,15.60798548094374,1556,392,339,220,25.19280205655527,21.786632390745503,7.399771806351936,FALSE,FALSE,6-8,outside the Ring,West Berlin
122Q,1067,703,22.190611664295876,14.22475106685633,6.543385490753912,14.509246088193457,28.87624466571835,3.1294452347083928,591,38.40947546531303,22.84263959390863,7.783417935702199,4.399323181049069,14.551607445008461,1701,451,498,244,26.513815402704292,29.27689594356261,7.1186591093780685,FALSE,FALSE,6-8,outside the Ring,West Berlin
122R,1094,688,15.69767441860465,12.063953488372093,9.883720930232558,22.38372093023256,25.436046511627907,2.3255813953488373,540,32.77777777777778,17.77777777777778,13.333333333333334,7.592592592592593,15.37037037037037,1849,328,567,244,17.739318550567873,30.665224445646295,6.723220249984867,FALSE,FALSE,6-8,outside the Ring,West Berlin
122S,1087,722,18.698060941828256,12.60387811634349,8.310249307479225,18.42105263157895,29.085872576177284,2.9085872576177287,500,33,20.6,11.2,6.6,16,1826,364,545,295,19.934282584884993,29.846659364731654,6.964288510161964,FALSE,FALSE,6-8,outside the Ring,West Berlin
122T,1990,1184,20.60810810810811,15.287162162162161,7.347972972972973,23.39527027027027,20.861486486486488,2.5337837837837838,876,38.242009132420094,19.748858447488583,10.273972602739725,5.136986301369863,13.470319634703197,4183,748,1820,529,17.881902940473346,43.50944298350466,6.262331070699868,FALSE,FALSE,6-8,outside the Ring,West Berlin
122U,1055,706,25.495750708215297,12.889518413597735,8.215297450424929,22.379603399433428,20.53824362606232,2.9745042492917846,537,42.27188081936685,21.22905027932961,7.635009310986964,5.21415270018622,15.456238361266294,1890,451,631,237,23.862433862433864,33.386243386243386,7.0714026822761005,FALSE,FALSE,6-8,outside the Ring,West Berlin
123A,982,849,37.22025912838634,14.25206124852768,16.0188457008245,8.480565371024735,15.312131919905772,3.415783274440518,795,45.0314465408805,18.9937106918239,11.949685534591195,1.8867924528301887,7.169811320754717,1266,273,90,111,21.563981042654028,7.109004739336493,15.79871785308867,FALSE,FALSE,15+,outside the Ring,West Berlin
123B,909,745,33.02013422818792,15.167785234899329,11.812080536912752,8.859060402684564,17.85234899328859,4.295302013422819,727,41.12792297111417,19.119669876203577,13.204951856946355,2.8885832187070153,7.4277854195323245,1226,354,80,64,28.874388254486135,6.525285481239805,15.429158416499783,FALSE,FALSE,15+,outside the Ring,West Berlin
123C,1089,878,29.27107061503417,16.40091116173121,8.883826879271071,10.364464692482915,20.842824601366743,2.9612756264236904,826,42.857142857142854,18.765133171912833,10.411622276029055,2.542372881355932,10.048426150121065,1393,382,118,95,27.422828427853553,8.470926058865757,14.495608045987137,FALSE,FALSE,11-15,outside the Ring,West Berlin
123D,1058,793,40.98360655737705,14.880201765447667,16.14123581336696,8.32282471626734,10.466582597730138,4.16141235813367,788,38.07106598984772,20.050761421319798,14.720812182741117,4.187817258883249,6.345177664974619,1367,566,145,113,41.40453547915143,10.607168983174835,12.045259490815111,FALSE,FALSE,11-15,outside the Ring,West Berlin
123E,1032,852,36.15023474178404,14.43661971830986,13.732394366197184,7.511737089201878,18.309859154929576,2.347417840375587,836,43.421052631578945,17.464114832535884,11.722488038277511,2.9904306220095696,8.133971291866029,1308,405,109,82,30.96330275229358,8.333333333333334,15.431786794035586,FALSE,FALSE,15+,outside the Ring,West Berlin
123F,1096,898,32.73942093541203,15.478841870824054,15.367483296213809,9.242761692650333,14.476614699331849,4.23162583518931,878,39.63553530751708,19.931662870159453,14.123006833712983,2.5056947608200457,7.6309794988610475,1365,347,83,110,25.42124542124542,6.08058608058608,14.526479016377083,FALSE,FALSE,11-15,outside the Ring,West Berlin
123G,918,782,36.18925831202046,15.217391304347826,13.29923273657289,10.10230179028133,14.066496163682864,4.092071611253197,748,43.44919786096256,20.053475935828878,12.834224598930481,2.272727272727273,7.352941176470588,1161,372,72,70,32.041343669250644,6.2015503875969,14.713252590895832,FALSE,FALSE,11-15,outside the Ring,West Berlin
123H,1032,745,37.18120805369127,18.120805369127517,12.751677852348994,11.140939597315436,11.006711409395972,2.8187919463087248,769,42.392717815344604,20.546163849154745,13.65409622886866,3.5110533159947983,6.631989596879063,1398,460,165,68,32.904148783977114,11.802575107296137,13.616146725875929,FALSE,FALSE,11-15,outside the Ring,West Berlin
123J,1043,832,33.77403846153846,15.14423076923077,13.701923076923077,10.45673076923077,14.54326923076923,3.125,706,40.79320113314448,20.39660056657224,14.022662889518413,3.8243626062322944,6.515580736543909,1419,406,136,121,28.61169837914024,9.584214235377026,13.543404758240076,FALSE,FALSE,11-15,outside the Ring,West Berlin
123K,1137,983,34.99491353001017,10.478128179043743,15.666327568667345,8.850457782299085,15.564598168870804,4.476093591047813,875,45.142857142857146,17.6,12.8,2.742857142857143,8.457142857142857,1361,416,45,81,30.56576047024247,3.3063923585598824,14.731797173745667,FALSE,FALSE,11-15,outside the Ring,West Berlin
123L,1062,920,32.5,16.847826086956523,12.173913043478262,7.934782608695652,16.08695652173913,4.565217391304348,808,43.56435643564357,22.400990099009903,11.881188118811881,2.722772277227723,7.5495049504950495,1331,478,83,85,35.91284748309542,6.235912847483095,13.50583246880042,FALSE,FALSE,11-15,outside the Ring,West Berlin
123M,1097,904,36.17256637168141,14.048672566371682,13.827433628318584,8.628318584070797,15.929203539823009,3.3185840707964602,829,43.54644149577805,19.903498190591073,13.027744270205066,2.8950542822677927,7.961399276236429,1417,469,103,92,33.098094565984475,7.268877911079746,13.205257064850459,FALSE,FALSE,11-15,outside the Ring,West Berlin
123N,1111,933,38.58520900321543,15.219721329046088,13.933547695605574,7.609860664523044,12.754555198285102,4.501607717041801,897,45.03901895206243,18.840579710144926,13.600891861761427,2.5641025641025643,7.357859531772576,1422,449,97,79,31.575246132208157,6.8213783403656825,13.014979187634069,FALSE,FALSE,11-15,outside the Ring,West Berlin
123P,1075,843,32.26571767497035,16.607354685646502,11.03202846975089,13.76037959667853,13.404507710557533,2.6097271648873073,745,39.46308724832215,21.74496644295302,13.825503355704697,4.697986577181208,5.369127516778524,1530,537,300,165,35.09803921568628,19.607843137254903,10.60030317936122,FALSE,FALSE,8-11,outside the Ring,West Berlin
123Q,1180,987,36.372847011144884,14.792299898682877,13.576494427558258,8.51063829787234,15.29888551165147,4.356636271529888,926,45.8963282937365,22.4622030237581,11.123110151187905,2.4838012958963285,7.667386609071274,1563,516,143,93,33.01343570057582,9.149072296865004,12.593639083543435,FALSE,FALSE,11-15,outside the Ring,West Berlin
123R,791,599,19.36560934891486,16.69449081803005,14.524207011686144,18.030050083472453,18.363939899833056,3.33889816360601,516,34.10852713178294,20.930232558139537,16.27906976744186,6.589147286821706,7.751937984496124,1217,226,314,110,18.57025472473295,25.80115036976171,10.234951782161684,FALSE,FALSE,8-11,outside the Ring,West Berlin
123S,1024,766,29.112271540469973,18.798955613577025,13.315926892950392,13.446475195822455,13.968668407310705,2.8720626631853787,592,36.486486486486484,23.986486486486488,13.513513513513514,4.5608108108108105,8.783783783783784,1603,413,444,144,25.76419213973799,27.698066126013725,9.814883270019566,FALSE,FALSE,8-11,outside the Ring,West Berlin
123T,1171,1000,39.6,12,13.6,10.9,11.9,5.1,912,41.8859649122807,18.20175438596491,16.44736842105263,3.837719298245614,5.592105263157895,1497,433,118,95,28.92451569806279,7.8824315297261185,12.58537899571303,FALSE,FALSE,11-15,outside the Ring,West Berlin
123U,1340,860,23.488372093023255,17.790697674418606,6.046511627906977,16.162790697674417,23.6046511627907,3.255813953488372,743,37.68506056527591,24.226110363391655,7.267833109017497,4.441453566621804,14.535666218034994,2223,633,625,395,28.475033738191634,28.115159694107064,10.311700418554151,FALSE,FALSE,8-11,outside the Ring,West Berlin
123V,2002,1242,19.00161030595813,13.687600644122384,5.958132045088567,20.28985507246377,25.44283413848631,1.7713365539452497,968,37.396694214876035,21.694214876033058,9.194214876033058,4.958677685950414,14.256198347107437,3145,627,728,500,19.936406995230524,23.14785373608903,9.310640816408224,FALSE,FALSE,8-11,outside the Ring,West Berlin
123W,1990,1370,20.364963503649633,13.722627737226277,8.75912408759124,17.445255474452555,24.817518248175183,2.627737226277372,1083,35.45706371191136,21.606648199445985,10.803324099722992,5.54016620498615,13.111726685133887,2912,592,590,369,20.32967032967033,20.26098901098901,9.080682978357657,FALSE,FALSE,8-11,outside the Ring,West Berlin
123X,1070,921,35.613463626492944,15.743756786102063,13.029315960912053,7.383279044516829,14.875135722041259,4.3431053203040175,833,43.81752701080432,21.12845138055222,12.605042016806722,3.0012004801920766,8.403361344537815,1476,457,196,104,30.962059620596207,13.279132791327914,11.636905648473277,FALSE,FALSE,11-15,outside the Ring,West Berlin
123Y,989,769,33.81014304291288,17.29518855656697,12.093628088426527,13.524057217165149,14.564369310793237,2.4707412223667102,677,38.404726735598224,23.485967503692763,16.691285081240768,3.9881831610044314,7.828655834564254,1224,450,124,81,36.76470588235294,10.130718954248366,10.535964672705523,FALSE,FALSE,8-11,outside the Ring,West Berlin
123Z,1066,910,32.527472527472526,14.945054945054945,14.615384615384615,10.54945054945055,16.483516483516482,3.4065934065934065,795,45.15723270440252,21.635220125786162,13.333333333333334,2.641509433962264,7.169811320754717,1293,391,56,73,30.239752513534416,4.331013147718484,14.174583889114832,FALSE,FALSE,11-15,outside the Ring,West Berlin
123ZA,1059,905,36.9060773480663,13.149171270718233,13.922651933701658,6.740331491712707,18.011049723756905,3.5359116022099446,805,48.81987577639752,20.248447204968944,12.422360248447205,1.4906832298136645,7.453416149068323,1273,472,70,72,37.0777690494894,5.498821681068343,15.247619569424923,FALSE,FALSE,15+,outside the Ring,West Berlin
123ZB,677,556,38.489208633093526,13.309352517985612,12.23021582733813,8.273381294964029,13.129496402877697,3.776978417266187,490,46.93877551020408,22.653061224489797,12.653061224489797,2.2448979591836733,7.551020408163265,827,298,45,36,36.033857315598546,5.4413542926239415,13.932703030801129,FALSE,FALSE,11-15,outside the Ring,West Berlin
123ZC,1061,836,23.205741626794257,13.157894736842104,18.181818181818183,16.148325358851675,15.430622009569378,3.110047846889952,669,37.219730941704036,23.168908819133033,16.741405082212257,5.530642750373692,8.071748878923767,1434,350,188,133,24.407252440725244,13.110181311018131,10.269223574878247,FALSE,FALSE,8-11,outside the Ring,West Berlin
124A,933,630,29.047619047619047,14.920634920634921,10.793650793650794,14.603174603174603,19.682539682539684,2.5396825396825395,617,41.49108589951378,19.124797406807133,10.048622366288493,3.565640194489465,9.40032414910859,1251,379,191,126,30.29576338928857,15.267785771382894,8.317863625016349,FALSE,FALSE,8-11,outside the Ring,West Berlin
124B,1067,802,23.815461346633416,16.458852867830423,14.089775561097257,16.58354114713217,15.087281795511222,4.114713216957606,799,38.04755944931164,18.147684605757195,17.647058823529413,4.25531914893617,7.509386733416771,1472,330,246,110,22.418478260869566,16.71195652173913,11.060653393467861,FALSE,FALSE,11-15,outside the Ring,West Berlin
124C,847,610,29.016393442622952,18.852459016393443,11.80327868852459,12.459016393442623,18.0327868852459,3.442622950819672,557,38.95870736086176,19.92818671454219,12.387791741472173,3.949730700179533,9.515260323159785,1422,310,374,175,21.80028129395218,26.30098452883263,10.726900941246651,FALSE,FALSE,8-11,outside the Ring,West Berlin
124D,2039,1119,17.06881143878463,12.421805183199286,4.021447721179625,24.218051831992852,27.256478999106346,1.6085790884718498,951,32.597266035751844,20.2944269190326,7.360672975814932,5.047318611987381,16.19348054679285,3965,629,1262,590,15.863808322824717,31.828499369482977,10.635769881012893,FALSE,FALSE,8-11,outside the Ring,West Berlin
124E,1107,810,27.77777777777778,14.938271604938272,14.938271604938272,13.82716049382716,13.703703703703704,3.8271604938271606,756,35.18518518518518,20.105820105820104,13.492063492063492,5.8201058201058204,7.804232804232805,1417,399,186,122,28.15808045165843,13.126323218066338,10.481925931433105,FALSE,FALSE,8-11,outside the Ring,West Berlin
124F,1100,933,28.40300107181136,16.827438370846732,14.790996784565916,11.57556270096463,18.327974276527332,2.8938906752411575,941,40.276301806588734,20.297555791710945,13.708820403825717,4.782146652497343,7.545164718384697,1382,381,67,69,27.568740955137482,4.848046309696093,10.38763658623043,FALSE,FALSE,8-11,outside the Ring,West Berlin
124G,1526,1208,25.41390728476821,16.887417218543046,15.397350993377483,15.2317880794702,12.996688741721854,2.2350993377483444,885,39.2090395480226,20.338983050847457,15.254237288135593,4.745762711864407,6.666666666666667,1734,363,199,141,20.93425605536332,11.476355247981546,10.308157769849666,FALSE,FALSE,8-11,outside the Ring,West Berlin
124H,1780,1307,31.446059678653405,14.001530221882174,7.727620504973221,10.788064269319051,23.10635042081102,3.2134659525631215,1321,44.20893262679788,21.57456472369417,9.689629068887207,2.800908402725208,8.554125662376988,2397,791,374,283,32.99958281184814,15.602836879432624,10.133864717170638,FALSE,FALSE,8-11,outside the Ring,West Berlin
124J,1032,690,30.579710144927535,14.927536231884059,6.086956521739131,13.91304347826087,21.159420289855074,3.4782608695652173,737,45.86160108548168,20.21709633649932,7.869742198100407,3.2564450474898234,8.955223880597014,1762,392,527,272,22.24744608399546,29.909194097616346,9.803025148817317,FALSE,FALSE,8-11,outside the Ring,West Berlin
124K,1156,935,26.310160427807485,14.973262032085561,13.582887700534759,13.796791443850267,18.39572192513369,3.3155080213903743,847,37.1900826446281,20.66115702479339,13.459268004722551,4.48642266824085,9.445100354191263,1492,385,166,130,25.804289544235925,11.126005361930295,10.217819121857652,FALSE,FALSE,8-11,outside the Ring,West Berlin
124L,1201,978,37.73006134969325,13.701431492842536,12.883435582822086,8.1799591002045,16.56441717791411,3.5787321063394684,950,45.36842105263158,18.94736842105263,12.736842105263158,4.315789473684211,7.368421052631579,1565,512,198,125,32.715654952076676,12.651757188498403,9.654297644993882,FALSE,FALSE,8-11,outside the Ring,West Berlin
124M,1092,877,27.936145952109463,17.559863169897376,16.647662485746864,9.92018244013683,16.191562143671607,3.6488027366020526,778,37.40359897172237,20.43701799485861,15.038560411311053,3.5989717223650386,10.154241645244216,1390,478,122,108,34.388489208633096,8.776978417266188,9.614085182604137,FALSE,FALSE,8-11,outside the Ring,West Berlin
124N,1116,866,19.28406466512702,14.549653579676674,15.58891454965358,19.861431870669747,18.36027713625866,1.6166281755196306,779,30.29525032092426,19.6405648267009,17.84338896020539,5.2631578947368425,9.75609756097561,1668,281,353,149,16.84652278177458,21.163069544364507,9.812771930597604,FALSE,FALSE,8-11,outside the Ring,West Berlin
124P,1078,754,19.893899204244033,16.312997347480106,7.824933687002653,13.925729442970823,26.127320954907162,3.183023872679045,708,33.75706214689266,21.327683615819208,10.451977401129943,4.519774011299435,12.994350282485875,1388,399,169,114,28.746397694524497,12.17579250720461,9.825699843682456,FALSE,FALSE,8-11,outside the Ring,West Berlin
124Q,1157,880,32.04545454545455,18.181818181818183,13.75,10.681818181818182,13.409090909090908,3.409090909090909,905,40.552486187845304,25.635359116022098,11.491712707182321,2.541436464088398,7.955801104972376,1375,657,87,74,47.78181818181818,6.327272727272727,8.9913154952226,FALSE,FALSE,8-11,outside the Ring,West Berlin
124R,1014,575,25.217391304347824,13.043478260869565,7.304347826086956,21.043478260869566,21.043478260869566,2.0869565217391304,620,35.806451612903224,21.774193548387096,13.064516129032258,4.838709677419355,12.903225806451612,1528,352,400,215,23.036649214659686,26.17801047120419,9.083486686378956,FALSE,FALSE,8-11,outside the Ring,West Berlin
124S,1099,806,28.78411910669975,15.136476426799007,9.553349875930522,14.516129032258064,19.602977667493796,3.7220843672456576,742,45.55256064690027,20.21563342318059,9.164420485175203,3.638814016172507,9.299191374663073,1594,414,312,192,25.972396486825595,19.573400250941027,8.811044095220627,FALSE,FALSE,8-11,outside the Ring,West Berlin
124T,959,674,22.403560830860535,14.985163204747774,6.231454005934718,12.759643916913946,28.635014836795254,3.5608308605341246,651,35.33026113671275,19.96927803379416,10.75268817204301,4.915514592933948,13.978494623655914,1413,324,276,145,22.929936305732483,19.532908704883226,9.469883501331497,FALSE,FALSE,8-11,outside the Ring,West Berlin
124U,2144,1554,27.863577863577863,13.44916344916345,10.682110682110682,13.32046332046332,22.586872586872587,2.9601029601029603,1436,43.871866295264624,18.52367688022284,11.559888579387186,3.551532033426184,10.933147632311977,3270,771,791,271,23.577981651376145,24.189602446483182,8.960287411474166,FALSE,FALSE,8-11,outside the Ring,West Berlin
124V,970,673,19.01931649331352,10.698365527488855,12.332838038632987,17.830609212481427,24.665676077265974,2.526002971768202,645,39.224806201550386,20.62015503875969,13.7984496124031,3.255813953488372,10.542635658914728,1653,240,557,131,14.519056261343012,33.69630973986691,8.651690668111657,FALSE,FALSE,8-11,outside the Ring,West Berlin
124W,986,531,21.657250470809792,15.44256120527307,7.344632768361582,12.617702448210922,26.741996233521657,2.824858757062147,621,43.47826086956522,21.4170692431562,9.822866344605474,2.0933977455716586,11.272141706924316,1564,259,499,116,16.56010230179028,31.90537084398977,8.053208016510926,FALSE,FALSE,8-11,outside the Ring,West Berlin
124X,934,625,19.04,20.32,11.04,17.92,18.24,3.52,574,34.66898954703833,21.951219512195124,15.156794425087108,5.574912891986063,10.278745644599303,1366,387,320,130,28.330893118594435,23.42606149341142,9.972095487349414,FALSE,FALSE,8-11,outside the Ring,West Berlin
124Y,968,766,27.676240208877285,17.362924281984334,13.446475195822455,18.929503916449086,11.488250652741515,2.741514360313316,728,42.17032967032967,20.604395604395606,14.423076923076923,4.258241758241758,7.28021978021978,1430,293,273,223,20.48951048951049,19.09090909090909,10.356280059264,FALSE,FALSE,8-11,outside the Ring,West Berlin
124Z,1008,657,24.961948249619482,17.503805175038053,10.502283105022832,14.459665144596652,19.634703196347033,2.5875190258751903,646,41.795665634674926,23.529411764705884,11.455108359133128,3.869969040247678,10.8359133126935,1455,440,301,140,30.240549828178693,20.6872852233677,8.611621075066349,FALSE,FALSE,8-11,outside the Ring,West Berlin
124ZA,1112,757,25.09907529722589,11.889035667107,10.964332892998678,14.927344782034346,24.17437252311757,2.774108322324967,615,42.113821138211385,21.30081300813008,11.21951219512195,3.902439024390244,10.894308943089431,2032,368,645,223,18.11023622047244,31.742125984251967,11.099388997043862,FALSE,FALSE,11-15,outside the Ring,West Berlin
124ZB,1031,739,22.19215155615697,15.561569688768607,12.855209742895806,14.614343707713125,21.650879566982407,3.3829499323410013,640,38.28125,20.78125,13.4375,3.59375,11.25,1687,300,503,128,17.783046828689983,29.81624184943687,9.124514851029916,FALSE,FALSE,8-11,outside the Ring,West Berlin
124ZC,1093,718,22.00557103064067,16.71309192200557,7.103064066852368,18.105849582172702,23.81615598885794,1.392757660167131,643,37.16951788491446,22.86158631415241,13.530326594090202,5.287713841368585,11.04199066874028,1589,370,337,183,23.28508495909377,21.208307111390813,10.060104585606972,FALSE,FALSE,8-11,outside the Ring,West Berlin
125A,716,603,33.333333333333336,12.769485903814262,16.086235489220563,9.618573797678275,19.56882255389718,3.316749585406302,571,39.92994746059545,18.914185639229423,14.360770577933451,3.1523642732049035,9.106830122591944,959,311,67,32,32.429614181439,6.986444212721585,11.718892148719497,FALSE,FALSE,11-15,outside the Ring,West Berlin
125B,995,782,31.9693094629156,10.358056265984654,9.718670076726342,9.07928388746803,25.575447570332482,3.580562659846547,638,40.75235109717868,17.711598746081506,9.87460815047022,3.134796238244514,13.949843260188088,1281,360,112,93,28.10304449648712,8.743169398907105,11.084242636743841,FALSE,FALSE,11-15,outside the Ring,West Berlin
125C,1018,795,27.67295597484277,13.459119496855346,12.452830188679245,9.30817610062893,23.647798742138363,3.3962264150943398,733,42.155525238744886,18.553888130968623,13.915416098226467,2.4556616643929057,9.276944065484312,1272,355,82,99,27.90880503144654,6.446540880503145,10.6715886722476,FALSE,FALSE,8-11,outside the Ring,West Berlin
125D,2173,1342,26.229508196721312,14.232488822652757,4.023845007451565,15.573770491803279,28.763040238450074,1.1922503725782414,1047,41.54727793696275,21.872015281757403,4.106972301814709,3.3428844317096464,15.281757402101242,3237,853,618,441,26.351560086499845,19.091751621872103,10.1099043349671,FALSE,FALSE,8-11,outside the Ring,West Berlin
125E,2568,1496,19.852941176470587,12.165775401069519,4.545454545454546,18.58288770053476,28.810160427807485,2.406417112299465,1254,40.749601275917065,21.21212121212121,4.545454545454546,3.4290271132376398,15.789473684210526,5035,794,1565,736,15.76961271102284,31.082423038728898,10.282750751021473,FALSE,FALSE,8-11,outside the Ring,West Berlin
125F,3123,1659,15.370705244122966,11.271850512356842,3.4358047016274864,22.24231464737794,33.45388788426763,2.4110910186859553,1352,38.75739644970414,21.523668639053255,5.029585798816568,4.215976331360947,19.15680473372781,5818,955,1609,913,16.414575455482982,27.65555173599175,9.552297309625526,FALSE,FALSE,8-11,outside the Ring,West Berlin
125G,2671,1482,17.004048582995953,11.538461538461538,4.4534412955465585,22.80701754385965,30.5668016194332,2.2267206477732793,1127,35.40372670807454,23.86867790594499,5.944986690328305,4.702750665483585,17.48003549245785,4750,930,1338,714,19.57894736842105,28.16842105263158,9.720546968600658,FALSE,FALSE,8-11,outside the Ring,West Berlin
125H,2076,1031,14.25800193986421,14.25800193986421,5.1406401551891365,24.92725509214355,28.41901066925315,1.9398642095053347,722,36.011080332409975,25.900277008310248,4.570637119113574,3.3240997229916895,14.542936288088642,3661,695,1094,609,18.983884184649003,29.88254575252663,9.38393317903337,FALSE,FALSE,8-11,outside the Ring,West Berlin
125J,2110,1241,21.031426269137793,16.921837228041902,4.754230459307011,18.452860596293313,24.576954069298953,2.73972602739726,1035,43.28502415458937,23.57487922705314,5.217391304347826,3.6714975845410627,11.78743961352657,3172,826,634,583,26.04035308953342,19.987389659520808,9.368511898457461,FALSE,FALSE,8-11,outside the Ring,West Berlin
125K,2081,1209,19.43755169561621,13.234077750206783,4.4665012406947895,19.685690653432587,27.29528535980149,1.8196856906534327,957,43.99164054336468,21.525600835945664,4.38871473354232,4.179728317659352,14.00208986415883,3480,684,822,661,19.655172413793103,23.620689655172413,8.544129748603265,FALSE,FALSE,8-11,outside the Ring,West Berlin
125L,3257,1659,17.600964436407473,12.95961422543701,4.3399638336347195,24.412296564195298,27.426160337552744,1.6274864376130198,1179,41.81509754028838,22.561492790500424,3.7319762510602206,4.495335029686175,16.62425784563189,6228,1021,2016,1128,16.393705844572896,32.369942196531795,8.958555809574277,FALSE,FALSE,8-11,outside the Ring,West Berlin
125M,2060,1282,23.868954758190327,13.104524180967239,5.616224648985959,22.152886115444616,20.982839313572544,2.65210608424337,972,42.592592592592595,21.810699588477366,6.275720164609053,4.938271604938271,12.962962962962964,3390,729,873,641,21.504424778761063,25.75221238938053,8.983768800848752,FALSE,FALSE,8-11,outside the Ring,West Berlin
125N,900,664,35.39156626506024,12.650602409638553,9.63855421686747,15.662650602409638,14.457831325301205,3.1626506024096384,497,48.69215291750503,19.718309859154928,6.639839034205232,4.82897384305835,9.25553319919517,1313,343,250,234,26.123381568926124,19.04036557501904,8.734008648971749,FALSE,FALSE,8-11,outside the Ring,West Berlin
125P,1022,828,30.193236714975846,15.33816425120773,13.405797101449275,11.473429951690822,18.840579710144926,3.140096618357488,723,43.706777316735824,20.608575380359614,14.522821576763485,3.0428769017980635,10.235131396957122,1290,375,111,117,29.069767441860463,8.604651162790697,11.143533662932246,FALSE,FALSE,11-15,outside the Ring,West Berlin
125Q,834,453,16.335540838852097,12.141280353200884,2.6490066225165565,23.620309050772626,30.4635761589404,1.9867549668874172,259,37.06563706563706,27.7992277992278,5.019305019305019,4.2471042471042475,19.305019305019304,1371,257,331,255,18.7454412837345,24.142961342086068,9.497650962697698,FALSE,FALSE,8-11,outside the Ring,West Berlin
126A,1078,849,37.33804475853946,15.429917550058892,15.19434628975265,9.305064782096585,11.425206124852767,4.004711425206125,801,45.068664169787766,15.605493133583021,13.607990012484395,4.369538077403246,4.868913857677903,1443,440,131,62,30.49203049203049,9.07830907830908,16.041695105107753,FALSE,FALSE,15+,outside the Ring,West Berlin
126B,975,859,44.470314318975554,12.339930151338766,18.39348079161816,8.149010477299186,8.381839348079161,4.423748544819557,733,47.748976807639835,16.234652114597544,13.506139154160982,2.8649386084583903,4.229195088676671,1291,310,95,73,24.012393493415956,7.358636715724245,15.007031298079808,FALSE,FALSE,15+,outside the Ring,West Berlin
126C,963,821,38.00243605359318,12.789281364190012,16.56516443361754,9.866017052375152,12.302070645554203,3.2886723507917175,703,44.52347083926031,18.06543385490754,13.229018492176387,2.418207681365576,6.401137980085348,1256,401,116,70,31.926751592356688,9.235668789808917,14.87363301024203,FALSE,FALSE,11-15,outside the Ring,West Berlin
126D,1034,861,42.857142857142854,11.498257839721255,21.022067363530777,6.2717770034843205,9.75609756097561,3.6004645760743323,860,41.97674418604651,19.069767441860463,15.69767441860465,3.8372093023255816,4.069767441860465,1342,369,87,86,27.496274217585693,6.482861400894188,15.257481878769457,FALSE,FALSE,15+,outside the Ring,West Berlin
126E,875,745,40.80536912751678,14.093959731543624,16.241610738255034,8.053691275167786,10.201342281879194,5.23489932885906,712,46.20786516853933,16.713483146067414,15.02808988764045,3.0898876404494384,7.303370786516854,1094,400,65,57,36.56307129798903,5.941499085923217,14.914306933114403,FALSE,FALSE,11-15,outside the Ring,West Berlin
126F,980,833,43.33733493397359,12.605042016806722,17.286914765906364,7.202881152460985,9.843937575030012,4.201680672268908,776,45.74742268041237,15.335051546391753,16.237113402061855,2.963917525773196,3.9948453608247423,1238,422,85,73,34.08723747980614,6.8659127625201934,14.586084428309928,FALSE,FALSE,11-15,outside the Ring,West Berlin
126G,985,801,38.951310861423224,11.735330836454432,14.35705368289638,10.611735330836455,12.983770287141073,4.9937578027465666,753,47.67596281540504,14.47543160690571,12.881806108897742,4.913678618857902,7.968127490039841,1227,385,89,80,31.377343113284432,7.253463732681337,15.139055823220325,FALSE,FALSE,15+,outside the Ring,West Berlin
126H,933,777,44.14414414414414,16.087516087516086,15.572715572715573,6.94980694980695,8.365508365508365,4.1184041184041185,711,47.67932489451477,19.971870604781998,14.20534458509142,2.390998593530239,3.5161744022503516,1146,446,46,73,38.917975567190226,4.013961605584642,14.550761402851075,FALSE,FALSE,11-15,outside the Ring,West Berlin
126J,1068,938,38.80597014925373,15.56503198294243,14.17910447761194,7.67590618336887,12.686567164179104,4.690831556503198,823,48.8456865127582,16.64641555285541,15.795868772782503,2.187120291616039,5.224787363304982,1331,447,80,48,33.58377160030052,6.010518407212622,14.224717594244675,FALSE,FALSE,11-15,outside the Ring,West Berlin
126K,999,859,41.55995343422585,13.154831199068685,17.57857974388824,6.984866123399302,9.545983701979045,5.587892898719441,738,43.360433604336045,16.124661246612465,15.176151761517616,4.878048780487805,5.826558265582656,1274,395,123,65,31.004709576138147,9.654631083202512,14.089996722302791,FALSE,FALSE,11-15,outside the Ring,West Berlin
126L,985,807,40.02478314745973,13.258983890954152,14.250309789343246,8.426270136307311,13.754646840148698,3.717472118959108,735,44.76190476190476,18.503401360544217,13.061224489795919,2.857142857142857,6.530612244897959,1249,446,96,96,35.708566853482786,7.6861489191353085,14.429179864893277,FALSE,FALSE,11-15,outside the Ring,West Berlin
126M,1042,879,35.60864618885097,15.358361774744028,17.747440273037544,8.987485779294653,10.80773606370876,5.460750853242321,739,42.760487144790254,19.891745602165088,12.584573748308525,2.571041948579161,7.307171853856563,1359,458,95,91,33.701250919793964,6.990434142752023,13.788027385969285,FALSE,FALSE,11-15,outside the Ring,West Berlin
126N,1093,939,40.68157614483493,12.779552715654953,16.61341853035144,7.987220447284345,10.75612353567625,4.579339723109691,866,44.91916859122402,16.51270207852194,15.58891454965358,3.579676674364896,6.928406466512702,1392,420,97,110,30.17241379310345,6.968390804597701,13.681893652349359,FALSE,FALSE,11-15,outside the Ring,West Berlin
126P,847,701,32.95292439372325,12.553495007132668,17.689015691868757,9.985734664764623,11.412268188302425,6.847360912981455,559,40.7871198568873,19.677996422182467,15.56350626118068,3.9355992844364938,6.618962432915922,1077,298,136,66,27.669452181987,12.627669452181987,13.089149576717949,FALSE,FALSE,11-15,outside the Ring,West Berlin
126Q,1004,847,34.710743801652896,15.702479338842975,15.702479338842975,9.799291617473436,13.813459268004722,3.541912632821724,695,47.05035971223022,19.280575539568346,15.107913669064748,2.5899280575539567,6.618705035971223,1271,401,94,86,31.549960660896932,7.395751376868607,13.119100159525432,FALSE,FALSE,11-15,outside the Ring,West Berlin
126R,1098,956,37.97071129707113,14.225941422594142,18.619246861924687,7.00836820083682,11.820083682008368,3.0334728033472804,792,44.696969696969695,18.434343434343436,17.803030303030305,3.409090909090909,6.691919191919192,1323,462,52,70,34.92063492063492,3.930461073318216,12.50985316673634,FALSE,FALSE,11-15,outside the Ring,West Berlin
126S,765,634,28.07570977917981,16.561514195583594,18.61198738170347,13.406940063091483,11.829652996845425,3.470031545741325,531,41.6195856873823,19.58568738229755,18.64406779661017,5.084745762711864,3.389830508474576,1030,284,108,60,27.57281553398058,10.485436893203884,12.303731521941936,FALSE,FALSE,11-15,outside the Ring,West Berlin
126T,1021,817,30.47735618115055,17.01346389228886,18.849449204406366,10.281517747858016,11.995104039167687,4.039167686658507,723,43.43015214384509,21.43845089903181,15.491009681881051,3.7344398340248963,5.532503457814661,1379,368,199,80,26.68600435097897,14.430746918056563,12.039346053588613,FALSE,FALSE,11-15,outside the Ring,West Berlin
126U,1036,883,32.955832389580976,13.929784824462061,17.214043035107586,10.985277463193658,13.816534541336353,3.8505096262740657,766,41.514360313315926,19.5822454308094,18.407310704960835,4.438642297650131,6.135770234986945,1377,423,114,100,30.718954248366014,8.278867102396514,11.856860982193014,FALSE,FALSE,11-15,outside the Ring,West Berlin
126V,969,819,36.507936507936506,14.041514041514041,15.628815628815628,9.401709401709402,12.454212454212454,5.25030525030525,787,43.710292249047015,19.05972045743329,15.501905972045744,3.4307496823379924,6.98856416772554,1237,436,78,89,35.24656426839127,6.305578011317704,12.201136747257923,FALSE,FALSE,11-15,outside the Ring,West Berlin
126W,910,754,34.217506631299734,16.047745358090186,19.49602122015915,10.477453580901857,9.018567639257295,3.713527851458886,704,39.48863636363637,21.732954545454547,18.039772727272727,4.545454545454546,5.5397727272727275,1165,317,102,82,27.21030042918455,8.755364806866952,11.877152074958392,FALSE,FALSE,11-15,outside the Ring,West Berlin
126X,1089,918,37.03703703703704,16.666666666666668,16.013071895424837,8.823529411764707,10.566448801742919,4.248366013071895,864,45.833333333333336,20.48611111111111,12.152777777777779,2.7777777777777777,7.175925925925926,1374,383,108,88,27.87481804949054,7.860262008733624,11.63907634964607,FALSE,FALSE,11-15,outside the Ring,West Berlin
126Y,849,736,37.63586956521739,14.53804347826087,15.081521739130435,8.831521739130435,11.141304347826088,5.434782608695652,673,40.11887072808321,21.2481426448737,17.236255572065378,3.7147102526002973,5.349182763744428,1084,372,43,51,34.31734317343174,3.9667896678966788,11.431353103928542,FALSE,FALSE,11-15,outside the Ring,West Berlin
126Z,1126,906,35.209713024282564,15.783664459161148,14.1280353200883,10.154525386313466,14.900662251655628,3.2008830022075054,839,48.271752085816445,20.38140643623361,12.157330154946365,1.430274135876043,7.985697258641239,1404,525,127,80,37.39316239316239,9.045584045584045,10.891010318862921,FALSE,FALSE,8-11,outside the Ring,West Berlin
126ZA,1089,890,25.730337078651687,19.55056179775281,11.797752808988765,13.707865168539326,16.292134831460675,4.157303370786517,842,34.91686460807601,25.653206650831354,12.114014251781473,4.98812351543943,8.31353919239905,1299,398,54,53,30.638953040800615,4.157043879907621,11.02713480630199,FALSE,FALSE,11-15,outside the Ring,West Berlin
126ZB,1115,920,35.869565217391305,14.782608695652174,15.76086956521739,10.652173913043478,10.108695652173912,5,782,46.547314578005114,20.33248081841432,13.171355498721228,3.1969309462915603,4.731457800511509,1457,428,186,91,29.375428963623886,12.76595744680851,12.523169793052341,FALSE,FALSE,11-15,outside the Ring,West Berlin
126ZC,916,752,30.0531914893617,13.696808510638299,21.01063829787234,13.03191489361702,12.101063829787234,2.7925531914893615,611,37.315875613747956,20.458265139116204,22.42225859247136,3.436988543371522,6.055646481178396,1279,304,150,125,23.768569194683348,11.727912431587178,10.826942280902374,FALSE,FALSE,8-11,outside the Ring,West Berlin
126ZD,606,482,31.327800829875518,17.634854771784234,19.08713692946058,10.37344398340249,12.448132780082988,2.904564315352697,383,37.33681462140992,20.626631853785902,22.715404699738905,3.3942558746736293,6.005221932114883,810,268,81,40,33.08641975308642,10,10.99143833774874,FALSE,FALSE,8-11,outside the Ring,West Berlin
126ZE,872,721,35.09015256588072,14.563106796116505,15.672676837725382,11.373092926490985,10.124826629681,5.270457697642164,579,41.623488773747845,19.86183074265976,17.271157167530223,4.66321243523316,5.181347150259067,1178,441,151,59,37.43633276740238,12.818336162988116,12.695567960741968,FALSE,FALSE,11-15,outside the Ring,West Berlin
126ZF,882,760,36.44736842105263,14.868421052631579,17.763157894736842,8.947368421052632,12.763157894736842,3.289473684210526,603,46.766169154228855,20.729684908789388,14.593698175787727,3.316749585406302,6.301824212271973,1145,382,93,74,33.36244541484716,8.12227074235808,12.617295379120975,FALSE,FALSE,11-15,outside the Ring,West Berlin
