party,date,trend
AfD,2025-01-23,21.127357671809694
AfD,2025-01-24,21.099306945885814
AfD,2025-01-25,21.071295759332386
AfD,2025-01-26,21.043658008936184
AfD,2025-01-27,21.016727591483992
AfD,2025-01-28,20.990838403762595
AfD,2025-01-29,20.966324342558778
AfD,2025-01-30,20.941796612374663
AfD,2025-01-31,20.91624058316036
AfD,2025-02-01,20.890551399874663
AfD,2025-02-02,20.86562420747635
AfD,2025-02-03,20.842354150924216
AfD,2025-02-04,20.819146204681932
AfD,2025-02-05,20.794890956115943
AfD,2025-02-06,20.771211969539184
AfD,2025-02-07,20.749732809264582
AfD,2025-02-08,20.72823562061662
AfD,2025-02-09,20.70484037883983
AfD,2025-02-10,20.68167739312727
AfD,2025-02-11,20.660876972671975
AfD,2025-02-12,20.644569426666987
AfD,2025-02-13,20.634885064305347
AfD,2025-02-14,20.636826909838838
AfD,2025-02-15,20.651550709179276
AfD,2025-02-16,20.67541585400977
AfD,2025-02-17,20.70478173601343
AfD,2025-02-18,20.73600774687337
AfD,2025-02-19,20.777265827108153
AfD,2025-02-20,20.823427952286426
AfD,2025-02-21,20.86641842524767
AfD,2025-02-22,20.91359433823522
AfD,2025-02-23,20.964514319613095
AfD,2025-02-24,21.018736997745297
AfD,2025-02-25,21.07582100099582
AfD,2025-02-26,21.13532495772868
AfD,2025-02-27,21.196807496307883
AfD,2025-02-28,21.25982724509743
AfD,2025-03-01,21.323942832461324
AfD,2025-03-02,21.388712886763578
AfD,2025-03-03,21.45369603636819
AfD,2025-03-04,21.521311409445136
AfD,2025-03-05,21.59331360575126
AfD,2025-03-06,21.668264461030862
AfD,2025-03-07,21.74472581102825
AfD,2025-03-08,21.821259491487716
AfD,2025-03-09,21.896427338153572
AfD,2025-03-10,21.968791186770122
AfD,2025-03-11,22.040056043994
AfD,2025-03-12,22.11277780829415
AfD,2025-03-13,22.186794653133347
AfD,2025-03-14,22.261944751974347
AfD,2025-03-15,22.338066278279914
AfD,2025-03-16,22.414997405512818
AfD,2025-03-17,22.492576307135817
AfD,2025-03-18,22.570641156611675
AfD,2025-03-19,22.649030127403165
AfD,2025-03-20,22.72758139297304
AfD,2025-03-21,22.806133126784072
AfD,2025-03-22,22.882581985056433
AfD,2025-03-23,22.95526959788168
AfD,2025-03-24,23.024701599529628
AfD,2025-03-25,23.091383624270115
AfD,2025-03-26,23.155821306372953
AfD,2025-03-27,23.21852028010798
AfD,2025-03-28,23.279986179745016
AfD,2025-03-29,23.340724639553883
AfD,2025-03-30,23.401241293804414
AfD,2025-03-31,23.462041776766434
AfD,2025-04-01,23.52363172270976
AfD,2025-04-02,23.586516765904225
AfD,2025-04-03,23.64918247603531
AfD,2025-04-04,23.709730469797776
AfD,2025-04-05,23.768090451975368
AfD,2025-04-06,23.824192127351825
AfD,2025-04-07,23.877965200710896
AfD,2025-04-08,23.929339376836314
AfD,2025-04-09,23.97824436051183
AfD,2025-04-10,24.024609856521185
AfD,2025-04-11,24.0685382516358
AfD,2025-04-12,24.11013682682781
AfD,2025-04-13,24.149342628181984
AfD,2025-04-14,24.186092701783124
AfD,2025-04-15,24.220324093716005
AfD,2025-04-16,24.25197385006543
AfD,2025-04-17,24.28097901691618
AfD,2025-04-18,24.307276640353034
AfD,2025-04-19,24.330803766460797
AfD,2025-04-20,24.351497441324238
AfD,2025-04-21,24.369294711028154
AfD,2025-04-22,24.38413262165733
AfD,2025-04-23,24.39661574192862
AfD,2025-04-24,24.407298195196823
AfD,2025-04-25,24.416041359503648
AfD,2025-04-26,24.422706612890806
AfD,2025-04-27,24.4271553334
AfD,2025-04-28,24.429248899072945
AfD,2025-04-29,24.428848687951344
AfD,2025-04-30,24.425816078076917
AfD,2025-05-01,24.421672976120618
AfD,2025-05-02,24.41762660428066
AfD,2025-05-03,24.41306631388959
AfD,2025-05-04,24.40738145628
AfD,2025-05-05,24.399961382784433
AfD,2025-05-06,24.390195444735475
AfD,2025-05-07,24.37747299346567
AfD,2025-05-08,24.361183380307608
AfD,2025-05-09,24.340715956593836
AfD,2025-05-10,24.31546007365693
AfD,2025-05-11,24.288464022996937
AfD,2025-05-12,24.26237098859215
AfD,2025-05-13,24.23596266049249
AfD,2025-05-14,24.208020728747908
AfD,2025-05-15,24.17732688340832
AfD,2025-05-16,24.142662814523657
AfD,2025-05-17,24.105991390997268
AfD,2025-05-18,24.069947261947803
AfD,2025-05-19,24.034319787748135
AfD,2025-05-20,23.99889832877117
AfD,2025-05-21,23.963472245389774
AfD,2025-05-22,23.92783089797685
AfD,2025-05-23,23.891763646905268
AfD,2025-05-24,23.85505985254793
AfD,2025-05-25,23.81750887527771
AfD,2025-05-26,23.778900075467508
AfD,2025-05-27,23.741608382324852
AfD,2025-05-28,23.70782215442728
AfD,2025-05-29,23.677050896202683
AfD,2025-05-30,23.64880411207893
AfD,2025-05-31,23.622591306483905
AfD,2025-06-01,23.597921983845495
AfD,2025-06-02,23.574305648591576
AfD,2025-06-03,23.551251805150027
AfD,2025-06-04,23.528269957948734
AfD,2025-06-05,23.50486961141557
AfD,2025-06-06,23.480560269978426
AfD,2025-06-07,23.45752177644685
AfD,2025-06-08,23.438081684094186
AfD,2025-06-09,23.421971063044005
AfD,2025-06-10,23.408920983419886
AfD,2025-06-11,23.398662515345393
AfD,2025-06-12,23.390926728944105
AfD,2025-06-13,23.38544469433959
AfD,2025-06-14,23.38194748165542
AfD,2025-06-15,23.38016616101517
AfD,2025-06-16,23.379831802542412
AfD,2025-06-17,23.381252404496838
AfD,2025-06-18,23.384873551152165
AfD,2025-06-19,23.390632691653007
AfD,2025-06-20,23.398467275143968
AfD,2025-06-21,23.408314750769655
AfD,2025-06-22,23.420112567674686
AfD,2025-06-23,23.43379817500366
AfD,2025-06-24,23.449309021901186
AfD,2025-06-25,23.46658255751188
AfD,2025-06-26,23.485556230980343
AfD,2025-06-27,23.506167491451194
AfD,2025-06-28,23.527125935654684
AfD,2025-06-29,23.54757150625049
AfD,2025-06-30,23.568087171277305
AfD,2025-07-01,23.589255898773843
AfD,2025-07-02,23.61166065677881
AfD,2025-07-03,23.63588441333091
AfD,2025-07-04,23.662510136468857
AfD,2025-07-05,23.69212079423135
AfD,2025-07-06,23.723584524527258
AfD,2025-07-07,23.755386751599747
AfD,2025-07-08,23.78753637298902
AfD,2025-07-09,23.820042286235243
AfD,2025-07-10,23.852913388878612
AfD,2025-07-11,23.88615857845931
AfD,2025-07-12,23.91978675251752
AfD,2025-07-13,23.953806808593423
AfD,2025-07-14,23.988227644227212
AfD,2025-07-15,24.023058156959063
AfD,2025-07-16,24.058307244329168
AfD,2025-07-17,24.09363452489189
AfD,2025-07-18,24.12871276420251
AfD,2025-07-19,24.16357058030255
AfD,2025-07-20,24.198236591233567
AfD,2025-07-21,24.232739415037084
AfD,2025-07-22,24.267107669754658
AfD,2025-07-23,24.30136997342781
AfD,2025-07-24,24.33555494409809
AfD,2025-07-25,24.369691199807026
AfD,2025-07-26,24.403807358596172
AfD,2025-07-27,24.437932038507054
AfD,2025-07-28,24.472093857581214
AfD,2025-07-29,24.50563940347967
AfD,2025-07-30,24.53798728741354
AfD,2025-07-31,24.569274162749526
AfD,2025-08-01,24.599636682854317
AfD,2025-08-02,24.62921150109461
AfD,2025-08-03,24.658135270837104
AfD,2025-08-04,24.686544645448492
AfD,2025-08-05,24.71457627829547
AfD,2025-08-06,24.742366822744735
AfD,2025-08-07,24.770052932162983
AfD,2025-08-08,24.79777125991691
AfD,2025-08-09,24.82489509965339
AfD,2025-08-10,24.850808503828496
AfD,2025-08-11,24.87566426402274
AfD,2025-08-12,24.89961517181663
AfD,2025-08-13,24.922814018790664
AfD,2025-08-14,24.945413596525356
AfD,2025-08-15,24.9675666966012
AfD,2025-08-16,24.989877495617673
AfD,2025-08-17,25.012753421424726
AfD,2025-08-18,25.03605214247855
AfD,2025-08-19,25.059631327235344
AfD,2025-08-20,25.083348644151318
AfD,2025-08-21,25.107061761682672
AfD,2025-08-22,25.13062834828561
AfD,2025-08-23,25.153906072416333
AfD,2025-08-24,25.176752602531042
AfD,2025-08-25,25.19902560708594
AfD,2025-08-26,25.220582754537233
AfD,2025-08-27,25.241281713341117
AfD,2025-08-28,25.260980151953795
AfD,2025-08-29,25.279535738831473
AfD,2025-08-30,25.298168774841333
AfD,2025-08-31,25.318058005267197
AfD,2025-09-01,25.338998765190258
AfD,2025-09-02,25.360786389691675
AfD,2025-09-03,25.38321621385265
AfD,2025-09-04,25.406083572754333
AfD,2025-09-05,25.429183801477926
AfD,2025-09-06,25.452312235104596
AfD,2025-09-07,25.475264208715522
AfD,2025-09-08,25.496703772500055
AfD,2025-09-09,25.515923774988103
AfD,2025-09-10,25.533662748771686
AfD,2025-09-11,25.550659226442818
AfD,2025-09-12,25.56765174059353
AfD,2025-09-13,25.58537882381583
AfD,2025-09-14,25.604579008701744
AfD,2025-09-15,25.625990827843292
AfD,2025-09-16,25.647994518536798
AfD,2025-09-17,25.66863875479644
AfD,2025-09-18,25.688164724291006
AfD,2025-09-19,25.706813614689274
AfD,2025-09-20,25.72482661366003
AfD,2025-09-21,25.742444908872063
AfD,2025-09-22,25.759909687994153
AfD,2025-09-23,25.777462138695082
AfD,2025-09-24,25.795343448643646
AfD,2025-09-25,25.813794805508614
AfD,2025-09-26,25.833057396958782
AfD,2025-09-27,25.852636193984768
AfD,2025-09-28,25.87175268993652
AfD,2025-09-29,25.89022285602183
AfD,2025-09-30,25.907862663448483
AfD,2025-10-01,25.92448808342428
AfD,2025-10-02,25.939915087156987
AfD,2025-10-03,25.95335304392255
AfD,2025-10-04,25.964334881470883
AfD,2025-10-05,25.973161908720744
AfD,2025-10-06,25.980135434590885
AfD,2025-10-07,25.98555676800006
AfD,2025-10-08,25.989727217867035
AfD,2025-10-09,25.992948093110563
AfD,2025-10-10,25.9955207026494
AfD,2025-10-11,25.997275418180088
AfD,2025-10-12,25.997909675649666
AfD,2025-10-13,25.997525380352602
AfD,2025-10-14,25.99622443758341
AfD,2025-10-15,25.994108752636574
AfD,2025-10-16,25.99128023080658
AfD,2025-10-17,25.987840777387934
AfD,2025-10-18,25.983892297675112
AfD,2025-10-19,25.979536696962608
AfD,2025-10-20,25.97487588054493
AfD,2025-10-21,25.97001175371655
AfD,2025-10-22,25.965046221771964
AfD,2025-10-23,25.960081190005663
AfD,2025-10-24,25.95521856371215
AfD,2025-10-25,25.951452039673395
AfD,2025-10-26,25.949460345805267
AfD,2025-10-27,25.94887293410308
AfD,2025-10-28,25.949319256562145
AfD,2025-10-29,25.950428765177772
AfD,2025-10-30,25.951830911945283
AfD,2025-10-31,25.95315514885998
AfD,2025-11-01,25.954030927917188
AfD,2025-11-02,25.954087701112208
AfD,2025-11-03,25.952954920440362
AfD,2025-11-04,25.95026203789696
AfD,2025-11-05,25.94704589893825
AfD,2025-11-06,25.944525499872807
AfD,2025-11-07,25.9426035189744
AfD,2025-11-08,25.94118263451685
AfD,2025-11-09,25.940165524773917
AfD,2025-11-10,25.939454868019403
AfD,2025-11-11,25.93895334252709
AfD,2025-11-12,25.93856362657077
AfD,2025-11-13,25.93818839842423
AfD,2025-11-14,25.937730336361266
AfD,2025-11-15,25.937021312730646
AfD,2025-11-16,25.936019549868554
AfD,2025-11-17,25.93481725102985
AfD,2025-11-18,25.933506619469416
AfD,2025-11-19,25.93217985844213
AfD,2025-11-20,25.93092917120286
AfD,2025-11-21,25.929846761006484
AfD,2025-11-22,25.929024831107878
AfD,2025-11-23,25.92855558476191
AfD,2025-11-24,25.928531225223463
AfD,2025-11-25,25.929043955747407
AfD,2025-11-26,25.930185979588618
AfD,2025-11-27,25.932049500001966
AfD,2025-11-28,25.934726720242335
AfD,2025-11-29,25.937311833466303
AfD,2025-11-30,25.939011186444038
AfD,2025-12-01,25.94008521285079
AfD,2025-12-02,25.940794346361823
AfD,2025-12-03,25.941399020652373
AfD,2025-12-04,25.942159669397704
AfD,2025-12-05,25.943336726273053
AfD,2025-12-06,25.94437171903558
AfD,2025-12-07,25.9445794049144
AfD,2025-12-08,25.94403006179271
AfD,2025-12-09,25.94279396755374
AfD,2025-12-10,25.940941400080675
AfD,2025-12-11,25.93854263725674
AfD,2025-12-12,25.935667956965133
AfD,2025-12-13,25.93238763708907
AfD,2025-12-14,25.928771955511742
AfD,2025-12-15,25.92489119011638
AfD,2025-12-16,25.920747440494736
AfD,2025-12-17,25.916293567095554
AfD,2025-12-18,25.911525989087497
AfD,2025-12-19,25.906441125639237
AfD,2025-12-20,25.90103539591944
AfD,2025-12-21,25.895305219096766
AfD,2025-12-22,25.889247014339897
AfD,2025-12-23,25.882857200817487
AfD,2025-12-24,25.87613219769821
AfD,2025-12-25,25.86906842415073
AfD,2025-12-26,25.861662299343706
AfD,2025-12-27,25.853910242445814
AfD,2025-12-28,25.845808672625715
AfD,2025-12-29,25.83735400905209
AfD,2025-12-30,25.82854267089359
AfD,2025-12-31,25.81937107731889
AfD,2026-01-01,25.80983564749665
AfD,2026-01-02,25.799932800595553
AfD,2026-01-03,25.78965895578424
AfD,2026-01-04,25.779010532231403
AfD,2026-01-05,25.767983949105695
AfD,2026-01-06,25.756575625575785
AfD,2026-01-07,25.74478198081034
AfD,2026-01-08,25.733602741806347
AfD,2026-01-09,25.723415894622764
AfD,2026-01-10,25.713285247021233
AfD,2026-01-11,25.702274606763403
AfD,2026-01-12,25.68944778161091
AfD,2026-01-13,25.67386857932539
AfD,2026-01-14,25.656659407845694
AfD,2026-01-15,25.63945681768763
AfD,2026-01-16,25.62209583047827
AfD,2026-01-17,25.604411467844727
AfD,2026-01-18,25.586238751414076
AfD,2026-01-19,25.56741270281342
AfD,2026-01-20,25.547768343669844
AfD,2026-01-21,25.527140695610445
AfD,2026-01-22,25.505364780262298
AfD,2026-01-23,25.482275619252515
AfD,2026-01-24,25.458502399426596
AfD,2026-01-25,25.434757378298592
AfD,2026-01-26,25.411000183498384
AfD,2026-01-27,25.387190442655868
AfD,2026-01-28,25.363287783400935
AfD,2026-01-29,25.339251833363477
AfD,2026-01-30,25.315042220173385
AfD,2026-01-31,25.29061857146054
AfD,2026-02-01,25.265940514854844
AfD,2026-02-02,25.240967677986184
AfD,2026-02-03,25.215659688484447
AfD,2026-02-04,25.189976173979524
AfD,2026-02-05,25.16472736976396
AfD,2026-02-06,25.140580095713926
AfD,2026-02-07,25.117278856334796
AfD,2026-02-08,25.094568156131917
AfD,2026-02-09,25.072192499610647
AfD,2026-02-10,25.04989639127634
AfD,2026-02-11,25.027424335634365
AfD,2026-02-12,25.00452083719007
AfD,2026-02-13,24.98093040044881
AfD,2026-02-14,24.95910030308757
AfD,2026-02-15,24.94139136782963
AfD,2026-02-16,24.927418416749788
AfD,2026-02-17,24.91679627192284
AfD,2026-02-18,24.909139755423592
AfD,2026-02-19,24.904063689326843
AfD,2026-02-20,24.901182895707393
AfD,2026-02-21,24.90011219664005
AfD,2026-02-22,24.900466414199595
AfD,2026-02-23,24.90186037046085
AfD,2026-02-24,24.903908887498602
AfD,2026-02-25,24.90622678738766
AfD,2026-02-26,24.908428892202814
AfD,2026-02-27,24.910130024018876
AfD,2026-02-28,24.913008319560863
AfD,2026-03-01,24.91879651518997
AfD,2026-03-02,24.92719133243523
AfD,2026-03-03,24.937889492825697
AfD,2026-03-04,24.95058771789041
AfD,2026-03-05,24.96498272915843
AfD,2026-03-06,24.980771248158785
AfD,2026-03-07,24.997649996420535
AfD,2026-03-08,25.015315695472708
AfD,2026-03-09,25.033465066844368
AfD,2026-03-10,25.051485778552244
AfD,2026-03-11,25.069212162651908
AfD,2026-03-12,25.087010936730646
AfD,2026-03-13,25.10524881837573
AfD,2026-03-14,25.124292525174447
AfD,2026-03-15,25.14450877471409
AfD,2026-03-16,25.166264284581928
AfD,2026-03-17,25.189925772365246
AfD,2026-03-18,25.215859955651336
AfD,2026-03-19,25.244433552027466
AfD,2026-03-20,25.27601327908094
AfD,2026-03-21,25.309652490740834
AfD,2026-03-22,25.344132576436436
AfD,2026-03-23,25.379412307005317
AfD,2026-03-24,25.415450453285022
AfD,2026-03-25,25.45220578611312
AfD,2026-03-26,25.489637076327174
AfD,2026-03-27,25.52770309476474
AfD,2026-03-28,25.56636261226338
AfD,2026-03-29,25.605574399660654
AfD,2026-03-30,25.645297227794135
AfD,2026-03-31,25.685489867501364
AfD,2026-04-01,25.72611108961992
AfD,2026-04-02,25.76711966498735
AfD,2026-04-03,25.808474364441228
AfD,2026-04-04,25.850133958819107
AfD,2026-04-05,25.892057218958545
AfD,2026-04-06,25.934202915697114
AfD,2026-04-07,25.97652981987236
AfD,2026-04-08,26.019118114150903
AfD,2026-04-09,26.06205529812813
AfD,2026-04-10,26.10531111803478
AfD,2026-04-11,26.148855320101603
AfD,2026-04-12,26.19265765055933
AfD,2026-04-13,26.236687855638706
AfD,2026-04-14,26.280915681570477
AfD,2026-04-15,26.325310874585384
AfD,2026-04-16,26.369843180914163
AfD,2026-04-17,26.413783294349738
AfD,2026-04-18,26.456635236630447
AfD,2026-04-19,26.498718745905173
AfD,2026-04-20,26.540353560322785
AfD,2026-04-21,26.58185941803216
AfD,2026-04-22,26.623556057182178
AfD,2026-04-23,26.66576321592171
AfD,2026-04-24,26.708800632399633
AfD,2026-04-25,26.752988044764823
AfD,2026-04-26,26.798645191166152
AfD,2026-04-27,26.8460918097525
AfD,2026-04-28,26.8932467522044
AfD,2026-04-29,26.938031918926857
AfD,2026-04-30,26.980771621155448
AfD,2026-05-01,27.021790170125755
AfD,2026-05-02,27.061411877073354
AfD,2026-05-03,27.099961053233834
AfD,2026-05-04,27.137762009842774
AfD,2026-05-05,27.175139058135752
AfD,2026-05-06,27.21241650934835
AfD,2026-05-07,27.24919523731932
AfD,2026-05-08,27.284730443597038
AfD,2026-05-09,27.318827930981538
AfD,2026-05-10,27.351293502272835
AfD,2026-05-11,27.381932960270955
AfD,2026-05-12,27.410552107775935
AfD,2026-05-13,27.436956747587793
AfD,2026-05-14,27.460952682506555
AfD,2026-05-15,27.48234571533225
AfD,2026-05-16,27.502620284253542
AfD,2026-05-17,27.52329836122945
AfD,2026-05-18,27.5442420497155
AfD,2026-05-19,27.565313453167256
AfD,2026-05-20,27.586374675040254
AfD,2026-05-21,27.60728781879004
AfD,2026-05-22,27.627914987872163
AfD,2026-05-23,27.648118285742168
AfD,2026-05-24,27.66775981585559
AfD,2026-05-25,27.686701681667987
AfD,2026-05-26,27.704805986634895
AfD,2026-05-27,27.721934834211865
AfD,2026-05-28,27.737950327854435
AfD,2026-05-29,27.752714571018156
AfD,2026-05-30,27.7679944455343
AfD,2026-05-31,27.784711916594397
AfD,2026-06-01,27.8014617126944
AfD,2026-06-02,27.81683856233026
AfD,2026-06-03,27.82943719399793
AfD,2026-06-04,27.83902657895023
AfD,2026-06-05,27.846601391102347
AfD,2026-06-06,27.852594912943786
AfD,2026-06-07,27.857440426964025
AfD,2026-06-08,27.86157121565257
AfD,2026-06-09,27.865420561498915
AfD,2026-06-10,27.869421746992554
AfD,2026-06-11,27.874008054622983
AfD,2026-06-12,27.8796127668797
AfD,2026-06-13,27.88290165405659
AfD,2026-06-14,27.8813218132419
AfD,2026-06-15,27.876478517116706
AfD,2026-06-16,27.869977038362062
AfD,2026-06-17,27.86342264965903
AfD,2026-06-18,27.85842062368866
AfD,2026-06-19,27.856576233132014
AfD,2026-06-20,27.8573217446672
AfD,2026-06-21,27.85878503552491
AfD,2026-06-22,27.860614794215106
AfD,2026-06-23,27.86245970924775
AfD,2026-06-24,27.86396846913279
AfD,2026-06-25,27.864789762380195
AfD,2026-06-26,27.864572277499917
AfD,2026-06-27,27.862964703001914
AfD,2026-06-28,27.859615727396143
AfD,2026-06-29,27.854174039192568
AfD,2026-06-30,27.846288326901142
AfD,2026-07-01,27.83560727903182
AfD,2026-07-02,27.824479410664036
AfD,2026-07-03,27.815317735309158
AfD,2026-07-04,27.807867689125054
AfD,2026-07-05,27.80187470826962
AfD,2026-07-06,27.797084228900708
AfD,2026-07-07,27.793241687176213
AfD,2026-07-08,27.790092519254006
AfD,2026-07-09,27.787382161291955
AfD,2026-07-10,27.784856049447942
AfD,2026-07-11,27.782259619879852
AfD,2026-07-12,27.779338308745544
AfD,2026-07-13,27.775837552202905
AfD,2026-07-14,27.771008640367636
AfD,2026-07-15,27.764987401018654
AfD,2026-07-16,27.758846076808666
AfD,2026-07-17,27.753656910390387
AfD,2026-07-18,27.750492144416512
AfD,2026-07-19,27.750424021539764
AfD,2026-07-20,27.754524784412826
AfD,2026-07-21,27.761002004123178
AfD,2026-07-22,27.76743857969073
AfD,2026-07-23,27.773969745666864
AfD,2026-07-24,27.780730736602965
AfD,2026-07-25,27.787856787050423
AfD,2026-07-26,27.795483131560612
AfD,2026-07-27,27.80374500468493
AfD,2026-07-28,27.81277764097475
AfD,2026-07-29,27.822716274981467
AfD,2026-07-30,27.833696141256453
AfD,2026-07-31,27.845852474351112
AfD,2026-08-01,27.859320508816808
AfD,2026-08-02,27.874235479204934
AfD,2026-08-03,27.889682826897207
AfD,2026-08-04,27.904710619397864
AfD,2026-08-05,27.919398030442075
AfD,2026-08-06,27.933824233765
AfD,2026-08-07,27.948068403101804
AfD,2026-08-08,27.962209712187658
AfD,2026-08-09,27.976327334757727
AfD,2026-08-10,27.990500444547173
AfD,2026-08-11,28.004808215291163
AfD,2026-08-12,28.019329820724867
AfD,2026-08-13,28.034144434583443
AfD,2026-08-14,28.04896561206153
AfD,2026-08-15,28.063436039611386
AfD,2026-08-16,28.07752858785462
AfD,2026-08-17,28.091216127412835
AfD,2026-08-18,28.10447152890765
AfD,2026-08-19,28.117267662960664
AfD,2026-08-20,28.129577400193497
AfD,2026-08-21,28.141373611227753
AfD,2026-08-22,28.152213367864242
AfD,2026-08-23,28.16174938002139
AfD,2026-08-24,28.17009797549721
AfD,2026-08-25,28.177375482089737
AfD,2026-08-26,28.183698227596977
AfD,2026-08-27,28.189182539816972
AfD,2026-08-28,28.193944746547732
AfD,2026-08-29,28.198101175587283
AfD,2026-08-30,28.201768154733635
AfD,2026-08-31,28.205062011784833
AfD,2026-09-01,28.20728816584667
AfD,2026-09-02,28.207860984710344
AfD,2026-09-03,28.20706021920195
AfD,2026-09-04,28.20516562014757
AfD,2026-09-05,28.2024569383733
AfD,2026-09-06,28.199213924705244
AfD,2026-09-07,28.19571632996947
AfD,2026-09-08,28.192243904992086
AfD,2026-09-09,28.189076400599184
AfD,2026-09-10,28.186493567616846
AfD,2026-09-11,28.18477515687117
AfD,2026-09-12,28.18321816419828
AfD,2026-09-13,28.181058371519544
AfD,2026-09-14,28.178483708788928
AfD,2026-09-15,28.175682105960394
AfD,2026-09-16,28.172841492987892
AfD,2026-09-17,28.17014979982539
AfD,2026-09-18,28.16779495642684
AfD,2026-09-19,28.16524694052435
AfD,2026-09-20,28.162008844127204
AfD,2026-09-21,28.15831826860513
AfD,2026-09-22,28.154412815327863
AfD,2026-09-23,28.150530085665128
AfD,2026-09-24,28.146907680986658
AfD,2026-09-25,28.143783202662185
AfD,2026-09-26,28.140628208232624
AfD,2026-09-27,28.13682478961262
AfD,2026-09-28,28.132476349732475
AfD,2026-09-29,28.127686291522515
AfD,2026-09-30,28.12255801791304
AfD,2026-10-01,28.117194931834373
AfD,2026-10-02,28.11170043621682
AfD,2026-10-03,28.106177933990697
AfD,2026-10-04,28.10073082808632
AfD,2026-10-05,28.095462521433987
BSW,2025-01-23,5.380913696658109
BSW,2025-01-24,5.346967406726378
BSW,2025-01-25,5.312945817174599
BSW,2025-01-26,5.278652269943967
BSW,2025-01-27,5.243890106975679
BSW,2025-01-28,5.208462670210933
BSW,2025-01-29,5.172173301590925
BSW,2025-01-30,5.137070815792062
BSW,2025-01-31,5.1041528197591
BSW,2025-02-01,5.071645843835763
BSW,2025-02-02,5.037776418365774
BSW,2025-02-03,5.000771073692855
BSW,2025-02-04,4.961794921524302
BSW,2025-02-05,4.923156653809266
BSW,2025-02-06,4.884798171254258
BSW,2025-02-07,4.846661374565786
BSW,2025-02-08,4.8146039960910665
BSW,2025-02-09,4.792248569665724
BSW,2025-02-10,4.7761841982288855
BSW,2025-02-11,4.762999984719681
BSW,2025-02-12,4.749285032077233
BSW,2025-02-13,4.733687490181071
BSW,2025-02-14,4.718568197747556
BSW,2025-02-15,4.706085290971074
BSW,2025-02-16,4.698396906046007
BSW,2025-02-17,4.697661179166735
BSW,2025-02-18,4.703503311978341
BSW,2025-02-19,4.711695052104724
BSW,2025-02-20,4.716463718690847
BSW,2025-02-21,4.721444396538148
BSW,2025-02-22,4.727237377969458
BSW,2025-02-23,4.7280559038600485
BSW,2025-02-24,4.724809000685894
BSW,2025-02-25,4.718405694922983
BSW,2025-02-26,4.70975501304729
BSW,2025-02-27,4.6997659815347985
BSW,2025-02-28,4.6893476268614895
BSW,2025-03-01,4.679408975503343
BSW,2025-03-02,4.67085905393634
BSW,2025-03-03,4.664606888636461
BSW,2025-03-04,4.658842311864175
BSW,2025-03-05,4.651345320110411
BSW,2025-03-06,4.642410186196841
BSW,2025-03-07,4.632331182945136
BSW,2025-03-08,4.621402583176969
BSW,2025-03-09,4.609918659714013
BSW,2025-03-10,4.598173685377938
BSW,2025-03-11,4.586461932990417
BSW,2025-03-12,4.574669475902554
BSW,2025-03-13,4.562501645517759
BSW,2025-03-14,4.549981601736162
BSW,2025-03-15,4.537132504457899
BSW,2025-03-16,4.5239775135831
BSW,2025-03-17,4.510539789011897
BSW,2025-03-18,4.4968424906444255
BSW,2025-03-19,4.482908778380815
BSW,2025-03-20,4.468761812121196
BSW,2025-03-21,4.454424751765706
BSW,2025-03-22,4.4405444506998775
BSW,2025-03-23,4.427675653073169
BSW,2025-03-24,4.415703354931595
BSW,2025-03-25,4.404512552321176
BSW,2025-03-26,4.393988241287925
BSW,2025-03-27,4.384015417877862
BSW,2025-03-28,4.374479078136999
BSW,2025-03-29,4.365264218111356
BSW,2025-03-30,4.35625583384695
BSW,2025-03-31,4.347338921389794
BSW,2025-04-01,4.338007217237956
BSW,2025-04-02,4.3280016278512345
BSW,2025-04-03,4.3175779042182585
BSW,2025-04-04,4.306991797327652
BSW,2025-04-05,4.296499058168043
BSW,2025-04-06,4.286355437728054
BSW,2025-04-07,4.276816686996313
BSW,2025-04-08,4.26730638718648
BSW,2025-04-09,4.257178923833886
BSW,2025-04-10,4.24658625440967
BSW,2025-04-11,4.235680336384971
BSW,2025-04-12,4.224613127230926
BSW,2025-04-13,4.213536584418673
BSW,2025-04-14,4.202602665419349
BSW,2025-04-15,4.191963327704093
BSW,2025-04-16,4.1817705287440425
BSW,2025-04-17,4.172176226010334
BSW,2025-04-18,4.163398543865045
BSW,2025-04-19,4.155439306201141
BSW,2025-04-20,4.14812601978609
BSW,2025-04-21,4.14128619138736
BSW,2025-04-22,4.1347473277724225
BSW,2025-04-23,4.128336935708748
BSW,2025-04-24,4.121882521963803
BSW,2025-04-25,4.115211593305061
BSW,2025-04-26,4.108151656499989
BSW,2025-04-27,4.100530218316057
BSW,2025-04-28,4.0921747855207355
BSW,2025-04-29,4.083391334824026
BSW,2025-04-30,4.074578949885684
BSW,2025-05-01,4.0657047978978085
BSW,2025-05-02,4.056736046052502
BSW,2025-05-03,4.047639861541862
BSW,2025-05-04,4.038383411557991
BSW,2025-05-05,4.0289338632929885
BSW,2025-05-06,4.019258383938954
BSW,2025-05-07,4.009244873258054
BSW,2025-05-08,3.9989996582436316
BSW,2025-05-09,3.9888175469345595
BSW,2025-05-10,3.978993347369708
BSW,2025-05-11,3.969821867587948
BSW,2025-05-12,3.9615979156281496
BSW,2025-05-13,3.9544166396582727
BSW,2025-05-14,3.9480931000098205
BSW,2025-05-15,3.9425019729669795
BSW,2025-05-16,3.937517934813936
BSW,2025-05-17,3.9330156618348777
BSW,2025-05-18,3.9288698303139906
BSW,2025-05-19,3.9249551165354624
BSW,2025-05-20,3.921146196783479
BSW,2025-05-21,3.917887532891654
BSW,2025-05-22,3.9156373050662103
BSW,2025-05-23,3.9142907671502494
BSW,2025-05-24,3.913743172986875
BSW,2025-05-25,3.913889776419188
BSW,2025-05-26,3.9146258312902917
BSW,2025-05-27,3.9158465914432887
BSW,2025-05-28,3.9174473107212795
BSW,2025-05-29,3.919323242967368
BSW,2025-05-30,3.9213696420246564
BSW,2025-05-31,3.9234817617362463
BSW,2025-06-01,3.9255548559452396
BSW,2025-06-02,3.9266344080873625
BSW,2025-06-03,3.9266062237811674
BSW,2025-06-04,3.926626040144003
BSW,2025-06-05,3.9278495942932166
BSW,2025-06-06,3.9314326233461543
BSW,2025-06-07,3.936257513892826
BSW,2025-06-08,3.9405486386471074
BSW,2025-06-09,3.9444747139121445
BSW,2025-06-10,3.9482044559910903
BSW,2025-06-11,3.9519065811870906
BSW,2025-06-12,3.9557498058032947
BSW,2025-06-13,3.959902846142852
BSW,2025-06-14,3.964534418508911
BSW,2025-06-15,3.9698132392046204
BSW,2025-06-16,3.9759080245331293
BSW,2025-06-17,3.982696366560527
BSW,2025-06-18,3.9898775316217807
BSW,2025-06-19,3.9973527474233537
BSW,2025-06-20,4.00502324167171
BSW,2025-06-21,4.0127902420733115
BSW,2025-06-22,4.020554976334624
BSW,2025-06-23,4.02821867216211
BSW,2025-06-24,4.0356825572622315
BSW,2025-06-25,4.042847859341454
BSW,2025-06-26,4.04961580610624
BSW,2025-06-27,4.055887625263055
BSW,2025-06-28,4.061372523024161
BSW,2025-06-29,4.065938111762071
BSW,2025-06-30,4.069723228423613
BSW,2025-07-01,4.072866709955622
BSW,2025-07-02,4.075507393304929
BSW,2025-07-03,4.077784115418367
BSW,2025-07-04,4.079835713242765
BSW,2025-07-05,4.081801023724957
BSW,2025-07-06,4.083083513104766
BSW,2025-07-07,4.083150437354744
BSW,2025-07-08,4.082236318020815
BSW,2025-07-09,4.080575676648899
BSW,2025-07-10,4.0784030347849205
BSW,2025-07-11,4.075952913974801
BSW,2025-07-12,4.073459835764463
BSW,2025-07-13,4.071158321699831
BSW,2025-07-14,4.069282893326825
BSW,2025-07-15,4.067736293613039
BSW,2025-07-16,4.066206305224183
BSW,2025-07-17,4.064605009253355
BSW,2025-07-18,4.062844486793659
BSW,2025-07-19,4.060836818938194
BSW,2025-07-20,4.05849408678006
BSW,2025-07-21,4.055728371412358
BSW,2025-07-22,4.05245175392819
BSW,2025-07-23,4.048576315420654
BSW,2025-07-24,4.0440141369828515
BSW,2025-07-25,4.039228486438565
BSW,2025-07-26,4.034690392202925
BSW,2025-07-27,4.030323576256062
BSW,2025-07-28,4.026051760578099
BSW,2025-07-29,4.021798667149165
BSW,2025-07-30,4.017488017949387
BSW,2025-07-31,4.013043534958891
BSW,2025-08-01,4.008388940157806
BSW,2025-08-02,4.003447955526257
BSW,2025-08-03,3.9981443030443717
BSW,2025-08-04,3.9924017046922784
BSW,2025-08-05,3.98625071573817
BSW,2025-08-06,3.979887364879706
BSW,2025-08-07,3.973483584241211
BSW,2025-08-08,3.9672113059470084
BSW,2025-08-09,3.9612424621214224
BSW,2025-08-10,3.955748984888777
BSW,2025-08-11,3.9509028063733966
BSW,2025-08-12,3.9468758586996047
BSW,2025-08-13,3.9432835664705914
BSW,2025-08-14,3.9397030348524686
BSW,2025-08-15,3.9362487168139473
BSW,2025-08-16,3.9330350653237374
BSW,2025-08-17,3.9301765333505485
BSW,2025-08-18,3.9277875738630903
BSW,2025-08-19,3.92572056247309
BSW,2025-08-20,3.9237504783950907
BSW,2025-08-21,3.921875680002025
BSW,2025-08-22,3.9200945256668285
BSW,2025-08-23,3.9184053737624343
BSW,2025-08-24,3.9168065826617764
BSW,2025-08-25,3.915296510737789
BSW,2025-08-26,3.9138735163634064
BSW,2025-08-27,3.9125359579115617
BSW,2025-08-28,3.91128219375519
BSW,2025-08-29,3.9101105822672246
BSW,2025-08-30,3.9090194818205997
BSW,2025-08-31,3.9080072507882484
BSW,2025-09-01,3.9070722475431063
BSW,2025-09-02,3.906088058366777
BSW,2025-09-03,3.904988668745565
BSW,2025-09-04,3.9038630358594575
BSW,2025-09-05,3.902800116888439
BSW,2025-09-06,3.9018888690124953
BSW,2025-09-07,3.9012182494116114
BSW,2025-09-08,3.9008772152657722
BSW,2025-09-09,3.90075936633839
BSW,2025-09-10,3.9007460556717057
BSW,2025-09-11,3.9009078703639526
BSW,2025-09-12,3.9013153975133648
BSW,2025-09-13,3.902039224218173
BSW,2025-09-14,3.903149937576611
BSW,2025-09-15,3.9047181246869105
BSW,2025-09-16,3.9067470314901325
BSW,2025-09-17,3.9091574026197575
BSW,2025-09-18,3.9118960732126506
BSW,2025-09-19,3.914909878405675
BSW,2025-09-20,3.9181456533356944
BSW,2025-09-21,3.9215502331395737
BSW,2025-09-22,3.925070452954176
BSW,2025-09-23,3.928653147916365
BSW,2025-09-24,3.9322451531630063
BSW,2025-09-25,3.935793303830962
BSW,2025-09-26,3.939244435057097
BSW,2025-09-27,3.9423307403259873
BSW,2025-09-28,3.944964187089526
BSW,2025-09-29,3.947361271435555
BSW,2025-09-30,3.949738489451915
BSW,2025-10-01,3.95231233722645
BSW,2025-10-02,3.955299310846999
BSW,2025-10-03,3.9569797306488335
BSW,2025-10-04,3.955932443081737
BSW,2025-10-05,3.9528217334053206
BSW,2025-10-06,3.948311886879198
BSW,2025-10-07,3.94306718876298
BSW,2025-10-08,3.9377519243162804
BSW,2025-10-09,3.933030378798709
BSW,2025-10-10,3.929566837469879
BSW,2025-10-11,3.9265951141004667
BSW,2025-10-12,3.9229369728458416
BSW,2025-10-13,3.918638624542655
BSW,2025-10-14,3.9137462800275604
BSW,2025-10-15,3.9083061501372107
BSW,2025-10-16,3.902364445708258
BSW,2025-10-17,3.895967377577356
BSW,2025-10-18,3.8891611565811552
BSW,2025-10-19,3.881991993556309
BSW,2025-10-20,3.8745060993394707
BSW,2025-10-21,3.8667496847672926
BSW,2025-10-22,3.8587689606764273
BSW,2025-10-23,3.850610137903526
BSW,2025-10-24,3.842319427285244
BSW,2025-10-25,3.8345351822624734
BSW,2025-10-26,3.827744465690626
BSW,2025-10-27,3.8217665525281297
BSW,2025-10-28,3.8164207177334113
BSW,2025-10-29,3.8115262362648967
BSW,2025-10-30,3.8069023830810154
BSW,2025-10-31,3.802368433140193
BSW,2025-11-01,3.797743661400857
BSW,2025-11-02,3.7928473428214344
BSW,2025-11-03,3.7874987523603525
BSW,2025-11-04,3.7815171649760395
BSW,2025-11-05,3.7754878515707757
BSW,2025-11-06,3.770107370172159
BSW,2025-11-07,3.7653619264265945
BSW,2025-11-08,3.761237725980488
BSW,2025-11-09,3.757720974480243
BSW,2025-11-10,3.7547978775722637
BSW,2025-11-11,3.75209777098966
BSW,2025-11-12,3.749304489440715
BSW,2025-11-13,3.7464859870345877
BSW,2025-11-14,3.7437102178804422
BSW,2025-11-15,3.741045136087439
BSW,2025-11-16,3.7385586957647408
BSW,2025-11-17,3.7363188510215095
BSW,2025-11-18,3.7343935559669066
BSW,2025-11-19,3.7328507647100926
BSW,2025-11-20,3.7317584313602317
BSW,2025-11-21,3.7311845100264844
BSW,2025-11-22,3.7311969548180124
BSW,2025-11-23,3.7318637198439775
BSW,2025-11-24,3.733252759213542
BSW,2025-11-25,3.7351183900481417
BSW,2025-11-26,3.737131218355104
BSW,2025-11-27,3.739233631572428
BSW,2025-11-28,3.741368017138113
BSW,2025-11-29,3.743476762490158
BSW,2025-11-30,3.745502255066562
BSW,2025-12-01,3.747386882305325
BSW,2025-12-02,3.7490730316444454
BSW,2025-12-03,3.7499948167296266
BSW,2025-12-04,3.7497971722209082
BSW,2025-12-05,3.7487387170777975
BSW,2025-12-06,3.747078070259803
BSW,2025-12-07,3.7450738507264285
BSW,2025-12-08,3.7429846774371827
BSW,2025-12-09,3.74106916935157
BSW,2025-12-10,3.7379506899281068
BSW,2025-12-11,3.7323909005992326
BSW,2025-12-12,3.7248558672853416
BSW,2025-12-13,3.7158116559068315
BSW,2025-12-14,3.705724332384095
BSW,2025-12-15,3.69505996263753
BSW,2025-12-16,3.684284612587529
BSW,2025-12-17,3.6738643481544897
BSW,2025-12-18,3.664265235258805
BSW,2025-12-19,3.6559533398208726
BSW,2025-12-20,3.648599109742196
BSW,2025-12-21,3.6415530734330597
BSW,2025-12-22,3.6348014175770276
BSW,2025-12-23,3.628330328857664
BSW,2025-12-24,3.6221259939585333
BSW,2025-12-25,3.6161745995631986
BSW,2025-12-26,3.610462332355226
BSW,2025-12-27,3.604975379018178
BSW,2025-12-28,3.5996999262356204
BSW,2025-12-29,3.5946221606911153
BSW,2025-12-30,3.589728269068228
BSW,2025-12-31,3.585004438050523
BSW,2026-01-01,3.580436854321564
BSW,2026-01-02,3.576011704564916
BSW,2026-01-03,3.571715175464141
BSW,2026-01-04,3.567533453702806
BSW,2026-01-05,3.5634527259644737
BSW,2026-01-06,3.559459178932708
BSW,2026-01-07,3.5555389992910738
BSW,2026-01-08,3.551678373723136
BSW,2026-01-09,3.5478634889124563
BSW,2026-01-10,3.5440805315426016
BSW,2026-01-11,3.5403156882971345
BSW,2026-01-12,3.535937112477835
BSW,2026-01-13,3.5307825875931655
BSW,2026-01-14,3.5255427456367174
BSW,2026-01-15,3.520908218602082
BSW,2026-01-16,3.51756963848285
BSW,2026-01-17,3.514394124127877
BSW,2026-01-18,3.5099994486121546
BSW,2026-01-19,3.5047022252684714
BSW,2026-01-20,3.4988190674296225
BSW,2026-01-21,3.492666588428397
BSW,2026-01-22,3.486561401597589
BSW,2026-01-23,3.4808201202699887
BSW,2026-01-24,3.47575935777839
BSW,2026-01-25,3.4716957274555824
BSW,2026-01-26,3.4689458426343602
BSW,2026-01-27,3.466720410128854
BSW,2026-01-28,3.4640232547359613
BSW,2026-01-29,3.4608606667626223
BSW,2026-01-30,3.4572389365157763
BSW,2026-01-31,3.4531643543023645
BSW,2026-02-01,3.4486432104293248
BSW,2026-02-02,3.443681795203599
BSW,2026-02-03,3.4382863989321257
BSW,2026-02-04,3.4324633119218455
BSW,2026-02-05,3.4262188244796983
BSW,2026-02-06,3.419559226912624
BSW,2026-02-07,3.4124908095275615
BSW,2026-02-08,3.405019862631452
BSW,2026-02-09,3.398108695822343
BSW,2026-02-10,3.3923588382567544
BSW,2026-02-11,3.387235409579334
BSW,2026-02-12,3.38220352943473
BSW,2026-02-13,3.3767283174675886
BSW,2026-02-14,3.3702748933225584
BSW,2026-02-15,3.3623083766442874
BSW,2026-02-16,3.352293887077422
BSW,2026-02-17,3.3416476905073607
BSW,2026-02-18,3.332059026326304
BSW,2026-02-19,3.3234024744391055
BSW,2026-02-20,3.3155526147506187
BSW,2026-02-21,3.3083840271656975
BSW,2026-02-22,3.301771291589195
BSW,2026-02-23,3.2955889879259654
BSW,2026-02-24,3.289711696080862
BSW,2026-02-25,3.284013995958738
BSW,2026-02-26,3.2783704674644474
BSW,2026-02-27,3.272655690502843
BSW,2026-02-28,3.26674424497878
BSW,2026-03-01,3.2605107107971105
BSW,2026-03-02,3.2555656559361204
BSW,2026-03-03,3.2531982808552766
BSW,2026-03-04,3.2528011141812043
BSW,2026-03-05,3.2537666845405293
BSW,2026-03-06,3.2554875205598766
BSW,2026-03-07,3.2573561508658715
BSW,2026-03-08,3.258765104085141
BSW,2026-03-09,3.2591069088443083
BSW,2026-03-10,3.2589448173008275
BSW,2026-03-11,3.259248357546989
BSW,2026-03-12,3.2600194721116704
BSW,2026-03-13,3.261260103523755
BSW,2026-03-14,3.2629721943121215
BSW,2026-03-15,3.2651576870056513
BSW,2026-03-16,3.2678185241332254
BSW,2026-03-17,3.2709566482237222
BSW,2026-03-18,3.2745740018060236
BSW,2026-03-19,3.2786725274090105
BSW,2026-03-20,3.283254167561562
BSW,2026-03-21,3.2883208647925595
BSW,2026-03-22,3.2938745616308824
BSW,2026-03-23,3.2999172006054125
BSW,2026-03-24,3.3054892309880213
BSW,2026-03-25,3.30973862458258
BSW,2026-03-26,3.312828607715966
BSW,2026-03-27,3.314922406715057
BSW,2026-03-28,3.3161832479067286
BSW,2026-03-29,3.316774357617861
BSW,2026-03-30,3.3168589621753304
BSW,2026-03-31,3.316600287906015
BSW,2026-04-01,3.3161615611367923
BSW,2026-04-02,3.3157060081945384
BSW,2026-04-03,3.3153968554061333
BSW,2026-04-04,3.315397329098453
BSW,2026-04-05,3.315870655598375
BSW,2026-04-06,3.316980061232777
BSW,2026-04-07,3.3188887723285374
BSW,2026-04-08,3.3212844747361694
BSW,2026-04-09,3.3237024346462904
BSW,2026-04-10,3.3260772488959365
BSW,2026-04-11,3.3283435143221416
BSW,2026-04-12,3.3304358277619404
BSW,2026-04-13,3.3322887860523673
BSW,2026-04-14,3.3338369860304584
BSW,2026-04-15,3.3350150245332455
BSW,2026-04-16,3.3357574983977663
BSW,2026-04-17,3.335999004461053
BSW,2026-04-18,3.3356741395601404
BSW,2026-04-19,3.334717500532066
BSW,2026-04-20,3.3330636842138603
BSW,2026-04-21,3.3306472874425612
BSW,2026-04-22,3.3274029070552014
BSW,2026-04-23,3.3232651398888162
BSW,2026-04-24,3.3181685827804404
BSW,2026-04-25,3.312794995591843
BSW,2026-04-26,3.30780718984649
BSW,2026-04-27,3.303111339873957
BSW,2026-04-28,3.298613620003824
BSW,2026-04-29,3.294220204565667
BSW,2026-04-30,3.289837267889065
BSW,2026-05-01,3.2853709843035968
BSW,2026-05-02,3.280727528138838
BSW,2026-05-03,3.2758130737243674
BSW,2026-05-04,3.270533795389763
BSW,2026-05-05,3.2647958674646027
BSW,2026-05-06,3.2585054642784637
BSW,2026-05-07,3.2515687601609238
BSW,2026-05-08,3.2438919294415616
BSW,2026-05-09,3.2359821703590215
BSW,2026-05-10,3.2284348847191446
BSW,2026-05-11,3.2212885522023003
BSW,2026-05-12,3.2145816524888633
BSW,2026-05-13,3.2083526652592025
BSW,2026-05-14,3.2026400701936906
BSW,2026-05-15,3.1974823469726976
BSW,2026-05-16,3.192917975276597
BSW,2026-05-17,3.188985434785758
BSW,2026-05-18,3.1857232051805537
BSW,2026-05-19,3.1829530277491456
BSW,2026-05-20,3.180479467079843
BSW,2026-05-21,3.178315237803235
BSW,2026-05-22,3.176473054549915
BSW,2026-05-23,3.174965631950473
BSW,2026-05-24,3.1738056846355014
BSW,2026-05-25,3.173005927235591
BSW,2026-05-26,3.1725790743813316
BSW,2026-05-27,3.172537840703316
BSW,2026-05-28,3.172894940832135
BSW,2026-05-29,3.1736630893983797
BSW,2026-05-30,3.1748550010326415
BSW,2026-05-31,3.1764833903655108
BSW,2026-06-01,3.1785609720275794
BSW,2026-06-02,3.1802754127146846
BSW,2026-06-03,3.181155957712598
BSW,2026-06-04,3.1817276895368174
BSW,2026-06-05,3.182515690702839
BSW,2026-06-06,3.1840450437261585
BSW,2026-06-07,3.1868408311222725
BSW,2026-06-08,3.1914281354066762
BSW,2026-06-09,3.1972063233692394
BSW,2026-06-10,3.203253133950284
BSW,2026-06-11,3.2096112078909855
BSW,2026-06-12,3.2163231859325188
BSW,2026-06-13,3.2234317088160593
BSW,2026-06-14,3.2309794172827826
BSW,2026-06-15,3.2390089520738647
BSW,2026-06-16,3.2475629539304802
BSW,2026-06-17,3.2566840635938057
BSW,2026-06-18,3.266414921805015
BSW,2026-06-19,3.2767981693052857
BSW,2026-06-20,3.287339437419381
BSW,2026-06-21,3.297563440421948
BSW,2026-06-22,3.3075414434789816
BSW,2026-06-23,3.3173447117564807
BSW,2026-06-24,3.32704451042044
BSW,2026-06-25,3.3367121046368577
BSW,2026-06-26,3.346418759571729
BSW,2026-06-27,3.3562357403910514
BSW,2026-06-28,3.3662343122608216
BSW,2026-06-29,3.3764857403470363
BSW,2026-06-30,3.38614301201034
BSW,2026-07-01,3.3944103508253973
BSW,2026-07-02,3.4014358762792325
BSW,2026-07-03,3.4073677078588696
BSW,2026-07-04,3.412353965051334
BSW,2026-07-05,3.416542767343651
BSW,2026-07-06,3.420082234222845
BSW,2026-07-07,3.4231204851759403
BSW,2026-07-08,3.4258056396899614
BSW,2026-07-09,3.428285817251934
BSW,2026-07-10,3.430709137348882
BSW,2026-07-11,3.433223719467831
BSW,2026-07-12,3.4359776830958046
BSW,2026-07-13,3.4391191477198286
BSW,2026-07-14,3.441700044231324
BSW,2026-07-15,3.4427857986958057
BSW,2026-07-16,3.4425447733614334
BSW,2026-07-17,3.44114533047637
BSW,2026-07-18,3.4387558322887775
BSW,2026-07-19,3.4355446410468176
BSW,2026-07-20,3.4316801189986523
BSW,2026-07-21,3.4273306283924425
BSW,2026-07-22,3.4226645314763506
BSW,2026-07-23,3.417850190498539
BSW,2026-07-24,3.413055967707169
BSW,2026-07-25,3.4084502253504017
BSW,2026-07-26,3.4042013256763997
BSW,2026-07-27,3.4004776309333256
BSW,2026-07-28,3.39773696389687
BSW,2026-07-29,3.39618395933572
BSW,2026-07-30,3.3956071974875264
BSW,2026-07-31,3.395795258589942
BSW,2026-08-01,3.3965367228806196
BSW,2026-08-02,3.397620170597211
BSW,2026-08-03,3.3988341819773686
BSW,2026-08-04,3.3999673372587447
BSW,2026-08-05,3.4008082166789912
BSW,2026-08-06,3.4011454004757606
BSW,2026-08-07,3.400767468886705
BSW,2026-08-08,3.3994630021494765
BSW,2026-08-09,3.3970205805017275
BSW,2026-08-10,3.393228784181111
BSW,2026-08-11,3.3885735314181336
BSW,2026-08-12,3.38372253261791
BSW,2026-08-13,3.378737056279998
BSW,2026-08-14,3.3736783709039617
BSW,2026-08-15,3.3686077449893594
BSW,2026-08-16,3.3635864470357526
BSW,2026-08-17,3.358675745542702
BSW,2026-08-18,3.3539369090097675
BSW,2026-08-19,3.3494312059365097
BSW,2026-08-20,3.3452199048224895
BSW,2026-08-21,3.3413642741672676
BSW,2026-08-22,3.337925582470404
BSW,2026-08-23,3.33496509823146
BSW,2026-08-24,3.3325440899499954
BSW,2026-08-25,3.330427503513964
BSW,2026-08-26,3.3283447478902857
BSW,2026-08-27,3.3263037861969655
BSW,2026-08-28,3.324312581552012
BSW,2026-08-29,3.3223790970734317
BSW,2026-08-30,3.320511295879233
BSW,2026-08-31,3.3187171410874226
BSW,2026-09-01,3.317004595816008
BSW,2026-09-02,3.315381623182996
BSW,2026-09-03,3.3138561863063942
BSW,2026-09-04,3.31243624830421
BSW,2026-09-05,3.311129772294451
BSW,2026-09-06,3.3099447213951225
BSW,2026-09-07,3.3088890587242346
BSW,2026-09-08,3.308102002870766
BSW,2026-09-09,3.3076425156177858
BSW,2026-09-10,3.307398174874436
BSW,2026-09-11,3.3072565585498577
BSW,2026-09-12,3.307105244553192
BSW,2026-09-13,3.306831810793581
BSW,2026-09-14,3.3063238351801645
BSW,2026-09-15,3.3057999470137256
BSW,2026-09-16,3.305507521661123
BSW,2026-09-17,3.305377256130614
BSW,2026-09-18,3.3053398474304556
BSW,2026-09-19,3.305325992568905
BSW,2026-09-20,3.305266388554221
BSW,2026-09-21,3.3050917323946583
BSW,2026-09-22,3.304732721098475
BSW,2026-09-23,3.3042906914626093
BSW,2026-09-24,3.3039083267278135
BSW,2026-09-25,3.303578343568071
BSW,2026-09-26,3.303293458657363
BSW,2026-09-27,3.303046388669672
BSW,2026-09-28,3.3028298502789823
BSW,2026-09-29,3.302636560159274
BSW,2026-09-30,3.30245923498453
BSW,2026-10-01,3.3022905914287337
BSW,2026-10-02,3.302123346165866
BSW,2026-10-03,3.30195021586991
BSW,2026-10-04,3.3017639172148487
BSW,2026-10-05,3.3015571668746637
CDU/CSU,2025-01-23,29.467666830526614
CDU/CSU,2025-01-24,29.47784449581003
CDU/CSU,2025-01-25,29.48804451303057
CDU/CSU,2025-01-26,29.4983119023689
CDU/CSU,2025-01-27,29.508691684005715
CDU/CSU,2025-01-28,29.519228878121677
CDU/CSU,2025-01-29,29.52996850489747
CDU/CSU,2025-01-30,29.54089836488749
CDU/CSU,2025-01-31,29.551930373321966
CDU/CSU,2025-02-01,29.562995722395367
CDU/CSU,2025-02-02,29.574025604302157
CDU/CSU,2025-02-03,29.584951211236802
CDU/CSU,2025-02-04,29.59508573475397
CDU/CSU,2025-02-05,29.60439088371862
CDU/CSU,2025-02-06,29.61377062629068
CDU/CSU,2025-02-07,29.624128930630075
CDU/CSU,2025-02-08,29.6339224987163
CDU/CSU,2025-02-09,29.64170477804201
CDU/CSU,2025-02-10,29.648524855036893
CDU/CSU,2025-02-11,29.65543181613066
CDU/CSU,2025-02-12,29.663474747752982
CDU/CSU,2025-02-13,29.673702736333546
CDU/CSU,2025-02-14,29.677186397974648
CDU/CSU,2025-02-15,29.667422313536278
CDU/CSU,2025-02-16,29.649098516584704
CDU/CSU,2025-02-17,29.6269030406862
CDU/CSU,2025-02-18,29.605523919407023
CDU/CSU,2025-02-19,29.56249745406743
CDU/CSU,2025-02-20,29.51179405372927
CDU/CSU,2025-02-21,29.47204845273436
CDU/CSU,2025-02-22,29.423093345558527
CDU/CSU,2025-02-23,29.366064867581468
CDU/CSU,2025-02-24,29.302099154182844
CDU/CSU,2025-02-25,29.232332340742346
CDU/CSU,2025-02-26,29.157900562639668
CDU/CSU,2025-02-27,29.07993995525447
CDU/CSU,2025-02-28,28.99958665396645
CDU/CSU,2025-03-01,28.91797679415529
CDU/CSU,2025-03-02,28.836246511200656
CDU/CSU,2025-03-03,28.755531940482246
CDU/CSU,2025-03-04,28.67168413256439
CDU/CSU,2025-03-05,28.58101739848002
CDU/CSU,2025-03-06,28.485362764311738
CDU/CSU,2025-03-07,28.38655125614214
CDU/CSU,2025-03-08,28.286413900053816
CDU/CSU,2025-03-09,28.186781722129354
CDU/CSU,2025-03-10,28.089485748451356
CDU/CSU,2025-03-11,27.99405344118952
CDU/CSU,2025-03-12,27.898726122388595
CDU/CSU,2025-03-13,27.803405607943745
CDU/CSU,2025-03-14,27.707993713750113
CDU/CSU,2025-03-15,27.61239225570285
CDU/CSU,2025-03-16,27.516503049697125
CDU/CSU,2025-03-17,27.42022791162808
CDU/CSU,2025-03-18,27.323468657390872
CDU/CSU,2025-03-19,27.226127102880664
CDU/CSU,2025-03-20,27.1281050639926
CDU/CSU,2025-03-21,27.02930435662184
CDU/CSU,2025-03-22,26.934424032501404
CDU/CSU,2025-03-23,26.847545101863023
CDU/CSU,2025-03-24,26.76764231834988
CDU/CSU,2025-03-25,26.69369043560519
CDU/CSU,2025-03-26,26.624664207272147
CDU/CSU,2025-03-27,26.559538386993964
CDU/CSU,2025-03-28,26.497287728413834
CDU/CSU,2025-03-29,26.436886985174947
CDU/CSU,2025-03-30,26.37731091092052
CDU/CSU,2025-03-31,26.31753425929375
CDU/CSU,2025-04-01,26.256531783937838
CDU/CSU,2025-04-02,26.193278238495978
CDU/CSU,2025-04-03,26.12846719139746
CDU/CSU,2025-04-04,26.06411628457523
CDU/CSU,2025-04-05,26.00118638192801
CDU/CSU,2025-04-06,25.940638347354533
CDU/CSU,2025-04-07,25.883433044753502
CDU/CSU,2025-04-08,25.830531338023643
CDU/CSU,2025-04-09,25.78289409106367
CDU/CSU,2025-04-10,25.74148216777231
CDU/CSU,2025-04-11,25.70403014574064
CDU/CSU,2025-04-12,25.66789811572633
CDU/CSU,2025-04-13,25.633485211377998
CDU/CSU,2025-04-14,25.60119056634427
CDU/CSU,2025-04-15,25.57141331427375
CDU/CSU,2025-04-16,25.544552588815076
CDU/CSU,2025-04-17,25.521007523616863
CDU/CSU,2025-04-18,25.501177252327714
CDU/CSU,2025-04-19,25.485460908596256
CDU/CSU,2025-04-20,25.474257626071118
CDU/CSU,2025-04-21,25.467966538400898
CDU/CSU,2025-04-22,25.46698677923423
CDU/CSU,2025-04-23,25.469034656172038
CDU/CSU,2025-04-24,25.471853440220574
CDU/CSU,2025-04-25,25.475882710136432
CDU/CSU,2025-04-26,25.481562044676206
CDU/CSU,2025-04-27,25.4893310225965
CDU/CSU,2025-04-28,25.499629222653898
CDU/CSU,2025-04-29,25.512896223605008
CDU/CSU,2025-04-30,25.529571604206414
CDU/CSU,2025-05-01,25.548146005479193
CDU/CSU,2025-05-02,25.56704066976832
CDU/CSU,2025-05-03,25.586591077816244
CDU/CSU,2025-05-04,25.60713271036543
CDU/CSU,2025-05-05,25.629001048158326
CDU/CSU,2025-05-06,25.652531571937406
CDU/CSU,2025-05-07,25.678059762445105
CDU/CSU,2025-05-08,25.705921100423897
CDU/CSU,2025-05-09,25.73645106661623
CDU/CSU,2025-05-10,25.769985141764565
CDU/CSU,2025-05-11,25.80508713657559
CDU/CSU,2025-05-12,25.840485012965868
CDU/CSU,2025-05-13,25.876760478492685
CDU/CSU,2025-05-14,25.914495240713322
CDU/CSU,2025-05-15,25.954271007185067
CDU/CSU,2025-05-16,25.996669485465183
CDU/CSU,2025-05-17,26.040832377951613
CDU/CSU,2025-05-18,26.085595846798327
CDU/CSU,2025-05-19,26.13108328919665
CDU/CSU,2025-05-20,26.17741810233794
CDU/CSU,2025-05-21,26.224723683413522
CDU/CSU,2025-05-22,26.273123429614746
CDU/CSU,2025-05-23,26.322740738132943
CDU/CSU,2025-05-24,26.37369900615947
CDU/CSU,2025-05-25,26.426121630885646
CDU/CSU,2025-05-26,26.480132009502825
CDU/CSU,2025-05-27,26.534473947062985
CDU/CSU,2025-05-28,26.587923184579857
CDU/CSU,2025-05-29,26.640651023187385
CDU/CSU,2025-05-30,26.692828764019527
CDU/CSU,2025-05-31,26.744627708210228
CDU/CSU,2025-06-01,26.796219156893443
CDU/CSU,2025-06-02,26.847774411203122
CDU/CSU,2025-06-03,26.899464772273213
CDU/CSU,2025-06-04,26.951461541237673
CDU/CSU,2025-06-05,27.003936019230448
CDU/CSU,2025-06-06,27.057059507385492
CDU/CSU,2025-06-07,27.107659622123823
CDU/CSU,2025-06-08,27.15300483354086
CDU/CSU,2025-06-09,27.19392772328213
CDU/CSU,2025-06-10,27.23126087299322
CDU/CSU,2025-06-11,27.265836864319652
CDU/CSU,2025-06-12,27.298488278907
CDU/CSU,2025-06-13,27.330047698400794
CDU/CSU,2025-06-14,27.361347704446597
CDU/CSU,2025-06-15,27.39322087868995
CDU/CSU,2025-06-16,27.42649980277642
CDU/CSU,2025-06-17,27.457304099608887
CDU/CSU,2025-06-18,27.481687220146757
CDU/CSU,2025-06-19,27.50038248812031
CDU/CSU,2025-06-20,27.51412322725984
CDU/CSU,2025-06-21,27.523642761295626
CDU/CSU,2025-06-22,27.529674413957974
CDU/CSU,2025-06-23,27.532951508977156
CDU/CSU,2025-06-24,27.534207370083468
CDU/CSU,2025-06-25,27.534175321007208
CDU/CSU,2025-06-26,27.533588685478648
CDU/CSU,2025-06-27,27.533180787228087
CDU/CSU,2025-06-28,27.5328066048528
CDU/CSU,2025-06-29,27.531471514844217
CDU/CSU,2025-06-30,27.528634437773857
CDU/CSU,2025-07-01,27.523754294213237
CDU/CSU,2025-07-02,27.516290004733882
CDU/CSU,2025-07-03,27.505700489907316
CDU/CSU,2025-07-04,27.491444670305043
CDU/CSU,2025-07-05,27.4729814664986
CDU/CSU,2025-07-06,27.452671804540465
CDU/CSU,2025-07-07,27.43298637740169
CDU/CSU,2025-07-08,27.413548756031634
CDU/CSU,2025-07-09,27.39398251137964
CDU/CSU,2025-07-10,27.373911214395065
CDU/CSU,2025-07-11,27.352958436027265
CDU/CSU,2025-07-12,27.33074774722559
CDU/CSU,2025-07-13,27.306902718939394
CDU/CSU,2025-07-14,27.28104692211803
CDU/CSU,2025-07-15,27.252803927710843
CDU/CSU,2025-07-16,27.221797306667202
CDU/CSU,2025-07-17,27.18894810984396
CDU/CSU,2025-07-18,27.155470626092765
CDU/CSU,2025-07-19,27.121428283355126
CDU/CSU,2025-07-20,27.086884509572577
CDU/CSU,2025-07-21,27.05190273268663
CDU/CSU,2025-07-22,27.01654638063882
CDU/CSU,2025-07-23,26.980878881370653
CDU/CSU,2025-07-24,26.944963662823657
CDU/CSU,2025-07-25,26.908864152939355
CDU/CSU,2025-07-26,26.872643779659256
CDU/CSU,2025-07-27,26.836365970924895
CDU/CSU,2025-07-28,26.800094154677787
CDU/CSU,2025-07-29,26.76388717070356
CDU/CSU,2025-07-30,26.727771795282845
CDU/CSU,2025-07-31,26.691763361099696
CDU/CSU,2025-08-01,26.655877200838145
CDU/CSU,2025-08-02,26.62012864718223
CDU/CSU,2025-08-03,26.584533032815997
CDU/CSU,2025-08-04,26.549105690423485
CDU/CSU,2025-08-05,26.51386195268873
CDU/CSU,2025-08-06,26.478817152295782
CDU/CSU,2025-08-07,26.44398662192867
CDU/CSU,2025-08-08,26.40938569427144
CDU/CSU,2025-08-09,26.37617831312011
CDU/CSU,2025-08-10,26.345048631631098
CDU/CSU,2025-08-11,26.31529229652906
CDU/CSU,2025-08-12,26.28620495453865
CDU/CSU,2025-08-13,26.257082252384517
CDU/CSU,2025-08-14,26.227219836791313
CDU/CSU,2025-08-15,26.19591335448369
CDU/CSU,2025-08-16,26.16378759113574
CDU/CSU,2025-08-17,26.131949357904386
CDU/CSU,2025-08-18,26.100417339738506
CDU/CSU,2025-08-19,26.06921022158699
CDU/CSU,2025-08-20,26.03834668839872
CDU/CSU,2025-08-21,26.007845425122582
CDU/CSU,2025-08-22,25.97772511670747
CDU/CSU,2025-08-23,25.948004448102264
CDU/CSU,2025-08-24,25.918702104255843
CDU/CSU,2025-08-25,25.8898367701171
CDU/CSU,2025-08-26,25.861427130634922
CDU/CSU,2025-08-27,25.83349187075819
CDU/CSU,2025-08-28,25.806049675435787
CDU/CSU,2025-08-29,25.779119229616608
CDU/CSU,2025-08-30,25.751104380610517
CDU/CSU,2025-08-31,25.720841992098663
CDU/CSU,2025-09-01,25.68900027358685
CDU/CSU,2025-09-02,25.656247434580855
CDU/CSU,2025-09-03,25.623251684586492
CDU/CSU,2025-09-04,25.59068123310955
CDU/CSU,2025-09-05,25.559204289655817
CDU/CSU,2025-09-06,25.52948906373111
CDU/CSU,2025-09-07,25.502203764841205
CDU/CSU,2025-09-08,25.476279045665922
CDU/CSU,2025-09-09,25.450158426853527
CDU/CSU,2025-09-10,25.423779419862488
CDU/CSU,2025-09-11,25.39707953615128
CDU/CSU,2025-09-12,25.36999628717839
CDU/CSU,2025-09-13,25.342467184402285
CDU/CSU,2025-09-14,25.31442973928144
CDU/CSU,2025-09-15,25.28582146327433
CDU/CSU,2025-09-16,25.25781908481035
CDU/CSU,2025-09-17,25.23141279004451
CDU/CSU,2025-09-18,25.20626027702372
CDU/CSU,2025-09-19,25.182019243794887
CDU/CSU,2025-09-20,25.15834738840492
CDU/CSU,2025-09-21,25.134902408900736
CDU/CSU,2025-09-22,25.111342003329234
CDU/CSU,2025-09-23,25.087323869737325
CDU/CSU,2025-09-24,25.062505706171926
CDU/CSU,2025-09-25,25.036545210679943
CDU/CSU,2025-09-26,25.00910008130828
CDU/CSU,2025-09-27,24.982356489290805
CDU/CSU,2025-09-28,24.95815990329419
CDU/CSU,2025-09-29,24.935656967514582
CDU/CSU,2025-09-30,24.91399432614811
CDU/CSU,2025-10-01,24.892318623390917
CDU/CSU,2025-10-02,24.86977650343913
CDU/CSU,2025-10-03,24.84875542173161
CDU/CSU,2025-10-04,24.831715572648513
CDU/CSU,2025-10-05,24.81791270879795
CDU/CSU,2025-10-06,24.80660258278803
CDU/CSU,2025-10-07,24.797040947226854
CDU/CSU,2025-10-08,24.788483554722536
CDU/CSU,2025-10-09,24.780186157883175
CDU/CSU,2025-10-10,24.771404509316884
CDU/CSU,2025-10-11,24.762811921331426
CDU/CSU,2025-10-12,24.755557853627185
CDU/CSU,2025-10-13,24.749612279901193
CDU/CSU,2025-10-14,24.744945173850486
CDU/CSU,2025-10-15,24.741526509172107
CDU/CSU,2025-10-16,24.739326259563086
CDU/CSU,2025-10-17,24.738314398720462
CDU/CSU,2025-10-18,24.738460900341266
CDU/CSU,2025-10-19,24.739735738122537
CDU/CSU,2025-10-20,24.742108885761315
CDU/CSU,2025-10-21,24.74555031695463
CDU/CSU,2025-10-22,24.750030005399523
CDU/CSU,2025-10-23,24.755517924793025
CDU/CSU,2025-10-24,24.761984048832172
CDU/CSU,2025-10-25,24.76856262902788
CDU/CSU,2025-10-26,24.77454686797567
CDU/CSU,2025-10-27,24.780145165999485
CDU/CSU,2025-10-28,24.785565923423263
CDU/CSU,2025-10-29,24.791017540570948
CDU/CSU,2025-10-30,24.79670841776648
CDU/CSU,2025-10-31,24.802846955333813
CDU/CSU,2025-11-01,24.80964155359687
CDU/CSU,2025-11-02,24.817300612879606
CDU/CSU,2025-11-03,24.82603253350596
CDU/CSU,2025-11-04,24.836045715799873
CDU/CSU,2025-11-05,24.845630261119318
CDU/CSU,2025-11-06,24.8531578091567
CDU/CSU,2025-11-07,24.858959067737583
CDU/CSU,2025-11-08,24.863364744687576
CDU/CSU,2025-11-09,24.866705547832236
CDU/CSU,2025-11-10,24.869312184997163
CDU/CSU,2025-11-11,24.87151536400792
CDU/CSU,2025-11-12,24.873645792690112
CDU/CSU,2025-11-13,24.876034178869297
CDU/CSU,2025-11-14,24.879011230371077
CDU/CSU,2025-11-15,24.881803644348302
CDU/CSU,2025-11-16,24.883456856405626
CDU/CSU,2025-11-17,24.884029682046297
CDU/CSU,2025-11-18,24.883580936773573
CDU/CSU,2025-11-19,24.882169436090717
CDU/CSU,2025-11-20,24.87985399550099
CDU/CSU,2025-11-21,24.876693430507643
CDU/CSU,2025-11-22,24.87274655661394
CDU/CSU,2025-11-23,24.86807218932313
CDU/CSU,2025-11-24,24.862729144138473
CDU/CSU,2025-11-25,24.85677623656324
CDU/CSU,2025-11-26,24.85027228210067
CDU/CSU,2025-11-27,24.843276096254023
CDU/CSU,2025-11-28,24.83584649452657
CDU/CSU,2025-11-29,24.828782850599556
CDU/CSU,2025-11-30,24.82251775712542
CDU/CSU,2025-12-01,24.816559858064238
CDU/CSU,2025-12-02,24.810417797376083
CDU/CSU,2025-12-03,24.803600219021
CDU/CSU,2025-12-04,24.795615766959063
CDU/CSU,2025-12-05,24.78597308515034
CDU/CSU,2025-12-06,24.77666292611766
CDU/CSU,2025-12-07,24.769648215036
CDU/CSU,2025-12-08,24.764395854843592
CDU/CSU,2025-12-09,24.76037274847872
CDU/CSU,2025-12-10,24.757045798879602
CDU/CSU,2025-12-11,24.75388190898451
CDU/CSU,2025-12-12,24.75034798173169
CDU/CSU,2025-12-13,24.745910920059398
CDU/CSU,2025-12-14,24.74003762690588
CDU/CSU,2025-12-15,24.732195005209395
CDU/CSU,2025-12-16,24.7238965246998
CDU/CSU,2025-12-17,24.716999300392562
CDU/CSU,2025-12-18,24.71148570315434
CDU/CSU,2025-12-19,24.707338103851786
CDU/CSU,2025-12-20,24.704538873351567
CDU/CSU,2025-12-21,24.703070382520323
CDU/CSU,2025-12-22,24.70291500222473
CDU/CSU,2025-12-23,24.70405510333143
CDU/CSU,2025-12-24,24.70647305670709
CDU/CSU,2025-12-25,24.710151233218358
CDU/CSU,2025-12-26,24.715072003731894
CDU/CSU,2025-12-27,24.72121773911436
CDU/CSU,2025-12-28,24.72857081023239
CDU/CSU,2025-12-29,24.737113587952674
CDU/CSU,2025-12-30,24.74682844314185
CDU/CSU,2025-12-31,24.75769774666658
CDU/CSU,2026-01-01,24.769703869393517
CDU/CSU,2026-01-02,24.782829182189314
CDU/CSU,2026-01-03,24.79705605592063
CDU/CSU,2026-01-04,24.812366861454137
CDU/CSU,2026-01-05,24.82874396965647
CDU/CSU,2026-01-06,24.846169751394296
CDU/CSU,2026-01-07,24.864626577534274
CDU/CSU,2026-01-08,24.880189314489947
CDU/CSU,2026-01-09,24.89089174785896
CDU/CSU,2026-01-10,24.899654627284093
CDU/CSU,2026-01-11,24.909398702408154
CDU/CSU,2026-01-12,24.92304472287393
CDU/CSU,2026-01-13,24.94351343832421
CDU/CSU,2026-01-14,24.96717676207509
CDU/CSU,2026-01-15,24.98879134441529
CDU/CSU,2026-01-16,25.0088550404465
CDU/CSU,2026-01-17,25.027865705270468
CDU/CSU,2026-01-18,25.046321193988884
CDU/CSU,2026-01-19,25.064719361703485
CDU/CSU,2026-01-20,25.083558063515966
CDU/CSU,2026-01-21,25.10333515452806
CDU/CSU,2026-01-22,25.124548489841477
CDU/CSU,2026-01-23,25.147695924557933
CDU/CSU,2026-01-24,25.171453354814375
CDU/CSU,2026-01-25,25.19423151164812
CDU/CSU,2026-01-26,25.216130502511454
CDU/CSU,2026-01-27,25.23725043485666
CDU/CSU,2026-01-28,25.257691416136012
CDU/CSU,2026-01-29,25.2775535538018
CDU/CSU,2026-01-30,25.296936955306304
CDU/CSU,2026-01-31,25.315941728101805
CDU/CSU,2026-02-01,25.334667979640585
CDU/CSU,2026-02-02,25.35321581737493
CDU/CSU,2026-02-03,25.371685348757115
CDU/CSU,2026-02-04,25.390176681239428
CDU/CSU,2026-02-05,25.40969792118872
CDU/CSU,2026-02-06,25.430763099817593
CDU/CSU,2026-02-07,25.452731211846952
CDU/CSU,2026-02-08,25.47496125199769
CDU/CSU,2026-02-09,25.496812214990708
CDU/CSU,2026-02-10,25.517643095546905
CDU/CSU,2026-02-11,25.536812888387193
CDU/CSU,2026-02-12,25.553680588232464
CDU/CSU,2026-02-13,25.567605189803615
CDU/CSU,2026-02-14,25.579513936081167
CDU/CSU,2026-02-15,25.590778837461748
CDU/CSU,2026-02-16,25.601426039790415
CDU/CSU,2026-02-17,25.61148168891223
CDU/CSU,2026-02-18,25.62097193067226
CDU/CSU,2026-02-19,25.62992291091556
CDU/CSU,2026-02-20,25.6383607754872
CDU/CSU,2026-02-21,25.646311670232237
CDU/CSU,2026-02-22,25.653801740995732
CDU/CSU,2026-02-23,25.660857133622752
CDU/CSU,2026-02-24,25.66750399395836
CDU/CSU,2026-02-25,25.67376846784761
CDU/CSU,2026-02-26,25.679676701135563
CDU/CSU,2026-02-27,25.685254839667294
CDU/CSU,2026-02-28,25.688593994637632
CDU/CSU,2026-03-01,25.688224220885363
CDU/CSU,2026-03-02,25.68483007972147
CDU/CSU,2026-03-03,25.67909613245695
CDU/CSU,2026-03-04,25.671706940402785
CDU/CSU,2026-03-05,25.663347064869967
CDU/CSU,2026-03-06,25.654701067169476
CDU/CSU,2026-03-07,25.646453508612314
CDU/CSU,2026-03-08,25.639288950509457
CDU/CSU,2026-03-09,25.633891954171894
CDU/CSU,2026-03-10,25.627446688384133
CDU/CSU,2026-03-11,25.617002390929553
CDU/CSU,2026-03-12,25.603041226617453
CDU/CSU,2026-03-13,25.586045360257117
CDU/CSU,2026-03-14,25.566496956657833
CDU/CSU,2026-03-15,25.54487818062891
CDU/CSU,2026-03-16,25.52167119697963
CDU/CSU,2026-03-17,25.497358170519277
CDU/CSU,2026-03-18,25.472421266057165
CDU/CSU,2026-03-19,25.447342648402568
CDU/CSU,2026-03-20,25.422604482364793
CDU/CSU,2026-03-21,25.398115127214997
CDU/CSU,2026-03-22,25.373360854080946
CDU/CSU,2026-03-23,25.348190695556863
CDU/CSU,2026-03-24,25.32245368423694
CDU/CSU,2026-03-25,25.29599885271539
CDU/CSU,2026-03-26,25.26867523358642
CDU/CSU,2026-03-27,25.24033185944424
CDU/CSU,2026-03-28,25.210817762883046
CDU/CSU,2026-03-29,25.17998197649705
CDU/CSU,2026-03-30,25.14767353288046
CDU/CSU,2026-03-31,25.11374146462748
CDU/CSU,2026-04-01,25.078034804332326
CDU/CSU,2026-04-02,25.040402584589188
CDU/CSU,2026-04-03,25.000693837992287
CDU/CSU,2026-04-04,24.95875759713583
CDU/CSU,2026-04-05,24.91444289461401
CDU/CSU,2026-04-06,24.86759876302104
CDU/CSU,2026-04-07,24.81807423495113
CDU/CSU,2026-04-08,24.76780312653575
CDU/CSU,2026-04-09,24.718459722453158
CDU/CSU,2026-04-10,24.66950375811777
CDU/CSU,2026-04-11,24.620394968943973
CDU/CSU,2026-04-12,24.570593090346176
CDU/CSU,2026-04-13,24.51955785773878
CDU/CSU,2026-04-14,24.466749006536183
CDU/CSU,2026-04-15,24.41162627215279
CDU/CSU,2026-04-16,24.353649390003
CDU/CSU,2026-04-17,24.294158263764544
CDU/CSU,2026-04-18,24.234798759636686
CDU/CSU,2026-04-19,24.17548955681613
CDU/CSU,2026-04-20,24.116149334499568
CDU/CSU,2026-04-21,24.0566967718837
CDU/CSU,2026-04-22,23.997050548165237
CDU/CSU,2026-04-23,23.93712934254087
CDU/CSU,2026-04-24,23.876851834207297
CDU/CSU,2026-04-25,23.816136702361224
CDU/CSU,2026-04-26,23.754902626199346
CDU/CSU,2026-04-27,23.69306828491836
CDU/CSU,2026-04-28,23.631560087170367
CDU/CSU,2026-04-29,23.57127746028686
CDU/CSU,2026-04-30,23.51209861148367
CDU/CSU,2026-05-01,23.453901747976612
CDU/CSU,2026-05-02,23.39656507698151
CDU/CSU,2026-05-03,23.339966805714173
CDU/CSU,2026-05-04,23.283985141390442
CDU/CSU,2026-05-05,23.22849829122612
CDU/CSU,2026-05-06,23.173384462437035
CDU/CSU,2026-05-07,23.119566392468496
CDU/CSU,2026-05-08,23.067852703917456
CDU/CSU,2026-05-09,23.017950431727193
CDU/CSU,2026-05-10,22.969566610840992
CDU/CSU,2026-05-11,22.92240827620214
CDU/CSU,2026-05-12,22.876182462753913
CDU/CSU,2026-05-13,22.830596205439594
CDU/CSU,2026-05-14,22.785356539202468
CDU/CSU,2026-05-15,22.740170498985826
CDU/CSU,2026-05-16,22.695514018432846
CDU/CSU,2026-05-17,22.652062233074993
CDU/CSU,2026-05-18,22.609820980687942
CDU/CSU,2026-05-19,22.5687960990474
CDU/CSU,2026-05-20,22.528993425929045
CDU/CSU,2026-05-21,22.490418799108564
CDU/CSU,2026-05-22,22.453078056361655
CDU/CSU,2026-05-23,22.41697703546399
CDU/CSU,2026-05-24,22.382121574191263
CDU/CSU,2026-05-25,22.34851751031917
CDU/CSU,2026-05-26,22.31617068162339
CDU/CSU,2026-05-27,22.285086925879614
CDU/CSU,2026-05-28,22.255272080863527
CDU/CSU,2026-05-29,22.226731984350824
CDU/CSU,2026-05-30,22.197555585938744
CDU/CSU,2026-05-31,22.167141178747052
CDU/CSU,2026-06-01,22.13745861583522
CDU/CSU,2026-06-02,22.110477750262728
CDU/CSU,2026-06-03,22.088168435089045
CDU/CSU,2026-06-04,22.069413710517992
CDU/CSU,2026-06-05,22.051769713923612
CDU/CSU,2026-06-06,22.035215944120726
CDU/CSU,2026-06-07,22.019731899924153
CDU/CSU,2026-06-08,22.005297080148708
CDU/CSU,2026-06-09,21.99189098360921
CDU/CSU,2026-06-10,21.979493109120476
CDU/CSU,2026-06-11,21.968082955497337
CDU/CSU,2026-06-12,21.957640021554592
CDU/CSU,2026-06-13,21.947893809782034
CDU/CSU,2026-06-14,21.938549795441226
CDU/CSU,2026-06-15,21.929551436504717
CDU/CSU,2026-06-16,21.920842190945034
CDU/CSU,2026-06-17,21.912365516734702
CDU/CSU,2026-06-18,21.904064871846256
CDU/CSU,2026-06-19,21.89588371425222
CDU/CSU,2026-06-20,21.887016260322053
CDU/CSU,2026-06-21,21.87686831471905
CDU/CSU,2026-06-22,21.865700717856488
CDU/CSU,2026-06-23,21.853774310147674
CDU/CSU,2026-06-24,21.84134993200589
CDU/CSU,2026-06-25,21.828688423844433
CDU/CSU,2026-06-26,21.81605062607659
CDU/CSU,2026-06-27,21.80369737911565
CDU/CSU,2026-06-28,21.79188952337491
CDU/CSU,2026-06-29,21.780887899267654
CDU/CSU,2026-06-30,21.77095334720718
CDU/CSU,2026-07-01,21.762346707606774
CDU/CSU,2026-07-02,21.753684464069305
CDU/CSU,2026-07-03,21.74346957120242
CDU/CSU,2026-07-04,21.731792575926562
CDU/CSU,2026-07-05,21.718744025162184
CDU/CSU,2026-07-06,21.704414465829736
CDU/CSU,2026-07-07,21.688894444849673
CDU/CSU,2026-07-08,21.67227450914244
CDU/CSU,2026-07-09,21.65464520562849
CDU/CSU,2026-07-10,21.636097081228275
CDU/CSU,2026-07-11,21.61672068286224
CDU/CSU,2026-07-12,21.596606557450844
CDU/CSU,2026-07-13,21.575845251914533
CDU/CSU,2026-07-14,21.55548304850863
CDU/CSU,2026-07-15,21.536031604479327
CDU/CSU,2026-07-16,21.5167795292334
CDU/CSU,2026-07-17,21.497015432177633
CDU/CSU,2026-07-18,21.476027922718792
CDU/CSU,2026-07-19,21.453105610263652
CDU/CSU,2026-07-20,21.427537104218985
CDU/CSU,2026-07-21,21.400659083893824
CDU/CSU,2026-07-22,21.374237411261074
CDU/CSU,2026-07-23,21.348204469723306
CDU/CSU,2026-07-24,21.322492642683095
CDU/CSU,2026-07-25,21.297034313543023
CDU/CSU,2026-07-26,21.27176186570566
CDU/CSU,2026-07-27,21.24660768257359
CDU/CSU,2026-07-28,21.22150414754938
CDU/CSU,2026-07-29,21.196383644035606
CDU/CSU,2026-07-30,21.17117855543485
CDU/CSU,2026-07-31,21.145821265149692
CDU/CSU,2026-08-01,21.120244156582693
CDU/CSU,2026-08-02,21.09437961313644
CDU/CSU,2026-08-03,21.068498858287743
CDU/CSU,2026-08-04,21.042921421460587
CDU/CSU,2026-08-05,21.01765214497831
CDU/CSU,2026-08-06,20.99269587116424
CDU/CSU,2026-08-07,20.968057442341703
CDU/CSU,2026-08-08,20.94374170083404
CDU/CSU,2026-08-09,20.919753488964574
CDU/CSU,2026-08-10,20.896097649056642
CDU/CSU,2026-08-11,20.872779023433573
CDU/CSU,2026-08-12,20.8498024544187
CDU/CSU,2026-08-13,20.82717278433536
CDU/CSU,2026-08-14,20.803665600926198
CDU/CSU,2026-08-15,20.778371773417575
CDU/CSU,2026-08-16,20.75176906635837
CDU/CSU,2026-08-17,20.724335244297475
CDU/CSU,2026-08-18,20.696548071783752
CDU/CSU,2026-08-19,20.668885313366104
CDU/CSU,2026-08-20,20.641824733593396
CDU/CSU,2026-08-21,20.615844097014527
CDU/CSU,2026-08-22,20.590201069892373
CDU/CSU,2026-08-23,20.563853536427864
CDU/CSU,2026-08-24,20.536829588076934
CDU/CSU,2026-08-25,20.50915731629554
CDU/CSU,2026-08-26,20.480864812539608
CDU/CSU,2026-08-27,20.451980168265088
CDU/CSU,2026-08-28,20.422531474927915
CDU/CSU,2026-08-29,20.392546823984034
CDU/CSU,2026-08-30,20.362054306889384
CDU/CSU,2026-08-31,20.331082015099906
CDU/CSU,2026-09-01,20.298830584199553
CDU/CSU,2026-09-02,20.264674665398438
CDU/CSU,2026-09-03,20.22890337359173
CDU/CSU,2026-09-04,20.191805823674596
CDU/CSU,2026-09-05,20.153671130542204
CDU/CSU,2026-09-06,20.114788409089734
CDU/CSU,2026-09-07,20.07544677421235
CDU/CSU,2026-09-08,20.03593534080522
CDU/CSU,2026-09-09,19.99654322376352
CDU/CSU,2026-09-10,19.957559537982416
CDU/CSU,2026-09-11,19.91927339835708
CDU/CSU,2026-09-12,19.880415192207604
CDU/CSU,2026-09-13,19.83989053100168
CDU/CSU,2026-09-14,19.798251365855915
CDU/CSU,2026-09-15,19.756049647886933
CDU/CSU,2026-09-16,19.713837328211323
CDU/CSU,2026-09-17,19.672166357945695
CDU/CSU,2026-09-18,19.631588688206655
CDU/CSU,2026-09-19,19.591064003005563
CDU/CSU,2026-09-20,19.549437547933852
CDU/CSU,2026-09-21,19.50708961647826
CDU/CSU,2026-09-22,19.464400502125528
CDU/CSU,2026-09-23,19.421750498362375
CDU/CSU,2026-09-24,19.379519898675547
CDU/CSU,2026-09-25,19.338088996551765
CDU/CSU,2026-09-26,19.296796332936893
CDU/CSU,2026-09-27,19.25479995755187
CDU/CSU,2026-09-28,19.212209427046034
CDU/CSU,2026-09-29,19.16913429806874
CDU/CSU,2026-09-30,19.125684127269334
CDU/CSU,2026-10-01,19.081968471297166
CDU/CSU,2026-10-02,19.03809688680158
CDU/CSU,2026-10-03,18.99417893043192
CDU/CSU,2026-10-04,18.95032415883755
CDU/CSU,2026-10-05,18.9066421286678
FDP,2025-01-23,3.8752189327305957
FDP,2025-01-24,3.8912377256234674
FDP,2025-01-25,3.907256764410175
FDP,2025-01-26,3.923301508120129
FDP,2025-01-27,3.93939741578274
FDP,2025-01-28,3.9555699464274183
FDP,2025-01-29,3.9718445590835767
FDP,2025-01-30,3.9882287759826136
FDP,2025-01-31,4.00468397857799
FDP,2025-02-01,4.021166414732213
FDP,2025-02-02,4.037632332307787
FDP,2025-02-03,4.0540379791672185
FDP,2025-02-04,4.070740838613795
FDP,2025-02-05,4.0878362629002085
FDP,2025-02-06,4.104887303313065
FDP,2025-02-07,4.1214570111389754
FDP,2025-02-08,4.137396562286466
FDP,2025-02-09,4.152921007079204
FDP,2025-02-10,4.168139208426505
FDP,2025-02-11,4.183160029237693
FDP,2025-02-12,4.1980923324220845
FDP,2025-02-13,4.213044980888996
FDP,2025-02-14,4.221046816367738
FDP,2025-02-15,4.218225351174262
FDP,2025-02-16,4.209337454097857
FDP,2025-02-17,4.199139993927814
FDP,2025-02-18,4.19238983945342
FDP,2025-02-19,4.171512542562558
FDP,2025-02-20,4.146271029734321
FDP,2025-02-21,4.1319484472648895
FDP,2025-02-22,4.113644315609792
FDP,2025-02-23,4.091846126684166
FDP,2025-02-24,4.067041372403144
FDP,2025-02-25,4.039717544681862
FDP,2025-02-26,4.0103621354354555
FDP,2025-02-27,3.97946263657906
FDP,2025-02-28,3.9475065400278093
FDP,2025-03-01,3.914981337696841
FDP,2025-03-02,3.8823745215012875
FDP,2025-03-03,3.8501735833562853
FDP,2025-03-04,3.820958625617869
FDP,2025-03-05,3.7960512262874655
FDP,2025-03-06,3.7740510907483045
FDP,2025-03-07,3.7535579243836152
FDP,2025-03-08,3.7331714325766248
FDP,2025-03-09,3.7114913207105613
FDP,2025-03-10,3.687117294168653
FDP,2025-03-11,3.6626830762921294
FDP,2025-03-12,3.641601723003768
FDP,2025-03-13,3.6236419385591203
FDP,2025-03-14,3.6085724272137365
FDP,2025-03-15,3.5961618932231674
FDP,2025-03-16,3.586179040842965
FDP,2025-03-17,3.5783925743286793
FDP,2025-03-18,3.5725711979358614
FDP,2025-03-19,3.568483615920064
FDP,2025-03-20,3.5658985325368344
FDP,2025-03-21,3.5645846520417273
FDP,2025-03-22,3.5634452414596756
FDP,2025-03-23,3.5616302048355037
FDP,2025-03-24,3.5592782019545948
FDP,2025-03-25,3.556527892602334
FDP,2025-03-26,3.5535179365641048
FDP,2025-03-27,3.5503869936252928
FDP,2025-03-28,3.5472737235712812
FDP,2025-03-29,3.5443167861874545
FDP,2025-03-30,3.541654841259197
FDP,2025-03-31,3.539426548571893
FDP,2025-04-01,3.537770567910926
FDP,2025-04-02,3.536825559061681
FDP,2025-04-03,3.5365750329521513
FDP,2025-04-04,3.5368189762917623
FDP,2025-04-05,3.537420762538045
FDP,2025-04-06,3.538243765148531
FDP,2025-04-07,3.5391513575807507
FDP,2025-04-08,3.540006913292236
FDP,2025-04-09,3.5406738057405183
FDP,2025-04-10,3.541015408383128
FDP,2025-04-11,3.541233791402538
FDP,2025-04-12,3.541576934804683
FDP,2025-04-13,3.541977076782287
FDP,2025-04-14,3.542366455528077
FDP,2025-04-15,3.5426773092347754
FDP,2025-04-16,3.54284187609511
FDP,2025-04-17,3.5427923943018045
FDP,2025-04-18,3.542461102047584
FDP,2025-04-19,3.541780237525174
FDP,2025-04-20,3.5406820389272995
FDP,2025-04-21,3.5390987444466844
FDP,2025-04-22,3.536962592276055
FDP,2025-04-23,3.5344763988632604
FDP,2025-04-24,3.531963698739623
FDP,2025-04-25,3.529537807223072
FDP,2025-04-26,3.5273120396315405
FDP,2025-04-27,3.52539971128296
FDP,2025-04-28,3.5239141374952605
FDP,2025-04-29,3.5229686335863746
FDP,2025-04-30,3.5226765148742345
FDP,2025-05-01,3.5228757181804733
FDP,2025-05-02,3.5233389702246662
FDP,2025-05-03,3.5240817711716526
FDP,2025-05-04,3.525119621186276
FDP,2025-05-05,3.526468020433375
FDP,2025-05-06,3.5281424690777925
FDP,2025-05-07,3.530158467284368
FDP,2025-05-08,3.532531515217944
FDP,2025-05-09,3.5352771130433607
FDP,2025-05-10,3.53841076092546
FDP,2025-05-11,3.542106354832191
FDP,2025-05-12,3.5463832166044393
FDP,2025-05-13,3.5510249852164515
FDP,2025-05-14,3.5558152996424743
FDP,2025-05-15,3.5605377988567533
FDP,2025-05-16,3.564976121833534
FDP,2025-05-17,3.568996733760493
FDP,2025-05-18,3.5726745354851164
FDP,2025-05-19,3.5761058194713615
FDP,2025-05-20,3.579386878183192
FDP,2025-05-21,3.582614004084564
FDP,2025-05-22,3.5858834896394405
FDP,2025-05-23,3.5892916273117796
FDP,2025-05-24,3.592934709565543
FDP,2025-05-25,3.5969090288646886
FDP,2025-05-26,3.601310877673179
FDP,2025-05-27,3.604989333076098
FDP,2025-05-28,3.6069102814879006
FDP,2025-05-29,3.6073452293666017
FDP,2025-05-30,3.606565683170213
FDP,2025-05-31,3.604843149356748
FDP,2025-06-01,3.602449134384221
FDP,2025-06-02,3.599655144710644
FDP,2025-06-03,3.5967326867940312
FDP,2025-06-04,3.5939532670923957
FDP,2025-06-05,3.59158839206375
FDP,2025-06-06,3.5899095681661084
FDP,2025-06-07,3.588490585111454
FDP,2025-06-08,3.5866617815006903
FDP,2025-06-09,3.5843294871252063
FDP,2025-06-10,3.581400031776397
FDP,2025-06-11,3.5777797452456515
FDP,2025-06-12,3.5733749573243623
FDP,2025-06-13,3.56809199780392
FDP,2025-06-14,3.561837196475718
FDP,2025-06-15,3.5545168831311456
FDP,2025-06-16,3.5460373875615967
FDP,2025-06-17,3.5373779634241074
FDP,2025-06-18,3.5294639631159623
FDP,2025-06-19,3.522120864538922
FDP,2025-06-20,3.5151741455947456
FDP,2025-06-21,3.508449284185194
FDP,2025-06-22,3.5017717582120276
FDP,2025-06-23,3.494967045577006
FDP,2025-06-24,3.487860624181891
FDP,2025-06-25,3.480277971928441
FDP,2025-06-26,3.472044566718417
FDP,2025-06-27,3.462985886453579
FDP,2025-06-28,3.453766084238483
FDP,2025-06-29,3.4450720202068696
FDP,2025-06-30,3.4367632328042776
FDP,2025-07-01,3.4286992604762454
FDP,2025-07-02,3.4207396416683116
FDP,2025-07-03,3.4127439148260157
FDP,2025-07-04,3.4045716183948955
FDP,2025-07-05,3.39608229082049
FDP,2025-07-06,3.387637134287251
FDP,2025-07-07,3.3797051021808584
FDP,2025-07-08,3.372307359748694
FDP,2025-07-09,3.36546507223814
FDP,2025-07-10,3.3591994048965765
FDP,2025-07-11,3.353531522971387
FDP,2025-07-12,3.348482591709952
FDP,2025-07-13,3.344073776359653
FDP,2025-07-14,3.340326242167873
FDP,2025-07-15,3.3372611543819914
FDP,2025-07-16,3.3348996782493923
FDP,2025-07-17,3.3330223639481287
FDP,2025-07-18,3.3313941190951346
FDP,2025-07-19,3.330012645096108
FDP,2025-07-20,3.328875643356749
FDP,2025-07-21,3.3279808152827552
FDP,2025-07-22,3.3273258622798285
FDP,2025-07-23,3.3269084857536657
FDP,2025-07-24,3.326726387109967
FDP,2025-07-25,3.3267772677544314
FDP,2025-07-26,3.327058829092759
FDP,2025-07-27,3.3275687725306464
FDP,2025-07-28,3.3283047994737953
FDP,2025-07-29,3.328724103034953
FDP,2025-07-30,3.328375317967422
FDP,2025-07-31,3.327393308137731
FDP,2025-08-01,3.3259129374124092
FDP,2025-08-02,3.324069069657984
FDP,2025-08-03,3.3219965687409867
FDP,2025-08-04,3.3198302985279438
FDP,2025-08-05,3.3177051228853855
FDP,2025-08-06,3.31575590567984
FDP,2025-08-07,3.3141175107778365
FDP,2025-08-08,3.3129248020459032
FDP,2025-08-09,3.3115133134565693
FDP,2025-08-10,3.3092819981306696
FDP,2025-08-11,3.306460848657196
FDP,2025-08-12,3.3032798576251428
FDP,2025-08-13,3.2999690176234986
FDP,2025-08-14,3.2967583212412572
FDP,2025-08-15,3.293877761067409
FDP,2025-08-16,3.291533229985379
FDP,2025-08-17,3.2896922520064606
FDP,2025-08-18,3.288227266411447
FDP,2025-08-19,3.2870107124811336
FDP,2025-08-20,3.285915029496316
FDP,2025-08-21,3.2848126567377873
FDP,2025-08-22,3.283576033486343
FDP,2025-08-23,3.2820775990227777
FDP,2025-08-24,3.280189792627885
FDP,2025-08-25,3.277785053582462
FDP,2025-08-26,3.2747358211673006
FDP,2025-08-27,3.270914534663197
FDP,2025-08-28,3.2661936333509445
FDP,2025-08-29,3.2604455565113395
FDP,2025-08-30,3.2542132858992625
FDP,2025-08-31,3.2481406837679243
FDP,2025-09-01,3.242251510145611
FDP,2025-09-02,3.2365695250606095
FDP,2025-09-03,3.2311184885412056
FDP,2025-09-04,3.2259221606156867
FDP,2025-09-05,3.2210043013123393
FDP,2025-09-06,3.2163886706594504
FDP,2025-09-07,3.2120990286853055
FDP,2025-09-08,3.2078530127719005
FDP,2025-09-09,3.203495541160398
FDP,2025-09-10,3.1992412951678344
FDP,2025-09-11,3.1953049561112468
FDP,2025-09-12,3.1919012053076723
FDP,2025-09-13,3.189244724074147
FDP,2025-09-14,3.1875501937277084
FDP,2025-09-15,3.1870322955853934
FDP,2025-09-16,3.1877462949200455
FDP,2025-09-17,3.189510188327334
FDP,2025-09-18,3.1921827541085364
FDP,2025-09-19,3.195622770564927
FDP,2025-09-20,3.1996890159977824
FDP,2025-09-21,3.2042402687083786
FDP,2025-09-22,3.209135306997992
FDP,2025-09-23,3.214232909167897
FDP,2025-09-24,3.219391853519372
FDP,2025-09-25,3.224470918353691
FDP,2025-09-26,3.22932888197213
FDP,2025-09-27,3.2335714313513506
FDP,2025-09-28,3.237166312957936
FDP,2025-09-29,3.240515394328049
FDP,2025-09-30,3.244020542997853
FDP,2025-10-01,3.24808362650351
FDP,2025-10-02,3.2531065123811826
FDP,2025-10-03,3.2573894832438723
FDP,2025-10-04,3.259390019813877
FDP,2025-10-05,3.2597457867913078
FDP,2025-10-06,3.259094448876274
FDP,2025-10-07,3.258073670768887
FDP,2025-10-08,3.257321117169257
FDP,2025-10-09,3.257474452777494
FDP,2025-10-10,3.259171342293708
FDP,2025-10-11,3.2615269169062375
FDP,2025-10-12,3.2632603566089555
FDP,2025-10-13,3.2644153993102716
FDP,2025-10-14,3.2650357829185976
FDP,2025-10-15,3.265165245342345
FDP,2025-10-16,3.264847524489924
FDP,2025-10-17,3.2641263582697477
FDP,2025-10-18,3.263045484590225
FDP,2025-10-19,3.2616486413597667
FDP,2025-10-20,3.2599795664867854
FDP,2025-10-21,3.2580819978796924
FDP,2025-10-22,3.255999673446898
FDP,2025-10-23,3.2537763310968124
FDP,2025-10-24,3.251455708737849
FDP,2025-10-25,3.2497526189782184
FDP,2025-10-26,3.2491779784072254
FDP,2025-10-27,3.2494696809049164
FDP,2025-10-28,3.250365620351337
FDP,2025-10-29,3.251603690626532
FDP,2025-10-30,3.25292178561055
FDP,2025-10-31,3.2540577991834354
FDP,2025-11-01,3.2547496252252346
FDP,2025-11-02,3.2547351576159937
FDP,2025-11-03,3.253752290235759
FDP,2025-11-04,3.2515389169645768
FDP,2025-11-05,3.2496791803726057
FDP,2025-11-06,3.24974382464554
FDP,2025-11-07,3.2514506460867283
FDP,2025-11-08,3.2545174409995226
FDP,2025-11-09,3.2586620056872695
FDP,2025-11-10,3.263602136453321
FDP,2025-11-11,3.269055629601025
FDP,2025-11-12,3.2747402814337323
FDP,2025-11-13,3.280373888254791
FDP,2025-11-14,3.2856742463675515
FDP,2025-11-15,3.290682978927771
FDP,2025-11-16,3.295672620437257
FDP,2025-11-17,3.300707334218425
FDP,2025-11-18,3.3058512835936975
FDP,2025-11-19,3.3111686318854927
FDP,2025-11-20,3.316723542416231
FDP,2025-11-21,3.322580178508332
FDP,2025-11-22,3.328802703484215
FDP,2025-11-23,3.3354552806662987
FDP,2025-11-24,3.342602073377004
FDP,2025-11-25,3.35030724493875
FDP,2025-11-26,3.3586349586739566
FDP,2025-11-27,3.3676493779050425
FDP,2025-11-28,3.3774146659544284
FDP,2025-11-29,3.3867017368902657
FDP,2025-11-30,3.394588785771059
FDP,2025-12-01,3.4016008974047605
FDP,2025-12-02,3.4082631565993213
FDP,2025-12-03,3.415100648162692
FDP,2025-12-04,3.4226384569028223
FDP,2025-12-05,3.431401667627664
FDP,2025-12-06,3.440538379992795
FDP,2025-12-07,3.44891364491686
FDP,2025-12-08,3.4566279741024046
FDP,2025-12-09,3.4637818792519774
FDP,2025-12-10,3.4704758720681244
FDP,2025-12-11,3.4768104642533944
FDP,2025-12-12,3.482886167510333
FDP,2025-12-13,3.4888034935414884
FDP,2025-12-14,3.4946629540494074
FDP,2025-12-15,3.5005650607366383
FDP,2025-12-16,3.506367206850297
FDP,2025-12-17,3.511854145391327
FDP,2025-12-18,3.5170174276930135
FDP,2025-12-19,3.5218486050886435
FDP,2025-12-20,3.5263392289115045
FDP,2025-12-21,3.5304808504948806
FDP,2025-12-22,3.534265021172061
FDP,2025-12-23,3.5376832922763297
FDP,2025-12-24,3.5407272151409748
FDP,2025-12-25,3.5433883410992815
FDP,2025-12-26,3.545658221484536
FDP,2025-12-27,3.5475284076300264
FDP,2025-12-28,3.5489904508690366
FDP,2025-12-29,3.5500359025348556
FDP,2025-12-30,3.550656313960768
FDP,2025-12-31,3.5508432364800613
FDP,2026-01-01,3.550588221426022
FDP,2026-01-02,3.549882820131935
FDP,2026-01-03,3.5487185839310875
FDP,2026-01-04,3.547087064156767
FDP,2026-01-05,3.544979812142258
FDP,2026-01-06,3.5423883792208484
FDP,2026-01-07,3.539304316725824
FDP,2026-01-08,3.5362946807814977
FDP,2026-01-09,3.533645170836023
FDP,2026-01-10,3.530925303208447
FDP,2026-01-11,3.527704594217818
FDP,2026-01-12,3.5235525601831843
FDP,2026-01-13,3.518038717423591
FDP,2026-01-14,3.512003965642158
FDP,2026-01-15,3.5064435820279245
FDP,2026-01-16,3.501158649128817
FDP,2026-01-17,3.4959502494927666
FDP,2026-01-18,3.4906194656676997
FDP,2026-01-19,3.4849673802015455
FDP,2026-01-20,3.4787950756422323
FDP,2026-01-21,3.4719036345376884
FDP,2026-01-22,3.4640941394358427
FDP,2026-01-23,3.455167672884624
FDP,2026-01-24,3.4460438964993876
FDP,2026-01-25,3.437684235509013
FDP,2026-01-26,3.42995241788171
FDP,2026-01-27,3.422712171585691
FDP,2026-01-28,3.4158272245891665
FDP,2026-01-29,3.40916130486035
FDP,2026-01-30,3.4025781403674507
FDP,2026-01-31,3.395941459078681
FDP,2026-02-01,3.389114988962251
FDP,2026-02-02,3.381962457986374
FDP,2026-02-03,3.3743475941192598
FDP,2026-02-04,3.36613412532912
FDP,2026-02-05,3.357437974458004
FDP,2026-02-06,3.3485460078299916
FDP,2026-02-07,3.3395783686363396
FDP,2026-02-08,3.3306552000683034
FDP,2026-02-09,3.3218966453171412
FDP,2026-02-10,3.313422847574109
FDP,2026-02-11,3.305353950030465
FDP,2026-02-12,3.297810095877466
FDP,2026-02-13,3.290911428306368
FDP,2026-02-14,3.284292073530926
FDP,2026-02-15,3.277545441664972
FDP,2026-02-16,3.270730601749876
FDP,2026-02-17,3.263906622827011
FDP,2026-02-18,3.2571325739377497
FDP,2026-02-19,3.2504675241234624
FDP,2026-02-20,3.2439705424255223
FDP,2026-02-21,3.2377006978853005
FDP,2026-02-22,3.2317170595441698
FDP,2026-02-23,3.2260786964435004
FDP,2026-02-24,3.2208446776246666
FDP,2026-02-25,3.2160740721290377
FDP,2026-02-26,3.211825948997987
FDP,2026-02-27,3.2081593772728865
FDP,2026-02-28,3.205379308857199
FDP,2026-03-01,3.2036250480097523
FDP,2026-03-02,3.2027071923049606
FDP,2026-03-03,3.2024363393172424
FDP,2026-03-04,3.2026230866210135
FDP,2026-03-05,3.2030780317906906
FDP,2026-03-06,3.2036117724006896
FDP,2026-03-07,3.204034906025428
FDP,2026-03-08,3.2041580302393218
FDP,2026-03-09,3.203791742616787
FDP,2026-03-10,3.2040447420141036
FDP,2026-03-11,3.205982698604854
FDP,2026-03-12,3.2093516669394124
FDP,2026-03-13,3.21389770156815
FDP,2026-03-14,3.2193668570414387
FDP,2026-03-15,3.225505187909652
FDP,2026-03-16,3.232058748723162
FDP,2026-03-17,3.2387735940323408
FDP,2026-03-18,3.2453957783875618
FDP,2026-03-19,3.251671356339196
FDP,2026-03-20,3.2573463824376168
FDP,2026-03-21,3.262609077166925
FDP,2026-03-22,3.267856912376414
FDP,2026-03-23,3.2731498196642446
FDP,2026-03-24,3.2785477306285764
FDP,2026-03-25,3.2841105768675725
FDP,2026-03-26,3.2898982899793916
FDP,2026-03-27,3.295970801562195
FDP,2026-03-28,3.3023880432141435
FDP,2026-03-29,3.309209946533398
FDP,2026-03-30,3.316496443118119
FDP,2026-03-31,3.3243074645664668
FDP,2026-04-01,3.332702942476604
FDP,2026-04-02,3.341742808446689
FDP,2026-04-03,3.3514869940748846
FDP,2026-04-04,3.3619954309593507
FDP,2026-04-05,3.3733280506982473
FDP,2026-04-06,3.3855447848897358
FDP,2026-04-07,3.398705565131977
FDP,2026-04-08,3.4114876478441136
FDP,2026-04-09,3.422800490338255
FDP,2026-04-10,3.433052325552012
FDP,2026-04-11,3.4426513864229946
FDP,2026-04-12,3.4520059058888144
FDP,2026-04-13,3.4615241168870807
FDP,2026-04-14,3.4716142523554048
FDP,2026-04-15,3.482684545231397
FDP,2026-04-16,3.495143228452668
FDP,2026-04-17,3.5086213299393063
FDP,2026-04-18,3.5223750317296654
FDP,2026-04-19,3.5362502979387536
FDP,2026-04-20,3.550093092681579
FDP,2026-04-21,3.563749380073147
FDP,2026-04-22,3.577065124228469
FDP,2026-04-23,3.58988628926255
FDP,2026-04-24,3.6020588392903985
FDP,2026-04-25,3.6134287384270234
FDP,2026-04-26,3.623841950787432
FDP,2026-04-27,3.633144440486632
FDP,2026-04-28,3.6421736725545144
FDP,2026-04-29,3.651695526225059
FDP,2026-04-30,3.66144858691941
FDP,2026-05-01,3.67117144005871
FDP,2026-05-02,3.6806026710641024
FDP,2026-05-03,3.6894808653567304
FDP,2026-05-04,3.697544608357737
FDP,2026-05-05,3.704532485488266
FDP,2026-05-06,3.7101830821694604
FDP,2026-05-07,3.7154312877847273
FDP,2026-05-08,3.721264210147288
FDP,2026-05-09,3.7274987623230054
FDP,2026-05-10,3.7339518573777415
FDP,2026-05-11,3.7404404083773604
FDP,2026-05-12,3.746781328387723
FDP,2026-05-13,3.752791530474695
FDP,2026-05-14,3.7582879277041377
FDP,2026-05-15,3.7630874331419144
FDP,2026-05-16,3.7678911990639405
FDP,2026-05-17,3.77347675715965
FDP,2026-05-18,3.779775589615179
FDP,2026-05-19,3.7867191786166656
FDP,2026-05-20,3.7942390063502476
FDP,2026-05-21,3.8022665550020625
FDP,2026-05-22,3.8107333067582485
FDP,2026-05-23,3.8195707438049427
FDP,2026-05-24,3.828710348328282
FDP,2026-05-25,3.8380836025144056
FDP,2026-05-26,3.8476219885494496
FDP,2026-05-27,3.857256988619553
FDP,2026-05-28,3.8669200849108516
FDP,2026-05-29,3.876542759609485
FDP,2026-05-30,3.884754496525634
FDP,2026-05-31,3.8911034315296575
FDP,2026-06-01,3.8968990248979622
FDP,2026-06-02,3.9034507369069527
FDP,2026-06-03,3.912068027833035
FDP,2026-06-04,3.921547375698961
FDP,2026-06-05,3.9299491497497603
FDP,2026-06-06,3.9374786470952556
FDP,2026-06-07,3.9443411648452664
FDP,2026-06-08,3.9507420001096167
FDP,2026-06-09,3.9568864499981258
FDP,2026-06-10,3.9629798116206176
FDP,2026-06-11,3.9692273820869133
FDP,2026-06-12,3.9758344585068346
FDP,2026-06-13,3.98279294861721
FDP,2026-06-14,3.989871362822977
FDP,2026-06-15,3.9969399022361234
FDP,2026-06-16,4.003868767968636
FDP,2026-06-17,4.010528161132502
FDP,2026-06-18,4.016788282839706
FDP,2026-06-19,4.022519334202238
FDP,2026-06-20,4.028336252440057
FDP,2026-06-21,4.034833618175139
FDP,2026-06-22,4.041851097622491
FDP,2026-06-23,4.049228356997124
FDP,2026-06-24,4.056805062514045
FDP,2026-06-25,4.064420880388265
FDP,2026-06-26,4.071915476834788
FDP,2026-06-27,4.079128518068626
FDP,2026-06-28,4.085899670304788
FDP,2026-06-29,4.092068599758281
FDP,2026-06-30,4.097474972644114
FDP,2026-07-01,4.101958455177294
FDP,2026-07-02,4.105938777740742
FDP,2026-07-03,4.109980353435466
FDP,2026-07-04,4.114139872553604
FDP,2026-07-05,4.118474025387299
FDP,2026-07-06,4.123039502228693
FDP,2026-07-07,4.127892993369925
FDP,2026-07-08,4.133091189103139
FDP,2026-07-09,4.1386907797204735
FDP,2026-07-10,4.144748455514071
FDP,2026-07-11,4.151320906776073
FDP,2026-07-12,4.158464823798619
FDP,2026-07-13,4.166236896873852
FDP,2026-07-14,4.174400358840439
FDP,2026-07-15,4.182763569383939
FDP,2026-07-16,4.191450909066839
FDP,2026-07-17,4.200586758451625
FDP,2026-07-18,4.21029549810078
FDP,2026-07-19,4.220701508576791
FDP,2026-07-20,4.2319291704421405
FDP,2026-07-21,4.243447855835156
FDP,2026-07-22,4.254652070812634
FDP,2026-07-23,4.265553896814767
FDP,2026-07-24,4.276165415281745
FDP,2026-07-25,4.286498707653758
FDP,2026-07-26,4.296565855370999
FDP,2026-07-27,4.306378939873659
FDP,2026-07-28,4.31595004260193
FDP,2026-07-29,4.325291244996001
FDP,2026-07-30,4.334414628496066
FDP,2026-07-31,4.343332274542315
FDP,2026-08-01,4.352056264574937
FDP,2026-08-02,4.360598680034127
FDP,2026-08-03,4.368307260933227
FDP,2026-08-04,4.37464268473291
FDP,2026-08-05,4.37978643904437
FDP,2026-08-06,4.383920011478795
FDP,2026-08-07,4.3872248896473724
FDP,2026-08-08,4.389882561161296
FDP,2026-08-09,4.392074513631754
FDP,2026-08-10,4.393982234669934
FDP,2026-08-11,4.395787211887031
FDP,2026-08-12,4.397670932894231
FDP,2026-08-13,4.399814885302725
FDP,2026-08-14,4.40288910258658
FDP,2026-08-15,4.407087302497734
FDP,2026-08-16,4.411876499064183
FDP,2026-08-17,4.41672370631392
FDP,2026-08-18,4.4210959382749415
FDP,2026-08-19,4.424460208975242
FDP,2026-08-20,4.426283532442817
FDP,2026-08-21,4.42603292270566
FDP,2026-08-22,4.424862829358524
FDP,2026-08-23,4.424132300503601
FDP,2026-08-24,4.4236152479300355
FDP,2026-08-25,4.42308558342698
FDP,2026-08-26,4.422317218783581
FDP,2026-08-27,4.421084065788989
FDP,2026-08-28,4.419160036232354
FDP,2026-08-29,4.416319041902821
FDP,2026-08-30,4.412334994589542
FDP,2026-08-31,4.406981806081666
FDP,2026-09-01,4.400207805980381
FDP,2026-09-02,4.392251939977804
FDP,2026-09-03,4.3833240439994805
FDP,2026-09-04,4.373633953970955
FDP,2026-09-05,4.363391505817767
FDP,2026-09-06,4.352806535465465
FDP,2026-09-07,4.34208887883959
FDP,2026-09-08,4.331448371865686
FDP,2026-09-09,4.321094850469299
FDP,2026-09-10,4.311238150575969
FDP,2026-09-11,4.302088108111242
FDP,2026-09-12,4.293315029798654
FDP,2026-09-13,4.28446511140517
FDP,2026-09-14,4.275562022421481
FDP,2026-09-15,4.266629432338275
FDP,2026-09-16,4.257691010646242
FDP,2026-09-17,4.248770426836068
FDP,2026-09-18,4.2398913503984454
FDP,2026-09-19,4.231068629565556
FDP,2026-09-20,4.22228696324835
FDP,2026-09-21,4.2135247969556735
FDP,2026-09-22,4.2047605761963736
FDP,2026-09-23,4.195972746479295
FDP,2026-09-24,4.187139753313281
FDP,2026-09-25,4.178240042207179
FDP,2026-09-26,4.169211489228881
FDP,2026-09-27,4.160022820833707
FDP,2026-09-28,4.150698758111635
FDP,2026-09-29,4.1412640221526456
FDP,2026-09-30,4.131743334046719
FDP,2026-10-01,4.122161414883836
FDP,2026-10-02,4.112542985753976
FDP,2026-10-03,4.102912767747118
FDP,2026-10-04,4.093295481953244
FDP,2026-10-05,4.083715849462333
Greens,2025-01-23,13.544165902699275
Greens,2025-01-24,13.518339809492572
Greens,2025-01-25,13.492505962526621
Greens,2025-01-26,13.4665399992446
Greens,2025-01-27,13.440317557089683
Greens,2025-01-28,13.413714273505045
Greens,2025-01-29,13.386605785933865
Greens,2025-01-30,13.359477053444035
Greens,2025-01-31,13.33269090829578
Greens,2025-02-01,13.305939797720772
Greens,2025-02-02,13.278916168950685
Greens,2025-02-03,13.251312469217194
Greens,2025-02-04,13.223164196060937
Greens,2025-02-05,13.19476908268081
Greens,2025-02-06,13.166212929795888
Greens,2025-02-07,13.137581538125238
Greens,2025-02-08,13.10935486373273
Greens,2025-02-09,13.081479970039542
Greens,2025-02-10,13.053243318800712
Greens,2025-02-11,13.023931371771281
Greens,2025-02-12,12.992830590706284
Greens,2025-02-13,12.959227437360756
Greens,2025-02-14,12.919193019391646
Greens,2025-02-15,12.870687010614857
Greens,2025-02-16,12.815828722023875
Greens,2025-02-17,12.756737464612186
Greens,2025-02-18,12.695532549373272
Greens,2025-02-19,12.625238660517462
Greens,2025-02-20,12.550835397317602
Greens,2025-02-21,12.483641022866735
Greens,2025-02-22,12.421104219181643
Greens,2025-02-23,12.362472298235193
Greens,2025-02-24,12.306992572000249
Greens,2025-02-25,12.253912352449674
Greens,2025-02-26,12.202478951556337
Greens,2025-02-27,12.1519396812931
Greens,2025-02-28,12.101541853632828
Greens,2025-03-01,12.050532780548389
Greens,2025-03-02,11.998159774012644
Greens,2025-03-03,11.943670145998462
Greens,2025-03-04,11.89820117668583
Greens,2025-03-05,11.870093094319104
Greens,2025-03-06,11.8543976329677
Greens,2025-03-07,11.846166526701039
Greens,2025-03-08,11.84045150958853
Greens,2025-03-09,11.832304315699599
Greens,2025-03-10,11.816776679103652
Greens,2025-03-11,11.794703100442401
Greens,2025-03-12,11.770800993636238
Greens,2025-03-13,11.74594646267261
Greens,2025-03-14,11.72101561153896
Greens,2025-03-15,11.696884544222733
Greens,2025-03-16,11.674429364711383
Greens,2025-03-17,11.654526176992352
Greens,2025-03-18,11.638051085053084
Greens,2025-03-19,11.625880192881027
Greens,2025-03-20,11.618889604463627
Greens,2025-03-21,11.617955423788333
Greens,2025-03-22,11.619559314542865
Greens,2025-03-23,11.619726083072337
Greens,2025-03-24,11.61864654735026
Greens,2025-03-25,11.616511525350157
Greens,2025-03-26,11.613511835045543
Greens,2025-03-27,11.60983829440994
Greens,2025-03-28,11.605681721416865
Greens,2025-03-29,11.601232934039837
Greens,2025-03-30,11.596682750252372
Greens,2025-03-31,11.592221988027996
Greens,2025-04-01,11.588041465340218
Greens,2025-04-02,11.584332000162561
Greens,2025-04-03,11.58229559180117
Greens,2025-04-04,11.582417056313664
Greens,2025-04-05,11.583811436800783
Greens,2025-04-06,11.585593776363261
Greens,2025-04-07,11.586879118101828
Greens,2025-04-08,11.586782505117226
Greens,2025-04-09,11.584418980510192
Greens,2025-04-10,11.578903587381452
Greens,2025-04-11,11.570755755266266
Greens,2025-04-12,11.561292929360503
Greens,2025-04-13,11.55082717625583
Greens,2025-04-14,11.539670562543918
Greens,2025-04-15,11.52813515481643
Greens,2025-04-16,11.516533019665044
Greens,2025-04-17,11.505176223681417
Greens,2025-04-18,11.49437683345722
Greens,2025-04-19,11.484446915584126
Greens,2025-04-20,11.475698536653798
Greens,2025-04-21,11.468443763257904
Greens,2025-04-22,11.462994661988114
Greens,2025-04-23,11.457907531213465
Greens,2025-04-24,11.451757851651719
Greens,2025-04-25,11.444886463417642
Greens,2025-04-26,11.437634206625994
Greens,2025-04-27,11.430341921391534
Greens,2025-04-28,11.423350447829028
Greens,2025-04-29,11.417000626053234
Greens,2025-04-30,11.411633296178916
Greens,2025-05-01,11.40730448092533
Greens,2025-05-02,11.403644759313979
Greens,2025-05-03,11.400356805913
Greens,2025-05-04,11.39714329529054
Greens,2025-05-05,11.39370690201473
Greens,2025-05-06,11.389750300653711
Greens,2025-05-07,11.384976165775617
Greens,2025-05-08,11.379087171948594
Greens,2025-05-09,11.371785993740774
Greens,2025-05-10,11.362775305720298
Greens,2025-05-11,11.353806335204842
Greens,2025-05-12,11.346328287892716
Greens,2025-05-13,11.339590805923008
Greens,2025-05-14,11.332843531434808
Greens,2025-05-15,11.325336106567207
Greens,2025-05-16,11.316318173459287
Greens,2025-05-17,11.306693890251362
Greens,2025-05-18,11.297860779811481
Greens,2025-05-19,11.289808531370337
Greens,2025-05-20,11.282526834158647
Greens,2025-05-21,11.276005377407094
Greens,2025-05-22,11.270233850346395
Greens,2025-05-23,11.26520194220724
Greens,2025-05-24,11.260899342220338
Greens,2025-05-25,11.257315739616384
Greens,2025-05-26,11.254440823626085
Greens,2025-05-27,11.252587622687308
Greens,2025-05-28,11.251994924659673
Greens,2025-05-29,11.252541057906502
Greens,2025-05-30,11.254104350791115
Greens,2025-05-31,11.256563131676833
Greens,2025-06-01,11.259795728926981
Greens,2025-06-02,11.26368047090488
Greens,2025-06-03,11.268095685973849
Greens,2025-06-04,11.272919702497216
Greens,2025-06-05,11.278030848838293
Greens,2025-06-06,11.283307453360411
Greens,2025-06-07,11.288398687098912
Greens,2025-06-08,11.293148192021986
Greens,2025-06-09,11.297726002892226
Greens,2025-06-10,11.302302154472224
Greens,2025-06-11,11.30704668152457
Greens,2025-06-12,11.312129618811857
Greens,2025-06-13,11.317721001096675
Greens,2025-06-14,11.323990863141617
Greens,2025-06-15,11.331109239709269
Greens,2025-06-16,11.339246165562233
Greens,2025-06-17,11.347114141512474
Greens,2025-06-18,11.353471962499412
Greens,2025-06-19,11.358559104476818
Greens,2025-06-20,11.362615043398451
Greens,2025-06-21,11.365879255218074
Greens,2025-06-22,11.368591215889454
Greens,2025-06-23,11.370990401366356
Greens,2025-06-24,11.373316287602538
Greens,2025-06-25,11.375808350551774
Greens,2025-06-26,11.378706066167815
Greens,2025-06-27,11.382248910404439
Greens,2025-06-28,11.385952880205878
Greens,2025-06-29,11.389153444796118
Greens,2025-06-30,11.391819288548549
Greens,2025-07-01,11.393919095836546
Greens,2025-07-02,11.395421551033504
Greens,2025-07-03,11.396295338512797
Greens,2025-07-04,11.396509142647817
Greens,2025-07-05,11.396031647811942
Greens,2025-07-06,11.395727179564327
Greens,2025-07-07,11.396331481574693
Greens,2025-07-08,11.39762036538228
Greens,2025-07-09,11.39936964252633
Greens,2025-07-10,11.401355124546074
Greens,2025-07-11,11.40335262298076
Greens,2025-07-12,11.405137949369621
Greens,2025-07-13,11.4064869152519
Greens,2025-07-14,11.407175332166833
Greens,2025-07-15,11.406979011653661
Greens,2025-07-16,11.405673765251624
Greens,2025-07-17,11.403963217587911
Greens,2025-07-18,11.402667912522702
Greens,2025-07-19,11.401739040444713
Greens,2025-07-20,11.401127791742663
Greens,2025-07-21,11.40078535680527
Greens,2025-07-22,11.400662926021255
Greens,2025-07-23,11.400711689779337
Greens,2025-07-24,11.40088283846823
Greens,2025-07-25,11.401127562476653
Greens,2025-07-26,11.401397052193326
Greens,2025-07-27,11.40164249800697
Greens,2025-07-28,11.401815090306298
Greens,2025-07-29,11.40117849307651
Greens,2025-07-30,11.399208203747994
Greens,2025-07-31,11.396173162877265
Greens,2025-08-01,11.39234231102083
Greens,2025-08-02,11.387984588735195
Greens,2025-08-03,11.383368936576877
Greens,2025-08-04,11.378764295102384
Greens,2025-08-05,11.374439604868222
Greens,2025-08-06,11.37066380643091
Greens,2025-08-07,11.367705840346948
Greens,2025-08-08,11.365834647172855
Greens,2025-08-09,11.364488389946104
Greens,2025-08-10,11.36290852179079
Greens,2025-08-11,11.361068918393372
Greens,2025-08-12,11.358943455440299
Greens,2025-08-13,11.356506008618016
Greens,2025-08-14,11.353730453612977
Greens,2025-08-15,11.350590666111628
Greens,2025-08-16,11.347613739462712
Greens,2025-08-17,11.34524813265038
Greens,2025-08-18,11.343349769814187
Greens,2025-08-19,11.341774575093707
Greens,2025-08-20,11.3403784726285
Greens,2025-08-21,11.33901738655813
Greens,2025-08-22,11.337547241022165
Greens,2025-08-23,11.335823960160164
Greens,2025-08-24,11.333703468111697
Greens,2025-08-25,11.331041689016324
Greens,2025-08-26,11.327694547013614
Greens,2025-08-27,11.323517966243125
Greens,2025-08-28,11.318367870844424
Greens,2025-08-29,11.31210018495708
Greens,2025-08-30,11.305832582074675
Greens,2025-08-31,11.300714776790828
Greens,2025-09-01,11.296650754895152
Greens,2025-09-02,11.293544502177257
Greens,2025-09-03,11.291300004426754
Greens,2025-09-04,11.289821247433252
Greens,2025-09-05,11.28901221698637
Greens,2025-09-06,11.288776898875714
Greens,2025-09-07,11.289019278890896
Greens,2025-09-08,11.289005331547301
Greens,2025-09-09,11.28841800548072
Greens,2025-09-10,11.287786747661373
Greens,2025-09-11,11.287641005059475
Greens,2025-09-12,11.28851022464525
Greens,2025-09-13,11.290923853388916
Greens,2025-09-14,11.295411338260692
Greens,2025-09-15,11.302502126230797
Greens,2025-09-16,11.310751660325222
Greens,2025-09-17,11.318435411439992
Greens,2025-09-18,11.325662868350395
Greens,2025-09-19,11.332543519831706
Greens,2025-09-20,11.3391868546592
Greens,2025-09-21,11.345702361608165
Greens,2025-09-22,11.352199529453875
Greens,2025-09-23,11.35878784697161
Greens,2025-09-24,11.365576802936651
Greens,2025-09-25,11.372675886124274
Greens,2025-09-26,11.380194585309765
Greens,2025-09-27,11.38727818997663
Greens,2025-09-28,11.39325361276311
Greens,2025-09-29,11.398502777176562
Greens,2025-09-30,11.403407606724357
Greens,2025-10-01,11.408350024913856
Greens,2025-10-02,11.41371195525242
Greens,2025-10-03,11.419430581163923
Greens,2025-10-04,11.425153494392031
Greens,2025-10-05,11.430828230923801
Greens,2025-10-06,11.436402326746295
Greens,2025-10-07,11.441823317846572
Greens,2025-10-08,11.447038740211687
Greens,2025-10-09,11.451996129828702
Greens,2025-10-10,11.456643022684672
Greens,2025-10-11,11.46127587592153
Greens,2025-10-12,11.466174713449613
Greens,2025-10-13,11.471262421408579
Greens,2025-10-14,11.476461885938095
Greens,2025-10-15,11.48169599317783
Greens,2025-10-16,11.486887629267441
Greens,2025-10-17,11.491959680346602
Greens,2025-10-18,11.496835032554966
Greens,2025-10-19,11.501436572032201
Greens,2025-10-20,11.50568718491798
Greens,2025-10-21,11.509509757351953
Greens,2025-10-22,11.512827175473797
Greens,2025-10-23,11.515562325423167
Greens,2025-10-24,11.517638093339734
Greens,2025-10-25,11.51892171546491
Greens,2025-10-26,11.519438531892392
Greens,2025-10-27,11.519348584540278
Greens,2025-10-28,11.518811915326648
Greens,2025-10-29,11.517988566169596
Greens,2025-10-30,11.517038578987208
Greens,2025-10-31,11.516121995697578
Greens,2025-11-01,11.515398858218791
Greens,2025-11-02,11.515029208468938
Greens,2025-11-03,11.515173088366108
Greens,2025-11-04,11.515990539828392
Greens,2025-11-05,11.517255219596708
Greens,2025-11-06,11.518622625004838
Greens,2025-11-07,11.520075558860153
Greens,2025-11-08,11.521596823970043
Greens,2025-11-09,11.52316922314188
Greens,2025-11-10,11.524775559183043
Greens,2025-11-11,11.526398634900914
Greens,2025-11-12,11.528021253102871
Greens,2025-11-13,11.529626216596288
Greens,2025-11-14,11.531196328188551
Greens,2025-11-15,11.533201367342967
Greens,2025-11-16,11.536049410685454
Greens,2025-11-17,11.539630706767298
Greens,2025-11-18,11.543835504139787
Greens,2025-11-19,11.548554051354209
Greens,2025-11-20,11.553676596961852
Greens,2025-11-21,11.559093389514006
Greens,2025-11-22,11.564694677561954
Greens,2025-11-23,11.57037070965699
Greens,2025-11-24,11.576011734350399
Greens,2025-11-25,11.581508000193466
Greens,2025-11-26,11.58674975573748
Greens,2025-11-27,11.591627249533733
Greens,2025-11-28,11.59603073013351
Greens,2025-11-29,11.60031941261502
Greens,2025-11-30,11.60491830248429
Greens,2025-12-01,11.609816333934335
Greens,2025-12-02,11.615002441158182
Greens,2025-12-03,11.620465558348839
Greens,2025-12-04,11.626194619699325
Greens,2025-12-05,11.632178559402659
Greens,2025-12-06,11.638517827075354
Greens,2025-12-07,11.64533710026733
Greens,2025-12-08,11.652661655071702
Greens,2025-12-09,11.6605167675816
Greens,2025-12-10,11.668927713890135
Greens,2025-12-11,11.677919770090433
Greens,2025-12-12,11.687518212275615
Greens,2025-12-13,11.697748316538801
Greens,2025-12-14,11.708635358973112
Greens,2025-12-15,11.720204615671669
Greens,2025-12-16,11.73189443285092
Greens,2025-12-17,11.743121953852702
Greens,2025-12-18,11.753880650458225
Greens,2025-12-19,11.764163994448685
Greens,2025-12-20,11.773965457605298
Greens,2025-12-21,11.78327851170926
Greens,2025-12-22,11.792096628541787
Greens,2025-12-23,11.800413279884072
Greens,2025-12-24,11.808221937517327
Greens,2025-12-25,11.815516073222755
Greens,2025-12-26,11.822289158781564
Greens,2025-12-27,11.828534665974953
Greens,2025-12-28,11.83424606658413
Greens,2025-12-29,11.839416832390308
Greens,2025-12-30,11.844040435174678
Greens,2025-12-31,11.848110346718459
Greens,2026-01-01,11.851620038802846
Greens,2026-01-02,11.85456298320905
Greens,2026-01-03,11.856932651718271
Greens,2026-01-04,11.858722516111722
Greens,2026-01-05,11.859926048170598
Greens,2026-01-06,11.860536719676114
Greens,2026-01-07,11.860548002409468
Greens,2026-01-08,11.862030210679634
Greens,2026-01-09,11.865950800031687
Greens,2026-01-10,11.870648954100979
Greens,2026-01-11,11.874463856522873
Greens,2026-01-12,11.87573469093272
Greens,2026-01-13,11.872800640965883
Greens,2026-01-14,11.867755891565471
Greens,2026-01-15,11.863588916210562
Greens,2026-01-16,11.859980331340449
Greens,2026-01-17,11.856610753394444
Greens,2026-01-18,11.853160798811833
Greens,2026-01-19,11.849311084031932
Greens,2026-01-20,11.844742225494027
Greens,2026-01-21,11.839134839637428
Greens,2026-01-22,11.832169542901433
Greens,2026-01-23,11.823526951725343
Greens,2026-01-24,11.814638780305557
Greens,2026-01-25,11.807019191390852
Greens,2026-01-26,11.800472474249084
Greens,2026-01-27,11.794802918148122
Greens,2026-01-28,11.789814812355823
Greens,2026-01-29,11.785312446140052
Greens,2026-01-30,11.781100108768673
Greens,2026-01-31,11.776982089509541
Greens,2026-02-01,11.772762677630524
Greens,2026-02-02,11.768246162399485
Greens,2026-02-03,11.763236833084278
Greens,2026-02-04,11.757538978952772
Greens,2026-02-05,11.751183206378474
Greens,2026-02-06,11.744529708862123
Greens,2026-02-07,11.737877156362407
Greens,2026-02-08,11.731524218838022
Greens,2026-02-09,11.725769566247658
Greens,2026-02-10,11.720911868550017
Greens,2026-02-11,11.717249795703788
Greens,2026-02-12,11.715082017667665
Greens,2026-02-13,11.714707204400346
Greens,2026-02-14,11.71614981341751
Greens,2026-02-15,11.719166133783279
Greens,2026-02-16,11.723652582778989
Greens,2026-02-17,11.729505577685995
Greens,2026-02-18,11.736621535785636
Greens,2026-02-19,11.744896874359261
Greens,2026-02-20,11.754228010688212
Greens,2026-02-21,11.764511362053836
Greens,2026-02-22,11.775643345737478
Greens,2026-02-23,11.787520379020483
Greens,2026-02-24,11.800038879184198
Greens,2026-02-25,11.813095263509965
Greens,2026-02-26,11.826585949279131
Greens,2026-02-27,11.84040735377304
Greens,2026-02-28,11.85547186684988
Greens,2026-03-01,11.872588622476604
Greens,2026-03-02,11.891499154097705
Greens,2026-03-03,11.911944995157683
Greens,2026-03-04,11.93366767910103
Greens,2026-03-05,11.956408739372241
Greens,2026-03-06,11.97990970941581
Greens,2026-03-07,12.003912122676242
Greens,2026-03-08,12.028157512598018
Greens,2026-03-09,12.052387412625643
Greens,2026-03-10,12.077323284119243
Greens,2026-03-11,12.103794023189495
Greens,2026-03-12,12.131702315406715
Greens,2026-03-13,12.16095084634121
Greens,2026-03-14,12.191442301563301
Greens,2026-03-15,12.2230793666433
Greens,2026-03-16,12.255764727151524
Greens,2026-03-17,12.28940106865828
Greens,2026-03-18,12.323891076733892
Greens,2026-03-19,12.359137436948664
Greens,2026-03-20,12.39504283487292
Greens,2026-03-21,12.431073458894142
Greens,2026-03-22,12.466791173824491
Greens,2026-03-23,12.502242179871303
Greens,2026-03-24,12.537472677241892
Greens,2026-03-25,12.572528866143594
Greens,2026-03-26,12.607456946783731
Greens,2026-03-27,12.64230311936963
Greens,2026-03-28,12.67711358410862
Greens,2026-03-29,12.711934541208024
Greens,2026-03-30,12.746812190875172
Greens,2026-03-31,12.781792733317388
Greens,2026-04-01,12.816922368742
Greens,2026-04-02,12.852247297356335
Greens,2026-04-03,12.887813719367719
Greens,2026-04-04,12.923667834983478
Greens,2026-04-05,12.959855844410935
Greens,2026-04-06,12.996423947857423
Greens,2026-04-07,13.033418345530265
Greens,2026-04-08,13.069587421991033
Greens,2026-04-09,13.103869747474324
Greens,2026-04-10,13.136596800697014
Greens,2026-04-11,13.168100060375975
Greens,2026-04-12,13.198711005228082
Greens,2026-04-13,13.228761113970203
Greens,2026-04-14,13.258581865319217
Greens,2026-04-15,13.288504737991994
Greens,2026-04-16,13.318861210705409
Greens,2026-04-17,13.350317179802737
Greens,2026-04-18,13.383024896516773
Greens,2026-04-19,13.416545371898673
Greens,2026-04-20,13.450439616999587
Greens,2026-04-21,13.484268642870664
Greens,2026-04-22,13.517593460563061
Greens,2026-04-23,13.549975081127924
Greens,2026-04-24,13.580974515616408
Greens,2026-04-25,13.610152775079666
Greens,2026-04-26,13.637070870568845
Greens,2026-04-27,13.6612898131351
Greens,2026-04-28,13.684623481655882
Greens,2026-04-29,13.708888872976193
Greens,2026-04-30,13.73365167509852
Greens,2026-05-01,13.758477576025344
Greens,2026-05-02,13.78293226375915
Greens,2026-05-03,13.806581426302422
Greens,2026-05-04,13.828990751657644
Greens,2026-05-05,13.849725927827302
Greens,2026-05-06,13.868352642813877
Greens,2026-05-07,13.885309613450612
Greens,2026-05-08,13.901455011006696
Greens,2026-05-09,13.916983705138534
Greens,2026-05-10,13.932090565502529
Greens,2026-05-11,13.946970461755082
Greens,2026-05-12,13.961818263552603
Greens,2026-05-13,13.976828840551493
Greens,2026-05-14,13.992197062408156
Greens,2026-05-15,14.008117798778997
Greens,2026-05-16,14.023409452190085
Greens,2026-05-17,14.036846234911662
Greens,2026-05-18,14.048556731216374
Greens,2026-05-19,14.058669525376885
Greens,2026-05-20,14.067313201665847
Greens,2026-05-21,14.074616344355913
Greens,2026-05-22,14.080707537719746
Greens,2026-05-23,14.085715366029996
Greens,2026-05-24,14.089768413559318
Greens,2026-05-25,14.092995264580368
Greens,2026-05-26,14.095524503365803
Greens,2026-05-27,14.097484714188276
Greens,2026-05-28,14.09900448132044
Greens,2026-05-29,14.10021238903496
Greens,2026-05-30,14.102560533967115
Greens,2026-05-31,14.106295525991065
Greens,2026-06-01,14.109737719237785
Greens,2026-06-02,14.111207467838252
Greens,2026-06-03,14.109025125923429
Greens,2026-06-04,14.105562373463027
Greens,2026-06-05,14.103821350963521
Greens,2026-06-06,14.103068103361036
Greens,2026-06-07,14.102568675591694
Greens,2026-06-08,14.101589112591626
Greens,2026-06-09,14.099395459296952
Greens,2026-06-10,14.095253760643802
Greens,2026-06-11,14.0884300615683
Greens,2026-06-12,14.078190407006572
Greens,2026-06-13,14.066768682102548
Greens,2026-06-14,14.056576601183348
Greens,2026-06-15,14.047146952959901
Greens,2026-06-16,14.038012526143126
Greens,2026-06-17,14.028706109443945
Greens,2026-06-18,14.018760491573278
Greens,2026-06-19,14.007708461242046
Greens,2026-06-20,13.995834476824419
Greens,2026-06-21,13.98382303504701
Greens,2026-06-22,13.971806982149404
Greens,2026-06-23,13.959919164371202
Greens,2026-06-24,13.948292427951989
Greens,2026-06-25,13.937059619131363
Greens,2026-06-26,13.92635358414891
Greens,2026-06-27,13.916307169244218
Greens,2026-06-28,13.907053220656888
Greens,2026-06-29,13.898724584626505
Greens,2026-06-30,13.89145410739266
Greens,2026-07-01,13.885374635194948
Greens,2026-07-02,13.881192286501197
Greens,2026-07-03,13.879351429809455
Greens,2026-07-04,13.879592286404641
Greens,2026-07-05,13.881655077571686
Greens,2026-07-06,13.885280024595502
Greens,2026-07-07,13.89020734876102
Greens,2026-07-08,13.89617727135316
Greens,2026-07-09,13.90293001365684
Greens,2026-07-10,13.910205796956983
Greens,2026-07-11,13.917744842538518
Greens,2026-07-12,13.925287371686357
Greens,2026-07-13,13.93257360568543
Greens,2026-07-14,13.938982755304709
Greens,2026-07-15,13.944332449887069
Greens,2026-07-16,13.949020538578313
Greens,2026-07-17,13.953444870524232
Greens,2026-07-18,13.958003294870613
Greens,2026-07-19,13.963093660763247
Greens,2026-07-20,13.969113817347933
Greens,2026-07-21,13.975096412549538
Greens,2026-07-22,13.97996063953265
Greens,2026-07-23,13.983934165302626
Greens,2026-07-24,13.987244656864833
Greens,2026-07-25,13.990119781224632
Greens,2026-07-26,13.99278720538738
Greens,2026-07-27,13.995474596358441
Greens,2026-07-28,13.998409621143178
Greens,2026-07-29,14.001819946746952
Greens,2026-07-30,14.005933240175123
Greens,2026-07-31,14.010977168433056
Greens,2026-08-01,14.017179398526109
Greens,2026-08-02,14.024767597459642
Greens,2026-08-03,14.033712434487478
Greens,2026-08-04,14.043652621230835
Greens,2026-08-05,14.054317888246173
Greens,2026-08-06,14.065437966089943
Greens,2026-08-07,14.076742585318602
Greens,2026-08-08,14.087961476488612
Greens,2026-08-09,14.098824370156422
Greens,2026-08-10,14.109060996878492
Greens,2026-08-11,14.11840108721128
Greens,2026-08-12,14.126574371711241
Greens,2026-08-13,14.133310580934833
Greens,2026-08-14,14.139271963707785
Greens,2026-08-15,14.145279140758781
Greens,2026-08-16,14.151299400498702
Greens,2026-08-17,14.157300031338425
Greens,2026-08-18,14.163248321688837
Greens,2026-08-19,14.169111559960815
Greens,2026-08-20,14.174857034565239
Greens,2026-08-21,14.180452033912994
Greens,2026-08-22,14.185942291255882
Greens,2026-08-23,14.191545383408071
Greens,2026-08-24,14.197486364123966
Greens,2026-08-25,14.203990287157996
Greens,2026-08-26,14.211282206264565
Greens,2026-08-27,14.219587175198098
Greens,2026-08-28,14.229130247713
Greens,2026-08-29,14.240136477563697
Greens,2026-08-30,14.252830918504598
Greens,2026-08-31,14.267438624290122
Greens,2026-09-01,14.284814544320515
Greens,2026-09-02,14.30530915225358
Greens,2026-09-03,14.328390788230063
Greens,2026-09-04,14.353527792390711
Greens,2026-09-05,14.380188504876262
Greens,2026-09-06,14.407841265827471
Greens,2026-09-07,14.43595441538508
Greens,2026-09-08,14.463996293689833
Greens,2026-09-09,14.491435240882481
Greens,2026-09-10,14.51773959710376
Greens,2026-09-11,14.542377702494425
Greens,2026-09-12,14.566643298829401
Greens,2026-09-13,14.59195912771357
Greens,2026-09-14,14.61798702903263
Greens,2026-09-15,14.644388842672267
Greens,2026-09-16,14.67082640851817
Greens,2026-09-17,14.69696156645603
Greens,2026-09-18,14.722456156371532
Greens,2026-09-19,14.747903993087174
Greens,2026-09-20,14.773987249543755
Greens,2026-09-21,14.800500302804421
Greens,2026-09-22,14.827237529932331
Greens,2026-09-23,14.85399330799062
Greens,2026-09-24,14.880562014042445
Greens,2026-09-25,14.906738025150949
Greens,2026-09-26,14.933046054777211
Greens,2026-09-27,14.960073576491888
Greens,2026-09-28,14.987709107522496
Greens,2026-09-29,15.015841165096557
Greens,2026-09-30,15.044358266441582
Greens,2026-10-01,15.073148928785091
Greens,2026-10-02,15.102101669354608
Greens,2026-10-03,15.131105005377641
Greens,2026-10-04,15.160047454081717
Greens,2026-10-05,15.188817532694344
Left,2025-01-23,3.7878037842785495
Left,2025-01-24,3.9091391608414443
Left,2025-01-25,4.030527211303864
Left,2025-01-26,4.152268834512544
Left,2025-01-27,4.274664929314214
Left,2025-01-28,4.3980163945556106
Left,2025-01-29,4.522624129083465
Left,2025-01-30,4.647183088199455
Left,2025-01-31,4.770755105176128
Left,2025-02-01,4.894191395816527
Left,2025-02-02,5.018343175923697
Left,2025-02-03,5.144061661300679
Left,2025-02-04,5.269195725421531
Left,2025-02-05,5.392595691661755
Left,2025-02-06,5.516614950676559
Left,2025-02-07,5.6436068931211585
Left,2025-02-08,5.771269701978217
Left,2025-02-09,5.896960514358752
Left,2025-02-10,6.022521152110509
Left,2025-02-11,6.149793437081231
Left,2025-02-12,6.280619191118662
Left,2025-02-13,6.416840236070545
Left,2025-02-14,6.558708789326407
Left,2025-02-15,6.704463996163484
Left,2025-02-16,6.852928070261096
Left,2025-02-17,7.0029232252985585
Left,2025-02-18,7.153271674955188
Left,2025-02-19,7.309968917764878
Left,2025-02-20,7.468673246762682
Left,2025-02-21,7.618636426875448
Left,2025-02-22,7.761011661072108
Left,2025-02-23,7.896967511846848
Left,2025-02-24,8.027672541693848
Left,2025-02-25,8.154295313107289
Left,2025-02-26,8.278004388581357
Left,2025-02-27,8.399968330610234
Left,2025-02-28,8.521355701688101
Left,2025-03-01,8.643335064309145
Left,2025-03-02,8.76707498096754
Left,2025-03-03,8.893744014157477
Left,2025-03-04,9.008912611469615
Left,2025-03-05,9.101737381231434
Left,2025-03-06,9.178766127042342
Left,2025-03-07,9.246546652501754
Left,2025-03-08,9.311626761209073
Left,2025-03-09,9.38055425676371
Left,2025-03-10,9.459876942765078
Left,2025-03-11,9.544754836237626
Left,2025-03-12,9.625619245418692
Left,2025-03-13,9.70192491072701
Left,2025-03-14,9.773126572581308
Left,2025-03-15,9.83867897140032
Left,2025-03-16,9.898036847602777
Left,2025-03-17,9.95065494160741
Left,2025-03-18,9.995987993832953
Left,2025-03-19,10.033490744698135
Left,2025-03-20,10.06261793462169
Left,2025-03-21,10.082824304022344
Left,2025-03-22,10.09691806193045
Left,2025-03-23,10.108209845182605
Left,2025-03-24,10.116908035906894
Left,2025-03-25,10.123221016231417
Left,2025-03-26,10.127357168284268
Left,2025-03-27,10.129524874193542
Left,2025-03-28,10.129932516087337
Left,2025-03-29,10.128788476093744
Left,2025-03-30,10.126301136340858
Left,2025-03-31,10.122678878956776
Left,2025-04-01,10.118130086069591
Left,2025-04-02,10.112863139807398
Left,2025-04-03,10.108158830915224
Left,2025-04-04,10.10478830966103
Left,2025-04-05,10.102195497457313
Left,2025-04-06,10.09982431571657
Left,2025-04-07,10.097118685851303
Left,2025-04-08,10.093522529274011
Left,2025-04-09,10.088479767397192
Left,2025-04-10,10.081434321633344
Left,2025-04-11,10.07361614271696
Left,2025-04-12,10.066568909056578
Left,2025-04-13,10.06020713357576
Left,2025-04-14,10.054445329198083
Left,2025-04-15,10.049198008847107
Left,2025-04-16,10.044379685446403
Left,2025-04-17,10.039904871919536
Left,2025-04-18,10.035688081190075
Left,2025-04-19,10.03164382618159
Left,2025-04-20,10.027686619817644
Left,2025-04-21,10.023730975021802
Left,2025-04-22,10.019691404717639
Left,2025-04-23,10.01580702696013
Left,2025-04-24,10.012472922373654
Left,2025-04-25,10.009837547735874
Left,2025-04-26,10.008049359824449
Left,2025-04-27,10.007256815417046
Left,2025-04-28,10.007608371291326
Left,2025-04-29,10.009252484224946
Left,2025-04-30,10.012337610995578
Left,2025-05-01,10.01633217375131
Left,2025-05-02,10.020724466794043
Left,2025-05-03,10.025692755132141
Left,2025-05-04,10.031415303773977
Left,2025-05-05,10.038070377727914
Left,2025-05-06,10.045836242002322
Left,2025-05-07,10.054891161605566
Left,2025-05-08,10.065413401546015
Left,2025-05-09,10.077581226832036
Left,2025-05-10,10.091572902472
Left,2025-05-11,10.10555499750674
Left,2025-05-12,10.118038661211438
Left,2025-05-13,10.129719028945997
Left,2025-05-14,10.141291236070312
Left,2025-05-15,10.15345041794428
Left,2025-05-16,10.166891709927791
Left,2025-05-17,10.179749113808011
Left,2025-05-18,10.190005927380719
Left,2025-05-19,10.198131230018733
Left,2025-05-20,10.20459410109489
Left,2025-05-21,10.209863619982006
Left,2025-05-22,10.214408866052914
Left,2025-05-23,10.21869891868043
Left,2025-05-24,10.223202857237387
Left,2025-05-25,10.228389761096604
Left,2025-05-26,10.234728709630915
Left,2025-05-27,10.240971295562668
Left,2025-05-28,10.245654368391264
Left,2025-05-29,10.248924892655099
Left,2025-05-30,10.250929832892558
Left,2025-05-31,10.25181615364203
Left,2025-06-01,10.251730819441912
Left,2025-06-02,10.250820794830588
Left,2025-06-03,10.249233044346454
Left,2025-06-04,10.247114532527897
Left,2025-06-05,10.244612223913306
Left,2025-06-06,10.241873083041076
Left,2025-06-07,10.241108376603393
Left,2025-06-08,10.24389159269607
Left,2025-06-09,10.249413027962918
Left,2025-06-10,10.256862979047765
Left,2025-06-11,10.26543174259443
Left,2025-06-12,10.274309615246732
Left,2025-06-13,10.28268689364849
Left,2025-06-14,10.289753874443528
Left,2025-06-15,10.29470085427566
Left,2025-06-16,10.296718129788712
Left,2025-06-17,10.297827019592601
Left,2025-06-18,10.300510273268552
Left,2025-06-19,10.304650333917346
Left,2025-06-20,10.310129644639753
Left,2025-06-21,10.31683064853655
Left,2025-06-22,10.324635788708518
Left,2025-06-23,10.33342750825643
Left,2025-06-24,10.343088250281061
Left,2025-06-25,10.353500457883193
Left,2025-06-26,10.364546574163596
Left,2025-06-27,10.37610904222305
Left,2025-06-28,10.38615834749159
Left,2025-06-29,10.393477813320821
Left,2025-06-30,10.399169139693871
Left,2025-07-01,10.404334026593874
Left,2025-07-02,10.410074174003954
Left,2025-07-03,10.417491281907244
Left,2025-07-04,10.427687050286874
Left,2025-07-05,10.441763179125969
Left,2025-07-06,10.45676574994705
Left,2025-07-07,10.469235825624898
Left,2025-07-08,10.479517578171055
Left,2025-07-09,10.487955179597058
Left,2025-07-10,10.494892801914439
Left,2025-07-11,10.500674617134743
Left,2025-07-12,10.5056447972695
Left,2025-07-13,10.510147514330251
Left,2025-07-14,10.51452694032853
Left,2025-07-15,10.519127247275875
Left,2025-07-16,10.524292607183828
Left,2025-07-17,10.530101127184764
Left,2025-07-18,10.536259884332313
Left,2025-07-19,10.542556505519867
Left,2025-07-20,10.548778617640837
Left,2025-07-21,10.554713847588607
Left,2025-07-22,10.560149822256593
Left,2025-07-23,10.56487416853818
Left,2025-07-24,10.568674513326775
Left,2025-07-25,10.571338483515776
Left,2025-07-26,10.572653705998583
Left,2025-07-27,10.572407807668592
Left,2025-07-28,10.570388415419204
Left,2025-07-29,10.56831892814607
Left,2025-07-30,10.567890184937497
Left,2025-07-31,10.568840972975877
Left,2025-08-01,10.570910079443603
Left,2025-08-02,10.573836291523067
Left,2025-08-03,10.577358396396658
Left,2025-08-04,10.58121518124677
Left,2025-08-05,10.585145433255795
Left,2025-08-06,10.588887939606122
Left,2025-08-07,10.592181487480145
Left,2025-08-08,10.594764864060254
Left,2025-08-09,10.597099480211163
Left,2025-08-10,10.599927336437089
Left,2025-08-11,10.603408104379678
Left,2025-08-12,10.607701455680584
Left,2025-08-13,10.612967061981447
Left,2025-08-14,10.619364594923923
Left,2025-08-15,10.627053726149652
Left,2025-08-16,10.634962146009105
Left,2025-08-17,10.64206580064291
Left,2025-08-18,10.648596745377958
Left,2025-08-19,10.654787035541137
Left,2025-08-20,10.660868726459345
Left,2025-08-21,10.667073873459472
Left,2025-08-22,10.673634531868414
Left,2025-08-23,10.680782757013056
Left,2025-08-24,10.688750604220296
Left,2025-08-25,10.697770128817023
Left,2025-08-26,10.70807338613013
Left,2025-08-27,10.719892431486512
Left,2025-08-28,10.733459320213056
Left,2025-08-29,10.74900610763666
Left,2025-08-30,10.765562216909728
Left,2025-08-31,10.781913476849525
Left,2025-09-01,10.79792655128022
Left,2025-09-02,10.81346810402599
Left,2025-09-03,10.828404798911002
Left,2025-09-04,10.842603299759435
Left,2025-09-05,10.85593027039546
Left,2025-09-06,10.868252374643246
Left,2025-09-07,10.879436276326972
Left,2025-09-08,10.89069354884775
Left,2025-09-09,10.902967618305205
Left,2025-09-10,10.915722927571272
Left,2025-09-11,10.928423919517883
Left,2025-09-12,10.940535037016975
Left,2025-09-13,10.951520722940483
Left,2025-09-14,10.960845420160341
Left,2025-09-15,10.967973571548482
Left,2025-09-16,10.97351813470094
Left,2025-09-17,10.97850641051859
Left,2025-09-18,10.983024356830622
Left,2025-09-19,10.98715793146623
Left,2025-09-20,10.990993092254605
Left,2025-09-21,10.994615797024947
Left,2025-09-22,10.998112003606439
Left,2025-09-23,11.00156766982828
Left,2025-09-24,11.005068753519659
Left,2025-09-25,11.008701212509772
Left,2025-09-26,11.012551004627813
Left,2025-09-27,11.016882095999144
Left,2025-09-28,11.021730757772824
Left,2025-09-29,11.02684140531358
Left,2025-09-30,11.031958453986146
Left,2025-10-01,11.036826319155253
Left,2025-10-02,11.041189416185631
Left,2025-10-03,11.044671470174508
Left,2025-10-04,11.047198703973327
Left,2025-10-05,11.048969279578138
Left,2025-10-06,11.050181358984993
Left,2025-10-07,11.051033104189937
Left,2025-10-08,11.05172267718903
Left,2025-10-09,11.052448239978318
Left,2025-10-10,11.053407954553853
Left,2025-10-11,11.053959026147572
Left,2025-10-12,11.053399449725022
Left,2025-10-13,11.051838571882662
Left,2025-10-14,11.049385739216959
Left,2025-10-15,11.046150298324369
Left,2025-10-16,11.042241595801363
Left,2025-10-17,11.037768978244396
Left,2025-10-18,11.032841792249934
Left,2025-10-19,11.027569384414438
Left,2025-10-20,11.02206110133437
Left,2025-10-21,11.016426289606192
Left,2025-10-22,11.01077429582637
Left,2025-10-23,11.005214466591362
Left,2025-10-24,10.999856148497631
Left,2025-10-25,10.994572882838034
Left,2025-10-26,10.989105614711823
Left,2025-10-27,10.983364796425068
Left,2025-10-28,10.977260880283827
Left,2025-10-29,10.970704318594162
Left,2025-10-30,10.963605563662142
Left,2025-10-31,10.955875067793828
Left,2025-11-01,10.947423283295283
Left,2025-11-02,10.938160662472571
Left,2025-11-03,10.927997657631757
Left,2025-11-04,10.9168447210789
Left,2025-11-05,10.905568473609543
Left,2025-11-06,10.894989249943682
Left,2025-11-07,10.884948073274078
Left,2025-11-08,10.87528596679349
Left,2025-11-09,10.865843953694677
Left,2025-11-10,10.856463057170398
Left,2025-11-11,10.84698430041341
Left,2025-11-12,10.837248706616478
Left,2025-11-13,10.827097298972355
Left,2025-11-14,10.816371100673804
Left,2025-11-15,10.805859221406003
Left,2025-11-16,10.796390791849394
Left,2025-11-17,10.787866866689624
Left,2025-11-18,10.780188500612352
Left,2025-11-19,10.773256748303224
Left,2025-11-20,10.766972664447893
Left,2025-11-21,10.761237303732015
Left,2025-11-22,10.755951720841235
Left,2025-11-23,10.75101697046121
Left,2025-11-24,10.746334107277589
Left,2025-11-25,10.741804185976024
Left,2025-11-26,10.737328261242167
Left,2025-11-27,10.73280738776167
Left,2025-11-28,10.728142620220183
Left,2025-11-29,10.723139113645722
Left,2025-11-30,10.717858267725166
Left,2025-12-01,10.71258550413249
Left,2025-12-02,10.707606244541655
Left,2025-12-03,10.703205910626627
Left,2025-12-04,10.699669924061372
Left,2025-12-05,10.697283706519851
Left,2025-12-06,10.69464307779535
Left,2025-12-07,10.69041833606208
Left,2025-12-08,10.685006620565398
Left,2025-12-09,10.678805070550672
Left,2025-12-10,10.672210825263258
Left,2025-12-11,10.665621023948521
Left,2025-12-12,10.65943280585182
Left,2025-12-13,10.654043310218519
Left,2025-12-14,10.649849676293975
Left,2025-12-15,10.647249043323557
Left,2025-12-16,10.645461144207642
Left,2025-12-17,10.643435419143234
Left,2025-12-18,10.641163568320627
Left,2025-12-19,10.638637291930106
Left,2025-12-20,10.635848290161968
Left,2025-12-21,10.6327882632065
Left,2025-12-22,10.629448911253998
Left,2025-12-23,10.625821934494747
Left,2025-12-24,10.62189903311904
Left,2025-12-25,10.617671907317169
Left,2025-12-26,10.613132257279421
Left,2025-12-27,10.608271783196091
Left,2025-12-28,10.603082185257469
Left,2025-12-29,10.597555163653846
Left,2025-12-30,10.591682418575513
Left,2025-12-31,10.58545565021276
Left,2026-01-01,10.578866558755875
Left,2026-01-02,10.571906844395158
Left,2026-01-03,10.564568207320887
Left,2026-01-04,10.556842347723368
Left,2026-01-05,10.548720965792876
Left,2026-01-06,10.540195761719717
Left,2026-01-07,10.53125843569417
Left,2026-01-08,10.522941904425839
Left,2026-01-09,10.515892191847168
Left,2026-01-10,10.509520658982732
Left,2026-01-11,10.503238666857097
Left,2026-01-12,10.496457576494835
Left,2026-01-13,10.488588748920513
Left,2026-01-14,10.480074758188357
Left,2026-01-15,10.471805294088908
Left,2026-01-16,10.463862391251206
Left,2026-01-17,10.45632808430431
Left,2026-01-18,10.449284407877254
Left,2026-01-19,10.442813396599089
Left,2026-01-20,10.436997085098858
Left,2026-01-21,10.431917508005613
Left,2026-01-22,10.427656699948393
Left,2026-01-23,10.424296695556249
Left,2026-01-24,10.421771188351707
Left,2026-01-25,10.419934995840205
Left,2026-01-26,10.418751838625148
Left,2026-01-27,10.418185437309953
Left,2026-01-28,10.418199512498026
Left,2026-01-29,10.418757784792785
Left,2026-01-30,10.419823974797634
Left,2026-01-31,10.421361803115984
Left,2026-02-01,10.423334990351249
Left,2026-02-02,10.425707257106838
Left,2026-02-03,10.428442323986161
Left,2026-02-04,10.43150391159263
Left,2026-02-05,10.4343773282639
Left,2026-02-06,10.436729748315473
Left,2026-02-07,10.438797691317548
Left,2026-02-08,10.440817676840316
Left,2026-02-09,10.443026224453964
Left,2026-02-10,10.445659853728692
Left,2026-02-11,10.448955084234685
Left,2026-02-12,10.453148435542142
Left,2026-02-13,10.458476427221251
Left,2026-02-14,10.464143771987285
Left,2026-02-15,10.469249044260657
Left,2026-02-16,10.473869556169277
Left,2026-02-17,10.47808261984105
Left,2026-02-18,10.481965547403886
Left,2026-02-19,10.485595650985696
Left,2026-02-20,10.489050242714386
Left,2026-02-21,10.492406634717861
Left,2026-02-22,10.495742139124033
Left,2026-02-23,10.499134068060808
Left,2026-02-24,10.502659733656097
Left,2026-02-25,10.506396448037805
Left,2026-02-26,10.510421523333841
Left,2026-02-27,10.514812271672117
Left,2026-02-28,10.51903223801091
Left,2026-03-01,10.522568350762219
Left,2026-03-02,10.525532997234519
Left,2026-03-03,10.528038564736288
Left,2026-03-04,10.530197440575998
Left,2026-03-05,10.532122012062134
Left,2026-03-06,10.533924666503161
Left,2026-03-07,10.535717791207567
Left,2026-03-08,10.537613773483818
Left,2026-03-09,10.5397250006404
Left,2026-03-10,10.54243167062128
Left,2026-03-11,10.545918286035654
Left,2026-03-12,10.550003691189833
Left,2026-03-13,10.554506730390123
Left,2026-03-14,10.559246247942836
Left,2026-03-15,10.564041088154282
Left,2026-03-16,10.568710095330765
Left,2026-03-17,10.573072113778599
Left,2026-03-18,10.576945987804093
Left,2026-03-19,10.580150561713552
Left,2026-03-20,10.58250467981329
Left,2026-03-21,10.584480429122475
Left,2026-03-22,10.586678309629454
Left,2026-03-23,10.589109785094305
Left,2026-03-24,10.5917863192771
Left,2026-03-25,10.594719375937919
Left,2026-03-26,10.59792041883684
Left,2026-03-27,10.601400911733931
Left,2026-03-28,10.605172318389272
Left,2026-03-29,10.609246102562944
Left,2026-03-30,10.613633728015015
Left,2026-03-31,10.618346658505567
Left,2026-04-01,10.623396357794675
Left,2026-04-02,10.628794289642414
Left,2026-04-03,10.634551917808857
Left,2026-04-04,10.640680706054088
Left,2026-04-05,10.647192118138175
Left,2026-04-06,10.6540976178212
Left,2026-04-07,10.661408668863235
Left,2026-04-08,10.668227860054088
Left,2026-04-09,10.673884355485004
Left,2026-04-10,10.678729481868215
Left,2026-04-11,10.683114565915952
Left,2026-04-12,10.687390934340447
Left,2026-04-13,10.69190991385393
Left,2026-04-14,10.697022831168635
Left,2026-04-15,10.703081012996797
Left,2026-04-16,10.71043578605064
Left,2026-04-17,10.71843743993022
Left,2026-04-18,10.726214588575926
Left,2026-04-19,10.73378604521051
Left,2026-04-20,10.741170623056707
Left,2026-04-21,10.748387135337266
Left,2026-04-22,10.755454395274931
Left,2026-04-23,10.762391216092443
Left,2026-04-24,10.76921641101255
Left,2026-04-25,10.775948793257996
Left,2026-04-26,10.782607176051524
Left,2026-04-27,10.789210372615878
Left,2026-04-28,10.795916475341263
Left,2026-04-29,10.802733519473977
Left,2026-04-30,10.809455232520897
Left,2026-05-01,10.815875341988898
Left,2026-05-02,10.821787575384866
Left,2026-05-03,10.826985660215671
Left,2026-05-04,10.8312633239882
Left,2026-05-05,10.834414294209326
Left,2026-05-06,10.836232298385934
Left,2026-05-07,10.837430271509717
Left,2026-05-08,10.83873148853137
Left,2026-05-09,10.83994518689626
Left,2026-05-10,10.840880604049762
Left,2026-05-11,10.84134697743724
Left,2026-05-12,10.841153544504065
Left,2026-05-13,10.840109542695608
Left,2026-05-14,10.83802420945724
Left,2026-05-15,10.834706782234326
Left,2026-05-16,10.830812958503039
Left,2026-05-17,10.827114687603151
Left,2026-05-18,10.823595584775429
Left,2026-05-19,10.820239265260646
Left,2026-05-20,10.817029344299574
Left,2026-05-21,10.81394943713298
Left,2026-05-22,10.810983159001637
Left,2026-05-23,10.808114125146314
Left,2026-05-24,10.80532595080778
Left,2026-05-25,10.802602251226812
Left,2026-05-26,10.799926641644173
Left,2026-05-27,10.797282737300637
Left,2026-05-28,10.794654153436973
Left,2026-05-29,10.792024505293954
Left,2026-05-30,10.790294908925341
Left,2026-05-31,10.789822467248369
Left,2026-06-01,10.789774775799032
Left,2026-06-02,10.789319430113324
Left,2026-06-03,10.78762402572723
Left,2026-06-04,10.785428637286616
Left,2026-06-05,10.784007952649876
Left,2026-06-06,10.783331487171806
Left,2026-06-07,10.78336875620719
Left,2026-06-08,10.784089275110825
Left,2026-06-09,10.785462559237493
Left,2026-06-10,10.787458123941988
Left,2026-06-11,10.790045484579101
Left,2026-06-12,10.793194156503624
Left,2026-06-13,10.798044979382764
Left,2026-06-14,10.805333139547697
Left,2026-06-15,10.814419672349164
Left,2026-06-16,10.824665613137904
Left,2026-06-17,10.83543199726466
Left,2026-06-18,10.84607986008017
Left,2026-06-19,10.855970236935175
Left,2026-06-20,10.865210373530982
Left,2026-06-21,10.874397922742034
Left,2026-06-22,10.883629530678773
Left,2026-06-23,10.893001843451643
Left,2026-06-24,10.902611507171084
Left,2026-06-25,10.912555167947549
Left,2026-06-26,10.922929471891472
Left,2026-06-27,10.933831065113296
Left,2026-06-28,10.94535659372347
Left,2026-06-29,10.957602703832437
Left,2026-06-30,10.970666041550635
Left,2026-07-01,10.984643252988509
Left,2026-07-02,10.999314217438252
Left,2026-07-03,11.014378168100338
Left,2026-07-04,11.02981078194762
Left,2026-07-05,11.045587735952966
Left,2026-07-06,11.061684707089226
Left,2026-07-07,11.078077372329266
Left,2026-07-08,11.094741408645948
Left,2026-07-09,11.111652493012125
Left,2026-07-10,11.12878630240066
Left,2026-07-11,11.146118513784415
Left,2026-07-12,11.163624804136244
Left,2026-07-13,11.18128085042901
Left,2026-07-14,11.199051421274675
Left,2026-07-15,11.216850045008979
Left,2026-07-16,11.234575538190459
Left,2026-07-17,11.252126717377651
Left,2026-07-18,11.269402399129087
Left,2026-07-19,11.2863014000033
Left,2026-07-20,11.302722536558823
Left,2026-07-21,11.31853261569012
Left,2026-07-22,11.333693679694457
Left,2026-07-23,11.348247398234578
Left,2026-07-24,11.36223544097324
Left,2026-07-25,11.375699477573187
Left,2026-07-26,11.388681177697167
Left,2026-07-27,11.40122221100793
Left,2026-07-28,11.413364247168225
Left,2026-07-29,11.425148955840799
Left,2026-07-30,11.436618006688402
Left,2026-07-31,11.447813069373785
Left,2026-08-01,11.458775813559694
Left,2026-08-02,11.469547908908876
Left,2026-08-03,11.47921661416654
Left,2026-08-04,11.4869364248343
Left,2026-08-05,11.492849865709509
Left,2026-08-06,11.497099461589526
Left,2026-08-07,11.499827737271703
Left,2026-08-08,11.5011772175534
Left,2026-08-09,11.501290427231972
Left,2026-08-10,11.500309891104772
Left,2026-08-11,11.49837813396916
Left,2026-08-12,11.495637680622492
Left,2026-08-13,11.492231055862119
Left,2026-08-14,11.488743714243917
Left,2026-08-15,11.485325405501335
Left,2026-08-16,11.481465097198095
Left,2026-08-17,11.476651756897915
Left,2026-08-18,11.470374352164525
Left,2026-08-19,11.462121850561642
Left,2026-08-20,11.451383219652987
Left,2026-08-21,11.437647427002286
Left,2026-08-22,11.423538386587522
Left,2026-08-23,11.4116419798908
Left,2026-08-24,11.401390125732009
Left,2026-08-25,11.39221474293105
Left,2026-08-26,11.383547750307805
Left,2026-08-27,11.37482106668218
Left,2026-08-28,11.365466610874059
Left,2026-08-29,11.354916301703344
Left,2026-08-30,11.342602057989922
Left,2026-08-31,11.327955798553692
Left,2026-09-01,11.31254168833285
Left,2026-09-02,11.298171126204826
Left,2026-09-03,11.284646881898361
Left,2026-09-04,11.271771725142187
Left,2026-09-05,11.25934842566504
Left,2026-09-06,11.247179753195663
Left,2026-09-07,11.235068477462788
Left,2026-09-08,11.222817368195152
Left,2026-09-09,11.210229195121492
Left,2026-09-10,11.197106727970548
Left,2026-09-11,11.183252736471054
Left,2026-09-12,11.168657763507829
Left,2026-09-13,11.153572831403277
Left,2026-09-14,11.138191429042532
Left,2026-09-15,11.122707045310719
Left,2026-09-16,11.107313169092963
Left,2026-09-17,11.092203289274398
Left,2026-09-18,11.077570894740143
Left,2026-09-19,11.0632482816431
Left,2026-09-20,11.048942059190972
Left,2026-09-21,11.034657185851122
Left,2026-09-22,11.020398620090905
Left,2026-09-23,11.006171320377677
Left,2026-09-24,10.991980245178791
Left,2026-09-25,10.977830352961604
Left,2026-09-26,10.963856114314584
Left,2026-09-27,10.950159261080064
Left,2026-09-28,10.936695643606184
Left,2026-09-29,10.923421112241108
Left,2026-09-30,10.910291517332974
Left,2026-10-01,10.897262709229938
Left,2026-10-02,10.884290538280151
Left,2026-10-03,10.871330854831761
Left,2026-10-04,10.85833950923292
Left,2026-10-05,10.845272351831774
SPD,2025-01-23,15.934218437255819
SPD,2025-01-24,15.919950650013698
SPD,2025-01-25,15.905610475932992
SPD,2025-01-26,15.890775699368948
SPD,2025-01-27,15.875024104676816
SPD,2025-01-28,15.857933476211851
SPD,2025-01-29,15.839081598329305
SPD,2025-01-30,15.8197443477174
SPD,2025-01-31,15.801054217460488
SPD,2025-02-01,15.782373916508021
SPD,2025-02-02,15.763066153809449
SPD,2025-02-03,15.742493638314217
SPD,2025-02-04,15.722721978283788
SPD,2025-02-05,15.704669214835302
SPD,2025-02-06,15.685976706201735
SPD,2025-02-07,15.664285810616066
SPD,2025-02-08,15.64419959901451
SPD,2025-02-09,15.629289886054783
SPD,2025-02-10,15.615651145552105
SPD,2025-02-11,15.599377851321702
SPD,2025-02-12,15.576564477178792
SPD,2025-02-13,15.543305496938592
SPD,2025-02-14,15.507556575634357
SPD,2025-02-15,15.477818608793102
SPD,2025-02-16,15.451003915970713
SPD,2025-02-17,15.424024816723074
SPD,2025-02-18,15.393793630606067
SPD,2025-02-19,15.379653759984418
SPD,2025-02-20,15.370483433072954
SPD,2025-02-21,15.350859647682151
SPD,2025-02-22,15.337304369754838
SPD,2025-02-23,15.328949609820581
SPD,2025-02-24,15.324927378408935
SPD,2025-02-25,15.324369686049465
SPD,2025-02-26,15.326408543271732
SPD,2025-02-27,15.3301759606053
SPD,2025-02-28,15.334803948579731
SPD,2025-03-01,15.339424517724582
SPD,2025-03-02,15.343169678569419
SPD,2025-03-03,15.345171441643805
SPD,2025-03-04,15.343452451961923
SPD,2025-03-05,15.337641449886714
SPD,2025-03-06,15.32927958897088
SPD,2025-03-07,15.319908022767128
SPD,2025-03-08,15.311067904828151
SPD,2025-03-09,15.304300388706658
SPD,2025-03-10,15.301146627955339
SPD,2025-03-11,15.301649570940876
SPD,2025-03-12,15.304495012496039
SPD,2025-03-13,15.309188375872663
SPD,2025-03-14,15.315235084322582
SPD,2025-03-15,15.322140561097633
SPD,2025-03-16,15.329410229449657
SPD,2025-03-17,15.336549512630484
SPD,2025-03-18,15.343063833891954
SPD,2025-03-19,15.348458616485901
SPD,2025-03-20,15.352239283664161
SPD,2025-03-21,15.353911258678574
SPD,2025-03-22,15.354343149499666
SPD,2025-03-23,15.354735702895246
SPD,2025-03-24,15.355092550313055
SPD,2025-03-25,15.35541732320085
SPD,2025-03-26,15.355713653006376
SPD,2025-03-27,15.35598517117739
SPD,2025-03-28,15.356235509161628
SPD,2025-03-29,15.356468298406853
SPD,2025-03-30,15.356687170360805
SPD,2025-03-31,15.356895756471237
SPD,2025-04-01,15.357097688185897
SPD,2025-04-02,15.357296596952533
SPD,2025-04-03,15.357036439561911
SPD,2025-04-04,15.356072909987107
SPD,2025-04-05,15.354727245449354
SPD,2025-04-06,15.353320683169883
SPD,2025-04-07,15.352174460369925
SPD,2025-04-08,15.351609814270708
SPD,2025-04-09,15.351947982093465
SPD,2025-04-10,15.353510201059429
SPD,2025-04-11,15.356402820045416
SPD,2025-04-12,15.360351891746186
SPD,2025-04-13,15.36510820910986
SPD,2025-04-14,15.370422565084572
SPD,2025-04-15,15.376045752618447
SPD,2025-04-16,15.381728564659621
SPD,2025-04-17,15.387221794156215
SPD,2025-04-18,15.39227623405636
SPD,2025-04-19,15.396642677308186
SPD,2025-04-20,15.400071916859824
SPD,2025-04-21,15.402314745659396
SPD,2025-04-22,15.403121956655035
SPD,2025-04-23,15.403149483846786
SPD,2025-04-24,15.403235983211399
SPD,2025-04-25,15.403406330662051
SPD,2025-04-26,15.403685402111924
SPD,2025-04-27,15.4040980734742
SPD,2025-04-28,15.404669220662056
SPD,2025-04-29,15.405423719588677
SPD,2025-04-30,15.40638644616724
SPD,2025-05-01,15.407199944564377
SPD,2025-05-02,15.407632489127774
SPD,2025-05-03,15.407897551042177
SPD,2025-05-04,15.40820860149236
SPD,2025-05-05,15.408779111663069
SPD,2025-05-06,15.409822552739067
SPD,2025-05-07,15.411552395905106
SPD,2025-05-08,15.414182112345953
SPD,2025-05-09,15.417925173246356
SPD,2025-05-10,15.422995049791082
SPD,2025-05-11,15.428378735066959
SPD,2025-05-12,15.433125928551565
SPD,2025-05-13,15.437544161015797
SPD,2025-05-14,15.441940963230543
SPD,2025-05-15,15.446623865966695
SPD,2025-05-16,15.451900399995134
SPD,2025-05-17,15.45689363285928
SPD,2025-05-18,15.460588531769261
SPD,2025-05-19,15.463085476996028
SPD,2025-05-20,15.464484848810557
SPD,2025-05-21,15.464887027483798
SPD,2025-05-22,15.464392393286715
SPD,2025-05-23,15.46310132649027
SPD,2025-05-24,15.461114207365426
SPD,2025-05-25,15.45853141618314
SPD,2025-05-26,15.455453333214377
SPD,2025-05-27,15.451149897288294
SPD,2025-05-28,15.444984753521188
SPD,2025-05-29,15.437198841614736
SPD,2025-05-30,15.428033101270595
SPD,2025-05-31,15.41772847219044
SPD,2025-06-01,15.406525894075942
SPD,2025-06-02,15.394666306628773
SPD,2025-06-03,15.382390649550594
SPD,2025-06-04,15.36993986254308
SPD,2025-06-05,15.357554885307895
SPD,2025-06-06,15.345476657546717
SPD,2025-06-07,15.332979215085059
SPD,2025-06-08,15.319181412209499
SPD,2025-06-09,15.304091416313277
SPD,2025-06-10,15.287717394789654
SPD,2025-06-11,15.270067515031869
SPD,2025-06-12,15.25114994443318
SPD,2025-06-13,15.230972850386827
SPD,2025-06-14,15.209544400286067
SPD,2025-06-15,15.186872761524143
SPD,2025-06-16,15.16296610149431
SPD,2025-06-17,15.138344995764077
SPD,2025-06-18,15.113497617802192
SPD,2025-06-19,15.088383531853774
SPD,2025-06-20,15.062962302163927
SPD,2025-06-21,15.037193492977755
SPD,2025-06-22,15.011036668540381
SPD,2025-06-23,14.984451393096906
SPD,2025-06-24,14.957397230892443
SPD,2025-06-25,14.9298337461721
SPD,2025-06-26,14.901720503180988
SPD,2025-06-27,14.873017066164218
SPD,2025-06-28,14.845048309592142
SPD,2025-06-29,14.818848362061992
SPD,2025-06-30,14.793940669009196
SPD,2025-07-01,14.769848675869179
SPD,2025-07-02,14.746095828077367
SPD,2025-07-03,14.722205571069193
SPD,2025-07-04,14.697701350280076
SPD,2025-07-05,14.672106611145447
SPD,2025-07-06,14.646599384750953
SPD,2025-07-07,14.622578237989103
SPD,2025-07-08,14.599897420005608
SPD,2025-07-09,14.578411179946178
SPD,2025-07-10,14.557973766956522
SPD,2025-07-11,14.538439430182356
SPD,2025-07-12,14.51966241876939
SPD,2025-07-13,14.501496981863335
SPD,2025-07-14,14.483797368609903
SPD,2025-07-15,14.466417828154803
SPD,2025-07-16,14.44921260964375
SPD,2025-07-17,14.43235124016446
SPD,2025-07-18,14.41614713855129
SPD,2025-07-19,14.400670391569902
SPD,2025-07-20,14.385991085985967
SPD,2025-07-21,14.372179308565151
SPD,2025-07-22,14.359305146073124
SPD,2025-07-23,14.347438685275547
SPD,2025-07-24,14.336650012938088
SPD,2025-07-25,14.327009215826417
SPD,2025-07-26,14.3185863807062
SPD,2025-07-27,14.311451594343103
SPD,2025-07-28,14.305674943502794
SPD,2025-07-29,14.30081489687767
SPD,2025-07-30,14.296447527519824
SPD,2025-07-31,14.29266932873447
SPD,2025-08-01,14.289576793826816
SPD,2025-08-02,14.287266416102067
SPD,2025-08-03,14.285834688865442
SPD,2025-08-04,14.285378105422144
SPD,2025-08-05,14.285993159077384
SPD,2025-08-06,14.287776343136372
SPD,2025-08-07,14.290824150904317
SPD,2025-08-08,14.295233075686433
SPD,2025-08-09,14.300154759617959
SPD,2025-08-10,14.304869858788125
SPD,2025-08-11,14.309668387433138
SPD,2025-08-12,14.3148403597892
SPD,2025-08-13,14.320675790092501
SPD,2025-08-14,14.32746469257925
SPD,2025-08-15,14.335497081485643
SPD,2025-08-16,14.34403399523651
SPD,2025-08-17,14.352181294212837
SPD,2025-08-18,14.359996225585066
SPD,2025-08-19,14.36753603652364
SPD,2025-08-20,14.374857974199001
SPD,2025-08-21,14.38201928578159
SPD,2025-08-22,14.389077218441852
SPD,2025-08-23,14.396089019350221
SPD,2025-08-24,14.403111935677146
SPD,2025-08-25,14.410203214593068
SPD,2025-08-26,14.417420103268427
SPD,2025-08-27,14.424819848873662
SPD,2025-08-28,14.43245969857922
SPD,2025-08-29,14.440396899555541
SPD,2025-08-30,14.447795262998435
SPD,2025-08-31,14.453857807110957
SPD,2025-09-01,14.458700589574404
SPD,2025-09-02,14.462439668070077
SPD,2025-09-03,14.465191100279277
SPD,2025-09-04,14.4670709438833
SPD,2025-09-05,14.468195256563451
SPD,2025-09-06,14.46868009600103
SPD,2025-09-07,14.468641519877334
SPD,2025-09-08,14.468739946328068
SPD,2025-09-09,14.469251009120736
SPD,2025-09-10,14.46971358938434
SPD,2025-09-11,14.469666568247881
SPD,2025-09-12,14.468648826840363
SPD,2025-09-13,14.46619924629079
SPD,2025-09-14,14.461856707728158
SPD,2025-09-15,14.455160092281476
SPD,2025-09-16,14.446887090551401
SPD,2025-09-17,14.438129301529445
SPD,2025-09-18,14.428896468930882
SPD,2025-09-19,14.419198336470984
SPD,2025-09-20,14.409044647865025
SPD,2025-09-21,14.398445146828287
SPD,2025-09-22,14.387409577076037
SPD,2025-09-23,14.375947682323549
SPD,2025-09-24,14.364069206286102
SPD,2025-09-25,14.351783892678966
SPD,2025-09-26,14.339101485217421
SPD,2025-09-27,14.327612014564174
SPD,2025-09-28,14.318289909101278
SPD,2025-09-29,14.31022150912304
SPD,2025-09-30,14.302493154923756
SPD,2025-10-01,14.294191186797732
SPD,2025-10-02,14.284401945039262
SPD,2025-10-03,14.275993525247397
SPD,2025-10-04,14.271804265987962
SPD,2025-10-05,14.270875872005428
SPD,2025-10-06,14.272250048044272
SPD,2025-10-07,14.27496849884896
SPD,2025-10-08,14.278072929163969
SPD,2025-10-09,14.280605043733768
SPD,2025-10-10,14.281606547302829
SPD,2025-10-11,14.282032054932268
SPD,2025-10-12,14.28345697665349
SPD,2025-10-13,14.285854209666375
SPD,2025-10-14,14.289196651170823
SPD,2025-10-15,14.293457198366724
SPD,2025-10-16,14.298608748453967
SPD,2025-10-17,14.304624198632448
SPD,2025-10-18,14.311476446102057
SPD,2025-10-19,14.319138388062683
SPD,2025-10-20,14.327582921714221
SPD,2025-10-21,14.33678294425656
SPD,2025-10-22,14.346711352889596
SPD,2025-10-23,14.357341044813213
SPD,2025-10-24,14.36864491722731
SPD,2025-10-25,14.379264429849341
SPD,2025-10-26,14.38810934921469
SPD,2025-10-27,14.395555032750151
SPD,2025-10-28,14.401976837882513
SPD,2025-10-29,14.407750122038566
SPD,2025-10-30,14.413250242645104
SPD,2025-10-31,14.418852557128913
SPD,2025-11-01,14.424932422916784
SPD,2025-11-02,14.43186519743551
SPD,2025-11-03,14.440026238111878
SPD,2025-11-04,14.449790902372683
SPD,2025-11-05,14.459325587425388
SPD,2025-11-06,14.466708132258306
SPD,2025-11-07,14.472181056969491
SPD,2025-11-08,14.475986881657011
SPD,2025-11-09,14.47836812641892
SPD,2025-11-10,14.479567311353282
SPD,2025-11-11,14.479826956558147
SPD,2025-11-12,14.47938958213159
SPD,2025-11-13,14.478497708171654
SPD,2025-11-14,14.477393854776412
SPD,2025-11-15,14.47572552128482
SPD,2025-11-16,14.472985110871994
SPD,2025-11-17,14.469182499390204
SPD,2025-11-18,14.464327562691741
SPD,2025-11-19,14.458430176628882
SPD,2025-11-20,14.451500217053905
SPD,2025-11-21,14.443547559819098
SPD,2025-11-22,14.434582080776735
SPD,2025-11-23,14.424613655779098
SPD,2025-11-24,14.413652160678469
SPD,2025-11-25,14.401707471327127
SPD,2025-11-26,14.388789463577353
SPD,2025-11-27,14.374908013281425
SPD,2025-11-28,14.360072996291631
SPD,2025-11-29,14.346402780446974
SPD,2025-11-30,14.33532883219298
SPD,2025-12-01,14.32583067529173
SPD,2025-12-02,14.31688783350529
SPD,2025-12-03,14.307479830595728
SPD,2025-12-04,14.296586190325119
SPD,2025-12-05,14.283186436455528
SPD,2025-12-06,14.270355348934485
SPD,2025-12-07,14.26135340227471
SPD,2025-12-08,14.255438662086046
SPD,2025-12-09,14.251869193978369
SPD,2025-12-10,14.249903063561518
SPD,2025-12-11,14.248798336445367
SPD,2025-12-12,14.247813078239757
SPD,2025-12-13,14.246205354554556
SPD,2025-12-14,14.243233230999612
SPD,2025-12-15,14.238154773184792
SPD,2025-12-16,14.232153975974391
SPD,2025-12-17,14.226926063394687
SPD,2025-12-18,14.2224959447985
SPD,2025-12-19,14.21888852953864
SPD,2025-12-20,14.216128726967934
SPD,2025-12-21,14.214241446439189
SPD,2025-12-22,14.213251597305232
SPD,2025-12-23,14.213184088918869
SPD,2025-12-24,14.214063830632929
SPD,2025-12-25,14.21591573180022
SPD,2025-12-26,14.21876470177356
SPD,2025-12-27,14.22263564990577
SPD,2025-12-28,14.227553485549663
SPD,2025-12-29,14.233543118058062
SPD,2025-12-30,14.240629456783777
SPD,2025-12-31,14.24883741107963
SPD,2026-01-01,14.258191890298436
SPD,2026-01-02,14.268717803793013
SPD,2026-01-03,14.280440060916174
SPD,2026-01-04,14.293383571020746
SPD,2026-01-05,14.307573243459531
SPD,2026-01-06,14.323033987585363
SPD,2026-01-07,14.339790712751045
SPD,2026-01-08,14.35492300951757
SPD,2026-01-09,14.366893874014243
SPD,2026-01-10,14.37780332394637
SPD,2026-01-11,14.389751377019255
SPD,2026-01-12,14.404838050938206
SPD,2026-01-13,14.42516336340852
SPD,2026-01-14,14.44870568534155
SPD,2026-01-15,14.472073038397575
SPD,2026-01-16,14.495309916405295
SPD,2026-01-17,14.518460813193423
SPD,2026-01-18,14.541570222590654
SPD,2026-01-19,14.564682638425701
SPD,2026-01-20,14.58784255452726
SPD,2026-01-21,14.611094464724044
SPD,2026-01-22,14.63448286284475
SPD,2026-01-23,14.65805224271809
SPD,2026-01-24,14.680830255097876
SPD,2026-01-25,14.701957330269348
SPD,2026-01-26,14.721647131358345
SPD,2026-01-27,14.740113321490714
SPD,2026-01-28,14.757569563792284
SPD,2026-01-29,14.774229521388907
SPD,2026-01-30,14.790306857406419
SPD,2026-01-31,14.806015234970657
SPD,2026-02-01,14.821568317207463
SPD,2026-02-02,14.837179767242683
SPD,2026-02-03,14.853063248202147
SPD,2026-02-04,14.869432423211704
SPD,2026-02-05,14.885964863400055
SPD,2026-02-06,14.902132500402702
SPD,2026-02-07,14.91784053810568
SPD,2026-02-08,14.93299418039501
SPD,2026-02-09,14.947498631156732
SPD,2026-02-10,14.961259094276873
SPD,2026-02-11,14.974180773641466
SPD,2026-02-12,14.986168873136544
SPD,2026-02-13,14.997128596648137
SPD,2026-02-14,15.006469243565208
SPD,2026-02-15,15.013735216721066
SPD,2026-02-16,15.019034375168237
SPD,2026-02-17,15.022474577959265
SPD,2026-02-18,15.024163684146682
SPD,2026-02-19,15.024209552783029
SPD,2026-02-20,15.022720042920843
SPD,2026-02-21,15.019803013612654
SPD,2026-02-22,15.015566323911003
SPD,2026-02-23,15.010117832868426
SPD,2026-02-24,15.00356539953746
SPD,2026-02-25,14.996016882970638
SPD,2026-02-26,14.987580142220498
SPD,2026-02-27,14.97836303633958
SPD,2026-02-28,14.966789412116485
SPD,2026-03-01,14.95153386202916
SPD,2026-03-02,14.93308036366414
SPD,2026-03-03,14.911912894607973
SPD,2026-03-04,14.888515432447191
SPD,2026-03-05,14.863371954768345
SPD,2026-03-06,14.836966439157969
SPD,2026-03-07,14.80978286320261
SPD,2026-03-08,14.7823052044888
SPD,2026-03-09,14.755017440603092
SPD,2026-03-10,14.727386732861206
SPD,2026-03-11,14.698540910502365
SPD,2026-03-12,14.668454952998355
SPD,2026-03-13,14.63710383982095
SPD,2026-03-14,14.604462550441934
SPD,2026-03-15,14.570506064333093
SPD,2026-03-16,14.535209360966205
SPD,2026-03-17,14.49854741981305
SPD,2026-03-18,14.460495220345413
SPD,2026-03-19,14.42102774203507
SPD,2026-03-20,14.380119964353806
SPD,2026-03-21,14.338819285194585
SPD,2026-03-22,14.298136320149878
SPD,2026-03-23,14.257990875240731
SPD,2026-03-24,14.218302756488182
SPD,2026-03-25,14.178991769913283
SPD,2026-03-26,14.139977721537074
SPD,2026-03-27,14.101180417380599
SPD,2026-03-28,14.062519663464904
SPD,2026-03-29,14.023915265811029
SPD,2026-03-30,13.985287030440027
SPD,2026-03-31,13.946554763372932
SPD,2026-04-01,13.907638270630795
SPD,2026-04-02,13.868457358234659
SPD,2026-04-03,13.828931832205567
SPD,2026-04-04,13.788981498564562
SPD,2026-04-05,13.74852616333269
SPD,2026-04-06,13.707485632530995
SPD,2026-04-07,13.665779712180521
SPD,2026-04-08,13.62391222457367
SPD,2026-04-09,13.582487235456995
SPD,2026-04-10,13.541574916032747
SPD,2026-04-11,13.501245437503185
SPD,2026-04-12,13.461568971070571
SPD,2026-04-13,13.422615687937157
SPD,2026-04-14,13.384455759305206
SPD,2026-04-15,13.347159356376979
SPD,2026-04-16,13.310796650354725
SPD,2026-04-17,13.274016028660936
SPD,2026-04-18,13.23573479666089
SPD,2026-04-19,13.196426502471033
SPD,2026-04-20,13.156564694207805
SPD,2026-04-21,13.116622919987652
SPD,2026-04-22,13.07707472792702
SPD,2026-04-23,13.038393666142353
SPD,2026-04-24,13.00105328275009
SPD,2026-04-25,12.965527125866684
SPD,2026-04-26,12.932288743608572
SPD,2026-04-27,12.901811684092204
SPD,2026-04-28,12.873031826216364
SPD,2026-04-29,12.844575484483592
SPD,2026-04-30,12.816451860415949
SPD,2026-05-01,12.788670155535494
SPD,2026-05-02,12.76123957136429
SPD,2026-05-03,12.734169309424402
SPD,2026-05-04,12.707468571237891
SPD,2026-05-05,12.681146558326816
SPD,2026-05-06,12.655212472213242
SPD,2026-05-07,12.63026004371407
SPD,2026-05-08,12.606699862450089
SPD,2026-05-09,12.58426641814918
SPD,2026-05-10,12.562694200539228
SPD,2026-05-11,12.541717699348117
SPD,2026-05-12,12.521071404303733
SPD,2026-05-13,12.500489805133956
SPD,2026-05-14,12.479707391566675
SPD,2026-05-15,12.458458653329773
SPD,2026-05-16,12.437919075660027
SPD,2026-05-17,12.419358403021164
SPD,2026-05-18,12.402652513981485
SPD,2026-05-19,12.387677287109291
SPD,2026-05-20,12.374308600972887
SPD,2026-05-21,12.362422334140575
SPD,2026-05-22,12.35189436518066
SPD,2026-05-23,12.342600572661441
SPD,2026-05-24,12.334416835151222
SPD,2026-05-25,12.327219031218307
SPD,2026-05-26,12.320883039430997
SPD,2026-05-27,12.315284738357594
SPD,2026-05-28,12.310300006566399
SPD,2026-05-29,12.305804722625721
SPD,2026-05-30,12.299573843716171
SPD,2026-05-31,12.291006381568765
SPD,2026-06-01,12.28241429657741
SPD,2026-06-02,12.276109549136011
SPD,2026-06-03,12.27440409963847
SPD,2026-06-04,12.274915364479392
SPD,2026-06-05,12.274093115431885
SPD,2026-06-06,12.272497845957608
SPD,2026-06-07,12.270690049518224
SPD,2026-06-08,12.269230219575396
SPD,2026-06-09,12.268678849590788
SPD,2026-06-10,12.269596433026061
SPD,2026-06-11,12.27254346334288
SPD,2026-06-12,12.278080434002904
SPD,2026-06-13,12.284150569923643
SPD,2026-06-14,12.288635258136123
SPD,2026-06-15,12.292002235272316
SPD,2026-06-16,12.294719237964179
SPD,2026-06-17,12.297254002843669
SPD,2026-06-18,12.300074266542751
SPD,2026-06-19,12.303647765693379
SPD,2026-06-20,12.307847450500898
SPD,2026-06-21,12.31215346015656
SPD,2026-06-22,12.316444314771203
SPD,2026-06-23,12.320598534455664
SPD,2026-06-24,12.324494639320772
SPD,2026-06-25,12.328011149477367
SPD,2026-06-26,12.33102658503628
SPD,2026-06-27,12.333419466108351
SPD,2026-06-28,12.335068312804411
SPD,2026-06-29,12.335851645235298
SPD,2026-06-30,12.335647983511844
SPD,2026-07-01,12.334335847744885
SPD,2026-07-02,12.332187244967917
SPD,2026-07-03,12.329574808264463
SPD,2026-07-04,12.32652799682038
SPD,2026-07-05,12.323076269821545
SPD,2026-07-06,12.319249086453823
SPD,2026-07-07,12.315075905903086
SPD,2026-07-08,12.3105861873552
SPD,2026-07-09,12.305809389996032
SPD,2026-07-10,12.300774973011453
SPD,2026-07-11,12.295512395587329
SPD,2026-07-12,12.290051116909527
SPD,2026-07-13,12.284420596163923
SPD,2026-07-14,12.278787044753948
SPD,2026-07-15,12.273275329870655
SPD,2026-07-16,12.267852894381349
SPD,2026-07-17,12.262487181153325
SPD,2026-07-18,12.257145633053879
SPD,2026-07-19,12.251795692950312
SPD,2026-07-20,12.24640480370992
SPD,2026-07-21,12.241187522863205
SPD,2026-07-22,12.23634950015156
SPD,2026-07-23,12.231844816758608
SPD,2026-07-24,12.22762755386799
SPD,2026-07-25,12.223651792663334
SPD,2026-07-26,12.219871614328266
SPD,2026-07-27,12.216241100046425
SPD,2026-07-28,12.212714331001433
SPD,2026-07-29,12.209245388376928
SPD,2026-07-30,12.205788353356537
SPD,2026-07-31,12.202297307123894
SPD,2026-08-01,12.198726330862629
SPD,2026-08-02,12.19502950575637
SPD,2026-08-03,12.192072788444984
SPD,2026-08-04,12.190645412183217
SPD,2026-08-05,12.190586373077034
SPD,2026-08-06,12.19173466723239
SPD,2026-08-07,12.193929290755245
SPD,2026-08-08,12.197009239751562
SPD,2026-08-09,12.200813510327299
SPD,2026-08-10,12.205181098588413
SPD,2026-08-11,12.209951000640867
SPD,2026-08-12,12.21496221259062
SPD,2026-08-13,12.220053730543633
SPD,2026-08-14,12.225299433613744
SPD,2026-08-15,12.231014768007789
SPD,2026-08-16,12.237401080471225
SPD,2026-08-17,12.24465971774951
SPD,2026-08-18,12.252992026588096
SPD,2026-08-19,12.262599353732444
SPD,2026-08-20,12.273683045928008
SPD,2026-08-21,12.286444449920243
SPD,2026-08-22,12.300307319828578
SPD,2026-08-23,12.314666174301795
SPD,2026-08-24,12.329678506879374
SPD,2026-08-25,12.345501811100801
SPD,2026-08-26,12.362293580505556
SPD,2026-08-27,12.380211308633125
SPD,2026-08-28,12.399412489022986
SPD,2026-08-29,12.420054615214628
SPD,2026-08-30,12.44229518074753
SPD,2026-08-31,12.466291679161177
SPD,2026-09-01,12.493390889824905
SPD,2026-09-02,12.52440642558534
SPD,2026-09-03,12.558696030197892
SPD,2026-09-04,12.595617447417977
SPD,2026-09-05,12.634528421000999
SPD,2026-09-06,12.674786694702378
SPD,2026-09-07,12.715750012277523
SPD,2026-09-08,12.756776117481841
SPD,2026-09-09,12.797222754070754
SPD,2026-09-10,12.83644766579966
SPD,2026-09-11,12.873808596423984
SPD,2026-09-12,12.911132571528059
SPD,2026-09-13,12.950279033609661
SPD,2026-09-14,12.990654351794362
SPD,2026-09-15,13.03166489520773
SPD,2026-09-16,13.072717032975332
SPD,2026-09-17,13.11321713422274
SPD,2026-09-18,13.152571568075523
SPD,2026-09-19,13.191850972218903
SPD,2026-09-20,13.232268237098396
SPD,2026-09-21,13.27344311098002
SPD,2026-09-22,13.314995342129798
SPD,2026-09-23,13.356544678813735
SPD,2026-09-24,13.397710869297857
SPD,2026-09-25,13.438113661848174
SPD,2026-09-26,13.47855931811896
SPD,2026-09-27,13.52000418029814
SPD,2026-09-28,13.562293117452201
SPD,2026-09-29,13.605270998647644
SPD,2026-09-30,13.648782692950954
SPD,2026-10-01,13.69267306942863
SPD,2026-10-02,13.736786997147162
SPD,2026-10-03,13.780969345173041
SPD,2026-10-04,13.825064982572764
SPD,2026-10-05,13.868918778412818
