id,public_id,institute,provider,date,published,respondents,percentage,party
20672,C00020672,Forschungsgruppe Wahlen,wahlrecht.de,2025-01-23,2025-01-24,1345,21,AfD
20672,C00020672,Forschungsgruppe Wahlen,wahlrecht.de,2025-01-23,2025-01-24,1345,3,BSW
20672,C00020672,Forschungsgruppe Wahlen,wahlrecht.de,2025-01-23,2025-01-24,1345,30,CDU/CSU
20672,C00020672,Forschungsgruppe Wahlen,wahlrecht.de,2025-01-23,2025-01-24,1345,4,FDP
20672,C00020672,Forschungsgruppe Wahlen,wahlrecht.de,2025-01-23,2025-01-24,1345,14,Greens
20672,C00020672,Forschungsgruppe Wahlen,wahlrecht.de,2025-01-23,2025-01-24,1345,5,Left
20672,C00020672,Forschungsgruppe Wahlen,wahlrecht.de,2025-01-23,2025-01-24,1345,15,SPD
13658,C00013658,INSA,wahlrecht.de,2025-01-24,2025-01-25,1203,21,AfD
13658,C00013658,INSA,wahlrecht.de,2025-01-24,2025-01-25,1203,7,BSW
13658,C00013658,INSA,wahlrecht.de,2025-01-24,2025-01-25,1203,30,CDU/CSU
13658,C00013658,INSA,wahlrecht.de,2025-01-24,2025-01-25,1203,4,FDP
13658,C00013658,INSA,wahlrecht.de,2025-01-24,2025-01-25,1203,12,Greens
13658,C00013658,INSA,wahlrecht.de,2025-01-24,2025-01-25,1203,4,Left
13658,C00013658,INSA,wahlrecht.de,2025-01-24,2025-01-25,1203,16,SPD
17263,C00017263,Institut Wahlkreisprognose,DAWUM,2025-01-23,2025-01-25,1500,21.5,AfD
17263,C00017263,Institut Wahlkreisprognose,DAWUM,2025-01-23,2025-01-25,1500,4.5,BSW
17263,C00017263,Institut Wahlkreisprognose,DAWUM,2025-01-23,2025-01-25,1500,28.5,CDU/CSU
17263,C00017263,Institut Wahlkreisprognose,DAWUM,2025-01-23,2025-01-25,1500,3.5,FDP
17263,C00017263,Institut Wahlkreisprognose,DAWUM,2025-01-23,2025-01-25,1500,14,Greens
17263,C00017263,Institut Wahlkreisprognose,DAWUM,2025-01-23,2025-01-25,1500,3.5,Left
17263,C00017263,Institut Wahlkreisprognose,DAWUM,2025-01-23,2025-01-25,1500,17,SPD
13657,C00013657,INSA,wahlrecht.de,2025-01-27,2025-01-27,2006,22,AfD
13657,C00013657,INSA,wahlrecht.de,2025-01-27,2025-01-27,2006,6,BSW
13657,C00013657,INSA,wahlrecht.de,2025-01-27,2025-01-27,2006,30,CDU/CSU
13657,C00013657,INSA,wahlrecht.de,2025-01-27,2025-01-27,2006,4.5,FDP
13657,C00013657,INSA,wahlrecht.de,2025-01-27,2025-01-27,2006,12.5,Greens
13657,C00013657,INSA,wahlrecht.de,2025-01-27,2025-01-27,2006,4.5,Left
13657,C00013657,INSA,wahlrecht.de,2025-01-27,2025-01-27,2006,15.5,SPD
8545,C00008545,Forsa,wahlrecht.de,2025-01-27,2025-01-28,2504,20,AfD
8545,C00008545,Forsa,wahlrecht.de,2025-01-27,2025-01-28,2504,3,BSW
8545,C00008545,Forsa,wahlrecht.de,2025-01-27,2025-01-28,2504,30,CDU/CSU
8545,C00008545,Forsa,wahlrecht.de,2025-01-27,2025-01-28,2504,4,FDP
8545,C00008545,Forsa,wahlrecht.de,2025-01-27,2025-01-28,2504,14,Greens
8545,C00008545,Forsa,wahlrecht.de,2025-01-27,2025-01-28,2504,4,Left
8545,C00008545,Forsa,wahlrecht.de,2025-01-27,2025-01-28,2504,16,SPD
16610,C00016610,YouGov,wahlrecht.de,2025-01-27,2025-01-29,1781,23,AfD
16610,C00016610,YouGov,wahlrecht.de,2025-01-27,2025-01-29,1781,6,BSW
16610,C00016610,YouGov,wahlrecht.de,2025-01-27,2025-01-29,1781,29,CDU/CSU
16610,C00016610,YouGov,wahlrecht.de,2025-01-27,2025-01-29,1781,3,FDP
16610,C00016610,YouGov,wahlrecht.de,2025-01-27,2025-01-29,1781,13,Greens
16610,C00016610,YouGov,wahlrecht.de,2025-01-27,2025-01-29,1781,5,Left
16610,C00016610,YouGov,wahlrecht.de,2025-01-27,2025-01-29,1781,15,SPD
12574,C00012574,Infratest Dimap,wahlrecht.de,2025-01-29,2025-01-30,1336,20,AfD
12574,C00012574,Infratest Dimap,wahlrecht.de,2025-01-29,2025-01-30,1336,4,BSW
12574,C00012574,Infratest Dimap,wahlrecht.de,2025-01-29,2025-01-30,1336,30,CDU/CSU
12574,C00012574,Infratest Dimap,wahlrecht.de,2025-01-29,2025-01-30,1336,4,FDP
12574,C00012574,Infratest Dimap,wahlrecht.de,2025-01-29,2025-01-30,1336,15,Greens
12574,C00012574,Infratest Dimap,wahlrecht.de,2025-01-29,2025-01-30,1336,5,Left
12574,C00012574,Infratest Dimap,wahlrecht.de,2025-01-29,2025-01-30,1336,15,SPD
13656,C00013656,INSA,wahlrecht.de,2025-01-30,2025-01-30,1001,22,AfD
13656,C00013656,INSA,wahlrecht.de,2025-01-30,2025-01-30,1001,6,BSW
13656,C00013656,INSA,wahlrecht.de,2025-01-30,2025-01-30,1001,29,CDU/CSU
13656,C00013656,INSA,wahlrecht.de,2025-01-30,2025-01-30,1001,4,FDP
13656,C00013656,INSA,wahlrecht.de,2025-01-30,2025-01-30,1001,13,Greens
13656,C00013656,INSA,wahlrecht.de,2025-01-30,2025-01-30,1001,4,Left
13656,C00013656,INSA,wahlrecht.de,2025-01-30,2025-01-30,1001,17,SPD
20671,C00020671,Forschungsgruppe Wahlen,wahlrecht.de,2025-01-29,2025-01-30,1428,21,AfD
20671,C00020671,Forschungsgruppe Wahlen,wahlrecht.de,2025-01-29,2025-01-30,1428,4,BSW
20671,C00020671,Forschungsgruppe Wahlen,wahlrecht.de,2025-01-29,2025-01-30,1428,29,CDU/CSU
20671,C00020671,Forschungsgruppe Wahlen,wahlrecht.de,2025-01-29,2025-01-30,1428,4,FDP
20671,C00020671,Forschungsgruppe Wahlen,wahlrecht.de,2025-01-29,2025-01-30,1428,14,Greens
20671,C00020671,Forschungsgruppe Wahlen,wahlrecht.de,2025-01-29,2025-01-30,1428,5,Left
20671,C00020671,Forschungsgruppe Wahlen,wahlrecht.de,2025-01-29,2025-01-30,1428,15,SPD
16057,C00016057,Verian (Emnid),wahlrecht.de,2025-01-28,2025-01-31,1461,20,AfD
16057,C00016057,Verian (Emnid),wahlrecht.de,2025-01-28,2025-01-31,1461,5,BSW
16057,C00016057,Verian (Emnid),wahlrecht.de,2025-01-28,2025-01-31,1461,30,CDU/CSU
16057,C00016057,Verian (Emnid),wahlrecht.de,2025-01-28,2025-01-31,1461,4,FDP
16057,C00016057,Verian (Emnid),wahlrecht.de,2025-01-28,2025-01-31,1461,14,Greens
16057,C00016057,Verian (Emnid),wahlrecht.de,2025-01-28,2025-01-31,1461,4,Left
16057,C00016057,Verian (Emnid),wahlrecht.de,2025-01-28,2025-01-31,1461,15,SPD
13655,C00013655,INSA,wahlrecht.de,2025-01-31,2025-02-01,1203,22,AfD
13655,C00013655,INSA,wahlrecht.de,2025-01-31,2025-02-01,1203,6,BSW
13655,C00013655,INSA,wahlrecht.de,2025-01-31,2025-02-01,1203,30,CDU/CSU
13655,C00013655,INSA,wahlrecht.de,2025-01-31,2025-02-01,1203,4,FDP
13655,C00013655,INSA,wahlrecht.de,2025-01-31,2025-02-01,1203,12,Greens
13655,C00013655,INSA,wahlrecht.de,2025-01-31,2025-02-01,1203,4,Left
13655,C00013655,INSA,wahlrecht.de,2025-01-31,2025-02-01,1203,17,SPD
13654,C00013654,INSA,wahlrecht.de,2025-02-03,2025-02-03,2004,22,AfD
13654,C00013654,INSA,wahlrecht.de,2025-02-03,2025-02-03,2004,5.5,BSW
13654,C00013654,INSA,wahlrecht.de,2025-02-03,2025-02-03,2004,30,CDU/CSU
13654,C00013654,INSA,wahlrecht.de,2025-02-03,2025-02-03,2004,4.5,FDP
13654,C00013654,INSA,wahlrecht.de,2025-02-03,2025-02-03,2004,13,Greens
13654,C00013654,INSA,wahlrecht.de,2025-02-03,2025-02-03,2004,5,Left
13654,C00013654,INSA,wahlrecht.de,2025-02-03,2025-02-03,2004,16,SPD
17248,C00017248,Institut Wahlkreisprognose,DAWUM,2025-02-03,2025-02-03,1900,19.5,AfD
17248,C00017248,Institut Wahlkreisprognose,DAWUM,2025-02-03,2025-02-03,1900,5.5,BSW
17248,C00017248,Institut Wahlkreisprognose,DAWUM,2025-02-03,2025-02-03,1900,28,CDU/CSU
17248,C00017248,Institut Wahlkreisprognose,DAWUM,2025-02-03,2025-02-03,1900,4.5,FDP
17248,C00017248,Institut Wahlkreisprognose,DAWUM,2025-02-03,2025-02-03,1900,12,Greens
17248,C00017248,Institut Wahlkreisprognose,DAWUM,2025-02-03,2025-02-03,1900,5,Left
17248,C00017248,Institut Wahlkreisprognose,DAWUM,2025-02-03,2025-02-03,1900,16.5,SPD
8544,C00008544,Forsa,wahlrecht.de,2025-02-03,2025-02-04,2503,20,AfD
8544,C00008544,Forsa,wahlrecht.de,2025-02-03,2025-02-04,2503,4,BSW
8544,C00008544,Forsa,wahlrecht.de,2025-02-03,2025-02-04,2503,28,CDU/CSU
8544,C00008544,Forsa,wahlrecht.de,2025-02-03,2025-02-04,2503,4,FDP
8544,C00008544,Forsa,wahlrecht.de,2025-02-03,2025-02-04,2503,15,Greens
8544,C00008544,Forsa,wahlrecht.de,2025-02-03,2025-02-04,2503,5,Left
8544,C00008544,Forsa,wahlrecht.de,2025-02-03,2025-02-04,2503,16,SPD
16609,C00016609,YouGov,wahlrecht.de,2025-02-04,2025-02-05,2181,22,AfD
16609,C00016609,YouGov,wahlrecht.de,2025-02-04,2025-02-05,2181,6,BSW
16609,C00016609,YouGov,wahlrecht.de,2025-02-04,2025-02-05,2181,29,CDU/CSU
16609,C00016609,YouGov,wahlrecht.de,2025-02-04,2025-02-05,2181,4,FDP
16609,C00016609,YouGov,wahlrecht.de,2025-02-04,2025-02-05,2181,12,Greens
16609,C00016609,YouGov,wahlrecht.de,2025-02-04,2025-02-05,2181,6,Left
16609,C00016609,YouGov,wahlrecht.de,2025-02-04,2025-02-05,2181,18,SPD
12573,C00012573,Infratest Dimap,wahlrecht.de,2025-02-05,2025-02-06,1302,21,AfD
12573,C00012573,Infratest Dimap,wahlrecht.de,2025-02-05,2025-02-06,1302,4,BSW
12573,C00012573,Infratest Dimap,wahlrecht.de,2025-02-05,2025-02-06,1302,31,CDU/CSU
12573,C00012573,Infratest Dimap,wahlrecht.de,2025-02-05,2025-02-06,1302,4,FDP
12573,C00012573,Infratest Dimap,wahlrecht.de,2025-02-05,2025-02-06,1302,14,Greens
12573,C00012573,Infratest Dimap,wahlrecht.de,2025-02-05,2025-02-06,1302,5,Left
12573,C00012573,Infratest Dimap,wahlrecht.de,2025-02-05,2025-02-06,1302,15,SPD
17242,C00017242,Ipsos,DAWUM,2025-01-31,2025-02-06,1000,21,AfD
17242,C00017242,Ipsos,DAWUM,2025-01-31,2025-02-06,1000,5,BSW
17242,C00017242,Ipsos,DAWUM,2025-01-31,2025-02-06,1000,29,CDU/CSU
17242,C00017242,Ipsos,DAWUM,2025-01-31,2025-02-06,1000,4,FDP
17242,C00017242,Ipsos,DAWUM,2025-01-31,2025-02-06,1000,13,Greens
17242,C00017242,Ipsos,DAWUM,2025-01-31,2025-02-06,1000,4,Left
17242,C00017242,Ipsos,DAWUM,2025-01-31,2025-02-06,1000,16,SPD
10306,C00010306,GMS,wahlrecht.de,2025-02-07,2025-02-07,1011,21,AfD
10306,C00010306,GMS,wahlrecht.de,2025-02-07,2025-02-07,1011,4,BSW
10306,C00010306,GMS,wahlrecht.de,2025-02-07,2025-02-07,1011,30,CDU/CSU
10306,C00010306,GMS,wahlrecht.de,2025-02-07,2025-02-07,1011,4,FDP
10306,C00010306,GMS,wahlrecht.de,2025-02-07,2025-02-07,1011,14,Greens
10306,C00010306,GMS,wahlrecht.de,2025-02-07,2025-02-07,1011,5,Left
10306,C00010306,GMS,wahlrecht.de,2025-02-07,2025-02-07,1011,15,SPD
17238,C00017238,pollytix,DAWUM,2025-02-06,2025-02-07,1529,20,AfD
17238,C00017238,pollytix,DAWUM,2025-02-06,2025-02-07,1529,5,BSW
17238,C00017238,pollytix,DAWUM,2025-02-06,2025-02-07,1529,30,CDU/CSU
17238,C00017238,pollytix,DAWUM,2025-02-06,2025-02-07,1529,4,FDP
17238,C00017238,pollytix,DAWUM,2025-02-06,2025-02-07,1529,12,Greens
17238,C00017238,pollytix,DAWUM,2025-02-06,2025-02-07,1529,6,Left
17238,C00017238,pollytix,DAWUM,2025-02-06,2025-02-07,1529,17,SPD
20670,C00020670,Forschungsgruppe Wahlen,wahlrecht.de,2025-02-06,2025-02-07,1341,20,AfD
20670,C00020670,Forschungsgruppe Wahlen,wahlrecht.de,2025-02-06,2025-02-07,1341,4,BSW
20670,C00020670,Forschungsgruppe Wahlen,wahlrecht.de,2025-02-06,2025-02-07,1341,30,CDU/CSU
20670,C00020670,Forschungsgruppe Wahlen,wahlrecht.de,2025-02-06,2025-02-07,1341,4,FDP
20670,C00020670,Forschungsgruppe Wahlen,wahlrecht.de,2025-02-06,2025-02-07,1341,15,Greens
20670,C00020670,Forschungsgruppe Wahlen,wahlrecht.de,2025-02-06,2025-02-07,1341,6,Left
20670,C00020670,Forschungsgruppe Wahlen,wahlrecht.de,2025-02-06,2025-02-07,1341,15,SPD
13653,C00013653,INSA,wahlrecht.de,2025-02-07,2025-02-08,1204,21,AfD
13653,C00013653,INSA,wahlrecht.de,2025-02-07,2025-02-08,1204,6,BSW
13653,C00013653,INSA,wahlrecht.de,2025-02-07,2025-02-08,1204,29,CDU/CSU
13653,C00013653,INSA,wahlrecht.de,2025-02-07,2025-02-08,1204,4,FDP
13653,C00013653,INSA,wahlrecht.de,2025-02-07,2025-02-08,1204,12,Greens
13653,C00013653,INSA,wahlrecht.de,2025-02-07,2025-02-08,1204,5,Left
13653,C00013653,INSA,wahlrecht.de,2025-02-07,2025-02-08,1204,16,SPD
13652,C00013652,INSA,wahlrecht.de,2025-02-10,2025-02-10,2006,22,AfD
13652,C00013652,INSA,wahlrecht.de,2025-02-10,2025-02-10,2006,5.5,BSW
13652,C00013652,INSA,wahlrecht.de,2025-02-10,2025-02-10,2006,30,CDU/CSU
13652,C00013652,INSA,wahlrecht.de,2025-02-10,2025-02-10,2006,4,FDP
13652,C00013652,INSA,wahlrecht.de,2025-02-10,2025-02-10,2006,13,Greens
13652,C00013652,INSA,wahlrecht.de,2025-02-10,2025-02-10,2006,6,Left
13652,C00013652,INSA,wahlrecht.de,2025-02-10,2025-02-10,2006,15.5,SPD
8543,C00008543,Forsa,wahlrecht.de,2025-02-10,2025-02-11,2502,20,AfD
8543,C00008543,Forsa,wahlrecht.de,2025-02-10,2025-02-11,2502,4,BSW
8543,C00008543,Forsa,wahlrecht.de,2025-02-10,2025-02-11,2502,29,CDU/CSU
8543,C00008543,Forsa,wahlrecht.de,2025-02-10,2025-02-11,2502,4,FDP
8543,C00008543,Forsa,wahlrecht.de,2025-02-10,2025-02-11,2502,14,Greens
8543,C00008543,Forsa,wahlrecht.de,2025-02-10,2025-02-11,2502,6,Left
8543,C00008543,Forsa,wahlrecht.de,2025-02-10,2025-02-11,2502,16,SPD
16608,C00016608,YouGov,wahlrecht.de,2025-02-10,2025-02-12,2083,21,AfD
16608,C00016608,YouGov,wahlrecht.de,2025-02-10,2025-02-12,2083,5,BSW
16608,C00016608,YouGov,wahlrecht.de,2025-02-10,2025-02-12,2083,29,CDU/CSU
16608,C00016608,YouGov,wahlrecht.de,2025-02-10,2025-02-12,2083,4,FDP
16608,C00016608,YouGov,wahlrecht.de,2025-02-10,2025-02-12,2083,12,Greens
16608,C00016608,YouGov,wahlrecht.de,2025-02-10,2025-02-12,2083,6,Left
16608,C00016608,YouGov,wahlrecht.de,2025-02-10,2025-02-12,2083,16,SPD
17233,C00017233,pollytix,DAWUM,2025-02-12,2025-02-12,1501,19,AfD
17233,C00017233,pollytix,DAWUM,2025-02-12,2025-02-12,1501,5,BSW
17233,C00017233,pollytix,DAWUM,2025-02-12,2025-02-12,1501,29,CDU/CSU
17233,C00017233,pollytix,DAWUM,2025-02-12,2025-02-12,1501,4,FDP
17233,C00017233,pollytix,DAWUM,2025-02-12,2025-02-12,1501,14,Greens
17233,C00017233,pollytix,DAWUM,2025-02-12,2025-02-12,1501,6,Left
17233,C00017233,pollytix,DAWUM,2025-02-12,2025-02-12,1501,17,SPD
6404,C00006404,Allensbach,wahlrecht.de,2025-02-12,2025-02-13,1021,20,AfD
6404,C00006404,Allensbach,wahlrecht.de,2025-02-12,2025-02-13,1021,4,BSW
6404,C00006404,Allensbach,wahlrecht.de,2025-02-12,2025-02-13,1021,32,CDU/CSU
6404,C00006404,Allensbach,wahlrecht.de,2025-02-12,2025-02-13,1021,5,FDP
6404,C00006404,Allensbach,wahlrecht.de,2025-02-12,2025-02-13,1021,13,Greens
6404,C00006404,Allensbach,wahlrecht.de,2025-02-12,2025-02-13,1021,6,Left
6404,C00006404,Allensbach,wahlrecht.de,2025-02-12,2025-02-13,1021,15,SPD
12572,C00012572,Infratest Dimap,wahlrecht.de,2025-02-12,2025-02-13,1579,21,AfD
12572,C00012572,Infratest Dimap,wahlrecht.de,2025-02-12,2025-02-13,1579,4.5,BSW
12572,C00012572,Infratest Dimap,wahlrecht.de,2025-02-12,2025-02-13,1579,32,CDU/CSU
12572,C00012572,Infratest Dimap,wahlrecht.de,2025-02-12,2025-02-13,1579,4,FDP
12572,C00012572,Infratest Dimap,wahlrecht.de,2025-02-12,2025-02-13,1579,14,Greens
12572,C00012572,Infratest Dimap,wahlrecht.de,2025-02-12,2025-02-13,1579,6,Left
12572,C00012572,Infratest Dimap,wahlrecht.de,2025-02-12,2025-02-13,1579,14,SPD
17231,C00017231,Institut Wahlkreisprognose,DAWUM,2025-02-13,2025-02-13,1700,20,AfD
17231,C00017231,Institut Wahlkreisprognose,DAWUM,2025-02-13,2025-02-13,1700,4.5,BSW
17231,C00017231,Institut Wahlkreisprognose,DAWUM,2025-02-13,2025-02-13,1700,32,CDU/CSU
17231,C00017231,Institut Wahlkreisprognose,DAWUM,2025-02-13,2025-02-13,1700,4,FDP
17231,C00017231,Institut Wahlkreisprognose,DAWUM,2025-02-13,2025-02-13,1700,12.5,Greens
17231,C00017231,Institut Wahlkreisprognose,DAWUM,2025-02-13,2025-02-13,1700,6,Left
17231,C00017231,Institut Wahlkreisprognose,DAWUM,2025-02-13,2025-02-13,1700,12.5,SPD
20669,C00020669,Forschungsgruppe Wahlen,wahlrecht.de,2025-02-13,2025-02-14,1348,20,AfD
20669,C00020669,Forschungsgruppe Wahlen,wahlrecht.de,2025-02-13,2025-02-14,1348,4,BSW
20669,C00020669,Forschungsgruppe Wahlen,wahlrecht.de,2025-02-13,2025-02-14,1348,30,CDU/CSU
20669,C00020669,Forschungsgruppe Wahlen,wahlrecht.de,2025-02-13,2025-02-14,1348,4,FDP
20669,C00020669,Forschungsgruppe Wahlen,wahlrecht.de,2025-02-13,2025-02-14,1348,14,Greens
20669,C00020669,Forschungsgruppe Wahlen,wahlrecht.de,2025-02-13,2025-02-14,1348,7,Left
20669,C00020669,Forschungsgruppe Wahlen,wahlrecht.de,2025-02-13,2025-02-14,1348,16,SPD
13651,C00013651,INSA,wahlrecht.de,2025-02-14,2025-02-15,1205,21,AfD
13651,C00013651,INSA,wahlrecht.de,2025-02-14,2025-02-15,1205,5,BSW
13651,C00013651,INSA,wahlrecht.de,2025-02-14,2025-02-15,1205,30,CDU/CSU
13651,C00013651,INSA,wahlrecht.de,2025-02-14,2025-02-15,1205,4,FDP
13651,C00013651,INSA,wahlrecht.de,2025-02-14,2025-02-15,1205,13,Greens
13651,C00013651,INSA,wahlrecht.de,2025-02-14,2025-02-15,1205,6,Left
13651,C00013651,INSA,wahlrecht.de,2025-02-14,2025-02-15,1205,15,SPD
8542,C00008542,Forsa,wahlrecht.de,2025-02-14,2025-02-16,2005,20,AfD
8542,C00008542,Forsa,wahlrecht.de,2025-02-14,2025-02-16,2005,4,BSW
8542,C00008542,Forsa,wahlrecht.de,2025-02-14,2025-02-16,2005,30,CDU/CSU
8542,C00008542,Forsa,wahlrecht.de,2025-02-14,2025-02-16,2005,5,FDP
8542,C00008542,Forsa,wahlrecht.de,2025-02-14,2025-02-16,2005,13,Greens
8542,C00008542,Forsa,wahlrecht.de,2025-02-14,2025-02-16,2005,7,Left
8542,C00008542,Forsa,wahlrecht.de,2025-02-14,2025-02-16,2005,16,SPD
13650,C00013650,INSA,wahlrecht.de,2025-02-17,2025-02-17,2010,22,AfD
13650,C00013650,INSA,wahlrecht.de,2025-02-17,2025-02-17,2010,5,BSW
13650,C00013650,INSA,wahlrecht.de,2025-02-17,2025-02-17,2010,30,CDU/CSU
13650,C00013650,INSA,wahlrecht.de,2025-02-17,2025-02-17,2010,4.5,FDP
13650,C00013650,INSA,wahlrecht.de,2025-02-17,2025-02-17,2010,13,Greens
13650,C00013650,INSA,wahlrecht.de,2025-02-17,2025-02-17,2010,6.5,Left
13650,C00013650,INSA,wahlrecht.de,2025-02-17,2025-02-17,2010,15,SPD
16607,C00016607,YouGov,wahlrecht.de,2025-02-17,2025-02-17,2131,20,AfD
16607,C00016607,YouGov,wahlrecht.de,2025-02-17,2025-02-17,2131,5,BSW
16607,C00016607,YouGov,wahlrecht.de,2025-02-17,2025-02-17,2131,27,CDU/CSU
16607,C00016607,YouGov,wahlrecht.de,2025-02-17,2025-02-17,2131,4,FDP
16607,C00016607,YouGov,wahlrecht.de,2025-02-17,2025-02-17,2131,12,Greens
16607,C00016607,YouGov,wahlrecht.de,2025-02-17,2025-02-17,2131,9,Left
16607,C00016607,YouGov,wahlrecht.de,2025-02-17,2025-02-17,2131,17,SPD
8541,C00008541,Forsa,wahlrecht.de,2025-02-17,2025-02-18,2501,20,AfD
8541,C00008541,Forsa,wahlrecht.de,2025-02-17,2025-02-18,2501,4,BSW
8541,C00008541,Forsa,wahlrecht.de,2025-02-17,2025-02-18,2501,30,CDU/CSU
8541,C00008541,Forsa,wahlrecht.de,2025-02-17,2025-02-18,2501,5,FDP
8541,C00008541,Forsa,wahlrecht.de,2025-02-17,2025-02-18,2501,13,Greens
8541,C00008541,Forsa,wahlrecht.de,2025-02-17,2025-02-18,2501,7,Left
8541,C00008541,Forsa,wahlrecht.de,2025-02-17,2025-02-18,2501,16,SPD
17221,C00017221,Institut Wahlkreisprognose,DAWUM,2025-02-18,2025-02-18,1000,20,AfD
17221,C00017221,Institut Wahlkreisprognose,DAWUM,2025-02-18,2025-02-18,1000,5,BSW
17221,C00017221,Institut Wahlkreisprognose,DAWUM,2025-02-18,2025-02-18,1000,30,CDU/CSU
17221,C00017221,Institut Wahlkreisprognose,DAWUM,2025-02-18,2025-02-18,1000,4,FDP
17221,C00017221,Institut Wahlkreisprognose,DAWUM,2025-02-18,2025-02-18,1000,12,Greens
17221,C00017221,Institut Wahlkreisprognose,DAWUM,2025-02-18,2025-02-18,1000,7,Left
17221,C00017221,Institut Wahlkreisprognose,DAWUM,2025-02-18,2025-02-18,1000,14.5,SPD
10305,C00010305,GMS,wahlrecht.de,2025-02-19,2025-02-19,1016,20,AfD
10305,C00010305,GMS,wahlrecht.de,2025-02-19,2025-02-19,1016,4,BSW
10305,C00010305,GMS,wahlrecht.de,2025-02-19,2025-02-19,1016,31,CDU/CSU
10305,C00010305,GMS,wahlrecht.de,2025-02-19,2025-02-19,1016,4,FDP
10305,C00010305,GMS,wahlrecht.de,2025-02-19,2025-02-19,1016,13,Greens
10305,C00010305,GMS,wahlrecht.de,2025-02-19,2025-02-19,1016,6,Left
10305,C00010305,GMS,wahlrecht.de,2025-02-19,2025-02-19,1016,15,SPD
13649,C00013649,INSA,wahlrecht.de,2025-02-19,2025-02-20,2503,21,AfD
13649,C00013649,INSA,wahlrecht.de,2025-02-19,2025-02-20,2503,5,BSW
13649,C00013649,INSA,wahlrecht.de,2025-02-19,2025-02-20,2503,30,CDU/CSU
13649,C00013649,INSA,wahlrecht.de,2025-02-19,2025-02-20,2503,4,FDP
13649,C00013649,INSA,wahlrecht.de,2025-02-19,2025-02-20,2503,13,Greens
13649,C00013649,INSA,wahlrecht.de,2025-02-19,2025-02-20,2503,7,Left
13649,C00013649,INSA,wahlrecht.de,2025-02-19,2025-02-20,2503,15,SPD
17216,C00017216,Ipsos,DAWUM,2025-02-19,2025-02-20,2000,20,AfD
17216,C00017216,Ipsos,DAWUM,2025-02-19,2025-02-20,2000,4.5,BSW
17216,C00017216,Ipsos,DAWUM,2025-02-19,2025-02-20,2000,31,CDU/CSU
17216,C00017216,Ipsos,DAWUM,2025-02-19,2025-02-20,2000,4.5,FDP
17216,C00017216,Ipsos,DAWUM,2025-02-19,2025-02-20,2000,13,Greens
17216,C00017216,Ipsos,DAWUM,2025-02-19,2025-02-20,2000,7,Left
17216,C00017216,Ipsos,DAWUM,2025-02-19,2025-02-20,2000,15,SPD
17218,C00017218,INSA,DAWUM,2025-02-19,2025-02-20,2502,21,AfD
17218,C00017218,INSA,DAWUM,2025-02-19,2025-02-20,2502,5,BSW
17218,C00017218,INSA,DAWUM,2025-02-19,2025-02-20,2502,30,CDU/CSU
17218,C00017218,INSA,DAWUM,2025-02-19,2025-02-20,2502,4,FDP
17218,C00017218,INSA,DAWUM,2025-02-19,2025-02-20,2502,13,Greens
17218,C00017218,INSA,DAWUM,2025-02-19,2025-02-20,2502,7,Left
17218,C00017218,INSA,DAWUM,2025-02-19,2025-02-20,2502,15,SPD
20668,C00020668,Forschungsgruppe Wahlen,wahlrecht.de,2025-02-20,2025-02-20,1349,21,AfD
20668,C00020668,Forschungsgruppe Wahlen,wahlrecht.de,2025-02-20,2025-02-20,1349,4.5,BSW
20668,C00020668,Forschungsgruppe Wahlen,wahlrecht.de,2025-02-20,2025-02-20,1349,28,CDU/CSU
20668,C00020668,Forschungsgruppe Wahlen,wahlrecht.de,2025-02-20,2025-02-20,1349,4.5,FDP
20668,C00020668,Forschungsgruppe Wahlen,wahlrecht.de,2025-02-20,2025-02-20,1349,14,Greens
20668,C00020668,Forschungsgruppe Wahlen,wahlrecht.de,2025-02-20,2025-02-20,1349,8,Left
20668,C00020668,Forschungsgruppe Wahlen,wahlrecht.de,2025-02-20,2025-02-20,1349,16,SPD
6403,C00006403,Allensbach,wahlrecht.de,2025-02-20,2025-02-21,1064,20,AfD
6403,C00006403,Allensbach,wahlrecht.de,2025-02-20,2025-02-21,1064,4.5,BSW
6403,C00006403,Allensbach,wahlrecht.de,2025-02-20,2025-02-21,1064,32,CDU/CSU
6403,C00006403,Allensbach,wahlrecht.de,2025-02-20,2025-02-21,1064,4.5,FDP
6403,C00006403,Allensbach,wahlrecht.de,2025-02-20,2025-02-21,1064,12,Greens
6403,C00006403,Allensbach,wahlrecht.de,2025-02-20,2025-02-21,1064,7.5,Left
6403,C00006403,Allensbach,wahlrecht.de,2025-02-20,2025-02-21,1064,14.5,SPD
8540,C00008540,Forsa,wahlrecht.de,2025-02-20,2025-02-21,2002,21,AfD
8540,C00008540,Forsa,wahlrecht.de,2025-02-20,2025-02-21,2002,3,BSW
8540,C00008540,Forsa,wahlrecht.de,2025-02-20,2025-02-21,2002,29,CDU/CSU
8540,C00008540,Forsa,wahlrecht.de,2025-02-20,2025-02-21,2002,5,FDP
8540,C00008540,Forsa,wahlrecht.de,2025-02-20,2025-02-21,2002,13,Greens
8540,C00008540,Forsa,wahlrecht.de,2025-02-20,2025-02-21,2002,8,Left
8540,C00008540,Forsa,wahlrecht.de,2025-02-20,2025-02-21,2002,15,SPD
16606,C00016606,YouGov,wahlrecht.de,2025-02-20,2025-02-21,1681,20,AfD
16606,C00016606,YouGov,wahlrecht.de,2025-02-20,2025-02-21,1681,5,BSW
16606,C00016606,YouGov,wahlrecht.de,2025-02-20,2025-02-21,1681,29,CDU/CSU
16606,C00016606,YouGov,wahlrecht.de,2025-02-20,2025-02-21,1681,4,FDP
16606,C00016606,YouGov,wahlrecht.de,2025-02-20,2025-02-21,1681,13,Greens
16606,C00016606,YouGov,wahlrecht.de,2025-02-20,2025-02-21,1681,8,Left
16606,C00016606,YouGov,wahlrecht.de,2025-02-20,2025-02-21,1681,16,SPD
17209,C00017209,Institut Wahlkreisprognose,DAWUM,2025-02-21,2025-02-21,1536,20.5,AfD
17209,C00017209,Institut Wahlkreisprognose,DAWUM,2025-02-21,2025-02-21,1536,4.5,BSW
17209,C00017209,Institut Wahlkreisprognose,DAWUM,2025-02-21,2025-02-21,1536,29.5,CDU/CSU
17209,C00017209,Institut Wahlkreisprognose,DAWUM,2025-02-21,2025-02-21,1536,4.5,FDP
17209,C00017209,Institut Wahlkreisprognose,DAWUM,2025-02-21,2025-02-21,1536,12,Greens
17209,C00017209,Institut Wahlkreisprognose,DAWUM,2025-02-21,2025-02-21,1536,8,Left
17209,C00017209,Institut Wahlkreisprognose,DAWUM,2025-02-21,2025-02-21,1536,14.5,SPD
17210,C00017210,Ipsos,DAWUM,2025-02-21,2025-02-21,1000,21,AfD
17210,C00017210,Ipsos,DAWUM,2025-02-21,2025-02-21,1000,4.5,BSW
17210,C00017210,Ipsos,DAWUM,2025-02-21,2025-02-21,1000,30,CDU/CSU
17210,C00017210,Ipsos,DAWUM,2025-02-21,2025-02-21,1000,4.5,FDP
17210,C00017210,Ipsos,DAWUM,2025-02-21,2025-02-21,1000,12,Greens
17210,C00017210,Ipsos,DAWUM,2025-02-21,2025-02-21,1000,7,Left
17210,C00017210,Ipsos,DAWUM,2025-02-21,2025-02-21,1000,16,SPD
13648,C00013648,INSA,wahlrecht.de,2025-02-22,2025-02-22,2005,21,AfD
13648,C00013648,INSA,wahlrecht.de,2025-02-22,2025-02-22,2005,5,BSW
13648,C00013648,INSA,wahlrecht.de,2025-02-22,2025-02-22,2005,29.5,CDU/CSU
13648,C00013648,INSA,wahlrecht.de,2025-02-22,2025-02-22,2005,4.5,FDP
13648,C00013648,INSA,wahlrecht.de,2025-02-22,2025-02-22,2005,12.5,Greens
13648,C00013648,INSA,wahlrecht.de,2025-02-22,2025-02-22,2005,7.5,Left
13648,C00013648,INSA,wahlrecht.de,2025-02-22,2025-02-22,2005,15,SPD
17208,C00017208,INSA,DAWUM,2025-02-21,2025-02-22,2005,21,AfD
17208,C00017208,INSA,DAWUM,2025-02-21,2025-02-22,2005,5,BSW
17208,C00017208,INSA,DAWUM,2025-02-21,2025-02-22,2005,29.5,CDU/CSU
17208,C00017208,INSA,DAWUM,2025-02-21,2025-02-22,2005,4.5,FDP
17208,C00017208,INSA,DAWUM,2025-02-21,2025-02-22,2005,12.5,Greens
17208,C00017208,INSA,DAWUM,2025-02-21,2025-02-22,2005,7.5,Left
17208,C00017208,INSA,DAWUM,2025-02-21,2025-02-22,2005,15,SPD
13647,C00013647,INSA,wahlrecht.de,2025-02-28,2025-03-02,1001,22,AfD
13647,C00013647,INSA,wahlrecht.de,2025-02-28,2025-03-02,1001,5,BSW
13647,C00013647,INSA,wahlrecht.de,2025-02-28,2025-03-02,1001,30,CDU/CSU
13647,C00013647,INSA,wahlrecht.de,2025-02-28,2025-03-02,1001,4,FDP
13647,C00013647,INSA,wahlrecht.de,2025-02-28,2025-03-02,1001,11,Greens
13647,C00013647,INSA,wahlrecht.de,2025-02-28,2025-03-02,1001,9,Left
13647,C00013647,INSA,wahlrecht.de,2025-02-28,2025-03-02,1001,15,SPD
8539,C00008539,Forsa,wahlrecht.de,2025-03-03,2025-03-04,3001,22,AfD
8539,C00008539,Forsa,wahlrecht.de,2025-03-03,2025-03-04,3001,3,BSW
8539,C00008539,Forsa,wahlrecht.de,2025-03-03,2025-03-04,3001,28,CDU/CSU
8539,C00008539,Forsa,wahlrecht.de,2025-03-03,2025-03-04,3001,3,FDP
8539,C00008539,Forsa,wahlrecht.de,2025-03-03,2025-03-04,3001,11,Greens
8539,C00008539,Forsa,wahlrecht.de,2025-03-03,2025-03-04,3001,12,Left
8539,C00008539,Forsa,wahlrecht.de,2025-03-03,2025-03-04,3001,15,SPD
13646,C00013646,INSA,wahlrecht.de,2025-03-03,2025-03-04,2002,22,AfD
13646,C00013646,INSA,wahlrecht.de,2025-03-03,2025-03-04,2002,5,BSW
13646,C00013646,INSA,wahlrecht.de,2025-03-03,2025-03-04,2002,29.5,CDU/CSU
13646,C00013646,INSA,wahlrecht.de,2025-03-03,2025-03-04,2002,3.5,FDP
13646,C00013646,INSA,wahlrecht.de,2025-03-03,2025-03-04,2002,11,Greens
13646,C00013646,INSA,wahlrecht.de,2025-03-03,2025-03-04,2002,9.5,Left
13646,C00013646,INSA,wahlrecht.de,2025-03-03,2025-03-04,2002,15.5,SPD
12571,C00012571,Infratest Dimap,wahlrecht.de,2025-03-05,2025-03-06,1325,21,AfD
12571,C00012571,Infratest Dimap,wahlrecht.de,2025-03-05,2025-03-06,1325,5,BSW
12571,C00012571,Infratest Dimap,wahlrecht.de,2025-03-05,2025-03-06,1325,29,CDU/CSU
12571,C00012571,Infratest Dimap,wahlrecht.de,2025-03-05,2025-03-06,1325,3,FDP
12571,C00012571,Infratest Dimap,wahlrecht.de,2025-03-05,2025-03-06,1325,12,Greens
12571,C00012571,Infratest Dimap,wahlrecht.de,2025-03-05,2025-03-06,1325,9,Left
12571,C00012571,Infratest Dimap,wahlrecht.de,2025-03-05,2025-03-06,1325,16,SPD
17199,C00017199,Ipsos,DAWUM,2025-03-01,2025-03-07,1000,22,AfD
17199,C00017199,Ipsos,DAWUM,2025-03-01,2025-03-07,1000,5,BSW
17199,C00017199,Ipsos,DAWUM,2025-03-01,2025-03-07,1000,29,CDU/CSU
17199,C00017199,Ipsos,DAWUM,2025-03-01,2025-03-07,1000,4,FDP
17199,C00017199,Ipsos,DAWUM,2025-03-01,2025-03-07,1000,12,Greens
17199,C00017199,Ipsos,DAWUM,2025-03-01,2025-03-07,1000,9,Left
17199,C00017199,Ipsos,DAWUM,2025-03-01,2025-03-07,1000,15,SPD
20667,C00020667,Forschungsgruppe Wahlen,wahlrecht.de,2025-03-06,2025-03-07,1249,21,AfD
20667,C00020667,Forschungsgruppe Wahlen,wahlrecht.de,2025-03-06,2025-03-07,1249,3,BSW
20667,C00020667,Forschungsgruppe Wahlen,wahlrecht.de,2025-03-06,2025-03-07,1249,28,CDU/CSU
20667,C00020667,Forschungsgruppe Wahlen,wahlrecht.de,2025-03-06,2025-03-07,1249,4,FDP
20667,C00020667,Forschungsgruppe Wahlen,wahlrecht.de,2025-03-06,2025-03-07,1249,13,Greens
20667,C00020667,Forschungsgruppe Wahlen,wahlrecht.de,2025-03-06,2025-03-07,1249,10,Left
20667,C00020667,Forschungsgruppe Wahlen,wahlrecht.de,2025-03-06,2025-03-07,1249,15,SPD
13645,C00013645,INSA,wahlrecht.de,2025-03-07,2025-03-09,1201,21,AfD
13645,C00013645,INSA,wahlrecht.de,2025-03-07,2025-03-09,1201,5,BSW
13645,C00013645,INSA,wahlrecht.de,2025-03-07,2025-03-09,1201,28,CDU/CSU
13645,C00013645,INSA,wahlrecht.de,2025-03-07,2025-03-09,1201,4,FDP
13645,C00013645,INSA,wahlrecht.de,2025-03-07,2025-03-09,1201,11,Greens
13645,C00013645,INSA,wahlrecht.de,2025-03-07,2025-03-09,1201,10,Left
13645,C00013645,INSA,wahlrecht.de,2025-03-07,2025-03-09,1201,16,SPD
13644,C00013644,INSA,wahlrecht.de,2025-03-10,2025-03-10,2003,22,AfD
13644,C00013644,INSA,wahlrecht.de,2025-03-10,2025-03-10,2003,4.5,BSW
13644,C00013644,INSA,wahlrecht.de,2025-03-10,2025-03-10,2003,28.5,CDU/CSU
13644,C00013644,INSA,wahlrecht.de,2025-03-10,2025-03-10,2003,3.5,FDP
13644,C00013644,INSA,wahlrecht.de,2025-03-10,2025-03-10,2003,10.5,Greens
13644,C00013644,INSA,wahlrecht.de,2025-03-10,2025-03-10,2003,10.5,Left
13644,C00013644,INSA,wahlrecht.de,2025-03-10,2025-03-10,2003,16.5,SPD
8538,C00008538,Forsa,wahlrecht.de,2025-03-10,2025-03-11,2504,22,AfD
8538,C00008538,Forsa,wahlrecht.de,2025-03-10,2025-03-11,2504,3,BSW
8538,C00008538,Forsa,wahlrecht.de,2025-03-10,2025-03-11,2504,28,CDU/CSU
8538,C00008538,Forsa,wahlrecht.de,2025-03-10,2025-03-11,2504,4,FDP
8538,C00008538,Forsa,wahlrecht.de,2025-03-10,2025-03-11,2504,11,Greens
8538,C00008538,Forsa,wahlrecht.de,2025-03-10,2025-03-11,2504,11,Left
8538,C00008538,Forsa,wahlrecht.de,2025-03-10,2025-03-11,2504,15,SPD
13643,C00013643,INSA,wahlrecht.de,2025-03-14,2025-03-15,1201,22,AfD
13643,C00013643,INSA,wahlrecht.de,2025-03-14,2025-03-15,1201,5,BSW
13643,C00013643,INSA,wahlrecht.de,2025-03-14,2025-03-15,1201,28,CDU/CSU
13643,C00013643,INSA,wahlrecht.de,2025-03-14,2025-03-15,1201,3,FDP
13643,C00013643,INSA,wahlrecht.de,2025-03-14,2025-03-15,1201,11,Greens
13643,C00013643,INSA,wahlrecht.de,2025-03-14,2025-03-15,1201,10,Left
13643,C00013643,INSA,wahlrecht.de,2025-03-14,2025-03-15,1201,16,SPD
13642,C00013642,INSA,wahlrecht.de,2025-03-17,2025-03-17,2008,22,AfD
13642,C00013642,INSA,wahlrecht.de,2025-03-17,2025-03-17,2008,5,BSW
13642,C00013642,INSA,wahlrecht.de,2025-03-17,2025-03-17,2008,29,CDU/CSU
13642,C00013642,INSA,wahlrecht.de,2025-03-17,2025-03-17,2008,3,FDP
13642,C00013642,INSA,wahlrecht.de,2025-03-17,2025-03-17,2008,11,Greens
13642,C00013642,INSA,wahlrecht.de,2025-03-17,2025-03-17,2008,10.5,Left
13642,C00013642,INSA,wahlrecht.de,2025-03-17,2025-03-17,2008,15.5,SPD
8537,C00008537,Forsa,wahlrecht.de,2025-03-17,2025-03-18,2501,23,AfD
8537,C00008537,Forsa,wahlrecht.de,2025-03-17,2025-03-18,2501,3,BSW
8537,C00008537,Forsa,wahlrecht.de,2025-03-17,2025-03-18,2501,27,CDU/CSU
8537,C00008537,Forsa,wahlrecht.de,2025-03-17,2025-03-18,2501,4,FDP
8537,C00008537,Forsa,wahlrecht.de,2025-03-17,2025-03-18,2501,12,Greens
8537,C00008537,Forsa,wahlrecht.de,2025-03-17,2025-03-18,2501,11,Left
8537,C00008537,Forsa,wahlrecht.de,2025-03-17,2025-03-18,2501,14,SPD
13641,C00013641,INSA,wahlrecht.de,2025-03-21,2025-03-21,1202,23,AfD
13641,C00013641,INSA,wahlrecht.de,2025-03-21,2025-03-21,1202,5,BSW
13641,C00013641,INSA,wahlrecht.de,2025-03-21,2025-03-21,1202,27,CDU/CSU
13641,C00013641,INSA,wahlrecht.de,2025-03-21,2025-03-21,1202,3,FDP
13641,C00013641,INSA,wahlrecht.de,2025-03-21,2025-03-21,1202,12,Greens
13641,C00013641,INSA,wahlrecht.de,2025-03-21,2025-03-21,1202,10,Left
13641,C00013641,INSA,wahlrecht.de,2025-03-21,2025-03-21,1202,15,SPD
20666,C00020666,Forschungsgruppe Wahlen,wahlrecht.de,2025-03-20,2025-03-21,1305,22,AfD
20666,C00020666,Forschungsgruppe Wahlen,wahlrecht.de,2025-03-20,2025-03-21,1305,3,BSW
20666,C00020666,Forschungsgruppe Wahlen,wahlrecht.de,2025-03-20,2025-03-21,1305,27,CDU/CSU
20666,C00020666,Forschungsgruppe Wahlen,wahlrecht.de,2025-03-20,2025-03-21,1305,4,FDP
20666,C00020666,Forschungsgruppe Wahlen,wahlrecht.de,2025-03-20,2025-03-21,1305,12,Greens
20666,C00020666,Forschungsgruppe Wahlen,wahlrecht.de,2025-03-20,2025-03-21,1305,10,Left
20666,C00020666,Forschungsgruppe Wahlen,wahlrecht.de,2025-03-20,2025-03-21,1305,16,SPD
13640,C00013640,INSA,wahlrecht.de,2025-03-24,2025-03-24,2004,23.5,AfD
13640,C00013640,INSA,wahlrecht.de,2025-03-24,2025-03-24,2004,4.5,BSW
13640,C00013640,INSA,wahlrecht.de,2025-03-24,2025-03-24,2004,27,CDU/CSU
13640,C00013640,INSA,wahlrecht.de,2025-03-24,2025-03-24,2004,3.5,FDP
13640,C00013640,INSA,wahlrecht.de,2025-03-24,2025-03-24,2004,12,Greens
13640,C00013640,INSA,wahlrecht.de,2025-03-24,2025-03-24,2004,10.5,Left
13640,C00013640,INSA,wahlrecht.de,2025-03-24,2025-03-24,2004,14.5,SPD
8536,C00008536,Forsa,wahlrecht.de,2025-03-24,2025-03-25,2502,23,AfD
8536,C00008536,Forsa,wahlrecht.de,2025-03-24,2025-03-25,2502,4,BSW
8536,C00008536,Forsa,wahlrecht.de,2025-03-24,2025-03-25,2502,26,CDU/CSU
8536,C00008536,Forsa,wahlrecht.de,2025-03-24,2025-03-25,2502,4,FDP
8536,C00008536,Forsa,wahlrecht.de,2025-03-24,2025-03-25,2502,12,Greens
8536,C00008536,Forsa,wahlrecht.de,2025-03-24,2025-03-25,2502,10,Left
8536,C00008536,Forsa,wahlrecht.de,2025-03-24,2025-03-25,2502,15,SPD
16605,C00016605,YouGov,wahlrecht.de,2025-03-24,2025-03-26,1890,24,AfD
16605,C00016605,YouGov,wahlrecht.de,2025-03-24,2025-03-26,1890,5,BSW
16605,C00016605,YouGov,wahlrecht.de,2025-03-24,2025-03-26,1890,26,CDU/CSU
16605,C00016605,YouGov,wahlrecht.de,2025-03-24,2025-03-26,1890,3,FDP
16605,C00016605,YouGov,wahlrecht.de,2025-03-24,2025-03-26,1890,12,Greens
16605,C00016605,YouGov,wahlrecht.de,2025-03-24,2025-03-26,1890,10,Left
16605,C00016605,YouGov,wahlrecht.de,2025-03-24,2025-03-26,1890,15,SPD
6402,C00006402,Allensbach,wahlrecht.de,2025-03-11,2025-03-27,1031,21,AfD
6402,C00006402,Allensbach,wahlrecht.de,2025-03-11,2025-03-27,1031,4,BSW
6402,C00006402,Allensbach,wahlrecht.de,2025-03-11,2025-03-27,1031,29.5,CDU/CSU
6402,C00006402,Allensbach,wahlrecht.de,2025-03-11,2025-03-27,1031,3,FDP
6402,C00006402,Allensbach,wahlrecht.de,2025-03-11,2025-03-27,1031,11.5,Greens
6402,C00006402,Allensbach,wahlrecht.de,2025-03-11,2025-03-27,1031,10,Left
6402,C00006402,Allensbach,wahlrecht.de,2025-03-11,2025-03-27,1031,16,SPD
16056,C00016056,Verian (Emnid),wahlrecht.de,2025-03-25,2025-03-28,1381,22,AfD
16056,C00016056,Verian (Emnid),wahlrecht.de,2025-03-25,2025-03-28,1381,4,BSW
16056,C00016056,Verian (Emnid),wahlrecht.de,2025-03-25,2025-03-28,1381,27,CDU/CSU
16056,C00016056,Verian (Emnid),wahlrecht.de,2025-03-25,2025-03-28,1381,3,FDP
16056,C00016056,Verian (Emnid),wahlrecht.de,2025-03-25,2025-03-28,1381,13,Greens
16056,C00016056,Verian (Emnid),wahlrecht.de,2025-03-25,2025-03-28,1381,10,Left
16056,C00016056,Verian (Emnid),wahlrecht.de,2025-03-25,2025-03-28,1381,15,SPD
13639,C00013639,INSA,wahlrecht.de,2025-03-28,2025-03-29,1204,23,AfD
13639,C00013639,INSA,wahlrecht.de,2025-03-28,2025-03-29,1204,5,BSW
13639,C00013639,INSA,wahlrecht.de,2025-03-28,2025-03-29,1204,26,CDU/CSU
13639,C00013639,INSA,wahlrecht.de,2025-03-28,2025-03-29,1204,3,FDP
13639,C00013639,INSA,wahlrecht.de,2025-03-28,2025-03-29,1204,12,Greens
13639,C00013639,INSA,wahlrecht.de,2025-03-28,2025-03-29,1204,10,Left
13639,C00013639,INSA,wahlrecht.de,2025-03-28,2025-03-29,1204,16,SPD
13638,C00013638,INSA,wahlrecht.de,2025-03-31,2025-03-31,2006,23.5,AfD
13638,C00013638,INSA,wahlrecht.de,2025-03-31,2025-03-31,2006,4.5,BSW
13638,C00013638,INSA,wahlrecht.de,2025-03-31,2025-03-31,2006,26.5,CDU/CSU
13638,C00013638,INSA,wahlrecht.de,2025-03-31,2025-03-31,2006,3.5,FDP
13638,C00013638,INSA,wahlrecht.de,2025-03-31,2025-03-31,2006,12,Greens
13638,C00013638,INSA,wahlrecht.de,2025-03-31,2025-03-31,2006,10.5,Left
13638,C00013638,INSA,wahlrecht.de,2025-03-31,2025-03-31,2006,15.5,SPD
8535,C00008535,Forsa,wahlrecht.de,2025-03-31,2025-04-01,2508,24,AfD
8535,C00008535,Forsa,wahlrecht.de,2025-03-31,2025-04-01,2508,4,BSW
8535,C00008535,Forsa,wahlrecht.de,2025-03-31,2025-04-01,2508,25,CDU/CSU
8535,C00008535,Forsa,wahlrecht.de,2025-03-31,2025-04-01,2508,4,FDP
8535,C00008535,Forsa,wahlrecht.de,2025-03-31,2025-04-01,2508,12,Greens
8535,C00008535,Forsa,wahlrecht.de,2025-03-31,2025-04-01,2508,10,Left
8535,C00008535,Forsa,wahlrecht.de,2025-03-31,2025-04-01,2508,15,SPD
12570,C00012570,Infratest Dimap,wahlrecht.de,2025-04-02,2025-04-03,1334,24,AfD
12570,C00012570,Infratest Dimap,wahlrecht.de,2025-04-02,2025-04-03,1334,4,BSW
12570,C00012570,Infratest Dimap,wahlrecht.de,2025-04-02,2025-04-03,1334,26,CDU/CSU
12570,C00012570,Infratest Dimap,wahlrecht.de,2025-04-02,2025-04-03,1334,4,FDP
12570,C00012570,Infratest Dimap,wahlrecht.de,2025-04-02,2025-04-03,1334,11,Greens
12570,C00012570,Infratest Dimap,wahlrecht.de,2025-04-02,2025-04-03,1334,10,Left
12570,C00012570,Infratest Dimap,wahlrecht.de,2025-04-02,2025-04-03,1334,16,SPD
13637,C00013637,INSA,wahlrecht.de,2025-04-04,2025-04-05,1206,24,AfD
13637,C00013637,INSA,wahlrecht.de,2025-04-04,2025-04-05,1206,4,BSW
13637,C00013637,INSA,wahlrecht.de,2025-04-04,2025-04-05,1206,24,CDU/CSU
13637,C00013637,INSA,wahlrecht.de,2025-04-04,2025-04-05,1206,4,FDP
13637,C00013637,INSA,wahlrecht.de,2025-04-04,2025-04-05,1206,11,Greens
13637,C00013637,INSA,wahlrecht.de,2025-04-04,2025-04-05,1206,11,Left
13637,C00013637,INSA,wahlrecht.de,2025-04-04,2025-04-05,1206,16,SPD
10304,C00010304,GMS,wahlrecht.de,2025-04-07,2025-04-07,1022,25,AfD
10304,C00010304,GMS,wahlrecht.de,2025-04-07,2025-04-07,1022,4,BSW
10304,C00010304,GMS,wahlrecht.de,2025-04-07,2025-04-07,1022,26,CDU/CSU
10304,C00010304,GMS,wahlrecht.de,2025-04-07,2025-04-07,1022,4,FDP
10304,C00010304,GMS,wahlrecht.de,2025-04-07,2025-04-07,1022,11,Greens
10304,C00010304,GMS,wahlrecht.de,2025-04-07,2025-04-07,1022,10,Left
10304,C00010304,GMS,wahlrecht.de,2025-04-07,2025-04-07,1022,15,SPD
13636,C00013636,INSA,wahlrecht.de,2025-04-07,2025-04-07,2008,24.5,AfD
13636,C00013636,INSA,wahlrecht.de,2025-04-07,2025-04-07,2008,4.5,BSW
13636,C00013636,INSA,wahlrecht.de,2025-04-07,2025-04-07,2008,24.5,CDU/CSU
13636,C00013636,INSA,wahlrecht.de,2025-04-07,2025-04-07,2008,4,FDP
13636,C00013636,INSA,wahlrecht.de,2025-04-07,2025-04-07,2008,10.5,Greens
13636,C00013636,INSA,wahlrecht.de,2025-04-07,2025-04-07,2008,10.5,Left
13636,C00013636,INSA,wahlrecht.de,2025-04-07,2025-04-07,2008,16,SPD
8534,C00008534,Forsa,wahlrecht.de,2025-04-07,2025-04-08,2501,24,AfD
8534,C00008534,Forsa,wahlrecht.de,2025-04-07,2025-04-08,2501,4,BSW
8534,C00008534,Forsa,wahlrecht.de,2025-04-07,2025-04-08,2501,25,CDU/CSU
8534,C00008534,Forsa,wahlrecht.de,2025-04-07,2025-04-08,2501,3,FDP
8534,C00008534,Forsa,wahlrecht.de,2025-04-07,2025-04-08,2501,12,Greens
8534,C00008534,Forsa,wahlrecht.de,2025-04-07,2025-04-08,2501,10,Left
8534,C00008534,Forsa,wahlrecht.de,2025-04-07,2025-04-08,2501,15,SPD
17172,C00017172,Ipsos,DAWUM,2025-04-05,2025-04-09,1000,25,AfD
17172,C00017172,Ipsos,DAWUM,2025-04-05,2025-04-09,1000,5,BSW
17172,C00017172,Ipsos,DAWUM,2025-04-05,2025-04-09,1000,24,CDU/CSU
17172,C00017172,Ipsos,DAWUM,2025-04-05,2025-04-09,1000,4,FDP
17172,C00017172,Ipsos,DAWUM,2025-04-05,2025-04-09,1000,11,Greens
17172,C00017172,Ipsos,DAWUM,2025-04-05,2025-04-09,1000,11,Left
17172,C00017172,Ipsos,DAWUM,2025-04-05,2025-04-09,1000,15,SPD
20665,C00020665,Forschungsgruppe Wahlen,wahlrecht.de,2025-04-10,2025-04-11,1322,24,AfD
20665,C00020665,Forschungsgruppe Wahlen,wahlrecht.de,2025-04-10,2025-04-11,1322,3,BSW
20665,C00020665,Forschungsgruppe Wahlen,wahlrecht.de,2025-04-10,2025-04-11,1322,26,CDU/CSU
20665,C00020665,Forschungsgruppe Wahlen,wahlrecht.de,2025-04-10,2025-04-11,1322,4,FDP
20665,C00020665,Forschungsgruppe Wahlen,wahlrecht.de,2025-04-10,2025-04-11,1322,12,Greens
20665,C00020665,Forschungsgruppe Wahlen,wahlrecht.de,2025-04-10,2025-04-11,1322,10,Left
20665,C00020665,Forschungsgruppe Wahlen,wahlrecht.de,2025-04-10,2025-04-11,1322,15,SPD
13635,C00013635,INSA,wahlrecht.de,2025-04-11,2025-04-12,1202,24,AfD
13635,C00013635,INSA,wahlrecht.de,2025-04-11,2025-04-12,1202,5,BSW
13635,C00013635,INSA,wahlrecht.de,2025-04-11,2025-04-12,1202,25,CDU/CSU
13635,C00013635,INSA,wahlrecht.de,2025-04-11,2025-04-12,1202,3,FDP
13635,C00013635,INSA,wahlrecht.de,2025-04-11,2025-04-12,1202,11,Greens
13635,C00013635,INSA,wahlrecht.de,2025-04-11,2025-04-12,1202,10,Left
13635,C00013635,INSA,wahlrecht.de,2025-04-11,2025-04-12,1202,16,SPD
13634,C00013634,INSA,wahlrecht.de,2025-04-14,2025-04-14,2002,24.5,AfD
13634,C00013634,INSA,wahlrecht.de,2025-04-14,2025-04-14,2002,4.5,BSW
13634,C00013634,INSA,wahlrecht.de,2025-04-14,2025-04-14,2002,25.5,CDU/CSU
13634,C00013634,INSA,wahlrecht.de,2025-04-14,2025-04-14,2002,3.5,FDP
13634,C00013634,INSA,wahlrecht.de,2025-04-14,2025-04-14,2002,11,Greens
13634,C00013634,INSA,wahlrecht.de,2025-04-14,2025-04-14,2002,10,Left
13634,C00013634,INSA,wahlrecht.de,2025-04-14,2025-04-14,2002,16,SPD
8533,C00008533,Forsa,wahlrecht.de,2025-04-14,2025-04-15,2502,24,AfD
8533,C00008533,Forsa,wahlrecht.de,2025-04-14,2025-04-15,2502,4,BSW
8533,C00008533,Forsa,wahlrecht.de,2025-04-14,2025-04-15,2502,25,CDU/CSU
8533,C00008533,Forsa,wahlrecht.de,2025-04-14,2025-04-15,2502,3,FDP
8533,C00008533,Forsa,wahlrecht.de,2025-04-14,2025-04-15,2502,12,Greens
8533,C00008533,Forsa,wahlrecht.de,2025-04-14,2025-04-15,2502,10,Left
8533,C00008533,Forsa,wahlrecht.de,2025-04-14,2025-04-15,2502,15,SPD
6401,C00006401,Allensbach,wahlrecht.de,2025-04-09,2025-04-19,1048,23.5,AfD
6401,C00006401,Allensbach,wahlrecht.de,2025-04-09,2025-04-19,1048,4,BSW
6401,C00006401,Allensbach,wahlrecht.de,2025-04-09,2025-04-19,1048,27,CDU/CSU
6401,C00006401,Allensbach,wahlrecht.de,2025-04-09,2025-04-19,1048,3,FDP
6401,C00006401,Allensbach,wahlrecht.de,2025-04-09,2025-04-19,1048,12,Greens
6401,C00006401,Allensbach,wahlrecht.de,2025-04-09,2025-04-19,1048,10,Left
6401,C00006401,Allensbach,wahlrecht.de,2025-04-09,2025-04-19,1048,16,SPD
13633,C00013633,INSA,wahlrecht.de,2025-04-17,2025-04-19,1205,24,AfD
13633,C00013633,INSA,wahlrecht.de,2025-04-17,2025-04-19,1205,5,BSW
13633,C00013633,INSA,wahlrecht.de,2025-04-17,2025-04-19,1205,25,CDU/CSU
13633,C00013633,INSA,wahlrecht.de,2025-04-17,2025-04-19,1205,4,FDP
13633,C00013633,INSA,wahlrecht.de,2025-04-17,2025-04-19,1205,11,Greens
13633,C00013633,INSA,wahlrecht.de,2025-04-17,2025-04-19,1205,10,Left
13633,C00013633,INSA,wahlrecht.de,2025-04-17,2025-04-19,1205,16,SPD
8532,C00008532,Forsa,wahlrecht.de,2025-04-17,2025-04-22,1502,26,AfD
8532,C00008532,Forsa,wahlrecht.de,2025-04-17,2025-04-22,1502,4,BSW
8532,C00008532,Forsa,wahlrecht.de,2025-04-17,2025-04-22,1502,25,CDU/CSU
8532,C00008532,Forsa,wahlrecht.de,2025-04-17,2025-04-22,1502,4,FDP
8532,C00008532,Forsa,wahlrecht.de,2025-04-17,2025-04-22,1502,11,Greens
8532,C00008532,Forsa,wahlrecht.de,2025-04-17,2025-04-22,1502,9,Left
8532,C00008532,Forsa,wahlrecht.de,2025-04-17,2025-04-22,1502,15,SPD
13632,C00013632,INSA,wahlrecht.de,2025-04-22,2025-04-22,2010,25,AfD
13632,C00013632,INSA,wahlrecht.de,2025-04-22,2025-04-22,2010,5,BSW
13632,C00013632,INSA,wahlrecht.de,2025-04-22,2025-04-22,2010,25,CDU/CSU
13632,C00013632,INSA,wahlrecht.de,2025-04-22,2025-04-22,2010,3.5,FDP
13632,C00013632,INSA,wahlrecht.de,2025-04-22,2025-04-22,2010,11,Greens
13632,C00013632,INSA,wahlrecht.de,2025-04-22,2025-04-22,2010,10,Left
13632,C00013632,INSA,wahlrecht.de,2025-04-22,2025-04-22,2010,15,SPD
13631,C00013631,INSA,wahlrecht.de,2025-04-25,2025-04-25,1204,25,AfD
13631,C00013631,INSA,wahlrecht.de,2025-04-25,2025-04-25,1204,4,BSW
13631,C00013631,INSA,wahlrecht.de,2025-04-25,2025-04-25,1204,25,CDU/CSU
13631,C00013631,INSA,wahlrecht.de,2025-04-25,2025-04-25,1204,3,FDP
13631,C00013631,INSA,wahlrecht.de,2025-04-25,2025-04-25,1204,12,Greens
13631,C00013631,INSA,wahlrecht.de,2025-04-25,2025-04-25,1204,10,Left
13631,C00013631,INSA,wahlrecht.de,2025-04-25,2025-04-25,1204,15,SPD
16055,C00016055,Verian (Emnid),wahlrecht.de,2025-04-22,2025-04-25,1469,24,AfD
16055,C00016055,Verian (Emnid),wahlrecht.de,2025-04-22,2025-04-25,1469,4,BSW
16055,C00016055,Verian (Emnid),wahlrecht.de,2025-04-22,2025-04-25,1469,26,CDU/CSU
16055,C00016055,Verian (Emnid),wahlrecht.de,2025-04-22,2025-04-25,1469,3,FDP
16055,C00016055,Verian (Emnid),wahlrecht.de,2025-04-22,2025-04-25,1469,12,Greens
16055,C00016055,Verian (Emnid),wahlrecht.de,2025-04-22,2025-04-25,1469,9,Left
16055,C00016055,Verian (Emnid),wahlrecht.de,2025-04-22,2025-04-25,1469,16,SPD
13630,C00013630,INSA,wahlrecht.de,2025-04-28,2025-04-28,2006,25,AfD
13630,C00013630,INSA,wahlrecht.de,2025-04-28,2025-04-28,2006,4,BSW
13630,C00013630,INSA,wahlrecht.de,2025-04-28,2025-04-28,2006,25,CDU/CSU
13630,C00013630,INSA,wahlrecht.de,2025-04-28,2025-04-28,2006,3,FDP
13630,C00013630,INSA,wahlrecht.de,2025-04-28,2025-04-28,2006,11,Greens
13630,C00013630,INSA,wahlrecht.de,2025-04-28,2025-04-28,2006,10,Left
13630,C00013630,INSA,wahlrecht.de,2025-04-28,2025-04-28,2006,15.5,SPD
8531,C00008531,Forsa,wahlrecht.de,2025-04-28,2025-04-29,2004,26,AfD
8531,C00008531,Forsa,wahlrecht.de,2025-04-28,2025-04-29,2004,4,BSW
8531,C00008531,Forsa,wahlrecht.de,2025-04-28,2025-04-29,2004,24,CDU/CSU
8531,C00008531,Forsa,wahlrecht.de,2025-04-28,2025-04-29,2004,3,FDP
8531,C00008531,Forsa,wahlrecht.de,2025-04-28,2025-04-29,2004,12,Greens
8531,C00008531,Forsa,wahlrecht.de,2025-04-28,2025-04-29,2004,10,Left
8531,C00008531,Forsa,wahlrecht.de,2025-04-28,2025-04-29,2004,14,SPD
16604,C00016604,YouGov,wahlrecht.de,2025-04-28,2025-04-30,1987,26,AfD
16604,C00016604,YouGov,wahlrecht.de,2025-04-28,2025-04-30,1987,5,BSW
16604,C00016604,YouGov,wahlrecht.de,2025-04-28,2025-04-30,1987,26,CDU/CSU
16604,C00016604,YouGov,wahlrecht.de,2025-04-28,2025-04-30,1987,4,FDP
16604,C00016604,YouGov,wahlrecht.de,2025-04-28,2025-04-30,1987,12,Greens
16604,C00016604,YouGov,wahlrecht.de,2025-04-28,2025-04-30,1987,10,Left
16604,C00016604,YouGov,wahlrecht.de,2025-04-28,2025-04-30,1987,14,SPD
17154,C00017154,Institut Wahlkreisprognose,DAWUM,2025-04-30,2025-04-30,1000,24.5,AfD
17154,C00017154,Institut Wahlkreisprognose,DAWUM,2025-04-30,2025-04-30,1000,3.5,BSW
17154,C00017154,Institut Wahlkreisprognose,DAWUM,2025-04-30,2025-04-30,1000,26,CDU/CSU
17154,C00017154,Institut Wahlkreisprognose,DAWUM,2025-04-30,2025-04-30,1000,4,FDP
17154,C00017154,Institut Wahlkreisprognose,DAWUM,2025-04-30,2025-04-30,1000,12,Greens
17154,C00017154,Institut Wahlkreisprognose,DAWUM,2025-04-30,2025-04-30,1000,10.5,Left
17154,C00017154,Institut Wahlkreisprognose,DAWUM,2025-04-30,2025-04-30,1000,16.5,SPD
20664,C00020664,Forschungsgruppe Wahlen,wahlrecht.de,2025-04-30,2025-05-02,1297,23,AfD
20664,C00020664,Forschungsgruppe Wahlen,wahlrecht.de,2025-04-30,2025-05-02,1297,3,BSW
20664,C00020664,Forschungsgruppe Wahlen,wahlrecht.de,2025-04-30,2025-05-02,1297,27,CDU/CSU
20664,C00020664,Forschungsgruppe Wahlen,wahlrecht.de,2025-04-30,2025-05-02,1297,4,FDP
20664,C00020664,Forschungsgruppe Wahlen,wahlrecht.de,2025-04-30,2025-05-02,1297,11,Greens
20664,C00020664,Forschungsgruppe Wahlen,wahlrecht.de,2025-04-30,2025-05-02,1297,10,Left
20664,C00020664,Forschungsgruppe Wahlen,wahlrecht.de,2025-04-30,2025-05-02,1297,15,SPD
13629,C00013629,INSA,wahlrecht.de,2025-05-02,2025-05-03,1204,24,AfD
13629,C00013629,INSA,wahlrecht.de,2025-05-02,2025-05-03,1204,4,BSW
13629,C00013629,INSA,wahlrecht.de,2025-05-02,2025-05-03,1204,25,CDU/CSU
13629,C00013629,INSA,wahlrecht.de,2025-05-02,2025-05-03,1204,4,FDP
13629,C00013629,INSA,wahlrecht.de,2025-05-02,2025-05-03,1204,12,Greens
13629,C00013629,INSA,wahlrecht.de,2025-05-02,2025-05-03,1204,10,Left
13629,C00013629,INSA,wahlrecht.de,2025-05-02,2025-05-03,1204,16,SPD
8530,C00008530,Forsa,wahlrecht.de,2025-05-02,2025-05-05,1503,25,AfD
8530,C00008530,Forsa,wahlrecht.de,2025-05-02,2025-05-05,1503,3,BSW
8530,C00008530,Forsa,wahlrecht.de,2025-05-02,2025-05-05,1503,25,CDU/CSU
8530,C00008530,Forsa,wahlrecht.de,2025-05-02,2025-05-05,1503,3,FDP
8530,C00008530,Forsa,wahlrecht.de,2025-05-02,2025-05-05,1503,12,Greens
8530,C00008530,Forsa,wahlrecht.de,2025-05-02,2025-05-05,1503,10,Left
8530,C00008530,Forsa,wahlrecht.de,2025-05-02,2025-05-05,1503,15,SPD
13628,C00013628,INSA,wahlrecht.de,2025-05-05,2025-05-05,2003,24.5,AfD
13628,C00013628,INSA,wahlrecht.de,2025-05-05,2025-05-05,2003,4,BSW
13628,C00013628,INSA,wahlrecht.de,2025-05-05,2025-05-05,2003,24.5,CDU/CSU
13628,C00013628,INSA,wahlrecht.de,2025-05-05,2025-05-05,2003,4,FDP
13628,C00013628,INSA,wahlrecht.de,2025-05-05,2025-05-05,2003,11,Greens
13628,C00013628,INSA,wahlrecht.de,2025-05-05,2025-05-05,2003,10,Left
13628,C00013628,INSA,wahlrecht.de,2025-05-05,2025-05-05,2003,16,SPD
12569,C00012569,Infratest Dimap,wahlrecht.de,2025-05-06,2025-05-07,1325,23,AfD
12569,C00012569,Infratest Dimap,wahlrecht.de,2025-05-06,2025-05-07,1325,4,BSW
12569,C00012569,Infratest Dimap,wahlrecht.de,2025-05-06,2025-05-07,1325,27,CDU/CSU
12569,C00012569,Infratest Dimap,wahlrecht.de,2025-05-06,2025-05-07,1325,4,FDP
12569,C00012569,Infratest Dimap,wahlrecht.de,2025-05-06,2025-05-07,1325,11,Greens
12569,C00012569,Infratest Dimap,wahlrecht.de,2025-05-06,2025-05-07,1325,10,Left
12569,C00012569,Infratest Dimap,wahlrecht.de,2025-05-06,2025-05-07,1325,16,SPD
13627,C00013627,INSA,wahlrecht.de,2025-05-09,2025-05-10,1203,24,AfD
13627,C00013627,INSA,wahlrecht.de,2025-05-09,2025-05-10,1203,4,BSW
13627,C00013627,INSA,wahlrecht.de,2025-05-09,2025-05-10,1203,25,CDU/CSU
13627,C00013627,INSA,wahlrecht.de,2025-05-09,2025-05-10,1203,4,FDP
13627,C00013627,INSA,wahlrecht.de,2025-05-09,2025-05-10,1203,11,Greens
13627,C00013627,INSA,wahlrecht.de,2025-05-09,2025-05-10,1203,10,Left
13627,C00013627,INSA,wahlrecht.de,2025-05-09,2025-05-10,1203,16,SPD
13626,C00013626,INSA,wahlrecht.de,2025-05-12,2025-05-12,2004,24.5,AfD
13626,C00013626,INSA,wahlrecht.de,2025-05-12,2025-05-12,2004,4,BSW
13626,C00013626,INSA,wahlrecht.de,2025-05-12,2025-05-12,2004,25,CDU/CSU
13626,C00013626,INSA,wahlrecht.de,2025-05-12,2025-05-12,2004,3.5,FDP
13626,C00013626,INSA,wahlrecht.de,2025-05-12,2025-05-12,2004,11,Greens
13626,C00013626,INSA,wahlrecht.de,2025-05-12,2025-05-12,2004,10,Left
13626,C00013626,INSA,wahlrecht.de,2025-05-12,2025-05-12,2004,16,SPD
8529,C00008529,Forsa,wahlrecht.de,2025-05-12,2025-05-13,3001,25,AfD
8529,C00008529,Forsa,wahlrecht.de,2025-05-12,2025-05-13,3001,4,BSW
8529,C00008529,Forsa,wahlrecht.de,2025-05-12,2025-05-13,3001,25,CDU/CSU
8529,C00008529,Forsa,wahlrecht.de,2025-05-12,2025-05-13,3001,3,FDP
8529,C00008529,Forsa,wahlrecht.de,2025-05-12,2025-05-13,3001,11,Greens
8529,C00008529,Forsa,wahlrecht.de,2025-05-12,2025-05-13,3001,10,Left
8529,C00008529,Forsa,wahlrecht.de,2025-05-12,2025-05-13,3001,15,SPD
16603,C00016603,YouGov,wahlrecht.de,2025-05-12,2025-05-14,1927,25,AfD
16603,C00016603,YouGov,wahlrecht.de,2025-05-12,2025-05-14,1927,4,BSW
16603,C00016603,YouGov,wahlrecht.de,2025-05-12,2025-05-14,1927,27,CDU/CSU
16603,C00016603,YouGov,wahlrecht.de,2025-05-12,2025-05-14,1927,3,FDP
16603,C00016603,YouGov,wahlrecht.de,2025-05-12,2025-05-14,1927,12,Greens
16603,C00016603,YouGov,wahlrecht.de,2025-05-12,2025-05-14,1927,9,Left
16603,C00016603,YouGov,wahlrecht.de,2025-05-12,2025-05-14,1927,15,SPD
17140,C00017140,Ipsos,DAWUM,2025-05-10,2025-05-14,1000,25,AfD
17140,C00017140,Ipsos,DAWUM,2025-05-10,2025-05-14,1000,5,BSW
17140,C00017140,Ipsos,DAWUM,2025-05-10,2025-05-14,1000,25,CDU/CSU
17140,C00017140,Ipsos,DAWUM,2025-05-10,2025-05-14,1000,4,FDP
17140,C00017140,Ipsos,DAWUM,2025-05-10,2025-05-14,1000,12,Greens
17140,C00017140,Ipsos,DAWUM,2025-05-10,2025-05-14,1000,10,Left
17140,C00017140,Ipsos,DAWUM,2025-05-10,2025-05-14,1000,15,SPD
13625,C00013625,INSA,wahlrecht.de,2025-05-16,2025-05-16,1205,25,AfD
13625,C00013625,INSA,wahlrecht.de,2025-05-16,2025-05-16,1205,4,BSW
13625,C00013625,INSA,wahlrecht.de,2025-05-16,2025-05-16,1205,26,CDU/CSU
13625,C00013625,INSA,wahlrecht.de,2025-05-16,2025-05-16,1205,3,FDP
13625,C00013625,INSA,wahlrecht.de,2025-05-16,2025-05-16,1205,11,Greens
13625,C00013625,INSA,wahlrecht.de,2025-05-16,2025-05-16,1205,10,Left
13625,C00013625,INSA,wahlrecht.de,2025-05-16,2025-05-16,1205,16,SPD
17138,C00017138,pollytix,DAWUM,2025-05-15,2025-05-16,1514,25,AfD
17138,C00017138,pollytix,DAWUM,2025-05-15,2025-05-16,1514,5,BSW
17138,C00017138,pollytix,DAWUM,2025-05-15,2025-05-16,1514,27,CDU/CSU
17138,C00017138,pollytix,DAWUM,2025-05-15,2025-05-16,1514,3,FDP
17138,C00017138,pollytix,DAWUM,2025-05-15,2025-05-16,1514,11,Greens
17138,C00017138,pollytix,DAWUM,2025-05-15,2025-05-16,1514,10,Left
17138,C00017138,pollytix,DAWUM,2025-05-15,2025-05-16,1514,15,SPD
10303,C00010303,GMS,wahlrecht.de,2025-05-19,2025-05-19,1012,23,AfD
10303,C00010303,GMS,wahlrecht.de,2025-05-19,2025-05-19,1012,4,BSW
10303,C00010303,GMS,wahlrecht.de,2025-05-19,2025-05-19,1012,26,CDU/CSU
10303,C00010303,GMS,wahlrecht.de,2025-05-19,2025-05-19,1012,4,FDP
10303,C00010303,GMS,wahlrecht.de,2025-05-19,2025-05-19,1012,12,Greens
10303,C00010303,GMS,wahlrecht.de,2025-05-19,2025-05-19,1012,10,Left
10303,C00010303,GMS,wahlrecht.de,2025-05-19,2025-05-19,1012,14,SPD
13624,C00013624,INSA,wahlrecht.de,2025-05-19,2025-05-19,2008,24.5,AfD
13624,C00013624,INSA,wahlrecht.de,2025-05-19,2025-05-19,2008,4,BSW
13624,C00013624,INSA,wahlrecht.de,2025-05-19,2025-05-19,2008,26,CDU/CSU
13624,C00013624,INSA,wahlrecht.de,2025-05-19,2025-05-19,2008,3.5,FDP
13624,C00013624,INSA,wahlrecht.de,2025-05-19,2025-05-19,2008,11,Greens
13624,C00013624,INSA,wahlrecht.de,2025-05-19,2025-05-19,2008,10,Left
13624,C00013624,INSA,wahlrecht.de,2025-05-19,2025-05-19,2008,15.5,SPD
8528,C00008528,Forsa,wahlrecht.de,2025-05-19,2025-05-20,2504,24,AfD
8528,C00008528,Forsa,wahlrecht.de,2025-05-19,2025-05-20,2504,3,BSW
8528,C00008528,Forsa,wahlrecht.de,2025-05-19,2025-05-20,2504,26,CDU/CSU
8528,C00008528,Forsa,wahlrecht.de,2025-05-19,2025-05-20,2504,4,FDP
8528,C00008528,Forsa,wahlrecht.de,2025-05-19,2025-05-20,2504,11,Greens
8528,C00008528,Forsa,wahlrecht.de,2025-05-19,2025-05-20,2504,11,Left
8528,C00008528,Forsa,wahlrecht.de,2025-05-19,2025-05-20,2504,15,SPD
16054,C00016054,Verian (Emnid),wahlrecht.de,2025-05-20,2025-05-21,1468,23,AfD
16054,C00016054,Verian (Emnid),wahlrecht.de,2025-05-20,2025-05-21,1468,4,BSW
16054,C00016054,Verian (Emnid),wahlrecht.de,2025-05-20,2025-05-21,1468,26,CDU/CSU
16054,C00016054,Verian (Emnid),wahlrecht.de,2025-05-20,2025-05-21,1468,3,FDP
16054,C00016054,Verian (Emnid),wahlrecht.de,2025-05-20,2025-05-21,1468,12,Greens
16054,C00016054,Verian (Emnid),wahlrecht.de,2025-05-20,2025-05-21,1468,11,Left
16054,C00016054,Verian (Emnid),wahlrecht.de,2025-05-20,2025-05-21,1468,15,SPD
20663,C00020663,Forschungsgruppe Wahlen,wahlrecht.de,2025-05-22,2025-05-23,1328,23,AfD
20663,C00020663,Forschungsgruppe Wahlen,wahlrecht.de,2025-05-22,2025-05-23,1328,3,BSW
20663,C00020663,Forschungsgruppe Wahlen,wahlrecht.de,2025-05-22,2025-05-23,1328,26,CDU/CSU
20663,C00020663,Forschungsgruppe Wahlen,wahlrecht.de,2025-05-22,2025-05-23,1328,4,FDP
20663,C00020663,Forschungsgruppe Wahlen,wahlrecht.de,2025-05-22,2025-05-23,1328,12,Greens
20663,C00020663,Forschungsgruppe Wahlen,wahlrecht.de,2025-05-22,2025-05-23,1328,10,Left
20663,C00020663,Forschungsgruppe Wahlen,wahlrecht.de,2025-05-22,2025-05-23,1328,16,SPD
6400,C00006400,Allensbach,wahlrecht.de,2025-05-14,2025-05-24,1032,22.5,AfD
6400,C00006400,Allensbach,wahlrecht.de,2025-05-14,2025-05-24,1032,4,BSW
6400,C00006400,Allensbach,wahlrecht.de,2025-05-14,2025-05-24,1032,28,CDU/CSU
6400,C00006400,Allensbach,wahlrecht.de,2025-05-14,2025-05-24,1032,3,FDP
6400,C00006400,Allensbach,wahlrecht.de,2025-05-14,2025-05-24,1032,11,Greens
6400,C00006400,Allensbach,wahlrecht.de,2025-05-14,2025-05-24,1032,10,Left
6400,C00006400,Allensbach,wahlrecht.de,2025-05-14,2025-05-24,1032,17,SPD
13623,C00013623,INSA,wahlrecht.de,2025-05-23,2025-05-24,1198,24,AfD
13623,C00013623,INSA,wahlrecht.de,2025-05-23,2025-05-24,1198,4,BSW
13623,C00013623,INSA,wahlrecht.de,2025-05-23,2025-05-24,1198,27,CDU/CSU
13623,C00013623,INSA,wahlrecht.de,2025-05-23,2025-05-24,1198,4,FDP
13623,C00013623,INSA,wahlrecht.de,2025-05-23,2025-05-24,1198,11,Greens
13623,C00013623,INSA,wahlrecht.de,2025-05-23,2025-05-24,1198,10,Left
13623,C00013623,INSA,wahlrecht.de,2025-05-23,2025-05-24,1198,16,SPD
13622,C00013622,INSA,wahlrecht.de,2025-05-26,2025-05-26,2006,24.5,AfD
13622,C00013622,INSA,wahlrecht.de,2025-05-26,2025-05-26,2006,4.5,BSW
13622,C00013622,INSA,wahlrecht.de,2025-05-26,2025-05-26,2006,26,CDU/CSU
13622,C00013622,INSA,wahlrecht.de,2025-05-26,2025-05-26,2006,3.5,FDP
13622,C00013622,INSA,wahlrecht.de,2025-05-26,2025-05-26,2006,11,Greens
13622,C00013622,INSA,wahlrecht.de,2025-05-26,2025-05-26,2006,10,Left
13622,C00013622,INSA,wahlrecht.de,2025-05-26,2025-05-26,2006,16,SPD
8527,C00008527,Forsa,wahlrecht.de,2025-05-26,2025-05-27,2501,24,AfD
8527,C00008527,Forsa,wahlrecht.de,2025-05-26,2025-05-27,2501,3,BSW
8527,C00008527,Forsa,wahlrecht.de,2025-05-26,2025-05-27,2501,26,CDU/CSU
8527,C00008527,Forsa,wahlrecht.de,2025-05-26,2025-05-27,2501,4,FDP
8527,C00008527,Forsa,wahlrecht.de,2025-05-26,2025-05-27,2501,11,Greens
8527,C00008527,Forsa,wahlrecht.de,2025-05-26,2025-05-27,2501,11,Left
8527,C00008527,Forsa,wahlrecht.de,2025-05-26,2025-05-27,2501,15,SPD
13621,C00013621,INSA,wahlrecht.de,2025-05-30,2025-05-31,1203,24,AfD
13621,C00013621,INSA,wahlrecht.de,2025-05-30,2025-05-31,1203,4,BSW
13621,C00013621,INSA,wahlrecht.de,2025-05-30,2025-05-31,1203,26,CDU/CSU
13621,C00013621,INSA,wahlrecht.de,2025-05-30,2025-05-31,1203,4,FDP
13621,C00013621,INSA,wahlrecht.de,2025-05-30,2025-05-31,1203,10,Greens
13621,C00013621,INSA,wahlrecht.de,2025-05-30,2025-05-31,1203,11,Left
13621,C00013621,INSA,wahlrecht.de,2025-05-30,2025-05-31,1203,17,SPD
13620,C00013620,INSA,wahlrecht.de,2025-06-02,2025-06-02,2002,24.5,AfD
13620,C00013620,INSA,wahlrecht.de,2025-06-02,2025-06-02,2002,4,BSW
13620,C00013620,INSA,wahlrecht.de,2025-06-02,2025-06-02,2002,26.5,CDU/CSU
13620,C00013620,INSA,wahlrecht.de,2025-06-02,2025-06-02,2002,4,FDP
13620,C00013620,INSA,wahlrecht.de,2025-06-02,2025-06-02,2002,10.5,Greens
13620,C00013620,INSA,wahlrecht.de,2025-06-02,2025-06-02,2002,10.5,Left
13620,C00013620,INSA,wahlrecht.de,2025-06-02,2025-06-02,2002,16,SPD
8526,C00008526,Forsa,wahlrecht.de,2025-06-02,2025-06-03,2002,23,AfD
8526,C00008526,Forsa,wahlrecht.de,2025-06-02,2025-06-03,2002,3,BSW
8526,C00008526,Forsa,wahlrecht.de,2025-06-02,2025-06-03,2002,27,CDU/CSU
8526,C00008526,Forsa,wahlrecht.de,2025-06-02,2025-06-03,2002,3,FDP
8526,C00008526,Forsa,wahlrecht.de,2025-06-02,2025-06-03,2002,12,Greens
8526,C00008526,Forsa,wahlrecht.de,2025-06-02,2025-06-03,2002,11,Left
8526,C00008526,Forsa,wahlrecht.de,2025-06-02,2025-06-03,2002,15,SPD
17123,C00017123,pollytix,DAWUM,2025-06-02,2025-06-03,1561,23,AfD
17123,C00017123,pollytix,DAWUM,2025-06-02,2025-06-03,1561,5,BSW
17123,C00017123,pollytix,DAWUM,2025-06-02,2025-06-03,1561,27,CDU/CSU
17123,C00017123,pollytix,DAWUM,2025-06-02,2025-06-03,1561,3,FDP
17123,C00017123,pollytix,DAWUM,2025-06-02,2025-06-03,1561,11,Greens
17123,C00017123,pollytix,DAWUM,2025-06-02,2025-06-03,1561,10,Left
17123,C00017123,pollytix,DAWUM,2025-06-02,2025-06-03,1561,16,SPD
12568,C00012568,Infratest Dimap,wahlrecht.de,2025-06-03,2025-06-04,1292,23,AfD
12568,C00012568,Infratest Dimap,wahlrecht.de,2025-06-03,2025-06-04,1292,4,BSW
12568,C00012568,Infratest Dimap,wahlrecht.de,2025-06-03,2025-06-04,1292,29,CDU/CSU
12568,C00012568,Infratest Dimap,wahlrecht.de,2025-06-03,2025-06-04,1292,4,FDP
12568,C00012568,Infratest Dimap,wahlrecht.de,2025-06-03,2025-06-04,1292,12,Greens
12568,C00012568,Infratest Dimap,wahlrecht.de,2025-06-03,2025-06-04,1292,9,Left
12568,C00012568,Infratest Dimap,wahlrecht.de,2025-06-03,2025-06-04,1292,15,SPD
17120,C00017120,Ipsos,DAWUM,2025-06-01,2025-06-05,1000,23,AfD
17120,C00017120,Ipsos,DAWUM,2025-06-01,2025-06-05,1000,4,BSW
17120,C00017120,Ipsos,DAWUM,2025-06-01,2025-06-05,1000,27,CDU/CSU
17120,C00017120,Ipsos,DAWUM,2025-06-01,2025-06-05,1000,3,FDP
17120,C00017120,Ipsos,DAWUM,2025-06-01,2025-06-05,1000,11,Greens
17120,C00017120,Ipsos,DAWUM,2025-06-01,2025-06-05,1000,11,Left
17120,C00017120,Ipsos,DAWUM,2025-06-01,2025-06-05,1000,16,SPD
20662,C00020662,Forschungsgruppe Wahlen,wahlrecht.de,2025-06-05,2025-06-06,1247,23,AfD
20662,C00020662,Forschungsgruppe Wahlen,wahlrecht.de,2025-06-05,2025-06-06,1247,3,BSW
20662,C00020662,Forschungsgruppe Wahlen,wahlrecht.de,2025-06-05,2025-06-06,1247,27,CDU/CSU
20662,C00020662,Forschungsgruppe Wahlen,wahlrecht.de,2025-06-05,2025-06-06,1247,3,FDP
20662,C00020662,Forschungsgruppe Wahlen,wahlrecht.de,2025-06-05,2025-06-06,1247,12,Greens
20662,C00020662,Forschungsgruppe Wahlen,wahlrecht.de,2025-06-05,2025-06-06,1247,11,Left
20662,C00020662,Forschungsgruppe Wahlen,wahlrecht.de,2025-06-05,2025-06-06,1247,15,SPD
13619,C00013619,INSA,wahlrecht.de,2025-06-06,2025-06-07,1202,23,AfD
13619,C00013619,INSA,wahlrecht.de,2025-06-06,2025-06-07,1202,4,BSW
13619,C00013619,INSA,wahlrecht.de,2025-06-06,2025-06-07,1202,27,CDU/CSU
13619,C00013619,INSA,wahlrecht.de,2025-06-06,2025-06-07,1202,4,FDP
13619,C00013619,INSA,wahlrecht.de,2025-06-06,2025-06-07,1202,11,Greens
13619,C00013619,INSA,wahlrecht.de,2025-06-06,2025-06-07,1202,10,Left
13619,C00013619,INSA,wahlrecht.de,2025-06-06,2025-06-07,1202,16,SPD
8525,C00008525,Forsa,wahlrecht.de,2025-06-06,2025-06-10,2002,24,AfD
8525,C00008525,Forsa,wahlrecht.de,2025-06-06,2025-06-10,2002,3,BSW
8525,C00008525,Forsa,wahlrecht.de,2025-06-06,2025-06-10,2002,27,CDU/CSU
8525,C00008525,Forsa,wahlrecht.de,2025-06-06,2025-06-10,2002,4,FDP
8525,C00008525,Forsa,wahlrecht.de,2025-06-06,2025-06-10,2002,11,Greens
8525,C00008525,Forsa,wahlrecht.de,2025-06-06,2025-06-10,2002,11,Left
8525,C00008525,Forsa,wahlrecht.de,2025-06-06,2025-06-10,2002,14,SPD
13618,C00013618,INSA,wahlrecht.de,2025-06-10,2025-06-10,2004,22.5,AfD
13618,C00013618,INSA,wahlrecht.de,2025-06-10,2025-06-10,2004,4.5,BSW
13618,C00013618,INSA,wahlrecht.de,2025-06-10,2025-06-10,2004,27.5,CDU/CSU
13618,C00013618,INSA,wahlrecht.de,2025-06-10,2025-06-10,2004,4,FDP
13618,C00013618,INSA,wahlrecht.de,2025-06-10,2025-06-10,2004,11,Greens
13618,C00013618,INSA,wahlrecht.de,2025-06-10,2025-06-10,2004,10,Left
13618,C00013618,INSA,wahlrecht.de,2025-06-10,2025-06-10,2004,16,SPD
13617,C00013617,INSA,wahlrecht.de,2025-06-13,2025-06-14,1203,23,AfD
13617,C00013617,INSA,wahlrecht.de,2025-06-13,2025-06-14,1203,4,BSW
13617,C00013617,INSA,wahlrecht.de,2025-06-13,2025-06-14,1203,27,CDU/CSU
13617,C00013617,INSA,wahlrecht.de,2025-06-13,2025-06-14,1203,4,FDP
13617,C00013617,INSA,wahlrecht.de,2025-06-13,2025-06-14,1203,11,Greens
13617,C00013617,INSA,wahlrecht.de,2025-06-13,2025-06-14,1203,10,Left
13617,C00013617,INSA,wahlrecht.de,2025-06-13,2025-06-14,1203,17,SPD
13616,C00013616,INSA,wahlrecht.de,2025-06-16,2025-06-16,2006,23,AfD
13616,C00013616,INSA,wahlrecht.de,2025-06-16,2025-06-16,2006,4,BSW
13616,C00013616,INSA,wahlrecht.de,2025-06-16,2025-06-16,2006,27,CDU/CSU
13616,C00013616,INSA,wahlrecht.de,2025-06-16,2025-06-16,2006,4,FDP
13616,C00013616,INSA,wahlrecht.de,2025-06-16,2025-06-16,2006,11.5,Greens
13616,C00013616,INSA,wahlrecht.de,2025-06-16,2025-06-16,2006,10.5,Left
13616,C00013616,INSA,wahlrecht.de,2025-06-16,2025-06-16,2006,16,SPD
8524,C00008524,Forsa,wahlrecht.de,2025-06-16,2025-06-17,2502,23,AfD
8524,C00008524,Forsa,wahlrecht.de,2025-06-16,2025-06-17,2502,4,BSW
8524,C00008524,Forsa,wahlrecht.de,2025-06-16,2025-06-17,2502,28,CDU/CSU
8524,C00008524,Forsa,wahlrecht.de,2025-06-16,2025-06-17,2502,4,FDP
8524,C00008524,Forsa,wahlrecht.de,2025-06-16,2025-06-17,2502,11,Greens
8524,C00008524,Forsa,wahlrecht.de,2025-06-16,2025-06-17,2502,10,Left
8524,C00008524,Forsa,wahlrecht.de,2025-06-16,2025-06-17,2502,14,SPD
16602,C00016602,YouGov,wahlrecht.de,2025-06-16,2025-06-18,1912,23,AfD
16602,C00016602,YouGov,wahlrecht.de,2025-06-16,2025-06-18,1912,5,BSW
16602,C00016602,YouGov,wahlrecht.de,2025-06-16,2025-06-18,1912,28,CDU/CSU
16602,C00016602,YouGov,wahlrecht.de,2025-06-16,2025-06-18,1912,3,FDP
16602,C00016602,YouGov,wahlrecht.de,2025-06-16,2025-06-18,1912,12,Greens
16602,C00016602,YouGov,wahlrecht.de,2025-06-16,2025-06-18,1912,8,Left
16602,C00016602,YouGov,wahlrecht.de,2025-06-16,2025-06-18,1912,14,SPD
16053,C00016053,Verian (Emnid),wahlrecht.de,2025-06-17,2025-06-19,1462,23,AfD
16053,C00016053,Verian (Emnid),wahlrecht.de,2025-06-17,2025-06-19,1462,4,BSW
16053,C00016053,Verian (Emnid),wahlrecht.de,2025-06-17,2025-06-19,1462,28,CDU/CSU
16053,C00016053,Verian (Emnid),wahlrecht.de,2025-06-17,2025-06-19,1462,3,FDP
16053,C00016053,Verian (Emnid),wahlrecht.de,2025-06-17,2025-06-19,1462,12,Greens
16053,C00016053,Verian (Emnid),wahlrecht.de,2025-06-17,2025-06-19,1462,10,Left
16053,C00016053,Verian (Emnid),wahlrecht.de,2025-06-17,2025-06-19,1462,15,SPD
6399,C00006399,Allensbach,wahlrecht.de,2025-06-12,2025-06-20,1054,23,AfD
6399,C00006399,Allensbach,wahlrecht.de,2025-06-12,2025-06-20,1054,4,BSW
6399,C00006399,Allensbach,wahlrecht.de,2025-06-12,2025-06-20,1054,29,CDU/CSU
6399,C00006399,Allensbach,wahlrecht.de,2025-06-12,2025-06-20,1054,4,FDP
6399,C00006399,Allensbach,wahlrecht.de,2025-06-12,2025-06-20,1054,11,Greens
6399,C00006399,Allensbach,wahlrecht.de,2025-06-12,2025-06-20,1054,9,Left
6399,C00006399,Allensbach,wahlrecht.de,2025-06-12,2025-06-20,1054,16,SPD
13615,C00013615,INSA,wahlrecht.de,2025-06-20,2025-06-21,1205,23,AfD
13615,C00013615,INSA,wahlrecht.de,2025-06-20,2025-06-21,1205,4,BSW
13615,C00013615,INSA,wahlrecht.de,2025-06-20,2025-06-21,1205,28,CDU/CSU
13615,C00013615,INSA,wahlrecht.de,2025-06-20,2025-06-21,1205,4,FDP
13615,C00013615,INSA,wahlrecht.de,2025-06-20,2025-06-21,1205,11,Greens
13615,C00013615,INSA,wahlrecht.de,2025-06-20,2025-06-21,1205,9,Left
13615,C00013615,INSA,wahlrecht.de,2025-06-20,2025-06-21,1205,16,SPD
8523,C00008523,Forsa,wahlrecht.de,2025-06-20,2025-06-23,2003,24,AfD
8523,C00008523,Forsa,wahlrecht.de,2025-06-20,2025-06-23,2003,3,BSW
8523,C00008523,Forsa,wahlrecht.de,2025-06-20,2025-06-23,2003,28,CDU/CSU
8523,C00008523,Forsa,wahlrecht.de,2025-06-20,2025-06-23,2003,3,FDP
8523,C00008523,Forsa,wahlrecht.de,2025-06-20,2025-06-23,2003,11,Greens
8523,C00008523,Forsa,wahlrecht.de,2025-06-20,2025-06-23,2003,11,Left
8523,C00008523,Forsa,wahlrecht.de,2025-06-20,2025-06-23,2003,14,SPD
13614,C00013614,INSA,wahlrecht.de,2025-06-23,2025-06-23,2002,23,AfD
13614,C00013614,INSA,wahlrecht.de,2025-06-23,2025-06-23,2002,4.5,BSW
13614,C00013614,INSA,wahlrecht.de,2025-06-23,2025-06-23,2002,27.5,CDU/CSU
13614,C00013614,INSA,wahlrecht.de,2025-06-23,2025-06-23,2002,4,FDP
13614,C00013614,INSA,wahlrecht.de,2025-06-23,2025-06-23,2002,11.5,Greens
13614,C00013614,INSA,wahlrecht.de,2025-06-23,2025-06-23,2002,10,Left
13614,C00013614,INSA,wahlrecht.de,2025-06-23,2025-06-23,2002,16,SPD
13613,C00013613,INSA,wahlrecht.de,2025-06-27,2025-06-27,1202,24,AfD
13613,C00013613,INSA,wahlrecht.de,2025-06-27,2025-06-27,1202,5,BSW
13613,C00013613,INSA,wahlrecht.de,2025-06-27,2025-06-27,1202,28,CDU/CSU
13613,C00013613,INSA,wahlrecht.de,2025-06-27,2025-06-27,1202,3,FDP
13613,C00013613,INSA,wahlrecht.de,2025-06-27,2025-06-27,1202,11,Greens
13613,C00013613,INSA,wahlrecht.de,2025-06-27,2025-06-27,1202,9,Left
13613,C00013613,INSA,wahlrecht.de,2025-06-27,2025-06-27,1202,16,SPD
20661,C00020661,Forschungsgruppe Wahlen,wahlrecht.de,2025-06-26,2025-06-27,1378,22,AfD
20661,C00020661,Forschungsgruppe Wahlen,wahlrecht.de,2025-06-26,2025-06-27,1378,3,BSW
20661,C00020661,Forschungsgruppe Wahlen,wahlrecht.de,2025-06-26,2025-06-27,1378,29,CDU/CSU
20661,C00020661,Forschungsgruppe Wahlen,wahlrecht.de,2025-06-26,2025-06-27,1378,3,FDP
20661,C00020661,Forschungsgruppe Wahlen,wahlrecht.de,2025-06-26,2025-06-27,1378,12,Greens
20661,C00020661,Forschungsgruppe Wahlen,wahlrecht.de,2025-06-26,2025-06-27,1378,10,Left
20661,C00020661,Forschungsgruppe Wahlen,wahlrecht.de,2025-06-26,2025-06-27,1378,15,SPD
8522,C00008522,Forsa,wahlrecht.de,2025-06-30,2025-07-01,2501,24,AfD
8522,C00008522,Forsa,wahlrecht.de,2025-06-30,2025-07-01,2501,3,BSW
8522,C00008522,Forsa,wahlrecht.de,2025-06-30,2025-07-01,2501,28,CDU/CSU
8522,C00008522,Forsa,wahlrecht.de,2025-06-30,2025-07-01,2501,3,FDP
8522,C00008522,Forsa,wahlrecht.de,2025-06-30,2025-07-01,2501,11,Greens
8522,C00008522,Forsa,wahlrecht.de,2025-06-30,2025-07-01,2501,11,Left
8522,C00008522,Forsa,wahlrecht.de,2025-06-30,2025-07-01,2501,14,SPD
10302,C00010302,GMS,wahlrecht.de,2025-06-30,2025-07-01,1007,22,AfD
10302,C00010302,GMS,wahlrecht.de,2025-06-30,2025-07-01,1007,3,BSW
10302,C00010302,GMS,wahlrecht.de,2025-06-30,2025-07-01,1007,29,CDU/CSU
10302,C00010302,GMS,wahlrecht.de,2025-06-30,2025-07-01,1007,4,FDP
10302,C00010302,GMS,wahlrecht.de,2025-06-30,2025-07-01,1007,13,Greens
10302,C00010302,GMS,wahlrecht.de,2025-06-30,2025-07-01,1007,9,Left
10302,C00010302,GMS,wahlrecht.de,2025-06-30,2025-07-01,1007,15,SPD
13612,C00013612,INSA,wahlrecht.de,2025-06-30,2025-07-01,2008,23.5,AfD
13612,C00013612,INSA,wahlrecht.de,2025-06-30,2025-07-01,2008,5,BSW
13612,C00013612,INSA,wahlrecht.de,2025-06-30,2025-07-01,2008,28,CDU/CSU
13612,C00013612,INSA,wahlrecht.de,2025-06-30,2025-07-01,2008,3.5,FDP
13612,C00013612,INSA,wahlrecht.de,2025-06-30,2025-07-01,2008,11.5,Greens
13612,C00013612,INSA,wahlrecht.de,2025-06-30,2025-07-01,2008,9.5,Left
13612,C00013612,INSA,wahlrecht.de,2025-06-30,2025-07-01,2008,15.5,SPD
12567,C00012567,Infratest Dimap,wahlrecht.de,2025-07-02,2025-07-03,1312,23,AfD
12567,C00012567,Infratest Dimap,wahlrecht.de,2025-07-02,2025-07-03,1312,4,BSW
12567,C00012567,Infratest Dimap,wahlrecht.de,2025-07-02,2025-07-03,1312,30,CDU/CSU
12567,C00012567,Infratest Dimap,wahlrecht.de,2025-07-02,2025-07-03,1312,3,FDP
12567,C00012567,Infratest Dimap,wahlrecht.de,2025-07-02,2025-07-03,1312,12,Greens
12567,C00012567,Infratest Dimap,wahlrecht.de,2025-07-02,2025-07-03,1312,10,Left
12567,C00012567,Infratest Dimap,wahlrecht.de,2025-07-02,2025-07-03,1312,13,SPD
13611,C00013611,INSA,wahlrecht.de,2025-07-04,2025-07-05,1205,24,AfD
13611,C00013611,INSA,wahlrecht.de,2025-07-04,2025-07-05,1205,4,BSW
13611,C00013611,INSA,wahlrecht.de,2025-07-04,2025-07-05,1205,28,CDU/CSU
13611,C00013611,INSA,wahlrecht.de,2025-07-04,2025-07-05,1205,4,FDP
13611,C00013611,INSA,wahlrecht.de,2025-07-04,2025-07-05,1205,11,Greens
13611,C00013611,INSA,wahlrecht.de,2025-07-04,2025-07-05,1205,11,Left
13611,C00013611,INSA,wahlrecht.de,2025-07-04,2025-07-05,1205,15,SPD
13610,C00013610,INSA,wahlrecht.de,2025-07-07,2025-07-07,2007,23.5,AfD
13610,C00013610,INSA,wahlrecht.de,2025-07-07,2025-07-07,2007,4.5,BSW
13610,C00013610,INSA,wahlrecht.de,2025-07-07,2025-07-07,2007,28,CDU/CSU
13610,C00013610,INSA,wahlrecht.de,2025-07-07,2025-07-07,2007,3.5,FDP
13610,C00013610,INSA,wahlrecht.de,2025-07-07,2025-07-07,2007,11,Greens
13610,C00013610,INSA,wahlrecht.de,2025-07-07,2025-07-07,2007,11,Left
13610,C00013610,INSA,wahlrecht.de,2025-07-07,2025-07-07,2007,14.5,SPD
8521,C00008521,Forsa,wahlrecht.de,2025-07-07,2025-07-08,2503,24,AfD
8521,C00008521,Forsa,wahlrecht.de,2025-07-07,2025-07-08,2503,4,BSW
8521,C00008521,Forsa,wahlrecht.de,2025-07-07,2025-07-08,2503,27,CDU/CSU
8521,C00008521,Forsa,wahlrecht.de,2025-07-07,2025-07-08,2503,3,FDP
8521,C00008521,Forsa,wahlrecht.de,2025-07-07,2025-07-08,2503,12,Greens
8521,C00008521,Forsa,wahlrecht.de,2025-07-07,2025-07-08,2503,11,Left
8521,C00008521,Forsa,wahlrecht.de,2025-07-07,2025-07-08,2503,13,SPD
17087,C00017087,Ipsos,DAWUM,2025-07-05,2025-07-10,1000,24,AfD
17087,C00017087,Ipsos,DAWUM,2025-07-05,2025-07-10,1000,4,BSW
17087,C00017087,Ipsos,DAWUM,2025-07-05,2025-07-10,1000,26,CDU/CSU
17087,C00017087,Ipsos,DAWUM,2025-07-05,2025-07-10,1000,3,FDP
17087,C00017087,Ipsos,DAWUM,2025-07-05,2025-07-10,1000,12,Greens
17087,C00017087,Ipsos,DAWUM,2025-07-05,2025-07-10,1000,12,Left
17087,C00017087,Ipsos,DAWUM,2025-07-05,2025-07-10,1000,15,SPD
13609,C00013609,INSA,wahlrecht.de,2025-07-11,2025-07-12,1202,24,AfD
13609,C00013609,INSA,wahlrecht.de,2025-07-11,2025-07-12,1202,4,BSW
13609,C00013609,INSA,wahlrecht.de,2025-07-11,2025-07-12,1202,28,CDU/CSU
13609,C00013609,INSA,wahlrecht.de,2025-07-11,2025-07-12,1202,3,FDP
13609,C00013609,INSA,wahlrecht.de,2025-07-11,2025-07-12,1202,11,Greens
13609,C00013609,INSA,wahlrecht.de,2025-07-11,2025-07-12,1202,11,Left
13609,C00013609,INSA,wahlrecht.de,2025-07-11,2025-07-12,1202,15,SPD
13608,C00013608,INSA,wahlrecht.de,2025-07-14,2025-07-14,2004,23.5,AfD
13608,C00013608,INSA,wahlrecht.de,2025-07-14,2025-07-14,2004,4.5,BSW
13608,C00013608,INSA,wahlrecht.de,2025-07-14,2025-07-14,2004,27.5,CDU/CSU
13608,C00013608,INSA,wahlrecht.de,2025-07-14,2025-07-14,2004,3.5,FDP
13608,C00013608,INSA,wahlrecht.de,2025-07-14,2025-07-14,2004,11,Greens
13608,C00013608,INSA,wahlrecht.de,2025-07-14,2025-07-14,2004,10.5,Left
13608,C00013608,INSA,wahlrecht.de,2025-07-14,2025-07-14,2004,15,SPD
8520,C00008520,Forsa,wahlrecht.de,2025-07-14,2025-07-15,2503,24,AfD
8520,C00008520,Forsa,wahlrecht.de,2025-07-14,2025-07-15,2503,4,BSW
8520,C00008520,Forsa,wahlrecht.de,2025-07-14,2025-07-15,2503,26,CDU/CSU
8520,C00008520,Forsa,wahlrecht.de,2025-07-14,2025-07-15,2503,4,FDP
8520,C00008520,Forsa,wahlrecht.de,2025-07-14,2025-07-15,2503,12,Greens
8520,C00008520,Forsa,wahlrecht.de,2025-07-14,2025-07-15,2503,11,Left
8520,C00008520,Forsa,wahlrecht.de,2025-07-14,2025-07-15,2503,13,SPD
16601,C00016601,YouGov,wahlrecht.de,2025-07-14,2025-07-16,1820,25,AfD
16601,C00016601,YouGov,wahlrecht.de,2025-07-14,2025-07-16,1820,5,BSW
16601,C00016601,YouGov,wahlrecht.de,2025-07-14,2025-07-16,1820,27,CDU/CSU
16601,C00016601,YouGov,wahlrecht.de,2025-07-14,2025-07-16,1820,3,FDP
16601,C00016601,YouGov,wahlrecht.de,2025-07-14,2025-07-16,1820,11,Greens
16601,C00016601,YouGov,wahlrecht.de,2025-07-14,2025-07-16,1820,10,Left
16601,C00016601,YouGov,wahlrecht.de,2025-07-14,2025-07-16,1820,14,SPD
6398,C00006398,Allensbach,wahlrecht.de,2025-07-16,2025-07-19,1054,23,AfD
6398,C00006398,Allensbach,wahlrecht.de,2025-07-16,2025-07-19,1054,3.5,BSW
6398,C00006398,Allensbach,wahlrecht.de,2025-07-16,2025-07-19,1054,29,CDU/CSU
6398,C00006398,Allensbach,wahlrecht.de,2025-07-16,2025-07-19,1054,4,FDP
6398,C00006398,Allensbach,wahlrecht.de,2025-07-16,2025-07-19,1054,12,Greens
6398,C00006398,Allensbach,wahlrecht.de,2025-07-16,2025-07-19,1054,9,Left
6398,C00006398,Allensbach,wahlrecht.de,2025-07-16,2025-07-19,1054,15,SPD
13607,C00013607,INSA,wahlrecht.de,2025-07-18,2025-07-19,1205,24,AfD
13607,C00013607,INSA,wahlrecht.de,2025-07-18,2025-07-19,1205,5,BSW
13607,C00013607,INSA,wahlrecht.de,2025-07-18,2025-07-19,1205,27,CDU/CSU
13607,C00013607,INSA,wahlrecht.de,2025-07-18,2025-07-19,1205,3,FDP
13607,C00013607,INSA,wahlrecht.de,2025-07-18,2025-07-19,1205,11,Greens
13607,C00013607,INSA,wahlrecht.de,2025-07-18,2025-07-19,1205,11,Left
13607,C00013607,INSA,wahlrecht.de,2025-07-18,2025-07-19,1205,15,SPD
13606,C00013606,INSA,wahlrecht.de,2025-07-21,2025-07-21,2005,24,AfD
13606,C00013606,INSA,wahlrecht.de,2025-07-21,2025-07-21,2005,4.5,BSW
13606,C00013606,INSA,wahlrecht.de,2025-07-21,2025-07-21,2005,27.5,CDU/CSU
13606,C00013606,INSA,wahlrecht.de,2025-07-21,2025-07-21,2005,3.5,FDP
13606,C00013606,INSA,wahlrecht.de,2025-07-21,2025-07-21,2005,10.5,Greens
13606,C00013606,INSA,wahlrecht.de,2025-07-21,2025-07-21,2005,10.5,Left
13606,C00013606,INSA,wahlrecht.de,2025-07-21,2025-07-21,2005,14,SPD
8519,C00008519,Forsa,wahlrecht.de,2025-07-21,2025-07-22,2502,25,AfD
8519,C00008519,Forsa,wahlrecht.de,2025-07-21,2025-07-22,2502,4,BSW
8519,C00008519,Forsa,wahlrecht.de,2025-07-21,2025-07-22,2502,25,CDU/CSU
8519,C00008519,Forsa,wahlrecht.de,2025-07-21,2025-07-22,2502,3,FDP
8519,C00008519,Forsa,wahlrecht.de,2025-07-21,2025-07-22,2502,12,Greens
8519,C00008519,Forsa,wahlrecht.de,2025-07-21,2025-07-22,2502,12,Left
8519,C00008519,Forsa,wahlrecht.de,2025-07-21,2025-07-22,2502,13,SPD
20660,C00020660,Forschungsgruppe Wahlen,wahlrecht.de,2025-07-24,2025-07-25,1367,24,AfD
20660,C00020660,Forschungsgruppe Wahlen,wahlrecht.de,2025-07-24,2025-07-25,1367,3,BSW
20660,C00020660,Forschungsgruppe Wahlen,wahlrecht.de,2025-07-24,2025-07-25,1367,27,CDU/CSU
20660,C00020660,Forschungsgruppe Wahlen,wahlrecht.de,2025-07-24,2025-07-25,1367,3,FDP
20660,C00020660,Forschungsgruppe Wahlen,wahlrecht.de,2025-07-24,2025-07-25,1367,11,Greens
20660,C00020660,Forschungsgruppe Wahlen,wahlrecht.de,2025-07-24,2025-07-25,1367,11,Left
20660,C00020660,Forschungsgruppe Wahlen,wahlrecht.de,2025-07-24,2025-07-25,1367,15,SPD
13605,C00013605,INSA,wahlrecht.de,2025-07-25,2025-07-26,1203,24,AfD
13605,C00013605,INSA,wahlrecht.de,2025-07-25,2025-07-26,1203,4,BSW
13605,C00013605,INSA,wahlrecht.de,2025-07-25,2025-07-26,1203,27,CDU/CSU
13605,C00013605,INSA,wahlrecht.de,2025-07-25,2025-07-26,1203,3,FDP
13605,C00013605,INSA,wahlrecht.de,2025-07-25,2025-07-26,1203,11,Greens
13605,C00013605,INSA,wahlrecht.de,2025-07-25,2025-07-26,1203,10,Left
13605,C00013605,INSA,wahlrecht.de,2025-07-25,2025-07-26,1203,15,SPD
13604,C00013604,INSA,wahlrecht.de,2025-07-28,2025-07-28,2006,24,AfD
13604,C00013604,INSA,wahlrecht.de,2025-07-28,2025-07-28,2006,4.5,BSW
13604,C00013604,INSA,wahlrecht.de,2025-07-28,2025-07-28,2006,27.5,CDU/CSU
13604,C00013604,INSA,wahlrecht.de,2025-07-28,2025-07-28,2006,3.5,FDP
13604,C00013604,INSA,wahlrecht.de,2025-07-28,2025-07-28,2006,10.5,Greens
13604,C00013604,INSA,wahlrecht.de,2025-07-28,2025-07-28,2006,10,Left
13604,C00013604,INSA,wahlrecht.de,2025-07-28,2025-07-28,2006,14.5,SPD
8518,C00008518,Forsa,wahlrecht.de,2025-07-28,2025-07-29,2502,25,AfD
8518,C00008518,Forsa,wahlrecht.de,2025-07-28,2025-07-29,2502,3,BSW
8518,C00008518,Forsa,wahlrecht.de,2025-07-28,2025-07-29,2502,26,CDU/CSU
8518,C00008518,Forsa,wahlrecht.de,2025-07-28,2025-07-29,2502,3,FDP
8518,C00008518,Forsa,wahlrecht.de,2025-07-28,2025-07-29,2502,12,Greens
8518,C00008518,Forsa,wahlrecht.de,2025-07-28,2025-07-29,2502,12,Left
8518,C00008518,Forsa,wahlrecht.de,2025-07-28,2025-07-29,2502,13,SPD
16052,C00016052,Verian (Emnid),wahlrecht.de,2025-07-29,2025-08-01,1473,24,AfD
16052,C00016052,Verian (Emnid),wahlrecht.de,2025-07-29,2025-08-01,1473,3,BSW
16052,C00016052,Verian (Emnid),wahlrecht.de,2025-07-29,2025-08-01,1473,27,CDU/CSU
16052,C00016052,Verian (Emnid),wahlrecht.de,2025-07-29,2025-08-01,1473,4,FDP
16052,C00016052,Verian (Emnid),wahlrecht.de,2025-07-29,2025-08-01,1473,12,Greens
16052,C00016052,Verian (Emnid),wahlrecht.de,2025-07-29,2025-08-01,1473,11,Left
16052,C00016052,Verian (Emnid),wahlrecht.de,2025-07-29,2025-08-01,1473,14,SPD
13603,C00013603,INSA,wahlrecht.de,2025-08-01,2025-08-02,1203,25,AfD
13603,C00013603,INSA,wahlrecht.de,2025-08-01,2025-08-02,1203,4,BSW
13603,C00013603,INSA,wahlrecht.de,2025-08-01,2025-08-02,1203,27,CDU/CSU
13603,C00013603,INSA,wahlrecht.de,2025-08-01,2025-08-02,1203,3,FDP
13603,C00013603,INSA,wahlrecht.de,2025-08-01,2025-08-02,1203,11,Greens
13603,C00013603,INSA,wahlrecht.de,2025-08-01,2025-08-02,1203,10,Left
13603,C00013603,INSA,wahlrecht.de,2025-08-01,2025-08-02,1203,15,SPD
13602,C00013602,INSA,wahlrecht.de,2025-08-04,2025-08-04,2004,25,AfD
13602,C00013602,INSA,wahlrecht.de,2025-08-04,2025-08-04,2004,4.5,BSW
13602,C00013602,INSA,wahlrecht.de,2025-08-04,2025-08-04,2004,27.5,CDU/CSU
13602,C00013602,INSA,wahlrecht.de,2025-08-04,2025-08-04,2004,3,FDP
13602,C00013602,INSA,wahlrecht.de,2025-08-04,2025-08-04,2004,10.5,Greens
13602,C00013602,INSA,wahlrecht.de,2025-08-04,2025-08-04,2004,9.5,Left
13602,C00013602,INSA,wahlrecht.de,2025-08-04,2025-08-04,2004,14.5,SPD
8517,C00008517,Forsa,wahlrecht.de,2025-08-04,2025-08-05,2503,25,AfD
8517,C00008517,Forsa,wahlrecht.de,2025-08-04,2025-08-05,2503,4,BSW
8517,C00008517,Forsa,wahlrecht.de,2025-08-04,2025-08-05,2503,25,CDU/CSU
8517,C00008517,Forsa,wahlrecht.de,2025-08-04,2025-08-05,2503,3,FDP
8517,C00008517,Forsa,wahlrecht.de,2025-08-04,2025-08-05,2503,12,Greens
8517,C00008517,Forsa,wahlrecht.de,2025-08-04,2025-08-05,2503,12,Left
8517,C00008517,Forsa,wahlrecht.de,2025-08-04,2025-08-05,2503,13,SPD
12566,C00012566,Infratest Dimap,wahlrecht.de,2025-08-06,2025-08-07,1321,24,AfD
12566,C00012566,Infratest Dimap,wahlrecht.de,2025-08-06,2025-08-07,1321,3,BSW
12566,C00012566,Infratest Dimap,wahlrecht.de,2025-08-06,2025-08-07,1321,27,CDU/CSU
12566,C00012566,Infratest Dimap,wahlrecht.de,2025-08-06,2025-08-07,1321,4,FDP
12566,C00012566,Infratest Dimap,wahlrecht.de,2025-08-06,2025-08-07,1321,12,Greens
12566,C00012566,Infratest Dimap,wahlrecht.de,2025-08-06,2025-08-07,1321,10,Left
12566,C00012566,Infratest Dimap,wahlrecht.de,2025-08-06,2025-08-07,1321,13,SPD
17068,C00017068,Ipsos,DAWUM,2025-08-03,2025-08-07,1000,25,AfD
17068,C00017068,Ipsos,DAWUM,2025-08-03,2025-08-07,1000,5,BSW
17068,C00017068,Ipsos,DAWUM,2025-08-03,2025-08-07,1000,25,CDU/CSU
17068,C00017068,Ipsos,DAWUM,2025-08-03,2025-08-07,1000,3,FDP
17068,C00017068,Ipsos,DAWUM,2025-08-03,2025-08-07,1000,11,Greens
17068,C00017068,Ipsos,DAWUM,2025-08-03,2025-08-07,1000,11,Left
17068,C00017068,Ipsos,DAWUM,2025-08-03,2025-08-07,1000,15,SPD
13601,C00013601,INSA,wahlrecht.de,2025-08-08,2025-08-09,1204,25,AfD
13601,C00013601,INSA,wahlrecht.de,2025-08-08,2025-08-09,1204,4,BSW
13601,C00013601,INSA,wahlrecht.de,2025-08-08,2025-08-09,1204,27,CDU/CSU
13601,C00013601,INSA,wahlrecht.de,2025-08-08,2025-08-09,1204,4,FDP
13601,C00013601,INSA,wahlrecht.de,2025-08-08,2025-08-09,1204,11,Greens
13601,C00013601,INSA,wahlrecht.de,2025-08-08,2025-08-09,1204,9,Left
13601,C00013601,INSA,wahlrecht.de,2025-08-08,2025-08-09,1204,15,SPD
13600,C00013600,INSA,wahlrecht.de,2025-08-11,2025-08-11,2008,25,AfD
13600,C00013600,INSA,wahlrecht.de,2025-08-11,2025-08-11,2008,4.5,BSW
13600,C00013600,INSA,wahlrecht.de,2025-08-11,2025-08-11,2008,27,CDU/CSU
13600,C00013600,INSA,wahlrecht.de,2025-08-11,2025-08-11,2008,3.5,FDP
13600,C00013600,INSA,wahlrecht.de,2025-08-11,2025-08-11,2008,10.5,Greens
13600,C00013600,INSA,wahlrecht.de,2025-08-11,2025-08-11,2008,9.5,Left
13600,C00013600,INSA,wahlrecht.de,2025-08-11,2025-08-11,2008,14.5,SPD
8516,C00008516,Forsa,wahlrecht.de,2025-08-11,2025-08-12,2505,26,AfD
8516,C00008516,Forsa,wahlrecht.de,2025-08-11,2025-08-12,2505,4,BSW
8516,C00008516,Forsa,wahlrecht.de,2025-08-11,2025-08-12,2505,24,CDU/CSU
8516,C00008516,Forsa,wahlrecht.de,2025-08-11,2025-08-12,2505,3,FDP
8516,C00008516,Forsa,wahlrecht.de,2025-08-11,2025-08-12,2505,13,Greens
8516,C00008516,Forsa,wahlrecht.de,2025-08-11,2025-08-12,2505,11,Left
8516,C00008516,Forsa,wahlrecht.de,2025-08-11,2025-08-12,2505,13,SPD
20659,C00020659,Forschungsgruppe Wahlen,wahlrecht.de,2025-08-13,2025-08-14,1370,23,AfD
20659,C00020659,Forschungsgruppe Wahlen,wahlrecht.de,2025-08-13,2025-08-14,1370,3,BSW
20659,C00020659,Forschungsgruppe Wahlen,wahlrecht.de,2025-08-13,2025-08-14,1370,27,CDU/CSU
20659,C00020659,Forschungsgruppe Wahlen,wahlrecht.de,2025-08-13,2025-08-14,1370,3,FDP
20659,C00020659,Forschungsgruppe Wahlen,wahlrecht.de,2025-08-13,2025-08-14,1370,12,Greens
20659,C00020659,Forschungsgruppe Wahlen,wahlrecht.de,2025-08-13,2025-08-14,1370,11,Left
20659,C00020659,Forschungsgruppe Wahlen,wahlrecht.de,2025-08-13,2025-08-14,1370,15,SPD
13599,C00013599,INSA,wahlrecht.de,2025-08-15,2025-08-15,1206,25,AfD
13599,C00013599,INSA,wahlrecht.de,2025-08-15,2025-08-15,1206,4,BSW
13599,C00013599,INSA,wahlrecht.de,2025-08-15,2025-08-15,1206,26,CDU/CSU
13599,C00013599,INSA,wahlrecht.de,2025-08-15,2025-08-15,1206,4,FDP
13599,C00013599,INSA,wahlrecht.de,2025-08-15,2025-08-15,1206,11,Greens
13599,C00013599,INSA,wahlrecht.de,2025-08-15,2025-08-15,1206,9,Left
13599,C00013599,INSA,wahlrecht.de,2025-08-15,2025-08-15,1206,15,SPD
16051,C00016051,Verian (Emnid),wahlrecht.de,2025-08-12,2025-08-15,1464,25,AfD
16051,C00016051,Verian (Emnid),wahlrecht.de,2025-08-12,2025-08-15,1464,3,BSW
16051,C00016051,Verian (Emnid),wahlrecht.de,2025-08-12,2025-08-15,1464,26,CDU/CSU
16051,C00016051,Verian (Emnid),wahlrecht.de,2025-08-12,2025-08-15,1464,4,FDP
16051,C00016051,Verian (Emnid),wahlrecht.de,2025-08-12,2025-08-15,1464,12,Greens
16051,C00016051,Verian (Emnid),wahlrecht.de,2025-08-12,2025-08-15,1464,10,Left
16051,C00016051,Verian (Emnid),wahlrecht.de,2025-08-12,2025-08-15,1464,14,SPD
8515,C00008515,Forsa,wahlrecht.de,2025-08-18,2025-08-19,2502,26,AfD
8515,C00008515,Forsa,wahlrecht.de,2025-08-18,2025-08-19,2502,3,BSW
8515,C00008515,Forsa,wahlrecht.de,2025-08-18,2025-08-19,2502,25,CDU/CSU
8515,C00008515,Forsa,wahlrecht.de,2025-08-18,2025-08-19,2502,3,FDP
8515,C00008515,Forsa,wahlrecht.de,2025-08-18,2025-08-19,2502,12,Greens
8515,C00008515,Forsa,wahlrecht.de,2025-08-18,2025-08-19,2502,12,Left
8515,C00008515,Forsa,wahlrecht.de,2025-08-18,2025-08-19,2502,13,SPD
13598,C00013598,INSA,wahlrecht.de,2025-08-18,2025-08-19,2010,25,AfD
13598,C00013598,INSA,wahlrecht.de,2025-08-18,2025-08-19,2010,5,BSW
13598,C00013598,INSA,wahlrecht.de,2025-08-18,2025-08-19,2010,26,CDU/CSU
13598,C00013598,INSA,wahlrecht.de,2025-08-18,2025-08-19,2010,4,FDP
13598,C00013598,INSA,wahlrecht.de,2025-08-18,2025-08-19,2010,11,Greens
13598,C00013598,INSA,wahlrecht.de,2025-08-18,2025-08-19,2010,10,Left
13598,C00013598,INSA,wahlrecht.de,2025-08-18,2025-08-19,2010,14.5,SPD
16600,C00016600,YouGov,wahlrecht.de,2025-08-18,2025-08-20,1831,25,AfD
16600,C00016600,YouGov,wahlrecht.de,2025-08-18,2025-08-20,1831,5,BSW
16600,C00016600,YouGov,wahlrecht.de,2025-08-18,2025-08-20,1831,27,CDU/CSU
16600,C00016600,YouGov,wahlrecht.de,2025-08-18,2025-08-20,1831,3,FDP
16600,C00016600,YouGov,wahlrecht.de,2025-08-18,2025-08-20,1831,12,Greens
16600,C00016600,YouGov,wahlrecht.de,2025-08-18,2025-08-20,1831,10,Left
16600,C00016600,YouGov,wahlrecht.de,2025-08-18,2025-08-20,1831,14,SPD
6397,C00006397,Allensbach,wahlrecht.de,2025-08-14,2025-08-21,1051,22.5,AfD
6397,C00006397,Allensbach,wahlrecht.de,2025-08-14,2025-08-21,1051,4,BSW
6397,C00006397,Allensbach,wahlrecht.de,2025-08-14,2025-08-21,1051,28,CDU/CSU
6397,C00006397,Allensbach,wahlrecht.de,2025-08-14,2025-08-21,1051,4,FDP
6397,C00006397,Allensbach,wahlrecht.de,2025-08-14,2025-08-21,1051,11,Greens
6397,C00006397,Allensbach,wahlrecht.de,2025-08-14,2025-08-21,1051,10,Left
6397,C00006397,Allensbach,wahlrecht.de,2025-08-14,2025-08-21,1051,16,SPD
13597,C00013597,INSA,wahlrecht.de,2025-08-22,2025-08-23,1201,25,AfD
13597,C00013597,INSA,wahlrecht.de,2025-08-22,2025-08-23,1201,4,BSW
13597,C00013597,INSA,wahlrecht.de,2025-08-22,2025-08-23,1201,25,CDU/CSU
13597,C00013597,INSA,wahlrecht.de,2025-08-22,2025-08-23,1201,3,FDP
13597,C00013597,INSA,wahlrecht.de,2025-08-22,2025-08-23,1201,11,Greens
13597,C00013597,INSA,wahlrecht.de,2025-08-22,2025-08-23,1201,11,Left
13597,C00013597,INSA,wahlrecht.de,2025-08-22,2025-08-23,1201,15,SPD
13596,C00013596,INSA,wahlrecht.de,2025-08-25,2025-08-25,2002,25,AfD
13596,C00013596,INSA,wahlrecht.de,2025-08-25,2025-08-25,2002,4.5,BSW
13596,C00013596,INSA,wahlrecht.de,2025-08-25,2025-08-25,2002,25,CDU/CSU
13596,C00013596,INSA,wahlrecht.de,2025-08-25,2025-08-25,2002,3.5,FDP
13596,C00013596,INSA,wahlrecht.de,2025-08-25,2025-08-25,2002,10.5,Greens
13596,C00013596,INSA,wahlrecht.de,2025-08-25,2025-08-25,2002,11,Left
13596,C00013596,INSA,wahlrecht.de,2025-08-25,2025-08-25,2002,15,SPD
8514,C00008514,Forsa,wahlrecht.de,2025-08-25,2025-08-26,2501,26,AfD
8514,C00008514,Forsa,wahlrecht.de,2025-08-25,2025-08-26,2501,3,BSW
8514,C00008514,Forsa,wahlrecht.de,2025-08-25,2025-08-26,2501,25,CDU/CSU
8514,C00008514,Forsa,wahlrecht.de,2025-08-25,2025-08-26,2501,3,FDP
8514,C00008514,Forsa,wahlrecht.de,2025-08-25,2025-08-26,2501,12,Greens
8514,C00008514,Forsa,wahlrecht.de,2025-08-25,2025-08-26,2501,11,Left
8514,C00008514,Forsa,wahlrecht.de,2025-08-25,2025-08-26,2501,13,SPD
13595,C00013595,INSA,wahlrecht.de,2025-08-29,2025-08-29,1202,25,AfD
13595,C00013595,INSA,wahlrecht.de,2025-08-29,2025-08-29,1202,4,BSW
13595,C00013595,INSA,wahlrecht.de,2025-08-29,2025-08-29,1202,26,CDU/CSU
13595,C00013595,INSA,wahlrecht.de,2025-08-29,2025-08-29,1202,3,FDP
13595,C00013595,INSA,wahlrecht.de,2025-08-29,2025-08-29,1202,11,Greens
13595,C00013595,INSA,wahlrecht.de,2025-08-29,2025-08-29,1202,11,Left
13595,C00013595,INSA,wahlrecht.de,2025-08-29,2025-08-29,1202,15,SPD
13594,C00013594,INSA,wahlrecht.de,2025-09-01,2025-09-01,2004,25,AfD
13594,C00013594,INSA,wahlrecht.de,2025-09-01,2025-09-01,2004,4,BSW
13594,C00013594,INSA,wahlrecht.de,2025-09-01,2025-09-01,2004,25.5,CDU/CSU
13594,C00013594,INSA,wahlrecht.de,2025-09-01,2025-09-01,2004,3.5,FDP
13594,C00013594,INSA,wahlrecht.de,2025-09-01,2025-09-01,2004,11,Greens
13594,C00013594,INSA,wahlrecht.de,2025-09-01,2025-09-01,2004,11,Left
13594,C00013594,INSA,wahlrecht.de,2025-09-01,2025-09-01,2004,14.5,SPD
8513,C00008513,Forsa,wahlrecht.de,2025-09-01,2025-09-02,2502,26,AfD
8513,C00008513,Forsa,wahlrecht.de,2025-09-01,2025-09-02,2502,3,BSW
8513,C00008513,Forsa,wahlrecht.de,2025-09-01,2025-09-02,2502,25,CDU/CSU
8513,C00008513,Forsa,wahlrecht.de,2025-09-01,2025-09-02,2502,3,FDP
8513,C00008513,Forsa,wahlrecht.de,2025-09-01,2025-09-02,2502,11,Greens
8513,C00008513,Forsa,wahlrecht.de,2025-09-01,2025-09-02,2502,12,Left
8513,C00008513,Forsa,wahlrecht.de,2025-09-01,2025-09-02,2502,14,SPD
12565,C00012565,Infratest Dimap,wahlrecht.de,2025-09-02,2025-09-03,1342,25,AfD
12565,C00012565,Infratest Dimap,wahlrecht.de,2025-09-02,2025-09-03,1342,4,BSW
12565,C00012565,Infratest Dimap,wahlrecht.de,2025-09-02,2025-09-03,1342,27,CDU/CSU
12565,C00012565,Infratest Dimap,wahlrecht.de,2025-09-02,2025-09-03,1342,3,FDP
12565,C00012565,Infratest Dimap,wahlrecht.de,2025-09-02,2025-09-03,1342,11,Greens
12565,C00012565,Infratest Dimap,wahlrecht.de,2025-09-02,2025-09-03,1342,10,Left
12565,C00012565,Infratest Dimap,wahlrecht.de,2025-09-02,2025-09-03,1342,14,SPD
17048,C00017048,pollytix,DAWUM,2025-09-02,2025-09-03,1533,25,AfD
17048,C00017048,pollytix,DAWUM,2025-09-02,2025-09-03,1533,5,BSW
17048,C00017048,pollytix,DAWUM,2025-09-02,2025-09-03,1533,27,CDU/CSU
17048,C00017048,pollytix,DAWUM,2025-09-02,2025-09-03,1533,4,FDP
17048,C00017048,pollytix,DAWUM,2025-09-02,2025-09-03,1533,11,Greens
17048,C00017048,pollytix,DAWUM,2025-09-02,2025-09-03,1533,9,Left
17048,C00017048,pollytix,DAWUM,2025-09-02,2025-09-03,1533,16,SPD
20658,C00020658,Forschungsgruppe Wahlen,wahlrecht.de,2025-09-04,2025-09-05,1269,25,AfD
20658,C00020658,Forschungsgruppe Wahlen,wahlrecht.de,2025-09-04,2025-09-05,1269,3,BSW
20658,C00020658,Forschungsgruppe Wahlen,wahlrecht.de,2025-09-04,2025-09-05,1269,27,CDU/CSU
20658,C00020658,Forschungsgruppe Wahlen,wahlrecht.de,2025-09-04,2025-09-05,1269,3,FDP
20658,C00020658,Forschungsgruppe Wahlen,wahlrecht.de,2025-09-04,2025-09-05,1269,11,Greens
20658,C00020658,Forschungsgruppe Wahlen,wahlrecht.de,2025-09-04,2025-09-05,1269,10,Left
20658,C00020658,Forschungsgruppe Wahlen,wahlrecht.de,2025-09-04,2025-09-05,1269,15,SPD
13593,C00013593,INSA,wahlrecht.de,2025-09-05,2025-09-07,1287,25,AfD
13593,C00013593,INSA,wahlrecht.de,2025-09-05,2025-09-07,1287,4,BSW
13593,C00013593,INSA,wahlrecht.de,2025-09-05,2025-09-07,1287,26,CDU/CSU
13593,C00013593,INSA,wahlrecht.de,2025-09-05,2025-09-07,1287,3,FDP
13593,C00013593,INSA,wahlrecht.de,2025-09-05,2025-09-07,1287,12,Greens
13593,C00013593,INSA,wahlrecht.de,2025-09-05,2025-09-07,1287,11,Left
13593,C00013593,INSA,wahlrecht.de,2025-09-05,2025-09-07,1287,15,SPD
13592,C00013592,INSA,wahlrecht.de,2025-09-08,2025-09-08,2006,25.5,AfD
13592,C00013592,INSA,wahlrecht.de,2025-09-08,2025-09-08,2006,4.5,BSW
13592,C00013592,INSA,wahlrecht.de,2025-09-08,2025-09-08,2006,25.5,CDU/CSU
13592,C00013592,INSA,wahlrecht.de,2025-09-08,2025-09-08,2006,3.5,FDP
13592,C00013592,INSA,wahlrecht.de,2025-09-08,2025-09-08,2006,11,Greens
13592,C00013592,INSA,wahlrecht.de,2025-09-08,2025-09-08,2006,10,Left
13592,C00013592,INSA,wahlrecht.de,2025-09-08,2025-09-08,2006,14.5,SPD
8512,C00008512,Forsa,wahlrecht.de,2025-09-08,2025-09-09,2500,26,AfD
8512,C00008512,Forsa,wahlrecht.de,2025-09-08,2025-09-09,2500,3,BSW
8512,C00008512,Forsa,wahlrecht.de,2025-09-08,2025-09-09,2500,25,CDU/CSU
8512,C00008512,Forsa,wahlrecht.de,2025-09-08,2025-09-09,2500,3,FDP
8512,C00008512,Forsa,wahlrecht.de,2025-09-08,2025-09-09,2500,11,Greens
8512,C00008512,Forsa,wahlrecht.de,2025-09-08,2025-09-09,2500,12,Left
8512,C00008512,Forsa,wahlrecht.de,2025-09-08,2025-09-09,2500,14,SPD
16050,C00016050,Verian (Emnid),wahlrecht.de,2025-09-09,2025-09-10,1460,25,AfD
16050,C00016050,Verian (Emnid),wahlrecht.de,2025-09-09,2025-09-10,1460,4,BSW
16050,C00016050,Verian (Emnid),wahlrecht.de,2025-09-09,2025-09-10,1460,26,CDU/CSU
16050,C00016050,Verian (Emnid),wahlrecht.de,2025-09-09,2025-09-10,1460,3,FDP
16050,C00016050,Verian (Emnid),wahlrecht.de,2025-09-09,2025-09-10,1460,11,Greens
16050,C00016050,Verian (Emnid),wahlrecht.de,2025-09-09,2025-09-10,1460,11,Left
16050,C00016050,Verian (Emnid),wahlrecht.de,2025-09-09,2025-09-10,1460,15,SPD
17041,C00017041,Ipsos,DAWUM,2025-09-07,2025-09-10,1000,25,AfD
17041,C00017041,Ipsos,DAWUM,2025-09-07,2025-09-10,1000,4,BSW
17041,C00017041,Ipsos,DAWUM,2025-09-07,2025-09-10,1000,24,CDU/CSU
17041,C00017041,Ipsos,DAWUM,2025-09-07,2025-09-10,1000,3,FDP
17041,C00017041,Ipsos,DAWUM,2025-09-07,2025-09-10,1000,12,Greens
17041,C00017041,Ipsos,DAWUM,2025-09-07,2025-09-10,1000,12,Left
17041,C00017041,Ipsos,DAWUM,2025-09-07,2025-09-10,1000,15,SPD
13591,C00013591,INSA,wahlrecht.de,2025-09-12,2025-09-13,1204,25,AfD
13591,C00013591,INSA,wahlrecht.de,2025-09-12,2025-09-13,1204,4,BSW
13591,C00013591,INSA,wahlrecht.de,2025-09-12,2025-09-13,1204,25,CDU/CSU
13591,C00013591,INSA,wahlrecht.de,2025-09-12,2025-09-13,1204,3,FDP
13591,C00013591,INSA,wahlrecht.de,2025-09-12,2025-09-13,1204,12,Greens
13591,C00013591,INSA,wahlrecht.de,2025-09-12,2025-09-13,1204,11,Left
13591,C00013591,INSA,wahlrecht.de,2025-09-12,2025-09-13,1204,14,SPD
8511,C00008511,Forsa,wahlrecht.de,2025-09-15,2025-09-16,2502,25,AfD
8511,C00008511,Forsa,wahlrecht.de,2025-09-15,2025-09-16,2502,4,BSW
8511,C00008511,Forsa,wahlrecht.de,2025-09-15,2025-09-16,2502,25,CDU/CSU
8511,C00008511,Forsa,wahlrecht.de,2025-09-15,2025-09-16,2502,3,FDP
8511,C00008511,Forsa,wahlrecht.de,2025-09-15,2025-09-16,2502,12,Greens
8511,C00008511,Forsa,wahlrecht.de,2025-09-15,2025-09-16,2502,11,Left
8511,C00008511,Forsa,wahlrecht.de,2025-09-15,2025-09-16,2502,14,SPD
13590,C00013590,INSA,wahlrecht.de,2025-09-15,2025-09-16,2004,25.5,AfD
13590,C00013590,INSA,wahlrecht.de,2025-09-15,2025-09-16,2004,4,BSW
13590,C00013590,INSA,wahlrecht.de,2025-09-15,2025-09-16,2004,25.5,CDU/CSU
13590,C00013590,INSA,wahlrecht.de,2025-09-15,2025-09-16,2004,3,FDP
13590,C00013590,INSA,wahlrecht.de,2025-09-15,2025-09-16,2004,11.5,Greens
13590,C00013590,INSA,wahlrecht.de,2025-09-15,2025-09-16,2004,11,Left
13590,C00013590,INSA,wahlrecht.de,2025-09-15,2025-09-16,2004,14.5,SPD
16599,C00016599,YouGov,wahlrecht.de,2025-09-15,2025-09-17,1649,27,AfD
16599,C00016599,YouGov,wahlrecht.de,2025-09-15,2025-09-17,1649,5,BSW
16599,C00016599,YouGov,wahlrecht.de,2025-09-15,2025-09-17,1649,26,CDU/CSU
16599,C00016599,YouGov,wahlrecht.de,2025-09-15,2025-09-17,1649,4,FDP
16599,C00016599,YouGov,wahlrecht.de,2025-09-15,2025-09-17,1649,11,Greens
16599,C00016599,YouGov,wahlrecht.de,2025-09-15,2025-09-17,1649,9,Left
16599,C00016599,YouGov,wahlrecht.de,2025-09-15,2025-09-17,1649,15,SPD
20657,C00020657,Forschungsgruppe Wahlen,wahlrecht.de,2025-09-18,2025-09-19,1419,26,AfD
20657,C00020657,Forschungsgruppe Wahlen,wahlrecht.de,2025-09-18,2025-09-19,1419,3,BSW
20657,C00020657,Forschungsgruppe Wahlen,wahlrecht.de,2025-09-18,2025-09-19,1419,26,CDU/CSU
20657,C00020657,Forschungsgruppe Wahlen,wahlrecht.de,2025-09-18,2025-09-19,1419,3,FDP
20657,C00020657,Forschungsgruppe Wahlen,wahlrecht.de,2025-09-18,2025-09-19,1419,10,Greens
20657,C00020657,Forschungsgruppe Wahlen,wahlrecht.de,2025-09-18,2025-09-19,1419,11,Left
20657,C00020657,Forschungsgruppe Wahlen,wahlrecht.de,2025-09-18,2025-09-19,1419,15,SPD
13589,C00013589,INSA,wahlrecht.de,2025-09-19,2025-09-20,1200,26,AfD
13589,C00013589,INSA,wahlrecht.de,2025-09-19,2025-09-20,1200,4,BSW
13589,C00013589,INSA,wahlrecht.de,2025-09-19,2025-09-20,1200,25,CDU/CSU
13589,C00013589,INSA,wahlrecht.de,2025-09-19,2025-09-20,1200,3,FDP
13589,C00013589,INSA,wahlrecht.de,2025-09-19,2025-09-20,1200,11,Greens
13589,C00013589,INSA,wahlrecht.de,2025-09-19,2025-09-20,1200,11,Left
13589,C00013589,INSA,wahlrecht.de,2025-09-19,2025-09-20,1200,15,SPD
8510,C00008510,Forsa,wahlrecht.de,2025-09-22,2025-09-23,2504,27,AfD
8510,C00008510,Forsa,wahlrecht.de,2025-09-22,2025-09-23,2504,4,BSW
8510,C00008510,Forsa,wahlrecht.de,2025-09-22,2025-09-23,2504,25,CDU/CSU
8510,C00008510,Forsa,wahlrecht.de,2025-09-22,2025-09-23,2504,3,FDP
8510,C00008510,Forsa,wahlrecht.de,2025-09-22,2025-09-23,2504,11,Greens
8510,C00008510,Forsa,wahlrecht.de,2025-09-22,2025-09-23,2504,11,Left
8510,C00008510,Forsa,wahlrecht.de,2025-09-22,2025-09-23,2504,13,SPD
13588,C00013588,INSA,wahlrecht.de,2025-09-22,2025-09-23,2002,26,AfD
13588,C00013588,INSA,wahlrecht.de,2025-09-22,2025-09-23,2002,4,BSW
13588,C00013588,INSA,wahlrecht.de,2025-09-22,2025-09-23,2002,24.5,CDU/CSU
13588,C00013588,INSA,wahlrecht.de,2025-09-22,2025-09-23,2002,3.5,FDP
13588,C00013588,INSA,wahlrecht.de,2025-09-22,2025-09-23,2002,11,Greens
13588,C00013588,INSA,wahlrecht.de,2025-09-22,2025-09-23,2002,11.5,Left
13588,C00013588,INSA,wahlrecht.de,2025-09-22,2025-09-23,2002,14.5,SPD
6396,C00006396,Allensbach,wahlrecht.de,2025-09-17,2025-09-24,1013,24,AfD
6396,C00006396,Allensbach,wahlrecht.de,2025-09-17,2025-09-24,1013,3,BSW
6396,C00006396,Allensbach,wahlrecht.de,2025-09-17,2025-09-24,1013,27,CDU/CSU
6396,C00006396,Allensbach,wahlrecht.de,2025-09-17,2025-09-24,1013,4,FDP
6396,C00006396,Allensbach,wahlrecht.de,2025-09-17,2025-09-24,1013,11,Greens
6396,C00006396,Allensbach,wahlrecht.de,2025-09-17,2025-09-24,1013,11,Left
6396,C00006396,Allensbach,wahlrecht.de,2025-09-17,2025-09-24,1013,15,SPD
13587,C00013587,INSA,wahlrecht.de,2025-09-26,2025-09-26,1200,26,AfD
13587,C00013587,INSA,wahlrecht.de,2025-09-26,2025-09-26,1200,4,BSW
13587,C00013587,INSA,wahlrecht.de,2025-09-26,2025-09-26,1200,25,CDU/CSU
13587,C00013587,INSA,wahlrecht.de,2025-09-26,2025-09-26,1200,3,FDP
13587,C00013587,INSA,wahlrecht.de,2025-09-26,2025-09-26,1200,12,Greens
13587,C00013587,INSA,wahlrecht.de,2025-09-26,2025-09-26,1200,11,Left
13587,C00013587,INSA,wahlrecht.de,2025-09-26,2025-09-26,1200,15,SPD
13586,C00013586,INSA,wahlrecht.de,2025-09-29,2025-09-29,2006,26,AfD
13586,C00013586,INSA,wahlrecht.de,2025-09-29,2025-09-29,2006,4,BSW
13586,C00013586,INSA,wahlrecht.de,2025-09-29,2025-09-29,2006,25,CDU/CSU
13586,C00013586,INSA,wahlrecht.de,2025-09-29,2025-09-29,2006,3,FDP
13586,C00013586,INSA,wahlrecht.de,2025-09-29,2025-09-29,2006,11.5,Greens
13586,C00013586,INSA,wahlrecht.de,2025-09-29,2025-09-29,2006,11,Left
13586,C00013586,INSA,wahlrecht.de,2025-09-29,2025-09-29,2006,15.5,SPD
8509,C00008509,Forsa,wahlrecht.de,2025-09-29,2025-09-30,2504,27,AfD
8509,C00008509,Forsa,wahlrecht.de,2025-09-29,2025-09-30,2504,4,BSW
8509,C00008509,Forsa,wahlrecht.de,2025-09-29,2025-09-30,2504,24,CDU/CSU
8509,C00008509,Forsa,wahlrecht.de,2025-09-29,2025-09-30,2504,3,FDP
8509,C00008509,Forsa,wahlrecht.de,2025-09-29,2025-09-30,2504,12,Greens
8509,C00008509,Forsa,wahlrecht.de,2025-09-29,2025-09-30,2504,11,Left
8509,C00008509,Forsa,wahlrecht.de,2025-09-29,2025-09-30,2504,13,SPD
10301,C00010301,GMS,wahlrecht.de,2025-09-29,2025-09-30,1012,25,AfD
10301,C00010301,GMS,wahlrecht.de,2025-09-29,2025-09-30,1012,3,BSW
10301,C00010301,GMS,wahlrecht.de,2025-09-29,2025-09-30,1012,26,CDU/CSU
10301,C00010301,GMS,wahlrecht.de,2025-09-29,2025-09-30,1012,3,FDP
10301,C00010301,GMS,wahlrecht.de,2025-09-29,2025-09-30,1012,11,Greens
10301,C00010301,GMS,wahlrecht.de,2025-09-29,2025-09-30,1012,10,Left
10301,C00010301,GMS,wahlrecht.de,2025-09-29,2025-09-30,1012,15,SPD
17022,C00017022,Forsa,DAWUM,2025-09-29,2025-09-30,2502,27,AfD
17022,C00017022,Forsa,DAWUM,2025-09-29,2025-09-30,2502,4,BSW
17022,C00017022,Forsa,DAWUM,2025-09-29,2025-09-30,2502,24,CDU/CSU
17022,C00017022,Forsa,DAWUM,2025-09-29,2025-09-30,2502,3,FDP
17022,C00017022,Forsa,DAWUM,2025-09-29,2025-09-30,2502,12,Greens
17022,C00017022,Forsa,DAWUM,2025-09-29,2025-09-30,2502,11,Left
17022,C00017022,Forsa,DAWUM,2025-09-29,2025-09-30,2502,13,SPD
12564,C00012564,Infratest Dimap,wahlrecht.de,2025-10-01,2025-10-02,1306,26,AfD
12564,C00012564,Infratest Dimap,wahlrecht.de,2025-10-01,2025-10-02,1306,3,BSW
12564,C00012564,Infratest Dimap,wahlrecht.de,2025-10-01,2025-10-02,1306,26,CDU/CSU
12564,C00012564,Infratest Dimap,wahlrecht.de,2025-10-01,2025-10-02,1306,3,FDP
12564,C00012564,Infratest Dimap,wahlrecht.de,2025-10-01,2025-10-02,1306,12,Greens
12564,C00012564,Infratest Dimap,wahlrecht.de,2025-10-01,2025-10-02,1306,10,Left
12564,C00012564,Infratest Dimap,wahlrecht.de,2025-10-01,2025-10-02,1306,14,SPD
20656,C00020656,Forschungsgruppe Wahlen,wahlrecht.de,2025-10-01,2025-10-02,1300,25,AfD
20656,C00020656,Forschungsgruppe Wahlen,wahlrecht.de,2025-10-01,2025-10-02,1300,27,CDU/CSU
20656,C00020656,Forschungsgruppe Wahlen,wahlrecht.de,2025-10-01,2025-10-02,1300,3,FDP
20656,C00020656,Forschungsgruppe Wahlen,wahlrecht.de,2025-10-01,2025-10-02,1300,11,Greens
20656,C00020656,Forschungsgruppe Wahlen,wahlrecht.de,2025-10-01,2025-10-02,1300,11,Left
20656,C00020656,Forschungsgruppe Wahlen,wahlrecht.de,2025-10-01,2025-10-02,1300,15,SPD
13585,C00013585,INSA,wahlrecht.de,2025-10-02,2025-10-04,1186,26,AfD
13585,C00013585,INSA,wahlrecht.de,2025-10-02,2025-10-04,1186,4,BSW
13585,C00013585,INSA,wahlrecht.de,2025-10-02,2025-10-04,1186,24,CDU/CSU
13585,C00013585,INSA,wahlrecht.de,2025-10-02,2025-10-04,1186,4,FDP
13585,C00013585,INSA,wahlrecht.de,2025-10-02,2025-10-04,1186,11,Greens
13585,C00013585,INSA,wahlrecht.de,2025-10-02,2025-10-04,1186,12,Left
13585,C00013585,INSA,wahlrecht.de,2025-10-02,2025-10-04,1186,14,SPD
13584,C00013584,INSA,wahlrecht.de,2025-10-06,2025-10-06,2010,26.5,AfD
13584,C00013584,INSA,wahlrecht.de,2025-10-06,2025-10-06,2010,4,BSW
13584,C00013584,INSA,wahlrecht.de,2025-10-06,2025-10-06,2010,24.5,CDU/CSU
13584,C00013584,INSA,wahlrecht.de,2025-10-06,2025-10-06,2010,3.5,FDP
13584,C00013584,INSA,wahlrecht.de,2025-10-06,2025-10-06,2010,11,Greens
13584,C00013584,INSA,wahlrecht.de,2025-10-06,2025-10-06,2010,11.5,Left
13584,C00013584,INSA,wahlrecht.de,2025-10-06,2025-10-06,2010,14.5,SPD
8508,C00008508,Forsa,wahlrecht.de,2025-10-06,2025-10-07,2001,26,AfD
8508,C00008508,Forsa,wahlrecht.de,2025-10-06,2025-10-07,2001,4,BSW
8508,C00008508,Forsa,wahlrecht.de,2025-10-06,2025-10-07,2001,24,CDU/CSU
8508,C00008508,Forsa,wahlrecht.de,2025-10-06,2025-10-07,2001,3,FDP
8508,C00008508,Forsa,wahlrecht.de,2025-10-06,2025-10-07,2001,12,Greens
8508,C00008508,Forsa,wahlrecht.de,2025-10-06,2025-10-07,2001,12,Left
8508,C00008508,Forsa,wahlrecht.de,2025-10-06,2025-10-07,2001,13,SPD
17012,C00017012,Ipsos,DAWUM,2025-10-03,2025-10-09,1000,25,AfD
17012,C00017012,Ipsos,DAWUM,2025-10-03,2025-10-09,1000,5,BSW
17012,C00017012,Ipsos,DAWUM,2025-10-03,2025-10-09,1000,23,CDU/CSU
17012,C00017012,Ipsos,DAWUM,2025-10-03,2025-10-09,1000,4,FDP
17012,C00017012,Ipsos,DAWUM,2025-10-03,2025-10-09,1000,11,Greens
17012,C00017012,Ipsos,DAWUM,2025-10-03,2025-10-09,1000,12,Left
17012,C00017012,Ipsos,DAWUM,2025-10-03,2025-10-09,1000,15,SPD
16049,C00016049,Verian (Emnid),wahlrecht.de,2025-10-07,2025-10-10,1478,25,AfD
16049,C00016049,Verian (Emnid),wahlrecht.de,2025-10-07,2025-10-10,1478,4,BSW
16049,C00016049,Verian (Emnid),wahlrecht.de,2025-10-07,2025-10-10,1478,25,CDU/CSU
16049,C00016049,Verian (Emnid),wahlrecht.de,2025-10-07,2025-10-10,1478,3,FDP
16049,C00016049,Verian (Emnid),wahlrecht.de,2025-10-07,2025-10-10,1478,12,Greens
16049,C00016049,Verian (Emnid),wahlrecht.de,2025-10-07,2025-10-10,1478,10,Left
16049,C00016049,Verian (Emnid),wahlrecht.de,2025-10-07,2025-10-10,1478,15,SPD
13583,C00013583,INSA,wahlrecht.de,2025-10-10,2025-10-11,1224,26,AfD
13583,C00013583,INSA,wahlrecht.de,2025-10-10,2025-10-11,1224,4,BSW
13583,C00013583,INSA,wahlrecht.de,2025-10-10,2025-10-11,1224,24,CDU/CSU
13583,C00013583,INSA,wahlrecht.de,2025-10-10,2025-10-11,1224,4,FDP
13583,C00013583,INSA,wahlrecht.de,2025-10-10,2025-10-11,1224,12,Greens
13583,C00013583,INSA,wahlrecht.de,2025-10-10,2025-10-11,1224,11,Left
13583,C00013583,INSA,wahlrecht.de,2025-10-10,2025-10-11,1224,14,SPD
8507,C00008507,Forsa,wahlrecht.de,2025-10-13,2025-10-14,2500,26,AfD
8507,C00008507,Forsa,wahlrecht.de,2025-10-13,2025-10-14,2500,4,BSW
8507,C00008507,Forsa,wahlrecht.de,2025-10-13,2025-10-14,2500,24,CDU/CSU
8507,C00008507,Forsa,wahlrecht.de,2025-10-13,2025-10-14,2500,3,FDP
8507,C00008507,Forsa,wahlrecht.de,2025-10-13,2025-10-14,2500,12,Greens
8507,C00008507,Forsa,wahlrecht.de,2025-10-13,2025-10-14,2500,12,Left
8507,C00008507,Forsa,wahlrecht.de,2025-10-13,2025-10-14,2500,13,SPD
13582,C00013582,INSA,wahlrecht.de,2025-10-13,2025-10-14,2008,26.5,AfD
13582,C00013582,INSA,wahlrecht.de,2025-10-13,2025-10-14,2008,4,BSW
13582,C00013582,INSA,wahlrecht.de,2025-10-13,2025-10-14,2008,25,CDU/CSU
13582,C00013582,INSA,wahlrecht.de,2025-10-13,2025-10-14,2008,4,FDP
13582,C00013582,INSA,wahlrecht.de,2025-10-13,2025-10-14,2008,11.5,Greens
13582,C00013582,INSA,wahlrecht.de,2025-10-13,2025-10-14,2008,10.5,Left
13582,C00013582,INSA,wahlrecht.de,2025-10-13,2025-10-14,2008,14,SPD
16598,C00016598,YouGov,wahlrecht.de,2025-10-13,2025-10-15,1880,26,AfD
16598,C00016598,YouGov,wahlrecht.de,2025-10-13,2025-10-15,1880,4,BSW
16598,C00016598,YouGov,wahlrecht.de,2025-10-13,2025-10-15,1880,27,CDU/CSU
16598,C00016598,YouGov,wahlrecht.de,2025-10-13,2025-10-15,1880,3,FDP
16598,C00016598,YouGov,wahlrecht.de,2025-10-13,2025-10-15,1880,11,Greens
16598,C00016598,YouGov,wahlrecht.de,2025-10-13,2025-10-15,1880,10,Left
16598,C00016598,YouGov,wahlrecht.de,2025-10-13,2025-10-15,1880,14,SPD
6395,C00006395,Allensbach,wahlrecht.de,2025-10-10,2025-10-17,1044,25,AfD
6395,C00006395,Allensbach,wahlrecht.de,2025-10-10,2025-10-17,1044,4,BSW
6395,C00006395,Allensbach,wahlrecht.de,2025-10-10,2025-10-17,1044,26,CDU/CSU
6395,C00006395,Allensbach,wahlrecht.de,2025-10-10,2025-10-17,1044,3,FDP
6395,C00006395,Allensbach,wahlrecht.de,2025-10-10,2025-10-17,1044,11,Greens
6395,C00006395,Allensbach,wahlrecht.de,2025-10-10,2025-10-17,1044,11,Left
6395,C00006395,Allensbach,wahlrecht.de,2025-10-10,2025-10-17,1044,15,SPD
13581,C00013581,INSA,wahlrecht.de,2025-10-17,2025-10-18,1200,27,AfD
13581,C00013581,INSA,wahlrecht.de,2025-10-17,2025-10-18,1200,4,BSW
13581,C00013581,INSA,wahlrecht.de,2025-10-17,2025-10-18,1200,25,CDU/CSU
13581,C00013581,INSA,wahlrecht.de,2025-10-17,2025-10-18,1200,4,FDP
13581,C00013581,INSA,wahlrecht.de,2025-10-17,2025-10-18,1200,11,Greens
13581,C00013581,INSA,wahlrecht.de,2025-10-17,2025-10-18,1200,11,Left
13581,C00013581,INSA,wahlrecht.de,2025-10-17,2025-10-18,1200,14,SPD
13580,C00013580,INSA,wahlrecht.de,2025-10-20,2025-10-20,2006,27,AfD
13580,C00013580,INSA,wahlrecht.de,2025-10-20,2025-10-20,2006,4.5,BSW
13580,C00013580,INSA,wahlrecht.de,2025-10-20,2025-10-20,2006,24.5,CDU/CSU
13580,C00013580,INSA,wahlrecht.de,2025-10-20,2025-10-20,2006,4,FDP
13580,C00013580,INSA,wahlrecht.de,2025-10-20,2025-10-20,2006,11,Greens
13580,C00013580,INSA,wahlrecht.de,2025-10-20,2025-10-20,2006,11,Left
13580,C00013580,INSA,wahlrecht.de,2025-10-20,2025-10-20,2006,14,SPD
8506,C00008506,Forsa,wahlrecht.de,2025-10-20,2025-10-21,2505,26,AfD
8506,C00008506,Forsa,wahlrecht.de,2025-10-20,2025-10-21,2505,4,BSW
8506,C00008506,Forsa,wahlrecht.de,2025-10-20,2025-10-21,2505,24,CDU/CSU
8506,C00008506,Forsa,wahlrecht.de,2025-10-20,2025-10-21,2505,3,FDP
8506,C00008506,Forsa,wahlrecht.de,2025-10-20,2025-10-21,2505,12,Greens
8506,C00008506,Forsa,wahlrecht.de,2025-10-20,2025-10-21,2505,11,Left
8506,C00008506,Forsa,wahlrecht.de,2025-10-20,2025-10-21,2505,14,SPD
13579,C00013579,INSA,wahlrecht.de,2025-10-24,2025-10-24,1205,26,AfD
13579,C00013579,INSA,wahlrecht.de,2025-10-24,2025-10-24,1205,4,BSW
13579,C00013579,INSA,wahlrecht.de,2025-10-24,2025-10-24,1205,24,CDU/CSU
13579,C00013579,INSA,wahlrecht.de,2025-10-24,2025-10-24,1205,4,FDP
13579,C00013579,INSA,wahlrecht.de,2025-10-24,2025-10-24,1205,11,Greens
13579,C00013579,INSA,wahlrecht.de,2025-10-24,2025-10-24,1205,11,Left
13579,C00013579,INSA,wahlrecht.de,2025-10-24,2025-10-24,1205,15,SPD
13578,C00013578,INSA,wahlrecht.de,2025-10-27,2025-10-27,2004,26,AfD
13578,C00013578,INSA,wahlrecht.de,2025-10-27,2025-10-27,2004,4,BSW
13578,C00013578,INSA,wahlrecht.de,2025-10-27,2025-10-27,2004,24.5,CDU/CSU
13578,C00013578,INSA,wahlrecht.de,2025-10-27,2025-10-27,2004,3.5,FDP
13578,C00013578,INSA,wahlrecht.de,2025-10-27,2025-10-27,2004,11,Greens
13578,C00013578,INSA,wahlrecht.de,2025-10-27,2025-10-27,2004,11.5,Left
13578,C00013578,INSA,wahlrecht.de,2025-10-27,2025-10-27,2004,15,SPD
8505,C00008505,Forsa,wahlrecht.de,2025-10-27,2025-10-28,2502,26,AfD
8505,C00008505,Forsa,wahlrecht.de,2025-10-27,2025-10-28,2502,3,BSW
8505,C00008505,Forsa,wahlrecht.de,2025-10-27,2025-10-28,2502,25,CDU/CSU
8505,C00008505,Forsa,wahlrecht.de,2025-10-27,2025-10-28,2502,3,FDP
8505,C00008505,Forsa,wahlrecht.de,2025-10-27,2025-10-28,2502,12,Greens
8505,C00008505,Forsa,wahlrecht.de,2025-10-27,2025-10-28,2502,12,Left
8505,C00008505,Forsa,wahlrecht.de,2025-10-27,2025-10-28,2502,13,SPD
13577,C00013577,INSA,wahlrecht.de,2025-10-30,2025-11-01,1202,26,AfD
13577,C00013577,INSA,wahlrecht.de,2025-10-30,2025-11-01,1202,4,BSW
13577,C00013577,INSA,wahlrecht.de,2025-10-30,2025-11-01,1202,25,CDU/CSU
13577,C00013577,INSA,wahlrecht.de,2025-10-30,2025-11-01,1202,3,FDP
13577,C00013577,INSA,wahlrecht.de,2025-10-30,2025-11-01,1202,11,Greens
13577,C00013577,INSA,wahlrecht.de,2025-10-30,2025-11-01,1202,11,Left
13577,C00013577,INSA,wahlrecht.de,2025-10-30,2025-11-01,1202,15,SPD
13576,C00013576,INSA,wahlrecht.de,2025-11-03,2025-11-03,2002,25.5,AfD
13576,C00013576,INSA,wahlrecht.de,2025-11-03,2025-11-03,2002,4,BSW
13576,C00013576,INSA,wahlrecht.de,2025-11-03,2025-11-03,2002,25.5,CDU/CSU
13576,C00013576,INSA,wahlrecht.de,2025-11-03,2025-11-03,2002,3,FDP
13576,C00013576,INSA,wahlrecht.de,2025-11-03,2025-11-03,2002,11,Greens
13576,C00013576,INSA,wahlrecht.de,2025-11-03,2025-11-03,2002,11,Left
13576,C00013576,INSA,wahlrecht.de,2025-11-03,2025-11-03,2002,15,SPD
8504,C00008504,Forsa,wahlrecht.de,2025-11-03,2025-11-04,2500,26,AfD
8504,C00008504,Forsa,wahlrecht.de,2025-11-03,2025-11-04,2500,3,BSW
8504,C00008504,Forsa,wahlrecht.de,2025-11-03,2025-11-04,2500,24,CDU/CSU
8504,C00008504,Forsa,wahlrecht.de,2025-11-03,2025-11-04,2500,3,FDP
8504,C00008504,Forsa,wahlrecht.de,2025-11-03,2025-11-04,2500,12,Greens
8504,C00008504,Forsa,wahlrecht.de,2025-11-03,2025-11-04,2500,12,Left
8504,C00008504,Forsa,wahlrecht.de,2025-11-03,2025-11-04,2500,14,SPD
12563,C00012563,Infratest Dimap,wahlrecht.de,2025-11-05,2025-11-06,1300,26,AfD
12563,C00012563,Infratest Dimap,wahlrecht.de,2025-11-05,2025-11-06,1300,3,BSW
12563,C00012563,Infratest Dimap,wahlrecht.de,2025-11-05,2025-11-06,1300,27,CDU/CSU
12563,C00012563,Infratest Dimap,wahlrecht.de,2025-11-05,2025-11-06,1300,3,FDP
12563,C00012563,Infratest Dimap,wahlrecht.de,2025-11-05,2025-11-06,1300,12,Greens
12563,C00012563,Infratest Dimap,wahlrecht.de,2025-11-05,2025-11-06,1300,10,Left
12563,C00012563,Infratest Dimap,wahlrecht.de,2025-11-05,2025-11-06,1300,14,SPD
16048,C00016048,Verian (Emnid),wahlrecht.de,2025-11-04,2025-11-07,1471,25,AfD
16048,C00016048,Verian (Emnid),wahlrecht.de,2025-11-04,2025-11-07,1471,3,BSW
16048,C00016048,Verian (Emnid),wahlrecht.de,2025-11-04,2025-11-07,1471,26,CDU/CSU
16048,C00016048,Verian (Emnid),wahlrecht.de,2025-11-04,2025-11-07,1471,3,FDP
16048,C00016048,Verian (Emnid),wahlrecht.de,2025-11-04,2025-11-07,1471,12,Greens
16048,C00016048,Verian (Emnid),wahlrecht.de,2025-11-04,2025-11-07,1471,10,Left
16048,C00016048,Verian (Emnid),wahlrecht.de,2025-11-04,2025-11-07,1471,15,SPD
13575,C00013575,INSA,wahlrecht.de,2025-11-07,2025-11-08,1205,26,AfD
13575,C00013575,INSA,wahlrecht.de,2025-11-07,2025-11-08,1205,4,BSW
13575,C00013575,INSA,wahlrecht.de,2025-11-07,2025-11-08,1205,25,CDU/CSU
13575,C00013575,INSA,wahlrecht.de,2025-11-07,2025-11-08,1205,3,FDP
13575,C00013575,INSA,wahlrecht.de,2025-11-07,2025-11-08,1205,12,Greens
13575,C00013575,INSA,wahlrecht.de,2025-11-07,2025-11-08,1205,11,Left
13575,C00013575,INSA,wahlrecht.de,2025-11-07,2025-11-08,1205,15,SPD
8503,C00008503,Forsa,wahlrecht.de,2025-11-10,2025-11-11,2503,26,AfD
8503,C00008503,Forsa,wahlrecht.de,2025-11-10,2025-11-11,2503,3,BSW
8503,C00008503,Forsa,wahlrecht.de,2025-11-10,2025-11-11,2503,24,CDU/CSU
8503,C00008503,Forsa,wahlrecht.de,2025-11-10,2025-11-11,2503,3,FDP
8503,C00008503,Forsa,wahlrecht.de,2025-11-10,2025-11-11,2503,12,Greens
8503,C00008503,Forsa,wahlrecht.de,2025-11-10,2025-11-11,2503,11,Left
8503,C00008503,Forsa,wahlrecht.de,2025-11-10,2025-11-11,2503,14,SPD
13574,C00013574,INSA,wahlrecht.de,2025-11-10,2025-11-11,2010,26,AfD
13574,C00013574,INSA,wahlrecht.de,2025-11-10,2025-11-11,2010,4,BSW
13574,C00013574,INSA,wahlrecht.de,2025-11-10,2025-11-11,2010,25,CDU/CSU
13574,C00013574,INSA,wahlrecht.de,2025-11-10,2025-11-11,2010,3,FDP
13574,C00013574,INSA,wahlrecht.de,2025-11-10,2025-11-11,2010,11.5,Greens
13574,C00013574,INSA,wahlrecht.de,2025-11-10,2025-11-11,2010,10.5,Left
13574,C00013574,INSA,wahlrecht.de,2025-11-10,2025-11-11,2010,15.5,SPD
16983,C00016983,Ipsos,DAWUM,2025-11-09,2025-11-12,1000,26,AfD
16983,C00016983,Ipsos,DAWUM,2025-11-09,2025-11-12,1000,4,BSW
16983,C00016983,Ipsos,DAWUM,2025-11-09,2025-11-12,1000,24,CDU/CSU
16983,C00016983,Ipsos,DAWUM,2025-11-09,2025-11-12,1000,4,FDP
16983,C00016983,Ipsos,DAWUM,2025-11-09,2025-11-12,1000,12,Greens
16983,C00016983,Ipsos,DAWUM,2025-11-09,2025-11-12,1000,11,Left
16983,C00016983,Ipsos,DAWUM,2025-11-09,2025-11-12,1000,15,SPD
6394,C00006394,Allensbach,wahlrecht.de,2025-11-06,2025-11-14,1011,24,AfD
6394,C00006394,Allensbach,wahlrecht.de,2025-11-06,2025-11-14,1011,4,BSW
6394,C00006394,Allensbach,wahlrecht.de,2025-11-06,2025-11-14,1011,27,CDU/CSU
6394,C00006394,Allensbach,wahlrecht.de,2025-11-06,2025-11-14,1011,3.5,FDP
6394,C00006394,Allensbach,wahlrecht.de,2025-11-06,2025-11-14,1011,11,Greens
6394,C00006394,Allensbach,wahlrecht.de,2025-11-06,2025-11-14,1011,10,Left
6394,C00006394,Allensbach,wahlrecht.de,2025-11-06,2025-11-14,1011,15.5,SPD
13573,C00013573,INSA,wahlrecht.de,2025-11-14,2025-11-15,1203,26,AfD
13573,C00013573,INSA,wahlrecht.de,2025-11-14,2025-11-15,1203,4,BSW
13573,C00013573,INSA,wahlrecht.de,2025-11-14,2025-11-15,1203,25,CDU/CSU
13573,C00013573,INSA,wahlrecht.de,2025-11-14,2025-11-15,1203,3,FDP
13573,C00013573,INSA,wahlrecht.de,2025-11-14,2025-11-15,1203,11,Greens
13573,C00013573,INSA,wahlrecht.de,2025-11-14,2025-11-15,1203,11,Left
13573,C00013573,INSA,wahlrecht.de,2025-11-14,2025-11-15,1203,15,SPD
10300,C00010300,GMS,wahlrecht.de,2025-11-17,2025-11-17,1020,26,AfD
10300,C00010300,GMS,wahlrecht.de,2025-11-17,2025-11-17,1020,3,BSW
10300,C00010300,GMS,wahlrecht.de,2025-11-17,2025-11-17,1020,25,CDU/CSU
10300,C00010300,GMS,wahlrecht.de,2025-11-17,2025-11-17,1020,3,FDP
10300,C00010300,GMS,wahlrecht.de,2025-11-17,2025-11-17,1020,12,Greens
10300,C00010300,GMS,wahlrecht.de,2025-11-17,2025-11-17,1020,11,Left
10300,C00010300,GMS,wahlrecht.de,2025-11-17,2025-11-17,1020,14,SPD
13572,C00013572,INSA,wahlrecht.de,2025-11-17,2025-11-17,2006,26,AfD
13572,C00013572,INSA,wahlrecht.de,2025-11-17,2025-11-17,2006,4,BSW
13572,C00013572,INSA,wahlrecht.de,2025-11-17,2025-11-17,2006,24.5,CDU/CSU
13572,C00013572,INSA,wahlrecht.de,2025-11-17,2025-11-17,2006,3.5,FDP
13572,C00013572,INSA,wahlrecht.de,2025-11-17,2025-11-17,2006,11,Greens
13572,C00013572,INSA,wahlrecht.de,2025-11-17,2025-11-17,2006,11,Left
13572,C00013572,INSA,wahlrecht.de,2025-11-17,2025-11-17,2006,15,SPD
8502,C00008502,Forsa,wahlrecht.de,2025-11-17,2025-11-18,2502,26,AfD
8502,C00008502,Forsa,wahlrecht.de,2025-11-17,2025-11-18,2502,25,CDU/CSU
8502,C00008502,Forsa,wahlrecht.de,2025-11-17,2025-11-18,2502,3,FDP
8502,C00008502,Forsa,wahlrecht.de,2025-11-17,2025-11-18,2502,12,Greens
8502,C00008502,Forsa,wahlrecht.de,2025-11-17,2025-11-18,2502,11,Left
8502,C00008502,Forsa,wahlrecht.de,2025-11-17,2025-11-18,2502,14,SPD
16597,C00016597,YouGov,wahlrecht.de,2025-11-17,2025-11-19,2005,25,AfD
16597,C00016597,YouGov,wahlrecht.de,2025-11-17,2025-11-19,2005,4,BSW
16597,C00016597,YouGov,wahlrecht.de,2025-11-17,2025-11-19,2005,27,CDU/CSU
16597,C00016597,YouGov,wahlrecht.de,2025-11-17,2025-11-19,2005,4,FDP
16597,C00016597,YouGov,wahlrecht.de,2025-11-17,2025-11-19,2005,11,Greens
16597,C00016597,YouGov,wahlrecht.de,2025-11-17,2025-11-19,2005,11,Left
16597,C00016597,YouGov,wahlrecht.de,2025-11-17,2025-11-19,2005,14,SPD
13571,C00013571,INSA,wahlrecht.de,2025-11-21,2025-11-22,1208,26,AfD
13571,C00013571,INSA,wahlrecht.de,2025-11-21,2025-11-22,1208,4,BSW
13571,C00013571,INSA,wahlrecht.de,2025-11-21,2025-11-22,1208,25,CDU/CSU
13571,C00013571,INSA,wahlrecht.de,2025-11-21,2025-11-22,1208,3,FDP
13571,C00013571,INSA,wahlrecht.de,2025-11-21,2025-11-22,1208,11,Greens
13571,C00013571,INSA,wahlrecht.de,2025-11-21,2025-11-22,1208,10,Left
13571,C00013571,INSA,wahlrecht.de,2025-11-21,2025-11-22,1208,15,SPD
13570,C00013570,INSA,wahlrecht.de,2025-11-24,2025-11-24,2008,26,AfD
13570,C00013570,INSA,wahlrecht.de,2025-11-24,2025-11-24,2008,4,BSW
13570,C00013570,INSA,wahlrecht.de,2025-11-24,2025-11-24,2008,25.5,CDU/CSU
13570,C00013570,INSA,wahlrecht.de,2025-11-24,2025-11-24,2008,3,FDP
13570,C00013570,INSA,wahlrecht.de,2025-11-24,2025-11-24,2008,11,Greens
13570,C00013570,INSA,wahlrecht.de,2025-11-24,2025-11-24,2008,10.5,Left
13570,C00013570,INSA,wahlrecht.de,2025-11-24,2025-11-24,2008,15,SPD
8501,C00008501,Forsa,wahlrecht.de,2025-11-24,2025-11-25,2501,26,AfD
8501,C00008501,Forsa,wahlrecht.de,2025-11-24,2025-11-25,2501,3,BSW
8501,C00008501,Forsa,wahlrecht.de,2025-11-24,2025-11-25,2501,25,CDU/CSU
8501,C00008501,Forsa,wahlrecht.de,2025-11-24,2025-11-25,2501,3,FDP
8501,C00008501,Forsa,wahlrecht.de,2025-11-24,2025-11-25,2501,12,Greens
8501,C00008501,Forsa,wahlrecht.de,2025-11-24,2025-11-25,2501,11,Left
8501,C00008501,Forsa,wahlrecht.de,2025-11-24,2025-11-25,2501,14,SPD
13569,C00013569,INSA,wahlrecht.de,2025-11-28,2025-11-28,1198,27,AfD
13569,C00013569,INSA,wahlrecht.de,2025-11-28,2025-11-28,1198,4,BSW
13569,C00013569,INSA,wahlrecht.de,2025-11-28,2025-11-28,1198,25,CDU/CSU
13569,C00013569,INSA,wahlrecht.de,2025-11-28,2025-11-28,1198,3,FDP
13569,C00013569,INSA,wahlrecht.de,2025-11-28,2025-11-28,1198,11,Greens
13569,C00013569,INSA,wahlrecht.de,2025-11-28,2025-11-28,1198,10,Left
13569,C00013569,INSA,wahlrecht.de,2025-11-28,2025-11-28,1198,15,SPD
8500,C00008500,Forsa,wahlrecht.de,2025-12-01,2025-12-02,2501,26,AfD
8500,C00008500,Forsa,wahlrecht.de,2025-12-01,2025-12-02,2501,3,BSW
8500,C00008500,Forsa,wahlrecht.de,2025-12-01,2025-12-02,2501,25,CDU/CSU
8500,C00008500,Forsa,wahlrecht.de,2025-12-01,2025-12-02,2501,3,FDP
8500,C00008500,Forsa,wahlrecht.de,2025-12-01,2025-12-02,2501,12,Greens
8500,C00008500,Forsa,wahlrecht.de,2025-12-01,2025-12-02,2501,11,Left
8500,C00008500,Forsa,wahlrecht.de,2025-12-01,2025-12-02,2501,14,SPD
13568,C00013568,INSA,wahlrecht.de,2025-12-01,2025-12-02,2002,27,AfD
13568,C00013568,INSA,wahlrecht.de,2025-12-01,2025-12-02,2002,4,BSW
13568,C00013568,INSA,wahlrecht.de,2025-12-01,2025-12-02,2002,24.5,CDU/CSU
13568,C00013568,INSA,wahlrecht.de,2025-12-01,2025-12-02,2002,3.5,FDP
13568,C00013568,INSA,wahlrecht.de,2025-12-01,2025-12-02,2002,11,Greens
13568,C00013568,INSA,wahlrecht.de,2025-12-01,2025-12-02,2002,10.5,Left
13568,C00013568,INSA,wahlrecht.de,2025-12-01,2025-12-02,2002,14.5,SPD
16964,C00016964,pollytix,DAWUM,2025-12-02,2025-12-03,3020,26,AfD
16964,C00016964,pollytix,DAWUM,2025-12-02,2025-12-03,3020,4,BSW
16964,C00016964,pollytix,DAWUM,2025-12-02,2025-12-03,3020,26,CDU/CSU
16964,C00016964,pollytix,DAWUM,2025-12-02,2025-12-03,3020,4,FDP
16964,C00016964,pollytix,DAWUM,2025-12-02,2025-12-03,3020,11,Greens
16964,C00016964,pollytix,DAWUM,2025-12-02,2025-12-03,3020,10,Left
16964,C00016964,pollytix,DAWUM,2025-12-02,2025-12-03,3020,15,SPD
12562,C00012562,Infratest Dimap,wahlrecht.de,2025-12-03,2025-12-04,1306,25,AfD
12562,C00012562,Infratest Dimap,wahlrecht.de,2025-12-03,2025-12-04,1306,4,BSW
12562,C00012562,Infratest Dimap,wahlrecht.de,2025-12-03,2025-12-04,1306,27,CDU/CSU
12562,C00012562,Infratest Dimap,wahlrecht.de,2025-12-03,2025-12-04,1306,3,FDP
12562,C00012562,Infratest Dimap,wahlrecht.de,2025-12-03,2025-12-04,1306,12,Greens
12562,C00012562,Infratest Dimap,wahlrecht.de,2025-12-03,2025-12-04,1306,10,Left
12562,C00012562,Infratest Dimap,wahlrecht.de,2025-12-03,2025-12-04,1306,14,SPD
16962,C00016962,Ipsos,DAWUM,2025-11-30,2025-12-04,1000,26,AfD
16962,C00016962,Ipsos,DAWUM,2025-11-30,2025-12-04,1000,4,BSW
16962,C00016962,Ipsos,DAWUM,2025-11-30,2025-12-04,1000,23,CDU/CSU
16962,C00016962,Ipsos,DAWUM,2025-11-30,2025-12-04,1000,4,FDP
16962,C00016962,Ipsos,DAWUM,2025-11-30,2025-12-04,1000,13,Greens
16962,C00016962,Ipsos,DAWUM,2025-11-30,2025-12-04,1000,10,Left
16962,C00016962,Ipsos,DAWUM,2025-11-30,2025-12-04,1000,15,SPD
13567,C00013567,INSA,wahlrecht.de,2025-12-05,2025-12-06,1206,26,AfD
13567,C00013567,INSA,wahlrecht.de,2025-12-05,2025-12-06,1206,4,BSW
13567,C00013567,INSA,wahlrecht.de,2025-12-05,2025-12-06,1206,25,CDU/CSU
13567,C00013567,INSA,wahlrecht.de,2025-12-05,2025-12-06,1206,4,FDP
13567,C00013567,INSA,wahlrecht.de,2025-12-05,2025-12-06,1206,10,Greens
13567,C00013567,INSA,wahlrecht.de,2025-12-05,2025-12-06,1206,11,Left
13567,C00013567,INSA,wahlrecht.de,2025-12-05,2025-12-06,1206,15,SPD
8499,C00008499,Forsa,wahlrecht.de,2025-12-08,2025-12-09,2503,26,AfD
8499,C00008499,Forsa,wahlrecht.de,2025-12-08,2025-12-09,2503,3,BSW
8499,C00008499,Forsa,wahlrecht.de,2025-12-08,2025-12-09,2503,24,CDU/CSU
8499,C00008499,Forsa,wahlrecht.de,2025-12-08,2025-12-09,2503,3,FDP
8499,C00008499,Forsa,wahlrecht.de,2025-12-08,2025-12-09,2503,12,Greens
8499,C00008499,Forsa,wahlrecht.de,2025-12-08,2025-12-09,2503,11,Left
8499,C00008499,Forsa,wahlrecht.de,2025-12-08,2025-12-09,2503,14,SPD
13566,C00013566,INSA,wahlrecht.de,2025-12-08,2025-12-09,2007,26.5,AfD
13566,C00013566,INSA,wahlrecht.de,2025-12-08,2025-12-09,2007,4,BSW
13566,C00013566,INSA,wahlrecht.de,2025-12-08,2025-12-09,2007,24.5,CDU/CSU
13566,C00013566,INSA,wahlrecht.de,2025-12-08,2025-12-09,2007,4,FDP
13566,C00013566,INSA,wahlrecht.de,2025-12-08,2025-12-09,2007,10.5,Greens
13566,C00013566,INSA,wahlrecht.de,2025-12-08,2025-12-09,2007,11,Left
13566,C00013566,INSA,wahlrecht.de,2025-12-08,2025-12-09,2007,15,SPD
16047,C00016047,Verian (Emnid),wahlrecht.de,2025-12-09,2025-12-10,1443,25,AfD
16047,C00016047,Verian (Emnid),wahlrecht.de,2025-12-09,2025-12-10,1443,4,BSW
16047,C00016047,Verian (Emnid),wahlrecht.de,2025-12-09,2025-12-10,1443,25,CDU/CSU
16047,C00016047,Verian (Emnid),wahlrecht.de,2025-12-09,2025-12-10,1443,3,FDP
16047,C00016047,Verian (Emnid),wahlrecht.de,2025-12-09,2025-12-10,1443,12,Greens
16047,C00016047,Verian (Emnid),wahlrecht.de,2025-12-09,2025-12-10,1443,11,Left
16047,C00016047,Verian (Emnid),wahlrecht.de,2025-12-09,2025-12-10,1443,14,SPD
6393,C00006393,Allensbach,wahlrecht.de,2025-12-04,2025-12-11,1029,25,AfD
6393,C00006393,Allensbach,wahlrecht.de,2025-12-04,2025-12-11,1029,3,BSW
6393,C00006393,Allensbach,wahlrecht.de,2025-12-04,2025-12-11,1029,27,CDU/CSU
6393,C00006393,Allensbach,wahlrecht.de,2025-12-04,2025-12-11,1029,4.5,FDP
6393,C00006393,Allensbach,wahlrecht.de,2025-12-04,2025-12-11,1029,12.5,Greens
6393,C00006393,Allensbach,wahlrecht.de,2025-12-04,2025-12-11,1029,9,Left
6393,C00006393,Allensbach,wahlrecht.de,2025-12-04,2025-12-11,1029,14,SPD
13565,C00013565,INSA,wahlrecht.de,2025-12-12,2025-12-13,1201,26,AfD
13565,C00013565,INSA,wahlrecht.de,2025-12-12,2025-12-13,1201,4,BSW
13565,C00013565,INSA,wahlrecht.de,2025-12-12,2025-12-13,1201,24,CDU/CSU
13565,C00013565,INSA,wahlrecht.de,2025-12-12,2025-12-13,1201,4,FDP
13565,C00013565,INSA,wahlrecht.de,2025-12-12,2025-12-13,1201,11,Greens
13565,C00013565,INSA,wahlrecht.de,2025-12-12,2025-12-13,1201,11,Left
13565,C00013565,INSA,wahlrecht.de,2025-12-12,2025-12-13,1201,14,SPD
8498,C00008498,Forsa,wahlrecht.de,2025-12-15,2025-12-16,2503,26,AfD
8498,C00008498,Forsa,wahlrecht.de,2025-12-15,2025-12-16,2503,3,BSW
8498,C00008498,Forsa,wahlrecht.de,2025-12-15,2025-12-16,2503,24,CDU/CSU
8498,C00008498,Forsa,wahlrecht.de,2025-12-15,2025-12-16,2503,3,FDP
8498,C00008498,Forsa,wahlrecht.de,2025-12-15,2025-12-16,2503,13,Greens
8498,C00008498,Forsa,wahlrecht.de,2025-12-15,2025-12-16,2503,11,Left
8498,C00008498,Forsa,wahlrecht.de,2025-12-15,2025-12-16,2503,13,SPD
13564,C00013564,INSA,wahlrecht.de,2025-12-15,2025-12-16,2006,26,AfD
13564,C00013564,INSA,wahlrecht.de,2025-12-15,2025-12-16,2006,4.5,BSW
13564,C00013564,INSA,wahlrecht.de,2025-12-15,2025-12-16,2006,25,CDU/CSU
13564,C00013564,INSA,wahlrecht.de,2025-12-15,2025-12-16,2006,4,FDP
13564,C00013564,INSA,wahlrecht.de,2025-12-15,2025-12-16,2006,10.5,Greens
13564,C00013564,INSA,wahlrecht.de,2025-12-15,2025-12-16,2006,10.5,Left
13564,C00013564,INSA,wahlrecht.de,2025-12-15,2025-12-16,2006,14,SPD
16596,C00016596,YouGov,wahlrecht.de,2025-12-15,2025-12-17,1743,26,AfD
16596,C00016596,YouGov,wahlrecht.de,2025-12-15,2025-12-17,1743,4,BSW
16596,C00016596,YouGov,wahlrecht.de,2025-12-15,2025-12-17,1743,26,CDU/CSU
16596,C00016596,YouGov,wahlrecht.de,2025-12-15,2025-12-17,1743,4,FDP
16596,C00016596,YouGov,wahlrecht.de,2025-12-15,2025-12-17,1743,12,Greens
16596,C00016596,YouGov,wahlrecht.de,2025-12-15,2025-12-17,1743,10,Left
16596,C00016596,YouGov,wahlrecht.de,2025-12-15,2025-12-17,1743,14,SPD
13563,C00013563,INSA,wahlrecht.de,2025-12-19,2025-12-21,1201,26,AfD
13563,C00013563,INSA,wahlrecht.de,2025-12-19,2025-12-21,1201,4,BSW
13563,C00013563,INSA,wahlrecht.de,2025-12-19,2025-12-21,1201,24,CDU/CSU
13563,C00013563,INSA,wahlrecht.de,2025-12-19,2025-12-21,1201,4,FDP
13563,C00013563,INSA,wahlrecht.de,2025-12-19,2025-12-21,1201,12,Greens
13563,C00013563,INSA,wahlrecht.de,2025-12-19,2025-12-21,1201,11,Left
13563,C00013563,INSA,wahlrecht.de,2025-12-19,2025-12-21,1201,14,SPD
8497,C00008497,Forsa,wahlrecht.de,2025-12-19,2025-12-23,2003,26,AfD
8497,C00008497,Forsa,wahlrecht.de,2025-12-19,2025-12-23,2003,3,BSW
8497,C00008497,Forsa,wahlrecht.de,2025-12-19,2025-12-23,2003,24,CDU/CSU
8497,C00008497,Forsa,wahlrecht.de,2025-12-19,2025-12-23,2003,3,FDP
8497,C00008497,Forsa,wahlrecht.de,2025-12-19,2025-12-23,2003,13,Greens
8497,C00008497,Forsa,wahlrecht.de,2025-12-19,2025-12-23,2003,11,Left
8497,C00008497,Forsa,wahlrecht.de,2025-12-19,2025-12-23,2003,13,SPD
13562,C00013562,INSA,wahlrecht.de,2025-12-22,2025-12-23,2002,26,AfD
13562,C00013562,INSA,wahlrecht.de,2025-12-22,2025-12-23,2002,4,BSW
13562,C00013562,INSA,wahlrecht.de,2025-12-22,2025-12-23,2002,24.5,CDU/CSU
13562,C00013562,INSA,wahlrecht.de,2025-12-22,2025-12-23,2002,3.5,FDP
13562,C00013562,INSA,wahlrecht.de,2025-12-22,2025-12-23,2002,11.5,Greens
13562,C00013562,INSA,wahlrecht.de,2025-12-22,2025-12-23,2002,11,Left
13562,C00013562,INSA,wahlrecht.de,2025-12-22,2025-12-23,2002,14,SPD
13561,C00013561,INSA,wahlrecht.de,2026-01-02,2026-01-03,1004,26,AfD
13561,C00013561,INSA,wahlrecht.de,2026-01-02,2026-01-03,1004,4,BSW
13561,C00013561,INSA,wahlrecht.de,2026-01-02,2026-01-03,1004,25,CDU/CSU
13561,C00013561,INSA,wahlrecht.de,2026-01-02,2026-01-03,1004,4,FDP
13561,C00013561,INSA,wahlrecht.de,2026-01-02,2026-01-03,1004,11,Greens
13561,C00013561,INSA,wahlrecht.de,2026-01-02,2026-01-03,1004,11,Left
13561,C00013561,INSA,wahlrecht.de,2026-01-02,2026-01-03,1004,14,SPD
10299,C00010299,GMS,wahlrecht.de,2026-01-05,2026-01-05,1027,27,AfD
10299,C00010299,GMS,wahlrecht.de,2026-01-05,2026-01-05,1027,4,BSW
10299,C00010299,GMS,wahlrecht.de,2026-01-05,2026-01-05,1027,24,CDU/CSU
10299,C00010299,GMS,wahlrecht.de,2026-01-05,2026-01-05,1027,3,FDP
10299,C00010299,GMS,wahlrecht.de,2026-01-05,2026-01-05,1027,12,Greens
10299,C00010299,GMS,wahlrecht.de,2026-01-05,2026-01-05,1027,10,Left
10299,C00010299,GMS,wahlrecht.de,2026-01-05,2026-01-05,1027,15,SPD
13560,C00013560,INSA,wahlrecht.de,2026-01-05,2026-01-06,2008,25.5,AfD
13560,C00013560,INSA,wahlrecht.de,2026-01-05,2026-01-06,2008,4,BSW
13560,C00013560,INSA,wahlrecht.de,2026-01-05,2026-01-06,2008,25,CDU/CSU
13560,C00013560,INSA,wahlrecht.de,2026-01-05,2026-01-06,2008,3.5,FDP
13560,C00013560,INSA,wahlrecht.de,2026-01-05,2026-01-06,2008,11,Greens
13560,C00013560,INSA,wahlrecht.de,2026-01-05,2026-01-06,2008,11,Left
13560,C00013560,INSA,wahlrecht.de,2026-01-05,2026-01-06,2008,14.5,SPD
12561,C00012561,Infratest Dimap,wahlrecht.de,2026-01-07,2026-01-08,1323,25,AfD
12561,C00012561,Infratest Dimap,wahlrecht.de,2026-01-07,2026-01-08,1323,3,BSW
12561,C00012561,Infratest Dimap,wahlrecht.de,2026-01-07,2026-01-08,1323,28,CDU/CSU
12561,C00012561,Infratest Dimap,wahlrecht.de,2026-01-07,2026-01-08,1323,3,FDP
12561,C00012561,Infratest Dimap,wahlrecht.de,2026-01-07,2026-01-08,1323,12,Greens
12561,C00012561,Infratest Dimap,wahlrecht.de,2026-01-07,2026-01-08,1323,10,Left
12561,C00012561,Infratest Dimap,wahlrecht.de,2026-01-07,2026-01-08,1323,13,SPD
13559,C00013559,INSA,wahlrecht.de,2026-01-09,2026-01-10,1205,26,AfD
13559,C00013559,INSA,wahlrecht.de,2026-01-09,2026-01-10,1205,3,BSW
13559,C00013559,INSA,wahlrecht.de,2026-01-09,2026-01-10,1205,24,CDU/CSU
13559,C00013559,INSA,wahlrecht.de,2026-01-09,2026-01-10,1205,4,FDP
13559,C00013559,INSA,wahlrecht.de,2026-01-09,2026-01-10,1205,12,Greens
13559,C00013559,INSA,wahlrecht.de,2026-01-09,2026-01-10,1205,11,Left
13559,C00013559,INSA,wahlrecht.de,2026-01-09,2026-01-10,1205,14,SPD
13558,C00013558,INSA,wahlrecht.de,2026-01-12,2026-01-12,2010,26,AfD
13558,C00013558,INSA,wahlrecht.de,2026-01-12,2026-01-12,2010,4,BSW
13558,C00013558,INSA,wahlrecht.de,2026-01-12,2026-01-12,2010,24.5,CDU/CSU
13558,C00013558,INSA,wahlrecht.de,2026-01-12,2026-01-12,2010,4,FDP
13558,C00013558,INSA,wahlrecht.de,2026-01-12,2026-01-12,2010,12,Greens
13558,C00013558,INSA,wahlrecht.de,2026-01-12,2026-01-12,2010,10,Left
13558,C00013558,INSA,wahlrecht.de,2026-01-12,2026-01-12,2010,14.5,SPD
8496,C00008496,Forsa,wahlrecht.de,2026-01-12,2026-01-13,3004,26,AfD
8496,C00008496,Forsa,wahlrecht.de,2026-01-12,2026-01-13,3004,3,BSW
8496,C00008496,Forsa,wahlrecht.de,2026-01-12,2026-01-13,3004,24,CDU/CSU
8496,C00008496,Forsa,wahlrecht.de,2026-01-12,2026-01-13,3004,3,FDP
8496,C00008496,Forsa,wahlrecht.de,2026-01-12,2026-01-13,3004,13,Greens
8496,C00008496,Forsa,wahlrecht.de,2026-01-12,2026-01-13,3004,11,Left
8496,C00008496,Forsa,wahlrecht.de,2026-01-12,2026-01-13,3004,13,SPD
16595,C00016595,YouGov,wahlrecht.de,2026-01-12,2026-01-14,1673,25,AfD
16595,C00016595,YouGov,wahlrecht.de,2026-01-12,2026-01-14,1673,3,BSW
16595,C00016595,YouGov,wahlrecht.de,2026-01-12,2026-01-14,1673,25,CDU/CSU
16595,C00016595,YouGov,wahlrecht.de,2026-01-12,2026-01-14,1673,4,FDP
16595,C00016595,YouGov,wahlrecht.de,2026-01-12,2026-01-14,1673,12,Greens
16595,C00016595,YouGov,wahlrecht.de,2026-01-12,2026-01-14,1673,10,Left
16595,C00016595,YouGov,wahlrecht.de,2026-01-12,2026-01-14,1673,16,SPD
16934,C00016934,pollytix,DAWUM,2026-01-13,2026-01-14,1573,26,AfD
16934,C00016934,pollytix,DAWUM,2026-01-13,2026-01-14,1573,3,BSW
16934,C00016934,pollytix,DAWUM,2026-01-13,2026-01-14,1573,25,CDU/CSU
16934,C00016934,pollytix,DAWUM,2026-01-13,2026-01-14,1573,5,FDP
16934,C00016934,pollytix,DAWUM,2026-01-13,2026-01-14,1573,12,Greens
16934,C00016934,pollytix,DAWUM,2026-01-13,2026-01-14,1573,10,Left
16934,C00016934,pollytix,DAWUM,2026-01-13,2026-01-14,1573,15,SPD
16930,C00016930,Ipsos,DAWUM,2026-01-11,2026-01-15,1000,26,AfD
16930,C00016930,Ipsos,DAWUM,2026-01-11,2026-01-15,1000,3,BSW
16930,C00016930,Ipsos,DAWUM,2026-01-11,2026-01-15,1000,23,CDU/CSU
16930,C00016930,Ipsos,DAWUM,2026-01-11,2026-01-15,1000,4,FDP
16930,C00016930,Ipsos,DAWUM,2026-01-11,2026-01-15,1000,13,Greens
16930,C00016930,Ipsos,DAWUM,2026-01-11,2026-01-15,1000,11,Left
16930,C00016930,Ipsos,DAWUM,2026-01-11,2026-01-15,1000,15,SPD
16046,C00016046,Verian (Emnid),wahlrecht.de,2026-01-13,2026-01-16,1455,25,AfD
16046,C00016046,Verian (Emnid),wahlrecht.de,2026-01-13,2026-01-16,1455,3,BSW
16046,C00016046,Verian (Emnid),wahlrecht.de,2026-01-13,2026-01-16,1455,26,CDU/CSU
16046,C00016046,Verian (Emnid),wahlrecht.de,2026-01-13,2026-01-16,1455,3,FDP
16046,C00016046,Verian (Emnid),wahlrecht.de,2026-01-13,2026-01-16,1455,13,Greens
16046,C00016046,Verian (Emnid),wahlrecht.de,2026-01-13,2026-01-16,1455,10,Left
16046,C00016046,Verian (Emnid),wahlrecht.de,2026-01-13,2026-01-16,1455,15,SPD
13557,C00013557,INSA,wahlrecht.de,2026-01-16,2026-01-17,1202,26,AfD
13557,C00013557,INSA,wahlrecht.de,2026-01-16,2026-01-17,1202,4,BSW
13557,C00013557,INSA,wahlrecht.de,2026-01-16,2026-01-17,1202,25,CDU/CSU
13557,C00013557,INSA,wahlrecht.de,2026-01-16,2026-01-17,1202,4,FDP
13557,C00013557,INSA,wahlrecht.de,2026-01-16,2026-01-17,1202,12,Greens
13557,C00013557,INSA,wahlrecht.de,2026-01-16,2026-01-17,1202,11,Left
13557,C00013557,INSA,wahlrecht.de,2026-01-16,2026-01-17,1202,14,SPD
8495,C00008495,Forsa,wahlrecht.de,2026-01-19,2026-01-20,2501,26,AfD
8495,C00008495,Forsa,wahlrecht.de,2026-01-19,2026-01-20,2501,3,BSW
8495,C00008495,Forsa,wahlrecht.de,2026-01-19,2026-01-20,2501,25,CDU/CSU
8495,C00008495,Forsa,wahlrecht.de,2026-01-19,2026-01-20,2501,3,FDP
8495,C00008495,Forsa,wahlrecht.de,2026-01-19,2026-01-20,2501,12,Greens
8495,C00008495,Forsa,wahlrecht.de,2026-01-19,2026-01-20,2501,10,Left
8495,C00008495,Forsa,wahlrecht.de,2026-01-19,2026-01-20,2501,14,SPD
13556,C00013556,INSA,wahlrecht.de,2026-01-19,2026-01-20,2004,26,AfD
13556,C00013556,INSA,wahlrecht.de,2026-01-19,2026-01-20,2004,4,BSW
13556,C00013556,INSA,wahlrecht.de,2026-01-19,2026-01-20,2004,25,CDU/CSU
13556,C00013556,INSA,wahlrecht.de,2026-01-19,2026-01-20,2004,4,FDP
13556,C00013556,INSA,wahlrecht.de,2026-01-19,2026-01-20,2004,12,Greens
13556,C00013556,INSA,wahlrecht.de,2026-01-19,2026-01-20,2004,10.5,Left
13556,C00013556,INSA,wahlrecht.de,2026-01-19,2026-01-20,2004,14,SPD
13555,C00013555,INSA,wahlrecht.de,2026-01-23,2026-01-24,1204,26,AfD
13555,C00013555,INSA,wahlrecht.de,2026-01-23,2026-01-24,1204,4,BSW
13555,C00013555,INSA,wahlrecht.de,2026-01-23,2026-01-24,1204,25,CDU/CSU
13555,C00013555,INSA,wahlrecht.de,2026-01-23,2026-01-24,1204,4,FDP
13555,C00013555,INSA,wahlrecht.de,2026-01-23,2026-01-24,1204,11,Greens
13555,C00013555,INSA,wahlrecht.de,2026-01-23,2026-01-24,1204,10,Left
13555,C00013555,INSA,wahlrecht.de,2026-01-23,2026-01-24,1204,15,SPD
16919,C00016919,INSA,DAWUM,2026-01-23,2026-01-24,1202,26,AfD
16919,C00016919,INSA,DAWUM,2026-01-23,2026-01-24,1202,4,BSW
16919,C00016919,INSA,DAWUM,2026-01-23,2026-01-24,1202,25,CDU/CSU
16919,C00016919,INSA,DAWUM,2026-01-23,2026-01-24,1202,4,FDP
16919,C00016919,INSA,DAWUM,2026-01-23,2026-01-24,1202,11,Greens
16919,C00016919,INSA,DAWUM,2026-01-23,2026-01-24,1202,10,Left
16919,C00016919,INSA,DAWUM,2026-01-23,2026-01-24,1202,15,SPD
8494,C00008494,Forsa,wahlrecht.de,2026-01-26,2026-01-27,2501,24,AfD
8494,C00008494,Forsa,wahlrecht.de,2026-01-26,2026-01-27,2501,3,BSW
8494,C00008494,Forsa,wahlrecht.de,2026-01-26,2026-01-27,2501,26,CDU/CSU
8494,C00008494,Forsa,wahlrecht.de,2026-01-26,2026-01-27,2501,3,FDP
8494,C00008494,Forsa,wahlrecht.de,2026-01-26,2026-01-27,2501,12,Greens
8494,C00008494,Forsa,wahlrecht.de,2026-01-26,2026-01-27,2501,11,Left
8494,C00008494,Forsa,wahlrecht.de,2026-01-26,2026-01-27,2501,14,SPD
13554,C00013554,INSA,wahlrecht.de,2026-01-26,2026-01-27,2008,26,AfD
13554,C00013554,INSA,wahlrecht.de,2026-01-26,2026-01-27,2008,4.5,BSW
13554,C00013554,INSA,wahlrecht.de,2026-01-26,2026-01-27,2008,25,CDU/CSU
13554,C00013554,INSA,wahlrecht.de,2026-01-26,2026-01-27,2008,4,FDP
13554,C00013554,INSA,wahlrecht.de,2026-01-26,2026-01-27,2008,11.5,Greens
13554,C00013554,INSA,wahlrecht.de,2026-01-26,2026-01-27,2008,10.5,Left
13554,C00013554,INSA,wahlrecht.de,2026-01-26,2026-01-27,2008,14.5,SPD
6392,C00006392,Allensbach,wahlrecht.de,2026-01-19,2026-01-31,1077,25,AfD
6392,C00006392,Allensbach,wahlrecht.de,2026-01-19,2026-01-31,1077,27,CDU/CSU
6392,C00006392,Allensbach,wahlrecht.de,2026-01-19,2026-01-31,1077,3.5,FDP
6392,C00006392,Allensbach,wahlrecht.de,2026-01-19,2026-01-31,1077,11.5,Greens
6392,C00006392,Allensbach,wahlrecht.de,2026-01-19,2026-01-31,1077,10,Left
6392,C00006392,Allensbach,wahlrecht.de,2026-01-19,2026-01-31,1077,15,SPD
13553,C00013553,INSA,wahlrecht.de,2026-01-30,2026-01-31,1204,26,AfD
13553,C00013553,INSA,wahlrecht.de,2026-01-30,2026-01-31,1204,4,BSW
13553,C00013553,INSA,wahlrecht.de,2026-01-30,2026-01-31,1204,26,CDU/CSU
13553,C00013553,INSA,wahlrecht.de,2026-01-30,2026-01-31,1204,3,FDP
13553,C00013553,INSA,wahlrecht.de,2026-01-30,2026-01-31,1204,11,Greens
13553,C00013553,INSA,wahlrecht.de,2026-01-30,2026-01-31,1204,10,Left
13553,C00013553,INSA,wahlrecht.de,2026-01-30,2026-01-31,1204,16,SPD
8493,C00008493,Forsa,wahlrecht.de,2026-02-02,2026-02-03,2503,24,AfD
8493,C00008493,Forsa,wahlrecht.de,2026-02-02,2026-02-03,2503,3,BSW
8493,C00008493,Forsa,wahlrecht.de,2026-02-02,2026-02-03,2503,26,CDU/CSU
8493,C00008493,Forsa,wahlrecht.de,2026-02-02,2026-02-03,2503,3,FDP
8493,C00008493,Forsa,wahlrecht.de,2026-02-02,2026-02-03,2503,12,Greens
8493,C00008493,Forsa,wahlrecht.de,2026-02-02,2026-02-03,2503,11,Left
8493,C00008493,Forsa,wahlrecht.de,2026-02-02,2026-02-03,2503,14,SPD
13552,C00013552,INSA,wahlrecht.de,2026-02-02,2026-02-03,2006,26,AfD
13552,C00013552,INSA,wahlrecht.de,2026-02-02,2026-02-03,2006,4,BSW
13552,C00013552,INSA,wahlrecht.de,2026-02-02,2026-02-03,2006,26,CDU/CSU
13552,C00013552,INSA,wahlrecht.de,2026-02-02,2026-02-03,2006,3,FDP
13552,C00013552,INSA,wahlrecht.de,2026-02-02,2026-02-03,2006,11.5,Greens
13552,C00013552,INSA,wahlrecht.de,2026-02-02,2026-02-03,2006,10,Left
13552,C00013552,INSA,wahlrecht.de,2026-02-02,2026-02-03,2006,15.5,SPD
12560,C00012560,Infratest Dimap,wahlrecht.de,2026-02-04,2026-02-05,1319,24,AfD
12560,C00012560,Infratest Dimap,wahlrecht.de,2026-02-04,2026-02-05,1319,3,BSW
12560,C00012560,Infratest Dimap,wahlrecht.de,2026-02-04,2026-02-05,1319,26,CDU/CSU
12560,C00012560,Infratest Dimap,wahlrecht.de,2026-02-04,2026-02-05,1319,3,FDP
12560,C00012560,Infratest Dimap,wahlrecht.de,2026-02-04,2026-02-05,1319,12,Greens
12560,C00012560,Infratest Dimap,wahlrecht.de,2026-02-04,2026-02-05,1319,10,Left
12560,C00012560,Infratest Dimap,wahlrecht.de,2026-02-04,2026-02-05,1319,15,SPD
13551,C00013551,INSA,wahlrecht.de,2026-02-06,2026-02-07,1202,26,AfD
13551,C00013551,INSA,wahlrecht.de,2026-02-06,2026-02-07,1202,4,BSW
13551,C00013551,INSA,wahlrecht.de,2026-02-06,2026-02-07,1202,25,CDU/CSU
13551,C00013551,INSA,wahlrecht.de,2026-02-06,2026-02-07,1202,3,FDP
13551,C00013551,INSA,wahlrecht.de,2026-02-06,2026-02-07,1202,11,Greens
13551,C00013551,INSA,wahlrecht.de,2026-02-06,2026-02-07,1202,10,Left
13551,C00013551,INSA,wahlrecht.de,2026-02-06,2026-02-07,1202,16,SPD
8492,C00008492,Forsa,wahlrecht.de,2026-02-09,2026-02-10,2503,24,AfD
8492,C00008492,Forsa,wahlrecht.de,2026-02-09,2026-02-10,2503,3,BSW
8492,C00008492,Forsa,wahlrecht.de,2026-02-09,2026-02-10,2503,26,CDU/CSU
8492,C00008492,Forsa,wahlrecht.de,2026-02-09,2026-02-10,2503,3,FDP
8492,C00008492,Forsa,wahlrecht.de,2026-02-09,2026-02-10,2503,13,Greens
8492,C00008492,Forsa,wahlrecht.de,2026-02-09,2026-02-10,2503,11,Left
8492,C00008492,Forsa,wahlrecht.de,2026-02-09,2026-02-10,2503,14,SPD
13550,C00013550,INSA,wahlrecht.de,2026-02-09,2026-02-10,2004,26,AfD
13550,C00013550,INSA,wahlrecht.de,2026-02-09,2026-02-10,2004,4,BSW
13550,C00013550,INSA,wahlrecht.de,2026-02-09,2026-02-10,2004,25.5,CDU/CSU
13550,C00013550,INSA,wahlrecht.de,2026-02-09,2026-02-10,2004,3,FDP
13550,C00013550,INSA,wahlrecht.de,2026-02-09,2026-02-10,2004,11,Greens
13550,C00013550,INSA,wahlrecht.de,2026-02-09,2026-02-10,2004,10,Left
13550,C00013550,INSA,wahlrecht.de,2026-02-09,2026-02-10,2004,15.5,SPD
16045,C00016045,Verian (Emnid),wahlrecht.de,2026-02-10,2026-02-11,1472,24,AfD
16045,C00016045,Verian (Emnid),wahlrecht.de,2026-02-10,2026-02-11,1472,3,BSW
16045,C00016045,Verian (Emnid),wahlrecht.de,2026-02-10,2026-02-11,1472,25,CDU/CSU
16045,C00016045,Verian (Emnid),wahlrecht.de,2026-02-10,2026-02-11,1472,4,FDP
16045,C00016045,Verian (Emnid),wahlrecht.de,2026-02-10,2026-02-11,1472,12,Greens
16045,C00016045,Verian (Emnid),wahlrecht.de,2026-02-10,2026-02-11,1472,11,Left
16045,C00016045,Verian (Emnid),wahlrecht.de,2026-02-10,2026-02-11,1472,15,SPD
16594,C00016594,YouGov,wahlrecht.de,2026-02-09,2026-02-11,1657,25,AfD
16594,C00016594,YouGov,wahlrecht.de,2026-02-09,2026-02-11,1657,4,BSW
16594,C00016594,YouGov,wahlrecht.de,2026-02-09,2026-02-11,1657,25,CDU/CSU
16594,C00016594,YouGov,wahlrecht.de,2026-02-09,2026-02-11,1657,4,FDP
16594,C00016594,YouGov,wahlrecht.de,2026-02-09,2026-02-11,1657,11,Greens
16594,C00016594,YouGov,wahlrecht.de,2026-02-09,2026-02-11,1657,10,Left
16594,C00016594,YouGov,wahlrecht.de,2026-02-09,2026-02-11,1657,16,SPD
13549,C00013549,INSA,wahlrecht.de,2026-02-13,2026-02-13,1202,25,AfD
13549,C00013549,INSA,wahlrecht.de,2026-02-13,2026-02-13,1202,4,BSW
13549,C00013549,INSA,wahlrecht.de,2026-02-13,2026-02-13,1202,25,CDU/CSU
13549,C00013549,INSA,wahlrecht.de,2026-02-13,2026-02-13,1202,3,FDP
13549,C00013549,INSA,wahlrecht.de,2026-02-13,2026-02-13,1202,11,Greens
13549,C00013549,INSA,wahlrecht.de,2026-02-13,2026-02-13,1202,10,Left
13549,C00013549,INSA,wahlrecht.de,2026-02-13,2026-02-13,1202,16,SPD
13548,C00013548,INSA,wahlrecht.de,2026-02-16,2026-02-16,2002,25.5,AfD
13548,C00013548,INSA,wahlrecht.de,2026-02-16,2026-02-16,2002,4,BSW
13548,C00013548,INSA,wahlrecht.de,2026-02-16,2026-02-16,2002,25.5,CDU/CSU
13548,C00013548,INSA,wahlrecht.de,2026-02-16,2026-02-16,2002,3,FDP
13548,C00013548,INSA,wahlrecht.de,2026-02-16,2026-02-16,2002,11,Greens
13548,C00013548,INSA,wahlrecht.de,2026-02-16,2026-02-16,2002,10,Left
13548,C00013548,INSA,wahlrecht.de,2026-02-16,2026-02-16,2002,15.5,SPD
16896,C00016896,Ipsos,DAWUM,2026-02-08,2026-02-16,1000,26,AfD
16896,C00016896,Ipsos,DAWUM,2026-02-08,2026-02-16,1000,3,BSW
16896,C00016896,Ipsos,DAWUM,2026-02-08,2026-02-16,1000,23,CDU/CSU
16896,C00016896,Ipsos,DAWUM,2026-02-08,2026-02-16,1000,4,FDP
16896,C00016896,Ipsos,DAWUM,2026-02-08,2026-02-16,1000,13,Greens
16896,C00016896,Ipsos,DAWUM,2026-02-08,2026-02-16,1000,12,Left
16896,C00016896,Ipsos,DAWUM,2026-02-08,2026-02-16,1000,15,SPD
8491,C00008491,Forsa,wahlrecht.de,2026-02-16,2026-02-17,2504,25,AfD
8491,C00008491,Forsa,wahlrecht.de,2026-02-16,2026-02-17,2504,3,BSW
8491,C00008491,Forsa,wahlrecht.de,2026-02-16,2026-02-17,2504,26,CDU/CSU
8491,C00008491,Forsa,wahlrecht.de,2026-02-16,2026-02-17,2504,3,FDP
8491,C00008491,Forsa,wahlrecht.de,2026-02-16,2026-02-17,2504,12,Greens
8491,C00008491,Forsa,wahlrecht.de,2026-02-16,2026-02-17,2504,10,Left
8491,C00008491,Forsa,wahlrecht.de,2026-02-16,2026-02-17,2504,14,SPD
13547,C00013547,INSA,wahlrecht.de,2026-02-20,2026-02-22,1203,25,AfD
13547,C00013547,INSA,wahlrecht.de,2026-02-20,2026-02-22,1203,3,BSW
13547,C00013547,INSA,wahlrecht.de,2026-02-20,2026-02-22,1203,25,CDU/CSU
13547,C00013547,INSA,wahlrecht.de,2026-02-20,2026-02-22,1203,3,FDP
13547,C00013547,INSA,wahlrecht.de,2026-02-20,2026-02-22,1203,11,Greens
13547,C00013547,INSA,wahlrecht.de,2026-02-20,2026-02-22,1203,11,Left
13547,C00013547,INSA,wahlrecht.de,2026-02-20,2026-02-22,1203,16,SPD
8490,C00008490,Forsa,wahlrecht.de,2026-02-23,2026-02-24,2504,24,AfD
8490,C00008490,Forsa,wahlrecht.de,2026-02-23,2026-02-24,2504,3,BSW
8490,C00008490,Forsa,wahlrecht.de,2026-02-23,2026-02-24,2504,26,CDU/CSU
8490,C00008490,Forsa,wahlrecht.de,2026-02-23,2026-02-24,2504,3,FDP
8490,C00008490,Forsa,wahlrecht.de,2026-02-23,2026-02-24,2504,12,Greens
8490,C00008490,Forsa,wahlrecht.de,2026-02-23,2026-02-24,2504,11,Left
8490,C00008490,Forsa,wahlrecht.de,2026-02-23,2026-02-24,2504,14,SPD
13546,C00013546,INSA,wahlrecht.de,2026-02-23,2026-02-24,2006,25,AfD
13546,C00013546,INSA,wahlrecht.de,2026-02-23,2026-02-24,2006,3.5,BSW
13546,C00013546,INSA,wahlrecht.de,2026-02-23,2026-02-24,2006,25,CDU/CSU
13546,C00013546,INSA,wahlrecht.de,2026-02-23,2026-02-24,2006,3.5,FDP
13546,C00013546,INSA,wahlrecht.de,2026-02-23,2026-02-24,2006,11,Greens
13546,C00013546,INSA,wahlrecht.de,2026-02-23,2026-02-24,2006,11,Left
13546,C00013546,INSA,wahlrecht.de,2026-02-23,2026-02-24,2006,15.5,SPD
13545,C00013545,INSA,wahlrecht.de,2026-02-27,2026-02-28,1203,25,AfD
13545,C00013545,INSA,wahlrecht.de,2026-02-27,2026-02-28,1203,3,BSW
13545,C00013545,INSA,wahlrecht.de,2026-02-27,2026-02-28,1203,26,CDU/CSU
13545,C00013545,INSA,wahlrecht.de,2026-02-27,2026-02-28,1203,3,FDP
13545,C00013545,INSA,wahlrecht.de,2026-02-27,2026-02-28,1203,11,Greens
13545,C00013545,INSA,wahlrecht.de,2026-02-27,2026-02-28,1203,10,Left
13545,C00013545,INSA,wahlrecht.de,2026-02-27,2026-02-28,1203,16,SPD
6391,C00006391,Allensbach,wahlrecht.de,2026-02-19,2026-03-02,1052,24,AfD
6391,C00006391,Allensbach,wahlrecht.de,2026-02-19,2026-03-02,1052,27,CDU/CSU
6391,C00006391,Allensbach,wahlrecht.de,2026-02-19,2026-03-02,1052,4,FDP
6391,C00006391,Allensbach,wahlrecht.de,2026-02-19,2026-03-02,1052,12,Greens
6391,C00006391,Allensbach,wahlrecht.de,2026-02-19,2026-03-02,1052,10,Left
6391,C00006391,Allensbach,wahlrecht.de,2026-02-19,2026-03-02,1052,16,SPD
8489,C00008489,Forsa,wahlrecht.de,2026-03-02,2026-03-03,2503,24,AfD
8489,C00008489,Forsa,wahlrecht.de,2026-03-02,2026-03-03,2503,3,BSW
8489,C00008489,Forsa,wahlrecht.de,2026-03-02,2026-03-03,2503,26,CDU/CSU
8489,C00008489,Forsa,wahlrecht.de,2026-03-02,2026-03-03,2503,3,FDP
8489,C00008489,Forsa,wahlrecht.de,2026-03-02,2026-03-03,2503,12,Greens
8489,C00008489,Forsa,wahlrecht.de,2026-03-02,2026-03-03,2503,11,Left
8489,C00008489,Forsa,wahlrecht.de,2026-03-02,2026-03-03,2503,14,SPD
10298,C00010298,GMS,wahlrecht.de,2026-03-02,2026-03-03,1016,24,AfD
10298,C00010298,GMS,wahlrecht.de,2026-03-02,2026-03-03,1016,3,BSW
10298,C00010298,GMS,wahlrecht.de,2026-03-02,2026-03-03,1016,26,CDU/CSU
10298,C00010298,GMS,wahlrecht.de,2026-03-02,2026-03-03,1016,3,FDP
10298,C00010298,GMS,wahlrecht.de,2026-03-02,2026-03-03,1016,12,Greens
10298,C00010298,GMS,wahlrecht.de,2026-03-02,2026-03-03,1016,10,Left
10298,C00010298,GMS,wahlrecht.de,2026-03-02,2026-03-03,1016,16,SPD
13544,C00013544,INSA,wahlrecht.de,2026-03-02,2026-03-03,2002,25,AfD
13544,C00013544,INSA,wahlrecht.de,2026-03-02,2026-03-03,2002,3.5,BSW
13544,C00013544,INSA,wahlrecht.de,2026-03-02,2026-03-03,2002,25.5,CDU/CSU
13544,C00013544,INSA,wahlrecht.de,2026-03-02,2026-03-03,2002,3,FDP
13544,C00013544,INSA,wahlrecht.de,2026-03-02,2026-03-03,2002,11.5,Greens
13544,C00013544,INSA,wahlrecht.de,2026-03-02,2026-03-03,2002,10,Left
13544,C00013544,INSA,wahlrecht.de,2026-03-02,2026-03-03,2002,16,SPD
16873,C00016873,Ipsos,DAWUM,2026-03-01,2026-03-05,1000,24,AfD
16873,C00016873,Ipsos,DAWUM,2026-03-01,2026-03-05,1000,3,BSW
16873,C00016873,Ipsos,DAWUM,2026-03-01,2026-03-05,1000,25,CDU/CSU
16873,C00016873,Ipsos,DAWUM,2026-03-01,2026-03-05,1000,4,FDP
16873,C00016873,Ipsos,DAWUM,2026-03-01,2026-03-05,1000,14,Greens
16873,C00016873,Ipsos,DAWUM,2026-03-01,2026-03-05,1000,11,Left
16873,C00016873,Ipsos,DAWUM,2026-03-01,2026-03-05,1000,15,SPD
13543,C00013543,INSA,wahlrecht.de,2026-03-06,2026-03-07,1200,25,AfD
13543,C00013543,INSA,wahlrecht.de,2026-03-06,2026-03-07,1200,3,BSW
13543,C00013543,INSA,wahlrecht.de,2026-03-06,2026-03-07,1200,26,CDU/CSU
13543,C00013543,INSA,wahlrecht.de,2026-03-06,2026-03-07,1200,4,FDP
13543,C00013543,INSA,wahlrecht.de,2026-03-06,2026-03-07,1200,11,Greens
13543,C00013543,INSA,wahlrecht.de,2026-03-06,2026-03-07,1200,11,Left
13543,C00013543,INSA,wahlrecht.de,2026-03-06,2026-03-07,1200,15,SPD
8488,C00008488,Forsa,wahlrecht.de,2026-03-09,2026-03-10,2502,24,AfD
8488,C00008488,Forsa,wahlrecht.de,2026-03-09,2026-03-10,2502,3,BSW
8488,C00008488,Forsa,wahlrecht.de,2026-03-09,2026-03-10,2502,26,CDU/CSU
8488,C00008488,Forsa,wahlrecht.de,2026-03-09,2026-03-10,2502,3,FDP
8488,C00008488,Forsa,wahlrecht.de,2026-03-09,2026-03-10,2502,12,Greens
8488,C00008488,Forsa,wahlrecht.de,2026-03-09,2026-03-10,2502,11,Left
8488,C00008488,Forsa,wahlrecht.de,2026-03-09,2026-03-10,2502,14,SPD
13542,C00013542,INSA,wahlrecht.de,2026-03-09,2026-03-10,2003,24.5,AfD
13542,C00013542,INSA,wahlrecht.de,2026-03-09,2026-03-10,2003,3.5,BSW
13542,C00013542,INSA,wahlrecht.de,2026-03-09,2026-03-10,2003,26,CDU/CSU
13542,C00013542,INSA,wahlrecht.de,2026-03-09,2026-03-10,2003,3.5,FDP
13542,C00013542,INSA,wahlrecht.de,2026-03-09,2026-03-10,2003,11.5,Greens
13542,C00013542,INSA,wahlrecht.de,2026-03-09,2026-03-10,2003,10.5,Left
13542,C00013542,INSA,wahlrecht.de,2026-03-09,2026-03-10,2003,15.5,SPD
16044,C00016044,Verian (Emnid),wahlrecht.de,2026-03-10,2026-03-12,1471,23,AfD
16044,C00016044,Verian (Emnid),wahlrecht.de,2026-03-10,2026-03-12,1471,3,BSW
16044,C00016044,Verian (Emnid),wahlrecht.de,2026-03-10,2026-03-12,1471,26,CDU/CSU
16044,C00016044,Verian (Emnid),wahlrecht.de,2026-03-10,2026-03-12,1471,3,FDP
16044,C00016044,Verian (Emnid),wahlrecht.de,2026-03-10,2026-03-12,1471,13,Greens
16044,C00016044,Verian (Emnid),wahlrecht.de,2026-03-10,2026-03-12,1471,11,Left
16044,C00016044,Verian (Emnid),wahlrecht.de,2026-03-10,2026-03-12,1471,15,SPD
13541,C00013541,INSA,wahlrecht.de,2026-03-13,2026-03-14,1201,25,AfD
13541,C00013541,INSA,wahlrecht.de,2026-03-13,2026-03-14,1201,3,BSW
13541,C00013541,INSA,wahlrecht.de,2026-03-13,2026-03-14,1201,25,CDU/CSU
13541,C00013541,INSA,wahlrecht.de,2026-03-13,2026-03-14,1201,3,FDP
13541,C00013541,INSA,wahlrecht.de,2026-03-13,2026-03-14,1201,12,Greens
13541,C00013541,INSA,wahlrecht.de,2026-03-13,2026-03-14,1201,11,Left
13541,C00013541,INSA,wahlrecht.de,2026-03-13,2026-03-14,1201,15,SPD
13540,C00013540,INSA,wahlrecht.de,2026-03-16,2026-03-17,2002,26,AfD
13540,C00013540,INSA,wahlrecht.de,2026-03-16,2026-03-17,2002,3.5,BSW
13540,C00013540,INSA,wahlrecht.de,2026-03-16,2026-03-17,2002,25.5,CDU/CSU
13540,C00013540,INSA,wahlrecht.de,2026-03-16,2026-03-17,2002,3,FDP
13540,C00013540,INSA,wahlrecht.de,2026-03-16,2026-03-17,2002,12,Greens
13540,C00013540,INSA,wahlrecht.de,2026-03-16,2026-03-17,2002,10.5,Left
13540,C00013540,INSA,wahlrecht.de,2026-03-16,2026-03-17,2002,15,SPD
16593,C00016593,YouGov,wahlrecht.de,2026-03-16,2026-03-17,1851,26,AfD
16593,C00016593,YouGov,wahlrecht.de,2026-03-16,2026-03-17,1851,3,BSW
16593,C00016593,YouGov,wahlrecht.de,2026-03-16,2026-03-17,1851,26,CDU/CSU
16593,C00016593,YouGov,wahlrecht.de,2026-03-16,2026-03-17,1851,3,FDP
16593,C00016593,YouGov,wahlrecht.de,2026-03-16,2026-03-17,1851,13,Greens
16593,C00016593,YouGov,wahlrecht.de,2026-03-16,2026-03-17,1851,9,Left
16593,C00016593,YouGov,wahlrecht.de,2026-03-16,2026-03-17,1851,14,SPD
6390,C00006390,Allensbach,wahlrecht.de,2026-03-12,2026-03-21,1045,23,AfD
6390,C00006390,Allensbach,wahlrecht.de,2026-03-12,2026-03-21,1045,28,CDU/CSU
6390,C00006390,Allensbach,wahlrecht.de,2026-03-12,2026-03-21,1045,4,FDP
6390,C00006390,Allensbach,wahlrecht.de,2026-03-12,2026-03-21,1045,11.5,Greens
6390,C00006390,Allensbach,wahlrecht.de,2026-03-12,2026-03-21,1045,10,Left
6390,C00006390,Allensbach,wahlrecht.de,2026-03-12,2026-03-21,1045,16,SPD
13539,C00013539,INSA,wahlrecht.de,2026-03-20,2026-03-21,1205,25,AfD
13539,C00013539,INSA,wahlrecht.de,2026-03-20,2026-03-21,1205,3,BSW
13539,C00013539,INSA,wahlrecht.de,2026-03-20,2026-03-21,1205,26,CDU/CSU
13539,C00013539,INSA,wahlrecht.de,2026-03-20,2026-03-21,1205,3,FDP
13539,C00013539,INSA,wahlrecht.de,2026-03-20,2026-03-21,1205,12,Greens
13539,C00013539,INSA,wahlrecht.de,2026-03-20,2026-03-21,1205,11,Left
13539,C00013539,INSA,wahlrecht.de,2026-03-20,2026-03-21,1205,15,SPD
13538,C00013538,INSA,wahlrecht.de,2026-03-23,2026-03-24,2010,26,AfD
13538,C00013538,INSA,wahlrecht.de,2026-03-23,2026-03-24,2010,3.5,BSW
13538,C00013538,INSA,wahlrecht.de,2026-03-23,2026-03-24,2010,26,CDU/CSU
13538,C00013538,INSA,wahlrecht.de,2026-03-23,2026-03-24,2010,3,FDP
13538,C00013538,INSA,wahlrecht.de,2026-03-23,2026-03-24,2010,12,Greens
13538,C00013538,INSA,wahlrecht.de,2026-03-23,2026-03-24,2010,10,Left
13538,C00013538,INSA,wahlrecht.de,2026-03-23,2026-03-24,2010,15,SPD
13537,C00013537,INSA,wahlrecht.de,2026-03-27,2026-03-28,1205,26,AfD
13537,C00013537,INSA,wahlrecht.de,2026-03-27,2026-03-28,1205,3,BSW
13537,C00013537,INSA,wahlrecht.de,2026-03-27,2026-03-28,1205,26,CDU/CSU
13537,C00013537,INSA,wahlrecht.de,2026-03-27,2026-03-28,1205,3,FDP
13537,C00013537,INSA,wahlrecht.de,2026-03-27,2026-03-28,1205,12,Greens
13537,C00013537,INSA,wahlrecht.de,2026-03-27,2026-03-28,1205,11,Left
13537,C00013537,INSA,wahlrecht.de,2026-03-27,2026-03-28,1205,14,SPD
13536,C00013536,INSA,wahlrecht.de,2026-03-30,2026-03-31,2006,26,AfD
13536,C00013536,INSA,wahlrecht.de,2026-03-30,2026-03-31,2006,3.5,BSW
13536,C00013536,INSA,wahlrecht.de,2026-03-30,2026-03-31,2006,26,CDU/CSU
13536,C00013536,INSA,wahlrecht.de,2026-03-30,2026-03-31,2006,3,FDP
13536,C00013536,INSA,wahlrecht.de,2026-03-30,2026-03-31,2006,12,Greens
13536,C00013536,INSA,wahlrecht.de,2026-03-30,2026-03-31,2006,10.5,Left
13536,C00013536,INSA,wahlrecht.de,2026-03-30,2026-03-31,2006,14.5,SPD
12558,C00012558,Infratest Dimap,wahlrecht.de,2026-03-31,2026-04-01,1316,25,AfD
12558,C00012558,Infratest Dimap,wahlrecht.de,2026-03-31,2026-04-01,1316,3,BSW
12558,C00012558,Infratest Dimap,wahlrecht.de,2026-03-31,2026-04-01,1316,26,CDU/CSU
12558,C00012558,Infratest Dimap,wahlrecht.de,2026-03-31,2026-04-01,1316,3,FDP
12558,C00012558,Infratest Dimap,wahlrecht.de,2026-03-31,2026-04-01,1316,14,Greens
12558,C00012558,Infratest Dimap,wahlrecht.de,2026-03-31,2026-04-01,1316,10,Left
12558,C00012558,Infratest Dimap,wahlrecht.de,2026-03-31,2026-04-01,1316,12,SPD
16842,C00016842,Ipsos,DAWUM,2026-03-29,2026-04-01,1000,25,AfD
16842,C00016842,Ipsos,DAWUM,2026-03-29,2026-04-01,1000,3,BSW
16842,C00016842,Ipsos,DAWUM,2026-03-29,2026-04-01,1000,24,CDU/CSU
16842,C00016842,Ipsos,DAWUM,2026-03-29,2026-04-01,1000,5,FDP
16842,C00016842,Ipsos,DAWUM,2026-03-29,2026-04-01,1000,14,Greens
16842,C00016842,Ipsos,DAWUM,2026-03-29,2026-04-01,1000,11,Left
16842,C00016842,Ipsos,DAWUM,2026-03-29,2026-04-01,1000,14,SPD
13535,C00013535,INSA,wahlrecht.de,2026-04-02,2026-04-04,1199,26,AfD
13535,C00013535,INSA,wahlrecht.de,2026-04-02,2026-04-04,1199,4,BSW
13535,C00013535,INSA,wahlrecht.de,2026-04-02,2026-04-04,1199,25,CDU/CSU
13535,C00013535,INSA,wahlrecht.de,2026-04-02,2026-04-04,1199,3,FDP
13535,C00013535,INSA,wahlrecht.de,2026-04-02,2026-04-04,1199,12,Greens
13535,C00013535,INSA,wahlrecht.de,2026-04-02,2026-04-04,1199,11,Left
13535,C00013535,INSA,wahlrecht.de,2026-04-02,2026-04-04,1199,13,SPD
13534,C00013534,INSA,wahlrecht.de,2026-04-07,2026-04-08,2002,26,AfD
13534,C00013534,INSA,wahlrecht.de,2026-04-07,2026-04-08,2002,4,BSW
13534,C00013534,INSA,wahlrecht.de,2026-04-07,2026-04-08,2002,25,CDU/CSU
13534,C00013534,INSA,wahlrecht.de,2026-04-07,2026-04-08,2002,3.5,FDP
13534,C00013534,INSA,wahlrecht.de,2026-04-07,2026-04-08,2002,12,Greens
13534,C00013534,INSA,wahlrecht.de,2026-04-07,2026-04-08,2002,10.5,Left
13534,C00013534,INSA,wahlrecht.de,2026-04-07,2026-04-08,2002,13,SPD
16043,C00016043,Verian (Emnid),wahlrecht.de,2026-04-07,2026-04-10,1460,25,AfD
16043,C00016043,Verian (Emnid),wahlrecht.de,2026-04-07,2026-04-10,1460,3,BSW
16043,C00016043,Verian (Emnid),wahlrecht.de,2026-04-07,2026-04-10,1460,25,CDU/CSU
16043,C00016043,Verian (Emnid),wahlrecht.de,2026-04-07,2026-04-10,1460,3,FDP
16043,C00016043,Verian (Emnid),wahlrecht.de,2026-04-07,2026-04-10,1460,14,Greens
16043,C00016043,Verian (Emnid),wahlrecht.de,2026-04-07,2026-04-10,1460,11,Left
16043,C00016043,Verian (Emnid),wahlrecht.de,2026-04-07,2026-04-10,1460,14,SPD
13533,C00013533,INSA,wahlrecht.de,2026-04-10,2026-04-11,1205,26,AfD
13533,C00013533,INSA,wahlrecht.de,2026-04-10,2026-04-11,1205,4,BSW
13533,C00013533,INSA,wahlrecht.de,2026-04-10,2026-04-11,1205,25,CDU/CSU
13533,C00013533,INSA,wahlrecht.de,2026-04-10,2026-04-11,1205,3,FDP
13533,C00013533,INSA,wahlrecht.de,2026-04-10,2026-04-11,1205,13,Greens
13533,C00013533,INSA,wahlrecht.de,2026-04-10,2026-04-11,1205,10,Left
13533,C00013533,INSA,wahlrecht.de,2026-04-10,2026-04-11,1205,14,SPD
8483,C00008483,Forsa,wahlrecht.de,2026-04-13,2026-04-14,2502,26,AfD
8483,C00008483,Forsa,wahlrecht.de,2026-04-13,2026-04-14,2502,24,CDU/CSU
8483,C00008483,Forsa,wahlrecht.de,2026-04-13,2026-04-14,2502,4,FDP
8483,C00008483,Forsa,wahlrecht.de,2026-04-13,2026-04-14,2502,15,Greens
8483,C00008483,Forsa,wahlrecht.de,2026-04-13,2026-04-14,2502,11,Left
8483,C00008483,Forsa,wahlrecht.de,2026-04-13,2026-04-14,2502,12,SPD
13532,C00013532,INSA,wahlrecht.de,2026-04-13,2026-04-14,2006,26,AfD
13532,C00013532,INSA,wahlrecht.de,2026-04-13,2026-04-14,2006,3.5,BSW
13532,C00013532,INSA,wahlrecht.de,2026-04-13,2026-04-14,2006,25,CDU/CSU
13532,C00013532,INSA,wahlrecht.de,2026-04-13,2026-04-14,2006,3.5,FDP
13532,C00013532,INSA,wahlrecht.de,2026-04-13,2026-04-14,2006,12.5,Greens
13532,C00013532,INSA,wahlrecht.de,2026-04-13,2026-04-14,2006,10,Left
13532,C00013532,INSA,wahlrecht.de,2026-04-13,2026-04-14,2006,14,SPD
16592,C00016592,YouGov,wahlrecht.de,2026-04-13,2026-04-15,1763,27,AfD
16592,C00016592,YouGov,wahlrecht.de,2026-04-13,2026-04-15,1763,4,BSW
16592,C00016592,YouGov,wahlrecht.de,2026-04-13,2026-04-15,1763,23,CDU/CSU
16592,C00016592,YouGov,wahlrecht.de,2026-04-13,2026-04-15,1763,4,FDP
16592,C00016592,YouGov,wahlrecht.de,2026-04-13,2026-04-15,1763,14,Greens
16592,C00016592,YouGov,wahlrecht.de,2026-04-13,2026-04-15,1763,10,Left
16592,C00016592,YouGov,wahlrecht.de,2026-04-13,2026-04-15,1763,13,SPD
6389,C00006389,Allensbach,wahlrecht.de,2026-04-09,2026-04-17,1057,25,AfD
6389,C00006389,Allensbach,wahlrecht.de,2026-04-09,2026-04-17,1057,26,CDU/CSU
6389,C00006389,Allensbach,wahlrecht.de,2026-04-09,2026-04-17,1057,4,FDP
6389,C00006389,Allensbach,wahlrecht.de,2026-04-09,2026-04-17,1057,13,Greens
6389,C00006389,Allensbach,wahlrecht.de,2026-04-09,2026-04-17,1057,10,Left
6389,C00006389,Allensbach,wahlrecht.de,2026-04-09,2026-04-17,1057,14,SPD
20647,C00020647,Forschungsgruppe Wahlen,wahlrecht.de,2026-04-16,2026-04-17,1355,26,AfD
20647,C00020647,Forschungsgruppe Wahlen,wahlrecht.de,2026-04-16,2026-04-17,1355,25,CDU/CSU
20647,C00020647,Forschungsgruppe Wahlen,wahlrecht.de,2026-04-16,2026-04-17,1355,3,FDP
20647,C00020647,Forschungsgruppe Wahlen,wahlrecht.de,2026-04-16,2026-04-17,1355,14,Greens
20647,C00020647,Forschungsgruppe Wahlen,wahlrecht.de,2026-04-16,2026-04-17,1355,11,Left
20647,C00020647,Forschungsgruppe Wahlen,wahlrecht.de,2026-04-16,2026-04-17,1355,12,SPD
13531,C00013531,INSA,wahlrecht.de,2026-04-17,2026-04-18,1201,27,AfD
13531,C00013531,INSA,wahlrecht.de,2026-04-17,2026-04-18,1201,3,BSW
13531,C00013531,INSA,wahlrecht.de,2026-04-17,2026-04-18,1201,24,CDU/CSU
13531,C00013531,INSA,wahlrecht.de,2026-04-17,2026-04-18,1201,3,FDP
13531,C00013531,INSA,wahlrecht.de,2026-04-17,2026-04-18,1201,13,Greens
13531,C00013531,INSA,wahlrecht.de,2026-04-17,2026-04-18,1201,11,Left
13531,C00013531,INSA,wahlrecht.de,2026-04-17,2026-04-18,1201,14,SPD
8482,C00008482,Forsa,wahlrecht.de,2026-04-21,2026-04-21,2502,26,AfD
8482,C00008482,Forsa,wahlrecht.de,2026-04-21,2026-04-21,2502,24,CDU/CSU
8482,C00008482,Forsa,wahlrecht.de,2026-04-21,2026-04-21,2502,4,FDP
8482,C00008482,Forsa,wahlrecht.de,2026-04-21,2026-04-21,2502,15,Greens
8482,C00008482,Forsa,wahlrecht.de,2026-04-21,2026-04-21,2502,11,Left
8482,C00008482,Forsa,wahlrecht.de,2026-04-21,2026-04-21,2502,12,SPD
13530,C00013530,INSA,wahlrecht.de,2026-04-20,2026-04-21,2003,26.5,AfD
13530,C00013530,INSA,wahlrecht.de,2026-04-20,2026-04-21,2003,3.5,BSW
13530,C00013530,INSA,wahlrecht.de,2026-04-20,2026-04-21,2003,24,CDU/CSU
13530,C00013530,INSA,wahlrecht.de,2026-04-20,2026-04-21,2003,3.5,FDP
13530,C00013530,INSA,wahlrecht.de,2026-04-20,2026-04-21,2003,12.5,Greens
13530,C00013530,INSA,wahlrecht.de,2026-04-20,2026-04-21,2003,11,Left
13530,C00013530,INSA,wahlrecht.de,2026-04-20,2026-04-21,2003,14,SPD
16824,C00016824,Forsa,DAWUM,2026-04-20,2026-04-21,2502,26,AfD
16824,C00016824,Forsa,DAWUM,2026-04-20,2026-04-21,2502,24,CDU/CSU
16824,C00016824,Forsa,DAWUM,2026-04-20,2026-04-21,2502,4,FDP
16824,C00016824,Forsa,DAWUM,2026-04-20,2026-04-21,2502,15,Greens
16824,C00016824,Forsa,DAWUM,2026-04-20,2026-04-21,2502,11,Left
16824,C00016824,Forsa,DAWUM,2026-04-20,2026-04-21,2502,12,SPD
13529,C00013529,INSA,wahlrecht.de,2026-04-24,2026-04-25,1203,28,AfD
13529,C00013529,INSA,wahlrecht.de,2026-04-24,2026-04-25,1203,3,BSW
13529,C00013529,INSA,wahlrecht.de,2026-04-24,2026-04-25,1203,24,CDU/CSU
13529,C00013529,INSA,wahlrecht.de,2026-04-24,2026-04-25,1203,3,FDP
13529,C00013529,INSA,wahlrecht.de,2026-04-24,2026-04-25,1203,12,Greens
13529,C00013529,INSA,wahlrecht.de,2026-04-24,2026-04-25,1203,11,Left
13529,C00013529,INSA,wahlrecht.de,2026-04-24,2026-04-25,1203,14,SPD
8481,C00008481,Forsa,wahlrecht.de,2026-04-27,2026-04-28,2503,27,AfD
8481,C00008481,Forsa,wahlrecht.de,2026-04-27,2026-04-28,2503,22,CDU/CSU
8481,C00008481,Forsa,wahlrecht.de,2026-04-27,2026-04-28,2503,4,FDP
8481,C00008481,Forsa,wahlrecht.de,2026-04-27,2026-04-28,2503,15,Greens
8481,C00008481,Forsa,wahlrecht.de,2026-04-27,2026-04-28,2503,12,Left
8481,C00008481,Forsa,wahlrecht.de,2026-04-27,2026-04-28,2503,12,SPD
13528,C00013528,INSA,wahlrecht.de,2026-04-27,2026-04-28,2010,28,AfD
13528,C00013528,INSA,wahlrecht.de,2026-04-27,2026-04-28,2010,3.5,BSW
13528,C00013528,INSA,wahlrecht.de,2026-04-27,2026-04-28,2010,23.5,CDU/CSU
13528,C00013528,INSA,wahlrecht.de,2026-04-27,2026-04-28,2010,3.5,FDP
13528,C00013528,INSA,wahlrecht.de,2026-04-27,2026-04-28,2010,12.5,Greens
13528,C00013528,INSA,wahlrecht.de,2026-04-27,2026-04-28,2010,11,Left
13528,C00013528,INSA,wahlrecht.de,2026-04-27,2026-04-28,2010,14,SPD
13527,C00013527,INSA,wahlrecht.de,2026-04-30,2026-05-02,1207,28,AfD
13527,C00013527,INSA,wahlrecht.de,2026-04-30,2026-05-02,1207,3,BSW
13527,C00013527,INSA,wahlrecht.de,2026-04-30,2026-05-02,1207,24,CDU/CSU
13527,C00013527,INSA,wahlrecht.de,2026-04-30,2026-05-02,1207,3,FDP
13527,C00013527,INSA,wahlrecht.de,2026-04-30,2026-05-02,1207,13,Greens
13527,C00013527,INSA,wahlrecht.de,2026-04-30,2026-05-02,1207,11,Left
13527,C00013527,INSA,wahlrecht.de,2026-04-30,2026-05-02,1207,14,SPD
8480,C00008480,Forsa,wahlrecht.de,2026-05-04,2026-05-05,2002,27,AfD
8480,C00008480,Forsa,wahlrecht.de,2026-05-04,2026-05-05,2002,22,CDU/CSU
8480,C00008480,Forsa,wahlrecht.de,2026-05-04,2026-05-05,2002,4,FDP
8480,C00008480,Forsa,wahlrecht.de,2026-05-04,2026-05-05,2002,16,Greens
8480,C00008480,Forsa,wahlrecht.de,2026-05-04,2026-05-05,2002,11,Left
8480,C00008480,Forsa,wahlrecht.de,2026-05-04,2026-05-05,2002,12,SPD
13526,C00013526,INSA,wahlrecht.de,2026-05-04,2026-05-05,2008,27.5,AfD
13526,C00013526,INSA,wahlrecht.de,2026-05-04,2026-05-05,2008,3.5,BSW
13526,C00013526,INSA,wahlrecht.de,2026-05-04,2026-05-05,2008,24,CDU/CSU
13526,C00013526,INSA,wahlrecht.de,2026-05-04,2026-05-05,2008,4,FDP
13526,C00013526,INSA,wahlrecht.de,2026-05-04,2026-05-05,2008,13,Greens
13526,C00013526,INSA,wahlrecht.de,2026-05-04,2026-05-05,2008,10.5,Left
13526,C00013526,INSA,wahlrecht.de,2026-05-04,2026-05-05,2008,13.5,SPD
12557,C00012557,Infratest Dimap,wahlrecht.de,2026-05-06,2026-05-07,1303,27,AfD
12557,C00012557,Infratest Dimap,wahlrecht.de,2026-05-06,2026-05-07,1303,3,BSW
12557,C00012557,Infratest Dimap,wahlrecht.de,2026-05-06,2026-05-07,1303,24,CDU/CSU
12557,C00012557,Infratest Dimap,wahlrecht.de,2026-05-06,2026-05-07,1303,4,FDP
12557,C00012557,Infratest Dimap,wahlrecht.de,2026-05-06,2026-05-07,1303,15,Greens
12557,C00012557,Infratest Dimap,wahlrecht.de,2026-05-06,2026-05-07,1303,10,Left
12557,C00012557,Infratest Dimap,wahlrecht.de,2026-05-06,2026-05-07,1303,12,SPD
16042,C00016042,Verian (Emnid),wahlrecht.de,2026-05-05,2026-05-08,1448,25,AfD
16042,C00016042,Verian (Emnid),wahlrecht.de,2026-05-05,2026-05-08,1448,3,BSW
16042,C00016042,Verian (Emnid),wahlrecht.de,2026-05-05,2026-05-08,1448,24,CDU/CSU
16042,C00016042,Verian (Emnid),wahlrecht.de,2026-05-05,2026-05-08,1448,4,FDP
16042,C00016042,Verian (Emnid),wahlrecht.de,2026-05-05,2026-05-08,1448,15,Greens
16042,C00016042,Verian (Emnid),wahlrecht.de,2026-05-05,2026-05-08,1448,10,Left
16042,C00016042,Verian (Emnid),wahlrecht.de,2026-05-05,2026-05-08,1448,13,SPD
20646,C00020646,Forschungsgruppe Wahlen,wahlrecht.de,2026-05-07,2026-05-08,1240,27,AfD
20646,C00020646,Forschungsgruppe Wahlen,wahlrecht.de,2026-05-07,2026-05-08,1240,25,CDU/CSU
20646,C00020646,Forschungsgruppe Wahlen,wahlrecht.de,2026-05-07,2026-05-08,1240,3,FDP
20646,C00020646,Forschungsgruppe Wahlen,wahlrecht.de,2026-05-07,2026-05-08,1240,13,Greens
20646,C00020646,Forschungsgruppe Wahlen,wahlrecht.de,2026-05-07,2026-05-08,1240,11,Left
20646,C00020646,Forschungsgruppe Wahlen,wahlrecht.de,2026-05-07,2026-05-08,1240,12,SPD
13525,C00013525,INSA,wahlrecht.de,2026-05-08,2026-05-09,1200,28,AfD
13525,C00013525,INSA,wahlrecht.de,2026-05-08,2026-05-09,1200,3,BSW
13525,C00013525,INSA,wahlrecht.de,2026-05-08,2026-05-09,1200,23,CDU/CSU
13525,C00013525,INSA,wahlrecht.de,2026-05-08,2026-05-09,1200,3,FDP
13525,C00013525,INSA,wahlrecht.de,2026-05-08,2026-05-09,1200,13,Greens
13525,C00013525,INSA,wahlrecht.de,2026-05-08,2026-05-09,1200,11,Left
13525,C00013525,INSA,wahlrecht.de,2026-05-08,2026-05-09,1200,13,SPD
6388,C00006388,Allensbach,wahlrecht.de,2026-04-30,2026-05-11,1015,26,AfD
6388,C00006388,Allensbach,wahlrecht.de,2026-04-30,2026-05-11,1015,25,CDU/CSU
6388,C00006388,Allensbach,wahlrecht.de,2026-04-30,2026-05-11,1015,4.5,FDP
6388,C00006388,Allensbach,wahlrecht.de,2026-04-30,2026-05-11,1015,14,Greens
6388,C00006388,Allensbach,wahlrecht.de,2026-04-30,2026-05-11,1015,10,Left
6388,C00006388,Allensbach,wahlrecht.de,2026-04-30,2026-05-11,1015,12.5,SPD
8479,C00008479,Forsa,wahlrecht.de,2026-05-11,2026-05-12,2501,27,AfD
8479,C00008479,Forsa,wahlrecht.de,2026-05-11,2026-05-12,2501,22,CDU/CSU
8479,C00008479,Forsa,wahlrecht.de,2026-05-11,2026-05-12,2501,4,FDP
8479,C00008479,Forsa,wahlrecht.de,2026-05-11,2026-05-12,2501,15,Greens
8479,C00008479,Forsa,wahlrecht.de,2026-05-11,2026-05-12,2501,11,Left
8479,C00008479,Forsa,wahlrecht.de,2026-05-11,2026-05-12,2501,12,SPD
13524,C00013524,INSA,wahlrecht.de,2026-05-11,2026-05-12,2006,28,AfD
13524,C00013524,INSA,wahlrecht.de,2026-05-11,2026-05-12,2006,3.5,BSW
13524,C00013524,INSA,wahlrecht.de,2026-05-11,2026-05-12,2006,23,CDU/CSU
13524,C00013524,INSA,wahlrecht.de,2026-05-11,2026-05-12,2006,3.5,FDP
13524,C00013524,INSA,wahlrecht.de,2026-05-11,2026-05-12,2006,12.5,Greens
13524,C00013524,INSA,wahlrecht.de,2026-05-11,2026-05-12,2006,11,Left
13524,C00013524,INSA,wahlrecht.de,2026-05-11,2026-05-12,2006,13,SPD
16591,C00016591,YouGov,wahlrecht.de,2026-05-11,2026-05-12,1783,28,AfD
16591,C00016591,YouGov,wahlrecht.de,2026-05-11,2026-05-12,1783,4,BSW
16591,C00016591,YouGov,wahlrecht.de,2026-05-11,2026-05-12,1783,22,CDU/CSU
16591,C00016591,YouGov,wahlrecht.de,2026-05-11,2026-05-12,1783,4,FDP
16591,C00016591,YouGov,wahlrecht.de,2026-05-11,2026-05-12,1783,13,Greens
16591,C00016591,YouGov,wahlrecht.de,2026-05-11,2026-05-12,1783,11,Left
16591,C00016591,YouGov,wahlrecht.de,2026-05-11,2026-05-12,1783,13,SPD
16800,C00016800,Ipsos,DAWUM,2026-05-10,2026-05-13,1000,26,AfD
16800,C00016800,Ipsos,DAWUM,2026-05-10,2026-05-13,1000,3,BSW
16800,C00016800,Ipsos,DAWUM,2026-05-10,2026-05-13,1000,23,CDU/CSU
16800,C00016800,Ipsos,DAWUM,2026-05-10,2026-05-13,1000,4,FDP
16800,C00016800,Ipsos,DAWUM,2026-05-10,2026-05-13,1000,14,Greens
16800,C00016800,Ipsos,DAWUM,2026-05-10,2026-05-13,1000,12,Left
16800,C00016800,Ipsos,DAWUM,2026-05-10,2026-05-13,1000,13,SPD
13523,C00013523,INSA,wahlrecht.de,2026-05-15,2026-05-16,1203,29,AfD
13523,C00013523,INSA,wahlrecht.de,2026-05-15,2026-05-16,1203,3,BSW
13523,C00013523,INSA,wahlrecht.de,2026-05-15,2026-05-16,1203,22,CDU/CSU
13523,C00013523,INSA,wahlrecht.de,2026-05-15,2026-05-16,1203,3,FDP
13523,C00013523,INSA,wahlrecht.de,2026-05-15,2026-05-16,1203,14,Greens
13523,C00013523,INSA,wahlrecht.de,2026-05-15,2026-05-16,1203,10,Left
13523,C00013523,INSA,wahlrecht.de,2026-05-15,2026-05-16,1203,12,SPD
8478,C00008478,Forsa,wahlrecht.de,2026-05-18,2026-05-19,2000,28,AfD
8478,C00008478,Forsa,wahlrecht.de,2026-05-18,2026-05-19,2000,3,BSW
8478,C00008478,Forsa,wahlrecht.de,2026-05-18,2026-05-19,2000,22,CDU/CSU
8478,C00008478,Forsa,wahlrecht.de,2026-05-18,2026-05-19,2000,4,FDP
8478,C00008478,Forsa,wahlrecht.de,2026-05-18,2026-05-19,2000,14,Greens
8478,C00008478,Forsa,wahlrecht.de,2026-05-18,2026-05-19,2000,11,Left
8478,C00008478,Forsa,wahlrecht.de,2026-05-18,2026-05-19,2000,12,SPD
13522,C00013522,INSA,wahlrecht.de,2026-05-18,2026-05-19,2005,29,AfD
13522,C00013522,INSA,wahlrecht.de,2026-05-18,2026-05-19,2005,3.5,BSW
13522,C00013522,INSA,wahlrecht.de,2026-05-18,2026-05-19,2005,22,CDU/CSU
13522,C00013522,INSA,wahlrecht.de,2026-05-18,2026-05-19,2005,3.5,FDP
13522,C00013522,INSA,wahlrecht.de,2026-05-18,2026-05-19,2005,14,Greens
13522,C00013522,INSA,wahlrecht.de,2026-05-18,2026-05-19,2005,10.5,Left
13522,C00013522,INSA,wahlrecht.de,2026-05-18,2026-05-19,2005,12.5,SPD
20645,C00020645,Forschungsgruppe Wahlen,wahlrecht.de,2026-05-21,2026-05-22,1340,26,AfD
20645,C00020645,Forschungsgruppe Wahlen,wahlrecht.de,2026-05-21,2026-05-22,1340,24,CDU/CSU
20645,C00020645,Forschungsgruppe Wahlen,wahlrecht.de,2026-05-21,2026-05-22,1340,3,FDP
20645,C00020645,Forschungsgruppe Wahlen,wahlrecht.de,2026-05-21,2026-05-22,1340,15,Greens
20645,C00020645,Forschungsgruppe Wahlen,wahlrecht.de,2026-05-21,2026-05-22,1340,12,Left
20645,C00020645,Forschungsgruppe Wahlen,wahlrecht.de,2026-05-21,2026-05-22,1340,12,SPD
13521,C00013521,INSA,wahlrecht.de,2026-05-22,2026-05-23,1203,29,AfD
13521,C00013521,INSA,wahlrecht.de,2026-05-22,2026-05-23,1203,3,BSW
13521,C00013521,INSA,wahlrecht.de,2026-05-22,2026-05-23,1203,22,CDU/CSU
13521,C00013521,INSA,wahlrecht.de,2026-05-22,2026-05-23,1203,4,FDP
13521,C00013521,INSA,wahlrecht.de,2026-05-22,2026-05-23,1203,14,Greens
13521,C00013521,INSA,wahlrecht.de,2026-05-22,2026-05-23,1203,11,Left
13521,C00013521,INSA,wahlrecht.de,2026-05-22,2026-05-23,1203,12,SPD
8477,C00008477,Forsa,wahlrecht.de,2026-05-22,2026-05-26,2002,27,AfD
8477,C00008477,Forsa,wahlrecht.de,2026-05-22,2026-05-26,2002,3,BSW
8477,C00008477,Forsa,wahlrecht.de,2026-05-22,2026-05-26,2002,22,CDU/CSU
8477,C00008477,Forsa,wahlrecht.de,2026-05-22,2026-05-26,2002,4,FDP
8477,C00008477,Forsa,wahlrecht.de,2026-05-22,2026-05-26,2002,15,Greens
8477,C00008477,Forsa,wahlrecht.de,2026-05-22,2026-05-26,2002,11,Left
8477,C00008477,Forsa,wahlrecht.de,2026-05-22,2026-05-26,2002,12,SPD
13520,C00013520,INSA,wahlrecht.de,2026-05-26,2026-05-26,2010,29,AfD
13520,C00013520,INSA,wahlrecht.de,2026-05-26,2026-05-26,2010,3,BSW
13520,C00013520,INSA,wahlrecht.de,2026-05-26,2026-05-26,2010,22,CDU/CSU
13520,C00013520,INSA,wahlrecht.de,2026-05-26,2026-05-26,2010,4,FDP
13520,C00013520,INSA,wahlrecht.de,2026-05-26,2026-05-26,2010,14,Greens
13520,C00013520,INSA,wahlrecht.de,2026-05-26,2026-05-26,2010,10.5,Left
13520,C00013520,INSA,wahlrecht.de,2026-05-26,2026-05-26,2010,12,SPD
13519,C00013519,INSA,wahlrecht.de,2026-05-29,2026-05-30,1205,29,AfD
13519,C00013519,INSA,wahlrecht.de,2026-05-29,2026-05-30,1205,3,BSW
13519,C00013519,INSA,wahlrecht.de,2026-05-29,2026-05-30,1205,22,CDU/CSU
13519,C00013519,INSA,wahlrecht.de,2026-05-29,2026-05-30,1205,3,FDP
13519,C00013519,INSA,wahlrecht.de,2026-05-29,2026-05-30,1205,14,Greens
13519,C00013519,INSA,wahlrecht.de,2026-05-29,2026-05-30,1205,11,Left
13519,C00013519,INSA,wahlrecht.de,2026-05-29,2026-05-30,1205,12,SPD
10297,C00010297,GMS,wahlrecht.de,2026-06-01,2026-06-01,1023,27,AfD
10297,C00010297,GMS,wahlrecht.de,2026-06-01,2026-06-01,1023,2,BSW
10297,C00010297,GMS,wahlrecht.de,2026-06-01,2026-06-01,1023,23,CDU/CSU
10297,C00010297,GMS,wahlrecht.de,2026-06-01,2026-06-01,1023,5,FDP
10297,C00010297,GMS,wahlrecht.de,2026-06-01,2026-06-01,1023,16,Greens
10297,C00010297,GMS,wahlrecht.de,2026-06-01,2026-06-01,1023,11,Left
10297,C00010297,GMS,wahlrecht.de,2026-06-01,2026-06-01,1023,11,SPD
8476,C00008476,Forsa,wahlrecht.de,2026-06-01,2026-06-02,2502,27,AfD
8476,C00008476,Forsa,wahlrecht.de,2026-06-01,2026-06-02,2502,3,BSW
8476,C00008476,Forsa,wahlrecht.de,2026-06-01,2026-06-02,2502,21,CDU/CSU
8476,C00008476,Forsa,wahlrecht.de,2026-06-01,2026-06-02,2502,5,FDP
8476,C00008476,Forsa,wahlrecht.de,2026-06-01,2026-06-02,2502,15,Greens
8476,C00008476,Forsa,wahlrecht.de,2026-06-01,2026-06-02,2502,11,Left
8476,C00008476,Forsa,wahlrecht.de,2026-06-01,2026-06-02,2502,12,SPD
13518,C00013518,INSA,wahlrecht.de,2026-06-01,2026-06-02,2006,29,AfD
13518,C00013518,INSA,wahlrecht.de,2026-06-01,2026-06-02,2006,3.5,BSW
13518,C00013518,INSA,wahlrecht.de,2026-06-01,2026-06-02,2006,22,CDU/CSU
13518,C00013518,INSA,wahlrecht.de,2026-06-01,2026-06-02,2006,3.5,FDP
13518,C00013518,INSA,wahlrecht.de,2026-06-01,2026-06-02,2006,13.5,Greens
13518,C00013518,INSA,wahlrecht.de,2026-06-01,2026-06-02,2006,10.5,Left
13518,C00013518,INSA,wahlrecht.de,2026-06-01,2026-06-02,2006,12,SPD
12556,C00012556,Infratest Dimap,wahlrecht.de,2026-06-02,2026-06-03,1326,27,AfD
12556,C00012556,Infratest Dimap,wahlrecht.de,2026-06-02,2026-06-03,1326,3,BSW
12556,C00012556,Infratest Dimap,wahlrecht.de,2026-06-02,2026-06-03,1326,23,CDU/CSU
12556,C00012556,Infratest Dimap,wahlrecht.de,2026-06-02,2026-06-03,1326,4,FDP
12556,C00012556,Infratest Dimap,wahlrecht.de,2026-06-02,2026-06-03,1326,14,Greens
12556,C00012556,Infratest Dimap,wahlrecht.de,2026-06-02,2026-06-03,1326,10,Left
12556,C00012556,Infratest Dimap,wahlrecht.de,2026-06-02,2026-06-03,1326,13,SPD
16041,C00016041,Verian (Emnid),wahlrecht.de,2026-06-02,2026-06-03,1454,27,AfD
16041,C00016041,Verian (Emnid),wahlrecht.de,2026-06-02,2026-06-03,1454,2,BSW
16041,C00016041,Verian (Emnid),wahlrecht.de,2026-06-02,2026-06-03,1454,23,CDU/CSU
16041,C00016041,Verian (Emnid),wahlrecht.de,2026-06-02,2026-06-03,1454,4,FDP
16041,C00016041,Verian (Emnid),wahlrecht.de,2026-06-02,2026-06-03,1454,15,Greens
16041,C00016041,Verian (Emnid),wahlrecht.de,2026-06-02,2026-06-03,1454,10,Left
16041,C00016041,Verian (Emnid),wahlrecht.de,2026-06-02,2026-06-03,1454,13,SPD
16783,C00016783,Forschungsgruppe Wahlen,DAWUM,2026-06-03,2026-06-05,1274,27,AfD
16783,C00016783,Forschungsgruppe Wahlen,DAWUM,2026-06-03,2026-06-05,1274,25,CDU/CSU
16783,C00016783,Forschungsgruppe Wahlen,DAWUM,2026-06-03,2026-06-05,1274,3,FDP
16783,C00016783,Forschungsgruppe Wahlen,DAWUM,2026-06-03,2026-06-05,1274,14,Greens
16783,C00016783,Forschungsgruppe Wahlen,DAWUM,2026-06-03,2026-06-05,1274,11,Left
16783,C00016783,Forschungsgruppe Wahlen,DAWUM,2026-06-03,2026-06-05,1274,12,SPD
20644,C00020644,Forschungsgruppe Wahlen,wahlrecht.de,2026-06-03,2026-06-05,1247,27,AfD
20644,C00020644,Forschungsgruppe Wahlen,wahlrecht.de,2026-06-03,2026-06-05,1247,25,CDU/CSU
20644,C00020644,Forschungsgruppe Wahlen,wahlrecht.de,2026-06-03,2026-06-05,1247,3,FDP
20644,C00020644,Forschungsgruppe Wahlen,wahlrecht.de,2026-06-03,2026-06-05,1247,14,Greens
20644,C00020644,Forschungsgruppe Wahlen,wahlrecht.de,2026-06-03,2026-06-05,1247,11,Left
20644,C00020644,Forschungsgruppe Wahlen,wahlrecht.de,2026-06-03,2026-06-05,1247,12,SPD
13517,C00013517,INSA,wahlrecht.de,2026-06-05,2026-06-06,1206,29,AfD
13517,C00013517,INSA,wahlrecht.de,2026-06-05,2026-06-06,1206,3,BSW
13517,C00013517,INSA,wahlrecht.de,2026-06-05,2026-06-06,1206,21,CDU/CSU
13517,C00013517,INSA,wahlrecht.de,2026-06-05,2026-06-06,1206,3,FDP
13517,C00013517,INSA,wahlrecht.de,2026-06-05,2026-06-06,1206,14,Greens
13517,C00013517,INSA,wahlrecht.de,2026-06-05,2026-06-06,1206,11,Left
13517,C00013517,INSA,wahlrecht.de,2026-06-05,2026-06-06,1206,12,SPD
8475,C00008475,Forsa,wahlrecht.de,2026-06-08,2026-06-09,2502,27,AfD
8475,C00008475,Forsa,wahlrecht.de,2026-06-08,2026-06-09,2502,3,BSW
8475,C00008475,Forsa,wahlrecht.de,2026-06-08,2026-06-09,2502,22,CDU/CSU
8475,C00008475,Forsa,wahlrecht.de,2026-06-08,2026-06-09,2502,5,FDP
8475,C00008475,Forsa,wahlrecht.de,2026-06-08,2026-06-09,2502,15,Greens
8475,C00008475,Forsa,wahlrecht.de,2026-06-08,2026-06-09,2502,11,Left
8475,C00008475,Forsa,wahlrecht.de,2026-06-08,2026-06-09,2502,11,SPD
13516,C00013516,INSA,wahlrecht.de,2026-06-08,2026-06-09,2009,29,AfD
13516,C00013516,INSA,wahlrecht.de,2026-06-08,2026-06-09,2009,3.5,BSW
13516,C00013516,INSA,wahlrecht.de,2026-06-08,2026-06-09,2009,21,CDU/CSU
13516,C00013516,INSA,wahlrecht.de,2026-06-08,2026-06-09,2009,3.5,FDP
13516,C00013516,INSA,wahlrecht.de,2026-06-08,2026-06-09,2009,14.5,Greens
13516,C00013516,INSA,wahlrecht.de,2026-06-08,2026-06-09,2009,10.5,Left
13516,C00013516,INSA,wahlrecht.de,2026-06-08,2026-06-09,2009,12,SPD
16779,C00016779,Ipsos,DAWUM,2026-06-07,2026-06-11,1000,27,AfD
16779,C00016779,Ipsos,DAWUM,2026-06-07,2026-06-11,1000,3,BSW
16779,C00016779,Ipsos,DAWUM,2026-06-07,2026-06-11,1000,23,CDU/CSU
16779,C00016779,Ipsos,DAWUM,2026-06-07,2026-06-11,1000,4,FDP
16779,C00016779,Ipsos,DAWUM,2026-06-07,2026-06-11,1000,14,Greens
16779,C00016779,Ipsos,DAWUM,2026-06-07,2026-06-11,1000,12,Left
16779,C00016779,Ipsos,DAWUM,2026-06-07,2026-06-11,1000,13,SPD
13515,C00013515,INSA,wahlrecht.de,2026-06-12,2026-06-13,1203,29,AfD
13515,C00013515,INSA,wahlrecht.de,2026-06-12,2026-06-13,1203,3,BSW
13515,C00013515,INSA,wahlrecht.de,2026-06-12,2026-06-13,1203,22,CDU/CSU
13515,C00013515,INSA,wahlrecht.de,2026-06-12,2026-06-13,1203,3,FDP
13515,C00013515,INSA,wahlrecht.de,2026-06-12,2026-06-13,1203,14,Greens
13515,C00013515,INSA,wahlrecht.de,2026-06-12,2026-06-13,1203,10,Left
13515,C00013515,INSA,wahlrecht.de,2026-06-12,2026-06-13,1203,13,SPD
8474,C00008474,Forsa,wahlrecht.de,2026-06-15,2026-06-16,2500,27,AfD
8474,C00008474,Forsa,wahlrecht.de,2026-06-15,2026-06-16,2500,3,BSW
8474,C00008474,Forsa,wahlrecht.de,2026-06-15,2026-06-16,2500,21,CDU/CSU
8474,C00008474,Forsa,wahlrecht.de,2026-06-15,2026-06-16,2500,5,FDP
8474,C00008474,Forsa,wahlrecht.de,2026-06-15,2026-06-16,2500,15,Greens
8474,C00008474,Forsa,wahlrecht.de,2026-06-15,2026-06-16,2500,11,Left
8474,C00008474,Forsa,wahlrecht.de,2026-06-15,2026-06-16,2500,12,SPD
13514,C00013514,INSA,wahlrecht.de,2026-06-15,2026-06-16,2003,29,AfD
13514,C00013514,INSA,wahlrecht.de,2026-06-15,2026-06-16,2003,3.5,BSW
13514,C00013514,INSA,wahlrecht.de,2026-06-15,2026-06-16,2003,22,CDU/CSU
13514,C00013514,INSA,wahlrecht.de,2026-06-15,2026-06-16,2003,3.5,FDP
13514,C00013514,INSA,wahlrecht.de,2026-06-15,2026-06-16,2003,14.5,Greens
13514,C00013514,INSA,wahlrecht.de,2026-06-15,2026-06-16,2003,10.5,Left
13514,C00013514,INSA,wahlrecht.de,2026-06-15,2026-06-16,2003,12,SPD
16590,C00016590,YouGov,wahlrecht.de,2026-06-15,2026-06-16,1793,29,AfD
16590,C00016590,YouGov,wahlrecht.de,2026-06-15,2026-06-16,1793,4,BSW
16590,C00016590,YouGov,wahlrecht.de,2026-06-15,2026-06-16,1793,20,CDU/CSU
16590,C00016590,YouGov,wahlrecht.de,2026-06-15,2026-06-16,1793,5,FDP
16590,C00016590,YouGov,wahlrecht.de,2026-06-15,2026-06-16,1793,14,Greens
16590,C00016590,YouGov,wahlrecht.de,2026-06-15,2026-06-16,1793,12,Left
16590,C00016590,YouGov,wahlrecht.de,2026-06-15,2026-06-16,1793,12,SPD
20643,C00020643,Forschungsgruppe Wahlen,wahlrecht.de,2026-06-18,2026-06-19,1190,28,AfD
20643,C00020643,Forschungsgruppe Wahlen,wahlrecht.de,2026-06-18,2026-06-19,1190,24,CDU/CSU
20643,C00020643,Forschungsgruppe Wahlen,wahlrecht.de,2026-06-18,2026-06-19,1190,4,FDP
20643,C00020643,Forschungsgruppe Wahlen,wahlrecht.de,2026-06-18,2026-06-19,1190,12,Greens
20643,C00020643,Forschungsgruppe Wahlen,wahlrecht.de,2026-06-18,2026-06-19,1190,11,Left
20643,C00020643,Forschungsgruppe Wahlen,wahlrecht.de,2026-06-18,2026-06-19,1190,13,SPD
13513,C00013513,INSA,wahlrecht.de,2026-06-19,2026-06-20,1204,29,AfD
13513,C00013513,INSA,wahlrecht.de,2026-06-19,2026-06-20,1204,3,BSW
13513,C00013513,INSA,wahlrecht.de,2026-06-19,2026-06-20,1204,22,CDU/CSU
13513,C00013513,INSA,wahlrecht.de,2026-06-19,2026-06-20,1204,3,FDP
13513,C00013513,INSA,wahlrecht.de,2026-06-19,2026-06-20,1204,13,Greens
13513,C00013513,INSA,wahlrecht.de,2026-06-19,2026-06-20,1204,10,Left
13513,C00013513,INSA,wahlrecht.de,2026-06-19,2026-06-20,1204,13,SPD
8473,C00008473,Forsa,wahlrecht.de,2026-06-22,2026-06-23,2504,27,AfD
8473,C00008473,Forsa,wahlrecht.de,2026-06-22,2026-06-23,2504,3,BSW
8473,C00008473,Forsa,wahlrecht.de,2026-06-22,2026-06-23,2504,22,CDU/CSU
8473,C00008473,Forsa,wahlrecht.de,2026-06-22,2026-06-23,2504,4,FDP
8473,C00008473,Forsa,wahlrecht.de,2026-06-22,2026-06-23,2504,15,Greens
8473,C00008473,Forsa,wahlrecht.de,2026-06-22,2026-06-23,2504,11,Left
8473,C00008473,Forsa,wahlrecht.de,2026-06-22,2026-06-23,2504,12,SPD
13512,C00013512,INSA,wahlrecht.de,2026-06-22,2026-06-23,2008,29,AfD
13512,C00013512,INSA,wahlrecht.de,2026-06-22,2026-06-23,2008,3.5,BSW
13512,C00013512,INSA,wahlrecht.de,2026-06-22,2026-06-23,2008,21.5,CDU/CSU
13512,C00013512,INSA,wahlrecht.de,2026-06-22,2026-06-23,2008,4,FDP
13512,C00013512,INSA,wahlrecht.de,2026-06-22,2026-06-23,2008,13,Greens
13512,C00013512,INSA,wahlrecht.de,2026-06-22,2026-06-23,2008,10.5,Left
13512,C00013512,INSA,wahlrecht.de,2026-06-22,2026-06-23,2008,12.5,SPD
6386,C00006386,Allensbach,wahlrecht.de,2026-06-17,2026-06-24,1047,28,AfD
6386,C00006386,Allensbach,wahlrecht.de,2026-06-17,2026-06-24,1047,24,CDU/CSU
6386,C00006386,Allensbach,wahlrecht.de,2026-06-17,2026-06-24,1047,5.5,FDP
6386,C00006386,Allensbach,wahlrecht.de,2026-06-17,2026-06-24,1047,13,Greens
6386,C00006386,Allensbach,wahlrecht.de,2026-06-17,2026-06-24,1047,10,Left
6386,C00006386,Allensbach,wahlrecht.de,2026-06-17,2026-06-24,1047,12.5,SPD
6387,C00006387,Allensbach,wahlrecht.de,2026-06-05,2026-06-24,1010,27,AfD
6387,C00006387,Allensbach,wahlrecht.de,2026-06-05,2026-06-24,1010,24,CDU/CSU
6387,C00006387,Allensbach,wahlrecht.de,2026-06-05,2026-06-24,1010,5,FDP
6387,C00006387,Allensbach,wahlrecht.de,2026-06-05,2026-06-24,1010,13,Greens
6387,C00006387,Allensbach,wahlrecht.de,2026-06-05,2026-06-24,1010,9.5,Left
6387,C00006387,Allensbach,wahlrecht.de,2026-06-05,2026-06-24,1010,13.5,SPD
16764,C00016764,pollytix,DAWUM,2026-06-17,2026-06-24,2040,28,AfD
16764,C00016764,pollytix,DAWUM,2026-06-17,2026-06-24,2040,4,BSW
16764,C00016764,pollytix,DAWUM,2026-06-17,2026-06-24,2040,21,CDU/CSU
16764,C00016764,pollytix,DAWUM,2026-06-17,2026-06-24,2040,5,FDP
16764,C00016764,pollytix,DAWUM,2026-06-17,2026-06-24,2040,13,Greens
16764,C00016764,pollytix,DAWUM,2026-06-17,2026-06-24,2040,11,Left
16764,C00016764,pollytix,DAWUM,2026-06-17,2026-06-24,2040,14,SPD
13511,C00013511,INSA,wahlrecht.de,2026-06-26,2026-06-27,1204,29,AfD
13511,C00013511,INSA,wahlrecht.de,2026-06-26,2026-06-27,1204,3,BSW
13511,C00013511,INSA,wahlrecht.de,2026-06-26,2026-06-27,1204,22,CDU/CSU
13511,C00013511,INSA,wahlrecht.de,2026-06-26,2026-06-27,1204,4,FDP
13511,C00013511,INSA,wahlrecht.de,2026-06-26,2026-06-27,1204,13,Greens
13511,C00013511,INSA,wahlrecht.de,2026-06-26,2026-06-27,1204,10,Left
13511,C00013511,INSA,wahlrecht.de,2026-06-26,2026-06-27,1204,12,SPD
8472,C00008472,Forsa,wahlrecht.de,2026-06-29,2026-06-30,2505,26,AfD
8472,C00008472,Forsa,wahlrecht.de,2026-06-29,2026-06-30,2505,3,BSW
8472,C00008472,Forsa,wahlrecht.de,2026-06-29,2026-06-30,2505,22,CDU/CSU
8472,C00008472,Forsa,wahlrecht.de,2026-06-29,2026-06-30,2505,4,FDP
8472,C00008472,Forsa,wahlrecht.de,2026-06-29,2026-06-30,2505,15,Greens
8472,C00008472,Forsa,wahlrecht.de,2026-06-29,2026-06-30,2505,12,Left
8472,C00008472,Forsa,wahlrecht.de,2026-06-29,2026-06-30,2505,12,SPD
13510,C00013510,INSA,wahlrecht.de,2026-06-29,2026-06-30,2006,29,AfD
13510,C00013510,INSA,wahlrecht.de,2026-06-29,2026-06-30,2006,3.5,BSW
13510,C00013510,INSA,wahlrecht.de,2026-06-29,2026-06-30,2006,22,CDU/CSU
13510,C00013510,INSA,wahlrecht.de,2026-06-29,2026-06-30,2006,4,FDP
13510,C00013510,INSA,wahlrecht.de,2026-06-29,2026-06-30,2006,13,Greens
13510,C00013510,INSA,wahlrecht.de,2026-06-29,2026-06-30,2006,10.5,Left
13510,C00013510,INSA,wahlrecht.de,2026-06-29,2026-06-30,2006,12,SPD
12555,C00012555,Infratest Dimap,wahlrecht.de,2026-07-01,2026-07-02,1317,27,AfD
12555,C00012555,Infratest Dimap,wahlrecht.de,2026-07-01,2026-07-02,1317,22,CDU/CSU
12555,C00012555,Infratest Dimap,wahlrecht.de,2026-07-01,2026-07-02,1317,4,FDP
12555,C00012555,Infratest Dimap,wahlrecht.de,2026-07-01,2026-07-02,1317,15,Greens
12555,C00012555,Infratest Dimap,wahlrecht.de,2026-07-01,2026-07-02,1317,11,Left
12555,C00012555,Infratest Dimap,wahlrecht.de,2026-07-01,2026-07-02,1317,12,SPD
16040,C00016040,Verian (Emnid),wahlrecht.de,2026-06-30,2026-07-03,1470,27,AfD
16040,C00016040,Verian (Emnid),wahlrecht.de,2026-06-30,2026-07-03,1470,3,BSW
16040,C00016040,Verian (Emnid),wahlrecht.de,2026-06-30,2026-07-03,1470,22,CDU/CSU
16040,C00016040,Verian (Emnid),wahlrecht.de,2026-06-30,2026-07-03,1470,4,FDP
16040,C00016040,Verian (Emnid),wahlrecht.de,2026-06-30,2026-07-03,1470,15,Greens
16040,C00016040,Verian (Emnid),wahlrecht.de,2026-06-30,2026-07-03,1470,11,Left
16040,C00016040,Verian (Emnid),wahlrecht.de,2026-06-30,2026-07-03,1470,13,SPD
13509,C00013509,INSA,wahlrecht.de,2026-07-03,2026-07-04,1205,29,AfD
13509,C00013509,INSA,wahlrecht.de,2026-07-03,2026-07-04,1205,4,BSW
13509,C00013509,INSA,wahlrecht.de,2026-07-03,2026-07-04,1205,21,CDU/CSU
13509,C00013509,INSA,wahlrecht.de,2026-07-03,2026-07-04,1205,4,FDP
13509,C00013509,INSA,wahlrecht.de,2026-07-03,2026-07-04,1205,13,Greens
13509,C00013509,INSA,wahlrecht.de,2026-07-03,2026-07-04,1205,10,Left
13509,C00013509,INSA,wahlrecht.de,2026-07-03,2026-07-04,1205,13,SPD
8471,C00008471,Forsa,wahlrecht.de,2026-07-06,2026-07-07,2502,26,AfD
8471,C00008471,Forsa,wahlrecht.de,2026-07-06,2026-07-07,2502,3,BSW
8471,C00008471,Forsa,wahlrecht.de,2026-07-06,2026-07-07,2502,22,CDU/CSU
8471,C00008471,Forsa,wahlrecht.de,2026-07-06,2026-07-07,2502,4,FDP
8471,C00008471,Forsa,wahlrecht.de,2026-07-06,2026-07-07,2502,15,Greens
8471,C00008471,Forsa,wahlrecht.de,2026-07-06,2026-07-07,2502,12,Left
8471,C00008471,Forsa,wahlrecht.de,2026-07-06,2026-07-07,2502,12,SPD
13508,C00013508,INSA,wahlrecht.de,2026-07-06,2026-07-07,2010,29,AfD
13508,C00013508,INSA,wahlrecht.de,2026-07-06,2026-07-07,2010,4,BSW
13508,C00013508,INSA,wahlrecht.de,2026-07-06,2026-07-07,2010,22,CDU/CSU
13508,C00013508,INSA,wahlrecht.de,2026-07-06,2026-07-07,2010,4,FDP
13508,C00013508,INSA,wahlrecht.de,2026-07-06,2026-07-07,2010,13,Greens
13508,C00013508,INSA,wahlrecht.de,2026-07-06,2026-07-07,2010,10.5,Left
13508,C00013508,INSA,wahlrecht.de,2026-07-06,2026-07-07,2010,12.5,SPD
16750,C00016750,Ipsos,DAWUM,2026-07-06,2026-07-09,1000,28,AfD
16750,C00016750,Ipsos,DAWUM,2026-07-06,2026-07-09,1000,3,BSW
16750,C00016750,Ipsos,DAWUM,2026-07-06,2026-07-09,1000,22,CDU/CSU
16750,C00016750,Ipsos,DAWUM,2026-07-06,2026-07-09,1000,4,FDP
16750,C00016750,Ipsos,DAWUM,2026-07-06,2026-07-09,1000,14,Greens
16750,C00016750,Ipsos,DAWUM,2026-07-06,2026-07-09,1000,13,Left
16750,C00016750,Ipsos,DAWUM,2026-07-06,2026-07-09,1000,13,SPD
13507,C00013507,INSA,wahlrecht.de,2026-07-10,2026-07-11,1204,28,AfD
13507,C00013507,INSA,wahlrecht.de,2026-07-10,2026-07-11,1204,4,BSW
13507,C00013507,INSA,wahlrecht.de,2026-07-10,2026-07-11,1204,22,CDU/CSU
13507,C00013507,INSA,wahlrecht.de,2026-07-10,2026-07-11,1204,4,FDP
13507,C00013507,INSA,wahlrecht.de,2026-07-10,2026-07-11,1204,12,Greens
13507,C00013507,INSA,wahlrecht.de,2026-07-10,2026-07-11,1204,11,Left
13507,C00013507,INSA,wahlrecht.de,2026-07-10,2026-07-11,1204,12,SPD
8470,C00008470,Forsa,wahlrecht.de,2026-07-13,2026-07-14,2503,26,AfD
8470,C00008470,Forsa,wahlrecht.de,2026-07-13,2026-07-14,2503,22,CDU/CSU
8470,C00008470,Forsa,wahlrecht.de,2026-07-13,2026-07-14,2503,4,FDP
8470,C00008470,Forsa,wahlrecht.de,2026-07-13,2026-07-14,2503,16,Greens
8470,C00008470,Forsa,wahlrecht.de,2026-07-13,2026-07-14,2503,12,Left
8470,C00008470,Forsa,wahlrecht.de,2026-07-13,2026-07-14,2503,12,SPD
13506,C00013506,INSA,wahlrecht.de,2026-07-13,2026-07-14,2006,28.5,AfD
13506,C00013506,INSA,wahlrecht.de,2026-07-13,2026-07-14,2006,4,BSW
13506,C00013506,INSA,wahlrecht.de,2026-07-13,2026-07-14,2006,21.5,CDU/CSU
13506,C00013506,INSA,wahlrecht.de,2026-07-13,2026-07-14,2006,4,FDP
13506,C00013506,INSA,wahlrecht.de,2026-07-13,2026-07-14,2006,13,Greens
13506,C00013506,INSA,wahlrecht.de,2026-07-13,2026-07-14,2006,10.5,Left
13506,C00013506,INSA,wahlrecht.de,2026-07-13,2026-07-14,2006,12.5,SPD
16589,C00016589,YouGov,wahlrecht.de,2026-07-13,2026-07-14,1827,27,AfD
16589,C00016589,YouGov,wahlrecht.de,2026-07-13,2026-07-14,1827,4,BSW
16589,C00016589,YouGov,wahlrecht.de,2026-07-13,2026-07-14,1827,20,CDU/CSU
16589,C00016589,YouGov,wahlrecht.de,2026-07-13,2026-07-14,1827,5,FDP
16589,C00016589,YouGov,wahlrecht.de,2026-07-13,2026-07-14,1827,14,Greens
16589,C00016589,YouGov,wahlrecht.de,2026-07-13,2026-07-14,1827,12,Left
16589,C00016589,YouGov,wahlrecht.de,2026-07-13,2026-07-14,1827,12,SPD
20642,C00020642,Forschungsgruppe Wahlen,wahlrecht.de,2026-07-16,2026-07-17,1284,27,AfD
20642,C00020642,Forschungsgruppe Wahlen,wahlrecht.de,2026-07-16,2026-07-17,1284,23,CDU/CSU
20642,C00020642,Forschungsgruppe Wahlen,wahlrecht.de,2026-07-16,2026-07-17,1284,4,FDP
20642,C00020642,Forschungsgruppe Wahlen,wahlrecht.de,2026-07-16,2026-07-17,1284,14,Greens
20642,C00020642,Forschungsgruppe Wahlen,wahlrecht.de,2026-07-16,2026-07-17,1284,13,Left
20642,C00020642,Forschungsgruppe Wahlen,wahlrecht.de,2026-07-16,2026-07-17,1284,12,SPD
13505,C00013505,INSA,wahlrecht.de,2026-07-17,2026-07-18,1201,29,AfD
13505,C00013505,INSA,wahlrecht.de,2026-07-17,2026-07-18,1201,3,BSW
13505,C00013505,INSA,wahlrecht.de,2026-07-17,2026-07-18,1201,21,CDU/CSU
13505,C00013505,INSA,wahlrecht.de,2026-07-17,2026-07-18,1201,4,FDP
13505,C00013505,INSA,wahlrecht.de,2026-07-17,2026-07-18,1201,13,Greens
13505,C00013505,INSA,wahlrecht.de,2026-07-17,2026-07-18,1201,10,Left
13505,C00013505,INSA,wahlrecht.de,2026-07-17,2026-07-18,1201,13,SPD
10296,C00010296,GMS,wahlrecht.de,2026-07-20,2026-07-20,1005,28,AfD
10296,C00010296,GMS,wahlrecht.de,2026-07-20,2026-07-20,1005,2,BSW
10296,C00010296,GMS,wahlrecht.de,2026-07-20,2026-07-20,1005,23,CDU/CSU
10296,C00010296,GMS,wahlrecht.de,2026-07-20,2026-07-20,1005,5,FDP
10296,C00010296,GMS,wahlrecht.de,2026-07-20,2026-07-20,1005,13,Greens
10296,C00010296,GMS,wahlrecht.de,2026-07-20,2026-07-20,1005,10,Left
10296,C00010296,GMS,wahlrecht.de,2026-07-20,2026-07-20,1005,11,SPD
8469,C00008469,Forsa,wahlrecht.de,2026-07-20,2026-07-21,2502,26,AfD
8469,C00008469,Forsa,wahlrecht.de,2026-07-20,2026-07-21,2502,22,CDU/CSU
8469,C00008469,Forsa,wahlrecht.de,2026-07-20,2026-07-21,2502,4,FDP
8469,C00008469,Forsa,wahlrecht.de,2026-07-20,2026-07-21,2502,16,Greens
8469,C00008469,Forsa,wahlrecht.de,2026-07-20,2026-07-21,2502,12,Left
8469,C00008469,Forsa,wahlrecht.de,2026-07-20,2026-07-21,2502,12,SPD
13504,C00013504,INSA,wahlrecht.de,2026-07-20,2026-07-21,2005,29,AfD
13504,C00013504,INSA,wahlrecht.de,2026-07-20,2026-07-21,2005,3.5,BSW
13504,C00013504,INSA,wahlrecht.de,2026-07-20,2026-07-21,2005,20.5,CDU/CSU
13504,C00013504,INSA,wahlrecht.de,2026-07-20,2026-07-21,2005,4.5,FDP
13504,C00013504,INSA,wahlrecht.de,2026-07-20,2026-07-21,2005,13,Greens
13504,C00013504,INSA,wahlrecht.de,2026-07-20,2026-07-21,2005,10.5,Left
13504,C00013504,INSA,wahlrecht.de,2026-07-20,2026-07-21,2005,13,SPD
6385,C00006385,Allensbach,wahlrecht.de,2026-07-16,2026-07-23,1040,26.5,AfD
6385,C00006385,Allensbach,wahlrecht.de,2026-07-16,2026-07-23,1040,24,CDU/CSU
6385,C00006385,Allensbach,wahlrecht.de,2026-07-16,2026-07-23,1040,5.5,FDP
6385,C00006385,Allensbach,wahlrecht.de,2026-07-16,2026-07-23,1040,13,Greens
6385,C00006385,Allensbach,wahlrecht.de,2026-07-16,2026-07-23,1040,10,Left
6385,C00006385,Allensbach,wahlrecht.de,2026-07-16,2026-07-23,1040,13,SPD
13503,C00013503,INSA,wahlrecht.de,2026-07-24,2026-07-24,1204,28,AfD
13503,C00013503,INSA,wahlrecht.de,2026-07-24,2026-07-24,1204,4,BSW
13503,C00013503,INSA,wahlrecht.de,2026-07-24,2026-07-24,1204,21,CDU/CSU
13503,C00013503,INSA,wahlrecht.de,2026-07-24,2026-07-24,1204,4,FDP
13503,C00013503,INSA,wahlrecht.de,2026-07-24,2026-07-24,1204,14,Greens
13503,C00013503,INSA,wahlrecht.de,2026-07-24,2026-07-24,1204,11,Left
13503,C00013503,INSA,wahlrecht.de,2026-07-24,2026-07-24,1204,12,SPD
8468,C00008468,Forsa,wahlrecht.de,2026-07-27,2026-07-28,2502,27,AfD
8468,C00008468,Forsa,wahlrecht.de,2026-07-27,2026-07-28,2502,21,CDU/CSU
8468,C00008468,Forsa,wahlrecht.de,2026-07-27,2026-07-28,2502,4,FDP
8468,C00008468,Forsa,wahlrecht.de,2026-07-27,2026-07-28,2502,16,Greens
8468,C00008468,Forsa,wahlrecht.de,2026-07-27,2026-07-28,2502,13,Left
8468,C00008468,Forsa,wahlrecht.de,2026-07-27,2026-07-28,2502,12,SPD
13502,C00013502,INSA,wahlrecht.de,2026-07-27,2026-07-28,2006,28,AfD
13502,C00013502,INSA,wahlrecht.de,2026-07-27,2026-07-28,2006,4,BSW
13502,C00013502,INSA,wahlrecht.de,2026-07-27,2026-07-28,2006,21,CDU/CSU
13502,C00013502,INSA,wahlrecht.de,2026-07-27,2026-07-28,2006,4,FDP
13502,C00013502,INSA,wahlrecht.de,2026-07-27,2026-07-28,2006,13.5,Greens
13502,C00013502,INSA,wahlrecht.de,2026-07-27,2026-07-28,2006,11,Left
13502,C00013502,INSA,wahlrecht.de,2026-07-27,2026-07-28,2006,12.5,SPD
16039,C00016039,Verian (Emnid),wahlrecht.de,2026-07-28,2026-07-31,1456,27,AfD
16039,C00016039,Verian (Emnid),wahlrecht.de,2026-07-28,2026-07-31,1456,3,BSW
16039,C00016039,Verian (Emnid),wahlrecht.de,2026-07-28,2026-07-31,1456,21,CDU/CSU
16039,C00016039,Verian (Emnid),wahlrecht.de,2026-07-28,2026-07-31,1456,4,FDP
16039,C00016039,Verian (Emnid),wahlrecht.de,2026-07-28,2026-07-31,1456,15,Greens
16039,C00016039,Verian (Emnid),wahlrecht.de,2026-07-28,2026-07-31,1456,12,Left
16039,C00016039,Verian (Emnid),wahlrecht.de,2026-07-28,2026-07-31,1456,13,SPD
20641,C00020641,Forschungsgruppe Wahlen,wahlrecht.de,2026-07-30,2026-07-31,1405,28,AfD
20641,C00020641,Forschungsgruppe Wahlen,wahlrecht.de,2026-07-30,2026-07-31,1405,23,CDU/CSU
20641,C00020641,Forschungsgruppe Wahlen,wahlrecht.de,2026-07-30,2026-07-31,1405,4,FDP
20641,C00020641,Forschungsgruppe Wahlen,wahlrecht.de,2026-07-30,2026-07-31,1405,13,Greens
20641,C00020641,Forschungsgruppe Wahlen,wahlrecht.de,2026-07-30,2026-07-31,1405,12,Left
20641,C00020641,Forschungsgruppe Wahlen,wahlrecht.de,2026-07-30,2026-07-31,1405,12,SPD
13501,C00013501,INSA,wahlrecht.de,2026-07-31,2026-08-02,1201,28,AfD
13501,C00013501,INSA,wahlrecht.de,2026-07-31,2026-08-02,1201,4,BSW
13501,C00013501,INSA,wahlrecht.de,2026-07-31,2026-08-02,1201,21,CDU/CSU
13501,C00013501,INSA,wahlrecht.de,2026-07-31,2026-08-02,1201,5,FDP
13501,C00013501,INSA,wahlrecht.de,2026-07-31,2026-08-02,1201,14,Greens
13501,C00013501,INSA,wahlrecht.de,2026-07-31,2026-08-02,1201,11,Left
13501,C00013501,INSA,wahlrecht.de,2026-07-31,2026-08-02,1201,12,SPD
8467,C00008467,Forsa,wahlrecht.de,2026-08-03,2026-08-04,2501,28,AfD
8467,C00008467,Forsa,wahlrecht.de,2026-08-03,2026-08-04,2501,21,CDU/CSU
8467,C00008467,Forsa,wahlrecht.de,2026-08-03,2026-08-04,2501,4,FDP
8467,C00008467,Forsa,wahlrecht.de,2026-08-03,2026-08-04,2501,16,Greens
8467,C00008467,Forsa,wahlrecht.de,2026-08-03,2026-08-04,2501,12,Left
8467,C00008467,Forsa,wahlrecht.de,2026-08-03,2026-08-04,2501,12,SPD
13500,C00013500,INSA,wahlrecht.de,2026-08-03,2026-08-04,2004,28,AfD
13500,C00013500,INSA,wahlrecht.de,2026-08-03,2026-08-04,2004,4,BSW
13500,C00013500,INSA,wahlrecht.de,2026-08-03,2026-08-04,2004,21,CDU/CSU
13500,C00013500,INSA,wahlrecht.de,2026-08-03,2026-08-04,2004,5,FDP
13500,C00013500,INSA,wahlrecht.de,2026-08-03,2026-08-04,2004,13.5,Greens
13500,C00013500,INSA,wahlrecht.de,2026-08-03,2026-08-04,2004,11,Left
13500,C00013500,INSA,wahlrecht.de,2026-08-03,2026-08-04,2004,12,SPD
12554,C00012554,Infratest Dimap,wahlrecht.de,2026-08-05,2026-08-06,1297,28,AfD
12554,C00012554,Infratest Dimap,wahlrecht.de,2026-08-05,2026-08-06,1297,21,CDU/CSU
12554,C00012554,Infratest Dimap,wahlrecht.de,2026-08-05,2026-08-06,1297,4,FDP
12554,C00012554,Infratest Dimap,wahlrecht.de,2026-08-05,2026-08-06,1297,15,Greens
12554,C00012554,Infratest Dimap,wahlrecht.de,2026-08-05,2026-08-06,1297,11,Left
12554,C00012554,Infratest Dimap,wahlrecht.de,2026-08-05,2026-08-06,1297,12,SPD
16723,C00016723,Ipsos,DAWUM,2026-08-02,2026-08-06,1000,28,AfD
16723,C00016723,Ipsos,DAWUM,2026-08-02,2026-08-06,1000,3,BSW
16723,C00016723,Ipsos,DAWUM,2026-08-02,2026-08-06,1000,21,CDU/CSU
16723,C00016723,Ipsos,DAWUM,2026-08-02,2026-08-06,1000,5,FDP
16723,C00016723,Ipsos,DAWUM,2026-08-02,2026-08-06,1000,15,Greens
16723,C00016723,Ipsos,DAWUM,2026-08-02,2026-08-06,1000,13,Left
16723,C00016723,Ipsos,DAWUM,2026-08-02,2026-08-06,1000,12,SPD
13499,C00013499,INSA,wahlrecht.de,2026-08-07,2026-08-08,1205,28,AfD
13499,C00013499,INSA,wahlrecht.de,2026-08-07,2026-08-08,1205,3,BSW
13499,C00013499,INSA,wahlrecht.de,2026-08-07,2026-08-08,1205,21,CDU/CSU
13499,C00013499,INSA,wahlrecht.de,2026-08-07,2026-08-08,1205,5,FDP
13499,C00013499,INSA,wahlrecht.de,2026-08-07,2026-08-08,1205,13,Greens
13499,C00013499,INSA,wahlrecht.de,2026-08-07,2026-08-08,1205,11,Left
13499,C00013499,INSA,wahlrecht.de,2026-08-07,2026-08-08,1205,12,SPD
8466,C00008466,Forsa,wahlrecht.de,2026-08-10,2026-08-11,2503,28,AfD
8466,C00008466,Forsa,wahlrecht.de,2026-08-10,2026-08-11,2503,21,CDU/CSU
8466,C00008466,Forsa,wahlrecht.de,2026-08-10,2026-08-11,2503,4,FDP
8466,C00008466,Forsa,wahlrecht.de,2026-08-10,2026-08-11,2503,16,Greens
8466,C00008466,Forsa,wahlrecht.de,2026-08-10,2026-08-11,2503,12,Left
8466,C00008466,Forsa,wahlrecht.de,2026-08-10,2026-08-11,2503,12,SPD
13498,C00013498,INSA,wahlrecht.de,2026-08-10,2026-08-11,2010,28.5,AfD
13498,C00013498,INSA,wahlrecht.de,2026-08-10,2026-08-11,2010,3,BSW
13498,C00013498,INSA,wahlrecht.de,2026-08-10,2026-08-11,2010,20.5,CDU/CSU
13498,C00013498,INSA,wahlrecht.de,2026-08-10,2026-08-11,2010,4.5,FDP
13498,C00013498,INSA,wahlrecht.de,2026-08-10,2026-08-11,2010,13,Greens
13498,C00013498,INSA,wahlrecht.de,2026-08-10,2026-08-11,2010,11.5,Left
13498,C00013498,INSA,wahlrecht.de,2026-08-10,2026-08-11,2010,12.5,SPD
20617,C00020617,INSA,wahlrecht.de,2026-08-14,2026-08-15,1203,28,AfD
20617,C00020617,INSA,wahlrecht.de,2026-08-14,2026-08-15,1203,3,BSW
20617,C00020617,INSA,wahlrecht.de,2026-08-14,2026-08-15,1203,20,CDU/CSU
20617,C00020617,INSA,wahlrecht.de,2026-08-14,2026-08-15,1203,5,FDP
20617,C00020617,INSA,wahlrecht.de,2026-08-14,2026-08-15,1203,13,Greens
20617,C00020617,INSA,wahlrecht.de,2026-08-14,2026-08-15,1203,12,Left
20617,C00020617,INSA,wahlrecht.de,2026-08-14,2026-08-15,1203,12,SPD
20621,C00020621,YouGov,wahlrecht.de,2026-08-17,2026-08-18,1744,28,AfD
20621,C00020621,YouGov,wahlrecht.de,2026-08-17,2026-08-18,1744,3,BSW
20621,C00020621,YouGov,wahlrecht.de,2026-08-17,2026-08-18,1744,20,CDU/CSU
20621,C00020621,YouGov,wahlrecht.de,2026-08-17,2026-08-18,1744,5,FDP
20621,C00020621,YouGov,wahlrecht.de,2026-08-17,2026-08-18,1744,15,Greens
20621,C00020621,YouGov,wahlrecht.de,2026-08-17,2026-08-18,1744,12,Left
20621,C00020621,YouGov,wahlrecht.de,2026-08-17,2026-08-18,1744,12,SPD
20622,C00020622,Forsa,wahlrecht.de,2026-08-17,2026-08-18,2504,28,AfD
20622,C00020622,Forsa,wahlrecht.de,2026-08-17,2026-08-18,2504,21,CDU/CSU
20622,C00020622,Forsa,wahlrecht.de,2026-08-17,2026-08-18,2504,4,FDP
20622,C00020622,Forsa,wahlrecht.de,2026-08-17,2026-08-18,2504,16,Greens
20622,C00020622,Forsa,wahlrecht.de,2026-08-17,2026-08-18,2504,12,Left
20622,C00020622,Forsa,wahlrecht.de,2026-08-17,2026-08-18,2504,12,SPD
20623,C00020623,INSA,wahlrecht.de,2026-08-17,2026-08-18,2006,28.5,AfD
20623,C00020623,INSA,wahlrecht.de,2026-08-17,2026-08-18,2006,3,BSW
20623,C00020623,INSA,wahlrecht.de,2026-08-17,2026-08-18,2006,20.5,CDU/CSU
20623,C00020623,INSA,wahlrecht.de,2026-08-17,2026-08-18,2006,5,FDP
20623,C00020623,INSA,wahlrecht.de,2026-08-17,2026-08-18,2006,13,Greens
20623,C00020623,INSA,wahlrecht.de,2026-08-17,2026-08-18,2006,12,Left
20623,C00020623,INSA,wahlrecht.de,2026-08-17,2026-08-18,2006,12,SPD
20640,C00020640,Forschungsgruppe Wahlen,wahlrecht.de,2026-08-19,2026-08-20,1319,27,AfD
20640,C00020640,Forschungsgruppe Wahlen,wahlrecht.de,2026-08-19,2026-08-20,1319,22,CDU/CSU
20640,C00020640,Forschungsgruppe Wahlen,wahlrecht.de,2026-08-19,2026-08-20,1319,4,FDP
20640,C00020640,Forschungsgruppe Wahlen,wahlrecht.de,2026-08-19,2026-08-20,1319,14,Greens
20640,C00020640,Forschungsgruppe Wahlen,wahlrecht.de,2026-08-19,2026-08-20,1319,12,Left
20640,C00020640,Forschungsgruppe Wahlen,wahlrecht.de,2026-08-19,2026-08-20,1319,12,SPD
20636,C00020636,Allensbach,wahlrecht.de,2026-08-13,2026-08-21,1039,27.5,AfD
20636,C00020636,Allensbach,wahlrecht.de,2026-08-13,2026-08-21,1039,22.5,CDU/CSU
20636,C00020636,Allensbach,wahlrecht.de,2026-08-13,2026-08-21,1039,6,FDP
20636,C00020636,Allensbach,wahlrecht.de,2026-08-13,2026-08-21,1039,13,Greens
20636,C00020636,Allensbach,wahlrecht.de,2026-08-13,2026-08-21,1039,11,Left
20636,C00020636,Allensbach,wahlrecht.de,2026-08-13,2026-08-21,1039,13,SPD
20638,C00020638,pollytix,DAWUM,2026-08-17,2026-08-21,1276,28,AfD
20638,C00020638,pollytix,DAWUM,2026-08-17,2026-08-21,1276,4,BSW
20638,C00020638,pollytix,DAWUM,2026-08-17,2026-08-21,1276,20,CDU/CSU
20638,C00020638,pollytix,DAWUM,2026-08-17,2026-08-21,1276,5,FDP
20638,C00020638,pollytix,DAWUM,2026-08-17,2026-08-21,1276,13,Greens
20638,C00020638,pollytix,DAWUM,2026-08-17,2026-08-21,1276,11,Left
20638,C00020638,pollytix,DAWUM,2026-08-17,2026-08-21,1276,15,SPD
20813,C00020813,INSA,wahlrecht.de,2026-08-21,2026-08-23,1203,29,AfD
20813,C00020813,INSA,wahlrecht.de,2026-08-21,2026-08-23,1203,3,BSW
20813,C00020813,INSA,wahlrecht.de,2026-08-21,2026-08-23,1203,21,CDU/CSU
20813,C00020813,INSA,wahlrecht.de,2026-08-21,2026-08-23,1203,5,FDP
20813,C00020813,INSA,wahlrecht.de,2026-08-21,2026-08-23,1203,13,Greens
20813,C00020813,INSA,wahlrecht.de,2026-08-21,2026-08-23,1203,11,Left
20813,C00020813,INSA,wahlrecht.de,2026-08-21,2026-08-23,1203,12,SPD
20816,C00020816,Forsa,wahlrecht.de,2026-08-24,2026-08-25,2501,28,AfD
20816,C00020816,Forsa,wahlrecht.de,2026-08-24,2026-08-25,2501,21,CDU/CSU
20816,C00020816,Forsa,wahlrecht.de,2026-08-24,2026-08-25,2501,4,FDP
20816,C00020816,Forsa,wahlrecht.de,2026-08-24,2026-08-25,2501,16,Greens
20816,C00020816,Forsa,wahlrecht.de,2026-08-24,2026-08-25,2501,12,Left
20816,C00020816,Forsa,wahlrecht.de,2026-08-24,2026-08-25,2501,12,SPD
20817,C00020817,INSA,wahlrecht.de,2026-08-24,2026-08-25,2004,29,AfD
20817,C00020817,INSA,wahlrecht.de,2026-08-24,2026-08-25,2004,3,BSW
20817,C00020817,INSA,wahlrecht.de,2026-08-24,2026-08-25,2004,20.5,CDU/CSU
20817,C00020817,INSA,wahlrecht.de,2026-08-24,2026-08-25,2004,4.5,FDP
20817,C00020817,INSA,wahlrecht.de,2026-08-24,2026-08-25,2004,13.5,Greens
20817,C00020817,INSA,wahlrecht.de,2026-08-24,2026-08-25,2004,11,Left
20817,C00020817,INSA,wahlrecht.de,2026-08-24,2026-08-25,2004,12,SPD
20824,C00020824,Verian (Emnid),wahlrecht.de,2026-08-25,2026-08-28,1451,28,AfD
20824,C00020824,Verian (Emnid),wahlrecht.de,2026-08-25,2026-08-28,1451,2,BSW
20824,C00020824,Verian (Emnid),wahlrecht.de,2026-08-25,2026-08-28,1451,20,CDU/CSU
20824,C00020824,Verian (Emnid),wahlrecht.de,2026-08-25,2026-08-28,1451,4,FDP
20824,C00020824,Verian (Emnid),wahlrecht.de,2026-08-25,2026-08-28,1451,16,Greens
20824,C00020824,Verian (Emnid),wahlrecht.de,2026-08-25,2026-08-28,1451,12,Left
20824,C00020824,Verian (Emnid),wahlrecht.de,2026-08-25,2026-08-28,1451,13,SPD
20827,C00020827,INSA,wahlrecht.de,2026-08-28,2026-08-29,1200,29,AfD
20827,C00020827,INSA,wahlrecht.de,2026-08-28,2026-08-29,1200,4,BSW
20827,C00020827,INSA,wahlrecht.de,2026-08-28,2026-08-29,1200,20,CDU/CSU
20827,C00020827,INSA,wahlrecht.de,2026-08-28,2026-08-29,1200,4,FDP
20827,C00020827,INSA,wahlrecht.de,2026-08-28,2026-08-29,1200,13,Greens
20827,C00020827,INSA,wahlrecht.de,2026-08-28,2026-08-29,1200,10,Left
20827,C00020827,INSA,wahlrecht.de,2026-08-28,2026-08-29,1200,12,SPD
20830,C00020830,Forsa,wahlrecht.de,2026-08-31,2026-09-01,2504,28,AfD
20830,C00020830,Forsa,wahlrecht.de,2026-08-31,2026-09-01,2504,21,CDU/CSU
20830,C00020830,Forsa,wahlrecht.de,2026-08-31,2026-09-01,2504,4,FDP
20830,C00020830,Forsa,wahlrecht.de,2026-08-31,2026-09-01,2504,16,Greens
20830,C00020830,Forsa,wahlrecht.de,2026-08-31,2026-09-01,2504,12,Left
20830,C00020830,Forsa,wahlrecht.de,2026-08-31,2026-09-01,2504,12,SPD
20831,C00020831,INSA,wahlrecht.de,2026-08-31,2026-09-01,2002,29,AfD
20831,C00020831,INSA,wahlrecht.de,2026-08-31,2026-09-01,2002,3.5,BSW
20831,C00020831,INSA,wahlrecht.de,2026-08-31,2026-09-01,2002,20.5,CDU/CSU
20831,C00020831,INSA,wahlrecht.de,2026-08-31,2026-09-01,2002,4.5,FDP
20831,C00020831,INSA,wahlrecht.de,2026-08-31,2026-09-01,2002,13.5,Greens
20831,C00020831,INSA,wahlrecht.de,2026-08-31,2026-09-01,2002,10.5,Left
20831,C00020831,INSA,wahlrecht.de,2026-08-31,2026-09-01,2002,12,SPD
20840,C00020840,Ipsos,DAWUM,2026-08-31,2026-09-02,2105,27,AfD
20840,C00020840,Ipsos,DAWUM,2026-08-31,2026-09-02,2105,3,BSW
20840,C00020840,Ipsos,DAWUM,2026-08-31,2026-09-02,2105,21,CDU/CSU
20840,C00020840,Ipsos,DAWUM,2026-08-31,2026-09-02,2105,5,FDP
20840,C00020840,Ipsos,DAWUM,2026-08-31,2026-09-02,2105,15,Greens
20840,C00020840,Ipsos,DAWUM,2026-08-31,2026-09-02,2105,13,Left
20840,C00020840,Ipsos,DAWUM,2026-08-31,2026-09-02,2105,12,SPD
20843,C00020843,Infratest Dimap,wahlrecht.de,2026-09-02,2026-09-03,1319,27,AfD
20843,C00020843,Infratest Dimap,wahlrecht.de,2026-09-02,2026-09-03,1319,21,CDU/CSU
20843,C00020843,Infratest Dimap,wahlrecht.de,2026-09-02,2026-09-03,1319,4,FDP
20843,C00020843,Infratest Dimap,wahlrecht.de,2026-09-02,2026-09-03,1319,15,Greens
20843,C00020843,Infratest Dimap,wahlrecht.de,2026-09-02,2026-09-03,1319,12,Left
20843,C00020843,Infratest Dimap,wahlrecht.de,2026-09-02,2026-09-03,1319,13,SPD
20850,C00020850,INSA,wahlrecht.de,2026-09-04,2026-09-05,1206,28,AfD
20850,C00020850,INSA,wahlrecht.de,2026-09-04,2026-09-05,1206,4,BSW
20850,C00020850,INSA,wahlrecht.de,2026-09-04,2026-09-05,1206,20,CDU/CSU
20850,C00020850,INSA,wahlrecht.de,2026-09-04,2026-09-05,1206,4,FDP
20850,C00020850,INSA,wahlrecht.de,2026-09-04,2026-09-05,1206,13,Greens
20850,C00020850,INSA,wahlrecht.de,2026-09-04,2026-09-05,1206,10,Left
20850,C00020850,INSA,wahlrecht.de,2026-09-04,2026-09-05,1206,13,SPD
20852,C00020852,Forsa,wahlrecht.de,2026-09-07,2026-09-08,2502,28,AfD
20852,C00020852,Forsa,wahlrecht.de,2026-09-07,2026-09-08,2502,3,BSW
20852,C00020852,Forsa,wahlrecht.de,2026-09-07,2026-09-08,2502,21,CDU/CSU
20852,C00020852,Forsa,wahlrecht.de,2026-09-07,2026-09-08,2502,4,FDP
20852,C00020852,Forsa,wahlrecht.de,2026-09-07,2026-09-08,2502,16,Greens
20852,C00020852,Forsa,wahlrecht.de,2026-09-07,2026-09-08,2502,11,Left
20852,C00020852,Forsa,wahlrecht.de,2026-09-07,2026-09-08,2502,12,SPD
20853,C00020853,INSA,wahlrecht.de,2026-09-07,2026-09-08,2010,29,AfD
20853,C00020853,INSA,wahlrecht.de,2026-09-07,2026-09-08,2010,4,BSW
20853,C00020853,INSA,wahlrecht.de,2026-09-07,2026-09-08,2010,19.5,CDU/CSU
20853,C00020853,INSA,wahlrecht.de,2026-09-07,2026-09-08,2010,4.5,FDP
20853,C00020853,INSA,wahlrecht.de,2026-09-07,2026-09-08,2010,13.5,Greens
20853,C00020853,INSA,wahlrecht.de,2026-09-07,2026-09-08,2010,10.5,Left
20853,C00020853,INSA,wahlrecht.de,2026-09-07,2026-09-08,2010,12.5,SPD
20854,C00020854,pollytix,DAWUM,2026-09-03,2026-09-08,3023,29,AfD
20854,C00020854,pollytix,DAWUM,2026-09-03,2026-09-08,3023,4,BSW
20854,C00020854,pollytix,DAWUM,2026-09-03,2026-09-08,3023,20,CDU/CSU
20854,C00020854,pollytix,DAWUM,2026-09-03,2026-09-08,3023,5,FDP
20854,C00020854,pollytix,DAWUM,2026-09-03,2026-09-08,3023,13,Greens
20854,C00020854,pollytix,DAWUM,2026-09-03,2026-09-08,3023,11,Left
20854,C00020854,pollytix,DAWUM,2026-09-03,2026-09-08,3023,14,SPD
20896,C00020896,INSA,wahlrecht.de,2026-09-11,2026-09-12,1203,29,AfD
20896,C00020896,INSA,wahlrecht.de,2026-09-11,2026-09-12,1203,3,BSW
20896,C00020896,INSA,wahlrecht.de,2026-09-11,2026-09-12,1203,20,CDU/CSU
20896,C00020896,INSA,wahlrecht.de,2026-09-11,2026-09-12,1203,4,FDP
20896,C00020896,INSA,wahlrecht.de,2026-09-11,2026-09-12,1203,14,Greens
20896,C00020896,INSA,wahlrecht.de,2026-09-11,2026-09-12,1203,10,Left
20896,C00020896,INSA,wahlrecht.de,2026-09-11,2026-09-12,1203,13,SPD
20899,C00020899,GMS,wahlrecht.de,2026-09-14,2026-09-14,1009,30,AfD
20899,C00020899,GMS,wahlrecht.de,2026-09-14,2026-09-14,1009,3,BSW
20899,C00020899,GMS,wahlrecht.de,2026-09-14,2026-09-14,1009,20,CDU/CSU
20899,C00020899,GMS,wahlrecht.de,2026-09-14,2026-09-14,1009,4,FDP
20899,C00020899,GMS,wahlrecht.de,2026-09-14,2026-09-14,1009,14,Greens
20899,C00020899,GMS,wahlrecht.de,2026-09-14,2026-09-14,1009,11,Left
20899,C00020899,GMS,wahlrecht.de,2026-09-14,2026-09-14,1009,11,SPD
20900,C00020900,YouGov,wahlrecht.de,2026-09-14,2026-09-15,1787,29,AfD
20900,C00020900,YouGov,wahlrecht.de,2026-09-14,2026-09-15,1787,4,BSW
20900,C00020900,YouGov,wahlrecht.de,2026-09-14,2026-09-15,1787,18,CDU/CSU
20900,C00020900,YouGov,wahlrecht.de,2026-09-14,2026-09-15,1787,5,FDP
20900,C00020900,YouGov,wahlrecht.de,2026-09-14,2026-09-15,1787,16,Greens
20900,C00020900,YouGov,wahlrecht.de,2026-09-14,2026-09-15,1787,10,Left
20900,C00020900,YouGov,wahlrecht.de,2026-09-14,2026-09-15,1787,13,SPD
20904,C00020904,Forsa,wahlrecht.de,2026-09-14,2026-09-15,2502,27,AfD
20904,C00020904,Forsa,wahlrecht.de,2026-09-14,2026-09-15,2502,3,BSW
20904,C00020904,Forsa,wahlrecht.de,2026-09-14,2026-09-15,2502,20,CDU/CSU
20904,C00020904,Forsa,wahlrecht.de,2026-09-14,2026-09-15,2502,4,FDP
20904,C00020904,Forsa,wahlrecht.de,2026-09-14,2026-09-15,2502,18,Greens
20904,C00020904,Forsa,wahlrecht.de,2026-09-14,2026-09-15,2502,12,Left
20904,C00020904,Forsa,wahlrecht.de,2026-09-14,2026-09-15,2502,12,SPD
20905,C00020905,INSA,wahlrecht.de,2026-09-14,2026-09-15,2006,29,AfD
20905,C00020905,INSA,wahlrecht.de,2026-09-14,2026-09-15,2006,3.5,BSW
20905,C00020905,INSA,wahlrecht.de,2026-09-14,2026-09-15,2006,19.5,CDU/CSU
20905,C00020905,INSA,wahlrecht.de,2026-09-14,2026-09-15,2006,4.5,FDP
20905,C00020905,INSA,wahlrecht.de,2026-09-14,2026-09-15,2006,14,Greens
20905,C00020905,INSA,wahlrecht.de,2026-09-14,2026-09-15,2006,10.5,Left
20905,C00020905,INSA,wahlrecht.de,2026-09-14,2026-09-15,2006,12.5,SPD
20910,C00020910,pollytix,DAWUM,2026-09-16,2026-09-16,3113,27,AfD
20910,C00020910,pollytix,DAWUM,2026-09-16,2026-09-16,3113,5,BSW
20910,C00020910,pollytix,DAWUM,2026-09-16,2026-09-16,3113,19,CDU/CSU
20910,C00020910,pollytix,DAWUM,2026-09-16,2026-09-16,3113,5,FDP
20910,C00020910,pollytix,DAWUM,2026-09-16,2026-09-16,3113,14,Greens
20910,C00020910,pollytix,DAWUM,2026-09-16,2026-09-16,3113,12,Left
20910,C00020910,pollytix,DAWUM,2026-09-16,2026-09-16,3113,14,SPD
20921,C00020921,INSA,wahlrecht.de,2026-09-18,2026-09-20,1202,29,AfD
20921,C00020921,INSA,wahlrecht.de,2026-09-18,2026-09-20,1202,3,BSW
20921,C00020921,INSA,wahlrecht.de,2026-09-18,2026-09-20,1202,20,CDU/CSU
20921,C00020921,INSA,wahlrecht.de,2026-09-18,2026-09-20,1202,5,FDP
20921,C00020921,INSA,wahlrecht.de,2026-09-18,2026-09-20,1202,14,Greens
20921,C00020921,INSA,wahlrecht.de,2026-09-18,2026-09-20,1202,11,Left
20921,C00020921,INSA,wahlrecht.de,2026-09-18,2026-09-20,1202,13,SPD
20923,C00020923,Forsa,wahlrecht.de,2026-09-22,2026-09-22,2504,27,AfD
20923,C00020923,Forsa,wahlrecht.de,2026-09-22,2026-09-22,2504,3,BSW
20923,C00020923,Forsa,wahlrecht.de,2026-09-22,2026-09-22,2504,20,CDU/CSU
20923,C00020923,Forsa,wahlrecht.de,2026-09-22,2026-09-22,2504,4,FDP
20923,C00020923,Forsa,wahlrecht.de,2026-09-22,2026-09-22,2504,17,Greens
20923,C00020923,Forsa,wahlrecht.de,2026-09-22,2026-09-22,2504,12,Left
20923,C00020923,Forsa,wahlrecht.de,2026-09-22,2026-09-22,2504,12,SPD
20924,C00020924,INSA,wahlrecht.de,2026-09-21,2026-09-22,2004,29.5,AfD
20924,C00020924,INSA,wahlrecht.de,2026-09-21,2026-09-22,2004,3.5,BSW
20924,C00020924,INSA,wahlrecht.de,2026-09-21,2026-09-22,2004,19.5,CDU/CSU
20924,C00020924,INSA,wahlrecht.de,2026-09-21,2026-09-22,2004,4.5,FDP
20924,C00020924,INSA,wahlrecht.de,2026-09-21,2026-09-22,2004,13.5,Greens
20924,C00020924,INSA,wahlrecht.de,2026-09-21,2026-09-22,2004,10.5,Left
20924,C00020924,INSA,wahlrecht.de,2026-09-21,2026-09-22,2004,13.5,SPD
20928,C00020928,Forsa,DAWUM,2026-09-21,2026-09-22,2504,27,AfD
20928,C00020928,Forsa,DAWUM,2026-09-21,2026-09-22,2504,3,BSW
20928,C00020928,Forsa,DAWUM,2026-09-21,2026-09-22,2504,20,CDU/CSU
20928,C00020928,Forsa,DAWUM,2026-09-21,2026-09-22,2504,4,FDP
20928,C00020928,Forsa,DAWUM,2026-09-21,2026-09-22,2504,17,Greens
20928,C00020928,Forsa,DAWUM,2026-09-21,2026-09-22,2504,12,Left
20928,C00020928,Forsa,DAWUM,2026-09-21,2026-09-22,2504,12,SPD
20930,C00020930,Allensbach,wahlrecht.de,2026-09-16,2026-09-24,1051,28,AfD
20930,C00020930,Allensbach,wahlrecht.de,2026-09-16,2026-09-24,1051,23,CDU/CSU
20930,C00020930,Allensbach,wahlrecht.de,2026-09-16,2026-09-24,1051,5,FDP
20930,C00020930,Allensbach,wahlrecht.de,2026-09-16,2026-09-24,1051,14,Greens
20930,C00020930,Allensbach,wahlrecht.de,2026-09-16,2026-09-24,1051,10,Left
20930,C00020930,Allensbach,wahlrecht.de,2026-09-16,2026-09-24,1051,13,SPD
20929,C00020929,Forschungsgruppe Wahlen,wahlrecht.de,2026-09-24,2026-09-25,1346,28,AfD
20929,C00020929,Forschungsgruppe Wahlen,wahlrecht.de,2026-09-24,2026-09-25,1346,21,CDU/CSU
20929,C00020929,Forschungsgruppe Wahlen,wahlrecht.de,2026-09-24,2026-09-25,1346,3,FDP
20929,C00020929,Forschungsgruppe Wahlen,wahlrecht.de,2026-09-24,2026-09-25,1346,14,Greens
20929,C00020929,Forschungsgruppe Wahlen,wahlrecht.de,2026-09-24,2026-09-25,1346,12,Left
20929,C00020929,Forschungsgruppe Wahlen,wahlrecht.de,2026-09-24,2026-09-25,1346,13,SPD
20934,C00020934,Verian (Emnid),wahlrecht.de,2026-09-22,2026-09-25,1464,28,AfD
20934,C00020934,Verian (Emnid),wahlrecht.de,2026-09-22,2026-09-25,1464,3,BSW
20934,C00020934,Verian (Emnid),wahlrecht.de,2026-09-22,2026-09-25,1464,20,CDU/CSU
20934,C00020934,Verian (Emnid),wahlrecht.de,2026-09-22,2026-09-25,1464,4,FDP
20934,C00020934,Verian (Emnid),wahlrecht.de,2026-09-22,2026-09-25,1464,15,Greens
20934,C00020934,Verian (Emnid),wahlrecht.de,2026-09-22,2026-09-25,1464,12,Left
20934,C00020934,Verian (Emnid),wahlrecht.de,2026-09-22,2026-09-25,1464,14,SPD
20937,C00020937,INSA,wahlrecht.de,2026-09-25,2026-09-26,1203,29,AfD
20937,C00020937,INSA,wahlrecht.de,2026-09-25,2026-09-26,1203,3,BSW
20937,C00020937,INSA,wahlrecht.de,2026-09-25,2026-09-26,1203,19,CDU/CSU
20937,C00020937,INSA,wahlrecht.de,2026-09-25,2026-09-26,1203,4,FDP
20937,C00020937,INSA,wahlrecht.de,2026-09-25,2026-09-26,1203,15,Greens
20937,C00020937,INSA,wahlrecht.de,2026-09-25,2026-09-26,1203,10,Left
20937,C00020937,INSA,wahlrecht.de,2026-09-25,2026-09-26,1203,14,SPD
20939,C00020939,Forsa,wahlrecht.de,2026-09-28,2026-09-29,2501,26,AfD
20939,C00020939,Forsa,wahlrecht.de,2026-09-28,2026-09-29,2501,3,BSW
20939,C00020939,Forsa,wahlrecht.de,2026-09-28,2026-09-29,2501,19,CDU/CSU
20939,C00020939,Forsa,wahlrecht.de,2026-09-28,2026-09-29,2501,4,FDP
20939,C00020939,Forsa,wahlrecht.de,2026-09-28,2026-09-29,2501,16,Greens
20939,C00020939,Forsa,wahlrecht.de,2026-09-28,2026-09-29,2501,12,Left
20939,C00020939,Forsa,wahlrecht.de,2026-09-28,2026-09-29,2501,14,SPD
20940,C00020940,INSA,wahlrecht.de,2026-09-28,2026-09-29,2001,29.5,AfD
20940,C00020940,INSA,wahlrecht.de,2026-09-28,2026-09-29,2001,3.5,BSW
20940,C00020940,INSA,wahlrecht.de,2026-09-28,2026-09-29,2001,19,CDU/CSU
20940,C00020940,INSA,wahlrecht.de,2026-09-28,2026-09-29,2001,4,FDP
20940,C00020940,INSA,wahlrecht.de,2026-09-28,2026-09-29,2001,14.5,Greens
20940,C00020940,INSA,wahlrecht.de,2026-09-28,2026-09-29,2001,10,Left
20940,C00020940,INSA,wahlrecht.de,2026-09-28,2026-09-29,2001,14.5,SPD
20945,C00020945,Infratest Dimap,wahlrecht.de,2026-09-30,2026-10-01,1303,27,AfD
20945,C00020945,Infratest Dimap,wahlrecht.de,2026-09-30,2026-10-01,1303,20,CDU/CSU
20945,C00020945,Infratest Dimap,wahlrecht.de,2026-09-30,2026-10-01,1303,4,FDP
20945,C00020945,Infratest Dimap,wahlrecht.de,2026-09-30,2026-10-01,1303,16,Greens
20945,C00020945,Infratest Dimap,wahlrecht.de,2026-09-30,2026-10-01,1303,11,Left
20945,C00020945,Infratest Dimap,wahlrecht.de,2026-09-30,2026-10-01,1303,13,SPD
20947,C00020947,INSA,wahlrecht.de,2026-10-02,2026-10-03,1202,30,AfD
20947,C00020947,INSA,wahlrecht.de,2026-10-02,2026-10-03,1202,4,BSW
20947,C00020947,INSA,wahlrecht.de,2026-10-02,2026-10-03,1202,18,CDU/CSU
20947,C00020947,INSA,wahlrecht.de,2026-10-02,2026-10-03,1202,4,FDP
20947,C00020947,INSA,wahlrecht.de,2026-10-02,2026-10-03,1202,14,Greens
20947,C00020947,INSA,wahlrecht.de,2026-10-02,2026-10-03,1202,10,Left
20947,C00020947,INSA,wahlrecht.de,2026-10-02,2026-10-03,1202,14,SPD
20949,C00020949,INSA,wahlrecht.de,2026-10-05,2026-10-05,2002,30.5,AfD
20949,C00020949,INSA,wahlrecht.de,2026-10-05,2026-10-05,2002,3.5,BSW
20949,C00020949,INSA,wahlrecht.de,2026-10-05,2026-10-05,2002,17.5,CDU/CSU
20949,C00020949,INSA,wahlrecht.de,2026-10-05,2026-10-05,2002,4.5,FDP
20949,C00020949,INSA,wahlrecht.de,2026-10-05,2026-10-05,2002,14.5,Greens
20949,C00020949,INSA,wahlrecht.de,2026-10-05,2026-10-05,2002,10.5,Left
20949,C00020949,INSA,wahlrecht.de,2026-10-05,2026-10-05,2002,14.5,SPD
20950,C00020950,Forsa,wahlrecht.de,2026-10-05,2026-10-06,2502,26,AfD
20950,C00020950,Forsa,wahlrecht.de,2026-10-05,2026-10-06,2502,19,CDU/CSU
20950,C00020950,Forsa,wahlrecht.de,2026-10-05,2026-10-06,2502,4,FDP
20950,C00020950,Forsa,wahlrecht.de,2026-10-05,2026-10-06,2502,17,Greens
20950,C00020950,Forsa,wahlrecht.de,2026-10-05,2026-10-06,2502,11,Left
20950,C00020950,Forsa,wahlrecht.de,2026-10-05,2026-10-06,2502,14,SPD
